reviewId,userName,userImage,content,score,thumbsUpCount,reviewCreatedVersion,at,replyContent,repliedAt,appVersion
d7781876-3d5f-4808-8d46-feb819481d41,Pengguna Google,https://play-lh.googleusercontent.com/EGemoI2NTXmTsBVtJqk8jxF9rh8ApRWfsIMQSt2uE4OcpQqbFu7f7NbTK05lx80nuSijCz7sc3a277R67g,"verifikasi wajarh nya ribet, ngga segampang yang lain, kemara sudah sudah bener cahaya sudah terang tetep gabisa terlalu ribet buat verifikasi wajah nya ga cukup satu kali atau 2 kali udah coba cari cahaya yang terang sama aja gabisa",1,9,2.6.0,2025-11-30 22:24:51+00:00,"Hai, Kak Mochammad. Maaf atas ketidaknyamanannya. Kami akan selalu berusaha memberikan yang terbaik demi kebutuhan perbankan Kakak. Terkait hal tersebut pastikan beberapa hal berikut, pastikan Kakak tidak memakai sunglasses, di tempat yang terang, tidak backlight, posisi wajah di dalam lingkaran dan pastikan aplikasi blu versi terupdate ya.",2025-11-30 23:08:14,2.6.0
996fed5e-ee13-45c5-9171-08ecd7a93a4e,Pengguna Google,https://play-lh.googleusercontent.com/EGemoI2NTXmTsBVtJqk8jxF9rh8ApRWfsIMQSt2uE4OcpQqbFu7f7NbTK05lx80nuSijCz7sc3a277R67g,blu BCA pancen ok,5,0,2.6.0,2025-11-30 22:15:07+00:00,"Hai, Kak Eri. Terima kasih atas ulasannya. Semoga blu bisa selalu memberikan yang terbaik untuk memenuhi semua kebutuhan perbankan Kakak. Jika ada kendala atau hal lain yang ingin ditanyakan, Kakak bisa langsung menghubungi X @haloblu atau email haloblu@bcadigital.co.id atau telepon 1500668 (layanan 24 jam).",2025-11-30 23:07:43,2.6.0
db460fe1-c0f0-4837-8b95-a648794bee7d,Pengguna Google,https://play-lh.googleusercontent.com/EGemoI2NTXmTsBVtJqk8jxF9rh8ApRWfsIMQSt2uE4OcpQqbFu7f7NbTK05lx80nuSijCz7sc3a277R67g,good,5,0,2.6.0,2025-11-30 18:17:11+00:00,"Hai, Kak Edi. Terima kasih atas ulasannya. Semoga blu bisa selalu memberikan yang terbaik untuk memenuhi semua kebutuhan perbankan Kakak. Jika ada kendala atau hal lain yang ingin ditanyakan, Kakak bisa langsung menghubungi X @haloblu atau email haloblu@bcadigital.co.id atau telepon 1500668 (layanan 24 jam).",2025-11-30 19:48:49,2.6.0
65d01942-84c0-4337-9c78-bdbc395f2be0,Pengguna Google,https://play-lh.googleusercontent.com/EGemoI2NTXmTsBVtJqk8jxF9rh8ApRWfsIMQSt2uE4OcpQqbFu7f7NbTK05lx80nuSijCz7sc3a277R67g,kenapa saya ya dapet otp dari wa maupun SMS?,1,0,2.6.0,2025-11-30 15:53:02+00:00,"Hai, Kak Dinar. Maaf atas ketidaknyamanannya. Perihal kendala OTP pastikan memori tidak full, menonaktifkan fitur incoming call, menonaktifkan fitur blocking SMS, pastikan nomor tidak dalam masa tenggang, pastikan tidak ada blocking dari operator (tagihan pascabayar yang belum dibayarkan dan pastikan handphone tidak dalam airplane mode.
",2025-11-30 16:18:11,2.6.0
8bf4cd44-c375-49e0-98be-b86d67e09868,Pengguna Google,https://play-lh.googleusercontent.com/EGemoI2NTXmTsBVtJqk8jxF9rh8ApRWfsIMQSt2uE4OcpQqbFu7f7NbTK05lx80nuSijCz7sc3a277R67g,"apk ribet top up e-wallet gagal terus tf ke bank lain saldo ga masuk, qris juga gagal mulu. gaje",1,0,,2025-11-30 08:55:52+00:00,"Hai, Kakak . Maaf atas ketidaknyamanannya. Kami akan selalu berusaha memberikan yang terbaik demi memenuhi kebutuhan perbankan Kakak. Terkait kendala tersebut boleh infokan detail kendala serta kirimkan gambar kendalanya ke X @haloblu atau email haloblu@bcadigital.co.id agar kami bisa bantu lebih lanjut ya.
",2025-11-30 09:09:37,
3d81f2ee-1b16-4f93-973d-c0a5ad14568a,Pengguna Google,https://play-lh.googleusercontent.com/EGemoI2NTXmTsBVtJqk8jxF9rh8ApRWfsIMQSt2uE4OcpQqbFu7f7NbTK05lx80nuSijCz7sc3a277R67g,kenapa kunci pin saya lupa kok GK buru direspon,5,0,,2025-11-30 07:02:58+00:00,"Hai, Kakak. Maaf atas ketidaknyamanannya. Terkait kendala yang Kakak alami, silakan Kakak bisa reset langsung dari aplikasi blu. Namun untuk pengecekan lebih lanjut kami sarankan untuk menghubungi layanan haloblu di 1500668 atau melalui aplikasi haloBCA karena membutuhkan verifikasi data melalui telepon. 🙏
",2025-11-30 08:18:33,
ae0279a2-f87f-4f38-9a55-fc4caf6280bd,Pengguna Google,https://play-lh.googleusercontent.com/EGemoI2NTXmTsBVtJqk8jxF9rh8ApRWfsIMQSt2uE4OcpQqbFu7f7NbTK05lx80nuSijCz7sc3a277R67g,bagys,5,0,2.6.0,2025-11-30 02:46:44+00:00,"Hai, Kak Abdu Rohman. Terima kasih atas ulasannya. Semoga blu bisa selalu memberikan yang terbaik untuk memenuhi semua kebutuhan perbankan Kakak. Jika ada kendala atau hal lain yang ingin ditanyakan, Kakak bisa langsung menghubungi X @haloblu atau email haloblu@bcadigital.co.id atau telepon 1500668 (layanan 24 jam).",2025-11-30 03:05:54,2.6.0
4c7bb6f0-3959-4615-b7d0-3a88c03bacd3,Pengguna Google,https://play-lh.googleusercontent.com/EGemoI2NTXmTsBVtJqk8jxF9rh8ApRWfsIMQSt2uE4OcpQqbFu7f7NbTK05lx80nuSijCz7sc3a277R67g,mau nanya di redmi note 13 pro android 14 kok crash ya,2,0,,2025-11-30 02:10:22+00:00,"Hai, Kak Ferrenza. Maaf atas ketidaknyamanannya. Kami akan selalu berusaha memberikan yang terbaik demi memenuhi kebutuhan perbankan Kakak. Terkait kendala tersebut boleh infokan detail kendala serta kirimkan gambar kendalanya ke X @haloblu atau email haloblu@bcadigital.co.id agar kami bisa bantu lebih lanjut ya.
",2025-11-30 02:50:20,
e8b53d9f-7731-4a02-bb42-09c3e19815f1,Pengguna Google,https://play-lh.googleusercontent.com/EGemoI2NTXmTsBVtJqk8jxF9rh8ApRWfsIMQSt2uE4OcpQqbFu7f7NbTK05lx80nuSijCz7sc3a277R67g,kenapa aplikasinya gak bisa dibuka ?,1,0,2.6.0,2025-11-30 01:38:57+00:00,"Hai, Kak Chaerunah. Maaf atas ketidaknyamanannya. Kami akan selalu berusaha memberikan yang terbaik demi memenuhi kebutuhan perbankan Kakak. Terkait kendala tersebut boleh infokan detail kendala serta kirimkan gambar kendalanya ke X @haloblu atau email haloblu@bcadigital.co.id agar kami bisa bantu lebih lanjut ya.",2025-11-30 02:14:10,2.6.0
7d21965c-a102-45b1-895e-916ad3389046,Pengguna Google,https://play-lh.googleusercontent.com/EGemoI2NTXmTsBVtJqk8jxF9rh8ApRWfsIMQSt2uE4OcpQqbFu7f7NbTK05lx80nuSijCz7sc3a277R67g,"kenapa minta aktifkan screen lock sih? kan bisa pin/biometrik di aplikasi saja. tapi saya tanya teman saya di dia engga, tapi kenapa di HP saya iya. bingung deh. saya pake HP poco c75",3,0,2.6.0,2025-11-29 21:11:17+00:00,"Hai, Kak Nofia. Maaf atas ketidaknyamanannya. Kami akan selalu berusaha memberikan yang terbaik demi memenuhi kebutuhan perbankan Kakak. Terkait kendala tersebut boleh infokan detail kendala serta kirimkan gambar kendalanya ke X @haloblu atau email haloblu@bcadigital.co.id agar kami bisa bantu lebih lanjut ya.",2025-11-29 21:34:03,2.6.0
a54a1780-9ce7-4958-9951-5dad30870546,Pengguna Google,https://play-lh.googleusercontent.com/EGemoI2NTXmTsBVtJqk8jxF9rh8ApRWfsIMQSt2uE4OcpQqbFu7f7NbTK05lx80nuSijCz7sc3a277R67g,"BCA tapi tanpa admin, cocok buat mahasiswa.",5,0,2.6.0,2025-11-29 17:08:16+00:00,"Hai, Kak Dimas. Terima kasih atas ulasannya. Semoga blu bisa selalu memberikan yang terbaik untuk memenuhi semua kebutuhan perbankan Kakak. Jika ada kendala atau hal lain yang ingin ditanyakan, Kakak bisa langsung menghubungi X @haloblu atau email haloblu@bcadigital.co.id atau telepon 1500668 (layanan 24 jam).",2025-11-29 18:03:38,2.6.0
646818f2-f7d1-4a26-8482-5511bf178799,Pengguna Google,https://play-lh.googleusercontent.com/EGemoI2NTXmTsBVtJqk8jxF9rh8ApRWfsIMQSt2uE4OcpQqbFu7f7NbTK05lx80nuSijCz7sc3a277R67g,saya tidak bisa pasang apk bca bludi hp saya pada hal dulu bisa terpasang dan data saya di bca blu pada hal masih status aktif,2,0,,2025-11-29 15:32:45+00:00,"Hai, Kak Fachrul. Maaf atas ketidaknyamanannya. Kami akan selalu berusaha memberikan yang terbaik kebutuhan perbankan Kakak. Pastikan aplikasi blu Kakak sudah update terbaru yaitu spesifikasi minimum handphone untuk install blu adalah Android 7.0 ke atas untuk handphone Android dan iOS 13.0 ke atas untuk iPhone ya.",2025-11-29 16:14:44,
7e54da42-ac88-4395-9b8c-2c249139e3ea,Pengguna Google,https://play-lh.googleusercontent.com/EGemoI2NTXmTsBVtJqk8jxF9rh8ApRWfsIMQSt2uE4OcpQqbFu7f7NbTK05lx80nuSijCz7sc3a277R67g,makin kesini gak seru promo nya.,2,0,2.6.0,2025-11-29 13:45:23+00:00,"Hai, Kak Maria. Maaf atas ketidaknyamanannya. Terima kasih atas saran dan masukan yang diberikan, kami akan selalu memperbaiki sistem dan mencatat semua saran dan masukan demi mencapai kepuasan para pengguna aplikasi blu. Ditunggu update promo blu selanjutnya ya.",2025-11-29 14:28:45,2.6.0
ba6f8942-2b90-42eb-845d-134a717428ba,Pengguna Google,https://play-lh.googleusercontent.com/EGemoI2NTXmTsBVtJqk8jxF9rh8ApRWfsIMQSt2uE4OcpQqbFu7f7NbTK05lx80nuSijCz7sc3a277R67g,"halo admin, saya baru buka rek ini.tp kok begitu daftar dan isi no hp gak bisa ya. alasannya hp belum terkoneksi dng rek bca.",4,2,2.6.0,2025-11-29 06:50:13+00:00,"Hai, Kak Annie. Maaf atas ketidaknyamanannya. Kami akan selalu berusaha memberikan yang terbaik demi memenuhi kebutuhan perbankan Kakak. Terkait kendala tersebut boleh infokan detail kendala serta kirimkan gambar kendalanya ke X @haloblu atau email haloblu@bcadigital.co.id agar kami bisa bantu lebih lanjut ya.",2025-11-29 06:56:10,2.6.0
01c4281a-b0ad-4b69-a972-49ce741cf83d,Pengguna Google,https://play-lh.googleusercontent.com/EGemoI2NTXmTsBVtJqk8jxF9rh8ApRWfsIMQSt2uE4OcpQqbFu7f7NbTK05lx80nuSijCz7sc3a277R67g,SCAN BARCODE VIA QRIS BLU DIGITAL TDK MERESPON SEJAK JUMAT MLM KMRN.MOHON DIPERBAIKI SYSTEM NYA,1,0,2.6.0,2025-11-28 23:50:21+00:00,"Hai, Kak Yohan. Maaf atas ketidaknyamanannya. Terkait kendala tersebut pastikan jaringan internet lancar dan stabil serta tidak menggunakan jaringan WiFi. Jika masih terkendala Kakak dapat kirimkan respons tampilan gambar kendalanya ke DM X @haloblu agar dapat kami bantu lebih lanjut ya.",2025-11-29 00:43:20,2.6.0
0a2f5d9a-7403-4309-9c30-261364558e24,Pengguna Google,https://play-lh.googleusercontent.com/EGemoI2NTXmTsBVtJqk8jxF9rh8ApRWfsIMQSt2uE4OcpQqbFu7f7NbTK05lx80nuSijCz7sc3a277R67g,"aplikasi GK jelas akun terblokir mau riset password udah masukan nik dan tanggal lahir tapi pas vermuk gagal gagal terus bolak balik lagi dari awal terus dan terus GK jelas banget,,tolong di perbaiki dan d permudah untuk riset password...",1,3,2.6.0,2025-11-28 23:03:55+00:00,"Hai, Kak Lana. Maaf atas ketidaknyamanannya. Kami akan selalu berusaha memberikan yang terbaik demi kebutuhan perbankan Kakak. Terkait hal tersebut pastikan beberapa hal berikut, pastikan Kakak tidak memakai sunglasses, di tempat yang terang, tidak backlight, posisi wajah di dalam lingkaran dan pastikan aplikasi blu versi terupdate ya",2025-11-29 00:36:26,2.6.0
8bd25e73-d813-4cfe-91c1-0e410d763f0d,Pengguna Google,https://play-lh.googleusercontent.com/EGemoI2NTXmTsBVtJqk8jxF9rh8ApRWfsIMQSt2uE4OcpQqbFu7f7NbTK05lx80nuSijCz7sc3a277R67g,"buat yang agak kesel sama masalah pas daftar gps ga bisa bisa, coba update dulu aplikasinya di playstore atau appstore kalian, emang agak ngeselin sii udah diaktifin lokasinya juga tetep gamau masuk wkwkkw selamat mencoba",5,3,2.6.0,2025-11-28 19:27:19+00:00,"Hai, Kakak. Maaf atas ketidaknyamanannya. Kami akan selalu berusaha memberikan yang terbaik kebutuhan perbankan Kakak. Mohon pastikan perangkat sudah update versi terbaru dan jika ada hal lain yang ingin ditanyakan, Kakak bisa langsung menghubungi X @haloblu atau email haloblu@bcadigital.co.id atau telepon 1500668 (layanan 24 jam).",2025-11-28 20:18:47,2.6.0
91788718-5a61-4020-ae6c-1497758836e8,Pengguna Google,https://play-lh.googleusercontent.com/EGemoI2NTXmTsBVtJqk8jxF9rh8ApRWfsIMQSt2uE4OcpQqbFu7f7NbTK05lx80nuSijCz7sc3a277R67g,"sering banget gangguan mana jaringan ga keputus, ga bisa login",1,0,2.6.0,2025-11-28 18:56:09+00:00,"Hai, Kak Ivana. Maaf atas ketidaknyamanannya. Kami akan selalu berusaha memberikan yang terbaik demi memenuhi kebutuhan perbankan Kakak. Terkait kendala tersebut boleh infokan detail kendala serta kirimkan gambar kendalanya ke X @haloblu atau email haloblu@bcadigital.co.id agar kami bisa bantu lebih lanjut yaa.",2025-11-28 19:18:38,2.6.0
e888e615-ffc4-442e-830a-c864dee9a777,Pengguna Google,https://play-lh.googleusercontent.com/EGemoI2NTXmTsBVtJqk8jxF9rh8ApRWfsIMQSt2uE4OcpQqbFu7f7NbTK05lx80nuSijCz7sc3a277R67g,di android 12 ku kenpa apk tidak bisa dibuka?,5,0,2.4.0,2025-11-28 18:45:05+00:00,"Hai, Kak Saprudin. Maaf atas ketidaknyamanannya. Kami akan selalu berusaha memberikan yang terbaik demi memenuhi kebutuhan perbankan Kakak. Terkait kendala tersebut boleh infokan detail kendala serta kirimkan gambar kendalanya ke X @haloblu atau email haloblu@bcadigital.co.id agar kami bisa bantu lebih lanjut ya.",2025-11-28 19:20:56,2.4.0
64ddbe59-31e3-44e1-81ef-a77c61398621,Pengguna Google,https://play-lh.googleusercontent.com/EGemoI2NTXmTsBVtJqk8jxF9rh8ApRWfsIMQSt2uE4OcpQqbFu7f7NbTK05lx80nuSijCz7sc3a277R67g,buruk,1,0,2.6.0,2025-11-28 16:11:21+00:00,"Hai, Kakak. Maaf atas ketidaknyamanannya. Kami akan selalu berusaha memberikan yang terbaik kebutuhan perbankan Kakak. Mohon pastikan perangkat sudah update versi terbaru dan jika ada hal lain yang ingin ditanyakan, Kakak bisa langsung menghubungi X @haloblu atau email haloblu@bcadigital.co.id atau telepon 1500668 (layanan 24 jam).
",2025-11-28 17:00:56,2.6.0
bc7b3e00-a3b2-4c3c-ada4-9081b5adb35f,Pengguna Google,https://play-lh.googleusercontent.com/EGemoI2NTXmTsBVtJqk8jxF9rh8ApRWfsIMQSt2uE4OcpQqbFu7f7NbTK05lx80nuSijCz7sc3a277R67g,"CS ribet waktu videocall! Gara² foto KTP gue agak burem malah ditolak, malah disuruh update KTP ke dukcapil, lah itu burem juga dari sananya 🙄 Dipake daftar online di bank lain lancar² aja tuh ga ada drama penolakan",1,0,,2025-11-28 15:45:05+00:00,"Hai, Kak Dewilia. Maaf atas ketidaknyamanannya. Terkait kendala yang Kakak alami, hal tersebut merupakan kebijakan dari BCA Digital setelah melakukan analisa dari kelengkapan data pembukaan rekening. Dikhawatirkan terdapat data diri yang belum sesuai dengan ketentuan internal yang ditetapkan oleh BCA Digital.",2025-11-28 17:00:09,
126d743b-9120-4db9-91c7-346679c9444e,Pengguna Google,https://play-lh.googleusercontent.com/EGemoI2NTXmTsBVtJqk8jxF9rh8ApRWfsIMQSt2uE4OcpQqbFu7f7NbTK05lx80nuSijCz7sc3a277R67g,dikit² update,1,0,,2025-11-28 15:39:07+00:00,"Hai, Kak Julian. Maaf atas ketidaknyamanannya. Update aplikasi blu dilakukan untuk kenyamanan sobatblu menggunakan aplikasi blu Kak. Pastikan Kakak selalu gunain aplikasi blu versi terbaru ya.",2025-11-28 15:48:20,
629e17e7-f25d-4124-b3b2-cb10f60f0fc1,Pengguna Google,https://play-lh.googleusercontent.com/EGemoI2NTXmTsBVtJqk8jxF9rh8ApRWfsIMQSt2uE4OcpQqbFu7f7NbTK05lx80nuSijCz7sc3a277R67g,kasih bintang 3 dulu kalau mau tranfer ke dana ga bisa mulu terus kalau mau scan qr gagal suka ada yang transaksi gagal,3,0,2.6.0,2025-11-28 13:55:53+00:00,"Hai, Kak Ida. Maaf atas ketidaknyamanannya. Terkait kendala tersebut boleh kirimkan gambar kendalanya ke X @haloblu atau email haloblu@bcadigital.co.id agar kami bisa bantu lebih lanjut ya.",2025-11-28 15:46:13,2.6.0
ae678578-0db0-452e-aecc-e9a312f4e940,Pengguna Google,https://play-lh.googleusercontent.com/EGemoI2NTXmTsBVtJqk8jxF9rh8ApRWfsIMQSt2uE4OcpQqbFu7f7NbTK05lx80nuSijCz7sc3a277R67g,mantaappp,5,0,2.4.0,2025-11-28 12:13:39+00:00,"Hai, Kak Ilyas. Terima kasih atas ulasannya. Semoga blu bisa selalu memberikan yang terbaik untuk memenuhi semua kebutuhan perbankan Kakak. Selamat menikmati kemudahan bertransaksi menggunakan blu ya. 😊",2025-11-28 12:38:40,2.4.0
509805c3-7be7-4618-9115-73f9c152b17e,Pengguna Google,https://play-lh.googleusercontent.com/EGemoI2NTXmTsBVtJqk8jxF9rh8ApRWfsIMQSt2uE4OcpQqbFu7f7NbTK05lx80nuSijCz7sc3a277R67g,"tolong di bantu dong uang saya belum balik,saya transfer ke mandiri sudah berhasil cuman di mandiri nya notifnya transaksi reversal,saya sudah laporan di halobca cuman harus 6 hari kerja ya sedangkan waktunya bayar kontrakan tapi uang belum balik🥲",5,0,2.6.0,2025-11-28 09:02:34+00:00,"Hai, Kak Sandi. Maaf atas ketidaknyamanannya. Terkait kendala yang Kakak alami, jika Kakak sudah menghubungi layanan haloblu 1500668 untuk pembuatan laporan, mohon kesediaan Kakak informasikan nomor laporan yang diterima ke X @haloblu atau email haloblu@bcadigital.co.id agar kami bisa bantu lebih lanjut ya.",2025-11-28 09:32:01,2.6.0
2556545f-7be3-4128-95ad-39cbad871559,Pengguna Google,https://play-lh.googleusercontent.com/EGemoI2NTXmTsBVtJqk8jxF9rh8ApRWfsIMQSt2uE4OcpQqbFu7f7NbTK05lx80nuSijCz7sc3a277R67g,"Aplikasinya susah diakses , berat , jaringan stabil aja susah untuk masuk ke aplikasinya, aplikasi yg mudah dibobol pencuri",1,3,2.6.0,2025-11-27 23:19:22+00:00,"Hai, Kak Janter. Maaf atas ketidaknyamanannya. Untuk kendala Kakak pastikan setting waktu pada handphone sudah otomatis, lalu gunakan aplikasi blu versi terbaru dan apabila terdapat perpindahan device maka aplikasi blu akan meminta verifikasi wajah, kode OTP dan PIN transaksi yang dapat mencegah penyalahgunaan rekening blu ya.",2025-11-27 23:57:37,2.6.0
4e55a6ea-3184-4da6-a869-59d29de3b285,Pengguna Google,https://play-lh.googleusercontent.com/EGemoI2NTXmTsBVtJqk8jxF9rh8ApRWfsIMQSt2uE4OcpQqbFu7f7NbTK05lx80nuSijCz7sc3a277R67g,"mau buka harus screen lock hp dulu,sangat mengganggu",1,0,,2025-11-27 21:41:29+00:00,"Hai, Kak Winarno. Maaf atas ketidaknyamanannya. Kami akan selalu berusaha memberikan yang terbaik demi memenuhi kebutuhan perbankan Kakak. Terkait kendala tersebut boleh infokan detail kendala serta kirimkan gambar kendalanya ke X @haloblu atau email haloblu@bcadigital.co.id agar kami bisa bantu lebih lanjut ya.",2025-11-27 23:53:48,
9a090821-6564-4112-a4b5-626ce8cf82f0,Pengguna Google,https://play-lh.googleusercontent.com/EGemoI2NTXmTsBVtJqk8jxF9rh8ApRWfsIMQSt2uE4OcpQqbFu7f7NbTK05lx80nuSijCz7sc3a277R67g,not good and not help 👎👎,1,0,2.6.0,2025-11-27 20:29:54+00:00,"Hai, Kak Sabarudin. Maaf atas ketidaknyamanannya. Mohon kesediaan Kakak dapat menginformasikan lebih detail apakah Kakak mengalami kendala atau yang lainnya. Kakak dapat sampaikan melalui email haloblu@bcadigital.co.id, agar kami dapat menginformasikan sesuai dengan kebutuhan Kakak.",2025-11-27 21:06:54,2.6.0
99d00a17-2d36-478a-b8ea-fc084240ffa7,Pengguna Google,https://play-lh.googleusercontent.com/EGemoI2NTXmTsBVtJqk8jxF9rh8ApRWfsIMQSt2uE4OcpQqbFu7f7NbTK05lx80nuSijCz7sc3a277R67g,gak jelas banget tiba tiba berhenti gk bisa di gunakan hanya mau ambil data KTP tolong di jaga data saya kalo trjadi data bocor akan saya laporkan kepada pihak berwajib paham y,1,0,2.6.0,2025-11-27 11:32:25+00:00,"Hai, Kak Princeuly Ezra . Maaf atas ketidaknyamanannya. Kami akan selalu berusaha memberikan yang terbaik demi memenuhi kebutuhan perbankan Kakak. Terkait kendala tersebut boleh infokan detail kendala serta kirimkan gambar kendalanya ke X @haloblu atau email haloblu@bcadigital.co.id agar kami bisa bantu lebih lanjut ya.
",2025-11-27 12:35:17,2.6.0
e24296bc-243f-41c9-b0ca-7c3984d2690c,Pengguna Google,https://play-lh.googleusercontent.com/EGemoI2NTXmTsBVtJqk8jxF9rh8ApRWfsIMQSt2uE4OcpQqbFu7f7NbTK05lx80nuSijCz7sc3a277R67g,ok,5,0,,2025-11-27 06:55:08+00:00,"Hai, Kakak. Terima kasih atas ulasannya. Semoga blu bisa selalu memberikan yang terbaik untuk memenuhi semua kebutuhan perbankan Kakak. Jika ada kendala atau hal lain yang ingin ditanyakan, Kakak bisa langsung menghubungi X @haloblu atau email haloblu@bcadigital.co.id atau telepon 1500668 (layanan 24 jam).",2025-11-27 07:09:41,
1efe823c-1235-485a-a0e8-2eacefc9963d,Pengguna Google,https://play-lh.googleusercontent.com/EGemoI2NTXmTsBVtJqk8jxF9rh8ApRWfsIMQSt2uE4OcpQqbFu7f7NbTK05lx80nuSijCz7sc3a277R67g,"Bagus... Lancar Transferan,semoga safety",5,0,2.6.0,2025-11-27 06:08:33+00:00,"Hai, Kak Kartini. Terima kasih atas ulasannya. Semoga blu bisa selalu memberikan yang terbaik untuk memenuhi semua kebutuhan perbankan Kakak. Jika ada kendala atau hal lain yang ingin ditanyakan, Kakak bisa langsung menghubungi X @haloblu atau email haloblu@bcadigital.co.id atau telepon 1500668 (layanan 24 jam).",2025-11-27 07:09:40,2.6.0
28ca8963-83b3-4e73-916d-8f78faf23c97,Pengguna Google,https://play-lh.googleusercontent.com/EGemoI2NTXmTsBVtJqk8jxF9rh8ApRWfsIMQSt2uE4OcpQqbFu7f7NbTK05lx80nuSijCz7sc3a277R67g,"Buat tambahan fitur di pocket nya dong. Jadi setiap pocket, ada pengaturan ""kunci"" atau bisa dikasih password dan bisa diatur kapan boleh dibukanya. Kalo dibuka sebelum masa waktunya habis, dikenakan biaya charge. Soalnya kalo ada fitur pocket nya bisa dipassword, bisa jauh lebih aman dan tangan pengguna ga gatelan buat ngambilin mulu.",5,62,2.6.0,2025-11-27 01:48:38+00:00,"Hai, Kak Puput. Terima kasih atas ulasannya. Terima kasih juga atas saran dan masukan yang diberikan, kami akan selalu memperbaiki sistem demi mencapai kepuasan para pengguna aplikasi blu. Jika ada hal lain yang ingin ditanyakan, Kakak bisa langsung menghubungi X @haloblu atau email haloblu@bcadigital.co.id atau telepon 1500668 (layanan 24 jam).",2025-11-27 02:12:25,2.6.0
2adab4d4-3fe5-4378-bb51-8a181e0154f7,Pengguna Google,https://play-lh.googleusercontent.com/EGemoI2NTXmTsBVtJqk8jxF9rh8ApRWfsIMQSt2uE4OcpQqbFu7f7NbTK05lx80nuSijCz7sc3a277R67g,ok,5,0,2.6.0,2025-11-26 21:50:36+00:00,"Hai, Kakak. Terima kasih atas ulasannya. Semoga blu bisa selalu memberikan yang terbaik untuk memenuhi semua kebutuhan perbankan Kakak. Jika ada kendala atau hal lain yang ingin ditanyakan, Kakak bisa langsung menghubungi X @haloblu atau email haloblu@bcadigital.co.id atau telepon 1500668 (layanan 24 jam).",2025-11-26 22:03:34,2.6.0
354cb8fa-dc8d-4ac0-8505-85a735df7f68,Pengguna Google,https://play-lh.googleusercontent.com/EGemoI2NTXmTsBVtJqk8jxF9rh8ApRWfsIMQSt2uE4OcpQqbFu7f7NbTK05lx80nuSijCz7sc3a277R67g,pengenalan wajah selalu gagal terus,3,0,2.6.0,2025-11-26 20:26:18+00:00,"Hai, Kak Wilona. Maaf atas ketidaknyamanannya. Kami akan selalu berusaha memberikan yang terbaik demi kebutuhan perbankan Kakak. Terkait hal tersebut pastikan beberapa hal berikut, pastikan Kakak tidak memakai sunglasses, di tempat yang terang, tidak backlight, posisi wajah di dalam lingkaran dan pastikan aplikasi blu versi terupdate ya.",2025-11-26 20:54:51,2.6.0
314c07e0-92dc-425e-bb31-1b1575d7b790,Pengguna Google,https://play-lh.googleusercontent.com/EGemoI2NTXmTsBVtJqk8jxF9rh8ApRWfsIMQSt2uE4OcpQqbFu7f7NbTK05lx80nuSijCz7sc3a277R67g,setelah update malah sering eror Oops...Terjadi Kesalahan (background merah),1,0,,2025-11-26 19:37:23+00:00,"Hai, Kak Erwin. Maaf atas ketidaknyamanannya. Kami akan selalu berusaha memberikan yang terbaik kebutuhan perbankan Kakak. Mohon pastikan perangkat sudah update versi terbaru dan jika ada hal lain yang ingin ditanyakan, Kakak bisa langsung menghubungi X @haloblu atau email haloblu@bcadigital.co.id atau telepon 1500668 (layanan 24 jam).",2025-11-26 20:25:12,
ebd001fc-ffec-4f4f-9359-cbbfa3506994,Pengguna Google,https://play-lh.googleusercontent.com/EGemoI2NTXmTsBVtJqk8jxF9rh8ApRWfsIMQSt2uE4OcpQqbFu7f7NbTK05lx80nuSijCz7sc3a277R67g,baik bagus,5,0,2.6.0,2025-11-26 19:07:15+00:00,"Hai, Kak Adi. Terima kasih atas ulasannya. Semoga blu bisa selalu memberikan yang terbaik untuk memenuhi semua kebutuhan perbankan Kakak. Jika ada kendala atau hal lain yang ingin ditanyakan, Kakak bisa langsung menghubungi X @haloblu atau email haloblu@bcadigital.co.id atau telepon 1500668 (layanan 24 jam).",2025-11-26 20:22:06,2.6.0
33454b5b-81c9-4ed0-b7ca-3fdc093c2aa9,Pengguna Google,https://play-lh.googleusercontent.com/EGemoI2NTXmTsBVtJqk8jxF9rh8ApRWfsIMQSt2uE4OcpQqbFu7f7NbTK05lx80nuSijCz7sc3a277R67g,mau tanya klo instal aplikasi ini apakah my bca otomatis kehapus,3,0,,2025-11-26 13:50:42+00:00,"Hai, Kak Ridh. Maaf atas ketidaknyamanannya. Terkait terhapus aplikasi tidak ya Kak karena BCA dengan blu sudah berbeda Bank, jika ada hal lain yang ingin ditanyakan, Kakak bisa langsung menghubungi X @haloblu atau email haloblu@bcadigital.co.id atau telepon 1500668 (layanan 24 jam).",2025-11-26 14:10:50,
96a04d6f-bf4f-4563-86eb-0edb9a5af65d,Pengguna Google,https://play-lh.googleusercontent.com/EGemoI2NTXmTsBVtJqk8jxF9rh8ApRWfsIMQSt2uE4OcpQqbFu7f7NbTK05lx80nuSijCz7sc3a277R67g,"ko saya sudah diperbaharui cuma pas sudah log in log out lagi ,,tertera sesi habis",4,0,1.47.10,2025-11-26 13:44:22+00:00,"Hai, Kak Athena. Maaf atas ketidaknyamanannya. Kami akan selalu berusaha memberikan yang terbaik kebutuhan perbankan Kakak. Mohon pastikan perangkat sudah update versi terbaru dan jika ada hal lain yang ingin ditanyakan, Kakak bisa langsung menghubungi X @haloblu atau email haloblu@bcadigital.co.id atau telepon 1500668 (layanan 24 jam).",2025-11-26 14:06:57,1.47.10
9cba1fa6-98c3-45fe-a5a1-1f326d3e5abf,Pengguna Google,https://play-lh.googleusercontent.com/EGemoI2NTXmTsBVtJqk8jxF9rh8ApRWfsIMQSt2uE4OcpQqbFu7f7NbTK05lx80nuSijCz7sc3a277R67g,"Padahal peminjaman awal engga pernah telat bayarnya, tapi udah coba 4 kali pinjam lagi selalu engga pernah di acc",1,0,,2025-11-26 13:23:48+00:00,"Hai, Kak Cho Kusnoto. Maaf atas ketidaknyamanannya. Kami akan selalu berusaha memberikan yang terbaik kebutuhan perbankan Kakak. Terdapat beberapa hal yang dapat menyebabkan pengajuan pinjaman Kakak ditolak/dibatalkan, antara lain, belum sesuai dengan kriteria debitur Bank BCA Digital atau rekening bluAccount Kakak sedang diblokir.",2025-11-26 14:04:24,
52d9faeb-1797-45d5-897d-6e9a31c8a57e,Pengguna Google,https://play-lh.googleusercontent.com/EGemoI2NTXmTsBVtJqk8jxF9rh8ApRWfsIMQSt2uE4OcpQqbFu7f7NbTK05lx80nuSijCz7sc3a277R67g,"bagus, sangat membantu",5,0,2.5.0,2025-11-26 12:42:33+00:00,"Hai, Kakak. Terima kasih atas ulasannya. Semoga blu bisa selalu memberikan yang terbaik untuk memenuhi semua kebutuhan perbankan Kakak. Jika ada kendala atau hal lain yang ingin ditanyakan, Kakak bisa langsung menghubungi X @haloblu atau email haloblu@bcadigital.co.id atau telepon 1500668 (layanan 24 jam).",2025-11-26 13:58:26,2.5.0
959aafba-522b-4942-ab31-453cb850bd9b,Pengguna Google,https://play-lh.googleusercontent.com/EGemoI2NTXmTsBVtJqk8jxF9rh8ApRWfsIMQSt2uE4OcpQqbFu7f7NbTK05lx80nuSijCz7sc3a277R67g,"dari segi grafis untuk transaksi dan transfer sudah bagus, coba diperbaharui ada fitur untuk menghapus transaksi dan transfer",5,1,2.6.0,2025-11-26 09:38:39+00:00,"Hai, Kak Eko. Terima kasih atas ulasannya. Terima kasih atas saran dan masukan yang diberikan, kami akan selalu memperbaiki sistem demi mencapai kepuasan para pengguna aplikasi blu. Jika ada hal lain yang ingin ditanyakan, Kakak bisa langsung menghubungi X @haloblu atau email haloblu@bcadigital.co.id atau telepon 1500668 (layanan 24 jam).",2025-11-26 09:47:18,2.6.0
1c4bd679-add9-43ab-9171-69268e2ca810,Pengguna Google,https://play-lh.googleusercontent.com/EGemoI2NTXmTsBVtJqk8jxF9rh8ApRWfsIMQSt2uE4OcpQqbFu7f7NbTK05lx80nuSijCz7sc3a277R67g,"aplikasi bank digital terburuk yang pernah ada, aplikasi bank digital lain kalau verifikasi sekali atau dua kali langsung bisa, ini udah coba berkali2 ganti pencahayaan, ganti lampu, ganti background, gak bisa2 buat login doang gara-gara ganti hp baru, butuh verifikasi yang sangat lama, untung aplikasi di hp lama masih bisa dibuka kutarik semua uangku dari ini aplikasi",1,18,2.6.0,2025-11-25 23:17:39+00:00,"Hai, Kak Zylva Rider. Maaf atas ketidaknyamanannya. Kami akan selalu berusaha memberikan yang terbaik demi kebutuhan perbankan Kakak. Terkait hal tersebut pastikan beberapa hal berikut, pastikan Kakak tidak memakai sunglasses, di tempat yang terang, tidak backlight, posisi wajah di dalam lingkaran dan pastikan aplikasi blu versi terupdate ya.",2025-11-25 23:59:45,2.6.0
149ec293-58bd-4511-a23c-3caabdfa8a99,Pengguna Google,https://play-lh.googleusercontent.com/EGemoI2NTXmTsBVtJqk8jxF9rh8ApRWfsIMQSt2uE4OcpQqbFu7f7NbTK05lx80nuSijCz7sc3a277R67g,"BERAATTT BANGET APKLIKASI NYA, TOLONG DI TINGKATKAN RAM SAYA 8/128",1,1,2.6.0,2025-11-25 21:10:03+00:00,"Hai, Kak Vito . Maaf atas ketidaknyamanannya. Kami akan selalu terus memperbaiki sistem demi mencapai kepuasan para pengguna aplikasi blu. Terimakasih untuk sarannya Kak, kendalanya Kakak, pastikan aplikasi blu versi terbaru, setting waktu di handphone menjadi otomatis, jaringan internet lancar dan stabil serta tidak menggunakan jaringan WiFi.",2025-11-25 22:25:29,2.6.0
9202e39b-379d-4409-94b4-348622e789a2,Pengguna Google,https://play-lh.googleusercontent.com/EGemoI2NTXmTsBVtJqk8jxF9rh8ApRWfsIMQSt2uE4OcpQqbFu7f7NbTK05lx80nuSijCz7sc3a277R67g,"aneh banget aplikasinya! kenapa kamera saya di aplikasi ini QRIS nya gak bisa deteksi QR? pake aplikasi si hijau normal-normal aja. Jujur ini sangat menggangu sekali karena harusnya bisa cepat hanya dengan scan, tapi saya perlu foto dulu untuk QR terdeteksi, dan ini sangat ribet sekali! tolong benerin lah!",1,42,2.6.0,2025-11-25 19:50:09+00:00,"Hai, Kak Gusti. Maaf atas ketidaknyamanannya. Kami akan selalu terus memperbaiki sistem demi mencapai kepuasan para pengguna aplikasi blu. Terkait kendala tersebut pastikan Kakak menggunakan blu versi terbaru, pastikan setting waktu di handphone menjadi otomatis, jaringan internet lancar dan stabil atau Kakak boleh switch jaringan pada handphone.",2025-11-25 20:26:16,2.6.0
282e310b-971e-4e6b-b500-62805ed1746f,Pengguna Google,https://play-lh.googleusercontent.com/EGemoI2NTXmTsBVtJqk8jxF9rh8ApRWfsIMQSt2uE4OcpQqbFu7f7NbTK05lx80nuSijCz7sc3a277R67g,"Kenapa nih aplikasinya mo login aja lambat loading, pertama udah pakai infinix, pindah lagi ke oppo, sama juga pindah juga ke samsung lebih parah lagi loading masuknya mau bayar qris KFC bikin malu aja di antrian lama skali loadingnya padahal udah versi terbaru pakai paket data sendiri telkomsel.. coba diperbaiki lagi",1,21,2.6.0,2025-11-25 19:49:10+00:00,"Hai, Kakak. Maaf atas ketidaknyamanannya. Kami akan selalu terus memperbaiki sistem demi mencapai kepuasan para pengguna aplikasi blu. Terkait kendala tersebut pastikan Kakak menggunakan blu versi terbaru, pastikan setting waktu di handphone menjadi otomatis, jaringan internet lancar dan stabil atau Kakak boleh switch jaringan pada handphone.",2025-11-25 20:28:33,2.6.0
ea5c6b11-4842-4c45-9c25-e855d053e8d7,Pengguna Google,https://play-lh.googleusercontent.com/EGemoI2NTXmTsBVtJqk8jxF9rh8ApRWfsIMQSt2uE4OcpQqbFu7f7NbTK05lx80nuSijCz7sc3a277R67g,Agak berat Aplikasinya,4,1,2.5.0,2025-11-25 19:10:24+00:00,"Hai, Kak Bamz. Maaf atas ketidaknyamanannya. Kami akan selalu terus memperbaiki sistem demi mencapai kepuasan para pengguna aplikasi blu. Terkait kendala tersebut pastikan Kakak menggunakan blu versi terbaru, pastikan setting waktu di handphone menjadi otomatis, jaringan internet lancar dan stabil atau Kakak boleh switch jaringan pada handphone.",2025-11-25 19:49:15,2.5.0
8e9382ff-d93d-4fbf-819c-03011dcddfea,Pengguna Google,https://play-lh.googleusercontent.com/EGemoI2NTXmTsBVtJqk8jxF9rh8ApRWfsIMQSt2uE4OcpQqbFu7f7NbTK05lx80nuSijCz7sc3a277R67g,"fitur, layanan dsb mantep2. semoga terus maju dan aplikasi makin lancar",5,0,2.6.0,2025-11-25 18:38:54+00:00,"Hai, Kakak. Terima kasih atas ulasannya. Semoga blu bisa selalu memberikan yang terbaik untuk memenuhi semua kebutuhan perbankan Kakak. Jika ada kendala atau hal lain yang ingin ditanyakan, Kakak bisa langsung menghubungi X @haloblu atau email haloblu@bcadigital.co.id atau telepon 1500668 (layanan 24 jam).",2025-11-25 19:46:27,2.6.0
402aead7-8c08-46e0-bee3-dfeaca143b14,Pengguna Google,https://play-lh.googleusercontent.com/EGemoI2NTXmTsBVtJqk8jxF9rh8ApRWfsIMQSt2uE4OcpQqbFu7f7NbTK05lx80nuSijCz7sc3a277R67g,sejauh ini memuaskan banget sih,5,0,2.4.0,2025-11-25 17:54:45+00:00,"Hai, Kak Ninis. Terima kasih atas ulasannya. Semoga blu bisa selalu memberikan yang terbaik untuk memenuhi semua kebutuhan perbankan Kakak. Jika ada kendala atau hal lain yang ingin ditanyakan, Kakak bisa langsung menghubungi X @haloblu atau email haloblu@bcadigital.co.id atau telepon 1500668 (layanan 24 jam).",2025-11-25 19:42:52,2.4.0
f63b742b-1705-41d7-a062-43349497565f,Pengguna Google,https://play-lh.googleusercontent.com/EGemoI2NTXmTsBVtJqk8jxF9rh8ApRWfsIMQSt2uE4OcpQqbFu7f7NbTK05lx80nuSijCz7sc3a277R67g,aplikasi lemot gak cocok untuk gen Z yang ingin sat set,1,0,2.3.0,2025-11-25 17:52:14+00:00,"Hai, Kak Achmad. Maaf atas ketidaknyamanannya. Kami akan selalu terus memperbaiki sistem demi mencapai kepuasan para pengguna aplikasi blu. Terkait kendala tersebut pastikan Kakak menggunakan aplikasi blu versi terbaru, pastikan setting waktu di handphone menjadi otomatis, jaringan internet lancar dan stabil serta tidak menggunakan jaringan WiFi.",2025-11-25 19:41:23,2.3.0
b112909e-34f2-4beb-88e1-532307d4b992,Pengguna Google,https://play-lh.googleusercontent.com/EGemoI2NTXmTsBVtJqk8jxF9rh8ApRWfsIMQSt2uE4OcpQqbFu7f7NbTK05lx80nuSijCz7sc3a277R67g,aplikasi blu sudah normal dang mantap,5,0,2.5.0,2025-11-25 17:50:34+00:00,"Hai, Kak Rivo. Maaf atas ketidaknyamanannya. Kami akan selalu terus memperbaiki sistem demi mencapai kepuasan para pengguna aplikasi blu. Terkait kendala tersebut pastikan Kakak menggunakan blu versi terbaru, pastikan setting waktu di handphone menjadi otomatis, jaringan internet lancar dan stabil atau Kakak boleh switch jaringan pada handphone.",2025-11-25 18:00:51,2.5.0
04e3c00e-8a6c-480f-8c73-a0846c1652d3,Pengguna Google,https://play-lh.googleusercontent.com/EGemoI2NTXmTsBVtJqk8jxF9rh8ApRWfsIMQSt2uE4OcpQqbFu7f7NbTK05lx80nuSijCz7sc3a277R67g,"kebanyakan promonya fiktif, dan syarat ketentuan super ribet, dan paling ngeselin itu aplikasinya yang ribet banget mau cari transaksi atau transfer aja susahnya minta ampun, Ohiya enak cuman di awal² free transfer tapi sisanya nggak, kalau mau cari app bank digital mending yqngvalin aja yang lebih ok.",1,0,,2025-11-25 17:28:32+00:00,"Hai, Kak Asrial. Maaf atas ketidaknyamanannya. Kami akan selalu berusaha memberikan yang terbaik kebutuhan perbankan Kakak. Mohon pastikan perangkat sudah update versi terbaru dan jika ada kendala silakan mengirimkan bukti kendala atau bisa langsung menghubungi X @haloblu atau email haloblu@bcadigital.co.id atau telepon 1500668 (layanan 24 jam).",2025-11-25 17:56:38,
a86ec5bf-a800-4f39-8ab4-d62f41b18dc4,Pengguna Google,https://play-lh.googleusercontent.com/EGemoI2NTXmTsBVtJqk8jxF9rh8ApRWfsIMQSt2uE4OcpQqbFu7f7NbTK05lx80nuSijCz7sc3a277R67g,"Aplikasinya berat , sering updatee gada perubahan fitur, Vcc bermasalah ga jelas ga bisa di pakai",1,0,,2025-11-25 16:08:13+00:00,"Hai, Kak Aziz. Maaf atas ketidaknyamanannya. Terkait kendala tersebut, mohon pastikan Kakak telah menggunakan aplikasi blu versi yang terbaru dan pastikan koneksi jaringan yang digunakan dalam keadaan stabil. Terkait kendala VCC, mohon kesediaan Kakak dapat mengirimkan tampilan gambar ke X @haloblu agar kami bisa bantu lebih lanjut ya.
",2025-11-25 16:28:50,
03fa566e-1963-49c5-b182-03ef4c4059ff,Pengguna Google,https://play-lh.googleusercontent.com/EGemoI2NTXmTsBVtJqk8jxF9rh8ApRWfsIMQSt2uE4OcpQqbFu7f7NbTK05lx80nuSijCz7sc3a277R67g,"𝘮𝘯𝘶𝘳𝘵 𝘨𝘶𝘦 𝘢𝘱𝘭𝘪𝘬𝘢𝘴𝘪 𝘮𝘣𝘯𝘬𝘪𝘯𝘨 𝘪𝘯𝘪 𝘴𝘶𝘧𝘩 𝘣𝘢𝘨𝘶𝘴...𝘶𝘯𝘵𝘶𝘬 𝘮𝘦𝘯𝘢𝘣𝘶𝘯𝘨 𝘥𝘢𝘯 𝘭𝘢𝘪𝘯 𝘭𝘢𝘪𝘯..𝘮𝘦𝘯𝘶 𝘥𝘢𝘯 𝘧𝘪𝘵𝘶𝘳𝘯𝘺𝘢 𝘴𝘢𝘺𝘢,𝘴𝘶𝘬𝘢 𝘨𝘳𝘢𝘧𝘪𝘬𝘯𝘺𝘢 𝘭𝘦𝘣𝘪𝘩 𝘮𝘰𝘥𝘦𝘳𝘯",5,0,2.3.0,2025-11-25 13:27:33+00:00,"Hai, Kak Takky. Terima kasih atas ulasannya. Semoga blu bisa selalu memberikan yang terbaik untuk memenuhi semua kebutuhan perbankan Kakak. Jika ada kendala atau hal lain yang ingin ditanyakan, Kakak bisa langsung menghubungi X @haloblu atau email haloblu@bcadigital.co.id atau telepon 1500668 (layanan 24 jam).",2025-11-25 14:10:14,2.3.0
ab315784-80e1-4e9e-995a-7ced1162031c,Pengguna Google,https://play-lh.googleusercontent.com/EGemoI2NTXmTsBVtJqk8jxF9rh8ApRWfsIMQSt2uE4OcpQqbFu7f7NbTK05lx80nuSijCz7sc3a277R67g,okay,5,0,,2025-11-25 10:22:18+00:00,"Hai, Kak Flaza. Terima kasih atas ulasannya. Semoga blu bisa selalu memberikan yang terbaik untuk memenuhi semua kebutuhan perbankan Kakak. Jika ada kendala atau hal lain yang ingin ditanyakan, Kakak bisa langsung menghubungi X @haloblu atau email haloblu@bcadigital.co.id atau telepon 1500668 (layanan 24 jam).",2025-11-25 10:59:11,
20671edf-b482-475c-b1b8-2d0aa7efc7aa,Pengguna Google,https://play-lh.googleusercontent.com/EGemoI2NTXmTsBVtJqk8jxF9rh8ApRWfsIMQSt2uE4OcpQqbFu7f7NbTK05lx80nuSijCz7sc3a277R67g,"Jelek banget!!! lambat, lemot, berat rasanya padahal buka qris doang, rugi deh ga ada manfaatnya untuk finsncial saya nabung banyak bgt tapi gagal pakai layanan extracash tampa dikasiih tau alasannya kenapa, kalo emang tidak ada jangan di kasih produknya!!!. nyesel bgt pakai ini terpaksa karena dari BCA aja.",1,5,2.5.0,2025-11-25 09:11:10+00:00,"Hai, Kak Irawan. Maaf atas ketidaknyamanannya. Jika aplikasi blu Kakak terasa lambat, pastikan Kakak sudah menggunakan aplikasi blu versi terbaru dan pastikan koneksi jaringan yang digunakan dalam keadaan stabil. Jika bluExtraCash Kakak belum disetujui, maka hal tersebut merupakan hasil analisa dari pihak terkait kami dari data yang Kakak miliki.",2025-11-25 10:50:41,2.5.0
ad03a250-5ec6-4ebd-8efa-ed61685a4fe3,Pengguna Google,https://play-lh.googleusercontent.com/EGemoI2NTXmTsBVtJqk8jxF9rh8ApRWfsIMQSt2uE4OcpQqbFu7f7NbTK05lx80nuSijCz7sc3a277R67g,sayang banget narik di ATM BCA kena potongan,1,0,2.4.0,2025-11-25 06:22:25+00:00,"Hai, Kak Meri. Maaf atas ketidaknyamanannya. Kakak bisa dapat bebas biaya transaksi tarik tunai dengan atau tanpa kartu di ATM BCA dengan menggunakan kuota bluRewards dari program bluLoyalty. Namun jika kuota bluRewards habis maka akan dikenakan biaya Rp3.500,- per transaksi ya.",2025-11-25 06:59:37,2.4.0
61a23f6a-ec17-4117-90a7-50c076c9e66c,Pengguna Google,https://play-lh.googleusercontent.com/EGemoI2NTXmTsBVtJqk8jxF9rh8ApRWfsIMQSt2uE4OcpQqbFu7f7NbTK05lx80nuSijCz7sc3a277R67g,sejauh ini baik,5,0,2.6.0,2025-11-25 05:22:51+00:00,"Hai, Kak Herry. Terima kasih atas ulasannya. Semoga blu bisa selalu memberikan yang terbaik untuk memenuhi semua kebutuhan perbankan Kakak. Jika ada kendala atau hal lain yang ingin ditanyakan, Kakak bisa langsung menghubungi X @haloblu atau email haloblu@bcadigital.co.id atau telepon 1500668 (layanan 24 jam).",2025-11-25 06:58:14,2.6.0
bbc1e5e5-143a-4430-b920-9e11fde4e6cf,Pengguna Google,https://play-lh.googleusercontent.com/EGemoI2NTXmTsBVtJqk8jxF9rh8ApRWfsIMQSt2uE4OcpQqbFu7f7NbTK05lx80nuSijCz7sc3a277R67g,oke,5,0,,2025-11-25 00:10:07+00:00,"Hai, Kak Zira. Terima kasih atas ulasannya. Semoga blu bisa selalu memberikan yang terbaik untuk memenuhi semua kebutuhan perbankan Kakak. Jika ada kendala atau hal lain yang ingin ditanyakan, Kakak bisa langsung menghubungi X @haloblu atau email haloblu@bcadigital.co.id atau telepon 1500668 (layanan 24 jam).",2025-11-25 00:22:17,
b43e3ad0-a5e7-4deb-8c9c-ddc4b1e8e3b8,Pengguna Google,https://play-lh.googleusercontent.com/EGemoI2NTXmTsBVtJqk8jxF9rh8ApRWfsIMQSt2uE4OcpQqbFu7f7NbTK05lx80nuSijCz7sc3a277R67g,🖤🖤🖤🖤,5,0,,2025-11-24 20:19:10+00:00,"Hai, Kak Meeyy. Terima kasih atas ulasannya. Semoga blu bisa selalu memberikan yang terbaik untuk memenuhi semua kebutuhan perbankan Kakak. Jika ada kendala atau hal lain yang ingin ditanyakan, Kakak bisa langsung menghubungi X @haloblu atau email haloblu@bcadigital.co.id atau telepon 1500668 (layanan 24 jam).",2025-11-24 20:48:27,
068909a1-16e6-4274-9d44-5282345d48c1,Pengguna Google,https://play-lh.googleusercontent.com/EGemoI2NTXmTsBVtJqk8jxF9rh8ApRWfsIMQSt2uE4OcpQqbFu7f7NbTK05lx80nuSijCz7sc3a277R67g,cukup membantu disaat kondisi terbatas dgn fisik cash pembayaran tapi keterbatasan dari lokasi penggunaan yg terkadang jadi kendala..,5,1,2.5.0,2025-11-24 16:25:43+00:00,"Hai, Kak Dedy. Terima kasih atas ulasannya. Semoga blu bisa selalu memberikan yang terbaik untuk memenuhi semua kebutuhan perbankan Kakak. Jika ada kendala atau hal lain yang ingin ditanyakan, Kakak bisa langsung menghubungi X @haloblu atau email haloblu@bcadigital.co.id atau telepon 1500668 (layanan 24 jam).",2025-11-24 16:59:24,2.5.0
96ef5dca-8d98-49bf-8478-97c37f2ef793,Pengguna Google,https://play-lh.googleusercontent.com/EGemoI2NTXmTsBVtJqk8jxF9rh8ApRWfsIMQSt2uE4OcpQqbFu7f7NbTK05lx80nuSijCz7sc3a277R67g,"verifikasi gagal terus, padahal udah turuti step by step, sampah",1,0,1.29.10,2025-11-24 16:24:54+00:00,"Hai, Kak Muhammad. Maaf atas ketidaknyamanannya. Kami akan selalu berusaha memberikan yang terbaik demi kebutuhan perbankan Kakak. Terkait hal tersebut pastikan beberapa hal berikut, pastikan Kakak tidak memakai sunglasses, di tempat yang terang, tidak backlight, posisi wajah di dalam lingkaran dan pastikan aplikasi blu versi terupdate ya.",2025-11-24 16:57:38,1.29.10
6e967a03-8ec9-421e-b53d-1c23ea379150,Pengguna Google,https://play-lh.googleusercontent.com/EGemoI2NTXmTsBVtJqk8jxF9rh8ApRWfsIMQSt2uE4OcpQqbFu7f7NbTK05lx80nuSijCz7sc3a277R67g,"aplikasi lambat dan ga seamless banyak potongan juga. Aneh padahalnsudah cuan banyak, masih aja menyulitkan Usaha kecil.",1,0,,2025-11-24 14:26:31+00:00,"Hai, Kakak. Maaf atas ketidaknyamanannya. Kami akan selalu terus memperbaiki sistem demi mencapai kepuasan para pengguna aplikasi blu. Terkait kendala tersebut pastikan Kakak menggunakan aplikasi blu versi terbaru, pastikan setting waktu di handphone menjadi otomatis, jaringan internet lancar dan stabil serta tidak menggunakan jaringan WiFi.",2025-11-24 15:18:42,
d3ec29d9-509c-4075-888f-5e14d3770c22,Pengguna Google,https://play-lh.googleusercontent.com/EGemoI2NTXmTsBVtJqk8jxF9rh8ApRWfsIMQSt2uE4OcpQqbFu7f7NbTK05lx80nuSijCz7sc3a277R67g,"tolonglah di improve sistemnya, mau verifikasi wajah aja lama banget. kamera udh jelas, posisi udh jelas, tp masih susah masuk malah disuruh ulang mulu. jd capek kalo kaya gini mah.",1,6,2.6.0,2025-11-24 13:36:29+00:00,"Hai, Kak Muhammad. Maaf atas ketidaknyamanannya. Kami akan selalu berusaha memberikan yang terbaik demi kebutuhan perbankan Kakak. Terkait hal tersebut pastikan beberapa hal berikut, pastikan Kakak tidak memakai sunglasses, di tempat yang terang, tidak backlight, posisi wajah di dalam lingkaran dan pastikan aplikasi blu versi terupdate ya.",2025-11-24 14:03:40,2.6.0
749217ac-f01c-453c-a4fb-9e842cd6c988,Pengguna Google,https://play-lh.googleusercontent.com/EGemoI2NTXmTsBVtJqk8jxF9rh8ApRWfsIMQSt2uE4OcpQqbFu7f7NbTK05lx80nuSijCz7sc3a277R67g,bagus sekali,5,0,2.5.0,2025-11-24 13:14:24+00:00,"Hai, Kakak. Terima kasih atas ulasannya. Semoga blu bisa selalu memberikan yang terbaik untuk memenuhi semua kebutuhan perbankan Kakak. Jika ada kendala atau hal lain yang ingin ditanyakan, Kakak bisa langsung menghubungi X @haloblu atau email haloblu@bcadigital.co.id atau telepon 1500668 (layanan 24 jam).",2025-11-24 14:02:11,2.5.0
a2b3d091-9e99-4b8b-ab8c-a574779cac39,Pengguna Google,https://play-lh.googleusercontent.com/EGemoI2NTXmTsBVtJqk8jxF9rh8ApRWfsIMQSt2uE4OcpQqbFu7f7NbTK05lx80nuSijCz7sc3a277R67g,KENAPA GA BISA TRANSFER VIRTUAL ACCOUNT SIH????,1,0,2.6.0,2025-11-24 13:11:13+00:00,"Hai, Kak ARIF. Maaf atas ketidaknyamanannya. Kami akan selalu berusaha memberikan yang terbaik demi memenuhi kebutuhan perbankan Kakak. Terkait kendala tersebut boleh infokan detail kendala serta kirimkan gambar kendalanya ke X @haloblu atau email haloblu@bcadigital.co.id agar kami bisa bantu lebih lanjut ya.",2025-11-24 13:59:02,2.6.0
490b99e2-a343-4c61-9686-d40e286b8af0,Pengguna Google,https://play-lh.googleusercontent.com/EGemoI2NTXmTsBVtJqk8jxF9rh8ApRWfsIMQSt2uE4OcpQqbFu7f7NbTK05lx80nuSijCz7sc3a277R67g,mudah kali cara pemakaian ny,5,0,2.5.0,2025-11-24 11:03:17+00:00,"Hai, Kak Ivan. Terima kasih atas ulasannya. Semoga blu bisa selalu memberikan yang terbaik untuk memenuhi semua kebutuhan perbankan Kakak. Jika ada kendala atau hal lain yang ingin ditanyakan, Kakak bisa langsung menghubungi X @haloblu atau email haloblu@bcadigital.co.id atau telepon 1500668 (layanan 24 jam).",2025-11-24 11:11:59,2.5.0
8fb217fc-d764-460b-9364-948be5b08023,Pengguna Google,https://play-lh.googleusercontent.com/EGemoI2NTXmTsBVtJqk8jxF9rh8ApRWfsIMQSt2uE4OcpQqbFu7f7NbTK05lx80nuSijCz7sc3a277R67g,mantap,5,0,2.5.0,2025-11-24 10:45:05+00:00,"Hai, Kak Zamroni. Terima kasih atas ulasannya. Semoga blu bisa selalu memberikan yang terbaik untuk memenuhi semua kebutuhan perbankan Kakak. Jika ada kendala atau hal lain yang ingin ditanyakan, Kakak bisa langsung menghubungi X @haloblu atau email haloblu@bcadigital.co.id atau telepon 1500668 (layanan 24 jam).",2025-11-24 11:10:59,2.5.0
d112d819-2e12-48e3-b530-ae102ebc9038,Pengguna Google,https://play-lh.googleusercontent.com/EGemoI2NTXmTsBVtJqk8jxF9rh8ApRWfsIMQSt2uE4OcpQqbFu7f7NbTK05lx80nuSijCz7sc3a277R67g,"bagus berguna bgt ,tapi kenapa apknya lemot gtu ya",5,0,,2025-11-24 09:09:23+00:00,"Hai, Kak Rina. Maaf atas ketidaknyamanannya. Kami akan selalu terus memperbaiki sistem demi mencapai kepuasan para pengguna aplikasi blu. Terkait kendala tersebut pastikan Kakak menggunakan aplikasi blu versi terbaru, pastikan setting waktu di handphone menjadi otomatis, jaringan internet lancar dan stabil, tidak menggunakan jaringan WiFi.",2025-11-24 09:59:11,
4f56bc73-6bbb-4644-a5f1-efd43b06c780,Pengguna Google,https://play-lh.googleusercontent.com/EGemoI2NTXmTsBVtJqk8jxF9rh8ApRWfsIMQSt2uE4OcpQqbFu7f7NbTK05lx80nuSijCz7sc3a277R67g,bagus,5,0,2.5.0,2025-11-24 08:22:38+00:00,"Hai, Kak yayan. Terima kasih atas ulasannya. Semoga blu bisa selalu memberikan yang terbaik untuk memenuhi semua kebutuhan perbankan Kakak. Jika ada kendala atau hal lain yang ingin ditanyakan, Kakak bisa langsung menghubungi X @haloblu atau email haloblu@bcadigital.co.id atau telepon 1500668 (layanan 24 jam).",2025-11-24 09:08:07,2.5.0
4d4ed408-ac08-4b81-a384-b4342a7914a2,Pengguna Google,https://play-lh.googleusercontent.com/EGemoI2NTXmTsBVtJqk8jxF9rh8ApRWfsIMQSt2uE4OcpQqbFu7f7NbTK05lx80nuSijCz7sc3a277R67g,"Login haeus pake nomor hp, harusnya pake nik atau email biar lebih gampang . Susah kalau pake nomor hp soalnya kadang hangus no nya",1,0,2.6.0,2025-11-24 08:20:45+00:00,"Hai, Kakak. Maaf atas ketidaknyamanannya. Untuk login menggunakan nomor handphone yang terdaftar ya Kak. Jika nomor yang terdaftar tidak aktif, kakak dapat menghubungi layanan haloblu 1500668 agar dibantu lebih lanjut. Kakak dapat menghubungi layanan haloblu 1500668 pada aplikasi haloBCA yang dapat diunduh di Play Store/App Store dan bebas pulsa.",2025-11-24 09:06:19,2.6.0
219d3e74-8351-4bef-9294-813105822e92,Pengguna Google,https://play-lh.googleusercontent.com/EGemoI2NTXmTsBVtJqk8jxF9rh8ApRWfsIMQSt2uE4OcpQqbFu7f7NbTK05lx80nuSijCz7sc3a277R67g,payahh. jd nasabah bca 10an tahun ngajuin tolak,1,0,2.6.0,2025-11-24 00:43:35+00:00,"Hai, Kak Tri. Maaf atas ketidaknyamanannya. Terkait hapus aplikasi, mohon kesediaan Kakak dapat menginformasikan lebih detail melalui email haloblu@bcadigital.co.id atau DM X @haloblu, agar kami dapat menginformasikan sesuai dengan kebutuhan Kakak.",2025-11-24 01:47:39,2.6.0
6f2f2e14-d58e-4f16-85d5-fd95b6272852,Pengguna Google,https://play-lh.googleusercontent.com/EGemoI2NTXmTsBVtJqk8jxF9rh8ApRWfsIMQSt2uE4OcpQqbFu7f7NbTK05lx80nuSijCz7sc3a277R67g,produk BCA emang slalu terdepan kalo soal perbankan digital👍👍👍,5,0,,2025-11-23 19:57:00+00:00,"Hai, Kak Kiandra. Terima kasih atas ulasannya. Semoga blu bisa selalu memberikan yang terbaik untuk memenuhi semua kebutuhan perbankan Kakak. Selamat menikmati kemudahan bertransaksi menggunakan blu ya. 😊",2025-11-23 20:06:33,
b65d3973-4952-422a-ba01-a8e78817f2f7,Pengguna Google,https://play-lh.googleusercontent.com/EGemoI2NTXmTsBVtJqk8jxF9rh8ApRWfsIMQSt2uE4OcpQqbFu7f7NbTK05lx80nuSijCz7sc3a277R67g,semoga di ACC aplikasinya mudah di pahami,5,0,2.6.0,2025-11-23 18:19:02+00:00,"Hai, Kak Wawan. Terima kasih atas ulasannya. Semoga blu bisa selalu memberikan yang terbaik untuk memenuhi semua kebutuhan perbankan Kakak. Jika ada kendala atau hal lain yang ingin ditanyakan, Kakak bisa langsung menghubungi X @haloblu atau email haloblu@bcadigital.co.id atau telepon 1500668 (layanan 24 jam).",2025-11-23 19:10:38,2.6.0
76306767-32a2-4fb6-b8fb-661b7732bc2e,Pengguna Google,https://play-lh.googleusercontent.com/EGemoI2NTXmTsBVtJqk8jxF9rh8ApRWfsIMQSt2uE4OcpQqbFu7f7NbTK05lx80nuSijCz7sc3a277R67g,"Alhamdulillah sudah bisa ..semoga gx eror2 lagi,",4,0,,2025-11-23 15:52:20+00:00,"Hai, Kak Fis tri. Terima kasih atas ulasannya. Semoga blu bisa selalu memberikan yang terbaik untuk memenuhi semua kebutuhan perbankan Kakak. Jika ada kendala atau hal lain yang ingin ditanyakan, Kakak bisa langsung menghubungi X @haloblu atau email haloblu@bcadigital.co.id atau telepon 1500668 (layanan 24 jam).
",2025-11-23 16:39:08,
de16694f-3f14-4ef5-9f93-bfe1e0d56f62,Pengguna Google,https://play-lh.googleusercontent.com/EGemoI2NTXmTsBVtJqk8jxF9rh8ApRWfsIMQSt2uE4OcpQqbFu7f7NbTK05lx80nuSijCz7sc3a277R67g,sudah lebih baik dan stabil,5,0,2.6.0,2025-11-23 15:08:57+00:00,"Hai, Kak Hapsoro Swasono. Terima kasih atas ulasannya. Semoga blu bisa selalu memberikan yang terbaik untuk memenuhi semua kebutuhan perbankan Kakak. Jika ada kendala atau hal lain yang ingin ditanyakan, Kakak bisa langsung menghubungi X @haloblu atau email haloblu@bcadigital.co.id atau telepon 1500668 (layanan 24 jam).
",2025-11-23 16:38:02,2.6.0
0b29108d-4027-4fcc-bece-23ab1eb87498,Pengguna Google,https://play-lh.googleusercontent.com/EGemoI2NTXmTsBVtJqk8jxF9rh8ApRWfsIMQSt2uE4OcpQqbFu7f7NbTK05lx80nuSijCz7sc3a277R67g,"kurang bagus, mau daftar aj ga bisa",1,1,2.3.0,2025-11-23 14:58:33+00:00,"Hai, Kakak. Maaf atas ketidaknyamanannya. Kami akan selalu berusaha memberikan yang terbaik demi memenuhi kebutuhan perbankan Kakak. Terkait kendala tersebut boleh infokan detail kendala serta kirimkan gambar kendalanya ke X @haloblu atau email haloblu@bcadigital.co.id agar kami bisa bantu lebih lanjut ya.",2025-11-23 15:05:13,2.3.0
d87feb7a-ec0d-4d80-828f-d21839b3d0a0,Pengguna Google,https://play-lh.googleusercontent.com/EGemoI2NTXmTsBVtJqk8jxF9rh8ApRWfsIMQSt2uE4OcpQqbFu7f7NbTK05lx80nuSijCz7sc3a277R67g,bener bener keren neh aplikasi nabung dan transaksi aja terus pasti dikasih pinjaman langsung cair bro recommended neh aplikasi cussss lahhh download recommended,5,2,2.5.0,2025-11-23 08:54:33+00:00,"Hai, Kak Hermawan. Terima kasih atas ulasannya. Semoga blu bisa selalu memberikan yang terbaik untuk memenuhi semua kebutuhan perbankan Kakak. Jika ada kendala atau hal lain yang ingin ditanyakan, Kakak bisa langsung menghubungi X @haloblu atau email haloblu@bcadigital.co.id atau telepon 1500668 (layanan 24 jam).",2025-11-23 09:04:36,2.5.0
ce1c28a5-8dde-4a99-b184-fe258a9e31c1,Pengguna Google,https://play-lh.googleusercontent.com/EGemoI2NTXmTsBVtJqk8jxF9rh8ApRWfsIMQSt2uE4OcpQqbFu7f7NbTK05lx80nuSijCz7sc3a277R67g,good,5,0,,2025-11-23 07:33:28+00:00,"Hai, Kak Stephani. Terima kasih atas ulasannya. Semoga blu bisa selalu memberikan yang terbaik untuk memenuhi semua kebutuhan perbankan Kakak. Selamat menikmati kemudahan bertransaksi menggunakan blu ya. 😊",2025-11-23 08:01:50,
d1230790-261c-4e25-b587-647d47997003,Pengguna Google,https://play-lh.googleusercontent.com/EGemoI2NTXmTsBVtJqk8jxF9rh8ApRWfsIMQSt2uE4OcpQqbFu7f7NbTK05lx80nuSijCz7sc3a277R67g,"Sejauh ini, bagus banget. Memudahkan saya bertransaksi dengan merchant luar negeri. Bagusnya lagi, ketika bayar menggunakan kartu debit, saya tidak perlu repot membuka aplikasi untuk melakukan konfirmasi, melainkan langsung dikirimkan kode verifikasi melalui notifikasi, yang mana hal ini sangat menghemat waktu dan mempermudah proses transaksi. Terima kasih, blu by BCA Digital. Semoga bisa terus lebih baik ke depannya. Pertahankan.",5,49,2.6.0,2025-11-22 16:52:38+00:00,"Hai, Kak Shofwan. Terima kasih atas ulasannya. Semoga blu bisa selalu memberikan yang terbaik untuk memenuhi semua kebutuhan perbankan Kakak. Jika ada kendala atau hal lain yang ingin ditanyakan, Kakak bisa langsung menghubungi X @haloblu atau email haloblu@bcadigital.co.id atau telepon 1500668 (layanan 24 jam).",2025-11-22 16:58:54,2.6.0
164fdd2e-d5c4-4850-a1c1-b918ca9e0c93,Pengguna Google,https://play-lh.googleusercontent.com/EGemoI2NTXmTsBVtJqk8jxF9rh8ApRWfsIMQSt2uE4OcpQqbFu7f7NbTK05lx80nuSijCz7sc3a277R67g,"parah, daftar gagal mulu. Aneh ini bank digital, biasanya kn mudah gitu proses daftar ini ribet banget. Ini harus masukkan data wali, pekerjaan & perusahaannya. Lah kocak, kalau kerjaannya petani itu nggak ada perusahaannya bjirr lah. Juga ngapain coba masukkan data perusahaan bekerja, itukan ranah pribadi anjirrr. Misal mau resign gitu kn juga ujung²nya berubah. Sekiga di permudah dah",1,1,,2025-11-22 11:26:33+00:00,"Hai, Kak Yogi. Maaf atas ketidaknyamanannya. Jika yang dimaksud pembukaan rekening ditolak maka hal tersebut sepenuhnya menjadi kebijakan dari BCA Digital setelah melakukan analisa dari kelengkapan data. Dikhawatirkan terdapat data diri yang tidak dapat terverifikasi atau hal lain yang tidak sesuai dengan ketentuan internal BCA Digital.",2025-11-22 12:06:21,
49c4c892-0045-4eed-b6e3-fe44aaf6c713,Pengguna Google,https://play-lh.googleusercontent.com/EGemoI2NTXmTsBVtJqk8jxF9rh8ApRWfsIMQSt2uE4OcpQqbFu7f7NbTK05lx80nuSijCz7sc3a277R67g,orang pada bilang aplikasinya lemot dll tapi kenapa di hpku lancar jaya ya?,5,0,2.6.0,2025-11-22 09:30:27+00:00,"Hai, Kak Rangga. Terima kasih atas ulasannya. Semoga blu bisa selalu memberikan yang terbaik untuk memenuhi semua kebutuhan perbankan Kakak. Jika ada kendala atau hal lain yang ingin ditanyakan, Kakak bisa langsung menghubungi X @haloblu atau email haloblu@bcadigital.co.id atau telepon 1500668 (layanan 24 jam).",2025-11-22 10:21:37,2.6.0
91aec956-4bca-4cbd-ab53-e915ab348702,Pengguna Google,https://play-lh.googleusercontent.com/EGemoI2NTXmTsBVtJqk8jxF9rh8ApRWfsIMQSt2uE4OcpQqbFu7f7NbTK05lx80nuSijCz7sc3a277R67g,mantapppp,5,0,2.5.0,2025-11-22 09:23:19+00:00,"Hai, Kak Ratu. Terima kasih atas ulasannya. Semoga blu bisa selalu memberikan yang terbaik untuk memenuhi semua kebutuhan perbankan Kakak. Jika ada kendala atau hal lain yang ingin ditanyakan, Kakak bisa langsung menghubungi X @haloblu atau email haloblu@bcadigital.co.id atau telepon 1500668 (layanan 24 jam).",2025-11-22 10:20:44,2.5.0
794f7374-3733-4786-9683-409702eeaf75,Pengguna Google,https://play-lh.googleusercontent.com/EGemoI2NTXmTsBVtJqk8jxF9rh8ApRWfsIMQSt2uE4OcpQqbFu7f7NbTK05lx80nuSijCz7sc3a277R67g,sangat memuaskan,5,0,2.5.0,2025-11-22 07:22:25+00:00,"Hai, Kak Layli. Terima kasih atas ulasannya. Semoga blu bisa selalu memberikan yang terbaik untuk memenuhi semua kebutuhan perbankan Kakak. Jika ada kendala atau hal lain yang ingin ditanyakan, Kakak bisa langsung menghubungi X @haloblu atau email haloblu@bcadigital.co.id atau telepon 1500668 (layanan 24 jam).",2025-11-22 08:07:51,2.5.0
56f9b4fa-48d0-41c1-9b17-2df04efbf600,Pengguna Google,https://play-lh.googleusercontent.com/EGemoI2NTXmTsBVtJqk8jxF9rh8ApRWfsIMQSt2uE4OcpQqbFu7f7NbTK05lx80nuSijCz7sc3a277R67g,saya gunakan ini untuk atur keuangan lebih baik,5,0,2.3.0,2025-11-22 04:45:44+00:00,"Hai, Kakak. Terima kasih atas ulasannya. Semoga blu bisa selalu memberikan yang terbaik untuk memenuhi semua kebutuhan perbankan Kakak. Jika ada kendala atau hal lain yang ingin ditanyakan, Kakak bisa langsung menghubungi X @haloblu atau email haloblu@bcadigital.co.id atau telepon 1500668 (layanan 24 jam).",2025-11-22 05:03:12,2.3.0
f67c4766-c9d1-4375-aac8-c4c3f53356d6,Pengguna Google,https://play-lh.googleusercontent.com/EGemoI2NTXmTsBVtJqk8jxF9rh8ApRWfsIMQSt2uE4OcpQqbFu7f7NbTK05lx80nuSijCz7sc3a277R67g,bagus sll konfirmasi jika ada update terbaru,5,0,2.5.0,2025-11-22 02:19:40+00:00,"Hai, Kak Eva. Terima kasih atas ulasannya. Semoga blu bisa selalu memberikan yang terbaik untuk memenuhi semua kebutuhan perbankan Kakak. Selamat menikmati kemudahan bertransaksi menggunakan blu ya. 😊",2025-11-22 03:02:31,2.5.0
889f5c6d-3b84-4db3-bcfc-04d9a749439a,Pengguna Google,https://play-lh.googleusercontent.com/EGemoI2NTXmTsBVtJqk8jxF9rh8ApRWfsIMQSt2uE4OcpQqbFu7f7NbTK05lx80nuSijCz7sc3a277R67g,"Lancar... Successfull Untuk Blu tak terasa sudah hampir 4 tahun lebih pakai blu kuuu , sudah menemani Transaksi ku di China ,Qatar , Dubai, Saudi, Yemen, Mesir dan Oman 🤗💚🙏",5,0,2.4.0,2025-11-22 01:06:20+00:00,"Hai, Kakak. Terima kasih atas ulasannya. Semoga blu bisa selalu memberikan yang terbaik untuk memenuhi semua kebutuhan perbankan Kakak. Jika ada kendala atau hal lain yang ingin ditanyakan, Kakak bisa langsung menghubungi X @haloblu atau email haloblu@bcadigital.co.id atau telepon 1500668 (layanan 24 jam).",2025-11-22 02:07:56,2.4.0
ff8b2bfc-0f3c-48d0-b5b7-f284ea4f8091,Pengguna Google,https://play-lh.googleusercontent.com/EGemoI2NTXmTsBVtJqk8jxF9rh8ApRWfsIMQSt2uE4OcpQqbFu7f7NbTK05lx80nuSijCz7sc3a277R67g,"baik, pelayanan baik, oke, utk ditingkatkan",5,0,2.3.0,2025-11-21 21:53:21+00:00,"Hai, Kak Dendy. Terima kasih atas ulasannya. Semoga blu bisa selalu memberikan yang terbaik untuk memenuhi semua kebutuhan perbankan Kakak. Jika ada kendala atau hal lain yang ingin ditanyakan, Kakak bisa langsung menghubungi X @haloblu atau email haloblu@bcadigital.co.id atau telepon 1500668 (layanan 24 jam).",2025-11-21 23:03:30,2.3.0
7518d9cd-03bf-4ed2-8046-db73d0130bbf,Pengguna Google,https://play-lh.googleusercontent.com/EGemoI2NTXmTsBVtJqk8jxF9rh8ApRWfsIMQSt2uE4OcpQqbFu7f7NbTK05lx80nuSijCz7sc3a277R67g,"behhh sinyal bagus,tapi gk bisa login,auuuuuuuuuuuuuuu",2,0,,2025-11-21 18:51:12+00:00,"Hai, Kakak. Maaf atas ketidaknyamanannya. Terkait kendala tersebut boleh kirimkan gambar kendalanya ke X @haloblu atau email haloblu@bcadigital.co.id agar kami bisa bantu lebih lanjut ya.",2025-11-21 19:10:17,
4777cb1c-e61b-4d89-887f-3494bd4a1a4a,Pengguna Google,https://play-lh.googleusercontent.com/EGemoI2NTXmTsBVtJqk8jxF9rh8ApRWfsIMQSt2uE4OcpQqbFu7f7NbTK05lx80nuSijCz7sc3a277R67g,"scan qris nya sangat sangat lambat, beda dari aplikasi lain ynh scan nya cepet bgt",1,1,2.3.0,2025-11-21 18:47:54+00:00,"Hai, Kak Iqbal. Maaf atas ketidaknyamanannya. Kami akan selalu terus memperbaiki sistem demi mencapai kepuasan para pengguna aplikasi blu. Terkait kendala tersebut pastikan Kakak menggunakan aplikasi blu versi terbaru, pastikan setting waktu di handphone menjadi otomatis, jaringan internet lancar dan stabil serta tidak menggunakan jaringan WiFi.",2025-11-21 19:09:28,2.3.0
18f39ae1-da66-46ee-a6dc-71000f2708c3,Pengguna Google,https://play-lh.googleusercontent.com/EGemoI2NTXmTsBVtJqk8jxF9rh8ApRWfsIMQSt2uE4OcpQqbFu7f7NbTK05lx80nuSijCz7sc3a277R67g,gabisa buka rekening karna ga sesuai kriteria.. hehehe lucu,1,1,2.6.0,2025-11-21 16:13:02+00:00,"Hai, Kak Maulana. Maaf atas ketidaknyamanannya. Hal tersebut sepenuhnya menjadi kebijakan dari BCA Digital setelah melakukan analisa dari kelengkapan data pembukaan rekening. Dikhawatirkan terdapat data diri yang tidak dapat terverifikasi atau hal lain yang tidak sesuai dengan ketentuan internal yang ditetapkan oleh BCA Digital.",2025-11-21 16:52:37,2.6.0
61b9b93e-8c1a-4daa-b57a-17b571724072,Pengguna Google,https://play-lh.googleusercontent.com/EGemoI2NTXmTsBVtJqk8jxF9rh8ApRWfsIMQSt2uE4OcpQqbFu7f7NbTK05lx80nuSijCz7sc3a277R67g,Bintang 1 cocok buat aplikasi blu..Produk blu belum bermanfaat bagi saya pribadi..apa yang Blu tawarkan tidak memenuhi harapan pengguna.Semoga keberadaan aplikasi blu bisa d perbaharui lagi.untuk saat ini sy tetap menggunakan myBCA saja..,1,0,,2025-11-21 13:59:56+00:00,"Hai, Kak Senzo. Maaf atas ketidaknyamanannya. Terima kasih atas saran dan masukan yang diberikan, kami akan selalu memperbaiki sistem demi mencapai kepuasan para pengguna aplikasi blu. Jika ada hal lain yang ingin ditanyakan, Kakak bisa langsung menghubungi X @haloblu atau telepon 1500668 (layanan 24 jam).",2025-11-21 15:24:59,
4ea8fe53-48b4-428d-ba4e-da8eed58c3a3,Pengguna Google,https://play-lh.googleusercontent.com/EGemoI2NTXmTsBVtJqk8jxF9rh8ApRWfsIMQSt2uE4OcpQqbFu7f7NbTK05lx80nuSijCz7sc3a277R67g,kecewa saya sama kurir blu BCA sampai sekarang belum di anter² kartu debit saya gimana ini sudah nunggu lama belum datang datang,1,0,,2025-11-21 10:54:08+00:00,"Hai, Kak Ahmad. Maaf atas ketidaknyamanannya. Pengiriman di area Jabodetabek dan tidak terjadi kendala, Kakak dapat menerima bluDebit Card paling cepat dalam waktu 2 hari kerja, terhitung dari tanggal pengiriman bluDebit Card. Apabila Kakak berada diluar Jabodetabek, maka dapat mengikuti waktu pengiriman yang disesuaikan dengan lokasi Kakak ya.",2025-11-21 11:13:01,
9fd480bb-b5c1-4224-bd42-5ba0d2f12f4f,Pengguna Google,https://play-lh.googleusercontent.com/EGemoI2NTXmTsBVtJqk8jxF9rh8ApRWfsIMQSt2uE4OcpQqbFu7f7NbTK05lx80nuSijCz7sc3a277R67g,susah verifikasi wajah kurang cepat responnya sama dgn ngobrol sama boneka perbaiki masalah verifikasi wajah kecewa berat,1,1,2.6.0,2025-11-21 10:00:58+00:00,"Hai, Kak Radja. Maaf atas ketidaknyamanannya. Kami akan selalu berusaha memberikan yang terbaik demi kebutuhan perbankan Kakak. Terkait hal tersebut pastikan beberapa hal berikut, pastikan Kakak tidak memakai sunglasses, di tempat yang terang, tidak backlight, posisi wajah di dalam lingkaran dan pastikan aplikasi blu versi terbaru ya.",2025-11-21 10:36:27,2.6.0
289f5d93-12b6-4833-a5f2-0fbb5249df38,Pengguna Google,https://play-lh.googleusercontent.com/EGemoI2NTXmTsBVtJqk8jxF9rh8ApRWfsIMQSt2uE4OcpQqbFu7f7NbTK05lx80nuSijCz7sc3a277R67g,ini aplikasi kluar truuuuussss gmana,5,0,2.6.0,2025-11-21 08:21:10+00:00,"Hai, Kak Rizki. Maaf atas ketidaknyamanannya. Terkait kendala tersebut boleh kirimkan gambar kendalanya ke X @haloblu atau email haloblu@bcadigital.co.id agar kami bisa bantu lebih lanjut ya.",2025-11-21 09:16:41,2.6.0
57ae3e8b-0d24-448e-ac63-acd99668ad93,Pengguna Google,https://play-lh.googleusercontent.com/EGemoI2NTXmTsBVtJqk8jxF9rh8ApRWfsIMQSt2uE4OcpQqbFu7f7NbTK05lx80nuSijCz7sc3a277R67g,easy and user freindly apps,5,0,2.2.0,2025-11-21 07:18:50+00:00,"Hai, Kak Hariyanto. Terima kasih atas ulasannya. Semoga blu bisa selalu memberikan yang terbaik untuk memenuhi semua kebutuhan perbankan Kakak. Jika ada kendala atau hal lain yang ingin ditanyakan, Kakak bisa langsung menghubungi X @haloblu atau email haloblu@bcadigital.co.id atau telepon 1500668 (layanan 24 jam).",2025-11-21 08:15:35,2.2.0
61bfa395-e873-4c76-8ce8-61c2b32402c7,Pengguna Google,https://play-lh.googleusercontent.com/EGemoI2NTXmTsBVtJqk8jxF9rh8ApRWfsIMQSt2uE4OcpQqbFu7f7NbTK05lx80nuSijCz7sc3a277R67g,Pembukaan rekening ribet . di tolak beda sama pembukaan rekening BCA BCA SYARIAH . ini CS nya maen tolak alesan data padahal data bagus buka rekening lain bisa. KALAU tidak sanggup karena lonjakan PENDAFTARAN GAK USAH Adain event . WAJAR KALAU LONJAKAN PENDAFTRARAN BNYAK. karena event,2,0,,2025-11-20 16:12:09+00:00,"Hai, Kakak. Maaf atas ketidaknyamanannya. Hal tersebut sepenuhnya menjadi kebijakan dari BCA Digital setelah melakukan analisa dari kelengkapan data pembukaan rekening. Dikhawatirkan terdapat data diri yang tidak dapat terverifikasi atau hal lain yang tidak sesuai dengan ketentuan internal yang ditetapkan oleh BCA Digital ya Kak.",2025-11-20 16:36:22,
a90834cc-5959-4d58-9db3-fe73acb09530,Pengguna Google,https://play-lh.googleusercontent.com/EGemoI2NTXmTsBVtJqk8jxF9rh8ApRWfsIMQSt2uE4OcpQqbFu7f7NbTK05lx80nuSijCz7sc3a277R67g,verifikkasi muka aja gak bs,1,0,2.6.0,2025-11-20 15:53:02+00:00,"Hai, Kak Trian. Maaf atas ketidaknyamanannya. Kami akan selalu berusaha memberikan yang terbaik demi kebutuhan perbankan Kakak. Terkait hal tersebut pastikan beberapa hal berikut, pastikan Kakak tidak memakai sunglasses, di tempat yang terang, tidak backlight, posisi wajah di dalam lingkaran dan pastikan aplikasi blu Kakak versi terbaru ya.",2025-11-20 16:08:09,2.6.0
73fececc-cd05-4bc2-8e21-f450af2ffcb8,Pengguna Google,https://play-lh.googleusercontent.com/EGemoI2NTXmTsBVtJqk8jxF9rh8ApRWfsIMQSt2uE4OcpQqbFu7f7NbTK05lx80nuSijCz7sc3a277R67g,APLIKASI PALING TOLOL SEDUNIA. MASA KALAU PAKAI APLIKASI BLU HARUS DI PASANG PIN DI DEPAN.. SORY YE..,1,0,,2025-11-20 13:35:44+00:00,"Hai, Kak Rofiq. Maaf atas ketidaknyamanannya. Kakak dapat masuk ke profile kemudian pada bagian ""Aktifkan Login Biometric"" namun terima kasih untuk saran yang kakak berikan sebagai masukkan dan jika ada yang ingin ditanyakan, Kakak bisa langsung menghubungi X @haloblu atau email haloblu@bcadigital.co.id atau telepon 1500668 (layanan 24 jam).

",2025-11-20 14:04:54,
77a92169-7eea-4827-a380-4fc57091c7e2,Pengguna Google,https://play-lh.googleusercontent.com/EGemoI2NTXmTsBVtJqk8jxF9rh8ApRWfsIMQSt2uE4OcpQqbFu7f7NbTK05lx80nuSijCz7sc3a277R67g,"fitur berguna, banyak promo, g ada admin, oke deh mantap lah ni bank",5,0,2.5.0,2025-11-20 13:29:46+00:00,"Hai, Kak Irfan Afandi. Terima kasih atas ulasannya. Semoga blu bisa selalu memberikan yang terbaik untuk memenuhi semua kebutuhan perbankan Kakak. Jika ada kendala atau hal lain yang ingin ditanyakan, Kakak bisa langsung menghubungi X @haloblu atau email haloblu@bcadigital.co.id atau telepon 1500668 (layanan 24 jam).
",2025-11-20 14:04:53,2.5.0
7e415e24-2149-4d84-83cf-0ade07ec2b31,Pengguna Google,https://play-lh.googleusercontent.com/EGemoI2NTXmTsBVtJqk8jxF9rh8ApRWfsIMQSt2uE4OcpQqbFu7f7NbTK05lx80nuSijCz7sc3a277R67g,Udah vidio call terus udah sesuai intrupsi tiba tiba vidio call mati tidak ada tidak ada tindak lanjuti/arahan lanjut,1,1,2.6.0,2025-11-20 12:57:41+00:00,"Hai, Kakak. Maaf atas ketidaknyamanannya. Terkait kendala yang dialami minblu saranin Kakak untuk menghubungi haloblu 1500668 agar dibantu cek lebih lanjut karena membutuhkan verifikasi data melalui telepon. Kakak dapat menghubungi layanan haloblu 1500668 pada aplikasi haloBCA yang dapat diunduh di Play Store atau App Store dan bebas pulsa.
",2025-11-20 14:04:52,2.6.0
63a7ae33-14ae-449c-b56a-5bc3863af7f7,Pengguna Google,https://play-lh.googleusercontent.com/EGemoI2NTXmTsBVtJqk8jxF9rh8ApRWfsIMQSt2uE4OcpQqbFu7f7NbTK05lx80nuSijCz7sc3a277R67g,verifikasi muka nya susah banget.,1,0,2.6.0,2025-11-20 10:22:28+00:00,"Hai, Kak Irsandy. Maaf atas ketidaknyamanannya. Apabila yang Kakak maksud gagal pengenalan wajah, maka pastikan Kakak tidak memakai sunglasses, tidak memakai masker, tidak backlight, di tempat yang terang, posisi wajah di dalam lingkaran dan pastikan aplikasi blu Kakak sudah versi terbaru ya.
",2025-11-20 11:05:20,2.6.0
04b5aefd-975c-45b0-809f-9b891a0b4cff,Pengguna Google,https://play-lh.googleusercontent.com/EGemoI2NTXmTsBVtJqk8jxF9rh8ApRWfsIMQSt2uE4OcpQqbFu7f7NbTK05lx80nuSijCz7sc3a277R67g,saya gak bisa verifikasi muka,1,0,2.5.0,2025-11-19 15:05:21+00:00,"Hai, Kak Stella. Maaf atas ketidaknyamanannya. Kami akan selalu berusaha memberikan yang terbaik demi memenuhi kebutuhan perbankan Kakak. Terkait kendala tersebut boleh infokan detail kendala serta kirimkan gambar kendalanya ke X @haloblu atau email haloblu@bcadigital.co.id agar kami bisa bantu lebih lanjut ya.",2025-11-19 15:25:38,2.5.0
8bddfc10-d938-4660-94f9-0644962978d1,Pengguna Google,https://play-lh.googleusercontent.com/EGemoI2NTXmTsBVtJqk8jxF9rh8ApRWfsIMQSt2uE4OcpQqbFu7f7NbTK05lx80nuSijCz7sc3a277R67g,ok boleh mntep,5,0,2.6.0,2025-11-19 14:32:24+00:00,"Hai, Kak Suryadi. Terima kasih atas ulasannya. Semoga blu bisa selalu memberikan yang terbaik untuk memenuhi semua kebutuhan perbankan Kakak. Jika ada kendala atau hal lain yang ingin ditanyakan, Kakak bisa langsung menghubungi X @haloblu atau email haloblu@bcadigital.co.id atau telepon 1500668 (layanan 24 jam).",2025-11-19 15:02:21,2.6.0
f4ff40c2-25e5-4dcc-bff6-44728c70787a,Pengguna Google,https://play-lh.googleusercontent.com/EGemoI2NTXmTsBVtJqk8jxF9rh8ApRWfsIMQSt2uE4OcpQqbFu7f7NbTK05lx80nuSijCz7sc3a277R67g,"perbaikin, tolong.",1,0,2.5.0,2025-11-19 13:58:38+00:00,"Hai, Kakak. Maaf atas ketidaknyamanannya. Kami akan selalu berusaha memberikan yang terbaik demi memenuhi kebutuhan perbankan Kakak. Terkait kendala tersebut boleh infokan detail kendala serta kirimkan gambar kendalanya ke X @haloblu atau email haloblu@bcadigital.co.id agar kami bisa bantu lebih lanjut ya.",2025-11-19 14:08:24,2.5.0
ed5f20f8-eff6-4911-a777-1e17253a3ee9,Pengguna Google,https://play-lh.googleusercontent.com/EGemoI2NTXmTsBVtJqk8jxF9rh8ApRWfsIMQSt2uE4OcpQqbFu7f7NbTK05lx80nuSijCz7sc3a277R67g,mau masuk gak bisa.. gak ada menu loginnya. suruh daftar ulang. sedangkan email yang dipake.,1,3,2.6.0,2025-11-19 13:39:45+00:00,"Hai, Kak Feri Yanto. Maaf atas ketidaknyamanannya. Kami akan selalu berusaha memberikan yang terbaik demi memenuhi kebutuhan Kakak. Pastikan login menggunakan nomor yang terdaftar. Terkait kendala boleh infokan detail kendala serta kirimkan gambar kendalanya ke X @haloblu atau email haloblu@bcadigital.co.id agar kami bisa bantu lebih lanjut ya.
",2025-11-19 13:53:43,2.6.0
e52142aa-01c8-40cb-93b5-2023edc7c16d,Pengguna Google,https://play-lh.googleusercontent.com/EGemoI2NTXmTsBVtJqk8jxF9rh8ApRWfsIMQSt2uE4OcpQqbFu7f7NbTK05lx80nuSijCz7sc3a277R67g,fast aplikasi nya recommended banget untuk transaksi apapun,5,0,2.6.0,2025-11-19 13:20:59+00:00,"Hai, Kak Toyyibi Achmad. Terima kasih atas ulasannya. Semoga blu bisa selalu memberikan yang terbaik untuk memenuhi semua kebutuhan perbankan Kakak. Jika ada kendala atau hal lain yang ingin ditanyakan, Kakak bisa langsung menghubungi X @haloblu atau email haloblu@bcadigital.co.id atau telepon 1500668 (layanan 24 jam).
",2025-11-19 13:53:44,2.6.0
16b34780-8116-4374-a7b1-a16b4c3dc9ef,Pengguna Google,https://play-lh.googleusercontent.com/EGemoI2NTXmTsBVtJqk8jxF9rh8ApRWfsIMQSt2uE4OcpQqbFu7f7NbTK05lx80nuSijCz7sc3a277R67g,"parah blu digital ,mau recovery akun lama malah suruh di inget inget saldo terahir nya , lah ya udah lupa orang udh bertahun tahun , payah padahal data diri udah di tanyain dan benar tapi GK bisa di proses karena tidak ingat saldo terahir di blu digital , masih bagus aplikasi sebelah , mudah ,dan GK ribet",1,0,,2025-11-19 12:48:26+00:00,"Hai, Kak Muhamad. Maaf atas ketidaknyamanannya. Terkait kendala tersebut, mohon kesediaan Kakak dapat menginformasikan lebih detail kendala yang Kakak alami melalui email haloblu@bcadigital.co.id, agar kami dapat menginformasikan sesuai dengan kebutuhan Kakak.",2025-11-19 12:52:21,
b5a81c58-3c0a-416d-8d5d-0963a6760799,Pengguna Google,https://play-lh.googleusercontent.com/EGemoI2NTXmTsBVtJqk8jxF9rh8ApRWfsIMQSt2uE4OcpQqbFu7f7NbTK05lx80nuSijCz7sc3a277R67g,"Aplikasi nya bagus, lengkap, dan sudah sat set.. banyak benefitnya.. nyaman sekarang mah.. mantap",5,0,1.15.0,2025-11-19 06:30:12+00:00,"Hai, Kakak. Terima kasih atas ulasannya. Semoga blu bisa selalu memberikan yang terbaik untuk memenuhi semua kebutuhan perbankan Kakak. Jika ada kendala atau hal lain yang ingin ditanyakan, Kakak bisa langsung menghubungi X @haloblu atau email haloblu@bcadigital.co.id atau telepon 1500668 (layanan 24 jam).",2025-11-19 07:46:42,1.15.0
df03ea16-3b43-41f1-99c5-ded77cc6b148,Pengguna Google,https://play-lh.googleusercontent.com/EGemoI2NTXmTsBVtJqk8jxF9rh8ApRWfsIMQSt2uE4OcpQqbFu7f7NbTK05lx80nuSijCz7sc3a277R67g,Bagus dan simpel aplikasinya ringan dan mudah,5,0,,2025-11-19 05:47:01+00:00,"Hai, Kak Bayu. Terima kasih atas ulasannya. Semoga blu bisa selalu memberikan yang terbaik untuk memenuhi semua kebutuhan perbankan Kakak. Jika ada kendala atau hal lain yang ingin ditanyakan, Kakak bisa langsung menghubungi X @haloblu atau email haloblu@bcadigital.co.id atau telepon 1500668 (layanan 24 jam).",2025-11-19 05:54:54,
571de30a-5f34-4d52-b75b-804bab42a0ba,Pengguna Google,https://play-lh.googleusercontent.com/EGemoI2NTXmTsBVtJqk8jxF9rh8ApRWfsIMQSt2uE4OcpQqbFu7f7NbTK05lx80nuSijCz7sc3a277R67g,"bi checking bukan acuan ya kak, gak pernah ajuin pinjaman langsung sekali tertolak, next bintang 5 nya setelah diperbaiki",5,0,2.6.0,2025-11-19 01:36:26+00:00,"Hai, Kak Ira. Maaf atas ketidaknyamanannya. Kami akan selalu berusaha memberikan yang terbaik kebutuhan perbankan Kakak. Terdapat beberapa hal yang dapat menyebabkan pengajuan pinjaman Kakak ditolak/dibatalkan, antara lain, belum sesuai dengan kriteria debitur Bank BCA Digital atau rekening bluAccount sedang diblokir.",2025-11-19 02:08:18,2.6.0
fddb9211-fef4-4b47-8305-2db5710ac0b4,Pengguna Google,https://play-lh.googleusercontent.com/EGemoI2NTXmTsBVtJqk8jxF9rh8ApRWfsIMQSt2uE4OcpQqbFu7f7NbTK05lx80nuSijCz7sc3a277R67g,Udah nunggu lebih dari 7 hari buat penghapusan data ttp gbsa bisa sampe 2mimggu telfon cs jg gbsa udah 2x.akhirnya vc seperti biasa pdhl berharap bisa isi reffnya. Lalu pas vc daftarin kakak malah datanya tbtb dihapus dengan gampangnya karena ada kesalahan. Sangat not recommended. Vc nya jg beberapa cs kek badmood gt,1,9,2.6.0,2025-11-19 00:51:52+00:00,"Hai, Kak Sinta. Maaf atas ketidaknyamanannya. Kami akan selalu berusaha memberikan yang terbaik demi memenuhi kebutuhan perbankan Kakak. Terkait kendala tersebut boleh infokan detail kendala serta kirimkan gambar kendalanya ke X @haloblu atau email haloblu@bcadigital.co.id agar kami bisa bantu lebih lanjut ya.",2025-11-19 01:15:41,2.6.0
0be74b72-dab6-44e7-9142-f268ec4ae8dc,Pengguna Google,https://play-lh.googleusercontent.com/EGemoI2NTXmTsBVtJqk8jxF9rh8ApRWfsIMQSt2uE4OcpQqbFu7f7NbTK05lx80nuSijCz7sc3a277R67g,mantap,5,0,,2025-11-19 00:28:13+00:00,"Hai, Kak Ririn. Terima kasih atas ulasannya. Semoga blu bisa selalu memberikan yang terbaik untuk memenuhi semua kebutuhan perbankan Kakak. Jika ada kendala atau hal lain yang ingin ditanyakan, Kakak bisa langsung menghubungi X @haloblu atau email haloblu@bcadigital.co.id atau telepon 1500668 (layanan 24 jam).",2025-11-19 01:13:13,
dfd184e0-7b0e-47fa-a366-7ce4bd33d524,Pengguna Google,https://play-lh.googleusercontent.com/EGemoI2NTXmTsBVtJqk8jxF9rh8ApRWfsIMQSt2uE4OcpQqbFu7f7NbTK05lx80nuSijCz7sc3a277R67g,"kecewa kali sama blue bca, berkali2 mau buat akun blu selalu kata nya di tolak ntah kenapa ditolak, padahal aku gak ada pinjam dan merugikan bca, aneh, padahal mau transaksi di blu karna gratisannya, taik kau blu gausah kau pasang blu disini",1,0,,2025-11-18 21:53:53+00:00,"Hai, Kak Salim. Maaf atas ketidaknyamanannya. Terkait gagal pembukaan rekening maka hal tersebut sepenuhnya menjadi kebijakan dari BCA Digital setelah melakukan analisa dari kelengkapan data pembukaan rekening. Dikhawatirkan terdapat data diri yang belum sesuai dengan ketentuan internal yang ditetapkan oleh BCA Digital.",2025-11-18 23:14:30,
6505d62e-d970-4a2e-ac68-624436f915dc,Pengguna Google,https://play-lh.googleusercontent.com/EGemoI2NTXmTsBVtJqk8jxF9rh8ApRWfsIMQSt2uE4OcpQqbFu7f7NbTK05lx80nuSijCz7sc3a277R67g,"tolong di perbaiki lgi dong, masa baru Masukin Pin trs, baru masuk dibilang Sesi waktunya habis. baru juga Masuk gmna sih aduhh",3,0,2.6.0,2025-11-18 21:01:00+00:00,"Hai, Kak Fahri. Maaf atas ketidaknyamanannya. Kami akan selalu berusaha memberikan yang terbaik demi memenuhi kebutuhan perbankan Kakak. Terkait kendala tersebut boleh infokan detail kendala serta kirimkan gambar kendalanya ke X @haloblu atau email haloblu@bcadigital.co.id agar kami bisa bantu lebih lanjut ya.
",2025-11-18 21:52:58,2.6.0
e9c17b59-717b-4ab9-862f-9041812637a4,Pengguna Google,https://play-lh.googleusercontent.com/EGemoI2NTXmTsBVtJqk8jxF9rh8ApRWfsIMQSt2uE4OcpQqbFu7f7NbTK05lx80nuSijCz7sc3a277R67g,baru aja buka rekening udah BKIN kecewa transfer 2 x gagal terus saldo kepotong nghubungin cs ribet hrus yg punya akun.. saldo saya msih ketahan mau TF ga bisa . tolong perbaiki sistemnya lah jngan ngerugiin nasabah.,1,3,2.5.0,2025-11-18 20:45:57+00:00,"Hai, Kakak. Maaf atas ketidaknyamanannya. Kami akan selalu berusaha memberikan yang terbaik demi memenuhi kebutuhan perbankan Kakak. Terkait kendala tersebut boleh infokan detail kendala serta kirimkan gambar kendalanya ke X @haloblu atau email haloblu@bcadigital.co.id agar kami bisa bantu lebih lanjut ya.
",2025-11-18 20:59:25,2.5.0
a676b4c9-e847-46b2-8f66-4f083973d4a5,Pengguna Google,https://play-lh.googleusercontent.com/EGemoI2NTXmTsBVtJqk8jxF9rh8ApRWfsIMQSt2uE4OcpQqbFu7f7NbTK05lx80nuSijCz7sc3a277R67g,"saya beruntung buka aplikasi blu bca ini awalnya cuma iseng aja coba coba tapi tidak lanjutkan tapi data sdh masuk mala saya di tlp dari blu bca di suruh lanjutkan saya lanjutkan alhamdulillah berhasil, tinggal nunggu kartu atmnya, ni mau request kartu atm Garuda semonga dapat juga nantinya",4,0,2.5.0,2025-11-18 20:26:34+00:00,"Hai, Kak Irwan. Terima kasih atas ulasannya. Semoga blu bisa selalu memberikan yang terbaik untuk memenuhi semua kebutuhan perbankan Kakak. Jika ada kendala atau hal lain yang ingin ditanyakan, Kakak bisa langsung menghubungi X @haloblu atau email haloblu@bcadigital.co.id atau telepon 1500668 (layanan 24 jam).",2025-11-18 20:47:11,2.5.0
0f05ed41-98b8-42c4-a07d-eef1efff2a1b,Pengguna Google,https://play-lh.googleusercontent.com/EGemoI2NTXmTsBVtJqk8jxF9rh8ApRWfsIMQSt2uE4OcpQqbFu7f7NbTK05lx80nuSijCz7sc3a277R67g,"Aplikasi sudah bagus dan sesuai mudah digunakan dan dipahami untuk bayar melalui Qris/Transfer selalu lancar tidak pernah ada kendala, namun untuk login melalui biometrik kadang suka tidak terbaca dan selalu dialihkan login melalui Pin angka itu saja, selebihnya ini aplikasi yang cocok dan sangat berguna terus tingkatkan fitur aplikasi agar bisa lebih mudah digunakan, untuk Fee (biaya transfer ke bank lain) mohon untuk bisa ditingkatkan lagi",5,15,2.5.0,2025-11-18 20:26:02+00:00,"Hai, Kak Andi. Terima kasih atas saran dan masukan yang diberikan, kami akan selalu memperbaiki sistem demi mencapai kepuasan para pengguna aplikasi blu. Jika ada hal lain yang ingin ditanyakan, Kakak bisa langsung menghubungi X @haloblu atau email haloblu@bcadigital.co.id atau telepon 1500668 (layanan 24 jam).",2025-11-18 20:49:31,2.5.0
4c9ad675-8bed-47d3-bdfd-d639a1897723,Pengguna Google,https://play-lh.googleusercontent.com/EGemoI2NTXmTsBVtJqk8jxF9rh8ApRWfsIMQSt2uE4OcpQqbFu7f7NbTK05lx80nuSijCz7sc3a277R67g,bank digital yang sangat membantu blu rewardsnya jangan lernah diilangain yaa,5,0,2.6.0,2025-11-18 16:27:47+00:00,"Hai, Kak Ramdi. Terima kasih atas ulasannya. Semoga blu bisa selalu memberikan yang terbaik untuk memenuhi semua kebutuhan perbankan Kakak. Jika ada kendala atau hal lain yang ingin ditanyakan, Kakak bisa langsung menghubungi X @haloblu atau email haloblu@bcadigital.co.id atau telepon 1500668 (layanan 24 jam).",2025-11-18 16:35:52,2.6.0
2f8791e9-978b-4621-a7cf-b376accbebe9,Pengguna Google,https://play-lh.googleusercontent.com/EGemoI2NTXmTsBVtJqk8jxF9rh8ApRWfsIMQSt2uE4OcpQqbFu7f7NbTK05lx80nuSijCz7sc3a277R67g,"Lemot, UI UX terlalu banyak ANIMASI dan Iklan. Animasinya banyak gaya.",1,0,2.5.0,2025-11-18 12:43:08+00:00,"Hai, Kak Rizal. Maaf atas ketidaknyamanannya. Kami akan selalu terus memperbaiki sistem demi mencapai kepuasan para pengguna aplikasi blu. Terkait kendala tersebut pastikan Kakak menggunakan aplikasi blu versi terbaru, pastikan setting waktu di handphone menjadi otomatis, jaringan internet lancar dan stabil serta tidak menggunakan jaringan WiFi.",2025-11-18 12:55:40,2.5.0
1a26349c-dade-4d70-8adb-0cd3c7ed6aa5,Pengguna Google,https://play-lh.googleusercontent.com/EGemoI2NTXmTsBVtJqk8jxF9rh8ApRWfsIMQSt2uE4OcpQqbFu7f7NbTK05lx80nuSijCz7sc3a277R67g,"kenapa sih habis update terbaru malah gak bisa di buka, pas lagi di butuhkan banget malah eror gini",1,1,2.5.0,2025-11-18 03:02:09+00:00,"Hai, Kak Dwi. Maaf atas ketidaknyamanannya. Terkait kendala tersebut boleh kirimkan gambar kendalanya ke X @haloblu atau email haloblu@bcadigital.co.id agar kami bisa bantu lebih lanjut ya.",2025-11-18 03:27:44,2.5.0
e85ff0be-4330-4c6d-8655-015f224be26c,Pengguna Google,https://play-lh.googleusercontent.com/EGemoI2NTXmTsBVtJqk8jxF9rh8ApRWfsIMQSt2uE4OcpQqbFu7f7NbTK05lx80nuSijCz7sc3a277R67g,"makin berat, login lama, buang2 waktu, kalo kayak begini mending gak usah dibuat aplikasinya, kecewa sama BCA",1,0,2.5.0,2025-11-18 01:28:46+00:00,"Hai, Kak Rivaldy. Maaf atas ketidaknyamanannya. Kami akan selalu terus memperbaiki sistem demi mencapai kepuasan para pengguna aplikasi blu. Terkait kendala tersebut pastikan Kakak menggunakan aplikasi blu versi terbaru, pastikan setting waktu di handphone menjadi otomatis, jaringan internet lancar dan stabil serta tidak menggunakan jaringan WiFi.",2025-11-18 02:13:25,2.5.0
65c12eb6-9695-4e52-9dae-f411e476332b,Pengguna Google,https://play-lh.googleusercontent.com/EGemoI2NTXmTsBVtJqk8jxF9rh8ApRWfsIMQSt2uE4OcpQqbFu7f7NbTK05lx80nuSijCz7sc3a277R67g,knpa data saya langsung di tolak,1,0,2.5.0,2025-11-17 21:11:43+00:00,"Hai, Kak Rizal. Maaf atas ketidaknyamanannya.Terkait gagal pembukaan rekening maka hal tersebut sepenuhnya menjadi kebijakan dari BCA Digital setelah melakukan analisa dari kelengkapan data pembukaan rekening. Dikhawatirkan terdapat data diri yang belum sesuai dengan ketentuan internal yang ditetapkan oleh BCA Digital.",2025-11-17 21:52:32,2.5.0
d16022ed-a331-4a80-91d7-a5f444e6b979,Pengguna Google,https://play-lh.googleusercontent.com/EGemoI2NTXmTsBVtJqk8jxF9rh8ApRWfsIMQSt2uE4OcpQqbFu7f7NbTK05lx80nuSijCz7sc3a277R67g,"tiba tiba keluar akunnya, masuknya lagi harus input ini input itu, bingung nih blu",3,0,2.5.0,2025-11-17 16:07:33+00:00,"Hai, Kak Peter Widayat. Maaf atas ketidaknyamanannya. Terkait kendala Kakak, untuk login aplikasi blu Kakak bisa masuk dengan mengklik ""Yuk Mulai"" dan memasukkan nomor handphone Kakak yang telah terdaftar di rekening blu dan memasukkan kode OTP yang Kakak terima melalui SMS/WhatsApp. Lalu ikuti sampai login berhasil ya Kak.",2025-11-17 17:00:31,2.5.0
a1d32b99-b79d-40d8-a6e2-2e078217a214,Pengguna Google,https://play-lh.googleusercontent.com/EGemoI2NTXmTsBVtJqk8jxF9rh8ApRWfsIMQSt2uE4OcpQqbFu7f7NbTK05lx80nuSijCz7sc3a277R67g,"apaan sih lawak banget ni aplikasi kecewa gua, masa down siang² gara² down ini antrian spbu ke tahan di gua, dan kejadian lemot dan berat ini udah sering di jam sibuk",1,0,2.5.0,2025-11-17 14:29:54+00:00,"Hai, Kakak. Maaf atas ketidaknyamanannya. Kami akan selalu terus memperbaiki sistem demi mencapai kepuasan para pengguna aplikasi blu. Pastikan Kakak menggunakan blu versi terbaru, setting waktu di handphone menjadi otomatis, jaringan internet lancar dan stabil atau Kakak boleh switch jaringan pada handphone.
",2025-11-17 15:26:53,2.5.0
8836c64b-df77-42a7-9dd2-7f98df062af6,Pengguna Google,https://play-lh.googleusercontent.com/EGemoI2NTXmTsBVtJqk8jxF9rh8ApRWfsIMQSt2uE4OcpQqbFu7f7NbTK05lx80nuSijCz7sc3a277R67g,Aplikasi Busuk dan mengecewakan. Tolong diperbaiki sistemnya. BCA selama ini dikenal dengan produk bervalue. aplikasi sungguh lemot dan muter-muter kayak jmbt. Sudah login tiba² keluar sendiri. Saldo juga tiba-tiba hilang. Produk macam apa ini?,1,7,2.5.0,2025-11-17 14:04:40+00:00,"Hai, Kak Tri Wahyuliyanto. Maaf atas ketidaknyamanannya. Kami akan selalu terus memperbaiki sistem demi mencapai kepuasan para pengguna aplikasi blu. Pastikan Kakak menggunakan blu versi terbaru, setting waktu di handphone menjadi otomatis, jaringan internet lancar dan stabil atau Kakak boleh switch jaringan pada handphone.
",2025-11-17 15:24:21,2.5.0
4a24a096-5bae-4e98-ae33-f8aa6b033675,Pengguna Google,https://play-lh.googleusercontent.com/EGemoI2NTXmTsBVtJqk8jxF9rh8ApRWfsIMQSt2uE4OcpQqbFu7f7NbTK05lx80nuSijCz7sc3a277R67g,"masa depan apanya.. lemot banget, ada muter² logo segala.. setiap pindah window muter² pindah lagi muter² lagi.. hadeh 2025 mBanking kok gini, masa satu kali transaksi bisa 5-10 menit.. BCA pusat kayak kena prank akuisisi si blu ini",1,3,2.5.0,2025-11-17 13:58:55+00:00,"Hai, Kak Dimas Aditya. Maaf atas ketidaknyamanannya. Kami akan selalu terus memperbaiki sistem demi mencapai kepuasan para pengguna aplikasi blu. Terkait kendala tersebut pastikan Kakak menggunakan blu versi terbaru, pastikan setting waktu di handphone menjadi otomatis, jaringan internet lancar dan stabil.",2025-11-17 15:21:23,2.5.0
f042a5ef-c86a-48f9-ab74-ba548329cccd,Pengguna Google,https://play-lh.googleusercontent.com/EGemoI2NTXmTsBVtJqk8jxF9rh8ApRWfsIMQSt2uE4OcpQqbFu7f7NbTK05lx80nuSijCz7sc3a277R67g,"aplikasi gak jelas. buka aplikasi aja nunggu lama, padahal sinyal internet saya bagus. tolong diperbaiki",1,0,2.5.0,2025-11-17 13:51:20+00:00,"Hai, Kak Josua Sirait. Maaf atas ketidaknyamanannya. Kami akan selalu terus memperbaiki sistem demi mencapai kepuasan para pengguna aplikasi blu. Terkait kendala tersebut pastikan Kakak menggunakan blu versi terbaru, pastikan setting waktu di handphone menjadi otomatis, Kakak boleh switch jaringan pada handphone ya.",2025-11-17 15:19:14,2.5.0
b44500b5-7287-4a71-8f28-4074766a19ba,Pengguna Google,https://play-lh.googleusercontent.com/EGemoI2NTXmTsBVtJqk8jxF9rh8ApRWfsIMQSt2uE4OcpQqbFu7f7NbTK05lx80nuSijCz7sc3a277R67g,apk bermasalah gabisa login,3,0,,2025-11-17 13:45:04+00:00,"Hai, Kakak. Maaf atas ketidaknyamanannya. Terkait kendala tersebut boleh kirimkan gambar kendalanya ke X @haloblu atau email haloblu@bcadigital.co.id agar kami bisa bantu lebih lanjut ya.
",2025-11-17 15:30:16,
2e6d4890-7081-48bb-93a9-105eb509101c,Pengguna Google,https://play-lh.googleusercontent.com/EGemoI2NTXmTsBVtJqk8jxF9rh8ApRWfsIMQSt2uE4OcpQqbFu7f7NbTK05lx80nuSijCz7sc3a277R67g,"lemott hari ini lemot, lagi butih cepat",1,0,2.5.0,2025-11-17 13:43:16+00:00,"Hai, Kakak . Maaf atas ketidaknyamanannya. Kami akan selalu terus memperbaiki sistem demi mencapai kepuasan para pengguna aplikasi blu. Terkait kendala tersebut pastikan Kakak menggunakan blu versi terbaru, pastikan setting waktu di handphone menjadi otomatis, jaringan internet lancar dan stabil atau Kakak boleh switch jaringan pada handphone.
",2025-11-17 15:15:40,2.5.0
a5283a82-116d-4827-afce-d9f6e577878d,Pengguna Google,https://play-lh.googleusercontent.com/EGemoI2NTXmTsBVtJqk8jxF9rh8ApRWfsIMQSt2uE4OcpQqbFu7f7NbTK05lx80nuSijCz7sc3a277R67g,gilaaakkk mau buka akun doang di suruh transfer 100k ada ada aja oknum seperti itu haduh sangat meresahkan,1,0,2.5.0,2025-11-17 13:36:49+00:00,"Hai, Kakak. Maaf atas ketidaknyamanannya. Terkait kendala tersebut boleh kirimkan gambar kendalanya ke X @haloblu atau email haloblu@bcadigital.co.id agar kami bisa bantu lebih lanjut ya.
",2025-11-17 15:11:25,2.5.0
8c4ea79a-2162-43de-84f6-cc5285964097,Pengguna Google,https://play-lh.googleusercontent.com/EGemoI2NTXmTsBVtJqk8jxF9rh8ApRWfsIMQSt2uE4OcpQqbFu7f7NbTK05lx80nuSijCz7sc3a277R67g,suka erorr malass..,2,0,,2025-11-17 13:33:37+00:00,"Hai, Kak Angeline. Maaf atas ketidaknyamanannya. Kami akan selalu berusaha memberikan yang terbaik demi memenuhi kebutuhan perbankan Kakak. Terkait kendala tersebut boleh infokan detail kendala serta kirimkan gambar kendalanya ke X @haloblu atau email haloblu@bcadigital.co.id agar kami bisa bantu lebih lanjut ya.
",2025-11-17 14:14:04,
d8e4d213-d105-4334-a616-67d1241d8a84,Pengguna Google,https://play-lh.googleusercontent.com/EGemoI2NTXmTsBVtJqk8jxF9rh8ApRWfsIMQSt2uE4OcpQqbFu7f7NbTK05lx80nuSijCz7sc3a277R67g,transaksi susah bgt! padahal jaringan koneksi full. dah lah gw tarik duit di apk ini.,1,1,2.5.0,2025-11-17 13:30:23+00:00,"Hai, Kakak. Maaf atas ketidaknyamanannya. Kami akan selalu terus memperbaiki sistem demi mencapai kepuasan para pengguna aplikasi blu. Terkait kendala tersebut, pastikan setting waktu di handphone menjadi otomatis, jaringan internet lancar dan stabil atau Kakak boleh switch jaringan pada handphone ya.
",2025-11-17 14:10:04,2.5.0
96d74e48-c7b0-45ea-88cb-f9d997d2270c,Pengguna Google,https://play-lh.googleusercontent.com/EGemoI2NTXmTsBVtJqk8jxF9rh8ApRWfsIMQSt2uE4OcpQqbFu7f7NbTK05lx80nuSijCz7sc3a277R67g,"Sangat lemot. Mau transfer aja susah. Apa2an ini. Not recommended. Fix, tarik smua uangku dari BLU",1,2,2.5.0,2025-11-17 13:20:35+00:00,"Hai, Kak Tommy. Maaf atas ketidaknyamanannya. Kami akan selalu terus memperbaiki sistem demi mencapai kepuasan para pengguna aplikasi blu. Terkait kendala tersebut, pastikan setting waktu di handphone menjadi otomatis, jaringan internet lancar dan stabil atau Kakak boleh switch jaringan pada handphone ya.",2025-11-17 13:55:29,2.5.0
950b4a7c-4db6-42f7-bede-835e5a12167a,Pengguna Google,https://play-lh.googleusercontent.com/EGemoI2NTXmTsBVtJqk8jxF9rh8ApRWfsIMQSt2uE4OcpQqbFu7f7NbTK05lx80nuSijCz7sc3a277R67g,"kenapa ya selalu lemot, saya kira kenceng kaya kakaknya",2,0,2.5.0,2025-11-17 13:17:00+00:00,"Hai, Kak Rizqi. Maaf atas ketidaknyamanannya. Kami akan selalu terus memperbaiki sistem demi mencapai kepuasan para pengguna aplikasi blu. Terkait kendala tersebut, pastikan setting waktu di handphone menjadi otomatis, jaringan internet lancar dan stabil atau Kakak boleh switch jaringan pada handphone ya.",2025-11-17 14:00:16,2.5.0
dfa505b2-d51a-4a2a-b6a1-a49d4c140f12,Pengguna Google,https://play-lh.googleusercontent.com/EGemoI2NTXmTsBVtJqk8jxF9rh8ApRWfsIMQSt2uE4OcpQqbFu7f7NbTK05lx80nuSijCz7sc3a277R67g,haduh lemot amat akhirnya gangguan juga,2,0,1.53.10,2025-11-17 13:16:59+00:00,"Hai Kak Ahmad. Mohon maaf atas ketidaknyamanan dan kendala yang Kakak alami. Kami akan selalu berusaha memberikan yang terbaik kebutuhan perbankan Kakak. Sebelumnya sempat terjadi kendala namun saat ini sudah berjalan normal. Silakan Kakak dapat mencoba kembali ya.
",2025-11-17 13:58:37,1.53.10
ce539a16-7270-4718-8bcd-8875a13560c9,Pengguna Google,https://play-lh.googleusercontent.com/EGemoI2NTXmTsBVtJqk8jxF9rh8ApRWfsIMQSt2uE4OcpQqbFu7f7NbTK05lx80nuSijCz7sc3a277R67g,bener bener jelek gabisa bayar bayar loading terus jaringan bagus juga,1,0,2.5.0,2025-11-17 13:16:20+00:00,"Hai, Kak Dimas. Maaf atas ketidaknyamanannya. Kami akan selalu terus memperbaiki sistem demi mencapai kepuasan para pengguna aplikasi blu. Terkait kendala tersebut, pastikan setting waktu di handphone menjadi otomatis, jaringan internet lancar dan stabil atau Kakak boleh switch jaringan pada handphone ya.",2025-11-17 13:54:06,2.5.0
8dd4c597-adb9-488f-a1b9-75da9d50fe74,Pengguna Google,https://play-lh.googleusercontent.com/EGemoI2NTXmTsBVtJqk8jxF9rh8ApRWfsIMQSt2uE4OcpQqbFu7f7NbTK05lx80nuSijCz7sc3a277R67g,ngelag parah sekarang loding lambat ngehambat transaksi,1,0,2.5.0,2025-11-17 13:15:41+00:00,"Hai Kakak. Mohon maaf atas ketidaknyamanan dan kendala yang Kakak alami. Kami akan selalu berusaha memberikan yang terbaik kebutuhan perbankan Kakak. Sebelumnya sempat terjadi kendala namun saat ini sudah berjalan normal. Silakan Kakak dapat mencoba kembali ya.
",2025-11-17 13:57:36,2.5.0
a2816fd0-9504-47f9-a828-8ceec4f1ab9d,Pengguna Google,https://play-lh.googleusercontent.com/EGemoI2NTXmTsBVtJqk8jxF9rh8ApRWfsIMQSt2uE4OcpQqbFu7f7NbTK05lx80nuSijCz7sc3a277R67g,"aplikasi nya eror terus mau transfer gk bisa "" terus cuma load aja... padahal udah di-update. dulu suka enak,""aja, sekarang lemot ada saldonya pas mau tf saldo gk cukup padahal lebih dari cukup",1,2,2.5.0,2025-11-17 13:14:02+00:00,"Hai, Kak Binasrika. Maaf atas ketidaknyamanannya. Kami akan selalu terus memperbaiki sistem demi mencapai kepuasan para pengguna aplikasi blu. Terkait kendala tersebut, pastikan setting waktu di handphone menjadi otomatis, jaringan internet lancar dan stabil atau Kakak boleh switch jaringan pada handphone ya.
",2025-11-17 13:43:28,2.5.0
5758927e-80ec-4a7a-bee4-1c6abe8268a7,Pengguna Google,https://play-lh.googleusercontent.com/EGemoI2NTXmTsBVtJqk8jxF9rh8ApRWfsIMQSt2uE4OcpQqbFu7f7NbTK05lx80nuSijCz7sc3a277R67g,"Bisa optimalisasi nya itu malam aja ini orang lagi buru² bayar ehh malah optimalisasi, mana lama kali lagii aduhhhh Parah dah hampir 2 jam saya nunggu, ga bisa² juga di tahan sama orang awak di sini, karna belum bayar makan 😭😭😭 Hedehhhh ..... parah² loading nya lamakkkkkk",1,0,2.5.0,2025-11-17 13:09:16+00:00,"Hai Kak Muhammad. Mohon maaf atas ketidaknyamanan dan kendala yang Kakak alami. Kami akan selalu berusaha memberikan yang terbaik kebutuhan perbankan Kakak. Sebelumnya sempat terjadi kendala namun saat ini sudah berjalan normal. Silakan Kakak dapat mencoba kembali ya.
",2025-11-17 13:52:42,2.5.0
2105e929-3e96-4747-ab4e-3bef7a9777dc,Pengguna Google,https://play-lh.googleusercontent.com/EGemoI2NTXmTsBVtJqk8jxF9rh8ApRWfsIMQSt2uE4OcpQqbFu7f7NbTK05lx80nuSijCz7sc3a277R67g,"aplikasi kebanyakan drama, maintenance masa lebih dr 1jam, jangan nyimpen uang disini guys, pas mau butuh bgt malah eror",1,0,2.5.0,2025-11-17 13:06:39+00:00,Hai Kak Afif. Mohon maaf atas ketidaknyamanan dan kendala yang Kakak alami. Sebelumnya sempat terjadi kendala namun saat ini sudah berjalan normal. Silakan Kakak dapat mencoba kembali ya.,2025-11-17 13:41:31,2.5.0
fda5fcf4-de98-44a3-a86d-4f11ea09839d,Pengguna Google,https://play-lh.googleusercontent.com/EGemoI2NTXmTsBVtJqk8jxF9rh8ApRWfsIMQSt2uE4OcpQqbFu7f7NbTK05lx80nuSijCz7sc3a277R67g,error mulu mana lemot gimana sih,1,0,2.5.0,2025-11-17 12:58:50+00:00,"Hai, Kak Adrian. Maaf atas ketidaknyamanannya. Kami akan selalu berusaha memberikan yang terbaik demi memenuhi kebutuhan perbankan Kakak. Terkait kendala tersebut boleh infokan detail kendala serta kirimkan gambar kendalanya ke X @haloblu atau email haloblu@bcadigital.co.id agar kami bisa bantu lebih lanjut ya.
",2025-11-17 13:48:27,2.5.0
4c2d7293-180e-4aa4-a4d5-f5c2c5bbaf8f,Pengguna Google,https://play-lh.googleusercontent.com/EGemoI2NTXmTsBVtJqk8jxF9rh8ApRWfsIMQSt2uE4OcpQqbFu7f7NbTK05lx80nuSijCz7sc3a277R67g,"dibuka gabisa dibuat login juga gabisa nunggu terus mana ada uangnya disana, HADEHHHHH",1,0,2.5.0,2025-11-17 12:27:54+00:00,"Hai Kak Bim Abimm, mohon maaf atas ketidaknyamanan dan kendala yang Kakak alami. Terkait kendala tersebut masih dalam penanganan oleh pihak terkait kami, kami saranin Kakak dapat mencoba secara berkala ya.",2025-11-17 12:50:21,2.5.0
c6086206-a2d2-4758-9807-80e4394adf73,Pengguna Google,https://play-lh.googleusercontent.com/EGemoI2NTXmTsBVtJqk8jxF9rh8ApRWfsIMQSt2uE4OcpQqbFu7f7NbTK05lx80nuSijCz7sc3a277R67g,ini lg knp sih optimalisasi pertama sampe jam 12.15 pas di cek nambah lg jd 12.30 ribet bnget sih klo lg urgent gini mau ambil uang jd gak bs..,3,0,2.5.0,2025-11-17 12:23:03+00:00,"Hai Kak Dinny Mellisa, mohon maaf atas ketidaknyamanan dan kendala yang Kakak alami. Terkait kendala tersebut masih dalam penanganan oleh pihak terkait kami, kami saranin Kakak dapat mencoba secara berkala ya.",2025-11-17 12:47:25,2.5.0
6b913948-9cfc-4402-8003-ba1be5d83800,Pengguna Google,https://play-lh.googleusercontent.com/EGemoI2NTXmTsBVtJqk8jxF9rh8ApRWfsIMQSt2uE4OcpQqbFu7f7NbTK05lx80nuSijCz7sc3a277R67g,repot klo ada optimalisasi harus nunggu klo ambil uang kenapa tidak melakukan optimalisasi di malam hari,1,0,2.5.0,2025-11-17 12:22:47+00:00,"Hai Kak Bagus Firmansyah, mohon maaf atas ketidaknyamanan dan kendala yang Kakak alami. Terkait kendala tersebut masih dalam penanganan oleh pihak terkait kami, kami saranin Kakak dapat mencoba secara berkala ya.",2025-11-17 12:45:29,2.5.0
27a6b249-67df-4d94-a93f-cf74e747a19e,Pengguna Google,https://play-lh.googleusercontent.com/EGemoI2NTXmTsBVtJqk8jxF9rh8ApRWfsIMQSt2uE4OcpQqbFu7f7NbTK05lx80nuSijCz7sc3a277R67g,aplikasi ga bisa dibuka padahal perlu mendesak!!!!!!aplikasi bangke. bikin malu orang,1,0,2.5.0,2025-11-17 12:03:14+00:00,"Hai Kakak, mohon maaf atas ketidaknyamanan dan kendala yang Kakak alami. Terkait kendala tersebut masih dalam penanganan oleh pihak terkait kami, kami saranin Kakak dapat mencoba secara berkala ya.",2025-11-17 12:36:47,2.5.0
0c8573d8-943c-4336-ba45-c8b7158d2538,Pengguna Google,https://play-lh.googleusercontent.com/EGemoI2NTXmTsBVtJqk8jxF9rh8ApRWfsIMQSt2uE4OcpQqbFu7f7NbTK05lx80nuSijCz7sc3a277R67g,apk gak bisa di bukak,1,0,2.5.0,2025-11-17 11:50:57+00:00,"Hai Kakak. Mohon maaf atas ketidaknyamanan dan kendala yang Kakak alami. Terkait kendala tersebut masih dalam penanganan oleh pihak terkait kami, kami saranin Kakak dapat mencoba secara berkala ya.",2025-11-17 12:32:20,2.5.0
d63f52b9-f6cb-437d-be7e-10cf8efe9ed1,Pengguna Google,https://play-lh.googleusercontent.com/EGemoI2NTXmTsBVtJqk8jxF9rh8ApRWfsIMQSt2uE4OcpQqbFu7f7NbTK05lx80nuSijCz7sc3a277R67g,blu tidak bisa di buka hari ini tolong lah perbaiki,2,0,,2025-11-17 11:47:12+00:00,Hai Kak Yeni. Mohon maaf atas ketidaknyamanan dan kendala yang Kakak alami. Sebelumnya sempat terjadi kendala namun saat ini sudah berjalan normal. Silakan Kakak dapat mencoba kembali ya.,2025-11-17 13:38:05,
3e818cc3-120b-4cf5-8406-fb11921c99e3,Pengguna Google,https://play-lh.googleusercontent.com/EGemoI2NTXmTsBVtJqk8jxF9rh8ApRWfsIMQSt2uE4OcpQqbFu7f7NbTK05lx80nuSijCz7sc3a277R67g,kenapa tiba-tiba ga bisa di buka pdhl mau belanja bayar qris yaampun tolong dongg di benerin lagi soalnya uangnya di sana semua,2,0,2.5.0,2025-11-17 11:45:09+00:00,Hai Kak Anggrei. Mohon maaf atas ketidaknyamanan dan kendala yang Kakak alami. Sebelumnya sempat terjadi kendala namun saat ini sudah berjalan normal. Silakan Kakak dapat mencoba kembali ya.,2025-11-17 13:36:53,2.5.0
1537f5fc-524a-4ffe-b327-500c76fa5f4e,Pengguna Google,https://play-lh.googleusercontent.com/EGemoI2NTXmTsBVtJqk8jxF9rh8ApRWfsIMQSt2uE4OcpQqbFu7f7NbTK05lx80nuSijCz7sc3a277R67g,apknya susah banget diakses yaallahh..... apalagi dijam2 sibuk malah ga bisa dibuka,1,1,2.5.0,2025-11-17 11:44:57+00:00,"Hai, Kak Ahmad. Maaf atas ketidaknyamanannya. Kami akan selalu berusaha memberikan yang terbaik demi memenuhi kebutuhan perbankan Kakak. Terkait kendala tersebut boleh infokan detail kendala serta kirimkan gambar kendalanya ke X @haloblu atau email haloblu@bcadigital.co.id agar kami bisa bantu lebih lanjut ya.",2025-11-17 13:36:03,2.5.0
b234148f-bb3f-4fd8-aa8d-238655c20c7f,Pengguna Google,https://play-lh.googleusercontent.com/EGemoI2NTXmTsBVtJqk8jxF9rh8ApRWfsIMQSt2uE4OcpQqbFu7f7NbTK05lx80nuSijCz7sc3a277R67g,"Blu kenapa tidak bisa di buka,padahal saya Bru aja transfer,gimana ini",1,0,2.5.0,2025-11-17 11:44:13+00:00,"Hai, Kak Han. Maaf atas ketidaknyamanannya. Terkait kendala tersebut masih dalam penanganan oleh pihak terkait kami, minblu saranin Kakak dapat mencoba secara berkala ya.",2025-11-17 12:53:15,2.5.0
a8bc2e85-b15f-43fa-a175-c7fc9dcac196,Pengguna Google,https://play-lh.googleusercontent.com/EGemoI2NTXmTsBVtJqk8jxF9rh8ApRWfsIMQSt2uE4OcpQqbFu7f7NbTK05lx80nuSijCz7sc3a277R67g,ga bisa login ini gimana ya tolong penjelasannya,2,1,2.5.0,2025-11-17 11:43:54+00:00,Hai Kak Farawitha. Mohon maaf atas ketidaknyamanan dan kendala yang Kakak alami. Sebelumnya sempat terjadi kendala namun saat ini sudah berjalan normal. Silakan Kakak dapat mencoba kembali ya.,2025-11-17 13:35:08,2.5.0
21219794-e9f9-4af1-9512-2f6bd6fd1c2e,Pengguna Google,https://play-lh.googleusercontent.com/EGemoI2NTXmTsBVtJqk8jxF9rh8ApRWfsIMQSt2uE4OcpQqbFu7f7NbTK05lx80nuSijCz7sc3a277R67g,"gak pernah bisa buka aplikasi, pasti tulisannya kami sambung lagi padahal buka aplikasi lain bisa",1,0,2.5.0,2025-11-17 11:43:41+00:00,"Hai, Kakak . Maaf atas ketidaknyamanannya. Kami akan selalu berusaha memberikan yang terbaik demi memenuhi kebutuhan perbankan Kakak. Terkait kendala tersebut boleh infokan detail kendala serta kirimkan gambar kendalanya ke X @haloblu atau email haloblu@bcadigital.co.id agar kami bisa bantu lebih lanjut ya.",2025-11-17 13:34:21,2.5.0
e8f06ca5-2da0-4561-be90-41baaa04fa45,Pengguna Google,https://play-lh.googleusercontent.com/EGemoI2NTXmTsBVtJqk8jxF9rh8ApRWfsIMQSt2uE4OcpQqbFu7f7NbTK05lx80nuSijCz7sc3a277R67g,ribet,5,0,2.5.0,2025-11-17 11:42:53+00:00,"Hai, Kak . Maaf atas ketidaknyamanannya. Kami akan selalu berusaha memberikan yang terbaik demi memenuhi kebutuhan perbankan Kakak. Terkait kendala tersebut boleh infokan detail kendala ke X @haloblu atau email haloblu@bcadigital.co.id agar kami bisa bantu lebih lanjut ya.",2025-11-17 13:33:32,2.5.0
7f9efd5a-d3b9-4dac-9b11-82d6abef00cf,Pengguna Google,https://play-lh.googleusercontent.com/EGemoI2NTXmTsBVtJqk8jxF9rh8ApRWfsIMQSt2uE4OcpQqbFu7f7NbTK05lx80nuSijCz7sc3a277R67g,kenapa tidak bisa masuk saya min,2,0,2.5.0,2025-11-17 11:42:38+00:00,Hai Kakak. Mohon maaf atas ketidaknyamanan dan kendala yang Kakak alami. Sebelumnya sempat terjadi kendala namun saat ini sudah berjalan normal. Silakan Kakak dapat mencoba kembali ya.,2025-11-17 13:31:59,2.5.0
6a0584d3-0562-48e6-ba22-ad8fe874c868,Pengguna Google,https://play-lh.googleusercontent.com/EGemoI2NTXmTsBVtJqk8jxF9rh8ApRWfsIMQSt2uE4OcpQqbFu7f7NbTK05lx80nuSijCz7sc3a277R67g,kok sekrang eror2 mulu,1,0,2.5.0,2025-11-17 11:40:55+00:00,"Hai, Kakak . Maaf atas ketidaknyamanannya. Kami akan selalu berusaha memberikan yang terbaik demi memenuhi kebutuhan perbankan Kakak. Terkait kendala tersebut boleh infokan detail kendala serta kirimkan gambar kendalanya ke X @haloblu atau email haloblu@bcadigital.co.id agar kami bisa bantu lebih lanjut ya.",2025-11-17 13:30:41,2.5.0
7f38699b-e774-4e15-b695-127b26b41f06,Pengguna Google,https://play-lh.googleusercontent.com/EGemoI2NTXmTsBVtJqk8jxF9rh8ApRWfsIMQSt2uE4OcpQqbFu7f7NbTK05lx80nuSijCz7sc3a277R67g,Kok gak bisa login ya hari ini ?,1,0,2.5.0,2025-11-17 11:40:29+00:00,Hai Kak Bobby. Mohon maaf atas ketidaknyamanan dan kendala yang Kakak alami. Sebelumnya sempat terjadi kendala namun saat ini sudah berjalan normal. Silakan Kakak dapat mencoba kembali ya.,2025-11-17 13:29:40,2.5.0
97af08b3-65a4-4839-a5e6-204afdb2bd22,Pengguna Google,https://play-lh.googleusercontent.com/EGemoI2NTXmTsBVtJqk8jxF9rh8ApRWfsIMQSt2uE4OcpQqbFu7f7NbTK05lx80nuSijCz7sc3a277R67g,"mau masuk ga bisa bisa, udah di update versi terbaru padahal. ampun deh",1,0,2.5.0,2025-11-17 11:37:04+00:00,Hai Kak Rachel . Mohon maaf atas ketidaknyamanan dan kendala yang Kakak alami. Sebelumnya sempat terjadi kendala namun saat ini sudah berjalan normal. Silakan Kakak dapat mencoba kembali ya.,2025-11-17 13:26:48,2.5.0
2d00d58a-5bed-4e15-96cf-6abe2bf48400,Pengguna Google,https://play-lh.googleusercontent.com/EGemoI2NTXmTsBVtJqk8jxF9rh8ApRWfsIMQSt2uE4OcpQqbFu7f7NbTK05lx80nuSijCz7sc3a277R67g,"kak bisa tolong dibantu ga, ini saya udah pake blu sekitar 1 tahun tapi dari tadi saya gabisa login",4,0,2.5.0,2025-11-17 11:36:32+00:00,Hai Kak Nadya. Mohon maaf atas ketidaknyamanan dan kendala yang Kakak alami. Sebelumnya sempat terjadi kendala namun saat ini sudah berjalan normal. Silakan Kakak dapat mencoba kembali ya.,2025-11-17 13:26:04,2.5.0
8a32df1e-2982-483b-8be2-edbb7b3738dc,Pengguna Google,https://play-lh.googleusercontent.com/EGemoI2NTXmTsBVtJqk8jxF9rh8ApRWfsIMQSt2uE4OcpQqbFu7f7NbTK05lx80nuSijCz7sc3a277R67g,"kenapa sering mau qris sulit masuk akun ny, padahal jaringan aman semuanya, semoga kdpn nya bisa lancar terus",3,0,2.5.0,2025-11-17 11:35:15+00:00,Hai Kak Hanif. Mohon maaf atas ketidaknyamanan dan kendala yang Kakak alami. Sebelumnya sempat terjadi kendala namun saat ini sudah berjalan normal. Silakan Kakak dapat mencoba kembali ya.,2025-11-17 13:23:41,2.5.0
a7b170c1-99c0-4fb1-bacd-384be26553e9,Pengguna Google,https://play-lh.googleusercontent.com/EGemoI2NTXmTsBVtJqk8jxF9rh8ApRWfsIMQSt2uE4OcpQqbFu7f7NbTK05lx80nuSijCz7sc3a277R67g,"mau login gk bisa"" pdhal lg urgent gmn sii ini",1,0,,2025-11-17 11:34:37+00:00,Hai Kak Amalia. Mohon maaf atas ketidaknyamanan dan kendala yang Kakak alami. Sebelumnya sempat terjadi kendala namun saat ini sudah berjalan normal. Silakan Kakak dapat mencoba kembali ya.,2025-11-17 13:22:32,
22713985-c6c0-4ed7-aed9-b36778c1e28f,Pengguna Google,https://play-lh.googleusercontent.com/EGemoI2NTXmTsBVtJqk8jxF9rh8ApRWfsIMQSt2uE4OcpQqbFu7f7NbTK05lx80nuSijCz7sc3a277R67g,aplikasinya lagi kenapa.. aq tekan login tp gak bs... uangku ada d stu smua... tolong dong,4,0,2.5.0,2025-11-17 11:34:07+00:00,Hai Kak Sugeng. Mohon maaf atas ketidaknyamanan dan kendala yang Kakak alami. Sebelumnya sempat terjadi kendala namun saat ini sudah berjalan normal. Silakan Kakak dapat mencoba kembali ya.,2025-11-17 13:21:12,2.5.0
32e03612-d72e-4dcf-a10b-4f9365c89c6f,Pengguna Google,https://play-lh.googleusercontent.com/EGemoI2NTXmTsBVtJqk8jxF9rh8ApRWfsIMQSt2uE4OcpQqbFu7f7NbTK05lx80nuSijCz7sc3a277R67g,"hari ini mau login apk ga bisa2, tolong ini kenapa ya?",2,0,,2025-11-17 11:32:59+00:00,Hai Kakak. Mohon maaf atas ketidaknyamanan dan kendala yang Kakak alami. Sebelumnya sempat terjadi kendala namun saat ini sudah berjalan normal. Silakan Kakak dapat mencoba kembali ya.,2025-11-17 13:19:47,
c5ceb64b-2aa0-4fdf-ac13-39c4bde85c9c,Pengguna Google,https://play-lh.googleusercontent.com/EGemoI2NTXmTsBVtJqk8jxF9rh8ApRWfsIMQSt2uE4OcpQqbFu7f7NbTK05lx80nuSijCz7sc3a277R67g,ini lagi down atau gmn ya?tbtb keluar dari akun pas log in lgi gabisa tulisan nya sesi habis terus?bagaimana ya ini?,3,0,,2025-11-17 11:30:13+00:00,Hai Kak Annisa . Mohon maaf atas ketidaknyamanan dan kendala yang Kakak alami. Sebelumnya sempat terjadi kendala namun saat ini sudah berjalan normal. Silakan Kakak dapat mencoba kembali ya.,2025-11-17 13:18:20,
f510d749-8259-4574-922c-6652f4733ed7,Pengguna Google,https://play-lh.googleusercontent.com/EGemoI2NTXmTsBVtJqk8jxF9rh8ApRWfsIMQSt2uE4OcpQqbFu7f7NbTK05lx80nuSijCz7sc3a277R67g,"hari ini gak bisa login, gimana nih",4,0,2.5.0,2025-11-17 11:29:02+00:00,Hai Kak Yudianto. Mohon maaf atas ketidaknyamanan dan kendala yang Kakak alami. Sebelumnya sempat terjadi kendala namun saat ini sudah berjalan normal. Silakan Kakak dapat mencoba kembali ya.,2025-11-17 13:17:33,2.5.0
6fd32e2b-41b7-4f91-9c7b-375195718643,Pengguna Google,https://play-lh.googleusercontent.com/EGemoI2NTXmTsBVtJqk8jxF9rh8ApRWfsIMQSt2uE4OcpQqbFu7f7NbTK05lx80nuSijCz7sc3a277R67g,kok tidak bisa dibuka aplikasi nya ? login gagal terus,5,0,2.5.0,2025-11-17 11:27:30+00:00,Hai Kak Febbi. Mohon maaf atas ketidaknyamanan dan kendala yang Kakak alami. Sebelumnya sempat terjadi kendala namun saat ini sudah berjalan normal. Silakan Kakak dapat mencoba kembali ya.,2025-11-17 13:16:38,2.5.0
e6c2ed93-f030-4596-bc27-8d01cdd30b3a,Pengguna Google,https://play-lh.googleusercontent.com/EGemoI2NTXmTsBVtJqk8jxF9rh8ApRWfsIMQSt2uE4OcpQqbFu7f7NbTK05lx80nuSijCz7sc3a277R67g,ini server lu kenapa tolol akun diblokir login gabisa mo narik cash aja susah amat,1,0,,2025-11-17 11:27:26+00:00,Hai Kak Ari. Mohon maaf atas ketidaknyamanan dan kendala yang Kakak alami. Sebelumnya sempat terjadi kendala namun saat ini sudah berjalan normal. Silakan Kakak dapat mencoba kembali ya.,2025-11-17 13:14:48,
27bcaa74-f5c9-4992-9cd7-08a927b04cbb,Pengguna Google,https://play-lh.googleusercontent.com/EGemoI2NTXmTsBVtJqk8jxF9rh8ApRWfsIMQSt2uE4OcpQqbFu7f7NbTK05lx80nuSijCz7sc3a277R67g,gak bisa login hari ini ada apa ?,1,0,,2025-11-17 11:22:51+00:00,"Hai Kakak. Mohon maaf atas ketidaknyamanan dan kendala yang Kakak alami. Terkait kendala tersebut masih dalam penanganan oleh pihak terkait kami, minblu saranin Kakak dapat mencoba secara berkala ya.",2025-11-17 13:01:58,
c70b22b8-a43c-4466-a1e7-a892c0de4039,Pengguna Google,https://play-lh.googleusercontent.com/EGemoI2NTXmTsBVtJqk8jxF9rh8ApRWfsIMQSt2uE4OcpQqbFu7f7NbTK05lx80nuSijCz7sc3a277R67g,"kenapa gabisa login ya padahal mau bayar pake qris, trus ada disuruh cek mutasi rekening pembayaran gagal trs itu kenapaaa",3,0,,2025-11-17 11:22:32+00:00,"Hai Kak Sevia Lasty Ananda. Mohon maaf atas ketidaknyamanan dan kendala yang Kakak alami. Terkait kendala tersebut masih dalam penanganan oleh pihak terkait kami, minblu saranin Kakak dapat mencoba secara berkala ya.",2025-11-17 13:00:18,
f7fa5a09-84e9-4bc6-b9ae-6bcec0ac4830,Pengguna Google,https://play-lh.googleusercontent.com/EGemoI2NTXmTsBVtJqk8jxF9rh8ApRWfsIMQSt2uE4OcpQqbFu7f7NbTK05lx80nuSijCz7sc3a277R67g,Geus dihapus APK na ge,1,0,,2025-11-17 10:40:06+00:00,"Hai, Kak fren Smallville. Maaf atas ketidaknyamanannya. Terkait hapus aplikasi, mohon kesediaan Kakak dapat menginformasikan lebih detail melalui email haloblu@bcadigital.co.id, agar kami dapat menginformasikan sesuai dengan kebutuhan Kakak.

",2025-11-17 12:57:32,
ab36bff9-b655-473b-9031-d84e19561276,Pengguna Google,https://play-lh.googleusercontent.com/EGemoI2NTXmTsBVtJqk8jxF9rh8ApRWfsIMQSt2uE4OcpQqbFu7f7NbTK05lx80nuSijCz7sc3a277R67g,Aplikasi dongo mau masuk aj susah tolong di permudahlah?,1,0,1.37.0,2025-11-17 02:53:07+00:00,"Hai, Kakak. Maaf atas ketidaknyamanannya. Kami akan selalu berusaha memberikan yang terbaik demi memenuhi kebutuhan perbankan Kakak. Terkait kendala tersebut boleh infokan detail kendala serta kirimkan gambar kendalanya ke X @haloblu atau email haloblu@bcadigital.co.id agar kami bisa bantu lebih lanjut ya.",2025-11-17 04:06:24,1.37.0
6dbcab48-27fa-4391-a5c2-aafd05d2333b,Pengguna Google,https://play-lh.googleusercontent.com/EGemoI2NTXmTsBVtJqk8jxF9rh8ApRWfsIMQSt2uE4OcpQqbFu7f7NbTK05lx80nuSijCz7sc3a277R67g,"tolong lah aku baru daftar disuruh ngaktifin lokasi,aku uda ngaktifin layanan lokasi masi aja gabisa disuruh ngaktifin lagi maunya apa sih",1,0,2.5.0,2025-11-16 21:23:13+00:00,"Hai, Kak Shasha. Maaf atas ketidaknyamanannya. Kami akan selalu berusaha memberikan yang terbaik demi memenuhi kebutuhan perbankan Kakak. Terkait kendala tersebut boleh infokan detail kendala serta kirimkan gambar kendalanya ke X @haloblu atau email haloblu@bcadigital.co.id agar kami bisa bantu lebih lanjut ya.",2025-11-16 21:53:32,2.5.0
6c3edd84-abf4-412b-b8e2-62aceb117ca3,Pengguna Google,https://play-lh.googleusercontent.com/EGemoI2NTXmTsBVtJqk8jxF9rh8ApRWfsIMQSt2uE4OcpQqbFu7f7NbTK05lx80nuSijCz7sc3a277R67g,"Bagaimana cara login jika nomor HP yang LAMA SUDAH TIDAK AKTIF, DAN HP JUGA GANTI BARU, Saya masukkan Email keterangan EMAIL SUDAH TERDAFTAR, Nomor hp lama sudah tidak aktif, Terimakasih",5,0,2.5.0,2025-11-16 20:34:53+00:00,"Hai, Kak Robbi. Terima kasih atas ulasannya. Jika nomor handphone Kakak masih terhubung dengan WhatsApp, Kakak bisa request OTP yang dikirimkan ke WhatsApp untuk login ke blu. Namun jika sudah tidak terhubung dengan WhatsApp, minblu saranin Kakak menghubungi haloblu 1500668 untuk pembuatan laporan ubah nomor handphone ya.",2025-11-16 21:04:28,2.5.0
7df4decc-583e-4cce-aa06-2a5257b2e888,Pengguna Google,https://play-lh.googleusercontent.com/EGemoI2NTXmTsBVtJqk8jxF9rh8ApRWfsIMQSt2uE4OcpQqbFu7f7NbTK05lx80nuSijCz7sc3a277R67g,TOLONG DONG LEMOD - LEMOT - LETOY NYA DI PERBAIKI SEMANGKIN DI DEPAN WKWKWK🤭,3,0,2.5.0,2025-11-16 17:27:08+00:00,"Hai, Kak Adila. Maaf atas ketidaknyamanannya. Kami akan selalu terus memperbaiki sistem demi mencapai kepuasan para pengguna aplikasi blu. Terkait kendala tersebut pastikan Kakak menggunakan aplikasi blu versi terbaru, pastikan setting waktu di handphone menjadi otomatis, jaringan internet lancar dan stabil serta tidak menggunakan jaringan WiFi.",2025-11-16 18:29:04,2.5.0
b35d2ff3-26e7-40f9-b5ce-46d281b3b35e,Pengguna Google,https://play-lh.googleusercontent.com/EGemoI2NTXmTsBVtJqk8jxF9rh8ApRWfsIMQSt2uE4OcpQqbFu7f7NbTK05lx80nuSijCz7sc3a277R67g,lama nungguin noreknya.,1,0,2.5.0,2025-11-16 10:27:15+00:00,"Hai, Kak Winda Dude. Maaf atas ketidaknyamanannya. Jika yang Kakak maksud baru melakukan pembukaan rekening blu maka jika sudah melakukan pembukaan rekening hingga tahap video call maka untuk rekening Kakak akan aktif dalam waktu maksimal 1 Jam. Kakak dapat melakukan pengecekan secara berkala ya.",2025-11-16 11:22:44,2.5.0
422deacf-5168-430d-8b5a-5a1e9ec63e88,Pengguna Google,https://play-lh.googleusercontent.com/EGemoI2NTXmTsBVtJqk8jxF9rh8ApRWfsIMQSt2uE4OcpQqbFu7f7NbTK05lx80nuSijCz7sc3a277R67g,setiap mau daftar selalu stuck di selfie 🙃 yg hp goyang lah yg apa lah mohon ditingkatkan lagi,1,0,,2025-11-16 09:24:07+00:00,"Hai, Kak Helmi Prayoga. Maaf atas ketidaknyamanannya. Kami akan selalu berusaha memberikan yang terbaik demi memenuhi kebutuhan perbankan Kakak. Terkait kendala tersebut boleh infokan detail kendala serta kirimkan gambar kendalanya ke X @haloblu atau email haloblu@bcadigital.co.id agar kami bisa bantu lebih lanjut ya.",2025-11-16 10:24:08,
8677dd52-3a49-47b0-9f34-56ab33183148,Pengguna Google,https://play-lh.googleusercontent.com/EGemoI2NTXmTsBVtJqk8jxF9rh8ApRWfsIMQSt2uE4OcpQqbFu7f7NbTK05lx80nuSijCz7sc3a277R67g,mohon bantuannya ya ini sy karna ngantuk salah 3x pin langsung ke blokir mana udaah 3x percobaan reset pw gagal terus pas udah masukin pin baru cape banget bulak baliknya mana sy sblmnya udah jutaan yg ada di akun ini tolong bantuannya ini ko seperti ini yaa kapan beresnya sy butuh secepatnya uang saya.,1,5,2.5.0,2025-11-16 00:53:19+00:00,"Hai, Kak Syifa. Maaf atas ketidaknyamanannya. Kami akan selalu berusaha memberikan yang terbaik demi memenuhi kebutuhan perbankan Kakak. Terkait kendala tersebut boleh infokan detail kendala serta kirimkan gambar kendalanya ke X @haloblu atau email haloblu@bcadigital.co.id agar kami bisa bantu lebih lanjut ya.
",2025-11-16 01:37:23,2.5.0
8b1b2e40-c90d-44c8-b53b-e245419dd85c,Pengguna Google,https://play-lh.googleusercontent.com/EGemoI2NTXmTsBVtJqk8jxF9rh8ApRWfsIMQSt2uE4OcpQqbFu7f7NbTK05lx80nuSijCz7sc3a277R67g,ga bsa login pake akun lama entah knp,1,0,,2025-11-15 22:49:08+00:00,"Hai, Kak Selly. Maaf atas ketidaknyamanannya. Kami akan selalu berusaha memberikan yang terbaik demi memenuhi kebutuhan perbankan Kakak. Terkait kendala tersebut boleh infokan detail kendala serta kirimkan gambar kendalanya ke X @haloblu atau email haloblu@bcadigital.co.id agar kami bisa bantu lebih lanjut ya.",2025-11-15 23:14:45,
4ce18952-718a-45eb-8d9b-098eee9c6a0b,Pengguna Google,https://play-lh.googleusercontent.com/EGemoI2NTXmTsBVtJqk8jxF9rh8ApRWfsIMQSt2uE4OcpQqbFu7f7NbTK05lx80nuSijCz7sc3a277R67g,simpel jangan terlalu dibuat simpel,3,0,,2025-11-15 21:50:37+00:00,"Hai, Kak Farel. Maaf atas ketidaknyamanannya. Terkait kendala yang dialami, mohon kesediaan Kakak dapat menginformasikan lebih detail melalui email haloblu@bcadigital.co.id, agar kami dapat menginformasikan sesuai dengan kebutuhan Kakak.",2025-11-15 21:55:41,
dcee43e5-4862-44ab-b4d4-442da0298228,Pengguna Google,https://play-lh.googleusercontent.com/EGemoI2NTXmTsBVtJqk8jxF9rh8ApRWfsIMQSt2uE4OcpQqbFu7f7NbTK05lx80nuSijCz7sc3a277R67g,terbaik,5,0,,2025-11-15 20:01:05+00:00,"Hai, Kakak. Terima kasih atas ulasannya. Semoga blu bisa selalu memberikan yang terbaik untuk memenuhi semua kebutuhan perbankan Kakak. Selamat menikmati kemudahan bertransaksi menggunakan blu ya. 😊",2025-11-15 20:45:05,
2eb9cdbc-d7ba-49d6-9b7f-2c96dee2391f,Pengguna Google,https://play-lh.googleusercontent.com/EGemoI2NTXmTsBVtJqk8jxF9rh8ApRWfsIMQSt2uE4OcpQqbFu7f7NbTK05lx80nuSijCz7sc3a277R67g,gmna nih kak uang ku di blu tapi ga bisa masuk coba lagi terus,2,0,,2025-11-15 18:26:51+00:00,"Hai, Kak Mufika. Maaf atas ketidaknyamanannya. Terkait kendala tersebut boleh kirimkan gambar kendalanya ke X @haloblu atau email haloblu@bcadigital.co.id agar kami bisa bantu lebih lanjut ya.
",2025-11-15 18:36:27,
1a668bb5-7fcb-4aec-a788-92bab6bec133,Pengguna Google,https://play-lh.googleusercontent.com/EGemoI2NTXmTsBVtJqk8jxF9rh8ApRWfsIMQSt2uE4OcpQqbFu7f7NbTK05lx80nuSijCz7sc3a277R67g,"plis masih banyak erornya, aku butuh banget fitur tap flazz nya, udh hepi bisa topup tapcash di blu tp sekarang jd eror :(",4,0,2.5.0,2025-11-15 12:58:36+00:00,"Hai, Kakak. Maaf banget atas ketidaknyamanannya. Terkait kendala top up yang Kakak alami, boleh kirimkan gambar kendalanya ke X @haloblu atau email haloblu@bcadigital.co.id agar kami bisa bantu lebih lanjut ya.",2025-11-15 13:58:37,2.5.0
e58da8ed-1b25-42a4-9419-f2e6f44fc714,Pengguna Google,https://play-lh.googleusercontent.com/EGemoI2NTXmTsBVtJqk8jxF9rh8ApRWfsIMQSt2uE4OcpQqbFu7f7NbTK05lx80nuSijCz7sc3a277R67g,"saya sedang mengajukan pinjaman hari ini, semoga pengajuan Pinjaman Saya di terima dan cair langsung, masuk ke rekening..",5,0,2.5.0,2025-11-15 11:14:15+00:00,"Hai, Kak Aji. Terima kasih atas ulasannya. Terkait pinjaman disetujui atau tidak tergantung hasil analisa dari pihak terkait kami dengan melihat data-data Kakak. Kami sarankan agar Kakak dapat menunggu terlebih dahulu karena dalam keadaan normal pinjaman akan dikonfirmasi dalam waktu 1 hari diluar hari libur nasional dan cuti bersama ya.",2025-11-15 12:24:55,2.5.0
9ff059a8-9a8e-4e7b-9d9d-f318006bae8d,Pengguna Google,https://play-lh.googleusercontent.com/EGemoI2NTXmTsBVtJqk8jxF9rh8ApRWfsIMQSt2uE4OcpQqbFu7f7NbTK05lx80nuSijCz7sc3a277R67g,"lucu bgt aplikasi ini,ketika sudah vidio call untuk buka tabungan dia bilang saya tidak memenuhi kriteria bank....emangnya nabung harus pake kriteria?kayak mau cari pasangan hidup aja....wkwkwk",1,0,,2025-11-15 10:49:36+00:00,"Hai, Kak Rizal. Maaf atas ketidaknyamanannya. Hal tersebut sepenuhnya menjadi kebijakan dari BCA Digital setelah melakukan analisa dari kelengkapan data pembukaan rekening. Dikhawatirkan terdapat data diri yang tidak dapat terverifikasi atau hal lain yang tidak sesuai dengan ketentuan yang ditetapkan oleh BCA Digital.",2025-11-15 11:20:05,
99dd83ca-95e5-4ea5-b00a-43d5c5f90adc,Pengguna Google,https://play-lh.googleusercontent.com/EGemoI2NTXmTsBVtJqk8jxF9rh8ApRWfsIMQSt2uE4OcpQqbFu7f7NbTK05lx80nuSijCz7sc3a277R67g,hape saya sudah suport 5G malah sinyalnya yg jelek alahhhh cukup bintang 1 aja,1,1,2.5.0,2025-11-15 09:59:30+00:00,"Hai, Kak Kadek. Maaf atas ketidaknyamanannya. Kami akan selalu berusaha memberikan yang terbaik demi memenuhi kebutuhan perbankan Kakak. Terkait kendala tersebut boleh infokan detail kendala serta kirimkan gambar kendalanya ke X @haloblu atau email haloblu@bcadigital.co.id agar kami bisa bantu lebih lanjut ya.",2025-11-15 10:04:06,2.5.0
7f857c62-646e-4c4c-8e34-431b22c31e8f,Pengguna Google,https://play-lh.googleusercontent.com/EGemoI2NTXmTsBVtJqk8jxF9rh8ApRWfsIMQSt2uE4OcpQqbFu7f7NbTK05lx80nuSijCz7sc3a277R67g,"ini instalasi di Tablet suda bisa blm, soalnya dulu blm bisa maka akhirnya aku terpaksa instalasi di Hape.. Dulu Cuma bisa download TAPI mo lanjut langkah2 panduannya gk mau",3,0,,2025-11-15 07:21:20+00:00,"Hai, Kak Fahrur Rozi. Maaf atas ketidaknyamanannya. Kami akan selalu berusaha memberikan yang terbaik demi memenuhi kebutuhan perbankan Kakak. Saat ini aplikasi blu belum bisa diakses melalui Tablet ya Kak. Mohon kesediaan Kakak menunggu inovasi blu selanjutnya.",2025-11-15 08:04:33,
3367c5a3-36c3-449b-a2a9-b3368eabe817,Pengguna Google,https://play-lh.googleusercontent.com/EGemoI2NTXmTsBVtJqk8jxF9rh8ApRWfsIMQSt2uE4OcpQqbFu7f7NbTK05lx80nuSijCz7sc3a277R67g,mantap,5,0,2.5.0,2025-11-15 06:40:49+00:00,"Hai, Kak Mudha. Terima kasih atas ulasannya. Semoga blu bisa selalu memberikan yang terbaik untuk memenuhi semua kebutuhan perbankan Kakak. Jika ada kendala atau hal lain yang ingin ditanyakan, Kakak bisa langsung menghubungi X @haloblu atau email haloblu@bcadigital.co.id atau telepon 1500668 (layanan 24 jam).",2025-11-15 06:57:58,2.5.0
aca52b1b-a069-4e91-baac-c133b9c882dd,Pengguna Google,https://play-lh.googleusercontent.com/EGemoI2NTXmTsBVtJqk8jxF9rh8ApRWfsIMQSt2uE4OcpQqbFu7f7NbTK05lx80nuSijCz7sc3a277R67g,sangat bagus,5,0,2.5.0,2025-11-14 21:27:16+00:00,"Hai, Kak Bagas. Terima kasih atas ulasannya. Semoga blu bisa selalu memberikan yang terbaik untuk memenuhi semua kebutuhan perbankan Kakak. Jika ada kendala atau hal lain yang ingin ditanyakan, Kakak bisa langsung menghubungi X @haloblu atau email haloblu@bcadigital.co.id atau telepon 1500668 (layanan 24 jam).",2025-11-14 21:59:30,2.5.0
beaa1283-2bda-4fd4-9e1f-b4bf7d1cc9d8,Pengguna Google,https://play-lh.googleusercontent.com/EGemoI2NTXmTsBVtJqk8jxF9rh8ApRWfsIMQSt2uE4OcpQqbFu7f7NbTK05lx80nuSijCz7sc3a277R67g,aplikasi tolol banyak bugnya,1,0,2.5.0,2025-11-14 20:15:55+00:00,"Hai, Kak Ibnu. Maaf atas ketidaknyamanannya. Kami akan selalu berusaha memberikan yang terbaik kebutuhan perbankan Kakak. Mohon pastikan perangkat sudah update versi terbaru dan jika ada hal lain yang ingin ditanyakan, Kakak bisa langsung menghubungi X @haloblu atau email haloblu@bcadigital.co.id atau telepon 1500668 (layanan 24 jam).",2025-11-14 20:53:10,2.5.0
ff2ab6e8-a86e-4954-9a31-a15bb994df1a,Pengguna Google,https://play-lh.googleusercontent.com/EGemoI2NTXmTsBVtJqk8jxF9rh8ApRWfsIMQSt2uE4OcpQqbFu7f7NbTK05lx80nuSijCz7sc3a277R67g,"mau login lupa pin. pas mau ganti malah ke out disuruh pasword lupa eh bikin pas bikin pin baru kesalahan teknis dri pagi. coba"" inget pasword masih lupa sampe keblokir astaga. blue sering bgt dh error koneksi internet stabil pdhl. main roblox pun lancar",1,0,,2025-11-14 17:31:14+00:00,"Hai, Kakak. Maaf atas ketidaknyamanannya. Melalui pesan kesalahan akun terblokir, dapat memilih tombol reset password kemudian mengikuti langkah-langkah sebagai berikut:
1. Aplikasi akan meminta PIN dan pengenalan wajah
2. Jika berhasil Kakak memasukkan password baru
3. Kakak memasukkan kembali password baru
4. Reset password berhasil dilakukan.",2025-11-14 18:28:55,
0f528e29-adaa-4b1c-bf29-4ed5e093cdd5,Pengguna Google,https://play-lh.googleusercontent.com/EGemoI2NTXmTsBVtJqk8jxF9rh8ApRWfsIMQSt2uE4OcpQqbFu7f7NbTK05lx80nuSijCz7sc3a277R67g,mantab,5,0,,2025-11-14 15:15:51+00:00,"Hai, Kak Fito. Terima kasih atas ulasannya. Semoga blu bisa selalu memberikan yang terbaik untuk memenuhi semua kebutuhan perbankan Kakak. Jika ada kendala atau hal lain yang ingin ditanyakan, Kakak bisa langsung menghubungi X @haloblu atau email haloblu@bcadigital.co.id atau telepon 1500668 (layanan 24 jam).",2025-11-14 16:08:22,
70266d94-2b1a-4a03-aebb-e73e46204119,Pengguna Google,https://play-lh.googleusercontent.com/EGemoI2NTXmTsBVtJqk8jxF9rh8ApRWfsIMQSt2uE4OcpQqbFu7f7NbTK05lx80nuSijCz7sc3a277R67g,"baguss banget apalagi opsi tabungannya, tpi mau kasih saran moga aja bisa terwujud. kalo bagian tabungan tambahin fitur tabungan yang gabisa dicairin, jdi tabungan ini tuh ada target, misal target nabung 2juta kalo udah kekumpul 2juta baru boleh cair semua, kalo cairin tpi ga sentuh target kena denda. karena memang lagi btuh fitur gini, kalo simpen di blu kan gampang keluar ya duitnya jdi kepengen dipake gitu, kalo ada fitur kuncikan otomatis pikiran harus cpai targetnya:)",4,5,2.5.0,2025-11-14 14:09:40+00:00,"Hai, Kak Michael. Maaf atas ketidaknyamanannya. Terima kasih atas saran dan masukan yang diberikan, kami akan selalu memperbaiki sistem demi mencapai kepuasan para pengguna aplikasi blu. Jika ada hal lain yang ingin ditanyakan, Kakak bisa langsung menghubungi X @haloblu atau email haloblu@bcadigital.co.id atau telepon 1500668 (layanan 24 jam).",2025-11-14 14:31:49,2.5.0
777df3bd-87f3-4eaf-a6bf-6bfbbd788a8a,Pengguna Google,https://play-lh.googleusercontent.com/EGemoI2NTXmTsBVtJqk8jxF9rh8ApRWfsIMQSt2uE4OcpQqbFu7f7NbTK05lx80nuSijCz7sc3a277R67g,"mau daftar susah nya naudzubilah minjalik , padahal GPS selalu on , tetapi di aplikasi di suruh aktifan GPS , sudah coba mati hidupkan GPS berkali kali tetap tidak bisa , gimana ini cs blue ??",1,15,2.5.0,2025-11-14 09:16:28+00:00,"Hai, Kak wahyu. Maaf atas ketidaknyamanannya. Kami akan selalu berusaha memberikan yang terbaik demi memenuhi kebutuhan perbankan Kakak. Terkait kendala tersebut boleh infokan detail kendala serta kirimkan gambar kendalanya ke X @haloblu atau email haloblu@bcadigital.co.id agar kami bisa bantu lebih lanjut ya.",2025-11-14 10:04:50,2.5.0
6db14547-1378-4087-b62c-d77461c9786b,Pengguna Google,https://play-lh.googleusercontent.com/EGemoI2NTXmTsBVtJqk8jxF9rh8ApRWfsIMQSt2uE4OcpQqbFu7f7NbTK05lx80nuSijCz7sc3a277R67g,gratis !!!!!!!!!!!!!!!,5,0,,2025-11-14 07:04:55+00:00,"Hai, Kak Julia Safridah. Maaf atas ketidaknyamanannya. Mohon kesediaan Kakak dapat menginformasikan lebih detail hal tersebut melalui email haloblu@bcadigital.co.id, agar kami dapat menginformasikan sesuai dengan kebutuhan Kakak.

",2025-11-14 07:58:17,
e77682ad-352d-4b9d-a7e6-cb2acba19af6,Pengguna Google,https://play-lh.googleusercontent.com/EGemoI2NTXmTsBVtJqk8jxF9rh8ApRWfsIMQSt2uE4OcpQqbFu7f7NbTK05lx80nuSijCz7sc3a277R67g,"tadinya saya udah mau daftar blu bca, cuma karena buatnya ribet harus pakai video call, padahal pling males video call, akhirnya saya ga jadi buka akun blu",1,0,,2025-11-14 05:58:40+00:00,"Hai, Kak Jay. Maaf atas ketidaknyamanannya. Terkait dengan adanya video call, hal tersebut merupakan salah satu proses dari tahapan untuk pembukaan rekening blu. Tenang aja Kak, video call dilakukan untuk proses verifikasi data Kakak. Yuk! lanjutin pembukaan rekening blu Kakak dan nikmatin berbagai promo yang blu miliki ya.",2025-11-14 06:59:04,
b75f3bb2-8278-4ddc-b5f1-905a5429d33c,Pengguna Google,https://play-lh.googleusercontent.com/EGemoI2NTXmTsBVtJqk8jxF9rh8ApRWfsIMQSt2uE4OcpQqbFu7f7NbTK05lx80nuSijCz7sc3a277R67g,semoga bisa di bukain fitur pinjaman nya,5,0,2.5.0,2025-11-14 02:29:42+00:00,"Hai, Kak Yanda. Terima kasih atas ulasannya. Terkait penawaran pinjaman pastikan saat ini Kakak berdomisli di Jabodetabek, Bali, Daerah Istimewa Yogyakarta, Malang, Semarang, Surabaya, Solo, Kota Bandung, Kabupaten Bandung, Cilacap, Klaten, Sidoarjo, dan Gresik serta tingkatkan terus transaksi Kakak untuk mendapatkan penawaran pinjaman dari kami.",2025-11-14 02:55:15,2.5.0
0e876bea-cbde-4223-9e2e-54d1aa39f92a,Pengguna Google,https://play-lh.googleusercontent.com/EGemoI2NTXmTsBVtJqk8jxF9rh8ApRWfsIMQSt2uE4OcpQqbFu7f7NbTK05lx80nuSijCz7sc3a277R67g,"mending digabung sama mybca, dipisah malah ruwet bikin akun aja berteletele",3,0,,2025-11-13 23:51:51+00:00,"Hai, Kak Khabibur. Maaf atas ketidaknyamanannya. blu dan BCA sudah berbeda bank, blu atau BCA Digital merupakan anak perusahaan BCA, bagian dari BCA Group. Jika Kakak mengalami kendala pada proses pembukaan rekening blu, mohon dapat informasikan lebih detail melalui DM X @haloblu agar dapat dibantu lebih lanjut ya.",2025-11-14 00:15:18,
8fdd7972-6f60-47c7-bd1f-247a40541dcb,Pengguna Google,https://play-lh.googleusercontent.com/EGemoI2NTXmTsBVtJqk8jxF9rh8ApRWfsIMQSt2uE4OcpQqbFu7f7NbTK05lx80nuSijCz7sc3a277R67g,"maaf saya turunkan bintang. Di versi ini verifikasi scan wajah nya jadi susah, gagal terus padahal sudah sesuai petunjuk, kamera dan jaringan juga gak ada masalah. Jadi gak bisa login ke aplikasi deh",3,10,2.5.0,2025-11-13 21:04:12+00:00,"Hai, Kakak. Maaf atas ketidaknyamanannya. Kami akan selalu berusaha memberikan yang terbaik demi memenuhi kebutuhan perbankan Kakak. Terkait kendala tersebut boleh infokan detail kendala serta kirimkan gambar kendalanya ke X @haloblu atau email haloblu@bcadigital.co.id agar kami bisa bantu lebih lanjut ya.",2025-11-13 21:22:28,2.5.0
c6df7191-8515-49f2-bf7a-91fb7182723c,Pengguna Google,https://play-lh.googleusercontent.com/EGemoI2NTXmTsBVtJqk8jxF9rh8ApRWfsIMQSt2uE4OcpQqbFu7f7NbTK05lx80nuSijCz7sc3a277R67g,kenapa ya makin kesini makin lag tolong dong pihak BCA segera memperbaiki nya sekarang apk nya tidak bisa diakses sama sekali🙏🏻,1,1,2.5.0,2025-11-13 20:11:25+00:00,"Hai, Kak Rizky. Maaf atas ketidaknyamanannya. Kami akan selalu terus memperbaiki sistem demi mencapai kepuasan para pengguna aplikasi blu. Terkait kendala tersebut pastikan Kakak menggunakan aplikasi blu versi terbaru, pastikan setting waktu di handphone menjadi otomatis, jaringan internet lancar dan stabil serta tidak menggunakan jaringan WiFi.",2025-11-13 20:18:18,2.5.0
89a5b34e-29c4-4bc8-a6b4-549b9bebffcb,Pengguna Google,https://play-lh.googleusercontent.com/EGemoI2NTXmTsBVtJqk8jxF9rh8ApRWfsIMQSt2uE4OcpQqbFu7f7NbTK05lx80nuSijCz7sc3a277R67g,Proses verifikasi wajah lama dan gagal terus dicoba,1,0,2.5.0,2025-11-13 18:41:23+00:00,"Hai, Kak Firdausi. Maaf atas ketidaknyamanannya. Kami akan selalu berusaha memberikan yang terbaik demi memenuhi kebutuhan perbankan Kakak. Terkait kendala tersebut boleh infokan detail kendala serta kirimkan gambar kendalanya ke X @haloblu atau email haloblu@bcadigital.co.id agar kami bisa bantu lebih lanjut ya.",2025-11-13 19:12:44,2.5.0
74c58fc8-25fc-45dc-9763-e6c1c2a9bf8f,Pengguna Google,https://play-lh.googleusercontent.com/EGemoI2NTXmTsBVtJqk8jxF9rh8ApRWfsIMQSt2uE4OcpQqbFu7f7NbTK05lx80nuSijCz7sc3a277R67g,belum di coba semoga amanah,5,0,2.5.0,2025-11-13 18:33:25+00:00,"Hai, Kak Raka. Terima kasih atas ulasannya. Semoga blu bisa selalu memberikan yang terbaik untuk memenuhi semua kebutuhan perbankan Kakak. Jika ada kendala atau hal lain yang ingin ditanyakan, Kakak bisa langsung menghubungi X @haloblu atau email haloblu@bcadigital.co.id atau telepon 1500668 (layanan 24 jam).",2025-11-13 19:12:04,2.5.0
8c9e7aee-b310-4f23-bc4c-e66124f552e0,Pengguna Google,https://play-lh.googleusercontent.com/EGemoI2NTXmTsBVtJqk8jxF9rh8ApRWfsIMQSt2uE4OcpQqbFu7f7NbTK05lx80nuSijCz7sc3a277R67g,padahal buka rekening z loe tp gak lolos padahal aku punya tabungan BCA yg sllu aku gunakan setiap saat .. aneh ini,2,0,2.5.0,2025-11-13 15:37:41+00:00,"Hai, Kak Ara. Maaf atas ketidaknyamanannya. Hal tersebut sepenuhnya menjadi kebijakan dari BCA Digital setelah melakukan analisa dari kelengkapan data pembukaan rekening. Dikhawatirkan terdapat data yang tidak sesuai dengan ketentuan yang ditetapkan oleh BCA Digital. Kami sarankan menghubungi layanan haloblu di 1500668 atau pada aplikasi haloBCA 🙏",2025-11-13 16:05:01,2.5.0
05c6fb3d-26ca-483e-af82-e530c9153c86,Pengguna Google,https://play-lh.googleusercontent.com/EGemoI2NTXmTsBVtJqk8jxF9rh8ApRWfsIMQSt2uE4OcpQqbFu7f7NbTK05lx80nuSijCz7sc3a277R67g,"akun sudah terverifiasi, awal melakukan transaksi. pas login kembali tidak bisa. aplikasi blu bca tidak praktis. terlalu ribeeeeeettttt",1,3,2.5.0,2025-11-13 14:32:01+00:00,"Hai, Kak Toni. Maaf atas ketidaknyamanannya. Kami akan selalu berusaha memberikan yang terbaik demi memenuhi kebutuhan perbankan Kakak. Terkait kendala tersebut boleh infokan detail kendala serta kirimkan gambar kendalanya ke X @haloblu atau email haloblu@bcadigital.co.id agar kami bisa bantu lebih lanjut ya.",2025-11-13 14:43:35,2.5.0
86257630-3d5e-4119-97b5-294e731aeefa,Pengguna Google,https://play-lh.googleusercontent.com/EGemoI2NTXmTsBVtJqk8jxF9rh8ApRWfsIMQSt2uE4OcpQqbFu7f7NbTK05lx80nuSijCz7sc3a277R67g,"min ini gimana ya setiap mau login ada tulisan ""sesi kamu habis, masuk lagi yuk"", udah diupdate beberapa kali, udah dihapus terus download lagi, tetep aja kaya gituu",2,2,2.5.0,2025-11-12 19:27:43+00:00,"Hai, Kakak. Maaf atas ketidaknyamanannya. Kami akan selalu berusaha memberikan yang terbaik demi memenuhi kebutuhan perbankan Kakak. Terkait kendala tersebut boleh infokan detail kendala serta kirimkan gambar kendalanya ke X @haloblu atau email haloblu@bcadigital.co.id agar kami bisa bantu lebih lanjut ya.",2025-11-12 20:25:21,2.5.0
62d5dd78-abc2-41be-9266-c84b6e681926,Pengguna Google,https://play-lh.googleusercontent.com/EGemoI2NTXmTsBVtJqk8jxF9rh8ApRWfsIMQSt2uE4OcpQqbFu7f7NbTK05lx80nuSijCz7sc3a277R67g,"udh konfirmasi, eh malaj apk ga bisa dibuka, gimana deh",2,0,2.5.0,2025-11-12 14:18:47+00:00,"Hai, Kak Yunita. Maaf atas ketidaknyamanannya. Kami akan selalu berusaha memberikan yang terbaik demi memenuhi kebutuhan perbankan Kakak. Terkait kendala tersebut boleh infokan detail kendala serta kirimkan gambar kendalanya ke X @haloblu atau email haloblu@bcadigital.co.id agar kami bisa bantu lebih lanjut ya.",2025-11-12 15:11:58,2.5.0
e52d16ed-215d-4106-9f89-02a8105c5ffe,Pengguna Google,https://play-lh.googleusercontent.com/EGemoI2NTXmTsBVtJqk8jxF9rh8ApRWfsIMQSt2uE4OcpQqbFu7f7NbTK05lx80nuSijCz7sc3a277R67g,"izin lokasi udah hidup, lokasinya juga diaktifkan. ttp aja butuh akses lokasi. lokasi yg mana lagi bl**kkkkkkk",1,1,2.5.0,2025-11-12 08:32:22+00:00,"Hai, Kak Wigandi. Maaf atas ketidaknyamanannya. Terkait kendala yang dialami, Kakak bisa masuk ke ""Setting"" dan pilih aplikasi blu, pilih ""Lokasi"" dan ""Izinkan Akses Lokasi"", Kakak ubah ke ""Jangan Pernah"" untuk sementara waktu kemudian lakukan force close aplikasi blu dan silakan Kakak coba buka aplikasi blu kembali ya Kak.",2025-11-12 09:18:12,2.5.0
0557c1b6-2422-4617-94e5-a0cfb8c10654,Pengguna Google,https://play-lh.googleusercontent.com/EGemoI2NTXmTsBVtJqk8jxF9rh8ApRWfsIMQSt2uE4OcpQqbFu7f7NbTK05lx80nuSijCz7sc3a277R67g,gabisa scan qris udah beberapa hari,1,0,2.5.0,2025-11-12 07:44:40+00:00,"Hai, Kak Putri. Maaf atas ketidaknyamanannya. Kami akan selalu berusaha memberikan yang terbaik demi memenuhi kebutuhan perbankan Kakak. Terkait kendala Kakak, mohon kesediaan Kakak mengirimkan respons tampilan gambar kendalanya ke X @haloblu atau email haloblu@bcadigital.co.id agar kami bisa bantu lebih lanjut ya.",2025-11-12 07:56:17,2.5.0
4b45e8d5-928a-4879-a713-6fd5ffdfee8f,Pengguna Google,https://play-lh.googleusercontent.com/EGemoI2NTXmTsBVtJqk8jxF9rh8ApRWfsIMQSt2uE4OcpQqbFu7f7NbTK05lx80nuSijCz7sc3a277R67g,bisa tup up tidak bisa transfer setiap kali pengen transfer muncul notif akun terblokir trus saya login ulang berhasil masuk coba tf muncul lagi bisa top up ga bisa tf buat apaan coba?,1,2,2.5.0,2025-11-11 23:55:35+00:00,"Hai, Kak Rahmat. Maaf atas ketidaknyamanannya. Terkait kendala tersebut boleh kirimkan gambar kendalanya ke X @haloblu atau email haloblu@bcadigital.co.id agar kami bisa bantu lebih lanjut ya.",2025-11-12 00:48:17,2.5.0
bfffc98f-87da-4e0c-a5d7-28971c3b11be,Pengguna Google,https://play-lh.googleusercontent.com/EGemoI2NTXmTsBVtJqk8jxF9rh8ApRWfsIMQSt2uE4OcpQqbFu7f7NbTK05lx80nuSijCz7sc3a277R67g,kenapa blue tidak bisa di bukak akhir² ini?! pdhal sudah di versi terbaru!,3,0,2.5.0,2025-11-11 23:04:37+00:00,"Hai, Kak Cikal. Maaf atas ketidaknyamanannya. Terkait kendala tersebut boleh kirimkan gambar kendalanya ke X @haloblu atau email haloblu@bcadigital.co.id agar kami bisa bantu lebih lanjut ya.",2025-11-11 23:17:32,2.5.0
4e3dde72-ac45-4f2c-a7ff-b4f4a6c96e24,Pengguna Google,https://play-lh.googleusercontent.com/EGemoI2NTXmTsBVtJqk8jxF9rh8ApRWfsIMQSt2uE4OcpQqbFu7f7NbTK05lx80nuSijCz7sc3a277R67g,kurang bagus,5,0,2.5.0,2025-11-11 22:58:08+00:00,"Hai, Kak Maryono. Maaf atas ketidaknyamanannya. Kami akan selalu berusaha memberikan yang terbaik kebutuhan perbankan Kakak. Mohon pastikan perangkat sudah update versi terbaru dan jika ada hal lain yang ingin ditanyakan, Kakak bisa langsung menghubungi X @haloblu atau email haloblu@bcadigital.co.id atau telepon 1500668 (layanan 24 jam).",2025-11-11 23:16:46,2.5.0
e4d14ece-ada2-43a2-8e24-680b1b67829b,Pengguna Google,https://play-lh.googleusercontent.com/EGemoI2NTXmTsBVtJqk8jxF9rh8ApRWfsIMQSt2uE4OcpQqbFu7f7NbTK05lx80nuSijCz7sc3a277R67g,"aplikasi tidak jelas, pendaftaran susah sekali. jelas kalah dengan bank digital lain. tidak sesuai dengan reputasi BCA",1,0,2.5.0,2025-11-11 21:02:12+00:00,"Hai, Kak Mauli. Maaf atas ketidaknyamanannya. Terkait kendala tersebut boleh kirimkan gambar kendalanya ke X @haloblu atau email haloblu@bcadigital.co.id agar kami bisa bantu lebih lanjut ya.",2025-11-11 22:12:44,2.5.0
0cddbd6a-313d-48bf-bc78-f7dac758fd74,Pengguna Google,https://play-lh.googleusercontent.com/EGemoI2NTXmTsBVtJqk8jxF9rh8ApRWfsIMQSt2uE4OcpQqbFu7f7NbTK05lx80nuSijCz7sc3a277R67g,simpel banget,5,0,2.5.0,2025-11-11 18:11:42+00:00,"Hai, Kak Elang. Terima kasih atas ulasannya. Semoga blu bisa selalu memberikan yang terbaik untuk memenuhi semua kebutuhan perbankan Kakak. Selamat menikmati kemudahan bertransaksi menggunakan blu ya. 😊",2025-11-11 18:18:48,2.5.0
f7b29b80-cfcf-4952-a5f0-b98762fefc91,Pengguna Google,https://play-lh.googleusercontent.com/EGemoI2NTXmTsBVtJqk8jxF9rh8ApRWfsIMQSt2uE4OcpQqbFu7f7NbTK05lx80nuSijCz7sc3a277R67g,"harus nya bebas biaya admin transaksi, baik setor tunai maupun tarik tunai di ATM BCA dgn kartu debit, tanpa ada perlu kuota atau reward reward an, seperti bank raya dari BRI group, dia gratis tarik tunai mau pun setor tunai di ATM BRI.",1,0,,2025-11-11 16:05:59+00:00,"Hai, Kakak. Maaf atas ketidaknyamanannya. Terima kasih atas saran dan masukan yang diberikan, kami akan selalu memperbaiki sistem demi mencapai kepuasan para pengguna aplikasi blu. Jika ada hal lain yang ingin ditanyakan, Kakak bisa langsung menghubungi X @haloblu atau email haloblu@bcadigital.co.id atau telepon 1500668 (layanan 24 jam).
",2025-11-11 16:50:47,
ea9b6fc3-344d-43bb-8dcc-9ff2c56a1ebf,Pengguna Google,https://play-lh.googleusercontent.com/EGemoI2NTXmTsBVtJqk8jxF9rh8ApRWfsIMQSt2uE4OcpQqbFu7f7NbTK05lx80nuSijCz7sc3a277R67g,ko susah banget si buat scan muka doang padahal saya sudah pas in ke lingkaran masih aja tidak dikenali tolong perbaiki lagi y dn saya mohon maaf sekali saya kasi b1 terlebih dahulu nanti kalau sudah dibenarkan saya kasi b5,1,0,2.5.0,2025-11-11 14:17:48+00:00,"Hai, Kakak. Maaf atas ketidaknyamanannya. Kami akan selalu berusaha memberikan yang terbaik demi memenuhi kebutuhan perbankan Kakak. Terkait kendala tersebut boleh infokan detail kendala serta kirimkan gambar kendalanya ke X @haloblu atau email haloblu@bcadigital.co.id agar kami bisa bantu lebih lanjut ya.
",2025-11-11 15:05:22,2.5.0
064078b7-e905-4afb-b988-50d71fc31496,Pengguna Google,https://play-lh.googleusercontent.com/EGemoI2NTXmTsBVtJqk8jxF9rh8ApRWfsIMQSt2uE4OcpQqbFu7f7NbTK05lx80nuSijCz7sc3a277R67g,APA INI MASALAH LAPORAN AJA DIPERSUSAH. LELET SEMUANYA. MASA BANK SEGEDE ANAKAN BCA KALAH SAMA SEABANK DAN GOPAY. LEMAH.,1,0,2.5.0,2025-11-11 13:50:24+00:00,"Hai, Kak Callysta. Maaf atas ketidaknyamanannya. Terkait kendala yang dialami, mohon kesediaan Kakak dapat menginformasikan lebih detail kendala tersebut agar kami dapat menginformasikan sesuai dengan kebutuhan Kakak. Kakak bisa langsung menghubungi X @haloblu atau email haloblu@bcadigital.co.id atau telepon 1500668 (layanan 24 jam).",2025-11-11 14:04:25,2.5.0
70468e48-06f2-484d-bc30-cb0b2aed3f56,Pengguna Google,https://play-lh.googleusercontent.com/EGemoI2NTXmTsBVtJqk8jxF9rh8ApRWfsIMQSt2uE4OcpQqbFu7f7NbTK05lx80nuSijCz7sc3a277R67g,produk bca yg jelek. ya ini.,1,0,,2025-11-11 11:41:15+00:00,"Hai, Kak Hoho Nugroho. Maaf atas ketidaknyamanannya. Kami akan selalu berusaha memberikan yang terbaik demi memenuhi kebutuhan perbankan Kakak. Apabila Kakak mengalami kendala boleh infokan detail kendala serta kirimkan gambar kendalanya ke X @haloblu atau email haloblu@bcadigital.co.id agar kami bisa bantu lebih lanjut ya.
",2025-11-11 12:35:08,
d135f405-6902-4119-ba2c-9762cf33289a,Pengguna Google,https://play-lh.googleusercontent.com/EGemoI2NTXmTsBVtJqk8jxF9rh8ApRWfsIMQSt2uE4OcpQqbFu7f7NbTK05lx80nuSijCz7sc3a277R67g,Responnya cepat....,4,0,2.5.0,2025-11-11 09:43:22+00:00,"Hai, Kak Yudi Heriadi. Terima kasih atas ulasannya. Semoga blu bisa selalu memberikan yang terbaik untuk memenuhi semua kebutuhan perbankan Kakak. Jika ada kendala atau hal lain yang ingin ditanyakan, Kakak bisa langsung menghubungi X @haloblu atau email haloblu@bcadigital.co.id atau telepon 1500668 (layanan 24 jam).
",2025-11-11 10:17:08,2.5.0
503c3ae2-f8e0-421a-984c-533455e5c7fe,Pengguna Google,https://play-lh.googleusercontent.com/EGemoI2NTXmTsBVtJqk8jxF9rh8ApRWfsIMQSt2uE4OcpQqbFu7f7NbTK05lx80nuSijCz7sc3a277R67g,"bagus, tapi sering gangguan dan susah masuk",5,1,2.5.0,2025-11-11 09:31:30+00:00,"Hai, Kakak. Terima kasih atas ulasannya. Kami akan selalu berusaha memberikan yang terbaik demi memenuhi kebutuhan perbankan Kakak. Terkait kendala tersebut boleh infokan detail kendala serta kirimkan gambar kendalanya ke X @haloblu atau email haloblu@bcadigital.co.id agar kami bisa bantu lebih lanjut ya.
",2025-11-11 10:17:07,2.5.0
0bb3c469-9da8-4803-9a40-69c23d1fabbe,Pengguna Google,https://play-lh.googleusercontent.com/EGemoI2NTXmTsBVtJqk8jxF9rh8ApRWfsIMQSt2uE4OcpQqbFu7f7NbTK05lx80nuSijCz7sc3a277R67g,"ini kenapa error mulu disuruh hidupin lokasi dan sudah diberikan izin tetapi tetap saja masih ditanya jadinya tidak bisa login, udah bisa sekarang",5,0,2.5.0,2025-11-10 21:53:38+00:00,"Hai, Kak Reyhan. Maaf atas ketidaknyamanannya. Kami akan selalu berusaha memberikan yang terbaik demi memenuhi kebutuhan perbankan Kakak. Terkait kendala tersebut boleh infokan detail kendala serta kirimkan gambar kendalanya ke X @haloblu atau email haloblu@bcadigital.co.id agar kami bisa bantu lebih lanjut ya",2025-11-10 23:08:04,2.5.0
f68e788a-decc-4d0b-8b10-085d42b6b84b,Pengguna Google,https://play-lh.googleusercontent.com/EGemoI2NTXmTsBVtJqk8jxF9rh8ApRWfsIMQSt2uE4OcpQqbFu7f7NbTK05lx80nuSijCz7sc3a277R67g,blu terbaik,5,0,2.5.0,2025-11-10 21:00:05+00:00,"Hai, Kakak. Terima kasih atas ulasannya. Semoga blu bisa selalu memberikan yang terbaik untuk memenuhi semua kebutuhan perbankan Kakak. Selamat menikmati kemudahan bertransaksi menggunakan blu ya. 😊
",2025-11-10 21:50:51,2.5.0
adfef156-fe96-47b5-ab03-c858cf8a60d6,Pengguna Google,https://play-lh.googleusercontent.com/EGemoI2NTXmTsBVtJqk8jxF9rh8ApRWfsIMQSt2uE4OcpQqbFu7f7NbTK05lx80nuSijCz7sc3a277R67g,"maaf apakah bisa saat registrasi data tanpa ada foto Selfi,pengguna jadi lebih gampang dan simple",1,0,,2025-11-10 20:14:12+00:00,"Hai, Kak Alya. Maaf atas ketidaknyamanannya. Untuk dokumen yang diupload saat pembukaan rekening blu yaitu foto e-KTP, swafoto dan foto NPWP (apabila ada). Jika Kakak mengalami kendala, boleh kirimkan gambar kendalanya ke X @haloblu atau email haloblu@bcadigital.co.id agar kami bisa bantu lebih lanjut ya.",2025-11-10 20:57:43,
2ef518d7-48ce-48a7-9d47-18e4cfa611a2,Pengguna Google,https://play-lh.googleusercontent.com/EGemoI2NTXmTsBVtJqk8jxF9rh8ApRWfsIMQSt2uE4OcpQqbFu7f7NbTK05lx80nuSijCz7sc3a277R67g,"my BCA ganti nomor HP sangat mudah tinggal datang ke kantor bca terdekat, blu ganti nomor harus ingat saldo terakhir, 3 tahun tidak di gunakan,no HP sudah tidak aktif,mau ganti no HP wajib mengingat saldo terakhir yg sudah 3 tahunan,di minta mengingat ingat kalau sudah ingat silahkan hubungi kami lagi layanan halo BCA bli digital, untuk keamanan sangat bagus buat yang punya data ingat bagus pula,buat yg daya ingatnya tidak bagus seperti saya menjadi tidak bagus",1,0,1.17.0,2025-11-10 14:34:29+00:00,"Hai, Kak Wawan. Maaf atas ketidaknyamanannya. Untuk pengamamanan perubahan nomor handphone diperlukan verifikasi melalui telepon saat Kakak menghubungi layanan haloblu 1500668.",2025-11-10 15:07:19,1.17.0
58b701cb-96cc-454b-ac92-b807a918a79a,Pengguna Google,https://play-lh.googleusercontent.com/EGemoI2NTXmTsBVtJqk8jxF9rh8ApRWfsIMQSt2uE4OcpQqbFu7f7NbTK05lx80nuSijCz7sc3a277R67g,susah untuk login udah izikan lokasi ttp aja gabisa males banget,1,0,2.5.0,2025-11-10 14:27:00+00:00,"Hai, Kakak. Maaf atas ketidaknyamanannya. Jika yang dinaksud kendala untuk pembukaan rekenig, untuk kendalanya Kakak dapat melakukan ""Clear All Data"" pada aplikasi blu, dan kemudian pastikan ""GPS"" telah diaktifkan, kemudian login kembali ke aplikasi blu.",2025-11-10 14:39:03,2.5.0
bd200164-d3bb-4e18-9d6b-db8c2fcc9965,Pengguna Google,https://play-lh.googleusercontent.com/EGemoI2NTXmTsBVtJqk8jxF9rh8ApRWfsIMQSt2uE4OcpQqbFu7f7NbTK05lx80nuSijCz7sc3a277R67g,"verifikasi wajah salah mulu, pdhl di aplikasi lain gampang banget terdeteksi",1,0,2.5.0,2025-11-10 14:06:31+00:00,"Hai, Kak Dafa. Maaf atas ketidaknyamanannya. Kami akan selalu berusaha memberikan yang terbaik demi kebutuhan perbankan Kakak. Terkait hal tersebut pastikan beberapa hal berikut, pastikan Kakak tidak memakai sunglasses, di tempat yang terang, tidak backlight, posisi wajah di dalam lingkaran dan pastikan aplikasi blu versi terupdate ya.",2025-11-10 14:39:52,2.5.0
7542aff8-9011-4431-b820-10093634a1b2,Pengguna Google,https://play-lh.googleusercontent.com/EGemoI2NTXmTsBVtJqk8jxF9rh8ApRWfsIMQSt2uE4OcpQqbFu7f7NbTK05lx80nuSijCz7sc3a277R67g,Baguss,5,0,2.5.0,2025-11-10 13:43:40+00:00,"Hai, Kak Habibi. Terima kasih atas ulasannya. Semoga blu bisa selalu memberikan yang terbaik untuk memenuhi semua kebutuhan perbankan Kakak. Jika ada kendala atau hal lain yang ingin ditanyakan, Kakak bisa langsung menghubungi X @haloblu atau email haloblu@bcadigital.co.id atau telepon 1500668 (layanan 24 jam).",2025-11-10 13:52:39,2.5.0
21c1f46d-c1b2-4acb-83df-302df18d7101,Pengguna Google,https://play-lh.googleusercontent.com/EGemoI2NTXmTsBVtJqk8jxF9rh8ApRWfsIMQSt2uE4OcpQqbFu7f7NbTK05lx80nuSijCz7sc3a277R67g,tolong hilangkan fitur video call costumer service untuk membuat akun blu BCA. karna mempersulit orang yang mau daftar blu,1,0,,2025-11-10 13:27:00+00:00,"Hai, Kak Cody. Maaf atas ketidaknyamanannya. Untuk proses buka rekening blu maka Kakak akan diarahkan untuk menghubungi layanan video call untuk proses verifikasi data. Jika Kakak mengalami kendala proses buka rekening blu, boleh kirimkan gambar kendalanya ke X @haloblu atau email haloblu@bcadigital.co.id agar kami bisa bantu lebih lanjut ya.",2025-11-10 13:57:34,
20302231-5249-456f-9136-234fd5fad8a9,Pengguna Google,https://play-lh.googleusercontent.com/EGemoI2NTXmTsBVtJqk8jxF9rh8ApRWfsIMQSt2uE4OcpQqbFu7f7NbTK05lx80nuSijCz7sc3a277R67g,💯👎👎👎👎👎👎👎👎👎👎👎👎👎👎👎 Blu Extra cash ngak guna daftar capek capek malahan ngak di acc terus 😀😀😀😀😀😀😀😀😀😀😀 Rugi kalau pakai blu BCA ini jadi kalau bisah jangan di gunakan blu BCA ini lagi percuma kita transaksi lewat blu BCA tapi begitu apply Blu Extra cash malahan di tolak melulu berarti 💯👎👎👎👎👎👎👎👎👎👎👎👎👎👎👎👎👎👎👎👎👎👎👎👎👎👎👎👎👎👎👎👎👎👎👎👎👎👎👎👎 👎,1,0,,2025-11-10 12:28:30+00:00,"Hai, Kakak. Maaf ya Kak atas ketidaknyamanannya. Terdapat beberapa hal yang dapat menyebabkan pengajuan pinjaman Kakak ditolak, Kakak belum sesuai kriteria debitur Bank BCA Digital, Kakak tidak merespons penawaran pinjaman yang kami berikan dalam kurun waktu 7 hari kalender, rekening bluAccount Kakak sedang diblokir.",2025-11-10 12:56:12,
0a93840f-a3e5-4a97-99c7-0e93519255bd,Pengguna Google,https://play-lh.googleusercontent.com/EGemoI2NTXmTsBVtJqk8jxF9rh8ApRWfsIMQSt2uE4OcpQqbFu7f7NbTK05lx80nuSijCz7sc3a277R67g,"Awal pengajuan 1% setelah di setujui 2%. Prbulan blum ada ptongan dari total pinjaman. Seabaiknya tranparan sejak awal simulasi dtawrkan. Simulasi pinjaman sebaiknya transparan dari awal pengajuan berdasarkan data nasabah. Jadi saat pengguna blu applay pinjaman sudah tidak berubah lagi. Ini penting agar nasabah bisa memutuskan dari awal apakah mau appay pinjaman atu tidak. Termasuk potongan biaya sebaiknya di beritahu sejak awal simulasi, agar pelanggan tidak perlu repot2 memasukkan data penting",4,0,,2025-11-10 11:25:39+00:00,"Hai, Kak Muhammad. Maaf atas ketidaknyamanannya. Bunga bluExtraCash adalah 1% sampai dengan 4% flat per bulan. Untuk bunga tersebut adalah simulasi dan hasil bunga yang Kakak terima selanjutnya adalah hasil dari proses verifikasi data Kakak yang ada.",2025-11-10 12:14:33,
1388c953-91fc-4254-b94f-61cbf59e705c,Pengguna Google,https://play-lh.googleusercontent.com/EGemoI2NTXmTsBVtJqk8jxF9rh8ApRWfsIMQSt2uE4OcpQqbFu7f7NbTK05lx80nuSijCz7sc3a277R67g,"kok gak mau login ya, sesi habis teruuss...???",2,0,2.5.0,2025-11-10 07:11:10+00:00,"Hai, Kak Rohmat. Maaf atas ketidaknyamanannya. Kami akan selalu berusaha memberikan yang terbaik demi memenuhi kebutuhan perbankan Kakak. Terkait kendala tersebut boleh infokan detail kendala serta kirimkan gambar kendalanya ke X @haloblu atau email haloblu@bcadigital.co.id agar kami bisa bantu lebih lanjut ya.",2025-11-10 07:41:37,2.5.0
feeb4141-c5f1-45fa-a684-c81bd61a786c,Pengguna Google,https://play-lh.googleusercontent.com/EGemoI2NTXmTsBVtJqk8jxF9rh8ApRWfsIMQSt2uE4OcpQqbFu7f7NbTK05lx80nuSijCz7sc3a277R67g,tolong tmbhin bagian internet/tv kabel tuh lengkap dengan perusahaan bumn. masa gaada indihome/iconnect? sedangkan bank kayak krom yang baru terbit pembayaran bagian internet lengkap,2,0,1.64.0,2025-11-10 01:22:24+00:00,"Hai, Kakak. Maaf atas ketidaknyamanannya. Terima kasih atas saran dan masukan yang diberikan, kami akan selalu memperbaiki sistem demi mencapai kepuasan para pengguna aplikasi blu. Jika ada hal lain yang ingin ditanyakan, Kakak bisa langsung menghubungi X @haloblu atau email haloblu@bcadigital.co.id atau telepon 1500668 (layanan 24 jam).",2025-11-10 01:29:27,1.64.0
ee200c33-0e75-4a16-8461-7afc951c659c,Pengguna Google,https://play-lh.googleusercontent.com/EGemoI2NTXmTsBVtJqk8jxF9rh8ApRWfsIMQSt2uE4OcpQqbFu7f7NbTK05lx80nuSijCz7sc3a277R67g,mudah dan sangat cepat responnya skrg saya punya akun blue sukses terus blue dan kembangkan lgi fitur2 menarik lainnya,5,0,2.5.0,2025-11-09 09:00:24+00:00,"Hai, Kak Dede. Terima kasih atas ulasannya. Semoga blu bisa selalu memberikan yang terbaik untuk memenuhi semua kebutuhan perbankan Kakak. Jika ada kendala atau hal lain yang ingin ditanyakan, Kakak bisa langsung menghubungi X @haloblu atau email haloblu@bcadigital.co.id atau telepon 1500668 (layanan 24 jam).",2025-11-09 10:02:57,2.5.0
cda003d5-731a-4848-8fd4-81e9ce691500,Pengguna Google,https://play-lh.googleusercontent.com/EGemoI2NTXmTsBVtJqk8jxF9rh8ApRWfsIMQSt2uE4OcpQqbFu7f7NbTK05lx80nuSijCz7sc3a277R67g,"aku buat sekali langsung bisa perfect makasih blu by BCA digital dan 1 lagi deh tambahan kalau mau sukses bener"" harus sering sering liat keluhan pengguna ya blu😘",5,0,2.5.0,2025-11-08 18:05:06+00:00,"Hai, Kak Kumala. Terima kasih atas saran dan masukan yang diberikan. Semoga blu bisa selalu memberikan yang terbaik untuk memenuhi semua kebutuhan para pengguna aplikasi blu. Jika ada hal lain yang ingin ditanyakan, Kakak bisa langsung menghubungi X @haloblu atau email haloblu@bcadigital.co.id atau telepon 1500668 (layanan 24 jam).",2025-11-08 18:48:14,2.5.0
db33ee3c-058c-4d07-8e63-f4a70b95aec2,Pengguna Google,https://play-lh.googleusercontent.com/EGemoI2NTXmTsBVtJqk8jxF9rh8ApRWfsIMQSt2uE4OcpQqbFu7f7NbTK05lx80nuSijCz7sc3a277R67g,tolong hapus data pribadi saya gk jdi meminjam 🙏,1,0,,2025-11-08 17:36:11+00:00,"Hai, Kak Faqih, mohon maaf atas ketidaknyamanannya. BCA Digital akan selalu menjalankan operasional sesuai ketentuan regulator dan otoritas keuangan. Jika saat ini pinjaman Kakak sudah dalam proses maka tidak bisa dihapus atau dibatalkan. Mohon kesediaan Kakak menunggu proses verifikasi oleh pihak terkait kami maksimal 1 hari kerja terlebih dahulu.",2025-11-08 18:42:32,
7f5dfefc-cf1e-4b10-b61a-f939d08d529b,Pengguna Google,https://play-lh.googleusercontent.com/EGemoI2NTXmTsBVtJqk8jxF9rh8ApRWfsIMQSt2uE4OcpQqbFu7f7NbTK05lx80nuSijCz7sc3a277R67g,"aplikasi apaan baru download,lalu daftar..udh ada kata-kata ditolak. belum melakukan pengajuan. jangan mau download, capek kita ngisi data tapi ditolak",1,0,2.5.0,2025-11-08 13:46:17+00:00,"Hai, Kak Dayat. Maaf atas ketidaknyamanannya. Terkait hal tersebut sepenuhnya menjadi kebijakan dari BCA Digital setelah melakukan analisa dari kelengkapan data pembukaan rekening. Dikhawatirkan terdapat data diri yang tidak dapat terverifikasi atau hal lain yang tidak sesuai dengan ketentuan yang ditetapkan oleh BCA Digital.",2025-11-08 14:20:20,2.5.0
8582609a-0fd0-4b1b-a24d-a3a06450625e,Pengguna Google,https://play-lh.googleusercontent.com/EGemoI2NTXmTsBVtJqk8jxF9rh8ApRWfsIMQSt2uE4OcpQqbFu7f7NbTK05lx80nuSijCz7sc3a277R67g,ok,5,0,2.5.0,2025-11-08 13:37:50+00:00,"Hai, Kak Novria. Terima kasih atas ulasannya. Semoga blu bisa selalu memberikan yang terbaik untuk memenuhi semua kebutuhan perbankan Kakak. Jika ada kendala atau hal lain yang ingin ditanyakan, Kakak bisa langsung menghubungi X @haloblu atau email haloblu@bcadigital.co.id atau telepon 1500668 (layanan 24 jam).",2025-11-08 14:16:00,2.5.0
8cacb12b-cf09-47c8-bdb4-f10fcebd805d,Pengguna Google,https://play-lh.googleusercontent.com/EGemoI2NTXmTsBVtJqk8jxF9rh8ApRWfsIMQSt2uE4OcpQqbFu7f7NbTK05lx80nuSijCz7sc3a277R67g,"mimin adain qris tab dong buat tab KRL n busway, semoga dikabulin amiin",5,0,2.5.0,2025-11-08 11:50:32+00:00,"Hai, Kak Rurie. Terima kasih atas saran dan masukannya. Untuk saran Kakak minblu tampung terlebih dahulu ya, semoga harapan Kakak segera terwujud. 😊",2025-11-08 12:37:20,2.5.0
9105c482-6279-48f8-abae-fb4be27115da,Pengguna Google,https://play-lh.googleusercontent.com/EGemoI2NTXmTsBVtJqk8jxF9rh8ApRWfsIMQSt2uE4OcpQqbFu7f7NbTK05lx80nuSijCz7sc3a277R67g,kenapa leletnya minta ampun tidak bisa login kluwer2 aja. udah 2 jam. pdahal penting bnaget,3,1,2.5.0,2025-11-08 09:38:55+00:00,"Hai, Kak Imron. Maaf atas ketidaknyamanannya. Terkait kendala tersebut pastikan Kakak gunakan aplikasi blu versi terbaru atau boleh kirimkan gambar kendalanya ke X @haloblu atau email haloblu@bcadigital.co.id agar kami bisa bantu lebih lanjut ya.",2025-11-08 11:04:23,2.5.0
e4788adb-441e-425a-9f84-edec1d30420e,Pengguna Google,https://play-lh.googleusercontent.com/EGemoI2NTXmTsBVtJqk8jxF9rh8ApRWfsIMQSt2uE4OcpQqbFu7f7NbTK05lx80nuSijCz7sc3a277R67g,Saya pengguna blu by BCA Digital..,5,0,2.5.0,2025-11-08 04:34:03+00:00,"Hai, Kak Arif. Terima kasih atas ulasannya. Semoga blu bisa selalu memberikan yang terbaik untuk memenuhi semua kebutuhan perbankan Kakak. Jika ada kendala atau hal lain yang ingin ditanyakan, Kakak bisa langsung menghubungi X @haloblu atau email haloblu@bcadigital.co.id atau telepon 1500668 (layanan 24 jam).",2025-11-08 04:36:21,2.5.0
b55d3a13-70cd-4125-8455-56437a5b2d2a,Pengguna Google,https://play-lh.googleusercontent.com/EGemoI2NTXmTsBVtJqk8jxF9rh8ApRWfsIMQSt2uE4OcpQqbFu7f7NbTK05lx80nuSijCz7sc3a277R67g,"aplikasi keren,bagus,tidak mengecewakan.pecairan sesuai cepat hanya dalam waktu 1x24 jam",5,1,2.5.0,2025-11-07 21:59:19+00:00,"Hai, Kakak. Terima kasih atas ulasannya. Semoga blu bisa selalu memberikan yang terbaik untuk memenuhi semua kebutuhan perbankan Kakak. Jika ada kendala atau hal lain yang ingin ditanyakan, Kakak bisa langsung menghubungi X @haloblu atau email haloblu@bcadigital.co.id atau telepon 1500668 (layanan 24 jam).",2025-11-07 23:39:54,2.5.0
ad76e92e-cd01-41e1-8235-b5601add295a,Pengguna Google,https://play-lh.googleusercontent.com/EGemoI2NTXmTsBVtJqk8jxF9rh8ApRWfsIMQSt2uE4OcpQqbFu7f7NbTK05lx80nuSijCz7sc3a277R67g,lelet buang waktu GK bagus,1,0,2.5.0,2025-11-07 12:08:00+00:00,"Hai, Kak Yurika. Maaf atas ketidaknyamanannya. blu akan selalu terus memperbaiki sistem demi mencapai kepuasan para pengguna aplikasi blu. Terkait kendala tersebut pastikan Kakak menggunakan aplikasi blu versi terbaru, pastikan setting waktu di handphone menjadi otomatis, jaringan internet lancar dan stabil serta tidak menggunakan jaringan WiFi.",2025-11-07 12:52:26,2.5.0
b25da4b4-d9b8-467c-9458-1b856080f85d,Pengguna Google,https://play-lh.googleusercontent.com/EGemoI2NTXmTsBVtJqk8jxF9rh8ApRWfsIMQSt2uE4OcpQqbFu7f7NbTK05lx80nuSijCz7sc3a277R67g,bagus,4,0,2.5.0,2025-11-07 04:07:05+00:00,"Hai, Kak Zhainaf. Terima kasih atas ulasannya. Semoga blu bisa selalu memberikan yang terbaik untuk memenuhi semua kebutuhan perbankan Kakak. Selamat menikmati kemudahan bertransaksi menggunakan blu ya. 😊",2025-11-07 04:11:14,2.5.0
fb56206f-26b1-4e14-9105-f975652320cf,Pengguna Google,https://play-lh.googleusercontent.com/EGemoI2NTXmTsBVtJqk8jxF9rh8ApRWfsIMQSt2uE4OcpQqbFu7f7NbTK05lx80nuSijCz7sc3a277R67g,Ruwet...,1,0,2.5.0,2025-11-06 21:54:54+00:00,"Hai, Kak Indy. Maaf atas ketidaknyamanannya. Kami akan selalu berusaha memberikan yang terbaik kebutuhan perbankan Kakak. Terkait kendala yang dialami, mohon kesediaan Kakak dapat menginformasikan lebih detail kendala tersebut melalui email haloblu@bcadigital.co.id, agar kami dapat menginformasikan sesuai dengan kebutuhan Kakak.",2025-11-06 23:02:57,2.5.0
408edf79-d541-49ad-b3ff-15c1d0b70cf3,Pengguna Google,https://play-lh.googleusercontent.com/EGemoI2NTXmTsBVtJqk8jxF9rh8ApRWfsIMQSt2uE4OcpQqbFu7f7NbTK05lx80nuSijCz7sc3a277R67g,bisa ga buat joint account sama suami ya?,5,0,,2025-11-06 21:31:35+00:00,"Hai, Kak Novi. Terima kasih atas ulasannya. Untuk saat ini rekening blu belum bisa join account ya. Jika ada hal lain yang ingin ditanyakan, Kakak bisa langsung menghubungi X @haloblu atau email haloblu@bcadigital.co.id atau telepon 1500668 (layanan 24 jam).
",2025-11-06 21:55:01,
dfcd068d-352b-4e5d-b8f1-dcbd3668dd39,Pengguna Google,https://play-lh.googleusercontent.com/EGemoI2NTXmTsBVtJqk8jxF9rh8ApRWfsIMQSt2uE4OcpQqbFu7f7NbTK05lx80nuSijCz7sc3a277R67g,lokasi nya udah saya aktifin tapi masih muncul pemberitahuan disuruh aktifin lokasi kayanya perlu dibenahi lagi aplikasinya,4,0,2.5.0,2025-11-06 20:11:34+00:00,"Hai, Kak Eri. Maaf atas ketidaknyamanannya. Kami akan selalu berusaha memberikan yang terbaik demi memenuhi kebutuhan perbankan Kakak. Terkait kendala tersebut boleh infokan detail kendala serta kirimkan gambar kendalanya ke X @haloblu atau email haloblu@bcadigital.co.id agar kami bisa bantu lebih lanjut ya.",2025-11-06 20:24:44,2.5.0
e4b5faf0-626f-41e8-9709-2360f17d8c0b,Pengguna Google,https://play-lh.googleusercontent.com/EGemoI2NTXmTsBVtJqk8jxF9rh8ApRWfsIMQSt2uE4OcpQqbFu7f7NbTK05lx80nuSijCz7sc3a277R67g,saya mau dapat kode privasi sms ko ga bisa bisa aneh,5,0,2.5.0,2025-11-06 20:00:28+00:00,"Hai, Kak Muhlis. Maaf atas ketidaknyamanannya. Perihal kendala OTP pastikan memori tidak full, menonaktifkan fitur incoming call, menonaktifkan fitur blocking SMS, pastikan nomor tidak dalam masa tenggang, pastikan tidak ada blocking dari operator (tagihan pascabayar yang belum dibayarkan dan pastikan handphone tidak dalam airplane mode.",2025-11-06 20:19:33,2.5.0
00ed8e42-6c73-4bee-a4bf-819087a283f4,Pengguna Google,https://play-lh.googleusercontent.com/EGemoI2NTXmTsBVtJqk8jxF9rh8ApRWfsIMQSt2uE4OcpQqbFu7f7NbTK05lx80nuSijCz7sc3a277R67g,gak membantu sama sekali,1,0,,2025-11-06 17:30:31+00:00,"Hai, Kakak. Maaf atas ketidaknyamanannya. Terkait kendala yang dialami, mohon kesediaan Kakak dapat menginformasikan lebih detail kendala tersebut melalui email X @haloblu atau email haloblu@bcadigital.co.id, agar kami dapat menginformasikan sesuai dengan kebutuhan Kakak.",2025-11-06 18:10:45,
764a5fe9-8f18-4040-9751-bfcf217e9e24,Pengguna Google,https://play-lh.googleusercontent.com/EGemoI2NTXmTsBVtJqk8jxF9rh8ApRWfsIMQSt2uE4OcpQqbFu7f7NbTK05lx80nuSijCz7sc3a277R67g,"Baru aja buka rekening,coba buat transaksi,ga bisa di buka aplikasinya,ini gimana tolong!!, keterangannya ""Sesi kamu habis,Masuk lagi yuk"".udah coba berkali-kali tetap ga bisa login",5,44,2.5.0,2025-11-06 12:20:36+00:00,"Maaf atas ketidaknyamanannya. Pastikan Kakak sudah menggunakan aplikasi blu versi terbaru dan pastikan setting waktu di handphone Kakak sudah otomatis. Apabila sudah mencoba namun masih belum bisa, maka Kakak bisa langsung menghubungi X @haloblu atau email haloblu@bcadigital.co.id atau telepon 1500668 (layanan 24 jam).",2025-11-06 12:47:12,2.5.0
403e332b-1a21-433a-8256-6765255c502b,Pengguna Google,https://play-lh.googleusercontent.com/EGemoI2NTXmTsBVtJqk8jxF9rh8ApRWfsIMQSt2uE4OcpQqbFu7f7NbTK05lx80nuSijCz7sc3a277R67g,aplikasi sering berhenti dan meminta login berulang ulang sesi selalu habis,1,0,,2025-11-06 07:07:41+00:00,"Hai, Kak Dejan Sanjaya. Maaf atas ketidaknyamanannya. Kami akan selalu berusaha memberikan yang terbaik demi memenuhi kebutuhan perbankan Kakak. Terkait kendala tersebut boleh infokan detail kendala serta kirimkan gambar kendalanya ke X @haloblu atau email haloblu@bcadigital.co.id agar kami bisa bantu lebih lanjut ya.",2025-11-06 07:35:37,
e7538ae7-4466-4175-8114-07b87764e0a3,Pengguna Google,https://play-lh.googleusercontent.com/EGemoI2NTXmTsBVtJqk8jxF9rh8ApRWfsIMQSt2uE4OcpQqbFu7f7NbTK05lx80nuSijCz7sc3a277R67g,kecewa .. buuusuk kebijakan blu... dah rugiin saya,1,0,2.3.0,2025-11-05 18:33:03+00:00,"Hai, Kakak. Maaf atas ketidaknyamanannya. Terkait kendala yang dialami, mohon kesediaan Kakak dapat menginformasikan lebih detail kendala tersebut melalui email haloblu@bcadigital.co.id, agar kami dapat menginformasikan sesuai dengan kebutuhan Kakak.",2025-11-05 19:01:34,2.3.0
eade597a-8f18-494e-bac5-18ca8aa1542a,Pengguna Google,https://play-lh.googleusercontent.com/EGemoI2NTXmTsBVtJqk8jxF9rh8ApRWfsIMQSt2uE4OcpQqbFu7f7NbTK05lx80nuSijCz7sc3a277R67g,susah login harus kotak Katik fitur ini lah itu lah,1,0,2.5.0,2025-11-05 16:28:30+00:00,"Hai, Kakak. Maaf atas ketidaknyamanannya. Kami akan selalu berusaha memberikan yang terbaik kebutuhan perbankan Kakak. Mohon pastikan aplikasi sudah update versi terbaru dan jika ada hal lain yang ingin ditanyakan, Kakak bisa langsung menghubungi X @haloblu atau email haloblu@bcadigital.co.id atau telepon 1500668 (layanan 24 jam).",2025-11-05 17:05:41,2.5.0
c1ca589e-3dec-49b2-967e-0afd5c0b4f19,Pengguna Google,https://play-lh.googleusercontent.com/EGemoI2NTXmTsBVtJqk8jxF9rh8ApRWfsIMQSt2uE4OcpQqbFu7f7NbTK05lx80nuSijCz7sc3a277R67g,"mohon untuk perbaikan masalah di loading saat transaksi ya min, karna sangat menunggu lama. ditunggu updateannya. terimakasih",3,0,2.5.0,2025-11-05 16:26:47+00:00,"Hai, Kakak. Maaf atas ketidaknyamanannya. Kami akan selalu terus memperbaiki sistem demi mencapai kepuasan para pengguna aplikasi blu. Terkait kendala tersebut pastikan Kakak menggunakan aplikasi blu versi terbaru, pastikan setting waktu di handphone menjadi otomatis, jaringan internet lancar dan stabil serta tidak menggunakan jaringan WiFi.",2025-11-05 17:07:12,2.5.0
02f4a452-3e42-4aa9-a275-dd42252c73bb,Pengguna Google,https://play-lh.googleusercontent.com/EGemoI2NTXmTsBVtJqk8jxF9rh8ApRWfsIMQSt2uE4OcpQqbFu7f7NbTK05lx80nuSijCz7sc3a277R67g,"tadinya saya mau pake ini apk, tp stelah melihat ulasan komen, sy fikir2 ulang, klo apk sudah optimal dan bagus, sy baru akan pake apk ny",3,0,2.5.0,2025-11-05 16:17:41+00:00,"Hai, Kak Rahman. Maaf atas ketidaknyamanannya. Sistem blu selalu diupdate demi kenyamanan transaksi Kakak agar senantiasa lancar ya. Pastikan Kakak sudah gunakan aplikasi blu versi terbaru ya Kak. 😉",2025-11-05 17:08:28,2.5.0
95f09e04-59a7-4130-9b3b-f37eb496be8a,Pengguna Google,https://play-lh.googleusercontent.com/EGemoI2NTXmTsBVtJqk8jxF9rh8ApRWfsIMQSt2uE4OcpQqbFu7f7NbTK05lx80nuSijCz7sc3a277R67g,"mohon maaf, sebelum mulai melakukan simpanan/menabung di aplikasi ini, apakah Dana kamu benar-benar bisa dijamin keamanannya, jika terjadi hal-hal yang tidak diinginkan nantinya.",3,0,,2025-11-05 15:59:39+00:00,"Hai, Kak Rusdin. Terima kasih atas ulasannya. Untuk keamanan simpanan di blu Kakak tidak perlu khawatir karena sudah dijamin LPS dan OJK. Sebagai informasi nilai simpanan maksimum yang dijamin oleh LPS sebesar Rp 2.000.000.000 (dua miliar rupiah) sesuai ketentuan yang berlaku.",2025-11-05 16:12:43,
57f7051a-9076-4a58-a5a3-c4728206753d,Pengguna Google,https://play-lh.googleusercontent.com/EGemoI2NTXmTsBVtJqk8jxF9rh8ApRWfsIMQSt2uE4OcpQqbFu7f7NbTK05lx80nuSijCz7sc3a277R67g,"berikan bintang tiga untuk sementara...... liat per kembangan...,, di aplikasi blu by BCA Di gital..... semoga bisa membantu setiap keperluan sehari hari",3,0,,2025-11-05 15:29:04+00:00,"Hai, Kak Zainal. Terima kasih atas ulasannya. Semoga blu bisa selalu memberikan yang terbaik untuk memenuhi semua kebutuhan perbankan Kakak. Terkait update blu diperlukan untuk meningkatkan keamanan, menambahkan fitur baru, memperbaiki bug, dan meningkatkan kinerja aplikasi.",2025-11-05 16:15:54,
cc84b69d-92ba-454e-a666-f41c437a546a,Pengguna Google,https://play-lh.googleusercontent.com/EGemoI2NTXmTsBVtJqk8jxF9rh8ApRWfsIMQSt2uE4OcpQqbFu7f7NbTK05lx80nuSijCz7sc3a277R67g,bagus kalau bisa untuk gratis tarik tunai nya kasih bebas biaya admin 3x jangan cuman 1x min 🙏🙏🙏,3,0,2.5.0,2025-11-05 13:14:14+00:00,"Hai, Kakak . Maaf atas ketidaknyamanannya. Terima kasih atas saran dan masukan yang diberikan, kami informasikan untuk kuota bluReward akan mengikuti level dari bluLoyalty. Semakin besar tabungan kakak di blu semakin tinggi juga level bluLoyalty yang Kakak miliki dan mendapatkan banyak kuota bluReward sesuai dengan level bluLoyalty.",2025-11-05 14:06:45,2.5.0
8696b1b8-83cc-4cc8-a52c-32994ad13b39,Pengguna Google,https://play-lh.googleusercontent.com/EGemoI2NTXmTsBVtJqk8jxF9rh8ApRWfsIMQSt2uE4OcpQqbFu7f7NbTK05lx80nuSijCz7sc3a277R67g,saya lupa waktu itu damtar gmn masuk bisa damtar lg nga masalah nomor yg lama ilang saya,1,0,2.5.0,2025-11-05 09:58:48+00:00,"Hai, Kak Yusup. Maaf atas ketidaknyamanannya. Jika nomor handphone yang terdaftar di blu hilang, silakan menghubungi layanan haloblu 1500668 untuk dibantu pengecekan lebih lanjut karena membutuhkan verifikasi melalui telepon.",2025-11-05 10:10:51,2.5.0
ce63521e-596b-49a0-8918-4eddf9748e94,Pengguna Google,https://play-lh.googleusercontent.com/EGemoI2NTXmTsBVtJqk8jxF9rh8ApRWfsIMQSt2uE4OcpQqbFu7f7NbTK05lx80nuSijCz7sc3a277R67g,"loading aplikasi agak lambat untuk sekelas bank digital, tolong kecepatan aplikasi d percepat seperti membuka aplikasi, memilih menu, jangan ada delay lah",4,4,2.5.0,2025-11-05 02:21:59+00:00,"Hai, Kak Yongki. Maaf atas ketidaknyamanannya. Kami akan selalu terus memperbaiki sistem demi mencapai kepuasan para pengguna aplikasi blu. Terkait kendala tersebut pastikan Kakak menggunakan aplikasi blu versi terbaru, pastikan setting waktu di handphone menjadi otomatis, jaringan internet lancar dan stabil serta tidak menggunakan jaringan WiFi.",2025-11-05 03:58:46,2.5.0
a21417f9-46eb-4857-a9f6-2f39659238b5,Pengguna Google,https://play-lh.googleusercontent.com/EGemoI2NTXmTsBVtJqk8jxF9rh8ApRWfsIMQSt2uE4OcpQqbFu7f7NbTK05lx80nuSijCz7sc3a277R67g,oke,5,0,2.5.0,2025-11-04 18:43:41+00:00,"Hai, Kak Suranto. Terima kasih atas ulasannya. Semoga blu bisa selalu memberikan yang terbaik untuk memenuhi semua kebutuhan perbankan Kakak. Jika ada kendala atau hal lain yang ingin ditanyakan, Kakak bisa langsung menghubungi X @haloblu atau email haloblu@bcadigital.co.id atau telepon 1500668 (layanan 24 jam).",2025-11-04 19:07:08,2.5.0
27876245-2889-4116-b155-e18b9c604904,Pengguna Google,https://play-lh.googleusercontent.com/EGemoI2NTXmTsBVtJqk8jxF9rh8ApRWfsIMQSt2uE4OcpQqbFu7f7NbTK05lx80nuSijCz7sc3a277R67g,ok,5,0,2.5.0,2025-11-04 10:49:48+00:00,"Hai, Kak Budi. Terima kasih atas ulasannya. Semoga blu bisa selalu memberikan yang terbaik untuk memenuhi semua kebutuhan perbankan Kakak. Jika ada kendala atau hal lain yang ingin ditanyakan, Kakak bisa langsung menghubungi X @haloblu atau email haloblu@bcadigital.co.id atau telepon 1500668 (layanan 24 jam).",2025-11-04 11:25:47,2.5.0
2cdf0758-7c8c-46c4-989d-f7a0adb919fa,Pengguna Google,https://play-lh.googleusercontent.com/EGemoI2NTXmTsBVtJqk8jxF9rh8ApRWfsIMQSt2uE4OcpQqbFu7f7NbTK05lx80nuSijCz7sc3a277R67g,mau login susah njrtt,3,0,1.57.20,2025-11-04 08:42:50+00:00,"Hai, Kak Nanami kento. Maaf atas ketidaknyamanannya. Terkait kendala tersebut boleh kirimkan gambar kendalanya ke X @haloblu atau email haloblu@bcadigital.co.id agar kami bisa bantu lebih lanjut ya.
",2025-11-04 09:14:23,1.57.20
2e50d62b-9056-4385-86e0-9f27cade352c,Pengguna Google,https://play-lh.googleusercontent.com/EGemoI2NTXmTsBVtJqk8jxF9rh8ApRWfsIMQSt2uE4OcpQqbFu7f7NbTK05lx80nuSijCz7sc3a277R67g,"mau daftar aja gabisa-bisa, kendala aplikasi lagi sibuk apa gimana? masak daftar doang gabisa?",1,0,2.5.0,2025-11-03 16:18:55+00:00,"Hai, Kak LaeL Khofi. Maaf atas ketidaknyamanannya. Kami akan selalu berusaha memberikan yang terbaik demi memenuhi kebutuhan perbankan Kakak. Terkait kendala tersebut boleh infokan detail kendala serta kirimkan gambar kendalanya ke X @haloblu atau email haloblu@bcadigital.co.id agar kami bisa bantu lebih lanjut ya.",2025-11-03 17:00:14,2.5.0
e22a9a61-9e00-4d64-a254-8b308845e759,Pengguna Google,https://play-lh.googleusercontent.com/EGemoI2NTXmTsBVtJqk8jxF9rh8ApRWfsIMQSt2uE4OcpQqbFu7f7NbTK05lx80nuSijCz7sc3a277R67g,verifikasi gak kelar kelar apk gak guna cmn ngambil keuntungan doang,1,1,2.5.0,2025-11-03 12:08:21+00:00,"Hai, Kak Hasan. Maaf atas ketidaknyamanannya. Kami akan selalu berusaha memberikan yang terbaik kebutuhan perbankan Kakak. Mohon pastikan perangkat sudah update versi terbaru dan jika ada hal lain yang ingin ditanyakan, Kakak bisa langsung menghubungi X @haloblu atau email haloblu@bcadigital.co.id atau telepon 1500668 (layanan 24 jam).",2025-11-03 12:15:21,2.5.0
20efa0e1-171c-4716-9698-0bd86747a023,Pengguna Google,https://play-lh.googleusercontent.com/EGemoI2NTXmTsBVtJqk8jxF9rh8ApRWfsIMQSt2uE4OcpQqbFu7f7NbTK05lx80nuSijCz7sc3a277R67g,"sudah lebih baik loading aplikasinya, kurang qris tap aja",5,0,2.5.0,2025-11-03 09:51:45+00:00,"Hai, Kak Febrianto. Maaf atas ketidaknyamanannya. Terima kasih atas saran dan masukan yang diberikan, kami akan selalu memperbaiki sistem demi mencapai kepuasan para pengguna aplikasi blu. Jika ada hal lain yang ingin ditanyakan, Kakak bisa langsung menghubungi X @haloblu atau email haloblu@bcadigital.co.id atau telepon 1500668 (layanan 24 jam).",2025-11-03 10:20:08,2.5.0
8b2c9a97-9ff8-4c52-a0c9-5be15794cd85,Pengguna Google,https://play-lh.googleusercontent.com/EGemoI2NTXmTsBVtJqk8jxF9rh8ApRWfsIMQSt2uE4OcpQqbFu7f7NbTK05lx80nuSijCz7sc3a277R67g,akun terblokir . verivikasi wajah sudah 1 minggu di coba gagal trus,1,0,2.5.0,2025-11-03 08:48:08+00:00,"Hai, Kak Rudi Haryanto. Maaf atas ketidaknyamanannya. Kami akan selalu berusaha memberikan yang terbaik demi kebutuhan perbankan Kakak. Terkait hal tersebut pastikan beberapa hal berikut, pastikan Kakak tidak memakai sunglasses, di tempat yang terang, tidak backlight, posisi wajah di dalam lingkaran dan pastikan aplikasi blu versi terupdate ya.",2025-11-03 10:11:18,2.5.0
2e84c5db-32d0-42c5-b4c1-0013c3de6461,Pengguna Google,https://play-lh.googleusercontent.com/EGemoI2NTXmTsBVtJqk8jxF9rh8ApRWfsIMQSt2uE4OcpQqbFu7f7NbTK05lx80nuSijCz7sc3a277R67g,saya kok gabisa daftar?,1,0,,2025-11-02 22:26:10+00:00,"Hai, Kak Bayu Satriani. Maaf atas ketidaknyamanannya. Kami akan selalu berusaha memberikan yang terbaik demi memenuhi kebutuhan perbankan Kakak. Terkait kendala tersebut boleh infokan detail kendala serta kirimkan gambar kendalanya ke X @haloblu atau email haloblu@bcadigital.co.id agar kami bisa bantu lebih lanjut ya.
",2025-11-02 22:50:56,
ba520f8b-545d-48b4-9fd6-ff505c8c56b6,Pengguna Google,https://play-lh.googleusercontent.com/EGemoI2NTXmTsBVtJqk8jxF9rh8ApRWfsIMQSt2uE4OcpQqbFu7f7NbTK05lx80nuSijCz7sc3a277R67g,"plis deh mau daftar susah banget udah benar benar ngikutin instruksi pas verif muka, ngga bisa bisa tolong dong putus putus terus kapan bisa masuknya kalo gini",3,5,2.5.0,2025-11-02 18:26:48+00:00,"Hai, Kak Jexsy Aesta. Maaf atas ketidaknyamanannya. Kami akan selalu berusaha memberikan yang terbaik demi memenuhi kebutuhan perbankan Kakak. Terkait kendala tersebut boleh infokan detail kendala serta kirimkan gambar kendalanya ke X @haloblu atau email haloblu@bcadigital.co.id agar kami bisa bantu lebih lanjut ya.
",2025-11-02 20:03:41,2.5.0
47e033ff-d763-4782-bdc6-16ce6f55e85a,Pengguna Google,https://play-lh.googleusercontent.com/EGemoI2NTXmTsBVtJqk8jxF9rh8ApRWfsIMQSt2uE4OcpQqbFu7f7NbTK05lx80nuSijCz7sc3a277R67g,"apaan dah mau daftar aja ribet bgt,apk yg daftar nya paling ampas,kamera udh g goyang,masa badan jg harus diem? dikira g ada gravitasi? bodoh",1,0,2.5.0,2025-11-02 17:30:17+00:00,"Hai, Kakak. Maaf atas ketidaknyamanannya. Kami akan selalu berusaha memberikan yang terbaik demi memenuhi kebutuhan perbankan Kakak. Terkait kendala tersebut boleh infokan detail kendala serta kirimkan gambar kendalanya ke X @haloblu atau email haloblu@bcadigital.co.id agar kami bisa bantu lebih lanjut ya.
",2025-11-02 18:18:04,2.5.0
5cd8f571-02f4-4458-9ae3-d26ae0869b31,Pengguna Google,https://play-lh.googleusercontent.com/EGemoI2NTXmTsBVtJqk8jxF9rh8ApRWfsIMQSt2uE4OcpQqbFu7f7NbTK05lx80nuSijCz7sc3a277R67g,"perizinan lokasi susah banget, udah dinyalain juga sama gabisa bisa ampun",2,0,,2025-11-02 12:48:20+00:00,"Hai, Kakak. Maaf atas ketidaknyamanannya. Terkait kendala tersebut boleh infokan detail kendala serta kirimkan gambar kendalanya ke X @haloblu atau email haloblu@bcadigital.co.id agar kami bisa bantu lebih lanjut ya.",2025-11-02 12:54:12,
d09d4ec7-b215-4611-8c8e-a4b8e551e37a,Pengguna Google,https://play-lh.googleusercontent.com/EGemoI2NTXmTsBVtJqk8jxF9rh8ApRWfsIMQSt2uE4OcpQqbFu7f7NbTK05lx80nuSijCz7sc3a277R67g,"aplikasi dongo, mau login verifikasi wajah sampe 100000x tetap ga bisa",1,0,,2025-11-02 12:02:46+00:00,"Hai, Kak Jean. Maaf atas ketidaknyamanannya. Terkait kendala tersebut boleh kirimkan gambar kendalanya ke X @haloblu atau email haloblu@bcadigital.co.id agar kami bisa bantu lebih lanjut ya.
",2025-11-02 12:34:36,
d55cbfe4-f8b2-407f-b7fb-e210a647bf95,Pengguna Google,https://play-lh.googleusercontent.com/EGemoI2NTXmTsBVtJqk8jxF9rh8ApRWfsIMQSt2uE4OcpQqbFu7f7NbTK05lx80nuSijCz7sc3a277R67g,tautkan klik indomar# gagal trus,1,0,2.0.20,2025-11-02 05:43:54+00:00,"Hai, Kakak. Maaf atas ketidaknyamanannya. Kami akan selalu berusaha memberikan yang terbaik demi memenuhi kebutuhan perbankan Kakak. Terkait kendala tersebut boleh infokan detail kendala serta kirimkan gambar kendalanya ke X @haloblu atau email haloblu@bcadigital.co.id agar kami bisa bantu lebih lanjut ya.",2025-11-02 05:55:10,2.0.20
a936084c-955c-457c-ab3d-ff09a54cd26a,Pengguna Google,https://play-lh.googleusercontent.com/EGemoI2NTXmTsBVtJqk8jxF9rh8ApRWfsIMQSt2uE4OcpQqbFu7f7NbTK05lx80nuSijCz7sc3a277R67g,transaksi mudah dan cepet terus ga ada biaya bulanan,5,0,2.5.0,2025-11-02 04:46:17+00:00,"Hai, Kak Irfan Prasetya. Terima kasih atas ulasannya. Semoga blu bisa selalu memberikan yang terbaik untuk memenuhi semua kebutuhan perbankan Kakak. Jika ada kendala atau hal lain yang ingin ditanyakan, Kakak bisa langsung menghubungi X @haloblu atau email haloblu@bcadigital.co.id atau telepon 1500668 (layanan 24 jam).",2025-11-02 04:49:11,2.5.0
a86b0cc6-7e4b-4c11-87db-ffd79f154518,Pengguna Google,https://play-lh.googleusercontent.com/EGemoI2NTXmTsBVtJqk8jxF9rh8ApRWfsIMQSt2uE4OcpQqbFu7f7NbTK05lx80nuSijCz7sc3a277R67g,ga mau pakai ini lagi.. apk nya ga bisa dibuka,1,0,2.5.0,2025-11-02 00:35:23+00:00,"Hai, Kakak. Maaf atas ketidaknyamanannya. Kami akan selalu berusaha memberikan yang terbaik demi memenuhi kebutuhan perbankan Kakak. Terkait kendala tersebut boleh infokan detail kendala serta kirimkan gambar kendalanya ke X @haloblu atau email haloblu@bcadigital.co.id agar kami bisa bantu lebih lanjut ya.",2025-11-02 01:42:50,2.5.0
29a9df75-0afe-4aad-a0cf-00758dda892a,Pengguna Google,https://play-lh.googleusercontent.com/EGemoI2NTXmTsBVtJqk8jxF9rh8ApRWfsIMQSt2uE4OcpQqbFu7f7NbTK05lx80nuSijCz7sc3a277R67g,"aplikasi tidak bisa dibuka, tulisanya sedang diperbaiki. bagaimana saldo sayaa.!!!",1,1,2.0.20,2025-11-01 23:49:37+00:00,"Hai, Kak Mega Arfika. Maaf atas ketidaknyamanannya. Kami akan selalu berusaha memberikan yang terbaik demi memenuhi kebutuhan perbankan Kakak. Terkait kendala tersebut boleh infokan detail kendala serta kirimkan gambar kendalanya ke X @haloblu atau email haloblu@bcadigital.co.id agar kami bisa bantu lebih lanjut ya.",2025-11-02 01:30:02,2.0.20
644a0e68-efbd-478e-b106-81edbb907752,Pengguna Google,https://play-lh.googleusercontent.com/EGemoI2NTXmTsBVtJqk8jxF9rh8ApRWfsIMQSt2uE4OcpQqbFu7f7NbTK05lx80nuSijCz7sc3a277R67g,Mau daftar nomor telepon aja ga bisa. Kalau bukan krn kebutuhan kuliah tidak bakal install apl ini.,1,0,,2025-11-01 20:19:56+00:00,"Hai, Kak Meity. Maaf atas ketidaknyamanannya. Kami akan selalu berusaha memberikan yang terbaik demi memenuhi kebutuhan perbankan Kakak. Terkait kendala tersebut boleh infokan detail kendala serta kirimkan gambar kendalanya ke X @haloblu atau email haloblu@bcadigital.co.id agar kami bisa bantu lebih lanjut ya.",2025-11-01 20:50:10,
0a8901df-4f93-4b8c-accf-d120d1f2f271,Pengguna Google,https://play-lh.googleusercontent.com/EGemoI2NTXmTsBVtJqk8jxF9rh8ApRWfsIMQSt2uE4OcpQqbFu7f7NbTK05lx80nuSijCz7sc3a277R67g,mantap tapi sayang dpt free tarik tunai di ATM BCA hanya dpt sekali pakai tapi tetep suka blu BCA digital,5,1,2.5.0,2025-11-01 16:03:36+00:00,"Hai Kak Ferdy. Terima kasih atas ulasannya. Untuk kuota bluReward bisa Kakak nikmati berdasarkan level bluLoyalty yang Kakak miliki. Semakin banyak tabungan Kakak, semakin tinggi level bluLoyalty Kakak dan semakin heboh bluRewards yang Kakak dapatkan.",2025-11-01 16:25:34,2.5.0
c1862c70-5aa0-44f8-bad5-60a10c737a4a,Pengguna Google,https://play-lh.googleusercontent.com/EGemoI2NTXmTsBVtJqk8jxF9rh8ApRWfsIMQSt2uE4OcpQqbFu7f7NbTK05lx80nuSijCz7sc3a277R67g,knapa msih error ya ?? lama.jg error nya,5,0,,2025-11-01 15:53:57+00:00,"Hai, Kak Farel Maulid. Maaf atas ketidaknyamanannya. Kami akan selalu berusaha memberikan yang terbaik demi memenuhi kebutuhan perbankan Kakak. Terkait kendala tersebut boleh infokan detail kendala serta kirimkan gambar kendalanya ke X @haloblu atau email haloblu@bcadigital.co.id agar kami bisa bantu lebih lanjut ya.",2025-11-01 16:23:02,
2aa85663-7ee3-4c2f-9af1-bbc19765bc1e,Pengguna Google,https://play-lh.googleusercontent.com/EGemoI2NTXmTsBVtJqk8jxF9rh8ApRWfsIMQSt2uE4OcpQqbFu7f7NbTK05lx80nuSijCz7sc3a277R67g,bagus,5,0,2.1.10,2025-11-01 14:42:15+00:00,"Hai, Kak Leo. Terima kasih atas ulasannya. Semoga blu bisa selalu memberikan yang terbaik untuk memenuhi semua kebutuhan perbankan Kakak. Jika ada kendala atau hal lain yang ingin ditanyakan, Kakak bisa langsung menghubungi X @haloblu atau email haloblu@bcadigital.co.id atau telepon 1500668 (layanan 24 jam).",2025-11-01 14:58:48,2.1.10
a4e18486-b601-4da4-bbd7-a28625851e8a,Pengguna Google,https://play-lh.googleusercontent.com/EGemoI2NTXmTsBVtJqk8jxF9rh8ApRWfsIMQSt2uE4OcpQqbFu7f7NbTK05lx80nuSijCz7sc3a277R67g,ini kenapa ya kok gabisa reset password,3,0,,2025-11-01 12:27:44+00:00,"Hai, Kak Ahmad Rifqy Aqya. Maaf atas ketidaknyamanannya. Kami akan selalu berusaha memberikan yang terbaik demi memenuhi kebutuhan perbankan Kakak. Terkait kendala tersebut boleh infokan detail kendala serta kirimkan gambar kendalanya ke X @haloblu atau email haloblu@bcadigital.co.id agar kami bisa bantu lebih lanjut ya.",2025-11-01 12:53:55,
32de4e2f-fcd3-4c20-bd3e-0d2dd444cb34,Pengguna Google,https://play-lh.googleusercontent.com/EGemoI2NTXmTsBVtJqk8jxF9rh8ApRWfsIMQSt2uE4OcpQqbFu7f7NbTK05lx80nuSijCz7sc3a277R67g,"ampas banget beberapa kali gagal mulu, pas udah berhasil tinggal klik, tapi aplikasi gak mau ngambil lokasi alhasil gagal lagi.",1,1,2.5.0,2025-11-01 10:41:58+00:00,"Hai, Kak Aat Priatna. Maaf atas ketidaknyamanannya. Kami akan selalu berusaha memberikan yang terbaik demi memenuhi kebutuhan perbankan Kakak. Terkait kendala tersebut boleh infokan detail kendala serta kirimkan gambar kendalanya ke X @haloblu atau email haloblu@bcadigital.co.id agar kami bisa bantu lebih lanjut ya.",2025-11-01 11:59:04,2.5.0
a3e881e4-40f9-42bf-9f37-559b13f5e450,Pengguna Google,https://play-lh.googleusercontent.com/EGemoI2NTXmTsBVtJqk8jxF9rh8ApRWfsIMQSt2uE4OcpQqbFu7f7NbTK05lx80nuSijCz7sc3a277R67g,Mohon diperbaiki sistem keamanan dan tampilan desain UI nya biar lebih mudah dan friendly....,1,2,2.4.0,2025-11-01 07:55:56+00:00,"Hai, Kak Andi. Terima kasih atas saran dan masukan yang diberikan, kami akan selalu memperbaiki sistem demi mencapai kepuasan para pengguna aplikasi blu. Jika ada hal lain yang ingin ditanyakan, Kakak bisa langsung menghubungi X @haloblu atau email haloblu@bcadigital.co.id atau telepon 1500668 (layanan 24 jam)",2025-11-01 09:15:12,2.4.0
7738f953-73e0-46dc-a8f8-8c699bddbb11,Pengguna Google,https://play-lh.googleusercontent.com/EGemoI2NTXmTsBVtJqk8jxF9rh8ApRWfsIMQSt2uE4OcpQqbFu7f7NbTK05lx80nuSijCz7sc3a277R67g,"mantappp pengajuan pinjaman sangattttt mudah dan cepat sekaliii, gokill bgttt semua org harus download ini apk top markotop is the bestttt🔥🔥💜💜",5,0,2.5.0,2025-11-01 05:33:03+00:00,"Hai, Kak Selvie. Terima kasih atas ulasannya. Semoga blu bisa selalu memberikan yang terbaik untuk memenuhi semua kebutuhan perbankan Kakak. Jika ada kendala atau hal lain yang ingin ditanyakan, Kakak bisa langsung menghubungi X @haloblu atau email haloblu@bcadigital.co.id atau telepon 1500668 (layanan 24 jam).",2025-11-01 07:20:49,2.5.0
