reviewId,userName,userImage,content,score,thumbsUpCount,reviewCreatedVersion,at,replyContent,repliedAt,appVersion
4bb6b77d-a4a3-4247-aeb1-49f60364ac9a,Pengguna Google,https://play-lh.googleusercontent.com/EGemoI2NTXmTsBVtJqk8jxF9rh8ApRWfsIMQSt2uE4OcpQqbFu7f7NbTK05lx80nuSijCz7sc3a277R67g,buka aplikasiny agak lambat loadingnya,4,0,2.5.0,2025-10-31 20:26:13+00:00,"Hai, Kak Thamrin. Maaf atas ketidaknyamanannya. Kami akan selalu terus memperbaiki sistem demi mencapai kepuasan para pengguna aplikasi blu. Terkait kendala tersebut pastikan Kakak menggunakan aplikasi blu versi terbaru, pastikan setting waktu di handphone menjadi otomatis, jaringan internet lancar dan stabil serta tidak menggunakan jaringan WiFi.",2025-10-31 21:00:04,2.5.0
d64533d3-c63e-4d73-a321-d8c5e25eab83,Pengguna Google,https://play-lh.googleusercontent.com/EGemoI2NTXmTsBVtJqk8jxF9rh8ApRWfsIMQSt2uE4OcpQqbFu7f7NbTK05lx80nuSijCz7sc3a277R67g,verifikasi harus wajah kera apa gimana biar bisa sukses?,2,0,2.5.0,2025-10-31 17:56:43+00:00,"Hai, Kak Dika. Maaf atas ketidaknyamanannya. Kami akan selalu berusaha memberikan yang terbaik demi kebutuhan perbankan Kakak. Terkait hal tersebut pastikan beberapa hal berikut, pastikan Kakak tidak memakai sunglasses, di tempat yang terang, tidak backlight, posisi wajah di dalam lingkaran dan pastikan aplikasi blu versi terupdate ya.",2025-10-31 18:25:09,2.5.0
a94664af-5a70-4de1-89cc-2e65f9042e27,Pengguna Google,https://play-lh.googleusercontent.com/EGemoI2NTXmTsBVtJqk8jxF9rh8ApRWfsIMQSt2uE4OcpQqbFu7f7NbTK05lx80nuSijCz7sc3a277R67g,"sudah di tahap video call sama CS tapi gajelas dari antrean 30 sampai 0 ga muncul itu si CS, akhirnya saya putuskan, login lagi berusaha tlpn eh malah antrean 60 dan tiba tiba keluar sendiri dari video call( sudah bisa thanks) aku kasih bintang 5",5,28,2.5.0,2025-10-31 13:00:00+00:00,"Hai, Kakak. Terima kasih atas ulasannya. Semoga blu bisa selalu memberikan yang terbaik untuk memenuhi semua kebutuhan perbankan Kakak. Jika ada kendala atau hal lain yang ingin ditanyakan, Kakak bisa langsung menghubungi X @haloblu atau email haloblu@bcadigital.co.id atau telepon 1500668 (layanan 24 jam).",2025-10-31 14:06:53,2.5.0
50d17ad8-22af-419e-a16d-61b55c94cd55,Pengguna Google,https://play-lh.googleusercontent.com/EGemoI2NTXmTsBVtJqk8jxF9rh8ApRWfsIMQSt2uE4OcpQqbFu7f7NbTK05lx80nuSijCz7sc3a277R67g,mantaplah pokoknya,1,0,1.58.0,2025-10-31 11:30:57+00:00,"Hai, Kak Adrila. Terima kasih atas ucapannya. Semoga blu bisa selalu memberikan yang terbaik untuk memenuhi semua kebutuhan perbankan Kakak. Jika ada kendala atau hal lain yang ingin ditanyakan, Kakak bisa langsung menghubungi X @haloblu atau email haloblu@bcadigital.co.id atau telepon 1500668 (layanan 24 jam).",2025-10-31 12:04:32,1.58.0
2a3061e1-0262-43d2-875d-1ee8c93f8d66,Pengguna Google,https://play-lh.googleusercontent.com/EGemoI2NTXmTsBVtJqk8jxF9rh8ApRWfsIMQSt2uE4OcpQqbFu7f7NbTK05lx80nuSijCz7sc3a277R67g,"lokasi sudah aktif sudah diberi izin masih aja minta izin lokasi, malah jadi risih semua sdah bnar tpi msih blum bisa jga",1,0,2.5.0,2025-10-31 10:25:52+00:00,"Hai, Kakak. Maaf atas ketidaknyamanannya. Terkait kendala yang dialami, Kakak bisa masuk ke ""Setting"" dan pilih aplikasi blu, pilih ""Lokasi"" dan ""Izinkan Akses Lokasi"", Kakak ubah ke ""Jangan Pernah"" untuk sementara waktu kemudian lakukan force close aplikasi blu dan silakan Kakak coba buka aplikasi blu kembali ya Kak.",2025-10-31 11:03:41,2.5.0
2610abb0-2440-4a52-bf0d-787149fbb161,Pengguna Google,https://play-lh.googleusercontent.com/EGemoI2NTXmTsBVtJqk8jxF9rh8ApRWfsIMQSt2uE4OcpQqbFu7f7NbTK05lx80nuSijCz7sc3a277R67g,susah masuk nya saya tida jadi jangan sebarkan dana saya kalo tida akan saya lapor,1,0,2.5.0,2025-10-31 09:40:12+00:00,"Hai, Kak Irman. Maaf atas ketidaknyamanannya. Kami akan selalu berusaha memberikan yang terbaik untuk memenuhi kebutuhan perbankan Kakak. Jika yang Kakak maksud mengalami kendala login pada aplikasi blu, mohon kesediaan Kakak dapat mengirimkan tampilan gambar kendala tersebut melalui email: haloblu@bcadigital.co.id agar dibantu lebih lanjut ya.",2025-10-31 10:14:04,2.5.0
8e9c3fe4-bffd-4940-bf55-22a254dd3879,Pengguna Google,https://play-lh.googleusercontent.com/EGemoI2NTXmTsBVtJqk8jxF9rh8ApRWfsIMQSt2uE4OcpQqbFu7f7NbTK05lx80nuSijCz7sc3a277R67g,"Ya Allah kenapa lemotnya nih, proses Login lemot ada apa Blue BCA, sudah login pas mau transfer Loadingnya lama, buka menu lain Loadingnya lama juga, bahkan mau bayar QRIS lama proses Loadingnya, tolong dibenarin aplikasinya...",1,34,2.5.0,2025-10-30 18:58:27+00:00,"Hai, Kak Putra. Maaf atas ketidaknyamanannya. Kami akan selalu terus memperbaiki sistem demi mencapai kepuasan para pengguna aplikasi blu. Terkait kendala tersebut pastikan Kakak menggunakan aplikasi blu versi terbaru, pastikan setting waktu di handphone menjadi otomatis, jaringan internet lancar dan stabil serta tidak menggunakan jaringan WiFi.",2025-10-30 20:00:26,2.5.0
1715537e-8487-4900-88bc-7ab9da7cd8bc,Pengguna Google,https://play-lh.googleusercontent.com/EGemoI2NTXmTsBVtJqk8jxF9rh8ApRWfsIMQSt2uE4OcpQqbFu7f7NbTK05lx80nuSijCz7sc3a277R67g,kenapa akun blu saya ga bisa di buka,5,0,2.5.0,2025-10-30 15:13:42+00:00,"Hai, Kak Sahidin. Maaf atas ketidaknyamanannya. Kami akan selalu berusaha memberikan yang terbaik demi memenuhi kebutuhan perbankan Kakak. Terkait kendala tersebut boleh infokan detail kendala serta kirimkan gambar kendalanya ke X @haloblu atau email haloblu@bcadigital.co.id agar kami bisa bantu lebih lanjut ya.",2025-10-30 15:55:21,2.5.0
5e425719-524c-4a72-98f6-076e640e44aa,Pengguna Google,https://play-lh.googleusercontent.com/EGemoI2NTXmTsBVtJqk8jxF9rh8ApRWfsIMQSt2uE4OcpQqbFu7f7NbTK05lx80nuSijCz7sc3a277R67g,sangat mudah untuk operasionalnya,5,0,2.5.0,2025-10-30 14:23:49+00:00,"Hai, Kak Benedictus. Terima kasih atas ulasannya. Semoga blu bisa selalu memberikan yang terbaik untuk memenuhi semua kebutuhan perbankan Kakak. Jika ada kendala atau hal lain yang ingin ditanyakan, Kakak bisa langsung menghubungi X @haloblu atau email haloblu@bcadigital.co.id atau telepon 1500668 (layanan 24 jam).",2025-10-30 15:54:24,2.5.0
61eccf9a-d071-4698-a564-0bfcf2212fa5,Pengguna Google,https://play-lh.googleusercontent.com/EGemoI2NTXmTsBVtJqk8jxF9rh8ApRWfsIMQSt2uE4OcpQqbFu7f7NbTK05lx80nuSijCz7sc3a277R67g,sumpah ini aplikasi paling busuk proses pengenalan wajahnya.... memalukan,1,0,2.5.0,2025-10-30 09:45:17+00:00,"Hai, Kak Aris. Maaf atas ketidaknyamanannya. Kami akan selalu berusaha memberikan yang terbaik demi kebutuhan perbankan Kakak. Terkait hal tersebut pastikan beberapa hal berikut, pastikan Kakak tidak memakai sunglasses, di tempat yang terang, tidak backlight, posisi wajah di dalam lingkaran dan pastikan aplikasi blu versi terupdate ya.",2025-10-30 09:56:36,2.5.0
fc349be9-5530-44d9-bdd9-4c67d71c7a77,Pengguna Google,https://play-lh.googleusercontent.com/EGemoI2NTXmTsBVtJqk8jxF9rh8ApRWfsIMQSt2uE4OcpQqbFu7f7NbTK05lx80nuSijCz7sc3a277R67g,DIH IDIH GA BANGET,1,0,2.3.0,2025-10-30 08:35:16+00:00,"Hai, Kakak. Maaf atas ketidaknyamanannya. Kami akan selalu berusaha memberikan yang terbaik demi memenuhi kebutuhan perbankan Kakak. Terkait kendala tersebut boleh infokan detail kendala serta kirimkan gambar kendalanya ke X @haloblu atau email haloblu@bcadigital.co.id agar kami bisa bantu lebih lanjut ya.",2025-10-30 09:55:17,2.3.0
3150ea5d-31e4-4941-9bd4-c77a68655fb0,Pengguna Google,https://play-lh.googleusercontent.com/EGemoI2NTXmTsBVtJqk8jxF9rh8ApRWfsIMQSt2uE4OcpQqbFu7f7NbTK05lx80nuSijCz7sc3a277R67g,ampun dah dah isi semua .aplikasi semua dah di izinin .masak kaga bisa .payah amat BCA .kusut,1,0,,2025-10-30 07:10:51+00:00,"Hai, Kak Resta. Maaf atas ketidaknyamanannya. Kami akan selalu berusaha memberikan yang terbaik demi memenuhi kebutuhan perbankan Kakak. Jika Kakak mengalami kendala pada aplikasi blu, boleh infokan detail kendala serta kirimkan gambar kendalanya ke X @haloblu atau email haloblu@bcadigital.co.id agar kami bisa bantu lebih lanjut ya.",2025-10-30 07:29:06,
d96bb451-445a-4354-8e50-5b117176cc00,Pengguna Google,https://play-lh.googleusercontent.com/EGemoI2NTXmTsBVtJqk8jxF9rh8ApRWfsIMQSt2uE4OcpQqbFu7f7NbTK05lx80nuSijCz7sc3a277R67g,"terbaik memang blu ini, kualitas internasional.",5,0,2.4.0,2025-10-29 21:43:25+00:00,"Hai, Kak Devan. Terima kasih atas ulasannya. Semoga blu bisa selalu memberikan yang terbaik untuk memenuhi semua kebutuhan perbankan Kakak. Jika ada kendala atau hal lain yang ingin ditanyakan, Kakak bisa langsung menghubungi X @haloblu atau email haloblu@bcadigital.co.id atau telepon 1500668 (layanan 24 jam).",2025-10-29 22:06:14,2.4.0
b1a03bc9-7f5f-48f5-aa39-ad29d12294f5,Pengguna Google,https://play-lh.googleusercontent.com/EGemoI2NTXmTsBVtJqk8jxF9rh8ApRWfsIMQSt2uE4OcpQqbFu7f7NbTK05lx80nuSijCz7sc3a277R67g,verifikasi aja susahnya minta ampun,5,0,,2025-10-29 21:03:16+00:00,"Hai, Kak Rizha. Maaf atas ketidaknyamanannya. Kami akan selalu berusaha memberikan yang terbaik demi memenuhi kebutuhan perbankan Kakak. Terkait kendala tersebut boleh infokan detail kendala serta kirimkan gambar kendalanya ke X @haloblu atau email haloblu@bcadigital.co.id agar kami bisa bantu lebih lanjut ya.",2025-10-29 21:26:16,
62cff1c6-626c-4af8-82a9-6354e5d7b5e9,Pengguna Google,https://play-lh.googleusercontent.com/EGemoI2NTXmTsBVtJqk8jxF9rh8ApRWfsIMQSt2uE4OcpQqbFu7f7NbTK05lx80nuSijCz7sc3a277R67g,"mau login gak bisa, suruh masukin nomor trus masukin email, tulisannya email sudah terdaftar. lha kan gw emang mau login bukan daftar, tapi gak ada opsi login, bego bener",1,0,,2025-10-29 18:35:53+00:00,"Hai, Kak Gilbert. Maaf atas ketidaknyamanannya. Jika pada saat login terdaftar keterangan email sudah terdaftar dikhawatirkan Kakak tidak login dengan nomor handphone yang terdaftar. Pastikan nomor Kakak sudah sesuai, jika Kakak tidak ingat nomor handphone kami sarankan untuk menghubungi layanan haloblu di 1500668 atau melalui aplikasi haloBCA. 🙏",2025-10-29 18:53:09,
e57affeb-3fea-4937-95a1-ea6d6379e16f,Pengguna Google,https://play-lh.googleusercontent.com/EGemoI2NTXmTsBVtJqk8jxF9rh8ApRWfsIMQSt2uE4OcpQqbFu7f7NbTK05lx80nuSijCz7sc3a277R67g,Udh login di-update ga bisa masuk,1,0,2.5.0,2025-10-29 13:06:26+00:00,"Hai, Kak Choerul. Maaf atas ketidaknyamanannya. Kami akan selalu berusaha memberikan yang terbaik demi memenuhi kebutuhan perbankan Kakak. Terkait kendala tersebut boleh infokan detail kendala serta kirimkan gambar kendalanya ke X @haloblu atau email haloblu@bcadigital.co.id agar kami bisa bantu lebih lanjut ya.",2025-10-29 14:00:06,2.5.0
c8701ee2-73bb-4465-b6b8-29ee41674722,Pengguna Google,https://play-lh.googleusercontent.com/EGemoI2NTXmTsBVtJqk8jxF9rh8ApRWfsIMQSt2uE4OcpQqbFu7f7NbTK05lx80nuSijCz7sc3a277R67g,"Parah, bolak-balik hadap kanan hadap kiri tetap ajah nggak bisa login... Kalau belum siap, jangan di publish nih aplikasinya kenapa cuma bikin ribet hidup orang lain cuma untuk login doank....",1,6,2.2.0,2025-10-29 12:33:05+00:00,"Hai, Kak Muadzin. Maaf atas ketidaknyamanannya. Kami akan selalu berusaha memberikan yang terbaik demi kebutuhan perbankan Kakak. Terkait hal tersebut pastikan beberapa hal berikut, pastikan Kakak tidak memakai sunglasses, di tempat yang terang, tidak backlight, posisi wajah di dalam lingkaran dan pastikan aplikasi blu versi terupdate ya.",2025-10-29 12:56:50,2.2.0
5941d963-ff5b-4697-b1ec-9fb7f10ecb29,Pengguna Google,https://play-lh.googleusercontent.com/EGemoI2NTXmTsBVtJqk8jxF9rh8ApRWfsIMQSt2uE4OcpQqbFu7f7NbTK05lx80nuSijCz7sc3a277R67g,"wah pdhl saya dh punya akun d sini, tapi ga ada pilihan buat login, cuma bisa bikin akun baru doank",2,0,2.5.0,2025-10-29 08:42:16+00:00,"Hai, Kak Aliyah. Maaf atas ketidaknyamanannya. Terkait kendala tersebut Kakak bisa masuk dengan mengklik ""Yuk Mulai"" dan memasukkan nomor handphone Kakak yang telah terdaftar di rekening blu dan memasukkan kode OTP yang Kakak terima. Lalu ikuti sampai login berhasil ya Kak.",2025-10-29 09:33:18,2.5.0
16586c44-0d6d-4484-811b-1c4d9149dabe,Pengguna Google,https://play-lh.googleusercontent.com/EGemoI2NTXmTsBVtJqk8jxF9rh8ApRWfsIMQSt2uE4OcpQqbFu7f7NbTK05lx80nuSijCz7sc3a277R67g,lambat login saat perlu pembayaran qris,3,0,2.0.20,2025-10-28 15:33:43+00:00,"Hai, Kak Varni. Maaf atas ketidaknyamanannya. Kami akan selalu terus memperbaiki sistem demi mencapai kepuasan para pengguna aplikasi blu. Terkait kendala tersebut pastikan Kakak menggunakan blu versi terbaru, pastikan setting waktu di handphone menjadi otomatis, jaringan internet lancar dan stabil atau Kakak boleh switch jaringan pada handphone.",2025-10-28 16:54:29,2.0.20
0c988fe8-4154-48cf-aad4-d5916170d45e,Pengguna Google,https://play-lh.googleusercontent.com/EGemoI2NTXmTsBVtJqk8jxF9rh8ApRWfsIMQSt2uE4OcpQqbFu7f7NbTK05lx80nuSijCz7sc3a277R67g,kalau bakal ditolak lagi pengajuan saya mending nggak usah ada pinjaman aja dengan kata kata bluextracash tersedia kembali kalau ujung ujung nya bakal ditolak lagi. blu Pemberi Harapan Palsu,1,0,2.4.0,2025-10-28 13:46:37+00:00,"Hai, Kakak. Maaf atas ketidaknyamanannya. Semoga blu bisa selalu memberikan yang terbaik untuk memenuhi semua kebutuhan perbankan Kakak. Dalam persetujuan pinjaman terdapat proses analisa dan sudah merupakan dari ketentuan BCA Digital. Yuk segera ajuin bluExtraCash melalui aplikasi blu kembali di 90 hari setelah pengajuan di tolak ya Kak. 😊",2025-10-28 13:59:59,2.4.0
7254e9b4-d73e-44e1-8cf8-05812af1fdb6,Pengguna Google,https://play-lh.googleusercontent.com/EGemoI2NTXmTsBVtJqk8jxF9rh8ApRWfsIMQSt2uE4OcpQqbFu7f7NbTK05lx80nuSijCz7sc3a277R67g,"bintang 1 dulu lah, karena harus video call dulu buat validasi, kalo video call nya di hilangkan macam bank lain gw kasih bintang 5",1,1,2.4.0,2025-10-28 09:28:46+00:00,"Hai, Kak Iksan. Maaf atas ketidaknyamanannya. Video call diperlukan untuk proses verifikasi data pembukaan rekening blu Kakak. Jika ada hal lain yang ingin ditanyakan, Kakak bisa langsung menghubungi X @haloblu atau email haloblu@bcadigital.co.id atau telepon 1500668 (layanan 24 jam).",2025-10-28 10:14:12,2.4.0
e987f46a-745f-451f-98f3-1b156d1d2649,Pengguna Google,https://play-lh.googleusercontent.com/EGemoI2NTXmTsBVtJqk8jxF9rh8ApRWfsIMQSt2uE4OcpQqbFu7f7NbTK05lx80nuSijCz7sc3a277R67g,pertahankan kualitas mu,5,0,2.5.0,2025-10-27 20:34:45+00:00,"Hai, Kak Zaini. Terima kasih atas ulasannya. Semoga blu bisa selalu memberikan yang terbaik untuk memenuhi semua kebutuhan perbankan Kakak. Selamat menikmati kemudahan bertransaksi menggunakan blu ya. 😊
",2025-10-27 21:01:29,2.5.0
db41b5ac-2350-4826-b323-69b73f260ebf,Pengguna Google,https://play-lh.googleusercontent.com/EGemoI2NTXmTsBVtJqk8jxF9rh8ApRWfsIMQSt2uE4OcpQqbFu7f7NbTK05lx80nuSijCz7sc3a277R67g,"aplikasi rasis, Karna wajah says gelap saja gk bisa verifikasi wajah",1,0,2.4.0,2025-10-27 17:19:26+00:00,"Hai, Kak Iqbal. Maaf atas ketidaknyamanannya. Terkait kendala tersebut boleh kirimkan gambar kendalanya ke X @haloblu atau email haloblu@bcadigital.co.id agar kami bisa bantu lebih lanjut ya.
",2025-10-27 17:39:58,2.4.0
3e2c5f35-196c-4c6f-8f5d-c9ea6e34082d,Pengguna Google,https://play-lh.googleusercontent.com/EGemoI2NTXmTsBVtJqk8jxF9rh8ApRWfsIMQSt2uE4OcpQqbFu7f7NbTK05lx80nuSijCz7sc3a277R67g,ga bisa di download,1,0,,2025-10-27 17:15:15+00:00,"Hai, Kakak. Maaf atas ketidaknyamanannya. Terkait kendala tersebut boleh kirimkan gambar kendalanya ke X @haloblu atau email haloblu@bcadigital.co.id agar kami bisa bantu lebih lanjut ya.
",2025-10-27 17:39:58,
1a8e14d4-59a2-4f2e-b73c-5e1b56258e9c,Pengguna Google,https://play-lh.googleusercontent.com/EGemoI2NTXmTsBVtJqk8jxF9rh8ApRWfsIMQSt2uE4OcpQqbFu7f7NbTK05lx80nuSijCz7sc3a277R67g,"iyuuhhh apa apa mahal bayarnyaaa, masa tarik tunai cardless kena 3500 yg bner ajaaaa",2,0,2.4.0,2025-10-27 17:01:15+00:00,"Hai, Kak Ayu. Maaf atas ketidaknyamanannya. Kakak bisa bebas biaya tarik tunai dengan/tanpa kartu di ATM BCA pakai bluLoyalty, namun jika kuota bluLoyalty Kakak sudah habis maka akan dikenakan biaya Rp3.500,- per transaksi ya.",2025-10-27 17:38:07,2.4.0
5b0551b4-854c-4d07-a83c-ed97f506ccdb,Pengguna Google,https://play-lh.googleusercontent.com/EGemoI2NTXmTsBVtJqk8jxF9rh8ApRWfsIMQSt2uE4OcpQqbFu7f7NbTK05lx80nuSijCz7sc3a277R67g,Sangat buruk tidak bisa buat rekening untuk anak,1,0,,2025-10-27 11:18:33+00:00,"Hai, Kakak. Maaf atas ketidaknyamanannya. Saat ini untuk rekening anak ada Kak, yaitu bluAccount for Teens yang ditujukan untuk ""Nasabah Anak"" berusia 12 hingga di bawah 17 tahun yang belum memiliki e-KTP. Jika Kakak mengalami kendala boleh kirimkan gambar kendalanya ke email haloblu@bcadigital.co.id agar kami bisa bantu lebih lanjut ya.",2025-10-27 11:38:44,
1b9db317-7bc8-4ad4-9e9a-e7c283613ded,Pengguna Google,https://play-lh.googleusercontent.com/EGemoI2NTXmTsBVtJqk8jxF9rh8ApRWfsIMQSt2uE4OcpQqbFu7f7NbTK05lx80nuSijCz7sc3a277R67g,kenapa setiap login harus kirim otp kan jd ribet,1,0,,2025-10-27 09:17:56+00:00,"Hai, Kak Ipeh. Maaf atas ketidaknyamanannya. Kami akan selalu berusaha memberikan yang terbaik kebutuhan perbankan Kakak. Untuk login pertama menggunakan OTP Kak, namun selanjutnya tidak menggunakan OTP dan login menggunakan keamanan seperti PIN, password. Namun jika terjadi perpindahan device maka login memerlukan OTP ya Kak.",2025-10-27 09:45:15,
f9fd2351-b12d-48b6-aaca-29fb2ee762e8,Pengguna Google,https://play-lh.googleusercontent.com/EGemoI2NTXmTsBVtJqk8jxF9rh8ApRWfsIMQSt2uE4OcpQqbFu7f7NbTK05lx80nuSijCz7sc3a277R67g,vermuk susah,1,0,2.4.0,2025-10-27 08:32:18+00:00,"Hai, Kak Rizky. Maaf atas ketidaknyamanannya. Kami akan selalu berusaha memberikan yang terbaik demi kebutuhan perbankan Kakak. Terkait hal tersebut pastikan beberapa hal berikut, pastikan Kakak tidak memakai sunglasses, di tempat yang terang, tidak backlight, posisi wajah di dalam lingkaran dan pastikan aplikasi blu versi terbaru ya.",2025-10-27 09:39:40,2.4.0
f562abae-95b7-4de1-8f27-5bfc232c3468,Pengguna Google,https://play-lh.googleusercontent.com/EGemoI2NTXmTsBVtJqk8jxF9rh8ApRWfsIMQSt2uE4OcpQqbFu7f7NbTK05lx80nuSijCz7sc3a277R67g,aplikasi fak....deteksi wajah g jelas,3,0,,2025-10-27 07:41:36+00:00,"Hai, Kak Catur. Maaf atas ketidaknyamanannya. Kami akan selalu berusaha memberikan yang terbaik demi kebutuhan perbankan Kakak. Terkait hal tersebut pastikan beberapa hal berikut, pastikan Kakak tidak memakai sunglasses, di tempat yang terang, tidak backlight, posisi wajah di dalam lingkaran dan pastikan aplikasi blu versi terupdate ya.",2025-10-27 08:05:31,
75224da9-0c0f-4ba6-8617-cfe217f9c772,Pengguna Google,https://play-lh.googleusercontent.com/EGemoI2NTXmTsBVtJqk8jxF9rh8ApRWfsIMQSt2uE4OcpQqbFu7f7NbTK05lx80nuSijCz7sc3a277R67g,kak mau tanya bisa gak ngajuin pembuatan kartu ATM nya tapi kartu SIM card saya ilang kak,4,0,2.4.0,2025-10-27 06:51:26+00:00,"Hai, Kak Kiara, sangat disayangkan atas kendala yang Kakak alami. Untuk pengajuan kartu fisik melalui aplikasi blu, namun jika SIM card hilang, mohon kesediaan Kakak informasikan melalui email haloblu@bcadigital.co.id berupa nomor rekening dan nomor handphone yang bisa kami hubungi untuk pengamanan dana pada rekening.",2025-10-27 07:23:19,2.4.0
df6d396c-3a7c-48ab-9d58-b14f95477507,Pengguna Google,https://play-lh.googleusercontent.com/EGemoI2NTXmTsBVtJqk8jxF9rh8ApRWfsIMQSt2uE4OcpQqbFu7f7NbTK05lx80nuSijCz7sc3a277R67g,oke,5,0,2.3.0,2025-10-26 12:27:45+00:00,"Hai, Kak Harun. Terima kasih atas ulasannya. Semoga blu bisa selalu memberikan yang terbaik untuk memenuhi semua kebutuhan perbankan Kakak. Jika ada kendala atau hal lain yang ingin ditanyakan, Kakak bisa langsung menghubungi X @haloblu atau email haloblu@bcadigital.co.id atau telepon 1500668 (layanan 24 jam).",2025-10-26 12:55:22,2.3.0
26ef2c0c-1ecb-4f7b-9864-38ff4047e355,Pengguna Google,https://play-lh.googleusercontent.com/EGemoI2NTXmTsBVtJqk8jxF9rh8ApRWfsIMQSt2uE4OcpQqbFu7f7NbTK05lx80nuSijCz7sc3a277R67g,lokasi udah di aktifin masih aja minta buka pengaturan buat izinin aplikasi mengakses lokasi pdhal udah di izinkan smua malah aplikasi gajelas,1,1,2.4.0,2025-10-26 12:20:19+00:00,"Hai, Kak Kurnia. Maaf atas ketidaknyamanannya. Kami akan selalu berusaha memberikan yang terbaik demi memenuhi kebutuhan perbankan Kakak. Terkait kendala tersebut boleh infokan detail kendala serta kirimkan gambar kendalanya ke X @haloblu atau email haloblu@bcadigital.co.id agar kami bisa bantu lebih lanjut ya.",2025-10-26 12:53:33,2.4.0
dc80e7f3-6a55-4696-8e91-b7ecc1577dac,Pengguna Google,https://play-lh.googleusercontent.com/EGemoI2NTXmTsBVtJqk8jxF9rh8ApRWfsIMQSt2uE4OcpQqbFu7f7NbTK05lx80nuSijCz7sc3a277R67g,"udah sampe ditahap verifikasi wajah terus pas udah masukin no kartu ATM notifnya no hp blm terdaftar di mbanking pdhal bikin akun mbanking pake no yg sama, udah diulang2 ttp aja ga bisa",5,0,2.4.0,2025-10-26 09:27:03+00:00,"Hai, Kak Yuna marthin. Maaf atas ketidaknyamanannya. Kami akan selalu berusaha memberikan yang terbaik demi memenuhi kebutuhan perbankan Kakak. Terkait kendala tersebut boleh infokan detail kendala serta kirimkan gambar kendalanya ke X @haloblu atau email haloblu@bcadigital.co.id agar kami bisa bantu lebih lanjut ya.",2025-10-26 10:12:33,2.4.0
330b5585-35a6-4637-bbbd-31fbbb11b844,Pengguna Google,https://play-lh.googleusercontent.com/EGemoI2NTXmTsBVtJqk8jxF9rh8ApRWfsIMQSt2uE4OcpQqbFu7f7NbTK05lx80nuSijCz7sc3a277R67g,daftar aja susah.. udah gw izinin lokasinya biar bisa di akses malah minta mulu gaje...,1,0,2.4.0,2025-10-26 06:45:44+00:00,"Hai, Kak Asri. Maaf atas ketidaknyamanannya. Kami akan selalu berusaha memberikan yang terbaik demi memenuhi kebutuhan perbankan Kakak. Terkait kendala tersebut boleh infokan detail kendala serta kirimkan gambar kendalanya ke X @haloblu atau email haloblu@bcadigital.co.id agar kami bisa bantu lebih lanjut ya.",2025-10-26 06:54:43,2.4.0
e0adaa78-1dd6-4f66-ae91-e0309a5d5916,Pengguna Google,https://play-lh.googleusercontent.com/EGemoI2NTXmTsBVtJqk8jxF9rh8ApRWfsIMQSt2uE4OcpQqbFu7f7NbTK05lx80nuSijCz7sc3a277R67g,TOLONG YA SEKELAS BCA MAU DAFTAR AJA RIBET BGT LOKASI UDH DINYALAIN UDAH DIIJINKAN MASIH ADA PERLU LOKASI BUTA APA GIMNA BIKIN EMOSI AJA IKLAN AJA TIAP HARI DI WA TP SISTEM BURUK PERBAIKI DULU BARU BERISIK IKLAN HERAN,1,0,2.4.0,2025-10-25 22:41:04+00:00,"Hai, Kak Sulistyowati. Maaf atas ketidaknyamanannya. Kami akan selalu berusaha memberikan yang terbaik demi memenuhi kebutuhan perbankan Kakak. Terkait kendala tersebut boleh infokan detail kendala serta kirimkan gambar kendalanya ke X @haloblu atau email haloblu@bcadigital.co.id agar kami bisa bantu lebih lanjut ya.",2025-10-25 23:10:15,2.4.0
33b1ae44-6ce1-4a99-a949-a56f0855eb27,Pengguna Google,https://play-lh.googleusercontent.com/EGemoI2NTXmTsBVtJqk8jxF9rh8ApRWfsIMQSt2uE4OcpQqbFu7f7NbTK05lx80nuSijCz7sc3a277R67g,Good,5,0,2.3.0,2025-10-25 21:58:15+00:00,"Hai, Kak Ade. Terima kasih atas ulasannya. Semoga blu bisa selalu memberikan yang terbaik untuk memenuhi semua kebutuhan perbankan Kakak. Selamat menikmati kemudahan bertransaksi menggunakan blu ya. 😊",2025-10-25 23:08:50,2.3.0
469dad88-088c-4f6f-b5fb-3816c15778cb,Pengguna Google,https://play-lh.googleusercontent.com/EGemoI2NTXmTsBVtJqk8jxF9rh8ApRWfsIMQSt2uE4OcpQqbFu7f7NbTK05lx80nuSijCz7sc3a277R67g,"Aplikasi ribet seribet pemilik banknya, ribet gak usah pakai, cuma mau ambil data, begitu foto dibilang gelap lah inilah, kentut ...!!",1,0,2.4.0,2025-10-25 16:21:43+00:00,"Hai, Kak Ade. Maaf atas ketidaknyamanannya. Terkait kendala tersebut boleh kirimkan gambar kendalanya ke X @haloblu atau email haloblu@bcadigital.co.id agar kami bisa bantu lebih lanjut ya.
",2025-10-25 16:41:06,2.4.0
6d1dde98-942d-47d0-a0c5-ec0e7e2ed7f3,Pengguna Google,https://play-lh.googleusercontent.com/EGemoI2NTXmTsBVtJqk8jxF9rh8ApRWfsIMQSt2uE4OcpQqbFu7f7NbTK05lx80nuSijCz7sc3a277R67g,"diluar banyak developer aplikasi yg sangat hebat, tapi tidak dengan bank ini. bahkan tidak ada 20% nya dari developer bank yang gak terkenal. Anda sangat hebat.",1,1,2.4.0,2025-10-25 15:30:40+00:00,"Hai, Kak Zemmy. Maaf atas ketidaknyamanannya. Kami akan selalu berusaha memberikan yang terbaik kebutuhan perbankan Kakak. Terkait kendala yang dialami, mohon kesediaan Kakak dapat menginformasikan lebih detail kendala tersebut melalui email haloblu@bcadigital.co.id, agar kami dapat menginformasikan sesuai dengan kebutuhan Kakak.",2025-10-25 16:40:09,2.4.0
b3e713eb-f463-40c7-982f-8c365bec2738,Pengguna Google,https://play-lh.googleusercontent.com/EGemoI2NTXmTsBVtJqk8jxF9rh8ApRWfsIMQSt2uE4OcpQqbFu7f7NbTK05lx80nuSijCz7sc3a277R67g,hoax ....kbanyakan iya itu ujung2 tidak di ACC....limitnya cmn 1 juta persyratanya kebanyakan,1,0,2.4.0,2025-10-25 11:58:16+00:00,"Hai, Kak Ahmad. Maaf atas ketidaknyamanannya. Jika pengajuan pinjaman Kakak ditolak, hal tersebut merupakan kebijakan dari BCA Digital setelah melakukan analisa dari data-data yang Kakak miliki. Silakan Kakak dapat mencoba kembali pengajuan pinjaman setelah 90 hari pengajuan ditolak ya.",2025-10-25 12:59:14,2.4.0
b3d41e80-c8f0-46d0-8d20-fe0425b0f1b1,Pengguna Google,https://play-lh.googleusercontent.com/EGemoI2NTXmTsBVtJqk8jxF9rh8ApRWfsIMQSt2uE4OcpQqbFu7f7NbTK05lx80nuSijCz7sc3a277R67g,bagus,5,0,2.4.0,2025-10-25 08:54:24+00:00,"Hai, Kak Santoso. Terima kasih atas ulasannya. Semoga blu bisa selalu memberikan yang terbaik untuk memenuhi semua kebutuhan perbankan Kakak. Selamat menikmati kemudahan bertransaksi menggunakan blu ya. 😊",2025-10-25 09:50:33,2.4.0
ac3ef860-bfbc-4158-9ab5-86cc05ba3e89,Pengguna Google,https://play-lh.googleusercontent.com/EGemoI2NTXmTsBVtJqk8jxF9rh8ApRWfsIMQSt2uE4OcpQqbFu7f7NbTK05lx80nuSijCz7sc3a277R67g,nomer tlp sudah bener terdaftar di ebanking malah ada tulisan nomer tidak terdaftar.. kacau,1,0,2.4.0,2025-10-25 06:50:03+00:00,"Hai, Kak Elzar. Maaf atas ketidaknyamanannya. Kami akan selalu berusaha memberikan yang terbaik untuk memenuhi kebutuhan perbankan Kakak. Terkait kendala yang dialami, mohon kesediaan Kakak dapat menginformasikan lebih detail kendala tersebut melalui email haloblu@bcadigital.co.id, agar kami dapat menginformasikan sesuai dengan kebutuhan Kakak.",2025-10-25 07:31:38,2.4.0
4bb8a0c8-b9d3-4369-8638-213a0e48ac27,Pengguna Google,https://play-lh.googleusercontent.com/EGemoI2NTXmTsBVtJqk8jxF9rh8ApRWfsIMQSt2uE4OcpQqbFu7f7NbTK05lx80nuSijCz7sc3a277R67g,"mantap ,tapi loading masuk apk nya",5,0,,2025-10-25 05:49:59+00:00,"Hai, Kak Fatahur Rahman. Terima kasih atas ulasannya. Semoga blu selalu memberikan yang terbaik untuk memenuhi semua kebutuhan perbankan Kakak. Untu hal tersebut pastikan Kakak menggunakan aplikasi blu versi terbaru, pastikan setting waktu di handphone menjadi otomatis, jaringan internet lancar dan stabil serta tidak menggunakan jaringan WiFi.
",2025-10-25 05:51:41,
9312a619-2340-45f8-8c37-b2939d4d95d2,Pengguna Google,https://play-lh.googleusercontent.com/EGemoI2NTXmTsBVtJqk8jxF9rh8ApRWfsIMQSt2uE4OcpQqbFu7f7NbTK05lx80nuSijCz7sc3a277R67g,mantap blu fitur²nya simple gampang + ada fitur nabung semau kita keren dehh pokonyaa bluu,5,0,,2025-10-25 02:13:43+00:00,"Hai, Kakak. Terima kasih atas ulasannya. Semoga blu bisa selalu memberikan yang terbaik untuk memenuhi semua kebutuhan perbankan Kakak. Jika ada kendala atau hal lain yang ingin ditanyakan, Kakak bisa langsung menghubungi X @haloblu atau email haloblu@bcadigital.co.id atau telepon 1500668 (layanan 24 jam).
",2025-10-25 02:59:20,
f4a4d459-b62e-4d77-9424-ea88dec79bfe,Pengguna Google,https://play-lh.googleusercontent.com/EGemoI2NTXmTsBVtJqk8jxF9rh8ApRWfsIMQSt2uE4OcpQqbFu7f7NbTK05lx80nuSijCz7sc3a277R67g,ribet amat mau daftarnya fefek Tol apk murahan,1,0,2.4.0,2025-10-24 22:53:44+00:00,"Hai, Kak Ramles Mamuane. Maaf atas ketidaknyamanannya. Kami akan selalu berusaha memberikan yang terbaik demi memenuhi kebutuhan perbankan Kakak. Terkait kendala tersebut boleh infokan detail kendala serta kirimkan gambar kendalanya ke X @haloblu atau email haloblu@bcadigital.co.id agar kami bisa bantu lebih lanjut ya.
",2025-10-24 23:57:46,2.4.0
27181310-5d8f-47f9-b148-30cb36bbf81d,Pengguna Google,https://play-lh.googleusercontent.com/EGemoI2NTXmTsBVtJqk8jxF9rh8ApRWfsIMQSt2uE4OcpQqbFu7f7NbTK05lx80nuSijCz7sc3a277R67g,aplikasi bagus..kartu ok..knp lemot dan loadingny parah..mestinya kecepatan itu di utamakan biar nyaman untuk transaksi..bertahun tahun kaya gini..apa tidak ada tenaga ahli untuk memperbaikinya..,5,0,,2025-10-24 16:58:30+00:00,"Hai, Kak Malik. Maaf atas ketidaknyamanannya. Kami akan selalu terus memperbaiki sistem demi mencapai kepuasan para pengguna aplikasi blu. Terkait kendala tersebut pastikan Kakak menggunakan aplikasi blu versi terbaru, pastikan setting waktu di handphone menjadi otomatis, jaringan internet lancar dan stabil serta tidak menggunakan jaringan WiFi.
",2025-10-24 17:02:52,
cfc13132-5ffe-45d9-8452-8a53007ff7cf,Pengguna Google,https://play-lh.googleusercontent.com/EGemoI2NTXmTsBVtJqk8jxF9rh8ApRWfsIMQSt2uE4OcpQqbFu7f7NbTK05lx80nuSijCz7sc3a277R67g,"gw bikin akun pas tahap akhir di suruh nyalakan layanan lokasi padahal sudah di izinkan semua eh masih di suruh aktifkan , apk gaje",1,1,2.4.0,2025-10-24 15:33:05+00:00,"Hai, Kak Ade. Maaf atas ketidaknyamanannya. Terkait kendala tersebut boleh kirimkan gambar kendalanya ke X @haloblu atau email haloblu@bcadigital.co.id agar kami bisa bantu lebih lanjut ya.
",2025-10-24 16:32:19,2.4.0
4e1946c4-a33d-439f-81cb-e46ef9fa7015,Pengguna Google,https://play-lh.googleusercontent.com/EGemoI2NTXmTsBVtJqk8jxF9rh8ApRWfsIMQSt2uE4OcpQqbFu7f7NbTK05lx80nuSijCz7sc3a277R67g,emang disini bisa ajukan pinjaman,2,0,,2025-10-24 14:36:20+00:00,"Hai, Kak Frans. Dengan senang hati kami informasikan, untuk pengajuan pinjaman bluExtraCash Kakak bisa cek pada dashboard blu di bagian ""Portfolio"" pilih ""Pinjaman"".",2025-10-24 15:29:08,
9629d001-bfe2-4794-88de-505122a05476,Pengguna Google,https://play-lh.googleusercontent.com/EGemoI2NTXmTsBVtJqk8jxF9rh8ApRWfsIMQSt2uE4OcpQqbFu7f7NbTK05lx80nuSijCz7sc3a277R67g,Ribet oh ribet,1,0,,2025-10-24 13:40:26+00:00,"Hai, Kak Fras. Maaf atas ketidaknyamanannya. Kami akan selalu berusaha memberikan yang terbaik kebutuhan perbankan Kakak. Terkait kendala yang dialami, mohon kesediaan Kakak dapat menginformasikan lebih detail kendala tersebut melalui email haloblu@bcadigital.co.id, agar kami dapat menginformasikan sesuai dengan kebutuhan Kakak.",2025-10-24 14:01:57,
68f4950e-20ec-45c8-aa61-7c3e25552362,Pengguna Google,https://play-lh.googleusercontent.com/EGemoI2NTXmTsBVtJqk8jxF9rh8ApRWfsIMQSt2uE4OcpQqbFu7f7NbTK05lx80nuSijCz7sc3a277R67g,"tolonglah aplikasinya banyak bug, mau pindah perangkat pakai deteksi wajah saja rumit",3,0,,2025-10-24 13:20:49+00:00,"Hai, Kak Nico. Maaf atas ketidaknyamanannya. Kami akan selalu berusaha memberikan yang terbaik demi kebutuhan perbankan Kakak. Terkait hal tersebut pastikan beberapa hal berikut, pastikan Kakak tidak memakai sunglasses, di tempat yang terang, tidak backlight, posisi wajah di dalam lingkaran dan pastikan aplikasi blu versi terupdate ya.",2025-10-24 13:57:34,
42303690-335f-4f82-837a-89d023e05eda,Pengguna Google,https://play-lh.googleusercontent.com/EGemoI2NTXmTsBVtJqk8jxF9rh8ApRWfsIMQSt2uE4OcpQqbFu7f7NbTK05lx80nuSijCz7sc3a277R67g,"Tolong ya untuk operatornya jangan JUDES karyawan Bca .. saya buat akun Blu ini , call operator cwok nga ada senyum... jutek, judes, heran..tolong dong yang Ramah jangan cuma pendidikan TINGGI, OTAK pinter atau nga tapi ATTITUDE sama keramahan nga ada percuma",3,0,2.4.0,2025-10-24 07:44:10+00:00,"Hai, Kak Annisa. Maaf atas ketidaknyamanannya. Terkait kendala yang Kakak alami mohon kesediaan Kakak dapat menginformasikan nama lengkap, nomor handphone, waktu menghubungi dan detail kronologis ke alamat email haloblu@bcadigital.co.id atau telepon 1500668 (layanan 24 jam).",2025-10-24 08:20:17,2.4.0
4eea272a-c4b1-4c57-ae3a-f92208c8e789,Pengguna Google,https://play-lh.googleusercontent.com/EGemoI2NTXmTsBVtJqk8jxF9rh8ApRWfsIMQSt2uE4OcpQqbFu7f7NbTK05lx80nuSijCz7sc3a277R67g,best,5,0,2.4.0,2025-10-24 07:03:57+00:00,"Hai, Kak Satria. Terima kasih atas ulasannya. Semoga blu bisa selalu memberikan yang terbaik untuk memenuhi semua kebutuhan perbankan Kakak. Jika ada kendala atau hal lain yang ingin ditanyakan, Kakak bisa langsung menghubungi X @haloblu atau email haloblu@bcadigital.co.id atau telepon 1500668 (layanan 24 jam).",2025-10-24 08:15:26,2.4.0
57f5ef9b-f28a-4de6-8444-1905434606bd,Pengguna Google,https://play-lh.googleusercontent.com/EGemoI2NTXmTsBVtJqk8jxF9rh8ApRWfsIMQSt2uE4OcpQqbFu7f7NbTK05lx80nuSijCz7sc3a277R67g,mantap,5,0,2.4.0,2025-10-24 01:14:49+00:00,"Hai, Kakak. Terima kasih atas ulasannya. Semoga blu bisa selalu memberikan yang terbaik untuk memenuhi semua kebutuhan perbankan Kakak. Selamat menikmati kemudahan bertransaksi menggunakan blu ya. 😊",2025-10-24 01:47:36,2.4.0
dcb0ee16-907e-4a56-9566-7016d790c159,Pengguna Google,https://play-lh.googleusercontent.com/EGemoI2NTXmTsBVtJqk8jxF9rh8ApRWfsIMQSt2uE4OcpQqbFu7f7NbTK05lx80nuSijCz7sc3a277R67g,"sebenarnya nih bank digital bagus, cuman sayang nya animasi nya bikin berat banget. menurut ku sih gaperlu ada animasi aja udah bagus kok",4,0,2.4.0,2025-10-23 20:54:23+00:00,"Hai, Kak Fani. Maaf atas ketidaknyamanannya. Kami akan selalu terus memperbaiki sistem demi mencapai kepuasan para pengguna aplikasi blu. Terkait kendala tersebut pastikan Kakak menggunakan aplikasi blu versi terbaru, pastikan setting waktu di handphone menjadi otomatis, jaringan internet lancar dan stabil serta tidak menggunakan jaringan WiFi.",2025-10-23 21:07:27,2.4.0
946220f1-de8e-4b69-bb98-66486c842af5,Pengguna Google,https://play-lh.googleusercontent.com/EGemoI2NTXmTsBVtJqk8jxF9rh8ApRWfsIMQSt2uE4OcpQqbFu7f7NbTK05lx80nuSijCz7sc3a277R67g,"Gua udah mangap2 juga tetep ga ke verifikasi, udah dibawah lampu juga dibilang kurang tereng",2,0,,2025-10-23 20:22:32+00:00,"Hai, Kakak Lee. Maaf atas ketidaknyamanannya. Kami akan selalu berusaha memberikan yang terbaik demi kebutuhan perbankan Kakak. Terkait hal tersebut pastikan beberapa hal berikut, pastikan Kakak tidak memakai sunglasses, di tempat yang terang, tidak backlight, posisi wajah di dalam lingkaran dan pastikan aplikasi blu versi terupdate ya.",2025-10-23 21:06:38,
64b4f5ef-87d0-43c0-9dcf-c205faceee0b,Pengguna Google,https://play-lh.googleusercontent.com/EGemoI2NTXmTsBVtJqk8jxF9rh8ApRWfsIMQSt2uE4OcpQqbFu7f7NbTK05lx80nuSijCz7sc3a277R67g,"Bagus semuanya perfect, keluhan nasabah di tanggapi jadi improve sekarang aplikasinya ringan ga kaya dulu kalo mencet lama kaya ga di klik terus di klik lagi respon nya lama jadi kaya berkali kali klik tapi tertahan, sekarang bagus bgt lancar semakin mudah bertransaksi",5,1,,2025-10-23 20:16:19+00:00,"Hai, Kak Devan. Terima kasih atas ulasannya. Semoga blu bisa selalu memberikan yang terbaik untuk memenuhi semua kebutuhan perbankan Kakak. Jika ada kendala atau hal lain yang ingin ditanyakan, Kakak bisa langsung menghubungi X @haloblu atau email haloblu@bcadigital.co.id atau telepon 1500668 (layanan 24 jam).",2025-10-23 21:04:34,
707cf0ae-7fc5-486b-a6c4-6898a71382b0,Pengguna Google,https://play-lh.googleusercontent.com/EGemoI2NTXmTsBVtJqk8jxF9rh8ApRWfsIMQSt2uE4OcpQqbFu7f7NbTK05lx80nuSijCz7sc3a277R67g,"ribet banget daftarnya ah malas, udah uninstal aja.",4,0,2.4.0,2025-10-23 19:24:01+00:00,"Hai, Kak Rohani. Maaf atas ketidaknyamanannya. Kami akan selalu berusaha memberikan yang terbaik kebutuhan perbankan Kakak. Terkait kendala yang dialami, mohon kesediaan Kakak dapat menginformasikan lebih detail kendala tersebut melalui email haloblu@bcadigital.co.id, agar kami dapat menginformasikan sesuai dengan kebutuhan Kakak.",2025-10-23 19:40:20,2.4.0
e6a86e8f-eacf-40a0-8858-d8d13e8b3435,Pengguna Google,https://play-lh.googleusercontent.com/EGemoI2NTXmTsBVtJqk8jxF9rh8ApRWfsIMQSt2uE4OcpQqbFu7f7NbTK05lx80nuSijCz7sc3a277R67g,hati² kalau pakai apk ini saya transfer pakai qris kedoublean karena jaringan dan dr blue bca katanya sudah di kreditkan ke saldo saya padahal sampai saat ini notif tidak ada bener² aneh ati² kalian jgn seperri saya jadi korban apk ini ❌️❌️❌️❌️,1,0,,2025-10-23 15:41:07+00:00,"Hai Kakak. Maaf atas ketidaknyamanannya. Kami akan selalu berusaha memberikan yang terbaik demi memenuhi kebutuhan perbankan Kakak. Jika sebelumnya Kakak sudah mengajukan laporan, boleh kirimkan nomor laporan yang Kakak terima ke email haloblu@bcadigital.co.id agar kami bantu cek perkembangan laporan Kakak.",2025-10-23 16:32:42,
34bcc3ed-4e71-47bf-a75e-d1ee37b0b489,Pengguna Google,https://play-lh.googleusercontent.com/EGemoI2NTXmTsBVtJqk8jxF9rh8ApRWfsIMQSt2uE4OcpQqbFu7f7NbTK05lx80nuSijCz7sc3a277R67g,aplikasi gak guna,1,0,2.4.0,2025-10-23 12:50:42+00:00,"Hai, Kak Lunardo Purnama. Maaf atas ketidaknyamanannya. Kami akan selalu berusaha memberikan yang terbaik demi memenuhi kebutuhan perbankan Kakak. Jika Kakak mengalami kendala pada aplikasi blu, boleh infokan detail kendala serta kirimkan gambar kendalanya ke X @haloblu atau email haloblu@bcadigital.co.id agar kami bisa bantu lebih lanjut ya.",2025-10-23 13:01:02,2.4.0
ae47650b-664c-4463-909a-9429f09a0251,Pengguna Google,https://play-lh.googleusercontent.com/EGemoI2NTXmTsBVtJqk8jxF9rh8ApRWfsIMQSt2uE4OcpQqbFu7f7NbTK05lx80nuSijCz7sc3a277R67g,"babi,susah banget loginya,nunggu 30 menit buat bayar nga bisa"" login,giliran nga jadi bayar baru bisa login,asuuu",1,0,2.4.0,2025-10-23 06:05:53+00:00,"Hai, Kak Wahyu Mukti. Maaf atas ketidaknyamanannya. Kami akan selalu berusaha memberikan yang terbaik demi memenuhi kebutuhan perbankan Kakak. Terkait kendala tersebut boleh infokan detail kendala serta kirimkan gambar kendalanya ke X @haloblu atau email haloblu@bcadigital.co.id agar kami bisa bantu lebih lanjut ya.",2025-10-23 07:19:54,2.4.0
b68bf31d-e609-4a10-8c65-653da37c739c,Pengguna Google,https://play-lh.googleusercontent.com/EGemoI2NTXmTsBVtJqk8jxF9rh8ApRWfsIMQSt2uE4OcpQqbFu7f7NbTK05lx80nuSijCz7sc3a277R67g,"Ulasanku sama seperti orang lain yang ngasih bintang satu. Mau login susahnya minta ampun, mentok di logo atau tampilan highlight. Mohon segera diperbaiki.",1,2,2.4.0,2025-10-23 05:55:13+00:00,"Hai, Kak Muhammad Dzikron. Maaf atas ketidaknyamanannya. Kami akan selalu berusaha memberikan yang terbaik demi memenuhi kebutuhan perbankan Kakak. Terkait kendala tersebut boleh infokan detail kendala serta kirimkan gambar kendalanya ke X @haloblu atau email haloblu@bcadigital.co.id agar kami bisa bantu lebih lanjut ya.",2025-10-23 07:20:11,2.4.0
3a623f7f-89b5-4db8-98b6-8e6d37f28aee,Pengguna Google,https://play-lh.googleusercontent.com/EGemoI2NTXmTsBVtJqk8jxF9rh8ApRWfsIMQSt2uE4OcpQqbFu7f7NbTK05lx80nuSijCz7sc3a277R67g,ini ngapa ga bisa di buka si ett aplikasi lagi buru buru,2,0,2.4.0,2025-10-23 05:45:00+00:00,"Hai, Kak Dedy. Maaf atas ketidaknyamanannya. Kami akan selalu berusaha memberikan yang terbaik demi memenuhi kebutuhan perbankan Kakak. Terkait kendala tersebut boleh infokan detail kendala serta kirimkan gambar kendalanya ke X @haloblu atau email haloblu@bcadigital.co.id agar kami bisa bantu lebih lanjut ya.",2025-10-23 05:49:51,2.4.0
fa7329d8-5d78-40a2-a6e6-f21f65ad3c0d,Pengguna Google,https://play-lh.googleusercontent.com/EGemoI2NTXmTsBVtJqk8jxF9rh8ApRWfsIMQSt2uE4OcpQqbFu7f7NbTK05lx80nuSijCz7sc3a277R67g,lemot buffering padahal speedtest 50mbps. dan juga scanning kamera wajah yang tidak jelas terdeteksi,1,0,2.4.0,2025-10-23 03:04:30+00:00,"Hai, Kak Adisa. Maaf atas ketidaknyamanannya. Kami akan selalu berusaha memberikan yang terbaik demi kebutuhan perbankan Kakak. Terkait hal tersebut pastikan beberapa hal berikut, pastikan Kakak tidak memakai sunglasses, di tempat yang terang, tidak backlight, posisi wajah di dalam lingkaran dan pastikan aplikasi blu versi terupdate ya.",2025-10-23 03:12:09,2.4.0
d98c57aa-9ee9-445c-8e9e-a0f74add6bf8,Pengguna Google,https://play-lh.googleusercontent.com/EGemoI2NTXmTsBVtJqk8jxF9rh8ApRWfsIMQSt2uE4OcpQqbFu7f7NbTK05lx80nuSijCz7sc3a277R67g,aplikasi susah login,1,0,,2025-10-23 01:20:32+00:00,"Hai, Kakak. Maaf atas ketidaknyamanannya. Kami akan selalu berusaha memberikan yang terbaik demi memenuhi kebutuhan perbankan Kakak. Terkait kendala tersebut boleh infokan detail kendala serta kirimkan gambar kendalanya ke X @haloblu atau email haloblu@bcadigital.co.id agar kami bisa bantu lebih lanjut ya.",2025-10-23 02:17:00,
00d9490c-4ab5-4d87-8fb6-5d58a7a10e1c,Pengguna Google,https://play-lh.googleusercontent.com/EGemoI2NTXmTsBVtJqk8jxF9rh8ApRWfsIMQSt2uE4OcpQqbFu7f7NbTK05lx80nuSijCz7sc3a277R67g,"loading selalu lama, nyusahin sekarang aplikasi ini lemot tidak seperti aplikasi m banking lain yang cepat dan tidak perlu menunggu lama untuk masuk ke aplikasi apalagi saat login kayaknya aplikasi ini doang yang lamanya minta ampun.",1,0,,2025-10-22 21:00:13+00:00,"Hai, Kak Rayy. Maaf atas ketidaknyamanannya. Kami akan selalu terus memperbaiki sistem demi mencapai kepuasan para pengguna aplikasi blu. Terkait kendala tersebut pastikan Kakak menggunakan aplikasi blu versi terbaru, pastikan setting waktu di handphone menjadi otomatis, jaringan internet lancar dan stabil serta tidak menggunakan jaringan WiFi.",2025-10-22 21:58:49,
71975e40-f00f-431e-b289-5050b20d920a,Pengguna Google,https://play-lh.googleusercontent.com/EGemoI2NTXmTsBVtJqk8jxF9rh8ApRWfsIMQSt2uE4OcpQqbFu7f7NbTK05lx80nuSijCz7sc3a277R67g,"aplikasi banyak bugnya, internet cepet tapi sering loading error habis itu keluar sendiri dari aplikasinya. aneh",1,2,2.4.0,2025-10-22 16:43:43+00:00,"Hai, Kak Permadi. Maaf atas ketidaknyamanannya. Terkait kendala tersebut boleh kirimkan gambar kendalanya ke X @haloblu atau email haloblu@bcadigital.co.id agar kami bisa bantu lebih lanjut ya.",2025-10-22 16:56:42,2.4.0
8cbd3db3-d06d-4a77-9448-f79f3d53d945,Pengguna Google,https://play-lh.googleusercontent.com/EGemoI2NTXmTsBVtJqk8jxF9rh8ApRWfsIMQSt2uE4OcpQqbFu7f7NbTK05lx80nuSijCz7sc3a277R67g,mantap,4,0,,2025-10-22 15:45:00+00:00,"Hai, Kakak. Terima kasih atas ulasannya. Semoga blu bisa selalu memberikan yang terbaik untuk memenuhi semua kebutuhan perbankan Kakak. Selamat menikmati kemudahan bertransaksi menggunakan blu ya. 😊",2025-10-22 16:22:09,
297c3910-1ff5-42f7-ae79-b33237bbf063,Pengguna Google,https://play-lh.googleusercontent.com/EGemoI2NTXmTsBVtJqk8jxF9rh8ApRWfsIMQSt2uE4OcpQqbFu7f7NbTK05lx80nuSijCz7sc3a277R67g,Bisa ditambah fitur topup dari indomaret donggggggg,4,0,2.4.0,2025-10-22 15:44:18+00:00,"Hai, Kak Firman. Terima kasih atas saran dan masukan yang diberikan, untuk saran yang Kakak berikan kami bantu tampung terlebih dahulu. Semoga harapan Kakak terwujud ya.",2025-10-22 16:21:53,2.4.0
263de8bf-4d59-4e87-9148-84c7471a53ec,Pengguna Google,https://play-lh.googleusercontent.com/EGemoI2NTXmTsBVtJqk8jxF9rh8ApRWfsIMQSt2uE4OcpQqbFu7f7NbTK05lx80nuSijCz7sc3a277R67g,fitur verifikasi wajahnya susah,1,0,2.4.0,2025-10-22 06:30:11+00:00,"Hai, Kak Wagi Ono. Maaf atas ketidaknyamanannya. Kami akan selalu berusaha memberikan yang terbaik demi kebutuhan perbankan Kakak. Terkait hal tersebut pastikan beberapa hal berikut, pastikan Kakak tidak memakai sunglasses, di tempat yang terang, tidak backlight, posisi wajah di dalam lingkaran dan pastikan aplikasi blu versi terupdate ya.",2025-10-22 07:21:34,2.4.0
4f2dc5fe-8dfa-4355-9e28-058c7d115dc1,Pengguna Google,https://play-lh.googleusercontent.com/EGemoI2NTXmTsBVtJqk8jxF9rh8ApRWfsIMQSt2uE4OcpQqbFu7f7NbTK05lx80nuSijCz7sc3a277R67g,nyesel pake aplikasi ini.,1,0,2.4.0,2025-10-22 03:59:54+00:00,"Hai, Kak Andre. Maaf atas ketidaknyamanannya. Kami akan selalu berusaha memberikan yang terbaik kebutuhan perbankan Kakak. Terkait kendala yang dialami, mohon kesediaan Kakak dapat menginformasikan lebih detail kendala tersebut melalui email haloblu@bcadigital.co.id, agar kami dapat menginformasikan sesuai dengan kebutuhan Kakak.",2025-10-22 05:06:47,2.4.0
82ffd876-d418-46c3-8366-45d614e92eb9,Pengguna Google,https://play-lh.googleusercontent.com/EGemoI2NTXmTsBVtJqk8jxF9rh8ApRWfsIMQSt2uE4OcpQqbFu7f7NbTK05lx80nuSijCz7sc3a277R67g,"sangat bagus dari segi apapun, mantap",5,0,2.4.0,2025-10-21 20:11:47+00:00,"Hai, Kakak. Terima kasih atas ulasannya. Semoga blu bisa selalu memberikan yang terbaik untuk memenuhi semua kebutuhan perbankan Kakak. Jika ada kendala atau hal lain yang ingin ditanyakan, Kakak bisa langsung menghubungi X @haloblu atau email haloblu@bcadigital.co.id atau telepon 1500668 (layanan 24 jam).",2025-10-21 21:05:48,2.4.0
6e5b19f4-0bca-400f-b3ab-71ba01774338,Pengguna Google,https://play-lh.googleusercontent.com/EGemoI2NTXmTsBVtJqk8jxF9rh8ApRWfsIMQSt2uE4OcpQqbFu7f7NbTK05lx80nuSijCz7sc3a277R67g,Menu analisis di Tracker kok gk berfungsi ya,3,0,2.4.0,2025-10-21 14:36:54+00:00,"Hai, Kak Rifqi. Maaf atas ketidaknyamanannya. Terkait kendala tersebut boleh kirimkan gambar kendalanya ke X @haloblu atau email haloblu@bcadigital.co.id agar kami bisa bantu lebih lanjut ya.",2025-10-21 14:59:32,2.4.0
b82b27c3-f3b9-48b1-b9dd-1b6091d05267,Pengguna Google,https://play-lh.googleusercontent.com/EGemoI2NTXmTsBVtJqk8jxF9rh8ApRWfsIMQSt2uE4OcpQqbFu7f7NbTK05lx80nuSijCz7sc3a277R67g,"eror mulu perasaan, ini sampai 3 hari gak bisa dibuka terus. mana duitnya disitu semua lagi, ini mau bayar gini?????",1,0,2.4.0,2025-10-21 10:30:55+00:00,"Hai, Kak Nisa. Maaf atas ketidaknyamanannya. Terkait kendala tersebut boleh kirimkan gambar kendalanya ke X @haloblu atau email haloblu@bcadigital.co.id agar kami bisa bantu lebih lanjut ya.
",2025-10-21 11:19:11,2.4.0
66c901df-822f-4f6b-bf3b-36646687ad74,Pengguna Google,https://play-lh.googleusercontent.com/EGemoI2NTXmTsBVtJqk8jxF9rh8ApRWfsIMQSt2uE4OcpQqbFu7f7NbTK05lx80nuSijCz7sc3a277R67g,Daftarpun vc udah kirim data aja masih ribet...,1,0,2.4.0,2025-10-21 09:55:01+00:00,"Hai, Kak Dhimas Maaf atas ketidaknyamanannya. Terkait kendala yang dialami, mohon kesediaan Kakak dapat menginformasikan lebih detail kendala tersebut melalui email haloblu@bcadigital.co.id, agar kami dapat menginformasikan sesuai dengan kebutuhan Kakak.",2025-10-21 11:16:34,2.4.0
51401fa5-bd2f-4b15-8847-5dcbde936840,Pengguna Google,https://play-lh.googleusercontent.com/EGemoI2NTXmTsBVtJqk8jxF9rh8ApRWfsIMQSt2uE4OcpQqbFu7f7NbTK05lx80nuSijCz7sc3a277R67g,"bagus tapi tolong dong performa nya di tingkatkan lagi, masih suka lelet apk nya. sayang bgt klo apk bagus tp lelet. semoga improve",4,0,,2025-10-21 06:35:34+00:00,"Hai, Kak Robiatul. Maaf atas ketidaknyamanannya. blu akan selalu terus memperbaiki sistem demi mencapai kepuasan para pengguna aplikasi blu. Terkait kendala tersebut pastikan Kakak menggunakan blu versi terbaru, pastikan setting waktu di handphone menjadi otomatis, jaringan internet lancar dan stabil atau Kakak boleh switch jaringan pada handphone.",2025-10-21 07:31:17,
771449ac-7923-4212-b877-7d85e5d010a3,Pengguna Google,https://play-lh.googleusercontent.com/EGemoI2NTXmTsBVtJqk8jxF9rh8ApRWfsIMQSt2uE4OcpQqbFu7f7NbTK05lx80nuSijCz7sc3a277R67g,"VERIFIKASI WAJAH LO BENERIN DAH, MASA KALAH SAMA SEKALAS SEABANK DAN KROM.",1,0,2.3.0,2025-10-21 01:08:17+00:00,"Hai, Kak Sofia. Maaf atas ketidaknyamanannya. Kami akan selalu berusaha memberikan yang terbaik demi kebutuhan perbankan Kakak. Terkait hal tersebut pastikan beberapa hal berikut, pastikan Kakak tidak memakai sunglasses, di tempat yang terang, tidak backlight, posisi wajah di dalam lingkaran dan pastikan aplikasi blu versi terupdate ya.",2025-10-21 01:15:51,2.3.0
e42ac2d2-e5b3-43cf-90cc-74d073e72acf,Pengguna Google,https://play-lh.googleusercontent.com/EGemoI2NTXmTsBVtJqk8jxF9rh8ApRWfsIMQSt2uE4OcpQqbFu7f7NbTK05lx80nuSijCz7sc3a277R67g,aplikasi yang bagus,5,0,2.4.0,2025-10-20 20:23:44+00:00,"Hai, Kak Ainul Gusti Agung Febrianto. Terima kasih atas ulasannya. Semoga blu bisa selalu memberikan yang terbaik untuk memenuhi semua kebutuhan perbankan Kakak. Selamat menikmati kemudahan bertransaksi menggunakan blu ya. 😊
",2025-10-20 20:49:59,2.4.0
2a33f619-abc6-495d-b39a-bc0a13346ec8,Pengguna Google,https://play-lh.googleusercontent.com/EGemoI2NTXmTsBVtJqk8jxF9rh8ApRWfsIMQSt2uE4OcpQqbFu7f7NbTK05lx80nuSijCz7sc3a277R67g,bagus membantu,4,0,2.1.10,2025-10-20 19:32:04+00:00,"Hai, Kakak . Terima kasih atas ulasannya. Semoga blu bisa selalu memberikan yang terbaik untuk memenuhi semua kebutuhan perbankan Kakak. Jika ada kendala atau hal lain yang ingin ditanyakan, Kakak bisa langsung menghubungi X @haloblu atau email haloblu@bcadigital.co.id atau telepon 1500668 (layanan 24 jam).
",2025-10-20 19:42:38,2.1.10
a20392c3-1f58-4653-baac-49d5ea73164d,Pengguna Google,https://play-lh.googleusercontent.com/EGemoI2NTXmTsBVtJqk8jxF9rh8ApRWfsIMQSt2uE4OcpQqbFu7f7NbTK05lx80nuSijCz7sc3a277R67g,"min saran, kalo bisa pas tap pin transaksi mohon lebih sensitif dong tombolnya, biar bisa ketik cepet, ini mah lemot amat takut ketahuan sama orang",4,0,,2025-10-20 19:11:45+00:00,"Hai, Kak Hamdan. Maaf atas ketidaknyamanannya. Terima kasih atas saran dan masukan yang diberikan, kami akan selalu memperbaiki sistem demi mencapai kepuasan para pengguna aplikasi blu. Jika ada hal lain yang ingin ditanyakan, Kakak bisa langsung menghubungi X @haloblu atau email haloblu@bcadigital.co.id atau telepon 1500668 (layanan 24 jam).
",2025-10-20 19:42:07,
294203ff-ac6a-4ab3-8ba6-3fb34525128b,Pengguna Google,https://play-lh.googleusercontent.com/EGemoI2NTXmTsBVtJqk8jxF9rh8ApRWfsIMQSt2uE4OcpQqbFu7f7NbTK05lx80nuSijCz7sc3a277R67g,sudah 3 hari tidak bisa di buka,1,0,2.4.0,2025-10-20 14:42:57+00:00,"Hai, Kak Ressa. Maaf atas ketidaknyamanannya. Terkait kendala tersebut boleh sampaikan detail respons kendala atau tampilan gambar kendala saat login ke X @haloblu atau email haloblu@bcadigital.co.id agar kami bisa bantu lebih lanjut ya. 🙏",2025-10-20 15:12:46,2.4.0
ac357740-42ca-4e2c-9148-6850086d8eaa,Pengguna Google,https://play-lh.googleusercontent.com/EGemoI2NTXmTsBVtJqk8jxF9rh8ApRWfsIMQSt2uE4OcpQqbFu7f7NbTK05lx80nuSijCz7sc3a277R67g,bagus,5,0,2.4.0,2025-10-20 12:37:16+00:00,"Hai, Kakak. Terima kasih atas ulasannya. Semoga blu bisa selalu memberikan yang terbaik untuk memenuhi semua kebutuhan perbankan Kakak. Jika ada kendala atau hal lain yang ingin ditanyakan, Kakak bisa langsung menghubungi X @haloblu atau email haloblu@bcadigital.co.id atau telepon 1500668 (layanan 24 jam).",2025-10-20 12:53:48,2.4.0
001643a6-be05-453c-a543-c63ea2428e0c,Pengguna Google,https://play-lh.googleusercontent.com/EGemoI2NTXmTsBVtJqk8jxF9rh8ApRWfsIMQSt2uE4OcpQqbFu7f7NbTK05lx80nuSijCz7sc3a277R67g,"kenapa ga bisa log in? selalu ada tulisan oops...terjadi kesalahan tetap tenang! kami perbaiki dulu ya, sambil tunggu restart blu kamu dulu yuk. ga ngerti dah sekarang ini harus gimana???",3,0,2.4.0,2025-10-20 12:19:14+00:00,"Hai, Kak Vebby. Maaf atas ketidaknyamanannya. Kami akan selalu terus memperbaiki sistem demi mencapai kepuasan para pengguna aplikasi blu. Terkait kendala tersebut pastikan Kakak menggunakan blu versi terbaru, pastikan setting waktu di handphone menjadi otomatis, jaringan internet lancar dan stabil atau Kakak boleh switch jaringan pada handphone.",2025-10-20 12:52:54,2.4.0
ad0ac534-a312-4735-aa5b-12be937edc43,Pengguna Google,https://play-lh.googleusercontent.com/EGemoI2NTXmTsBVtJqk8jxF9rh8ApRWfsIMQSt2uE4OcpQqbFu7f7NbTK05lx80nuSijCz7sc3a277R67g,gimana ini kelanjutan nya saya mau membuka akun saya ko disuruh ini itu udh saya ikutin sesuai SOP eh sampe sekarang belum ada solusinya dari tahun 2022 sampe 2025 saya udh berulang kali nelpon CC nya ga ada kejelasan malah ribet harus ini harus itu malah disuruh nelpon CC,1,0,,2025-10-20 01:14:39+00:00,"Hai, Kak Rizky Arjuna. Maaf atas ketidaknyamanannya. Kami akan selalu berusaha memberikan yang terbaik demi memenuhi kebutuhan perbankan Kakak. Terkait kendala tersebut boleh infokan detail kendala serta kirimkan gambar kendalanya ke X @haloblu atau email haloblu@bcadigital.co.id agar kami bisa bantu lebih lanjut ya.
",2025-10-20 01:28:58,
ae9b4490-6f70-43b7-8223-81079376be05,Pengguna Google,https://play-lh.googleusercontent.com/EGemoI2NTXmTsBVtJqk8jxF9rh8ApRWfsIMQSt2uE4OcpQqbFu7f7NbTK05lx80nuSijCz7sc3a277R67g,parah saya guntal ganti password terus dan enggak bisa untuk transaksi transfer 🥲🥲🥹,2,0,2.4.0,2025-10-19 22:48:28+00:00,"Hai, Kak Weni Ningsi. Maaf atas ketidaknyamanannya. Mohon infokan lebih detail maksud ubah password berkala apakah lupa password atau lainnya, kemudian untuk kendala transfer mohon kirimkan tampilan saat kendala tersebut terjadi, bisa langsung menghubungi X @haloblu atau email haloblu@bcadigital.co.id atau telepon 1500668 (layanan 24 jam).",2025-10-19 23:15:50,2.4.0
2ac4f6d1-9650-4011-ba94-e1d0913984f9,Pengguna Google,https://play-lh.googleusercontent.com/EGemoI2NTXmTsBVtJqk8jxF9rh8ApRWfsIMQSt2uE4OcpQqbFu7f7NbTK05lx80nuSijCz7sc3a277R67g,"ini kenapa dah, disuruh aktifin lokasi, udh diaktifkan ttp gk bisa, udh bolak balik nyoba terus padahal, sampe gedeg sendiri, padahal baru mau daftar",4,4,2.4.0,2025-10-19 22:17:57+00:00,"Hai, Kak Ammar. Maaf atas ketidaknyamanannya. Perihal tersebut pastikan perangkat sudah update versi terbaru dan jaringan stabil serta mencoba masuk ke ""Setting"" lalu pilih aplikasi blu, pilih ""Lokasi"" Kakak klik menu ""Izinkan Akses Lokasi"", Kakak ubah ke ""Jangan Pernah"" untuk sementara waktu dan silakan Kakak coba buka aplikasi blu kembali ya.",2025-10-19 23:00:53,2.4.0
44600ff4-e106-4752-afa4-47ae133e416e,Pengguna Google,https://play-lh.googleusercontent.com/EGemoI2NTXmTsBVtJqk8jxF9rh8ApRWfsIMQSt2uE4OcpQqbFu7f7NbTK05lx80nuSijCz7sc3a277R67g,Ribet banget padahal udh berapakali daftar mau daftar loh ini,2,0,,2025-10-19 17:40:13+00:00,"Hai, Kak Lulu. Maaf atas ketidaknyamanannya. Kami akan selalu berusaha memberikan yang terbaik demi memenuhi kebutuhan perbankan Kakak. Terkait kendala tersebut boleh infokan detail kendala serta kirimkan gambar kendalanya ke X @haloblu atau email haloblu@bcadigital.co.id agar kami bisa bantu lebih lanjut ya.",2025-10-19 18:17:10,
fd5bd6ca-fade-4fd5-b23c-7a86d5179227,Pengguna Google,https://play-lh.googleusercontent.com/EGemoI2NTXmTsBVtJqk8jxF9rh8ApRWfsIMQSt2uE4OcpQqbFu7f7NbTK05lx80nuSijCz7sc3a277R67g,"TOLONG DITERAPKAN ATTITUDE BAGI CS, PEMBUKAAN REKENING SAAT VIDEO CALL CS MALAH CENGENGESAN, SEKELAS BCA GAK ADA PERATURAN ATTITUDE KAH BUAT CS?",1,0,,2025-10-19 17:28:36+00:00,"Hai, Kakak. Maaf atas ketidaknyamanannya. Kami akan selalu berusaha untuk memperbaiki dan meningkatkan kualitas layanan agar pengalaman Kakak bersama blu jadi lebih menyenangkan. Perihal tersebut, mohon Kakak dapat informasikan lebih detail kronologinya ke X @haloblu atau email haloblu@bcadigital.co.id agar kami bisa bantu lebih lanjut ya.",2025-10-19 18:19:07,
d8570eb7-079b-4172-83d8-fb52377ad07c,Pengguna Google,https://play-lh.googleusercontent.com/EGemoI2NTXmTsBVtJqk8jxF9rh8ApRWfsIMQSt2uE4OcpQqbFu7f7NbTK05lx80nuSijCz7sc3a277R67g,tolong hapus data saya per tanggal 19 oktober 2025 karena tidak jadi membuat pengajuan,1,0,,2025-10-19 16:46:17+00:00,"Hai, Kak Syarip. Maaf atas ketidaknyamanannya. Kami akan selalu terus memperbaiki sistem demi mencapai kepuasan para pengguna aplikasi blu. Jika yang dimaksud Kakak tidak jadi ajukan pembukaan rekening, maka data akan terhapus dalam waktu 7 hari, jika ada hal lain yang ingin ditanyakan, Kakak bisa langsung menghubungi X @haloblu ya.",2025-10-19 17:01:25,
9d9ebe69-a45c-4af8-bb9d-10ad10e5f82f,Pengguna Google,https://play-lh.googleusercontent.com/EGemoI2NTXmTsBVtJqk8jxF9rh8ApRWfsIMQSt2uE4OcpQqbFu7f7NbTK05lx80nuSijCz7sc3a277R67g,exellent maknyuzzz,5,0,2.3.0,2025-10-19 16:18:00+00:00,"Hai, Kakak. Terima kasih atas ulasannya. Semoga blu bisa selalu memberikan yang terbaik untuk memenuhi semua kebutuhan perbankan Kakak. Jika ada kendala atau hal lain yang ingin ditanyakan, Kakak bisa langsung menghubungi X @haloblu atau email haloblu@bcadigital.co.id atau telepon 1500668 (layanan 24 jam).",2025-10-19 16:58:12,2.3.0
5a9b6e60-fbc3-4d67-a4b1-5d46f194e96c,Pengguna Google,https://play-lh.googleusercontent.com/EGemoI2NTXmTsBVtJqk8jxF9rh8ApRWfsIMQSt2uE4OcpQqbFu7f7NbTK05lx80nuSijCz7sc3a277R67g,Ok,5,0,2.4.0,2025-10-19 15:53:48+00:00,"Hai, Kak Jefri. Terima kasih atas ulasannya. Semoga blu bisa selalu memberikan yang terbaik untuk memenuhi semua kebutuhan perbankan Kakak. Jika ada kendala atau hal lain yang ingin ditanyakan, Kakak bisa langsung menghubungi X @haloblu atau email haloblu@bcadigital.co.id atau telepon 1500668 (layanan 24 jam).",2025-10-19 16:02:20,2.4.0
e0f05226-bb24-4b55-8118-ad4bd04e4ac8,Pengguna Google,https://play-lh.googleusercontent.com/EGemoI2NTXmTsBVtJqk8jxF9rh8ApRWfsIMQSt2uE4OcpQqbFu7f7NbTK05lx80nuSijCz7sc3a277R67g,ok,5,1,2.4.0,2025-10-19 11:46:39+00:00,"Hai, Kak Prizky. Terima kasih atas ulasannya. Semoga blu bisa selalu memberikan yang terbaik untuk memenuhi semua kebutuhan perbankan Kakak. Jika ada kendala atau hal lain yang ingin ditanyakan, Kakak bisa langsung menghubungi X @haloblu atau email haloblu@bcadigital.co.id atau telepon 1500668 (layanan 24 jam).",2025-10-19 12:06:32,2.4.0
3df9c4ca-2a15-4515-92f8-45702505f169,Pengguna Google,https://play-lh.googleusercontent.com/EGemoI2NTXmTsBVtJqk8jxF9rh8ApRWfsIMQSt2uE4OcpQqbFu7f7NbTK05lx80nuSijCz7sc3a277R67g,"kasih bintang 2 dulu yaa Karna tarik tunai nya berbayar free nya hanya sdkit dan juga adaa tawaran extrablu tp setiap pengajuan gagal terus pdhal sblm nya bisa dan saya lancar smpe lunas pas pengajuan ke 2 sulit gagal terus , lalu unk apa d tawarkan hmm",2,6,2.4.0,2025-10-19 09:02:59+00:00,"Hai, Kak Anita. Maaf atas ketidaknyamanannya. Terkait hasil pengajuan pinjaman Kakak ditolak/dibatalkan, merupakan hasil analisa data yang Kakak miliki, lalu untuk kuota bebas biaya tarik tunai di ATM BCA mengikuti level bluLoyalty Kakak, silakan tingkatkan kembali saldo rata-rata portofolio Kakak ya.",2025-10-19 09:40:20,2.4.0
f167754d-96bc-472b-bef7-e04ba2ed69df,Pengguna Google,https://play-lh.googleusercontent.com/EGemoI2NTXmTsBVtJqk8jxF9rh8ApRWfsIMQSt2uE4OcpQqbFu7f7NbTK05lx80nuSijCz7sc3a277R67g,pengganti mbanking bca,5,0,2.4.0,2025-10-19 07:51:59+00:00,"Hai, Kak Ahmad. Terima kasih atas ulasannya. Semoga blu bisa selalu memberikan yang terbaik untuk memenuhi semua kebutuhan perbankan Kakak. Selamat menikmati kemudahan bertransaksi menggunakan blu ya. 😊
",2025-10-19 08:02:14,2.4.0
57fc1a13-1b26-481e-9dd8-7567bdf55dfd,Pengguna Google,https://play-lh.googleusercontent.com/EGemoI2NTXmTsBVtJqk8jxF9rh8ApRWfsIMQSt2uE4OcpQqbFu7f7NbTK05lx80nuSijCz7sc3a277R67g,"Semoga semakin maju dan sukses kami sekeluarga semakin cinta sm BLU by BCA di gitaL ,karena pelayanan nya sangan memuaskan membuat kdmi semakin cinta Amiiiin",5,0,2.4.0,2025-10-19 01:07:41+00:00,"Hai, Kak Dewi. Terima kasih atas ulasannya. Semoga blu bisa selalu memberikan yang terbaik untuk memenuhi semua kebutuhan perbankan Kakak. Jika ada kendala atau hal lain yang ingin ditanyakan, Kakak bisa langsung menghubungi X @haloblu atau email haloblu@bcadigital.co.id atau telepon 1500668 (layanan 24 jam).",2025-10-19 01:31:07,2.4.0
ef18239d-2ad7-4f83-a3da-e050218ef3ba,Pengguna Google,https://play-lh.googleusercontent.com/EGemoI2NTXmTsBVtJqk8jxF9rh8ApRWfsIMQSt2uE4OcpQqbFu7f7NbTK05lx80nuSijCz7sc3a277R67g,"kadang error di saat kita lagi aktivitas pembayaran sampai-sampai tidak bisa bayar batagor selama 1 jam nungguin aplikasi blue BCA digital nya kembali pulih. so far, gratis tarik dan setor tunai lumayan, transfer ke semua bank OK dan transfer ke bank BCA unlimited.",5,14,2.4.0,2025-10-18 13:19:25+00:00,"Hai, Kak Purnomo. Maaf atas ketidaknyamanannya. Kami akan selalu terus memperbaiki sistem demi mencapai kepuasan para pengguna aplikasi blu. Terkait kendala tersebut pastikan Kakak menggunakan blu versi terbaru, pastikan setting waktu di handphone menjadi otomatis, jaringan internet lancar dan stabil atau Kakak boleh switch jaringan pada handphone.",2025-10-18 13:46:38,2.4.0
4d3aa91a-79dd-4343-a875-6c7a81eaeaae,Pengguna Google,https://play-lh.googleusercontent.com/EGemoI2NTXmTsBVtJqk8jxF9rh8ApRWfsIMQSt2uE4OcpQqbFu7f7NbTK05lx80nuSijCz7sc3a277R67g,moga lancar,4,0,2.4.0,2025-10-18 13:03:29+00:00,"Hai, Kak Ngadiman. Terima kasih atas ulasannya. Semoga blu bisa selalu memberikan yang terbaik untuk memenuhi semua kebutuhan perbankan Kakak. Jika ada kendala atau hal lain yang ingin ditanyakan, Kakak bisa langsung menghubungi X @haloblu atau email haloblu@bcadigital.co.id atau telepon 1500668 (layanan 24 jam).",2025-10-18 13:33:25,2.4.0
343e9be3-f9e5-45b2-810f-24836caf59fb,Pengguna Google,https://play-lh.googleusercontent.com/EGemoI2NTXmTsBVtJqk8jxF9rh8ApRWfsIMQSt2uE4OcpQqbFu7f7NbTK05lx80nuSijCz7sc3a277R67g,"yah putus yah putus bener bener gedek dah jaringan dan wifi lancar udah coba gonta ganti bener2 sama aja biasanya bener abis tu kena lagi abis itu bener lg bener2 loop hole gtu 🗿 boleh tolong agar diperbaiki min soalnya masalah kayak gini bener2 banyak yang alamin , untuk sementara maafkan untuk rating jeleknya nanti setelah lebih baik akan saya perbaiki mohon maaf sebelumnya 🙏 update : respons dan perbaikan cepat mantabb 💪",5,23,2.4.0,2025-10-18 09:43:42+00:00,"Hai Kak Joo. Terima kasih atas ulasannya. Semoga blu bisa selalu memberikan yang terbaik untuk memenuhi semua kebutuhan perbankan Kakak. Jika ada kendala atau hal lain yang ingin ditanyakan, Kakak bisa langsung menghubungi X @haloblu atau email haloblu@bcadigital.co.id atau telepon 1500668 (layanan 24 jam).",2025-10-18 10:47:04,2.4.0
13885b8f-6c92-4429-8169-df8a317d0c54,Pengguna Google,https://play-lh.googleusercontent.com/EGemoI2NTXmTsBVtJqk8jxF9rh8ApRWfsIMQSt2uE4OcpQqbFu7f7NbTK05lx80nuSijCz7sc3a277R67g,blu by BCA paling ok pinjaman langsung ACC walau dikit makasih bku by BCA,5,0,2.4.0,2025-10-18 08:51:20+00:00,"Hai, Kak Gunawan Zahra. Terima kasih atas ulasannya. Semoga blu bisa selalu memberikan yang terbaik untuk memenuhi semua kebutuhan perbankan Kakak. Jika ada kendala atau hal lain yang ingin ditanyakan, Kakak bisa langsung menghubungi X @haloblu atau email haloblu@bcadigital.co.id atau telepon 1500668 (layanan 24 jam).
",2025-10-18 09:25:01,2.4.0
bf11c8d1-0a7e-477b-a2c9-48068a9a220e,Pengguna Google,https://play-lh.googleusercontent.com/EGemoI2NTXmTsBVtJqk8jxF9rh8ApRWfsIMQSt2uE4OcpQqbFu7f7NbTK05lx80nuSijCz7sc3a277R67g,"lokasi sudah di aktifkan, tapi tetap tidak bisa, aplikasinya error, perbaiki update lagi",1,0,,2025-10-18 07:03:25+00:00,"Hai, Kakak. Maaf atas ketidaknyamanannya. Kami akan selalu terus memperbaiki sistem demi mencapai kepuasan para pengguna aplikasi blu. Terkait kendala tersebut pastikan Kakak menggunakan blu versi terbaru, pastikan setting waktu di handphone menjadi otomatis, jaringan internet lancar dan stabil atau Kakak boleh switch jaringan pada handphone.",2025-10-18 07:15:57,
e21ebd7b-e153-4d0b-a589-96190048a280,Pengguna Google,https://play-lh.googleusercontent.com/EGemoI2NTXmTsBVtJqk8jxF9rh8ApRWfsIMQSt2uE4OcpQqbFu7f7NbTK05lx80nuSijCz7sc3a277R67g,"kenapa ni punya saya ga bisa di buka, masih proses tampilan highlight, tolong dong kak, kerja samanya. jadinya mereka ragu mau deposito",3,0,2.4.0,2025-10-17 23:09:44+00:00,"Hai, Kak Yucky. Maaf atas ketidaknyamanannya. Terkait kendala tersebut boleh kirimkan gambar kendalanya ke X @haloblu atau email haloblu@bcadigital.co.id agar kami bisa bantu lebih lanjut ya.",2025-10-17 23:38:45,2.4.0
09e4e91a-37cb-4ad9-850d-eae6d0af284c,Pengguna Google,https://play-lh.googleusercontent.com/EGemoI2NTXmTsBVtJqk8jxF9rh8ApRWfsIMQSt2uE4OcpQqbFu7f7NbTK05lx80nuSijCz7sc3a277R67g,bagus selama ini tidak ada bug,5,0,2.3.0,2025-10-17 22:07:43+00:00,"Hai, Kak Evan. Terima kasih atas ulasannya. Semoga blu bisa selalu memberikan yang terbaik untuk memenuhi semua kebutuhan perbankan Kakak. Jika ada kendala atau hal lain yang ingin ditanyakan, Kakak bisa langsung menghubungi X @haloblu atau email haloblu@bcadigital.co.id atau telepon 1500668 (layanan 24 jam).",2025-10-17 22:12:35,2.3.0
cc9435da-c6c2-45ee-bc91-9029f91904aa,Pengguna Google,https://play-lh.googleusercontent.com/EGemoI2NTXmTsBVtJqk8jxF9rh8ApRWfsIMQSt2uE4OcpQqbFu7f7NbTK05lx80nuSijCz7sc3a277R67g,"kocak sumpah aplikasinya, terlalu berat atau bagaimana ngga paham saya. kenapa sih ngga dibilin kek mybca aja yg ringan, lancar, satset jarang trouble. ini aplikasi dengan embel embel digital tpi lemot parah, internet stabil tpi loading terus, nyusahin banget klo mau payment harus nunggu aplikasi yg loadingnya gatau kapan bakal kelar. klo kedepannya masih terus kek gini gaakan ragu ganti bank saya, sumpah looks",1,7,2.4.0,2025-10-17 21:54:49+00:00,"Hai, Kak Alvin. Maaf atas ketidaknyamanannya. Kami akan selalu terus memperbaiki sistem demi mencapai kepuasan para pengguna aplikasi blu. Terkait kendala tersebut pastikan Kakak menggunakan aplikasi blu versi terbaru, pastikan setting waktu di handphone menjadi otomatis, jaringan internet lancar dan stabil serta tidak menggunakan jaringan WiFi.",2025-10-17 22:10:37,2.4.0
a2f074b9-f631-4967-866f-e2599e027be4,Pengguna Google,https://play-lh.googleusercontent.com/EGemoI2NTXmTsBVtJqk8jxF9rh8ApRWfsIMQSt2uE4OcpQqbFu7f7NbTK05lx80nuSijCz7sc3a277R67g,"lemot parah, sering error, untung belum sempet isi saldo, g jadi pakai, bikin usaha g lancar",2,0,2.4.0,2025-10-17 21:50:04+00:00,"Hai, Kak Alief. Maaf atas ketidaknyamanannya. Kami akan selalu berusaha memberikan yang terbaik kebutuhan perbankan Kakak. Saat ini sedang terjadi kendala, untuk kendala tersebut masih dalam proses perbaikan oleh tim blu secepatnya. Mohon kesediaan Kakak untuk menunggu ya.",2025-10-17 22:08:23,2.4.0
367a2768-c563-48cc-a4c5-00bd0b44e7b5,Pengguna Google,https://play-lh.googleusercontent.com/EGemoI2NTXmTsBVtJqk8jxF9rh8ApRWfsIMQSt2uE4OcpQqbFu7f7NbTK05lx80nuSijCz7sc3a277R67g,loading lama banget ya ampun,1,0,2.4.0,2025-10-17 21:43:31+00:00,"Hai Kak Anggrih. Maaf atas ketidaknyamanannya. Kami akan selalu berusaha memberikan yang terbaik kebutuhan perbankan Kakak. Saat ini sedang terjadi kendala, untuk kendala tersebut masih dalam proses perbaikan oleh tim blu secepatnya. Mohon kesediaan Kakak untuk menunggu ya.",2025-10-17 21:59:00,2.4.0
fe837dfd-0f31-4f92-8e7c-9e064973e5b0,Pengguna Google,https://play-lh.googleusercontent.com/EGemoI2NTXmTsBVtJqk8jxF9rh8ApRWfsIMQSt2uE4OcpQqbFu7f7NbTK05lx80nuSijCz7sc3a277R67g,"Aplikasi eror mulu perasaan, ini mau pake transaksi jadi ga bisa* di kasir alfamart bener* Blu ini",3,0,,2025-10-17 21:28:54+00:00,"Hai Kak Wahyudi. Maaf atas ketidaknyamanannya. Kami akan selalu berusaha memberikan yang terbaik kebutuhan perbankan Kakak. Saat ini sedang terjadi kendala, untuk kendala tersebut masih dalam proses perbaikan oleh tim blu secepatnya. Mohon kesediaan Kakak untuk menunggu ya.",2025-10-17 21:57:56,
6b35d6a4-5752-4bd8-9b69-04ac35d0d4a8,Pengguna Google,https://play-lh.googleusercontent.com/EGemoI2NTXmTsBVtJqk8jxF9rh8ApRWfsIMQSt2uE4OcpQqbFu7f7NbTK05lx80nuSijCz7sc3a277R67g,Lemot,1,0,2.4.0,2025-10-17 21:18:20+00:00,"Hai Kak Dede. Maaf atas ketidaknyamanannya. Kami akan selalu berusaha memberikan yang terbaik kebutuhan perbankan Kakak. Saat ini sedang terjadi kendala, untuk kendala tersebut masih dalam proses perbaikan oleh tim blu secepatnya. Mohon kesediaan Kakak untuk menunggu ya.",2025-10-17 21:57:23,2.4.0
552850b7-a337-4fde-a0e9-55dc4d9c9dea,Pengguna Google,https://play-lh.googleusercontent.com/EGemoI2NTXmTsBVtJqk8jxF9rh8ApRWfsIMQSt2uE4OcpQqbFu7f7NbTK05lx80nuSijCz7sc3a277R67g,Aplikasi cacat daftar akun kaga bisa,1,0,,2025-10-17 21:03:30+00:00,"Hai Kak Handrawan. Maaf atas ketidaknyamanannya. Kami akan selalu berusaha memberikan yang terbaik kebutuhan perbankan Kakak. Saat ini sedang terjadi kendala, untuk kendala tersebut masih dalam proses perbaikan oleh tim blu secepatnya. Mohon kesediaan Kakak untuk menunggu ya.",2025-10-17 21:56:47,
5885d5cb-50d0-4ae2-bc05-524e21ab5475,Pengguna Google,https://play-lh.googleusercontent.com/EGemoI2NTXmTsBVtJqk8jxF9rh8ApRWfsIMQSt2uE4OcpQqbFu7f7NbTK05lx80nuSijCz7sc3a277R67g,"aplikasi sampahhh, error terus bikin malu kalo mau bayar!",1,1,2.4.0,2025-10-17 20:52:42+00:00,"Hai Kak Aulia. Maaf atas ketidaknyamanannya. Kami akan selalu berusaha memberikan yang terbaik kebutuhan perbankan Kakak. Saat ini sedang terjadi kendala, untuk kendala tersebut masih dalam proses perbaikan oleh tim blu secepatnya. Mohon kesediaan Kakak untuk menunggu ya.",2025-10-17 21:39:56,2.4.0
b86637e0-abcb-423d-ac2c-d87aa45ebb71,Pengguna Google,https://play-lh.googleusercontent.com/EGemoI2NTXmTsBVtJqk8jxF9rh8ApRWfsIMQSt2uE4OcpQqbFu7f7NbTK05lx80nuSijCz7sc3a277R67g,apa si ini ko saldo kosong relog terus... gangguan ga ada info,1,0,,2025-10-17 20:42:36+00:00,"Hai Kak Alfian. Maaf atas ketidaknyamanannya. Kami akan selalu berusaha memberikan yang terbaik kebutuhan perbankan Kakak. Saat ini sedang terjadi kendala, untuk kendala tersebut masih dalam proses perbaikan oleh tim blu secepatnya. Mohon kesediaan Kakak untuk menunggu ya.",2025-10-17 21:34:58,
4f2abd66-0fc0-432a-811b-fae347525908,Pengguna Google,https://play-lh.googleusercontent.com/EGemoI2NTXmTsBVtJqk8jxF9rh8ApRWfsIMQSt2uE4OcpQqbFu7f7NbTK05lx80nuSijCz7sc3a277R67g,apk pepek,1,0,2.4.0,2025-10-17 20:39:37+00:00,"Hai Kakak. Maaf atas ketidaknyamanannya. Kami akan selalu berusaha memberikan yang terbaik kebutuhan perbankan Kakak. Saat ini sedang terjadi kendala, untuk kendala tersebut masih dalam proses perbaikan oleh tim blu secepatnya. Mohon kesediaan Kakak untuk menunggu ya.",2025-10-17 21:32:12,2.4.0
f603770d-7842-4248-ac1b-1c99c7470da1,Pengguna Google,https://play-lh.googleusercontent.com/EGemoI2NTXmTsBVtJqk8jxF9rh8ApRWfsIMQSt2uE4OcpQqbFu7f7NbTK05lx80nuSijCz7sc3a277R67g,parah sich gangguan kok lama,1,0,2.4.0,2025-10-17 20:25:21+00:00,"Hai Kakak. Maaf atas ketidaknyamanannya. Kami akan selalu berusaha memberikan yang terbaik kebutuhan perbankan Kakak. Saat ini sedang terjadi kendala, untuk kendala tersebut masih dalam proses perbaikan oleh tim blu secepatnya. Mohon kesediaan Kakak untuk menunggu ya.",2025-10-17 21:52:43,2.4.0
7c299cfe-7805-48af-86b8-39c05e8cabbd,Pengguna Google,https://play-lh.googleusercontent.com/EGemoI2NTXmTsBVtJqk8jxF9rh8ApRWfsIMQSt2uE4OcpQqbFu7f7NbTK05lx80nuSijCz7sc3a277R67g,"lebih sering terputus jaringan ke blu , padahal di cek jaringan seluler aman jaya loh",1,0,2.4.0,2025-10-17 20:22:01+00:00,"Hai Kak Rizky . Maaf atas ketidaknyamanannya. Kami akan selalu berusaha memberikan yang terbaik kebutuhan perbankan Kakak. Saat ini sedang terjadi kendala, untuk kendala tersebut masih dalam proses perbaikan oleh tim blu secepatnya. Mohon kesediaan Kakak untuk menunggu ya.",2025-10-17 21:50:55,2.4.0
74bb8dd0-60a6-4812-b119-2d289f7a70ee,Pengguna Google,https://play-lh.googleusercontent.com/EGemoI2NTXmTsBVtJqk8jxF9rh8ApRWfsIMQSt2uE4OcpQqbFu7f7NbTK05lx80nuSijCz7sc3a277R67g,"login susah banget sekarang. memperlambat transaksi, buat ga nyaman aja kalau buru-buru mau bayar qris tapi gabisa login. customer service ga fast respon. mau di email di WA lama banget. INTERNET LANCAR gabisa login. kendalanya apa?",1,52,2.4.0,2025-10-17 20:21:34+00:00,"Hai Kakak. Maaf atas ketidaknyamanannya. Kami akan selalu berusaha memberikan yang terbaik kebutuhan perbankan Kakak. Saat ini sedang terjadi kendala, untuk kendala tersebut masih dalam proses perbaikan oleh tim blu secepatnya. Mohon kesediaan Kakak untuk menunggu ya.",2025-10-17 21:49:23,2.4.0
f2b4d1bd-3e68-4ae4-bddc-0f29cfd1b559,Pengguna Google,https://play-lh.googleusercontent.com/EGemoI2NTXmTsBVtJqk8jxF9rh8ApRWfsIMQSt2uE4OcpQqbFu7f7NbTK05lx80nuSijCz7sc3a277R67g,aplikasi buruk,1,0,,2025-10-17 20:19:33+00:00,"Hai, Kakak. Maaf atas ketidaknyamanannya. Kami akan selalu berusaha memberikan yang terbaik demi memenuhi kebutuhan perbankan Kakak. Terkait kendala tersebut boleh infokan detail kendala serta kirimkan gambar kendalanya ke X @haloblu atau email haloblu@bcadigital.co.id agar kami bisa bantu lebih lanjut ya.",2025-10-17 22:09:34,
1287cd46-065e-4704-a2e7-12d4da5f7635,Pengguna Google,https://play-lh.googleusercontent.com/EGemoI2NTXmTsBVtJqk8jxF9rh8ApRWfsIMQSt2uE4OcpQqbFu7f7NbTK05lx80nuSijCz7sc3a277R67g,"jaringan lancar loh, kok malah blg ""ya putus, sambungin lagi."" aku panik loh ini min, mo bayar makan pake qris gegara gak bawah cash, udah 30 menitan ini berdiri nunggu² gaje, milih buat duduk lagi gegara malu",1,0,,2025-10-17 20:19:19+00:00,"Hai, Kak Liem. Maaf atas ketidaknyamanannya. Kami akan selalu berusaha memberikan yang terbaik kebutuhan perbankan Kakak. Saat ini sedang terjadi kendala, untuk kendala tersebut masih dalam proses perbaikan oleh tim blu secepatnya. Mohon kesediaan Kakak untuk menunggu ya.",2025-10-17 22:07:03,
5586137b-5f9d-4bd4-b3db-e201646dac5e,Pengguna Google,https://play-lh.googleusercontent.com/EGemoI2NTXmTsBVtJqk8jxF9rh8ApRWfsIMQSt2uE4OcpQqbFu7f7NbTK05lx80nuSijCz7sc3a277R67g,kenapa gabisa cek anjirr,1,0,2.4.0,2025-10-17 20:18:43+00:00,"Hai, Kak Ruth. Maaf atas ketidaknyamanannya. Kami akan selalu berusaha memberikan yang terbaik kebutuhan perbankan Kakak. Saat ini sedang terjadi kendala, untuk kendala tersebut masih dalam proses perbaikan oleh tim blu secepatnya. Mohon kesediaan Kakak untuk menunggu ya.",2025-10-17 22:06:34,2.4.0
d9174be1-37ab-4c31-9880-146e639f5663,Pengguna Google,https://play-lh.googleusercontent.com/EGemoI2NTXmTsBVtJqk8jxF9rh8ApRWfsIMQSt2uE4OcpQqbFu7f7NbTK05lx80nuSijCz7sc3a277R67g,bagus🔥,5,0,2.4.0,2025-10-17 20:14:37+00:00,"Hai, Kak Cavino. Terima kasih atas ulasannya. Semoga blu bisa selalu memberikan yang terbaik untuk memenuhi semua kebutuhan perbankan Kakak. Jika ada kendala atau hal lain yang ingin ditanyakan, Kakak bisa langsung menghubungi X @haloblu atau email haloblu@bcadigital.co.id atau telepon 1500668 (layanan 24 jam).",2025-10-17 22:04:15,2.4.0
ec5c69ca-92d6-4acb-ac32-eeb2267ab4e9,Pengguna Google,https://play-lh.googleusercontent.com/EGemoI2NTXmTsBVtJqk8jxF9rh8ApRWfsIMQSt2uE4OcpQqbFu7f7NbTK05lx80nuSijCz7sc3a277R67g,apl ajg error mulu banyak bugnya,1,0,2.4.0,2025-10-17 20:13:15+00:00,"Hai, Kak Akmal. Maaf atas ketidaknyamanannya. Kami akan selalu berusaha memberikan yang terbaik kebutuhan perbankan Kakak. Saat ini sedang terjadi kendala, untuk kendala tersebut masih dalam proses perbaikan oleh tim blu secepatnya. Mohon kesediaan Kakak untuk menunggu ya.",2025-10-17 22:03:51,2.4.0
ca79e89d-f55c-4c26-8750-d623cefa7082,Pengguna Google,https://play-lh.googleusercontent.com/EGemoI2NTXmTsBVtJqk8jxF9rh8ApRWfsIMQSt2uE4OcpQqbFu7f7NbTK05lx80nuSijCz7sc3a277R67g,"ampas bgt sekarang cih, udh aplikasi berat bgt, udah gitu sering gabisa dibuka",1,0,2.4.0,2025-10-17 20:03:32+00:00,"Hai, Kak Eko. Maaf atas ketidaknyamanannya. Kami akan selalu berusaha memberikan yang terbaik kebutuhan perbankan Kakak. Saat ini sedang terjadi kendala, untuk kendala tersebut masih dalam proses perbaikan oleh tim blu secepatnya. Mohon kesediaan Kakak untuk menunggu ya.",2025-10-17 22:03:05,2.4.0
5bd13992-58d8-424c-b33b-6c9df4221bf8,Pengguna Google,https://play-lh.googleusercontent.com/EGemoI2NTXmTsBVtJqk8jxF9rh8ApRWfsIMQSt2uE4OcpQqbFu7f7NbTK05lx80nuSijCz7sc3a277R67g,maintenance kacau,1,0,,2025-10-17 19:59:02+00:00,Hai Kak Raqaabyan. Mohon maaf atas ketidaknyamanan dan kendala yang Kakak alami. Kami akan selalu berusaha memberikan yang terbaik kebutuhan perbankan Kakak. Sebelumnya sempat terjadi kendala namun saat ini sudah berjalan normal. Silakan Kakak dapat mencoba kembali ya.,2025-10-17 20:13:11,
e0047c99-f7a9-47ab-8053-0ae40f8b85c7,Pengguna Google,https://play-lh.googleusercontent.com/EGemoI2NTXmTsBVtJqk8jxF9rh8ApRWfsIMQSt2uE4OcpQqbFu7f7NbTK05lx80nuSijCz7sc3a277R67g,"ribet kondisi mendesak, malah eror engga bisa buka aplikasi. keterangan jaringan terputus padahal jaringan normal!",1,1,2.4.0,2025-10-17 19:54:03+00:00,Hai Kak Mochamad Ganjar Nugraha. Mohon maaf atas ketidaknyamanan dan kendala yang Kakak alami. Kami akan selalu berusaha memberikan yang terbaik kebutuhan perbankan Kakak. Sebelumnya sempat terjadi kendala namun saat ini sudah berjalan normal. Silakan Kakak dapat mencoba kembali ya.,2025-10-17 20:06:17,2.4.0
d0b0ad91-9a6a-4137-a2e9-52a7eae03bcf,Pengguna Google,https://play-lh.googleusercontent.com/EGemoI2NTXmTsBVtJqk8jxF9rh8ApRWfsIMQSt2uE4OcpQqbFu7f7NbTK05lx80nuSijCz7sc3a277R67g,ini kenapa blu BCA ke terputus,1,0,2.4.0,2025-10-17 18:55:03+00:00,Hai Kak Salll. Mohon maaf atas ketidaknyamanan dan kendala yang Kakak alami. Kami akan selalu berusaha memberikan yang terbaik kebutuhan perbankan Kakak. Sebelumnya sempat terjadi kendala namun saat ini sudah berjalan normal. Silakan Kakak dapat mencoba kembali ya.,2025-10-17 20:02:37,2.4.0
a8f9f606-4f76-4f0b-aa2a-8424fb873bf4,Pengguna Google,https://play-lh.googleusercontent.com/EGemoI2NTXmTsBVtJqk8jxF9rh8ApRWfsIMQSt2uE4OcpQqbFu7f7NbTK05lx80nuSijCz7sc3a277R67g,"selalu terkenal pada saat deteksi wajah, padahal sudah memenuhi persyaratan untuk deteksi wajah tapi masih aja harus berkali-kali geleng-geleng kepala untuk bisa login. padahal blu salah satu bank digital terbaik yang pernah saya coba, saya harap kedepannya deteksi wajah bisa lebih josjis",5,43,2.4.0,2025-10-17 18:43:22+00:00,Hai Kak Farhedaf. Mohon maaf atas ketidaknyamanan dan kendala yang Kakak alami. Kami akan selalu berusaha memberikan yang terbaik kebutuhan perbankan Kakak. Sebelumnya sempat terjadi kendala namun saat ini sudah berjalan normal. Silakan Kakak dapat mencoba kembali ya.,2025-10-17 19:49:01,2.4.0
e95ecf52-bc7c-42ef-a59a-ad5769c6da00,Pengguna Google,https://play-lh.googleusercontent.com/EGemoI2NTXmTsBVtJqk8jxF9rh8ApRWfsIMQSt2uE4OcpQqbFu7f7NbTK05lx80nuSijCz7sc3a277R67g,"data sudah benar tapi ditolak, aneh",1,0,2.4.0,2025-10-17 16:55:02+00:00,"Hai, Kak Ahmad. Maaf atas ketidaknyamanannya. Terkait kendala tersebut boleh infokan lebih detail apakah ditolak saat pembukaan rekening, saat pengajuan pinjaman atau yang lainnya, ke X @haloblu atau email haloblu@bcadigital.co.id agar kami bisa bantu lebih lanjut ya.",2025-10-17 16:59:53,2.4.0
6f7573a1-0c0b-4318-84cb-44a9ec0b0a90,Pengguna Google,https://play-lh.googleusercontent.com/EGemoI2NTXmTsBVtJqk8jxF9rh8ApRWfsIMQSt2uE4OcpQqbFu7f7NbTK05lx80nuSijCz7sc3a277R67g,sangat membantu dan mudah digunakan 👍,5,0,2.4.0,2025-10-17 12:48:31+00:00,"Hai, Kak Chelo. Terima kasih atas ulasannya. Semoga blu bisa selalu memberikan yang terbaik untuk memenuhi semua kebutuhan perbankan Kakak. Jika ada kendala atau hal lain yang ingin ditanyakan, Kakak bisa langsung menghubungi X @haloblu atau email haloblu@bcadigital.co.id atau telepon 1500668 (layanan 24 jam).",2025-10-17 12:51:23,2.4.0
adbb4f24-d92f-4abb-a5de-fcf6a8f44839,Pengguna Google,https://play-lh.googleusercontent.com/EGemoI2NTXmTsBVtJqk8jxF9rh8ApRWfsIMQSt2uE4OcpQqbFu7f7NbTK05lx80nuSijCz7sc3a277R67g,kenapa tiba tiba gak bisa dipakai ngirim ke virtual account bank lain???,1,0,2.4.0,2025-10-17 10:13:05+00:00,"Hai, Kak Sugeng. Maaf atas ketidaknyamanannya. Jika Kakak transaksi pada menu BCA Virtual Account maka hanya bisa untuk Virtual Account BCA. Namun mohon infokan lebih detail melalui DM X @haloblu untuk transaksi yang Kakak lakukan tersebut menggunakan transfer BCA Virtual Account, LLG atau yang lainnya agar kami dapat informasikan lebih lanjut.",2025-10-17 10:46:39,2.4.0
e4c4f1da-6b96-4f00-90d0-ce59bfd6c5f6,Pengguna Google,https://play-lh.googleusercontent.com/EGemoI2NTXmTsBVtJqk8jxF9rh8ApRWfsIMQSt2uE4OcpQqbFu7f7NbTK05lx80nuSijCz7sc3a277R67g,aplikasi banking paling sampah yang pernah gua pake,1,0,,2025-10-17 09:48:17+00:00,"Hai, Kak Kresna. Maaf atas ketidaknyamanannya. Kami akan selalu berusaha memberikan yang terbaik demi memenuhi kebutuhan perbankan Kakak. Jika ada kendala, boleh infokan detail kendala serta kirimkan gambar kendalanya ke X @haloblu atau email haloblu@bcadigital.co.id agar kami bisa bantu lebih lanjut ya.
",2025-10-17 09:55:21,
46279076-9b25-42d9-b794-b5785813fca2,Pengguna Google,https://play-lh.googleusercontent.com/EGemoI2NTXmTsBVtJqk8jxF9rh8ApRWfsIMQSt2uE4OcpQqbFu7f7NbTK05lx80nuSijCz7sc3a277R67g,"kenapa ya apk blu ini selalu minta updatean nya, padahl apk udah oke, jdi bikin kesusahan tiap mau buka apk malah minta update terus",1,0,2.1.10,2025-10-17 09:29:23+00:00,"Hai, Kak Mutiara. Maaf atas ketidaknyamanannya. Kami akan selalu berusaha memberikan yang terbaik demi memenuhi kebutuhan perbankan Kakak. Sistem blu selalu diupdate demi kenyamanan transaksi Kakak agar senantiasa lancar ya. Pastikan Kakak sudah gunakan aplikasi blu versi terbaru ya Kak. 😉",2025-10-17 09:53:42,2.1.10
b03f3cdf-0cc7-46ba-8125-b3b401fd7a48,Pengguna Google,https://play-lh.googleusercontent.com/EGemoI2NTXmTsBVtJqk8jxF9rh8ApRWfsIMQSt2uE4OcpQqbFu7f7NbTK05lx80nuSijCz7sc3a277R67g,"mf loadingnya terlalu lama, padahal signal aman",1,1,2.4.0,2025-10-17 05:17:57+00:00,"Hai, Kak Susanto. Maaf atas ketidaknyamanannya. Kami akan selalu terus memperbaiki sistem demi mencapai kepuasan para pengguna aplikasi blu. Terkait kendala tersebut pastikan Kakak menggunakan aplikasi blu versi terbaru, pastikan setting waktu di handphone menjadi otomatis, jaringan internet lancar dan stabil serta tidak menggunakan jaringan WiFi.",2025-10-17 05:48:59,2.4.0
0cc1f784-14f6-49d3-a091-5857f007720c,Pengguna Google,https://play-lh.googleusercontent.com/EGemoI2NTXmTsBVtJqk8jxF9rh8ApRWfsIMQSt2uE4OcpQqbFu7f7NbTK05lx80nuSijCz7sc3a277R67g,"error tidak bisa daftar, tiap masukin pasword ""sesi kamu habis, masuk lagi yuk! """,1,0,2.4.0,2025-10-17 04:21:40+00:00,"Hai, Kak Ando. Maaf atas ketidaknyamanannya. Kami akan selalu berusaha memberikan yang terbaik demi memenuhi kebutuhan perbankan Kakak. Terkait kendala tersebut boleh infokan detail kendala serta kirimkan gambar kendalanya ke X @haloblu atau email haloblu@bcadigital.co.id agar kami bisa bantu lebih lanjut ya.",2025-10-17 05:04:52,2.4.0
efa838e5-5f7d-42a3-a2a4-7e45e31c3573,Pengguna Google,https://play-lh.googleusercontent.com/EGemoI2NTXmTsBVtJqk8jxF9rh8ApRWfsIMQSt2uE4OcpQqbFu7f7NbTK05lx80nuSijCz7sc3a277R67g,"verifikasi wajah gagal terus, beda dengan aplikasi bank sebelah satset, ini sistemnya masih jadul apa gimana sih?",1,0,,2025-10-17 03:48:48+00:00,"Hai, Kak Poetra. Maaf atas ketidaknyamanannya. Kami akan selalu berusaha memberikan yang terbaik demi kebutuhan perbankan Kakak. Terkait hal tersebut pastikan beberapa hal berikut, pastikan Kakak tidak memakai sunglasses, di tempat yang terang, tidak backlight, posisi wajah di dalam lingkaran dan pastikan aplikasi blu versi terupdate ya.",2025-10-17 05:04:53,
7b9d7bbb-dd9b-4c7f-acf9-3deedffbb4f9,Pengguna Google,https://play-lh.googleusercontent.com/EGemoI2NTXmTsBVtJqk8jxF9rh8ApRWfsIMQSt2uE4OcpQqbFu7f7NbTK05lx80nuSijCz7sc3a277R67g,parah baru banget download kaga bisa masuk terus udhe verifikasi muka kaga bisa juga gimna si adehh benerin lagi apknya mas / mba,1,0,,2025-10-16 23:20:13+00:00,"Hai, Kak Fajar. Maaf atas ketidaknyamanannya. Kami akan selalu berusaha memberikan yang terbaik demi memenuhi kebutuhan perbankan Kakak. Terkait kendala tersebut boleh infokan detail kendala serta kirimkan gambar kendalanya ke X @haloblu atau email haloblu@bcadigital.co.id agar kami bisa bantu lebih lanjut ya.",2025-10-16 23:44:27,
6a718fa2-1973-4d97-b838-87a54f7ad785,Pengguna Google,https://play-lh.googleusercontent.com/EGemoI2NTXmTsBVtJqk8jxF9rh8ApRWfsIMQSt2uE4OcpQqbFu7f7NbTK05lx80nuSijCz7sc3a277R67g,aplikasi yang sangat bagus,5,0,2.4.0,2025-10-16 22:52:54+00:00,"Hai, Kak Sopian. Terima kasih atas ulasannya. Semoga blu bisa selalu memberikan yang terbaik untuk memenuhi semua kebutuhan perbankan Kakak. Jika ada kendala atau hal lain yang ingin ditanyakan, Kakak bisa langsung menghubungi X @haloblu atau email haloblu@bcadigital.co.id atau telepon 1500668 (layanan 24 jam).",2025-10-16 23:44:29,2.4.0
857e6e09-10d1-420c-abfe-12b8ee8309bd,Pengguna Google,https://play-lh.googleusercontent.com/EGemoI2NTXmTsBVtJqk8jxF9rh8ApRWfsIMQSt2uE4OcpQqbFu7f7NbTK05lx80nuSijCz7sc3a277R67g,ko g bisa dibuka blu,3,0,2.4.0,2025-10-16 22:47:46+00:00,"Hai, Kak Irwan. Maaf atas ketidaknyamanannya. Saat ini sedang ada kendala pada aplikasi blu dan sedang dalam penanganan lebih lanjut oleh pihak terkait kami. Kami sarankan Kakak dapat mencoba kembali secara berkala ya.",2025-10-16 23:44:31,2.4.0
7013284d-03f7-46e5-b4c3-15d6a2927893,Pengguna Google,https://play-lh.googleusercontent.com/EGemoI2NTXmTsBVtJqk8jxF9rh8ApRWfsIMQSt2uE4OcpQqbFu7f7NbTK05lx80nuSijCz7sc3a277R67g,Abis di update malah ga bisa di buka loading mll.,1,0,,2025-10-16 22:42:44+00:00,"Hai, Kakak. Maaf atas ketidaknyamanannya. Kami akan selalu berusaha memberikan yang terbaik demi memenuhi kebutuhan perbankan Kakak. Terkait kendala tersebut boleh infokan detail kendala serta kirimkan gambar kendalanya ke X @haloblu atau email haloblu@bcadigital.co.id agar kami bisa bantu lebih lanjut ya.",2025-10-16 23:44:34,
dcbe064d-8b8a-4ba6-88f7-bf965e8f58d0,Pengguna Google,https://play-lh.googleusercontent.com/EGemoI2NTXmTsBVtJqk8jxF9rh8ApRWfsIMQSt2uE4OcpQqbFu7f7NbTK05lx80nuSijCz7sc3a277R67g,parah sih tadinya mau jadi mbanking favorite zonk deh kalo gini udah lama tiap² di isi mau login aja susah amat di kira jaringan nya yg jelek ternyata aplikasi nya jelek di bawah naungan bca padahal duh gila sih,1,0,2.4.0,2025-10-16 22:39:17+00:00,"Hai, Kak Nurul Anisa. Maaf atas ketidaknyamanannya. Kami akan selalu berusaha memberikan yang terbaik demi memenuhi kebutuhan perbankan Kakak. Terkait kendala tersebut boleh infokan detail kendala serta kirimkan gambar kendalanya ke X @haloblu atau email haloblu@bcadigital.co.id agar kami bisa bantu lebih lanjut ya.",2025-10-16 23:44:36,2.4.0
94dfb88e-832e-41db-85fc-423228c61a86,Pengguna Google,https://play-lh.googleusercontent.com/EGemoI2NTXmTsBVtJqk8jxF9rh8ApRWfsIMQSt2uE4OcpQqbFu7f7NbTK05lx80nuSijCz7sc3a277R67g,kocak error Mulu nih aplikasi,1,0,2.4.0,2025-10-16 22:31:07+00:00,"Hai, Kak Sofyan. Maaf atas ketidaknyamanannya. Saat ini sedang ada kendala pada aplikasi blu dan sedang dalam penanganan lebih lanjut oleh pihak terkait kami. Kami sarankan Kakak dapat mencoba kembali secara berkala ya.",2025-10-16 23:44:41,2.4.0
47de4cc8-400f-4a75-8309-96a1840fc93a,Pengguna Google,https://play-lh.googleusercontent.com/EGemoI2NTXmTsBVtJqk8jxF9rh8ApRWfsIMQSt2uE4OcpQqbFu7f7NbTK05lx80nuSijCz7sc3a277R67g,"lemot banget mau login juga, tampilan harus di refresh apalah lama banget",1,0,2.4.0,2025-10-16 22:29:23+00:00,"Hai, Kak Mila. Maaf atas ketidaknyamanannya. Kami akan selalu berusaha memberikan yang terbaik demi memenuhi kebutuhan perbankan Kakak. Terkait kendala tersebut boleh infokan detail kendala serta kirimkan gambar kendalanya ke X @haloblu atau email haloblu@bcadigital.co.id agar kami bisa bantu lebih lanjut ya.",2025-10-16 23:55:32,2.4.0
4e378ea1-b8a9-4661-a089-92801b53a423,Pengguna Google,https://play-lh.googleusercontent.com/EGemoI2NTXmTsBVtJqk8jxF9rh8ApRWfsIMQSt2uE4OcpQqbFu7f7NbTK05lx80nuSijCz7sc3a277R67g,tidak berfungsi dengan baik saat saya scan kode qr,1,0,2.3.0,2025-10-16 18:13:39+00:00,"Hai, Kak Fibri. Maaf atas ketidaknyamanannya. Terkait kendala tersebut boleh informasikan lebih detail kendalanya atau kirimkan gambar kendalanya ke X @haloblu atau email haloblu@bcadigital.co.id agar kami bisa bantu lebih lanjut ya.",2025-10-16 19:03:25,2.3.0
f3066dc8-7199-40ac-b935-153429f8f150,Pengguna Google,https://play-lh.googleusercontent.com/EGemoI2NTXmTsBVtJqk8jxF9rh8ApRWfsIMQSt2uE4OcpQqbFu7f7NbTK05lx80nuSijCz7sc3a277R67g,😌 TERIMA KASIH KEPADA PENGEMBANG APK BLU ATAS BANTUANNYA SUKSES BLU,5,0,2.4.0,2025-10-16 18:11:02+00:00,"Hai, Kak Ahmad. Terima kasih atas ulasannya. Semoga blu bisa selalu memberikan yang terbaik untuk memenuhi semua kebutuhan perbankan Kakak. Selamat menikmati kemudahan bertransaksi menggunakan blu ya. 😊",2025-10-16 19:01:00,2.4.0
b6ef1829-8a5f-41f8-ba05-254c604ea0be,Pengguna Google,https://play-lh.googleusercontent.com/EGemoI2NTXmTsBVtJqk8jxF9rh8ApRWfsIMQSt2uE4OcpQqbFu7f7NbTK05lx80nuSijCz7sc3a277R67g,kenapa gak bisa log in...disuruh refresh tp direfresh juga gk bisa,3,0,2.4.0,2025-10-16 17:48:47+00:00,"Hai, Kak Fitriyana. Maaf atas ketidaknyamanannya. Terkait kendala tersebut boleh kirimkan gambar kendalanya ke X @haloblu atau email haloblu@bcadigital.co.id agar kami bisa bantu lebih lanjut ya.",2025-10-16 18:00:14,2.4.0
251f026e-c108-4869-8fd5-d2c4c5e45960,Pengguna Google,https://play-lh.googleusercontent.com/EGemoI2NTXmTsBVtJqk8jxF9rh8ApRWfsIMQSt2uE4OcpQqbFu7f7NbTK05lx80nuSijCz7sc3a277R67g,"saya menyukai tampilan antarmuka, fitur2, serta layanan cs blubybca, untuk kedepannya tolong tambahkan fitur Qris tap/Tap to pay ya",5,0,2.4.0,2025-10-16 15:35:34+00:00,"Hai, Kak Hendri. Terima kasih atas saran dan masukan yang diberikan, kami akan selalu memperbaiki sistem demi mencapai kepuasan para pengguna aplikasi blu. Jika ada hal lain yang ingin ditanyakan, Kakak bisa langsung menghubungi X @haloblu atau email haloblu@bcadigital.co.id atau telepon 1500668 (layanan 24 jam).",2025-10-16 16:42:26,2.4.0
4d6441c3-ccfe-478c-a3fd-feecbb570b61,Pengguna Google,https://play-lh.googleusercontent.com/EGemoI2NTXmTsBVtJqk8jxF9rh8ApRWfsIMQSt2uE4OcpQqbFu7f7NbTK05lx80nuSijCz7sc3a277R67g,good,4,0,2.1.10,2025-10-16 14:34:56+00:00,"Hai, Kak Sri. Terima kasih atas ulasannya. Semoga blu bisa selalu memberikan yang terbaik untuk memenuhi semua kebutuhan perbankan Kakak. Selamat menikmati kemudahan bertransaksi menggunakan blu ya. 😊
",2025-10-16 15:24:57,2.1.10
2d6ca501-dba1-434d-b92e-e0c2655ea64b,Pengguna Google,https://play-lh.googleusercontent.com/EGemoI2NTXmTsBVtJqk8jxF9rh8ApRWfsIMQSt2uE4OcpQqbFu7f7NbTK05lx80nuSijCz7sc3a277R67g,"aplikasinya lemot,loading ya lama,aplikasinya blum siap...sekali mau bayar pake qris blu,loadingnya lama,ujung ujungnya bayar pake aplikasi lain cepat...jadinya malas pake blu...",3,0,1.47.10,2025-10-16 07:48:31+00:00,"Hai Kak Cun Khong. Maaf atas ketidaknyamanannya. Kami akan selalu terus memperbaiki sistem demi mencapai kepuasan para pengguna aplikasi blu. Terkait kendala tersebut pastikan Kakak menggunakan blu versi terbaru, pastikan setting waktu di handphone menjadi otomatis, jaringan internet lancar dan stabil atau Kakak boleh switch jaringan pada handphone",2025-10-16 07:56:56,1.47.10
57274d5c-01bb-4071-84cb-863f92e5f567,Pengguna Google,https://play-lh.googleusercontent.com/EGemoI2NTXmTsBVtJqk8jxF9rh8ApRWfsIMQSt2uE4OcpQqbFu7f7NbTK05lx80nuSijCz7sc3a277R67g,sangat membantu,5,0,,2025-10-16 00:32:34+00:00,"Hai, Kakak. Terima kasih atas ulasannya. Semoga blu bisa selalu memberikan yang terbaik untuk memenuhi semua kebutuhan perbankan Kakak. Selamat menikmati kemudahan bertransaksi menggunakan blu ya. 😊",2025-10-16 01:36:32,
8ced702b-434c-45f4-8548-3efa8a5704da,Pengguna Google,https://play-lh.googleusercontent.com/EGemoI2NTXmTsBVtJqk8jxF9rh8ApRWfsIMQSt2uE4OcpQqbFu7f7NbTK05lx80nuSijCz7sc3a277R67g,ini kenapa blu BCA tidak bisa kebuka,5,0,,2025-10-15 23:56:18+00:00,"Hai, Kak Hamdan. Maaf atas ketidaknyamanannya. Kami akan selalu berusaha memberikan yang terbaik demi memenuhi kebutuhan perbankan Kakak. Terkait kendala tersebut boleh infokan detail kendala serta kirimkan gambar kendalanya ke X @haloblu atau email haloblu@bcadigital.co.id agar kami bisa bantu lebih lanjut ya.",2025-10-16 00:06:43,
b3973964-b640-44fb-ba74-4dae311fb5c1,Pengguna Google,https://play-lh.googleusercontent.com/EGemoI2NTXmTsBVtJqk8jxF9rh8ApRWfsIMQSt2uE4OcpQqbFu7f7NbTK05lx80nuSijCz7sc3a277R67g,"maaf saya kasih bintang 3 dulu karna proses nya sulit, di tolak terus, padahal data sudah real, di apk lain proses cepat, malah udah payment kartu yg premium",3,2,2.3.0,2025-10-15 21:11:30+00:00,"Hai, Kak Ninet. Maaf atas ketidaknyamanannya. Jika yang dimaksud pinjaman Kakak belum di setujui, maka ada beberapa hal yang dapat menyebabkan pinjaman Kakak belum disetujui, antara lain, belum sesuai dengan kriteria debitur Bank BCA Digital atau rekening bluAccount Kakak sedang diblokir.",2025-10-15 21:45:00,2.3.0
2562502b-0648-439f-b5e6-4d44aa199e03,Pengguna Google,https://play-lh.googleusercontent.com/EGemoI2NTXmTsBVtJqk8jxF9rh8ApRWfsIMQSt2uE4OcpQqbFu7f7NbTK05lx80nuSijCz7sc3a277R67g,nyusahin anjjj,1,0,2.4.0,2025-10-15 20:24:17+00:00,"Hai, Kak Nova. Maaf atas ketidaknyamanannya. Kami akan selalu berusaha memberikan yang terbaik kebutuhan perbankan Kakak. Mohon pastikan perangkat sudah update versi terbaru dan jika ada hal lain yang ingin ditanyakan, Kakak bisa langsung menghubungi X @haloblu atau email haloblu@bcadigital.co.id atau telepon 1500668 (layanan 24 jam).",2025-10-15 21:38:03,2.4.0
af9d8ad9-5b1a-429d-a870-bcb7e4ce94c4,Pengguna Google,https://play-lh.googleusercontent.com/EGemoI2NTXmTsBVtJqk8jxF9rh8ApRWfsIMQSt2uE4OcpQqbFu7f7NbTK05lx80nuSijCz7sc3a277R67g,fix .. familiar & friendly apk,5,0,,2025-10-15 17:49:09+00:00,"Hai, Kakak . Terima kasih atas ulasannya. Semoga blu bisa selalu memberikan yang terbaik untuk memenuhi semua kebutuhan perbankan Kakak. Jika ada kendala atau hal lain yang ingin ditanyakan, Kakak bisa langsung menghubungi X @haloblu atau email haloblu@bcadigital.co.id atau telepon 1500668 (layanan 24 jam).",2025-10-15 18:03:43,
f404ee7e-3907-4327-b2bd-5c89ee0b9640,Pengguna Google,https://play-lh.googleusercontent.com/EGemoI2NTXmTsBVtJqk8jxF9rh8ApRWfsIMQSt2uE4OcpQqbFu7f7NbTK05lx80nuSijCz7sc3a277R67g,"benerin dan kembangkan lebih baik lagi fitur verifikasi biometrik wajahnya, sangat mengecewakan. Ditambah sekarang harus nambahin screenlock, makin lah diperibet. Kedepannya tolong buat update yang lebih jelas dan buat aplikasinya lebih optimal lagi, ini kalau saya bisa kasih bintang cuma setengah saya kasih setengah",1,10,2.4.0,2025-10-15 12:46:31+00:00,"Hai, Kak Nuzhmi. Maaf atas ketidaknyamanannya. Kami akan selalu berusaha memberikan yang terbaik demi memenuhi kebutuhan perbankan Kakak. Terkait kendala tersebut boleh infokan detail kendala serta kirimkan gambar kendalanya ke X @haloblu atau email haloblu@bcadigital.co.id agar kami bisa bantu lebih lanjut.
",2025-10-15 14:53:21,2.4.0
9adb169d-ff91-4ed3-a30e-a563accd1b7e,Pengguna Google,https://play-lh.googleusercontent.com/EGemoI2NTXmTsBVtJqk8jxF9rh8ApRWfsIMQSt2uE4OcpQqbFu7f7NbTK05lx80nuSijCz7sc3a277R67g,kenapa GK di buat seperti apk lain.. ada untuk pendaftaran baru dan ada untuk yg sudah punya akun..,2,0,2.4.0,2025-10-15 08:46:49+00:00,"Hai, Kakak. Maaf atas ketidaknyamanannya. Jika rekening masih aktif maka Kakak tidak dapat pembukaan rekening baru. Satu NIK KTP hanya bisa buka 1 rekening ya Kak.",2025-10-15 09:00:45,2.4.0
fc2267b1-cb30-4351-ae2d-7548a2e29720,Pengguna Google,https://play-lh.googleusercontent.com/EGemoI2NTXmTsBVtJqk8jxF9rh8ApRWfsIMQSt2uE4OcpQqbFu7f7NbTK05lx80nuSijCz7sc3a277R67g,"aplikasinya mudah digunakan, ga lemot saat digunakan untuk bertransaksi.",5,1,2.3.0,2025-10-15 06:50:46+00:00,"Hai, Kak Erika. Terima kasih atas ulasannya. Semoga blu bisa selalu memberikan yang terbaik untuk memenuhi semua kebutuhan perbankan Kakak. Jika ada kendala atau hal lain yang ingin ditanyakan, Kakak bisa langsung menghubungi X @haloblu atau email haloblu@bcadigital.co.id atau telepon 1500668 (layanan 24 jam).",2025-10-15 07:12:21,2.3.0
cdaa9257-15f6-41b3-b74a-4814f1d19c2d,Pengguna Google,https://play-lh.googleusercontent.com/EGemoI2NTXmTsBVtJqk8jxF9rh8ApRWfsIMQSt2uE4OcpQqbFu7f7NbTK05lx80nuSijCz7sc3a277R67g,apakah tf ke bank bank lain gratis,1,1,,2025-10-15 03:14:35+00:00,"Hai, Kak Esma Relina. Terima kasih atas ulasannya. Untuk transfer ke BCA gratis melalui layanan BI-FAST kok Kak. Kakak juga bisa gunakan bebas biaya transfer BI-FAST atau LLG ke bank lain sesuai dengan level bluLoyalty yang Kakak miliki. Info lengkap bisa Kakak cek melalui link berikut: https://blubybcadigital.id/bluloyalty ya. 😊",2025-10-15 03:56:24,
ee5e6761-1fc8-4bb8-ac02-99f961eb9199,Pengguna Google,https://play-lh.googleusercontent.com/EGemoI2NTXmTsBVtJqk8jxF9rh8ApRWfsIMQSt2uE4OcpQqbFu7f7NbTK05lx80nuSijCz7sc3a277R67g,kerja di jariangan Telkom askes,5,0,,2025-10-14 19:58:47+00:00,"Hai, Kak Ketut. Terima kasih atas ulasannya. Semoga blu bisa selalu memberikan yang terbaik untuk memenuhi semua kebutuhan perbankan Kakak. Jika ada kendala atau hal lain yang ingin ditanyakan, Kakak bisa langsung menghubungi X @haloblu atau email haloblu@bcadigital.co.id atau telepon 1500668 (layanan 24 jam).",2025-10-14 20:02:50,
6b895fb3-1830-4841-9b43-fa18d84a95a1,Pengguna Google,https://play-lh.googleusercontent.com/EGemoI2NTXmTsBVtJqk8jxF9rh8ApRWfsIMQSt2uE4OcpQqbFu7f7NbTK05lx80nuSijCz7sc3a277R67g,erorrr lama,1,0,,2025-10-14 19:52:18+00:00,"Hai, Kakak. Maaf atas ketidaknyamanannya. Kami akan selalu berusaha memberikan yang terbaik demi memenuhi kebutuhan perbankan Kakak. Terkait kendala tersebut boleh infokan detail kendala serta kirimkan gambar kendalanya ke X @haloblu atau email haloblu@bcadigital.co.id agar kami bisa bantu lebih lanjut ya.",2025-10-14 20:01:53,
3026f781-09b6-4673-811f-7dc7358f8d66,Pengguna Google,https://play-lh.googleusercontent.com/EGemoI2NTXmTsBVtJqk8jxF9rh8ApRWfsIMQSt2uE4OcpQqbFu7f7NbTK05lx80nuSijCz7sc3a277R67g,"gmna sih apk blu, pas mau pengajuan pinjaman gabisa, masa pas klik kirim pengajuan sedang bermasalah, padahal jaringan bagus terus juga minjem ga gede2 amat, kecewa sama apk blu, ngisi data lama pas mau pengajuan malah bermasalah mulu",2,9,2.4.0,2025-10-14 16:57:09+00:00,"Hai, Kak Dimas. Maaf atas ketidaknyamanannya. Terkait kendala tersebut boleh kirimkan gambar kendalanya ke X @haloblu atau email haloblu@bcadigital.co.id agar kami bisa bantu lebih lanjut ya.",2025-10-14 16:59:36,2.4.0
3802a8bf-2ff6-4838-ba5d-30a90a5a4508,Pengguna Google,https://play-lh.googleusercontent.com/EGemoI2NTXmTsBVtJqk8jxF9rh8ApRWfsIMQSt2uE4OcpQqbFu7f7NbTK05lx80nuSijCz7sc3a277R67g,Aplikasi babi. mau daftar aja susah banget. masa notif nya minta nyalain izin aplikasi untuk lokasi. udh saya aktifkan masih aja minta izin lokasi,1,0,2.4.0,2025-10-14 16:41:01+00:00,"Hai, Kak Rivan. Maaf atas ketidaknyamanannya. Terkait kendala tersebut boleh kirimkan gambar kendalanya ke X @haloblu atau email haloblu@bcadigital.co.id agar kami bisa bantu lebih lanjut ya.",2025-10-14 16:59:09,2.4.0
2a40752d-f997-486f-9d65-df6fbeb59c7e,Pengguna Google,https://play-lh.googleusercontent.com/EGemoI2NTXmTsBVtJqk8jxF9rh8ApRWfsIMQSt2uE4OcpQqbFu7f7NbTK05lx80nuSijCz7sc3a277R67g,"vermuknya dongo banget, benerin lah jadul amat sistem vermuknya. Aplikasi sebelah sambil rebahan juga bisa",1,0,2.4.0,2025-10-14 08:43:24+00:00,"Hai, Kak Muhamad. Maaf atas ketidaknyamanannya. Terkait kendala tersebut boleh kirimkan gambar kendalanya ke X @haloblu atau email haloblu@bcadigital.co.id agar kami bisa bantu lebih lanjut ya.",2025-10-14 09:29:05,2.4.0
ebb53c4b-2a9c-4041-b5ca-bb7e894fb30d,Pengguna Google,https://play-lh.googleusercontent.com/EGemoI2NTXmTsBVtJqk8jxF9rh8ApRWfsIMQSt2uE4OcpQqbFu7f7NbTK05lx80nuSijCz7sc3a277R67g,ini gimana ya blu ko ga bisa di buka,2,0,,2025-10-14 05:34:36+00:00,"Hai, Kakak. Maaf atas ketidaknyamanannya. Kami akan selalu berusaha memberikan yang terbaik demi memenuhi kebutuhan perbankan Kakak. Terkait kendala tersebut boleh infokan detail kendala serta kirimkan gambar kendalanya ke X @haloblu atau email haloblu@bcadigital.co.id agar kami bisa bantu lebih lanjut ya.
",2025-10-14 06:55:43,
d6d5e107-18f2-4891-b65b-d6295f71b5d0,Pengguna Google,https://play-lh.googleusercontent.com/EGemoI2NTXmTsBVtJqk8jxF9rh8ApRWfsIMQSt2uE4OcpQqbFu7f7NbTK05lx80nuSijCz7sc3a277R67g,Tambahkan pembayaran Internet Indihome,4,0,2.4.0,2025-10-13 19:14:48+00:00,"Hai, Kak Sastriadi.Terima kasih atas saran dan masukan yang diberikan, kami akan selalu memperbaiki sistem demi mencapai kepuasan para pengguna aplikasi blu. Jika ada hal lain yang ingin ditanyakan, Kakak bisa langsung menghubungi X @haloblu atau email haloblu@bcadigital.co.id atau telepon 1500668 (layanan 24 jam).",2025-10-13 20:02:36,2.4.0
9d631351-ddca-483a-b2ab-489d0440e563,Pengguna Google,https://play-lh.googleusercontent.com/EGemoI2NTXmTsBVtJqk8jxF9rh8ApRWfsIMQSt2uE4OcpQqbFu7f7NbTK05lx80nuSijCz7sc3a277R67g,"Meskipun saya masih belajar, menurut saya netral tapi bagus kok. saya juga bingung jelasinnya tapi rekomendasi banget 👍",5,0,2.3.0,2025-10-13 16:34:33+00:00,"Hai, Kak Rangga. Terima kasih atas ulasannya. Semoga blu bisa selalu memberikan yang terbaik untuk memenuhi semua kebutuhan perbankan Kakak. Jika ada kendala atau hal lain yang ingin ditanyakan, Kakak bisa langsung menghubungi X @haloblu atau email haloblu@bcadigital.co.id atau telepon 1500668 (layanan 24 jam).",2025-10-13 17:17:40,2.3.0
0f3d0b22-16df-43b8-a02d-88689e493f01,Pengguna Google,https://play-lh.googleusercontent.com/EGemoI2NTXmTsBVtJqk8jxF9rh8ApRWfsIMQSt2uE4OcpQqbFu7f7NbTK05lx80nuSijCz7sc3a277R67g,veripikasi wajah kg berhasil mulu,1,0,2.3.0,2025-10-13 14:14:39+00:00,"Hai, Kakak. Maaf atas ketidaknyamanannya. Kami akan selalu berusaha memberikan yang terbaik demi memenuhi kebutuhan perbankan Kakak. Terkait kendala tersebut boleh infokan detail kendala serta kirimkan gambar kendalanya ke X @haloblu atau email haloblu@bcadigital.co.id agar kami bisa bantu lebih lanjut ya.",2025-10-13 14:53:12,2.3.0
b29afc40-9783-4977-a691-c04f2cb575d8,Pengguna Google,https://play-lh.googleusercontent.com/EGemoI2NTXmTsBVtJqk8jxF9rh8ApRWfsIMQSt2uE4OcpQqbFu7f7NbTK05lx80nuSijCz7sc3a277R67g,data bisa ilang,1,0,2.3.0,2025-10-13 06:12:37+00:00,"Hai, Kak Oyok. Maaf atas ketidaknyamanannya. Kami akan selalu berusaha memberikan yang terbaik demi memenuhi kebutuhan perbankan Kakak. Terkait kendala tersebut boleh infokan secara detail kendala serta kirimkan gambar kendalanya ke X @haloblu atau email haloblu@bcadigital.co.id agar kami bisa bantu lebih lanjut ya.",2025-10-13 07:14:00,2.3.0
7e2581b6-4708-4e2a-b57e-711c883360b5,Pengguna Google,https://play-lh.googleusercontent.com/EGemoI2NTXmTsBVtJqk8jxF9rh8ApRWfsIMQSt2uE4OcpQqbFu7f7NbTK05lx80nuSijCz7sc3a277R67g,"lg mau transaksi malah ga bisa dibuka, highlightnya sih mau optimalkan layanan tp malah nyusahin org mau transaksi",1,1,2.3.0,2025-10-13 02:46:53+00:00,"Hai, Kak Pinkan. Maaf atas ketidaknyamanannya. Terkait kendala tersebut boleh kirimkan gambar kendalanya ke X @haloblu atau email haloblu@bcadigital.co.id agar kami bisa bantu lebih lanjut ya.",2025-10-13 03:07:06,2.3.0
eac84535-3fed-488b-ade1-bc07e0905fdc,Pengguna Google,https://play-lh.googleusercontent.com/EGemoI2NTXmTsBVtJqk8jxF9rh8ApRWfsIMQSt2uE4OcpQqbFu7f7NbTK05lx80nuSijCz7sc3a277R67g,aplikasi cacat error terus gps udah dinyalain mnta akses lokasi trus bego bgt. ..,1,0,2.3.0,2025-10-13 00:20:13+00:00,"Hai, Kak Sukri. Maaf atas ketidaknyamanannya. Kami akan selalu berusaha memberikan yang terbaik kebutuhan perbankan Kakak. Mohon pastikan perangkat sudah update versi terbaru dan jika ada hal lain yang ingin ditanyakan, Kakak bisa langsung menghubungi X @haloblu atau email haloblu@bcadigital.co.id atau telepon 1500668 (layanan 24 jam).",2025-10-13 01:11:05,2.3.0
2a3ab059-a2a8-45c8-a6f1-023b8e6709b6,Pengguna Google,https://play-lh.googleusercontent.com/EGemoI2NTXmTsBVtJqk8jxF9rh8ApRWfsIMQSt2uE4OcpQqbFu7f7NbTK05lx80nuSijCz7sc3a277R67g,"Update terbaru Tidak support biometric sidik jari, tolong diperbaiki.",4,0,,2025-10-12 12:26:02+00:00,"Hai, Kak Gesang. Maaf atas ketidaknyamanannya. Kami akan selalu berusaha memberikan yang terbaik demi memenuhi kebutuhan perbankan Kakak. Terkait kendala tersebut boleh infokan detail kendala serta kirimkan gambar kendalanya ke X @haloblu atau email haloblu@bcadigital.co.id agar kami bisa bantu lebih lanjut.
",2025-10-12 12:38:54,
a4b8a73e-fc1a-43a1-b7ef-b1f8ec2ac8ee,Pengguna Google,https://play-lh.googleusercontent.com/EGemoI2NTXmTsBVtJqk8jxF9rh8ApRWfsIMQSt2uE4OcpQqbFu7f7NbTK05lx80nuSijCz7sc3a277R67g,"selalu terjadi bug tidak bisa dibuka,ketika mau masuk app otomatis close lagi, please fix it",3,0,2.3.0,2025-10-11 22:06:35+00:00,"Hai, Kak Zikri. Maaf atas ketidaknyamanannya. Kami akan selalu berusaha memberikan yang terbaik demi memenuhi kebutuhan perbankan Kakak. Terkait kendala tersebut boleh infokan detail kendala serta kirimkan gambar kendalanya ke X @haloblu atau email haloblu@bcadigital.co.id agar kami bisa bantu lebih lanjut ya.
",2025-10-11 23:09:46,2.3.0
aafe8789-cb69-4aa9-bba6-51293a784784,Pengguna Google,https://play-lh.googleusercontent.com/EGemoI2NTXmTsBVtJqk8jxF9rh8ApRWfsIMQSt2uE4OcpQqbFu7f7NbTK05lx80nuSijCz7sc3a277R67g,"aplikasi error terus, tdk bisa digunakan transaksi",1,0,2.3.0,2025-10-11 19:35:19+00:00,"Hai, Kak Ali Mahmudi. Maaf atas ketidaknyamanannya. Kami akan selalu berusaha memberikan yang terbaik demi memenuhi kebutuhan perbankan Kakak. Terkait kendala tersebut boleh infokan detail kendala serta kirimkan gambar kendalanya ke X @haloblu atau email haloblu@bcadigital.co.id agar kami bisa bantu lebih lanjut ya.
",2025-10-11 20:16:10,2.3.0
39c1d8d5-eef9-4fd0-a35b-22e74113e52f,Pengguna Google,https://play-lh.googleusercontent.com/EGemoI2NTXmTsBVtJqk8jxF9rh8ApRWfsIMQSt2uE4OcpQqbFu7f7NbTK05lx80nuSijCz7sc3a277R67g,semoga lancar dan dapat membantu,5,0,2.3.0,2025-10-11 12:31:12+00:00,"Hai, Kak Palmella. Terima kasih atas ulasannya. Semoga blu bisa selalu memberikan yang terbaik untuk memenuhi semua kebutuhan perbankan Kakak. Jika ada kendala atau hal lain yang ingin ditanyakan, Kakak bisa langsung menghubungi X @haloblu atau email haloblu@bcadigital.co.id atau telepon 1500668 (layanan 24 jam).
",2025-10-11 12:56:43,2.3.0
01823910-f8de-4c95-98ac-8b09cef6ee43,Pengguna Google,https://play-lh.googleusercontent.com/EGemoI2NTXmTsBVtJqk8jxF9rh8ApRWfsIMQSt2uE4OcpQqbFu7f7NbTK05lx80nuSijCz7sc3a277R67g,sangat membantu..,5,0,2.3.0,2025-10-11 11:58:11+00:00,"Hai, Kak Ady Setyawan. Terima kasih atas ulasannya. Semoga blu bisa selalu memberikan yang terbaik untuk memenuhi semua kebutuhan perbankan Kakak. Jika ada kendala atau hal lain yang ingin ditanyakan, Kakak bisa langsung menghubungi X @haloblu atau email haloblu@bcadigital.co.id atau telepon 1500668 (layanan 24 jam).",2025-10-11 12:19:49,2.3.0
d85aa02d-325d-442d-a3ce-7afddfb03dae,Pengguna Google,https://play-lh.googleusercontent.com/EGemoI2NTXmTsBVtJqk8jxF9rh8ApRWfsIMQSt2uE4OcpQqbFu7f7NbTK05lx80nuSijCz7sc3a277R67g,aplikasi buat nabung paling nyaman saran lebih di tingkatkan lagi,5,0,2.3.0,2025-10-11 11:26:58+00:00,"Hai, Kak Aziz. Terima kasih atas ulasannya. Semoga blu bisa selalu memberikan yang terbaik untuk memenuhi semua kebutuhan perbankan Kakak. Jika ada kendala atau hal lain yang ingin ditanyakan, Kakak bisa langsung menghubungi X @haloblu atau email haloblu@bcadigital.co.id atau telepon 1500668 (layanan 24 jam).",2025-10-11 12:19:16,2.3.0
64b4f3ce-81e4-4456-899f-14be7c4c9b88,Pengguna Google,https://play-lh.googleusercontent.com/EGemoI2NTXmTsBVtJqk8jxF9rh8ApRWfsIMQSt2uE4OcpQqbFu7f7NbTK05lx80nuSijCz7sc3a277R67g,"aplikasi nya tolong di tingkatkan lagi ya kak, soalnya terlalu berat dan lemot saat di buka",5,0,2.3.0,2025-10-11 10:58:54+00:00,"Hai, Kak Aldo. Maaf atas ketidaknyamanannya. Kami akan selalu terus memperbaiki sistem demi mencapai kepuasan para pengguna aplikasi blu. Terkait kendala tersebut pastikan Kakak menggunakan aplikasi blu versi terbaru, pastikan setting waktu di handphone menjadi otomatis, jaringan internet lancar dan stabil serta tidak menggunakan jaringan WiFi.",2025-10-11 11:23:08,2.3.0
ddb0cfcc-d948-44ed-a722-8e65bb1d202b,Pengguna Google,https://play-lh.googleusercontent.com/EGemoI2NTXmTsBVtJqk8jxF9rh8ApRWfsIMQSt2uE4OcpQqbFu7f7NbTK05lx80nuSijCz7sc3a277R67g,"aplikasi nya rada lemot parah bgt, untuk seran kedepan nya semoga aplikasi nya lebih gampang diakses ga lemot trus klo bisa tambahin persentase untuk tabungan kaya bank sebelah apalagi klo nabung Bareng biar tau persentase dari tiap tiap orang ditabungan itu tanpa harus liat mutasi dan ngitung dari awal",3,1,2.3.0,2025-10-11 10:26:59+00:00,"Hai, Kak Imelda. Maaf atas ketidaknyamanannya. Kami akan selalu terus memperbaiki sistem demi mencapai kepuasan para pengguna aplikasi blu. Terkait kendala tersebut pastikan Kakak menggunakan aplikasi blu versi terbaru, pastikan setting waktu di handphone menjadi otomatis, jaringan internet lancar dan stabil serta tidak menggunakan jaringan WiFi.",2025-10-11 11:20:56,2.3.0
5ce7eb6a-bd15-4484-b915-665af6e354ba,Pengguna Google,https://play-lh.googleusercontent.com/EGemoI2NTXmTsBVtJqk8jxF9rh8ApRWfsIMQSt2uE4OcpQqbFu7f7NbTK05lx80nuSijCz7sc3a277R67g,"udah login tau2 udah log out sendiri, bug mulu kalo verifikasi wajah. coba perbarui tim UI nya secara user experience tidak menarik, bukan berarti kurang menarik. soalnya BCA sendiri nasabah nya paling banyak dan mesin nya mudah ditemukan dmana - mana, 11 - 10 - 25 saya pembayaran setelah itu akun saya terblokir anehhh apk ini",1,65,2.3.0,2025-10-11 01:19:16+00:00,"Hai, Kak Sendi. Maaf atas ketidaknyamanannya. Kami akan selalu berusaha memberikan yang terbaik kebutuhan perbankan Kakak. Mohon pastikan perangkat sudah update versi terbaru dan jika ada hal lain yang ingin ditanyakan, Kakak bisa langsung menghubungi X @haloblu atau email haloblu@bcadigital.co.id atau telepon 1500668 (layanan 24 jam).",2025-10-11 01:30:09,2.3.0
7596b1ba-fb9b-48ed-8aea-7b875b7d6b57,Pengguna Google,https://play-lh.googleusercontent.com/EGemoI2NTXmTsBVtJqk8jxF9rh8ApRWfsIMQSt2uE4OcpQqbFu7f7NbTK05lx80nuSijCz7sc3a277R67g,"Saya mengorbankan uang 50 k hanya untuk nggo duen duen rek. saja , takut kalau kena biaya bulanan?",3,0,2.3.0,2025-10-10 23:35:18+00:00,"Hai, Kakak. Terima kasih atas ulasannya. Semoga blu bisa selalu memberikan yang terbaik untuk memenuhi semua kebutuhan perbankan Kakak. Untuk blu saat ini tidak ada biaya administrasi setiap bulannya ya Kak.",2025-10-11 00:08:21,2.3.0
a9524c04-d739-4773-95b0-0343484b8042,Pengguna Google,https://play-lh.googleusercontent.com/EGemoI2NTXmTsBVtJqk8jxF9rh8ApRWfsIMQSt2uE4OcpQqbFu7f7NbTK05lx80nuSijCz7sc3a277R67g,"Berhari-hari gak bisa buat top up Toko crypto, sepertinya yang menjalankan bukan dari BCA langsung mungkin kerjasama, karena BCA jarang mengecewakan.",2,0,2.3.0,2025-10-10 23:31:13+00:00,"Hai, Kak Sabian. Maaf atas ketidaknyamanannya. Kami akan selalu berusaha memberikan yang terbaik demi memenuhi kebutuhan perbankan Kakak. Terkait kendala tersebut boleh infokan detail kendala serta kirimkan gambar kendalanya ke X @haloblu atau email haloblu@bcadigital.co.id agar kami bisa bantu lebih lanjut ya.",2025-10-11 00:06:32,2.3.0
da6efb5e-f5c1-4a23-82f1-97333eebff35,Pengguna Google,https://play-lh.googleusercontent.com/EGemoI2NTXmTsBVtJqk8jxF9rh8ApRWfsIMQSt2uE4OcpQqbFu7f7NbTK05lx80nuSijCz7sc3a277R67g,"plis adain qris tap dong min blu kaya bank yang lain niar naik mrt,krl dan transjakarta gampang",4,0,2.3.0,2025-10-10 20:42:37+00:00,"Hai, Kak Fauzhan. Terima kasih atas saran dan masukan yang diberikan, kami akan selalu memperbaiki sistem demi mencapai kepuasan para pengguna aplikasi blu. Jika ada hal lain yang ingin ditanyakan, Kakak bisa langsung menghubungi X @haloblu atau email haloblu@bcadigital.co.id atau telepon 1500668 (layanan 24 jam).",2025-10-10 21:52:00,2.3.0
974c05a7-f17e-460d-a9a9-f0cd0cf57495,Pengguna Google,https://play-lh.googleusercontent.com/EGemoI2NTXmTsBVtJqk8jxF9rh8ApRWfsIMQSt2uE4OcpQqbFu7f7NbTK05lx80nuSijCz7sc3a277R67g,"HEH ADMINNN NI SINYAL UDAHHHH BENERRRR YAAA GA ADA KENDALA DI SINYAL ATAUPUN GANGGUAN DI PERANGKAT HP GUEEEE EMNG DASAR APLIKASI LU YANG BURUKKKKK, FAKKKKKKK",2,0,2.3.0,2025-10-10 16:59:43+00:00,"Hai, Kak Indah. Maaf atas ketidaknyamanannya. Kami akan selalu terus memperbaiki sistem demi mencapai kepuasan para pengguna aplikasi blu. Terkait kendala tersebut boleh kirimkan gambar kendalanya ke X @haloblu atau email haloblu@bcadigital.co.id agar kami bisa bantu lebih lanjut ya.",2025-10-10 18:16:21,2.3.0
a10d69a6-5c73-4f85-b440-213bd73059ea,Pengguna Google,https://play-lh.googleusercontent.com/EGemoI2NTXmTsBVtJqk8jxF9rh8ApRWfsIMQSt2uE4OcpQqbFu7f7NbTK05lx80nuSijCz7sc3a277R67g,verifikasi wajah stuck di wajah kedepan muluh. bisa nggak sih verifikasi kayak gini di hapus aja bikin orang susah login aja,3,0,2.3.0,2025-10-10 15:50:16+00:00,"Hai, Kak Josh. Maaf atas ketidaknyamanannya. Kami akan selalu berusaha memberikan yang terbaik demi kebutuhan perbankan Kakak. Terkait hal tersebut pastikan beberapa hal berikut, pastikan Kakak tidak memakai sunglasses, di tempat yang terang, tidak backlight, posisi wajah di dalam lingkaran dan pastikan aplikasi blu versi terupdate ya.",2025-10-10 16:57:06,2.3.0
d737248c-74b8-486c-b328-72f021d03b76,Pengguna Google,https://play-lh.googleusercontent.com/EGemoI2NTXmTsBVtJqk8jxF9rh8ApRWfsIMQSt2uE4OcpQqbFu7f7NbTK05lx80nuSijCz7sc3a277R67g,"ini kebapa dah blu drtd pagi g bs di buka, bilangnya lagi nyiapin hightligth lah.. ah ke ganggu semua aktifitas 😡",3,0,2.3.0,2025-10-10 14:58:48+00:00,"Hai, Kak Ghufron. Maaf atas ketidaknyamanannya. Kami akan selalu terus memperbaiki sistem demi mencapai kepuasan para pengguna aplikasi blu. Terkait kendala tersebut pastikan Kakak menggunakan blu versi terbaru, pastikan setting waktu di handphone menjadi otomatis, jaringan internet lancar dan stabil atau Kakak boleh switch jaringan pada handphone.",2025-10-10 15:32:40,2.3.0
fd94b631-c055-452c-bf91-b2777cd2be6b,Pengguna Google,https://play-lh.googleusercontent.com/EGemoI2NTXmTsBVtJqk8jxF9rh8ApRWfsIMQSt2uE4OcpQqbFu7f7NbTK05lx80nuSijCz7sc3a277R67g,knp harus matikan fitur aksesibilitas -_-,1,0,,2025-10-10 14:58:14+00:00,"Hai, Kakak. Maaf atas ketidaknyamanannya. blu terus mengedepankan kenyamanan dan keamanan di setiap transaksi sobatblu, maka dari itu blu melakukan pembaruan secara berkala terhadap aplikasi blu. Dengan mematikan fitur aksesibilitas di smartphone Bapak/Ibu dapat mecegah terjadinya pencurian data pribadi.",2025-10-10 15:30:50,
3019dd8b-396d-40eb-b611-386a907074b9,Pengguna Google,https://play-lh.googleusercontent.com/EGemoI2NTXmTsBVtJqk8jxF9rh8ApRWfsIMQSt2uE4OcpQqbFu7f7NbTK05lx80nuSijCz7sc3a277R67g,kenapa lemot banget mau masuk .. apk juga tiba² keluar sendiri .,4,0,2.3.0,2025-10-10 11:28:12+00:00,"Hai, Kak Vicky. Maaf atas ketidaknyamanannya. Kami akan selalu terus memperbaiki sistem demi mencapai kepuasan para pengguna aplikasi blu. Terkait kendala tersebut pastikan Kakak menggunakan aplikasi blu versi terbaru, pastikan setting waktu di handphone menjadi otomatis, jaringan internet lancar dan stabil serta tidak menggunakan jaringan WiFi.",2025-10-10 11:28:47,2.3.0
5e65ca70-2eae-4422-b726-5188e8215d66,Pengguna Google,https://play-lh.googleusercontent.com/EGemoI2NTXmTsBVtJqk8jxF9rh8ApRWfsIMQSt2uE4OcpQqbFu7f7NbTK05lx80nuSijCz7sc3a277R67g,"sulit sekali verifikasi wajahnya gagal terus, sampai diluar rumah saya verifikasinya agar terang dan jelas, tetap saja gagal.. .. kalau begini uninstall lah",1,2,2.3.0,2025-10-10 09:59:21+00:00,"Hai, Kak Awi. Maaf atas ketidaknyamanannya. Kami akan selalu berusaha memberikan yang terbaik demi kebutuhan perbankan Kakak. Terkait hal tersebut pastikan beberapa hal berikut, pastikan Kakak tidak memakai sunglasses, di tempat yang terang, tidak backlight, posisi wajah di dalam lingkaran dan pastikan aplikasi blu versi terupdate ya.",2025-10-10 10:15:56,2.3.0
1e7d213d-0fa5-4f10-adc1-04d664ac4014,Pengguna Google,https://play-lh.googleusercontent.com/EGemoI2NTXmTsBVtJqk8jxF9rh8ApRWfsIMQSt2uE4OcpQqbFu7f7NbTK05lx80nuSijCz7sc3a277R67g,minta izin lokasi mulu padahal udah nyala dan diizinkan ga bisa masuk menu transaksi mohon untuk di perbaiki,1,0,2.3.0,2025-10-09 23:53:18+00:00,"Hai, Kak Rizky. Maaf atas ketidaknyamanannya. Kami akan selalu berusaha memberikan yang terbaik demi memenuhi kebutuhan perbankan Kakak. Terkait kendala tersebut boleh kirimkan gambar kendalanya ke X @haloblu atau email haloblu@bcadigital.co.id agar kami bisa bantu lebih lanjut ya.",2025-10-10 00:12:34,2.3.0
271b8a0b-c95e-4a18-a149-a9ebb3e55cee,Pengguna Google,https://play-lh.googleusercontent.com/EGemoI2NTXmTsBVtJqk8jxF9rh8ApRWfsIMQSt2uE4OcpQqbFu7f7NbTK05lx80nuSijCz7sc3a277R67g,aplikasi jelek orng mau daftar giliran ada telpom dengan costamer yg pertama bagus di angkt di pas pertengahan percakapan tba² mati tlpnnya giliran di telpon lagi gk ada yang angkt orng mau daftar,1,0,2.3.0,2025-10-09 19:51:03+00:00,"Hai, Kak Sansan. Maaf atas ketidaknyamanannya. Untuk kendala proses video call, kami sarankan untuk mencoba secara berkala dan dipastikan jaringan internet yang digunakan dalam keadaan stabil, Kakak boleh switch jaringan pada handphone. Proses video call untuk pembukaan rekening blu dapat Kakak lakukan dari pukul 06:00 sampai 22:00 WIB ya.

",2025-10-09 20:00:56,2.3.0
a0ff208c-5f08-459f-9600-cd4bfd38b503,Pengguna Google,https://play-lh.googleusercontent.com/EGemoI2NTXmTsBVtJqk8jxF9rh8ApRWfsIMQSt2uE4OcpQqbFu7f7NbTK05lx80nuSijCz7sc3a277R67g,"Minta update, m-mulu HBSin kuota.. otw hapus atuh•!🙏🥺",1,0,2.0.20,2025-10-09 17:51:39+00:00,"Hai, Kakak. Maaf atas ketidaknyamanannya. Hal tersebut dilakukan guna memperbaharui sistem demi kenyamanan transaksi. Semoga blu bisa selalu memberikan yang terbaik untuk memenuhi semua kebutuhan perbankan Kakak. Jika ada kendala atau hal lain yang ingin ditanyakan, Kakak bisa langsung menghubungi X @haloblu. 😊
",2025-10-09 18:10:38,2.0.20
19959f96-4a7d-4d8f-a42c-2a797d9ec8dc,Pengguna Google,https://play-lh.googleusercontent.com/EGemoI2NTXmTsBVtJqk8jxF9rh8ApRWfsIMQSt2uE4OcpQqbFu7f7NbTK05lx80nuSijCz7sc3a277R67g,"Data sudah di tulis dengan baik, kenapa bolak balik melulu ke pengaturan,ini aplikasi apaan. jadi saya kasih bintang 2 dulu karna kurang jelas apk nya",2,1,2.3.0,2025-10-09 17:39:05+00:00,"Hai, Kak Yuliaro. Maaf atas ketidaknyamanannya. Kami akan selalu berusaha memberikan yang terbaik demi memenuhi kebutuhan perbankan Kakak. Terkait kendala tersebut boleh infokan detail kendala serta kirimkan gambar kendalanya ke X @haloblu atau email haloblu@bcadigital.co.id agar kami bisa bantu lebih lanjut ya.
",2025-10-09 18:06:19,2.3.0
e87ec188-bc84-4b4c-b974-c09ec4c9de4b,Pengguna Google,https://play-lh.googleusercontent.com/EGemoI2NTXmTsBVtJqk8jxF9rh8ApRWfsIMQSt2uE4OcpQqbFu7f7NbTK05lx80nuSijCz7sc3a277R67g,"aplikasi apaan orang mau buat rekening malah stuck di akhir"" udah berkali juga masi ga bisa, eror apa gimana (mending langsung mybca)",1,0,,2025-10-09 17:06:22+00:00,"Hai, Kak Septia. Maaf atas ketidaknyamanannya. Kami akan selalu berusaha memberikan yang terbaik demi memenuhi kebutuhan perbankan Kakak. Terkait kendala tersebut boleh infokan detail kendala serta kirimkan gambar kendalanya ke X @haloblu atau email haloblu@bcadigital.co.id agar kami bisa bantu lebih lanjut ya.
",2025-10-09 18:03:28,
f612a9c5-efa4-4465-b0ca-f94d198f115b,Pengguna Google,https://play-lh.googleusercontent.com/EGemoI2NTXmTsBVtJqk8jxF9rh8ApRWfsIMQSt2uE4OcpQqbFu7f7NbTK05lx80nuSijCz7sc3a277R67g,"Pengalaman Lupa Password di BlueBCA, FITUR IDENTIFIKASI WAJAH NYA BIKIN EMOSI, SAYA PAKE DIGITAL BANK LAIN YG ADA FITUR SERUPA TIDAK PERNAH ADA MASALAH, FITUR IDENTIFIKASI WAJAH DI BLUEBCA MERUPAKAN MIMPI BURUK!!! UDAH CONTACT CS & VERIFIKASI DI TELPON, KIRAIN BAKAL BERES MASALAH, EEH TAU2 NYA MASIH SAMA AJA, BUANG2 WAKTU!",2,0,2.3.0,2025-10-09 15:11:06+00:00,"Hai, Kak Fahrul. Maaf atas ketidaknyamanannya. Terkait kendala tersebut, jika sudah menghubungi layanan haloblu mohon Kakak dapat informasikan nomor laporannya ke X @haloblu atau email haloblu@bcadigital.co.id agar kami dapat bantu lebih lanjut kendala yang Kakak alami.",2025-10-09 15:26:04,2.3.0
54b8ebdd-c68d-40b4-b472-05d0eaaa865b,Pengguna Google,https://play-lh.googleusercontent.com/EGemoI2NTXmTsBVtJqk8jxF9rh8ApRWfsIMQSt2uE4OcpQqbFu7f7NbTK05lx80nuSijCz7sc3a277R67g,sejauh ini udah 3x kendala,2,0,,2025-10-09 14:41:26+00:00,"Hai, Kak Retvika. Maaf atas ketidaknyamanannya. Kami akan selalu berusaha memberikan yang terbaik kebutuhan perbankan Kakak. Mohon pastikan perangkat sudah update versi terbaru dan jika ada hal lain yang ingin ditanyakan, Kakak bisa langsung menghubungi X @haloblu atau email haloblu@bcadigital.co.id atau telepon 1500668 (layanan 24 jam).",2025-10-09 15:22:14,
3b4d3074-bcbd-463c-9fac-94d7b7b00359,Pengguna Google,https://play-lh.googleusercontent.com/EGemoI2NTXmTsBVtJqk8jxF9rh8ApRWfsIMQSt2uE4OcpQqbFu7f7NbTK05lx80nuSijCz7sc3a277R67g,2 x Uda cobak buat gagal terus gak tau masalah nya apa .. data selalu tidak sesuai padahal semua data Uda sama.. tapi gagal terus ..,1,0,2.3.0,2025-10-09 07:55:06+00:00,"Hai, Kak Ilfa. Maaf atas ketidaknyamanannya. Terkait kendala tersebut boleh kirimkan gambar kendalanya ke X @haloblu atau email haloblu@bcadigital.co.id agar kami bisa bantu lebih lanjut ya.
",2025-10-09 08:00:20,2.3.0
6897fd07-c248-4e8c-b9af-8db5413cd72b,Pengguna Google,https://play-lh.googleusercontent.com/EGemoI2NTXmTsBVtJqk8jxF9rh8ApRWfsIMQSt2uE4OcpQqbFu7f7NbTK05lx80nuSijCz7sc3a277R67g,aplikasi ap ini nomor hp saya ud terdaftar di m-banking k katanya g terdaftar padahal kl saya ambil uang pasti pake m-banking parah sistemnya,2,0,,2025-10-09 06:02:40+00:00,"Hai, Kak Barry. Maaf atas ketidaknyamanannya. Terkait kendala tersebut boleh kirimkan gambar kendalanya ke X @haloblu atau email haloblu@bcadigital.co.id agar kami bisa bantu lebih lanjut ya.",2025-10-09 07:21:05,
a928976e-91e9-4c7a-84e6-e0ef442e11a9,Pengguna Google,https://play-lh.googleusercontent.com/EGemoI2NTXmTsBVtJqk8jxF9rh8ApRWfsIMQSt2uE4OcpQqbFu7f7NbTK05lx80nuSijCz7sc3a277R67g,Bisa ga sih bikin aplikasi yg bnr? jgn cuma tampilan desainnya aja yg kenceng tapi sambungannya yg dikèncengin gila aja kali udh 1 jam nunggu ga bnr2 loading mulu!!,1,0,2.3.0,2025-10-08 23:02:48+00:00,"Hai, Kak Rara. Maaf atas ketidaknyamanannya. Kami akan selalu terus memperbaiki sistem demi mencapai kepuasan para pengguna aplikasi blu. Terkait kendala tersebut pastikan Kakak menggunakan aplikasi blu versi terbaru, pastikan setting waktu di handphone menjadi otomatis, jaringan internet lancar dan stabil serta tidak menggunakan jaringan WiFi.",2025-10-09 00:12:28,2.3.0
4a8ce867-6de8-42b4-a9a7-c36c5dbb3672,Pengguna Google,https://play-lh.googleusercontent.com/EGemoI2NTXmTsBVtJqk8jxF9rh8ApRWfsIMQSt2uE4OcpQqbFu7f7NbTK05lx80nuSijCz7sc3a277R67g,"kok lemot sekali ya makin kesini, tolong di perbaiki, sudah aplikasi terbaru, dan jaringan normal, memang banyak sekali masalah di aplikasi kalian",1,3,2.3.0,2025-10-08 22:46:17+00:00,"Hai, Kak Hadi. Maaf atas ketidaknyamanannya. Kami akan selalu terus memperbaiki sistem demi mencapai kepuasan para pengguna aplikasi blu. Saat ini aplikasi blu dalam keadaan normal Kak. Terkait kendala tersebut boleh kirimkan gambar kendalanya ke X @haloblu atau email haloblu@bcadigital.co.id agar kami bisa bantu lebih lanjut ya.",2025-10-09 00:07:25,2.3.0
436e2ec0-bc5b-4560-9b71-b0838ae21a0e,Pengguna Google,https://play-lh.googleusercontent.com/EGemoI2NTXmTsBVtJqk8jxF9rh8ApRWfsIMQSt2uE4OcpQqbFu7f7NbTK05lx80nuSijCz7sc3a277R67g,ada apa dengan blu malam ini?,3,0,,2025-10-08 22:05:21+00:00,"Hai, Kak Lis Raja. Maaf atas ketidaknyamanannya. Terkait kendala tersebut boleh kirimkan gambar kendalanya ke X @haloblu atau email haloblu@bcadigital.co.id agar kami bisa bantu lebih lanjut ya.",2025-10-08 22:21:13,
523f1649-e073-41b0-b11f-8f7645c174a0,Pengguna Google,https://play-lh.googleusercontent.com/EGemoI2NTXmTsBVtJqk8jxF9rh8ApRWfsIMQSt2uE4OcpQqbFu7f7NbTK05lx80nuSijCz7sc3a277R67g,gak tau kenapa Blue Lemot banget asli,1,1,2.3.0,2025-10-08 22:03:51+00:00,"Hai, Kak Irgi. Maaf atas ketidaknyamanannya. Kami akan selalu terus memperbaiki sistem demi mencapai kepuasan para pengguna aplikasi blu. Terkait kendala tersebut pastikan Kakak menggunakan aplikasi blu versi terbaru, pastikan setting waktu di handphone menjadi otomatis, jaringan internet lancar dan stabil serta tidak menggunakan jaringan WiFi.",2025-10-08 22:17:16,2.3.0
e4c4881c-5530-402d-98de-b67ddd722990,Pengguna Google,https://play-lh.googleusercontent.com/EGemoI2NTXmTsBVtJqk8jxF9rh8ApRWfsIMQSt2uE4OcpQqbFu7f7NbTK05lx80nuSijCz7sc3a277R67g,lemot mulu susah login asuuu,1,0,2.3.0,2025-10-08 21:53:30+00:00,"Hai, Kak Ali. Maaf atas ketidaknyamanannya. Kami akan selalu terus memperbaiki sistem demi mencapai kepuasan para pengguna aplikasi blu. Terkait kendala tersebut pastikan Kakak menggunakan aplikasi blu versi terbaru, pastikan setting waktu di handphone menjadi otomatis, jaringan internet lancar dan stabil serta tidak menggunakan jaringan WiFi.",2025-10-08 22:15:16,2.3.0
ed2e1c63-1485-4ac7-8ad7-91ae293a97c0,Pengguna Google,https://play-lh.googleusercontent.com/EGemoI2NTXmTsBVtJqk8jxF9rh8ApRWfsIMQSt2uE4OcpQqbFu7f7NbTK05lx80nuSijCz7sc3a277R67g,"Aplikasi bapuk, login aja gabisa. Padahal internet lancar. Pas lagi dibutuhkan malah gini, ampun dah nyesel aku buka blu",1,0,2.3.0,2025-10-08 21:29:12+00:00,"Hai, Kak Irvan. Maaf atas ketidaknyamanannya. Kami akan selalu terus memperbaiki sistem demi mencapai kepuasan para pengguna aplikasi blu. Terkait kendala tersebut pastikan Kakak menggunakan aplikasi blu versi terbaru, pastikan setting waktu di handphone menjadi otomatis, jaringan internet lancar dan stabil serta tidak menggunakan jaringan WiFi.",2025-10-08 21:35:26,2.3.0
b1ee5f8f-fb4a-4e08-8e9f-e9530f6e9636,Pengguna Google,https://play-lh.googleusercontent.com/EGemoI2NTXmTsBVtJqk8jxF9rh8ApRWfsIMQSt2uE4OcpQqbFu7f7NbTK05lx80nuSijCz7sc3a277R67g,hari ini blu susai di pakai mau bayar jadi G bisa,1,0,,2025-10-08 21:07:08+00:00,"Hai, Kak Adji. Maaf atas ketidaknyamanannya. Kami akan selalu terus memperbaiki sistem demi mencapai kepuasan para pengguna aplikasi blu. Terkait kendala tersebut pastikan Kakak menggunakan aplikasi blu versi terbaru, pastikan setting waktu di handphone menjadi otomatis, jaringan internet lancar dan stabil serta tidak menggunakan jaringan WiFi.",2025-10-08 21:40:47,
ec49007d-22f6-4755-a0ec-fc7e40581f92,Pengguna Google,https://play-lh.googleusercontent.com/EGemoI2NTXmTsBVtJqk8jxF9rh8ApRWfsIMQSt2uE4OcpQqbFu7f7NbTK05lx80nuSijCz7sc3a277R67g,"kenapa ngelag banget astagaaa, semakin di update semakin ngelag. padahal buka aplikasi yg lain lancar-lancar aja",1,1,2.3.0,2025-10-08 21:06:16+00:00,"Hai, Kak Elya. Maaf atas ketidaknyamanannya. Kami akan selalu terus memperbaiki sistem demi mencapai kepuasan para pengguna aplikasi blu. Terkait kendala tersebut pastikan Kakak menggunakan aplikasi blu versi terbaru, pastikan setting waktu di handphone menjadi otomatis, jaringan internet lancar dan stabil serta tidak menggunakan jaringan WiFi.",2025-10-08 21:38:52,2.3.0
fb788e66-691e-43e8-b8c3-f3f57126d1c5,Pengguna Google,https://play-lh.googleusercontent.com/EGemoI2NTXmTsBVtJqk8jxF9rh8ApRWfsIMQSt2uE4OcpQqbFu7f7NbTK05lx80nuSijCz7sc3a277R67g,seringg eror,1,0,2.3.0,2025-10-08 20:50:30+00:00,"Hai, Kak Lusva. Maaf atas ketidaknyamanannya. Kami akan selalu terus memperbaiki sistem demi mencapai kepuasan para pengguna aplikasi blu. Terkait kendala tersebut pastikan Kakak menggunakan aplikasi blu versi terbaru, pastikan setting waktu di handphone menjadi otomatis, jaringan internet lancar dan stabil serta tidak menggunakan jaringan WiFi.",2025-10-08 21:36:59,2.3.0
00821d54-50ac-41bc-8d19-11272fe79185,Pengguna Google,https://play-lh.googleusercontent.com/EGemoI2NTXmTsBVtJqk8jxF9rh8ApRWfsIMQSt2uE4OcpQqbFu7f7NbTK05lx80nuSijCz7sc3a277R67g,"Entah kenapa aplikasi Blu BCA ini bermasalah terus dengan pembacaan kartu Flàzz nya. Jaringan saya bagus, aplikasi sudah di update, saya coba baca kartunya lewat aplikasi lain bisa.",4,2,2.3.0,2025-10-08 19:10:18+00:00,"Hai, Kak Amanda. Maaf atas ketidaknyamanannya. Kami akan selalu berusaha memberikan yang terbaik kebutuhan perbankan Kakak. Terkait kendala tersebut pastikan jaringan internet lancar dan stabil serta setting waktu di handphone Kakak sudah otomatis. Jika masih terkendala, Kakak dapat menghubungi X @haloblu atau telepon 1500668 (layanan 24 jam).",2025-10-08 19:21:24,2.3.0
de5982d1-c6ee-4589-8b2e-f95dcd98dd05,Pengguna Google,https://play-lh.googleusercontent.com/EGemoI2NTXmTsBVtJqk8jxF9rh8ApRWfsIMQSt2uE4OcpQqbFu7f7NbTK05lx80nuSijCz7sc3a277R67g,ko gak bisa transfer yah udah aktiv tapi tidak bisa di top up,5,0,2.3.0,2025-10-08 18:44:05+00:00,"Hai, Kak Wahyu. Maaf atas ketidaknyamanannya. Kami akan selalu berusaha memberikan yang terbaik demi memenuhi kebutuhan perbankan Kakak. Terkait kendala tersebut boleh infokan detail kendala serta kirimkan gambar kendalanya ke X @haloblu atau email haloblu@bcadigital.co.id agar kami bisa bantu lebih lanjut ya.",2025-10-08 19:13:48,2.3.0
637172a7-e3a8-4e87-bc26-8571fda40806,Pengguna Google,https://play-lh.googleusercontent.com/EGemoI2NTXmTsBVtJqk8jxF9rh8ApRWfsIMQSt2uE4OcpQqbFu7f7NbTK05lx80nuSijCz7sc3a277R67g,Niat bikin sistem kaga verifikasi wajah aja susahnya minta ampun jangan instal apk ini,1,0,2.3.0,2025-10-08 18:19:01+00:00,"Hai, Kakak. Maaf atas ketidaknyamanannya. Kami akan selalu berusaha memberikan yang terbaik demi memenuhi kebutuhan perbankan Kakak. Terkait kendala tersebut boleh infokan detail kendala serta kirimkan gambar kendalanya ke X @haloblu atau email haloblu@bcadigital.co.id agar kami bisa bantu lebih lanjut ya.",2025-10-08 19:12:04,2.3.0
a5574277-e86b-4efc-a96f-bfbe26691880,Pengguna Google,https://play-lh.googleusercontent.com/EGemoI2NTXmTsBVtJqk8jxF9rh8ApRWfsIMQSt2uE4OcpQqbFu7f7NbTK05lx80nuSijCz7sc3a277R67g,proses verifikasi memakann waktuuuuuuu,1,1,2.3.0,2025-10-08 12:16:21+00:00,"Hai, Kak Jeremy. Maaf atas ketidaknyamanannya. Kami akan selalu berusaha memberikan yang terbaik demi memenuhi kebutuhan perbankan Kakak. Terkait kendala tersebut boleh infokan detail kendala serta kirimkan gambar kendalanya ke X @haloblu atau email haloblu@bcadigital.co.id agar kami bisa bantu lebih lanjut ya.",2025-10-08 14:11:39,2.3.0
0149a9d0-1227-4e85-a276-8c9ab1658cb6,Pengguna Google,https://play-lh.googleusercontent.com/EGemoI2NTXmTsBVtJqk8jxF9rh8ApRWfsIMQSt2uE4OcpQqbFu7f7NbTK05lx80nuSijCz7sc3a277R67g,ini pengalaman sekaligus pembelajaran bagi sy Krn BCAblu ini lain dr yg lain dn membingungkn sy SBG nasabah,1,0,,2025-10-08 11:41:20+00:00,"Hai, Kak Yoseph. Maaf atas ketidaknyamanannya. Kami akan selalu berusaha memberikan yang terbaik demi memenuhi kebutuhan perbankan Kakak. Terkait kendala tersebut boleh infokan detail kendala serta kirimkan gambar kendalanya ke X @haloblu atau email haloblu@bcadigital.co.id agar kami bisa bantu lebih lanjut ya.",2025-10-08 11:57:06,
41cc871e-967d-45d2-8d86-32f178754769,Pengguna Google,https://play-lh.googleusercontent.com/EGemoI2NTXmTsBVtJqk8jxF9rh8ApRWfsIMQSt2uE4OcpQqbFu7f7NbTK05lx80nuSijCz7sc3a277R67g,"App perbankan paling lemot sejagat raya sepertinya, tidak pernah sekalipun app ini tidak Lemot, login juga tidak pernah berhasil, padahal sudah setengah tahun lebih nyoba nyoba, jaringan juga lancar, kenapa begini sih? padahal perbankan kan penting banget",1,6,2.3.0,2025-10-08 08:06:42+00:00,"Hai, Kak Bendy. Maaf atas ketidaknyamanannya. Kami akan selalu terus memperbaiki sistem demi mencapai kepuasan para pengguna aplikasi blu. Terkait kendala tersebut pastikan Kakak menggunakan aplikasi blu versi terbaru, pastikan setting waktu di handphone menjadi otomatis, jaringan internet lancar dan stabil serta tidak menggunakan jaringan WiFi.",2025-10-08 08:18:09,2.3.0
750b7a72-9710-4197-9eb0-8eb57d44096b,Pengguna Google,https://play-lh.googleusercontent.com/EGemoI2NTXmTsBVtJqk8jxF9rh8ApRWfsIMQSt2uE4OcpQqbFu7f7NbTK05lx80nuSijCz7sc3a277R67g,Saya Siee Yessss....,5,0,2.3.0,2025-10-07 09:32:15+00:00,"Hai, Kak Jessika. Terima kasih atas ulasannya. Semoga blu bisa selalu memberikan yang terbaik untuk memenuhi semua kebutuhan perbankan Kakak. Jika ada kendala atau hal lain yang ingin ditanyakan, Kakak bisa langsung menghubungi X @haloblu atau email haloblu@bcadigital.co.id atau telepon 1500668 (layanan 24 jam).
",2025-10-07 10:04:51,2.3.0
f87dc085-5534-4757-a85f-9f6daab8527f,Pengguna Google,https://play-lh.googleusercontent.com/EGemoI2NTXmTsBVtJqk8jxF9rh8ApRWfsIMQSt2uE4OcpQqbFu7f7NbTK05lx80nuSijCz7sc3a277R67g,"setiap login ""yah terputus...coba kami sambungin lagi yaa"" udah berkali-kali nyoba dihari yang berbeda kaya gitu teruss, gimana nanti pas mau transaksi klo misalnya begitu trsss. tolong dong diperbaiki",1,9,2.3.0,2025-10-07 07:51:10+00:00,"Hai, Kak Alfida. Maaf atas ketidaknyamanannya. Kami akan selalu terus memperbaiki sistem demi mencapai kepuasan para pengguna aplikasi blu. Terkait kendala tersebut pastikan Kakak menggunakan aplikasi blu versi terbaru, pastikan setting waktu di handphone menjadi otomatis, jaringan internet lancar dan stabil serta tidak menggunakan jaringan WiFi.",2025-10-07 07:57:30,2.3.0
c7ff3be8-0667-4d06-8944-6356ecded745,Pengguna Google,https://play-lh.googleusercontent.com/EGemoI2NTXmTsBVtJqk8jxF9rh8ApRWfsIMQSt2uE4OcpQqbFu7f7NbTK05lx80nuSijCz7sc3a277R67g,"Sebenarnya secara fitur sudah bagus dan lengkap. Namun dari segi performa, Blu sangat berat sehingga mengganggu kenyamanan. Saya berharap, blu memperbaiki aplikasinya menjadi lebih ringan lagi demi kenyamanan nasabah dalam bertransaksi",3,0,,2025-10-07 04:48:26+00:00,"Hai, Kak Jaka. Maaf atas ketidaknyamanannya. Terima kasih atas saran dan masukan yang diberikan, kami akan selalu memperbaiki sistem demi mencapai kepuasan para pengguna aplikasi blu. Jika ada hal lain yang ingin ditanyakan, Kakak bisa langsung menghubungi X @haloblu atau email haloblu@bcadigital.co.id atau telepon 1500668 (layanan 24 jam).",2025-10-07 07:03:02,
44d28efb-4836-4bc5-9b57-e51abb7644b3,Pengguna Google,https://play-lh.googleusercontent.com/EGemoI2NTXmTsBVtJqk8jxF9rh8ApRWfsIMQSt2uE4OcpQqbFu7f7NbTK05lx80nuSijCz7sc3a277R67g,gak bisa di buka,1,0,2.3.0,2025-10-07 02:30:14+00:00,"Hai, Kak Hasim. Maaf atas ketidaknyamanannya. Kami akan selalu berusaha memberikan yang terbaik demi memenuhi kebutuhan perbankan Kakak. Terkait kendala tersebut boleh infokan detail kendala serta kirimkan gambar kendalanya ke X @haloblu atau email haloblu@bcadigital.co.id agar kami bisa bantu lebih lanjut ya.",2025-10-07 07:02:44,2.3.0
f5dcb181-ff80-451e-86ce-d95a7889e48b,Pengguna Google,https://play-lh.googleusercontent.com/EGemoI2NTXmTsBVtJqk8jxF9rh8ApRWfsIMQSt2uE4OcpQqbFu7f7NbTK05lx80nuSijCz7sc3a277R67g,"dulu pake blu oke"" aja, kok akhir"" ini eror trs ya blu punyaku tiap mau di pake malah sambungan terputus kocak",1,0,,2025-10-07 01:49:05+00:00,"Hai, Kak Tiara. Maaf atas ketidaknyamanannya. Terkait kendala tersebut boleh kirimkan gambar kendalanya ke X @haloblu atau email haloblu@bcadigital.co.id agar kami bisa bantu lebih lanjut ya.
",2025-10-07 07:01:47,
d86747c9-7d7a-446a-9bae-54ad34ff0277,Pengguna Google,https://play-lh.googleusercontent.com/EGemoI2NTXmTsBVtJqk8jxF9rh8ApRWfsIMQSt2uE4OcpQqbFu7f7NbTK05lx80nuSijCz7sc3a277R67g,tidak bisa dibuka,1,0,,2025-10-07 00:41:44+00:00,"Hai, Kak Edy. Maaf atas ketidaknyamanannya. Kami akan selalu berusaha memberikan yang terbaik demi memenuhi kebutuhan perbankan Kakak. Terkait kendala tersebut boleh infokan detail kendala serta kirimkan gambar kendalanya ke X @haloblu atau email haloblu@bcadigital.co.id agar kami bisa bantu lebih lanjut ya.",2025-10-07 06:55:49,
4b89636b-1923-4db2-92d6-bb3e9e3c3314,Pengguna Google,https://play-lh.googleusercontent.com/EGemoI2NTXmTsBVtJqk8jxF9rh8ApRWfsIMQSt2uE4OcpQqbFu7f7NbTK05lx80nuSijCz7sc3a277R67g,"anjay gurinjay, madep sekali apk ini wakk",5,0,,2025-10-06 23:54:23+00:00,"Hai, Kak Sultan. Terima kasih atas ulasannya. Semoga blu bisa selalu memberikan yang terbaik untuk memenuhi semua kebutuhan perbankan Kakak. Jika ada kendala atau hal lain yang ingin ditanyakan, Kakak bisa langsung menghubungi X @haloblu atau email haloblu@bcadigital.co.id atau telepon 1500668 (layanan 24 jam).
",2025-10-07 00:18:33,
cdef7c40-ec82-47dd-9827-cfa3e60a3dd1,Pengguna Google,https://play-lh.googleusercontent.com/EGemoI2NTXmTsBVtJqk8jxF9rh8ApRWfsIMQSt2uE4OcpQqbFu7f7NbTK05lx80nuSijCz7sc3a277R67g,"wkwkwk najong ih. mau nyoba pake aplikasi ini tapi first impression udah VERY BAD. verifikasi muka gabisa mulu katanya hp jangan bergerak. udah ditaroh di meja, tahan nafas, penerangan sangat cukup dan wajah udah di lingkarin terus-terusan gagal. sangat tidak recommended wkwkk.",1,0,2.3.0,2025-10-06 18:03:15+00:00,"Hai, Kak Rosie. Maaf atas ketidaknyamanannya. Terkait hal tersebut pastikan beberapa hal berikut, pastikan Kakak tidak memakai sunglasses, di tempat yang terang, tidak backlight, posisi wajah di dalam lingkaran dan pastikan aplikasi blu versi terupdate ya.",2025-10-06 18:13:57,2.3.0
b797e8e9-b757-408c-a6b6-88ad05b25e8d,Pengguna Google,https://play-lh.googleusercontent.com/EGemoI2NTXmTsBVtJqk8jxF9rh8ApRWfsIMQSt2uE4OcpQqbFu7f7NbTK05lx80nuSijCz7sc3a277R67g,"aplikasi gk jelasss..muter2 ,,,slku close sendiri..",1,0,2.3.0,2025-10-06 14:23:28+00:00,"Hai, Kakak. Maaf atas ketidaknyamanannya. Kami akan selalu berusaha memberikan yang terbaik demi memenuhi kebutuhan perbankan Kakak. Terkait kendala tersebut boleh infokan detail kendala serta kirimkan gambar kendalanya ke X @haloblu atau email haloblu@bcadigital.co.id agar kami bisa bantu lebih lanjut ya.",2025-10-06 15:16:47,2.3.0
40f698fb-efaa-4799-ba85-ed14e4630dc7,Pengguna Google,https://play-lh.googleusercontent.com/EGemoI2NTXmTsBVtJqk8jxF9rh8ApRWfsIMQSt2uE4OcpQqbFu7f7NbTK05lx80nuSijCz7sc3a277R67g,"aplikasi nya buruk,mau masuk aja susah amat,vermuk gabermutu !!!vermuk dinaplikasi ini parahhh",1,0,2.3.0,2025-10-06 11:56:59+00:00,"Hai, Kak Rian. Maaf atas ketidaknyamanannya. Kami akan selalu berusaha memberikan yang terbaik demi memenuhi kebutuhan perbankan Kakak. Terkait kendala tersebut boleh infokan detail kendala serta kirimkan gambar kendalanya ke X @haloblu atau email haloblu@bcadigital.co.id agar kami bisa bantu lebih lanjut ya.",2025-10-06 12:18:48,2.3.0
525f575d-bbbe-4faf-a924-d77dffe1a728,Pengguna Google,https://play-lh.googleusercontent.com/EGemoI2NTXmTsBVtJqk8jxF9rh8ApRWfsIMQSt2uE4OcpQqbFu7f7NbTK05lx80nuSijCz7sc3a277R67g,"anehhh di lokasi doang,,,padahal udh gw aktifin lokasi nya malah disuruh balik lagi ngaktifin lokasi!!!",2,0,2.3.0,2025-10-05 23:17:17+00:00,"Hai, Kak Dimas. Maaf atas ketidaknyamanannya. Kami akan selalu berusaha memberikan yang terbaik demi memenuhi kebutuhan perbankan Kakak. Terkait kendala tersebut boleh infokan detail kendala serta kirimkan gambar kendalanya ke X @haloblu atau email haloblu@bcadigital.co.id agar kami bisa bantu lebih lanjut ya.",2025-10-06 00:06:31,2.3.0
2804f784-ee0c-4136-9a07-7cc3e5c0b852,Pengguna Google,https://play-lh.googleusercontent.com/EGemoI2NTXmTsBVtJqk8jxF9rh8ApRWfsIMQSt2uE4OcpQqbFu7f7NbTK05lx80nuSijCz7sc3a277R67g,"mau daftar susah bngt, udah masukin no kartu malah ga terdaftar, pas mau ngetik no hp malah ga bisa tolong di perbaiki",1,0,2.3.0,2025-10-05 22:04:58+00:00,"Hai, Kakak. Maaf atas ketidaknyamanannya. Kami akan selalu berusaha memberikan yang terbaik demi memenuhi kebutuhan perbankan Kakak. Terkait kendala tersebut boleh infokan detail kendala serta kirimkan gambar kendalanya ke X @haloblu atau email haloblu@bcadigital.co.id agar kami bisa bantu lebih lanjut ya.",2025-10-05 22:52:25,2.3.0
d7b012d6-4503-43b3-b1c2-11e30e32fa67,Pengguna Google,https://play-lh.googleusercontent.com/EGemoI2NTXmTsBVtJqk8jxF9rh8ApRWfsIMQSt2uE4OcpQqbFu7f7NbTK05lx80nuSijCz7sc3a277R67g,"ka mau tanya kenapa saya gak bisa download ulang ya,, di buka jga gak bisa kenapa yy",5,0,2.1.10,2025-10-05 21:38:12+00:00,"Hai, Kakak. Maaf atas ketidaknyamanannya. Kami akan selalu berusaha memberikan yang terbaik demi memenuhi kebutuhan perbankan Kakak. Terkait kendala tersebut boleh infokan detail kendala serta kirimkan gambar kendalanya ke X @haloblu atau email haloblu@bcadigital.co.id agar kami bisa bantu lebih lanjut ya.

",2025-10-05 21:47:23,2.1.10
f0700566-1ff9-46c7-80df-ec3252b2bc69,Pengguna Google,https://play-lh.googleusercontent.com/EGemoI2NTXmTsBVtJqk8jxF9rh8ApRWfsIMQSt2uE4OcpQqbFu7f7NbTK05lx80nuSijCz7sc3a277R67g,"ANEH, BIKIN REKENING AJA SUSAH!! SURUH AKTIFIN LOKASI TERUS, PADAHAL UDAH DI AKTIFKAN !!! YANG BIKIN APLIKASI SIAPA SIH !!",1,0,2.3.0,2025-10-05 19:28:19+00:00,"Hai, Kak Denny Saputro. Maaf atas ketidaknyamanannya. Kami akan selalu berusaha memberikan yang terbaik demi memenuhi kebutuhan perbankan Kakak. Terkait kendala tersebut boleh infokan detail kendala serta kirimkan gambar kendalanya ke X @haloblu atau email haloblu@bcadigital.co.id agar kami bisa bantu lebih lanjut ya.

",2025-10-05 20:27:41,2.3.0
0d6acb2c-d0c6-446a-b455-4a8ed5d9fb92,Pengguna Google,https://play-lh.googleusercontent.com/EGemoI2NTXmTsBVtJqk8jxF9rh8ApRWfsIMQSt2uE4OcpQqbFu7f7NbTK05lx80nuSijCz7sc3a277R67g,app bobrok .. sering keluar sendiri dan sangat lemot,1,0,2.3.0,2025-10-05 18:22:50+00:00,"Hai, Kak Sulthan Baraja. Maaf atas ketidaknyamanannya. Kami akan selalu terus memperbaiki sistem demi mencapai kepuasan para pengguna aplikasi blu. Terkait kendala tersebut pastikan Kakak menggunakan blu versi terbaru, pastikan setting waktu di handphone menjadi otomatis, jaringan internet lancar atau Kakak boleh switch jaringan pada handphone.
",2025-10-05 18:58:35,2.3.0
96783ec1-219e-4d2b-8338-c11f81caf7b8,Pengguna Google,https://play-lh.googleusercontent.com/EGemoI2NTXmTsBVtJqk8jxF9rh8ApRWfsIMQSt2uE4OcpQqbFu7f7NbTK05lx80nuSijCz7sc3a277R67g,"konyol, minta perizinan lokasi berkali2, padahal lokasi selalu ON",1,0,,2025-10-05 14:13:42+00:00,"Hai, Kak Deni. Maaf atas ketidaknyamanannya. Terkait kendala tersebut boleh kirimkan gambar kendalanya ke X @haloblu atau email haloblu@bcadigital.co.id agar kami bisa bantu lebih lanjut ya.",2025-10-05 15:20:08,
41011bf9-4c06-44e3-a92f-fbb69e2706c4,Pengguna Google,https://play-lh.googleusercontent.com/EGemoI2NTXmTsBVtJqk8jxF9rh8ApRWfsIMQSt2uE4OcpQqbFu7f7NbTK05lx80nuSijCz7sc3a277R67g,pengajuan pinjaman di tolak. tapi notif mulu nawarin pinjaman,1,0,2.3.0,2025-10-05 14:09:08+00:00,"Hai, Kak Rudi. Maaf atas ketidaknyamanannya. Terkait dengan hasil pengajuan pinjaman merupakan hasil analisa data-data yang Kakak miliki pada Bank BCA Digital, Kakak bisa tingkatkan kembali untuk menabung dan transaksi dengan blu dan Kakak bisa ajukan kembali setelah 90 hari sejak pengajuan bluExtraCash Kakak ditolak ya.",2025-10-05 15:19:51,2.3.0
859f31b0-4da4-4067-bec8-5325d27c963d,Pengguna Google,https://play-lh.googleusercontent.com/EGemoI2NTXmTsBVtJqk8jxF9rh8ApRWfsIMQSt2uE4OcpQqbFu7f7NbTK05lx80nuSijCz7sc3a277R67g,mudah mudahan lancar buat transaksi.. maaf..,5,0,2.3.0,2025-10-05 02:20:12+00:00,"Hai, Kak Jacky. Terima kasih atas ulasannya. Semoga blu bisa selalu memberikan yang terbaik untuk memenuhi semua kebutuhan perbankan Kakak. Jika ada kendala atau hal lain yang ingin ditanyakan, Kakak bisa langsung menghubungi X @haloblu atau email haloblu@bcadigital.co.id atau telepon 1500668 (layanan 24 jam).",2025-10-05 03:04:21,2.3.0
08eedf2a-3268-4c1e-8fa4-2ad331de7a4d,Pengguna Google,https://play-lh.googleusercontent.com/EGemoI2NTXmTsBVtJqk8jxF9rh8ApRWfsIMQSt2uE4OcpQqbFu7f7NbTK05lx80nuSijCz7sc3a277R67g,"aplikasi blu sangat berat di smartphone, saya memberikan saran agar developer pihak blu bca membuat aplikasi sederhana yang jumlah ukurannya belasan mb dengan fitur sesimpel mungkin agar optimalisasi di semua smartphone low end maupun high end jadilah ""BLU Lite""",1,0,,2025-10-05 02:19:03+00:00,"Hai, Kak Garsa. Maaf atas ketidaknyamanannya. Kami akan selalu terus memperbaiki sistem demi mencapai kepuasan para pengguna aplikasi blu. Terkait kendala tersebut pastikan Kakak menggunakan aplikasi blu versi terbaru, pastikan setting waktu di handphone menjadi otomatis, jaringan internet lancar dan stabil serta tidak menggunakan jaringan WiFi.",2025-10-05 03:05:41,
5b6e68e9-6134-485f-ab28-9706ed8cb3c8,Pengguna Google,https://play-lh.googleusercontent.com/EGemoI2NTXmTsBVtJqk8jxF9rh8ApRWfsIMQSt2uE4OcpQqbFu7f7NbTK05lx80nuSijCz7sc3a277R67g,Ini gada update lagi kah? biar lebih smooth....,4,0,2.3.0,2025-10-04 22:36:40+00:00,"Hai, Kakak. Maaf atas ketidaknyamanannya. Terima kasih atas saran dan masukan yang diberikan, kami akan selalu memperbaiki sistem demi mencapai kepuasan para pengguna aplikasi blu. Jika ada hal lain yang ingin ditanyakan, Kakak bisa langsung menghubungi X @haloblu atau email haloblu@bcadigital.co.id atau telepon 1500668 (layanan 24 jam).",2025-10-04 22:53:56,2.3.0
5c7b34ac-cbda-4dc0-af14-c306da97bce9,Pengguna Google,https://play-lh.googleusercontent.com/EGemoI2NTXmTsBVtJqk8jxF9rh8ApRWfsIMQSt2uE4OcpQqbFu7f7NbTK05lx80nuSijCz7sc3a277R67g,"mulai suka eror terus padahal internet lancar, dulu pernah gini tapi sudah ada perbaikan saat ada pengajuan keluhan tapi sekarang bener-bener bad sangat",1,1,2.3.0,2025-10-04 21:08:11+00:00,"Hai, Kak Ellayura Pratiwi. Maaf atas ketidaknyamanannya. Kami akan selalu berusaha memberikan yang terbaik demi memenuhi kebutuhan perbankan Kakak. Terkait kendala tersebut boleh infokan detail kendalanya ke X @haloblu atau email haloblu@bcadigital.co.id agar kami bisa bantu lebih lanjut ya.",2025-10-04 21:47:45,2.3.0
c127f05a-20ab-468b-92af-046433c45ac0,Pengguna Google,https://play-lh.googleusercontent.com/EGemoI2NTXmTsBVtJqk8jxF9rh8ApRWfsIMQSt2uE4OcpQqbFu7f7NbTK05lx80nuSijCz7sc3a277R67g,lain kali kalo ada update tolong UI nya dibuat jadi agak ringan saja yach. saudara sekalian mau buat aplikasi pembayaran super cepat apa mau buat game?😇,3,0,2.3.0,2025-10-04 20:07:04+00:00,"Hai, Kak Raihan. Maaf atas ketidaknyamanannya. Kami akan selalu terus memperbaiki sistem demi mencapai kepuasan para pengguna aplikasi blu. Terkait kendala tersebut pastikan Kakak menggunakan aplikasi blu versi terbaru, pastikan setting waktu di handphone menjadi otomatis, jaringan internet lancar dan stabil serta tidak menggunakan jaringan WiFi.",2025-10-04 20:09:27,2.3.0
ad433166-e1ef-41e4-ad3a-93e3d33de574,Pengguna Google,https://play-lh.googleusercontent.com/EGemoI2NTXmTsBVtJqk8jxF9rh8ApRWfsIMQSt2uE4OcpQqbFu7f7NbTK05lx80nuSijCz7sc3a277R67g,tampilan bagus. cocok untuk digunakan sehari hari. ada satu kendala aplikasi a lemo banget saat dibuka. mohon di tingkatkan lagi. sukses selalu kedepan,5,0,,2025-10-04 17:46:36+00:00,"Hai, Kak Ivan. Terima kasih atas ulasannya. Kami akan selalu terus memperbaiki sistem demi mencapai kepuasan para pengguna aplikasi blu. Terkait kendala tersebut pastikan Kakak menggunakan aplikasi blu versi terbaru, pastikan setting waktu di handphone menjadi otomatis, jaringan internet lancar dan stabil serta tidak menggunakan jaringan WiFi.
",2025-10-04 18:05:38,
6098b46a-b3bb-49d0-b897-62020fd6e652,Pengguna Google,https://play-lh.googleusercontent.com/EGemoI2NTXmTsBVtJqk8jxF9rh8ApRWfsIMQSt2uE4OcpQqbFu7f7NbTK05lx80nuSijCz7sc3a277R67g,Good,5,0,,2025-10-04 15:41:21+00:00,"Hai, Kak Bayubhimabasuki . Terima kasih atas ulasannya. Semoga blu bisa selalu memberikan yang terbaik untuk memenuhi semua kebutuhan perbankan Kakak. Jika ada kendala atau hal lain yang ingin ditanyakan, Kakak bisa langsung menghubungi X @haloblu atau email haloblu@bcadigital.co.id atau telepon 1500668 (layanan 24 jam).
",2025-10-04 15:57:12,
33b87fd7-1de1-4d48-bec9-ea70abb904bb,Pengguna Google,https://play-lh.googleusercontent.com/EGemoI2NTXmTsBVtJqk8jxF9rh8ApRWfsIMQSt2uE4OcpQqbFu7f7NbTK05lx80nuSijCz7sc3a277R67g,"3x uninstall ulng trs Bru buka apk g smpe 5 menit nge close sndiri ini kenapa ya ngeleg""trs pdhl penyimpanan saya msh luas dn hp jg Bru g mngkin Krn hp nya tlong diperbaiki",3,0,2.3.0,2025-10-04 15:07:25+00:00,"Hai, Kak Annisa. Maaf atas ketidaknyamanannya. Kami akan selalu terus memperbaiki sistem demi mencapai kepuasan para pengguna aplikasi blu. Terkait kendala tersebut pastikan Kakak menggunakan aplikasi blu versi terbaru, pastikan setting waktu di handphone menjadi otomatis, jaringan internet lancar dan stabil serta tidak menggunakan jaringan WiFi.

",2025-10-04 16:01:13,2.3.0
2afab946-8518-4b8f-9eef-1c0c40016a4a,Pengguna Google,https://play-lh.googleusercontent.com/EGemoI2NTXmTsBVtJqk8jxF9rh8ApRWfsIMQSt2uE4OcpQqbFu7f7NbTK05lx80nuSijCz7sc3a277R67g,bunganya ga kira2 njirt jgn pinjem disini ke cekek lo telat 1hari 50ribu njirt parah,1,0,,2025-10-04 13:00:54+00:00,"Hai Kak Rino. Maaf atas ketidaknyamanannya. Kakak akan dikenakan denda keterlambatan sebesar 1% sampai 3% per bulan (sesuai dengan nominal persentase di perjanjian kredit) dihitung dari nominal tagihan dengan minimal denda Rp50.000,-. Jika terlambat bisa berdampak negatif pada skor kredit di SLIK OJK Kakak, usakan selalu bayar tepat waktu ya Kak.",2025-10-04 15:11:30,
64c0f121-42fd-4f2c-80a6-07967ea158ab,Pengguna Google,https://play-lh.googleusercontent.com/EGemoI2NTXmTsBVtJqk8jxF9rh8ApRWfsIMQSt2uE4OcpQqbFu7f7NbTK05lx80nuSijCz7sc3a277R67g,dari beberapa app bank digital yg sya pakai.blue paling berat app nya,1,0,2.3.0,2025-10-04 12:56:46+00:00,"Hai, Kak Jumari. Maaf atas ketidaknyamanannya. Kami akan selalu terus memperbaiki sistem demi mencapai kepuasan para pengguna aplikasi blu. Terkait kendala tersebut pastikan Kakak menggunakan blu versi terbaru, pastikan setting waktu di handphone menjadi otomatis, jaringan internet lancar dan stabil atau Kakak boleh switch jaringan pada handphone.",2025-10-04 14:58:12,2.3.0
478ae055-95f9-4943-ae95-e41154259c0e,Pengguna Google,https://play-lh.googleusercontent.com/EGemoI2NTXmTsBVtJqk8jxF9rh8ApRWfsIMQSt2uE4OcpQqbFu7f7NbTK05lx80nuSijCz7sc3a277R67g,apps money digital yg sangat simpel,5,0,2.1.0,2025-10-04 11:03:56+00:00,"Hai, Kak Rini Selvianty. Terima kasih atas ulasannya. Semoga blu bisa selalu memberikan yang terbaik untuk memenuhi semua kebutuhan perbankan Kakak. Jika ada kendala atau hal lain yang ingin ditanyakan, Kakak bisa langsung menghubungi X @haloblu atau email haloblu@bcadigital.co.id atau telepon 1500668 (layanan 24 jam).
",2025-10-04 11:31:10,2.1.0
53599b05-3a4f-4dee-9cb3-f5f78a9cce8a,Pengguna Google,https://play-lh.googleusercontent.com/EGemoI2NTXmTsBVtJqk8jxF9rh8ApRWfsIMQSt2uE4OcpQqbFu7f7NbTK05lx80nuSijCz7sc3a277R67g,belum ada pinjaman,5,0,2.3.0,2025-10-04 10:45:44+00:00,"Hai, Kak Nurdin Ade . Maaf atas ketidaknyamanannya. Kami akan selalu berusaha memberikan yang terbaik demi memenuhi kebutuhan perbankan Kakak. Terkait kendala tersebut boleh infokan detail kendala serta kirimkan gambar kendalanya ke X @haloblu atau email haloblu@bcadigital.co.id agar kami bisa bantu lebih lanjut ya.
",2025-10-04 11:28:54,2.3.0
35d19aff-87e1-4848-8ccb-1b32a7c31810,Pengguna Google,https://play-lh.googleusercontent.com/EGemoI2NTXmTsBVtJqk8jxF9rh8ApRWfsIMQSt2uE4OcpQqbFu7f7NbTK05lx80nuSijCz7sc3a277R67g,JELEK BANGET DETEKSI WAJAHNYA MANGAP MULU GW DIBUATNYA MANA GK KELAR2 VERIFNYA,2,0,2.3.0,2025-10-04 09:14:08+00:00,"Hai, Kakak. Maaf atas ketidaknyamanannya. Kami akan selalu berusaha memberikan yang terbaik demi kebutuhan perbankan Kakak. Terkait hal tersebut pastikan beberapa hal berikut, pastikan Kakak tidak memakai sunglasses, di tempat yang terang, tidak backlight, posisi wajah di dalam lingkaran dan pastikan aplikasi blu versi terupdate ya.
",2025-10-04 10:14:48,2.3.0
7ed64c0b-da74-4328-aa48-0332341483b3,Pengguna Google,https://play-lh.googleusercontent.com/EGemoI2NTXmTsBVtJqk8jxF9rh8ApRWfsIMQSt2uE4OcpQqbFu7f7NbTK05lx80nuSijCz7sc3a277R67g,yang sudah di bikin rekening .segera masuk lagi.bila di transaksi orang.,1,0,2.3.0,2025-10-04 08:09:47+00:00,"Hai, Kak Karmilah. Maaf atas ketidaknyamanannya. Kami akan selalu berusaha memberikan yang terbaik demi memenuhi kebutuhan perbankan Kakak. Terkait kendala tersebut boleh infokan detail kendalanya ke X @haloblu atau email haloblu@bcadigital.co.id agar kami bisa bantu lebih lanjut ya.
",2025-10-04 12:53:46,2.3.0
896f5424-ca0c-4604-877b-0e29c3755d41,Pengguna Google,https://play-lh.googleusercontent.com/EGemoI2NTXmTsBVtJqk8jxF9rh8ApRWfsIMQSt2uE4OcpQqbFu7f7NbTK05lx80nuSijCz7sc3a277R67g,jelek pinjaman tidak di acc,1,0,2.3.0,2025-10-04 06:49:42+00:00,"Hai, Kak Yuda. Maaf atas ketidaknyamanannya. Kami akan selalu berusaha memberikan yang terbaik kebutuhan perbankan Kakak. Terdapat beberapa hal yang dapat menyebabkan pengajuan pinjaman Kakak ditolak/dibatalkan, antara lain, belum sesuai dengan kriteria debitur Bank BCA Digital atau rekening bluAccount Kakak sedang diblokir.",2025-10-04 07:22:06,2.3.0
13050033-4961-41aa-8861-f23ab2c6216a,Pengguna Google,https://play-lh.googleusercontent.com/EGemoI2NTXmTsBVtJqk8jxF9rh8ApRWfsIMQSt2uE4OcpQqbFu7f7NbTK05lx80nuSijCz7sc3a277R67g,"mau buka rekening malah nyangkut di bagian akhir disuruh nyalain gps lokasi, udah di nyalain tetep nyangkut apaan coba padahal saya pengguna my bca juga malah dipersulit",1,0,2.3.0,2025-10-04 06:31:10+00:00,"Hai, Kak Gusnan. Maaf atas ketidaknyamanannya. Terkait kendala yang Kakak alami, untuk pengecekan lebih lanjut kami sarankan untuk menghubungi layanan haloblu di 1500668 atau melalui aplikasi haloBCA karena membutuhkan verifikasi data melalui telepon. 🙏",2025-10-04 07:22:05,2.3.0
a88ff1f7-fc70-4fcb-9e5a-c2d83879305c,Pengguna Google,https://play-lh.googleusercontent.com/EGemoI2NTXmTsBVtJqk8jxF9rh8ApRWfsIMQSt2uE4OcpQqbFu7f7NbTK05lx80nuSijCz7sc3a277R67g,"Ini kenapa pas mau isi data malah ngelag ya, disuruh pikih nomer handphone malah pas dipencet gabisa, gmna cb?",1,0,2.3.0,2025-10-04 06:29:34+00:00,"Hai, Kak Zahrotul. Maaf atas ketidaknyamanannya. Terkait kendala tersebut boleh sampaikan detail kendala dan mohon kirimkan gambar kendalanya ke X @haloblu atau email haloblu@bcadigital.co.id agar kami bisa bantu lebih lanjut ya.",2025-10-04 07:22:05,2.3.0
f6992c84-9da9-46dc-b95c-02b2091de79b,Pengguna Google,https://play-lh.googleusercontent.com/EGemoI2NTXmTsBVtJqk8jxF9rh8ApRWfsIMQSt2uE4OcpQqbFu7f7NbTK05lx80nuSijCz7sc3a277R67g,wow,5,0,2.1.10,2025-10-04 00:08:44+00:00,"Hai, Kak Wahyu. Terima kasih atas ulasannya. Semoga blu bisa selalu memberikan yang terbaik untuk memenuhi semua kebutuhan perbankan Kakak. Jika ada kendala atau hal lain yang ingin ditanyakan, Kakak bisa langsung menghubungi X @haloblu atau email haloblu@bcadigital.co.id atau telepon 1500668 (layanan 24 jam).",2025-10-04 00:15:40,2.1.10
156d4e42-3956-4073-b4a0-7928f0b65d70,Pengguna Google,https://play-lh.googleusercontent.com/EGemoI2NTXmTsBVtJqk8jxF9rh8ApRWfsIMQSt2uE4OcpQqbFu7f7NbTK05lx80nuSijCz7sc3a277R67g,setelah di isi malah tidak bisa login dan malah jadi kehilangan uang,1,0,2.3.0,2025-10-03 23:07:59+00:00,"Hai, Kak Nyimas. Maaf atas ketidaknyamanannya. Kami akan selalu berusaha memberikan yang terbaik demi memenuhi kebutuhan perbankan Kakak. Terkait kendala tersebut boleh infokan detail kendala serta kirimkan gambar kendalanya ke X @haloblu atau email haloblu@bcadigital.co.id agar kami bisa bantu lebih lanjut ya.",2025-10-04 00:11:05,2.3.0
be577e9d-f6be-4309-97d5-e3fc0060bc22,Pengguna Google,https://play-lh.googleusercontent.com/EGemoI2NTXmTsBVtJqk8jxF9rh8ApRWfsIMQSt2uE4OcpQqbFu7f7NbTK05lx80nuSijCz7sc3a277R67g,"kocak gara"" ada tampilan baru atau design baru disuruh riset nurut. giliran mau login ke apk nya lagi malah gak bisa kocak""",1,0,2.3.0,2025-10-03 18:04:42+00:00,"Hai, Kak Akhmad. Maaf atas ketidaknyamanannya. Kami akan selalu berusaha memberikan yang terbaik demi memenuhi kebutuhan perbankan Kakak. Terkait kendala tersebut boleh infokan detail kendala serta kirimkan gambar kendalanya ke X @haloblu atau email haloblu@bcadigital.co.id agar kami bisa bantu lebih lanjut ya.",2025-10-03 18:07:04,2.3.0
f6c6eb11-afe0-40a2-8467-a48bef1b8ab2,Pengguna Google,https://play-lh.googleusercontent.com/EGemoI2NTXmTsBVtJqk8jxF9rh8ApRWfsIMQSt2uE4OcpQqbFu7f7NbTK05lx80nuSijCz7sc3a277R67g,"mau verifikasi wajah tapi tidak bisa, baddddd",1,0,2.3.0,2025-10-03 16:11:46+00:00,"Hai, Kak Reno. Maaf atas ketidaknyamanannya. Kami akan selalu berusaha memberikan yang terbaik demi kebutuhan perbankan Kakak. Terkait hal tersebut pastikan beberapa hal berikut, pastikan Kakak tidak memakai sunglasses, di tempat yang terang, tidak backlight, posisi wajah di dalam lingkaran dan pastikan aplikasi blu versi terupdate ya.",2025-10-03 16:16:16,2.3.0
5699a763-5a0e-499a-858e-9b35e3adcd71,Pengguna Google,https://play-lh.googleusercontent.com/EGemoI2NTXmTsBVtJqk8jxF9rh8ApRWfsIMQSt2uE4OcpQqbFu7f7NbTK05lx80nuSijCz7sc3a277R67g,"kenapa sih blu kok dikit-dikit minta update terus, padahal baru seminggu lalu diupdate, eh minta update lagi",5,0,,2025-10-03 15:04:22+00:00,"Hai, Kak Veronica. Maaf atas ketidaknyamanannya. Terkait hal tersebut, blu memiliki fitur terbaru sehingga Kakak disarankan agar update aplikasi blu ke versi yang terbaru ya.",2025-10-03 16:15:18,
06eac690-9417-4595-9cd3-246c07d9c28e,Pengguna Google,https://play-lh.googleusercontent.com/EGemoI2NTXmTsBVtJqk8jxF9rh8ApRWfsIMQSt2uE4OcpQqbFu7f7NbTK05lx80nuSijCz7sc3a277R67g,BELUM BISA BUAT BAYAR TAGIHAN WIFI INDIHOME. tolong jadikan blu bisa digunakan untuk transaksi luar dan dalam negri. bisa menerima dan mentransfer dari luar negri. terima kasih.,1,1,2.3.0,2025-10-03 14:53:23+00:00,"Hai, Kak Wida. Maaf atas ketidaknyamanannya. Terima kasih atas saran dan masukan yang diberikan. Saat ini rekening blu hanya bisa melakukan transaksi pada bank domestik dan untuk ke luar negeri belum bisa. Tunggu inovasi selanjutnya yang akan dihadirkan BCA Digital ya.",2025-10-03 15:01:21,2.3.0
f59452eb-f7e9-43ad-b57e-93a799fe7ba2,Pengguna Google,https://play-lh.googleusercontent.com/EGemoI2NTXmTsBVtJqk8jxF9rh8ApRWfsIMQSt2uE4OcpQqbFu7f7NbTK05lx80nuSijCz7sc3a277R67g,loan nya susah di acc,5,0,2.3.0,2025-10-03 13:58:57+00:00,"Hai, Kakak. Maaf atas ketidaknyamanannya. Terkait dengan hasil pinjaman tergantung hasil analisa pihak terkait kami setelah melakukan analisa dari kelengkapan data Kakak ya. Jika ada hal lain yang ingin ditanyakan, Kakak bisa langsung menghubungi X @haloblu atau email haloblu@bcadigital.co.id atau telepon 1500668 (layanan 24 jam).",2025-10-03 14:04:14,2.3.0
519c543d-6a5d-4840-94de-f9bfb4ae6dcf,Pengguna Google,https://play-lh.googleusercontent.com/EGemoI2NTXmTsBVtJqk8jxF9rh8ApRWfsIMQSt2uE4OcpQqbFu7f7NbTK05lx80nuSijCz7sc3a277R67g,kenapa saya selalu gagal login,5,0,2.3.0,2025-10-03 11:34:25+00:00,"Hai, Kak Muhamad. Maaf atas ketidaknyamanannya. Terkait kendala tersebut boleh kirimkan gambar kendalanya ke X @haloblu atau email haloblu@bcadigital.co.id agar kami bisa bantu lebih lanjut ya.",2025-10-03 12:09:33,2.3.0
fa7e109c-73bb-464c-8963-7a4e6752f033,Pengguna Google,https://play-lh.googleusercontent.com/EGemoI2NTXmTsBVtJqk8jxF9rh8ApRWfsIMQSt2uE4OcpQqbFu7f7NbTK05lx80nuSijCz7sc3a277R67g,"Coba aplikasi nya ditingkatin lagi dong, mau masuk untuk restart password gabisa. jaringan udah bagus stabil tapi masih aja gabisa dipencet apa² yang tadinya pengen mudah malah harus ribet begini.",1,0,,2025-10-03 08:58:06+00:00,"Hai, Kak Siti. Maaf atas ketidaknyamanannya. Terkait kendala tersebut boleh kirimkan gambar kendalanya ke X @haloblu atau email haloblu@bcadigital.co.id agar kami bisa bantu lebih lanjut ya.",2025-10-03 09:39:46,
6cae633b-27c9-4830-9355-56d700c4b568,Pengguna Google,https://play-lh.googleusercontent.com/EGemoI2NTXmTsBVtJqk8jxF9rh8ApRWfsIMQSt2uE4OcpQqbFu7f7NbTK05lx80nuSijCz7sc3a277R67g,"simpel dan praktis,skr udh gak lemot lg ,tpi kenapa pengajuan blu extracash nya di tolak terus?????",5,1,2.3.0,2025-10-02 20:25:14+00:00,"Hai, Kak Asep. Maaf atas ketidaknyamanannya. Kami akan selalu berusaha memberikan yang terbaik kebutuhan perbankan Kakak. Terdapat beberapa hal yang dapat menyebabkan pengajuan pinjaman Kakak ditolak/dibatalkan, antara lain, belum sesuai dengan kriteria debitur Bank BCA Digital atau rekening bluAccount Kakak sedang diblokir.",2025-10-02 21:23:55,2.3.0
296a4424-2ad1-433f-82f0-e327c38edd9b,Pengguna Google,https://play-lh.googleusercontent.com/EGemoI2NTXmTsBVtJqk8jxF9rh8ApRWfsIMQSt2uE4OcpQqbFu7f7NbTK05lx80nuSijCz7sc3a277R67g,"Secara keseluruhan lumayan bagus,,tapi menurut saya masih kurang simple,dan kekurangan yang sangat terasa bagi saya adalah,,ketika transfer dana kerekening lain atau walet lain,tidak ada nama pemilik rekening atau waletnya penerima transferanya,jadi sering membuat saya ragu. sejauh ini,ini yang paling terasa kurang bagus nya aplikasi ini,,kepada developer di harapkan untuk memperbaiki ini secepatnya juga,tks",4,1,2.3.0,2025-10-02 20:13:18+00:00,"Hai, Kakak. Maaf atas ketidaknyamanannya. Terima kasih atas saran dan masukan yang diberikan, kami akan selalu memperbaiki sistem demi mencapai kepuasan para pengguna aplikasi blu. Jika ada hal lain yang ingin ditanyakan, Kakak bisa langsung menghubungi X @haloblu atau email haloblu@bcadigital.co.id atau telepon 1500668 (layanan 24 jam).",2025-10-02 21:22:46,2.3.0
f0524236-fb62-476d-a6a6-71bc14476d23,Pengguna Google,https://play-lh.googleusercontent.com/EGemoI2NTXmTsBVtJqk8jxF9rh8ApRWfsIMQSt2uE4OcpQqbFu7f7NbTK05lx80nuSijCz7sc3a277R67g,"aplikasi berjalan berat dan lama respon, tolong perbaiki",3,1,2.3.0,2025-10-02 18:27:11+00:00,"Hai Kak Wibowo, Maaf atas ketidaknyamanannya. Kami akan selalu terus memperbaiki sistem demi mencapai kepuasan para pengguna aplikasi blu. Terkait kendala tersebut pastikan Kakak gunakan blu versi terbaru, pastikan setting waktu di handphone menjadi otomatis, jaringan internet lancar dan stabil atau Kakak boleh switch jaringan pada handphone ya.",2025-10-02 19:06:16,2.3.0
0c76a33b-cc12-4d63-bead-fe38e950389d,Pengguna Google,https://play-lh.googleusercontent.com/EGemoI2NTXmTsBVtJqk8jxF9rh8ApRWfsIMQSt2uE4OcpQqbFu7f7NbTK05lx80nuSijCz7sc3a277R67g,"proses verifikasinyaaa lama betulll, suruh nunjukin muka ajaa sampe pegel tangan megang hpnya",1,0,2.3.0,2025-10-02 16:51:08+00:00,"Hai, Kak Anggun. Maaf atas ketidaknyamanannya. Kami akan selalu berusaha memberikan yang terbaik demi kebutuhan perbankan Kakak. Terkait hal tersebut pastikan beberapa hal berikut, pastikan Kakak tidak memakai sunglasses, di tempat yang terang, tidak backlight, posisi wajah di dalam lingkaran dan pastikan aplikasi blu versi terupdate ya.",2025-10-02 17:09:12,2.3.0
a03dae15-a13b-4cfb-878f-ff97842f78ef,Pengguna Google,https://play-lh.googleusercontent.com/EGemoI2NTXmTsBVtJqk8jxF9rh8ApRWfsIMQSt2uE4OcpQqbFu7f7NbTK05lx80nuSijCz7sc3a277R67g,"aplikasinya BERATTT, gak kayak BCA mobile yg ringan, sudah pakai data, hp IP 15PM , Penyimpanan masih banyak. tapi masih aja berat",2,0,,2025-10-02 15:12:15+00:00,"Hai, Kakak. Maaf atas ketidaknyamanannya. Kami akan selalu terus memperbaiki sistem demi mencapai kepuasan para pengguna aplikasi blu. Terkait kendala tersebut, pastikan setting waktu di handphone menjadi otomatis, jaringan internet lancar dan stabil atau Kakak boleh switch jaringan pada handphone ya.",2025-10-02 16:22:02,
f970483c-b7d1-4622-8142-fab03b2638b7,Pengguna Google,https://play-lh.googleusercontent.com/EGemoI2NTXmTsBVtJqk8jxF9rh8ApRWfsIMQSt2uE4OcpQqbFu7f7NbTK05lx80nuSijCz7sc3a277R67g,bagus sekali mudah dan cepat,5,0,2.2.0,2025-10-02 14:39:38+00:00,"Hai, Kak Jimmy. Terima kasih atas ulasannya. Semoga blu bisa selalu memberikan yang terbaik untuk memenuhi semua kebutuhan perbankan Kakak. Jika ada kendala atau hal lain yang ingin ditanyakan, Kakak bisa langsung menghubungi X @haloblu atau email haloblu@bcadigital.co.id atau telepon 1500668 (layanan 24 jam).",2025-10-02 15:09:29,2.2.0
b0320e2b-7985-45f5-afdd-e11115092e7a,Pengguna Google,https://play-lh.googleusercontent.com/EGemoI2NTXmTsBVtJqk8jxF9rh8ApRWfsIMQSt2uE4OcpQqbFu7f7NbTK05lx80nuSijCz7sc3a277R67g,kenapa siih harus update terus 🥲,4,0,2.3.0,2025-10-02 13:30:16+00:00,"Hai, Kak Fitri . Maaf atas ketidaknyamanannya. Kami akan selalu terus memperbaiki sistem demi mencapai kepuasan para pengguna aplikasi blu. Terkait update aplikasi dilakukan untuk perbaikan/bugs systme pada aplikasi blu. Jika ada hal lain yang ingin ditanyakan, Kakak bisa langsung menghubungi X @haloblu atau telepon 1500668 (layanan 24 jam).",2025-10-02 14:08:04,2.3.0
646cac77-feab-4d8c-b9a8-459d016f0e18,Pengguna Google,https://play-lh.googleusercontent.com/EGemoI2NTXmTsBVtJqk8jxF9rh8ApRWfsIMQSt2uE4OcpQqbFu7f7NbTK05lx80nuSijCz7sc3a277R67g,"BLU tdk berfungsi, login dan refresh pun tdk jalan. repot juga krn biasanya transaksi dg blu. payah ..",2,3,2.3.0,2025-10-02 13:21:46+00:00,"Hai, Kak Juniati. Maaf atas ketidaknyamanannya. Kami akan selalu terus memperbaiki sistem demi mencapai kepuasan para pengguna aplikasi blu. Terkait kendala tersebut pastikan Kakak menggunakan blu versi terbaru, pastikan setting waktu di handphone menjadi otomatis, jaringan internet lancar dan stabil atau Kakak boleh switch jaringan pada handphone.",2025-10-02 14:08:03,2.3.0
0dfac306-57f2-45a2-8935-13345427c54e,Pengguna Google,https://play-lh.googleusercontent.com/EGemoI2NTXmTsBVtJqk8jxF9rh8ApRWfsIMQSt2uE4OcpQqbFu7f7NbTK05lx80nuSijCz7sc3a277R67g,padahal hp ga goyang pas verifikasi wajah . tapi tulisan hp goyang terus gak jelas,1,0,,2025-10-02 12:57:06+00:00,"Hai, Kak Tasya. Maaf atas ketidaknyamanannya. Kami akan selalu berusaha memberikan yang terbaik demi kebutuhan perbankan Kakak. Terkait hal tersebut pastikan beberapa hal berikut, pastikan Kakak tidak memakai sunglasses, di tempat yang terang, tidak backlight, posisi wajah di dalam lingkaran dan pastikan aplikasi blu versi terupdate ya.",2025-10-02 14:08:01,
051fdfd9-8f95-4c0d-a3c1-c8c7300e9306,Pengguna Google,https://play-lh.googleusercontent.com/EGemoI2NTXmTsBVtJqk8jxF9rh8ApRWfsIMQSt2uE4OcpQqbFu7f7NbTK05lx80nuSijCz7sc3a277R67g,sangat rekomended,5,0,2.1.10,2025-10-02 04:25:27+00:00,"Hai, Kak Rosmiati. Terima kasih atas ulasannya. Semoga blu bisa selalu memberikan yang terbaik untuk memenuhi semua kebutuhan perbankan Kakak. Selamat menikmati kemudahan bertransaksi menggunakan blu ya. 😊",2025-10-02 05:45:08,2.1.10
0e03a671-5b2a-40db-b815-4b9139dc1727,Pengguna Google,https://play-lh.googleusercontent.com/EGemoI2NTXmTsBVtJqk8jxF9rh8ApRWfsIMQSt2uE4OcpQqbFu7f7NbTK05lx80nuSijCz7sc3a277R67g,"blu its the best, pelayanan nya sangat memuaskan. pernah kena kasus tarik tunai gagal di atm bersama tpi dimutasi tetep kepotong, hubungin cs langsung dihandle dgn baik masalah selesai cuma 2 hari. terbaik pokoknya, minusnya cuman diapps nya aja yg sering lelet. tpi terlepas dari apps nya layanan bca blu sangat memuaskan",5,23,2.3.0,2025-10-01 20:43:38+00:00,"Hai, Kak Illa Adinda. Terima kasih atas ulasannya. Semoga blu bisa selalu memberikan yang terbaik untuk memenuhi semua kebutuhan perbankan Kakak. Jika ada kendala atau hal lain yang ingin ditanyakan, Kakak bisa langsung menghubungi X @haloblu atau email haloblu@bcadigital.co.id atau telepon 1500668 (layanan 24 jam).",2025-10-01 21:10:27,2.3.0
4dcd3aa1-ded9-4f41-bcf0-3a7c71027025,Pengguna Google,https://play-lh.googleusercontent.com/EGemoI2NTXmTsBVtJqk8jxF9rh8ApRWfsIMQSt2uE4OcpQqbFu7f7NbTK05lx80nuSijCz7sc3a277R67g,kalo lagi ada gangguan tolong jangan pagi hari ya dan aplikasi tolong dibuat gesit terimakasih ka,5,4,2.3.0,2025-10-01 20:42:36+00:00,"Hai Kakak. Maaf atas ketidaknyamanannya. Terima kasih atas saran dan masukan yang diberikan, kami akan selalu memperbaiki sistem demi mencapai kepuasan para pengguna aplikasi blu. Jika ada hal lain yang ingin ditanyakan, Kakak bisa langsung menghubungi X @haloblu atau email haloblu@bcadigital.co.id atau telepon 1500668 (layanan 24 jam).",2025-10-01 21:05:52,2.3.0
e5cf76fc-ac65-494a-944e-6eb233a3b8d9,Pengguna Google,https://play-lh.googleusercontent.com/EGemoI2NTXmTsBVtJqk8jxF9rh8ApRWfsIMQSt2uE4OcpQqbFu7f7NbTK05lx80nuSijCz7sc3a277R67g,"kenapa skrg kalo transfer ada adminnya ya? padahal ke sesama bank bca mana adminnya gede bgt lagii, katanya bebas biaya admin tapi mana malah di upgrd jadi ada biaya adminnya!!!!! jadi males nabung disitu",1,1,2.3.0,2025-10-01 20:17:26+00:00,"Hai, Kak Virindya. Maaf atas ketidaknyamanannya. Untuk transfer ke BCA gratis melalui layanan BI-FAST Kak. Kakak juga bisa menggunakan bebas biaya transfer BI-FAST atau LLG ke bank lain sesuai dengan level bluLoyalty yang Kakak miliki ya.",2025-10-01 21:08:10,2.3.0
daae920c-57c9-4a56-80c2-cd7b9e8f0b92,Pengguna Google,https://play-lh.googleusercontent.com/EGemoI2NTXmTsBVtJqk8jxF9rh8ApRWfsIMQSt2uE4OcpQqbFu7f7NbTK05lx80nuSijCz7sc3a277R67g,"tiap mau buka aplikasi kenapa black out dulu, dan gagal (auto close). klik ke 3x baru berhasil. jadi ga pernah pake qris blu karna udah panik duluan, padahal banyak promo nya :(",4,2,2.3.0,2025-10-01 19:42:09+00:00,"Hai, Kak Dwi. Maaf atas ketidaknyamanannya. Kami akan selalu terus memperbaiki sistem demi mencapai kepuasan para pengguna aplikasi blu. Terkait kendala tersebut pastikan Kakak menggunakan blu versi terbaru, pastikan setting waktu di handphone menjadi otomatis, jaringan internet lancar dan stabil atau Kakak boleh switch jaringan pada handphone.",2025-10-01 19:55:11,2.3.0
eaee16cb-226c-49fd-9393-62f1e61f7b8e,Pengguna Google,https://play-lh.googleusercontent.com/EGemoI2NTXmTsBVtJqk8jxF9rh8ApRWfsIMQSt2uE4OcpQqbFu7f7NbTK05lx80nuSijCz7sc3a277R67g,"Buset ini aplikasi apaan? berat bgt, lelet bgt. mau smartphone secanggih apapun kayaknya gak bakal ngaruh, ya mmg aplikasinya berat.",1,3,2.3.0,2025-10-01 18:15:45+00:00,"Hai, Kak Sonny. Maaf atas ketidaknyamanannya. Kami akan selalu terus memperbaiki sistem demi mencapai kepuasan para pengguna aplikasi blu. Terkait kendala tersebut pastikan Kakak menggunakan blu versi terbaru, pastikan setting waktu di handphone menjadi otomatis, jaringan internet lancar dan stabil atau Kakak boleh switch jaringan pada handphone.",2025-10-01 19:45:10,2.3.0
ecad8940-3482-4aa3-9821-72748bb0f3b3,Pengguna Google,https://play-lh.googleusercontent.com/EGemoI2NTXmTsBVtJqk8jxF9rh8ApRWfsIMQSt2uE4OcpQqbFu7f7NbTK05lx80nuSijCz7sc3a277R67g,lemot,1,0,,2025-10-01 15:20:13+00:00,"Hai, Kak Ardy. Maaf atas ketidaknyamanannya. Kami akan selalu terus memperbaiki sistem demi mencapai kepuasan para pengguna aplikasi blu. Terkait kendala tersebut pastikan Kakak menggunakan blu versi terbaru, pastikan setting waktu di handphone menjadi otomatis, jaringan internet lancar dan stabil atau Kakak boleh switch jaringan pada handphone.",2025-10-01 15:27:48,
9238dbb4-972b-4417-94ca-502a0fab0cb6,Pengguna Google,https://play-lh.googleusercontent.com/EGemoI2NTXmTsBVtJqk8jxF9rh8ApRWfsIMQSt2uE4OcpQqbFu7f7NbTK05lx80nuSijCz7sc3a277R67g,apalah aplikasi ini lemot parahhhhh!!!! padahal koneksi nya lancar bolak balik ganti wifi dan kuota sendiriii tolong di respon lahhh minnn!!!,1,3,2.3.0,2025-10-01 13:38:46+00:00,"Hai, Kak Raifan. Maaf atas ketidaknyamanannya. Kami akan selalu terus memperbaiki sistem demi mencapai kepuasan para pengguna aplikasi blu. Terkait kendala tersebut pastikan Kakak menggunakan blu versi terbaru, pastikan setting waktu di handphone menjadi otomatis, jaringan internet lancar dan stabil atau Kakak boleh switch jaringan pada handphone.",2025-10-01 13:56:41,2.3.0
6a9c0981-be3b-40b7-9904-3f71aa522df0,Pengguna Google,https://play-lh.googleusercontent.com/EGemoI2NTXmTsBVtJqk8jxF9rh8ApRWfsIMQSt2uE4OcpQqbFu7f7NbTK05lx80nuSijCz7sc3a277R67g,error mulu.. temen sy transfer ke blue gimana neeh,3,0,,2025-10-01 08:39:22+00:00,"Hai, Kak Lasmi. Maaf atas ketidaknyamanannya. Kami akan selalu berusaha memberikan yang terbaik demi memenuhi kebutuhan perbankan Kakak. Terkait kendala tersebut boleh infokan detail kendala serta kirimkan gambar kendalanya ke X @haloblu atau email haloblu@bcadigital.co.id agar kami bisa bantu lebih lanjut ya.
",2025-10-01 09:37:52,
38102998-ab1f-46e7-9fde-d526ec2612a2,Pengguna Google,https://play-lh.googleusercontent.com/EGemoI2NTXmTsBVtJqk8jxF9rh8ApRWfsIMQSt2uE4OcpQqbFu7f7NbTK05lx80nuSijCz7sc3a277R67g,Gak jelas!!,1,0,,2025-10-01 08:22:52+00:00,"Hai, Kakak. Maaf atas ketidaknyamanannya. Kami akan selalu berusaha memberikan yang terbaik demi memenuhi kebutuhan perbankan Kakak. Terkait kendala tersebut boleh infokan detail kendala serta kirimkan gambar kendalanya ke X @haloblu atau email haloblu@bcadigital.co.id agar kami bisa bantu lebih lanjut ya.",2025-10-01 09:36:52,
b0317947-adaf-4b95-87f8-7f48060b362f,Pengguna Google,https://play-lh.googleusercontent.com/EGemoI2NTXmTsBVtJqk8jxF9rh8ApRWfsIMQSt2uE4OcpQqbFu7f7NbTK05lx80nuSijCz7sc3a277R67g,CS keren,5,0,2.3.0,2025-10-01 07:17:34+00:00,"Hai, Kakak. Terima kasih atas ulasannya. Semoga blu bisa selalu memberikan yang terbaik untuk memenuhi semua kebutuhan perbankan Kakak. Jika ada kendala atau hal lain yang ingin ditanyakan, Kakak bisa langsung menghubungi X @haloblu atau email haloblu@bcadigital.co.id atau telepon 1500668 (layanan 24 jam).",2025-10-01 08:12:36,2.3.0
d4be95d0-1b32-4d5e-b4d0-3491b4beb9e6,Pengguna Google,https://play-lh.googleusercontent.com/EGemoI2NTXmTsBVtJqk8jxF9rh8ApRWfsIMQSt2uE4OcpQqbFu7f7NbTK05lx80nuSijCz7sc3a277R67g,"ini knp saya ga bisa login ya setiap verif ga jelas,selalu ada tulisan kamera jng bergerak,wajah harap di jauhkan padahal hp ga gerak wajah jg sudah pas padahal saya sengaja naro saldo disitu tpi klo kaya gini saya kapok mana sampe skrng belum bisa login,dan lebih parah g bisa menghubungin cs",1,1,2.3.0,2025-10-01 06:26:26+00:00,"Hai, Kak Iqmal Maulana. Maaf atas ketidaknyamanannya. Apabila Kakak mengalami kendala menghubungi layanan haloblu 1500668 dikhawatirkan sedang padat antrean. Terkait kendala pengenalan wajah boleh kirimkan gambar kendalanya ke X @haloblu atau email haloblu@bcadigital.co.id agar kami bisa bantu lebih lanjut ya.",2025-10-01 07:11:10,2.3.0
3e9e4ee5-7389-4b8d-ba9d-cadeff007a46,Pengguna Google,https://play-lh.googleusercontent.com/EGemoI2NTXmTsBVtJqk8jxF9rh8ApRWfsIMQSt2uE4OcpQqbFu7f7NbTK05lx80nuSijCz7sc3a277R67g,keren sih ini,5,0,2.1.10,2025-10-01 05:09:34+00:00,"Hai, Kak Ariffin. Terima kasih atas ulasannya. Semoga blu bisa selalu memberikan yang terbaik untuk memenuhi semua kebutuhan perbankan Kakak. Jika ada kendala atau hal lain yang ingin ditanyakan, Kakak bisa langsung menghubungi X @haloblu atau email haloblu@bcadigital.co.id atau telepon 1500668 (layanan 24 jam).",2025-10-01 05:26:37,2.1.10
baf56ddb-e667-44e2-9a95-441f763a929f,Pengguna Google,https://play-lh.googleusercontent.com/EGemoI2NTXmTsBVtJqk8jxF9rh8ApRWfsIMQSt2uE4OcpQqbFu7f7NbTK05lx80nuSijCz7sc3a277R67g,versi lebih waras lagi,5,0,,2025-10-01 01:19:40+00:00,"Hai, Kak Andy. Terima kasih atas ulasannya. Semoga blu bisa selalu memberikan yang terbaik untuk memenuhi semua kebutuhan perbankan Kakak. Jika ada kendala atau hal lain yang ingin ditanyakan, Kakak bisa langsung menghubungi X @haloblu atau email haloblu@bcadigital.co.id atau telepon 1500668 (layanan 24 jam).",2025-10-01 01:31:14,
