reviewId,userName,userImage,content,score,thumbsUpCount,reviewCreatedVersion,at,replyContent,repliedAt,appVersion
b765cfb4-569e-4b06-9ee1-d67ecf450b1b,Pengguna Google,https://play-lh.googleusercontent.com/EGemoI2NTXmTsBVtJqk8jxF9rh8ApRWfsIMQSt2uE4OcpQqbFu7f7NbTK05lx80nuSijCz7sc3a277R67g,jelek apk nya malah gagal login gara2 vermuk udah diterangin masih aja gagal payaaaaaaah,1,0,2.7.20,2025-12-31 17:47:46+00:00,"Hai, Kak Dudu. Maaf atas ketidaknyamanannya. Kami akan selalu berusaha memberikan yang terbaik demi kebutuhan perbankan Kakak. Terkait hal tersebut pastikan beberapa hal berikut, pastikan Kakak tidak memakai sunglasses, di tempat yang terang, tidak backlight, posisi wajah di dalam lingkaran dan pastikan aplikasi blu versi terupdate ya.

",2025-12-31 19:09:12,2.7.20
22d2cd5b-1d91-41e8-b3b4-a04904f78af3,Pengguna Google,https://play-lh.googleusercontent.com/EGemoI2NTXmTsBVtJqk8jxF9rh8ApRWfsIMQSt2uE4OcpQqbFu7f7NbTK05lx80nuSijCz7sc3a277R67g,tolong tambahkan fitur login masak pilihannya cuman mulai daftar akun sedangkan sebelumnya udah ada,1,0,2.7.20,2025-12-31 14:04:48+00:00,"Hai, Kak Ruth. Maaf atas ketidaknyamanannya. Kami akan selalu berusaha memberikan yang terbaik demi memenuhi kebutuhan perbankan Kakak. Terkait kendala tersebut boleh infokan detail kendala serta kirimkan gambar kendalanya ke X @haloblu atau email haloblu@bcadigital.co.id agar kami bisa bantu lebih lanjut ya.",2025-12-31 15:03:36,2.7.20
fff069ce-acc0-45be-9204-0a97580fb7bf,Pengguna Google,https://play-lh.googleusercontent.com/EGemoI2NTXmTsBVtJqk8jxF9rh8ApRWfsIMQSt2uE4OcpQqbFu7f7NbTK05lx80nuSijCz7sc3a277R67g,Lemot berat banget bikin malu kalau bayar di kasir yang lagi antri,1,0,,2025-12-31 13:50:35+00:00,"Hai, Kakak. Maaf atas ketidaknyamanannya. Kami akan selalu terus memperbaiki sistem demi mencapai kepuasan para pengguna aplikasi blu. Terkait kendala tersebut pastikan Kakak menggunakan aplikasi blu versi terbaru dan jaringan internet lancar dan stabil serta tidak menggunakan jaringan WiFi.",2025-12-31 14:07:53,
a22461d8-bd56-4d3b-adb1-11cedc3c1cca,Pengguna Google,https://play-lh.googleusercontent.com/EGemoI2NTXmTsBVtJqk8jxF9rh8ApRWfsIMQSt2uE4OcpQqbFu7f7NbTK05lx80nuSijCz7sc3a277R67g,Saya kasih bintang 4 dulu walaupun belum berhasil daftar. Mohon diperbaiki ya,4,0,2.7.20,2025-12-31 13:34:39+00:00,"Hai, Kak Ifan. Terima kasih atas ulasannya. Terima kasih atas saran dan masukan yang diberikan, kami akan selalu memperbaiki sistem demi mencapai kepuasan para pengguna aplikasi blu. Jika ada hal lain yang ingin ditanyakan, Kakak bisa langsung menghubungi X @haloblu atau email haloblu@bcadigital.co.id atau telepon 1500668 (layanan 24 jam).",2025-12-31 14:09:00,2.7.20
ed17d735-9f76-454d-8254-b9db409feaa4,Pengguna Google,https://play-lh.googleusercontent.com/EGemoI2NTXmTsBVtJqk8jxF9rh8ApRWfsIMQSt2uE4OcpQqbFu7f7NbTK05lx80nuSijCz7sc3a277R67g,ribet .. aplikasinya berat... pas video call verifikasi KTP di luar ruangan dan siang pula ngga kebaca. super super ribet...,1,0,,2025-12-31 13:20:53+00:00,"Hai, Kak Salsa. Maaf atas ketidaknyamanannya. Untuk kendala proses video call, kami sarankan untuk mencoba secara berkala dan dipastikan jaringan internet yang digunakan dalam keadaan stabil, Kakak boleh switch jaringan pada handphone. Proses video call untuk pembukaan rekening blu dapat Kakak lakukan dari pukul 06:00 - 22:00 WIB ya.",2025-12-31 14:04:58,
b762e7f8-d856-405a-8170-90f10a33e2ce,Pengguna Google,https://play-lh.googleusercontent.com/EGemoI2NTXmTsBVtJqk8jxF9rh8ApRWfsIMQSt2uE4OcpQqbFu7f7NbTK05lx80nuSijCz7sc3a277R67g,ko daftarnya ribet hrs vcall segala ya?? mau ga jd dftr tp data udah masuk gmn dong,4,0,2.7.20,2025-12-31 08:51:48+00:00,"Hai Kak Vivin. Mohon maaf atas ketidaknyamanan dan kendala yang Kakak alami. Untuk pembukaan rekening blu tidak harus video call, namun jika ada data yang belum terverifikasi maka Kakak akan diminta menghubungi layanan video call. Data Kakak akan tersimpan di sistem kami selama 7 hari ya.",2025-12-31 09:09:44,2.7.20
7cc92511-6479-410d-9c04-a43b74ca7520,Pengguna Google,https://play-lh.googleusercontent.com/EGemoI2NTXmTsBVtJqk8jxF9rh8ApRWfsIMQSt2uE4OcpQqbFu7f7NbTK05lx80nuSijCz7sc3a277R67g,ini gmn sy gabisa login krna masukin paswordssh bngt lodingnya lemot pdlhan snyal sy bagus2 aja,1,0,1.57.10,2025-12-31 04:19:30+00:00,"Hai, Kak Abi Fais. Maaf atas ketidaknyamanannya. Kami akan selalu terus memperbaiki sistem demi mencapai kepuasan para pengguna aplikasi blu. Terkait kendala tersebut pastikan Kakak menggunakan aplikasi blu versi terbaru, pastikan setting waktu di handphone menjadi otomatis, jaringan internet lancar dan stabil serta tidak menggunakan jaringan WiFi.",2025-12-31 05:13:16,1.57.10
4dd32f81-cd5d-42b9-859d-2476850c8780,Pengguna Google,https://play-lh.googleusercontent.com/EGemoI2NTXmTsBVtJqk8jxF9rh8ApRWfsIMQSt2uE4OcpQqbFu7f7NbTK05lx80nuSijCz7sc3a277R67g,"sekelas bca optimasi aplikasi nya seperti ini? 6 bulan pake tidak ada peningkatan sama sekali. mending sebelum kasih fitur"" baru itu optimalkan dulu aplikasinya. buat apa fitur diupgrade tapi stability dan optimization nya kacau",2,0,2.7.20,2025-12-30 23:30:24+00:00,"Hai, Kak Syafiq. Maaf atas ketidaknyamanannya. Terima kasih atas saran dan masukan yang diberikan, kami akan selalu memperbaiki sistem demi mencapai kepuasan para pengguna aplikasi blu. Jika ada hal lain yang ingin ditanyakan, Kakak bisa langsung menghubungi X @haloblu atau email haloblu@bcadigital.co.id atau telepon 1500668 (layanan 24 jam).",2025-12-30 23:43:09,2.7.20
b7139a6c-00f1-456e-99f1-e3e42bc0c21e,Pengguna Google,https://play-lh.googleusercontent.com/EGemoI2NTXmTsBVtJqk8jxF9rh8ApRWfsIMQSt2uE4OcpQqbFu7f7NbTK05lx80nuSijCz7sc3a277R67g,tampilan ui simpel dan mudah digunakan namun untuk login ke apl masih kurang responsif,3,0,,2025-12-30 23:19:30+00:00,"Hai, Kak Mahendra. Maaf atas ketidaknyamanannya. Kami akan selalu terus memperbaiki sistem demi mencapai kepuasan para pengguna aplikasi blu. Terkait kendala tersebut pastikan Kakak menggunakan aplikasi blu versi terbaru, pastikan setting waktu di handphone menjadi otomatis, jaringan internet lancar dan stabil serta tidak menggunakan jaringan WiFi.",2025-12-30 23:27:05,
ebb9cc57-d15e-4c05-b237-3258baab6db1,Pengguna Google,https://play-lh.googleusercontent.com/EGemoI2NTXmTsBVtJqk8jxF9rh8ApRWfsIMQSt2uE4OcpQqbFu7f7NbTK05lx80nuSijCz7sc3a277R67g,verif wajah susah sekali tolong di perbaiki padahal cmn makeup dikit ajaa kyk udh oplas satu muka.,2,0,2.7.20,2025-12-30 22:10:37+00:00,"Hai, Kak Putri. Maaf atas ketidaknyamanannya. Kami akan selalu berusaha memberikan yang terbaik demi kebutuhan perbankan Kakak. Terkait hal tersebut pastikan beberapa hal berikut, pastikan Kakak tidak memakai sunglasses, di tempat yang terang, tidak backlight, posisi wajah di dalam lingkaran dan pastikan aplikasi blu versi terupdate ya.",2025-12-30 23:25:54,2.7.20
c7fbdd72-7e39-4fd8-a302-7973aafe8601,Pengguna Google,https://play-lh.googleusercontent.com/EGemoI2NTXmTsBVtJqk8jxF9rh8ApRWfsIMQSt2uE4OcpQqbFu7f7NbTK05lx80nuSijCz7sc3a277R67g,"Kecewa banget, setiap mau transaksi online qris suka lama proses nya apalagi pas mau login ke m-banking. Mohon untuk di perbaiki ke depan nya",1,0,,2025-12-30 20:32:16+00:00,"Hai, Kak Muhamad iqbal. Maaf atas ketidaknyamanannya. Kami akan selalu terus memperbaiki sistem demi mencapai kepuasan para pengguna aplikasi blu. Terkait kendala tersebut pastikan Kakak menggunakan aplikasi blu versi terbaru, pastikan setting waktu di handphone menjadi otomatis, jaringan internet lancar dan stabil serta tidak menggunakan WiFi.
",2025-12-30 20:56:48,
45ffb1d1-1526-4c45-ba81-a18b139071c3,Pengguna Google,https://play-lh.googleusercontent.com/EGemoI2NTXmTsBVtJqk8jxF9rh8ApRWfsIMQSt2uE4OcpQqbFu7f7NbTK05lx80nuSijCz7sc3a277R67g,"jelek bgt buat transaksi pake qris, lamaaaa",1,0,2.7.20,2025-12-30 19:02:15+00:00,"Hai, Kak Putri Rahayu. Maaf atas ketidaknyamanannya. Kami akan selalu terus memperbaiki sistem demi mencapai kepuasan para pengguna aplikasi blu. Terkait kendala tersebut pastikan Kakak menggunakan aplikasi blu versi terbaru, pastikan setting waktu di handphone menjadi otomatis, jaringan internet lancar dan stabil serta tidak menggunakan WiFi.
",2025-12-30 19:44:35,2.7.20
c8c0fb68-983e-45ff-a1b0-e4cc8adbfbe1,Pengguna Google,https://play-lh.googleusercontent.com/EGemoI2NTXmTsBVtJqk8jxF9rh8ApRWfsIMQSt2uE4OcpQqbFu7f7NbTK05lx80nuSijCz7sc3a277R67g,berhubungan skrng normal lagi saya kasi bintang 5,5,0,,2025-12-30 17:05:47+00:00,"Hai, Kak Rudi Anto. Terima kasih atas ulasannya. Semoga blu bisa selalu memberikan yang terbaik untuk memenuhi semua kebutuhan perbankan Kakak. Jika ada kendala atau hal lain yang ingin ditanyakan, Kakak bisa langsung menghubungi X @haloblu atau email haloblu@bcadigital.co.id atau telepon 1500668 (layanan 24 jam).
",2025-12-30 18:20:14,
49bec8da-e761-4087-a7d7-6ba98460c869,Pengguna Google,https://play-lh.googleusercontent.com/EGemoI2NTXmTsBVtJqk8jxF9rh8ApRWfsIMQSt2uE4OcpQqbFu7f7NbTK05lx80nuSijCz7sc3a277R67g,"vermuk gagal mulu, makin lama makin gajelas padahal wajah sesuai nomer juga sesuai, hapus dari playstore aja aplikasinya makin kesini makin ga jelas",1,0,2.7.20,2025-12-30 16:00:47+00:00,"Hai, Kakak. Maaf atas ketidaknyamanannya. Kami akan selalu berusaha memberikan yang terbaik demi kebutuhan perbankan Kakak. Terkait hal tersebut pastikan beberapa hal berikut, pastikan Kakak tidak memakai sunglasses, di tempat yang terang, tidak backlight, posisi wajah di dalam lingkaran dan pastikan aplikasi blu versi terupdate ya.",2025-12-30 16:58:49,2.7.20
5cf1eb8c-1464-4995-bfea-34e27d36473f,Pengguna Google,https://play-lh.googleusercontent.com/EGemoI2NTXmTsBVtJqk8jxF9rh8ApRWfsIMQSt2uE4OcpQqbFu7f7NbTK05lx80nuSijCz7sc3a277R67g,"Min tolong aplikasinya diperbaiki, saya pakai versi android 9 yg cukup lama dan aplikasi tidak berjalan baik, sedangkan aplikasi bank digital lain masih berjalan optimal",2,0,2.7.20,2025-12-30 12:28:13+00:00,"Hai, Kakak . Maaf atas ketidaknyamanannya. Kami akan selalu terus memperbaiki sistem demi mencapai kepuasan para pengguna aplikasi blu. Terkait kendala tersebut pastikan Kakak menggunakan blu versi terbaru, pastikan setting waktu di handphone menjadi otomatis, jaringan internet lancar dan stabil atau Kakak boleh switch jaringan pada handphone.

",2025-12-30 12:48:19,2.7.20
c240b8a9-8843-46ff-963e-3ed434f5bfcb,Pengguna Google,https://play-lh.googleusercontent.com/EGemoI2NTXmTsBVtJqk8jxF9rh8ApRWfsIMQSt2uE4OcpQqbFu7f7NbTK05lx80nuSijCz7sc3a277R67g,"tolong aplikasiny di buat lebih smooth dan responsif, ui-uxny terlalu berat, loadingnya terlalu lama. di menu e-wallet ketika mau top up DANA, setelah kita masukkan nomor tujuan tidak muncul nama rekening DANAny (nama alias akun rekening) tolong ditambahkan nama pemilik akun rekeningnya",2,1,2.7.20,2025-12-29 23:57:27+00:00,"Hai, Kak Aldi. Maaf atas ketidaknyamanannya. Terima kasih atas saran dan masukan yang diberikan, kami akan selalu memperbaiki sistem demi mencapai kepuasan para pengguna aplikasi blu. Terkait kendala tersebut pastikan Kakak menggunakan aplikasi blu versi terbaru dan jaringan internet lancar dan stabil serta tidak menggunakan jaringan WiFi.",2025-12-30 00:07:26,2.7.20
f86029e6-dbe4-474f-9423-d7bc06d1aa61,Pengguna Google,https://play-lh.googleusercontent.com/EGemoI2NTXmTsBVtJqk8jxF9rh8ApRWfsIMQSt2uE4OcpQqbFu7f7NbTK05lx80nuSijCz7sc3a277R67g,Sudah 3 hari lebih tidak bisa masuk cape banget tolong yah kaka 🙏,5,0,2.7.20,2025-12-29 23:44:23+00:00,"Hai, Kak Slamet. Maaf atas ketidaknyamanannya. Terkait kendala tersebut boleh kirimkan gambar kendalanya ke X @haloblu atau email haloblu@bcadigital.co.id agar kami bisa bantu lebih lanjut ya.",2025-12-30 00:04:02,2.7.20
58acbf6d-f307-4eb6-802d-ee952e1d00d9,Pengguna Google,https://play-lh.googleusercontent.com/EGemoI2NTXmTsBVtJqk8jxF9rh8ApRWfsIMQSt2uE4OcpQqbFu7f7NbTK05lx80nuSijCz7sc3a277R67g,pls kurangin biaya admin masa sesama bca juga ada admin,5,0,,2025-12-29 19:25:22+00:00,"Hai, Kak. Maaf atas ketidaknyamanannya. Kami akan selalu berusaha memberikan yang terbaik kebutuhan perbankan Kakak. Untuk biaya transfer dari BCA ke blu dengan BI-FAST merupakan kebijakan BCA ya kak. Jika ada yang ingin ditanyakan, Kakak bisa langsung menghubungi X @haloblu atau email haloblu@bcadigital.co.id atau telepon 1500668 (layanan 24 jam).",2025-12-29 20:10:18,
b3f3abf4-876c-4a18-9272-8a504c114b8d,Pengguna Google,https://play-lh.googleusercontent.com/EGemoI2NTXmTsBVtJqk8jxF9rh8ApRWfsIMQSt2uE4OcpQqbFu7f7NbTK05lx80nuSijCz7sc3a277R67g,"udah logout account, mau login lagi susah!!! keteragan Terputus mulu. padahaludh pake wifi",2,0,,2025-12-29 18:11:10+00:00,"Hai, Kak Yuda. Maaf atas ketidaknyamanannya. Terkait kendala tersebut boleh kirimkan gambar kendalanya ke X @haloblu atau email haloblu@bcadigital.co.id agar kami bisa bantu lebih lanjut ya.",2025-12-29 18:17:42,
d1a5d951-e55c-4367-9747-66548df4ec2d,Pengguna Google,https://play-lh.googleusercontent.com/EGemoI2NTXmTsBVtJqk8jxF9rh8ApRWfsIMQSt2uE4OcpQqbFu7f7NbTK05lx80nuSijCz7sc3a277R67g,Sangat mudah,5,0,1.47.0,2025-12-29 18:10:15+00:00,"Hai, Kak SOLIHIN. Terima kasih atas ulasannya. Semoga blu bisa selalu memberikan yang terbaik untuk memenuhi semua kebutuhan perbankan Kakak. Jika ada kendala atau hal lain yang ingin ditanyakan, Kakak bisa langsung menghubungi X @haloblu atau email haloblu@bcadigital.co.id atau telepon 1500668 (layanan 24 jam).",2025-12-29 18:16:54,1.47.0
38e92ce5-fee8-4a25-98d4-4ae27c406b8e,Pengguna Google,https://play-lh.googleusercontent.com/EGemoI2NTXmTsBVtJqk8jxF9rh8ApRWfsIMQSt2uE4OcpQqbFu7f7NbTK05lx80nuSijCz7sc3a277R67g,"dear admin Blu, kenapa setiap login atau akan login, loading lama ya? apakah ada bugs mohon diperbaiki. terima kasih",3,0,2.7.20,2025-12-29 18:02:39+00:00,"Hai, Kak Rahim. Maaf atas ketidaknyamanannya. Kami akan selalu terus memperbaiki sistem demi mencapai kepuasan para pengguna aplikasi blu. Terkait kendala tersebut pastikan Kakak menggunakan aplikasi blu versi terbaru, pastikan setting waktu di handphone menjadi otomatis, jaringan internet lancar dan stabil serta tidak menggunakan jaringan WiFi.",2025-12-29 18:16:10,2.7.20
80fb4ef2-91e5-42c9-8eec-ad681dadc4c3,Pengguna Google,https://play-lh.googleusercontent.com/EGemoI2NTXmTsBVtJqk8jxF9rh8ApRWfsIMQSt2uE4OcpQqbFu7f7NbTK05lx80nuSijCz7sc3a277R67g,susah bener vermu nyaaa!!!!,4,0,2.7.20,2025-12-29 17:51:24+00:00,"Hai, Kakak. Maaf atas ketidaknyamanannya. Kami akan selalu berusaha memberikan yang terbaik demi kebutuhan perbankan Kakak. Terkait hal tersebut pastikan beberapa hal berikut, pastikan Kakak tidak memakai sunglasses, di tempat yang terang, tidak backlight, posisi wajah di dalam lingkaran dan pastikan aplikasi blu versi terupdate ya.",2025-12-29 18:13:20,2.7.20
4687da9d-df11-4ba9-a144-c0547a744f23,Pengguna Google,https://play-lh.googleusercontent.com/EGemoI2NTXmTsBVtJqk8jxF9rh8ApRWfsIMQSt2uE4OcpQqbFu7f7NbTK05lx80nuSijCz7sc3a277R67g,pake musik+game jaringan normal tapi ko login blu bca susah koneksi nya,1,0,2.7.20,2025-12-29 16:43:11+00:00,"Hai, Kak Egi. Maaf atas ketidaknyamanannya. Kami akan selalu terus memperbaiki sistem demi mencapai kepuasan para pengguna aplikasi blu. Terkait kendala tersebut pastikan Kakak menggunakan aplikasi blu versi terbaru, pastikan setting waktu di handphone menjadi otomatis, jaringan internet lancar dan stabil serta tidak menggunakan jaringan WiFi.",2025-12-29 17:02:00,2.7.20
89b6b295-c107-4b25-accf-a8c0e5fcf83e,Pengguna Google,https://play-lh.googleusercontent.com/EGemoI2NTXmTsBVtJqk8jxF9rh8ApRWfsIMQSt2uE4OcpQqbFu7f7NbTK05lx80nuSijCz7sc3a277R67g,hoaxxxx,1,0,2.7.20,2025-12-29 14:33:36+00:00,"Hai, Kak Ramdhani. Maaf atas ketidaknyamanannya. Kami akan selalu berusaha memberikan yang terbaik kebutuhan perbankan Kakak. Jika ada hal lain yang ingin ditanyakan, Kakak bisa langsung menghubungi X @haloblu atau email haloblu@bcadigital.co.id atau telepon 1500668 (layanan 24 jam).",2025-12-29 16:00:45,2.7.20
150bc7cd-e66a-4681-9c99-fe0061c28f0a,Pengguna Google,https://play-lh.googleusercontent.com/EGemoI2NTXmTsBVtJqk8jxF9rh8ApRWfsIMQSt2uE4OcpQqbFu7f7NbTK05lx80nuSijCz7sc3a277R67g,"Aplikasinya sangat lemot, tidak recomend untuk transaksi harian",1,0,2.7.20,2025-12-29 12:53:00+00:00,"Hai, Kak Raif. Maaf atas ketidaknyamanannya. Kami akan selalu terus memperbaiki sistem demi mencapai kepuasan para pengguna aplikasi blu. Terkait kendala tersebut pastikan Kakak menggunakan aplikasi blu versi terbaru, pastikan setting waktu di handphone menjadi otomatis, jaringan internet lancar dan stabil serta tidak menggunakan jaringan WiFi ya.
",2025-12-29 12:55:12,2.7.20
1bd8d84d-77ce-4c7c-829f-02b6d71f9aaf,Pengguna Google,https://play-lh.googleusercontent.com/EGemoI2NTXmTsBVtJqk8jxF9rh8ApRWfsIMQSt2uE4OcpQqbFu7f7NbTK05lx80nuSijCz7sc3a277R67g,udah gw tungguin buat vc dari urutan 15 sampe gk ada angka nya setengah jam lebih gw tungguin tetep gk kesambung²,1,0,2.7.20,2025-12-29 11:15:47+00:00,"Hai, Kak David Tandra aditama. Maaf atas ketidaknyamanannya. Untuk kendala proses video call, kami sarankan untuk mencoba secara berkala dan dipastikan jaringan internet yang digunakan dalam keadaan stabil, Kakak boleh switch jaringan pada handphone. Proses video call untuk pembukaan rekening blu dapat Kakak lakukan dari pukul 06:00 - 22:00 WIB.

",2025-12-29 11:50:35,2.7.20
151719dc-d07f-4e0d-aa6c-ffe7033c02b5,Pengguna Google,https://play-lh.googleusercontent.com/EGemoI2NTXmTsBVtJqk8jxF9rh8ApRWfsIMQSt2uE4OcpQqbFu7f7NbTK05lx80nuSijCz7sc3a277R67g,"BLU by BCA langsung Gercep,thanks sudah ada perbaikan jangan sampai susah login vermuk ,kan sudah ada sidik jari dan PIN mohon tidak berulangkali logout sendiri.",5,0,,2025-12-29 08:45:21+00:00,"Hai, Kak Achmad Solehudin. Maaf atas ketidaknyamanannya. Kami akan selalu berusaha memberikan yang terbaik demi kebutuhan perbankan Kakak. Pastikan Kakak menggunakan aplikasi blu versi terbaru Kak. Terima kasih atas saran dan masukan yang diberikan, kami akan selalu memperbaiki sistem demi mencapai kepuasan para pengguna aplikasi blu.",2025-12-29 09:18:14,
3305d1a3-ac99-4be6-9b53-b43296cf4e7d,Pengguna Google,https://play-lh.googleusercontent.com/EGemoI2NTXmTsBVtJqk8jxF9rh8ApRWfsIMQSt2uE4OcpQqbFu7f7NbTK05lx80nuSijCz7sc3a277R67g,ok,5,0,,2025-12-29 01:59:57+00:00,"Hai, Kak Johan. Terima kasih atas ulasannya. Semoga blu bisa selalu memberikan yang terbaik untuk memenuhi semua kebutuhan perbankan Kakak. Jika ada kendala atau hal lain yang ingin ditanyakan, Kakak bisa langsung menghubungi X @haloblu atau email haloblu@bcadigital.co.id atau telepon 1500668 (layanan 24 jam).",2025-12-29 02:18:07,
d8ea028b-c978-4f46-87d8-ee44ac46d4aa,Pengguna Google,https://play-lh.googleusercontent.com/EGemoI2NTXmTsBVtJqk8jxF9rh8ApRWfsIMQSt2uE4OcpQqbFu7f7NbTK05lx80nuSijCz7sc3a277R67g,"ini sekedar saran aja sih, tapi proses loading login dan pembayaran qris di aplikasi blu masih tergolong lama banget. kadang kita mau buru buru bayar kudu lama nunggu. semoga bisa diupgrade aplikasi nya biar loadingnya lebih cepat.",4,0,,2025-12-28 21:48:37+00:00,"Hai, Kak Muhammad. Maaf atas ketidaknyamanannya. Kami akan selalu terus memperbaiki sistem demi mencapai kepuasan para pengguna aplikasi blu. Terkait kendala tersebut pastikan Kakak menggunakan aplikasi blu versi terbaru dan jaringan internet lancar dan stabil serta tidak menggunakan jaringan WiFi.",2025-12-28 21:52:37,
a9e480e3-f58d-49d8-83fc-3bf68a33bc6d,Pengguna Google,https://play-lh.googleusercontent.com/EGemoI2NTXmTsBVtJqk8jxF9rh8ApRWfsIMQSt2uE4OcpQqbFu7f7NbTK05lx80nuSijCz7sc3a277R67g,"Tolong bagian loading sidik jari dan pas mau masuk itu di perbaiki dan di percepat lagi, responnya lama bangeeeeeeetttt apalagi kalo mau di pakai buat Qris",1,1,2.7.20,2025-12-28 21:41:21+00:00,"Hai, Kak Aditia. Maaf atas ketidaknyamanannya. Kami akan selalu terus memperbaiki sistem demi mencapai kepuasan para pengguna aplikasi blu. Terkait kendala tersebut pastikan Kakak menggunakan aplikasi blu versi terbaru dan jaringan internet lancar dan stabil serta tidak menggunakan jaringan WiFi.",2025-12-28 21:51:41,2.7.20
acb078ca-fb48-4212-b7f1-58fccf320486,Pengguna Google,https://play-lh.googleusercontent.com/EGemoI2NTXmTsBVtJqk8jxF9rh8ApRWfsIMQSt2uE4OcpQqbFu7f7NbTK05lx80nuSijCz7sc3a277R67g,eror mulu deh heran buru2 mau tf login aja susah,1,0,2.7.20,2025-12-28 17:24:31+00:00,"Hai, Kak Silvia. Maaf atas ketidaknyamanannya. Terkait kendala tersebut boleh kirimkan gambar kendalanya ke X @haloblu atau email haloblu@bcadigital.co.id agar kami bisa bantu lebih lanjut ya.",2025-12-28 18:02:50,2.7.20
795265b7-4a2c-486e-a611-d53786b1be3c,Pengguna Google,https://play-lh.googleusercontent.com/EGemoI2NTXmTsBVtJqk8jxF9rh8ApRWfsIMQSt2uE4OcpQqbFu7f7NbTK05lx80nuSijCz7sc3a277R67g,jujur makin kesini makin lemot... login aja loading lama... jauh sama BCA mungkin bisa diperbaiki 🙂,3,0,2.7.20,2025-12-28 14:59:02+00:00,"Hai, Kakak. Maaf atas ketidaknyamanannya. Kami akan selalu terus memperbaiki sistem demi mencapai kepuasan para pengguna aplikasi blu. Terkait kendala tersebut pastikan Kakak menggunakan aplikasi blu versi terbaru, pastikan setting waktu di handphone menjadi otomatis, jaringan internet lancar dan stabil serta tidak menggunakan jaringan WiFi.
",2025-12-28 15:38:47,2.7.20
0e13eaa7-2af7-46c3-bfc4-562f38d6274a,Pengguna Google,https://play-lh.googleusercontent.com/EGemoI2NTXmTsBVtJqk8jxF9rh8ApRWfsIMQSt2uE4OcpQqbFu7f7NbTK05lx80nuSijCz7sc3a277R67g,"LEMOT BANGET APLIKASINYA, GA WORTH IT KALO KEADAAN URGENT!!",1,0,2.7.20,2025-12-28 13:25:52+00:00,"Hai, Kak Muhamad. Maaf atas ketidaknyamanannya. Kami akan selalu terus memperbaiki sistem demi mencapai kepuasan para pengguna aplikasi blu. Terkait kendala tersebut pastikan Kakak menggunakan aplikasi blu versi terbaru dan jaringan internet lancar dan stabil serta tidak menggunakan jaringan WiFi.",2025-12-28 13:55:01,2.7.20
cb89047d-1a00-458f-8603-07b6b89677b6,Pengguna Google,https://play-lh.googleusercontent.com/EGemoI2NTXmTsBVtJqk8jxF9rh8ApRWfsIMQSt2uE4OcpQqbFu7f7NbTK05lx80nuSijCz7sc3a277R67g,buat verifikasi wajah jadi susah bgt.padahal terang tapi tetep aja ngga bisa abis di update malah makin parah,1,0,2.7.20,2025-12-28 13:22:21+00:00,"Hai, Kak Ade. Maaf atas ketidaknyamanannya. Kami akan selalu berusaha memberikan yang terbaik demi kebutuhan perbankan Kakak. Terkait hal tersebut pastikan beberapa hal berikut, pastikan Kakak tidak memakai sunglasses, di tempat yang terang, tidak backlight, posisi wajah di dalam lingkaran dan pastikan aplikasi blu versi terupdate ya.",2025-12-28 13:52:18,2.7.20
293a993f-da3a-4e12-8c6b-d22bd4924235,Pengguna Google,https://play-lh.googleusercontent.com/EGemoI2NTXmTsBVtJqk8jxF9rh8ApRWfsIMQSt2uE4OcpQqbFu7f7NbTK05lx80nuSijCz7sc3a277R67g,aku nasabah bca dan udah pakai mbanking sejak jaman purba. tapi buat konfirm ke blu katanya no hp gak kedaftar. trus nyoba ke menu bukan nasabah...ealah ga berhasil2. ini ga tau mau lanjut atau uninstall aja. baru kali ini aplikasi financial bisa se letoy gini,2,2,2.7.20,2025-12-28 13:04:27+00:00,"Hai, Kak Zulliyani. Maaf atas ketidaknyamanannya. Kami akan selalu berusaha memberikan yang terbaik demi memenuhi kebutuhan perbankan Kakak. Terkait kendala tersebut boleh infokan detail kendala serta kirimkan gambar kendalanya ke X @haloblu atau email haloblu@bcadigital.co.id agar kami bisa bantu lebih lanjut ya.",2025-12-28 13:53:53,2.7.20
f166edcb-cf89-49d3-bb51-bf97aa979011,Pengguna Google,https://play-lh.googleusercontent.com/EGemoI2NTXmTsBVtJqk8jxF9rh8ApRWfsIMQSt2uE4OcpQqbFu7f7NbTK05lx80nuSijCz7sc3a277R67g,proses aktifasi sungguh sangat lamaaaa sekali. loadingnya parah harus mulai lagi dari awal,1,0,2.7.20,2025-12-28 12:29:32+00:00,"Hai, Kak Ayu Soko. Maaf atas ketidaknyamanannya. Kami akan selalu terus memperbaiki sistem demi mencapai kepuasan para pengguna aplikasi blu. Terkait kendala tersebut pastikan Kakak menggunakan aplikasi blu versi terbaru, pastikan setting waktu di handphone menjadi otomatis, jaringan internet lancar dan stabil serta tidak menggunakan WiFi.
",2025-12-28 12:55:48,2.7.20
305b7abf-9523-42bf-8d13-099473ea9ace,Pengguna Google,https://play-lh.googleusercontent.com/EGemoI2NTXmTsBVtJqk8jxF9rh8ApRWfsIMQSt2uE4OcpQqbFu7f7NbTK05lx80nuSijCz7sc3a277R67g,gmna sih ini aplikasi jelas2 pake ktp saya sndiri dan bnyk tiba2 keluar sndiriii gajelas bgt ini aplikasi,1,0,2.7.20,2025-12-28 07:20:32+00:00,"Hai, Kak Amanda. Maaf atas ketidaknyamanannya. Kakak tidak perlu khawatir, jika aplikasi blu Kakak keluar maka Kakak bisa login kembali dengan mengklik ""Yuk Mulai"" dan memasukkan nomor handphone Kakak yang telah terdaftar di rekening blu dan memasukkan kode OTP yang Kakak terima melalui SMS atau WhatsApp. Lalu ikuti sampai login berhasil ya Kak.",2025-12-28 08:08:23,2.7.20
0f83aeb6-0fb8-4fd3-b433-6426c92ebc1b,Pengguna Google,https://play-lh.googleusercontent.com/EGemoI2NTXmTsBVtJqk8jxF9rh8ApRWfsIMQSt2uE4OcpQqbFu7f7NbTK05lx80nuSijCz7sc3a277R67g,baru download nggak bisa di buka. gimana sih. aku nasabah lama di BCA. baru kali ini ada produk gagal dari BCA.,1,0,2.7.20,2025-12-28 06:44:46+00:00,"Hai, Kak Amethysta. Maaf atas ketidaknyamanannya. Kami akan selalu berusaha memberikan yang terbaik demi memenuhi kebutuhan perbankan Kakak. Terkait kendala tersebut boleh infokan detail kendala serta kirimkan gambar kendalanya ke X @haloblu atau email haloblu@bcadigital.co.id agar kami bisa bantu lebih lanjut ya.",2025-12-28 07:00:16,2.7.20
13ece2f6-dceb-4fb3-a34e-85e4e64e2b39,Pengguna Google,https://play-lh.googleusercontent.com/EGemoI2NTXmTsBVtJqk8jxF9rh8ApRWfsIMQSt2uE4OcpQqbFu7f7NbTK05lx80nuSijCz7sc3a277R67g,"Ukuran aplikasi terlalu besar untuk bank digital, tolong di kurangi jadi di bawah 100 MB agar lebih banyak pengguna",1,0,,2025-12-27 22:32:49+00:00,"Hai, Kakak. Maaf atas ketidaknyamanannya. Terima kasih atas saran dan masukan yang diberikan, kami akan selalu memperbaiki sistem demi mencapai kepuasan para pengguna aplikasi blu. Jika ada hal lain yang ingin ditanyakan, Kakak bisa langsung menghubungi X @haloblu atau email haloblu@bcadigital.co.id atau telepon 1500668 (layanan 24 jam).",2025-12-27 23:27:45,
65bb493b-ad91-4a5b-9a88-86d1ba2b6e81,Pengguna Google,https://play-lh.googleusercontent.com/EGemoI2NTXmTsBVtJqk8jxF9rh8ApRWfsIMQSt2uE4OcpQqbFu7f7NbTK05lx80nuSijCz7sc3a277R67g,"kecewa bngt 2x ngajuin pinjaman di approve ,tp giliran ngajuin yg ke 3x gk di approve pdhl pembayaran bagus dan gk pernah telat .. harusnya bisa diliat jg dr tabungan sy di BCA slalu bagus ...",1,0,2.6.0,2025-12-27 21:27:35+00:00,"Hai, Kak Delfi. Maaf atas ketidaknyamanannya. Kami akan selalu berusaha memberikan yang terbaik kebutuhan perbankan Kakak. Jika bluExtraCash Kakak belum disetujui, maka pihak terkait kami melakukan verifikasi berdasarkan ketentuan BCA Digital. Kakak dapat mengajukan kembali 90 hari setelah pengajuan ditolak ya.",2025-12-27 21:51:21,2.6.0
711f8c76-13b3-40fa-8e02-0841291259ac,Pengguna Google,https://play-lh.googleusercontent.com/EGemoI2NTXmTsBVtJqk8jxF9rh8ApRWfsIMQSt2uE4OcpQqbFu7f7NbTK05lx80nuSijCz7sc3a277R67g,"aplikasinya buat qris selalu lama, loading terus semoga segera diperbaiki",3,0,2.6.0,2025-12-27 19:10:27+00:00,"Hai, Kak Rintania. Maaf atas ketidaknyamanannya. Kami akan selalu terus memperbaiki sistem demi mencapai kepuasan para pengguna aplikasi blu. Terkait kendala tersebut pastikan Kakak menggunakan aplikasi blu versi terbaru, pastikan setting waktu di handphone menjadi otomatis, jaringan internet lancar dan stabil serta tidak menggunakan jaringan WiFi.",2025-12-27 20:37:24,2.6.0
06dbd127-974b-4987-a9a8-a2d0b5cde6cd,Pengguna Google,https://play-lh.googleusercontent.com/EGemoI2NTXmTsBVtJqk8jxF9rh8ApRWfsIMQSt2uE4OcpQqbFu7f7NbTK05lx80nuSijCz7sc3a277R67g,gak jelas mau verif muka trs aja bilang ponsel bergoyang.. gaje lu blu,1,0,2.7.20,2025-12-27 18:40:14+00:00,"Hai, Kak asih. Maaf atas ketidaknyamanannya. Kami akan selalu berusaha memberikan yang terbaik kebutuhan perbankan Kakak. Mohon pastikan perangkat sudah update versi terbaru dan jika ada hal lain yang ingin ditanyakan, Kakak bisa langsung menghubungi X @haloblu atau email haloblu@bcadigital.co.id atau telepon 1500668 (layanan 24 jam).",2025-12-27 19:10:09,2.7.20
43df5bc9-2f8c-41ad-b5c6-d3de316aa5f5,Pengguna Google,https://play-lh.googleusercontent.com/EGemoI2NTXmTsBVtJqk8jxF9rh8ApRWfsIMQSt2uE4OcpQqbFu7f7NbTK05lx80nuSijCz7sc3a277R67g,Minim Fitur..👎,1,0,1.55.0,2025-12-27 18:40:11+00:00,"Hai, Kak ELVIJAL. Maaf atas ketidaknyamanannya. Terima kasih untuk ulasannya, kami akan selalu memperbaiki sistem demi mencapai kepuasan para pengguna aplikasi blu. Jika ada hal lain yang ingin ditanyakan, Kakak bisa langsung menghubungi X @haloblu atau email haloblu@bcadigital.co.id atau telepon 1500668 (layanan 24 jam).",2025-12-27 19:12:13,1.55.0
b9e10f17-fc5a-4f8d-bc17-51e66cd73244,Pengguna Google,https://play-lh.googleusercontent.com/EGemoI2NTXmTsBVtJqk8jxF9rh8ApRWfsIMQSt2uE4OcpQqbFu7f7NbTK05lx80nuSijCz7sc3a277R67g,parah nih aplikasi verifikasi aja lemot lama banget,1,0,2.7.20,2025-12-27 15:54:23+00:00,"Hai, Kak Heru. Maaf atas ketidaknyamanannya. Kami akan selalu terus memperbaiki sistem demi mencapai kepuasan para pengguna aplikasi blu. Terkait kendala tersebut pastikan Kakak menggunakan aplikasi blu versi terbaru, pastikan setting waktu di handphone menjadi otomatis, jaringan internet lancar dan stabil serta tidak menggunakan jaringan WiFi.",2025-12-27 16:31:44,2.7.20
1ecd7366-5ec0-43fa-be3a-13d396710d1b,Pengguna Google,https://play-lh.googleusercontent.com/EGemoI2NTXmTsBVtJqk8jxF9rh8ApRWfsIMQSt2uE4OcpQqbFu7f7NbTK05lx80nuSijCz7sc3a277R67g,agak delay amplikasinya,3,0,2.7.20,2025-12-27 15:48:27+00:00,"Hai, Kak Pinky. Maaf atas ketidaknyamanannya. Kami akan selalu terus memperbaiki sistem demi mencapai kepuasan para pengguna aplikasi blu. Terkait kendala tersebut pastikan Kakak menggunakan aplikasi blu versi terbaru, pastikan setting waktu di handphone menjadi otomatis, jaringan internet lancar dan stabil serta tidak menggunakan jaringan WiFi.",2025-12-27 16:30:26,2.7.20
a85d444e-5599-4a6f-be6f-d06191dfc557,Pengguna Google,https://play-lh.googleusercontent.com/EGemoI2NTXmTsBVtJqk8jxF9rh8ApRWfsIMQSt2uE4OcpQqbFu7f7NbTK05lx80nuSijCz7sc3a277R67g,"face recognition susah, ribet wkwkw giliran berhasil malah muncul popup bermasalah trs back lagi dari awal isi data dll. hadeuhhhhhhh",1,0,,2025-12-27 15:35:30+00:00,"Hai, Kak Rindu. Maaf atas ketidaknyamanannya. Terkait kendala tersebut boleh kirimkan gambar kendalanya ke X @haloblu atau email haloblu@bcadigital.co.id agar kami bisa bantu lebih lanjut ya.",2025-12-27 16:29:15,
29cad9a1-a874-42db-8f41-c1f2a6f65b8a,Pengguna Google,https://play-lh.googleusercontent.com/EGemoI2NTXmTsBVtJqk8jxF9rh8ApRWfsIMQSt2uE4OcpQqbFu7f7NbTK05lx80nuSijCz7sc3a277R67g,"makin lama makin berat aplikasinya, loadingnya ga nguatin",1,0,2.7.20,2025-12-27 12:07:21+00:00,"Hai, Kak Fajar. Maaf atas ketidaknyamanannya. Kami akan selalu terus memperbaiki sistem demi mencapai kepuasan para pengguna aplikasi blu. Terkait kendala tersebut pastikan Kakak menggunakan aplikasi blu versi terbaru, pastikan setting waktu di handphone menjadi otomatis, jaringan internet lancar dan stabil serta tidak menggunakan jaringan WiFi.",2025-12-27 12:43:38,2.7.20
86a1f5bf-4ba5-4472-aa6a-0d13e54d75a2,Pengguna Google,https://play-lh.googleusercontent.com/EGemoI2NTXmTsBVtJqk8jxF9rh8ApRWfsIMQSt2uE4OcpQqbFu7f7NbTK05lx80nuSijCz7sc3a277R67g,mau daftar foto KTP di suruh ulang terus aneh padahal jelas banget itu fotonya,1,0,2.7.20,2025-12-27 05:40:25+00:00,"Hai, Kak Kalila. Maaf atas ketidaknyamanannya. Kami akan selalu berusaha memberikan yang terbaik demi memenuhi kebutuhan perbankan Kakak. Terkait kendala tersebut boleh infokan detail kendala serta kirimkan gambar kendalanya ke X @haloblu atau email haloblu@bcadigital.co.id agar kami bisa bantu lebih lanjut ya.
",2025-12-27 06:59:49,2.7.20
d1f6615e-4c18-481d-8d5c-563f937b2091,Pengguna Google,https://play-lh.googleusercontent.com/EGemoI2NTXmTsBVtJqk8jxF9rh8ApRWfsIMQSt2uE4OcpQqbFu7f7NbTK05lx80nuSijCz7sc3a277R67g,lemot banget sumpah,1,0,2.7.20,2025-12-27 04:43:28+00:00,"Hai, Kak Maftuh. Maaf atas ketidaknyamanannya. Kami akan selalu terus memperbaiki sistem demi mencapai kepuasan para pengguna aplikasi blu. Terkait kendala tersebut pastikan Kakak menggunakan blu versi terbaru, pastikan setting waktu di handphone menjadi otomatis, jaringan internet lancar dan stabil atau Kakak boleh switch jaringan pada handphone.",2025-12-27 05:34:59,2.7.20
81cb9b64-25c6-4bbc-a272-e65bf7e3448e,Pengguna Google,https://play-lh.googleusercontent.com/EGemoI2NTXmTsBVtJqk8jxF9rh8ApRWfsIMQSt2uE4OcpQqbFu7f7NbTK05lx80nuSijCz7sc3a277R67g,setelah di update kok ga ada fitur login?ada juga daftar lahhh bagaimana login ke aplikasinya tolol,1,0,2.7.20,2025-12-26 22:31:05+00:00,"Hai, Kak Riyan. Maaf atas ketidaknyamanannya. Kami akan selalu terus memperbaiki sistem demi mencapai kepuasan para pengguna aplikasi blu. Terkait kendala tersebut pastikan Kakak menggunakan blu versi terbaru, pastikan setting waktu di handphone menjadi otomatis, jaringan internet lancar dan stabil atau Kakak boleh switch jaringan pada handphone.",2025-12-26 23:15:31,2.7.20
d2924425-b2cb-406e-8537-00db2c82df52,Pengguna Google,https://play-lh.googleusercontent.com/EGemoI2NTXmTsBVtJqk8jxF9rh8ApRWfsIMQSt2uE4OcpQqbFu7f7NbTK05lx80nuSijCz7sc3a277R67g,"sebenernya suka sama fitur yang ditawarkan blu dan pilih ini juga karena dari bca, tapi aplikasinya sering lambat banget. Minta update terus tapi lemotnya ngga ilang2 jadi bikin males kalau mau transaksi",3,3,2.7.20,2025-12-26 19:03:28+00:00,"Hai, Kak Esthi. Maaf atas ketidaknyamanannya. Kami akan selalu terus memperbaiki sistem demi mencapai kepuasan para pengguna aplikasi blu. Terkait kendala tersebut pastikan Kakak menggunakan blu versi terbaru, pastikan setting waktu di handphone menjadi otomatis, jaringan internet lancar dan stabil atau Kakak boleh switch jaringan pada handphone.",2025-12-26 19:45:10,2.7.20
c76bab34-8786-4190-8d60-dd610d2e3b8c,Pengguna Google,https://play-lh.googleusercontent.com/EGemoI2NTXmTsBVtJqk8jxF9rh8ApRWfsIMQSt2uE4OcpQqbFu7f7NbTK05lx80nuSijCz7sc3a277R67g,"knpa verifikasi wajah susah amat, dah berpuluh"" kali gak bisa, dah di turutin selalu gak bisa🤨",1,0,2.7.20,2025-12-26 13:03:58+00:00,"Hai, Kak Rizal. Maaf atas ketidaknyamanannya. Kami akan selalu berusaha memberikan yang terbaik demi memenuhi kebutuhan perbankan Kakak. Terkait kendala tersebut boleh infokan detail kendala serta kirimkan gambar kendalanya ke X @haloblu atau email haloblu@bcadigital.co.id agar kami bisa bantu lebih lanjut ya.
",2025-12-26 14:01:22,2.7.20
14e69b16-432e-463c-b0d1-57cc418d47f8,Pengguna Google,https://play-lh.googleusercontent.com/EGemoI2NTXmTsBVtJqk8jxF9rh8ApRWfsIMQSt2uE4OcpQqbFu7f7NbTK05lx80nuSijCz7sc3a277R67g,"KENAPA INI ? GA BISA DIBUKA, MEMUAT JARINGAN/JARINGAN TERPUTUS MULU. PADAHAL JARINGAN BAGUS, GUE MAU BAYAR SESUATU JD TERLAMBAT... SUDAH 3 HARI SAMPAI SEKARANG INI BELUM BISA TERBUKA, BNGSAAAAAAAAAATTTTT",1,0,2.7.20,2025-12-26 13:02:59+00:00,"Hai, Kak Raden. Maaf atas ketidaknyamanannya. Kami akan selalu berusaha memberikan yang terbaik demi memenuhi kebutuhan perbankan Kakak. Terkait kendala tersebut boleh infokan detail kendala serta kirimkan gambar kendalanya ke X @haloblu atau email haloblu@bcadigital.co.id agar kami bisa bantu lebih lanjut ya.
",2025-12-26 14:00:10,2.7.20
808d46d8-cb01-4e6d-85dd-f976ebdbaf40,Pengguna Google,https://play-lh.googleusercontent.com/EGemoI2NTXmTsBVtJqk8jxF9rh8ApRWfsIMQSt2uE4OcpQqbFu7f7NbTK05lx80nuSijCz7sc3a277R67g,parah sekelas BCA bikin aplikasi sperti ini. ga guna.. kirim foto ktp mau daftar aja sulit. benahi dulu.cek dan coba dlu aplikasi nya sbelum di terbitkan.,1,1,2.7.20,2025-12-26 09:59:38+00:00,"Hai, Kakak. Maaf atas ketidaknyamanannya. Terkait kendala tersebut boleh kirimkan gambar kendalanya ke X @haloblu atau email haloblu@bcadigital.co.id agar kami bisa bantu lebih lanjut ya.",2025-12-26 11:17:03,2.7.20
d5df167c-ac9d-44d7-a9c0-bf68bf06936b,Pengguna Google,https://play-lh.googleusercontent.com/EGemoI2NTXmTsBVtJqk8jxF9rh8ApRWfsIMQSt2uE4OcpQqbFu7f7NbTK05lx80nuSijCz7sc3a277R67g,"aplikasi berat/ lemot walaupun udh sering update yg lucunya Qris nya , sukses kepotong tapi di econorm belanja gagal ketika komplain butuh 17 hari kerja untuk dana balik , lucu kerana dibank lain kasus serupa pagi sore dah balik jadi pikir lagi buat bayar pake Qris di aplikasi ini",1,1,2.6.0,2025-12-26 08:53:44+00:00,"Hai, Kak Wati. Maaf atas ketidaknyamanannya. Jika Kakak sudah menghubungi layanan haloblu 1500668 dan mengajukan pelaporan, mohon kesediaan Kakak menginformasikan nomor laporan yang Kakak terima melalui DM X @haloblu atau melalui email haloblu@bcadigital.co.id agar kami dapat cek perkembangan laporan Kakak ya.",2025-12-26 09:39:57,2.6.0
3d7589dc-5b4a-4396-b20a-d81c88394121,Pengguna Google,https://play-lh.googleusercontent.com/EGemoI2NTXmTsBVtJqk8jxF9rh8ApRWfsIMQSt2uE4OcpQqbFu7f7NbTK05lx80nuSijCz7sc3a277R67g,keren banget,5,0,2.7.10,2025-12-26 07:22:05+00:00,"Hai, Kak Jaka. Terima kasih atas ulasannya. Semoga blu bisa selalu memberikan yang terbaik untuk memenuhi semua kebutuhan perbankan Kakak. Jika ada kendala atau hal lain yang ingin ditanyakan, Kakak bisa langsung menghubungi X @haloblu atau email haloblu@bcadigital.co.id atau telepon 1500668 (layanan 24 jam).",2025-12-26 08:12:39,2.7.10
9bf37e23-acea-41a4-a517-5cd392b8b99e,Pengguna Google,https://play-lh.googleusercontent.com/EGemoI2NTXmTsBVtJqk8jxF9rh8ApRWfsIMQSt2uE4OcpQqbFu7f7NbTK05lx80nuSijCz7sc3a277R67g,"verifikasi wajah ga jelas, perasaan cahaya udah terang + kepala dalam lingkaran, tetep aja gagal.",1,0,2.7.0,2025-12-26 03:29:29+00:00,"Hai, Kak Anam. Maaf atas ketidaknyamanannya. Kami akan selalu berusaha memberikan yang terbaik demi kebutuhan perbankan Kakak. Terkait hal tersebut pastikan beberapa hal berikut, pastikan Kakak tidak memakai sunglasses, di tempat yang terang, tidak backlight, posisi wajah di dalam lingkaran dan pastikan aplikasi blu versi terupdate ya.",2025-12-26 04:34:31,2.7.0
20da08a6-9edb-4ab0-95bd-30690d243a8b,Pengguna Google,https://play-lh.googleusercontent.com/EGemoI2NTXmTsBVtJqk8jxF9rh8ApRWfsIMQSt2uE4OcpQqbFu7f7NbTK05lx80nuSijCz7sc3a277R67g,"aplikasi terbaik blu by bca, bunga juga terjangkau",5,0,2.7.20,2025-12-25 22:12:08+00:00,"Hai, Kak Erick. Terima kasih atas ulasannya. Semoga blu bisa selalu memberikan yang terbaik untuk memenuhi semua kebutuhan perbankan Kakak. Jika ada kendala atau hal lain yang ingin ditanyakan, Kakak bisa langsung menghubungi X @haloblu atau email haloblu@bcadigital.co.id atau telepon 1500668 (layanan 24 jam).",2025-12-25 23:41:21,2.7.20
7208549d-56e6-48e7-bc19-2d3598fea9c4,Pengguna Google,https://play-lh.googleusercontent.com/EGemoI2NTXmTsBVtJqk8jxF9rh8ApRWfsIMQSt2uE4OcpQqbFu7f7NbTK05lx80nuSijCz7sc3a277R67g,Bintang 5 untuk aplikasi ini,4,0,2.7.20,2025-12-25 17:11:58+00:00,"Hai, Kak Imam. Terima kasih atas ulasannya. Semoga blu bisa selalu memberikan yang terbaik untuk memenuhi semua kebutuhan perbankan Kakak. Jika ada kendala atau hal lain yang ingin ditanyakan, Kakak bisa langsung menghubungi X @haloblu atau email haloblu@bcadigital.co.id atau telepon 1500668 (layanan 24 jam).",2025-12-25 18:58:00,2.7.20
c8630bd5-bc8c-4328-bdb3-b4715afd427f,Pengguna Google,https://play-lh.googleusercontent.com/EGemoI2NTXmTsBVtJqk8jxF9rh8ApRWfsIMQSt2uE4OcpQqbFu7f7NbTK05lx80nuSijCz7sc3a277R67g,aplikasi sangat ribet dan proses nya sangat lama. nasabah harus menunggu berhari2 jika ada pe rgantian no hp yg lama ke no yang baru .tolong di perbaiki kembali sistem nya se perti bank yang lain . tidak harus menunggu berhari2. .kantor pusat blu bca boleh tau djmana biar cepet selesai sudah berhari2 ini tidak ada kepastian dari pihak blu bca bca nya ..,1,4,2.7.10,2025-12-25 16:34:37+00:00,"Hai, Kak Desy. Maaf atas ketidaknyamanannya. Terkait laporan ubah nomor handphone, boleh diinformasikan nomor laporannya ke X @haloblu atau email haloblu@bcadigital.co.id agar kami dapat bantu lebih lanjut kendala yang Kakak alami.",2025-12-25 16:54:24,2.7.10
44847100-54ca-463c-b812-56c4b50a6341,Pengguna Google,https://play-lh.googleusercontent.com/EGemoI2NTXmTsBVtJqk8jxF9rh8ApRWfsIMQSt2uE4OcpQqbFu7f7NbTK05lx80nuSijCz7sc3a277R67g,Tiba-tiba ke log out sendiri dan ketika melakukan verifikasi wajah selalu gagal padahal sudah mengikuti arahan,1,0,2.7.10,2025-12-25 14:51:14+00:00,"Hai, Kak Dwi. Maaf atas ketidaknyamanannya. Kami akan selalu berusaha memberikan yang terbaik demi kebutuhan perbankan Kakak. Terkait hal tersebut pastikan beberapa hal berikut, pastikan Kakak tidak memakai sunglasses, di tempat yang terang, tidak backlight, posisi wajah di dalam lingkaran dan pastikan aplikasi blu versi terupdate ya.
",2025-12-25 14:57:43,2.7.10
6feca2c7-7ca4-4153-8b2e-06e0e73470e6,Pengguna Google,https://play-lh.googleusercontent.com/EGemoI2NTXmTsBVtJqk8jxF9rh8ApRWfsIMQSt2uE4OcpQqbFu7f7NbTK05lx80nuSijCz7sc3a277R67g,"saya kasih bintang 2 soalnya penataan fitur fitur nya kurang baik. saya kasih saran kalau boleh, coba contoh aplikasi e money seperti dana atau shopee pay, tampilan fitur langsung di depan dan enak untuk transaksi online",2,3,2.7.10,2025-12-25 14:27:20+00:00,"Hai, Kak Naufal. Maaf atas ketidaknyamanannya. Terima kasih atas saran dan masukan yang diberikan, kami akan selalu memperbaiki sistem demi mencapai kepuasan para pengguna aplikasi blu. Jika ada hal lain yang ingin ditanyakan, Kakak bisa langsung menghubungi X @haloblu atau email haloblu@bcadigital.co.id atau telepon 1500668 (layanan 24 jam).
",2025-12-25 14:59:30,2.7.10
771b3883-4a63-492a-9910-6e3811bba486,Pengguna Google,https://play-lh.googleusercontent.com/EGemoI2NTXmTsBVtJqk8jxF9rh8ApRWfsIMQSt2uE4OcpQqbFu7f7NbTK05lx80nuSijCz7sc3a277R67g,Saya kasih bntang 3dulu apa bnr2 bisa meminjam uang,3,0,,2025-12-24 13:37:39+00:00,"Hai, Kak Kusma. Terima kasih atas ulasannya. Semoga blu bisa selalu memberikan yang terbaik untuk memenuhi semua kebutuhan perbankan Kakak. Terkait pinjaman bisa Kakak cek pada dashboard blu di bagian ""Portfolio"" pilih ""Pinjaman"", dan untuk hasil pengajuan merupakan hasil analisa dari pihak terkait kami terhadap data-data yang Kakak miliki ya.",2025-12-24 14:00:01,
850a286f-b55d-4df8-a7af-0fd758648290,Pengguna Google,https://play-lh.googleusercontent.com/EGemoI2NTXmTsBVtJqk8jxF9rh8ApRWfsIMQSt2uE4OcpQqbFu7f7NbTK05lx80nuSijCz7sc3a277R67g,parah ribet mau buka rekening aja di persulit semoga BCA bangkrut ya,1,0,,2025-12-24 09:31:49+00:00,"Hai, Kak Tri. Maaf atas ketidaknyamanannya. Terkait kendala tersebut boleh Kakak infokan lebih detail ke DM X @haloblu apakah Kakak ditolak pembukaan rekening atau lainnya, agar kami informasikan lebih lanjut ya.",2025-12-24 11:05:56,
110633dd-9440-4e18-af40-d5bdb1bbe3cb,Pengguna Google,https://play-lh.googleusercontent.com/EGemoI2NTXmTsBVtJqk8jxF9rh8ApRWfsIMQSt2uE4OcpQqbFu7f7NbTK05lx80nuSijCz7sc3a277R67g,jadi berat anj,1,0,,2025-12-24 08:44:48+00:00,"Hai, Kak Ghani. Maaf atas ketidaknyamanannya. Kami akan selalu terus memperbaiki sistem demi mencapai kepuasan para pengguna aplikasi blu. Terkait kendala tersebut pastikan Kakak menggunakan aplikasi blu versi terbaru, pastikan setting waktu di handphone menjadi otomatis, jaringan internet lancar dan stabil serta tidak menggunakan jaringan WiFi.",2025-12-24 09:30:26,
0e100b9b-6bf7-42ba-8972-c85165ef02d5,Pengguna Google,https://play-lh.googleusercontent.com/EGemoI2NTXmTsBVtJqk8jxF9rh8ApRWfsIMQSt2uE4OcpQqbFu7f7NbTK05lx80nuSijCz7sc3a277R67g,"ini gimana sih, setelah log out mau masuk harus verifikasi muka sampai 10x coba gagal mulu dengan alasan smartphone bergoyang goyang terus dah. udah ganti hp juga sama aja tetep ga bisa verifikasi muka dengan alasan yang sama.",1,0,,2025-12-24 08:42:16+00:00,"Hai, Kak Rintang. Maaf atas ketidaknyamanannya. Kami akan selalu berusaha memberikan yang terbaik demi kebutuhan perbankan Kakak. Terkait hal tersebut pastikan beberapa hal berikut, pastikan Kakak tidak memakai sunglasses, di tempat yang terang, tidak backlight, posisi wajah di dalam lingkaran dan pastikan aplikasi blu versi terupdate ya.",2025-12-24 09:29:15,
2ede7c72-6fe6-498c-b5cd-55ad444b8d84,Pengguna Google,https://play-lh.googleusercontent.com/EGemoI2NTXmTsBVtJqk8jxF9rh8ApRWfsIMQSt2uE4OcpQqbFu7f7NbTK05lx80nuSijCz7sc3a277R67g,oke .,4,0,,2025-12-24 03:16:32+00:00,"Hai, Kak Sri Hanifah. Terima kasih atas ulasannya. Semoga blu bisa selalu memberikan yang terbaik untuk memenuhi semua kebutuhan perbankan Kakak. Jika ada kendala atau hal lain yang ingin ditanyakan, Kakak bisa langsung menghubungi X @haloblu atau email haloblu@bcadigital.co.id atau telepon 1500668 (layanan 24 jam).",2025-12-24 04:11:09,
85683236-461a-4aed-a501-7578b641e696,Pengguna Google,https://play-lh.googleusercontent.com/EGemoI2NTXmTsBVtJqk8jxF9rh8ApRWfsIMQSt2uE4OcpQqbFu7f7NbTK05lx80nuSijCz7sc3a277R67g,"SAYA KECEWA, pertama daftar malah tidak bisa masuk,sedangkan data saya sudah masuk. katanya menunggu peninjauan 1x24 jam tapi malah berakhir ulang kembali . Beri bintang 5 karna saya ingin terbaca paling atas",5,63,2.7.10,2025-12-24 02:59:33+00:00,"Hai, Kak Mahfudi Terima kasih atas ulasannya. Semoga blu bisa selalu memberikan yang terbaik untuk memenuhi semua kebutuhan perbankan Kakak. Terkait kendala tersebut boleh kirimkan gambar kendalanya ke X @haloblu atau email haloblu@bcadigital.co.id agar kami bisa bantu lebih lanjut ya.
",2025-12-24 04:10:36,2.7.10
06f17378-87f7-49e5-ace9-f1af7304b410,Pengguna Google,https://play-lh.googleusercontent.com/EGemoI2NTXmTsBVtJqk8jxF9rh8ApRWfsIMQSt2uE4OcpQqbFu7f7NbTK05lx80nuSijCz7sc3a277R67g,"mantapppp fast respond lewat wa semua kendala saya terjawab dan sudah bisa di gunakan kembali great response, thank you",5,0,2.7.10,2025-12-23 22:13:40+00:00,"Hai, Kak Zul. Terima kasih atas ulasannya. Semoga blu bisa selalu memberikan yang terbaik untuk memenuhi semua kebutuhan perbankan Kakak. Jika ada kendala atau hal lain yang ingin ditanyakan, Kakak bisa langsung menghubungi X @haloblu atau email haloblu@bcadigital.co.id atau telepon 1500668 (layanan 24 jam).",2025-12-24 04:59:32,2.7.10
c4705e28-2ced-4670-b0c1-432e9badfae2,Pengguna Google,https://play-lh.googleusercontent.com/EGemoI2NTXmTsBVtJqk8jxF9rh8ApRWfsIMQSt2uE4OcpQqbFu7f7NbTK05lx80nuSijCz7sc3a277R67g,mau coba pakai aplikasi ini karena ada pinjamannya tapi ditolak terus jadi ga pakai,5,0,2.7.10,2025-12-23 20:45:50+00:00,"Hai, Kak Abdul. Maaf atas ketidaknyamanannya. Kami akan selalu berusaha memberikan yang terbaik kebutuhan perbankan Kakak. Terdapat beberapa hal yang dapat menyebabkan pengajuan pinjaman Kakak ditolak/dibatalkan, antara lain, belum sesuai dengan kriteria debitur Bank BCA Digital Kakak bisa mengajukan kembali 90 hari setelah pengajaun ditolak.",2025-12-23 21:54:29,2.7.10
8170c8ee-1594-4243-942e-1068eecc59c4,Pengguna Google,https://play-lh.googleusercontent.com/EGemoI2NTXmTsBVtJqk8jxF9rh8ApRWfsIMQSt2uE4OcpQqbFu7f7NbTK05lx80nuSijCz7sc3a277R67g,ok,5,0,,2025-12-23 17:07:06+00:00,"Hai, Kak Iqbal. Terima kasih atas ulasannya. Semoga blu bisa selalu memberikan yang terbaik untuk memenuhi semua kebutuhan perbankan Kakak. Jika ada kendala atau hal lain yang ingin ditanyakan, Kakak bisa langsung menghubungi X @haloblu atau email haloblu@bcadigital.co.id atau telepon 1500668 (layanan 24 jam).",2025-12-23 17:32:23,
2ae47b43-fab1-4656-8f03-31fd1ce00769,Pengguna Google,https://play-lh.googleusercontent.com/EGemoI2NTXmTsBVtJqk8jxF9rh8ApRWfsIMQSt2uE4OcpQqbFu7f7NbTK05lx80nuSijCz7sc3a277R67g,masak daftar harus video call gk mau lah,1,0,,2025-12-23 16:39:00+00:00,"Hai, Kak Ano. Maaf atas ketidaknyamanannya. Terkait proses pembukaan rekening blu, Kakak akan melakukan registrasi data hingga tahap video call. Jika Kakak pembukaan rekening tanpa proses video call maka Kakak termasuk salah satu nasabah terpilih ya. Selamat bergabung menjadi sobatblu Kak. 😊",2025-12-23 17:31:31,
49d4a94c-1ec3-4f67-91fe-4ab6215a1d2f,Pengguna Google,https://play-lh.googleusercontent.com/EGemoI2NTXmTsBVtJqk8jxF9rh8ApRWfsIMQSt2uE4OcpQqbFu7f7NbTK05lx80nuSijCz7sc3a277R67g,aneh masa ga bisa dipake buat rekening rdn stockbit padahal sama sama bca,1,0,,2025-12-23 14:39:20+00:00,"Hai, Kakak. Maaf atas ketidaknyamanannya. Kami akan selalu berusaha memberikan yang terbaik kebutuhan perbankan Kakak. Saat ini bluRDN bekerjasama dengan BCA Sekuritas. Nantikan partner bluRDN berikutnya ya. 😉",2025-12-23 16:08:44,
8a9c0be1-d544-4daa-acfb-ac5216b7b5b0,Pengguna Google,https://play-lh.googleusercontent.com/EGemoI2NTXmTsBVtJqk8jxF9rh8ApRWfsIMQSt2uE4OcpQqbFu7f7NbTK05lx80nuSijCz7sc3a277R67g,susah bgt buat verifikasi wajah. udah berkali2 ganti tempat jga masih gagal. ganti device 2x juga gagal. maaf ya ku ganti bintangin 1 pdhl kmrn udah bagus,1,0,,2025-12-23 10:42:00+00:00,"Hai, Kak Alee. Maaf atas ketidaknyamanannya. Kami akan selalu berusaha memberikan yang terbaik demi kebutuhan perbankan Kakak. Terkait hal tersebut pastikan beberapa hal berikut, pastikan Kakak tidak memakai sunglasses, di tempat yang terang, tidak backlight, posisi wajah di dalam lingkaran dan pastikan aplikasi blu versi terupdate ya.",2025-12-23 12:01:46,
5c27b9e3-f178-409a-8149-c9bd0121955e,Pengguna Google,https://play-lh.googleusercontent.com/EGemoI2NTXmTsBVtJqk8jxF9rh8ApRWfsIMQSt2uE4OcpQqbFu7f7NbTK05lx80nuSijCz7sc3a277R67g,buka qrisnya terlalu lambat,1,0,2.7.10,2025-12-23 09:00:56+00:00,"Hai, Kak Yuki. Maaf atas ketidaknyamanannya. Kami akan selalu terus memperbaiki sistem demi mencapai kepuasan para pengguna aplikasi blu. Terkait kendala tersebut pastikan Kakak menggunakan aplikasi blu versi terbaru, pastikan setting waktu di handphone menjadi otomatis, jaringan internet lancar dan stabil serta tidak menggunakan jaringan WiFi.",2025-12-23 09:37:05,2.7.10
a3b7d4d0-5152-4e11-91c1-590576941f35,Pengguna Google,https://play-lh.googleusercontent.com/EGemoI2NTXmTsBVtJqk8jxF9rh8ApRWfsIMQSt2uE4OcpQqbFu7f7NbTK05lx80nuSijCz7sc3a277R67g,respon cepetan bangt Csnya ga sampai 1 mnt,5,0,2.7.10,2025-12-23 08:54:28+00:00,"Hai, Kak Roofif. Terima kasih atas ulasannya. Semoga blu bisa selalu memberikan yang terbaik untuk memenuhi semua kebutuhan perbankan Kakak. Jika ada kendala atau hal lain yang ingin ditanyakan, Kakak bisa langsung menghubungi X @haloblu atau email haloblu@bcadigital.co.id atau telepon 1500668 (layanan 24 jam).",2025-12-23 09:35:55,2.7.10
2f2693aa-4150-49d3-bfd5-cfb422e702e7,Pengguna Google,https://play-lh.googleusercontent.com/EGemoI2NTXmTsBVtJqk8jxF9rh8ApRWfsIMQSt2uE4OcpQqbFu7f7NbTK05lx80nuSijCz7sc3a277R67g,"saya kasih bintang Lima muda""han aplikasi ini bisa saya gunakan dengan baik terimakasih",5,0,2.7.10,2025-12-22 19:48:09+00:00,"Hai, Kak Haeruddin. Terima kasih atas ulasannya. Semoga blu bisa selalu memberikan yang terbaik untuk memenuhi semua kebutuhan perbankan Kakak. Selamat menikmati kemudahan bertransaksi menggunakan blu ya. 😊",2025-12-22 20:50:27,2.7.10
0df9335c-ff5d-4416-8f68-8499216adb1d,Pengguna Google,https://play-lh.googleusercontent.com/EGemoI2NTXmTsBVtJqk8jxF9rh8ApRWfsIMQSt2uE4OcpQqbFu7f7NbTK05lx80nuSijCz7sc3a277R67g,"pindah aplikasi ke hp baru, kok g bisa di geser ya?",3,0,2.7.10,2025-12-22 17:09:52+00:00,"Hai, Kak Ummu. Maaf atas ketidaknyamanannya. Kami akan selalu berusaha memberikan yang terbaik demi memenuhi kebutuhan perbankan Kakak. Terkait kendala tersebut boleh infokan detail kendala serta kirimkan gambar kendalanya ke X @haloblu atau email haloblu@bcadigital.co.id agar kami bisa bantu lebih lanjut ya.",2025-12-22 18:08:43,2.7.10
bcb50c40-81ad-42a4-b290-469df766b237,Pengguna Google,https://play-lh.googleusercontent.com/EGemoI2NTXmTsBVtJqk8jxF9rh8ApRWfsIMQSt2uE4OcpQqbFu7f7NbTK05lx80nuSijCz7sc3a277R67g,"udh dari kemarin aplikasi Blu saya gak bisa dibuka, pdhl lagi butuh ambil duit. telfon ke Blu malah suruh nunggu 3 hari. menurut saya ini aplikasinya gak tabil.",1,0,,2025-12-22 10:00:30+00:00,"Hai, Kak Marina. Maaf atas ketidaknyamanannya. Terkait kendala tersebut jika Kakak sudah menghubungi layanan haloblu mohon Kakak dapat informasikan nomor laporannya ke X @haloblu atau email haloblu@bcadigital.co.id agar kami dapat bantu lebih lanjut kendala yang Kakak alami.
",2025-12-22 11:00:21,
c4d194cc-a4f5-469b-b4a5-f99331a43913,Pengguna Google,https://play-lh.googleusercontent.com/EGemoI2NTXmTsBVtJqk8jxF9rh8ApRWfsIMQSt2uE4OcpQqbFu7f7NbTK05lx80nuSijCz7sc3a277R67g,"Suka banget sama blu, ngasih garuda miles tapi buat debit dan ga harus membership tinggi-tinggi.",5,0,2.7.10,2025-12-22 01:34:55+00:00,"Hai, Kak Meidrik. Terima kasih atas ulasannya. Semoga blu bisa selalu memberikan yang terbaik untuk memenuhi semua kebutuhan perbankan Kakak. Jika ada kendala atau hal lain yang ingin ditanyakan, Kakak bisa langsung menghubungi X @haloblu atau email haloblu@bcadigital.co.id atau telepon 1500668 (layanan 24 jam).
",2025-12-22 01:56:57,2.7.10
cab4f252-76ee-4be8-9285-cbf6a817bcbe,Pengguna Google,https://play-lh.googleusercontent.com/EGemoI2NTXmTsBVtJqk8jxF9rh8ApRWfsIMQSt2uE4OcpQqbFu7f7NbTK05lx80nuSijCz7sc3a277R67g,aplikasi Jelek. verifikasi wajah gak beres2,1,0,,2025-12-21 14:01:38+00:00,"Hai, Kak Adit. Maaf atas ketidaknyamanannya. Kami akan selalu berusaha memberikan yang terbaik demi kebutuhan perbankan Kakak. Terkait hal tersebut pastikan beberapa hal berikut, pastikan Kakak tidak memakai sunglasses, di tempat yang terang, tidak backlight, posisi wajah di dalam lingkaran dan pastikan aplikasi blu versi terupdate ya.",2025-12-21 15:08:06,
e7f2b0f3-69fc-4c6b-9e4f-3cead859bf5f,Pengguna Google,https://play-lh.googleusercontent.com/EGemoI2NTXmTsBVtJqk8jxF9rh8ApRWfsIMQSt2uE4OcpQqbFu7f7NbTK05lx80nuSijCz7sc3a277R67g,buat vermuk gak isa juga apk apa ini,1,0,2.7.10,2025-12-21 10:47:39+00:00,"Hai, Kak Keiziko. Maaf atas ketidaknyamanannya. Kami akan selalu berusaha memberikan yang terbaik demi kebutuhan perbankan Kakak. Terkait hal tersebut pastikan beberapa hal berikut, pastikan Kakak tidak memakai sunglasses, di tempat yang terang, tidak backlight, posisi wajah di dalam lingkaran dan pastikan aplikasi blu versi terupdate ya.",2025-12-21 11:25:59,2.7.10
4ffe1763-a078-48b4-98e5-9e2e1699facf,Pengguna Google,https://play-lh.googleusercontent.com/EGemoI2NTXmTsBVtJqk8jxF9rh8ApRWfsIMQSt2uE4OcpQqbFu7f7NbTK05lx80nuSijCz7sc3a277R67g,"verifikasi nya lama, ditolak terus. najis ini aplikasi. ngabisin kuota doang",1,0,2.7.10,2025-12-21 08:52:40+00:00,"Hai, Kak Stephanie. Maaf atas ketidaknyamanannya. Kami akan selalu berusaha memberikan yang terbaik demi memenuhi kebutuhan perbankan Kakak. Terkait kendala tersebut boleh infokan detail kendala serta kirimkan gambar kendalanya ke X @haloblu atau email haloblu@bcadigital.co.id agar kami bisa bantu lebih lanjut ya.",2025-12-21 09:17:41,2.7.10
f62c14af-1013-4de0-9211-ac61aba9b89a,Pengguna Google,https://play-lh.googleusercontent.com/EGemoI2NTXmTsBVtJqk8jxF9rh8ApRWfsIMQSt2uE4OcpQqbFu7f7NbTK05lx80nuSijCz7sc3a277R67g,Sepi promo..lemot,1,0,2.7.10,2025-12-21 01:12:25+00:00,"Hai, Kakak. Maaf atas ketidaknyamanannya. Saat ini banyak promo blu yang bisa Kakak gunakan, untuk cek ketersediaan promo dapat Kakak cek melalui link yang tertera pada bio profil Instagram @serubarengblu ya. Pastikan Kakak menggunakan jaringan kuat dan stabil serta sudah menggunakan apilkasi blu versi terbaru ya.",2025-12-21 02:03:24,2.7.10
064a9e64-a049-40e6-bcb1-0e77c6b765ac,Pengguna Google,https://play-lh.googleusercontent.com/EGemoI2NTXmTsBVtJqk8jxF9rh8ApRWfsIMQSt2uE4OcpQqbFu7f7NbTK05lx80nuSijCz7sc3a277R67g,kenapa trouble mulu tiap malam astagfirullah,1,0,2.6.0,2025-12-20 22:44:53+00:00,"Hai, Kak Aldidarma Kusuma. Maaf atas ketidaknyamanannya. Kami akan selalu berusaha memberikan yang terbaik kebutuhan perbankan Kakak. Mohon pastikan perangkat sudah update versi terbaru dan jika ada hal lain yang ingin ditanyakan, Kakak bisa langsung menghubungi X @haloblu atau email haloblu@bcadigital.co.id atau telepon 1500668 (layanan 24 jam).",2025-12-20 23:52:55,2.6.0
b6aab413-d973-4e70-9a31-9998c232f9e0,Pengguna Google,https://play-lh.googleusercontent.com/EGemoI2NTXmTsBVtJqk8jxF9rh8ApRWfsIMQSt2uE4OcpQqbFu7f7NbTK05lx80nuSijCz7sc3a277R67g,"ini akun blu ku knp ? seharian ini tiap mau log in ada tulisan "" oops terjadi kesalahan , harap tenang kami perbaiki dulu ya "" .. tolong ini knp",1,0,2.7.10,2025-12-20 19:26:55+00:00,"Hai, Kak Vonny. Maaf atas ketidaknyamanannya. Kami akan selalu berusaha memberikan yang terbaik kebutuhan perbankan Kakak. Mohon pastikan perangkat sudah update versi terbaru dan jika ada hal lain yang ingin ditanyakan, Kakak bisa langsung menghubungi X @haloblu atau email haloblu@bcadigital.co.id atau telepon 1500668 (layanan 24 jam).",2025-12-20 20:03:15,2.7.10
bc22881c-b8e5-448b-bc43-a46e57aaf20f,Pengguna Google,https://play-lh.googleusercontent.com/EGemoI2NTXmTsBVtJqk8jxF9rh8ApRWfsIMQSt2uE4OcpQqbFu7f7NbTK05lx80nuSijCz7sc3a277R67g,sering logout sendiri dan harus verifikasi nomor lagi tolong di perbaiki,1,0,,2025-12-20 17:17:50+00:00,"Hai, Kakak. Maaf atas ketidaknyamanannya. Kami akan selalu berusaha memberikan yang terbaik demi memenuhi kebutuhan perbankan Kakak. Terkait kendala tersebut boleh infokan detail kendala serta kirimkan gambar kendalanya ke X @haloblu atau email haloblu@bcadigital.co.id agar kami bisa bantu lebih lanjut ya.",2025-12-20 18:04:23,
22d77b31-8ec5-4ab0-b7a7-032e357c4988,Pengguna Google,https://play-lh.googleusercontent.com/EGemoI2NTXmTsBVtJqk8jxF9rh8ApRWfsIMQSt2uE4OcpQqbFu7f7NbTK05lx80nuSijCz7sc3a277R67g,top,5,0,2.7.10,2025-12-20 16:35:34+00:00,"Hai, Kak Dwi. Terima kasih atas ulasannya. Semoga blu bisa selalu memberikan yang terbaik untuk memenuhi semua kebutuhan perbankan Kakak. Terkait atas, mohon kesediaan Kakak dapat menginformasikan lebih detail melalui email haloblu@bcadigital.co.id, agar kami dapat menginformasikan sesuai dengan kebutuhan Kakak.
",2025-12-20 16:58:22,2.7.10
b61e7618-1354-4bf6-8a96-81d6dd80bc3f,Pengguna Google,https://play-lh.googleusercontent.com/EGemoI2NTXmTsBVtJqk8jxF9rh8ApRWfsIMQSt2uE4OcpQqbFu7f7NbTK05lx80nuSijCz7sc3a277R67g,bagus tapi lemot bgt suer dah kaya aplikasi buatan anak kuliah,1,0,2.7.0,2025-12-20 08:47:59+00:00,"Hai, Kak Frendi. Terima kasih atas ulasannya.Terkait kendala aplikasi lambat mohon pastikan Kakak sudah menggunakan aplikasi blu versi terbaru, jaringan yang digunakan dalam keadaan stabil dan Kakak juga bisa melakukan clear cache aplikasi blu ya.",2025-12-20 08:59:38,2.7.0
33aae270-1b6c-465c-af18-76d13c71a278,Pengguna Google,https://play-lh.googleusercontent.com/EGemoI2NTXmTsBVtJqk8jxF9rh8ApRWfsIMQSt2uE4OcpQqbFu7f7NbTK05lx80nuSijCz7sc3a277R67g,"Saya sudah memiliki akun blu sebelumnya, namun setiap saya mencoba login aplikasi justru mengarahkan saya untuk membuat akun baru. Ketika proses pendaftaran, muncul keterangan bahwa NIK saya sudah terdaftar. sudah bertanya ke cs nya tapi tidak ada hasil tolong ya pihak Blu diperbaiki lagi saya jadinya gabisa masuk ke akun saya sendiri:)",1,0,,2025-12-20 07:25:59+00:00,"Hai, Kak Eloisa. Maaf atas ketidaknyamanannya. Jika pada saat login terdapat keterangan NIK sudah terdaftar dikhawatirkan Kakak tidak login dengan nomor handphone yang terdaftar. Pastikan Kakak login dengan nomor handphone yang Kakak daftarkan ya.",2025-12-20 08:08:57,
1fbcc317-2ff2-4fe0-8719-49da8acf35fe,Pengguna Google,https://play-lh.googleusercontent.com/EGemoI2NTXmTsBVtJqk8jxF9rh8ApRWfsIMQSt2uE4OcpQqbFu7f7NbTK05lx80nuSijCz7sc3a277R67g,bagus untuk saya yang 12 tahun sudah bisa menabung di blu menggunakan bluaccount for teens,5,0,2.7.0,2025-12-20 07:18:53+00:00,"Hai, Kak Muhammad. Terima kasih atas ulasannya. Semoga blu bisa selalu memberikan yang terbaik untuk memenuhi semua kebutuhan perbankan Kakak. Jika ada kendala atau hal lain yang ingin ditanyakan, Kakak bisa langsung menghubungi X @haloblu atau email haloblu@bcadigital.co.id atau telepon 1500668 (layanan 24 jam).",2025-12-20 07:48:23,2.7.0
5df7e664-0104-4d6e-9f71-53638ac32111,Pengguna Google,https://play-lh.googleusercontent.com/EGemoI2NTXmTsBVtJqk8jxF9rh8ApRWfsIMQSt2uE4OcpQqbFu7f7NbTK05lx80nuSijCz7sc3a277R67g,bagus 👍,5,0,2.7.10,2025-12-20 06:55:48+00:00,"Hai, Kak Teguh. Terima kasih atas ulasannya. Semoga blu bisa selalu memberikan yang terbaik untuk memenuhi semua kebutuhan perbankan Kakak. Jika ada kendala atau hal lain yang ingin ditanyakan, Kakak bisa langsung menghubungi X @haloblu atau email haloblu@bcadigital.co.id atau telepon 1500668 (layanan 24 jam).",2025-12-20 07:48:37,2.7.10
e58cc00e-5256-4e23-ace6-c13b278a18a3,Pengguna Google,https://play-lh.googleusercontent.com/EGemoI2NTXmTsBVtJqk8jxF9rh8ApRWfsIMQSt2uE4OcpQqbFu7f7NbTK05lx80nuSijCz7sc3a277R67g,ini lama² apl nya buffering lama bgt. pdhl wifi buat buka apl/bank lain lancar² aja. cm mau tf aja butuh waktu 30 menit. gmn kl ada urgent/ mau qris. tolong dong segera diperbaiki. 30 MENIT CUMA BUAT TF. LOGIN 20 MENIT!,1,10,2.7.0,2025-12-20 06:34:14+00:00,"Hai, Kak Laurel. Maaf atas ketidaknyamanannya. Kami akan selalu terus memperbaiki sistem demi mencapai kepuasan para pengguna aplikasi blu. Terkait kendala tersebut pastikan Kakak menggunakan aplikasi blu versi terbaru, pastikan setting waktu di handphone menjadi otomatis, jaringan internet lancar dan stabil serta tidak menggunakan jaringan WiFi.",2025-12-20 06:46:33,2.7.0
a59b992c-ba9c-4dbe-8787-80bf787c098d,Pengguna Google,https://play-lh.googleusercontent.com/EGemoI2NTXmTsBVtJqk8jxF9rh8ApRWfsIMQSt2uE4OcpQqbFu7f7NbTK05lx80nuSijCz7sc3a277R67g,daftarnya sangat sulit verifikasi muka nya susah banget gagal terus apa harus bikin ktp baru,1,0,,2025-12-19 22:56:27+00:00,"Hai, Kak Nurul. Maaf atas ketidaknyamanannya. Kami akan selalu berusaha memberikan yang terbaik demi kebutuhan perbankan Kakak. Terkait hal tersebut pastikan beberapa hal berikut, pastikan Kakak tidak memakai sunglasses, di tempat yang terang, tidak backlight, posisi wajah di dalam lingkaran dan pastikan aplikasi blu versi terupdate ya.",2025-12-19 23:25:12,
66cecf62-d2d6-422a-856e-75410b37b09d,Pengguna Google,https://play-lh.googleusercontent.com/EGemoI2NTXmTsBVtJqk8jxF9rh8ApRWfsIMQSt2uE4OcpQqbFu7f7NbTK05lx80nuSijCz7sc3a277R67g,"Gimana sih, aplikasi tiba-tiba gak bisa dibuka padahal lagi mau bayar di kasir terpaksa tarik tunai pakai kartu, abis itu ada update setelah di update malah akun ke blokir terus reset password scan wajah malah gak bisa, katanya hp jangan goyang padahal hp disandarkan ditembok gak dipegang gak goyang malah tetap gak bisa, maunya apa sih, kalo emang udah gak bisa digunakan lagi ya udah saya uninstall aja gimana????!!!!!",1,14,2.7.10,2025-12-19 20:29:23+00:00,"Hai, Kak Ricard. Maaf atas ketidaknyamanannya. Kami akan selalu berusaha memberikan yang terbaik demi kebutuhan perbankan Kakak. Terkait hal tersebut pastikan beberapa hal berikut, pastikan Kakak tidak memakai sunglasses, di tempat yang terang, tidak backlight, posisi wajah di dalam lingkaran dan pastikan aplikasi blu versi terupdate ya.",2025-12-19 21:00:24,2.7.10
eb1517a4-53ad-4475-9b3b-d365df19d586,Pengguna Google,https://play-lh.googleusercontent.com/EGemoI2NTXmTsBVtJqk8jxF9rh8ApRWfsIMQSt2uE4OcpQqbFu7f7NbTK05lx80nuSijCz7sc3a277R67g,aplikasi aneh sudah di install tidak bisa di hapus ..sesuai kebijakan administrator,1,0,2.7.10,2025-12-19 19:33:01+00:00,"Hai, Kak Udin. Maaf atas ketidaknyamanannya. Terkait kendala tersebut boleh kirimkan gambar kendalanya ke X @haloblu atau email haloblu@bcadigital.co.id agar kami bisa bantu lebih lanjut ya.",2025-12-19 20:03:01,2.7.10
db0f4fe6-3f31-4255-b4bf-09f88e6618c9,Pengguna Google,https://play-lh.googleusercontent.com/EGemoI2NTXmTsBVtJqk8jxF9rh8ApRWfsIMQSt2uE4OcpQqbFu7f7NbTK05lx80nuSijCz7sc3a277R67g,"buruk sih, sulit untuk mendaftar tidak pernah di acc pada saat vc, mungkin memang diwilayah saya banyak scammer tapi itu daerah timur kabupaten ini",1,0,,2025-12-19 18:57:58+00:00,"Hai, Kakak. Maaf atas ketidaknyamanannya. Terkait kendala yang Kakak alami, untuk pengecekan lebih lanjut kami sarankan untuk menghubungi layanan haloblu di 1500668 atau melalui aplikasi haloBCA karena membutuhkan verifikasi data melalui telepon. 🙏",2025-12-19 20:02:19,
9d776d66-7b02-4765-9dc8-7164ecc6cc1c,Pengguna Google,https://play-lh.googleusercontent.com/EGemoI2NTXmTsBVtJqk8jxF9rh8ApRWfsIMQSt2uE4OcpQqbFu7f7NbTK05lx80nuSijCz7sc3a277R67g,"Gajelas, pengenalan wajah cahaya dah normal tapi tetap gelap, kamera tidak getar tpi dibilang geter aplikasi sampah",1,0,2.7.0,2025-12-19 18:57:51+00:00,"Hai, Kak Aman. Maaf atas ketidaknyamanannya. Kami akan selalu berusaha memberikan yang terbaik demi kebutuhan perbankan Kakak. Terkait hal tersebut pastikan beberapa hal berikut, pastikan Kakak tidak memakai sunglasses, di tempat yang terang, tidak backlight, posisi wajah di dalam lingkaran dan pastikan aplikasi blu versi terupdate ya.",2025-12-19 20:00:33,2.7.0
8737c3ee-21a9-4cf1-9fcc-0f32d22a7798,Pengguna Google,https://play-lh.googleusercontent.com/EGemoI2NTXmTsBVtJqk8jxF9rh8ApRWfsIMQSt2uE4OcpQqbFu7f7NbTK05lx80nuSijCz7sc3a277R67g,"tolong dong kalo mau komplain jangan pake telepon kalo bisa pake aplikasi blu nya langsung, stress baru 5 menit telpon pulsa langsung abis kek mana orang mau komplain,kek gini kan seolah olah jadinya kaya mau komplain aja susah",2,0,,2025-12-19 16:06:34+00:00,"Hai, Kak Herizqi. Jika ada hal yang ingin ditanyakan atau Kakak mengalami kendala, Kakak bisa menghubungi Social Media BCA Digital atau melalui layanan telepon haloblu 1500668. Kakak bisa menghubungi layanan haloblu 1500668 di aplikasi haloBCA dan tidak dikenakan biaya pulsa ya.",2025-12-19 16:56:29,
2c554995-80f9-4a3f-b612-7a19b8dabb20,Pengguna Google,https://play-lh.googleusercontent.com/EGemoI2NTXmTsBVtJqk8jxF9rh8ApRWfsIMQSt2uE4OcpQqbFu7f7NbTK05lx80nuSijCz7sc3a277R67g,"ini kenapa si blu BCA ganguan terus ga bisa masuk, dulu kayaknya biasa biasa aja saya pake. kenapa sekarang susah banget untuk masuk dan jadi lemot!",1,0,2.7.0,2025-12-19 12:07:41+00:00,"Hai, Kak Septiyano. Maaf atas ketidaknyamanannya. Kami akan selalu terus memperbaiki sistem demi mencapai kepuasan para pengguna aplikasi blu. Terkait kendala Kakak pastikan menggunakan aplikasi blu versi terbaru, pastikan setting waktu di handphone menjadi otomatis, jaringan internet lancar dan stabil serta tidak menggunakan jaringan WiFi.",2025-12-19 12:26:41,2.7.0
4370a40d-8426-42c9-9024-72a689bbe287,Pengguna Google,https://play-lh.googleusercontent.com/EGemoI2NTXmTsBVtJqk8jxF9rh8ApRWfsIMQSt2uE4OcpQqbFu7f7NbTK05lx80nuSijCz7sc3a277R67g,aplikasinya berat jadi suka lag,1,0,2.7.0,2025-12-19 11:56:23+00:00,"Hai, Kak Nicholas. Maaf atas ketidaknyamanannya. Kami akan selalu terus memperbaiki sistem demi mencapai kepuasan para pengguna aplikasi blu. Terkait kendala tersebut pastikan Kakak menggunakan aplikasi blu versi terbaru, pastikan setting waktu di handphone menjadi otomatis, jaringan internet lancar dan stabil serta tidak menggunakan jaringan WiFi.",2025-12-19 12:25:05,2.7.0
dba0009a-8992-4bc8-a79c-c4641089977c,Pengguna Google,https://play-lh.googleusercontent.com/EGemoI2NTXmTsBVtJqk8jxF9rh8ApRWfsIMQSt2uE4OcpQqbFu7f7NbTK05lx80nuSijCz7sc3a277R67g,"sejauh ini,bagus banget. memudahkan saya bertransaksi",5,0,2.7.0,2025-12-19 10:18:33+00:00,"Hai, Kak Kadius Indra. Terima kasih atas ulasannya. Semoga blu bisa selalu memberikan yang terbaik untuk memenuhi semua kebutuhan perbankan Kakak. Jika ada kendala atau hal lain yang ingin ditanyakan, Kakak bisa langsung menghubungi X @haloblu atau email haloblu@bcadigital.co.id atau telepon 1500668 (layanan 24 jam).",2025-12-19 11:36:38,2.7.0
b5605fa2-5dd8-41cf-9cbb-393c8a110124,Pengguna Google,https://play-lh.googleusercontent.com/EGemoI2NTXmTsBVtJqk8jxF9rh8ApRWfsIMQSt2uE4OcpQqbFu7f7NbTK05lx80nuSijCz7sc3a277R67g,apakah trf dari bca ke blu atau sebaliknya masih kena biaya?,3,0,2.7.0,2025-12-19 04:31:14+00:00,"Hai, Kak Gumilar. Maaf atas ketidaknyamanannya. Terkait adanya biaya transfer BI-FAST dari BCA ke blu adalah ketentuan dari BCA. Namun tenang saja Kakak masih bebas biaya transfer BI-FAST dari blu ke BCA ya. blu by BCA Digital adalah anak perusahaan dari Bank BCA, tetapi sudah berbeda bank. Masing-masing mempunyai kebijakan yang berbeda Kak.",2025-12-19 06:02:36,2.7.0
da47f8f4-a4ae-4977-8238-ebaf9ff960f0,Pengguna Google,https://play-lh.googleusercontent.com/EGemoI2NTXmTsBVtJqk8jxF9rh8ApRWfsIMQSt2uE4OcpQqbFu7f7NbTK05lx80nuSijCz7sc3a277R67g,tolong dong kalo login akun pake deteksi wajah kek,5,0,,2025-12-18 21:27:01+00:00,"Hai, Kakak. Terima kasih atas ulasannya. Untuk login dengan Face ID bisa Kakak aktifkan dari aplikasi blu dengan cara klik ikon profil yang ada di kiri atas dashboard aplikasi blu, tap “Aktifkan Login [Biometrik]” untuk mengaktifkan/menonaktifkan fitur login biometrik.",2025-12-18 21:59:43,
9dd1f27b-6e04-4e3e-94e6-b44782640e8a,Pengguna Google,https://play-lh.googleusercontent.com/EGemoI2NTXmTsBVtJqk8jxF9rh8ApRWfsIMQSt2uE4OcpQqbFu7f7NbTK05lx80nuSijCz7sc3a277R67g,sangat bagus dan membantu transfer kemana aja,5,0,,2025-12-18 21:22:29+00:00,"Hai, Kak Fadli. Terima kasih atas ulasannya. Semoga blu bisa selalu memberikan yang terbaik untuk memenuhi semua kebutuhan perbankan Kakak. Selamat menikmati kemudahan bertransaksi menggunakan blu ya. 😊",2025-12-18 21:57:26,
5e143465-603d-472c-ba48-c2666bb94223,Pengguna Google,https://play-lh.googleusercontent.com/EGemoI2NTXmTsBVtJqk8jxF9rh8ApRWfsIMQSt2uE4OcpQqbFu7f7NbTK05lx80nuSijCz7sc3a277R67g,sangat buru,1,0,2.7.0,2025-12-18 15:00:49+00:00,"Hai, Kak Yeni. Maaf atas ketidaknyamanannya. Mohon kesediaan Kakak menginformasikan lebih detail, apakah Kakak mengalami kendala atau yang lainnya ke X @haloblu atau email haloblu@bcadigital.co.id agar kami bisa bantu lebih lanjut ya.
",2025-12-18 15:20:43,2.7.0
5be3b507-c2bf-4ee3-a82e-81e3eea0a5ae,Pengguna Google,https://play-lh.googleusercontent.com/EGemoI2NTXmTsBVtJqk8jxF9rh8ApRWfsIMQSt2uE4OcpQqbFu7f7NbTK05lx80nuSijCz7sc3a277R67g,mau daftar buat buka tabungan pas foto e-ktp kok gagal terus ya? padahal ktp juga udah jelas banget. capek fotoin nya,3,0,2.7.0,2025-12-18 14:02:43+00:00,"Hai, Kak Hartanti. Maaf atas ketidaknyamanannya. Terkait kendala tersebut Kakak dapat geser kamera menjauh (zoom out) sampai seluruh KTP terlihat jelas. Posisikan KTP di bagian bawah garis kotak putih dan Kakak bisa mencoba kembali ya Kak.",2025-12-18 15:17:49,2.7.0
b56eca36-365b-41a2-91f6-c6839f3600b9,Pengguna Google,https://play-lh.googleusercontent.com/EGemoI2NTXmTsBVtJqk8jxF9rh8ApRWfsIMQSt2uE4OcpQqbFu7f7NbTK05lx80nuSijCz7sc3a277R67g,"mau buat rekening verifikasi KTPnya ngebug, stak di foto KTP terus, mau di zoom out zoom in kondisi terang apalagi gelap tetap minta photo terus sampai kiamat gak bakal kelar,🤣🤣🤣",2,0,1.61.0,2025-12-18 12:45:29+00:00,"Hai, Kak Nurul. Maaf atas ketidaknyamanannya. Terkait kendala yang dialami minblu saranin Kakak untuk menghubungi haloblu 1500668 agar dibantu cek lebih lanjut karena membutuhkan verifikasi data melalui telepon. Kakak dapat menghubungi layanan haloblu 1500668 pada aplikasi haloBCA yang dapat diunduh di Play Store atau App Store dan bebas pulsa.",2025-12-18 12:53:18,1.61.0
33aca652-7c9f-4d4c-8a8e-30120347c52c,Pengguna Google,https://play-lh.googleusercontent.com/EGemoI2NTXmTsBVtJqk8jxF9rh8ApRWfsIMQSt2uE4OcpQqbFu7f7NbTK05lx80nuSijCz7sc3a277R67g,foto ktp selalu terlalu gelap padahal udah pake flash,1,0,,2025-12-18 09:47:44+00:00,"Hai, Kak Andry. Maaf atas ketidaknyamanannya. Terkait kendala tersebut boleh kirimkan gambar kendalanya ke X @haloblu atau email haloblu@bcadigital.co.id agar kami bisa bantu lebih lanjut ya.",2025-12-18 10:31:05,
c5f42627-0df8-4eb1-a26c-07e502274882,Pengguna Google,https://play-lh.googleusercontent.com/EGemoI2NTXmTsBVtJqk8jxF9rh8ApRWfsIMQSt2uE4OcpQqbFu7f7NbTK05lx80nuSijCz7sc3a277R67g,Kenapa ya aplikasinya ga bisa di buka sdh 2 hari ini ?,5,0,2.7.0,2025-12-18 05:59:30+00:00,"Hai, Kak Cecep. Maaf atas ketidaknyamanannya. Terkait kendala tersebut boleh kirimkan gambar kendalanya ke X @haloblu atau email haloblu@bcadigital.co.id agar kami bisa bantu lebih lanjut ya.
",2025-12-18 06:28:25,2.7.0
d2b3739a-2ec5-4951-b3f6-d7d1c3d1e31c,Pengguna Google,https://play-lh.googleusercontent.com/EGemoI2NTXmTsBVtJqk8jxF9rh8ApRWfsIMQSt2uE4OcpQqbFu7f7NbTK05lx80nuSijCz7sc3a277R67g,"ada apa sama blu by BCA,susah masuk",2,0,2.7.0,2025-12-18 00:54:12+00:00,"Hai, Kak Chala. Maaf atas ketidaknyamanannya. Kami akan selalu berusaha memberikan yang terbaik demi memenuhi kebutuhan perbankan Kakak. Terkait kendala tersebut boleh infokan detail kendala serta kirimkan gambar kendalanya ke X @haloblu atau email haloblu@bcadigital.co.id agar kami bisa bantu lebih lanjut ya.",2025-12-18 03:11:33,2.7.0
91130242-edd2-487e-ab70-a58deece57e2,Pengguna Google,https://play-lh.googleusercontent.com/EGemoI2NTXmTsBVtJqk8jxF9rh8ApRWfsIMQSt2uE4OcpQqbFu7f7NbTK05lx80nuSijCz7sc3a277R67g,aplikasi buruk selalu kesulitan untuk bertransaksi,1,0,2.7.0,2025-12-17 23:25:58+00:00,"Hai, Kak Erniza. Maaf atas ketidaknyamanannya. Kami akan selalu berusaha memberikan yang terbaik demi memenuhi kebutuhan perbankan Kakak. Terkait kendala tersebut boleh infokan detail kendala serta kirimkan gambar kendalanya ke X @haloblu atau email haloblu@bcadigital.co.id agar kami bisa bantu lebih lanjut ya.",2025-12-18 00:47:20,2.7.0
e35befe7-c707-4e58-82e9-0949fd08c7db,Pengguna Google,https://play-lh.googleusercontent.com/EGemoI2NTXmTsBVtJqk8jxF9rh8ApRWfsIMQSt2uE4OcpQqbFu7f7NbTK05lx80nuSijCz7sc3a277R67g,bagus banget bisa untuk menabung walaupun kantor cabangnya cuma 1,5,0,,2025-12-17 21:12:00+00:00,"Hai, Kak Sari Ija. Saat ini blu belum memiliki kantor cabang ya Kak. Terima kasih ulasannya. Semoga blu bisa selalu memberikan yang terbaik untuk memenuhi semua kebutuhan Kakak. Jika ada kendala atau hal lain yang ingin ditanyakan, Kakak bisa langsung menghubungi X @haloblu atau email haloblu@bcadigital.co.id atau telepon 1500668 (layanan 24 jam).
",2025-12-17 21:47:52,
0dde03ba-e7d0-41ad-aece-fd6950074590,Pengguna Google,https://play-lh.googleusercontent.com/EGemoI2NTXmTsBVtJqk8jxF9rh8ApRWfsIMQSt2uE4OcpQqbFu7f7NbTK05lx80nuSijCz7sc3a277R67g,"face recognition nya cacat, udh hadap depan masih juga di spam, udah saya ga pake topi, kacamata, masker atau sejenisnya, sama light nya juga proper, masih juga gagal, hadeh",1,0,,2025-12-17 20:06:01+00:00,"Hai, Kak Muhammad Alfaradhi. Maaf atas ketidaknyamanannya. Apabila Kakak kendala pengenalan wajah, maka untuk kendala tersebut Kakak dapat memastikan:
- Pastikan Kakak tidak memakai sunglasses
- Pastikan tidak memakai masker
- Tidak backlight (kami sarankan background polos)
- Di tempat yang terang
- Posisi wajah di dalam lingkaran
",2025-12-17 21:13:50,
d8332bcc-a750-47ba-8d14-b4b2d0ba9e1e,Pengguna Google,https://play-lh.googleusercontent.com/EGemoI2NTXmTsBVtJqk8jxF9rh8ApRWfsIMQSt2uE4OcpQqbFu7f7NbTK05lx80nuSijCz7sc3a277R67g,"Semuanya bagus tapi ada 1 yang bikin badmood, aplikasinya beratttttttttttttttt bangettttttttttttt. Tolong bikin aplikasinya ringan dong supaya ramah di HP mid end kadsng gakbisa baca qris?",1,15,2.7.0,2025-12-17 19:01:41+00:00,"Hai, Kak Dino. Maaf atas ketidaknyamanannya. Kami akan selalu berusaha memberikan yang terbaik demi memenuhi kebutuhan Kakak. Pastikan perangkat sudah update versi terbaru. Terkait kendala tersebut boleh infokan detail kendala serta kirimkan gambar kendalanya ke X @haloblu atau email haloblu@bcadigital.co.id agar kami bisa bantu lebih lanjut ya.
",2025-12-17 20:03:14,2.7.0
16ad0697-2fce-4ca4-8054-c8f92935aca3,Pengguna Google,https://play-lh.googleusercontent.com/EGemoI2NTXmTsBVtJqk8jxF9rh8ApRWfsIMQSt2uE4OcpQqbFu7f7NbTK05lx80nuSijCz7sc3a277R67g,kalo ada kendala CS nya ramah banget. emang cocok banget buat gen z yang apa2 ga mau ribet. di bikin simpel sama blu👍🏻👍🏻👍🏻,5,0,2.7.0,2025-12-17 16:37:43+00:00,"Hai, Kak Rayhan. Terima kasih atas ulasannya. Semoga blu bisa selalu memberikan yang terbaik untuk memenuhi semua kebutuhan perbankan Kakak. Jika ada kendala atau hal lain yang ingin ditanyakan, Kakak bisa langsung menghubungi X @haloblu atau email haloblu@bcadigital.co.id atau telepon 1500668 (layanan 24 jam).",2025-12-17 17:00:27,2.7.0
c033f9ea-dd56-41ab-ad84-93a8db2ac54d,Pengguna Google,https://play-lh.googleusercontent.com/EGemoI2NTXmTsBVtJqk8jxF9rh8ApRWfsIMQSt2uE4OcpQqbFu7f7NbTK05lx80nuSijCz7sc3a277R67g,"Sangat Aneh Ini Aplikasi, Saya Seumur Umur Belum Pernah Pinjam, Saya Coba Pengajuan Di Tolak. Padahal Saya Customer BCA Sudah Lama & Bisa Di Track Mutasi Saya Di BCA. Aplikasi Sangat Aneh",1,3,2.7.0,2025-12-17 15:47:31+00:00,"Hai, Kak Agus. Maaf atas ketidaknyamanannya. Untuk pengajuan bluExtraCash disetujui atau tidak sepenuhnya adalah hasil analisa tim terkait dan merupakan kebijakan dari Bank BCA DigitaL ya Kak.",2025-12-17 16:40:49,2.7.0
62ee012a-6697-439e-8ae5-05f125b3a388,Pengguna Google,https://play-lh.googleusercontent.com/EGemoI2NTXmTsBVtJqk8jxF9rh8ApRWfsIMQSt2uE4OcpQqbFu7f7NbTK05lx80nuSijCz7sc3a277R67g,saya ex bca baru kali ini saya pengaduan pelayanan info nya nanggung2. ketika nasabah info kendala uang nyangkut di blu akibat transaksi masih diproses di blu. minta kepastian pengembalian dana jika tidak bisa di proses saja hrs nunggu 3 hari kerja. padahal sudah jelas mereka bilang dana tidak bisa diproses oleh pihak blu. lalu nasabah di suruh nunggu pengembalian dana 3 hari kerja. buruk sekali ya. baru kali ini anak perusahaan bca sejelek ini sistemnya. kesalahan pihak blu tapi nasabah yg rugi,1,0,2.7.0,2025-12-17 15:34:31+00:00,"Hai, Kakak. Maaf atas ketidaknyamanannya. Kami akan selalu berusaha memberikan yang terbaik untuk memenuhi kebutuhan perbankan Kakak. Jika sebelumnya Kakak sudah menghubungi layanan haloblu 1500668 untuk pembuatan laporan, mohon kirimkan nomor laporannya ke email haloblu@bcadigital.co.id agar kami bantu pengecekan lebih lanjut ya.",2025-12-17 16:37:47,2.7.0
87791e5f-8716-4280-aeec-e87ecd4f9caa,Pengguna Google,https://play-lh.googleusercontent.com/EGemoI2NTXmTsBVtJqk8jxF9rh8ApRWfsIMQSt2uE4OcpQqbFu7f7NbTK05lx80nuSijCz7sc3a277R67g,tersenyum,5,0,2.7.0,2025-12-17 14:20:18+00:00,"Hai, Kak Ridwan Wan. Terima kasih atas ulasannya. Semoga blu bisa selalu memberikan yang terbaik untuk memenuhi semua kebutuhan perbankan Kakak. Jika ada kendala atau hal lain yang ingin ditanyakan, Kakak bisa langsung menghubungi X @haloblu atau email haloblu@bcadigital.co.id atau telepon 1500668 (layanan 24 jam).",2025-12-17 15:19:56,2.7.0
6082b198-f046-47c1-8af4-216baf3121bd,Pengguna Google,https://play-lh.googleusercontent.com/EGemoI2NTXmTsBVtJqk8jxF9rh8ApRWfsIMQSt2uE4OcpQqbFu7f7NbTK05lx80nuSijCz7sc3a277R67g,kak kok macet gak mau kebuka? udah 2 hari loh,1,0,2.7.0,2025-12-17 12:09:44+00:00,"Hai, Kak Dea. Maaf atas ketidaknyamanannya. Kami akan selalu berusaha memberikan yang terbaik demi memenuhi kebutuhan perbankan Kakak. Terkait kendala tersebut boleh infokan detail kendala serta kirimkan gambar kendalanya ke X @haloblu atau email haloblu@bcadigital.co.id agar kami bisa bantu lebih lanjut ya.",2025-12-17 12:43:51,2.7.0
40238a1e-4eb7-4bff-bdcf-81fe1976750a,Pengguna Google,https://play-lh.googleusercontent.com/EGemoI2NTXmTsBVtJqk8jxF9rh8ApRWfsIMQSt2uE4OcpQqbFu7f7NbTK05lx80nuSijCz7sc3a277R67g,"mau ganti device tapi gagal verifikasi wajah Mulu. giliran bisa masuk, trus masukin password, malah akun terblokir.",2,0,,2025-12-17 06:31:48+00:00,"Hai, Kak fajar. Maaf atas ketidaknyamanannya. Kami akan selalu berusaha memberikan yang terbaik demi kebutuhan perbankan Kakak. Terkait hal tersebut pastikan beberapa hal berikut, pastikan Kakak tidak memakai sunglasses, di tempat yang terang, tidak backlight, posisi wajah di dalam lingkaran dan pastikan aplikasi blu versi terupdate ya.
",2025-12-17 06:58:13,
6b4e7a30-209c-4025-9d96-98c9920e79c0,Pengguna Google,https://play-lh.googleusercontent.com/EGemoI2NTXmTsBVtJqk8jxF9rh8ApRWfsIMQSt2uE4OcpQqbFu7f7NbTK05lx80nuSijCz7sc3a277R67g,"sekarang sudah 2hari gak bsa dipakai,kenapa bsa!!! error mau login sja gangguan terus,bukan makin bagus layanan malah makin jelek,ulasan sya perbarui makin sakit hati sja udh berbulan2,seperti ini,nama besar BCA bukan jaminan kualitas klw begini.",1,40,2.7.0,2025-12-17 05:33:32+00:00,"Hai, Kakak. Maaf atas ketidaknyamanannya. Kami akan selalu berusaha memberikan yang terbaik demi memenuhi kebutuhan perbankan Kakak. Terkait kendala yang dialami tersebut boleh infokan detail kendala serta kirimkan gambar kendalanya ke X @haloblu atau email haloblu@bcadigital.co.id agar kami bisa bantu lebih lanjut ya.",2025-12-17 06:05:46,2.7.0
1472cf0e-61c9-4665-a682-f324729d3d49,Pengguna Google,https://play-lh.googleusercontent.com/EGemoI2NTXmTsBVtJqk8jxF9rh8ApRWfsIMQSt2uE4OcpQqbFu7f7NbTK05lx80nuSijCz7sc3a277R67g,"dari hari Jumat mau transfer pakai BI fast ke blu dari bank lain tidak bisa,saya kira BI fast sedang trouble,tapi ketika saya coba transfer Bi fast ke bank lain bisa,mohon arahannya...",2,5,2.7.0,2025-12-16 22:38:03+00:00,"Hai, Kak Rio. Maaf atas ketidaknyamanannya. Kami akan selalu berusaha memberikan yang terbaik demi memenuhi kebutuhan perbankan Kakak. Terkait kendala tersebut boleh infokan detail kendala serta kirimkan gambar kendalanya ke X @haloblu atau email haloblu@bcadigital.co.id agar kami bisa bantu lebih lanjut ya.",2025-12-16 23:06:47,2.7.0
068d6ca9-a17f-4a06-bfc6-624e26dfef63,Pengguna Google,https://play-lh.googleusercontent.com/EGemoI2NTXmTsBVtJqk8jxF9rh8ApRWfsIMQSt2uE4OcpQqbFu7f7NbTK05lx80nuSijCz7sc3a277R67g,"aplikasih aneh.... terblokir karena verifikasi wajah, maksudnya gimana seh. mana verifikasi wajah ngulang2 mulu, sekali nya berhasil malah di blokir akunnya",1,0,2.1.10,2025-12-16 21:05:02+00:00,"Hai, Kakak. Maaf atas ketidaknyamanannya. Kami akan selalu berusaha memberikan yang terbaik demi kebutuhan perbankan Kakak. Terkait hal tersebut pastikan beberapa hal berikut, pastikan Kakak tidak memakai sunglasses, di tempat yang terang, tidak backlight, posisi wajah di dalam lingkaran dan pastikan aplikasi blu versi terupdate ya.",2025-12-16 22:22:32,2.1.10
d8e4b2e9-0df8-4a4a-9b8b-4c214aef2b7d,Pengguna Google,https://play-lh.googleusercontent.com/EGemoI2NTXmTsBVtJqk8jxF9rh8ApRWfsIMQSt2uE4OcpQqbFu7f7NbTK05lx80nuSijCz7sc3a277R67g,"Aplikasi yg plg tdk jls. Ulasan krg bgs. Ajuin pinjaman ditolak, pdhl nasabah.",1,1,2.7.0,2025-12-16 21:01:21+00:00,"Hai, Kakak. Maaf atas ketidaknyamanannya. Kami akan selalu berusaha memberikan yang terbaik kebutuhan perbankan Kakak. Terdapat beberapa hal yang dapat menyebabkan pengajuan pinjaman Kakak ditolak/dibatalkan, antara lain, belum sesuai dengan kriteria debitur Bank BCA Digital atau rekening bluAccount Kakak sedang diblokir.",2025-12-16 22:22:28,2.7.0
bb989141-2606-41da-9f8e-ab6e0fc0d535,Pengguna Google,https://play-lh.googleusercontent.com/EGemoI2NTXmTsBVtJqk8jxF9rh8ApRWfsIMQSt2uE4OcpQqbFu7f7NbTK05lx80nuSijCz7sc3a277R67g,cs nya lamaaaaaa,1,0,2.7.0,2025-12-16 20:14:40+00:00,"Hai, Kak Muhamad. Maaf atas ketidaknyamanannya. Terkait kendala yang Kakak alami, mohon kesediaan Kakak dapat menginformasikan lebih detail melalui email haloblu@bcadigital.co.id, agar kami dapat menginformasikan sesuai dengan kebutuhan Kakak.",2025-12-16 20:53:59,2.7.0
9d8e73c1-3fb8-429e-87bb-00f90eb0e7f6,Pengguna Google,https://play-lh.googleusercontent.com/EGemoI2NTXmTsBVtJqk8jxF9rh8ApRWfsIMQSt2uE4OcpQqbFu7f7NbTK05lx80nuSijCz7sc3a277R67g,Tambah fitur deposito valas juga dong blu,5,0,,2025-12-16 20:01:01+00:00,"Hai, Kak Liana. Maaf atas ketidaknyamanannya. Jika yang Kakak maksud bluValas sudah ada ya Kak. bluValas saat ini hanya dapat digunakan sebagai rekening tabungan untuk valuta asing untuk kebutuhan menabung dan jual beli valas di blu dan belum dapat digunakan untuk bertransaksi di luar negeri ya Kak.",2025-12-16 20:50:24,
fb613fb6-a627-4a44-9621-8a9b8d91e428,Pengguna Google,https://play-lh.googleusercontent.com/EGemoI2NTXmTsBVtJqk8jxF9rh8ApRWfsIMQSt2uE4OcpQqbFu7f7NbTK05lx80nuSijCz7sc3a277R67g,lebih efisien dan nyaman dalam pembayaran Dll..,5,0,2.6.0,2025-12-16 12:47:50+00:00,"Hai, Kak Sulas Tuti. Terima kasih atas ulasannya. Semoga blu bisa selalu memberikan yang terbaik untuk memenuhi semua kebutuhan perbankan Kakak. Jika ada kendala atau hal lain yang ingin ditanyakan, Kakak bisa langsung menghubungi X @haloblu atau email haloblu@bcadigital.co.id atau telepon 1500668 (layanan 24 jam).
",2025-12-16 12:53:23,2.6.0
d975aa32-623f-4e31-a98a-d8f25e35157d,Pengguna Google,https://play-lh.googleusercontent.com/EGemoI2NTXmTsBVtJqk8jxF9rh8ApRWfsIMQSt2uE4OcpQqbFu7f7NbTK05lx80nuSijCz7sc3a277R67g,bagaimana cara pinjam di aplikasi ini saya selalu ditolak 😭😭😭,5,0,2.7.0,2025-12-16 12:12:31+00:00,"Hai, Kak Gunawan Santoso. Maaf atas ketidaknyamanannya. Untuk pengajuan pinjaman Kakak cek pada dashboard blu di bagian """"Portfolio"""" pilih """"Pinjaman"""". Kakak dapat mengajukan pinjaman melalui fitur """"bluExtraCash, namun apabila pengajuan Kakak ditolak maka Kakak bisa melakukan pengajuan kembali 90 hari setelah tanggal bluExtraCash ditolak ya.
",2025-12-16 12:53:23,2.7.0
5af1fcf1-4486-41d2-934b-37f0b5fc0835,Pengguna Google,https://play-lh.googleusercontent.com/EGemoI2NTXmTsBVtJqk8jxF9rh8ApRWfsIMQSt2uE4OcpQqbFu7f7NbTK05lx80nuSijCz7sc3a277R67g,"Inbox sebenarnya sudah terload namun kena softlock dari animasi kotak berputarnya, tolong segera diperbaiki karena berdampak ke experience sebagai pengguna",4,5,2.7.0,2025-12-16 01:12:12+00:00,"Hai, Kak Raihan. Maaf atas ketidaknyamanannya. Terima kasih atas saran dan masukan yang diberikan, kami akan selalu memperbaiki sistem demi mencapai kepuasan para pengguna aplikasi blu. Jika ada hal lain yang ingin ditanyakan, Kakak bisa langsung menghubungi X @haloblu atau email haloblu@bcadigital.co.id atau telepon 1500668 (layanan 24 jam).",2025-12-16 01:20:02,2.7.0
02a0a118-a46e-4253-abdc-bfc567dae6b0,Pengguna Google,https://play-lh.googleusercontent.com/EGemoI2NTXmTsBVtJqk8jxF9rh8ApRWfsIMQSt2uE4OcpQqbFu7f7NbTK05lx80nuSijCz7sc3a277R67g,repootttt daftar nya ge buset dah mana kudu vidio call skrng mah males bat,1,0,2.7.0,2025-12-15 23:08:42+00:00,"Hai, Kak Arya. Maaf atas ketidaknyamanannya. Kami akan selalu berusaha memberikan yang terbaik demi memenuhi kebutuhan perbankan Kakak. Terkait kendala tersebut boleh infokan detail kendala serta kirimkan gambar kendalanya ke X @haloblu atau email haloblu@bcadigital.co.id agar kami bisa bantu lebih lanjut ya.",2025-12-16 00:35:09,2.7.0
2158e640-e9db-4183-aabf-ce51a73b74e0,Pengguna Google,https://play-lh.googleusercontent.com/EGemoI2NTXmTsBVtJqk8jxF9rh8ApRWfsIMQSt2uE4OcpQqbFu7f7NbTK05lx80nuSijCz7sc3a277R67g,kelamaan verifikasi wajah,1,0,2.7.0,2025-12-15 22:30:59+00:00,"Hai, Kak Dimas. Maaf atas ketidaknyamanannya. Kami akan selalu berusaha memberikan yang terbaik demi kebutuhan perbankan Kakak. Terkait hal tersebut pastikan beberapa hal berikut, pastikan Kakak tidak memakai sunglasses, di tempat yang terang, tidak backlight, posisi wajah di dalam lingkaran dan pastikan aplikasi blu versi terupdate ya.",2025-12-15 23:11:35,2.7.0
49e26bce-4561-4277-a7f0-8ad565fd6744,Pengguna Google,https://play-lh.googleusercontent.com/EGemoI2NTXmTsBVtJqk8jxF9rh8ApRWfsIMQSt2uE4OcpQqbFu7f7NbTK05lx80nuSijCz7sc3a277R67g,sangat membantu semoga sukses selalu 👍🙏,5,0,2.7.0,2025-12-15 22:09:44+00:00,"Hai, Kak Siti. Terima kasih atas ulasannya. Semoga blu bisa selalu memberikan yang terbaik untuk memenuhi semua kebutuhan perbankan Kakak. Jika ada kendala atau hal lain yang ingin ditanyakan, Kakak bisa langsung menghubungi X @haloblu atau email haloblu@bcadigital.co.id atau telepon 1500668 (layanan 24 jam).",2025-12-15 23:10:21,2.7.0
98e4ae95-2cba-4b58-8427-b6677a3d9af2,Pengguna Google,https://play-lh.googleusercontent.com/EGemoI2NTXmTsBVtJqk8jxF9rh8ApRWfsIMQSt2uE4OcpQqbFu7f7NbTK05lx80nuSijCz7sc3a277R67g,feenya lebih tinggi klo mau tarik tunai atau tf. klo bank lain cuma 2500 ini blu feenya 3500 mending cari yg laen sih menurut ku,1,0,2.6.0,2025-12-15 17:11:02+00:00,"Hai, Kak Favian. Maaf atas ketidaknyamanannya. Untuk transfer ke Bank lain bisa bebas biaya menggunakan BI-FAST atau LLG sesuai dengan kuota bluLoyalty dan untuk tarik tunai atau setor juga bisa bebas biaya menggunakan kuota bluLoyalty. Tingkatin terus saldo Kakak agar semakin banyak mendapatkan kuota bluLoyalty ya Kak.",2025-12-16 00:43:01,2.6.0
13110866-6c72-45af-b157-0aba63290ca2,Pengguna Google,https://play-lh.googleusercontent.com/EGemoI2NTXmTsBVtJqk8jxF9rh8ApRWfsIMQSt2uE4OcpQqbFu7f7NbTK05lx80nuSijCz7sc3a277R67g,"setelah seminggu ga login pas login lagi ga bisa, mana spend money disitu, giliran butuh urgent aplikasi eror, gimana sih",1,0,2.7.0,2025-12-15 16:51:26+00:00,"Hai, Kak Riesma. Maaf atas ketidaknyamanannya. Terkait kendala tersebut boleh kirimkan gambar kendalanya ke X @haloblu atau email haloblu@bcadigital.co.id agar kami bisa bantu lebih lanjut ya.",2025-12-15 16:53:12,2.7.0
bad170e3-9cd7-4def-89f3-2e61436d474b,Pengguna Google,https://play-lh.googleusercontent.com/EGemoI2NTXmTsBVtJqk8jxF9rh8ApRWfsIMQSt2uE4OcpQqbFu7f7NbTK05lx80nuSijCz7sc3a277R67g,"bagus, cuma loading aplikasinya agak lama",4,0,2.7.0,2025-12-15 15:00:46+00:00,"Hai, Kak Wihandani. Maaf atas ketidaknyamanannya. Kami akan selalu terus memperbaiki sistem demi mencapai kepuasan para pengguna aplikasi blu. Untuk kendala tersebut pastikan Kakak menggunakan aplikasi blu versi terbaru dan jaringan internet yang digunakan lancar dan stabil.",2025-12-15 15:13:41,2.7.0
39628fc3-c45a-4bbc-949f-740623afe7cf,Pengguna Google,https://play-lh.googleusercontent.com/EGemoI2NTXmTsBVtJqk8jxF9rh8ApRWfsIMQSt2uE4OcpQqbFu7f7NbTK05lx80nuSijCz7sc3a277R67g,"Halo kak ini blu kenapa gabisa di buka yaa? saya baru TF uang lagi tlong di bantu, nanti ditambah LG bintangnya",5,0,2.7.0,2025-12-15 06:00:46+00:00,"Hai, Kak Muhammad Robi. Maaf atas ketidaknyamanannya. Kami akan selalu berusaha memberikan yang terbaik demi memenuhi kebutuhan perbankan Kakak. Terkait kendala tersebut boleh infokan detail kendala serta kirimkan gambar kendalanya ke X @haloblu atau email haloblu@bcadigital.co.id agar kami bisa bantu lebih lanjut ya.",2025-12-15 06:58:58,2.7.0
85b10442-ec8e-42b9-9e61-98409664e23a,Pengguna Google,https://play-lh.googleusercontent.com/EGemoI2NTXmTsBVtJqk8jxF9rh8ApRWfsIMQSt2uE4OcpQqbFu7f7NbTK05lx80nuSijCz7sc3a277R67g,ga jelas ngadain promo klik indomaret x blu. snk kode on jam 00 tapi on nya baru jam 5,1,0,2.7.0,2025-12-15 05:14:48+00:00,"Hai, Kakak. Maaf atas ketidaknyamanannya. Kami akan selalu berusaha memberikan yang terbaik kebutuhan perbankan Kakak. Mohon pastikan perangkat sudah update versi terbaru dan jika ada hal lain yang ingin ditanyakan, Kakak bisa langsung menghubungi X @haloblu atau email haloblu@bcadigital.co.id atau telepon 1500668 (layanan 24 jam).",2025-12-15 05:38:16,2.7.0
3f21730c-3372-481c-8114-6b1e8afb0944,Pengguna Google,https://play-lh.googleusercontent.com/EGemoI2NTXmTsBVtJqk8jxF9rh8ApRWfsIMQSt2uE4OcpQqbFu7f7NbTK05lx80nuSijCz7sc3a277R67g,"Kasih QrisTap dan qris tanpa login dong, dan ukuran memori app nya kecilin ini mau 200mb beratt bgt nguras baterai",4,1,2.7.0,2025-12-14 23:08:19+00:00,"Hai, Kak Awan. Maaf atas ketidaknyamanannya. Terima kasih atas saran dan masukan yang diberikan, kami akan selalu memperbaiki sistem demi kepuasan para pengguna aplikasi blu. Kami tampung dulu ya Kak, jika ada hal lain yang ingin ditanyakan, bisa menghubungi X @haloblu atau email haloblu@bcadigital.co.id atau telepon 1500668 (layanan 24 jam).",2025-12-14 23:48:25,2.7.0
f5c8820c-faf0-45aa-9f3a-b92118c0d672,Pengguna Google,https://play-lh.googleusercontent.com/EGemoI2NTXmTsBVtJqk8jxF9rh8ApRWfsIMQSt2uE4OcpQqbFu7f7NbTK05lx80nuSijCz7sc3a277R67g,"3 hari muter muter bae kaya kitiran, gak bisa dibuka sama sekali. gimana ini caranya biar bisa di buka...",3,0,,2025-12-14 22:38:38+00:00,"Hai, Kak Nur Azizah. Maaf atas ketidaknyamanannya. Kami akan selalu berusaha memberikan yang terbaik demi memenuhi kebutuhan perbankan Kakak. Terkait kendala tersebut boleh infokan detail kendala serta kirimkan gambar kendalanya ke X @haloblu atau email haloblu@bcadigital.co.id agar kami bisa bantu lebih lanjut ya.",2025-12-14 23:40:50,
42d05785-5eab-4f2d-8e3f-ca36f2e16640,Pengguna Google,https://play-lh.googleusercontent.com/EGemoI2NTXmTsBVtJqk8jxF9rh8ApRWfsIMQSt2uE4OcpQqbFu7f7NbTK05lx80nuSijCz7sc3a277R67g,"baru mau daftar ribet banget, padahal saya nasabah BCA dimana itu dapat mempermudah melakukan pendaftaran aplikasi blu by BCA🙏",2,0,2.7.0,2025-12-14 21:02:24+00:00,"Hai, Kak Veronica. Maaf atas ketidaknyamanannya. Kami akan selalu berusaha memberikan yang terbaik demi memenuhi kebutuhan perbankan Kakak. Terkait kendala tersebut boleh infokan detail kendala serta kirimkan gambar kendalanya ke X @haloblu atau email haloblu@bcadigital.co.id agar kami bisa bantu lebih lanjut ya.",2025-12-14 21:29:41,2.7.0
87729c05-091c-41c5-9610-429ea7447d64,Pengguna Google,https://play-lh.googleusercontent.com/EGemoI2NTXmTsBVtJqk8jxF9rh8ApRWfsIMQSt2uE4OcpQqbFu7f7NbTK05lx80nuSijCz7sc3a277R67g,sering eror blu bca nya,5,0,,2025-12-14 13:04:38+00:00,"Hai, Kak Harman. Maaf atas ketidaknyamanannya. Kami akan selalu berusaha memberikan yang terbaik demi memenuhi kebutuhan perbankan Kakak. Terkait kendala tersebut boleh infokan detail kendala serta kirimkan gambar kendalanya ke X @haloblu atau email haloblu@bcadigital.co.id agar kami bisa bantu lebih lanjut ya.",2025-12-14 14:05:09,
fd4daec8-af4b-48e9-82fe-daf3ad1ccd2d,Pengguna Google,https://play-lh.googleusercontent.com/EGemoI2NTXmTsBVtJqk8jxF9rh8ApRWfsIMQSt2uE4OcpQqbFu7f7NbTK05lx80nuSijCz7sc3a277R67g,Good Job,5,0,2.7.0,2025-12-14 12:24:11+00:00,"Hai Kak Priyanto. Terima kasih atas ulasannya. Semoga blu bisa selalu memberikan yang terbaik untuk memenuhi semua kebutuhan perbankan Kakak. Jika ada kendala atau hal lain yang ingin ditanyakan, Kakak bisa langsung menghubungi X @haloblu atau email haloblu@bcadigital.co.id atau telepon 1500668 (layanan 24 jam).",2025-12-14 12:53:27,2.7.0
7d1769d7-2316-4af7-aeec-bf7fa6d7d510,Pengguna Google,https://play-lh.googleusercontent.com/EGemoI2NTXmTsBVtJqk8jxF9rh8ApRWfsIMQSt2uE4OcpQqbFu7f7NbTK05lx80nuSijCz7sc3a277R67g,mau ambil uang repot nya minta ampun eror Mulu blue BCA.,1,2,2.7.0,2025-12-14 11:51:27+00:00,"Hai, Kak Agung. Maaf atas ketidaknyamanannya. Kami akan selalu berusaha memberikan yang terbaik demi memenuhi kebutuhan perbankan Kakak. Terkait kendala tersebut boleh infokan detail kendala serta kirimkan gambar kendalanya ke X @haloblu atau email haloblu@bcadigital.co.id agar kami bisa bantu lebih lanjut ya.",2025-12-14 12:53:56,2.7.0
3703b2c9-b9c7-4c52-a159-6c3fbc3222b4,Pengguna Google,https://play-lh.googleusercontent.com/EGemoI2NTXmTsBVtJqk8jxF9rh8ApRWfsIMQSt2uE4OcpQqbFu7f7NbTK05lx80nuSijCz7sc3a277R67g,bagus aplikasi nya 👍🏻👍🏻,5,0,2.3.0,2025-12-14 08:43:09+00:00,"Hai, Kak Meitia Rani. Terima kasih atas ulasannya. Semoga blu bisa selalu memberikan yang terbaik untuk memenuhi semua kebutuhan perbankan Kakak. Jika ada kendala atau hal lain yang ingin ditanyakan, Kakak bisa langsung menghubungi X @haloblu atau email haloblu@bcadigital.co.id atau telepon 1500668 (layanan 24 jam).
",2025-12-14 08:45:26,2.3.0
70b16700-bedd-4b07-82a2-7953aed1f6a3,Pengguna Google,https://play-lh.googleusercontent.com/EGemoI2NTXmTsBVtJqk8jxF9rh8ApRWfsIMQSt2uE4OcpQqbFu7f7NbTK05lx80nuSijCz7sc3a277R67g,"semua sudah bagus, kalo bisa tolong aplikasi nya dibuat lebih ringan lagi. tks",5,0,2.6.0,2025-12-14 00:22:47+00:00,"Hai, Kakak. Terima kasih atas ulasannya. Terima kasih atas saran dan masukan yang diberikan semoga blu bisa selalu memberikan yang terbaik untuk memenuhi kebutuhan perbankan Kakak. Jika kendala atau hal lain yang ingin ditanyakan, Kakak bisa langsung menghubungi X @haloblu atau email haloblu@bcadigital.co.id atau telepon 1500668 (layanan 24 jam).
",2025-12-14 01:04:42,2.6.0
222a67f9-34cf-403e-926c-16b0239c0b5b,Pengguna Google,https://play-lh.googleusercontent.com/EGemoI2NTXmTsBVtJqk8jxF9rh8ApRWfsIMQSt2uE4OcpQqbFu7f7NbTK05lx80nuSijCz7sc3a277R67g,"setiap kali di kritik nyalahin pengguna HP belum terupdate lah inilah itulah, padahal gua pake HP bukan 1 doang kali, setiap login harus scan wajah, harus buka mulut lah hadap kanan lah, aplikasi ribet jaringan harus stabil sistem lelet, pas keluar belum tentu dapet sinyal bagus, cocok untuk transaksi rumahan untuk di lapangan kurang rekomen karena sinyal harus stabil, padahal gua pake bank lain lancar aja",1,0,,2025-12-13 23:22:55+00:00,"Hai, Kakak. Maaf atas ketidaknyamanannya. Terima kasih atas saran dan masukan yang diberikan, kami akan selalu memperbaiki sistem demi mencapai kepuasan para pengguna aplikasi blu. Jika ada hal lain yang ingin ditanyakan, Kakak bisa langsung menghubungi X @haloblu atau email haloblu@bcadigital.co.id atau telepon 1500668 (layanan 24 jam).
",2025-12-14 00:00:54,
397eafac-b5b2-4aaa-9c43-62b849b63588,Pengguna Google,https://play-lh.googleusercontent.com/EGemoI2NTXmTsBVtJqk8jxF9rh8ApRWfsIMQSt2uE4OcpQqbFu7f7NbTK05lx80nuSijCz7sc3a277R67g,apaan gk bisa lanjut pendaftaran nya dgn alasan blm pakai e M-banking,1,0,2.7.0,2025-12-13 22:44:57+00:00,"Hai, Kak Melissa apriantimi. Maaf atas ketidaknyamanannya. Kami akan selalu berusaha memberikan yang terbaik demi memenuhi kebutuhan perbankan Kakak. Terkait kendala tersebut boleh infokan detail kendala serta kirimkan gambar kendalanya ke X @haloblu atau email haloblu@bcadigital.co.id agar kami bisa bantu lebih lanjut ya.
",2025-12-13 23:06:34,2.7.0
65a2034d-938d-4093-804c-a588ab8b3f3d,Pengguna Google,https://play-lh.googleusercontent.com/EGemoI2NTXmTsBVtJqk8jxF9rh8ApRWfsIMQSt2uE4OcpQqbFu7f7NbTK05lx80nuSijCz7sc3a277R67g,"untuk permuk ny ssah bgt sih, berkali2 sllu gagal pdhl camera sdh bgs😡",4,0,,2025-12-13 19:33:11+00:00,"Hai, Kak Dede. Maaf atas ketidaknyamanannya. Kami akan selalu berusaha memberikan yang terbaik demi kebutuhan perbankan Kakak. Terkait hal tersebut pastikan beberapa hal berikut, pastikan Kakak tidak memakai sunglasses, di tempat yang terang, tidak backlight, posisi wajah di dalam lingkaran dan pastikan aplikasi blu versi terupdate ya.",2025-12-13 20:06:33,
789aca01-1f08-4976-9226-3b8df9c668c7,Pengguna Google,https://play-lh.googleusercontent.com/EGemoI2NTXmTsBVtJqk8jxF9rh8ApRWfsIMQSt2uE4OcpQqbFu7f7NbTK05lx80nuSijCz7sc3a277R67g,asal mau masukkan nomor malah kluar kenapa gitu? tiap mau masokkan nmr hp kluar dia,3,0,2.7.0,2025-12-13 16:00:29+00:00,"Hai, Kak Rindi. Maaf atas ketidaknyamanannya. Kami akan selalu berusaha memberikan yang terbaik demi memenuhi kebutuhan perbankan Kakak. Terkait kendala tersebut boleh infokan detail kendala serta kirimkan gambar kendalanya ke X @haloblu atau email haloblu@bcadigital.co.id agar kami bisa bantu lebih lanjut ya.
",2025-12-13 17:01:29,2.7.0
3ac44ca4-4668-4b44-9333-5262ded2e2ac,Pengguna Google,https://play-lh.googleusercontent.com/EGemoI2NTXmTsBVtJqk8jxF9rh8ApRWfsIMQSt2uE4OcpQqbFu7f7NbTK05lx80nuSijCz7sc3a277R67g,"saya heran tf kesesama produk bca kena biaya admin! dr blu ke bca saya chat lwt bantuan tdk bisa menyelesaikan msl mlh dilempar ke hallo bca.. gunanya bantuan chat live itu apa? cuma dgrin mslh ajakah? ada inisiatiflah msl "" baik pak apakah bpk bersedia dihub oleh tean terkait""...hrsnya spt itu bknnya nasabah yg berusaha hub ke hallo bca..aneh bnr mana ada apk lembaga keuangan lain spt ini .. semua mslh itu cukup satu pintu selesai... sekelas lembaga keuangan bsr msh aja tdk faham soal gini",1,0,,2025-12-13 10:12:50+00:00,"Hai, Kak Agan. Maaf bikin Kakak jadi tidak nyaman. Transfer dari blu ke BCA gratis pakai BI-FAST, namun jika Kakak transfer dari BCA ke blu dikenakan biaya sesuai jenis transfer yang digunakan, hal tersebut merupakan kebijakan dari BCA. Untuk kendala yang dialami, boleh Kakak infokan lebih detail ke DM X @haloblu agar kami infokan lebih lanjut.",2025-12-13 11:09:07,
e71975cf-ecd4-42c3-a7e6-0a51dfacae8a,Pengguna Google,https://play-lh.googleusercontent.com/EGemoI2NTXmTsBVtJqk8jxF9rh8ApRWfsIMQSt2uE4OcpQqbFu7f7NbTK05lx80nuSijCz7sc3a277R67g,gak salah nih apk mau 200MB?,5,0,,2025-12-13 03:46:52+00:00,"Hai, Kak Darmo. Maaf atas ketidaknyamanannya. Hal tersebut dilakukan guna memperbaharui sistem demi kenyamanan transaksi. Semoga blu bisa selalu memberikan yang terbaik untuk memenuhi semua kebutuhan perbankan Kakak. Jika ada kendala atau hal lain yang ingin ditanyakan, Kakak bisa langsung menghubungi X @haloblu. 😊",2025-12-13 04:02:43,
cccf4b99-1629-4869-b968-1a1691f4c8d4,Pengguna Google,https://play-lh.googleusercontent.com/EGemoI2NTXmTsBVtJqk8jxF9rh8ApRWfsIMQSt2uE4OcpQqbFu7f7NbTK05lx80nuSijCz7sc3a277R67g,gimana saya mau daftar blu tapi cape banget selalu gagal dalam hal verifikasi muka padahal kamera sudah jelas sementara saya verif muka di e wallet aja cepat kenapa disini lama,2,0,2.7.0,2025-12-13 01:41:18+00:00,"Hai, Kak Ryan. Maaf atas ketidaknyamanannya. Kami akan selalu berusaha memberikan yang terbaik demi kebutuhan perbankan Kakak. Terkait hal tersebut pastikan beberapa hal berikut, pastikan Kakak tidak memakai sunglasses, di tempat yang terang, tidak backlight, posisi wajah di dalam lingkaran dan pastikan aplikasi blu versi terupdate ya.",2025-12-13 01:50:20,2.7.0
757d803c-1286-4c1d-8a62-653fc3154412,Pengguna Google,https://play-lh.googleusercontent.com/EGemoI2NTXmTsBVtJqk8jxF9rh8ApRWfsIMQSt2uE4OcpQqbFu7f7NbTK05lx80nuSijCz7sc3a277R67g,eyyy apalah gak bisa buat daftar 😑,1,0,2.7.0,2025-12-12 21:21:39+00:00,"Hai, Kakak. Maaf atas ketidaknyamanannya. Terkait kendala tersebut boleh kirimkan gambar kendalanya ke X @haloblu atau email haloblu@bcadigital.co.id agar kami bisa bantu lebih lanjut ya.",2025-12-12 21:34:51,2.7.0
45d0c31b-2442-48fe-9ecd-44d33a2b2686,Pengguna Google,https://play-lh.googleusercontent.com/EGemoI2NTXmTsBVtJqk8jxF9rh8ApRWfsIMQSt2uE4OcpQqbFu7f7NbTK05lx80nuSijCz7sc3a277R67g,"Muak banget sama ni aplikasi, lemotnya ga ngotak. Tolong perbaiki dong! Kalau gini terus jadi males pakai aplikasinya, mau transaksi ribet banget, loading mulu🙄",1,6,2.7.0,2025-12-12 21:00:45+00:00,"Hai, Kak Ilman. Maaf atas ketidaknyamanannya. Kami akan selalu terus memperbaiki sistem demi mencapai kepuasan para pengguna aplikasi blu. Terkait kendala tersebut pastikan Kakak menggunakan aplikasi blu versi terbaru, pastikan setting waktu di handphone menjadi otomatis, jaringan internet lancar dan stabil serta tidak menggunakan jaringan WiFi.",2025-12-12 21:37:28,2.7.0
23d31459-478c-4eee-b383-393e168afbd4,Pengguna Google,https://play-lh.googleusercontent.com/EGemoI2NTXmTsBVtJqk8jxF9rh8ApRWfsIMQSt2uE4OcpQqbFu7f7NbTK05lx80nuSijCz7sc3a277R67g,males ribet mau nabung aja susah. Harus pake data yg lain kaya saudara males aahh ..,1,0,2.7.0,2025-12-12 11:17:22+00:00,"Hai, Kak Muhammad. Maaf atas ketidaknyamanannya. Mohon kesediaan Kakak dapat menginformasikan lebih detail terkait kendala yang dialami melalui email haloblu@bcadigital.co.id atau DM X @haloblu, agar kami dapat menginformasikan sesuai dengan kebutuhan Kakak.",2025-12-12 12:06:28,2.7.0
785efcf4-d433-445e-b75e-f3587bf42dd1,Pengguna Google,https://play-lh.googleusercontent.com/EGemoI2NTXmTsBVtJqk8jxF9rh8ApRWfsIMQSt2uE4OcpQqbFu7f7NbTK05lx80nuSijCz7sc3a277R67g,Pendaftaran ribetttt,1,0,,2025-12-12 11:11:35+00:00,"Hai, Kak Amelia. Maaf atas ketidaknyamanannya. Mohon kesediaan Kakak dapat menginformasikan lebih detail terkait kendala yang dialami melalui email haloblu@bcadigital.co.id, agar kami dapat menginformasikan sesuai dengan kebutuhan Kakak.",2025-12-12 11:18:35,
79c4682d-9999-45d7-ab34-a700f1696c90,Pengguna Google,https://play-lh.googleusercontent.com/EGemoI2NTXmTsBVtJqk8jxF9rh8ApRWfsIMQSt2uE4OcpQqbFu7f7NbTK05lx80nuSijCz7sc3a277R67g,Gimna caranya login di akun sebelum nya min karna saya mau login gak bisa malah disuruh daftar di awal lagi. tolong bantu min,5,0,2.7.0,2025-12-12 03:51:29+00:00,"Hai Kak Ryfa. Dengan senang hati kami akan selalu berusaha memberikan yang terbaik kebutuhan perbankan Kakak. Silakan dapat login kembali dengan nomor handphone yang terdaftar. Jika nomor handphone yang terdaftar sudah lupa, silakan Kakak menghubungi layanan haloblu 1500668 agar dibantu pengecekan dan diinformasikan adalah 4 angka terakhir ya.",2025-12-12 04:13:34,2.7.0
e05b0b4f-281f-46fd-83f7-107731da4549,Pengguna Google,https://play-lh.googleusercontent.com/EGemoI2NTXmTsBVtJqk8jxF9rh8ApRWfsIMQSt2uE4OcpQqbFu7f7NbTK05lx80nuSijCz7sc3a277R67g,mau daftar aja ribet padah data sudah BNR masih aja salah g bisa di ulang mulu,2,1,2.7.0,2025-12-11 20:18:26+00:00,"Hai, Kak Malika. Maaf atas ketidaknyamanannya. Terkait kendala tersebut boleh kirimkan gambar kendalanya ke X @haloblu atau email haloblu@bcadigital.co.id agar kami bisa bantu lebih lanjut ya.",2025-12-11 21:05:42,2.7.0
d9a949a0-7f55-4430-9662-2a2abf2e1119,Pengguna Google,https://play-lh.googleusercontent.com/EGemoI2NTXmTsBVtJqk8jxF9rh8ApRWfsIMQSt2uE4OcpQqbFu7f7NbTK05lx80nuSijCz7sc3a277R67g,cocok untuk nabung jangka panjang..uang aman..transaksi sedikit lelet .semua fitur lengkap walau agak rumit .blm ada qris tapny nih..mhn untuk dilengkapi biar nyaman tk pindah rekening untuk bayar transfortasi dll,5,1,,2025-12-11 17:56:19+00:00,"Hai, Kak Kamilyasari. Terima kasih atas ulasannya. Semoga blu bisa selalu memberikan yang terbaik untuk memenuhi semua kebutuhan perbankan Kakak. Selamat menikmati kemudahan bertransaksi menggunakan blu ya. 😊",2025-12-11 18:06:31,
3c48e3e2-995a-4c0a-8e33-5e95e0c3d808,Pengguna Google,https://play-lh.googleusercontent.com/EGemoI2NTXmTsBVtJqk8jxF9rh8ApRWfsIMQSt2uE4OcpQqbFu7f7NbTK05lx80nuSijCz7sc3a277R67g,baru memulai bekerjasama dengan blu,3,0,2.7.0,2025-12-11 14:35:33+00:00,"Hai, Kakak. Terima kasih atas ulasannya. Semoga blu bisa selalu memberikan yang terbaik untuk memenuhi semua kebutuhan perbankan Kakak. Jika ada kendala atau hal lain yang ingin ditanyakan, Kakak bisa langsung menghubungi X @haloblu atau email haloblu@bcadigital.co.id atau telepon 1500668 (layanan 24 jam).",2025-12-11 15:15:33,2.7.0
b5617850-09e8-4b4c-a06d-cdb77942f1b6,Pengguna Google,https://play-lh.googleusercontent.com/EGemoI2NTXmTsBVtJqk8jxF9rh8ApRWfsIMQSt2uE4OcpQqbFu7f7NbTK05lx80nuSijCz7sc3a277R67g,ingin buat rekening. masuk aja tidak bisa. e-ek,1,0,2.7.0,2025-12-11 09:20:08+00:00,"Hai, Kakak. Maaf atas ketidaknyamanannya. Kami akan selalu berusaha memberikan yang terbaik demi memenuhi kebutuhan perbankan Kakak. Terkait kendala tersebut boleh infokan detail kendala serta kirimkan gambar kendalanya ke X @haloblu atau email haloblu@bcadigital.co.id agar kami bisa bantu lebih lanjut ya.",2025-12-11 09:39:49,2.7.0
dc98e964-a1cc-4a76-989a-1bb061bedc05,Pengguna Google,https://play-lh.googleusercontent.com/EGemoI2NTXmTsBVtJqk8jxF9rh8ApRWfsIMQSt2uE4OcpQqbFu7f7NbTK05lx80nuSijCz7sc3a277R67g,Kok terjadi kesalahan terus update dong,1,0,,2025-12-11 04:32:33+00:00,"Hai, Kak Kalis. Maaf atas ketidaknyamanannya. Kami akan selalu berusaha memberikan yang terbaik demi memenuhi kebutuhan perbankan Kakak. Terkait kendala tersebut boleh infokan detail kendala serta kirimkan gambar kendalanya ke X @haloblu atau email haloblu@bcadigital.co.id agar kami bisa bantu lebih lanjut ya.
",2025-12-11 05:04:01,
b4ea5126-935c-4d55-ad40-85d417aaee81,Pengguna Google,https://play-lh.googleusercontent.com/EGemoI2NTXmTsBVtJqk8jxF9rh8ApRWfsIMQSt2uE4OcpQqbFu7f7NbTK05lx80nuSijCz7sc3a277R67g,"pengenalan wajah gagal terus,beda sama bank lain.",2,0,2.7.0,2025-12-10 13:41:57+00:00,"Hai, Kak Roby. Maaf atas ketidaknyamanannya. Kami akan selalu berusaha memberikan yang terbaik demi kebutuhan perbankan Kakak. Terkait hal tersebut pastikan beberapa hal berikut, pastikan Kakak tidak memakai sunglasses, di tempat yang terang, tidak backlight, posisi wajah di dalam lingkaran dan pastikan aplikasi blu versi terupdate ya.",2025-12-10 13:54:26,2.7.0
30f02a4c-1203-4fe0-8e72-269c45c61bee,Pengguna Google,https://play-lh.googleusercontent.com/EGemoI2NTXmTsBVtJqk8jxF9rh8ApRWfsIMQSt2uE4OcpQqbFu7f7NbTK05lx80nuSijCz7sc3a277R67g,"aneh... mau buka rekening aj pake di tolak,,, kaya mau utang aja,,, tp baguslah jelek ternyata ratingnya",1,0,2.7.0,2025-12-10 09:34:02+00:00,"Hai, Kak Haris. Maaf atas ketidaknyamanannya. Terkait gagal pembukaan rekening maka hal tersebut sepenuhnya menjadi kebijakan dari BCA Digital setelah melakukan analisa dari kelengkapan data pembukaan rekening. Dikhawatirkan terdapat data diri yang belum sesuai dengan ketentuan internal yang ditetapkan oleh BCA Digital.",2025-12-10 10:48:29,2.7.0
c14b26f2-72f9-418e-9913-5eae65751838,Pengguna Google,https://play-lh.googleusercontent.com/EGemoI2NTXmTsBVtJqk8jxF9rh8ApRWfsIMQSt2uE4OcpQqbFu7f7NbTK05lx80nuSijCz7sc3a277R67g,tim haloblue tidak merespon,1,0,2.7.0,2025-12-10 06:57:04+00:00,"Hai Kak MUHAMMAD DANENDRA ANDARU ARIANSYAH. Maaf atas ketidaknyamanannya. Jika belum ada tanggapan dikhawatirkan layanan haloblu 1500668 sedang padat antrean. Terkait hal tersebut boleh infokan detail apakah Kakak mengalami kendala atau tidak ke X @haloblu atau email haloblu@bcadigital.co.id agar kami bisa bantu lebih lanjut ya.
",2025-12-10 08:22:29,2.7.0
c5ece20b-b4a2-4954-9ae1-12732fa6e861,Pengguna Google,https://play-lh.googleusercontent.com/EGemoI2NTXmTsBVtJqk8jxF9rh8ApRWfsIMQSt2uE4OcpQqbFu7f7NbTK05lx80nuSijCz7sc3a277R67g,sampai hari ini tanggal 10 tidak bisa di buka aplikasi ini,4,0,2.7.0,2025-12-10 06:39:52+00:00,"Hai, Kak Beto Scholes. Maaf atas ketidaknyamanannya. Kami akan selalu berusaha memberikan yang terbaik demi memenuhi kebutuhan perbankan Kakak. Terkait kendala tersebut boleh infokan detail kendala serta kirimkan gambar kendalanya ke X @haloblu atau email haloblu@bcadigital.co.id agar kami bisa bantu lebih lanjut ya.
",2025-12-10 08:15:17,2.7.0
49776f58-00b4-4a83-8ff9-375794e9f8c9,Pengguna Google,https://play-lh.googleusercontent.com/EGemoI2NTXmTsBVtJqk8jxF9rh8ApRWfsIMQSt2uE4OcpQqbFu7f7NbTK05lx80nuSijCz7sc3a277R67g,habis di update malah makin lemot,2,0,2.7.0,2025-12-09 19:36:38+00:00,"Hai, Kak Ayu. Maaf atas ketidaknyamanannya. Kami akan selalu terus memperbaiki sistem demi mencapai kepuasan para pengguna aplikasi blu. Terkait kendala tersebut pastikan Kakak menggunakan aplikasi blu versi terbaru, pastikan setting waktu di handphone menjadi otomatis, jaringan internet lancar dan stabil serta tidak menggunakan jaringan WiFi.",2025-12-09 20:28:59,2.7.0
87df8572-3021-4e4a-8ae9-2593d0659e63,Pengguna Google,https://play-lh.googleusercontent.com/EGemoI2NTXmTsBVtJqk8jxF9rh8ApRWfsIMQSt2uE4OcpQqbFu7f7NbTK05lx80nuSijCz7sc3a277R67g,jelek dan sampah,1,0,,2025-12-09 16:57:40+00:00,"Hai, Kak Syamaidar. Maaf atas ketidaknyamanannya. Kami akan selalu berusaha memberikan yang terbaik kebutuhan perbankan Kakak. Jika ada hal lain yang ingin ditanyakan, Kakak bisa langsung menghubungi X @haloblu atau email haloblu@bcadigital.co.id atau telepon 1500668 (layanan 24 jam).",2025-12-09 18:18:47,
8e56098f-6092-43a6-bd34-867264b4c07c,Pengguna Google,https://play-lh.googleusercontent.com/EGemoI2NTXmTsBVtJqk8jxF9rh8ApRWfsIMQSt2uE4OcpQqbFu7f7NbTK05lx80nuSijCz7sc3a277R67g,"aku suka blu, transaksi nya sat set, aman dan tampilan nya menarik ⭐⭐⭐⭐⭐",5,0,2.6.0,2025-12-09 15:03:46+00:00,"Hai, Kak Rio. Terima kasih atas ulasannya. Semoga blu bisa selalu memberikan yang terbaik untuk memenuhi semua kebutuhan perbankan Kakak. Jika ada kendala atau hal lain yang ingin ditanyakan, Kakak bisa langsung menghubungi X @haloblu atau email haloblu@bcadigital.co.id atau telepon 1500668 (layanan 24 jam).",2025-12-09 15:15:02,2.6.0
ae459495-3cad-4cb1-9663-521f0ef33391,Pengguna Google,https://play-lh.googleusercontent.com/EGemoI2NTXmTsBVtJqk8jxF9rh8ApRWfsIMQSt2uE4OcpQqbFu7f7NbTK05lx80nuSijCz7sc3a277R67g,semalt pagi kk maahf kk bul bca saya Ega bisa ke buka Ginah cara buka nya kk amu tersaftee juga Ega bisa ke buka tolog kk jawab kasih tahu ipormasih,5,0,,2025-12-09 10:11:46+00:00,"Hai, Kak Suniah. Maaf atas ketidaknyamanannya. Kami akan selalu berusaha memberikan yang terbaik demi memenuhi kebutuhan perbankan Kakak. Terkait kendala tersebut boleh infokan detail kendala serta kirimkan gambar kendalanya ke X @haloblu atau email haloblu@bcadigital.co.id agar kami bisa bantu lebih lanjut ya.",2025-12-09 11:25:30,
986e8f14-aab4-42a0-8891-030449b3ece9,Pengguna Google,https://play-lh.googleusercontent.com/EGemoI2NTXmTsBVtJqk8jxF9rh8ApRWfsIMQSt2uE4OcpQqbFu7f7NbTK05lx80nuSijCz7sc3a277R67g,min ini lagi maintenance apa gmn?soalnya ga bisa kebuka,4,0,,2025-12-09 08:40:45+00:00,"Hai, Kakak. Maaf atas ketidaknyamanannya. Kami akan selalu berusaha memberikan yang terbaik kebutuhan perbankan Kakak. Untuk kendala sebelumnya sudah berhasil ditangani. Silakan Kakak mencoba kembali ya.",2025-12-09 09:31:50,
8e9787d2-abec-4107-a1e9-b4604a7abb70,Pengguna Google,https://play-lh.googleusercontent.com/EGemoI2NTXmTsBVtJqk8jxF9rh8ApRWfsIMQSt2uE4OcpQqbFu7f7NbTK05lx80nuSijCz7sc3a277R67g,Aplikasinya jelek banget updating melulu dan belum user frendly,1,0,2.6.0,2025-12-09 07:07:00+00:00,"Hai, Kak Dwi. Maaf atas ketidaknyamanannya. Hal tersebut dilakukan guna memperbaharui sistem demi kenyamanan transaksi. Semoga blu bisa selalu memberikan yang terbaik untuk memenuhi semua kebutuhan perbankan Kakak. Jika ada kendala atau hal lain yang ingin ditanyakan, Kakak bisa langsung menghubungi X @haloblu. 😊",2025-12-09 07:32:12,2.6.0
bed5519a-7efc-4835-a54c-26b87446d5a9,Pengguna Google,https://play-lh.googleusercontent.com/EGemoI2NTXmTsBVtJqk8jxF9rh8ApRWfsIMQSt2uE4OcpQqbFu7f7NbTK05lx80nuSijCz7sc3a277R67g,"aplikasi nya jelek, ajuin ponjaman gak pernah bisa",1,0,,2025-12-08 21:48:56+00:00,"Hai, Kak Alfan. Maaf atas ketidaknyamanannya. Kami akan selalu berusaha memberikan yang terbaik kebutuhan perbankan Kakak. Terdapat beberapa hal yang dapat menyebabkan pengajuan pinjaman Kakak ditolak/dibatalkan, antara lain, belum sesuai dengan kriteria debitur Bank BCA Digital atau rekening bluAccount Kakak sedang diblokir.",2025-12-09 07:41:53,
e1b011da-f4c0-4226-bc3b-db8257854960,Pengguna Google,https://play-lh.googleusercontent.com/EGemoI2NTXmTsBVtJqk8jxF9rh8ApRWfsIMQSt2uE4OcpQqbFu7f7NbTK05lx80nuSijCz7sc3a277R67g,"baru kali ini OTP aplikasi selalu minta 3x, baru muncul notifnya di hp, mana bayar pakai pulsa lagi, jadi setiap transaksi bayar pulsa hampir Rp2000, kalau transaksi gagal ya nambah hampir Rp2000 lagi, terus kalau nggak ada pulsa nggak bisa request OTP, dan beli paket sms all operator nggak berfungsi, karena OTP termasuk sms premium yang berbayar Rp550-650 per request. Sudah pusing bayar kuota bulanan, ditambah pusing top up pulsa 👎",1,4,,2025-12-08 21:19:55+00:00,"Hai, Kakak. Maaf atas ketidaknyamanannya. Kami akan selalu memperbaiki sistem demi mencapai kepuasan para pengguna aplikasi blu. Untuk biaya SMS kode OTP tergantung dari kebijakan provider, pastikan sinyal stabil agar dapat menerima kode OTP.",2025-12-08 22:15:12,
d5c0c288-5b9f-48dd-a725-3df48fa91b96,Pengguna Google,https://play-lh.googleusercontent.com/EGemoI2NTXmTsBVtJqk8jxF9rh8ApRWfsIMQSt2uE4OcpQqbFu7f7NbTK05lx80nuSijCz7sc3a277R67g,"aplikasi busuk mau login aja susah.. please bikin beberapa opsi login, gunakan teknologi pake opsi login sms, gmail, otp masih banyak lg. login aplikasi cuma vermuk, gagal mulu gegara aplikasi busuk",1,7,2.7.0,2025-12-08 21:08:53+00:00,"Hai, Kak Zeevania. Maaf atas ketidaknyamanannya. Kami akan selalu terus memperbaiki sistem demi mencapai kepuasan para pengguna aplikasi blu. Untuk kendala sebelumnya sudah berhasil ditangani. Silakan Kakak dapat mencoba kembali ya.",2025-12-08 21:54:49,2.7.0
5c7cd4c7-04fc-438e-ba68-294cb3e3612e,Pengguna Google,https://play-lh.googleusercontent.com/EGemoI2NTXmTsBVtJqk8jxF9rh8ApRWfsIMQSt2uE4OcpQqbFu7f7NbTK05lx80nuSijCz7sc3a277R67g,"Layanannya bagus, transaksi apapun gratis, tidak ada biaya admin. Dan terima kasih blu, untuk sebuah notifikasi kecil yang melukiskan senyum hari ini. Walau cuma by sistem, tapi itu sangat berarti 😊.",5,0,2.6.0,2025-12-08 20:25:44+00:00,"Hai, Kak Adinda. Terima kasih atas ulasannya. Semoga blu bisa selalu memberikan yang terbaik untuk memenuhi semua kebutuhan perbankan Kakak. Jika ada kendala atau hal lain yang ingin ditanyakan, Kakak bisa langsung menghubungi X @haloblu atau email haloblu@bcadigital.co.id atau telepon 1500668 (layanan 24 jam).",2025-12-08 21:53:02,2.6.0
50ce028c-9b27-416a-8131-bccf33a56b20,Pengguna Google,https://play-lh.googleusercontent.com/EGemoI2NTXmTsBVtJqk8jxF9rh8ApRWfsIMQSt2uE4OcpQqbFu7f7NbTK05lx80nuSijCz7sc3a277R67g,ok,5,0,2.7.0,2025-12-08 20:16:23+00:00,"Hai, Kak Muktiana. Terima kasih atas ulasannya. Semoga blu bisa selalu memberikan yang terbaik untuk memenuhi semua kebutuhan perbankan Kakak. Jika ada kendala atau hal lain yang ingin ditanyakan, Kakak bisa langsung menghubungi X @haloblu atau email haloblu@bcadigital.co.id atau telepon 1500668 (layanan 24 jam).",2025-12-08 20:24:34,2.7.0
2705961d-96b8-45c3-b589-0b7716ee1260,Pengguna Google,https://play-lh.googleusercontent.com/EGemoI2NTXmTsBVtJqk8jxF9rh8ApRWfsIMQSt2uE4OcpQqbFu7f7NbTK05lx80nuSijCz7sc3a277R67g,"trauma banget pakai blu 😌😌 mau transaksi gangguan , uang ada di blu semua lagi 😌😌",1,0,2.7.0,2025-12-08 20:13:05+00:00,"Hai, Kak Rina. Maaf atas ketidaknyamanannya. Kami akan selalu terus memperbaiki sistem demi mencapai kepuasan para pengguna aplikasi blu. Untuk kendala sebelumnya sudah berhasil ditangani. Silakan Kakak dapat mencoba kembali ya.",2025-12-08 20:23:58,2.7.0
07732b95-3c92-4c44-b644-d9474ed88e9e,Pengguna Google,https://play-lh.googleusercontent.com/EGemoI2NTXmTsBVtJqk8jxF9rh8ApRWfsIMQSt2uE4OcpQqbFu7f7NbTK05lx80nuSijCz7sc3a277R67g,"Sudah beberapa kali mau bayar atau mau transfer tapi aplikasi tidak bisa di buka, stack di halaman masuk / putih aja di saat buka BCA dan aplikasi lain lancar. jadi takut klok semua uang di masuin disana trus mau di pakai ga ada yang bantu transfer dari orang terdekat. *tidak ada update di play store Tolong di perbaiki, ini aplikasi pembayaran. sering bgt customer mau bayar malah kerepotan apalagi kalo antri dan bikin customer malu",1,38,2.6.0,2025-12-08 19:58:38+00:00,"Hai, Kak Revina. Maaf atas ketidaknyamanannya. Kami akan selalu terus memperbaiki sistem demi mencapai kepuasan para pengguna aplikasi blu. Untuk kendala sebelumnya sudah berhasil ditangani. Silakan Kakak dapat mencoba kembali ya.",2025-12-08 20:14:33,2.6.0
6a19a53b-56cb-4f16-b556-4d8e04bafc07,Pengguna Google,https://play-lh.googleusercontent.com/EGemoI2NTXmTsBVtJqk8jxF9rh8ApRWfsIMQSt2uE4OcpQqbFu7f7NbTK05lx80nuSijCz7sc3a277R67g,"pengalaman error ga bisa login dan ga bisa transfer bikin kesel. Padahal jaringan saya lancar-lancar aja, tapi dipake buat masuk ke aplikasi Blu malah ga bisa terus.",2,2,2.7.0,2025-12-08 19:56:46+00:00,"Hai, Kak Rafif. Maaf atas ketidaknyamanannya. Kami akan selalu terus memperbaiki sistem demi mencapai kepuasan para pengguna aplikasi blu. Untuk kendala sebelumnya sudah berhasil ditangani. Silakan Kakak dapat mencoba kembali ya.",2025-12-08 20:22:55,2.7.0
41562fdb-5b3b-428b-a5b7-21ba82e9567f,Pengguna Google,https://play-lh.googleusercontent.com/EGemoI2NTXmTsBVtJqk8jxF9rh8ApRWfsIMQSt2uE4OcpQqbFu7f7NbTK05lx80nuSijCz7sc3a277R67g,baru beberapa hari pakai udah eror aja susah login,1,0,2.6.0,2025-12-08 19:54:30+00:00,"Hai, Kak Intan. Maaf atas ketidaknyamanannya. Kami akan selalu terus memperbaiki sistem demi mencapai kepuasan para pengguna aplikasi blu. Untuk kendala sebelumnya sudah berhasil ditangani. Silakan Kakak dapat mencoba kembali ya.",2025-12-08 20:22:49,2.6.0
dc168bce-ab37-461d-b460-17441360a8be,Pengguna Google,https://play-lh.googleusercontent.com/EGemoI2NTXmTsBVtJqk8jxF9rh8ApRWfsIMQSt2uE4OcpQqbFu7f7NbTK05lx80nuSijCz7sc3a277R67g,"ini 2 hp saya g bisa login,, dan saya malu didepan kadir tidak bisa membuka maupun login aplikasi,, hingga saya membuat antrian panjang karena aplikasi error,, untuk akun saya dan istri saya, parah ini aplikasi",1,1,2.7.0,2025-12-08 19:51:33+00:00,"Hai, Kak Reza. Maaf atas ketidaknyamanannya. Kami akan selalu terus memperbaiki sistem demi mencapai kepuasan para pengguna aplikasi blu. Untuk kendala sebelumnya sudah berhasil ditangani. Silakan Kakak dapat mencoba kembali ya.",2025-12-08 20:22:40,2.7.0
0b0a31eb-1c14-4482-b270-59c05dec1b09,Pengguna Google,https://play-lh.googleusercontent.com/EGemoI2NTXmTsBVtJqk8jxF9rh8ApRWfsIMQSt2uE4OcpQqbFu7f7NbTK05lx80nuSijCz7sc3a277R67g,"pls jangan maintenence saat jam jam segini, gimana mau percaya mana uang di sini semua trus saya transaksi gmn ini😭",1,0,,2025-12-08 19:51:04+00:00,"Hai, Kak Carine. Maaf atas ketidaknyamanannya. Kami akan selalu terus memperbaiki sistem demi mencapai kepuasan para pengguna aplikasi blu. Untuk kendala sebelumnya sudah berhasil ditangani. Silakan Kakak dapat mencoba kembali ya.",2025-12-08 20:22:32,
4a557900-442c-41f9-92d2-e87773367e39,Pengguna Google,https://play-lh.googleusercontent.com/EGemoI2NTXmTsBVtJqk8jxF9rh8ApRWfsIMQSt2uE4OcpQqbFu7f7NbTK05lx80nuSijCz7sc3a277R67g,"selalu eror, sangat mengecewakan!!",1,0,,2025-12-08 19:50:54+00:00,"Hai, Kak Kirana. Maaf atas ketidaknyamanannya. Kami akan selalu terus memperbaiki sistem demi mencapai kepuasan para pengguna aplikasi blu. Untuk kendala sebelumnya sudah berhasil ditangani. Silakan Kakak dapat mencoba kembali ya.",2025-12-08 20:22:18,
d7fb0274-fe7c-497e-a2cf-2263328cfeb5,Pengguna Google,https://play-lh.googleusercontent.com/EGemoI2NTXmTsBVtJqk8jxF9rh8ApRWfsIMQSt2uE4OcpQqbFu7f7NbTK05lx80nuSijCz7sc3a277R67g,saat masuk aplikasi lebih lemot skrg ya,4,0,2.6.0,2025-12-08 19:46:23+00:00,"Hai, Kak Alfredo. Maaf atas ketidaknyamanannya. Kami akan selalu terus memperbaiki sistem demi mencapai kepuasan para pengguna aplikasi blu. Untuk kendala sebelumnya sudah berhasil ditangani. Silakan Kakak dapat mencoba kembali ya.",2025-12-08 21:52:29,2.6.0
316bd63e-78b7-4b1c-bd42-dbc04352fc4c,Pengguna Google,https://play-lh.googleusercontent.com/EGemoI2NTXmTsBVtJqk8jxF9rh8ApRWfsIMQSt2uE4OcpQqbFu7f7NbTK05lx80nuSijCz7sc3a277R67g,"ngga bisa login, sudah di instal ulang tetap ngga bisa",1,0,2.7.0,2025-12-08 19:46:22+00:00,"Hai, Kak Helmi. Maaf atas ketidaknyamanannya. Kami akan selalu terus memperbaiki sistem demi mencapai kepuasan para pengguna aplikasi blu. Untuk kendala sebelumnya sudah berhasil ditangani. Silakan Kakak dapat mencoba kembali ya.",2025-12-08 21:51:59,2.7.0
7a80c7df-1817-48dd-a4a3-72d5f907543f,Pengguna Google,https://play-lh.googleusercontent.com/EGemoI2NTXmTsBVtJqk8jxF9rh8ApRWfsIMQSt2uE4OcpQqbFu7f7NbTK05lx80nuSijCz7sc3a277R67g,kenapaa nih blu ga bisa di bukaa ?? halo,5,0,,2025-12-08 19:46:18+00:00,"Hai, Kak Ibrahim. Maaf atas ketidaknyamanannya. Kami akan selalu terus memperbaiki sistem demi mencapai kepuasan para pengguna aplikasi blu. Untuk kendala sebelumnya sudah berhasil ditangani. Silakan Kakak dapat mencoba kembali ya.",2025-12-08 20:18:08,
bdec2a14-7ea3-48b6-967b-80f0b175f80a,Pengguna Google,https://play-lh.googleusercontent.com/EGemoI2NTXmTsBVtJqk8jxF9rh8ApRWfsIMQSt2uE4OcpQqbFu7f7NbTK05lx80nuSijCz7sc3a277R67g,"gila, hari ini per tgl 08-12-25 lagi butuh gini malah error gk bisa masuk, tolong lah perbaiki lagi aplikasinya, bukanya ngebantu mlh mempersulit",1,0,2.7.0,2025-12-08 19:35:43+00:00,"Hai, Kakak. Maaf atas ketidaknyamanannya. Kami akan selalu terus memperbaiki sistem demi mencapai kepuasan para pengguna aplikasi blu. Untuk kendala sebelumnya sudah berhasil ditangani. Silakan Kakak dapat mencoba kembali ya.",2025-12-08 21:51:02,2.7.0
3bd13d7d-7257-4b86-bb01-cefd22e3562f,Pengguna Google,https://play-lh.googleusercontent.com/EGemoI2NTXmTsBVtJqk8jxF9rh8ApRWfsIMQSt2uE4OcpQqbFu7f7NbTK05lx80nuSijCz7sc3a277R67g,tampilan Haigligh apaan si gak bisa di buka woy,1,0,2.7.0,2025-12-08 19:35:33+00:00,"Hai, Kak Hamar. Maaf atas ketidaknyamanannya. Kami akan selalu terus memperbaiki sistem demi mencapai kepuasan para pengguna aplikasi blu. Untuk kendala sebelumnya sudah berhasil ditangani. Silakan Kakak dapat mencoba kembali ya.",2025-12-08 21:50:50,2.7.0
aea4982f-3916-4240-aa2c-62f1fa7fc8a9,Pengguna Google,https://play-lh.googleusercontent.com/EGemoI2NTXmTsBVtJqk8jxF9rh8ApRWfsIMQSt2uE4OcpQqbFu7f7NbTK05lx80nuSijCz7sc3a277R67g,ga bisa dibuka padahal mau bayar mana duit di sini semua lagi app digital paling aneh,1,1,2.7.0,2025-12-08 19:35:18+00:00,"Hai, Kak David. Maaf atas ketidaknyamanannya. Untuk kendala sebelumnya sudah berhasil ditangani. Silakan Kakak mencoba kembali ya.",2025-12-09 07:43:02,2.7.0
c9dcb883-d7cd-4691-8cf1-2f4cdebe1afa,Pengguna Google,https://play-lh.googleusercontent.com/EGemoI2NTXmTsBVtJqk8jxF9rh8ApRWfsIMQSt2uE4OcpQqbFu7f7NbTK05lx80nuSijCz7sc3a277R67g,"ini error mulu dri pagi, mau transaksi aja ga bisa jadinya, gmna dah",1,0,,2025-12-08 19:25:24+00:00,"Hai, Kakak. Maaf atas ketidaknyamanannya. Untuk kendala sebelumnya sudah berhasil ditangani. Silakan Kakak mencoba kembali ya.
",2025-12-09 07:45:05,
80f2a47c-6a9c-4bdf-a5af-e39ad4b47e5b,Pengguna Google,https://play-lh.googleusercontent.com/EGemoI2NTXmTsBVtJqk8jxF9rh8ApRWfsIMQSt2uE4OcpQqbFu7f7NbTK05lx80nuSijCz7sc3a277R67g,Kenapa sering tidak bisa di buka aplikasinya🤦‍♀️,2,0,2.7.0,2025-12-08 19:22:18+00:00,Hai Kakak. Mohon maaf atas ketidaknyamanan dan kendala yang Kakak alami. Kami akan selalu berusaha memberikan yang terbaik kebutuhan perbankan Kakak. Sebelumnya sempat terjadi kendala namun saat ini sudah berjalan normal. Silakan Kakak dapat mencoba kembali ya.,2025-12-09 06:54:21,2.7.0
85cdf817-e141-408e-befa-93c00bda4e87,Pengguna Google,https://play-lh.googleusercontent.com/EGemoI2NTXmTsBVtJqk8jxF9rh8ApRWfsIMQSt2uE4OcpQqbFu7f7NbTK05lx80nuSijCz7sc3a277R67g,kok gak bisa login? saya kepepet mau payment gak bisa.,3,0,2.7.0,2025-12-08 19:21:56+00:00,Hai Kak Ananda. Mohon maaf atas ketidaknyamanan dan kendala yang Kakak alami. Kami akan selalu berusaha memberikan yang terbaik kebutuhan perbankan Kakak. Sebelumnya sempat terjadi kendala namun saat ini sudah berjalan normal. Silakan Kakak dapat mencoba kembali ya.,2025-12-09 06:52:45,2.7.0
f39a16f6-6130-4a97-9450-d5710710ed54,Pengguna Google,https://play-lh.googleusercontent.com/EGemoI2NTXmTsBVtJqk8jxF9rh8ApRWfsIMQSt2uE4OcpQqbFu7f7NbTK05lx80nuSijCz7sc3a277R67g,ini blu kenapa error ya gabisa login terus padahal udah di instal ulang,1,0,2.7.0,2025-12-08 19:21:10+00:00,Hai Kak Ichan. Mohon maaf atas ketidaknyamanan dan kendala yang Kakak alami. Kami akan selalu berusaha memberikan yang terbaik kebutuhan perbankan Kakak. Sebelumnya sempat terjadi kendala namun saat ini sudah berjalan normal. Silakan Kakak dapat mencoba kembali ya.,2025-12-09 06:51:29,2.7.0
7dcb1d14-3a9c-4f19-9143-19db0c04575a,Pengguna Google,https://play-lh.googleusercontent.com/EGemoI2NTXmTsBVtJqk8jxF9rh8ApRWfsIMQSt2uE4OcpQqbFu7f7NbTK05lx80nuSijCz7sc3a277R67g,"hari ini blu lg error kah, sy tdk bisa login",4,0,2.7.0,2025-12-08 19:10:24+00:00,"Hai, Kak Yuniarti. Maaf atas ketidaknyamanannya. Untuk kendala sebelumnya sudah berhasil ditangani. Silakan Kakak mencoba kembali ya.",2025-12-09 07:48:10,2.7.0
1e885285-4098-4c03-a8db-e37cff631730,Pengguna Google,https://play-lh.googleusercontent.com/EGemoI2NTXmTsBVtJqk8jxF9rh8ApRWfsIMQSt2uE4OcpQqbFu7f7NbTK05lx80nuSijCz7sc3a277R67g,sering banget eror deh heran banget. please atuh yak jangan makin buruk kualitas aplikasi nya. bad banget,1,0,2.7.0,2025-12-08 19:04:16+00:00,"Hai, Kak Lailatul. Maaf atas ketidaknyamanannya. Kami akan selalu berusaha memberikan yang terbaik kebutuhan perbankan Kakak. Untuk kendala sebelumnya sudah berhasil ditangani. Silakan Kakak mencoba kembali ya.",2025-12-09 09:31:44,2.7.0
59064e12-8054-48d9-8f72-e121f1e9e011,Pengguna Google,https://play-lh.googleusercontent.com/EGemoI2NTXmTsBVtJqk8jxF9rh8ApRWfsIMQSt2uE4OcpQqbFu7f7NbTK05lx80nuSijCz7sc3a277R67g,"apa apaan ini, loading lama malah animasi kubus muter muter terus",3,0,2.6.0,2025-12-08 18:50:18+00:00,"Hai, Kak Gana. Maaf atas ketidaknyamanannya. Kami akan selalu terus memperbaiki sistem demi mencapai kepuasan para pengguna aplikasi blu. Untuk kendala sebelumnya sudah berhasil ditangani. Silakan Kakak mencoba kembali ya.",2025-12-08 20:11:21,2.6.0
1bda96be-ec99-4793-bedf-2f02ed2964a1,Pengguna Google,https://play-lh.googleusercontent.com/EGemoI2NTXmTsBVtJqk8jxF9rh8ApRWfsIMQSt2uE4OcpQqbFu7f7NbTK05lx80nuSijCz7sc3a277R67g,"sejauh ini aman,saya pakai udah lumayan lama,bisa nabung,bisa deposit juga,semoga selalu terpercaya",5,0,1.59.20,2025-12-08 18:41:10+00:00,"Hai, Kak Rohaniah. Terima kasih atas ulasannya. Semoga blu bisa selalu memberikan yang terbaik untuk memenuhi semua kebutuhan perbankan Kakak. Jika ada kendala atau hal lain yang ingin ditanyakan, Kakak bisa langsung menghubungi X @haloblu atau email haloblu@bcadigital.co.id atau telepon 1500668 (layanan 24 jam).",2025-12-08 18:45:31,1.59.20
f89c2114-8dcc-423b-af02-005ef8cc4583,Pengguna Google,https://play-lh.googleusercontent.com/EGemoI2NTXmTsBVtJqk8jxF9rh8ApRWfsIMQSt2uE4OcpQqbFu7f7NbTK05lx80nuSijCz7sc3a277R67g,"Oke sudah kembali normal dan ngebut lagi tanp kendala, terimakasih ya tim.",5,1,2.7.0,2025-12-08 15:09:42+00:00,"Hai, Kak Ghaly Bayhaqi. Terima kasih atas ulasannya. Semoga blu bisa selalu memberikan yang terbaik untuk memenuhi semua kebutuhan perbankan Kakak. Jika ada kendala atau hal lain yang ingin ditanyakan, Kakak bisa langsung menghubungi X @haloblu atau email haloblu@bcadigital.co.id atau telepon 1500668 (layanan 24 jam).
",2025-12-08 15:12:31,2.7.0
2c10cf54-50c6-4fdc-a3bf-1a1667d5423d,Pengguna Google,https://play-lh.googleusercontent.com/EGemoI2NTXmTsBVtJqk8jxF9rh8ApRWfsIMQSt2uE4OcpQqbFu7f7NbTK05lx80nuSijCz7sc3a277R67g,log in nya susah banget dan ribet,1,0,,2025-12-08 09:37:57+00:00,"Hai, Kak Kodel. Maaf atas ketidaknyamanannya. Kami akan selalu berusaha memberikan yang terbaik demi memenuhi kebutuhan perbankan Kakak. Terkait kendala tersebut boleh infokan detail kendala serta kirimkan gambar kendalanya ke X @haloblu atau email haloblu@bcadigital.co.id agar kami bisa bantu lebih lanjut ya.",2025-12-08 11:00:41,
ed874470-8566-4661-b81a-d31243cf50d7,Pengguna Google,https://play-lh.googleusercontent.com/EGemoI2NTXmTsBVtJqk8jxF9rh8ApRWfsIMQSt2uE4OcpQqbFu7f7NbTK05lx80nuSijCz7sc3a277R67g,aplikasi gak mutu bnyak gagal nya,1,0,2.6.0,2025-12-08 09:30:59+00:00,"Hai, Kak Hermanto. Maaf atas ketidaknyamanannya. Kami akan selalu berusaha memberikan yang terbaik demi memenuhi kebutuhan perbankan Kakak. Terkait kendala tersebut boleh infokan detail kendala serta kirimkan gambar kendalanya ke X @haloblu atau email haloblu@bcadigital.co.id agar kami bisa bantu lebih lanjut ya.",2025-12-08 11:00:43,2.6.0
a9787939-cb69-4aea-9cb5-2c569b7baab8,Pengguna Google,https://play-lh.googleusercontent.com/EGemoI2NTXmTsBVtJqk8jxF9rh8ApRWfsIMQSt2uE4OcpQqbFu7f7NbTK05lx80nuSijCz7sc3a277R67g,data bagus tapi ditolak mulu!!,2,0,2.6.0,2025-12-08 08:20:56+00:00,"Hai, Kak Joy. Maaf atas ketidaknyamanannya. Kami akan selalu berusaha memberikan yang terbaik demi memenuhi kebutuhan perbankan Kakak. Terkait kendala tersebut boleh infokan detail kendala serta kirimkan gambar kendalanya ke X @haloblu atau email haloblu@bcadigital.co.id agar kami bisa bantu lebih lanjut ya.",2025-12-08 09:16:06,2.6.0
ff50940d-ffad-4d23-9f8e-9500fd8348e4,Pengguna Google,https://play-lh.googleusercontent.com/EGemoI2NTXmTsBVtJqk8jxF9rh8ApRWfsIMQSt2uE4OcpQqbFu7f7NbTK05lx80nuSijCz7sc3a277R67g,"ini kenapa kemarin sore error gak Sampek 1jam bisa lagi, sekarang error lagi dari semalam gak bisa tolong diperbaiki lah saya butuh transaksi ini mau belanja susah",1,1,2.6.0,2025-12-08 04:54:42+00:00,"Hai, Kak Indah. Maaf atas ketidaknyamanannya. Kami akan selalu terus memperbaiki sistem demi mencapai kepuasan para pengguna aplikasi blu. Terkait kendala tersebut pastikan Kakak menggunakan aplikasi blu versi terbaru, pastikan setting waktu di handphone menjadi otomatis, jaringan internet lancar dan stabil serta tidak menggunakan jaringan WiFi.",2025-12-08 05:08:24,2.6.0
8518ad6a-0cc7-4e79-b400-64a042db4666,Pengguna Google,https://play-lh.googleusercontent.com/EGemoI2NTXmTsBVtJqk8jxF9rh8ApRWfsIMQSt2uE4OcpQqbFu7f7NbTK05lx80nuSijCz7sc3a277R67g,pertahankan yg ini.kecepatan ok..tak ada loading..tanpa bug.nyaman dipakeny..saran siapin qris tap agar bisa dipake untuk bayar bis dan angkutan kota jg agar bisa di pake bayar parkir,5,0,,2025-12-08 04:51:48+00:00,"Hai, Kakak. Terima kasih atas saran dan masukan yang diberikan. Semoga blu bisa selalu memberikan yang terbaik untuk memenuhi semua kebutuhan perbankan Kakak. Jika ada kendala atau hal lain yang ingin ditanyakan, Kakak bisa langsung menghubungi X @haloblu atau email haloblu@bcadigital.co.id atau telepon 1500668 (layanan 24 jam).",2025-12-08 05:06:03,
c9b99dd8-8573-4be4-bfce-b9bbc13ab72f,Pengguna Google,https://play-lh.googleusercontent.com/EGemoI2NTXmTsBVtJqk8jxF9rh8ApRWfsIMQSt2uE4OcpQqbFu7f7NbTK05lx80nuSijCz7sc3a277R67g,"sebenarnya ini termasuk apk terbagus tapi yang saya ga suka adanya banyak kesalahan yang terus menerus, serta cukup mahal biaya adminnya, saya sebanyak tak permasalahan biaya admin hanya saja kenapa terus menerus adanya kesalahan di apk itu, saya sudah menunggu saat akhirnya bisa terbuka tidak sampai 1 menit apk kembali eror,",2,3,2.6.0,2025-12-08 00:54:18+00:00,"Hai, Kak Raray. Maaf atas ketidaknyamanannya. Kami akan selalu memberikan yang terbaik. Untuk blu tidak dikenakan biaya admin bulanan dan mohon pastikan perangkat sudah update versi terbaru dan jika ada hal yang ingin ditanyakan, Kakak bisa langsung menghubungi X @haloblu atau email haloblu@bcadigital.co.id atau telepon 1500668 (layanan 24 jam).",2025-12-08 01:21:50,2.6.0
422a846e-8ff7-4b90-ab9d-30eafca74dfa,Pengguna Google,https://play-lh.googleusercontent.com/EGemoI2NTXmTsBVtJqk8jxF9rh8ApRWfsIMQSt2uE4OcpQqbFu7f7NbTK05lx80nuSijCz7sc3a277R67g,Terimakasih untuk aplikasi Blu by BCA sekarang banyak manfaat dan kegunaan....,5,0,2.6.0,2025-12-07 18:59:17+00:00,"Hai, Kakak. Terima kasih atas ulasannya. Semoga blu bisa selalu memberikan yang terbaik untuk memenuhi semua kebutuhan perbankan Kakak. Jika ada kendala atau hal lain yang ingin ditanyakan, Kakak bisa langsung menghubungi X @haloblu atau email haloblu@bcadigital.co.id atau telepon 1500668 (layanan 24 jam).",2025-12-07 19:38:38,2.6.0
6d306696-84e9-4d3b-b41d-fb9dd867db85,Pengguna Google,https://play-lh.googleusercontent.com/EGemoI2NTXmTsBVtJqk8jxF9rh8ApRWfsIMQSt2uE4OcpQqbFu7f7NbTK05lx80nuSijCz7sc3a277R67g,mantappppp,5,0,2.6.0,2025-12-07 18:52:51+00:00,"Hai, Kakak. Terima kasih atas ulasannya. Semoga blu bisa selalu memberikan yang terbaik untuk memenuhi semua kebutuhan perbankan Kakak. Jika ada kendala atau hal lain yang ingin ditanyakan, Kakak bisa langsung menghubungi X @haloblu atau email haloblu@bcadigital.co.id atau telepon 1500668 (layanan 24 jam).",2025-12-07 19:38:38,2.6.0
67635e49-4456-4e43-a19c-ed2ad1c5e9cd,Pengguna Google,https://play-lh.googleusercontent.com/EGemoI2NTXmTsBVtJqk8jxF9rh8ApRWfsIMQSt2uE4OcpQqbFu7f7NbTK05lx80nuSijCz7sc3a277R67g,ok,5,0,2.6.0,2025-12-07 17:36:44+00:00,"Hai, Kak Agus. Terima kasih atas ulasannya. Semoga blu bisa selalu memberikan yang terbaik untuk memenuhi semua kebutuhan perbankan Kakak. Jika ada kendala atau hal lain yang ingin ditanyakan, Kakak bisa langsung menghubungi X @haloblu atau email haloblu@bcadigital.co.id atau telepon 1500668 (layanan 24 jam).",2025-12-07 18:14:33,2.6.0
c25c18c9-61f4-4128-b637-3dbbb2f16d8d,Pengguna Google,https://play-lh.googleusercontent.com/EGemoI2NTXmTsBVtJqk8jxF9rh8ApRWfsIMQSt2uE4OcpQqbFu7f7NbTK05lx80nuSijCz7sc3a277R67g,sudah daptar berhasiil. yah mau buká rekening tida bisa. slalu demintai pedaptaran. bengek,1,0,2.6.0,2025-12-07 15:49:13+00:00,"Hai, Kak Yono. Maaf atas ketidaknyamanannya. Kami akan selalu berusaha memberikan yang terbaik demi memenuhi kebutuhan perbankan Kakak. Terkait kendala tersebut boleh infokan detail kendala serta kirimkan gambar kendalanya ke X @haloblu atau email haloblu@bcadigital.co.id agar kami bisa bantu lebih lanjut ya.
",2025-12-07 15:51:04,2.6.0
18adb2bd-8a1d-4b4d-b624-61b9b5877541,Pengguna Google,https://play-lh.googleusercontent.com/EGemoI2NTXmTsBVtJqk8jxF9rh8ApRWfsIMQSt2uE4OcpQqbFu7f7NbTK05lx80nuSijCz7sc3a277R67g,suka sih,5,0,,2025-12-07 12:22:44+00:00,"Hai, Kak Naily Rochmah. Terima kasih atas ulasannya. Semoga blu bisa selalu memberikan yang terbaik untuk memenuhi semua kebutuhan perbankan Kakak. Jika ada kendala atau hal lain yang ingin ditanyakan, Kakak bisa langsung menghubungi X @haloblu atau email haloblu@bcadigital.co.id atau telepon 1500668 (layanan 24 jam).
",2025-12-07 12:32:27,
cbd9b265-7d4a-4009-b843-0f67ead4b45e,Pengguna Google,https://play-lh.googleusercontent.com/EGemoI2NTXmTsBVtJqk8jxF9rh8ApRWfsIMQSt2uE4OcpQqbFu7f7NbTK05lx80nuSijCz7sc3a277R67g,oyy knpa blu gua gabisa dibuka,1,0,2.6.0,2025-12-07 12:15:25+00:00,"Hai, Kakak. Maaf atas ketidaknyamanannya. Kami akan selalu berusaha memberikan yang terbaik demi memenuhi kebutuhan perbankan Kakak. Saat ini aplikasi blu dalam keadaan normal. Terkait kendala tersebut boleh infokan detail kendala serta kirimkan gambar kendalanya ke X @haloblu atau email haloblu@bcadigital.co.id agar kami bisa bantu lebih lanjut ya",2025-12-07 12:31:36,2.6.0
9ddfb6fb-766b-4e40-a353-1de4d4e47510,Pengguna Google,https://play-lh.googleusercontent.com/EGemoI2NTXmTsBVtJqk8jxF9rh8ApRWfsIMQSt2uE4OcpQqbFu7f7NbTK05lx80nuSijCz7sc3a277R67g,"aplikasi yang bener"" cuma buang waktu saja, tinggal verifikasi akhir by video call sudah tunggu antri pas tiba gilirannya tidak terhubung dengan CS nya sama antri lagi berkali"" pas gilirannya tidak terhububg terus. not recomended",1,3,2.6.0,2025-12-07 10:48:19+00:00,"Hai, Kak Khayla. Maaf atas ketidaknyamanannya. Kami akan selalu berusaha memberikan yang terbaik demi memenuhi kebutuhan perbankan Kakak. Terkait kendala tersebut boleh infokan detail kendala serta kirimkan gambar kendalanya ke X @haloblu atau email haloblu@bcadigital.co.id agar kami bisa bantu lebih lanjut ya.",2025-12-07 11:03:31,2.6.0
3ab6de12-7e46-4941-ac6d-43147b3ffaa9,Pengguna Google,https://play-lh.googleusercontent.com/EGemoI2NTXmTsBVtJqk8jxF9rh8ApRWfsIMQSt2uE4OcpQqbFu7f7NbTK05lx80nuSijCz7sc3a277R67g,"sering Transaksi dan nabung di blue bca , coba pengajuan pinjaman 2 kali di tolak , cuma buat pajangan aja yaa fiturnya",1,0,,2025-12-06 13:12:32+00:00,"Hai, Kakak. Maaf atas ketidaknyamanannya. Kami akan selalu berusaha memberikan yang terbaik kebutuhan perbankan Kakak. Terdapat beberapa hal yang dapat menyebabkan pengajuan pinjaman Kakak ditolak/dibatalkan, antara lain, belum sesuai dengan kriteria debitur Bank BCA Digital atau rekening bluAccount Kakak sedang diblokir.",2025-12-06 13:59:02,
9f007e9c-c562-41a4-b718-dbab5d1046eb,Pengguna Google,https://play-lh.googleusercontent.com/EGemoI2NTXmTsBVtJqk8jxF9rh8ApRWfsIMQSt2uE4OcpQqbFu7f7NbTK05lx80nuSijCz7sc3a277R67g,lemottt,1,0,2.6.0,2025-12-06 10:18:26+00:00,"Hai, Kak Arya. Maaf atas ketidaknyamanannya. Kami akan selalu terus memperbaiki sistem demi mencapai kepuasan para pengguna aplikasi blu. Terkait kendala tersebut pastikan Kakak menggunakan blu versi terbaru, pastikan setting waktu di handphone menjadi otomatis, jaringan internet lancar dan stabil atau Kakak boleh switch jaringan pada handphone ya.",2025-12-06 10:23:01,2.6.0
2af37314-4f8f-493d-b1a3-ede7157be1c8,Pengguna Google,https://play-lh.googleusercontent.com/EGemoI2NTXmTsBVtJqk8jxF9rh8ApRWfsIMQSt2uE4OcpQqbFu7f7NbTK05lx80nuSijCz7sc3a277R67g,susah daftar 🗿,1,0,,2025-12-06 09:27:38+00:00,"Hai, Kakak. Maaf atas ketidaknyamanannya. Kami akan selalu berusaha memberikan yang terbaik demi memenuhi kebutuhan perbankan Kakak. Terkait kendala tersebut boleh infokan detail kendala serta kirimkan gambar kendalanya ke X @haloblu atau email haloblu@bcadigital.co.id agar kami bisa bantu lebih lanjut ya.",2025-12-06 10:21:56,
a6e1e668-8e7f-42fd-bb6e-b76cd3283108,Pengguna Google,https://play-lh.googleusercontent.com/EGemoI2NTXmTsBVtJqk8jxF9rh8ApRWfsIMQSt2uE4OcpQqbFu7f7NbTK05lx80nuSijCz7sc3a277R67g,cukup bagus,5,0,,2025-12-06 01:10:08+00:00,"Hai, Kakak. Terima kasih atas ulasannya. Semoga blu bisa selalu memberikan yang terbaik untuk memenuhi semua kebutuhan perbankan Kakak. Jika ada kendala atau hal lain yang ingin ditanyakan, Kakak bisa langsung menghubungi X @haloblu atau email haloblu@bcadigital.co.id atau telepon 1500668 (layanan 24 jam).",2025-12-06 02:26:11,
d01005c0-a4b2-4378-8bff-6e729a5d9496,Pengguna Google,https://play-lh.googleusercontent.com/EGemoI2NTXmTsBVtJqk8jxF9rh8ApRWfsIMQSt2uE4OcpQqbFu7f7NbTK05lx80nuSijCz7sc3a277R67g,"agak ribet sihh,,,",1,0,2.6.0,2025-12-05 21:39:36+00:00,"Hai, Kak Raju. Maaf atas ketidaknyamanannya. Kami akan selalu berusaha memberikan yang terbaik kebutuhan perbankan Kakak. Mohon pastikan perangkat sudah update versi terbaru dan jika ada hal lain yang ingin ditanyakan, Kakak bisa langsung menghubungi X @haloblu atau email haloblu@bcadigital.co.id atau telepon 1500668 (layanan 24 jam).",2025-12-05 22:00:30,2.6.0
32c9b9ab-a714-457e-96d8-b1566c2c689b,Pengguna Google,https://play-lh.googleusercontent.com/EGemoI2NTXmTsBVtJqk8jxF9rh8ApRWfsIMQSt2uE4OcpQqbFu7f7NbTK05lx80nuSijCz7sc3a277R67g,SURUH AJUKAN PINJAMAN DI TOLAK UINSTAL PERCUAMA SERING TRANSAKSI,3,0,2.3.0,2025-12-05 17:19:03+00:00,"Hai, Kak Rita. Maaf atas ketidaknyamanannya. Untuk hasil pinjaman hal tersebut tergantung analisa pihak terkait kami dari kelengkapan data Kakak. Jika pinjaman ditolak, silakan Kakak dapat melakukan pengajuan pinjaman kembali 90 hari setelah tanggal pinjaman ditolak ya.",2025-12-05 17:42:31,2.3.0
e6eedc50-5294-46e3-afa6-2f4ff23eb8b8,Pengguna Google,https://play-lh.googleusercontent.com/EGemoI2NTXmTsBVtJqk8jxF9rh8ApRWfsIMQSt2uE4OcpQqbFu7f7NbTK05lx80nuSijCz7sc3a277R67g,"bank pilihan terbaik ada disini,tersimpel semuanya 🤗top bgt ni BCA",5,1,2.6.0,2025-12-05 09:05:39+00:00,"Hai, Kak Aris. Terima kasih atas ulasannya. Semoga blu bisa selalu memberikan yang terbaik untuk memenuhi semua kebutuhan perbankan Kakak. Jika ada kendala atau hal lain yang ingin ditanyakan, Kakak bisa langsung menghubungi X @haloblu atau email haloblu@bcadigital.co.id atau telepon 1500668 (layanan 24 jam).",2025-12-05 09:35:39,2.6.0
4a02ad08-4666-4812-9aca-a91c4b4384ca,Pengguna Google,https://play-lh.googleusercontent.com/EGemoI2NTXmTsBVtJqk8jxF9rh8ApRWfsIMQSt2uE4OcpQqbFu7f7NbTK05lx80nuSijCz7sc3a277R67g,"2 kali dpt transfer ga nambah saldo, chat cs ga bantu samsek",2,0,,2025-12-05 06:46:10+00:00,"Hai, Kak Putri. Maaf atas ketidaknyamanannya. Terkait kendala tersebut jika transaksi sudah berhasil memotong saldo namun belum masuk, jika sudah menghubungi layanan haloblu mohon Kakak dapat informasikan nomor laporannya ke X @haloblu atau email haloblu@bcadigital.co.id agar kami dapat bantu lebih lanjut kendala yang Kakak alami.",2025-12-05 07:04:22,
0f36b12a-e567-41e9-87d5-3b300be13889,Pengguna Google,https://play-lh.googleusercontent.com/EGemoI2NTXmTsBVtJqk8jxF9rh8ApRWfsIMQSt2uE4OcpQqbFu7f7NbTK05lx80nuSijCz7sc3a277R67g,"Blu Paling top, saya sangat nyaman menggunakan Blu",5,0,2.6.0,2025-12-05 06:19:31+00:00,"Hai, Kak Claritza. Terima kasih atas ulasannya. Semoga blu bisa selalu memberikan yang terbaik untuk memenuhi semua kebutuhan perbankan Kakak. Jika ada kendala atau hal lain yang ingin ditanyakan, Kakak bisa langsung menghubungi X @haloblu atau email haloblu@bcadigital.co.id atau telepon 1500668 (layanan 24 jam).",2025-12-05 07:01:16,2.6.0
bac2a6aa-e884-4da0-aa5a-bde9deab479d,Pengguna Google,https://play-lh.googleusercontent.com/EGemoI2NTXmTsBVtJqk8jxF9rh8ApRWfsIMQSt2uE4OcpQqbFu7f7NbTK05lx80nuSijCz7sc3a277R67g,aplikasi gajelas peripikasi muka aja susah banget,1,0,2.6.0,2025-12-04 23:54:04+00:00,"Hai, Kak Herdi. Maaf atas ketidaknyamanannya. Kami akan selalu berusaha memberikan yang terbaik demi kebutuhan perbankan Kakak. Terkait hal tersebut pastikan beberapa hal berikut, pastikan Kakak tidak memakai sunglasses, di tempat yang terang, tidak backlight, posisi wajah di dalam lingkaran dan pastikan aplikasi blu versi terupdate ya.",2025-12-05 00:57:32,2.6.0
096592d0-3244-4d62-9096-74cb23b8cdba,Pengguna Google,https://play-lh.googleusercontent.com/EGemoI2NTXmTsBVtJqk8jxF9rh8ApRWfsIMQSt2uE4OcpQqbFu7f7NbTK05lx80nuSijCz7sc3a277R67g,masih sesama produk BCA kena biaya admin. ini KOCAK sih,1,1,2.6.0,2025-12-04 21:04:49+00:00,"Hai, Kakak. Maaf atas ketidaknyamanannya. Terkait adanya biaya transfer BI-FAST dari BCA ke blu adalah ketentuan dari BCA. Namun tenang saja Kakak masih bebas biaya transfer BI-FAST dari blu ke BCA ya. blu by BCA Digital adalah anak perusahaan dari Bank BCA, tetapi sudah berbeda bank. Masing-masing mempunyai kebijakan yang berbeda Kak.",2025-12-04 21:51:46,2.6.0
ec518950-c98b-4fe1-843f-988370dc6b6d,Pengguna Google,https://play-lh.googleusercontent.com/EGemoI2NTXmTsBVtJqk8jxF9rh8ApRWfsIMQSt2uE4OcpQqbFu7f7NbTK05lx80nuSijCz7sc3a277R67g,aplikasinya oke isinya,5,0,2.6.0,2025-12-04 17:31:18+00:00,"Hai, Kak Faizin. Terima kasih atas ulasannya. Semoga blu bisa selalu memberikan yang terbaik untuk memenuhi semua kebutuhan perbankan Kakak. Jika ada kendala atau hal lain yang ingin ditanyakan, Kakak bisa langsung menghubungi X @haloblu atau email haloblu@bcadigital.co.id atau telepon 1500668 (layanan 24 jam).",2025-12-04 18:07:36,2.6.0
ad8244ed-8f53-4076-a9e2-7734a8e4be95,Pengguna Google,https://play-lh.googleusercontent.com/EGemoI2NTXmTsBVtJqk8jxF9rh8ApRWfsIMQSt2uE4OcpQqbFu7f7NbTK05lx80nuSijCz7sc3a277R67g,"perpindahan dana dari blu ke rdn bug gak realtime saat ada perubahan, suka ngeleg apps nya juga",3,1,2.6.0,2025-12-04 17:00:52+00:00,"Hai, Kak Toyyib. Maaf atas ketidaknyamanannya. Terkait hapus aplikasi, mohon kesediaan Kakak dapat menginformasikan lebih detail melalui email haloblu@bcadigital.co.id, agar kami dapat menginformasikan sesuai dengan kebutuhan Kakak. Jika aplikasi terasa lambat pastikan Kakak menggunakan aplikasi blu versi terbaru dan jaringan stabil.",2025-12-04 18:07:03,2.6.0
480d2c33-8fe6-4d06-80cd-9e70843bdb3f,Pengguna Google,https://play-lh.googleusercontent.com/EGemoI2NTXmTsBVtJqk8jxF9rh8ApRWfsIMQSt2uE4OcpQqbFu7f7NbTK05lx80nuSijCz7sc3a277R67g,"suara cs nya kurang jelas, seperti bergumam",2,0,2.6.0,2025-12-04 14:12:45+00:00,"Hai, Kak Zainul. Maaf atas ketidaknyamanannya. Kami akan selalu berusaha memberikan yang terbaik demi memenuhi kebutuhan perbankan Kakak. Mohon kesediaan Kakak dapat informasikan pengalaman tersebut ke X @haloblu atau email haloblu@bcadigital.co.id agar kami bisa bantu lebih lanjut ya.",2025-12-04 15:12:08,2.6.0
f7ac9e25-8679-4a3d-b82f-684f6bf8be6d,Pengguna Google,https://play-lh.googleusercontent.com/EGemoI2NTXmTsBVtJqk8jxF9rh8ApRWfsIMQSt2uE4OcpQqbFu7f7NbTK05lx80nuSijCz7sc3a277R67g,4 x ngajuin pinjaman 4x juga di tolak pdhl pengajuan di bawah 5 juta dan slalu ada transaksi tapi gagal terus,1,0,2.6.0,2025-12-04 10:08:20+00:00,"Hai, Kak Candra. Maaf atas ketidaknyamanannya. Kami akan selalu berusaha memberikan yang terbaik kebutuhan perbankan Kakak. Terdapat beberapa hal yang dapat menyebabkan pengajuan pinjaman Kakak ditolak/dibatalkan, antara lain, belum sesuai dengan kriteria debitur Bank BCA Digital atau rekening bluAccount Kakak sedang diblokir.",2025-12-04 11:04:16,2.6.0
f2b89fd8-c2b5-4ac9-8c42-bfc72cbc3e05,Pengguna Google,https://play-lh.googleusercontent.com/EGemoI2NTXmTsBVtJqk8jxF9rh8ApRWfsIMQSt2uE4OcpQqbFu7f7NbTK05lx80nuSijCz7sc3a277R67g,Respon cepat..,5,0,2.6.0,2025-12-03 23:49:51+00:00,"Hai, Kak welly. Terima kasih atas ulasannya. Semoga blu bisa selalu memberikan yang terbaik untuk memenuhi semua kebutuhan perbankan Kakak. Jika ada kendala atau hal lain yang ingin ditanyakan, Kakak bisa langsung menghubungi X @haloblu atau email haloblu@bcadigital.co.id atau telepon 1500668 (layanan 24 jam).",2025-12-04 00:13:54,2.6.0
3ad8e7c6-ec6d-483c-a872-f47e9203715a,Pengguna Google,https://play-lh.googleusercontent.com/EGemoI2NTXmTsBVtJqk8jxF9rh8ApRWfsIMQSt2uE4OcpQqbFu7f7NbTK05lx80nuSijCz7sc3a277R67g,data udah di isi lengkap malah keputus mana banyak banget lagi yang di isi hedehh,1,0,,2025-12-03 23:02:56+00:00,"Hai, Kak Abdurrahman. Maaf atas ketidaknyamanannya. Kami akan selalu berusaha memberikan yang terbaik demi memenuhi kebutuhan perbankan Kakak. Terkait kendala tersebut boleh infokan detail kendala serta kirimkan gambar kendalanya ke X @haloblu atau email haloblu@bcadigital.co.id agar kami bisa bantu lebih lanjut ya.",2025-12-03 23:33:52,
107d7ee7-48f0-41fd-9153-893bfa1a03c7,Pengguna Google,https://play-lh.googleusercontent.com/EGemoI2NTXmTsBVtJqk8jxF9rh8ApRWfsIMQSt2uE4OcpQqbFu7f7NbTK05lx80nuSijCz7sc3a277R67g,"tadi Pagi baru saja maintance, eh malah eror 2x payment beda merchant tetep gagal. muncul voucher tidak bisa digunakan, padahal setelah scan Voucher berhasil terpasang. sudah sesuai S&K tetep gagal, kuota promo juga masih ada bisa-bisanya gagal? biasanya aja lancar ko promo cashback nya aneh. maintenance lagi Sanah, diperbaiki janga setengah-setengah meresahkan saja, untuk bank lain juga promo sama Cashback 50%, jadi ga rugi bayar normal tadi.",1,37,2.6.0,2025-12-03 22:22:29+00:00,"Hai, Kak Simbun. Maaf atas ketidaknyamanannya. Kami akan selalu berusaha memberikan yang terbaik demi memenuhi kebutuhan perbankan Kakak. Terkait kendala tersebut boleh infokan detail kendala serta kirimkan gambar kendalanya ke X @haloblu atau email haloblu@bcadigital.co.id agar kami bisa bantu lebih lanjut ya.",2025-12-03 23:28:01,2.6.0
5df01b5a-1d58-4e15-8eac-fc677589cc8d,Pengguna Google,https://play-lh.googleusercontent.com/EGemoI2NTXmTsBVtJqk8jxF9rh8ApRWfsIMQSt2uE4OcpQqbFu7f7NbTK05lx80nuSijCz7sc3a277R67g,gaje,1,0,2.6.0,2025-12-03 20:42:58+00:00,"Hai, Kak Rian. Maaf atas ketidaknyamanannya. Kami akan selalu berusaha memberikan yang terbaik demi memenuhi kebutuhan perbankan Kakak. Jika Kakak mengalami kendala, boleh infokan detail kendala serta kirimkan gambar kendalanya ke X @haloblu atau email haloblu@bcadigital.co.id agar kami bisa bantu lebih lanjut ya.",2025-12-03 21:50:08,2.6.0
cbf3e7f5-a657-433a-a4fd-6e72cc6b9e83,Pengguna Google,https://play-lh.googleusercontent.com/EGemoI2NTXmTsBVtJqk8jxF9rh8ApRWfsIMQSt2uE4OcpQqbFu7f7NbTK05lx80nuSijCz7sc3a277R67g,puasss,5,0,2.5.0,2025-12-03 19:56:34+00:00,"Hai, Kak Dede Santoso. Terima kasih atas ulasannya. Semoga blu bisa selalu memberikan yang terbaik untuk memenuhi semua kebutuhan perbankan Kakak. Jika ada kendala atau hal lain yang ingin ditanyakan, Kakak bisa langsung menghubungi X @haloblu atau email haloblu@bcadigital.co.id atau telepon 1500668 (layanan 24 jam).",2025-12-03 21:23:57,2.5.0
acebf845-c3f2-4621-964e-edc45f9fa849,Pengguna Google,https://play-lh.googleusercontent.com/EGemoI2NTXmTsBVtJqk8jxF9rh8ApRWfsIMQSt2uE4OcpQqbFu7f7NbTK05lx80nuSijCz7sc3a277R67g,Ini gimana sih kok eror mulu ? Urgent banget ini tolong dong solusinya !,1,0,2.6.0,2025-12-03 14:52:05+00:00,"Hai, Kak Dimyati. Maaf atas ketidaknyamanannya. Terkait kendala tersebut boleh kirimkan gambar kendalanya ke X @haloblu atau email haloblu@bcadigital.co.id agar kami bisa bantu lebih lanjut ya.",2025-12-03 15:30:05,2.6.0
8f307a0f-49c7-4333-ada7-2a70d25165ef,Pengguna Google,https://play-lh.googleusercontent.com/EGemoI2NTXmTsBVtJqk8jxF9rh8ApRWfsIMQSt2uE4OcpQqbFu7f7NbTK05lx80nuSijCz7sc3a277R67g,"Tolong update lagi aplikasinya, force close di hp saya.",1,0,2.6.0,2025-12-03 02:05:13+00:00,"Hai, Kak Murjito Adjit. Maaf atas ketidaknyamanannya. Kami akan selalu berusaha memberikan yang terbaik demi memenuhi kebutuhan perbankan Kakak. Terkait kendala tersebut boleh infokan detail kendala serta kirimkan gambar kendalanya ke X @haloblu atau email haloblu@bcadigital.co.id agar kami bisa bantu lebih lanjut ya.
",2025-12-03 02:30:50,2.6.0
b4a66a87-1a81-489c-9992-20466fe4a012,Pengguna Google,https://play-lh.googleusercontent.com/EGemoI2NTXmTsBVtJqk8jxF9rh8ApRWfsIMQSt2uE4OcpQqbFu7f7NbTK05lx80nuSijCz7sc3a277R67g,ribet,1,0,2.6.0,2025-12-02 20:47:51+00:00,"Hai, Kak Marselina. Maaf atas ketidaknyamanannya. Terkait kendala yang Kakak alami, boleh informasikan lebih detail ke X @haloblu atau email haloblu@bcadigital.co.id agar dapat kami informasikan lebih lanjut ya.",2025-12-02 21:27:04,2.6.0
65aaa8bf-df4d-4a89-91f5-ba960076a80b,Pengguna Google,https://play-lh.googleusercontent.com/EGemoI2NTXmTsBVtJqk8jxF9rh8ApRWfsIMQSt2uE4OcpQqbFu7f7NbTK05lx80nuSijCz7sc3a277R67g,"kenapa jadi gagal login,sesi kamu habis",5,0,2.6.0,2025-12-02 19:08:29+00:00,"Hai, Kak Dena. Maaf atas ketidaknyamanannya. Untuk mengatasi kendala login yang Kakak alami, pastiin Kakak menggunakan aplikasi blu versi terbaru dan pastikan sinyal yang digunakan dalam keadaan stabil, kemudian Kakak bisa coba login kembali ya.",2025-12-02 19:42:43,2.6.0
26bfa254-9d58-42cf-833c-6967a06e89d6,Pengguna Google,https://play-lh.googleusercontent.com/EGemoI2NTXmTsBVtJqk8jxF9rh8ApRWfsIMQSt2uE4OcpQqbFu7f7NbTK05lx80nuSijCz7sc3a277R67g,udh bisa buat rekening nya kmren sempat gagal,5,0,2.6.0,2025-12-02 15:33:01+00:00,"Hai, Kak Asep. Terima kasih atas ulasannya. Jika saat ini Kakak sudah berhasil melakukan pembukaan rekening blu, selamat bergabung menjadi sobatblu ya Kak. 😊",2025-12-02 16:09:49,2.6.0
8d006425-337f-4349-b441-bce2a700d7ee,Pengguna Google,https://play-lh.googleusercontent.com/EGemoI2NTXmTsBVtJqk8jxF9rh8ApRWfsIMQSt2uE4OcpQqbFu7f7NbTK05lx80nuSijCz7sc3a277R67g,Lumayan ok.,3,3,2.6.0,2025-12-02 13:55:48+00:00,"Hai, Kak Anas. Maaf atas ketidaknyamanannya. Kami akan selalu berusaha memberikan yang terbaik kebutuhan perbankan Kakak. Jika ada hal lain yang ingin ditanyakan, Kakak bisa langsung menghubungi X @haloblu atau email haloblu@bcadigital.co.id atau telepon 1500668 (layanan 24 jam).",2025-12-02 13:57:48,2.6.0
6194d625-18fa-4f6d-b159-f95c60cedc1d,Pengguna Google,https://play-lh.googleusercontent.com/EGemoI2NTXmTsBVtJqk8jxF9rh8ApRWfsIMQSt2uE4OcpQqbFu7f7NbTK05lx80nuSijCz7sc3a277R67g,"malas bgt pake ini lupa password mau ganti aja susah banget, dah dilakuin semua cari cahaya sebaik mungkin tetap gagal dan skrg akun udah keblokir, tobaaat make ini aplikasi bikin stress",1,0,2.6.0,2025-12-02 06:20:05+00:00,"Hai, Kak Merianti. Maaf atas ketidaknyamanannya. Kami akan selalu berusaha memberikan yang terbaik demi kebutuhan perbankan Kakak. Terkait hal tersebut pastikan beberapa hal berikut, pastikan Kakak tidak memakai sunglasses, di tempat yang terang, tidak backlight, posisi wajah di dalam lingkaran dan pastikan aplikasi blu versi terupdate ya.",2025-12-02 06:55:59,2.6.0
4722830a-9344-436e-b63b-1248dee1a124,Pengguna Google,https://play-lh.googleusercontent.com/EGemoI2NTXmTsBVtJqk8jxF9rh8ApRWfsIMQSt2uE4OcpQqbFu7f7NbTK05lx80nuSijCz7sc3a277R67g,saya mau log in tapi diminta sign ini lagi. pdhl sy sudah punya akun. lalu bagaimana dg saldo sy????,3,0,2.6.0,2025-12-02 05:29:51+00:00,"Hai, Kak Inha Santoso. Maaf atas ketidaknyamanannya. Untuk login kembali ke aplikasi blu Kakak bisa klik ""Yuk Mulai"" dan pastikan nomor handphone yang dimasukkan yang terdaftar di blu. Jika Kakak diarahkan pembukaan rekening kembali maka nomor handphone yang Kakak masukkan bukan yang terdaftar di blu.",2025-12-02 05:53:36,2.6.0
3770b09b-5168-46fd-b581-fc80f1e2ad22,Pengguna Google,https://play-lh.googleusercontent.com/EGemoI2NTXmTsBVtJqk8jxF9rh8ApRWfsIMQSt2uE4OcpQqbFu7f7NbTK05lx80nuSijCz7sc3a277R67g,sangat buruk susa untuk di akses,1,0,2.6.0,2025-12-02 01:26:37+00:00,"Hai, Kak Akhamd. Maaf atas ketidaknyamanannya. Kami akan selalu berusaha memberikan yang terbaik kebutuhan perbankan Kakak. Mohon pastikan perangkat sudah update versi terbaru dan jika ada hal lain yang ingin ditanyakan, Kakak bisa langsung menghubungi X @haloblu atau email haloblu@bcadigital.co.id atau telepon 1500668 (layanan 24 jam).",2025-12-02 02:58:31,2.6.0
294a9f48-7509-4f8b-aa0c-61136e8e10ec,Pengguna Google,https://play-lh.googleusercontent.com/EGemoI2NTXmTsBVtJqk8jxF9rh8ApRWfsIMQSt2uE4OcpQqbFu7f7NbTK05lx80nuSijCz7sc3a277R67g,aplikasinya berat bangetttt 😭😭😭,3,1,2.6.0,2025-12-01 23:37:45+00:00,"Hai, Kak Winanta. Maaf atas ketidaknyamanannya. Kami akan selalu terus memperbaiki sistem demi mencapai kepuasan para pengguna aplikasi blu. Terkait kendala tersebut pastikan Kakak menggunakan aplikasi blu versi terbaru, pastikan setting waktu di handphone menjadi otomatis, jaringan internet lancar dan stabil serta tidak menggunakan jaringan WiFi.",2025-12-02 00:08:27,2.6.0
e6d5174e-6af6-4a05-87ee-74bba4e93070,Pengguna Google,https://play-lh.googleusercontent.com/EGemoI2NTXmTsBVtJqk8jxF9rh8ApRWfsIMQSt2uE4OcpQqbFu7f7NbTK05lx80nuSijCz7sc3a277R67g,"Terlalu Banyak fitur keamanannya.. bahkan mau log in aja harus pake keamanan.. dampaknya smartphone jadi ikut terkunci.. menggunakan pengenalan wajah malah kyk narapidana hadap kanan, hadap kiri, hadap depan, buka mulut, tutup mulut.. kalo log in ditempat ramai JD kyk org gila..",3,0,,2025-12-01 20:51:08+00:00,"Hai, Kak Rolly. Maaf atas ketidaknyamanannya. Kami akan selalu berusaha memberikan yang terbaik demi kebutuhan perbankan Kakak. Terkait hal tersebut pastikan beberapa hal berikut, pastikan Kakak tidak memakai sunglasses, di tempat yang terang, tidak backlight, posisi wajah di dalam lingkaran dan pastikan aplikasi blu versi terupdate ya.",2025-12-01 21:58:04,
b14bbeb5-a443-49ed-89fb-f10ae2275db1,Pengguna Google,https://play-lh.googleusercontent.com/EGemoI2NTXmTsBVtJqk8jxF9rh8ApRWfsIMQSt2uE4OcpQqbFu7f7NbTK05lx80nuSijCz7sc3a277R67g,baguss bikin nyaa ga ribett,5,0,2.6.0,2025-12-01 17:24:30+00:00,"Hai, Kak Cepsahni. Terima kasih atas ulasannya. Semoga blu bisa selalu memberikan yang terbaik untuk memenuhi semua kebutuhan perbankan Kakak. Jika ada kendala atau hal lain yang ingin ditanyakan, Kakak bisa langsung menghubungi X @haloblu atau email haloblu@bcadigital.co.id atau telepon 1500668 (layanan 24 jam).",2025-12-01 18:24:25,2.6.0
36b08cea-c6cf-4e64-b980-8c62f4dbceca,Pengguna Google,https://play-lh.googleusercontent.com/EGemoI2NTXmTsBVtJqk8jxF9rh8ApRWfsIMQSt2uE4OcpQqbFu7f7NbTK05lx80nuSijCz7sc3a277R67g,👍,5,0,2.5.0,2025-12-01 17:08:31+00:00,"Hai, Kak Anastasia. Terima kasih atas ulasannya. Semoga blu bisa selalu memberikan yang terbaik untuk memenuhi semua kebutuhan perbankan Kakak. Jika ada kendala atau hal lain yang ingin ditanyakan, Kakak bisa langsung menghubungi X @haloblu atau email haloblu@bcadigital.co.id atau telepon 1500668 (layanan 24 jam).",2025-12-01 18:24:37,2.5.0
2effdc7e-566b-4baa-b398-30dd7fb65b59,Pengguna Google,https://play-lh.googleusercontent.com/EGemoI2NTXmTsBVtJqk8jxF9rh8ApRWfsIMQSt2uE4OcpQqbFu7f7NbTK05lx80nuSijCz7sc3a277R67g,"kenapa ya setiap malem gabisa transaksi pake qris, jadi tulisannya tuh ""silahkan cek mutasi rekening anda"" kesulitan banget buat transaksi malem malem. tolong diperbaiki",4,3,2.6.0,2025-12-01 12:06:07+00:00,"Hai, Kak Salsabila Aulia. Maaf atas ketidaknyamanannya. Kami akan selalu berusaha memberikan yang terbaik demi memenuhi kebutuhan perbankan Kakak. Terkait kendala tersebut boleh infokan detail kendala serta kirimkan gambar kendalanya ke X @haloblu atau email haloblu@bcadigital.co.id agar kami bisa bantu lebih lanjut ya.
",2025-12-01 12:55:55,2.6.0
2654cd35-9ce8-4c3f-8d71-ce7b35f6e33a,Pengguna Google,https://play-lh.googleusercontent.com/EGemoI2NTXmTsBVtJqk8jxF9rh8ApRWfsIMQSt2uE4OcpQqbFu7f7NbTK05lx80nuSijCz7sc3a277R67g,sekarang bunga aja kena pajak. bunga awal 3%p.a jadinya cuma 2%setelah kena potongan pajak. tolong diperbaiki lagi kebijakannya,3,0,,2025-12-01 10:25:01+00:00,"Hai, Kakak. Maaf ketidaknyamanannya. Pajak atas bunga akan dikenakan jika total balance seluruh produk milik Kakak lebih besar Rp7.500.000,- dan dikenakan pajak atas bunga 20% pada akhir bulan. Jika ada hal lain yang ingin ditanyakan, bisa langsung menghubungi X @haloblu atau email haloblu@bcadigital.co.id atau telepon 1500668 (layanan 24 jam).
",2025-12-01 11:03:57,
c7da5194-3197-4a63-9fea-8a56dc096222,Pengguna Google,https://play-lh.googleusercontent.com/EGemoI2NTXmTsBVtJqk8jxF9rh8ApRWfsIMQSt2uE4OcpQqbFu7f7NbTK05lx80nuSijCz7sc3a277R67g,lumayan membantu,5,0,2.6.0,2025-12-01 07:57:53+00:00,"Hai, Kak Panji. Terima kasih atas ulasannya. Semoga blu bisa selalu memberikan yang terbaik untuk memenuhi semua kebutuhan perbankan Kakak. Jika ada kendala atau hal lain yang ingin ditanyakan, Kakak bisa langsung menghubungi X @haloblu atau email haloblu@bcadigital.co.id atau telepon 1500668 (layanan 24 jam).
",2025-12-01 09:07:40,2.6.0
