reviewId,userName,userImage,content,score,thumbsUpCount,reviewCreatedVersion,at,replyContent,repliedAt,appVersion
7a1743ec-4eba-44a5-9e42-d02ae3bbddca,Pengguna Google,https://play-lh.googleusercontent.com/EGemoI2NTXmTsBVtJqk8jxF9rh8ApRWfsIMQSt2uE4OcpQqbFu7f7NbTK05lx80nuSijCz7sc3a277R67g,mantap,5,0,8.73.0,2025-10-31 23:55:32+00:00,,,8.73.0
4095d6b4-eba7-420a-a156-c131d2397dab,Pengguna Google,https://play-lh.googleusercontent.com/EGemoI2NTXmTsBVtJqk8jxF9rh8ApRWfsIMQSt2uE4OcpQqbFu7f7NbTK05lx80nuSijCz7sc3a277R67g,"31 oktober 2025 saya tidak jadi pengajuan peminjaman dana di apk ini,jika ada yang menyalah gunakan dengan data saya,saya tidak akan bertanggung jawab,dan apk ini saya hapus,terima kasih",4,0,8.75.0,2025-10-31 23:07:20+00:00,"Halo, Jagoan. Mohon maaf atas kendala yang terjadi ya. Kamu tidak perlu khawatir, kamu bisa menjelaskan detail kendala tersebut melalui email di tanya@jago.com atau call center 1500 746 untuk kami bantu tangani lebih lanjut. Terima kasih :)",2025-11-01 00:09:51,8.75.0
7ba2b3bf-8fc5-49e5-8bc1-d2816ff65e28,Pengguna Google,https://play-lh.googleusercontent.com/EGemoI2NTXmTsBVtJqk8jxF9rh8ApRWfsIMQSt2uE4OcpQqbFu7f7NbTK05lx80nuSijCz7sc3a277R67g,memudahkan segala transaksi.,5,0,8.75.0,2025-10-31 22:32:02+00:00,,,8.75.0
c467b8c1-4f21-457c-93fe-f29c44fcb583,Pengguna Google,https://play-lh.googleusercontent.com/EGemoI2NTXmTsBVtJqk8jxF9rh8ApRWfsIMQSt2uE4OcpQqbFu7f7NbTK05lx80nuSijCz7sc3a277R67g,sampai detik ini saya blm bisa memakai bank jago saya sampai sekarang di karenakan di blokir dan pihak jago tidak ada kepastian sampai saat ini juga,1,0,,2025-10-31 22:12:33+00:00,"Halo, Jagoan. Mohon maaf atas kendala yang terjadi ya. Kamu tidak perlu khawatir, kamu bisa menjelaskan detail kendala tersebut melalui email di tanya@jago.com atau call center 1500 746 untuk kami bantu tangani lebih lanjut. Terima kasih :)",2025-11-01 00:09:47,
9882b10d-42e6-48eb-8edb-7980eae7cbe8,Pengguna Google,https://play-lh.googleusercontent.com/EGemoI2NTXmTsBVtJqk8jxF9rh8ApRWfsIMQSt2uE4OcpQqbFu7f7NbTK05lx80nuSijCz7sc3a277R67g,"Alhamdulillah sejauh ini pake bang jago lancar lancar aja tanpa ada kendala,,semua proses transaksi gampang dan praktis,,,Terimakasih bang jago semoga kedepannya semakin meningkat lagi💪💪🙏🙏",5,2,8.75.0,2025-10-31 21:48:10+00:00,,,8.75.0
3c2f3f07-50f7-4fa6-b270-56f5d9137ae9,Pengguna Google,https://play-lh.googleusercontent.com/EGemoI2NTXmTsBVtJqk8jxF9rh8ApRWfsIMQSt2uE4OcpQqbFu7f7NbTK05lx80nuSijCz7sc3a277R67g,"Saya lupa kata sandi, tidak ada solusinya",1,0,,2025-10-31 21:27:12+00:00,"Halo, Jagoan. Mohon maaf atas kendala yang terjadi ya. Kamu tidak perlu khawatir, kamu bisa menjelaskan detail kendala tersebut melalui email di tanya@jago.com atau call center 1500 746 untuk kami bantu tangani lebih lanjut. Terima kasih :)",2025-10-31 22:29:26,
3d002bb2-66a1-4586-85d4-fa48f80830bf,Pengguna Google,https://play-lh.googleusercontent.com/EGemoI2NTXmTsBVtJqk8jxF9rh8ApRWfsIMQSt2uE4OcpQqbFu7f7NbTK05lx80nuSijCz7sc3a277R67g,saya barusan nelpon pihak cs bang jago mengenai pengkinian nama saya Rudiansyah biar sesuai dgn e KTP semoga cepet d proses,5,0,8.75.0,2025-10-31 21:17:09+00:00,,,8.75.0
60308bf2-270b-4192-9cf6-bd2f8cb16c3f,Pengguna Google,https://play-lh.googleusercontent.com/EGemoI2NTXmTsBVtJqk8jxF9rh8ApRWfsIMQSt2uE4OcpQqbFu7f7NbTK05lx80nuSijCz7sc3a277R67g,trimakasih,5,0,8.76.0,2025-10-31 20:14:50+00:00,,,8.76.0
3b9cbac8-d488-46bd-ac6d-2846f6bf6250,Pengguna Google,https://play-lh.googleusercontent.com/EGemoI2NTXmTsBVtJqk8jxF9rh8ApRWfsIMQSt2uE4OcpQqbFu7f7NbTK05lx80nuSijCz7sc3a277R67g,"yang bener aja mau log in ribet amat cuma kena sesi biasanya ga perlu log in ulang waktu log in ulang verifikasi 2 kali nunggu aktivasi ya aja ga muncul"" padahal hp sama",1,0,8.50.0,2025-10-31 20:06:14+00:00,"Halo, Jagoan! Mohon maaf atas ketidaknyamanannya. Kami mengerti atas pengalaman kurang baik yang kamu alami. Untuk membantu kamu lebih lanjut, mohon menghubungi Tanya Jago di 1500746 / 021-30000746 atau email ke tanya@jago.com untuk kami cek lebih lanjut terkait kendala tersebut. Kami tunggu laporan dari kamu ya.",2025-10-31 21:08:15,8.50.0
f4522b73-0a7d-4985-8c83-44ed0b8b2397,Pengguna Google,https://play-lh.googleusercontent.com/EGemoI2NTXmTsBVtJqk8jxF9rh8ApRWfsIMQSt2uE4OcpQqbFu7f7NbTK05lx80nuSijCz7sc3a277R67g,"Bank Jago benar-benar memudahkan urusan keuangan saya! Aplikasinya ringan, tampilannya modern, dan fitur-fiturnya lengkap. Transfer cepat, tanpa ribet, dan layanan customer service-nya juga responsif. Sangat direkomendasikan!",5,0,8.76.0,2025-10-31 20:04:44+00:00,,,8.76.0
e782d25d-af5c-49a3-b3af-49b59456b7d1,Pengguna Google,https://play-lh.googleusercontent.com/EGemoI2NTXmTsBVtJqk8jxF9rh8ApRWfsIMQSt2uE4OcpQqbFu7f7NbTK05lx80nuSijCz7sc3a277R67g,asli gak jelas app sekelas bank dunia punya sistem yg berantakan saya di minta bikin pasword sampai 3x dan setelah di buat saya masuk dg pasword itu lagi tidak bisa ketika login di tampilan awal pakai pasword malah di suruh buat pin baru pak saran aja pak kami di sini mau narok uang kami pak kalau sekedar akun saja sudah berantakan begini gimana kami mau percaya mau narok uang di sini coba perhatikan lagi apps ini bukan platfrom yang kecil harus nya tapi benar2 gak jelas,2,2,8.76.0,2025-10-31 19:42:34+00:00,"Halo, Jagoan! Mohon maaf atas ketidaknyamanannya. Kami mengerti atas pengalaman kurang baik yang kamu alami. Untuk membantu kamu lebih lanjut, mohon menghubungi Tanya Jago di 1500746 / 021-30000746 atau email ke tanya@jago.com untuk kami cek lebih lanjut terkait kendala tersebut. Kami tunggu laporan dari kamu ya.",2025-10-31 20:06:32,8.76.0
96e6a304-69ae-4dc3-9b34-5af6d2b56f4e,Pengguna Google,https://play-lh.googleusercontent.com/EGemoI2NTXmTsBVtJqk8jxF9rh8ApRWfsIMQSt2uE4OcpQqbFu7f7NbTK05lx80nuSijCz7sc3a277R67g,Good platform,5,0,8.76.0,2025-10-31 18:52:11+00:00,,,8.76.0
4aebbfdd-fa3e-4d4b-83d9-fab5269c7242,Pengguna Google,https://play-lh.googleusercontent.com/EGemoI2NTXmTsBVtJqk8jxF9rh8ApRWfsIMQSt2uE4OcpQqbFu7f7NbTK05lx80nuSijCz7sc3a277R67g,"baru sehari buat udah ke blokir ga jelas ke blokir gara gara apa, sampe sekarang blom bisa di buka blokirnya padahal udah lapor ke customer service",1,0,8.76.0,2025-10-31 18:30:57+00:00,"Halo, Jagoan! Kami mohon maaf sekali ya atas kendala yang kamu alami. Apakah kamu berkenan menginformasikan detail kendala tersebut supaya bisa kami bantu cek lebih lanjut? Mohon untuk menghubungi kami melalui Tanya Jago di 1500 746/+62 21 3000 0746, atau melalui email ke tanya@jago.com. Kami tunggu laporannya ya.",2025-10-31 19:07:10,8.76.0
8864d6f0-a337-489c-978d-fba72b06d090,Pengguna Google,https://play-lh.googleusercontent.com/EGemoI2NTXmTsBVtJqk8jxF9rh8ApRWfsIMQSt2uE4OcpQqbFu7f7NbTK05lx80nuSijCz7sc3a277R67g,Semoga Bermanfaat Bank Jago nya,5,0,8.76.0,2025-10-31 17:36:34+00:00,,,8.76.0
cbe6e2d6-09c5-4a0b-854c-848f384428eb,Pengguna Google,https://play-lh.googleusercontent.com/EGemoI2NTXmTsBVtJqk8jxF9rh8ApRWfsIMQSt2uE4OcpQqbFu7f7NbTK05lx80nuSijCz7sc3a277R67g,gak bisa minjam,1,0,,2025-10-31 17:24:47+00:00,"Halo, Jagoan! Kami mohon maaf sekali ya atas kendala yang kamu alami. Apakah kamu berkenan menginformasikan detail kendala tersebut supaya bisa kami bantu cek lebih lanjut? Mohon untuk menghubungi kami melalui Tanya Jago di 1500 746/+62 21 3000 0746, atau melalui email ke tanya@jago.com. Kami tunggu laporannya ya.",2025-10-31 17:46:52,
1063dc2e-6e7b-4c67-a261-687ac5a3b7a6,Pengguna Google,https://play-lh.googleusercontent.com/EGemoI2NTXmTsBVtJqk8jxF9rh8ApRWfsIMQSt2uE4OcpQqbFu7f7NbTK05lx80nuSijCz7sc3a277R67g,bank jago ribet waktu daftar selalu salah nama dengan nama ktp admin yang jawab pertanyaan kurang naggepin nggak rekom banget langsung saya uninstal gajelas aplikasinya,1,0,,2025-10-31 17:12:57+00:00,"Halo, Jagoan! Mohon maaf atas ketidaknyamanan. Kami akan terus memperbaiki dan meningkatkan layanan perbankan kami. Mohon kesediaannya untuk menginformasikan secara detail kendala yang dialami dengan menghubungi kami melalui Tanya Jago di 1500 746/+62 21 3000 0746, atau email ke tanya@jago.com. Kami tunggu ya.",2025-10-31 17:47:03,
488de3dc-649e-4437-9b9a-8dd7d120783b,Pengguna Google,https://play-lh.googleusercontent.com/EGemoI2NTXmTsBVtJqk8jxF9rh8ApRWfsIMQSt2uE4OcpQqbFu7f7NbTK05lx80nuSijCz7sc3a277R67g,bagussss,5,0,8.75.0,2025-10-31 16:56:32+00:00,,,8.75.0
a0d84ef0-99fc-4860-af0e-b0c080ed057e,Pengguna Google,https://play-lh.googleusercontent.com/EGemoI2NTXmTsBVtJqk8jxF9rh8ApRWfsIMQSt2uE4OcpQqbFu7f7NbTK05lx80nuSijCz7sc3a277R67g,sangat bermangfaat,5,0,8.76.0,2025-10-31 16:31:22+00:00,,,8.76.0
30e6022d-0ad9-41ad-abd8-73e56d6f7a29,Pengguna Google,https://play-lh.googleusercontent.com/EGemoI2NTXmTsBVtJqk8jxF9rh8ApRWfsIMQSt2uE4OcpQqbFu7f7NbTK05lx80nuSijCz7sc3a277R67g,mantap sjka pake jago banyak cashbacknya,5,0,8.75.0,2025-10-31 16:10:09+00:00,,,8.75.0
790e0564-2afa-4b8c-90a9-9027a7e0fecc,Pengguna Google,https://play-lh.googleusercontent.com/EGemoI2NTXmTsBVtJqk8jxF9rh8ApRWfsIMQSt2uE4OcpQqbFu7f7NbTK05lx80nuSijCz7sc3a277R67g,Sangat Bagus,5,0,8.75.0,2025-10-31 16:02:42+00:00,,,8.75.0
275c11b5-2bd4-4006-90a5-b6719eb71908,Pengguna Google,https://play-lh.googleusercontent.com/EGemoI2NTXmTsBVtJqk8jxF9rh8ApRWfsIMQSt2uE4OcpQqbFu7f7NbTK05lx80nuSijCz7sc3a277R67g,aneh pdahl pnya akun dr gopay pas mau login mlh g terdaftar kocak,1,0,,2025-10-31 15:49:37+00:00,"Halo, Jagoan! Kami mohon maaf sekali ya atas kendala yang kamu alami. Apakah kamu berkenan menginformasikan detail kendala tersebut supaya bisa kami bantu cek lebih lanjut? Mohon untuk menghubungi kami melalui Tanya Jago di 1500 746/+62 21 3000 0746, atau melalui email ke tanya@jago.com. Kami tunggu laporannya ya.",2025-10-31 16:10:41,
40c5984c-7375-4942-b9ed-787f26ee5099,Pengguna Google,https://play-lh.googleusercontent.com/EGemoI2NTXmTsBVtJqk8jxF9rh8ApRWfsIMQSt2uE4OcpQqbFu7f7NbTK05lx80nuSijCz7sc3a277R67g,"Gak bisa ganti Nomor , Ganti Email , dipersulit semua , payahh",1,0,,2025-10-31 15:47:46+00:00,"Hai, Jagoan! Mohon maaf untuk ketidaknyamanan terkait kendala yang kamu alami. Hal ini akan menjadi perhatian dan masukan agar Bank Jago lebih baik ke depannya. Silakan hubungi Tanya Jago di 1500746/+62 21 3000 0746, atau menghubungi melalui email ke tanya@jago.com. Dengan senang hati kami akan membantu menyelesaikan masalah dan kendala kamu. :)",2025-10-31 16:10:33,
4a1188db-f181-4f03-bb83-25fa5281e7ea,Pengguna Google,https://play-lh.googleusercontent.com/EGemoI2NTXmTsBVtJqk8jxF9rh8ApRWfsIMQSt2uE4OcpQqbFu7f7NbTK05lx80nuSijCz7sc3a277R67g,terbaik,5,0,8.76.0,2025-10-31 15:40:25+00:00,,,8.76.0
a9baf3b9-e822-4846-aa44-5626b0252073,Pengguna Google,https://play-lh.googleusercontent.com/EGemoI2NTXmTsBVtJqk8jxF9rh8ApRWfsIMQSt2uE4OcpQqbFu7f7NbTK05lx80nuSijCz7sc3a277R67g,halaaahhhh bank apa coba ini akunku di blokir padahal saldonya setengah jt an gk bisa di balikin lagi udh sering bolak balik ngirim pesan lewat email sama agent nya langsung malah responnya gk jelas banget udh mah lama lagi huuuhhh,1,5,8.76.0,2025-10-31 15:29:30+00:00,"Halo, Jagoan! Mohon maaf atas kendala yang kamu alami ya. Saya mengerti situasi sulit ini mengganggu kamu. Mohon kesediaannya mengirimkan email ke tanya@jago.com dengan melampirkan bukti foto/tangkapan layar kendala kamu. Agar dapat segera kami bantu.",2025-10-31 15:32:44,8.76.0
49feaa2c-156d-4414-b618-83e645481802,Pengguna Google,https://play-lh.googleusercontent.com/EGemoI2NTXmTsBVtJqk8jxF9rh8ApRWfsIMQSt2uE4OcpQqbFu7f7NbTK05lx80nuSijCz7sc3a277R67g,tolong dong respons komplain nya di tanggapi...akun gak bisa masuk udah bbrga hari udah laporan masih di suruh nunggu aja..,1,0,8.75.0,2025-10-31 14:47:50+00:00,"Halo, Jagoan! Mohon maaf atas ketidaknyamanannya. Kami mengerti atas pengalaman kurang baik yang kamu alami. Untuk membantu kamu lebih lanjut, mohon menghubungi Tanya Jago di 1500746 / 021-30000746 atau email ke tanya@jago.com untuk kami cek lebih lanjut terkait kendala tersebut. Kami tunggu laporan dari kamu ya.",2025-10-31 15:05:10,8.75.0
16431305-cfaa-4789-8865-fd89be9f0dfd,Pengguna Google,https://play-lh.googleusercontent.com/EGemoI2NTXmTsBVtJqk8jxF9rh8ApRWfsIMQSt2uE4OcpQqbFu7f7NbTK05lx80nuSijCz7sc3a277R67g,ok,4,0,8.74.0,2025-10-31 14:42:19+00:00,"Halo, Jagoan! Terima kasih telah memilih Bank Jago dan selamat menjelajahi fitur-fiturnya ya. Yuk ikuti terus social media kami untuk tahu informasi promo dan update terbaru dari kami. Jika ada hal lain yang ingin ditanyakan, jangan ragu-ragu untuk menghubungi Tanya Jago di nomor 1500746 / 021-30000746 atau e-mail ke tanya@jago.com",2025-10-31 15:04:33,8.74.0
337d9c79-b3e5-491f-bc4c-935e3942abab,Pengguna Google,https://play-lh.googleusercontent.com/EGemoI2NTXmTsBVtJqk8jxF9rh8ApRWfsIMQSt2uE4OcpQqbFu7f7NbTK05lx80nuSijCz7sc3a277R67g,"apk apasih ini udah login 1 hari lalu kok pas mau login gabisa, koneksi terputus mulu padahal sinyal kenceng",1,0,8.76.0,2025-10-31 14:29:36+00:00,"Halo, Jagoan! Mohon maaf atas ketidaknyamanannya. Kami mengerti atas pengalaman kurang baik yang kamu alami. Untuk membantu kamu lebih lanjut, mohon menghubungi Tanya Jago di 1500746 / 021-30000746 atau email ke tanya@jago.com untuk kami cek lebih lanjut terkait kendala tersebut. Kami tunggu laporan dari kamu ya.",2025-10-31 14:30:45,8.76.0
015ccc1e-eda8-4bf3-80c4-589506271b44,Pengguna Google,https://play-lh.googleusercontent.com/EGemoI2NTXmTsBVtJqk8jxF9rh8ApRWfsIMQSt2uE4OcpQqbFu7f7NbTK05lx80nuSijCz7sc3a277R67g,guuuddd banget,5,0,8.76.0,2025-10-31 14:22:15+00:00,,,8.76.0
56dcc268-de90-4c66-824c-19d5f114b301,Pengguna Google,https://play-lh.googleusercontent.com/EGemoI2NTXmTsBVtJqk8jxF9rh8ApRWfsIMQSt2uE4OcpQqbFu7f7NbTK05lx80nuSijCz7sc3a277R67g,Jagan percaya sama apk ini disini tidak ada pinjaman,1,0,,2025-10-31 13:54:36+00:00,"Halo, Jagoan! Mohon maaf apabila terdapat fitur atau layanan Jago yang belum sesuai harapan kamu. Kamu bisa menghubungi Tanya Jago di nomor 1500746 / 021-30000746 atau e-mail ke tanya@jago.com untuk kami bantu cek kendalanya lebih lanjut ya. Agent kami dengan senang hati membantu kamu.",2025-10-31 14:30:29,
01015d05-8404-4fc5-bbf7-48292acc46fa,Pengguna Google,https://play-lh.googleusercontent.com/EGemoI2NTXmTsBVtJqk8jxF9rh8ApRWfsIMQSt2uE4OcpQqbFu7f7NbTK05lx80nuSijCz7sc3a277R67g,dengan jago saya sangat terbantu terimakasih semoga selalu jaya,5,0,,2025-10-31 13:03:51+00:00,,,
8a1a4ce6-d947-48c4-9c7b-1823a281eba1,Pengguna Google,https://play-lh.googleusercontent.com/EGemoI2NTXmTsBVtJqk8jxF9rh8ApRWfsIMQSt2uE4OcpQqbFu7f7NbTK05lx80nuSijCz7sc3a277R67g,sejauh ini nyaman pakenya ga ada masalah dll,5,0,,2025-10-31 12:50:19+00:00,,,
9ea6c555-ba7b-4b6c-8094-e82ac2e4e90f,Pengguna Google,https://play-lh.googleusercontent.com/EGemoI2NTXmTsBVtJqk8jxF9rh8ApRWfsIMQSt2uE4OcpQqbFu7f7NbTK05lx80nuSijCz7sc3a277R67g,mantap sekali,5,0,8.76.0,2025-10-31 12:40:29+00:00,,,8.76.0
7173a99f-e2df-4df9-9a87-dddb7111f71d,Pengguna Google,https://play-lh.googleusercontent.com/EGemoI2NTXmTsBVtJqk8jxF9rh8ApRWfsIMQSt2uE4OcpQqbFu7f7NbTK05lx80nuSijCz7sc3a277R67g,mantap,5,0,8.76.0,2025-10-31 12:23:44+00:00,,,8.76.0
d5a132a3-1af6-41df-ad42-07d4db7490a7,Pengguna Google,https://play-lh.googleusercontent.com/EGemoI2NTXmTsBVtJqk8jxF9rh8ApRWfsIMQSt2uE4OcpQqbFu7f7NbTK05lx80nuSijCz7sc3a277R67g,My trusted Online Banking recently ..,5,0,8.75.0,2025-10-31 10:43:24+00:00,,,8.75.0
90d4037d-8b28-4bea-85f4-876e34ed21c1,Pengguna Google,https://play-lh.googleusercontent.com/EGemoI2NTXmTsBVtJqk8jxF9rh8ApRWfsIMQSt2uE4OcpQqbFu7f7NbTK05lx80nuSijCz7sc3a277R67g,Terimakasih bank jago aplikasi sangat membantu simpel dan cepat proses transaksi sangat mudah. Terimakasih juga hadiahnya,5,2,8.76.0,2025-10-31 10:40:05+00:00,,,8.76.0
2a4d549d-ecad-45f2-8ef1-afc214f70692,Pengguna Google,https://play-lh.googleusercontent.com/EGemoI2NTXmTsBVtJqk8jxF9rh8ApRWfsIMQSt2uE4OcpQqbFu7f7NbTK05lx80nuSijCz7sc3a277R67g,"saya ada transfer masuk dari bank lain, kok saldo di bank jago saya tidak berubah ya?",2,0,8.76.0,2025-10-31 10:15:26+00:00,"Halo, Jagoan! Mohon maaf atas kendala yang kamu alami ya. Saya mengerti situasi sulit ini mengganggu kamu. Mohon kesediaannya mengirimkan email ke tanya@jago.com dengan melampirkan bukti foto/tangkapan layar kendala kamu. Agar dapat segera kami bantu.",2025-10-31 10:34:33,8.76.0
ddf415f7-4703-494a-8cc8-927d8f3035a5,Pengguna Google,https://play-lh.googleusercontent.com/EGemoI2NTXmTsBVtJqk8jxF9rh8ApRWfsIMQSt2uE4OcpQqbFu7f7NbTK05lx80nuSijCz7sc3a277R67g,mantul bangetlah,5,0,8.75.0,2025-10-31 10:11:10+00:00,,,8.75.0
45379c36-78dd-4f5b-8117-60f9c36d7496,Pengguna Google,https://play-lh.googleusercontent.com/EGemoI2NTXmTsBVtJqk8jxF9rh8ApRWfsIMQSt2uE4OcpQqbFu7f7NbTK05lx80nuSijCz7sc3a277R67g,ini kemana tim terkaitnya kok minta ganti nomer terdaftar sampe 2'minggu ga selesai...,1,0,,2025-10-31 10:06:12+00:00,"Halo, Jagoan! Mohon maaf apabila terdapat fitur atau layanan Jago yang belum sesuai harapan kamu. Kamu bisa menghubungi Tanya Jago di nomor 1500746 / 021-30000746 atau e-mail ke tanya@jago.com untuk kami bantu cek kendalanya lebih lanjut ya. Agent kami dengan senang hati membantu kamu.",2025-10-31 10:40:21,
52334edf-c05b-49f3-903c-3b6b5e9c6509,Pengguna Google,https://play-lh.googleusercontent.com/EGemoI2NTXmTsBVtJqk8jxF9rh8ApRWfsIMQSt2uE4OcpQqbFu7f7NbTK05lx80nuSijCz7sc3a277R67g,Sangat bagus mudah untuk di gunakan dan barmanfaat,5,0,,2025-10-31 10:00:20+00:00,,,
2c2400c4-e25e-4a47-b729-93b16c35b216,Pengguna Google,https://play-lh.googleusercontent.com/EGemoI2NTXmTsBVtJqk8jxF9rh8ApRWfsIMQSt2uE4OcpQqbFu7f7NbTK05lx80nuSijCz7sc3a277R67g,sangat mundah di pelajari,5,0,8.76.0,2025-10-31 09:11:28+00:00,,,8.76.0
d8f5af76-6410-4754-9d84-9d799e11fd4e,Pengguna Google,https://play-lh.googleusercontent.com/EGemoI2NTXmTsBVtJqk8jxF9rh8ApRWfsIMQSt2uE4OcpQqbFu7f7NbTK05lx80nuSijCz7sc3a277R67g,"Bank jago adaah bank digital paling ribet di indonesia, keamanan oke tapi tidka praktis. sering kendali tak bisa login, lalu password salah, dan lain2 dan terblok sendiri. blokirnya pun ga bisa riset. Beda sama sea bank yang lebih easy friendly dan tidak ribet",1,55,8.75.0,2025-10-31 08:47:22+00:00,"Halo, Jagoan! Mohon maaf apabila terdapat fitur atau layanan Jago yang belum sesuai harapan kamu. Kamu bisa menghubungi Tanya Jago di nomor 1500746 / 021-30000746 atau e-mail ke tanya@jago.com untuk kami bantu cek kendalanya lebih lanjut ya. Agent kami dengan senang hati membantu kamu.",2025-10-31 09:07:00,8.75.0
3e4a6250-4430-4eb6-b8c6-481bbc4963cc,Pengguna Google,https://play-lh.googleusercontent.com/EGemoI2NTXmTsBVtJqk8jxF9rh8ApRWfsIMQSt2uE4OcpQqbFu7f7NbTK05lx80nuSijCz7sc3a277R67g,the best,5,0,8.75.0,2025-10-31 07:51:35+00:00,,,8.75.0
cbce800e-88fe-4813-8e14-2cf86dfe5fae,Pengguna Google,https://play-lh.googleusercontent.com/EGemoI2NTXmTsBVtJqk8jxF9rh8ApRWfsIMQSt2uE4OcpQqbFu7f7NbTK05lx80nuSijCz7sc3a277R67g,sistem nya buruk sekali tidak bisa login sudah lapor tetap saya tidak bisa katanya sudah di banti follow up tapi sampai 1 bulan tetap tidak bisa ini namanya pencurian uang dengan cara menipu jangan download bank jago buruk sekali sistem nya setiap lapor jawaban nya kaya bot,1,0,,2025-10-31 07:09:01+00:00,"Halo, Jagoan. Mohon maaf atas kendala yang terjadi ya. Kamu tidak perlu khawatir, kamu bisa menjelaskan detail kendala tersebut melalui email di tanya@jago.com atau call center 1500 746 untuk kami bantu tangani lebih lanjut. Terima kasih :)",2025-10-31 07:32:02,
b2bc514c-f91b-43d4-8dac-50935d63542f,Pengguna Google,https://play-lh.googleusercontent.com/EGemoI2NTXmTsBVtJqk8jxF9rh8ApRWfsIMQSt2uE4OcpQqbFu7f7NbTK05lx80nuSijCz7sc3a277R67g,"assalamualaikum..... ibu, bapak.....tolong di perbaiki sistemnya aplikasi.....saya sudah berapa kali ksih masuk pasword tapi tetap salah trus sudah di ikuti ganti pasword tetap jga salah.....mana di dalam ada uangnya lagi....saya sangat butuh uang itu.....tolong lah pak jangan jadi perampok dgital",1,1,8.73.0,2025-10-31 05:15:31+00:00,"Halo, Jagoan. Mohon maaf atas kendala yang terjadi ya. Kamu tidak perlu khawatir, kamu bisa menjelaskan detail kendala tersebut melalui email di tanya@jago.com atau call center 1500 746 untuk kami bantu tangani lebih lanjut. Terima kasih :)",2025-10-31 05:31:58,8.73.0
83d02f79-fac1-4094-a8be-9b9c265772fe,Pengguna Google,https://play-lh.googleusercontent.com/EGemoI2NTXmTsBVtJqk8jxF9rh8ApRWfsIMQSt2uE4OcpQqbFu7f7NbTK05lx80nuSijCz7sc3a277R67g,"sangat sangat puas dan saya sangat cocok, mudah praktis, gak ribett kalau ada keluhan",5,0,8.75.0,2025-10-31 04:01:02+00:00,,,8.75.0
7d94d81a-c2d7-4b76-b853-9d9b6b5a44e6,Pengguna Google,https://play-lh.googleusercontent.com/EGemoI2NTXmTsBVtJqk8jxF9rh8ApRWfsIMQSt2uE4OcpQqbFu7f7NbTK05lx80nuSijCz7sc3a277R67g,mudah²an bagus seterusnya,5,0,,2025-10-31 03:20:02+00:00,,,
5dfec859-c516-4513-acbc-837d1f3564ca,Pengguna Google,https://play-lh.googleusercontent.com/EGemoI2NTXmTsBVtJqk8jxF9rh8ApRWfsIMQSt2uE4OcpQqbFu7f7NbTK05lx80nuSijCz7sc3a277R67g,sangat baik,5,0,8.75.0,2025-10-31 03:16:05+00:00,,,8.75.0
f209c611-cb7f-4653-b7a6-b1a27f333305,Pengguna Google,https://play-lh.googleusercontent.com/EGemoI2NTXmTsBVtJqk8jxF9rh8ApRWfsIMQSt2uE4OcpQqbFu7f7NbTK05lx80nuSijCz7sc3a277R67g,istimewa,5,0,,2025-10-31 01:19:18+00:00,,,
54297b53-5ce7-4e9b-a11a-7d021252660d,Pengguna Google,https://play-lh.googleusercontent.com/EGemoI2NTXmTsBVtJqk8jxF9rh8ApRWfsIMQSt2uE4OcpQqbFu7f7NbTK05lx80nuSijCz7sc3a277R67g,mantap transaksi cepat aman. dan banyak hadiah,5,0,8.76.0,2025-10-31 00:56:33+00:00,,,8.76.0
12fb8b57-c233-4758-8f4d-bf680ee76835,Pengguna Google,https://play-lh.googleusercontent.com/EGemoI2NTXmTsBVtJqk8jxF9rh8ApRWfsIMQSt2uE4OcpQqbFu7f7NbTK05lx80nuSijCz7sc3a277R67g,saya tidak bisa login ke akun saya terus saya coba buat ulang katanya nik saya sudah terhubung dengan akun lain. benar2 ga rekomended,1,0,,2025-10-31 00:39:27+00:00,"Halo, Jagoan. Mohon maaf atas kendala yang terjadi ya. Kamu tidak perlu khawatir, kamu bisa menjelaskan detail kendala tersebut melalui email di tanya@jago.com atau call center 1500 746 untuk kami bantu tangani lebih lanjut. Terima kasih :)",2025-10-31 01:30:56,
e3326788-ff73-4f38-bbc1-9a2dbafe80ff,Pengguna Google,https://play-lh.googleusercontent.com/EGemoI2NTXmTsBVtJqk8jxF9rh8ApRWfsIMQSt2uE4OcpQqbFu7f7NbTK05lx80nuSijCz7sc3a277R67g,bank daily bagus banget trimakasih,5,0,8.75.0,2025-10-31 00:20:37+00:00,,,8.75.0
500eb03d-ef58-474b-9b41-f57ffb848488,Pengguna Google,https://play-lh.googleusercontent.com/EGemoI2NTXmTsBVtJqk8jxF9rh8ApRWfsIMQSt2uE4OcpQqbFu7f7NbTK05lx80nuSijCz7sc3a277R67g,aplikasi paling ribet nama saya bisa ga sesuai KTP kan aneh tau tau ga bisa login sudah hubungi pihak terkait ga ada kejelasan mau nabung aja di persulit,1,0,,2025-10-30 23:58:32+00:00,"Halo, Jagoan. Mohon maaf atas kendala yang terjadi ya. Kamu tidak perlu khawatir, kamu bisa menjelaskan detail kendala tersebut melalui email di tanya@jago.com atau call center 1500 746 untuk kami bantu tangani lebih lanjut. Terima kasih :)",2025-10-31 00:55:50,
dd5434c8-f416-447b-863c-0fc4a75a9049,Pengguna Google,https://play-lh.googleusercontent.com/EGemoI2NTXmTsBVtJqk8jxF9rh8ApRWfsIMQSt2uE4OcpQqbFu7f7NbTK05lx80nuSijCz7sc3a277R67g,kok nggak bisa masuk di akun bank jago kami sich,1,0,,2025-10-30 23:28:41+00:00,"Halo, Jagoan. Mohon maaf atas kendala yang terjadi ya. Kamu tidak perlu khawatir, kamu bisa menjelaskan detail kendala tersebut melalui email di tanya@jago.com atau call center 1500 746 untuk kami bantu tangani lebih lanjut. Terima kasih :)",2025-10-31 00:55:54,
13dda19a-3e49-4530-a20d-ae30b184b8c7,Pengguna Google,https://play-lh.googleusercontent.com/EGemoI2NTXmTsBVtJqk8jxF9rh8ApRWfsIMQSt2uE4OcpQqbFu7f7NbTK05lx80nuSijCz7sc3a277R67g,dapet saldo 10k mayan euy,5,0,8.75.0,2025-10-30 23:21:43+00:00,,,8.75.0
d2021b8d-d2ff-4ef9-984d-31912f72180b,Pengguna Google,https://play-lh.googleusercontent.com/EGemoI2NTXmTsBVtJqk8jxF9rh8ApRWfsIMQSt2uE4OcpQqbFu7f7NbTK05lx80nuSijCz7sc3a277R67g,sangat bagus dan luar biasa 😁😁,5,0,8.74.0,2025-10-30 21:40:33+00:00,,,8.74.0
bd8543fb-3578-45b2-83b1-d0961486e772,Pengguna Google,https://play-lh.googleusercontent.com/EGemoI2NTXmTsBVtJqk8jxF9rh8ApRWfsIMQSt2uE4OcpQqbFu7f7NbTK05lx80nuSijCz7sc3a277R67g,aplikasi yg sangat mudah di gunakan. cocok untuk semua kalangan,5,0,8.75.0,2025-10-30 21:36:48+00:00,,,8.75.0
a0d31082-e523-47a5-a598-721360cba790,Pengguna Google,https://play-lh.googleusercontent.com/EGemoI2NTXmTsBVtJqk8jxF9rh8ApRWfsIMQSt2uE4OcpQqbFu7f7NbTK05lx80nuSijCz7sc3a277R67g,cara mengecek kode promo atau kode referral nya gimanaa,5,0,8.76.0,2025-10-30 21:14:49+00:00,,,8.76.0
6c111988-bffe-4c16-92e9-6fae393290c4,Pengguna Google,https://play-lh.googleusercontent.com/EGemoI2NTXmTsBVtJqk8jxF9rh8ApRWfsIMQSt2uE4OcpQqbFu7f7NbTK05lx80nuSijCz7sc3a277R67g,aman dan cepat prosesnya🙏,4,0,8.76.0,2025-10-30 20:17:30+00:00,"Halo, Jagoan! Terima kasih atas ulasannya. Kami sangat senang jika kamu puas dengan pelayanan dari Bank Jago. Jika kamu memiliki pertanyaan lainnya, kamu bisa langsung hubungi Tanya Jago di nomor 1500746 / 021-30000746 atau e-mail ke tanya@jago.com ya.",2025-10-30 21:02:36,8.76.0
c022058e-8fae-4af0-8524-7751ef82f975,Pengguna Google,https://play-lh.googleusercontent.com/EGemoI2NTXmTsBVtJqk8jxF9rh8ApRWfsIMQSt2uE4OcpQqbFu7f7NbTK05lx80nuSijCz7sc3a277R67g,pengalaman menabung jadi menyenangkan karena bisa setting untuk pengeluaran dan nabung,5,0,8.72.0,2025-10-30 19:45:45+00:00,,,8.72.0
89998e38-e804-442c-8625-949284b78b18,Pengguna Google,https://play-lh.googleusercontent.com/EGemoI2NTXmTsBVtJqk8jxF9rh8ApRWfsIMQSt2uE4OcpQqbFu7f7NbTK05lx80nuSijCz7sc3a277R67g,saya kasih bintang 5 biar pengajuan saya di setujui,5,0,,2025-10-30 19:00:40+00:00,,,
847a95eb-4aeb-41f3-b112-f8c46bdf93b1,Pengguna Google,https://play-lh.googleusercontent.com/EGemoI2NTXmTsBVtJqk8jxF9rh8ApRWfsIMQSt2uE4OcpQqbFu7f7NbTK05lx80nuSijCz7sc3a277R67g,gabisa registrasi ditanya cs wa dan email jawab kaya bot solusi template itu itu aja gadak penyelesaian masalah,1,0,8.76.0,2025-10-30 18:00:07+00:00,"Halo, Jagoan! Mohon maaf apabila terdapat fitur atau layanan Jago yang belum sesuai harapan kamu. Kamu bisa menghubungi Tanya Jago di nomor 1500746 / 021-30000746 atau e-mail ke tanya@jago.com untuk kami bantu cek kendalanya lebih lanjut ya. Agent kami dengan senang hati membantu kamu.",2025-10-30 19:12:09,8.76.0
26f5adf5-1bdf-4232-8267-059a73c7e5ec,Pengguna Google,https://play-lh.googleusercontent.com/EGemoI2NTXmTsBVtJqk8jxF9rh8ApRWfsIMQSt2uE4OcpQqbFu7f7NbTK05lx80nuSijCz7sc3a277R67g,mantap,5,0,8.76.0,2025-10-30 17:59:48+00:00,,,8.76.0
d6f65243-3331-49dd-a09c-0457563b77f0,Pengguna Google,https://play-lh.googleusercontent.com/EGemoI2NTXmTsBVtJqk8jxF9rh8ApRWfsIMQSt2uE4OcpQqbFu7f7NbTK05lx80nuSijCz7sc3a277R67g,Maaf saya kasi bintang 1 supaya email saya di respon adminnya slow respon sekali,1,0,8.76.0,2025-10-30 17:54:31+00:00,"Halo, Jagoan! Mohon maaf apabila terdapat fitur atau layanan Jago yang belum sesuai harapan kamu. Kamu bisa menghubungi Tanya Jago di nomor 1500746 / 021-30000746 atau e-mail ke tanya@jago.com untuk kami bantu cek kendalanya lebih lanjut ya. Agent kami dengan senang hati membantu kamu.",2025-10-30 18:29:29,8.76.0
6ce55c73-b7c6-43fe-932c-e5629fc91fc5,Pengguna Google,https://play-lh.googleusercontent.com/EGemoI2NTXmTsBVtJqk8jxF9rh8ApRWfsIMQSt2uE4OcpQqbFu7f7NbTK05lx80nuSijCz7sc3a277R67g,keren,5,0,8.75.0,2025-10-30 15:54:32+00:00,,,8.75.0
7ecc67e1-36cb-4a85-9bbd-21306f48cb15,Pengguna Google,https://play-lh.googleusercontent.com/EGemoI2NTXmTsBVtJqk8jxF9rh8ApRWfsIMQSt2uE4OcpQqbFu7f7NbTK05lx80nuSijCz7sc3a277R67g,sebelumnya hp pakai lama pakai android 11 lancar jaya ganti hp baru pakai android 15 loading lama dan sering eksekusi gagal. padahal internet pakai jaringan yg sama. tolong dibenahi. thx.,1,0,8.76.0,2025-10-30 15:26:20+00:00,"Halo, Jagoan! Mohon maaf atas ketidaknyamanannya. Kami mengerti atas pengalaman kurang baik yang kamu alami. Untuk membantu kamu lebih lanjut, mohon menghubungi Tanya Jago di 1500746 / 021-30000746 atau email ke tanya@jago.com untuk kami cek lebih lanjut terkait kendala tersebut. Kami tunggu laporan dari kamu ya.",2025-10-30 15:46:11,8.76.0
a1ab16df-db78-4f27-9394-0fe910bb9ae9,Pengguna Google,https://play-lh.googleusercontent.com/EGemoI2NTXmTsBVtJqk8jxF9rh8ApRWfsIMQSt2uE4OcpQqbFu7f7NbTK05lx80nuSijCz7sc3a277R67g,saya tidak jadi membuat akun di bank jago data ektp saya yang sudah masuk mohon tetap privat dan jangan di salah gunakan saya juga minta untuk tutup akun permanent,5,0,,2025-10-30 14:38:02+00:00,,,
fbe690c7-fce7-4af4-98ea-f8788fe6ec36,Pengguna Google,https://play-lh.googleusercontent.com/EGemoI2NTXmTsBVtJqk8jxF9rh8ApRWfsIMQSt2uE4OcpQqbFu7f7NbTK05lx80nuSijCz7sc3a277R67g,sangat terbantu karena bisa memisahkan bunga dari uang pribadi,5,0,,2025-10-30 14:08:35+00:00,,,
4e51b587-8f68-44df-89ab-861c51646188,Pengguna Google,https://play-lh.googleusercontent.com/EGemoI2NTXmTsBVtJqk8jxF9rh8ApRWfsIMQSt2uE4OcpQqbFu7f7NbTK05lx80nuSijCz7sc3a277R67g,sangat bagus membantu transaksi antar bank free semoga sukses,5,0,8.75.0,2025-10-30 12:51:23+00:00,,,8.75.0
73519ebb-a110-4440-b78a-670ffc971da0,Pengguna Google,https://play-lh.googleusercontent.com/EGemoI2NTXmTsBVtJqk8jxF9rh8ApRWfsIMQSt2uE4OcpQqbFu7f7NbTK05lx80nuSijCz7sc3a277R67g,salah satu fitur yang sangat sangat membantu adaa di dompet. kita jugaa bisa bayar qris bisa dari kantong yang udah kita bagi,5,0,8.76.0,2025-10-30 12:27:15+00:00,,,8.76.0
6c420a2a-d5e4-41b9-a255-ddfc4e2d663e,Pengguna Google,https://play-lh.googleusercontent.com/EGemoI2NTXmTsBVtJqk8jxF9rh8ApRWfsIMQSt2uE4OcpQqbFu7f7NbTK05lx80nuSijCz7sc3a277R67g,Tolong ditambah lagi kuota tarik tunai di ATM bank lain.,1,5,8.75.0,2025-10-30 12:00:57+00:00,"Halo, Jagoan! Mohon maaf atas ketidaknyamanan yang Kakak alami. Supaya bisa membantu lebih lanjut, Kakak bisa menginformasikan detail keluhannya melalui email tanya@jago.com ya. Tim terkait kami dengan senang hati akan membantu Kakak menyelesaikan permasalahannya.",2025-10-30 14:08:47,8.75.0
997123c4-bbc8-4730-948f-30f284106265,Pengguna Google,https://play-lh.googleusercontent.com/EGemoI2NTXmTsBVtJqk8jxF9rh8ApRWfsIMQSt2uE4OcpQqbFu7f7NbTK05lx80nuSijCz7sc3a277R67g,"Susah banget masuk nya, koneksi terputus mulut. Padahal jaringan normal. Mana pas berhasil masuk loading nya lama tampilan menunya.. Uninstall done",1,0,,2025-10-30 11:30:40+00:00,"Halo, Jagoan! Mohon maaf atas ketidaknyamanan yang Kakak alami. Supaya bisa membantu lebih lanjut, Kakak bisa menginformasikan detail keluhannya melalui email tanya@jago.com ya. Tim terkait kami dengan senang hati akan membantu Kakak menyelesaikan permasalahannya.",2025-10-30 14:08:44,
ed5b4417-6322-4018-b726-8c62e748b354,Pengguna Google,https://play-lh.googleusercontent.com/EGemoI2NTXmTsBVtJqk8jxF9rh8ApRWfsIMQSt2uE4OcpQqbFu7f7NbTK05lx80nuSijCz7sc3a277R67g,Dibutuhkan pembaharuan secepatnya.!,1,0,8.75.0,2025-10-30 09:01:08+00:00,"Halo, Jagoan. Mohon maaf atas kendala yang terjadi ya. Kamu tidak perlu khawatir, kamu bisa menjelaskan detail kendala tersebut melalui email di tanya@jago.com atau call center 1500 746 untuk kami bantu tangani lebih lanjut. Terima kasih :)",2025-10-30 09:30:20,8.75.0
59a11735-34ee-4cf2-8c9a-2fc51129924e,Pengguna Google,https://play-lh.googleusercontent.com/EGemoI2NTXmTsBVtJqk8jxF9rh8ApRWfsIMQSt2uE4OcpQqbFu7f7NbTK05lx80nuSijCz7sc3a277R67g,aplikasi keuangan yang sangat menyenangkan fiturnya lengkap dan sangat memudahkan untuk bertransaksi,5,0,8.76.0,2025-10-30 07:54:46+00:00,,,8.76.0
fb1d6a79-b548-4461-b4d8-dfdbd7e5e334,Pengguna Google,https://play-lh.googleusercontent.com/EGemoI2NTXmTsBVtJqk8jxF9rh8ApRWfsIMQSt2uE4OcpQqbFu7f7NbTK05lx80nuSijCz7sc3a277R67g,"fast and looks good, amazing",5,0,8.74.0,2025-10-30 07:11:12+00:00,,,8.74.0
34b209f0-465f-463c-bed5-5e0928db3d6a,Pengguna Google,https://play-lh.googleusercontent.com/EGemoI2NTXmTsBVtJqk8jxF9rh8ApRWfsIMQSt2uE4OcpQqbFu7f7NbTK05lx80nuSijCz7sc3a277R67g,mantap,5,0,8.75.0,2025-10-30 07:05:59+00:00,,,8.75.0
26f934c0-f19b-4c59-a115-141b45e47c1a,Pengguna Google,https://play-lh.googleusercontent.com/EGemoI2NTXmTsBVtJqk8jxF9rh8ApRWfsIMQSt2uE4OcpQqbFu7f7NbTK05lx80nuSijCz7sc3a277R67g,oke,5,0,,2025-10-30 03:58:05+00:00,,,
cecf1450-e4e5-4d5d-8cb3-b8f672d5e542,Pengguna Google,https://play-lh.googleusercontent.com/EGemoI2NTXmTsBVtJqk8jxF9rh8ApRWfsIMQSt2uE4OcpQqbFu7f7NbTK05lx80nuSijCz7sc3a277R67g,mantap,5,0,8.75.0,2025-10-30 03:10:16+00:00,,,8.75.0
b135143e-9599-43ec-a61f-884aa880283f,Pengguna Google,https://play-lh.googleusercontent.com/EGemoI2NTXmTsBVtJqk8jxF9rh8ApRWfsIMQSt2uE4OcpQqbFu7f7NbTK05lx80nuSijCz7sc3a277R67g,Free transfer terbatas,3,0,,2025-10-30 02:00:31+00:00,"Halo, Jagoan. Mohon maaf atas kendala yang terjadi ya. Kamu tidak perlu khawatir, kamu bisa menjelaskan detail kendala tersebut melalui email di tanya@jago.com atau call center 1500 746 untuk kami bantu tangani lebih lanjut. Terima kasih :)",2025-10-30 02:59:11,
ae9526aa-c85c-4e4a-94f3-3dc028980453,Pengguna Google,https://play-lh.googleusercontent.com/EGemoI2NTXmTsBVtJqk8jxF9rh8ApRWfsIMQSt2uE4OcpQqbFu7f7NbTK05lx80nuSijCz7sc3a277R67g,lumayan membantu,5,0,8.74.0,2025-10-30 00:35:42+00:00,,,8.74.0
4852c343-a9ae-49fa-b7ca-d974fb150367,Pengguna Google,https://play-lh.googleusercontent.com/EGemoI2NTXmTsBVtJqk8jxF9rh8ApRWfsIMQSt2uE4OcpQqbFu7f7NbTK05lx80nuSijCz7sc3a277R67g,bagus sangat berguna,5,0,8.75.0,2025-10-30 00:19:40+00:00,,,8.75.0
3bce3506-9588-4edb-bb55-d803330c3262,Pengguna Google,https://play-lh.googleusercontent.com/EGemoI2NTXmTsBVtJqk8jxF9rh8ApRWfsIMQSt2uE4OcpQqbFu7f7NbTK05lx80nuSijCz7sc3a277R67g,lumayan bagus,5,0,8.75.0,2025-10-29 23:40:36+00:00,,,8.75.0
c97ea976-09c5-40ce-925f-adb9c4b362a8,Pengguna Google,https://play-lh.googleusercontent.com/EGemoI2NTXmTsBVtJqk8jxF9rh8ApRWfsIMQSt2uE4OcpQqbFu7f7NbTK05lx80nuSijCz7sc3a277R67g,mantap,5,0,8.75.0,2025-10-29 23:27:34+00:00,,,8.75.0
b1564c7e-de44-48ae-8d95-22764da9a386,Pengguna Google,https://play-lh.googleusercontent.com/EGemoI2NTXmTsBVtJqk8jxF9rh8ApRWfsIMQSt2uE4OcpQqbFu7f7NbTK05lx80nuSijCz7sc3a277R67g,aktifkan pinjaman,5,0,8.75.0,2025-10-29 22:08:30+00:00,,,8.75.0
1516b793-d6cc-4d71-8460-c3ead8af6dcd,Pengguna Google,https://play-lh.googleusercontent.com/EGemoI2NTXmTsBVtJqk8jxF9rh8ApRWfsIMQSt2uE4OcpQqbFu7f7NbTK05lx80nuSijCz7sc3a277R67g,"eror udah masukin email dan password malah minta kode lagi padahal pertama udah masukin kode,di suruh login lagi GK jelas",1,0,,2025-10-29 21:06:21+00:00,"Halo, Jagoan. Mohon maaf atas kendala yang terjadi ya. Kamu tidak perlu khawatir, kamu bisa menjelaskan detail kendala tersebut melalui email di tanya@jago.com atau call center 1500 746 untuk kami bantu tangani lebih lanjut. Terima kasih :)
",2025-10-29 21:51:29,
7678448c-8bfe-48e4-b4f2-621e38bdf233,Pengguna Google,https://play-lh.googleusercontent.com/EGemoI2NTXmTsBVtJqk8jxF9rh8ApRWfsIMQSt2uE4OcpQqbFu7f7NbTK05lx80nuSijCz7sc3a277R67g,"salah pasword di blokir katanya 1 jam, lahh ini sudah 6 jam lewat sisa 6 menit lagi dst, apa apaan ?",5,0,8.75.0,2025-10-29 20:35:40+00:00,,,8.75.0
2a761bf2-cc03-49ae-a9e6-12b01c58329a,Pengguna Google,https://play-lh.googleusercontent.com/EGemoI2NTXmTsBVtJqk8jxF9rh8ApRWfsIMQSt2uE4OcpQqbFu7f7NbTK05lx80nuSijCz7sc3a277R67g,sangat direkomendasikan pakai bank digital syari'ah dari bank jago..,5,0,8.75.0,2025-10-29 17:37:08+00:00,,,8.75.0
a0cf6b32-0c1c-44bb-bf49-727b3be033fc,Pengguna Google,https://play-lh.googleusercontent.com/EGemoI2NTXmTsBVtJqk8jxF9rh8ApRWfsIMQSt2uE4OcpQqbFu7f7NbTK05lx80nuSijCz7sc3a277R67g,AQ sangat suka dgn bang jago,4,0,8.73.0,2025-10-29 17:22:42+00:00,"Halo, Jagoan. Mohon maaf atas kendala yang terjadi ya. Kamu tidak perlu khawatir, kamu bisa menjelaskan detail kendala tersebut melalui email di tanya@jago.com atau call center 1500 746 untuk kami bantu tangani lebih lanjut. Terima kasih :)
",2025-10-29 18:02:40,8.73.0
aadfd3ea-fe01-45d3-a66e-ea725e09f387,Pengguna Google,https://play-lh.googleusercontent.com/EGemoI2NTXmTsBVtJqk8jxF9rh8ApRWfsIMQSt2uE4OcpQqbFu7f7NbTK05lx80nuSijCz7sc3a277R67g,yabai,5,0,,2025-10-29 17:14:31+00:00,,,
85649e1f-94ae-4235-8e1c-5e066f691775,Pengguna Google,https://play-lh.googleusercontent.com/EGemoI2NTXmTsBVtJqk8jxF9rh8ApRWfsIMQSt2uE4OcpQqbFu7f7NbTK05lx80nuSijCz7sc3a277R67g,sangat membantu di landa gempuran DPR.. terimakasih jago terimakasih pak purbaya,5,0,8.75.0,2025-10-29 16:53:59+00:00,,,8.75.0
7fcd9ee3-73b1-438f-8eb8-665a5fa05bad,Pengguna Google,https://play-lh.googleusercontent.com/EGemoI2NTXmTsBVtJqk8jxF9rh8ApRWfsIMQSt2uE4OcpQqbFu7f7NbTK05lx80nuSijCz7sc3a277R67g,Jempol banget,5,0,8.75.0,2025-10-29 16:53:38+00:00,,,8.75.0
a4140025-aec8-41c8-a315-1431b7b427e0,Pengguna Google,https://play-lh.googleusercontent.com/EGemoI2NTXmTsBVtJqk8jxF9rh8ApRWfsIMQSt2uE4OcpQqbFu7f7NbTK05lx80nuSijCz7sc3a277R67g,bagaimana cara pulihkan akun yang nomor hp nya sudah tidak aktif ??,1,0,8.75.0,2025-10-29 15:11:23+00:00,"Halo, Jagoan. Mohon maaf atas kendala yang terjadi ya. Kamu tidak perlu khawatir, kamu bisa menjelaskan detail kendala tersebut melalui email di tanya@jago.com atau call center 1500 746 untuk kami bantu tangani lebih lanjut. Terima kasih :)

",2025-10-29 23:30:28,8.75.0
26891ff0-c36a-46aa-929b-2768f18d6edb,Pengguna Google,https://play-lh.googleusercontent.com/EGemoI2NTXmTsBVtJqk8jxF9rh8ApRWfsIMQSt2uE4OcpQqbFu7f7NbTK05lx80nuSijCz7sc3a277R67g,👍,5,0,8.75.0,2025-10-29 14:10:55+00:00,,,8.75.0
63f84143-ebb4-4332-bafb-4a0d11e0d680,Pengguna Google,https://play-lh.googleusercontent.com/EGemoI2NTXmTsBVtJqk8jxF9rh8ApRWfsIMQSt2uE4OcpQqbFu7f7NbTK05lx80nuSijCz7sc3a277R67g,good,5,0,8.74.0,2025-10-29 13:45:12+00:00,,,8.74.0
b6238157-fdd6-4517-96b8-4f567c0c07f6,Pengguna Google,https://play-lh.googleusercontent.com/EGemoI2NTXmTsBVtJqk8jxF9rh8ApRWfsIMQSt2uE4OcpQqbFu7f7NbTK05lx80nuSijCz7sc3a277R67g,"prasaan seabank dll ga ada mengkek kayak gini,verivikasi pakai sistem video call bikin malas mnding ga usah pakai ni bank",2,0,8.75.0,2025-10-29 13:30:19+00:00,"Halo, Jagoan. Mohon maaf atas kendala yang terjadi ya. Kamu tidak perlu khawatir, kamu bisa menjelaskan detail kendala tersebut melalui email di tanya@jago.com atau call center 1500 746 untuk kami bantu tangani lebih lanjut. Terima kasih :)
",2025-10-29 15:11:11,8.75.0
1aac0105-ce6d-4500-b67f-0bf87a88c1de,Pengguna Google,https://play-lh.googleusercontent.com/EGemoI2NTXmTsBVtJqk8jxF9rh8ApRWfsIMQSt2uE4OcpQqbFu7f7NbTK05lx80nuSijCz7sc3a277R67g,super mudah. gakaya sebelah,5,0,8.75.0,2025-10-29 13:26:05+00:00,,,8.75.0
152f0739-9253-4c71-90ad-b1fb03e4dfc0,Pengguna Google,https://play-lh.googleusercontent.com/EGemoI2NTXmTsBVtJqk8jxF9rh8ApRWfsIMQSt2uE4OcpQqbFu7f7NbTK05lx80nuSijCz7sc3a277R67g,"awal awal pakai jago lancar kenapa sekarang sekarang jago buffering Mulu padahal kuota ada wifi juga tersambung, tiap mau transaksi harus uninstal aplikasi dan apsang ulang terus cape jadinya",2,0,,2025-10-29 13:19:38+00:00,"Halo, Jagoan. Mohon maaf atas kendala yang terjadi ya. Kamu tidak perlu khawatir, kamu bisa menjelaskan detail kendala tersebut melalui email di tanya@jago.com atau call center 1500 746 untuk kami bantu tangani lebih lanjut. Terima kasih :)
",2025-10-29 14:37:10,
cf974815-af40-4c18-8ea9-107c09603612,Pengguna Google,https://play-lh.googleusercontent.com/EGemoI2NTXmTsBVtJqk8jxF9rh8ApRWfsIMQSt2uE4OcpQqbFu7f7NbTK05lx80nuSijCz7sc3a277R67g,bank Amana,5,0,8.76.0,2025-10-29 11:31:06+00:00,,,8.76.0
2ac90b3e-fae2-4600-b60f-5ea021d94a6f,Pengguna Google,https://play-lh.googleusercontent.com/EGemoI2NTXmTsBVtJqk8jxF9rh8ApRWfsIMQSt2uE4OcpQqbFu7f7NbTK05lx80nuSijCz7sc3a277R67g,mantap,5,0,8.75.0,2025-10-29 11:24:20+00:00,,,8.75.0
a3b1f503-6256-4ba5-9b30-e78631d7950c,Pengguna Google,https://play-lh.googleusercontent.com/EGemoI2NTXmTsBVtJqk8jxF9rh8ApRWfsIMQSt2uE4OcpQqbFu7f7NbTK05lx80nuSijCz7sc3a277R67g,"aku mau daftar bank jago, tp kog tidak bisa verifikasi wajah ya, tiap mau verifikasi selalu nge logout sendiri. capek banget aku ulangin berkali² ttep aja ngga mau",1,0,8.75.0,2025-10-29 11:18:20+00:00,"Hai, Jagoan. Mohon maaf untuk kendala yang kamu alami. Terkait kendala tersebut, kamu bisa segera laporkan ke Tanya Jago di nomor 1500746/021-30000746 atau e-mail ke tanya@jago.com ya. Tidak perlu khawatir karena tim terkait kami akan segera membantu. Terima kasih.",2025-10-29 11:30:28,8.75.0
54bb6930-5827-41bd-96fc-fe761192f637,Pengguna Google,https://play-lh.googleusercontent.com/EGemoI2NTXmTsBVtJqk8jxF9rh8ApRWfsIMQSt2uE4OcpQqbFu7f7NbTK05lx80nuSijCz7sc3a277R67g,"buagus pol, rekomendasi pokok",5,0,8.76.0,2025-10-29 11:08:45+00:00,,,8.76.0
f7979eed-9a5b-4dd4-8513-8d7d7e2c0324,Pengguna Google,https://play-lh.googleusercontent.com/EGemoI2NTXmTsBVtJqk8jxF9rh8ApRWfsIMQSt2uE4OcpQqbFu7f7NbTK05lx80nuSijCz7sc3a277R67g,aplikasi ribett bangettt,1,0,8.75.0,2025-10-29 08:33:12+00:00,"Hai, Jagoan. Mohon maaf untuk kendala yang kamu alami. Terkait kendala tersebut, kamu bisa segera laporkan ke Tanya Jago di nomor 1500746/021-30000746 atau e-mail ke tanya@jago.com ya. Tidak perlu khawatir karena tim terkait kami akan segera membantu. Terima kasih.",2025-10-29 09:33:40,8.75.0
167310c5-b4bc-4398-84e0-f0056b3598f5,Pengguna Google,https://play-lh.googleusercontent.com/EGemoI2NTXmTsBVtJqk8jxF9rh8ApRWfsIMQSt2uE4OcpQqbFu7f7NbTK05lx80nuSijCz7sc3a277R67g,"mengecawakan, masa tiap masuk make sidikjari atau pin selalu nomor/email salah",1,0,8.75.0,2025-10-29 08:24:50+00:00,"Hai, Jagoan. Mohon maaf untuk kendala yang kamu alami. Terkait kendala tersebut, kamu bisa segera laporkan ke Tanya Jago di nomor 1500746/021-30000746 atau e-mail ke tanya@jago.com ya. Tidak perlu khawatir karena tim terkait kami akan segera membantu. Terima kasih.",2025-10-29 08:55:52,8.75.0
1d9c27cf-dba0-4097-b414-13b1eb7fcace,Pengguna Google,https://play-lh.googleusercontent.com/EGemoI2NTXmTsBVtJqk8jxF9rh8ApRWfsIMQSt2uE4OcpQqbFu7f7NbTK05lx80nuSijCz7sc3a277R67g,Semua serba mudah,5,0,8.75.0,2025-10-29 07:44:57+00:00,,,8.75.0
aabc5513-b88a-44b4-a27b-c7ef65783d72,Pengguna Google,https://play-lh.googleusercontent.com/EGemoI2NTXmTsBVtJqk8jxF9rh8ApRWfsIMQSt2uE4OcpQqbFu7f7NbTK05lx80nuSijCz7sc3a277R67g,mantap membantu banget bank jago ini..limit gede dan pencairan gampang..cuman belum ada tenor 12bulan..,5,0,,2025-10-29 06:41:05+00:00,,,
81fc698f-9a9e-465e-a9ea-6a518bccf9ef,Pengguna Google,https://play-lh.googleusercontent.com/EGemoI2NTXmTsBVtJqk8jxF9rh8ApRWfsIMQSt2uE4OcpQqbFu7f7NbTK05lx80nuSijCz7sc3a277R67g,akses mudah banyak promo Dan bunga yg terbilang menguntungkan,5,0,8.75.0,2025-10-29 04:05:39+00:00,,,8.75.0
38ffcbbc-fbdf-46a0-90c2-5b29104c897d,Pengguna Google,https://play-lh.googleusercontent.com/EGemoI2NTXmTsBVtJqk8jxF9rh8ApRWfsIMQSt2uE4OcpQqbFu7f7NbTK05lx80nuSijCz7sc3a277R67g,mantap,5,0,8.75.0,2025-10-29 03:11:02+00:00,,,8.75.0
295bfac7-01b4-4cbc-b9c2-a1261c43d56f,Pengguna Google,https://play-lh.googleusercontent.com/EGemoI2NTXmTsBVtJqk8jxF9rh8ApRWfsIMQSt2uE4OcpQqbFu7f7NbTK05lx80nuSijCz7sc3a277R67g,sangat membantu,5,0,8.75.0,2025-10-29 02:29:07+00:00,,,8.75.0
22b63b83-0d7a-468c-b031-d2784668160c,Pengguna Google,https://play-lh.googleusercontent.com/EGemoI2NTXmTsBVtJqk8jxF9rh8ApRWfsIMQSt2uE4OcpQqbFu7f7NbTK05lx80nuSijCz7sc3a277R67g,bagus,5,0,8.75.0,2025-10-29 01:24:21+00:00,,,8.75.0
be67fad8-8898-470a-90e9-32e2554722f7,Pengguna Google,https://play-lh.googleusercontent.com/EGemoI2NTXmTsBVtJqk8jxF9rh8ApRWfsIMQSt2uE4OcpQqbFu7f7NbTK05lx80nuSijCz7sc3a277R67g,"baru kali ini saya nemu aplikasi seperti akun jago, banyak opsi untuk memisahkan biaya2 per alokasi nya manfaat banget bagi saya.....👍.....biar punya dana sekecilpun di jago selalu di apresiasi, mantaf ....... 👌👌👌.......banget",5,0,8.75.0,2025-10-29 01:08:30+00:00,,,8.75.0
178d843c-b9fe-4f3d-9a52-009fb0052ec2,Pengguna Google,https://play-lh.googleusercontent.com/EGemoI2NTXmTsBVtJqk8jxF9rh8ApRWfsIMQSt2uE4OcpQqbFu7f7NbTK05lx80nuSijCz7sc3a277R67g,visa debit kenapa gak bisa transaksi luar negri. tolong infonya kenapa alasannya?,1,0,,2025-10-29 01:05:31+00:00,"Halo, Jagoan! Kami mohon maaf sekali ya atas kendala yang kamu alami. Apakah kamu berkenan menginformasikan detail kendala tersebut supaya bisa kami bantu cek lebih lanjut? Mohon untuk menghubungi kami melalui Tanya Jago di 1500 746/+62 21 3000 0746, atau melalui email ke tanya@jago.com",2025-10-29 02:22:50,
c4dab402-3ca7-418a-ba64-64fb3a286ebd,Pengguna Google,https://play-lh.googleusercontent.com/EGemoI2NTXmTsBVtJqk8jxF9rh8ApRWfsIMQSt2uE4OcpQqbFu7f7NbTK05lx80nuSijCz7sc3a277R67g,"tidak pernah sekecewa ini pakai jago, perkara saya daftarin ortu pakai device saya, device saya langsung dibatasi. sudah minta solusi, saya juga sudah dihubungi pihak jago dan dimintai dokumen untuk pengkinian data tetap saja solusinya hanya disuruh login pakai device lain. kocak bgt lah, iya saya bisa login pakai device suami saya, tp saya jadi tidak bisa transaksi setiap saat jika suami kerja. dikira setiap orang punya device lebih dari satu apa. ga guna bgt ada tim tanya jago apalah itu",1,0,,2025-10-29 00:43:16+00:00,"Halo, Jagoan! Mohon maaf atas ketidaknyamanan. Kami akan terus memperbaiki dan meningkatkan layanan perbankan kami. Mohon kesediaannya untuk menginformasikan secara detail kendala yang dialami dengan menghubungi kami melalui Tanya Jago di 1500 746/+62 21 3000 0746, atau email ke tanya@jago.com. Kami tunggu ya.",2025-10-29 02:22:40,
99a6beba-4da2-43a4-8d97-faa7827c4768,Pengguna Google,https://play-lh.googleusercontent.com/EGemoI2NTXmTsBVtJqk8jxF9rh8ApRWfsIMQSt2uE4OcpQqbFu7f7NbTK05lx80nuSijCz7sc3a277R67g,"Joss pokonya ,BCA BRI mandiri lewat semua",5,0,8.74.0,2025-10-29 00:22:43+00:00,,,8.74.0
16e7c540-d2c7-4a07-a21c-9f204e4b9199,Pengguna Google,https://play-lh.googleusercontent.com/EGemoI2NTXmTsBVtJqk8jxF9rh8ApRWfsIMQSt2uE4OcpQqbFu7f7NbTK05lx80nuSijCz7sc3a277R67g,"terimakasi bank jago,atas hadiahnya 25000",5,0,8.75.0,2025-10-29 00:05:52+00:00,,,8.75.0
446538ee-187e-4092-8d08-886d0841b2a5,Pengguna Google,https://play-lh.googleusercontent.com/EGemoI2NTXmTsBVtJqk8jxF9rh8ApRWfsIMQSt2uE4OcpQqbFu7f7NbTK05lx80nuSijCz7sc3a277R67g,"sangat memudah kan untuk urusan gojek, 😁",5,0,8.75.0,2025-10-28 23:22:56+00:00,,,8.75.0
dfb21e93-b183-4d10-9089-2e2a38e7b8a8,Pengguna Google,https://play-lh.googleusercontent.com/EGemoI2NTXmTsBVtJqk8jxF9rh8ApRWfsIMQSt2uE4OcpQqbFu7f7NbTK05lx80nuSijCz7sc3a277R67g,aplikasi sampa. gah bisa di gunakan,1,0,8.75.0,2025-10-28 22:43:14+00:00,"Hai, Jagoan! Mohon maaf untuk ketidaknyamanan terkait kendala yang kamu alami. Hal ini akan menjadi perhatian dan masukan agar Bank Jago lebih baik ke depannya. Silakan hubungi Tanya Jago di 1500746/+62 21 3000 0746, atau menghubungi melalui email ke tanya@jago.com. Dengan senang hati kami akan membantu menyelesaikan masalah dan kendala kamu. :)",2025-10-28 23:47:04,8.75.0
2aae5e26-a811-4408-b7d1-cfcfcd220c36,Pengguna Google,https://play-lh.googleusercontent.com/EGemoI2NTXmTsBVtJqk8jxF9rh8ApRWfsIMQSt2uE4OcpQqbFu7f7NbTK05lx80nuSijCz7sc3a277R67g,"aplikasi sangat bagus,tidak ada minimum saldo yg mengendap di mbangking",5,0,8.75.0,2025-10-28 21:31:44+00:00,,,8.75.0
bfa439a8-19b7-4bc9-8345-2c67e528e37f,Pengguna Google,https://play-lh.googleusercontent.com/EGemoI2NTXmTsBVtJqk8jxF9rh8ApRWfsIMQSt2uE4OcpQqbFu7f7NbTK05lx80nuSijCz7sc3a277R67g,tidak pernah di acc,5,0,,2025-10-28 20:18:13+00:00,,,
4b622a16-3cb9-4634-a37c-1ddea945cf60,Pengguna Google,https://play-lh.googleusercontent.com/EGemoI2NTXmTsBVtJqk8jxF9rh8ApRWfsIMQSt2uE4OcpQqbFu7f7NbTK05lx80nuSijCz7sc3a277R67g,bank jago memang jagoan❤️,5,0,,2025-10-28 19:48:37+00:00,,,
1af66675-fa01-4f0e-9e40-a784537dee2b,Pengguna Google,https://play-lh.googleusercontent.com/EGemoI2NTXmTsBVtJqk8jxF9rh8ApRWfsIMQSt2uE4OcpQqbFu7f7NbTK05lx80nuSijCz7sc3a277R67g,good,4,0,,2025-10-28 19:40:34+00:00,"Halo, Jagoan. Mohon maaf atas kendala yang terjadi ya. Kamu tidak perlu khawatir, kamu bisa menjelaskan detail kendala tersebut melalui email di tanya@jago.com atau call center 1500 746 untuk kami bantu tangani lebih lanjut. Terima kasih :)
",2025-10-28 20:19:31,
9100d9e9-e783-4e84-865f-e58deec60a81,Pengguna Google,https://play-lh.googleusercontent.com/EGemoI2NTXmTsBVtJqk8jxF9rh8ApRWfsIMQSt2uE4OcpQqbFu7f7NbTK05lx80nuSijCz7sc3a277R67g,"bagus banget pake jago,ada fitur kantong yang seakan-akan buat kita punya no rek berbeda tapi cmn pakai satu aplikasi.",5,0,8.75.0,2025-10-28 19:34:32+00:00,,,8.75.0
c2be6479-960f-491e-a183-e3ea86b76beb,Pengguna Google,https://play-lh.googleusercontent.com/EGemoI2NTXmTsBVtJqk8jxF9rh8ApRWfsIMQSt2uE4OcpQqbFu7f7NbTK05lx80nuSijCz7sc3a277R67g,suka,5,0,8.75.0,2025-10-28 19:12:09+00:00,,,8.75.0
946d883f-1ef4-45c0-bab2-b2708af71f60,Pengguna Google,https://play-lh.googleusercontent.com/EGemoI2NTXmTsBVtJqk8jxF9rh8ApRWfsIMQSt2uE4OcpQqbFu7f7NbTK05lx80nuSijCz7sc3a277R67g,menyenangkan menggunakan aplikasi ini,5,0,8.75.0,2025-10-28 19:00:00+00:00,,,8.75.0
dd69445f-2898-4faa-8be6-585db3f4ff38,Pengguna Google,https://play-lh.googleusercontent.com/EGemoI2NTXmTsBVtJqk8jxF9rh8ApRWfsIMQSt2uE4OcpQqbFu7f7NbTK05lx80nuSijCz7sc3a277R67g,kenapa saya tidak bisa menggunakan akun..akun saya ada saldonya dan tidak bisa login tertulis terhubung 2 perangkat..dan saya memindahkan akun keponsel kedua..tetapi tidak ada pemberitahuan dan tidak bisa login,1,0,,2025-10-28 17:53:15+00:00,"Halo, Jagoan. Mohon maaf atas kendala yang terjadi ya. Kamu tidak perlu khawatir, kamu bisa menjelaskan detail kendala tersebut melalui email di tanya@jago.com atau call center 1500 746 untuk kami bantu tangani lebih lanjut. Terima kasih :)",2025-10-28 18:00:42,
e15e2e65-1b3e-41a0-9c92-cfeed7642538,Pengguna Google,https://play-lh.googleusercontent.com/EGemoI2NTXmTsBVtJqk8jxF9rh8ApRWfsIMQSt2uE4OcpQqbFu7f7NbTK05lx80nuSijCz7sc3a277R67g,"aplikasi bank digital paling ok, mudah digunakan, lancar, transaksi ok",5,0,8.74.0,2025-10-28 17:46:15+00:00,,,8.74.0
035decd7-1f54-441d-a9ed-cf3a74ae6e45,Pengguna Google,https://play-lh.googleusercontent.com/EGemoI2NTXmTsBVtJqk8jxF9rh8ApRWfsIMQSt2uE4OcpQqbFu7f7NbTK05lx80nuSijCz7sc3a277R67g,pokoknya mantap bank jago....pokoknya jago deh,5,0,,2025-10-28 17:45:31+00:00,,,
06b55167-0cbb-43d2-9e90-37597afb83ad,Pengguna Google,https://play-lh.googleusercontent.com/EGemoI2NTXmTsBVtJqk8jxF9rh8ApRWfsIMQSt2uE4OcpQqbFu7f7NbTK05lx80nuSijCz7sc3a277R67g,😫😫😫😫,5,0,,2025-10-28 17:24:57+00:00,,,
a7d28855-45c9-42c4-857c-890600aada9a,Pengguna Google,https://play-lh.googleusercontent.com/EGemoI2NTXmTsBVtJqk8jxF9rh8ApRWfsIMQSt2uE4OcpQqbFu7f7NbTK05lx80nuSijCz7sc3a277R67g,good,5,0,8.75.0,2025-10-28 17:16:34+00:00,,,8.75.0
bb9e90ef-75bf-47ed-93a1-a81a0e341417,Pengguna Google,https://play-lh.googleusercontent.com/EGemoI2NTXmTsBVtJqk8jxF9rh8ApRWfsIMQSt2uE4OcpQqbFu7f7NbTK05lx80nuSijCz7sc3a277R67g,jago terbaik,4,0,8.75.0,2025-10-28 17:01:32+00:00,"Halo, Jagoan. Terima kasih atas penilaian yang sudah kamu berikan. Masukanmu menjadi input baik untuk Jago dalam memberikan layanan yang lebih baik lagi ke depannya. Jika ada yang ingin ditanyakan, kamu bisa mengirimkan email ke tanya@jago.com atau call center di 1500 746. Terima kasih :)",2025-10-28 17:30:58,8.75.0
ca44f314-51f2-48d5-813d-f2da7c50fae9,Pengguna Google,https://play-lh.googleusercontent.com/EGemoI2NTXmTsBVtJqk8jxF9rh8ApRWfsIMQSt2uE4OcpQqbFu7f7NbTK05lx80nuSijCz7sc3a277R67g,👌,5,0,8.75.0,2025-10-28 16:49:21+00:00,,,8.75.0
077cdf9d-f143-4b62-8a0a-bc4ee493901d,Pengguna Google,https://play-lh.googleusercontent.com/EGemoI2NTXmTsBVtJqk8jxF9rh8ApRWfsIMQSt2uE4OcpQqbFu7f7NbTK05lx80nuSijCz7sc3a277R67g,okay,5,0,,2025-10-28 16:44:43+00:00,,,
7765c0c4-288d-4124-8fa0-a4ca6b3c5082,Pengguna Google,https://play-lh.googleusercontent.com/EGemoI2NTXmTsBVtJqk8jxF9rh8ApRWfsIMQSt2uE4OcpQqbFu7f7NbTK05lx80nuSijCz7sc3a277R67g,Bagus dan bisa dipercaya. Aplikasinya mudah digunakan...,5,0,8.76.0,2025-10-28 16:26:35+00:00,,,8.76.0
fe57d9e4-89ef-4858-abc8-cd31c3557351,Pengguna Google,https://play-lh.googleusercontent.com/EGemoI2NTXmTsBVtJqk8jxF9rh8ApRWfsIMQSt2uE4OcpQqbFu7f7NbTK05lx80nuSijCz7sc3a277R67g,emang the best lah apk jago ini,5,0,8.55.0,2025-10-28 16:25:13+00:00,,,8.55.0
bcfb3305-13f5-4b36-9465-9204f2838ba3,Pengguna Google,https://play-lh.googleusercontent.com/EGemoI2NTXmTsBVtJqk8jxF9rh8ApRWfsIMQSt2uE4OcpQqbFu7f7NbTK05lx80nuSijCz7sc3a277R67g,terimakasih sudah memberi pinjaman walaupun tidak bisa meminjam lagi,3,0,8.73.0,2025-10-28 16:05:02+00:00,"Halo, Jagoan. Mohon maaf atas kendala yang terjadi ya. Kamu tidak perlu khawatir, kamu bisa menjelaskan detail kendala tersebut melalui email di tanya@jago.com atau call center 1500 746 untuk kami bantu tangani lebih lanjut. Terima kasih :)
",2025-10-28 16:33:09,8.73.0
994c7e02-382a-4f46-89ef-3df869f89aaa,Pengguna Google,https://play-lh.googleusercontent.com/EGemoI2NTXmTsBVtJqk8jxF9rh8ApRWfsIMQSt2uE4OcpQqbFu7f7NbTK05lx80nuSijCz7sc3a277R67g,mantap,5,0,8.75.0,2025-10-28 16:03:18+00:00,,,8.75.0
cfbbe9b5-1e8a-48f1-aa0d-d8975ab48395,Pengguna Google,https://play-lh.googleusercontent.com/EGemoI2NTXmTsBVtJqk8jxF9rh8ApRWfsIMQSt2uE4OcpQqbFu7f7NbTK05lx80nuSijCz7sc3a277R67g,aplikasi nya emang lag apa gmn banyak banget bug nya,1,0,8.75.0,2025-10-28 15:47:11+00:00,"Halo, Jagoan. Mohon maaf atas kendala yang terjadi ya. Kamu tidak perlu khawatir, kamu bisa menjelaskan detail kendala tersebut melalui email di tanya@jago.com atau call center 1500 746 untuk kami bantu tangani lebih lanjut. Terima kasih :)
",2025-10-28 16:32:33,8.75.0
c4991fb6-6256-4945-9f67-e0253ee573ff,Pengguna Google,https://play-lh.googleusercontent.com/EGemoI2NTXmTsBVtJqk8jxF9rh8ApRWfsIMQSt2uE4OcpQqbFu7f7NbTK05lx80nuSijCz7sc3a277R67g,"Kelebihanny ada kantong2ny yg bs lgs transfer ke penerima, jd ngatur keuangan lebih mudah",5,1,8.75.0,2025-10-28 15:18:42+00:00,,,8.75.0
cd41ad64-bdb9-4ed7-81e2-04b51813291a,Pengguna Google,https://play-lh.googleusercontent.com/EGemoI2NTXmTsBVtJqk8jxF9rh8ApRWfsIMQSt2uE4OcpQqbFu7f7NbTK05lx80nuSijCz7sc3a277R67g,aplikasi nya parah ga bisa digunain sama sekali loading nya ampuun,1,1,,2025-10-28 15:00:40+00:00,"Halo, Jagoan. Mohon maaf atas kendala yang terjadi ya. Kamu tidak perlu khawatir, kamu bisa menjelaskan detail kendala tersebut melalui email di tanya@jago.com atau call center 1500 746 untuk kami bantu tangani lebih lanjut. Terima kasih :)",2025-10-28 15:36:13,
a716467d-f795-459f-a90e-62005b410a73,Pengguna Google,https://play-lh.googleusercontent.com/EGemoI2NTXmTsBVtJqk8jxF9rh8ApRWfsIMQSt2uE4OcpQqbFu7f7NbTK05lx80nuSijCz7sc3a277R67g,apklikasi paling mudah terpercaya dan aman dan pengiriman kenceng banget dan fitur-fiturnya simple,5,0,,2025-10-28 14:38:30+00:00,,,
f2a6cbe0-716c-43a8-b97b-5561ab8ff9f4,Pengguna Google,https://play-lh.googleusercontent.com/EGemoI2NTXmTsBVtJqk8jxF9rh8ApRWfsIMQSt2uE4OcpQqbFu7f7NbTK05lx80nuSijCz7sc3a277R67g,mantab,5,0,8.75.0,2025-10-28 14:36:01+00:00,,,8.75.0
b88db7d1-7b1e-48f6-8ee5-d474095d987e,Pengguna Google,https://play-lh.googleusercontent.com/EGemoI2NTXmTsBVtJqk8jxF9rh8ApRWfsIMQSt2uE4OcpQqbFu7f7NbTK05lx80nuSijCz7sc3a277R67g,"gak jelas pin sama pass sudah benar , connection aman tapi selalu salah sampe diblokir sejam",1,1,,2025-10-28 14:05:23+00:00,"Halo, Jagoan! Mohon maaf atas kendala yang kamu alami ya. Saya mengerti situasi sulit ini mengganggu kamu. Mohon kesediaannya mengirimkan email ke tanya@jago.com dengan melampirkan bukti foto/tangkapan layar kendala kamu. Agar dapat segera kami bantu.",2025-10-28 15:36:45,
0306bc0d-93d0-4213-aaa6-d2760c1a096b,Pengguna Google,https://play-lh.googleusercontent.com/EGemoI2NTXmTsBVtJqk8jxF9rh8ApRWfsIMQSt2uE4OcpQqbFu7f7NbTK05lx80nuSijCz7sc3a277R67g,keren,5,0,8.75.0,2025-10-28 14:00:59+00:00,,,8.75.0
d732f7a0-f4e0-45fe-a98b-e04835b0165a,Pengguna Google,https://play-lh.googleusercontent.com/EGemoI2NTXmTsBVtJqk8jxF9rh8ApRWfsIMQSt2uE4OcpQqbFu7f7NbTK05lx80nuSijCz7sc3a277R67g,MANTAPP,5,0,8.75.0,2025-10-28 13:58:05+00:00,,,8.75.0
de7760f6-e62b-4a6d-900e-80874ded903f,Pengguna Google,https://play-lh.googleusercontent.com/EGemoI2NTXmTsBVtJqk8jxF9rh8ApRWfsIMQSt2uE4OcpQqbFu7f7NbTK05lx80nuSijCz7sc3a277R67g,tadi pagi sy login ke aplikasinya bisa kok dari siang Sampek sore aplikasinya tidak bisa login dan sayangnya uang buat anak aku bayar skolah masih disana bisa dibantu,2,1,8.75.0,2025-10-28 13:54:43+00:00,"Halo, Jagoan. Mohon maaf atas kendala yang terjadi ya. Kamu tidak perlu khawatir, kamu bisa menjelaskan detail kendala tersebut melalui email di tanya@jago.com atau call center 1500 746 untuk kami bantu tangani lebih lanjut. Terima kasih :)
",2025-10-28 15:27:47,8.75.0
f7985a8b-daf5-41db-b4bb-7a2770d9af21,Pengguna Google,https://play-lh.googleusercontent.com/EGemoI2NTXmTsBVtJqk8jxF9rh8ApRWfsIMQSt2uE4OcpQqbFu7f7NbTK05lx80nuSijCz7sc3a277R67g,bagus,5,0,8.75.0,2025-10-28 13:34:43+00:00,,,8.75.0
2fabb86b-2778-4118-99a6-151c98fa1791,Pengguna Google,https://play-lh.googleusercontent.com/EGemoI2NTXmTsBVtJqk8jxF9rh8ApRWfsIMQSt2uE4OcpQqbFu7f7NbTK05lx80nuSijCz7sc3a277R67g,bagus sekali,5,0,8.74.0,2025-10-28 12:53:49+00:00,,,8.74.0
4ca5ceda-fa44-4309-8390-6df3caa86626,Pengguna Google,https://play-lh.googleusercontent.com/EGemoI2NTXmTsBVtJqk8jxF9rh8ApRWfsIMQSt2uE4OcpQqbFu7f7NbTK05lx80nuSijCz7sc3a277R67g,waww bagus banget,5,0,,2025-10-28 12:39:17+00:00,,,
96063810-cff0-4b38-881e-874c42f91a0a,Pengguna Google,https://play-lh.googleusercontent.com/EGemoI2NTXmTsBVtJqk8jxF9rh8ApRWfsIMQSt2uE4OcpQqbFu7f7NbTK05lx80nuSijCz7sc3a277R67g,👍,4,0,,2025-10-28 12:37:54+00:00,"Halo, Jagoan. Mohon maaf atas kendala yang terjadi ya. Kamu tidak perlu khawatir, kamu bisa menjelaskan detail kendala tersebut melalui email di tanya@jago.com atau call center 1500 746 untuk kami bantu tangani lebih lanjut. Terima kasih :)
",2025-10-28 14:35:08,
8a596354-8a17-49b5-9627-066995a52360,Pengguna Google,https://play-lh.googleusercontent.com/EGemoI2NTXmTsBVtJqk8jxF9rh8ApRWfsIMQSt2uE4OcpQqbFu7f7NbTK05lx80nuSijCz7sc3a277R67g,Jago 👎,1,0,8.42.0,2025-10-28 12:34:25+00:00,"Halo, Jagoan! Mohon maaf apabila terdapat fitur atau layanan Jago yang belum sesuai harapan kamu. Kamu bisa menghubungi Tanya Jago di nomor 1500746 / 021-30000746 atau e-mail ke tanya@jago.com untuk kami bantu cek kendalanya lebih lanjut ya. Agent kami dengan senang hati membantu kamu.",2025-10-28 15:14:30,8.42.0
bdf5df6a-6615-45f1-9749-89391bc6d44b,Pengguna Google,https://play-lh.googleusercontent.com/EGemoI2NTXmTsBVtJqk8jxF9rh8ApRWfsIMQSt2uE4OcpQqbFu7f7NbTK05lx80nuSijCz7sc3a277R67g,"rusak ini servernya atau gimana, haduuh uang saya nyangkut itu, padahal mau transaksi, asik lost connection mulu.",1,1,8.67.0,2025-10-28 12:33:46+00:00,"Halo, Jagoan. Mohon maaf atas kendala yang terjadi ya. Kamu tidak perlu khawatir, kamu bisa menjelaskan detail kendala tersebut melalui email di tanya@jago.com atau call center 1500 746 untuk kami bantu tangani lebih lanjut. Terima kasih :)
",2025-10-28 15:11:01,8.67.0
50e2c8b2-fe82-4798-91b9-3eff23e7f342,Pengguna Google,https://play-lh.googleusercontent.com/EGemoI2NTXmTsBVtJqk8jxF9rh8ApRWfsIMQSt2uE4OcpQqbFu7f7NbTK05lx80nuSijCz7sc3a277R67g,sya baru masukn sandi skli slh udh ke blok. ni apa maksd y,2,0,8.75.0,2025-10-28 12:27:53+00:00,"Halo, Jagoan. Mohon maaf atas kendala yang terjadi ya. Kamu tidak perlu khawatir, kamu bisa menjelaskan detail kendala tersebut melalui email di tanya@jago.com atau call center 1500 746 untuk kami bantu tangani lebih lanjut. Terima kasih :)",2025-10-28 14:47:04,8.75.0
37c8168b-aa5d-45ef-817d-cb882b13a946,Pengguna Google,https://play-lh.googleusercontent.com/EGemoI2NTXmTsBVtJqk8jxF9rh8ApRWfsIMQSt2uE4OcpQqbFu7f7NbTK05lx80nuSijCz7sc3a277R67g,"gila ni aplikasi,,,kalau gak sanggup jadi bank digital jangan maksa,,,qris GK bjsa,, transfer gak bisa,,,alasan koneksi,,,ini jelas menuju ke scam,, gak aman Tarok duit di tempat yang bermasalah macam ini,,,gak aman pakai bank ini",1,1,,2025-10-28 12:26:39+00:00,"Halo, Jagoan. Mohon maaf atas kendala yang terjadi ya. Kamu tidak perlu khawatir, kamu bisa menjelaskan detail kendala tersebut melalui email di tanya@jago.com atau call center 1500 746 untuk kami bantu tangani lebih lanjut. Terima kasih :)
",2025-10-28 14:38:29,
4cd11d13-9f8b-4ac7-ad1b-1a16cf9955cc,Pengguna Google,https://play-lh.googleusercontent.com/EGemoI2NTXmTsBVtJqk8jxF9rh8ApRWfsIMQSt2uE4OcpQqbFu7f7NbTK05lx80nuSijCz7sc3a277R67g,"gitu pas mau di pake,gitu koneksi Terputus,taiii",3,0,8.75.0,2025-10-28 12:23:36+00:00,"Halo, Jagoan. Mohon maaf atas kendala yang terjadi ya. Kamu tidak perlu khawatir, kamu bisa menjelaskan detail kendala tersebut melalui email di tanya@jago.com atau call center 1500 746 untuk kami bantu tangani lebih lanjut. Terima kasih :)",2025-10-28 14:50:05,8.75.0
5709252c-25df-4b05-89ab-179be223d32f,Pengguna Google,https://play-lh.googleusercontent.com/EGemoI2NTXmTsBVtJqk8jxF9rh8ApRWfsIMQSt2uE4OcpQqbFu7f7NbTK05lx80nuSijCz7sc3a277R67g,eror mulu babi,1,1,8.75.0,2025-10-28 12:22:35+00:00,"Halo, Jagoan. Mohon maaf atas kendala yang terjadi ya. Kamu tidak perlu khawatir, kamu bisa menjelaskan detail kendala tersebut melalui email di tanya@jago.com atau call center 1500 746 untuk kami bantu tangani lebih lanjut. Terima kasih :)",2025-10-28 14:47:06,8.75.0
72afc30e-4c69-4b2e-959a-48864d816f9e,Pengguna Google,https://play-lh.googleusercontent.com/EGemoI2NTXmTsBVtJqk8jxF9rh8ApRWfsIMQSt2uE4OcpQqbFu7f7NbTK05lx80nuSijCz7sc3a277R67g,"aplikasi penipu, transaksi via qris berhasil tapi duitnya ga masuk. sampah",1,0,8.75.0,2025-10-28 11:50:23+00:00,"Halo, Jagoan! Mohon maaf atas kendala yang kamu alami ya. Saya mengerti situasi sulit ini mengganggu kamu. Mohon kesediaannya mengirimkan email ke tanya@jago.com dengan melampirkan bukti foto/tangkapan layar kendala kamu. Agar dapat segera kami bantu.",2025-10-28 12:08:25,8.75.0
3ace2c7d-6344-4b31-abd6-d1fe656e9394,Pengguna Google,https://play-lh.googleusercontent.com/EGemoI2NTXmTsBVtJqk8jxF9rh8ApRWfsIMQSt2uE4OcpQqbFu7f7NbTK05lx80nuSijCz7sc3a277R67g,bank jago Napa eror .. gak bisa transaksi.. bahaya ni kalo scam .. ilang nanti,2,1,8.75.0,2025-10-28 11:39:23+00:00,"Halo, Jagoan! Mohon maaf atas kendala yang kamu alami ya. Saya mengerti situasi sulit ini mengganggu kamu. Mohon kesediaannya mengirimkan email ke tanya@jago.com dengan melampirkan bukti foto/tangkapan layar kendala kamu. Agar dapat segera kami bantu.",2025-10-28 12:09:09,8.75.0
4990b703-e536-4425-b1d4-666ff7ede4ef,Pengguna Google,https://play-lh.googleusercontent.com/EGemoI2NTXmTsBVtJqk8jxF9rh8ApRWfsIMQSt2uE4OcpQqbFu7f7NbTK05lx80nuSijCz7sc3a277R67g,mau daftar aja ribet harus video call segala 👎,1,0,,2025-10-28 10:43:20+00:00,"Halo, Jagoan! Mohon maaf apabila terdapat fitur atau layanan Jago yang belum sesuai harapan kamu. Kamu bisa menghubungi Tanya Jago di nomor 1500746 / 021-30000746 atau e-mail ke tanya@jago.com untuk kami bantu cek kendalanya lebih lanjut ya. Agent kami dengan senang hati membantu kamu.",2025-10-28 11:00:13,
372f1408-ead0-4f2d-aded-c4e2535af5d2,Pengguna Google,https://play-lh.googleusercontent.com/EGemoI2NTXmTsBVtJqk8jxF9rh8ApRWfsIMQSt2uE4OcpQqbFu7f7NbTK05lx80nuSijCz7sc3a277R67g,"saya kecewa dengan Bank Jago, penangan terkait akun saya yang terblokir sangan kurang memuaskan dan slow respon, padahal sudah berkali kali kirim lewat email, tetap saja tidak ada tanggapan, lewat telpon jawabannya sama sedang di cek... sampai kapan kita nasabah menunggu terkait masalah dan kendala tersebut....",1,47,8.75.0,2025-10-28 09:02:34+00:00,"Halo, Jagoan! Mohon maaf atas kendala yang kamu alami ya. Saya mengerti situasi sulit ini mengganggu kamu. Mohon kesediaannya mengirimkan email ke tanya@jago.com dengan melampirkan bukti foto/tangkapan layar kendala kamu. Agar dapat segera kami bantu.",2025-10-28 09:30:47,8.75.0
f51a219d-6dd1-48e2-abb7-02740f63d7c6,Pengguna Google,https://play-lh.googleusercontent.com/EGemoI2NTXmTsBVtJqk8jxF9rh8ApRWfsIMQSt2uE4OcpQqbFu7f7NbTK05lx80nuSijCz7sc3a277R67g,mantap lahh,5,0,8.75.0,2025-10-28 08:59:39+00:00,,,8.75.0
e5dd6af2-4096-4b52-9a13-6a33cab23c72,Pengguna Google,https://play-lh.googleusercontent.com/EGemoI2NTXmTsBVtJqk8jxF9rh8ApRWfsIMQSt2uE4OcpQqbFu7f7NbTK05lx80nuSijCz7sc3a277R67g,sangat mudah dan praktis digunakan,5,0,8.75.0,2025-10-28 06:26:28+00:00,,,8.75.0
ab9e0314-2015-4a66-bd72-4bbedb35c00c,Pengguna Google,https://play-lh.googleusercontent.com/EGemoI2NTXmTsBVtJqk8jxF9rh8ApRWfsIMQSt2uE4OcpQqbFu7f7NbTK05lx80nuSijCz7sc3a277R67g,sangat puas,5,0,8.74.0,2025-10-28 05:56:40+00:00,,,8.74.0
c38c2bde-38f8-4483-964e-de965f7098a8,Pengguna Google,https://play-lh.googleusercontent.com/EGemoI2NTXmTsBVtJqk8jxF9rh8ApRWfsIMQSt2uE4OcpQqbFu7f7NbTK05lx80nuSijCz7sc3a277R67g,"kenapa jadi sering bermasalah dg qris paymentnya? di saat buru2 dan butuh qris payment tapi ga bisa, itu menyebalkan. di saat yg sama2, setelah coba pake apk bank lain, lancar2 aja. makin lama makin loading lama nih apk. jadi was2 uang hilang. data transaksi dari beberapa minggu terakhir ga kecatat",1,134,8.75.0,2025-10-28 04:53:11+00:00,"Halo, Jagoan. Mohon maaf atas kendala yang terjadi ya. Kamu tidak perlu khawatir, kamu bisa menjelaskan detail kendala tersebut melalui email di tanya@jago.com atau call center 1500 746 untuk kami bantu tangani lebih lanjut. Terima kasih :)
",2025-10-28 16:28:08,8.75.0
53185f5d-e1e3-4950-a1ce-95e32888787b,Pengguna Google,https://play-lh.googleusercontent.com/EGemoI2NTXmTsBVtJqk8jxF9rh8ApRWfsIMQSt2uE4OcpQqbFu7f7NbTK05lx80nuSijCz7sc3a277R67g,"sbetulnya aplikasi ini membantu sekali. Tp sering bgt loadingnya saat baru dibuka lagi, jd seperti delay lama. Sampai sy hrs berkali un install dulu, br kemudian install lagi supaya kembali berjalan normal. padahal aplikasi digital/mobile banking yg lain aman2 saja. terlalu berat dgn fitur yg ada atau memang Krn apa? jd sperti mengganggu, tdk bs bergerak cepat",3,8,8.75.0,2025-10-28 04:18:11+00:00,"Halo, Jagoan! Mohon maaf atas ketidaknyamanan yang Kakak alami. Supaya bisa membantu lebih lanjut, Kakak bisa menginformasikan detail keluhannya melalui email tanya@jago.com ya. Tim terkait kami dengan senang hati akan membantu Kakak menyelesaikan permasalahannya.",2025-10-28 06:44:46,8.75.0
749975bb-400c-42fc-a58f-bfc9690e0be1,Pengguna Google,https://play-lh.googleusercontent.com/EGemoI2NTXmTsBVtJqk8jxF9rh8ApRWfsIMQSt2uE4OcpQqbFu7f7NbTK05lx80nuSijCz7sc3a277R67g,aplikasi bank jago ini sangat membantu saya supaya bisa investasi,5,0,8.74.0,2025-10-28 01:54:24+00:00,,,8.74.0
35851f59-7b38-43e9-9e91-0a4548ffa1a4,Pengguna Google,https://play-lh.googleusercontent.com/EGemoI2NTXmTsBVtJqk8jxF9rh8ApRWfsIMQSt2uE4OcpQqbFu7f7NbTK05lx80nuSijCz7sc3a277R67g,sangattt baik,5,0,,2025-10-28 01:14:39+00:00,,,
2c5f2c19-1135-4bc5-b21f-08df63c961b3,Pengguna Google,https://play-lh.googleusercontent.com/EGemoI2NTXmTsBVtJqk8jxF9rh8ApRWfsIMQSt2uE4OcpQqbFu7f7NbTK05lx80nuSijCz7sc3a277R67g,aplikasi ngeleg mau transaksi tidak bisa pdhl jaringan bagus,1,0,,2025-10-28 01:00:23+00:00,"Halo, Jagoan! Mohon maaf atas ketidaknyamanan yang Kakak alami. Supaya bisa membantu lebih lanjut, Kakak bisa menginformasikan detail keluhannya melalui email tanya@jago.com ya. Tim terkait kami dengan senang hati akan membantu Kakak menyelesaikan permasalahannya.",2025-10-28 01:34:02,
7f7e6e2d-75a4-4a98-bdb3-494ea3db2119,Pengguna Google,https://play-lh.googleusercontent.com/EGemoI2NTXmTsBVtJqk8jxF9rh8ApRWfsIMQSt2uE4OcpQqbFu7f7NbTK05lx80nuSijCz7sc3a277R67g,"aplikasi ga guna, padahal saya mau upgrade bibit plus tapi registrasi saya di reject oleh bank jago, padahal data diri saya udah benar semua, emang aneh",1,0,8.75.0,2025-10-28 00:31:59+00:00,"Halo, Jagoan! Mohon maaf atas ketidaknyamanan yang Kakak alami. Supaya bisa membantu lebih lanjut, Kakak bisa menginformasikan detail keluhannya melalui email tanya@jago.com ya. Tim terkait kami dengan senang hati akan membantu Kakak menyelesaikan permasalahannya.",2025-10-28 01:33:52,8.75.0
fdbad945-d350-4e54-9f61-ce0ee68a1872,Pengguna Google,https://play-lh.googleusercontent.com/EGemoI2NTXmTsBVtJqk8jxF9rh8ApRWfsIMQSt2uE4OcpQqbFu7f7NbTK05lx80nuSijCz7sc3a277R67g,"masa saya baru buat akun terus pas saya mau buka lagi tiba² ga bisa? email atau pasword salah terus, padahal udh bener saya blm pikun, ini kah yg di sebut apk membantu masyarakat lebih mudah?",1,0,8.75.0,2025-10-27 23:08:30+00:00,"Halo, Jagoan! Mohon maaf atas ketidaknyamanan yang Kakak alami. Supaya bisa membantu lebih lanjut, Kakak bisa menginformasikan detail keluhannya melalui email tanya@jago.com ya. Tim terkait kami dengan senang hati akan membantu Kakak menyelesaikan permasalahannya.",2025-10-27 23:43:01,8.75.0
f074de76-fbd5-4d47-aa2e-c4caf773ff7c,Pengguna Google,https://play-lh.googleusercontent.com/EGemoI2NTXmTsBVtJqk8jxF9rh8ApRWfsIMQSt2uE4OcpQqbFu7f7NbTK05lx80nuSijCz7sc3a277R67g,sangat mudah digunakan,4,0,8.74.0,2025-10-27 22:56:35+00:00,"Halo, Jagoan! Mohon maaf atas ketidaknyamanan yang Kakak alami. Supaya bisa membantu lebih lanjut, Kakak bisa menginformasikan detail keluhannya melalui email tanya@jago.com ya. Tim terkait kami dengan senang hati akan membantu Kakak menyelesaikan permasalahannya.",2025-10-27 23:38:57,8.74.0
81815b81-2a58-407b-8744-00c71ac8f55d,Pengguna Google,https://play-lh.googleusercontent.com/EGemoI2NTXmTsBVtJqk8jxF9rh8ApRWfsIMQSt2uE4OcpQqbFu7f7NbTK05lx80nuSijCz7sc3a277R67g,mantap,5,0,8.75.0,2025-10-27 22:17:53+00:00,,,8.75.0
e42f9baa-e83e-4099-ab6e-267a18c089cb,Pengguna Google,https://play-lh.googleusercontent.com/EGemoI2NTXmTsBVtJqk8jxF9rh8ApRWfsIMQSt2uE4OcpQqbFu7f7NbTK05lx80nuSijCz7sc3a277R67g,kereenn,5,0,8.75.0,2025-10-27 21:53:11+00:00,,,8.75.0
04f1dd6f-5e9e-4d16-a6f6-be926e44f2a0,Pengguna Google,https://play-lh.googleusercontent.com/EGemoI2NTXmTsBVtJqk8jxF9rh8ApRWfsIMQSt2uE4OcpQqbFu7f7NbTK05lx80nuSijCz7sc3a277R67g,tepat janji bila ada promo dan gratis transfer makin mantap udah ada fitur QRIS nya tapi sekarang versi 8.75.0 27/10/2025 aplikasi nya suka nge lag,5,2,8.75.0,2025-10-27 21:06:20+00:00,"Halo Jagoan! Terima kasih telah memlilih Bank Jago. Bagi kami kenyamanan dan keamanan kamu adalah yang paling utama. Kami akan terus melakukan pengembangan dan memberikan pelayanan yang terbaik untuk kamu. Jika ada hal lain yang ingin ditanyakan, silakan menghubungi Tanya Jago di nomor 1500746 / 021-30000746 atau e-mail ke tanya@jago.com.",2022-06-28 07:41:16,8.75.0
b59fb1dd-daf1-44a6-9b0f-2b3a26da7f2e,Pengguna Google,https://play-lh.googleusercontent.com/EGemoI2NTXmTsBVtJqk8jxF9rh8ApRWfsIMQSt2uE4OcpQqbFu7f7NbTK05lx80nuSijCz7sc3a277R67g,"tolong min mgestuck di pembuatan pasword, gitu trus ke ulang ulang",3,0,8.75.0,2025-10-27 21:01:10+00:00,"Halo, Jagoan! Mohon maaf atas ketidaknyamanan yang Kakak alami. Supaya bisa membantu lebih lanjut, Kakak bisa menginformasikan detail keluhannya melalui email tanya@jago.com ya. Tim terkait kami dengan senang hati akan membantu Kakak menyelesaikan permasalahannya.",2025-10-27 22:23:41,8.75.0
eaed1c8a-54fe-408b-a067-535eec390081,Pengguna Google,https://play-lh.googleusercontent.com/EGemoI2NTXmTsBVtJqk8jxF9rh8ApRWfsIMQSt2uE4OcpQqbFu7f7NbTK05lx80nuSijCz7sc3a277R67g,"woyy...bank jago sy kapok memakai bank anda,sy tfr tgl 7 SEP sebesar 155rb dan 23 okt 2025 sebesar 2,590rb tidak masuk ke rek penerima BCA.chat ke cs blg nya transaksi berhasil tp di print out/mutasi dari bank BCA nya TDK ada.bagsimana ini pertanggung jawabanya? kmn hrs lapornya.",1,0,,2025-10-27 20:20:51+00:00,"Halo, Jagoan. Mohon maaf atas kendala yang terjadi ya. Kamu tidak perlu khawatir, kamu bisa menjelaskan detail kendala tersebut melalui email di tanya@jago.com atau call center 1500 746 untuk kami bantu tangani lebih lanjut. Terima kasih :)",2025-10-27 21:07:38,
e83717db-812b-4fe3-9281-8faba6dfd57d,Pengguna Google,https://play-lh.googleusercontent.com/EGemoI2NTXmTsBVtJqk8jxF9rh8ApRWfsIMQSt2uE4OcpQqbFu7f7NbTK05lx80nuSijCz7sc3a277R67g,moga sllu amanah ya bnk jgo .sngt bgus dn cept pencairanya .sngt .memuaskn tidk seprti aplikasi seblah yg penipu moga sllu amanh ya bnk jgo mudh pembyrnya sllu gesit dn pencairanya jga saya nyeswl bngt mijem di lain pas bayr pertma uangku ilang oleh depkolektor lainya terllu bnyk penipu tolong bnk jgo sllu amnah ya biyar kami sllu amanh byarnya,5,0,8.75.0,2025-10-27 19:07:20+00:00,,,8.75.0
cba4051d-e601-4766-ab17-d8f3d95a9fa6,Pengguna Google,https://play-lh.googleusercontent.com/EGemoI2NTXmTsBVtJqk8jxF9rh8ApRWfsIMQSt2uE4OcpQqbFu7f7NbTK05lx80nuSijCz7sc3a277R67g,"Saya sudah verifikasi wajah untuk reset password, tapi OTP masih dikirim ke nomor lama yang sudah tidak aktif. Mohon bantu ubah nomor HP saya agar bisa login kembali. dan saya sudah mengadukan ke Gmail dan mohon dibales saya sudah menunggu cukup lama ,",1,0,,2025-10-27 18:14:10+00:00,"Halo, Jagoan. Mohon maaf atas kendala yang terjadi ya. Kamu tidak perlu khawatir, kamu bisa menjelaskan detail kendala tersebut melalui email di tanya@jago.com atau call center 1500 746 untuk kami bantu tangani lebih lanjut. Terima kasih :)",2025-10-27 18:36:48,
cbf48428-87e3-4ca9-b5d6-49b002b899ae,Pengguna Google,https://play-lh.googleusercontent.com/EGemoI2NTXmTsBVtJqk8jxF9rh8ApRWfsIMQSt2uE4OcpQqbFu7f7NbTK05lx80nuSijCz7sc3a277R67g,"ini kenapa internetnya tidak terkoneksi, dah nyoba pakai kuota sama wifi' yang lain ttp aja",1,0,,2025-10-27 17:54:36+00:00,"Halo, Jagoan. Mohon maaf atas kendala yang terjadi ya. Kamu tidak perlu khawatir, kamu bisa menjelaskan detail kendala tersebut melalui email di tanya@jago.com atau call center 1500 746 untuk kami bantu tangani lebih lanjut. Terima kasih :)",2025-10-27 18:27:10,
4aa7d98c-b652-4229-be9e-e519222c3344,Pengguna Google,https://play-lh.googleusercontent.com/EGemoI2NTXmTsBVtJqk8jxF9rh8ApRWfsIMQSt2uE4OcpQqbFu7f7NbTK05lx80nuSijCz7sc3a277R67g,baik,5,0,8.75.0,2025-10-27 17:04:24+00:00,,,8.75.0
c97272a0-1f31-429e-ba57-60e571dcc107,Pengguna Google,https://play-lh.googleusercontent.com/EGemoI2NTXmTsBVtJqk8jxF9rh8ApRWfsIMQSt2uE4OcpQqbFu7f7NbTK05lx80nuSijCz7sc3a277R67g,"saya kirim uang 10.000 tidak masuk"" padahal sudah 24 jam buruk sekali",1,0,8.75.0,2025-10-27 16:24:49+00:00,"Halo, Jagoan. Mohon maaf atas kendala yang terjadi ya. Kamu tidak perlu khawatir, kamu bisa menjelaskan detail kendala tersebut melalui email di tanya@jago.com atau call center 1500 746 untuk kami bantu tangani lebih lanjut. Terima kasih :)",2025-10-27 16:34:20,8.75.0
d85dc5df-ae3f-444c-a904-4c50d12585be,Pengguna Google,https://play-lh.googleusercontent.com/EGemoI2NTXmTsBVtJqk8jxF9rh8ApRWfsIMQSt2uE4OcpQqbFu7f7NbTK05lx80nuSijCz7sc3a277R67g,recomended mantap cocok untuk mengatur keuangan,5,0,8.75.0,2025-10-27 16:14:33+00:00,,,8.75.0
2c9f6d0a-9531-4691-a6a0-86c549466985,Pengguna Google,https://play-lh.googleusercontent.com/EGemoI2NTXmTsBVtJqk8jxF9rh8ApRWfsIMQSt2uE4OcpQqbFu7f7NbTK05lx80nuSijCz7sc3a277R67g,"sudah hari ke 4 perihal pergantian nomor belum juga ditangani oleh tim terkait, bagi saya ini sangat mebuang waktu saya padahal saya sudah menghubungi call center bank jago, mohon penangananya untuk segera diatasi,saya juga butuh bertransaksi",1,0,,2025-10-27 15:23:01+00:00,"Hai, Jagoan! Mohon maaf untuk ketidaknyamanan terkait kendala yang kamu alami. Hal ini akan menjadi perhatian dan masukan agar Bank Jago lebih baik ke depannya. Silakan hubungi Tanya Jago di 1500746/+62 21 3000 0746, atau menghubungi melalui email ke tanya@jago.com. Dengan senang hati kami akan membantu menyelesaikan masalah dan kendala kamu. :)",2025-10-27 15:31:23,
ff94af12-902d-4e79-a77c-3ba0d8ccb7e5,Pengguna Google,https://play-lh.googleusercontent.com/EGemoI2NTXmTsBVtJqk8jxF9rh8ApRWfsIMQSt2uE4OcpQqbFu7f7NbTK05lx80nuSijCz7sc3a277R67g,verifikasi email lama terkirim,1,0,,2025-10-27 14:50:57+00:00,"Halo, Jagoan. Mohon maaf atas kendala yang terjadi ya. Kamu tidak perlu khawatir, kamu bisa menjelaskan detail kendala tersebut melalui email di tanya@jago.com atau call center 1500 746 untuk kami bantu tangani lebih lanjut. Terima kasih :)",2025-10-27 15:01:29,
b1a7faf7-b6d2-43dd-9626-d47f8587733d,Pengguna Google,https://play-lh.googleusercontent.com/EGemoI2NTXmTsBVtJqk8jxF9rh8ApRWfsIMQSt2uE4OcpQqbFu7f7NbTK05lx80nuSijCz7sc3a277R67g,mantep,5,0,8.75.0,2025-10-27 13:54:08+00:00,,,8.75.0
7e61b342-8836-4cc9-b322-b9a46c71707c,Pengguna Google,https://play-lh.googleusercontent.com/EGemoI2NTXmTsBVtJqk8jxF9rh8ApRWfsIMQSt2uE4OcpQqbFu7f7NbTK05lx80nuSijCz7sc3a277R67g,"selama ini pakai jago ngga ada problem sih. Transaksi dari stockbit atau transaksi apapun lancar lancar saja, cuma saran saja semoga kedepannya JAGO bisa menambahkan fitur tap to pay sama semperti bank bank lain.",5,61,8.75.0,2025-10-27 13:31:47+00:00,,,8.75.0
a8de5021-d1af-411f-b46e-7602eb7aebe3,Pengguna Google,https://play-lh.googleusercontent.com/EGemoI2NTXmTsBVtJqk8jxF9rh8ApRWfsIMQSt2uE4OcpQqbFu7f7NbTK05lx80nuSijCz7sc3a277R67g,gak bisa login ini gaada otp SMS cuma otp wa saya wa nya error gmnaa ni gak bisa bantu email gak respon jelas semua gak jelas,1,0,8.75.0,2025-10-27 13:13:03+00:00,"Halo, Jagoan. Mohon maaf atas kendala yang terjadi ya. Kamu tidak perlu khawatir, kamu bisa menjelaskan detail kendala tersebut melalui email di tanya@jago.com atau call center 1500 746 untuk kami bantu tangani lebih lanjut. Terima kasih :)",2025-10-27 15:01:16,8.75.0
4df3b2a5-3fd8-4714-8f69-ad047d35d77f,Pengguna Google,https://play-lh.googleusercontent.com/EGemoI2NTXmTsBVtJqk8jxF9rh8ApRWfsIMQSt2uE4OcpQqbFu7f7NbTK05lx80nuSijCz7sc3a277R67g,"untuk sekarang saya kasih bintang 1 karena apa?? sehabis update malah loading lama terus, gak bisa scan qris dan transaksi lain padahal saya perlu untuk bertransaksi. mohon kerjasamanya pihak jago agar lebih optimal lagi kedepannya, trims.",1,7,8.75.0,2025-10-27 13:07:55+00:00,"Halo, Jagoan. Mohon maaf atas kendala yang terjadi ya. Kamu tidak perlu khawatir, kamu bisa menjelaskan detail kendala tersebut melalui email di tanya@jago.com atau call center 1500 746 untuk kami bantu tangani lebih lanjut. Terima kasih :)",2025-10-27 15:01:11,8.75.0
3167c7f0-7147-4344-b1ff-7e5e797df1c2,Pengguna Google,https://play-lh.googleusercontent.com/EGemoI2NTXmTsBVtJqk8jxF9rh8ApRWfsIMQSt2uE4OcpQqbFu7f7NbTK05lx80nuSijCz7sc3a277R67g,mau daftar aja GK bisa,1,0,8.75.0,2025-10-27 12:55:57+00:00,"Halo, Jagoan. Mohon maaf atas kendala yang terjadi ya. Kamu tidak perlu khawatir, kamu bisa menjelaskan detail kendala tersebut melalui email di tanya@jago.com atau call center 1500 746 untuk kami bantu tangani lebih lanjut. Terima kasih :)",2025-10-27 14:59:34,8.75.0
bbfe5dd8-d02d-479c-963a-907bc526c3b0,Pengguna Google,https://play-lh.googleusercontent.com/EGemoI2NTXmTsBVtJqk8jxF9rh8ApRWfsIMQSt2uE4OcpQqbFu7f7NbTK05lx80nuSijCz7sc3a277R67g,DANCOK APE MLEBU APLIKASI NGGAK BISA PADAHAL PASWORD SUDAH BENER NOMER SAMA EMAIL JUGA UDAH TERDAFTAR GEK TERUS PIE COK,1,0,,2025-10-27 12:24:54+00:00,"Halo, Jagoan. Mohon maaf atas kendala yang terjadi ya. Kamu tidak perlu khawatir, kamu bisa menjelaskan detail kendala tersebut melalui email di tanya@jago.com atau call center 1500 746 untuk kami bantu tangani lebih lanjut. Terima kasih :)",2025-10-27 14:48:28,
1465849c-98ce-4f9f-a034-bb6866968c0b,Pengguna Google,https://play-lh.googleusercontent.com/EGemoI2NTXmTsBVtJqk8jxF9rh8ApRWfsIMQSt2uE4OcpQqbFu7f7NbTK05lx80nuSijCz7sc3a277R67g,"katanya si aplikasinya bagus, pas saya coba saya daftar ga bisa lnjt login,pdhl saya sudah mengisi NIK bnr sesuai KTP, KTP nya aja udh di foto dngn jelas tapi tetep aja ga bisa lajut login udh 4x coba",1,0,,2025-10-27 12:11:50+00:00,"Halo, Jagoan. Mohon maaf atas kendala yang terjadi ya. Kamu tidak perlu khawatir, kamu bisa menjelaskan detail kendala tersebut melalui email di tanya@jago.com atau call center 1500 746 untuk kami bantu tangani lebih lanjut. Terima kasih :)",2025-10-27 14:48:36,
dec830e5-9493-4ee3-9add-d004caddf287,Pengguna Google,https://play-lh.googleusercontent.com/EGemoI2NTXmTsBVtJqk8jxF9rh8ApRWfsIMQSt2uE4OcpQqbFu7f7NbTK05lx80nuSijCz7sc3a277R67g,mantap,5,0,8.74.0,2025-10-27 11:51:04+00:00,,,8.74.0
cbcdacbf-8f9c-4384-8072-7f598cf1e75d,Pengguna Google,https://play-lh.googleusercontent.com/EGemoI2NTXmTsBVtJqk8jxF9rh8ApRWfsIMQSt2uE4OcpQqbFu7f7NbTK05lx80nuSijCz7sc3a277R67g,kode Verifikasi tidak muncul tolong perbaiki masa mau daftar tidak bisa,1,0,,2025-10-27 11:50:52+00:00,"Halo, Jagoan. Mohon maaf atas kendala yang terjadi ya. Kamu tidak perlu khawatir, kamu bisa menjelaskan detail kendala tersebut melalui email di tanya@jago.com atau call center 1500 746 untuk kami bantu tangani lebih lanjut. Terima kasih :)",2025-10-27 14:29:09,
fdf01f4b-8326-4ea2-94c3-0a2be5487d6c,Pengguna Google,https://play-lh.googleusercontent.com/EGemoI2NTXmTsBVtJqk8jxF9rh8ApRWfsIMQSt2uE4OcpQqbFu7f7NbTK05lx80nuSijCz7sc3a277R67g,aplikasi yang memudahkan para penggemarnya,5,0,8.74.0,2025-10-27 10:52:25+00:00,,,8.74.0
0f6db13b-d75b-4bfc-9f80-25ddcdfd5076,Pengguna Google,https://play-lh.googleusercontent.com/EGemoI2NTXmTsBVtJqk8jxF9rh8ApRWfsIMQSt2uE4OcpQqbFu7f7NbTK05lx80nuSijCz7sc3a277R67g,"ini aplikasi setelah di update malah error sewaktu mau di refresh, dana yg sdh dikirim kagak keliatan di saldo, tolong segera diperbaiki",3,0,8.75.0,2025-10-27 10:47:09+00:00,"Halo, Jagoan! Mohon maaf atas kendala yang kamu alami ya. Saya mengerti situasi sulit ini mengganggu kamu. Mohon kesediaannya mengirimkan email ke tanya@jago.com dengan melampirkan bukti foto/tangkapan layar kendala kamu. Agar dapat segera kami bantu.",2025-10-27 13:05:02,8.75.0
37b85026-649e-4c7e-8e9f-610e85a606a6,Pengguna Google,https://play-lh.googleusercontent.com/EGemoI2NTXmTsBVtJqk8jxF9rh8ApRWfsIMQSt2uE4OcpQqbFu7f7NbTK05lx80nuSijCz7sc3a277R67g,"ini gimana nih jagoo, mau nguras uang secara baik baik atau gimna? saya udah kirim pengaduan,krim surat pernyataan lewat imel,sudah tlfon lewat pulsa dari tanggal 25 sampe sekrg tggl 27 masu disuruh nunggu aja. saldo saya gimna jagooo. buruan proseees. jangan minta maaf nya aja. proses segera",1,0,8.75.0,2025-10-27 10:28:24+00:00,"Halo, Jagoan! Mohon maaf apabila terdapat fitur atau layanan Jago yang belum sesuai harapan kamu. Kamu bisa menghubungi Tanya Jago di nomor 1500746 / 021-30000746 atau e-mail ke tanya@jago.com untuk kami bantu cek kendalanya lebih lanjut ya. Agent kami dengan senang hati membantu kamu.",2025-10-27 12:52:33,8.75.0
2c1d3751-3131-41d5-91e6-e591c1989c48,Pengguna Google,https://play-lh.googleusercontent.com/EGemoI2NTXmTsBVtJqk8jxF9rh8ApRWfsIMQSt2uE4OcpQqbFu7f7NbTK05lx80nuSijCz7sc3a277R67g,sangat memuaskan👍,5,0,8.75.0,2025-10-27 10:21:53+00:00,,,8.75.0
e8281f0f-9c04-44c9-8d57-bd419e3bc7f6,Pengguna Google,https://play-lh.googleusercontent.com/EGemoI2NTXmTsBVtJqk8jxF9rh8ApRWfsIMQSt2uE4OcpQqbFu7f7NbTK05lx80nuSijCz7sc3a277R67g,"bagus,baik",5,0,8.75.0,2025-10-27 10:19:19+00:00,,,8.75.0
e218fae7-a92f-403d-8466-033df5239d3a,Pengguna Google,https://play-lh.googleusercontent.com/EGemoI2NTXmTsBVtJqk8jxF9rh8ApRWfsIMQSt2uE4OcpQqbFu7f7NbTK05lx80nuSijCz7sc3a277R67g,good,5,0,8.75.0,2025-10-27 09:56:06+00:00,,,8.75.0
7dfa4d64-7c8a-41a3-b59c-304ba74e458c,Pengguna Google,https://play-lh.googleusercontent.com/EGemoI2NTXmTsBVtJqk8jxF9rh8ApRWfsIMQSt2uE4OcpQqbFu7f7NbTK05lx80nuSijCz7sc3a277R67g,"verifikasi seminggu ga bisa bisa,,aplikasi apa ini",1,1,8.75.0,2025-10-27 09:50:58+00:00,"Halo, Jagoan! Mohon maaf atas kendala yang kamu alami ya. Saya mengerti situasi sulit ini mengganggu kamu. Mohon kesediaannya mengirimkan email ke tanya@jago.com dengan melampirkan bukti foto/tangkapan layar kendala kamu. Agar dapat segera kami bantu.",2025-10-27 10:26:36,8.75.0
4ba62b26-0698-4e10-b151-5039bc722e65,Pengguna Google,https://play-lh.googleusercontent.com/EGemoI2NTXmTsBVtJqk8jxF9rh8ApRWfsIMQSt2uE4OcpQqbFu7f7NbTK05lx80nuSijCz7sc3a277R67g,Trimakasih Bank jago,5,0,8.75.0,2025-10-27 09:34:49+00:00,,,8.75.0
7fcea62c-561a-4322-a405-c251f13fe828,Pengguna Google,https://play-lh.googleusercontent.com/EGemoI2NTXmTsBVtJqk8jxF9rh8ApRWfsIMQSt2uE4OcpQqbFu7f7NbTK05lx80nuSijCz7sc3a277R67g,"tolong update Dark Mode dong, bosen gini² aja dan lebih di percepat lagi loadingnya apalagi kalo buka QRIS beuh lumayan lama tuh",5,0,8.74.0,2025-10-27 08:46:03+00:00,"Hai, Jagoan! Terima kasih sudah memberikan ulasan dan sudah memilih Bank Jago sebagai bank digital kamu. Semoga Bank Jago bisa semakin mempermudah transaksi perbankan kamu. Jika kamu memerlukan informasi seputar Bank Jago, silakan hubungi Tanya Jago di 1500746/+62 21 3000 0746, atau melalui email ke tanya@jago.com. Dengan senang hati akan membantu.",2023-10-11 06:42:33,8.74.0
91de4d4c-8ac7-4d5b-801e-46b91c971b29,Pengguna Google,https://play-lh.googleusercontent.com/EGemoI2NTXmTsBVtJqk8jxF9rh8ApRWfsIMQSt2uE4OcpQqbFu7f7NbTK05lx80nuSijCz7sc3a277R67g,sangat mudah transaksi,5,0,8.74.0,2025-10-27 08:42:28+00:00,,,8.74.0
64c0ffa7-421c-43dd-bfec-fa7e618207b4,Pengguna Google,https://play-lh.googleusercontent.com/EGemoI2NTXmTsBVtJqk8jxF9rh8ApRWfsIMQSt2uE4OcpQqbFu7f7NbTK05lx80nuSijCz7sc3a277R67g,"sebetulnya saya suka bank jago, cuman kenapa setiap buka aplikasi harus log in perasaan pas awal2 saya pakai cuman pakai pin saja. setelah login pun halaman nya tetep gabisa dipakai",1,2,8.73.0,2025-10-27 08:40:14+00:00,"Halo, Jagoan. Terima kasih atas penilaian yang sudah kamu berikan. Masukanmu menjadi input baik untuk Jago dalam memberikan layanan yang lebih baik lagi ke depannya. Jika ada yang ingin ditanyakan, kamu bisa mengirimkan email ke tanya@jago.com atau call center di 1500 746. Terima kasih :)",2025-10-27 09:02:28,8.73.0
d679993d-2b7a-43e1-b683-3c0ae993cd26,Pengguna Google,https://play-lh.googleusercontent.com/EGemoI2NTXmTsBVtJqk8jxF9rh8ApRWfsIMQSt2uE4OcpQqbFu7f7NbTK05lx80nuSijCz7sc3a277R67g,mempermudah semua transaksi,5,0,8.75.0,2025-10-27 08:16:57+00:00,,,8.75.0
8c460612-daa7-466f-a1d4-eda0995de87b,Pengguna Google,https://play-lh.googleusercontent.com/EGemoI2NTXmTsBVtJqk8jxF9rh8ApRWfsIMQSt2uE4OcpQqbFu7f7NbTK05lx80nuSijCz7sc3a277R67g,aplikasi membuat kita mudah bertransaksi n ada bonusnya👍👍👍,5,0,8.75.0,2025-10-27 08:09:56+00:00,,,8.75.0
7a57127c-88dc-4444-9c08-97cc5cff6036,Pengguna Google,https://play-lh.googleusercontent.com/EGemoI2NTXmTsBVtJqk8jxF9rh8ApRWfsIMQSt2uE4OcpQqbFu7f7NbTK05lx80nuSijCz7sc3a277R67g,sangat mudah di pahami dan di mengerti saya sudah memakai aplikasi ini lebih dari 4thn,5,0,8.75.0,2025-10-27 07:22:11+00:00,,,8.75.0
08341ac3-0387-42c9-950c-646a9137c67a,Pengguna Google,https://play-lh.googleusercontent.com/EGemoI2NTXmTsBVtJqk8jxF9rh8ApRWfsIMQSt2uE4OcpQqbFu7f7NbTK05lx80nuSijCz7sc3a277R67g,saya pengguna baru ingin melakukan pendaftaran tapi setiap kali ingin melakukan pendaftaran selalu di tolak,2,0,8.75.0,2025-10-27 06:06:15+00:00,"Halo, Jagoan. Mohon maaf atas kendala yang terjadi ya. Kamu tidak perlu khawatir, kamu bisa menjelaskan detail kendala tersebut melalui email di tanya@jago.com atau call center 1500 746 untuk kami bantu tangani lebih lanjut. Terima kasih :)
",2025-10-27 06:31:10,8.75.0
ecfb8067-7a95-4e89-a0df-9a8ba1ca167f,Pengguna Google,https://play-lh.googleusercontent.com/EGemoI2NTXmTsBVtJqk8jxF9rh8ApRWfsIMQSt2uE4OcpQqbFu7f7NbTK05lx80nuSijCz7sc3a277R67g,Ok,5,0,,2025-10-27 05:05:05+00:00,,,
93e659bb-5bbb-46e5-ae4c-bbe8dbecd322,Pengguna Google,https://play-lh.googleusercontent.com/EGemoI2NTXmTsBVtJqk8jxF9rh8ApRWfsIMQSt2uE4OcpQqbFu7f7NbTK05lx80nuSijCz7sc3a277R67g,mempercept bntuan untuk aktf kn pinjman ny,5,0,8.75.0,2025-10-27 03:38:13+00:00,,,8.75.0
4fbdc057-0c5d-4950-9c39-cdf210146924,Pengguna Google,https://play-lh.googleusercontent.com/EGemoI2NTXmTsBVtJqk8jxF9rh8ApRWfsIMQSt2uE4OcpQqbFu7f7NbTK05lx80nuSijCz7sc3a277R67g,sangat berguna sekali untukku. TF bebas admin.,5,0,8.72.0,2025-10-27 03:18:30+00:00,,,8.72.0
86d6f7fa-094c-443a-a6f9-ac0d60023ff0,Pengguna Google,https://play-lh.googleusercontent.com/EGemoI2NTXmTsBVtJqk8jxF9rh8ApRWfsIMQSt2uE4OcpQqbFu7f7NbTK05lx80nuSijCz7sc3a277R67g,sangat puas,5,0,8.75.0,2025-10-27 01:02:31+00:00,,,8.75.0
4a20a615-4ac5-4456-87d6-ceb7ba591053,Pengguna Google,https://play-lh.googleusercontent.com/EGemoI2NTXmTsBVtJqk8jxF9rh8ApRWfsIMQSt2uE4OcpQqbFu7f7NbTK05lx80nuSijCz7sc3a277R67g,mantap,5,0,8.75.0,2025-10-26 22:53:13+00:00,,,8.75.0
986c5bca-7224-4772-a901-8d180e5b55f8,Pengguna Google,https://play-lh.googleusercontent.com/EGemoI2NTXmTsBVtJqk8jxF9rh8ApRWfsIMQSt2uE4OcpQqbFu7f7NbTK05lx80nuSijCz7sc3a277R67g,"menurut saya bank jago ini merupakan bank yg rekomended, karna aman transaksi juga mudah, bebas admin/potongan. keren semoga tetap amanah, apk sempat kekunci karna salah masukin lasword tapi alhamdulillah hanya nunggu beberapa jam udah balik lagi tanpa ribet dan jangan panik juga 🤗 saya pengguna baru tapi merasa aman nabung dibank jago 🤗",5,28,8.75.0,2025-10-26 22:31:18+00:00,,,8.75.0
f63eb478-eb9a-4205-8746-473da98246e6,Pengguna Google,https://play-lh.googleusercontent.com/EGemoI2NTXmTsBVtJqk8jxF9rh8ApRWfsIMQSt2uE4OcpQqbFu7f7NbTK05lx80nuSijCz7sc3a277R67g,"love u bgt jago, aku kmrn kaget tiba tiba dpt cashback 🥰🥰🥰",5,0,,2025-10-26 22:24:29+00:00,,,
37b16651-2352-4fcf-98c5-e8c9d103e2ca,Pengguna Google,https://play-lh.googleusercontent.com/EGemoI2NTXmTsBVtJqk8jxF9rh8ApRWfsIMQSt2uE4OcpQqbFu7f7NbTK05lx80nuSijCz7sc3a277R67g,sayang sekali saya tidak bisa pinjam saldo bank jago,5,0,8.75.0,2025-10-26 22:14:40+00:00,,,8.75.0
c982647c-bcda-4104-abcf-53dee0067e85,Pengguna Google,https://play-lh.googleusercontent.com/EGemoI2NTXmTsBVtJqk8jxF9rh8ApRWfsIMQSt2uE4OcpQqbFu7f7NbTK05lx80nuSijCz7sc3a277R67g,sangat membantu saya,5,0,,2025-10-26 22:14:36+00:00,,,
590a7890-d9ac-4a6c-b011-06d6cfd74a6a,Pengguna Google,https://play-lh.googleusercontent.com/EGemoI2NTXmTsBVtJqk8jxF9rh8ApRWfsIMQSt2uE4OcpQqbFu7f7NbTK05lx80nuSijCz7sc3a277R67g,jangan pernah pakai apk ini. akun saya tiba2 terkunci. saldo msh ada d akun. sdh setiap hari saya hbngi jawaban silakan menunggu. sdh hampir 1 tahun belum jga benar. apk sampah,1,1,8.75.0,2025-10-26 21:08:16+00:00,"Halo, Jagoan. Mohon maaf atas kendala yang terjadi ya. Kamu tidak perlu khawatir, kamu bisa menjelaskan detail kendala tersebut melalui email di tanya@jago.com atau call center 1500 746 untuk kami bantu tangani lebih lanjut. Terima kasih :)",2025-10-27 16:34:24,8.75.0
74405df8-f569-4e44-b655-21b29c4b6779,Pengguna Google,https://play-lh.googleusercontent.com/EGemoI2NTXmTsBVtJqk8jxF9rh8ApRWfsIMQSt2uE4OcpQqbFu7f7NbTK05lx80nuSijCz7sc3a277R67g,Suka banget pakai aplikasi ini💕,5,0,8.72.0,2025-10-26 20:57:32+00:00,,,8.72.0
99adc365-e92d-4382-b5b3-0129ef05b2c2,Pengguna Google,https://play-lh.googleusercontent.com/EGemoI2NTXmTsBVtJqk8jxF9rh8ApRWfsIMQSt2uE4OcpQqbFu7f7NbTK05lx80nuSijCz7sc3a277R67g,"Mengecewakan! ada promo potongan harga dengan pembayaran kartu debit malah error terus transaksinya. malah buat dapet promo ada minimum order, jadi percuma order banyak tapi promonya ga bisa kepake gara2 transaksi error kasir juga udah bilang kalo pengguna kartu debit jago emang suka error MENGECEWAKAN !",1,66,8.75.0,2025-10-26 20:51:24+00:00,"Halo, Jagoan! Mohon maaf atas ketidaknyamanannya ya. Untuk kendala yang kamu alami, bisakah diinformasikan secara detail ke Tanya Jago di nomor 1500746 /+62 21 3000 0746 atau email ke tanya@jago.com? Kami dengan senang hati akan membantu kamu. :)",2025-10-26 21:07:18,8.75.0
1764fe00-4ed5-409a-ab21-c3ea96170082,Pengguna Google,https://play-lh.googleusercontent.com/EGemoI2NTXmTsBVtJqk8jxF9rh8ApRWfsIMQSt2uE4OcpQqbFu7f7NbTK05lx80nuSijCz7sc3a277R67g,aplikasinya kurang bagus,1,0,,2025-10-26 20:13:04+00:00,"Halo, Jagoan! Mohon maaf atas ketidaknyamanan. Kami akan terus memperbaiki dan meningkatkan layanan perbankan kami. Mohon kesediaannya untuk menginformasikan secara detail kendala yang dialami dengan menghubungi kami melalui Tanya Jago di 1500 746/+62 21 3000 0746, atau email ke tanya@jago.com. Kami tunggu ya.",2025-10-26 21:07:10,
e7231005-33f0-4978-9e8a-ded19922a643,Pengguna Google,https://play-lh.googleusercontent.com/EGemoI2NTXmTsBVtJqk8jxF9rh8ApRWfsIMQSt2uE4OcpQqbFu7f7NbTK05lx80nuSijCz7sc3a277R67g,keren,5,0,8.75.0,2025-10-26 17:56:24+00:00,,,8.75.0
a860cbfa-7be5-4f96-9b7e-41487953caca,Pengguna Google,https://play-lh.googleusercontent.com/EGemoI2NTXmTsBVtJqk8jxF9rh8ApRWfsIMQSt2uE4OcpQqbFu7f7NbTK05lx80nuSijCz7sc3a277R67g,keren,5,0,8.75.0,2025-10-26 17:49:50+00:00,,,8.75.0
fa18483d-2854-45db-9913-59c233c2f366,Pengguna Google,https://play-lh.googleusercontent.com/EGemoI2NTXmTsBVtJqk8jxF9rh8ApRWfsIMQSt2uE4OcpQqbFu7f7NbTK05lx80nuSijCz7sc3a277R67g,mantap tingkatkan terus bonusnya,5,0,8.74.0,2025-10-26 17:27:36+00:00,,,8.74.0
e2e5ecbe-612e-4a10-ba27-402a09d5b454,Pengguna Google,https://play-lh.googleusercontent.com/EGemoI2NTXmTsBVtJqk8jxF9rh8ApRWfsIMQSt2uE4OcpQqbFu7f7NbTK05lx80nuSijCz7sc3a277R67g,ini apaan sih eror terus tiap dibutuhin suka lemot tiba tiba gajelas,1,0,8.75.0,2025-10-26 17:27:07+00:00,"Halo, Jagoan. Mohon maaf atas kendala yang terjadi ya. Kamu tidak perlu khawatir, kamu bisa menjelaskan detail kendala tersebut melalui email di tanya@jago.com atau call center 1500 746 untuk kami bantu tangani lebih lanjut. Terima kasih :)",2025-10-26 17:40:17,8.75.0
aa794832-5dfc-4c6d-ad52-15b0d92855e0,Pengguna Google,https://play-lh.googleusercontent.com/EGemoI2NTXmTsBVtJqk8jxF9rh8ApRWfsIMQSt2uE4OcpQqbFu7f7NbTK05lx80nuSijCz7sc3a277R67g,lumayan dapat cashback 25rbu,5,0,8.75.0,2025-10-26 16:17:33+00:00,,,8.75.0
5e747417-2944-4645-a1f5-0940880086f2,Pengguna Google,https://play-lh.googleusercontent.com/EGemoI2NTXmTsBVtJqk8jxF9rh8ApRWfsIMQSt2uE4OcpQqbFu7f7NbTK05lx80nuSijCz7sc3a277R67g,"saya terblokir karena salah sandi dan langsung terkunci sudah 3hari belum kebuka ,,harus bagaiana lagi ini ,semoga jadi pelajaran untuk semua ya dan saya bisa membuka ya kembali,,padahal saya sangat Yaman menggunakan bank jago ini",5,0,8.75.0,2025-10-26 15:53:10+00:00,,,8.75.0
4aef0898-a948-4b03-b278-fe3472c72cc0,Pengguna Google,https://play-lh.googleusercontent.com/EGemoI2NTXmTsBVtJqk8jxF9rh8ApRWfsIMQSt2uE4OcpQqbFu7f7NbTK05lx80nuSijCz7sc3a277R67g,mantap,5,0,,2025-10-26 15:39:27+00:00,,,
488229f5-a439-4f30-bb71-8d90e9ab5ce2,Pengguna Google,https://play-lh.googleusercontent.com/EGemoI2NTXmTsBVtJqk8jxF9rh8ApRWfsIMQSt2uE4OcpQqbFu7f7NbTK05lx80nuSijCz7sc3a277R67g,sya bagus,5,0,8.75.0,2025-10-26 15:15:24+00:00,,,8.75.0
9cf3e08d-c383-4951-829d-dc3dce8e2bdb,Pengguna Google,https://play-lh.googleusercontent.com/EGemoI2NTXmTsBVtJqk8jxF9rh8ApRWfsIMQSt2uE4OcpQqbFu7f7NbTK05lx80nuSijCz7sc3a277R67g,"uang dari gopay merchant yg dicairkan ke akun bank jago saya tidak keliatan di akun bank jago saya setelah update aplikasi bank jago, loading aplikasi terlalu lama",1,0,8.75.0,2025-10-26 14:58:04+00:00,"Halo, Jagoan. Mohon maaf atas kendala yang terjadi ya. Kamu tidak perlu khawatir, kamu bisa menjelaskan detail kendala tersebut melalui email di tanya@jago.com atau call center 1500 746 untuk kami bantu tangani lebih lanjut. Terima kasih :)",2025-10-26 15:00:57,8.75.0
5e5795f1-bd04-4444-8896-04f7d57f1be6,Pengguna Google,https://play-lh.googleusercontent.com/EGemoI2NTXmTsBVtJqk8jxF9rh8ApRWfsIMQSt2uE4OcpQqbFu7f7NbTK05lx80nuSijCz7sc3a277R67g,mantap bgt,5,0,8.75.0,2025-10-26 14:25:47+00:00,,,8.75.0
0ed10f9e-61c4-44cd-9402-54baa6f61174,Pengguna Google,https://play-lh.googleusercontent.com/EGemoI2NTXmTsBVtJqk8jxF9rh8ApRWfsIMQSt2uE4OcpQqbFu7f7NbTK05lx80nuSijCz7sc3a277R67g,"​""Bank Jago memudahkan segalanya, kecuali dalam hal menerima transfer dari bank lain. Seringkali, bank pengirim tidak mencantumkan 'Bank Jago' dalam daftar mereka. Ini karena Bank Jago kadang terdaftar dengan dua nama: 'Bank Jago' atau 'Bank Artos' (nama lama). Perbedaan nama ini membingungkan pengirim dan menyulitkan proses transfer.""",5,0,8.75.0,2025-10-26 14:14:05+00:00,,,8.75.0
1cf11abc-34b0-4dcf-a526-ba3bf9d6905d,Pengguna Google,https://play-lh.googleusercontent.com/EGemoI2NTXmTsBVtJqk8jxF9rh8ApRWfsIMQSt2uE4OcpQqbFu7f7NbTK05lx80nuSijCz7sc3a277R67g,Bank digital terbaik..gratis transfer ke bank lain,5,0,8.74.0,2025-10-26 13:59:47+00:00,,,8.74.0
98c30d5a-5a97-4d5b-8e0a-8740c167dabd,Pengguna Google,https://play-lh.googleusercontent.com/EGemoI2NTXmTsBVtJqk8jxF9rh8ApRWfsIMQSt2uE4OcpQqbFu7f7NbTK05lx80nuSijCz7sc3a277R67g,"bisa tambahkan fitur tampilkan kode qr gak?, selain scan qr aja. biar lengkap gitu. ada sih fitur uploud itu tpi masa harus nungguin orang nya ngirim foto qr nya.",5,1,8.75.0,2025-10-26 13:54:02+00:00,,,8.75.0
aa54df71-2ee7-45c9-b89b-bd1cb93d11d4,Pengguna Google,https://play-lh.googleusercontent.com/EGemoI2NTXmTsBVtJqk8jxF9rh8ApRWfsIMQSt2uE4OcpQqbFu7f7NbTK05lx80nuSijCz7sc3a277R67g,"bank yang baguss buat transaksi setiap detik, terimakasih bank jago",5,0,,2025-10-26 13:45:22+00:00,,,
9c17788b-83fb-4e0d-bd91-b1bb281483d2,Pengguna Google,https://play-lh.googleusercontent.com/EGemoI2NTXmTsBVtJqk8jxF9rh8ApRWfsIMQSt2uE4OcpQqbFu7f7NbTK05lx80nuSijCz7sc3a277R67g,transfer cpet banget gak pake nunggu,5,0,8.75.0,2025-10-26 13:40:59+00:00,,,8.75.0
04595f6e-4a52-4407-a312-60343bea6130,Pengguna Google,https://play-lh.googleusercontent.com/EGemoI2NTXmTsBVtJqk8jxF9rh8ApRWfsIMQSt2uE4OcpQqbFu7f7NbTK05lx80nuSijCz7sc3a277R67g,Bagus sangat membantu,5,0,,2025-10-26 12:34:52+00:00,,,
b68db8af-5f18-4baa-9f53-b0fc2f795f61,Pengguna Google,https://play-lh.googleusercontent.com/EGemoI2NTXmTsBVtJqk8jxF9rh8ApRWfsIMQSt2uE4OcpQqbFu7f7NbTK05lx80nuSijCz7sc3a277R67g,"aplikasi paling tolol, daftar akun gak bisa karena nomor sudah di gunakan, pas mau login mlah tulisan nomor tidak terdaftar, yang bener yang mana goblokkkkk....udah gitu ada tulisan INTERNET TERPUTUS, gua aja pake wifi gimana terputusnya internet gua, aplikasi goblokkk banget",1,10,8.75.0,2025-10-26 12:32:16+00:00,"Hai, Jagoan. Mohon maaf untuk kendala yang kamu alami. Terkait kendala tersebut, kamu bisa segera laporkan ke Tanya Jago di nomor 1500746/021-30000746 atau e-mail ke tanya@jago.com ya. Tidak perlu khawatir karena tim terkait kami akan segera membantu. Terima kasih.",2025-10-26 13:13:19,8.75.0
2c4c49f8-86d1-4e3c-8aeb-2926687f5dfa,Pengguna Google,https://play-lh.googleusercontent.com/EGemoI2NTXmTsBVtJqk8jxF9rh8ApRWfsIMQSt2uE4OcpQqbFu7f7NbTK05lx80nuSijCz7sc3a277R67g,"suka banget sama fitur tabungan, jadi bisa atur keuangan langsung dari m- banking",5,0,,2025-10-26 11:40:25+00:00,,,
cedbeb51-f31d-4ab7-b52b-363ba2c3f76f,Pengguna Google,https://play-lh.googleusercontent.com/EGemoI2NTXmTsBVtJqk8jxF9rh8ApRWfsIMQSt2uE4OcpQqbFu7f7NbTK05lx80nuSijCz7sc3a277R67g,"aplikasi sangat bagus,simpel tidak rumit👍🏻",5,0,,2025-10-26 11:39:51+00:00,,,
f878fcd7-cc3c-469a-ba37-3e3ecce99be2,Pengguna Google,https://play-lh.googleusercontent.com/EGemoI2NTXmTsBVtJqk8jxF9rh8ApRWfsIMQSt2uE4OcpQqbFu7f7NbTK05lx80nuSijCz7sc3a277R67g,bagus,5,0,,2025-10-26 10:21:34+00:00,,,
ed8cddda-5586-4b2f-ab94-d948076844be,Pengguna Google,https://play-lh.googleusercontent.com/EGemoI2NTXmTsBVtJqk8jxF9rh8ApRWfsIMQSt2uE4OcpQqbFu7f7NbTK05lx80nuSijCz7sc3a277R67g,asik,5,0,8.75.0,2025-10-26 10:06:57+00:00,,,8.75.0
75d30537-b534-47da-842c-cb4e8323b4ea,Pengguna Google,https://play-lh.googleusercontent.com/EGemoI2NTXmTsBVtJqk8jxF9rh8ApRWfsIMQSt2uE4OcpQqbFu7f7NbTK05lx80nuSijCz7sc3a277R67g,knpa bank jago limet trbokir tiba2,5,0,8.73.0,2025-10-26 08:43:23+00:00,,,8.73.0
008d714c-c27d-4077-ba49-efc8b8705e1c,Pengguna Google,https://play-lh.googleusercontent.com/EGemoI2NTXmTsBVtJqk8jxF9rh8ApRWfsIMQSt2uE4OcpQqbFu7f7NbTK05lx80nuSijCz7sc3a277R67g,memakai aplikasi bank jago untuk pembayaran maupun topup sangat mudah dan cepat sangat rekomend,5,0,,2025-10-26 07:54:34+00:00,,,
fee72987-f7ef-41b7-9d76-cbe6e1513103,Pengguna Google,https://play-lh.googleusercontent.com/EGemoI2NTXmTsBVtJqk8jxF9rh8ApRWfsIMQSt2uE4OcpQqbFu7f7NbTK05lx80nuSijCz7sc3a277R67g,mantapo💪,5,0,,2025-10-26 07:44:12+00:00,,,
1ba6a633-b003-45cd-bd1e-8fdf7d68e9b2,Pengguna Google,https://play-lh.googleusercontent.com/EGemoI2NTXmTsBVtJqk8jxF9rh8ApRWfsIMQSt2uE4OcpQqbFu7f7NbTK05lx80nuSijCz7sc3a277R67g,"Bener2 lu yaa, lama banget ngeresponnya. Sampai telpon 3x ke Cs.nya dan pakai pulsa, padahal bank2 lain sudah menyediakan tlpn CS tanpa pulsa. Akun terkunci sejak tgl 23 okt dan dokumen sudah dikirim tp astaga, trauma make bank ini.",1,12,8.75.0,2025-10-26 06:21:48+00:00,"Hai, Jagoan. Mohon maaf untuk kendala yang kamu alami. Terkait kendala tersebut, kamu bisa segera laporkan ke Tanya Jago di nomor 1500746/021-30000746 atau e-mail ke tanya@jago.com ya. Tidak perlu khawatir karena tim terkait kami akan segera membantu. Terima kasih.",2025-10-26 07:15:32,8.75.0
cc50c0d3-7b7e-4d6e-976b-4361fd124511,Pengguna Google,https://play-lh.googleusercontent.com/EGemoI2NTXmTsBVtJqk8jxF9rh8ApRWfsIMQSt2uE4OcpQqbFu7f7NbTK05lx80nuSijCz7sc3a277R67g,sangat memuaskan,5,0,8.75.0,2025-10-26 05:29:35+00:00,,,8.75.0
2cc630a6-ec89-43bf-ac47-a3aaf94701c7,Pengguna Google,https://play-lh.googleusercontent.com/EGemoI2NTXmTsBVtJqk8jxF9rh8ApRWfsIMQSt2uE4OcpQqbFu7f7NbTK05lx80nuSijCz7sc3a277R67g,"sangat bagus dan simple, penguna baru dapet cashback lagi. mantap",5,0,8.75.0,2025-10-26 02:47:56+00:00,,,8.75.0
683e978f-7994-43f5-8ae4-d41ccc1928bf,Pengguna Google,https://play-lh.googleusercontent.com/EGemoI2NTXmTsBVtJqk8jxF9rh8ApRWfsIMQSt2uE4OcpQqbFu7f7NbTK05lx80nuSijCz7sc3a277R67g,pinjaman gue ditolak mulu kocak takut amat kagak di bayar asu,1,0,8.74.0,2025-10-26 02:35:23+00:00,"Halo, Jagoan. Mohon maaf atas kendala yang terjadi ya. Kamu tidak perlu khawatir, kamu bisa menjelaskan detail kendala tersebut melalui email di tanya@jago.com atau call center 1500 746 untuk kami bantu tangani lebih lanjut. Terima kasih :)
",2025-10-26 03:05:22,8.74.0
29512aa7-fd98-449c-b89c-576d6e1515bb,Pengguna Google,https://play-lh.googleusercontent.com/EGemoI2NTXmTsBVtJqk8jxF9rh8ApRWfsIMQSt2uE4OcpQqbFu7f7NbTK05lx80nuSijCz7sc3a277R67g,"ini gimana yah cuma pergantian no hp sampe ber hari"" blm kelar juga? udah Menuhin persyaratan telvon berkali"" selalu jawabannya gitu??? buang duit + buang"" waktu aja, KLO emg dah gak bisa bilang aja jadi orang gak buang"" pulsa, pulsa mah dah habis ratusan ribu tapi belom kelar juga parah KECEWA BERAT SIH.. katanya tinggal nunggu balasan email buat login tapi nyatanya sampai saat ini blm ada email masuk sama sekali😔 kerjaan saya terbengkalai cuma gegara ngurusin ini doang😭",1,4,8.75.0,2025-10-26 01:53:39+00:00,"Halo, Jagoan. Mohon maaf atas kendala yang terjadi ya. Kamu tidak perlu khawatir, kamu bisa menjelaskan detail kendala tersebut melalui email di tanya@jago.com atau call center 1500 746 untuk kami bantu tangani lebih lanjut. Terima kasih :)
",2025-10-26 02:57:46,8.75.0
0f4bbafd-817e-4cb8-a515-18f962eb4a3b,Pengguna Google,https://play-lh.googleusercontent.com/EGemoI2NTXmTsBVtJqk8jxF9rh8ApRWfsIMQSt2uE4OcpQqbFu7f7NbTK05lx80nuSijCz7sc3a277R67g,ok,3,0,8.75.0,2025-10-26 01:00:08+00:00,"Halo, Jagoan. Mohon maaf atas kendala yang terjadi ya. Kamu tidak perlu khawatir, kamu bisa menjelaskan detail kendala tersebut melalui email di tanya@jago.com atau call center 1500 746 untuk kami bantu tangani lebih lanjut. Terima kasih :)
",2025-10-26 01:16:30,8.75.0
cd583546-06bc-4d68-98d3-1ac779e7c0b4,Pengguna Google,https://play-lh.googleusercontent.com/EGemoI2NTXmTsBVtJqk8jxF9rh8ApRWfsIMQSt2uE4OcpQqbFu7f7NbTK05lx80nuSijCz7sc3a277R67g,Good,5,0,8.73.0,2025-10-25 21:58:02+00:00,,,8.73.0
8d7d9f1b-72d3-46ea-b73c-9d1fa7b8d162,Pengguna Google,https://play-lh.googleusercontent.com/EGemoI2NTXmTsBVtJqk8jxF9rh8ApRWfsIMQSt2uE4OcpQqbFu7f7NbTK05lx80nuSijCz7sc3a277R67g,saya mau ganti nomor gimna ya,1,0,,2025-10-25 21:57:38+00:00,"Halo, Jagoan. Mohon maaf atas kendala yang terjadi ya. Kamu tidak perlu khawatir, kamu bisa menjelaskan detail kendala tersebut melalui email di tanya@jago.com atau call center 1500 746 untuk kami bantu tangani lebih lanjut. Terima kasih :)
",2025-10-25 22:40:05,
2661ac86-e2e4-4d16-80e0-8ffb90a72e0e,Pengguna Google,https://play-lh.googleusercontent.com/EGemoI2NTXmTsBVtJqk8jxF9rh8ApRWfsIMQSt2uE4OcpQqbFu7f7NbTK05lx80nuSijCz7sc3a277R67g,top banget,5,0,8.75.0,2025-10-25 21:44:08+00:00,,,8.75.0
0dcf81c9-8126-4ab0-80a9-811ea6c11753,Pengguna Google,https://play-lh.googleusercontent.com/EGemoI2NTXmTsBVtJqk8jxF9rh8ApRWfsIMQSt2uE4OcpQqbFu7f7NbTK05lx80nuSijCz7sc3a277R67g,puas pinjaman ok punya,5,0,,2025-10-25 21:33:45+00:00,,,
fa3c73c1-03a9-4912-955b-7b086f4872c9,Pengguna Google,https://play-lh.googleusercontent.com/EGemoI2NTXmTsBVtJqk8jxF9rh8ApRWfsIMQSt2uE4OcpQqbFu7f7NbTK05lx80nuSijCz7sc3a277R67g,APLIKASI ERROR DAN DI HUBUNGI SUSAH HANYA DILAYANI ROBOT. SEMOGA KE DEPAN NYA LEBIH BAIK.,1,1,,2025-10-25 21:23:28+00:00,"Halo, Jagoan. Mohon maaf atas kendala yang terjadi ya. Kamu tidak perlu khawatir, kamu bisa menjelaskan detail kendala tersebut melalui email di tanya@jago.com atau call center 1500 746 untuk kami bantu tangani lebih lanjut. Terima kasih :)
",2025-10-25 22:40:08,
7e54c807-1fd5-4adf-8323-225722440bd6,Pengguna Google,https://play-lh.googleusercontent.com/EGemoI2NTXmTsBVtJqk8jxF9rh8ApRWfsIMQSt2uE4OcpQqbFu7f7NbTK05lx80nuSijCz7sc3a277R67g,"Dengan berat hati saya memberi bintang 1. karena proses perubahan nomor hape lama sekali repsonnya. Hingga saya tulis ulasan ini, sudah genap 7 hari permohonan saya terkait perubahan nomor handphone belum terselesaikan, sehingga sampai sekarang saya blm bisa login. Jadi ragu untuk melanjutkan menggunakan aplikasi Jago",1,0,,2025-10-25 21:10:08+00:00,"Halo, Jagoan. Mohon maaf atas kendala yang terjadi ya. Kamu tidak perlu khawatir, kamu bisa menjelaskan detail kendala tersebut melalui email di tanya@jago.com atau call center 1500 746 untuk kami bantu tangani lebih lanjut. Terima kasih :)
",2025-10-25 22:27:28,
f749f835-2c21-46f2-95d5-157d2614b925,Pengguna Google,https://play-lh.googleusercontent.com/EGemoI2NTXmTsBVtJqk8jxF9rh8ApRWfsIMQSt2uE4OcpQqbFu7f7NbTK05lx80nuSijCz7sc3a277R67g,"mau aktivasi aja harus berhari"" gada info apa kek apa gitu, klo memang data kurang jelas ya sampaikan udh mau 3 hari kaga ada email aktivitas nya",1,0,8.75.0,2025-10-25 20:15:29+00:00,"Halo, Jagoan. Mohon maaf atas kendala yang terjadi ya. Kamu tidak perlu khawatir, kamu bisa menjelaskan detail kendala tersebut melalui email di tanya@jago.com atau call center 1500 746 untuk kami bantu tangani lebih lanjut. Terima kasih :)",2025-10-25 20:34:35,8.75.0
b869aed5-9435-4e46-8aba-a59f7e23f945,Pengguna Google,https://play-lh.googleusercontent.com/EGemoI2NTXmTsBVtJqk8jxF9rh8ApRWfsIMQSt2uE4OcpQqbFu7f7NbTK05lx80nuSijCz7sc3a277R67g,"Kenapa saya tidak bisa login setelah memasukkan kode otp, hanya diam di proses masukan otp tidak mau login ke beranda mbanking nya",3,0,,2025-10-25 19:54:32+00:00,"Halo, Jagoan! Mohon maaf atas ketidaknyamanan yang Kakak alami. Supaya bisa membantu lebih lanjut, Kakak bisa menginformasikan detail keluhannya melalui email tanya@jago.com ya. Tim terkait kami dengan senang hati akan membantu Kakak menyelesaikan permasalahannya.",2025-10-25 20:13:35,
4b8e7f33-283e-4515-9af4-df8a4f893e3b,Pengguna Google,https://play-lh.googleusercontent.com/EGemoI2NTXmTsBVtJqk8jxF9rh8ApRWfsIMQSt2uE4OcpQqbFu7f7NbTK05lx80nuSijCz7sc3a277R67g,kapan kerjasama dengan indomart / alfamart ?,2,0,,2025-10-25 19:46:56+00:00,"Hai, Jagoan! Mohon maaf untuk ketidaknyamanan terkait kendala yang kamu alami. Hal ini akan menjadi perhatian dan masukan agar Bank Jago lebih baik ke depannya. Silakan hubungi Tanya Jago di 1500746/+62 21 3000 0746, atau menghubungi melalui email ke tanya@jago.com",2025-10-25 20:13:23,
cc9556a3-b379-420f-8a10-a1a0c38b454c,Pengguna Google,https://play-lh.googleusercontent.com/EGemoI2NTXmTsBVtJqk8jxF9rh8ApRWfsIMQSt2uE4OcpQqbFu7f7NbTK05lx80nuSijCz7sc3a277R67g,sangat menyenangkan,5,0,8.75.0,2025-10-25 19:32:55+00:00,,,8.75.0
dc0ec38b-f6be-48d2-a158-1e32e3600b57,Pengguna Google,https://play-lh.googleusercontent.com/EGemoI2NTXmTsBVtJqk8jxF9rh8ApRWfsIMQSt2uE4OcpQqbFu7f7NbTK05lx80nuSijCz7sc3a277R67g,bagus tingkatkan,5,0,8.75.0,2025-10-25 19:18:10+00:00,,,8.75.0
7eacf24d-4a38-4e80-b396-70413c53f5e3,Pengguna Google,https://play-lh.googleusercontent.com/EGemoI2NTXmTsBVtJqk8jxF9rh8ApRWfsIMQSt2uE4OcpQqbFu7f7NbTK05lx80nuSijCz7sc3a277R67g,maknyos,5,0,8.75.0,2025-10-25 18:24:45+00:00,,,8.75.0
22add1cc-1172-4921-9d98-a889ee4526a4,Pengguna Google,https://play-lh.googleusercontent.com/EGemoI2NTXmTsBVtJqk8jxF9rh8ApRWfsIMQSt2uE4OcpQqbFu7f7NbTK05lx80nuSijCz7sc3a277R67g,sangat bagus,5,0,8.75.0,2025-10-25 17:52:00+00:00,,,8.75.0
6836beba-69b2-494c-b068-7fc5fb798927,Pengguna Google,https://play-lh.googleusercontent.com/EGemoI2NTXmTsBVtJqk8jxF9rh8ApRWfsIMQSt2uE4OcpQqbFu7f7NbTK05lx80nuSijCz7sc3a277R67g,baru nyoba. mudah*an aman,5,0,8.74.0,2025-10-25 17:06:37+00:00,,,8.74.0
9a7309db-5f21-40a5-bf0a-c924421d567e,Pengguna Google,https://play-lh.googleusercontent.com/EGemoI2NTXmTsBVtJqk8jxF9rh8ApRWfsIMQSt2uE4OcpQqbFu7f7NbTK05lx80nuSijCz7sc3a277R67g,bagus,5,0,8.72.0,2025-10-25 17:06:36+00:00,,,8.72.0
0e08e436-4ab3-4f5c-8f2d-9fe0115fb917,Pengguna Google,https://play-lh.googleusercontent.com/EGemoI2NTXmTsBVtJqk8jxF9rh8ApRWfsIMQSt2uE4OcpQqbFu7f7NbTK05lx80nuSijCz7sc3a277R67g,mayan lah gratis tranfser beberapa kali.moga menjadi bank bluechip kedepannya wkkwkw,5,0,8.75.0,2025-10-25 14:25:36+00:00,,,8.75.0
119ddd2e-1d81-49d9-b67f-11abfa5faf1e,Pengguna Google,https://play-lh.googleusercontent.com/EGemoI2NTXmTsBVtJqk8jxF9rh8ApRWfsIMQSt2uE4OcpQqbFu7f7NbTK05lx80nuSijCz7sc3a277R67g,"ini kenapa dari dulu akun saya gak bisa dikembalikan, dikarenakan nomor yg telah terdaftar sudah hangus. ini gimana akun saya padahal masih ada saldonya saya dari kemarin mencoba pergantian akun nomor hp. tolong hargai kami sebagai para nasabah JAGO",1,0,,2025-10-25 14:15:06+00:00,"Halo, Jagoan! Saya mohon maaf atas kendala dan ketidaknyamanan kamu ya. Saya mengerti kesulitan yang kamu hadapi terkait kendala ini. Supaya bisa membantu lebih lanjut, mohon untuk hubungi email kami di tanya@jago.com atau melalui telpon di 1500 746/+62 21 3000 0746. Secepatnya akan kami cek dan tangani :)",2025-10-25 15:21:19,
d1c36218-7f16-4765-8766-ea245cbd3d81,Pengguna Google,https://play-lh.googleusercontent.com/EGemoI2NTXmTsBVtJqk8jxF9rh8ApRWfsIMQSt2uE4OcpQqbFu7f7NbTK05lx80nuSijCz7sc3a277R67g,saya menyukai ini,5,0,8.75.0,2025-10-25 13:36:40+00:00,,,8.75.0
733c7d1e-2efb-42cf-a00e-27ef094f1e2c,Pengguna Google,https://play-lh.googleusercontent.com/EGemoI2NTXmTsBVtJqk8jxF9rh8ApRWfsIMQSt2uE4OcpQqbFu7f7NbTK05lx80nuSijCz7sc3a277R67g,sejauh ini oke sih.,5,0,8.75.0,2025-10-25 13:00:05+00:00,,,8.75.0
fa22d417-0fd0-41f1-877a-358449ccb1ca,Pengguna Google,https://play-lh.googleusercontent.com/EGemoI2NTXmTsBVtJqk8jxF9rh8ApRWfsIMQSt2uE4OcpQqbFu7f7NbTK05lx80nuSijCz7sc3a277R67g,"bagus transaksi kemnapun gratis tanpa biaya admin ,proses cepat dan mudah",5,0,8.73.0,2025-10-25 12:02:05+00:00,,,8.73.0
b59830b2-7472-4f44-bc34-ae55237d43f6,Pengguna Google,https://play-lh.googleusercontent.com/EGemoI2NTXmTsBVtJqk8jxF9rh8ApRWfsIMQSt2uE4OcpQqbFu7f7NbTK05lx80nuSijCz7sc3a277R67g,baik,5,0,8.75.0,2025-10-25 11:21:34+00:00,,,8.75.0
612f608f-c38e-40c2-97de-5ca78bbfe3e8,Pengguna Google,https://play-lh.googleusercontent.com/EGemoI2NTXmTsBVtJqk8jxF9rh8ApRWfsIMQSt2uE4OcpQqbFu7f7NbTK05lx80nuSijCz7sc3a277R67g,bagus,5,0,8.75.0,2025-10-25 11:15:09+00:00,,,8.75.0
8bdc08eb-89ca-4230-8dfb-68a04513fc85,Pengguna Google,https://play-lh.googleusercontent.com/EGemoI2NTXmTsBVtJqk8jxF9rh8ApRWfsIMQSt2uE4OcpQqbFu7f7NbTK05lx80nuSijCz7sc3a277R67g,"aplikasi mantap , dapat cashback terus terimakasih bank jago , sujses selalu",5,0,8.75.0,2025-10-25 10:54:43+00:00,,,8.75.0
581c29e0-8afe-4a10-9b9c-3f8b48c2bcb2,Pengguna Google,https://play-lh.googleusercontent.com/EGemoI2NTXmTsBVtJqk8jxF9rh8ApRWfsIMQSt2uE4OcpQqbFu7f7NbTK05lx80nuSijCz7sc3a277R67g,"gokil sih bagus banget, selalu dapet hadiah, tampilannya pun simpel. pokoknya rekomen banget deh untuk kalian yang mau belajar mengelola keuangan",5,0,8.75.0,2025-10-25 09:58:01+00:00,,,8.75.0
ff75a8bb-6fa7-4fbe-a728-e5a98c17b25c,Pengguna Google,https://play-lh.googleusercontent.com/EGemoI2NTXmTsBVtJqk8jxF9rh8ApRWfsIMQSt2uE4OcpQqbFu7f7NbTK05lx80nuSijCz7sc3a277R67g,sangat membantu,5,0,8.75.0,2025-10-25 09:45:40+00:00,,,8.75.0
b1ec3022-6666-4284-8dd5-7487693052c2,Pengguna Google,https://play-lh.googleusercontent.com/EGemoI2NTXmTsBVtJqk8jxF9rh8ApRWfsIMQSt2uE4OcpQqbFu7f7NbTK05lx80nuSijCz7sc3a277R67g,trimakasi,5,0,,2025-10-25 08:24:07+00:00,,,
9b600502-c4e6-4a88-a80f-ae9696a760ee,Pengguna Google,https://play-lh.googleusercontent.com/EGemoI2NTXmTsBVtJqk8jxF9rh8ApRWfsIMQSt2uE4OcpQqbFu7f7NbTK05lx80nuSijCz7sc3a277R67g,sangat membantu,5,0,8.74.0,2025-10-25 07:34:33+00:00,,,8.74.0
29823ff7-d4a4-4288-914a-c946767cf379,Pengguna Google,https://play-lh.googleusercontent.com/EGemoI2NTXmTsBVtJqk8jxF9rh8ApRWfsIMQSt2uE4OcpQqbFu7f7NbTK05lx80nuSijCz7sc3a277R67g,makasih SDH kasi hadiah 25k lumayan 😁,5,0,8.74.0,2025-10-25 06:59:37+00:00,,,8.74.0
32a93a37-f1ec-4e9c-8da9-2b81afb9a5de,Pengguna Google,https://play-lh.googleusercontent.com/EGemoI2NTXmTsBVtJqk8jxF9rh8ApRWfsIMQSt2uE4OcpQqbFu7f7NbTK05lx80nuSijCz7sc3a277R67g,mantap. bisa transfer gratis trrus,5,0,8.72.0,2025-10-25 06:43:29+00:00,,,8.72.0
a7dcd040-6d8c-48d0-ad4a-655e96d5440f,Pengguna Google,https://play-lh.googleusercontent.com/EGemoI2NTXmTsBVtJqk8jxF9rh8ApRWfsIMQSt2uE4OcpQqbFu7f7NbTK05lx80nuSijCz7sc3a277R67g,gw udah tertipu dari tokopedia care dengan mengatas namakan pt. bank jago tbk,1,0,,2025-10-25 03:40:06+00:00,"Halo, Jagoan! Mohon maaf atas kendala yang kamu alami ya. Saya mengerti situasi sulit ini mengganggu kamu. Mohon kesediaannya mengirimkan email ke tanya@jago.com dengan melampirkan bukti foto/tangkapan layar kendala kamu. Agar dapat segera kami bantu.",2025-10-25 04:04:44,
ef863181-fedb-465a-82a2-8e86f42e8df2,Pengguna Google,https://play-lh.googleusercontent.com/EGemoI2NTXmTsBVtJqk8jxF9rh8ApRWfsIMQSt2uE4OcpQqbFu7f7NbTK05lx80nuSijCz7sc3a277R67g,"Sangat puas, saya sudah dapat bonus dana 2 kali hasil nya sangat puas sekali, makasih bank jago",5,0,8.72.0,2025-10-25 03:25:02+00:00,,,8.72.0
dd86fd28-4718-4b7a-a667-c7d84ad082b0,Pengguna Google,https://play-lh.googleusercontent.com/EGemoI2NTXmTsBVtJqk8jxF9rh8ApRWfsIMQSt2uE4OcpQqbFu7f7NbTK05lx80nuSijCz7sc3a277R67g,Ok,5,0,,2025-10-25 02:22:00+00:00,,,
e5091e76-790d-4c17-9bce-a8860632e3af,Pengguna Google,https://play-lh.googleusercontent.com/EGemoI2NTXmTsBVtJqk8jxF9rh8ApRWfsIMQSt2uE4OcpQqbFu7f7NbTK05lx80nuSijCz7sc3a277R67g,"lama banget respon customer service nya di telepon cuma bot doang sambil nyanyi2, Melalui WhatsApp Chat nya hari senin bales nya hari Jum'at email juga sama apa ini gelo.",1,0,7.5.1,2025-10-25 00:41:12+00:00,"Halo, Jagoan! Mohon maaf apabila terdapat fitur atau layanan Jago yang belum sesuai harapan kamu. Kamu bisa menghubungi Tanya Jago di nomor 1500746 / 021-30000746 atau e-mail ke tanya@jago.com untuk kami bantu cek kendalanya lebih lanjut ya. Agent kami dengan senang hati membantu kamu.",2025-10-25 01:53:16,7.5.1
33f393b7-cb16-4a88-8a67-8452a50ec7a3,Pengguna Google,https://play-lh.googleusercontent.com/EGemoI2NTXmTsBVtJqk8jxF9rh8ApRWfsIMQSt2uE4OcpQqbFu7f7NbTK05lx80nuSijCz7sc3a277R67g,Memakai Aplikasi bank jago sangat nyaman sekali buat transaksi apapun. Terimkasih bank jago,5,0,8.75.0,2025-10-25 00:05:38+00:00,,,8.75.0
70fa157a-a23c-4cfb-922c-6acd3d710927,Pengguna Google,https://play-lh.googleusercontent.com/EGemoI2NTXmTsBVtJqk8jxF9rh8ApRWfsIMQSt2uE4OcpQqbFu7f7NbTK05lx80nuSijCz7sc3a277R67g,"aplikasinya enak digunakan & nyaman.. enak buat tempat tabungan untuk nikah,gk ada potongan pajak.nya. semoga amanah ya..",5,0,8.74.0,2025-10-24 23:57:13+00:00,,,8.74.0
5bf644a9-338b-4d2d-9498-202715e9334b,Pengguna Google,https://play-lh.googleusercontent.com/EGemoI2NTXmTsBVtJqk8jxF9rh8ApRWfsIMQSt2uE4OcpQqbFu7f7NbTK05lx80nuSijCz7sc3a277R67g,"akun tertutup tiba tiba dan tidak bisa daftar lagi , kebijakan aneh",1,1,8.75.0,2025-10-24 23:02:56+00:00,"Halo, Jagoan. Terima kasih atas penilaian yang sudah kamu berikan. Masukanmu menjadi input baik untuk Jago dalam memberikan layanan yang lebih baik lagi ke depannya. Jika ada yang ingin ditanyakan, kamu bisa mengirimkan email ke tanya@jago.com atau call center di 1500 746. Terima kasih :)",2025-10-25 01:35:07,8.75.0
8e067975-f451-4c1b-8396-06ca035f4358,Pengguna Google,https://play-lh.googleusercontent.com/EGemoI2NTXmTsBVtJqk8jxF9rh8ApRWfsIMQSt2uE4OcpQqbFu7f7NbTK05lx80nuSijCz7sc3a277R67g,warbiasa,5,0,8.70.1,2025-10-24 22:57:43+00:00,,,8.70.1
e9c656c4-79eb-47dd-9626-ff13d21d0499,Pengguna Google,https://play-lh.googleusercontent.com/EGemoI2NTXmTsBVtJqk8jxF9rh8ApRWfsIMQSt2uE4OcpQqbFu7f7NbTK05lx80nuSijCz7sc3a277R67g,kece abis jago krenn super cepat super peraktis,5,0,8.74.0,2025-10-24 22:21:01+00:00,,,8.74.0
58e46e83-ba28-4ccd-87b4-ea2050502583,Pengguna Google,https://play-lh.googleusercontent.com/EGemoI2NTXmTsBVtJqk8jxF9rh8ApRWfsIMQSt2uE4OcpQqbFu7f7NbTK05lx80nuSijCz7sc3a277R67g,"sangat membantu, transfer ke semua bank gratis, aplikasi nya sangat bagus",5,0,,2025-10-24 21:37:22+00:00,,,
495f08b3-a805-450d-ab4d-8cd7ec94cddc,Pengguna Google,https://play-lh.googleusercontent.com/EGemoI2NTXmTsBVtJqk8jxF9rh8ApRWfsIMQSt2uE4OcpQqbFu7f7NbTK05lx80nuSijCz7sc3a277R67g,"aplikasinya mantap dan sangat membantu, semoga sukses selalu untuk aplikasi JAGO",5,0,8.75.0,2025-10-24 21:07:16+00:00,,,8.75.0
e5eb1723-9496-4899-957d-5efc5114a1a1,Pengguna Google,https://play-lh.googleusercontent.com/EGemoI2NTXmTsBVtJqk8jxF9rh8ApRWfsIMQSt2uE4OcpQqbFu7f7NbTK05lx80nuSijCz7sc3a277R67g,"Perbaiki aplikasinya, untuk log in aja tidak bisa, padahal koneksi baik baik saja, setelah masukan pin dan masuk sidik jari gak bisa bisa",1,2,8.75.0,2025-10-24 20:29:38+00:00,"Halo, Jagoan. Mohon maaf atas kendala yang terjadi ya. Kamu tidak perlu khawatir, kamu bisa menjelaskan detail kendala tersebut melalui email di tanya@jago.com atau call center 1500 746 untuk kami bantu tangani lebih lanjut. Terima kasih :)",2025-10-24 21:01:34,8.75.0
819e5e01-f4a1-4606-9353-c843d4d700fb,Pengguna Google,https://play-lh.googleusercontent.com/EGemoI2NTXmTsBVtJqk8jxF9rh8ApRWfsIMQSt2uE4OcpQqbFu7f7NbTK05lx80nuSijCz7sc3a277R67g,"akhirnya sudah bisa login, terima kasih Min",3,0,8.75.0,2025-10-24 19:18:36+00:00,"Halo, Jagoan. Mohon maaf atas kendala yang terjadi ya. Kamu tidak perlu khawatir, kamu bisa menjelaskan detail kendala tersebut melalui email di tanya@jago.com atau call center 1500 746 untuk kami bantu tangani lebih lanjut. Terima kasih :)",2025-10-24 19:39:08,8.75.0
2188970c-dd05-4d1f-bf04-65801c5e621f,Pengguna Google,https://play-lh.googleusercontent.com/EGemoI2NTXmTsBVtJqk8jxF9rh8ApRWfsIMQSt2uE4OcpQqbFu7f7NbTK05lx80nuSijCz7sc3a277R67g,"burukkkk banget register gak bisa,udah unggah KTP masih aja gak bisa nik dll semua udah bener.apk buruk",1,1,,2025-10-24 19:09:12+00:00,"Halo, Jagoan. Mohon maaf atas kendala yang terjadi ya. Kamu tidak perlu khawatir, kamu bisa menjelaskan detail kendala tersebut melalui email di tanya@jago.com atau call center 1500 746 untuk kami bantu tangani lebih lanjut. Terima kasih :)",2025-10-24 19:39:12,
810e5d76-e481-4af4-8f2c-fefac5083189,Pengguna Google,https://play-lh.googleusercontent.com/EGemoI2NTXmTsBVtJqk8jxF9rh8ApRWfsIMQSt2uE4OcpQqbFu7f7NbTK05lx80nuSijCz7sc3a277R67g,baru mau nyoba,4,0,,2025-10-24 18:44:33+00:00,"Halo, Jagoan! Terima kasih telah memilih Bank Jago dan selamat menjelajahi fitur-fiturnya ya. Yuk ikuti terus social media kami untuk tahu informasi promo dan update terbaru dari kami. Jika ada hal lain yang ingin ditanyakan, jangan ragu-ragu untuk menghubungi Tanya Jago di nomor 1500746 / 021-30000746 atau e-mail ke tanya@jago.com",2025-10-24 19:16:12,
9e8be91a-38e8-4677-9140-562f362882d0,Pengguna Google,https://play-lh.googleusercontent.com/EGemoI2NTXmTsBVtJqk8jxF9rh8ApRWfsIMQSt2uE4OcpQqbFu7f7NbTK05lx80nuSijCz7sc3a277R67g,"jaringan busuk/jelek, mau transaksi ke bank dan dompet digital lain susah banget karena jaringan buruk terus, mau transaksi ke bibit atau stockbit juga susah karena jaringan juga huuuuuuu",1,1,8.75.0,2025-10-24 18:40:58+00:00,"Halo, Jagoan. Mohon maaf atas kendala yang terjadi ya. Kamu tidak perlu khawatir, kamu bisa menjelaskan detail kendala tersebut melalui email di tanya@jago.com atau call center 1500 746 untuk kami bantu tangani lebih lanjut. Terima kasih :)",2025-10-24 19:16:05,8.75.0
315b27a3-5445-4c8e-98d9-658bef58d92f,Pengguna Google,https://play-lh.googleusercontent.com/EGemoI2NTXmTsBVtJqk8jxF9rh8ApRWfsIMQSt2uE4OcpQqbFu7f7NbTK05lx80nuSijCz7sc3a277R67g,"kenapa baru buat akun, mau login tapi gak bisa ya ""koneksi internet terputus"". padahal buat nonton youtube 4k aja lancar jaya, buat buka ig lancar jaya",1,1,8.75.0,2025-10-24 18:29:36+00:00,"Halo, Jagoan. Mohon maaf atas kendala yang terjadi ya. Kamu tidak perlu khawatir, kamu bisa menjelaskan detail kendala tersebut melalui email di tanya@jago.com atau call center 1500 746 untuk kami bantu tangani lebih lanjut. Terima kasih :)",2025-10-24 19:24:42,8.75.0
e8b5f614-73da-4e40-884d-ff3abad66447,Pengguna Google,https://play-lh.googleusercontent.com/EGemoI2NTXmTsBVtJqk8jxF9rh8ApRWfsIMQSt2uE4OcpQqbFu7f7NbTK05lx80nuSijCz7sc3a277R67g,"UI berat, sinyal bagus tapi lost conection, semoga nasabahnya habis",1,0,8.75.0,2025-10-24 18:25:05+00:00,"Halo, Jagoan. Mohon maaf atas kendala yang terjadi ya. Kamu tidak perlu khawatir, kamu bisa menjelaskan detail kendala tersebut melalui email di tanya@jago.com atau call center 1500 746 untuk kami bantu tangani lebih lanjut. Terima kasih :)
",2025-10-25 23:34:19,8.75.0
30de73df-9e63-40b5-8aeb-5d1c968e8db1,Pengguna Google,https://play-lh.googleusercontent.com/EGemoI2NTXmTsBVtJqk8jxF9rh8ApRWfsIMQSt2uE4OcpQqbFu7f7NbTK05lx80nuSijCz7sc3a277R67g,"jago lagi kenapa deh, udah sekarang jumlah gratis beda banknya cuma 3, eh sekarang aku mau tf bahkan log in aja gak bisa²",1,0,8.75.0,2025-10-24 18:23:58+00:00,"Halo, Jagoan. Mohon maaf atas kendala yang terjadi ya. Kamu tidak perlu khawatir, kamu bisa menjelaskan detail kendala tersebut melalui email di tanya@jago.com atau call center 1500 746 untuk kami bantu tangani lebih lanjut. Terima kasih :)",2025-10-24 19:25:00,8.75.0
e3a165e3-f6ec-40a0-8390-7bdb20c289e4,Pengguna Google,https://play-lh.googleusercontent.com/EGemoI2NTXmTsBVtJqk8jxF9rh8ApRWfsIMQSt2uE4OcpQqbFu7f7NbTK05lx80nuSijCz7sc3a277R67g,kemarin akun saya tidak apa apa tapi las udah diisi saldo 1 juta pas masuk tidak ada koneksi padahal data lancar🙏,3,1,8.75.0,2025-10-24 18:19:18+00:00,"Halo, Jagoan. Mohon maaf atas kendala yang terjadi ya. Kamu tidak perlu khawatir, kamu bisa menjelaskan detail kendala tersebut melalui email di tanya@jago.com atau call center 1500 746 untuk kami bantu tangani lebih lanjut. Terima kasih :)",2025-10-24 19:24:21,8.75.0
feb6b671-d3c6-4954-bd07-e93c03058f1d,Pengguna Google,https://play-lh.googleusercontent.com/EGemoI2NTXmTsBVtJqk8jxF9rh8ApRWfsIMQSt2uE4OcpQqbFu7f7NbTK05lx80nuSijCz7sc3a277R67g,ribet buat bayar pake pin ga langsung pake finger. loading lama,1,0,,2025-10-24 18:17:47+00:00,"Halo, Jagoan. Mohon maaf atas kendala yang terjadi ya. Kamu tidak perlu khawatir, kamu bisa menjelaskan detail kendala tersebut melalui email di tanya@jago.com atau call center 1500 746 untuk kami bantu tangani lebih lanjut. Terima kasih :)",2025-10-24 19:24:36,
1fb9d92d-4054-41b6-b866-7204da73383e,Pengguna Google,https://play-lh.googleusercontent.com/EGemoI2NTXmTsBVtJqk8jxF9rh8ApRWfsIMQSt2uE4OcpQqbFu7f7NbTK05lx80nuSijCz7sc3a277R67g,"KONEKSI LOST TERUS, KENAPAAA??!!! APLIKASI LAIN LANCAR",1,1,8.75.0,2025-10-24 18:16:59+00:00,"Halo, Jagoan. Mohon maaf atas kendala yang terjadi ya. Kamu tidak perlu khawatir, kamu bisa menjelaskan detail kendala tersebut melalui email di tanya@jago.com atau call center 1500 746 untuk kami bantu tangani lebih lanjut. Terima kasih :)",2025-10-24 19:24:56,8.75.0
e4c91e2d-7f5a-4278-b147-e4cdfa7006aa,Pengguna Google,https://play-lh.googleusercontent.com/EGemoI2NTXmTsBVtJqk8jxF9rh8ApRWfsIMQSt2uE4OcpQqbFu7f7NbTK05lx80nuSijCz7sc3a277R67g,ini gimna si jago.... dari tadi mau transaksi asik bermasalah aja .. asik jaringan terputus padahal buka bank lain aman aja .. tolong lah gimna ini jngan buat nasabah kecewa,1,0,8.75.0,2025-10-24 18:10:17+00:00,"Halo, Jagoan. Mohon maaf atas kendala yang terjadi ya. Kamu tidak perlu khawatir, kamu bisa menjelaskan detail kendala tersebut melalui email di tanya@jago.com atau call center 1500 746 untuk kami bantu tangani lebih lanjut. Terima kasih :)",2025-10-24 19:16:29,8.75.0
c6e8d3d5-ce0d-45f7-b8b3-3d6e6bfa1dfb,Pengguna Google,https://play-lh.googleusercontent.com/EGemoI2NTXmTsBVtJqk8jxF9rh8ApRWfsIMQSt2uE4OcpQqbFu7f7NbTK05lx80nuSijCz7sc3a277R67g,"LAG LAG MATANE LAG SERVER LU AJG LAG GUE UDAH PAKAI WIFI KOUTA INTERNET MASIH AJA SAMA, MAU NYA APA SI ORANG PERLU CEPAT",1,1,,2025-10-24 18:09:36+00:00,"Halo, Jagoan. Mohon maaf atas kendala yang terjadi ya. Kamu tidak perlu khawatir, kamu bisa menjelaskan detail kendala tersebut melalui email di tanya@jago.com atau call center 1500 746 untuk kami bantu tangani lebih lanjut. Terima kasih :)",2025-10-24 19:16:34,
c4fa7246-2305-42eb-9f21-3700462da552,Pengguna Google,https://play-lh.googleusercontent.com/EGemoI2NTXmTsBVtJqk8jxF9rh8ApRWfsIMQSt2uE4OcpQqbFu7f7NbTK05lx80nuSijCz7sc3a277R67g,"tolong diperbaiki yg bug atau lag, padahal kondisi jaringan bgus",4,0,8.75.0,2025-10-24 18:05:20+00:00,"Halo, Jagoan. Mohon maaf atas kendala yang terjadi ya. Kamu tidak perlu khawatir, kamu bisa menjelaskan detail kendala tersebut melalui email di tanya@jago.com atau call center 1500 746 untuk kami bantu tangani lebih lanjut. Terima kasih :)",2025-10-24 19:24:54,8.75.0
8450c8ec-92ad-4c28-b42a-20e4ca3956cf,Pengguna Google,https://play-lh.googleusercontent.com/EGemoI2NTXmTsBVtJqk8jxF9rh8ApRWfsIMQSt2uE4OcpQqbFu7f7NbTK05lx80nuSijCz7sc3a277R67g,"oi ini aplikasi kenapa, koneksi terputus mulu,padahal jaringan aman aman aja,, tolong dicek oi, bikin resah aja,,",1,1,,2025-10-24 18:04:13+00:00,"Halo, Jagoan. Mohon maaf atas kendala yang terjadi ya. Kamu tidak perlu khawatir, kamu bisa menjelaskan detail kendala tersebut melalui email di tanya@jago.com atau call center 1500 746 untuk kami bantu tangani lebih lanjut. Terima kasih :)",2025-10-24 19:16:25,
803cf513-58b7-4048-b245-37f9e23a698f,Pengguna Google,https://play-lh.googleusercontent.com/EGemoI2NTXmTsBVtJqk8jxF9rh8ApRWfsIMQSt2uE4OcpQqbFu7f7NbTK05lx80nuSijCz7sc3a277R67g,"jan di download, tf aja susah. alasan gangguan lah apa lah.",1,1,8.75.0,2025-10-24 17:58:57+00:00,"Halo, Jagoan! Mohon maaf atas ketidaknyamanannya. Kami mengerti atas pengalaman kurang baik yang kamu alami. Untuk membantu kamu lebih lanjut, mohon menghubungi Tanya Jago di 1500746 / 021-30000746 atau email ke tanya@jago.com untuk kami cek lebih lanjut terkait kendala tersebut. Kami tunggu laporan dari kamu ya.",2025-10-24 18:04:24,8.75.0
b32db579-d59a-4fc4-b085-fa2ebfc5b347,Pengguna Google,https://play-lh.googleusercontent.com/EGemoI2NTXmTsBVtJqk8jxF9rh8ApRWfsIMQSt2uE4OcpQqbFu7f7NbTK05lx80nuSijCz7sc3a277R67g,padahal jaringan bagus aplikasi gabsa di buka trs mau daftar susah alesan jaringan nya jelek,1,1,8.75.0,2025-10-24 17:52:01+00:00,"Halo, Jagoan! Mohon maaf atas ketidaknyamanannya. Kami mengerti atas pengalaman kurang baik yang kamu alami. Untuk membantu kamu lebih lanjut, mohon menghubungi Tanya Jago di 1500746 / 021-30000746 atau email ke tanya@jago.com untuk kami cek lebih lanjut terkait kendala tersebut. Kami tunggu laporan dari kamu ya.",2025-10-24 18:04:19,8.75.0
4d83184f-42e9-431a-8d08-9e7a2b7d3900,Pengguna Google,https://play-lh.googleusercontent.com/EGemoI2NTXmTsBVtJqk8jxF9rh8ApRWfsIMQSt2uE4OcpQqbFu7f7NbTK05lx80nuSijCz7sc3a277R67g,bagus,5,0,8.74.0,2025-10-24 17:35:14+00:00,,,8.74.0
668dea92-8233-4f64-8a56-1e9900aac5eb,Pengguna Google,https://play-lh.googleusercontent.com/EGemoI2NTXmTsBVtJqk8jxF9rh8ApRWfsIMQSt2uE4OcpQqbFu7f7NbTK05lx80nuSijCz7sc3a277R67g,Tolong diperbaiki lagi,5,0,8.75.0,2025-10-24 17:30:39+00:00,,,8.75.0
ea83dc24-2f2c-47cf-800d-796ee7c4fb7f,Pengguna Google,https://play-lh.googleusercontent.com/EGemoI2NTXmTsBVtJqk8jxF9rh8ApRWfsIMQSt2uE4OcpQqbFu7f7NbTK05lx80nuSijCz7sc3a277R67g,saya penguna baru saya kasi bintang 3 dulu semoga bank jago amana,3,0,,2025-10-24 17:07:39+00:00,"Halo, Jagoan! Terima kasih telah memilih Bank Jago dan selamat menjelajahi fitur-fiturnya ya. Yuk ikuti terus social media kami untuk tahu informasi promo dan update terbaru dari kami. Jika ada hal lain yang ingin ditanyakan, jangan ragu-ragu untuk menghubungi Tanya Jago di nomor 1500746 / 021-30000746 atau e-mail ke tanya@jago.com",2025-10-24 18:03:49,
82eb94ad-5d9d-455e-8e9c-12d2fa8ea3f0,Pengguna Google,https://play-lh.googleusercontent.com/EGemoI2NTXmTsBVtJqk8jxF9rh8ApRWfsIMQSt2uE4OcpQqbFu7f7NbTK05lx80nuSijCz7sc3a277R67g,aplikasi gajelas,1,1,,2025-10-24 17:00:48+00:00,"Halo, Jagoan! Mohon maaf atas ketidaknyamanannya. Kami mengerti atas pengalaman kurang baik yang kamu alami. Untuk membantu kamu lebih lanjut, mohon menghubungi Tanya Jago di 1500746 / 021-30000746 atau email ke tanya@jago.com untuk kami cek lebih lanjut terkait kendala tersebut. Kami tunggu laporan dari kamu ya.",2025-10-24 18:03:40,
988479dd-a68d-4a8d-8d43-ac050c73a4f8,Pengguna Google,https://play-lh.googleusercontent.com/EGemoI2NTXmTsBVtJqk8jxF9rh8ApRWfsIMQSt2uE4OcpQqbFu7f7NbTK05lx80nuSijCz7sc3a277R67g,"Terimakasih bank jago, saya membuat akun bank jago belum ada 1bulan sudah nongol pinjamannya tetapi ditolak tidak apa-apa bagi saya.. tetapi saya mendapatkan hadiah dari bank jago adventure 25k 2x yang totalnya sudah 50k.. terimakasih",5,1,8.75.0,2025-10-24 16:50:17+00:00,,,8.75.0
ff595e95-60ef-4395-85ed-ee67adca3d5f,Pengguna Google,https://play-lh.googleusercontent.com/EGemoI2NTXmTsBVtJqk8jxF9rh8ApRWfsIMQSt2uE4OcpQqbFu7f7NbTK05lx80nuSijCz7sc3a277R67g,"keren ,TF k bank lain gratis , mudah dgunakan..",5,0,8.73.0,2025-10-24 16:28:49+00:00,,,8.73.0
7f5a5773-73ed-4715-a1c4-ac7fb3f943ee,Pengguna Google,https://play-lh.googleusercontent.com/EGemoI2NTXmTsBVtJqk8jxF9rh8ApRWfsIMQSt2uE4OcpQqbFu7f7NbTK05lx80nuSijCz7sc3a277R67g,Bagus,5,0,8.74.0,2025-10-24 16:08:35+00:00,,,8.74.0
5ca8a6e7-cd01-4950-8dd4-bbca175dc663,Pengguna Google,https://play-lh.googleusercontent.com/EGemoI2NTXmTsBVtJqk8jxF9rh8ApRWfsIMQSt2uE4OcpQqbFu7f7NbTK05lx80nuSijCz7sc3a277R67g,aplikasi eror,1,1,8.75.0,2025-10-24 16:06:37+00:00,"Halo, Jagoan! Mohon maaf atas ketidaknyamanannya. Kami mengerti atas pengalaman kurang baik yang kamu alami. Untuk membantu kamu lebih lanjut, mohon menghubungi Tanya Jago di 1500746 / 021-30000746 atau email ke tanya@jago.com untuk kami cek lebih lanjut terkait kendala tersebut. Kami tunggu laporan dari kamu ya.",2025-10-24 16:50:13,8.75.0
6fd763df-70b0-4ccb-8f55-3536c240a4a9,Pengguna Google,https://play-lh.googleusercontent.com/EGemoI2NTXmTsBVtJqk8jxF9rh8ApRWfsIMQSt2uE4OcpQqbFu7f7NbTK05lx80nuSijCz7sc3a277R67g,"Ganti email aja 3 hari engga beres beres ,engga ad tindak lanjut juga dari customer service nya ,sering Bug hilang jaringan , sangat menyusahkan , transaksi jadi terhambat gara2 pelayanan yang kurang jelas",1,10,8.75.0,2025-10-24 15:02:53+00:00,"Halo, Jagoan! Mohon maaf apabila terdapat fitur atau layanan Jago yang belum sesuai harapan kamu. Kamu bisa menghubungi Tanya Jago di nomor 1500746 / 021-30000746 atau e-mail ke tanya@jago.com untuk kami bantu cek kendalanya lebih lanjut ya. Agent kami dengan senang hati membantu kamu.",2025-10-24 15:40:25,8.75.0
60e5b6f4-0afe-4cf1-8339-d72a3de45019,Pengguna Google,https://play-lh.googleusercontent.com/EGemoI2NTXmTsBVtJqk8jxF9rh8ApRWfsIMQSt2uE4OcpQqbFu7f7NbTK05lx80nuSijCz7sc3a277R67g,mantap bossqqqq,5,0,8.75.0,2025-10-24 14:22:58+00:00,,,8.75.0
03605da0-ecfd-40b4-bc89-2de373cf7d1c,Pengguna Google,https://play-lh.googleusercontent.com/EGemoI2NTXmTsBVtJqk8jxF9rh8ApRWfsIMQSt2uE4OcpQqbFu7f7NbTK05lx80nuSijCz7sc3a277R67g,kak sata masuk ke aplikasi bangjago kok gagal terus kata sandi salah badahal benar tolong bantu lah sokalya saya masih ada tanggungan,5,0,8.75.0,2025-10-24 14:01:07+00:00,,,8.75.0
f611571f-1adb-44ff-adda-542f52cfbc52,Pengguna Google,https://play-lh.googleusercontent.com/EGemoI2NTXmTsBVtJqk8jxF9rh8ApRWfsIMQSt2uE4OcpQqbFu7f7NbTK05lx80nuSijCz7sc3a277R67g,sangat bagus,5,0,8.75.0,2025-10-24 13:15:46+00:00,,,8.75.0
461af79c-b025-4502-8ec8-fb31940703e1,Pengguna Google,https://play-lh.googleusercontent.com/EGemoI2NTXmTsBVtJqk8jxF9rh8ApRWfsIMQSt2uE4OcpQqbFu7f7NbTK05lx80nuSijCz7sc3a277R67g,sejauh ini nyaman pakai jago ..,5,0,8.75.0,2025-10-24 12:56:26+00:00,,,8.75.0
12c10f53-22a8-42b6-a953-5aa3aeca6428,Pengguna Google,https://play-lh.googleusercontent.com/EGemoI2NTXmTsBVtJqk8jxF9rh8ApRWfsIMQSt2uE4OcpQqbFu7f7NbTK05lx80nuSijCz7sc3a277R67g,mantapp sekali,5,0,8.75.0,2025-10-24 12:28:39+00:00,,,8.75.0
36ab3f47-9bcc-488f-82be-d61cc40a56d5,Pengguna Google,https://play-lh.googleusercontent.com/EGemoI2NTXmTsBVtJqk8jxF9rh8ApRWfsIMQSt2uE4OcpQqbFu7f7NbTK05lx80nuSijCz7sc3a277R67g,bagusss,5,0,8.75.0,2025-10-24 11:34:49+00:00,,,8.75.0
ce065d80-3e57-429e-820e-8a86f6752cc8,Pengguna Google,https://play-lh.googleusercontent.com/EGemoI2NTXmTsBVtJqk8jxF9rh8ApRWfsIMQSt2uE4OcpQqbFu7f7NbTK05lx80nuSijCz7sc3a277R67g,Bagus,5,0,8.75.0,2025-10-24 11:06:24+00:00,,,8.75.0
8dc2730f-72c5-4d7a-8e78-c27c804a14c9,Pengguna Google,https://play-lh.googleusercontent.com/EGemoI2NTXmTsBVtJqk8jxF9rh8ApRWfsIMQSt2uE4OcpQqbFu7f7NbTK05lx80nuSijCz7sc3a277R67g,"terimakasih bank jago,,,,MANAAAPP TOP",5,0,8.72.0,2025-10-24 10:51:19+00:00,,,8.72.0
8f33bc61-a886-4f6b-93b2-29d7b3922078,Pengguna Google,https://play-lh.googleusercontent.com/EGemoI2NTXmTsBVtJqk8jxF9rh8ApRWfsIMQSt2uE4OcpQqbFu7f7NbTK05lx80nuSijCz7sc3a277R67g,mantap banyak kantongnya,5,0,8.75.0,2025-10-24 10:46:27+00:00,,,8.75.0
44ee4cae-125a-41dd-a14c-dd9b580d7ef8,Pengguna Google,https://play-lh.googleusercontent.com/EGemoI2NTXmTsBVtJqk8jxF9rh8ApRWfsIMQSt2uE4OcpQqbFu7f7NbTK05lx80nuSijCz7sc3a277R67g,"saya mau transfer dan bayar qr tapi lost connection terus, padahal untuk membuka apk dan juga bank yg lain lancar² aja. sedikit kecewa, karena menyebabkan transaksi terhambat",3,0,8.75.0,2025-10-24 10:33:18+00:00,"Hai, Jagoan. Mohon maaf untuk kendala yang kamu alami. Terkait kendala tersebut, kamu bisa segera laporkan ke Tanya Jago di nomor 1500746/021-30000746 atau e-mail ke tanya@jago.com ya. Tidak perlu khawatir karena tim terkait kami akan segera membantu. Terima kasih.",2025-10-24 13:04:47,8.75.0
6442e743-6656-42c8-9a5c-fe7ee9535739,Pengguna Google,https://play-lh.googleusercontent.com/EGemoI2NTXmTsBVtJqk8jxF9rh8ApRWfsIMQSt2uE4OcpQqbFu7f7NbTK05lx80nuSijCz7sc3a277R67g,"kenapa ya update sekarang sering putus koneksi nya,harap perbaiki cepat,gak bisa buka aplikasi nya, loading terus, koneksi terus terputus putus",3,0,,2025-10-24 10:31:56+00:00,"Hai, Jagoan. Mohon maaf untuk kendala yang kamu alami. Terkait kendala tersebut, kamu bisa segera laporkan ke Tanya Jago di nomor 1500746/021-30000746 atau e-mail ke tanya@jago.com ya. Tidak perlu khawatir karena tim terkait kami akan segera membantu. Terima kasih.",2025-10-24 13:04:52,
803b5666-62ae-4906-945a-50b0dc53544d,Pengguna Google,https://play-lh.googleusercontent.com/EGemoI2NTXmTsBVtJqk8jxF9rh8ApRWfsIMQSt2uE4OcpQqbFu7f7NbTK05lx80nuSijCz7sc3a277R67g,login sudah masukan email no ktp masih disuruh call...padahal nomer ada ktp juga ada .....,1,0,8.73.0,2025-10-24 10:16:34+00:00,"Hai, Jagoan. Mohon maaf untuk kendala yang kamu alami. Terkait kendala tersebut, kamu bisa segera laporkan ke Tanya Jago di nomor 1500746/021-30000746 atau e-mail ke tanya@jago.com ya. Tidak perlu khawatir karena tim terkait kami akan segera membantu. Terima kasih.",2025-10-24 12:08:33,8.73.0
bda8b129-ac89-4f26-a453-c345fe31874e,Pengguna Google,https://play-lh.googleusercontent.com/EGemoI2NTXmTsBVtJqk8jxF9rh8ApRWfsIMQSt2uE4OcpQqbFu7f7NbTK05lx80nuSijCz7sc3a277R67g,"verivikasi nya cuma lewat nomor hp, nomor hp saya terblokir, gimana caranya, verivikasi email gak bisa, gini amat aplikasi nya",1,5,8.75.0,2025-10-24 10:13:09+00:00,"Hai, Jagoan. Mohon maaf untuk kendala yang kamu alami. Terkait kendala tersebut, kamu bisa segera laporkan ke Tanya Jago di nomor 1500746/021-30000746 atau e-mail ke tanya@jago.com ya. Tidak perlu khawatir karena tim terkait kami akan segera membantu. Terima kasih.",2025-10-24 12:09:00,8.75.0
d8363aba-0f2c-4be0-b6c4-ecba5f49b045,Pengguna Google,https://play-lh.googleusercontent.com/EGemoI2NTXmTsBVtJqk8jxF9rh8ApRWfsIMQSt2uE4OcpQqbFu7f7NbTK05lx80nuSijCz7sc3a277R67g,bgus semua muga tambah lancar amin.,5,0,,2025-10-24 09:47:06+00:00,,,
787c7b10-3084-4230-8591-80a96d79e64c,Pengguna Google,https://play-lh.googleusercontent.com/EGemoI2NTXmTsBVtJqk8jxF9rh8ApRWfsIMQSt2uE4OcpQqbFu7f7NbTK05lx80nuSijCz7sc3a277R67g,sangat baik,5,0,8.75.0,2025-10-24 09:35:36+00:00,,,8.75.0
03247482-fc3f-444d-9f7f-5e6c9f36332f,Pengguna Google,https://play-lh.googleusercontent.com/EGemoI2NTXmTsBVtJqk8jxF9rh8ApRWfsIMQSt2uE4OcpQqbFu7f7NbTK05lx80nuSijCz7sc3a277R67g,mantap dah pokoknya,5,0,8.75.0,2025-10-24 09:23:09+00:00,,,8.75.0
b3bd9cae-f92e-4766-8b6b-4f758a5a8fbe,Pengguna Google,https://play-lh.googleusercontent.com/EGemoI2NTXmTsBVtJqk8jxF9rh8ApRWfsIMQSt2uE4OcpQqbFu7f7NbTK05lx80nuSijCz7sc3a277R67g,"saya baru mengalami kendala gagal masuk ke akun bank saya, saya menggunakan PIN dengan benar, sistem mengatakan PINnya salah, saya menggunakan kata sandi, sistemnya mengatakan salah sampai akhirnya saya haru mengganti kata sandi karena pikir saya yang salah, tapi ketika saya mengubah kata sandi dengan kata sandi yang biasa saya masukkan, sistem mengatakan ""jangan gunakan password yang sama dengan yang lama"", saya ganti yang baru dan masalah tetap sama, sistem mengatakan kata sandi salah",3,0,8.75.0,2025-10-24 09:00:41+00:00,"Hai, Jagoan. Mohon maaf untuk kendala yang kamu alami. Terkait kendala tersebut, kamu bisa segera laporkan ke Tanya Jago di nomor 1500746/021-30000746 atau e-mail ke tanya@jago.com ya. Tidak perlu khawatir karena tim terkait kami akan segera membantu. Terima kasih.",2025-10-24 10:49:48,8.75.0
b8d99aeb-0c49-4020-a3f5-ea8758d238a3,Pengguna Google,https://play-lh.googleusercontent.com/EGemoI2NTXmTsBVtJqk8jxF9rh8ApRWfsIMQSt2uE4OcpQqbFu7f7NbTK05lx80nuSijCz7sc3a277R67g,transaksi cepet dan mudah,5,0,8.75.0,2025-10-24 08:57:15+00:00,,,8.75.0
4e0d1967-8219-47fe-aa69-a1a714a0b5c4,Pengguna Google,https://play-lh.googleusercontent.com/EGemoI2NTXmTsBVtJqk8jxF9rh8ApRWfsIMQSt2uE4OcpQqbFu7f7NbTK05lx80nuSijCz7sc3a277R67g,"lemotnya minta ampun buat tf aja susahnya minta ampun,",1,0,8.75.0,2025-10-24 06:54:17+00:00,"Hai, Jagoan. Mohon maaf untuk kendala yang kamu alami. Terkait kendala tersebut, kamu bisa segera laporkan ke Tanya Jago di nomor 1500746/021-30000746 atau e-mail ke tanya@jago.com ya. Tidak perlu khawatir karena tim terkait kami akan segera membantu. Terima kasih.",2025-10-24 07:18:20,8.75.0
febe4f12-e521-4e0e-a250-be830934ff44,Pengguna Google,https://play-lh.googleusercontent.com/EGemoI2NTXmTsBVtJqk8jxF9rh8ApRWfsIMQSt2uE4OcpQqbFu7f7NbTK05lx80nuSijCz7sc3a277R67g,kelasss dapet 25rb lumayan makan siang terimakasihhhhh lopyu,5,0,8.75.0,2025-10-24 05:45:59+00:00,,,8.75.0
a3a459ea-bf56-406a-9955-ea9cbc669247,Pengguna Google,https://play-lh.googleusercontent.com/EGemoI2NTXmTsBVtJqk8jxF9rh8ApRWfsIMQSt2uE4OcpQqbFu7f7NbTK05lx80nuSijCz7sc3a277R67g,Transaksi ke luar bank gratis,5,0,8.75.0,2025-10-24 04:51:48+00:00,,,8.75.0
34d1a2e5-da2f-4208-96f9-35a9ccfae9cd,Pengguna Google,https://play-lh.googleusercontent.com/EGemoI2NTXmTsBVtJqk8jxF9rh8ApRWfsIMQSt2uE4OcpQqbFu7f7NbTK05lx80nuSijCz7sc3a277R67g,aplikasi keren mudah di mengerti,5,0,8.74.0,2025-10-24 04:26:14+00:00,,,8.74.0
6a5f68d5-963b-483f-9994-0dce9760586b,Pengguna Google,https://play-lh.googleusercontent.com/EGemoI2NTXmTsBVtJqk8jxF9rh8ApRWfsIMQSt2uE4OcpQqbFu7f7NbTK05lx80nuSijCz7sc3a277R67g,"Mantap banget nih bank jago, banyak bonusnya🫰",5,0,8.75.0,2025-10-24 02:41:28+00:00,,,8.75.0
52519242-5742-4366-90ac-8f32d789a2c4,Pengguna Google,https://play-lh.googleusercontent.com/EGemoI2NTXmTsBVtJqk8jxF9rh8ApRWfsIMQSt2uE4OcpQqbFu7f7NbTK05lx80nuSijCz7sc3a277R67g,"Ribet nih aplikasi, login doang kaga bisa bisa, apk sampah. login akun sendiri udah kaya maling gua.",1,0,8.75.0,2025-10-24 00:58:46+00:00,"Halo, Jagoan. Mohon maaf atas kendala yang terjadi ya. Kamu tidak perlu khawatir, kamu bisa menjelaskan detail kendala tersebut melalui email di tanya@jago.com atau call center 1500 746 untuk kami bantu tangani lebih lanjut. Terima kasih :)",2025-10-24 01:23:46,8.75.0
f9042bef-ab8d-4064-814d-7833ed44ebd5,Pengguna Google,https://play-lh.googleusercontent.com/EGemoI2NTXmTsBVtJqk8jxF9rh8ApRWfsIMQSt2uE4OcpQqbFu7f7NbTK05lx80nuSijCz7sc3a277R67g,payah mau TF ke e wallet ada tulisan ada yang salah maaf ada gangguan Mulu hadeh 👎udh 3 hari pepek gangguan Mulu ini gua mau TF anj,1,0,8.75.0,2025-10-24 00:39:08+00:00,"Halo, Jagoan. Mohon maaf atas kendala yang terjadi ya. Kamu tidak perlu khawatir, kamu bisa menjelaskan detail kendala tersebut melalui email di tanya@jago.com atau call center 1500 746 untuk kami bantu tangani lebih lanjut. Terima kasih :)",2025-10-24 03:27:43,8.75.0
51b98766-fb5f-4bef-928c-cbafe40e7b49,Pengguna Google,https://play-lh.googleusercontent.com/EGemoI2NTXmTsBVtJqk8jxF9rh8ApRWfsIMQSt2uE4OcpQqbFu7f7NbTK05lx80nuSijCz7sc3a277R67g,dapet cashback terus,5,0,8.71.0,2025-10-24 00:26:52+00:00,,,8.71.0
3a1c1d1c-4d3d-4425-a65b-6bff8fca9901,Pengguna Google,https://play-lh.googleusercontent.com/EGemoI2NTXmTsBVtJqk8jxF9rh8ApRWfsIMQSt2uE4OcpQqbFu7f7NbTK05lx80nuSijCz7sc3a277R67g,mantap,5,0,8.75.0,2025-10-23 23:11:24+00:00,,,8.75.0
c776ed3f-8d13-492a-b369-77e45ced069a,Pengguna Google,https://play-lh.googleusercontent.com/EGemoI2NTXmTsBVtJqk8jxF9rh8ApRWfsIMQSt2uE4OcpQqbFu7f7NbTK05lx80nuSijCz7sc3a277R67g,saya udah punya ktp tapi di katain masih anak kecil padahal saya udah 18th dan gak di izinin + adminya gak sopan ngomong nya mohon untuk permasalahan ini.,1,0,8.75.0,2025-10-23 22:40:46+00:00,"Halo, Jagoan. Mohon maaf atas kendala yang terjadi ya. Kamu tidak perlu khawatir, kamu bisa menjelaskan detail kendala tersebut melalui email di tanya@jago.com atau call center 1500 746 untuk kami bantu tangani lebih lanjut. Terima kasih :)",2025-10-23 23:54:06,8.75.0
e7b0f958-7c6b-4b47-aba9-07fdaa07b234,Pengguna Google,https://play-lh.googleusercontent.com/EGemoI2NTXmTsBVtJqk8jxF9rh8ApRWfsIMQSt2uE4OcpQqbFu7f7NbTK05lx80nuSijCz7sc3a277R67g,aplikasinya mantap dan mudah,5,0,8.75.0,2025-10-23 22:37:42+00:00,,,8.75.0
157fa803-357d-4185-8aa7-44ea9c5e9cbd,Pengguna Google,https://play-lh.googleusercontent.com/EGemoI2NTXmTsBVtJqk8jxF9rh8ApRWfsIMQSt2uE4OcpQqbFu7f7NbTK05lx80nuSijCz7sc3a277R67g,bagus sangat membantu dan fitur sungguh lengkap & gampang di pahami👍👍👍👍👍,5,0,8.75.0,2025-10-23 22:30:31+00:00,,,8.75.0
743b90fb-77c7-4e34-8f02-c7a78b84c837,Pengguna Google,https://play-lh.googleusercontent.com/EGemoI2NTXmTsBVtJqk8jxF9rh8ApRWfsIMQSt2uE4OcpQqbFu7f7NbTK05lx80nuSijCz7sc3a277R67g,makasih bang jago 🙏🏻,5,0,8.75.0,2025-10-23 22:20:57+00:00,,,8.75.0
87c97cf9-a813-422d-8618-639b77d64c8a,Pengguna Google,https://play-lh.googleusercontent.com/EGemoI2NTXmTsBVtJqk8jxF9rh8ApRWfsIMQSt2uE4OcpQqbFu7f7NbTK05lx80nuSijCz7sc3a277R67g,mantap pokok nya,5,0,8.75.0,2025-10-23 21:38:04+00:00,,,8.75.0
f0c348c0-bbc7-4c41-9466-3bb8f3de82e8,Pengguna Google,https://play-lh.googleusercontent.com/EGemoI2NTXmTsBVtJqk8jxF9rh8ApRWfsIMQSt2uE4OcpQqbFu7f7NbTK05lx80nuSijCz7sc3a277R67g,aplikasi sangat ngebantu sekali,5,0,8.75.0,2025-10-23 21:30:36+00:00,,,8.75.0
c6b1ac8f-1aff-4a0e-b6eb-23d6a30db0cf,Pengguna Google,https://play-lh.googleusercontent.com/EGemoI2NTXmTsBVtJqk8jxF9rh8ApRWfsIMQSt2uE4OcpQqbFu7f7NbTK05lx80nuSijCz7sc3a277R67g,aplikasi nya sangat bagus. tapi tolong tambahkan mode gelap,5,0,8.74.0,2025-10-23 21:28:42+00:00,,,8.74.0
7bd24332-36de-4593-8cca-38fab474ad82,Pengguna Google,https://play-lh.googleusercontent.com/EGemoI2NTXmTsBVtJqk8jxF9rh8ApRWfsIMQSt2uE4OcpQqbFu7f7NbTK05lx80nuSijCz7sc3a277R67g,bagus bgt,5,0,8.74.0,2025-10-23 21:23:39+00:00,,,8.74.0
3bbb459b-315d-4069-8cfc-ecdd34e5b6ee,Pengguna Google,https://play-lh.googleusercontent.com/EGemoI2NTXmTsBVtJqk8jxF9rh8ApRWfsIMQSt2uE4OcpQqbFu7f7NbTK05lx80nuSijCz7sc3a277R67g,"Mau coba, apakah bisa membantu.. dana Cicil..??",3,0,,2025-10-23 20:55:53+00:00,"Halo, Jagoan. Mohon maaf atas kendala yang terjadi ya. Kamu tidak perlu khawatir, kamu bisa menjelaskan detail kendala tersebut melalui email di tanya@jago.com atau call center 1500 746 untuk kami bantu tangani lebih lanjut. Terima kasih :)",2025-10-23 23:58:27,
b92b820c-1bf5-4801-bb0b-9a626171515a,Pengguna Google,https://play-lh.googleusercontent.com/EGemoI2NTXmTsBVtJqk8jxF9rh8ApRWfsIMQSt2uE4OcpQqbFu7f7NbTK05lx80nuSijCz7sc3a277R67g,Ribet,1,0,8.75.0,2025-10-23 20:51:53+00:00,"Halo, Jagoan. Mohon maaf atas kendala yang terjadi ya. Kamu tidak perlu khawatir, kamu bisa menjelaskan detail kendala tersebut melalui email di tanya@jago.com atau call center 1500 746 untuk kami bantu tangani lebih lanjut. Terima kasih :)",2025-10-23 23:58:23,8.75.0
f2cedeaf-052c-431a-81e0-4f1b48ec79f5,Pengguna Google,https://play-lh.googleusercontent.com/EGemoI2NTXmTsBVtJqk8jxF9rh8ApRWfsIMQSt2uE4OcpQqbFu7f7NbTK05lx80nuSijCz7sc3a277R67g,lemot ... apliksih paling lemot kalo di buka,1,1,8.75.0,2025-10-23 20:34:38+00:00,"Halo, Jagoan. Mohon maaf atas kendala yang terjadi ya. Kamu tidak perlu khawatir, kamu bisa menjelaskan detail kendala tersebut melalui email di tanya@jago.com atau call center 1500 746 untuk kami bantu tangani lebih lanjut. Terima kasih :)",2025-10-23 23:58:19,8.75.0
5a5ca1ab-52ce-4c45-9737-860b984de0cb,Pengguna Google,https://play-lh.googleusercontent.com/EGemoI2NTXmTsBVtJqk8jxF9rh8ApRWfsIMQSt2uE4OcpQqbFu7f7NbTK05lx80nuSijCz7sc3a277R67g,"jago syariah 20x gratis TF & topup ewallet, 3x gratis tarik tunai di ATM bersama. cukup worth it. minusnya belum bisa bayar qris indo/Alfa.",5,0,8.74.0,2025-10-23 19:55:35+00:00,,,8.74.0
63efd762-d6d6-4b02-8a75-c884ec21b1f0,Pengguna Google,https://play-lh.googleusercontent.com/EGemoI2NTXmTsBVtJqk8jxF9rh8ApRWfsIMQSt2uE4OcpQqbFu7f7NbTK05lx80nuSijCz7sc3a277R67g,sangat membantu sekali,5,0,8.75.0,2025-10-23 18:08:44+00:00,,,8.75.0
73e9de36-d6de-4505-b6cb-3db324b820a3,Pengguna Google,https://play-lh.googleusercontent.com/EGemoI2NTXmTsBVtJqk8jxF9rh8ApRWfsIMQSt2uE4OcpQqbFu7f7NbTK05lx80nuSijCz7sc3a277R67g,"bank jago emang the best, saya pake bank jago buat jualan jadi enak banget, tapi saya kurang puas karena belom ada qris all payment, tambah qris all payment untuk merchant",5,0,8.75.0,2025-10-23 17:36:30+00:00,,,8.75.0
b54b89de-6530-40f2-a7d0-8123a4d4b6da,Pengguna Google,https://play-lh.googleusercontent.com/EGemoI2NTXmTsBVtJqk8jxF9rh8ApRWfsIMQSt2uE4OcpQqbFu7f7NbTK05lx80nuSijCz7sc3a277R67g,terimakasih Jago,5,0,8.75.0,2025-10-23 17:28:38+00:00,,,8.75.0
ad023ced-a22d-4c05-b1f8-62d52d5add8c,Pengguna Google,https://play-lh.googleusercontent.com/EGemoI2NTXmTsBVtJqk8jxF9rh8ApRWfsIMQSt2uE4OcpQqbFu7f7NbTK05lx80nuSijCz7sc3a277R67g,sangat bagus dan membantu memanage keuangan,5,0,8.75.0,2025-10-23 16:58:16+00:00,,,8.75.0
c4e7b0ba-af9b-428a-ba13-8c33e0505850,Pengguna Google,https://play-lh.googleusercontent.com/EGemoI2NTXmTsBVtJqk8jxF9rh8ApRWfsIMQSt2uE4OcpQqbFu7f7NbTK05lx80nuSijCz7sc3a277R67g,"untuk sementara belum ada kendala apapun semoga seterusnya seperti ini, dan semoga bisa kebuka semua fitur.",5,0,8.75.0,2025-10-23 16:29:10+00:00,,,8.75.0
22882b06-9e47-441d-85e1-383b5ef14dba,Pengguna Google,https://play-lh.googleusercontent.com/EGemoI2NTXmTsBVtJqk8jxF9rh8ApRWfsIMQSt2uE4OcpQqbFu7f7NbTK05lx80nuSijCz7sc3a277R67g,"mudah ,transparan,dan murah",5,0,8.75.0,2025-10-23 16:13:47+00:00,,,8.75.0
0ae4ca7b-675a-440a-a6a5-ce3921323d37,Pengguna Google,https://play-lh.googleusercontent.com/EGemoI2NTXmTsBVtJqk8jxF9rh8ApRWfsIMQSt2uE4OcpQqbFu7f7NbTK05lx80nuSijCz7sc3a277R67g,untuk saat ini ok,5,0,,2025-10-23 14:08:53+00:00,,,
94e6e466-d676-4e38-b37f-5c14c39194b2,Pengguna Google,https://play-lh.googleusercontent.com/EGemoI2NTXmTsBVtJqk8jxF9rh8ApRWfsIMQSt2uE4OcpQqbFu7f7NbTK05lx80nuSijCz7sc3a277R67g,"bikin smua nya jadi mudah ,banyak ngasih hadiah juga",5,0,8.75.0,2025-10-23 13:55:33+00:00,,,8.75.0
913e676d-741a-4b02-8cb0-dfa6e53067bc,Pengguna Google,https://play-lh.googleusercontent.com/EGemoI2NTXmTsBVtJqk8jxF9rh8ApRWfsIMQSt2uE4OcpQqbFu7f7NbTK05lx80nuSijCz7sc3a277R67g,apk banyak kendala dari login ngk bisa masuk daftar KTP ngk di acc ..trus lagi saran perbaikan sistem nx,1,0,,2025-10-23 13:12:17+00:00,"Halo, Jagoan. Mohon maaf atas kendala yang terjadi ya. Kamu tidak perlu khawatir, kamu bisa menjelaskan detail kendala tersebut melalui email di tanya@jago.com atau call center 1500 746 untuk kami bantu tangani lebih lanjut. Terima kasih :)",2025-10-23 14:12:58,
45b1db47-083c-4154-950e-7a2f83a58e4e,Pengguna Google,https://play-lh.googleusercontent.com/EGemoI2NTXmTsBVtJqk8jxF9rh8ApRWfsIMQSt2uE4OcpQqbFu7f7NbTK05lx80nuSijCz7sc3a277R67g,sangat berguna,5,0,8.75.0,2025-10-23 13:03:17+00:00,,,8.75.0
0d8a3f35-5c75-4c49-9dd8-6da86509f38c,Pengguna Google,https://play-lh.googleusercontent.com/EGemoI2NTXmTsBVtJqk8jxF9rh8ApRWfsIMQSt2uE4OcpQqbFu7f7NbTK05lx80nuSijCz7sc3a277R67g,masak buka apk pakek wifi gak bisa ??? harus pakek paket data tapi sebelumnya bisa,2,0,8.75.0,2025-10-23 12:55:10+00:00,"Halo, Jagoan. Mohon maaf atas kendala yang terjadi ya. Kamu tidak perlu khawatir, kamu bisa menjelaskan detail kendala tersebut melalui email di tanya@jago.com atau call center 1500 746 untuk kami bantu tangani lebih lanjut. Terima kasih :)",2025-10-23 13:57:26,8.75.0
f1aad37e-cc09-4371-9138-d12cc8767b0a,Pengguna Google,https://play-lh.googleusercontent.com/EGemoI2NTXmTsBVtJqk8jxF9rh8ApRWfsIMQSt2uE4OcpQqbFu7f7NbTK05lx80nuSijCz7sc3a277R67g,"Disuruh update,tp pas di update cuma muter² doang selama berhari-hari 😔",5,0,8.70.1,2025-10-23 12:54:41+00:00,,,8.70.1
50683e84-13be-49c5-90b5-c356d5fdee1a,Pengguna Google,https://play-lh.googleusercontent.com/EGemoI2NTXmTsBVtJqk8jxF9rh8ApRWfsIMQSt2uE4OcpQqbFu7f7NbTK05lx80nuSijCz7sc3a277R67g,"saya coba login di hp yg kedua, masih bisa masuk sih cuma ini loading nya lama bgt dari semalem kirain emang lagi maintenance aja pas dibuka pagi nya tetep aja masih loading, ini mau transfer2 jadi nggak bisa sayang bgt saldonya... tolong ya ini saya harus gimana apa karena login nya di device baru? tapi saya coba di device lama juga sama aja loading lama juga. mohon bantuannya",1,42,8.75.0,2025-10-23 11:07:32+00:00,"Halo, Jagoan. Mohon maaf atas kendala yang terjadi ya. Kamu tidak perlu khawatir, kamu bisa menjelaskan detail kendala tersebut melalui email di tanya@jago.com atau call center 1500 746 untuk kami bantu tangani lebih lanjut. Terima kasih :)",2025-10-23 12:50:29,8.75.0
04c4e868-a605-4a22-a1d5-08d8fc56eb35,Pengguna Google,https://play-lh.googleusercontent.com/EGemoI2NTXmTsBVtJqk8jxF9rh8ApRWfsIMQSt2uE4OcpQqbFu7f7NbTK05lx80nuSijCz7sc3a277R67g,thanks admin JAGO... cuma 4 hari kartu debit sudah sampe rumah 👍👍👍,4,0,8.75.0,2025-10-23 10:09:59+00:00,"Halo, Jagoan! Terima kasih atas ulasannya. Kami sangat senang jika kamu puas dengan pelayanan dari Bank Jago. Jika kamu memiliki pertanyaan lainnya, kamu bisa langsung hubungi Tanya Jago di nomor 1500746 / 021-30000746 atau e-mail ke tanya@jago.com ya.",2025-10-23 10:40:59,8.75.0
235f4a48-d04d-491d-a742-535a8f18d31f,Pengguna Google,https://play-lh.googleusercontent.com/EGemoI2NTXmTsBVtJqk8jxF9rh8ApRWfsIMQSt2uE4OcpQqbFu7f7NbTK05lx80nuSijCz7sc3a277R67g,mantap,5,0,8.75.0,2025-10-23 09:55:20+00:00,,,8.75.0
49828747-37da-4665-8863-db3b8c9e05b1,Pengguna Google,https://play-lh.googleusercontent.com/EGemoI2NTXmTsBVtJqk8jxF9rh8ApRWfsIMQSt2uE4OcpQqbFu7f7NbTK05lx80nuSijCz7sc3a277R67g,bank jago mantap semoga lancar terus dalam transaksinya,5,0,8.74.0,2025-10-23 08:38:35+00:00,,,8.74.0
263c770e-0309-4c8b-8b57-9e4810832397,Pengguna Google,https://play-lh.googleusercontent.com/EGemoI2NTXmTsBVtJqk8jxF9rh8ApRWfsIMQSt2uE4OcpQqbFu7f7NbTK05lx80nuSijCz7sc3a277R67g,cepat dan untung,5,0,8.74.0,2025-10-23 08:32:10+00:00,,,8.74.0
606059d1-c74c-464c-9e41-dce8019a8aac,Pengguna Google,https://play-lh.googleusercontent.com/EGemoI2NTXmTsBVtJqk8jxF9rh8ApRWfsIMQSt2uE4OcpQqbFu7f7NbTK05lx80nuSijCz7sc3a277R67g,"tidak usah simpan uang di bank ini, klau ad kendala terblokir sangat lama sekali penanganannya, klau butuh uang sangat mendadak trus akun kita terblokir jgn harap mau segera di tanggani. bank ini tidak bagus pelayananannya",1,0,,2025-10-23 08:26:57+00:00,"Halo, Jagoan. Mohon maaf atas kendala yang terjadi ya. Kamu tidak perlu khawatir, kamu bisa menjelaskan detail kendala tersebut melalui email di tanya@jago.com atau call center 1500 746 untuk kami bantu tangani lebih lanjut. Terima kasih :)",2025-10-23 08:30:50,
5ea41ae2-171d-4f67-bc4e-22885891e305,Pengguna Google,https://play-lh.googleusercontent.com/EGemoI2NTXmTsBVtJqk8jxF9rh8ApRWfsIMQSt2uE4OcpQqbFu7f7NbTK05lx80nuSijCz7sc3a277R67g,Nice my happy instalasi benk jgo,5,0,8.75.0,2025-10-23 07:45:37+00:00,,,8.75.0
54a77806-c8ae-4309-b0b5-9f8398f70ff3,Pengguna Google,https://play-lh.googleusercontent.com/EGemoI2NTXmTsBVtJqk8jxF9rh8ApRWfsIMQSt2uE4OcpQqbFu7f7NbTK05lx80nuSijCz7sc3a277R67g,josjiss,5,0,8.75.0,2025-10-23 06:03:32+00:00,,,8.75.0
b30c9ff1-237a-4618-a354-5b20e5843c73,Pengguna Google,https://play-lh.googleusercontent.com/EGemoI2NTXmTsBVtJqk8jxF9rh8ApRWfsIMQSt2uE4OcpQqbFu7f7NbTK05lx80nuSijCz7sc3a277R67g,membantu sekali,5,0,8.75.0,2025-10-23 04:21:40+00:00,,,8.75.0
a0e18086-fb14-4435-9fd2-6eac0aa79bee,Pengguna Google,https://play-lh.googleusercontent.com/EGemoI2NTXmTsBVtJqk8jxF9rh8ApRWfsIMQSt2uE4OcpQqbFu7f7NbTK05lx80nuSijCz7sc3a277R67g,keren,5,0,8.74.0,2025-10-23 04:18:44+00:00,,,8.74.0
6056293a-a2fd-408a-8f32-6c5adca49fc4,Pengguna Google,https://play-lh.googleusercontent.com/EGemoI2NTXmTsBVtJqk8jxF9rh8ApRWfsIMQSt2uE4OcpQqbFu7f7NbTK05lx80nuSijCz7sc3a277R67g,Gak bisa login sama sekali,1,0,8.74.0,2025-10-23 02:56:15+00:00,"Halo, Jagoan! Kami mohon maaf sekali ya atas kendala yang kamu alami. Apakah kamu berkenan menginformasikan detail kendala tersebut supaya bisa kami bantu cek lebih lanjut? Mohon untuk menghubungi kami melalui Tanya Jago di 1500 746/+62 21 3000 0746, atau melalui email ke tanya@jago.com. Kami tunggu laporannya ya.",2025-10-23 03:06:39,8.74.0
45a1d28a-2b8b-4372-94a5-97cd4a7b4956,Pengguna Google,https://play-lh.googleusercontent.com/EGemoI2NTXmTsBVtJqk8jxF9rh8ApRWfsIMQSt2uE4OcpQqbFu7f7NbTK05lx80nuSijCz7sc3a277R67g,mengapa bank jago saya tidak bisa di buka,2,0,8.75.0,2025-10-23 02:45:18+00:00,"Halo, Jagoan! Mohon maaf atas ketidaknyamanannya ya. Untuk kendala yang kamu alami, bisakah diinformasikan secara detail ke Tanya Jago di nomor 1500746 /+62 21 3000 0746 atau email ke tanya@jago.com? Kami dengan senang hati akan membantu kamu. :)",2025-10-23 03:01:55,8.75.0
b6351719-ea6f-47e6-86d1-e3097850a5c4,Pengguna Google,https://play-lh.googleusercontent.com/EGemoI2NTXmTsBVtJqk8jxF9rh8ApRWfsIMQSt2uE4OcpQqbFu7f7NbTK05lx80nuSijCz7sc3a277R67g,sangat memuaskan dan mudah,5,0,8.75.0,2025-10-23 01:58:32+00:00,,,8.75.0
d230a69e-4cad-46e3-82ec-6644e3d88d19,Pengguna Google,https://play-lh.googleusercontent.com/EGemoI2NTXmTsBVtJqk8jxF9rh8ApRWfsIMQSt2uE4OcpQqbFu7f7NbTK05lx80nuSijCz7sc3a277R67g,masih belum bisa QRIS tampil,4,0,8.75.0,2025-10-22 23:13:42+00:00,"Halo, Jagoan! Terima kasih telah menggunakan Bank Jago. Kami akan terus meningkatkan kualitas dan berinovasi untuk memenuhi kebutuhan finansial kamu. Jika kamu memiliki pertanyaan, kamu bisa hubungi kami via telepon di 1500 746/+62 21 3000 074 atau email ke tanya@jago.com. Agent kami akan segera membantumu.",2025-10-22 23:59:33,8.75.0
158e939d-5436-47ba-89be-790c8ae787b4,Pengguna Google,https://play-lh.googleusercontent.com/EGemoI2NTXmTsBVtJqk8jxF9rh8ApRWfsIMQSt2uE4OcpQqbFu7f7NbTK05lx80nuSijCz7sc3a277R67g,Proses ganti nomor hape aja ribet bgt ! Padahal sudah jelas itu datanya saya sudah sesuai masih aja dibikin ribet! Ini kalo NeoBank udah buka debit mending pindah sih!,1,4,8.75.0,2025-10-22 23:01:17+00:00,"Halo, Jagoan! Mohon maaf atas ketidaknyamanan. Kami akan terus memperbaiki dan meningkatkan layanan perbankan kami. Mohon kesediaannya untuk menginformasikan secara detail kendala yang dialami dengan menghubungi kami melalui Tanya Jago di 1500 746/+62 21 3000 0746, atau email ke tanya@jago.com. Kami tunggu ya.",2025-10-22 23:59:13,8.75.0
491c7818-8393-4f27-9d98-5ca378a4062c,Pengguna Google,https://play-lh.googleusercontent.com/EGemoI2NTXmTsBVtJqk8jxF9rh8ApRWfsIMQSt2uE4OcpQqbFu7f7NbTK05lx80nuSijCz7sc3a277R67g,sangat membantu,5,0,8.74.0,2025-10-22 21:16:49+00:00,,,8.74.0
2906bec8-e8eb-44e7-8daf-8c103f9ab4bb,Pengguna Google,https://play-lh.googleusercontent.com/EGemoI2NTXmTsBVtJqk8jxF9rh8ApRWfsIMQSt2uE4OcpQqbFu7f7NbTK05lx80nuSijCz7sc3a277R67g,baik,5,0,,2025-10-22 20:19:11+00:00,,,
6f03090c-dddc-4903-9e0a-60039a9796df,Pengguna Google,https://play-lh.googleusercontent.com/EGemoI2NTXmTsBVtJqk8jxF9rh8ApRWfsIMQSt2uE4OcpQqbFu7f7NbTK05lx80nuSijCz7sc3a277R67g,Mantap,5,0,8.75.0,2025-10-22 20:12:13+00:00,,,8.75.0
d103ec40-4d26-446b-8e55-942f958e887d,Pengguna Google,https://play-lh.googleusercontent.com/EGemoI2NTXmTsBVtJqk8jxF9rh8ApRWfsIMQSt2uE4OcpQqbFu7f7NbTK05lx80nuSijCz7sc3a277R67g,mudah di gunakan dan respon cepat,5,0,8.73.0,2025-10-22 19:07:29+00:00,,,8.73.0
c0e20c62-5601-4d8d-90af-26f251a45763,Pengguna Google,https://play-lh.googleusercontent.com/EGemoI2NTXmTsBVtJqk8jxF9rh8ApRWfsIMQSt2uE4OcpQqbFu7f7NbTK05lx80nuSijCz7sc3a277R67g,ini bank jago kenapa gag bisa dibuka yaa ??pdahal pin benar..update jg udh..,2,0,8.75.0,2025-10-22 19:01:22+00:00,"Halo, Jagoan. Mohon maaf atas kendala yang terjadi ya. Kamu tidak perlu khawatir, kamu bisa menjelaskan detail kendala tersebut melalui email di tanya@jago.com atau call center 1500 746 untuk kami bantu tangani lebih lanjut. Terima kasih :)
",2025-10-22 19:37:27,8.75.0
aa49eee0-b8cd-4bb6-9a98-791b76888fb8,Pengguna Google,https://play-lh.googleusercontent.com/EGemoI2NTXmTsBVtJqk8jxF9rh8ApRWfsIMQSt2uE4OcpQqbFu7f7NbTK05lx80nuSijCz7sc3a277R67g,aplikasi banyak gangguan. males.,3,0,8.75.0,2025-10-22 18:47:57+00:00,"Halo, Jagoan! Mohon maaf atas ketidaknyamanan yang Kakak alami. Supaya bisa membantu lebih lanjut, Kakak bisa menginformasikan detail keluhannya melalui email tanya@jago.com ya. Tim terkait kami dengan senang hati akan membantu Kakak menyelesaikan permasalahannya.",2025-10-22 19:02:41,8.75.0
fd1feb81-038e-4049-bdd5-80d0ddf1e9a8,Pengguna Google,https://play-lh.googleusercontent.com/EGemoI2NTXmTsBVtJqk8jxF9rh8ApRWfsIMQSt2uE4OcpQqbFu7f7NbTK05lx80nuSijCz7sc3a277R67g,kerenn bank jago,5,0,,2025-10-22 18:40:57+00:00,,,
84ae9b1b-156c-48eb-814c-8c9f65b27c46,Pengguna Google,https://play-lh.googleusercontent.com/EGemoI2NTXmTsBVtJqk8jxF9rh8ApRWfsIMQSt2uE4OcpQqbFu7f7NbTK05lx80nuSijCz7sc3a277R67g,Mantap Bank Jago,5,0,,2025-10-22 18:26:02+00:00,,,
609cf02f-fdad-4a3a-a808-336938f92671,Pengguna Google,https://play-lh.googleusercontent.com/EGemoI2NTXmTsBVtJqk8jxF9rh8ApRWfsIMQSt2uE4OcpQqbFu7f7NbTK05lx80nuSijCz7sc3a277R67g,👌👌👌👌👌👌👌👌👌👌,5,0,,2025-10-22 16:39:54+00:00,,,
d81af9bc-9c83-4bcd-8daf-2fb1e9fe24ff,Pengguna Google,https://play-lh.googleusercontent.com/EGemoI2NTXmTsBVtJqk8jxF9rh8ApRWfsIMQSt2uE4OcpQqbFu7f7NbTK05lx80nuSijCz7sc3a277R67g,sangat membantu buat investasi,5,0,8.75.0,2025-10-22 15:54:47+00:00,,,8.75.0
6be43ad8-1693-4154-bc00-95351b83983c,Pengguna Google,https://play-lh.googleusercontent.com/EGemoI2NTXmTsBVtJqk8jxF9rh8ApRWfsIMQSt2uE4OcpQqbFu7f7NbTK05lx80nuSijCz7sc3a277R67g,bank setan. 2 minggu sdh uang ditahan,1,0,,2025-10-22 15:24:18+00:00,"Halo, Jagoan! Mohon maaf apabila terdapat fitur atau layanan Jago yang belum sesuai harapan kamu. Kamu bisa menghubungi Tanya Jago di nomor 1500746 / 021-30000746 atau e-mail ke tanya@jago.com untuk kami bantu cek kendalanya lebih lanjut ya. Agent kami dengan senang hati membantu kamu.",2025-10-22 15:30:18,
659ef6a7-ed3b-4f99-b594-90c1b08b72c0,Pengguna Google,https://play-lh.googleusercontent.com/EGemoI2NTXmTsBVtJqk8jxF9rh8ApRWfsIMQSt2uE4OcpQqbFu7f7NbTK05lx80nuSijCz7sc3a277R67g,"Enak pake Bank Jago, mau transfer gratis biaya admin. trus banyak juga bisa dipisahkan perkantong sesuai kebutuhan kita.",5,0,,2025-10-22 15:23:14+00:00,,,
fb6ffd10-a574-4842-9c61-d97704a8431f,Pengguna Google,https://play-lh.googleusercontent.com/EGemoI2NTXmTsBVtJqk8jxF9rh8ApRWfsIMQSt2uE4OcpQqbFu7f7NbTK05lx80nuSijCz7sc3a277R67g,good,5,0,8.75.0,2025-10-22 15:09:37+00:00,,,8.75.0
640c3869-9c30-4a99-acf9-de1d8c1f2c76,Pengguna Google,https://play-lh.googleusercontent.com/EGemoI2NTXmTsBVtJqk8jxF9rh8ApRWfsIMQSt2uE4OcpQqbFu7f7NbTK05lx80nuSijCz7sc3a277R67g,sangat membantu,5,0,8.75.0,2025-10-22 15:08:16+00:00,,,8.75.0
26e5e915-de1b-456e-8d43-7170421814ce,Pengguna Google,https://play-lh.googleusercontent.com/EGemoI2NTXmTsBVtJqk8jxF9rh8ApRWfsIMQSt2uE4OcpQqbFu7f7NbTK05lx80nuSijCz7sc3a277R67g,bank simple dan mantap,5,0,8.74.0,2025-10-22 15:07:47+00:00,,,8.74.0
a1302ac7-f3af-4633-8606-17cdbf060714,Pengguna Google,https://play-lh.googleusercontent.com/EGemoI2NTXmTsBVtJqk8jxF9rh8ApRWfsIMQSt2uE4OcpQqbFu7f7NbTK05lx80nuSijCz7sc3a277R67g,"kacauuuuu, saldo ngendap, gabisa transfer gabisa qris gabisa ambil saldo, kacau parah. ini ada keperluan penting untuk pembayaran, udah sering terjadi kaya gini. ini nya kacau",1,3,8.75.0,2025-10-22 14:29:30+00:00,"Halo, Jagoan. Mohon maaf atas kendala yang terjadi ya. Kamu tidak perlu khawatir, kamu bisa menjelaskan detail kendala tersebut melalui email di tanya@jago.com atau call center 1500 746 untuk kami bantu tangani lebih lanjut. Terima kasih :)
",2025-10-22 14:31:19,8.75.0
20bc8041-f355-4075-a477-d833e1a69477,Pengguna Google,https://play-lh.googleusercontent.com/EGemoI2NTXmTsBVtJqk8jxF9rh8ApRWfsIMQSt2uE4OcpQqbFu7f7NbTK05lx80nuSijCz7sc3a277R67g,sangat bagus,5,0,8.73.0,2025-10-22 14:02:47+00:00,,,8.73.0
2332424c-6d25-4070-85b8-0f3c2a7dffee,Pengguna Google,https://play-lh.googleusercontent.com/EGemoI2NTXmTsBVtJqk8jxF9rh8ApRWfsIMQSt2uE4OcpQqbFu7f7NbTK05lx80nuSijCz7sc3a277R67g,sangat sangat mengecewakan,5,0,,2025-10-22 13:03:39+00:00,,,
0cc895ea-28e3-430a-b19d-e2aee71678d5,Pengguna Google,https://play-lh.googleusercontent.com/EGemoI2NTXmTsBVtJqk8jxF9rh8ApRWfsIMQSt2uE4OcpQqbFu7f7NbTK05lx80nuSijCz7sc3a277R67g,sangat cocok,1,0,8.74.0,2025-10-22 13:02:29+00:00,"Halo, Jagoan. Terima kasih telah membagikan pengalaman kamu dalam menggunakan aplikasi Jago. Masukanmu menjadi input baik untuk Jago dalam memberikan layanan yang lebih baik lagi ke depannya. Jika ada yang ingin ditanyakan, kamu bisa mengirimkan email ke tanya@jago.com atau call center di 1500 746. Terima kasih :)",2025-10-23 12:54:34,8.74.0
d7fb9a26-5578-4aae-b407-30c603a7d6f9,Pengguna Google,https://play-lh.googleusercontent.com/EGemoI2NTXmTsBVtJqk8jxF9rh8ApRWfsIMQSt2uE4OcpQqbFu7f7NbTK05lx80nuSijCz7sc3a277R67g,TOLONG INI BANK JAGO INI KNPA HP ILANG EMAIL ILANG pas di suruh Reset dari No Nik udah dilogin in malah gak bisa atau dibilang gak terdaftar. AYOLAHHHH ini kenapa udah brbulan loh,1,0,8.75.0,2025-10-22 12:31:12+00:00,"Halo, Jagoan. Mohon maaf atas kendala yang terjadi ya. Kamu tidak perlu khawatir, kamu bisa menjelaskan detail kendala tersebut melalui email di tanya@jago.com atau call center 1500 746 untuk kami bantu tangani lebih lanjut. Terima kasih :)",2025-10-22 13:01:25,8.75.0
e7b3c046-0df4-4dc0-898b-0e5057f06238,Pengguna Google,https://play-lh.googleusercontent.com/EGemoI2NTXmTsBVtJqk8jxF9rh8ApRWfsIMQSt2uE4OcpQqbFu7f7NbTK05lx80nuSijCz7sc3a277R67g,maaf HP aku hilang dan kartu nya juga ikut hilang gimana cara masukinnya soal aku lupa sandi nya,1,0,,2025-10-22 10:29:35+00:00,"Halo, Jagoan. Mohon maaf atas kendala yang terjadi ya. Kamu tidak perlu khawatir, kamu bisa menjelaskan detail kendala tersebut melalui email di tanya@jago.com atau call center 1500 746 untuk kami bantu tangani lebih lanjut. Terima kasih :)",2025-10-22 10:30:44,
165e35b7-aafe-4fd6-bc5d-ced3c6a33f6f,Pengguna Google,https://play-lh.googleusercontent.com/EGemoI2NTXmTsBVtJqk8jxF9rh8ApRWfsIMQSt2uE4OcpQqbFu7f7NbTK05lx80nuSijCz7sc3a277R67g,ga bisa login saya stuck di menu verifikasi tidak ada tombol next atau submit setelah memasukkan kode verifikasi yang dikirim lewat sms padahal saya sudah daftar RDN di stockbit kalau begini bagaimana saya bisa withdraw uang dari liquid saya di stockbit tolong segera bantu saya,1,0,8.74.0,2025-10-22 09:32:10+00:00,"Halo, Jagoan! Mohon maaf atas kendala yang kamu alami ya. Saya mengerti situasi sulit ini mengganggu kamu. Mohon kesediaannya mengirimkan email ke tanya@jago.com dengan melampirkan bukti foto/tangkapan layar kendala kamu. Agar dapat segera kami bantu.",2025-10-22 10:01:32,8.74.0
538c4844-8b44-4494-9dc3-2875563ed19f,Pengguna Google,https://play-lh.googleusercontent.com/EGemoI2NTXmTsBVtJqk8jxF9rh8ApRWfsIMQSt2uE4OcpQqbFu7f7NbTK05lx80nuSijCz7sc3a277R67g,mantap,5,0,8.75.0,2025-10-22 09:24:18+00:00,,,8.75.0
31280068-9d08-4c9e-a34a-fabfb3ad77ee,Pengguna Google,https://play-lh.googleusercontent.com/EGemoI2NTXmTsBVtJqk8jxF9rh8ApRWfsIMQSt2uE4OcpQqbFu7f7NbTK05lx80nuSijCz7sc3a277R67g,ga bisa masuk akunya,1,0,,2025-10-22 09:19:48+00:00,"Halo, Jagoan. Mohon maaf atas kendala yang terjadi ya. Kamu tidak perlu khawatir, kamu bisa menjelaskan detail kendala tersebut melalui email di tanya@jago.com atau call center 1500 746 untuk kami bantu tangani lebih lanjut. Terima kasih :)",2025-10-22 09:30:41,
9627e478-cbef-4dce-94a7-ded4889e0768,Pengguna Google,https://play-lh.googleusercontent.com/EGemoI2NTXmTsBVtJqk8jxF9rh8ApRWfsIMQSt2uE4OcpQqbFu7f7NbTK05lx80nuSijCz7sc3a277R67g,mantap,5,0,8.75.0,2025-10-22 06:56:30+00:00,,,8.75.0
95fbbd91-4a0f-487e-91c0-868a1277a919,Pengguna Google,https://play-lh.googleusercontent.com/EGemoI2NTXmTsBVtJqk8jxF9rh8ApRWfsIMQSt2uE4OcpQqbFu7f7NbTK05lx80nuSijCz7sc3a277R67g,"ini kenapa eror kaka mohon di perbaiki, aplkasi sesimpel dan sebagus ini pun bisa eror ternyata",5,0,8.75.0,2025-10-22 06:14:01+00:00,,,8.75.0
244a07a1-0946-4c0b-8a31-214660115940,Pengguna Google,https://play-lh.googleusercontent.com/EGemoI2NTXmTsBVtJqk8jxF9rh8ApRWfsIMQSt2uE4OcpQqbFu7f7NbTK05lx80nuSijCz7sc3a277R67g,sangat memudahkan buat berpergian,5,0,8.75.0,2025-10-22 04:53:45+00:00,,,8.75.0
2fc12b3b-1f73-4796-b6bc-6745b104185d,Pengguna Google,https://play-lh.googleusercontent.com/EGemoI2NTXmTsBVtJqk8jxF9rh8ApRWfsIMQSt2uE4OcpQqbFu7f7NbTK05lx80nuSijCz7sc3a277R67g,aplikasi sering hang kenapa ga di perbaiki,2,0,8.75.0,2025-10-22 02:27:48+00:00,"Halo, Jagoan! Mohon maaf atas ketidaknyamanannya ya. Untuk kendala yang kamu alami, bisakah diinformasikan secara detail ke Tanya Jago di nomor 1500746 /+62 21 3000 0746 atau email ke tanya@jago.com? Kami dengan senang hati akan membantu kamu. :)",2025-10-22 03:02:03,8.75.0
0834a2ae-807c-497f-a014-607d868311b2,Pengguna Google,https://play-lh.googleusercontent.com/EGemoI2NTXmTsBVtJqk8jxF9rh8ApRWfsIMQSt2uE4OcpQqbFu7f7NbTK05lx80nuSijCz7sc3a277R67g,jos,5,0,8.74.0,2025-10-22 00:49:49+00:00,,,8.74.0
991b9186-54a9-476b-93e7-2e0d4da36861,Pengguna Google,https://play-lh.googleusercontent.com/EGemoI2NTXmTsBVtJqk8jxF9rh8ApRWfsIMQSt2uE4OcpQqbFu7f7NbTK05lx80nuSijCz7sc3a277R67g,tipu akun tiba tiba diblokir udh lapor ikuttin arahan lewat email malah gunta ganti oprator saran saya pindah aja biar gak ada kejadian seperti saya,1,0,8.75.0,2025-10-22 00:01:31+00:00,"Halo, Jagoan! Mohon maaf atas ketidaknyamanan. Kami akan terus memperbaiki dan meningkatkan layanan perbankan kami. Mohon kesediaannya untuk menginformasikan secara detail kendala yang dialami dengan menghubungi kami melalui Tanya Jago di 1500 746/+62 21 3000 0746, atau email ke tanya@jago.com. Kami tunggu ya.",2025-10-22 00:09:28,8.75.0
555f64b7-bbfc-46ff-b1eb-920301230d2c,Pengguna Google,https://play-lh.googleusercontent.com/EGemoI2NTXmTsBVtJqk8jxF9rh8ApRWfsIMQSt2uE4OcpQqbFu7f7NbTK05lx80nuSijCz7sc3a277R67g,bank anjingggggg anjingggggg anjingggggg anjingggggg anjingggggg anjingggggg anjingggggg anjingggggg anjingggggg lo gk kasih anjingggggg duit gua 1 jut,2,0,,2025-10-21 23:52:01+00:00,"Halo, Jagoan! Mohon maaf atas ketidaknyamanannya ya. Untuk kendala yang kamu alami, bisakah diinformasikan secara detail ke Tanya Jago di nomor 1500746 /+62 21 3000 0746 atau email ke tanya@jago.com? Kami dengan senang hati akan membantu kamu. :)",2025-10-22 00:09:34,
a761976b-0f4f-46da-97c5-4543a5c7173a,Pengguna Google,https://play-lh.googleusercontent.com/EGemoI2NTXmTsBVtJqk8jxF9rh8ApRWfsIMQSt2uE4OcpQqbFu7f7NbTK05lx80nuSijCz7sc3a277R67g,bagus sangat membantu saya,5,0,,2025-10-21 21:55:28+00:00,,,
c5326902-a3da-406d-be0e-e58033b85185,Pengguna Google,https://play-lh.googleusercontent.com/EGemoI2NTXmTsBVtJqk8jxF9rh8ApRWfsIMQSt2uE4OcpQqbFu7f7NbTK05lx80nuSijCz7sc3a277R67g,"kenapa ga bisa masuk apk nya ya, padahal jaringan bagus....",1,0,8.75.0,2025-10-21 21:42:09+00:00,"Halo, Jagoan. Mohon maaf atas kendala yang terjadi ya. Kamu tidak perlu khawatir, kamu bisa menjelaskan detail kendala tersebut melalui email di tanya@jago.com atau call center 1500 746 untuk kami bantu tangani lebih lanjut. Terima kasih :)",2025-10-21 22:08:29,8.75.0
a45cfb9d-bdd4-4194-9c05-34f8e6657361,Pengguna Google,https://play-lh.googleusercontent.com/EGemoI2NTXmTsBVtJqk8jxF9rh8ApRWfsIMQSt2uE4OcpQqbFu7f7NbTK05lx80nuSijCz7sc3a277R67g,mantab,5,0,,2025-10-21 21:14:31+00:00,,,
fe01b3a2-1a66-411e-bffa-33ddfa626869,Pengguna Google,https://play-lh.googleusercontent.com/EGemoI2NTXmTsBVtJqk8jxF9rh8ApRWfsIMQSt2uE4OcpQqbFu7f7NbTK05lx80nuSijCz7sc3a277R67g,trbaik,4,0,8.74.0,2025-10-21 20:53:35+00:00,"Halo, Jagoan. Mohon maaf atas kendala yang terjadi ya. Kamu tidak perlu khawatir, kamu bisa menjelaskan detail kendala tersebut melalui email di tanya@jago.com atau call center 1500 746 untuk kami bantu tangani lebih lanjut. Terima kasih :)
",2025-10-21 21:09:26,8.74.0
af5dd616-8d89-46cf-abc2-57ea945e9912,Pengguna Google,https://play-lh.googleusercontent.com/EGemoI2NTXmTsBVtJqk8jxF9rh8ApRWfsIMQSt2uE4OcpQqbFu7f7NbTK05lx80nuSijCz7sc3a277R67g,Padahal berharap banyak sama bank jago. tapi mau buka akun aja susahnya minta ampun. saya registrasi sejak tanggal 11. ini sudah tanggal 21 belum juga akun saya selesai diverifikasi. Berkali2 kirim pengaduan lewat email. tanggapannya masih sama. Tolong dipermudah dan bantu prosesnya.,2,5,8.75.0,2025-10-21 19:49:02+00:00,"Halo, Jagoan. Mohon maaf atas kendala yang terjadi ya. Kamu tidak perlu khawatir, kamu bisa menjelaskan detail kendala tersebut melalui email di tanya@jago.com atau call center 1500 746 untuk kami bantu tangani lebih lanjut. Terima kasih :)",2025-10-21 20:11:55,8.75.0
feb6f33a-00b8-4805-a16d-2b195fe56450,Pengguna Google,https://play-lh.googleusercontent.com/EGemoI2NTXmTsBVtJqk8jxF9rh8ApRWfsIMQSt2uE4OcpQqbFu7f7NbTK05lx80nuSijCz7sc3a277R67g,HALOO PENGGUNA BANG JAGO JUJUR SAYA MERASA KECEWA PAKE APLIKASI BANG JAGOOO KENAPA AKUN SAYA TIDAK BISA DI LOGIN KAN TULISAN NYA LAGI ADA KENDALA SAYA BARU SAJA MENGIRIMKAN UANG DI BANG JAGOO KENAPA AKUN SAYA TIDAK BISA DI LOGIN UANG SAYA DI SITU SEMUA TOLONGG PENGGUNA BANG JAGO SELAIKAN MASALAH AKUN SAYA YANG TIDAK BISA LOGIN SAYA TIDAK PERNAH MELAKUKAN PELANGGARAN APAPUN TAPI MENGAPA AKUN SAYA TIDAK BISA DI LOGIN KAN😥😥😥😥😥🙏🙏🙏 SAYA MOHON SELESAI SEGERA,2,0,,2025-10-21 19:27:56+00:00,"Halo, Jagoan. Mohon maaf atas kendala yang terjadi ya. Kamu tidak perlu khawatir, kamu bisa menjelaskan detail kendala tersebut melalui email di tanya@jago.com atau call center 1500 746 untuk kami bantu tangani lebih lanjut. Terima kasih :)",2025-10-21 19:36:26,
6e4bdcd8-9e1e-4754-aa81-86570170dee2,Pengguna Google,https://play-lh.googleusercontent.com/EGemoI2NTXmTsBVtJqk8jxF9rh8ApRWfsIMQSt2uE4OcpQqbFu7f7NbTK05lx80nuSijCz7sc3a277R67g,"udah ngajuin eh dihaous suruh regis ulang wkwkwk cape cape nunggu berhari hari , padahal kartu fresh ,ktp baru jadi , saya saranin lebih baik pake si oren daripada aplikasi jag0 kek gini ribet ,gk recommended terjelek",1,0,8.75.0,2025-10-21 18:28:56+00:00,"Halo, Jagoan. Mohon maaf atas kendala yang terjadi ya. Kamu tidak perlu khawatir, kamu bisa menjelaskan detail kendala tersebut melalui email di tanya@jago.com atau call center 1500 746 untuk kami bantu tangani lebih lanjut. Terima kasih :)
",2025-10-21 19:13:54,8.75.0
ea412d01-2b8d-41fe-a051-ef29223fad0c,Pengguna Google,https://play-lh.googleusercontent.com/EGemoI2NTXmTsBVtJqk8jxF9rh8ApRWfsIMQSt2uE4OcpQqbFu7f7NbTK05lx80nuSijCz7sc3a277R67g,keren,5,0,8.74.0,2025-10-21 17:35:58+00:00,,,8.74.0
8bd9d993-7f0d-4f8c-806d-0a874822c828,Pengguna Google,https://play-lh.googleusercontent.com/EGemoI2NTXmTsBVtJqk8jxF9rh8ApRWfsIMQSt2uE4OcpQqbFu7f7NbTK05lx80nuSijCz7sc3a277R67g,bagus buat nabung,5,0,8.74.0,2025-10-21 16:31:28+00:00,,,8.74.0
6845ff43-b8c1-45bf-a228-cbf739e622b4,Pengguna Google,https://play-lh.googleusercontent.com/EGemoI2NTXmTsBVtJqk8jxF9rh8ApRWfsIMQSt2uE4OcpQqbFu7f7NbTK05lx80nuSijCz7sc3a277R67g,"ini gimana sih, saya dapet notif bisa ajukan pinjaman tetapi setelah saya klik malah tidak bisa buat mengajukan pinjaman, yg ada malah tulisan tawaran menarik segera hadir, tolong dong di perjelas",5,0,8.75.0,2025-10-21 16:16:50+00:00,,,8.75.0
695d58da-e46f-420f-9760-c72d5096333f,Pengguna Google,https://play-lh.googleusercontent.com/EGemoI2NTXmTsBVtJqk8jxF9rh8ApRWfsIMQSt2uE4OcpQqbFu7f7NbTK05lx80nuSijCz7sc3a277R67g,"mengapa verifikasi registrasinya lama, ini sampai sekarang belum aktif",3,0,8.74.0,2025-10-21 16:03:26+00:00,"Halo, Jagoan. Mohon maaf atas kendala yang terjadi ya. Kamu tidak perlu khawatir, kamu bisa menjelaskan detail kendala tersebut melalui email di tanya@jago.com atau call center 1500 746 untuk kami bantu tangani lebih lanjut. Terima kasih :)
",2025-10-21 16:30:48,8.74.0
be3d01e2-f44e-4279-a754-817c1b0a7821,Pengguna Google,https://play-lh.googleusercontent.com/EGemoI2NTXmTsBVtJqk8jxF9rh8ApRWfsIMQSt2uE4OcpQqbFu7f7NbTK05lx80nuSijCz7sc3a277R67g,selama ini pakai jago .. saya warga pasuruan selatan sangat terbantu dan juga iven serta diskon nya .. buayak sekali lain daei apk sebelah yg haya mengutamakan ... biaya admi ...disini amanah dan terpercaya ...,5,0,,2025-10-21 15:46:22+00:00,,,
5ac0b1fb-2a3c-4ee5-9e1f-6563ac7e9b4c,Pengguna Google,https://play-lh.googleusercontent.com/EGemoI2NTXmTsBVtJqk8jxF9rh8ApRWfsIMQSt2uE4OcpQqbFu7f7NbTK05lx80nuSijCz7sc3a277R67g,saya mau mencoba lagi pendaftaran semoga lanacar,2,0,,2025-10-21 14:40:11+00:00,"Halo, Jagoan. Mohon maaf atas kendala yang terjadi ya. Kamu tidak perlu khawatir, kamu bisa menjelaskan detail kendala tersebut melalui email di tanya@jago.com atau call center 1500 746 untuk kami bantu tangani lebih lanjut. Terima kasih :)",2025-10-21 15:24:50,
6558349a-1de5-4cd2-8835-1c3c855bec14,Pengguna Google,https://play-lh.googleusercontent.com/EGemoI2NTXmTsBVtJqk8jxF9rh8ApRWfsIMQSt2uE4OcpQqbFu7f7NbTK05lx80nuSijCz7sc3a277R67g,top,5,0,,2025-10-21 14:07:36+00:00,,,
e86c2b77-e779-4452-aa33-5eb6b107c553,Pengguna Google,https://play-lh.googleusercontent.com/EGemoI2NTXmTsBVtJqk8jxF9rh8ApRWfsIMQSt2uE4OcpQqbFu7f7NbTK05lx80nuSijCz7sc3a277R67g,aman. nyaman,5,0,8.75.0,2025-10-21 13:50:12+00:00,,,8.75.0
fb13efac-6ceb-43fb-a1db-c9331dea18bc,Pengguna Google,https://play-lh.googleusercontent.com/EGemoI2NTXmTsBVtJqk8jxF9rh8ApRWfsIMQSt2uE4OcpQqbFu7f7NbTK05lx80nuSijCz7sc3a277R67g,"selamat siang, mohon maaf saya kasih ulasan bintang 1,dengan rasa kekecewaan saya terhadap bank jago, dari mulai akun terkunci otomotasi lalu tiba terblokir, saya tlp sampe berkali kali menghabiskan pulsaa sebanyak 30rb walaupun dengan nominal kecil, tapi jawaban dari customor service suruh menungguu verifikasi berkas kirim ktp ulang sampai saat 1jam kedepan masih belum terselesaikan, harapan sayaa ketika nasabah tlp langsung di cekk agarr bisa pulih kembali dan aplikasi bisa digunakan kembali.",1,1,8.75.0,2025-10-21 13:13:38+00:00,"Halo, Jagoan. Mohon maaf atas kendala yang terjadi ya. Kamu tidak perlu khawatir, kamu bisa menjelaskan detail kendala tersebut melalui email di tanya@jago.com atau call center 1500 746 untuk kami bantu tangani lebih lanjut. Terima kasih :)
",2025-10-21 14:57:13,8.75.0
ed62718d-f022-4a60-bb60-5275a1989f57,Pengguna Google,https://play-lh.googleusercontent.com/EGemoI2NTXmTsBVtJqk8jxF9rh8ApRWfsIMQSt2uE4OcpQqbFu7f7NbTK05lx80nuSijCz7sc3a277R67g,top mantap is the best dikasih limit pinjaman dan tergolong bunganya cukup ringan.,5,0,8.74.0,2025-10-21 13:03:12+00:00,,,8.74.0
8cf12779-5495-4fca-bc82-45150936a679,Pengguna Google,https://play-lh.googleusercontent.com/EGemoI2NTXmTsBVtJqk8jxF9rh8ApRWfsIMQSt2uE4OcpQqbFu7f7NbTK05lx80nuSijCz7sc3a277R67g,"Aplikasi nya tidak bisa di buka, loading terus..sinyal Internet bagus. buka aplikasi yg lainnya lancar hanya Aplikasi JAGO nya yg tidak bisa di buka. ini bagaimana solusi nya..?",3,0,,2025-10-21 12:46:06+00:00,"Halo, Jagoan. Mohon maaf atas kendala yang terjadi ya. Kamu tidak perlu khawatir, kamu bisa menjelaskan detail kendala tersebut melalui email di tanya@jago.com atau call center 1500 746 untuk kami bantu tangani lebih lanjut. Terima kasih :)
",2025-10-21 14:53:25,
c4ef9c03-7df7-455f-97ff-2fac023e3e06,Pengguna Google,https://play-lh.googleusercontent.com/EGemoI2NTXmTsBVtJqk8jxF9rh8ApRWfsIMQSt2uE4OcpQqbFu7f7NbTK05lx80nuSijCz7sc3a277R67g,"KENAPA SETIAP SAYA BUKA BANK JAGO SELALU LOST CONNECTION! UDAH LAPORIN KE CS JUGA GAADA JAWABAN! GILIRAN BUKA APK LAIN LANCAR JAYA. INI EMANG DI PERSULIT BUAT BAYAR MEMBAYAR ATAU GIMANA SIH! MULAI HARI INI SAYA AKAN BERALIH KE APK BANK LAIN, SUDAH CUKUP SABAR SAYA DIBUAT BANK JAGO SANGAT MENGUJI KESABARAN! UDAH 2 JAM MASALAHNYA MAU MEMBAYAR KEPERLUAN TAPI LOAD TERUS MUTER MUTER PADAHAL JARINGAN SAYA BAGUS 🤬",1,0,8.75.0,2025-10-21 12:10:29+00:00,"Halo, Jagoan. Mohon maaf atas kendala yang terjadi ya. Kamu tidak perlu khawatir, kamu bisa menjelaskan detail kendala tersebut melalui email di tanya@jago.com atau call center 1500 746 untuk kami bantu tangani lebih lanjut. Terima kasih :)
",2025-10-21 15:57:39,8.75.0
7e62fd61-9451-403f-a5b8-c8f01c1da481,Pengguna Google,https://play-lh.googleusercontent.com/EGemoI2NTXmTsBVtJqk8jxF9rh8ApRWfsIMQSt2uE4OcpQqbFu7f7NbTK05lx80nuSijCz7sc3a277R67g,josss,5,0,8.75.0,2025-10-21 10:13:32+00:00,,,8.75.0
3b593eda-e71c-4348-b6fe-653bf16699ac,Pengguna Google,https://play-lh.googleusercontent.com/EGemoI2NTXmTsBVtJqk8jxF9rh8ApRWfsIMQSt2uE4OcpQqbFu7f7NbTK05lx80nuSijCz7sc3a277R67g,saya belum pernah daftar di jago tapi kenapa status sudah ada di jago lain.. aneh dan buruk!!!,1,0,8.75.0,2025-10-21 09:45:26+00:00,"Hai, Jagoan. Mohon maaf untuk kendala yang kamu alami. Terkait kendala tersebut, kamu bisa segera laporkan ke Tanya Jago di nomor 1500746/021-30000746 atau e-mail ke tanya@jago.com ya. Tidak perlu khawatir karena tim terkait kami akan segera membantu. Terima kasih.",2025-10-21 10:50:09,8.75.0
f5e26b25-ccfe-4f6a-a30f-fdb48aaf753d,Pengguna Google,https://play-lh.googleusercontent.com/EGemoI2NTXmTsBVtJqk8jxF9rh8ApRWfsIMQSt2uE4OcpQqbFu7f7NbTK05lx80nuSijCz7sc3a277R67g,kenapa lama bngt kebuka ya apk nya tolong di perbaiki lagi teknisi it nya,3,0,8.75.0,2025-10-21 09:39:59+00:00,"Hai, Jagoan. Mohon maaf untuk kendala yang kamu alami. Terkait kendala tersebut, kamu bisa segera laporkan ke Tanya Jago di nomor 1500746/021-30000746 atau e-mail ke tanya@jago.com ya. Tidak perlu khawatir karena tim terkait kami akan segera membantu. Terima kasih.",2025-10-21 10:49:29,8.75.0
e3dcc5b9-0230-4a0a-960a-b2543094a820,Pengguna Google,https://play-lh.googleusercontent.com/EGemoI2NTXmTsBVtJqk8jxF9rh8ApRWfsIMQSt2uE4OcpQqbFu7f7NbTK05lx80nuSijCz7sc3a277R67g,ini akun saya tak kujung di buka masa iya saya harus nunggu 1 minggu sedangkan saldo di bank jago tidak sedikit mau berapa lama uang dan akun di tahan seperti ini.. semua orang punya kebutuhan sedangkan uang ada di saldo malah akun terkunci.. ingat jangan pernah memakan yang bukan hak nya.. ada saat customer bakal pindah kaya pelayananan lambat.. kalo emang pelayanan lambat gak usah bikin aplikasi yang menyusahkan customer yang menabung di bank jago.. saya kasih bintang satu,1,13,8.75.0,2025-10-21 09:30:37+00:00,"Hai, Jagoan. Mohon maaf untuk kendala yang kamu alami. Terkait kendala tersebut, kamu bisa segera laporkan ke Tanya Jago di nomor 1500746/021-30000746 atau e-mail ke tanya@jago.com ya. Tidak perlu khawatir karena tim terkait kami akan segera membantu. Terima kasih.",2025-10-21 10:49:00,8.75.0
3d9f4f81-fcbf-4061-a2af-f8be3eedcfdd,Pengguna Google,https://play-lh.googleusercontent.com/EGemoI2NTXmTsBVtJqk8jxF9rh8ApRWfsIMQSt2uE4OcpQqbFu7f7NbTK05lx80nuSijCz7sc3a277R67g,bagus sekali,5,0,8.75.0,2025-10-21 09:23:57+00:00,,,8.75.0
7a422e1b-d689-4915-8a54-d9547056eb27,Pengguna Google,https://play-lh.googleusercontent.com/EGemoI2NTXmTsBVtJqk8jxF9rh8ApRWfsIMQSt2uE4OcpQqbFu7f7NbTK05lx80nuSijCz7sc3a277R67g,mantap,5,0,8.74.0,2025-10-21 09:08:42+00:00,,,8.74.0
97847db2-72a8-45f4-a5c8-71881fcf32a1,Pengguna Google,https://play-lh.googleusercontent.com/EGemoI2NTXmTsBVtJqk8jxF9rh8ApRWfsIMQSt2uE4OcpQqbFu7f7NbTK05lx80nuSijCz7sc3a277R67g,😍😍😍😍,5,0,8.74.0,2025-10-21 09:06:23+00:00,,,8.74.0
ef15b20c-5542-4ee5-a14c-f5b67e33e9a3,Pengguna Google,https://play-lh.googleusercontent.com/EGemoI2NTXmTsBVtJqk8jxF9rh8ApRWfsIMQSt2uE4OcpQqbFu7f7NbTK05lx80nuSijCz7sc3a277R67g,Mudah,5,0,8.75.0,2025-10-21 08:19:43+00:00,,,8.75.0
f9c4e323-cc96-4eb8-8228-ed31dc3cd7e5,Pengguna Google,https://play-lh.googleusercontent.com/EGemoI2NTXmTsBVtJqk8jxF9rh8ApRWfsIMQSt2uE4OcpQqbFu7f7NbTK05lx80nuSijCz7sc3a277R67g,sangat mudah untuk menggunakan aplikasi ini sangat bagus,5,0,8.75.0,2025-10-21 08:12:24+00:00,,,8.75.0
9992014b-d1fa-4a6f-9595-780d60aab846,Pengguna Google,https://play-lh.googleusercontent.com/EGemoI2NTXmTsBVtJqk8jxF9rh8ApRWfsIMQSt2uE4OcpQqbFu7f7NbTK05lx80nuSijCz7sc3a277R67g,ini kenapa min... pas udah klik aplikasi nya pas masuk lama sekali masuk nya... udah ditunggu beberapa menit belum masuk juga.... terus sekali masuk ke bank nya dan udah di halaman utama... malahan loading terus.... dibuka bank lain atau gopay pun Aman aja.... ini dihalaman utama aja loading terus,1,7,8.75.0,2025-10-21 07:52:36+00:00,"Hai, Jagoan. Mohon maaf untuk kendala yang kamu alami. Terkait kendala tersebut, kamu bisa segera laporkan ke Tanya Jago di nomor 1500746/021-30000746 atau e-mail ke tanya@jago.com ya. Tidak perlu khawatir karena tim terkait kami akan segera membantu. Terima kasih.",2025-10-21 08:45:08,8.75.0
70536691-8705-41f8-b804-0b66376dd345,Pengguna Google,https://play-lh.googleusercontent.com/EGemoI2NTXmTsBVtJqk8jxF9rh8ApRWfsIMQSt2uE4OcpQqbFu7f7NbTK05lx80nuSijCz7sc3a277R67g,utk saat ini adalah pilihan yang tepat,5,0,,2025-10-21 07:48:33+00:00,,,
6be1713c-762e-4a88-9c29-3af46bf6def9,Pengguna Google,https://play-lh.googleusercontent.com/EGemoI2NTXmTsBVtJqk8jxF9rh8ApRWfsIMQSt2uE4OcpQqbFu7f7NbTK05lx80nuSijCz7sc3a277R67g,bank jagp,5,0,,2025-10-21 06:00:39+00:00,,,
9755a8f5-dff9-4f19-a4b8-9dab37798735,Pengguna Google,https://play-lh.googleusercontent.com/EGemoI2NTXmTsBVtJqk8jxF9rh8ApRWfsIMQSt2uE4OcpQqbFu7f7NbTK05lx80nuSijCz7sc3a277R67g,"aplikasi yang sangat membantu, tidak ribet harus pergi ke kantor pusat, domisili manapun bisa bikin rekening, terimakasih mudah mudahan semakin maju bersama",5,0,8.75.0,2025-10-21 05:24:01+00:00,,,8.75.0
049d2244-5985-4101-9840-f0011ad83851,Pengguna Google,https://play-lh.googleusercontent.com/EGemoI2NTXmTsBVtJqk8jxF9rh8ApRWfsIMQSt2uE4OcpQqbFu7f7NbTK05lx80nuSijCz7sc3a277R67g,gak bisa login,1,0,,2025-10-21 01:54:58+00:00,"Halo, Jagoan. Mohon maaf atas kendala yang terjadi ya. Kamu tidak perlu khawatir, kamu bisa menjelaskan detail kendala tersebut melalui email di tanya@jago.com atau call center 1500 746 untuk kami bantu tangani lebih lanjut. Terima kasih :)",2025-10-21 02:18:36,
8f975143-2199-4531-bd92-1d3f94d7838f,Pengguna Google,https://play-lh.googleusercontent.com/EGemoI2NTXmTsBVtJqk8jxF9rh8ApRWfsIMQSt2uE4OcpQqbFu7f7NbTK05lx80nuSijCz7sc3a277R67g,saldo sering terpotong namun transaksi gagal kalo pake kartu digital untuk pembayaran,1,0,8.75.0,2025-10-21 01:54:11+00:00,"Halo, Jagoan. Mohon maaf atas kendala yang terjadi ya. Kamu tidak perlu khawatir, kamu bisa menjelaskan detail kendala tersebut melalui email di tanya@jago.com atau call center 1500 746 untuk kami bantu tangani lebih lanjut. Terima kasih :)",2025-10-21 02:18:33,8.75.0
718d87d5-0f35-4bc3-a7a5-1910f8017c86,Pengguna Google,https://play-lh.googleusercontent.com/EGemoI2NTXmTsBVtJqk8jxF9rh8ApRWfsIMQSt2uE4OcpQqbFu7f7NbTK05lx80nuSijCz7sc3a277R67g,"Good, pindah device pun harus vc live cs",5,0,,2025-10-21 01:48:11+00:00,,,
fdcee9b3-b523-4d15-9046-20b6f60196e2,Pengguna Google,https://play-lh.googleusercontent.com/EGemoI2NTXmTsBVtJqk8jxF9rh8ApRWfsIMQSt2uE4OcpQqbFu7f7NbTK05lx80nuSijCz7sc3a277R67g,belum keluar pinjamannya minta.... tpi jujur sangat dan sangat berguna... dri fitur-fitur nya jelas sangat berguna,5,0,8.74.0,2025-10-21 00:04:12+00:00,,,8.74.0
5d8a5226-65bf-4cc8-9ccf-f9269879bab3,Pengguna Google,https://play-lh.googleusercontent.com/EGemoI2NTXmTsBVtJqk8jxF9rh8ApRWfsIMQSt2uE4OcpQqbFu7f7NbTK05lx80nuSijCz7sc3a277R67g,"bank jago jadi syariah, pinjaman jadi hilang ada yg tau cara kembali lagi jadi bank jago biasa ???",3,0,,2025-10-20 22:25:05+00:00,"Halo, Jagoan. Mohon maaf atas kendala yang terjadi ya. Kamu tidak perlu khawatir, kamu bisa menjelaskan detail kendala tersebut melalui email di tanya@jago.com atau call center 1500 746 untuk kami bantu tangani lebih lanjut. Terima kasih :)",2025-10-20 22:31:33,
5b50060e-41cd-42f9-b623-f135de7c9bc2,Pengguna Google,https://play-lh.googleusercontent.com/EGemoI2NTXmTsBVtJqk8jxF9rh8ApRWfsIMQSt2uE4OcpQqbFu7f7NbTK05lx80nuSijCz7sc3a277R67g,sangat menunjang transaksi apa saja termasuk pembayaran iuran starlink kami setiap bulan 🙏terimakasih bank jago untuk kami yang ada diperbatasan Indonesia Philipina lebih khusus kami di tanah porodisa di kabupaten Kepulauan Talaud🙏,5,0,8.74.0,2025-10-20 22:00:37+00:00,,,8.74.0
d68f5e14-33c0-4755-a472-e2f9c16a29f9,Pengguna Google,https://play-lh.googleusercontent.com/EGemoI2NTXmTsBVtJqk8jxF9rh8ApRWfsIMQSt2uE4OcpQqbFu7f7NbTK05lx80nuSijCz7sc3a277R67g,Maashaa ALLAH bank Jago semoga terus Amanah. udah 2 tahun lebih pemakaian. Alhamdulillah oke,5,0,,2025-10-20 21:39:17+00:00,,,
042df422-006d-4528-b010-4cbddfc62584,Pengguna Google,https://play-lh.googleusercontent.com/EGemoI2NTXmTsBVtJqk8jxF9rh8ApRWfsIMQSt2uE4OcpQqbFu7f7NbTK05lx80nuSijCz7sc3a277R67g,terimakasih buat jago senang' sudah berlangganan di sini semoga kedepannya bisa dapat kesempatan pinjaman juga🙏,5,0,,2025-10-20 21:14:35+00:00,,,
7b4c4d5f-7918-4266-845a-baa7f5ec2017,Pengguna Google,https://play-lh.googleusercontent.com/EGemoI2NTXmTsBVtJqk8jxF9rh8ApRWfsIMQSt2uE4OcpQqbFu7f7NbTK05lx80nuSijCz7sc3a277R67g,mantap semakin menyala,5,0,8.74.0,2025-10-20 18:31:57+00:00,,,8.74.0
1002585a-c076-44c2-8146-804c6b825187,Pengguna Google,https://play-lh.googleusercontent.com/EGemoI2NTXmTsBVtJqk8jxF9rh8ApRWfsIMQSt2uE4OcpQqbFu7f7NbTK05lx80nuSijCz7sc3a277R67g,Recommended,5,0,8.74.0,2025-10-20 18:26:35+00:00,,,8.74.0
a2a7ca2e-75e9-4d74-b4ce-076e578a95af,Pengguna Google,https://play-lh.googleusercontent.com/EGemoI2NTXmTsBVtJqk8jxF9rh8ApRWfsIMQSt2uE4OcpQqbFu7f7NbTK05lx80nuSijCz7sc3a277R67g,saya suka pakai jago mobile soal nya gampang buat pengunaan nya...gampang mau transaksi...gampang buat nya...mantabb deh klau jago bank,5,0,8.74.0,2025-10-20 18:12:42+00:00,,,8.74.0
ec685ba8-d972-40d4-9b0f-3a339efd46e3,Pengguna Google,https://play-lh.googleusercontent.com/EGemoI2NTXmTsBVtJqk8jxF9rh8ApRWfsIMQSt2uE4OcpQqbFu7f7NbTK05lx80nuSijCz7sc3a277R67g,bintang 4 dulu..kira kira syarat fitur pinjam biar kebuka gimana ya kak??,4,0,8.75.0,2025-10-20 17:58:20+00:00,"Halo, Jagoan. Terima kasih atas penilaian yang sudah kamu berikan. Masukanmu menjadi input baik untuk Jago dalam memberikan layanan yang lebih baik lagi ke depannya. Jika ada yang ingin ditanyakan, kamu bisa mengirimkan email ke tanya@jago.com atau call center di 1500 746. Terima kasih :)",2025-10-20 18:00:18,8.75.0
b342f17e-d11f-411c-a90a-638bb431080e,Pengguna Google,https://play-lh.googleusercontent.com/EGemoI2NTXmTsBVtJqk8jxF9rh8ApRWfsIMQSt2uE4OcpQqbFu7f7NbTK05lx80nuSijCz7sc3a277R67g,"tolong ya , gratis tarik tunai dibuat 5x deh gratisnya atau 4x deh jangan 3x terlalu kurang",5,0,,2025-10-20 17:56:05+00:00,,,
18624614-8ebf-43f8-81c1-081f5d4fd5ee,Pengguna Google,https://play-lh.googleusercontent.com/EGemoI2NTXmTsBVtJqk8jxF9rh8ApRWfsIMQSt2uE4OcpQqbFu7f7NbTK05lx80nuSijCz7sc3a277R67g,ini kok cuman muter doang ya,5,0,8.75.0,2025-10-20 17:54:16+00:00,,,8.75.0
1cebd453-c3b0-4e5a-8d96-6a5d26a90a88,Pengguna Google,https://play-lh.googleusercontent.com/EGemoI2NTXmTsBVtJqk8jxF9rh8ApRWfsIMQSt2uE4OcpQqbFu7f7NbTK05lx80nuSijCz7sc3a277R67g,ini aku udah ganti password tpi ttep gabiaa kan aneh,3,0,8.70.1,2025-10-20 17:52:51+00:00,"Halo, Jagoan. Mohon maaf atas kendala yang terjadi ya. Kamu tidak perlu khawatir, kamu bisa menjelaskan detail kendala tersebut melalui email di tanya@jago.com atau call center 1500 746 untuk kami bantu tangani lebih lanjut. Terima kasih :)",2025-10-20 18:00:24,8.70.1
2cdabb66-42a7-4dba-b792-b27844893da1,Pengguna Google,https://play-lh.googleusercontent.com/EGemoI2NTXmTsBVtJqk8jxF9rh8ApRWfsIMQSt2uE4OcpQqbFu7f7NbTK05lx80nuSijCz7sc3a277R67g,teruslah amanah pada harta nasabah yg di titipkan di bank jago dan jangan lupa kasih fitur buat bayar angsuran FIF🙏,5,0,8.72.0,2025-10-20 17:02:15+00:00,,,8.72.0
0e811423-eef8-4ff2-95fc-8ea48d597220,Pengguna Google,https://play-lh.googleusercontent.com/EGemoI2NTXmTsBVtJqk8jxF9rh8ApRWfsIMQSt2uE4OcpQqbFu7f7NbTK05lx80nuSijCz7sc3a277R67g,terbaik,5,0,8.75.0,2025-10-20 16:35:12+00:00,,,8.75.0
d228c156-f8ee-4617-b372-11064881b28c,Pengguna Google,https://play-lh.googleusercontent.com/EGemoI2NTXmTsBVtJqk8jxF9rh8ApRWfsIMQSt2uE4OcpQqbFu7f7NbTK05lx80nuSijCz7sc3a277R67g,"HP hilang berarti ga ad otp donk,,,, gmail lupa sandi,,,,, fix mo login ga bisa,,,, hubungi cs percuma selalu otp,,,, mo kirim kemana coba orang HP aja ilang,,,,",1,0,,2025-10-20 16:26:49+00:00,"Halo, Jagoan. Mohon maaf atas kendala yang terjadi ya. Kamu tidak perlu khawatir, kamu bisa menjelaskan detail kendala tersebut melalui email di tanya@jago.com atau call center 1500 746 untuk kami bantu tangani lebih lanjut. Terima kasih :)",2025-10-20 16:30:12,
be424854-6406-4366-9804-c06f9e78c8c1,Pengguna Google,https://play-lh.googleusercontent.com/EGemoI2NTXmTsBVtJqk8jxF9rh8ApRWfsIMQSt2uE4OcpQqbFu7f7NbTK05lx80nuSijCz7sc3a277R67g,"halo ka, ini kenapa kode otp dari bank jago gabisa masuk ke whatsapp ya?? koneksi stabil whatsapp juga ga eror, tapi kenapa kode otp ga masuk masuk?",2,0,8.75.0,2025-10-20 16:19:02+00:00,"Halo, Jagoan. Mohon maaf atas kendala yang terjadi ya. Kamu tidak perlu khawatir, kamu bisa menjelaskan detail kendala tersebut melalui email di tanya@jago.com atau call center 1500 746 untuk kami bantu tangani lebih lanjut. Terima kasih :)",2025-10-20 16:30:16,8.75.0
90f76532-bba5-4e8a-b2af-8d65d1a0bf1d,Pengguna Google,https://play-lh.googleusercontent.com/EGemoI2NTXmTsBVtJqk8jxF9rh8ApRWfsIMQSt2uE4OcpQqbFu7f7NbTK05lx80nuSijCz7sc3a277R67g,mantap,5,0,8.74.0,2025-10-20 15:54:30+00:00,,,8.74.0
6e3104a2-b28e-4e53-aa4a-3871f3bfd859,Pengguna Google,https://play-lh.googleusercontent.com/EGemoI2NTXmTsBVtJqk8jxF9rh8ApRWfsIMQSt2uE4OcpQqbFu7f7NbTK05lx80nuSijCz7sc3a277R67g,jangan donlot dijamin nyesel.. CS low respon masalah pun g selesai jgn samape topup saldo pokony jgn anjirrr sumpah klo dbilangin lu pd ah,1,0,,2025-10-20 15:50:48+00:00,"Halo, Jagoan. Mohon maaf atas kendala yang terjadi ya. Kamu tidak perlu khawatir, kamu bisa menjelaskan detail kendala tersebut melalui email di tanya@jago.com atau call center 1500 746 untuk kami bantu tangani lebih lanjut. Terima kasih :)",2025-10-20 16:00:43,
09845437-7c99-4f11-b3cb-82d78751e799,Pengguna Google,https://play-lh.googleusercontent.com/EGemoI2NTXmTsBVtJqk8jxF9rh8ApRWfsIMQSt2uE4OcpQqbFu7f7NbTK05lx80nuSijCz7sc3a277R67g,keren,5,0,,2025-10-20 15:27:26+00:00,,,
03814385-d8c1-4a86-82fe-25896b816ff1,Pengguna Google,https://play-lh.googleusercontent.com/EGemoI2NTXmTsBVtJqk8jxF9rh8ApRWfsIMQSt2uE4OcpQqbFu7f7NbTK05lx80nuSijCz7sc3a277R67g,"sekarang kok rumit mau login sll slah sandi ,lupa sandi juga balik lg kaya gt",1,0,8.75.0,2025-10-20 11:30:41+00:00,"Halo, Jagoan. Mohon maaf atas kendala yang terjadi ya. Kamu tidak perlu khawatir, kamu bisa menjelaskan detail kendala tersebut melalui email di tanya@jago.com atau call center 1500 746 untuk kami bantu tangani lebih lanjut. Terima kasih :)",2025-10-20 13:05:50,8.75.0
491159fe-28fb-4dac-8c71-6133db55bf29,Pengguna Google,https://play-lh.googleusercontent.com/EGemoI2NTXmTsBVtJqk8jxF9rh8ApRWfsIMQSt2uE4OcpQqbFu7f7NbTK05lx80nuSijCz7sc3a277R67g,semoga bermanfaat buat orang lain yang lebih dari salah satu untuk membayar daftar nya juga simpel ga ribet mks,5,0,8.75.0,2025-10-20 11:07:56+00:00,,,8.75.0
36f44da3-2242-4460-a9a2-fc02524e9e1a,Pengguna Google,https://play-lh.googleusercontent.com/EGemoI2NTXmTsBVtJqk8jxF9rh8ApRWfsIMQSt2uE4OcpQqbFu7f7NbTK05lx80nuSijCz7sc3a277R67g,sangat bagus,5,0,8.73.0,2025-10-20 10:39:47+00:00,,,8.73.0
922fba0a-646d-406d-bf58-387211fd259b,Pengguna Google,https://play-lh.googleusercontent.com/EGemoI2NTXmTsBVtJqk8jxF9rh8ApRWfsIMQSt2uE4OcpQqbFu7f7NbTK05lx80nuSijCz7sc3a277R67g,Belum juga daftar akun udah keblokir aja gimana mau nabung/investasi belum juga pernah download apk udah keblok aja hadeh,1,0,,2025-10-20 09:39:26+00:00,"Halo, Jagoan. Mohon maaf atas kendala yang terjadi ya. Kamu tidak perlu khawatir, kamu bisa menjelaskan detail kendala tersebut melalui email di tanya@jago.com atau call center 1500 746 untuk kami bantu tangani lebih lanjut. Terima kasih :)",2025-10-20 10:00:48,
cc6e5e84-d6b4-4d1d-ab9a-282a199a8d06,Pengguna Google,https://play-lh.googleusercontent.com/EGemoI2NTXmTsBVtJqk8jxF9rh8ApRWfsIMQSt2uE4OcpQqbFu7f7NbTK05lx80nuSijCz7sc3a277R67g,untuk fitur pinjaman nya kapan rilis nya min,4,0,8.74.0,2025-10-20 09:05:54+00:00,"Halo, Jagoan. Terima kasih atas penilaian yang sudah kamu berikan. Mohon maaf atas kendala yang terjadi ya. Kamu tidak perlu khawatir, kamu bisa menjelaskan detail kendala tersebut melalui email di tanya@jago.com atau call center 1500 746 untuk kami bantu tangani lebih lanjut. Terima kasih :)",2025-10-20 09:32:26,8.74.0
b9cfa9dc-fe76-433f-b347-5b4b8dba30d8,Pengguna Google,https://play-lh.googleusercontent.com/EGemoI2NTXmTsBVtJqk8jxF9rh8ApRWfsIMQSt2uE4OcpQqbFu7f7NbTK05lx80nuSijCz7sc3a277R67g,"hanya ganti nomor saja butuh waktu seminggu lebih, giliran nutup akun juga dipersulit. apa gunanya online banking kalau hanya menghabiskan pulsa dan mempersulit nasabah?",1,0,,2025-10-20 08:32:42+00:00,"Halo, Jagoan. Mohon maaf atas kendala yang terjadi ya. Kamu tidak perlu khawatir, kamu bisa menjelaskan detail kendala tersebut melalui email di tanya@jago.com atau call center 1500 746 untuk kami bantu tangani lebih lanjut. Terima kasih :)",2025-10-20 09:09:00,
01cdce6f-93db-47bb-ab3f-d6ef89dfdef5,Pengguna Google,https://play-lh.googleusercontent.com/EGemoI2NTXmTsBVtJqk8jxF9rh8ApRWfsIMQSt2uE4OcpQqbFu7f7NbTK05lx80nuSijCz7sc3a277R67g,👍👍,5,0,8.74.0,2025-10-20 07:56:20+00:00,,,8.74.0
badad000-32aa-4f4a-b6b4-c2215411448d,Pengguna Google,https://play-lh.googleusercontent.com/EGemoI2NTXmTsBVtJqk8jxF9rh8ApRWfsIMQSt2uE4OcpQqbFu7f7NbTK05lx80nuSijCz7sc3a277R67g,"tolonglah perbaiki pelayanannya, aplikasi susah login, giliran login tidak bisa bertransaksi, ini menyusahkan nasabah. tidak ada follow up yang jelas terkait masalah ini,saya sudah email, nelpon, chat WhatsApp, tetap aja tidak ada perbaikan.",1,1,,2025-10-20 07:56:18+00:00,"Halo, Jagoan. Mohon maaf atas kendala yang terjadi ya. Kamu tidak perlu khawatir, kamu bisa menjelaskan detail kendala tersebut melalui email di tanya@jago.com atau call center 1500 746 untuk kami bantu tangani lebih lanjut. Terima kasih :)",2025-10-20 08:11:05,
f9869ba1-5549-4122-9aaf-1e14dab58656,Pengguna Google,https://play-lh.googleusercontent.com/EGemoI2NTXmTsBVtJqk8jxF9rh8ApRWfsIMQSt2uE4OcpQqbFu7f7NbTK05lx80nuSijCz7sc3a277R67g,acc pinjaman nya kak ehehe,5,0,8.74.0,2025-10-20 07:15:44+00:00,,,8.74.0
312a04c4-dac6-4d76-9b97-1243d327ef5d,Pengguna Google,https://play-lh.googleusercontent.com/EGemoI2NTXmTsBVtJqk8jxF9rh8ApRWfsIMQSt2uE4OcpQqbFu7f7NbTK05lx80nuSijCz7sc3a277R67g,Update... masalah terselesaikan.. thanks jagoanku,5,0,8.74.0,2025-10-20 07:06:54+00:00,"Halo, Jagoan. Mohon maaf atas kendala yang terjadi ya. Kamu tidak perlu khawatir, kamu bisa menjelaskan detail kendala tersebut melalui email di tanya@jago.com atau call center 1500 746 untuk kami bantu tangani lebih lanjut. Terima kasih :)",2025-10-20 07:04:50,8.74.0
c3c31af6-e7d2-42b4-8655-4a7283763b57,Pengguna Google,https://play-lh.googleusercontent.com/EGemoI2NTXmTsBVtJqk8jxF9rh8ApRWfsIMQSt2uE4OcpQqbFu7f7NbTK05lx80nuSijCz7sc3a277R67g,tidak berguna,1,0,8.74.0,2025-10-20 04:50:43+00:00,"Halo, Jagoan! Mohon maaf atas ketidaknyamanan yang Kakak alami. Supaya bisa membantu lebih lanjut, Kakak bisa menginformasikan detail keluhannya melalui email tanya@jago.com ya. Tim terkait kami dengan senang hati akan membantu Kakak menyelesaikan permasalahannya.",2025-10-20 05:26:55,8.74.0
48f65c15-7eae-4f35-8fd1-fab4dcb52ba3,Pengguna Google,https://play-lh.googleusercontent.com/EGemoI2NTXmTsBVtJqk8jxF9rh8ApRWfsIMQSt2uE4OcpQqbFu7f7NbTK05lx80nuSijCz7sc3a277R67g,nomor hp yang lama sudah hangus mau ganti no hape di bikin super ribet.telpon berkali kali pulsa habis sudah berapa bulan juga ga kunjung selesai,1,0,8.70.1,2025-10-20 03:23:28+00:00,"Halo, Jagoan! Mohon maaf atas ketidaknyamanan yang Kakak alami. Supaya bisa membantu lebih lanjut, Kakak bisa menginformasikan detail keluhannya melalui email tanya@jago.com ya. Tim terkait kami dengan senang hati akan membantu Kakak menyelesaikan permasalahannya.",2025-10-20 04:09:51,8.70.1
9799b731-b458-4a74-9aad-6a89fc896419,Pengguna Google,https://play-lh.googleusercontent.com/EGemoI2NTXmTsBVtJqk8jxF9rh8ApRWfsIMQSt2uE4OcpQqbFu7f7NbTK05lx80nuSijCz7sc3a277R67g,"aneh padahal pin udah bener, pasword bener, tapi ga bisa masuk,,, udah masukin email sama nik tetep ga bisa masuk",1,0,,2025-10-20 02:35:48+00:00,"Halo, Jagoan! Mohon maaf atas ketidaknyamanan yang Kakak alami. Supaya bisa membantu lebih lanjut, Kakak bisa menginformasikan detail keluhannya melalui email tanya@jago.com ya. Tim terkait kami dengan senang hati akan membantu Kakak menyelesaikan permasalahannya.",2025-10-20 03:16:22,
0bf085e8-f376-4b0a-b294-2896bc53ae73,Pengguna Google,https://play-lh.googleusercontent.com/EGemoI2NTXmTsBVtJqk8jxF9rh8ApRWfsIMQSt2uE4OcpQqbFu7f7NbTK05lx80nuSijCz7sc3a277R67g,semoga saya dapat fitur pinjaman dari bank jago dan acc untuk keperluan pendidikan,5,0,,2025-10-20 00:07:05+00:00,,,
9d4aa3f5-d49f-4c1f-9326-8ae15e9606a7,Pengguna Google,https://play-lh.googleusercontent.com/EGemoI2NTXmTsBVtJqk8jxF9rh8ApRWfsIMQSt2uE4OcpQqbFu7f7NbTK05lx80nuSijCz7sc3a277R67g,aip,5,0,8.74.0,2025-10-19 23:17:00+00:00,,,8.74.0
8c4b079d-1fa6-45d7-835d-3e77183d41a2,Pengguna Google,https://play-lh.googleusercontent.com/EGemoI2NTXmTsBVtJqk8jxF9rh8ApRWfsIMQSt2uE4OcpQqbFu7f7NbTK05lx80nuSijCz7sc3a277R67g,saya kasi lima bintang buat bang jago,5,0,8.74.0,2025-10-19 20:43:07+00:00,,,8.74.0
181ff31e-b1e2-4a42-93d8-fed083ca00cc,Pengguna Google,https://play-lh.googleusercontent.com/EGemoI2NTXmTsBVtJqk8jxF9rh8ApRWfsIMQSt2uE4OcpQqbFu7f7NbTK05lx80nuSijCz7sc3a277R67g,"ui section buat lihat summary saldo kepotong, tolong segara di fix",2,0,,2025-10-19 20:26:50+00:00,"Halo, Jagoan! Kami mohon maaf sekali ya atas kendala yang kamu alami. Apakah kamu berkenan menginformasikan detail kendala tersebut supaya bisa kami bantu cek lebih lanjut? Mohon untuk menghubungi kami melalui Tanya Jago di 1500 746/+62 21 3000 0746, atau melalui email ke tanya@jago.com. Kami tunggu laporannya ya.",2025-10-19 21:08:04,
744771ad-06e7-4451-b12e-87dda83d7a61,Pengguna Google,https://play-lh.googleusercontent.com/EGemoI2NTXmTsBVtJqk8jxF9rh8ApRWfsIMQSt2uE4OcpQqbFu7f7NbTK05lx80nuSijCz7sc3a277R67g,"biasanya login pakai fp nah kebetulan menu fp gak tampil terus coba login pake pin malah ada notif salah padahal dari pertama kali daftar belum pernah ganti dan sering juga di gunakan untuk transaksi , lalu coba deh ngajuin lupa kata sandi dan berhasil ganti kata sandi eeh pas di coba pakai sandi baru tetep gak bisa masuk katanya sandi salah , aneh bin ajaib kan, di reinstall baru salove , ok bintang naikin dah",4,0,,2025-10-19 20:20:37+00:00,"Halo, Jagoan! Mohon maaf atas ketidaknyamanan. Kami akan terus memperbaiki dan meningkatkan layanan perbankan kami. Mohon kesediaannya untuk menginformasikan secara detail kendala yang dialami dengan menghubungi kami melalui Tanya Jago di 1500 746/+62 21 3000 0746, atau email ke tanya@jago.com. Kami tunggu ya.",2025-10-19 20:23:47,
0b4724f6-4b01-4353-8817-3107cd47c69e,Pengguna Google,https://play-lh.googleusercontent.com/EGemoI2NTXmTsBVtJqk8jxF9rh8ApRWfsIMQSt2uE4OcpQqbFu7f7NbTK05lx80nuSijCz7sc3a277R67g,"ini kenapa saya mau tf salalu saldo kurang, padahal saldo pas dan sesuai",4,0,8.75.0,2025-10-19 18:30:26+00:00,"Halo, Jagoan. Mohon maaf atas kendala yang terjadi ya. Kamu tidak perlu khawatir, kamu bisa menjelaskan detail kendala tersebut melalui email di tanya@jago.com atau call center 1500 746 untuk kami bantu tangani lebih lanjut. Terima kasih :)",2025-10-19 19:13:48,8.75.0
21207660-b4f4-4f9f-99de-595dc46803b9,Pengguna Google,https://play-lh.googleusercontent.com/EGemoI2NTXmTsBVtJqk8jxF9rh8ApRWfsIMQSt2uE4OcpQqbFu7f7NbTK05lx80nuSijCz7sc3a277R67g,bener mantap nih bang jago,5,0,8.74.0,2025-10-19 16:38:59+00:00,,,8.74.0
c9b02598-67bc-45b9-bca2-2dbab8d26be8,Pengguna Google,https://play-lh.googleusercontent.com/EGemoI2NTXmTsBVtJqk8jxF9rh8ApRWfsIMQSt2uE4OcpQqbFu7f7NbTK05lx80nuSijCz7sc3a277R67g,"Apk transaksi perbankan terbaik. simple, praktis & anti lelet. Sayang nya saya belum terpilih untuk mendapatkan fitur pinjaman disini. Semoga sy bisa terpilih 🔥🎉😇 Referral : FERDE89D",5,0,8.74.0,2025-10-19 13:19:37+00:00,,,8.74.0
1580d8ff-ded5-4faf-bd44-f6cca2bc33ae,Pengguna Google,https://play-lh.googleusercontent.com/EGemoI2NTXmTsBVtJqk8jxF9rh8ApRWfsIMQSt2uE4OcpQqbFu7f7NbTK05lx80nuSijCz7sc3a277R67g,"Nama bank nya bank jago, bener-bener jagoan kasih limit pinjamannya, kalo bisa ditambahin bulannya jadi 2 tahun, agar tidak memberatkan cicilannya.. Selalu jadi yang terdepan untuk bank jago",5,21,8.75.0,2025-10-19 11:57:07+00:00,,,8.75.0
d19b0249-ce71-4d65-886e-eb2e4a4da184,Pengguna Google,https://play-lh.googleusercontent.com/EGemoI2NTXmTsBVtJqk8jxF9rh8ApRWfsIMQSt2uE4OcpQqbFu7f7NbTK05lx80nuSijCz7sc3a277R67g,haduh jadi ribet gini bank jago. harus ada selfi dengan arahan agen segala mana mungkin saya berdandan dulu untuk sebuah selfi di sini. saya urgent bukan sedang santai.. memang sih bagus buat penjagaan atau keamanan tapi. saya kecewa dan ya bikin ribet nasabah. pengen maju tapi aplikasi dan sistemnya sendiri di bikin ribet kayak gini duh,1,0,,2025-10-19 10:47:19+00:00,"Hai, Jagoan. Mohon maaf untuk kendala yang kamu alami. Terkait kendala tersebut, kamu bisa segera laporkan ke Tanya Jago di nomor 1500746/021-30000746 atau e-mail ke tanya@jago.com ya. Tidak perlu khawatir karena tim terkait kami akan segera membantu. Terima kasih.",2025-10-19 11:11:34,
e2913a72-a289-4a39-999f-204014492b33,Pengguna Google,https://play-lh.googleusercontent.com/EGemoI2NTXmTsBVtJqk8jxF9rh8ApRWfsIMQSt2uE4OcpQqbFu7f7NbTK05lx80nuSijCz7sc3a277R67g,sangat bagus,5,0,8.74.0,2025-10-19 10:09:25+00:00,,,8.74.0
cec7d4ca-da05-4331-b4ac-cfee648a2672,Pengguna Google,https://play-lh.googleusercontent.com/EGemoI2NTXmTsBVtJqk8jxF9rh8ApRWfsIMQSt2uE4OcpQqbFu7f7NbTK05lx80nuSijCz7sc3a277R67g,good,5,0,8.74.0,2025-10-19 10:06:36+00:00,,,8.74.0
444211fa-ef98-4ac6-8708-08364880b8ac,Pengguna Google,https://play-lh.googleusercontent.com/EGemoI2NTXmTsBVtJqk8jxF9rh8ApRWfsIMQSt2uE4OcpQqbFu7f7NbTK05lx80nuSijCz7sc3a277R67g,"Jelek, aplikasi rusak, mau tranksaksi tiba2 lemot padahal jaringan bagus bisa streaming, ini transfer ribet, lemot",1,8,8.74.0,2025-10-19 10:06:19+00:00,"Hai, Jagoan. Mohon maaf untuk kendala yang kamu alami. Terkait kendala tersebut, kamu bisa segera laporkan ke Tanya Jago di nomor 1500746/021-30000746 atau e-mail ke tanya@jago.com ya. Tidak perlu khawatir karena tim terkait kami akan segera membantu. Terima kasih.",2025-10-19 10:33:26,8.74.0
1d9fb0ed-737f-4840-b167-cd08dffda165,Pengguna Google,https://play-lh.googleusercontent.com/EGemoI2NTXmTsBVtJqk8jxF9rh8ApRWfsIMQSt2uE4OcpQqbFu7f7NbTK05lx80nuSijCz7sc3a277R67g,cakap,5,0,8.74.0,2025-10-19 09:43:23+00:00,,,8.74.0
a516d0dc-1d5e-4e8c-a089-9a104ef95fbf,Pengguna Google,https://play-lh.googleusercontent.com/EGemoI2NTXmTsBVtJqk8jxF9rh8ApRWfsIMQSt2uE4OcpQqbFu7f7NbTK05lx80nuSijCz7sc3a277R67g,mantap,4,0,,2025-10-19 05:43:49+00:00,"Halo, Jagoan! Terima kasih atas ulasannya. Kami sangat senang jika kamu puas dengan pelayanan dari Bank Jago. Jika kamu memiliki pertanyaan lainnya, kamu bisa langsung hubungi Tanya Jago di nomor 1500746 / 021-30000746 atau e-mail ke tanya@jago.com ya.",2025-10-19 06:20:28,
de7b0d47-fb87-45c8-b115-9a0271e03531,Pengguna Google,https://play-lh.googleusercontent.com/EGemoI2NTXmTsBVtJqk8jxF9rh8ApRWfsIMQSt2uE4OcpQqbFu7f7NbTK05lx80nuSijCz7sc3a277R67g,bagus,5,0,8.74.0,2025-10-19 03:57:33+00:00,,,8.74.0
53f18286-8fec-439c-a5be-2fe53af9e56d,Pengguna Google,https://play-lh.googleusercontent.com/EGemoI2NTXmTsBVtJqk8jxF9rh8ApRWfsIMQSt2uE4OcpQqbFu7f7NbTK05lx80nuSijCz7sc3a277R67g,"tolong pihak jago,kenapa ketika saya login di hp baru saya dan saya disuruh ferivikasi menggunakan wajah kenapa Flasclose sendiri sudah berapa kali saya coba tapi tetap tidak berhasil tolong perbaiki kendalanya,",1,3,8.75.0,2025-10-19 03:17:42+00:00,"Halo, Jagoan. Mohon maaf atas kendala yang terjadi ya. Kamu tidak perlu khawatir, kamu bisa menjelaskan detail kendala tersebut melalui email di tanya@jago.com atau call center 1500 746 untuk kami bantu tangani lebih lanjut. Terima kasih :)",2025-10-19 04:29:14,8.75.0
eb46f276-e35f-46d3-a482-fba33637fcf1,Pengguna Google,https://play-lh.googleusercontent.com/EGemoI2NTXmTsBVtJqk8jxF9rh8ApRWfsIMQSt2uE4OcpQqbFu7f7NbTK05lx80nuSijCz7sc3a277R67g,mantep,5,0,8.74.0,2025-10-19 02:22:35+00:00,,,8.74.0
a2566bc7-818e-46a8-a623-95e080c5ebea,Pengguna Google,https://play-lh.googleusercontent.com/EGemoI2NTXmTsBVtJqk8jxF9rh8ApRWfsIMQSt2uE4OcpQqbFu7f7NbTK05lx80nuSijCz7sc3a277R67g,"gua tf berhasil tapi saldo kaga masuk , apaan nih maksudnya , ilang duit gua",1,1,8.74.0,2025-10-19 02:10:34+00:00,"Halo, Jagoan. Mohon maaf atas kendala yang terjadi ya. Kamu tidak perlu khawatir, kamu bisa menjelaskan detail kendala tersebut melalui email di tanya@jago.com atau call center 1500 746 untuk kami bantu tangani lebih lanjut. Terima kasih :)",2025-10-19 04:29:09,8.74.0
a8e6d2e8-4193-4c15-aeb4-a3acf6761f43,Pengguna Google,https://play-lh.googleusercontent.com/EGemoI2NTXmTsBVtJqk8jxF9rh8ApRWfsIMQSt2uE4OcpQqbFu7f7NbTK05lx80nuSijCz7sc3a277R67g,good job,5,0,8.74.0,2025-10-19 02:06:01+00:00,,,8.74.0
707b78a0-e6cd-4cd7-a563-9a880b3adcd9,Pengguna Google,https://play-lh.googleusercontent.com/EGemoI2NTXmTsBVtJqk8jxF9rh8ApRWfsIMQSt2uE4OcpQqbFu7f7NbTK05lx80nuSijCz7sc3a277R67g,Good !!!,5,0,8.74.0,2025-10-19 00:54:08+00:00,,,8.74.0
f36cf014-53bc-498b-aa3b-f9d1458df7a1,Pengguna Google,https://play-lh.googleusercontent.com/EGemoI2NTXmTsBVtJqk8jxF9rh8ApRWfsIMQSt2uE4OcpQqbFu7f7NbTK05lx80nuSijCz7sc3a277R67g,"Baik.... Apps ini sangat membantu saya, terimakasih",5,0,8.75.0,2025-10-19 00:52:39+00:00,"Halo, Jagoan! Terimakasih sudah memilih Bank Jago. Kami senang mendengar pengalaman kamu saat menggunakan aplikasi Jago. Selamat menikmati fitur-fitur dari kami. Jika ada pertanyaan lain, kamu bisa menghubungi Tanya Jago di 1500746 / 021-30000746 atau e-mail ke tanya@jago.com.",2024-08-28 14:15:09,8.75.0
08d0d720-313a-440d-977d-96aac274b5f7,Pengguna Google,https://play-lh.googleusercontent.com/EGemoI2NTXmTsBVtJqk8jxF9rh8ApRWfsIMQSt2uE4OcpQqbFu7f7NbTK05lx80nuSijCz7sc3a277R67g,ok,5,0,8.68.1,2025-10-19 00:11:00+00:00,,,8.68.1
094db8c8-1fdf-43d5-8bf9-6a94bea21c4f,Pengguna Google,https://play-lh.googleusercontent.com/EGemoI2NTXmTsBVtJqk8jxF9rh8ApRWfsIMQSt2uE4OcpQqbFu7f7NbTK05lx80nuSijCz7sc3a277R67g,bintang 4 dulu sampai update fitur nya di buka,4,0,,2025-10-19 00:04:21+00:00,"Hai, Jagoan! Terima kasih sudah memberikan ulasan dan sudah memilih Bank Jago sebagai bank digital kamu. Semoga Bank Jago bisa semakin mempermudah transaksi perbankan kamu. Jika kamu memerlukan informasi seputar Bank Jago, silakan hubungi Tanya Jago di 1500746/+62 21 3000 0746, atau melalui email ke tanya@jago.com. Dengan senang hati akan membantu.",2025-10-19 00:34:05,
c01b787d-75e3-49ba-baf9-70b0d720ca83,Pengguna Google,https://play-lh.googleusercontent.com/EGemoI2NTXmTsBVtJqk8jxF9rh8ApRWfsIMQSt2uE4OcpQqbFu7f7NbTK05lx80nuSijCz7sc3a277R67g,"pihak jago, gimana sih konsepnya, orang daftarnya belum selesai, udah sampe stap foto KTP trus eror, abis itu pas di coba lagi akun udah terdaftar, pas coba masuk merah mulu salah, apa sih..., kaya sengaja banget biar aku ga dapet referal",2,0,,2025-10-18 23:41:16+00:00,"Halo, Jagoan. Mohon maaf atas kendala yang terjadi ya. Kamu tidak perlu khawatir, kamu bisa menjelaskan detail kendala tersebut melalui email di tanya@jago.com atau call center 1500 746 untuk kami bantu tangani lebih lanjut. Terima kasih :)",2025-10-19 00:02:25,
f396cc36-f937-4f07-a05b-2d9add28f5f5,Pengguna Google,https://play-lh.googleusercontent.com/EGemoI2NTXmTsBVtJqk8jxF9rh8ApRWfsIMQSt2uE4OcpQqbFu7f7NbTK05lx80nuSijCz7sc3a277R67g,bagus sih banyak kantong nya juga,5,0,8.73.0,2025-10-18 22:24:59+00:00,,,8.73.0
8d7a31f5-2689-46c2-b6fb-923a5d7f234d,Pengguna Google,https://play-lh.googleusercontent.com/EGemoI2NTXmTsBVtJqk8jxF9rh8ApRWfsIMQSt2uE4OcpQqbFu7f7NbTK05lx80nuSijCz7sc3a277R67g,mantap,5,0,8.74.0,2025-10-18 21:39:03+00:00,,,8.74.0
0fb7a633-b656-4a2f-8e71-ae2d69850595,Pengguna Google,https://play-lh.googleusercontent.com/EGemoI2NTXmTsBVtJqk8jxF9rh8ApRWfsIMQSt2uE4OcpQqbFu7f7NbTK05lx80nuSijCz7sc3a277R67g,"tolongg bangettt udah masukin password yg benar pdhl, trs ganti password masih salah terus?!! anehh bangetttt",1,0,8.74.0,2025-10-18 18:31:21+00:00,"Halo, Jagoan! Mohon maaf atas ketidaknyamanannya ya. Untuk kendala yang kamu alami, bisakah diinformasikan secara detail ke Tanya Jago di nomor 1500746 /+62 21 3000 0746 atau email ke tanya@jago.com? Kami dengan senang hati akan membantu kamu. :)",2025-10-18 19:19:28,8.74.0
b9382393-045d-4ed5-9062-11afa4057fbc,Pengguna Google,https://play-lh.googleusercontent.com/EGemoI2NTXmTsBVtJqk8jxF9rh8ApRWfsIMQSt2uE4OcpQqbFu7f7NbTK05lx80nuSijCz7sc3a277R67g,"segampng ituu blokir akun orang, verifikasi ktp lma bnaget.... di dalem ada sladonya krn teebelokir jadi g bisa akses. BUANG"" PULSA BUAT TLP!!!! TAPI G DI BUKA"" SIALAAN",1,1,8.74.0,2025-10-18 17:46:20+00:00,"Halo, Jagoan! Mohon maaf atas ketidaknyamanannya ya. Untuk kendala yang kamu alami, bisakah diinformasikan secara detail ke Tanya Jago di nomor 1500746 /+62 21 3000 0746 atau email ke tanya@jago.com? Kami dengan senang hati akan membantu kamu. :)",2025-10-18 18:27:47,8.74.0
0eba404f-4106-49ea-9d97-062d63980f9f,Pengguna Google,https://play-lh.googleusercontent.com/EGemoI2NTXmTsBVtJqk8jxF9rh8ApRWfsIMQSt2uE4OcpQqbFu7f7NbTK05lx80nuSijCz7sc3a277R67g,"app parah uang saya nyangkut 1,4 akun terkena kendala, bikin laporan slow respawn juga di jawabnya, kayak engga ada penyelesaiianya kepada nasabah, nasabah di buat mainan sama pihak jagonya. parahh kecewaaa",1,4,8.74.0,2025-10-18 17:39:33+00:00,"Hai, Jagoan! Mohon maaf untuk ketidaknyamanan terkait kendala yang kamu alami. Hal ini akan menjadi perhatian dan masukan agar Bank Jago lebih baik ke depannya. Silakan hubungi Tanya Jago di 1500746/+62 21 3000 0746, atau menghubungi melalui email ke tanya@jago.com. Dengan senang hati kami akan membantu menyelesaikan masalah dan kendala kamu. :)",2025-10-18 18:27:42,8.74.0
d705d0ee-8218-4e67-8ab6-030370e8b439,Pengguna Google,https://play-lh.googleusercontent.com/EGemoI2NTXmTsBVtJqk8jxF9rh8ApRWfsIMQSt2uE4OcpQqbFu7f7NbTK05lx80nuSijCz7sc3a277R67g,Bank jago terbaik,4,0,8.75.0,2025-10-18 16:14:00+00:00,"Hai, Jagoan! Mohon maaf untuk ketidaknyamanan terkait kendala yang kamu alami. Hal ini akan menjadi perhatian dan masukan agar Bank Jago lebih baik ke depannya. Silakan hubungi Tanya Jago di 1500746/+62 21 3000 0746, atau menghubungi melalui email ke tanya@jago.com. Dengan senang hati kami akan membantu menyelesaikan masalah dan kendala kamu. :)",2025-10-18 16:31:29,8.75.0
ef75e559-e781-44cd-8ad2-9926ab553902,Pengguna Google,https://play-lh.googleusercontent.com/EGemoI2NTXmTsBVtJqk8jxF9rh8ApRWfsIMQSt2uE4OcpQqbFu7f7NbTK05lx80nuSijCz7sc3a277R67g,Simple dan mudah di gunakan,5,0,8.74.0,2025-10-18 15:53:54+00:00,,,8.74.0
fdd04b3a-0976-4937-bea4-0a86c74aa8a1,Pengguna Google,https://play-lh.googleusercontent.com/EGemoI2NTXmTsBVtJqk8jxF9rh8ApRWfsIMQSt2uE4OcpQqbFu7f7NbTK05lx80nuSijCz7sc3a277R67g,"sangat kecewa dengan sistem jago , tanggal 14 gua di kasih notif penawaran, katanya 3 hari gua di kasih fitur pinjaman, dan tanggal 16 juga di kasih katanya biar bisa pinjam Mudha dan instan tapi sampai sekarang gak muncul , padahal sering transaksi dan pakai semua filtur, kalau ga niat Kasih pinjaman jangan PHP , ga ngotak udah nungguin ber hari hari , mending diam aja ga usah pemberitahuan, biar saya gunakan sewajarnya TIDAK BERHARAP TOLOL",1,3,8.74.0,2025-10-18 15:16:52+00:00,"Halo, Jagoan. Mohon maaf atas kendala yang terjadi ya. Kamu tidak perlu khawatir, kamu bisa menjelaskan detail kendala tersebut melalui email di tanya@jago.com atau call center 1500 746 untuk kami bantu tangani lebih lanjut. Terima kasih :)",2025-10-18 15:30:43,8.74.0
d6ab6e53-0a70-485a-ae3e-87404a9592e3,Pengguna Google,https://play-lh.googleusercontent.com/EGemoI2NTXmTsBVtJqk8jxF9rh8ApRWfsIMQSt2uE4OcpQqbFu7f7NbTK05lx80nuSijCz7sc3a277R67g,"Kemarin tgl 17 Oktober saya datang jauh jauh dari Papua ke kantor cabang jago di jakarta selatan untuk verifikasi data KTP saya dan di suruh menunggu 1x24 jam oleh cs bernama nura, Dan saya memastikan apa saya nunggu 1x24 akun saya bisa terbuka Nura menjawab bisa tetapi saya menunggu sudah lebih dari 1x24 jam akun saya masih terkunci DENGAN pelaporan ID TIKE 1004026",1,0,,2025-10-18 13:15:56+00:00,"Halo, Jagoan. Mohon maaf atas kendala yang terjadi ya. Kamu tidak perlu khawatir, kamu bisa menjelaskan detail kendala tersebut melalui email di tanya@jago.com atau call center 1500 746 untuk kami bantu tangani lebih lanjut. Terima kasih :)",2025-10-18 13:30:46,
34646620-221c-417e-b170-69d01752c3d3,Pengguna Google,https://play-lh.googleusercontent.com/EGemoI2NTXmTsBVtJqk8jxF9rh8ApRWfsIMQSt2uE4OcpQqbFu7f7NbTK05lx80nuSijCz7sc3a277R67g,"mudah, aman , banyak bonus",5,0,8.74.0,2025-10-18 13:00:00+00:00,,,8.74.0
5b77bca9-a5c9-42bd-a155-eff9d0fccf1c,Pengguna Google,https://play-lh.googleusercontent.com/EGemoI2NTXmTsBVtJqk8jxF9rh8ApRWfsIMQSt2uE4OcpQqbFu7f7NbTK05lx80nuSijCz7sc3a277R67g,good,5,0,8.74.0,2025-10-18 11:32:39+00:00,,,8.74.0
e85fb841-f980-4bb7-ab16-2972df37e27d,Pengguna Google,https://play-lh.googleusercontent.com/EGemoI2NTXmTsBVtJqk8jxF9rh8ApRWfsIMQSt2uE4OcpQqbFu7f7NbTK05lx80nuSijCz7sc3a277R67g,sangat bagus. mudah di gunakan,5,0,8.75.0,2025-10-18 10:17:53+00:00,,,8.75.0
6f38fb39-eff8-487a-80af-e50c6a67d721,Pengguna Google,https://play-lh.googleusercontent.com/EGemoI2NTXmTsBVtJqk8jxF9rh8ApRWfsIMQSt2uE4OcpQqbFu7f7NbTK05lx80nuSijCz7sc3a277R67g,"transaksi saya pending Mulu, nggak selesai"".",1,0,,2025-10-18 09:15:33+00:00,"Hai, Jagoan. Mohon maaf untuk kendala yang kamu alami. Terkait kendala tersebut, kamu bisa segera laporkan ke Tanya Jago di nomor 1500746/021-30000746 atau e-mail ke tanya@jago.com ya. Tidak perlu khawatir karena tim terkait kami akan segera membantu. Terima kasih.",2025-10-18 09:30:51,
4930e2ab-b596-443e-a27a-ce32812f0e87,Pengguna Google,https://play-lh.googleusercontent.com/EGemoI2NTXmTsBVtJqk8jxF9rh8ApRWfsIMQSt2uE4OcpQqbFu7f7NbTK05lx80nuSijCz7sc3a277R67g,Lama kali respond klen uda 2 minggu akun masih terkunci..gaka ada penyelesaian klen suruh nunggu.. Dat uda semua,1,0,8.74.0,2025-10-18 08:49:36+00:00,"Halo, Jagoan. Mohon maaf atas kendala yang terjadi ya. Kamu tidak perlu khawatir, kamu bisa menjelaskan detail kendala tersebut melalui email di tanya@jago.com atau call center 1500 746 untuk kami bantu tangani lebih lanjut. Terima kasih :)",2025-10-18 09:01:42,8.74.0
213f5f22-8576-4108-9e98-2eddf72f3af4,Pengguna Google,https://play-lh.googleusercontent.com/EGemoI2NTXmTsBVtJqk8jxF9rh8ApRWfsIMQSt2uE4OcpQqbFu7f7NbTK05lx80nuSijCz7sc3a277R67g,sangat lama,1,0,,2025-10-18 07:13:51+00:00,"Hai, Jagoan. Mohon maaf untuk kendala yang kamu alami. Terkait kendala tersebut, kamu bisa segera laporkan ke Tanya Jago di nomor 1500746/021-30000746 atau e-mail ke tanya@jago.com ya. Tidak perlu khawatir karena tim terkait kami akan segera membantu. Terima kasih.",2025-10-18 07:42:40,
e6b1f616-b115-4f67-b64e-d30fe2b2bddb,Pengguna Google,https://play-lh.googleusercontent.com/EGemoI2NTXmTsBVtJqk8jxF9rh8ApRWfsIMQSt2uE4OcpQqbFu7f7NbTK05lx80nuSijCz7sc3a277R67g,cuman aga lelet aja,5,0,8.74.0,2025-10-18 07:04:37+00:00,,,8.74.0
8f2c96a4-1817-49d9-886c-9ab433058e22,Pengguna Google,https://play-lh.googleusercontent.com/EGemoI2NTXmTsBVtJqk8jxF9rh8ApRWfsIMQSt2uE4OcpQqbFu7f7NbTK05lx80nuSijCz7sc3a277R67g,"saya melakukan pembayaran qris di jago succes sedang seller tidak menerima.., saya cs jago saya hub, dan seller juga.., namun g da solusi, dua kalu ke debet pula,, akhirnya saya takut.., saya keluarin semua saldo pakai aplikasi lain.. aja ngeri..",1,4,8.74.0,2025-10-18 07:00:33+00:00,"Halo, Jagoan. Mohon maaf atas kendala yang terjadi ya. Kamu tidak perlu khawatir, kamu bisa menjelaskan detail kendala tersebut melalui email di tanya@jago.com atau call center 1500 746 untuk kami bantu tangani lebih lanjut. Terima kasih :)",2025-10-18 07:42:05,8.74.0
04e10b3c-8397-4b82-af72-462a5cf7db0c,Pengguna Google,https://play-lh.googleusercontent.com/EGemoI2NTXmTsBVtJqk8jxF9rh8ApRWfsIMQSt2uE4OcpQqbFu7f7NbTK05lx80nuSijCz7sc3a277R67g,Nice,5,0,8.74.0,2025-10-18 06:32:36+00:00,,,8.74.0
78d84f28-e811-40b7-b26f-6a1b8539363d,Pengguna Google,https://play-lh.googleusercontent.com/EGemoI2NTXmTsBVtJqk8jxF9rh8ApRWfsIMQSt2uE4OcpQqbFu7f7NbTK05lx80nuSijCz7sc3a277R67g,SANGAT SANGAT MEMBANTU,5,0,8.74.0,2025-10-18 05:10:59+00:00,,,8.74.0
f98d3da6-c100-4b8c-96e3-c38f44e0b596,Pengguna Google,https://play-lh.googleusercontent.com/EGemoI2NTXmTsBVtJqk8jxF9rh8ApRWfsIMQSt2uE4OcpQqbFu7f7NbTK05lx80nuSijCz7sc3a277R67g,ini tf jam 1 pagi ko ga masuk2 duh kacau,1,0,8.74.0,2025-10-18 01:28:57+00:00,"Halo, Jagoan. Mohon maaf atas kendala yang terjadi ya. Kamu tidak perlu khawatir, kamu bisa menjelaskan detail kendala tersebut melalui email di tanya@jago.com atau call center 1500 746 untuk kami bantu tangani lebih lanjut. Terima kasih :)

",2025-10-18 02:18:52,8.74.0
dbfeb1f7-4ab5-4485-ba77-9ff440443514,Pengguna Google,https://play-lh.googleusercontent.com/EGemoI2NTXmTsBVtJqk8jxF9rh8ApRWfsIMQSt2uE4OcpQqbFu7f7NbTK05lx80nuSijCz7sc3a277R67g,aplikasi mantap,5,0,8.74.0,2025-10-18 01:00:23+00:00,,,8.74.0
34990bf2-bb25-4692-abdc-ebbca1fc2768,Pengguna Google,https://play-lh.googleusercontent.com/EGemoI2NTXmTsBVtJqk8jxF9rh8ApRWfsIMQSt2uE4OcpQqbFu7f7NbTK05lx80nuSijCz7sc3a277R67g,"makin kesini makin mengecewakan, transaksi sering pending, dah gitu tombol tanda tanya di bagian menu transaksi sudah tidak ada. parah",2,3,8.74.0,2025-10-18 00:46:20+00:00,"Halo, Jagoan. Mohon maaf atas kendala yang terjadi ya. Kamu tidak perlu khawatir, kamu bisa menjelaskan detail kendala tersebut melalui email di tanya@jago.com atau call center 1500 746 untuk kami bantu tangani lebih lanjut. Terima kasih :)

",2025-10-18 02:00:00,8.74.0
dfd63fa1-92b8-44c7-8e2a-6e044d6f0608,Pengguna Google,https://play-lh.googleusercontent.com/EGemoI2NTXmTsBVtJqk8jxF9rh8ApRWfsIMQSt2uE4OcpQqbFu7f7NbTK05lx80nuSijCz7sc3a277R67g,"ganti nomor HP tidak bisa, jadi gak bisa login nomor HP lama hilang",1,0,8.74.0,2025-10-17 23:38:17+00:00,"Halo, Jagoan. Mohon maaf atas kendala yang terjadi ya. Kamu tidak perlu khawatir, kamu bisa menjelaskan detail kendala tersebut melalui email di tanya@jago.com atau call center 1500 746 untuk kami bantu tangani lebih lanjut. Terima kasih :)

",2025-10-18 01:53:39,8.74.0
dade56d5-e750-49f6-85a6-bf80b9b8e97c,Pengguna Google,https://play-lh.googleusercontent.com/EGemoI2NTXmTsBVtJqk8jxF9rh8ApRWfsIMQSt2uE4OcpQqbFu7f7NbTK05lx80nuSijCz7sc3a277R67g,knp saya selalu salah kata sandi terus itu ada saldo e engga kosong gimana itu,1,0,8.74.0,2025-10-17 21:31:51+00:00,"Halo, Jagoan. Mohon maaf atas kendala yang terjadi ya. Kamu tidak perlu khawatir, kamu bisa menjelaskan detail kendala tersebut melalui email di tanya@jago.com atau call center 1500 746 untuk kami bantu tangani lebih lanjut. Terima kasih :)",2025-10-17 22:24:42,8.74.0
a67b8e8b-b7c2-4d1a-9df9-8f0210dbeaa4,Pengguna Google,https://play-lh.googleusercontent.com/EGemoI2NTXmTsBVtJqk8jxF9rh8ApRWfsIMQSt2uE4OcpQqbFu7f7NbTK05lx80nuSijCz7sc3a277R67g,pinjamannya tak kunjung muncul padahal saya pengguna lama,1,0,8.74.0,2025-10-17 21:07:46+00:00,"Halo, Jagoan. Mohon maaf atas kendala yang terjadi ya. Kamu tidak perlu khawatir, kamu bisa menjelaskan detail kendala tersebut melalui email di tanya@jago.com atau call center 1500 746 untuk kami bantu tangani lebih lanjut. Terima kasih :)",2025-10-17 22:24:46,8.74.0
cf7e2981-a435-4a26-bc98-80df115dce27,Pengguna Google,https://play-lh.googleusercontent.com/EGemoI2NTXmTsBVtJqk8jxF9rh8ApRWfsIMQSt2uE4OcpQqbFu7f7NbTK05lx80nuSijCz7sc3a277R67g,"gak jelas ini ! kenapa saya gak bisa login ? email atau no tlp sudah benar, sandi juga sudah betul padahal baru daftar",3,0,8.74.0,2025-10-17 19:46:38+00:00,"Halo, Jagoan! Mohon maaf atas ketidaknyamanannya. Kami mengerti atas pengalaman kurang baik yang kamu alami. Untuk membantu kamu lebih lanjut, mohon menghubungi Tanya Jago di 1500746 / 021-30000746 atau email ke tanya@jago.com untuk kami cek lebih lanjut terkait kendala tersebut. Kami tunggu laporan dari kamu ya.",2025-10-17 20:20:54,8.74.0
09d82570-ce76-4bc1-b8fe-aaada9609433,Pengguna Google,https://play-lh.googleusercontent.com/EGemoI2NTXmTsBVtJqk8jxF9rh8ApRWfsIMQSt2uE4OcpQqbFu7f7NbTK05lx80nuSijCz7sc3a277R67g,"aplikasi nya bagus, tapi berhubung HP aku penuh tak hapus lagi baru daftar gapapa kan yaa??",5,0,,2025-10-17 19:34:58+00:00,,,
be81029e-4c48-4f53-82bc-039132b94927,Pengguna Google,https://play-lh.googleusercontent.com/EGemoI2NTXmTsBVtJqk8jxF9rh8ApRWfsIMQSt2uE4OcpQqbFu7f7NbTK05lx80nuSijCz7sc3a277R67g,"gakjelas ya akunnya, masa baru dipake sekali langsung di blokir padahal pake transaksi pas mau buka blokir, dipersulit. abal-abal kali ya, aplikasinya",1,2,8.74.0,2025-10-17 19:29:11+00:00,"Halo, Jagoan! Mohon maaf atas kendala yang kamu alami ya. Saya mengerti situasi sulit ini mengganggu kamu. Mohon kesediaannya mengirimkan email ke tanya@jago.com dengan melampirkan bukti foto/tangkapan layar kendala kamu. Agar dapat segera kami bantu.",2025-10-17 20:18:28,8.74.0
29597b41-6d3c-4e6a-adbd-dc3e30a7cce0,Pengguna Google,https://play-lh.googleusercontent.com/EGemoI2NTXmTsBVtJqk8jxF9rh8ApRWfsIMQSt2uE4OcpQqbFu7f7NbTK05lx80nuSijCz7sc3a277R67g,"saya tidak pernah mengajukan pinjaman di aplikasi bank jago, tapi kok tiba2 ada nama saya muncul setelah dicek di OJK ada tagihan. tolong pihak bank jago data saya dibersihkan di hapus",1,0,8.74.0,2025-10-17 18:54:49+00:00,"Halo, Jagoan. Mohon maaf atas kendala yang terjadi ya. Kamu tidak perlu khawatir, kamu bisa menjelaskan detail kendala tersebut melalui email di tanya@jago.com atau call center 1500 746 untuk kami bantu tangani lebih lanjut. Terima kasih :)",2025-10-17 19:03:21,8.74.0
32a032fe-7584-4704-ba32-2d1762bba29e,Pengguna Google,https://play-lh.googleusercontent.com/EGemoI2NTXmTsBVtJqk8jxF9rh8ApRWfsIMQSt2uE4OcpQqbFu7f7NbTK05lx80nuSijCz7sc3a277R67g,repot memakai apk kalian lebih baik saya sudah pakai dana dari pada apk kalian,1,0,8.74.0,2025-10-17 18:45:30+00:00,"Halo, Jagoan! Mohon maaf apabila terdapat fitur atau layanan Jago yang belum sesuai harapan kamu. Kamu bisa menghubungi Tanya Jago di nomor 1500746 / 021-30000746 atau e-mail ke tanya@jago.com untuk kami bantu cek kendalanya lebih lanjut ya. Agent kami dengan senang hati membantu kamu.",2025-10-17 19:03:09,8.74.0
5d047857-8143-4dbf-81aa-6e14b572028d,Pengguna Google,https://play-lh.googleusercontent.com/EGemoI2NTXmTsBVtJqk8jxF9rh8ApRWfsIMQSt2uE4OcpQqbFu7f7NbTK05lx80nuSijCz7sc3a277R67g,dapet cashback 510.000 mayan,5,0,8.74.0,2025-10-17 17:51:24+00:00,,,8.74.0
1b729324-c7f9-47c5-a46d-f3f37b64c73b,Pengguna Google,https://play-lh.googleusercontent.com/EGemoI2NTXmTsBVtJqk8jxF9rh8ApRWfsIMQSt2uE4OcpQqbFu7f7NbTK05lx80nuSijCz7sc3a277R67g,bagus👍,5,0,8.72.0,2025-10-17 17:43:57+00:00,,,8.72.0
ecf5c874-2abb-4fb9-8e7c-1bd5257b2147,Pengguna Google,https://play-lh.googleusercontent.com/EGemoI2NTXmTsBVtJqk8jxF9rh8ApRWfsIMQSt2uE4OcpQqbFu7f7NbTK05lx80nuSijCz7sc3a277R67g,hati2 apabila ada saldo di aplikasi ini .. akun terkunci otomatis dan tidak bisa dibuka,1,2,8.74.0,2025-10-17 17:36:06+00:00,"Halo, Jagoan! Mohon maaf atas kendala yang kamu alami ya. Saya mengerti situasi sulit ini mengganggu kamu. Mohon kesediaannya mengirimkan email ke tanya@jago.com dengan melampirkan bukti foto/tangkapan layar kendala kamu. Agar dapat segera kami bantu.",2025-10-17 18:00:20,8.74.0
078b1332-18fd-4f1c-a6a3-807274b505f4,Pengguna Google,https://play-lh.googleusercontent.com/EGemoI2NTXmTsBVtJqk8jxF9rh8ApRWfsIMQSt2uE4OcpQqbFu7f7NbTK05lx80nuSijCz7sc3a277R67g,mantap,5,0,8.74.0,2025-10-17 15:39:17+00:00,,,8.74.0
175a1769-5baa-4823-a638-08dfb33600aa,Pengguna Google,https://play-lh.googleusercontent.com/EGemoI2NTXmTsBVtJqk8jxF9rh8ApRWfsIMQSt2uE4OcpQqbFu7f7NbTK05lx80nuSijCz7sc3a277R67g,finace pinjaman dana darurat,5,0,,2025-10-17 15:27:47+00:00,,,
5af7e2cb-d8ae-4a14-bc16-07ca1917c262,Pengguna Google,https://play-lh.googleusercontent.com/EGemoI2NTXmTsBVtJqk8jxF9rh8ApRWfsIMQSt2uE4OcpQqbFu7f7NbTK05lx80nuSijCz7sc3a277R67g,aplikasi saya diblokir. katanya saya tidak bisa dihubungi padahal saya tidak menerima tfl sama sekali saya tfl cs dan email dari awal bulan gk selesai. sampek pulsa habis banyak. katanya cs tgl 10 dibuka tapi sampek sekarang gk dibuka buka blokiran. saya sudah email hampir 15 kali dan tfl lebih dari 7 kali. tp gk selesai. tolong solusinya soal saya memiliki saldo di jago. meskipun sedikit. ini gimana solusinya?,2,2,8.74.0,2025-10-17 15:19:05+00:00,"Halo, Jagoan. Mohon maaf atas kendala yang terjadi ya. Kamu tidak perlu khawatir, kamu bisa menjelaskan detail kendala tersebut melalui email di tanya@jago.com atau call center 1500 746 untuk kami bantu tangani lebih lanjut. Terima kasih :)",2025-10-17 15:30:54,8.74.0
b570fc3a-dbea-4862-90f2-b0360a082cb1,Pengguna Google,https://play-lh.googleusercontent.com/EGemoI2NTXmTsBVtJqk8jxF9rh8ApRWfsIMQSt2uE4OcpQqbFu7f7NbTK05lx80nuSijCz7sc3a277R67g,gak jelas penanganan bertele2 ditangani malah tambah gak jelas lupa password aja mau reset susahnya minta ampun,1,0,8.74.0,2025-10-17 14:42:26+00:00,"Halo, Jagoan. Mohon maaf atas kendala yang terjadi ya. Kamu tidak perlu khawatir, kamu bisa menjelaskan detail kendala tersebut melalui email di tanya@jago.com atau call center 1500 746 untuk kami bantu tangani lebih lanjut. Terima kasih :)",2025-10-17 15:00:27,8.74.0
8058581a-aba9-4d4d-ac13-ca6cba69465d,Pengguna Google,https://play-lh.googleusercontent.com/EGemoI2NTXmTsBVtJqk8jxF9rh8ApRWfsIMQSt2uE4OcpQqbFu7f7NbTK05lx80nuSijCz7sc3a277R67g,sangat berguna,5,0,8.72.0,2025-10-17 12:54:09+00:00,,,8.72.0
59b792e8-7d33-422f-932f-3905af57ef6d,Pengguna Google,https://play-lh.googleusercontent.com/EGemoI2NTXmTsBVtJqk8jxF9rh8ApRWfsIMQSt2uE4OcpQqbFu7f7NbTK05lx80nuSijCz7sc3a277R67g,buat login aja sulit ga kayak mbanking atau e wallet lain .. proses laporan dan lain lain serba lambat ya maklum juga sih bank kecil pelayanannya jelas beda sama bank bank besar kayak BRI ataupun BCA .. ya kapok intinya make ini bank,1,0,8.74.0,2025-10-17 12:42:14+00:00,"Halo, Jagoan. Mohon maaf atas kendala yang terjadi ya. Kamu tidak perlu khawatir, kamu bisa menjelaskan detail kendala tersebut melalui email di tanya@jago.com atau call center 1500 746 untuk kami bantu tangani lebih lanjut. Terima kasih :)",2025-10-17 13:00:57,8.74.0
f32e029b-f54c-4c70-92b9-ac36fdaf97b1,Pengguna Google,https://play-lh.googleusercontent.com/EGemoI2NTXmTsBVtJqk8jxF9rh8ApRWfsIMQSt2uE4OcpQqbFu7f7NbTK05lx80nuSijCz7sc3a277R67g,"responnya lama untuk pergantian nomor saja sudah 4 hari belum terselesaikan, ditanya estimasi waktu jawabnya tidak bisa ditentukan, kami sebagai nasabah juga butuh kepastian yang jelas",1,2,8.74.0,2025-10-17 12:31:19+00:00,"Halo, Jagoan. Mohon maaf atas kendala yang terjadi ya. Kamu tidak perlu khawatir, kamu bisa menjelaskan detail kendala tersebut melalui email di tanya@jago.com atau call center 1500 746 untuk kami bantu tangani lebih lanjut. Terima kasih :)",2025-10-17 13:00:37,8.74.0
fb8ab665-9477-4741-95bc-0ded5bd96549,Pengguna Google,https://play-lh.googleusercontent.com/EGemoI2NTXmTsBVtJqk8jxF9rh8ApRWfsIMQSt2uE4OcpQqbFu7f7NbTK05lx80nuSijCz7sc3a277R67g,Aman mudah dan terpercaya 😍,5,0,,2025-10-17 11:39:16+00:00,,,
43c9b410-d465-41f2-a7a5-de3075e41bf6,Pengguna Google,https://play-lh.googleusercontent.com/EGemoI2NTXmTsBVtJqk8jxF9rh8ApRWfsIMQSt2uE4OcpQqbFu7f7NbTK05lx80nuSijCz7sc3a277R67g,"gangguan trus si, capekk bgt gw!",1,0,8.74.0,2025-10-17 11:28:34+00:00,"Halo, Jagoan! Mohon maaf atas kendala yang kamu alami ya. Saya mengerti situasi sulit ini mengganggu kamu. Mohon kesediaannya mengirimkan email ke tanya@jago.com dengan melampirkan bukti foto/tangkapan layar kendala kamu. Agar dapat segera kami bantu.",2025-10-17 11:31:03,8.74.0
94ab6801-8469-4b06-85d3-939109b1549a,Pengguna Google,https://play-lh.googleusercontent.com/EGemoI2NTXmTsBVtJqk8jxF9rh8ApRWfsIMQSt2uE4OcpQqbFu7f7NbTK05lx80nuSijCz7sc3a277R67g,mudah dan sangat aman,5,0,8.74.0,2025-10-17 11:03:18+00:00,,,8.74.0
6d2d3b0a-ab52-45bb-be71-d6a9b01b6a50,Pengguna Google,https://play-lh.googleusercontent.com/EGemoI2NTXmTsBVtJqk8jxF9rh8ApRWfsIMQSt2uE4OcpQqbFu7f7NbTK05lx80nuSijCz7sc3a277R67g,mantap apknya,5,0,8.74.0,2025-10-17 10:19:03+00:00,,,8.74.0
67397ada-473a-4d5d-936a-e4cefbecc86b,Pengguna Google,https://play-lh.googleusercontent.com/EGemoI2NTXmTsBVtJqk8jxF9rh8ApRWfsIMQSt2uE4OcpQqbFu7f7NbTK05lx80nuSijCz7sc3a277R67g,gak bisa bikin akun susah banget gak memuaskan,1,0,8.74.0,2025-10-17 09:48:41+00:00,"Halo, Jagoan. Mohon maaf atas kendala yang terjadi ya. Kamu tidak perlu khawatir, kamu bisa menjelaskan detail kendala tersebut melalui email di tanya@jago.com atau call center 1500 746 untuk kami bantu tangani lebih lanjut. Terima kasih :)",2025-10-17 10:00:21,8.74.0
323cfe23-3cb3-40af-b221-1a8746e4c2ad,Pengguna Google,https://play-lh.googleusercontent.com/EGemoI2NTXmTsBVtJqk8jxF9rh8ApRWfsIMQSt2uE4OcpQqbFu7f7NbTK05lx80nuSijCz7sc3a277R67g,top,5,0,8.74.0,2025-10-17 09:48:06+00:00,,,8.74.0
a11d0bf5-ab93-4459-b709-242924e8b804,Pengguna Google,https://play-lh.googleusercontent.com/EGemoI2NTXmTsBVtJqk8jxF9rh8ApRWfsIMQSt2uE4OcpQqbFu7f7NbTK05lx80nuSijCz7sc3a277R67g,baik,5,0,8.74.0,2025-10-17 09:24:57+00:00,,,8.74.0
3e60484e-8a10-4b4a-bf9b-3ec1da8e103a,Pengguna Google,https://play-lh.googleusercontent.com/EGemoI2NTXmTsBVtJqk8jxF9rh8ApRWfsIMQSt2uE4OcpQqbFu7f7NbTK05lx80nuSijCz7sc3a277R67g,mantap,5,0,,2025-10-17 08:58:41+00:00,,,
d7278b0b-d225-4e44-81ef-067eafe14b1c,Pengguna Google,https://play-lh.googleusercontent.com/EGemoI2NTXmTsBVtJqk8jxF9rh8ApRWfsIMQSt2uE4OcpQqbFu7f7NbTK05lx80nuSijCz7sc3a277R67g,kenapaya waktu mau masuk kan NIK dan email terkendla di situ waktu mau daftar kan akun ke bank jago NIK ini sudah terdaftar sedangakn kalo mau masuk akun ini belom terdaftar,2,1,8.74.0,2025-10-17 08:38:48+00:00,"Halo, Jagoan! Mohon maaf atas kendala yang kamu alami ya. Saya mengerti situasi sulit ini mengganggu kamu. Mohon kesediaannya mengirimkan email ke tanya@jago.com dengan melampirkan bukti foto/tangkapan layar kendala kamu. Agar dapat segera kami bantu.",2025-10-17 09:01:09,8.74.0
d884cfef-86dc-47ee-8a24-4254b516460b,Pengguna Google,https://play-lh.googleusercontent.com/EGemoI2NTXmTsBVtJqk8jxF9rh8ApRWfsIMQSt2uE4OcpQqbFu7f7NbTK05lx80nuSijCz7sc3a277R67g,mantap,5,0,8.74.0,2025-10-17 03:46:08+00:00,,,8.74.0
049a81a7-96bc-4766-bf89-7b905b83845f,Pengguna Google,https://play-lh.googleusercontent.com/EGemoI2NTXmTsBVtJqk8jxF9rh8ApRWfsIMQSt2uE4OcpQqbFu7f7NbTK05lx80nuSijCz7sc3a277R67g,Wow.... Terbaik sangat terpercaya Mantap 👍👍👍👍👍⭐,5,0,8.74.0,2025-10-17 03:33:07+00:00,,,8.74.0
a98b15e6-73d5-46cb-a286-5065d0baf19b,Pengguna Google,https://play-lh.googleusercontent.com/EGemoI2NTXmTsBVtJqk8jxF9rh8ApRWfsIMQSt2uE4OcpQqbFu7f7NbTK05lx80nuSijCz7sc3a277R67g,keren,5,0,8.74.0,2025-10-17 01:13:37+00:00,,,8.74.0
c59cc17b-9386-487f-acd8-6311d40652be,Pengguna Google,https://play-lh.googleusercontent.com/EGemoI2NTXmTsBVtJqk8jxF9rh8ApRWfsIMQSt2uE4OcpQqbFu7f7NbTK05lx80nuSijCz7sc3a277R67g,gak menyesal sudah 5 tahun memakai bank jago selalu memuaskan,5,0,,2025-10-17 01:06:48+00:00,,,
f36e4273-433f-4902-979d-0608ee02e1bf,Pengguna Google,https://play-lh.googleusercontent.com/EGemoI2NTXmTsBVtJqk8jxF9rh8ApRWfsIMQSt2uE4OcpQqbFu7f7NbTK05lx80nuSijCz7sc3a277R67g,"sangat praktis , apalagi yg mau buka rekening RDN sangat membantu , tetep yg terbaik",5,0,8.74.0,2025-10-17 00:47:05+00:00,,,8.74.0
48d9504c-40f3-4f5b-aa25-810453a992f8,Pengguna Google,https://play-lh.googleusercontent.com/EGemoI2NTXmTsBVtJqk8jxF9rh8ApRWfsIMQSt2uE4OcpQqbFu7f7NbTK05lx80nuSijCz7sc3a277R67g,bagus,4,0,8.74.0,2025-10-17 00:30:08+00:00,"Halo, Jagoan! Terimakasih sudah memilih Bank Jago. Kami senang mendengar pengalaman kamu saat menggunakan aplikasi Jago. Selamat menikmati fitur-fitur dari kami. Jika ada pertanyaan lain, kamu bisa menghubungi Tanya Jago di 1500746 / 021-30000746 atau e-mail ke tanya@jago.com.",2025-10-17 02:25:46,8.74.0
356ddc36-16d6-4736-9dcd-c3940f0a5152,Pengguna Google,https://play-lh.googleusercontent.com/EGemoI2NTXmTsBVtJqk8jxF9rh8ApRWfsIMQSt2uE4OcpQqbFu7f7NbTK05lx80nuSijCz7sc3a277R67g,"apk tll,PHP, apk rusak jngan pake ini buat digital bank Klian ,apk sampah bnget",1,0,,2025-10-16 23:23:13+00:00,"Halo, Jagoan. Mohon maaf atas kendala yang terjadi ya. Kamu tidak perlu khawatir, kamu bisa menjelaskan detail kendala tersebut melalui email di tanya@jago.com atau call center 1500 746 untuk kami bantu tangani lebih lanjut. Terima kasih :)",2025-10-17 02:18:46,
6e8eb0c4-4105-4d78-b584-e0df4a655da4,Pengguna Google,https://play-lh.googleusercontent.com/EGemoI2NTXmTsBVtJqk8jxF9rh8ApRWfsIMQSt2uE4OcpQqbFu7f7NbTK05lx80nuSijCz7sc3a277R67g,sangatembantu loannya,5,0,8.74.0,2025-10-16 23:18:58+00:00,,,8.74.0
37fd8d85-5381-42dc-a983-9d4f6e36b1d0,Pengguna Google,https://play-lh.googleusercontent.com/EGemoI2NTXmTsBVtJqk8jxF9rh8ApRWfsIMQSt2uE4OcpQqbFu7f7NbTK05lx80nuSijCz7sc3a277R67g,"mantap,,, semua transaksi cepat",5,0,,2025-10-16 23:02:05+00:00,,,
45baa247-e241-4745-87c1-5f448584ee89,Pengguna Google,https://play-lh.googleusercontent.com/EGemoI2NTXmTsBVtJqk8jxF9rh8ApRWfsIMQSt2uE4OcpQqbFu7f7NbTK05lx80nuSijCz7sc3a277R67g,tiba tiba akun ke blok nggak jelas di chat pun gak ada respon,1,0,,2025-10-16 22:50:08+00:00,"Halo, Jagoan. Mohon maaf atas kendala yang terjadi ya. Kamu tidak perlu khawatir, kamu bisa menjelaskan detail kendala tersebut melalui email di tanya@jago.com atau call center 1500 746 untuk kami bantu tangani lebih lanjut. Terima kasih :)",2025-10-17 01:54:08,
8c32a47e-9a1a-4c19-ad88-cf9830eb5947,Pengguna Google,https://play-lh.googleusercontent.com/EGemoI2NTXmTsBVtJqk8jxF9rh8ApRWfsIMQSt2uE4OcpQqbFu7f7NbTK05lx80nuSijCz7sc3a277R67g,Di permudahkan segala urusan,5,0,8.74.0,2025-10-16 22:33:24+00:00,,,8.74.0
388540a3-defa-4dbb-a0f1-be17f683164b,Pengguna Google,https://play-lh.googleusercontent.com/EGemoI2NTXmTsBVtJqk8jxF9rh8ApRWfsIMQSt2uE4OcpQqbFu7f7NbTK05lx80nuSijCz7sc3a277R67g,sangat membantuuu gratis transfer,5,0,8.74.0,2025-10-16 22:32:23+00:00,,,8.74.0
a7c24c7d-d691-44e9-8718-379fefd8ab00,Pengguna Google,https://play-lh.googleusercontent.com/EGemoI2NTXmTsBVtJqk8jxF9rh8ApRWfsIMQSt2uE4OcpQqbFu7f7NbTK05lx80nuSijCz7sc3a277R67g,saya mau tanya sama bank jago saya tidak pernah pinjam uang atau apapun di bank jago kenapa saya ada tagihan 600rb..saya tidak menerima dana sepeserpun dari aplikasi ini..tolong admin bank jago kasih penjelasan..atas nama Samsul arifin,1,0,8.74.0,2025-10-16 21:56:11+00:00,"Halo, Jagoan. Mohon maaf atas kendala yang terjadi ya. Kamu tidak perlu khawatir, kamu bisa menjelaskan detail kendala tersebut melalui email di tanya@jago.com atau call center 1500 746 untuk kami bantu tangani lebih lanjut. Terima kasih :)",2025-10-16 22:15:32,8.74.0
407e833b-3b82-4663-ae84-e0070df3b8be,Pengguna Google,https://play-lh.googleusercontent.com/EGemoI2NTXmTsBVtJqk8jxF9rh8ApRWfsIMQSt2uE4OcpQqbFu7f7NbTK05lx80nuSijCz7sc3a277R67g,ribet,1,0,,2025-10-16 21:39:15+00:00,"Halo, Jagoan. Mohon maaf atas kendala yang terjadi ya. Kamu tidak perlu khawatir, kamu bisa menjelaskan detail kendala tersebut melalui email di tanya@jago.com atau call center 1500 746 untuk kami bantu tangani lebih lanjut. Terima kasih :)",2025-10-16 22:15:14,
fb6ceca3-e31e-4d65-9d96-f8d7d4370605,Pengguna Google,https://play-lh.googleusercontent.com/EGemoI2NTXmTsBVtJqk8jxF9rh8ApRWfsIMQSt2uE4OcpQqbFu7f7NbTK05lx80nuSijCz7sc3a277R67g,oke,5,0,8.74.0,2025-10-16 20:31:18+00:00,,,8.74.0
958acadd-a8ed-47e6-984c-f972f8c0bbe1,Pengguna Google,https://play-lh.googleusercontent.com/EGemoI2NTXmTsBVtJqk8jxF9rh8ApRWfsIMQSt2uE4OcpQqbFu7f7NbTK05lx80nuSijCz7sc3a277R67g,Bagus bosku,5,0,,2025-10-16 17:51:49+00:00,,,
840794bb-acdb-4ba0-a9c1-f4d94ed882a8,Pengguna Google,https://play-lh.googleusercontent.com/EGemoI2NTXmTsBVtJqk8jxF9rh8ApRWfsIMQSt2uE4OcpQqbFu7f7NbTK05lx80nuSijCz7sc3a277R67g,keren,5,0,,2025-10-16 17:41:38+00:00,,,
44ce29d2-0f10-459f-996d-d7e8aa4b3546,Pengguna Google,https://play-lh.googleusercontent.com/EGemoI2NTXmTsBVtJqk8jxF9rh8ApRWfsIMQSt2uE4OcpQqbFu7f7NbTK05lx80nuSijCz7sc3a277R67g,makasih 20k nya..,4,0,,2025-10-16 17:19:01+00:00,"Halo, Jagoan. Mohon maaf atas kendala yang terjadi ya. Kamu tidak perlu khawatir, kamu bisa menjelaskan detail kendala tersebut melalui email di tanya@jago.com atau call center 1500 746 untuk kami bantu tangani lebih lanjut. Terima kasih :)
",2025-10-16 18:05:34,
9d7e6a01-283d-4c45-9d8e-bc11adb1aa00,Pengguna Google,https://play-lh.googleusercontent.com/EGemoI2NTXmTsBVtJqk8jxF9rh8ApRWfsIMQSt2uE4OcpQqbFu7f7NbTK05lx80nuSijCz7sc3a277R67g,Good,5,0,8.74.0,2025-10-16 16:47:50+00:00,,,8.74.0
4b1ce7fc-aa29-44fc-ab64-bfcfffdcebc9,Pengguna Google,https://play-lh.googleusercontent.com/EGemoI2NTXmTsBVtJqk8jxF9rh8ApRWfsIMQSt2uE4OcpQqbFu7f7NbTK05lx80nuSijCz7sc3a277R67g,mantap,5,0,8.74.0,2025-10-16 16:44:10+00:00,,,8.74.0
2cfeff3f-abc2-45e0-951b-56973f3f1b8c,Pengguna Google,https://play-lh.googleusercontent.com/EGemoI2NTXmTsBVtJqk8jxF9rh8ApRWfsIMQSt2uE4OcpQqbFu7f7NbTK05lx80nuSijCz7sc3a277R67g,cocok buat bikin rapi keuangan👍👍👍,5,0,8.68.1,2025-10-16 16:37:09+00:00,,,8.68.1
b03f233c-05a8-4ecc-8290-7ff8dcf30e5a,Pengguna Google,https://play-lh.googleusercontent.com/EGemoI2NTXmTsBVtJqk8jxF9rh8ApRWfsIMQSt2uE4OcpQqbFu7f7NbTK05lx80nuSijCz7sc3a277R67g,ok,5,0,,2025-10-16 16:15:04+00:00,,,
41848648-8521-4772-ab29-f4b7780a9dcf,Pengguna Google,https://play-lh.googleusercontent.com/EGemoI2NTXmTsBVtJqk8jxF9rh8ApRWfsIMQSt2uE4OcpQqbFu7f7NbTK05lx80nuSijCz7sc3a277R67g,Karena aku pakai gopay jadi mudah kirim uang dari jago,5,0,8.74.0,2025-10-16 16:10:30+00:00,,,8.74.0
14c24498-9885-47df-aa4a-77f8feb27c09,Pengguna Google,https://play-lh.googleusercontent.com/EGemoI2NTXmTsBVtJqk8jxF9rh8ApRWfsIMQSt2uE4OcpQqbFu7f7NbTK05lx80nuSijCz7sc3a277R67g,cepatt dan praktis nggk ribet ❤️,5,0,,2025-10-16 15:31:49+00:00,,,
decb80e2-5bc2-48e3-b2f5-e758a1958683,Pengguna Google,https://play-lh.googleusercontent.com/EGemoI2NTXmTsBVtJqk8jxF9rh8ApRWfsIMQSt2uE4OcpQqbFu7f7NbTK05lx80nuSijCz7sc3a277R67g,mantap jago,5,0,8.74.0,2025-10-16 15:20:47+00:00,,,8.74.0
b2974389-de84-41f0-8b82-7baee7f0cdfc,Pengguna Google,https://play-lh.googleusercontent.com/EGemoI2NTXmTsBVtJqk8jxF9rh8ApRWfsIMQSt2uE4OcpQqbFu7f7NbTK05lx80nuSijCz7sc3a277R67g,buat transaksi di LN gampils bgt rate nya juga bagus,5,0,8.74.0,2025-10-16 15:14:28+00:00,,,8.74.0
cde9754d-6527-4a6c-a33f-9e75cdc42bf4,Pengguna Google,https://play-lh.googleusercontent.com/EGemoI2NTXmTsBVtJqk8jxF9rh8ApRWfsIMQSt2uE4OcpQqbFu7f7NbTK05lx80nuSijCz7sc3a277R67g,"cs nya ga informatif sama sekali, masalahnya jadi tdk terselesaikan, ga jelas",1,0,8.74.0,2025-10-16 15:13:17+00:00,"Halo, Jagoan! Mohon maaf apabila terdapat fitur atau layanan Jago yang belum sesuai harapan kamu. Kamu bisa menghubungi Tanya Jago di nomor 1500746 / 021-30000746 atau e-mail ke tanya@jago.com untuk kami bantu cek kendalanya lebih lanjut ya. Agent kami dengan senang hati membantu kamu.",2025-10-16 17:12:02,8.74.0
b602117c-02ed-4cfa-b6f3-56749fe47182,Pengguna Google,https://play-lh.googleusercontent.com/EGemoI2NTXmTsBVtJqk8jxF9rh8ApRWfsIMQSt2uE4OcpQqbFu7f7NbTK05lx80nuSijCz7sc3a277R67g,Terimakasih bank jago,5,0,8.74.0,2025-10-16 15:10:00+00:00,,,8.74.0
839560f3-c17e-4242-923d-edede96b65b5,Pengguna Google,https://play-lh.googleusercontent.com/EGemoI2NTXmTsBVtJqk8jxF9rh8ApRWfsIMQSt2uE4OcpQqbFu7f7NbTK05lx80nuSijCz7sc3a277R67g,keren,5,0,,2025-10-16 15:10:00+00:00,,,
4638e284-c4ec-4a6c-a70f-75df5d2cd8ad,Pengguna Google,https://play-lh.googleusercontent.com/EGemoI2NTXmTsBVtJqk8jxF9rh8ApRWfsIMQSt2uE4OcpQqbFu7f7NbTK05lx80nuSijCz7sc3a277R67g,login gagal terus udah komplain sampai sekarang ga ada solusi Nasib saldo ga jelas,1,1,8.74.0,2025-10-16 15:09:12+00:00,"Halo, Jagoan. Mohon maaf atas kendala yang terjadi ya. Kamu tidak perlu khawatir, kamu bisa menjelaskan detail kendala tersebut melalui email di tanya@jago.com atau call center 1500 746 untuk kami bantu tangani lebih lanjut. Terima kasih :)",2025-10-16 17:11:51,8.74.0
92b499ce-8a98-4d2a-b20d-b0898ce0a5ea,Pengguna Google,https://play-lh.googleusercontent.com/EGemoI2NTXmTsBVtJqk8jxF9rh8ApRWfsIMQSt2uE4OcpQqbFu7f7NbTK05lx80nuSijCz7sc3a277R67g,"aku selalu dapat bonus dari jago, terima kasih jago",5,0,8.74.0,2025-10-16 15:01:48+00:00,,,8.74.0
b0e1bec3-5d5d-4f57-99f2-7372b18f5017,Pengguna Google,https://play-lh.googleusercontent.com/EGemoI2NTXmTsBVtJqk8jxF9rh8ApRWfsIMQSt2uE4OcpQqbFu7f7NbTK05lx80nuSijCz7sc3a277R67g,menggunakan aplikasi jago sangat membantu untuk transfer antar bank dan tidak ada biaya admin dan menggunakan jago sangat mudah sekali,5,0,8.74.0,2025-10-16 14:52:54+00:00,,,8.74.0
f2818cba-4ff5-4fd2-a37e-0aefd3344258,Pengguna Google,https://play-lh.googleusercontent.com/EGemoI2NTXmTsBVtJqk8jxF9rh8ApRWfsIMQSt2uE4OcpQqbFu7f7NbTK05lx80nuSijCz7sc3a277R67g,"Saya beralih ke bank Digital lain, saya baru menggunakan bank jago belum genap 1 bulan, tetapi saya sudah kecewa dengan aplikasi jago ini. Seringkali sinyal hilang hanya di aplikasi ini saat saya membuka aplikasi lain sinyal normal. Jika jago tidak ingin kehilangan nasabah tolong perbaiki bug ini",2,14,8.74.0,2025-10-16 14:52:45+00:00,"Halo, Jagoan! Mohon maaf apabila terdapat fitur atau layanan Jago yang belum sesuai harapan kamu. Kamu bisa menghubungi Tanya Jago di nomor 1500746 / 021-30000746 atau e-mail ke tanya@jago.com untuk kami bantu cek kendalanya lebih lanjut ya. Agent kami dengan senang hati membantu kamu.",2025-10-16 17:12:11,8.74.0
9169fa22-0ea6-4bad-9eff-54f96d8795ee,Pengguna Google,https://play-lh.googleusercontent.com/EGemoI2NTXmTsBVtJqk8jxF9rh8ApRWfsIMQSt2uE4OcpQqbFu7f7NbTK05lx80nuSijCz7sc3a277R67g,aplikasinya bagus hhhh,5,0,8.73.0,2025-10-16 14:50:58+00:00,,,8.73.0
47508ea1-aae7-4021-8238-234456bede48,Pengguna Google,https://play-lh.googleusercontent.com/EGemoI2NTXmTsBVtJqk8jxF9rh8ApRWfsIMQSt2uE4OcpQqbFu7f7NbTK05lx80nuSijCz7sc3a277R67g,"semua lengkap, cuma kartu debit visa tidak bisa di hubungkan dengan akun PayPal",5,0,8.74.0,2025-10-16 14:50:52+00:00,,,8.74.0
9016fdb9-a044-4da5-aaa4-283495eb608d,Pengguna Google,https://play-lh.googleusercontent.com/EGemoI2NTXmTsBVtJqk8jxF9rh8ApRWfsIMQSt2uE4OcpQqbFu7f7NbTK05lx80nuSijCz7sc3a277R67g,enak di pakainya. ngak banyak iklan,5,0,8.74.0,2025-10-16 14:44:06+00:00,,,8.74.0
b562e73a-7375-4c34-b3e8-0e5eb052acd3,Pengguna Google,https://play-lh.googleusercontent.com/EGemoI2NTXmTsBVtJqk8jxF9rh8ApRWfsIMQSt2uE4OcpQqbFu7f7NbTK05lx80nuSijCz7sc3a277R67g,best,5,0,8.74.0,2025-10-16 14:43:20+00:00,,,8.74.0
3ec92766-a393-4726-b506-8deb6c518800,Pengguna Google,https://play-lh.googleusercontent.com/EGemoI2NTXmTsBVtJqk8jxF9rh8ApRWfsIMQSt2uE4OcpQqbFu7f7NbTK05lx80nuSijCz7sc3a277R67g,Bagus,5,0,8.74.0,2025-10-16 14:42:20+00:00,,,8.74.0
559bef62-0c31-4e2c-8094-259c8a45c2b3,Pengguna Google,https://play-lh.googleusercontent.com/EGemoI2NTXmTsBVtJqk8jxF9rh8ApRWfsIMQSt2uE4OcpQqbFu7f7NbTK05lx80nuSijCz7sc3a277R67g,aplikasi yg mantab bisa bantu untuk menabung dan transaksi nya simple,5,0,,2025-10-16 14:41:40+00:00,,,
505d39ed-2adb-4ec0-878c-50e49dc2188d,Pengguna Google,https://play-lh.googleusercontent.com/EGemoI2NTXmTsBVtJqk8jxF9rh8ApRWfsIMQSt2uE4OcpQqbFu7f7NbTK05lx80nuSijCz7sc3a277R67g,mantap,5,0,8.74.0,2025-10-16 14:40:28+00:00,,,8.74.0
34f4ff4e-0a18-4738-bb26-362b3c6f8538,Pengguna Google,https://play-lh.googleusercontent.com/EGemoI2NTXmTsBVtJqk8jxF9rh8ApRWfsIMQSt2uE4OcpQqbFu7f7NbTK05lx80nuSijCz7sc3a277R67g,apk bank sangat berguna buat syaa,5,0,8.74.0,2025-10-16 14:40:27+00:00,,,8.74.0
6ecdb301-5733-47fe-b449-d2bbeb939cc7,Pengguna Google,https://play-lh.googleusercontent.com/EGemoI2NTXmTsBVtJqk8jxF9rh8ApRWfsIMQSt2uE4OcpQqbFu7f7NbTK05lx80nuSijCz7sc3a277R67g,"sangat baikk, dan tidak ada kendala",5,0,8.74.0,2025-10-16 14:38:53+00:00,,,8.74.0
1a888000-97f5-40b3-93eb-12dc295dd3be,Pengguna Google,https://play-lh.googleusercontent.com/EGemoI2NTXmTsBVtJqk8jxF9rh8ApRWfsIMQSt2uE4OcpQqbFu7f7NbTK05lx80nuSijCz7sc3a277R67g,puas,5,0,,2025-10-16 14:38:26+00:00,,,
b61c2dbe-b9db-4888-991c-b17b418670e8,Pengguna Google,https://play-lh.googleusercontent.com/EGemoI2NTXmTsBVtJqk8jxF9rh8ApRWfsIMQSt2uE4OcpQqbFu7f7NbTK05lx80nuSijCz7sc3a277R67g,Makasih,5,0,8.72.0,2025-10-16 14:38:21+00:00,,,8.72.0
85ca85d5-bbcd-45a5-8faa-dec7a484f200,Pengguna Google,https://play-lh.googleusercontent.com/EGemoI2NTXmTsBVtJqk8jxF9rh8ApRWfsIMQSt2uE4OcpQqbFu7f7NbTK05lx80nuSijCz7sc3a277R67g,sangat membantu,5,0,8.73.0,2025-10-16 14:36:53+00:00,,,8.73.0
a7f5def3-496c-42d3-9780-30d2ff2e1f8d,Pengguna Google,https://play-lh.googleusercontent.com/EGemoI2NTXmTsBVtJqk8jxF9rh8ApRWfsIMQSt2uE4OcpQqbFu7f7NbTK05lx80nuSijCz7sc3a277R67g,mantap,5,0,8.74.0,2025-10-16 14:36:40+00:00,,,8.74.0
cdc46ee1-ba2a-4f28-a9de-c13370baa640,Pengguna Google,https://play-lh.googleusercontent.com/EGemoI2NTXmTsBVtJqk8jxF9rh8ApRWfsIMQSt2uE4OcpQqbFu7f7NbTK05lx80nuSijCz7sc3a277R67g,"masyaallah banyak promo menariknya, amanah selalu bank jago. terimakasih 🙏🤗",5,0,8.74.0,2025-10-16 14:35:05+00:00,,,8.74.0
153fa64f-6284-4ea1-9fac-8989c1b08080,Pengguna Google,https://play-lh.googleusercontent.com/EGemoI2NTXmTsBVtJqk8jxF9rh8ApRWfsIMQSt2uE4OcpQqbFu7f7NbTK05lx80nuSijCz7sc3a277R67g,Mantap,5,0,8.74.0,2025-10-16 14:33:45+00:00,,,8.74.0
9e03c06c-bdf7-42db-817b-3cf3187dd882,Pengguna Google,https://play-lh.googleusercontent.com/EGemoI2NTXmTsBVtJqk8jxF9rh8ApRWfsIMQSt2uE4OcpQqbFu7f7NbTK05lx80nuSijCz7sc3a277R67g,apakah aplikasi ini juga support untuk pinjaman online ?,3,0,,2025-10-16 13:51:01+00:00,"Halo, Jagoan! Terima kasih telah menggunakan Bank Jago. Jika kamu memiliki pertanyaan, kamu bisa hubungi kami via telepon di 1500 746/+62 21 3000 074 atau email ke tanya@jago.com. Agent kami akan segera membantumu.",2025-10-16 14:02:26,
df05a676-1412-4a61-85bd-b985cdef5fca,Pengguna Google,https://play-lh.googleusercontent.com/EGemoI2NTXmTsBVtJqk8jxF9rh8ApRWfsIMQSt2uE4OcpQqbFu7f7NbTK05lx80nuSijCz7sc3a277R67g,"Sampai Sejauh Ini Cukup Baik,Dan Bisa Mengatur Ke uangan Saya, Sedikit masukan Berikan Suara Notif Khusus Apk Bank Jago Agar Lebih Menarik!!!",5,0,8.74.0,2025-10-16 13:25:33+00:00,,,8.74.0
2a95136e-f9f3-48d3-8039-f45b0a75761d,Pengguna Google,https://play-lh.googleusercontent.com/EGemoI2NTXmTsBVtJqk8jxF9rh8ApRWfsIMQSt2uE4OcpQqbFu7f7NbTK05lx80nuSijCz7sc3a277R67g,mantap pokonya,5,0,8.74.0,2025-10-16 13:08:39+00:00,,,8.74.0
c5ffd844-eb2e-4cfc-9d61-8cb7a490b04a,Pengguna Google,https://play-lh.googleusercontent.com/EGemoI2NTXmTsBVtJqk8jxF9rh8ApRWfsIMQSt2uE4OcpQqbFu7f7NbTK05lx80nuSijCz7sc3a277R67g,terima kasih semoga makin bagus kedepanya,5,0,,2025-10-16 12:46:04+00:00,,,
b8b959c7-30d9-420b-88e5-fa0238786904,Pengguna Google,https://play-lh.googleusercontent.com/EGemoI2NTXmTsBVtJqk8jxF9rh8ApRWfsIMQSt2uE4OcpQqbFu7f7NbTK05lx80nuSijCz7sc3a277R67g,"ganti nomor ribet banget dan lama tidak seperti bank online sebelah , sumpah neh Jago aplikasi aja bagus tapi untuk pelayanan customer service nya paling buruk dan lama",1,0,8.74.0,2025-10-16 12:40:03+00:00,"Halo, Jagoan! Mohon maaf apabila terdapat fitur atau layanan Jago yang belum sesuai harapan kamu. Kamu bisa menghubungi Tanya Jago di nomor 1500746 / 021-30000746 atau e-mail ke tanya@jago.com untuk kami bantu cek kendalanya lebih lanjut ya. Agent kami dengan senang hati membantu kamu.",2025-10-16 13:00:40,8.74.0
890dc6a7-b6a0-4e5f-8610-a543f4eed2c8,Pengguna Google,https://play-lh.googleusercontent.com/EGemoI2NTXmTsBVtJqk8jxF9rh8ApRWfsIMQSt2uE4OcpQqbFu7f7NbTK05lx80nuSijCz7sc3a277R67g,paling keren,5,0,8.74.0,2025-10-16 12:33:49+00:00,,,8.74.0
5d421813-ec11-4154-8d19-2d70c99fcffb,Pengguna Google,https://play-lh.googleusercontent.com/EGemoI2NTXmTsBVtJqk8jxF9rh8ApRWfsIMQSt2uE4OcpQqbFu7f7NbTK05lx80nuSijCz7sc3a277R67g,bagus,5,0,8.74.0,2025-10-16 12:22:04+00:00,,,8.74.0
820575c7-0abd-41da-8ac3-8d0d6e7b8191,Pengguna Google,https://play-lh.googleusercontent.com/EGemoI2NTXmTsBVtJqk8jxF9rh8ApRWfsIMQSt2uE4OcpQqbFu7f7NbTK05lx80nuSijCz7sc3a277R67g,"kenapa jago pinjam belum aktif , tolong segera aktif kan . terima kasih.",5,0,,2025-10-16 12:18:50+00:00,,,
e027b12a-02ac-41cb-a113-5a8f31b1a7d0,Pengguna Google,https://play-lh.googleusercontent.com/EGemoI2NTXmTsBVtJqk8jxF9rh8ApRWfsIMQSt2uE4OcpQqbFu7f7NbTK05lx80nuSijCz7sc3a277R67g,"bisa dibuka apa enggak ini aplikasi, lelet bener. sinyal bagus kok bilang koneksi terputus",2,0,,2025-10-16 10:36:33+00:00,"Halo, Jagoan. Mohon maaf atas kendala yang terjadi ya. Kamu tidak perlu khawatir, kamu bisa menjelaskan detail kendala tersebut melalui email di tanya@jago.com atau call center 1500 746 untuk kami bantu tangani lebih lanjut. Terima kasih :)",2025-10-17 02:28:23,
b84c4e4f-08a7-4fb2-a6d0-5c679775f612,Pengguna Google,https://play-lh.googleusercontent.com/EGemoI2NTXmTsBVtJqk8jxF9rh8ApRWfsIMQSt2uE4OcpQqbFu7f7NbTK05lx80nuSijCz7sc3a277R67g,mudah2an dan aman,5,0,8.74.0,2025-10-16 10:25:38+00:00,,,8.74.0
5a9308eb-fa2d-483e-a0b4-3b2155bc1bc8,Pengguna Google,https://play-lh.googleusercontent.com/EGemoI2NTXmTsBVtJqk8jxF9rh8ApRWfsIMQSt2uE4OcpQqbFu7f7NbTK05lx80nuSijCz7sc3a277R67g,mantab,5,0,8.74.0,2025-10-16 10:07:36+00:00,,,8.74.0
c4a4d900-2df4-4ab9-b8ac-0ccd03e0313d,Pengguna Google,https://play-lh.googleusercontent.com/EGemoI2NTXmTsBVtJqk8jxF9rh8ApRWfsIMQSt2uE4OcpQqbFu7f7NbTK05lx80nuSijCz7sc3a277R67g,perbanyak hadiah dan promo belanja atau kupon,4,0,8.74.0,2025-10-16 06:38:05+00:00,"Halo, Jagoan! Terima kasih atas ulasannya. Kami sangat senang jika kamu puas dengan pelayanan dari Bank Jago. Jika kamu memiliki pertanyaan lainnya, kamu bisa langsung hubungi Tanya Jago di nomor 1500746 / 021-30000746 atau e-mail ke tanya@jago.com ya.",2025-10-16 07:04:51,8.74.0
f468f8d0-7d07-4bd2-b6ad-cb897cabd63c,Pengguna Google,https://play-lh.googleusercontent.com/EGemoI2NTXmTsBVtJqk8jxF9rh8ApRWfsIMQSt2uE4OcpQqbFu7f7NbTK05lx80nuSijCz7sc3a277R67g,"mantap aplikasi jago,gak ribet,mau transaksi apapun mudah.",5,0,8.74.0,2025-10-16 05:30:21+00:00,,,8.74.0
ee07565e-458e-4bec-9142-e97c70ef6de2,Pengguna Google,https://play-lh.googleusercontent.com/EGemoI2NTXmTsBVtJqk8jxF9rh8ApRWfsIMQSt2uE4OcpQqbFu7f7NbTK05lx80nuSijCz7sc3a277R67g,GOOD,5,0,,2025-10-16 04:06:20+00:00,,,
4b0f85a4-db4e-46d1-8e32-03a067ae7a8d,Pengguna Google,https://play-lh.googleusercontent.com/EGemoI2NTXmTsBVtJqk8jxF9rh8ApRWfsIMQSt2uE4OcpQqbFu7f7NbTK05lx80nuSijCz7sc3a277R67g,jos,5,0,8.74.0,2025-10-16 04:01:04+00:00,,,8.74.0
c886c8f5-02b7-451b-aa2e-a04144201ffb,Pengguna Google,https://play-lh.googleusercontent.com/EGemoI2NTXmTsBVtJqk8jxF9rh8ApRWfsIMQSt2uE4OcpQqbFu7f7NbTK05lx80nuSijCz7sc3a277R67g,"saya hapus ini app gara"" top up 200 sampai sekarang tidak masuk ke saldo",1,0,,2025-10-16 00:19:43+00:00,"Halo, Jagoan. Mohon maaf atas kendala yang terjadi ya. Kamu tidak perlu khawatir, kamu bisa menjelaskan detail kendala tersebut melalui email di tanya@jago.com atau call center 1500 746 untuk kami bantu tangani lebih lanjut. Terima kasih :)",2025-10-16 00:51:29,
7a3e56fe-27f2-4327-a650-d0e2f41c3eb3,Pengguna Google,https://play-lh.googleusercontent.com/EGemoI2NTXmTsBVtJqk8jxF9rh8ApRWfsIMQSt2uE4OcpQqbFu7f7NbTK05lx80nuSijCz7sc3a277R67g,"sejauh ini aplikasi agak lelet kurang cepat, promo yang tersedia misi nya kadang tidak jelas juga. lebih banyak promo lagi",5,0,8.74.0,2025-10-15 23:48:54+00:00,,,8.74.0
a48fa293-dd51-467f-8208-e2706dc79c91,Pengguna Google,https://play-lh.googleusercontent.com/EGemoI2NTXmTsBVtJqk8jxF9rh8ApRWfsIMQSt2uE4OcpQqbFu7f7NbTK05lx80nuSijCz7sc3a277R67g,perbaiki sinyal koneksi internet. terima kasih,1,0,8.74.0,2025-10-15 22:33:05+00:00,"Halo, Jagoan. Mohon maaf atas kendala yang terjadi ya. Kamu tidak perlu khawatir, kamu bisa menjelaskan detail kendala tersebut melalui email di tanya@jago.com atau call center 1500 746 untuk kami bantu tangani lebih lanjut. Terima kasih :)",2025-10-17 06:15:39,8.74.0
00bb7dfa-0ff2-441c-ac89-ce42a8940a05,Pengguna Google,https://play-lh.googleusercontent.com/EGemoI2NTXmTsBVtJqk8jxF9rh8ApRWfsIMQSt2uE4OcpQqbFu7f7NbTK05lx80nuSijCz7sc3a277R67g,bagus,4,0,8.72.0,2025-10-15 22:29:27+00:00,"Halo, Jagoan! Terima kasih atas ulasannya. Kami sangat senang jika kamu puas dengan pelayanan dari Bank Jago. Jika kamu memiliki pertanyaan lainnya, kamu bisa langsung hubungi Tanya Jago di nomor 1500746 / 021-30000746 atau e-mail ke tanya@jago.com ya.",2025-10-15 23:01:46,8.72.0
9072aad2-af62-4606-963d-e4c99b183a02,Pengguna Google,https://play-lh.googleusercontent.com/EGemoI2NTXmTsBVtJqk8jxF9rh8ApRWfsIMQSt2uE4OcpQqbFu7f7NbTK05lx80nuSijCz7sc3a277R67g,jossss,5,0,8.74.0,2025-10-15 22:17:00+00:00,,,8.74.0
239c2aca-d491-4b03-b4f6-ebae7cdbecd4,Pengguna Google,https://play-lh.googleusercontent.com/EGemoI2NTXmTsBVtJqk8jxF9rh8ApRWfsIMQSt2uE4OcpQqbFu7f7NbTK05lx80nuSijCz7sc3a277R67g,sangat memuaskan,5,0,8.74.0,2025-10-15 22:01:00+00:00,,,8.74.0
53f1e390-70ba-4532-bce6-6e880119e3e3,Pengguna Google,https://play-lh.googleusercontent.com/EGemoI2NTXmTsBVtJqk8jxF9rh8ApRWfsIMQSt2uE4OcpQqbFu7f7NbTK05lx80nuSijCz7sc3a277R67g,sangat bagus,5,0,8.74.0,2025-10-15 22:00:28+00:00,,,8.74.0
2c3745a4-2ec1-4513-9979-38d3c851eb67,Pengguna Google,https://play-lh.googleusercontent.com/EGemoI2NTXmTsBVtJqk8jxF9rh8ApRWfsIMQSt2uE4OcpQqbFu7f7NbTK05lx80nuSijCz7sc3a277R67g,"aplikasi Tolol tiba tiba keluar ga jelas dari akun ku, gawaras sumpah, aplikasi hama ga disaranin ribet tiba tiba keluar sendiri, ganti pin berkali kali padahal udh bener, paswordnya juga gitu, aplikasi sampah nyesel pernah make nih aplikasi, haram",1,0,,2025-10-15 21:48:30+00:00,"Halo, Jagoan. Mohon maaf atas kendala yang terjadi ya. Kamu tidak perlu khawatir, kamu bisa menjelaskan detail kendala tersebut melalui email di tanya@jago.com atau call center 1500 746 untuk kami bantu tangani lebih lanjut. Terima kasih :)

",2025-10-15 22:13:16,
42313ada-4fa1-45b7-a04b-2b48995ad038,Pengguna Google,https://play-lh.googleusercontent.com/EGemoI2NTXmTsBVtJqk8jxF9rh8ApRWfsIMQSt2uE4OcpQqbFu7f7NbTK05lx80nuSijCz7sc3a277R67g,aktivasi rekening rdn 2 Minggu ga beres2. agen jago chat terus tp ga ngasih solusi. gausah pake bank ini guys pelayanan buruk bgt,1,0,8.74.0,2025-10-15 21:13:31+00:00,"Halo, Jagoan. Mohon maaf atas kendala yang terjadi ya. Kamu tidak perlu khawatir, kamu bisa menjelaskan detail kendala tersebut melalui email di tanya@jago.com atau call center 1500 746 untuk kami bantu tangani lebih lanjut. Terima kasih :)",2025-10-15 22:08:31,8.74.0
0dc176c4-d7ed-4d37-9104-5c99ab3bfa40,Pengguna Google,https://play-lh.googleusercontent.com/EGemoI2NTXmTsBVtJqk8jxF9rh8ApRWfsIMQSt2uE4OcpQqbFu7f7NbTK05lx80nuSijCz7sc3a277R67g,sangat recommended,5,0,8.74.0,2025-10-15 19:45:41+00:00,,,8.74.0
f045af2f-beb3-45e1-9699-6d9d9603b9bb,Pengguna Google,https://play-lh.googleusercontent.com/EGemoI2NTXmTsBVtJqk8jxF9rh8ApRWfsIMQSt2uE4OcpQqbFu7f7NbTK05lx80nuSijCz7sc3a277R67g,mantap,5,0,,2025-10-15 19:14:17+00:00,,,
a0b675af-3eb3-42a8-8ae8-5ac04e17288f,Pengguna Google,https://play-lh.googleusercontent.com/EGemoI2NTXmTsBVtJqk8jxF9rh8ApRWfsIMQSt2uE4OcpQqbFu7f7NbTK05lx80nuSijCz7sc3a277R67g,misi nya bagus menggiurkan,5,0,8.74.0,2025-10-15 18:14:31+00:00,,,8.74.0
fd7ba912-7508-4572-b7ff-0d70301c0c63,Pengguna Google,https://play-lh.googleusercontent.com/EGemoI2NTXmTsBVtJqk8jxF9rh8ApRWfsIMQSt2uE4OcpQqbFu7f7NbTK05lx80nuSijCz7sc3a277R67g,semoga bank jago makin sukses.,5,0,8.74.0,2025-10-15 16:26:06+00:00,,,8.74.0
13eea7a6-e74e-4fee-af57-0b2cc47692f8,Pengguna Google,https://play-lh.googleusercontent.com/EGemoI2NTXmTsBVtJqk8jxF9rh8ApRWfsIMQSt2uE4OcpQqbFu7f7NbTK05lx80nuSijCz7sc3a277R67g,ini kenapa udh login masuk setelah keluar nanti kapan masuk lagi login lagi .padahal udh set biometrik .gak jelas amat ya,5,0,8.74.0,2025-10-15 14:18:11+00:00,,,8.74.0
80b9718d-3cf9-4f32-9970-fe48f7e5d942,Pengguna Google,https://play-lh.googleusercontent.com/EGemoI2NTXmTsBVtJqk8jxF9rh8ApRWfsIMQSt2uE4OcpQqbFu7f7NbTK05lx80nuSijCz7sc3a277R67g,menikmati kemudahan berbagai macam transaksi,5,0,8.72.0,2025-10-15 13:32:14+00:00,,,8.72.0
cd87c91f-bd66-43ab-a920-a1cdcd0a8f6d,Pengguna Google,https://play-lh.googleusercontent.com/EGemoI2NTXmTsBVtJqk8jxF9rh8ApRWfsIMQSt2uE4OcpQqbFu7f7NbTK05lx80nuSijCz7sc3a277R67g,ko ga bisa pinjam yah padahal di akun ada,1,0,8.74.0,2025-10-15 13:20:27+00:00,"Halo, Jagoan! Mohon maaf atas ketidaknyamanan yang Kakak alami. Supaya bisa membantu lebih lanjut, Kakak bisa menginformasikan detail keluhannya melalui email tanya@jago.com ya. Tim terkait kami dengan senang hati akan membantu Kakak menyelesaikan permasalahannya.",2025-10-15 15:24:35,8.74.0
babcccfb-8fbe-42d2-80df-9d31215d10dc,Pengguna Google,https://play-lh.googleusercontent.com/EGemoI2NTXmTsBVtJqk8jxF9rh8ApRWfsIMQSt2uE4OcpQqbFu7f7NbTK05lx80nuSijCz7sc3a277R67g,"ini gimanasi akun saya terkunci karna beberapa kali gabisa transfer saya coba berkali² sampai akun saya terkunci, saldo saya masih ada DIREKENING jago nya, saya mau saldo itu balik karna saldo gopay pinjam semalam mau langsung dicairin malah dipersulit, BALIKIN SEKARANG AKUN JAGO SAYA ATAU BALIKIN SALDO GOPAY PINJAM NYA AGAR SAYA MENGAJUKAN KEMBALI MEMAKAI BANK LAIN!!!",1,1,8.74.0,2025-10-15 12:22:10+00:00,"Halo, Jagoan. Mohon maaf atas kendala yang terjadi ya. Kamu tidak perlu khawatir, kamu bisa menjelaskan detail kendala tersebut melalui email di tanya@jago.com atau call center 1500 746 untuk kami bantu tangani lebih lanjut. Terima kasih :)",2025-10-15 15:15:53,8.74.0
ff5c1ecc-f0f4-4b34-bdc5-c58430fbf1fb,Pengguna Google,https://play-lh.googleusercontent.com/EGemoI2NTXmTsBVtJqk8jxF9rh8ApRWfsIMQSt2uE4OcpQqbFu7f7NbTK05lx80nuSijCz7sc3a277R67g,mantap,3,0,8.74.0,2025-10-15 12:03:12+00:00,"Halo, Jagoan! Mohon maaf atas ketidaknyamanan yang Kakak alami. Supaya bisa membantu lebih lanjut, Kakak bisa menginformasikan detail keluhannya melalui email tanya@jago.com ya. Tim terkait kami dengan senang hati akan membantu Kakak menyelesaikan permasalahannya.",2025-10-15 15:20:11,8.74.0
dc6b7c4e-29e0-43d6-bf11-86c0b9a6e5a9,Pengguna Google,https://play-lh.googleusercontent.com/EGemoI2NTXmTsBVtJqk8jxF9rh8ApRWfsIMQSt2uE4OcpQqbFu7f7NbTK05lx80nuSijCz7sc3a277R67g,LUPA SANDI DAN TIDAK ADA JAWABAN. DI SURUH KE PELAYANAN LUPA SANDI GILIRAN VERIFIKASI WAJAH SELALU KEMBALI KE MENU UTAMA APK TOLOL,1,0,8.74.0,2025-10-15 11:56:23+00:00,"Hai, Jagoan. Mohon maaf untuk kendala yang kamu alami. Terkait kendala tersebut, kamu bisa segera laporkan ke Tanya Jago di nomor 1500746/021-30000746 atau e-mail ke tanya@jago.com ya. Tidak perlu khawatir karena tim terkait kami akan segera membantu. Terima kasih.",2025-10-15 15:13:26,8.74.0
669f8236-0b58-4ac5-9a35-01a5bdd17378,Pengguna Google,https://play-lh.googleusercontent.com/EGemoI2NTXmTsBVtJqk8jxF9rh8ApRWfsIMQSt2uE4OcpQqbFu7f7NbTK05lx80nuSijCz7sc3a277R67g,mantap,3,0,8.74.0,2025-10-15 10:49:31+00:00,"Hai, Jagoan. Mohon maaf untuk kendala yang kamu alami. Terkait kendala tersebut, kamu bisa segera laporkan ke Tanya Jago di nomor 1500746/021-30000746 atau e-mail ke tanya@jago.com ya. Tidak perlu khawatir karena tim terkait kami akan segera membantu. Terima kasih.",2025-10-15 13:16:23,8.74.0
b7724400-b08e-4625-ba51-8cf1cd90e5cf,Pengguna Google,https://play-lh.googleusercontent.com/EGemoI2NTXmTsBVtJqk8jxF9rh8ApRWfsIMQSt2uE4OcpQqbFu7f7NbTK05lx80nuSijCz7sc3a277R67g,akun saya terkunci mulu gimana cara perbaikin yang permanen,2,0,,2025-10-15 10:46:54+00:00,"Hai, Jagoan. Mohon maaf untuk kendala yang kamu alami. Terkait kendala tersebut, kamu bisa segera laporkan ke Tanya Jago di nomor 1500746/021-30000746 atau e-mail ke tanya@jago.com ya. Tidak perlu khawatir karena tim terkait kami akan segera membantu. Terima kasih.",2025-10-15 13:16:28,
8cb779c1-4742-47a8-9ab0-1bf04f6873d4,Pengguna Google,https://play-lh.googleusercontent.com/EGemoI2NTXmTsBVtJqk8jxF9rh8ApRWfsIMQSt2uE4OcpQqbFu7f7NbTK05lx80nuSijCz7sc3a277R67g,"buruk, untuk sekelas aplikasi perbankan banyak masalah server eror",1,0,8.74.0,2025-10-15 10:41:22+00:00,"Hai, Jagoan. Mohon maaf untuk kendala yang kamu alami. Terkait kendala tersebut, kamu bisa segera laporkan ke Tanya Jago di nomor 1500746/021-30000746 atau e-mail ke tanya@jago.com ya. Tidak perlu khawatir karena tim terkait kami akan segera membantu. Terima kasih.",2025-10-15 13:16:19,8.74.0
35c82838-df5e-4734-bde1-1c147818d36a,Pengguna Google,https://play-lh.googleusercontent.com/EGemoI2NTXmTsBVtJqk8jxF9rh8ApRWfsIMQSt2uE4OcpQqbFu7f7NbTK05lx80nuSijCz7sc3a277R67g,mantap,5,0,,2025-10-15 09:17:31+00:00,,,
16ed0014-09c8-4002-aab9-2a68b6842b33,Pengguna Google,https://play-lh.googleusercontent.com/EGemoI2NTXmTsBVtJqk8jxF9rh8ApRWfsIMQSt2uE4OcpQqbFu7f7NbTK05lx80nuSijCz7sc3a277R67g,"akun dibajak saldo hilang, ketika melapor ke bank jago masalah untuk pengembalian dana, akun saya malah diblokir, tidak bisa login lagi",1,0,8.74.0,2025-10-15 08:35:05+00:00,"Hai, Jagoan. Mohon maaf untuk kendala yang kamu alami. Terkait kendala tersebut, kamu bisa segera laporkan ke Tanya Jago di nomor 1500746/021-30000746 atau e-mail ke tanya@jago.com ya. Tidak perlu khawatir karena tim terkait kami akan segera membantu. Terima kasih.",2025-10-15 10:07:55,8.74.0
2d1d6bb6-9f52-4814-aa67-75f9259aa2d5,Pengguna Google,https://play-lh.googleusercontent.com/EGemoI2NTXmTsBVtJqk8jxF9rh8ApRWfsIMQSt2uE4OcpQqbFu7f7NbTK05lx80nuSijCz7sc3a277R67g,Not recomended 👎🏻,1,0,8.74.0,2025-10-15 06:25:56+00:00,"Hai, Jagoan. Mohon maaf untuk kendala yang kamu alami. Terkait kendala tersebut, kamu bisa segera laporkan ke Tanya Jago di nomor 1500746/021-30000746 atau e-mail ke tanya@jago.com ya. Tidak perlu khawatir karena tim terkait kami akan segera membantu. Terima kasih.
",2025-10-15 07:16:02,8.74.0
257ccded-027e-476d-86a1-eb3ffe486287,Pengguna Google,https://play-lh.googleusercontent.com/EGemoI2NTXmTsBVtJqk8jxF9rh8ApRWfsIMQSt2uE4OcpQqbFu7f7NbTK05lx80nuSijCz7sc3a277R67g,lumayan memuaskan,5,0,8.73.0,2025-10-15 02:36:15+00:00,,,8.73.0
417a9a6e-6850-4565-9727-1a9c086d7ff6,Pengguna Google,https://play-lh.googleusercontent.com/EGemoI2NTXmTsBVtJqk8jxF9rh8ApRWfsIMQSt2uE4OcpQqbFu7f7NbTK05lx80nuSijCz7sc3a277R67g,"Woyyy, gmn si.. pin bener dikata salah. giliran pake ""lupa password"" dg id yg valid, tetep aja password yg baru dibilangnya salah.. 🫩 Kacau nihh",1,0,8.74.0,2025-10-15 01:16:17+00:00,"Halo, Jagoan. Mohon maaf atas kendala yang terjadi ya. Kamu tidak perlu khawatir, kamu bisa menjelaskan detail kendala tersebut melalui email di tanya@jago.com atau call center 1500 746 untuk kami bantu tangani lebih lanjut. Terima kasih :)",2025-10-15 02:36:47,8.74.0
f5e62906-671c-42cf-946b-e0f7702a7f51,Pengguna Google,https://play-lh.googleusercontent.com/EGemoI2NTXmTsBVtJqk8jxF9rh8ApRWfsIMQSt2uE4OcpQqbFu7f7NbTK05lx80nuSijCz7sc3a277R67g,"kenapa akun bank jago saya tiba"" keblokir terkunci pas saya tanya karena perihal KTP sedangkan sudah saya kirim ulang foto ktp nya tapi belom ada balesan lagi sampe sekarang dan masih terkunci tolong dibantu untuk dibuka kembali akun saya terima kasih",5,0,,2025-10-15 01:03:07+00:00,,,
ded40719-ebce-4c78-9dbb-dee4a18913ad,Pengguna Google,https://play-lh.googleusercontent.com/EGemoI2NTXmTsBVtJqk8jxF9rh8ApRWfsIMQSt2uE4OcpQqbFu7f7NbTK05lx80nuSijCz7sc3a277R67g,keren,5,0,8.74.0,2025-10-14 23:54:59+00:00,,,8.74.0
9dd5c35b-ed35-4d95-8c88-3ffe98ba9dbe,Pengguna Google,https://play-lh.googleusercontent.com/EGemoI2NTXmTsBVtJqk8jxF9rh8ApRWfsIMQSt2uE4OcpQqbFu7f7NbTK05lx80nuSijCz7sc3a277R67g,"Jago, please accept my utmost thanks and sincere appreciation",5,0,8.74.0,2025-10-14 22:29:40+00:00,,,8.74.0
c48ba1b3-df2a-4e49-8b02-a76165a20185,Pengguna Google,https://play-lh.googleusercontent.com/EGemoI2NTXmTsBVtJqk8jxF9rh8ApRWfsIMQSt2uE4OcpQqbFu7f7NbTK05lx80nuSijCz7sc3a277R67g,sementara ini stabil...tingkat kan bonus mingguan nya aamiin,5,0,8.74.0,2025-10-14 22:05:44+00:00,,,8.74.0
676fe7f4-dee6-44ee-a33b-5a2b1b773ac5,Pengguna Google,https://play-lh.googleusercontent.com/EGemoI2NTXmTsBVtJqk8jxF9rh8ApRWfsIMQSt2uE4OcpQqbFu7f7NbTK05lx80nuSijCz7sc3a277R67g,aplikasi yang sangat rekomendasi,5,0,8.74.0,2025-10-14 21:34:16+00:00,,,8.74.0
e80c8557-0b53-4b71-9b3a-52edeee3f100,Pengguna Google,https://play-lh.googleusercontent.com/EGemoI2NTXmTsBVtJqk8jxF9rh8ApRWfsIMQSt2uE4OcpQqbFu7f7NbTK05lx80nuSijCz7sc3a277R67g,senyaman ini sama apk nya 🩷,5,0,8.73.0,2025-10-14 20:42:42+00:00,,,8.73.0
ca00e178-e3dc-4bc0-92a1-415bbda11168,Pengguna Google,https://play-lh.googleusercontent.com/EGemoI2NTXmTsBVtJqk8jxF9rh8ApRWfsIMQSt2uE4OcpQqbFu7f7NbTK05lx80nuSijCz7sc3a277R67g,"susah transaksi via qr selalu gk kebaca sudah restart jaringan berkali kali tetap sama pas buka s biru satset bisa qr, bahkan jaringan tidak ada pun tetap bisa, saya tunggu update lebih baik kedepannya baru saya kasih ⭐ 5",2,2,8.74.0,2025-10-14 20:25:56+00:00,"Halo, Jagoan. Terima kasih atas penilaian yang sudah kamu berikan. Masukanmu menjadi input baik untuk Jago dalam memberikan layanan yang lebih baik lagi ke depannya. Jika ada yang ingin ditanyakan, kamu bisa mengirimkan email ke tanya@jago.com atau call center di 1500 746. Terima kasih :)",2025-10-14 20:30:45,8.74.0
24ac5d73-013d-4be2-b861-02b003d5e56b,Pengguna Google,https://play-lh.googleusercontent.com/EGemoI2NTXmTsBVtJqk8jxF9rh8ApRWfsIMQSt2uE4OcpQqbFu7f7NbTK05lx80nuSijCz7sc3a277R67g,SDH beres semua .nik KTP y. SDH ada djago yg lama. yud gagal.pinjam d aplikasih jgo. bos d jga data sya.y GK bisa ngajuin d jago. tgl 14/29/2025 gagal kredit pinjmn.apl.jago,3,0,8.74.0,2025-10-14 18:33:39+00:00,"Halo, Jagoan! Mohon maaf atas ketidaknyamanan yang Kakak alami. Supaya bisa membantu lebih lanjut, Kakak bisa menginformasikan detail keluhannya melalui email tanya@jago.com ya. Tim terkait kami dengan senang hati akan membantu Kakak menyelesaikan permasalahannya.",2025-10-14 19:01:43,8.74.0
31faff4b-7fed-4427-a8b3-76f30f8eded3,Pengguna Google,https://play-lh.googleusercontent.com/EGemoI2NTXmTsBVtJqk8jxF9rh8ApRWfsIMQSt2uE4OcpQqbFu7f7NbTK05lx80nuSijCz7sc3a277R67g,sangat bagus,5,0,8.74.0,2025-10-14 17:59:12+00:00,,,8.74.0
333d1bb3-9922-4943-80bc-165d685c7321,Pengguna Google,https://play-lh.googleusercontent.com/EGemoI2NTXmTsBVtJqk8jxF9rh8ApRWfsIMQSt2uE4OcpQqbFu7f7NbTK05lx80nuSijCz7sc3a277R67g,sangat membantu mempermudah urusan,5,0,,2025-10-14 17:51:01+00:00,,,
75b431a4-ba3b-4d6e-8126-afb168d88cf8,Pengguna Google,https://play-lh.googleusercontent.com/EGemoI2NTXmTsBVtJqk8jxF9rh8ApRWfsIMQSt2uE4OcpQqbFu7f7NbTK05lx80nuSijCz7sc3a277R67g,ribet amat mau login,1,0,8.74.0,2025-10-14 17:37:51+00:00,"Halo, Jagoan! Mohon maaf atas ketidaknyamanan yang Kakak alami. Supaya bisa membantu lebih lanjut, Kakak bisa menginformasikan detail keluhannya melalui email tanya@jago.com ya. Tim terkait kami dengan senang hati akan membantu Kakak menyelesaikan permasalahannya.",2025-10-14 18:00:23,8.74.0
e543f059-c623-4fd5-960a-3398fee4cbea,Pengguna Google,https://play-lh.googleusercontent.com/EGemoI2NTXmTsBVtJqk8jxF9rh8ApRWfsIMQSt2uE4OcpQqbFu7f7NbTK05lx80nuSijCz7sc3a277R67g,Salah satu Bank Digital Terbaik yang pernah aku miliki,5,0,,2025-10-14 17:32:06+00:00,,,
eecf039f-77d9-45f1-b6d9-6a947741bd83,Pengguna Google,https://play-lh.googleusercontent.com/EGemoI2NTXmTsBVtJqk8jxF9rh8ApRWfsIMQSt2uE4OcpQqbFu7f7NbTK05lx80nuSijCz7sc3a277R67g,"Pelayanan tidak jelas, masa uang sudah masuk lalu rekening terkunci gara-gara ktp nya tidak sesuai. Mestinya dari awal dong kalau memang ada ketidak sesuaian jangan uang sudah masuk ke rekening malah ada maslaah seperti ini. Sudah hubungi ke email juga dari kemarin belum ada penyelesaian yang konkrit. 🥵👎👎👎👎",1,0,,2025-10-14 17:08:07+00:00,"Halo, Jagoan. Mohon maaf atas kendala yang terjadi ya. Kamu tidak perlu khawatir, kamu bisa menjelaskan detail kendala tersebut melalui email di tanya@jago.com atau call center 1500 746 untuk kami bantu tangani lebih lanjut. Terima kasih :)",2025-10-14 17:30:41,
d501e9d4-45b1-43bc-a389-3d4d8dd79bf8,Pengguna Google,https://play-lh.googleusercontent.com/EGemoI2NTXmTsBVtJqk8jxF9rh8ApRWfsIMQSt2uE4OcpQqbFu7f7NbTK05lx80nuSijCz7sc3a277R67g,akun saya terblokir lalu saya ditelpon oleh nomer resmi untuk verifikasi pembukaan pemblokiran kata cs nya paling lama tanggal 13 oktober mana buktinya gada tanggapan sama sekali minta tolong ya pihak terkait no tiket pelaporan 980399,1,0,8.74.0,2025-10-14 16:09:03+00:00,"Halo, Jagoan! Mohon maaf atas ketidaknyamanan yang Kakak alami. Supaya bisa membantu lebih lanjut, Kakak bisa menginformasikan detail keluhannya melalui email tanya@jago.com ya. Tim terkait kami dengan senang hati akan membantu Kakak menyelesaikan permasalahannya.",2025-10-14 16:30:38,8.74.0
d96814fd-67b2-40f3-8ea0-b870e6367da2,Pengguna Google,https://play-lh.googleusercontent.com/EGemoI2NTXmTsBVtJqk8jxF9rh8ApRWfsIMQSt2uE4OcpQqbFu7f7NbTK05lx80nuSijCz7sc3a277R67g,mantap,5,0,,2025-10-14 15:59:23+00:00,,,
4d6346ac-f941-4063-87dd-ed839968eac8,Pengguna Google,https://play-lh.googleusercontent.com/EGemoI2NTXmTsBVtJqk8jxF9rh8ApRWfsIMQSt2uE4OcpQqbFu7f7NbTK05lx80nuSijCz7sc3a277R67g,aplikasinya sangat mudah untuk di gunakan dan sangat membantu,5,0,8.73.0,2025-10-14 15:40:22+00:00,,,8.73.0
4fd550e2-6aa7-4766-bcf9-6a5d9ec10207,Pengguna Google,https://play-lh.googleusercontent.com/EGemoI2NTXmTsBVtJqk8jxF9rh8ApRWfsIMQSt2uE4OcpQqbFu7f7NbTK05lx80nuSijCz7sc3a277R67g,👍,5,0,8.74.0,2025-10-14 15:32:53+00:00,,,8.74.0
85696f9f-eb95-44eb-9918-d999eb5f9adf,Pengguna Google,https://play-lh.googleusercontent.com/EGemoI2NTXmTsBVtJqk8jxF9rh8ApRWfsIMQSt2uE4OcpQqbFu7f7NbTK05lx80nuSijCz7sc3a277R67g,selama saya pakai jago ngga ada masalah yg berarti. UI/UX nya juga sangat menarik. tapi 1 saya harap jago bisa mengaplikasikan tap to pay kedepannya.,5,0,,2025-10-14 14:36:15+00:00,,,
500c8eae-954e-4689-9903-78ad16fc9a6e,Pengguna Google,https://play-lh.googleusercontent.com/EGemoI2NTXmTsBVtJqk8jxF9rh8ApRWfsIMQSt2uE4OcpQqbFu7f7NbTK05lx80nuSijCz7sc3a277R67g,kinerja bagus.,5,0,8.74.0,2025-10-14 14:01:10+00:00,,,8.74.0
eac49054-3b1e-43a1-9bc0-5958db04278d,Pengguna Google,https://play-lh.googleusercontent.com/EGemoI2NTXmTsBVtJqk8jxF9rh8ApRWfsIMQSt2uE4OcpQqbFu7f7NbTK05lx80nuSijCz7sc3a277R67g,paling suka pakai bank jago dri pda yg lain,5,0,8.74.0,2025-10-14 13:11:37+00:00,,,8.74.0
eb55baf6-04eb-4cde-99bf-f56e222a66fa,Pengguna Google,https://play-lh.googleusercontent.com/EGemoI2NTXmTsBVtJqk8jxF9rh8ApRWfsIMQSt2uE4OcpQqbFu7f7NbTK05lx80nuSijCz7sc3a277R67g,"ADA PAOK PAOK NYA INI APLIKASI , SEMALAM PESAN LEWAT GMAIL ACC , TERUS SAYA MASUK KE BANK JAGO GAK BISA .. EEE MONYET PENCURI DATA . TOLONG HAPUS DATA SAYA TAIK",1,0,,2025-10-14 12:53:12+00:00,"Halo, Jagoan! Mohon maaf atas ketidaknyamanan yang Kakak alami. Supaya bisa membantu lebih lanjut, Kakak bisa menginformasikan detail keluhannya melalui email tanya@jago.com ya. Tim terkait kami dengan senang hati akan membantu Kakak menyelesaikan permasalahannya.",2025-10-14 14:06:41,
3807925c-6fe3-4cac-a407-3db5e6392ef7,Pengguna Google,https://play-lh.googleusercontent.com/EGemoI2NTXmTsBVtJqk8jxF9rh8ApRWfsIMQSt2uE4OcpQqbFu7f7NbTK05lx80nuSijCz7sc3a277R67g,sangat membantu dan mudah,5,0,8.74.0,2025-10-14 12:52:17+00:00,,,8.74.0
8c088d60-96e3-4ea9-af79-97863fecb54f,Pengguna Google,https://play-lh.googleusercontent.com/EGemoI2NTXmTsBVtJqk8jxF9rh8ApRWfsIMQSt2uE4OcpQqbFu7f7NbTK05lx80nuSijCz7sc3a277R67g,stiap foto ktp gagal,1,0,,2025-10-14 12:42:45+00:00,"Halo, Jagoan! Mohon maaf atas ketidaknyamanan yang Kakak alami. Supaya bisa membantu lebih lanjut, Kakak bisa menginformasikan detail keluhannya melalui email tanya@jago.com ya. Tim terkait kami dengan senang hati akan membantu Kakak menyelesaikan permasalahannya.",2025-10-14 14:06:46,
720dad25-a1ce-497a-8583-d2c9d023528d,Pengguna Google,https://play-lh.googleusercontent.com/EGemoI2NTXmTsBVtJqk8jxF9rh8ApRWfsIMQSt2uE4OcpQqbFu7f7NbTK05lx80nuSijCz7sc3a277R67g,"buka aplikasi lama, tolong diperbaiki",1,0,8.42.0,2025-10-14 12:04:59+00:00,"Halo, Jagoan. Mohon maaf atas kendala yang terjadi ya. Kamu tidak perlu khawatir, kamu bisa menjelaskan detail kendala tersebut melalui email di tanya@jago.com atau call center 1500 746 untuk kami bantu tangani lebih lanjut. Terima kasih :)",2025-10-14 13:21:00,8.42.0
9552f7d6-9498-49c4-a2e8-b64542c0f0f1,Pengguna Google,https://play-lh.googleusercontent.com/EGemoI2NTXmTsBVtJqk8jxF9rh8ApRWfsIMQSt2uE4OcpQqbFu7f7NbTK05lx80nuSijCz7sc3a277R67g,belum ada limit pinjaman min.,5,0,8.74.0,2025-10-14 11:53:16+00:00,,,8.74.0
e6dde525-8bd0-4301-9b97-de0dad84d8b8,Pengguna Google,https://play-lh.googleusercontent.com/EGemoI2NTXmTsBVtJqk8jxF9rh8ApRWfsIMQSt2uE4OcpQqbFu7f7NbTK05lx80nuSijCz7sc3a277R67g,terlalu ribet authentikasi. harusnya cukup sidik jari dan kode pin. 3x salah masukin password kena kunci 1 jam.,1,0,8.74.0,2025-10-14 11:45:38+00:00,"Halo, Jagoan. Mohon maaf atas kendala yang terjadi ya. Kamu tidak perlu khawatir, kamu bisa menjelaskan detail kendala tersebut melalui email di tanya@jago.com atau call center 1500 746 untuk kami bantu tangani lebih lanjut. Terima kasih :)",2025-10-14 13:04:15,8.74.0
09984257-9495-40fb-9ecc-d408457bf573,Pengguna Google,https://play-lh.googleusercontent.com/EGemoI2NTXmTsBVtJqk8jxF9rh8ApRWfsIMQSt2uE4OcpQqbFu7f7NbTK05lx80nuSijCz7sc3a277R67g,ok,5,0,8.73.0,2025-10-14 11:43:28+00:00,,,8.73.0
ac629de3-9af0-4930-95f1-9e8c088e3ad5,Pengguna Google,https://play-lh.googleusercontent.com/EGemoI2NTXmTsBVtJqk8jxF9rh8ApRWfsIMQSt2uE4OcpQqbFu7f7NbTK05lx80nuSijCz7sc3a277R67g,costumer service nya sangat best 🥰,5,0,8.74.0,2025-10-14 11:39:26+00:00,,,8.74.0
55204fea-4383-422b-bcce-308404d5c121,Pengguna Google,https://play-lh.googleusercontent.com/EGemoI2NTXmTsBVtJqk8jxF9rh8ApRWfsIMQSt2uE4OcpQqbFu7f7NbTK05lx80nuSijCz7sc3a277R67g,"bukannya tambah canggih, justru aplikasi mundur, lebih bagus dahulu. verifikasi video call 30 detik sudah, tetep gak masuk. TANGGAL TRANSAKSI TERAKHIR kembali ke tanggal saja innailaihi lillahi",1,1,8.39.0,2025-10-14 11:38:01+00:00,"Halo, Jagoan. Mohon maaf atas kendala yang terjadi ya. Kamu tidak perlu khawatir, kamu bisa menjelaskan detail kendala tersebut melalui email di tanya@jago.com atau call center 1500 746 untuk kami bantu tangani lebih lanjut. Terima kasih :)",2025-10-14 12:36:43,8.39.0
e4c46867-287b-4f5c-94ea-1ea24c65f6f8,Pengguna Google,https://play-lh.googleusercontent.com/EGemoI2NTXmTsBVtJqk8jxF9rh8ApRWfsIMQSt2uE4OcpQqbFu7f7NbTK05lx80nuSijCz7sc3a277R67g,mantap,5,0,,2025-10-14 10:37:01+00:00,,,
a769bc61-3826-40af-8416-3d1ccac6b0f4,Pengguna Google,https://play-lh.googleusercontent.com/EGemoI2NTXmTsBVtJqk8jxF9rh8ApRWfsIMQSt2uE4OcpQqbFu7f7NbTK05lx80nuSijCz7sc3a277R67g,"Gratis transfer min saldo bulanan 500rb harusnya sudah masuk silver jagoan, tapi sekarang jadi jagoan. Free transfer cuma 3x.",1,0,8.74.0,2025-10-14 10:28:43+00:00,"Halo, Jagoan. Mohon maaf atas kendala yang terjadi ya. Kamu tidak perlu khawatir, kamu bisa menjelaskan detail kendala tersebut melalui email di tanya@jago.com atau call center 1500 746 untuk kami bantu tangani lebih lanjut. Terima kasih :)",2025-10-14 10:30:46,8.74.0
5f0232dc-4106-4226-a7cc-535cbced28f9,Pengguna Google,https://play-lh.googleusercontent.com/EGemoI2NTXmTsBVtJqk8jxF9rh8ApRWfsIMQSt2uE4OcpQqbFu7f7NbTK05lx80nuSijCz7sc3a277R67g,aplikasi bodong,1,0,,2025-10-14 09:35:32+00:00,"Halo, Jagoan. Mohon maaf atas kendala yang terjadi ya. Kamu tidak perlu khawatir, kamu bisa menjelaskan detail kendala tersebut melalui email di tanya@jago.com atau call center 1500 746 untuk kami bantu tangani lebih lanjut. Terima kasih :)",2025-10-14 10:01:09,
d36b7d15-ee12-4800-87e1-41b64347f9aa,Pengguna Google,https://play-lh.googleusercontent.com/EGemoI2NTXmTsBVtJqk8jxF9rh8ApRWfsIMQSt2uE4OcpQqbFu7f7NbTK05lx80nuSijCz7sc3a277R67g,sejauh ini bagus,5,0,,2025-10-14 08:03:04+00:00,,,
1e83d695-0535-4a49-b473-8db0d1910724,Pengguna Google,https://play-lh.googleusercontent.com/EGemoI2NTXmTsBVtJqk8jxF9rh8ApRWfsIMQSt2uE4OcpQqbFu7f7NbTK05lx80nuSijCz7sc3a277R67g,MMG yg terbaik,5,0,,2025-10-14 07:35:24+00:00,,,
c4aaac55-5316-4239-b401-4fead4e1aa39,Pengguna Google,https://play-lh.googleusercontent.com/EGemoI2NTXmTsBVtJqk8jxF9rh8ApRWfsIMQSt2uE4OcpQqbFu7f7NbTK05lx80nuSijCz7sc3a277R67g,"parah, akun saya terblokir tanpa sebab",1,0,8.74.0,2025-10-14 06:47:03+00:00,"Halo, Jagoan! Saya mohon maaf atas kendala dan ketidaknyamanan kamu ya. Saya mengerti kesulitan yang kamu hadapi terkait kendala ini. Supaya bisa membantu lebih lanjut, mohon untuk hubungi email kami di tanya@jago.com atau melalui telpon di 1500 746/+62 21 3000 0746. Secepatnya akan kami cek dan tangani :)",2025-10-14 07:43:34,8.74.0
cef29f08-c025-4471-ac7a-d83228838cb6,Pengguna Google,https://play-lh.googleusercontent.com/EGemoI2NTXmTsBVtJqk8jxF9rh8ApRWfsIMQSt2uE4OcpQqbFu7f7NbTK05lx80nuSijCz7sc3a277R67g,"mantaappp, sangat mudah digunakan",5,0,8.74.0,2025-10-14 05:29:55+00:00,,,8.74.0
4d072ede-35b0-4d45-b6a0-9843f0bbf179,Pengguna Google,https://play-lh.googleusercontent.com/EGemoI2NTXmTsBVtJqk8jxF9rh8ApRWfsIMQSt2uE4OcpQqbFu7f7NbTK05lx80nuSijCz7sc3a277R67g,bintang 3 dulu aahh.. fitur pinjaman udah tampil pas di klik respon nya malah anda blum terpilih/mengajukan pinjaman 😩🙄 udah nyoba 3.kali pun respon nya ttep sama 😥,3,0,8.74.0,2025-10-14 02:15:23+00:00,"Halo, Jagoan. Mohon maaf atas kendala yang terjadi ya. Kamu tidak perlu khawatir, kamu bisa menjelaskan detail kendala tersebut melalui email di tanya@jago.com atau call center 1500 746 untuk kami bantu tangani lebih lanjut. Terima kasih :)",2025-10-14 03:07:18,8.74.0
9d9dc20e-5eee-4aef-bda5-22e49c3596ee,Pengguna Google,https://play-lh.googleusercontent.com/EGemoI2NTXmTsBVtJqk8jxF9rh8ApRWfsIMQSt2uE4OcpQqbFu7f7NbTK05lx80nuSijCz7sc3a277R67g,"masih kalah sama Bank digital lainnya, terkait pergantian nomor hp yang hilang, sangat rumit hanya buang"" Waktu telp cs pun percuma beli materi gaada gunanya",1,0,8.74.0,2025-10-14 01:52:20+00:00,"Halo, Jagoan! Mohon maaf apabila terdapat fitur atau layanan Jago yang belum sesuai harapan kamu. Kamu bisa menghubungi Tanya Jago di nomor 1500746 / 021-30000746 atau e-mail ke tanya@jago.com untuk kami bantu cek kendalanya lebih lanjut ya. Agent kami dengan senang hati membantu kamu.",2025-10-14 02:27:39,8.74.0
623ad4a2-f8c7-4300-a92a-6ec0003d1294,Pengguna Google,https://play-lh.googleusercontent.com/EGemoI2NTXmTsBVtJqk8jxF9rh8ApRWfsIMQSt2uE4OcpQqbFu7f7NbTK05lx80nuSijCz7sc3a277R67g,semoga dipermudahkan,5,0,8.74.0,2025-10-14 00:46:45+00:00,,,8.74.0
cc037d72-2866-4892-9aaa-c437835ab5f4,Pengguna Google,https://play-lh.googleusercontent.com/EGemoI2NTXmTsBVtJqk8jxF9rh8ApRWfsIMQSt2uE4OcpQqbFu7f7NbTK05lx80nuSijCz7sc3a277R67g,"baik saya disini mau urus perubahan nomer telp dan sya sudah lama tidak pakai bank jago dan tudak tau ada fitur apa aja dikarekan nomer sya sudah lama hangus .giliran mau ganti nomer ga tau isi fitur2 ga di acc gimana sih banknya ,saya sebagai atas nama yang sudah terdaftar ingin merubah nomer telp sangat keberatan jika di persulit kaya gini ......di bamk lain tidak se sulit ini untuk penggantian nomer telp",1,7,8.74.0,2025-10-14 00:44:09+00:00,"Halo, Jagoan! Mohon maaf apabila terdapat fitur atau layanan Jago yang belum sesuai harapan kamu. Kamu bisa menghubungi Tanya Jago di nomor 1500746 / 021-30000746 atau e-mail ke tanya@jago.com untuk kami bantu cek kendalanya lebih lanjut ya. Agent kami dengan senang hati membantu kamu.",2025-10-14 01:36:12,8.74.0
a50bf5bc-2a9f-4ef3-99be-69ceb17de718,Pengguna Google,https://play-lh.googleusercontent.com/EGemoI2NTXmTsBVtJqk8jxF9rh8ApRWfsIMQSt2uE4OcpQqbFu7f7NbTK05lx80nuSijCz7sc3a277R67g,"nggk bisa ubah dri syariah ke konvensional,,padahal sedenger2 dri konven ke syariah bisaaa gimana siiii",1,0,8.74.0,2025-10-14 00:28:03+00:00,"Halo, Jagoan! Mohon maaf apabila terdapat fitur atau layanan Jago yang belum sesuai harapan kamu. Kamu bisa menghubungi Tanya Jago di nomor 1500746 / 021-30000746 atau e-mail ke tanya@jago.com untuk kami bantu cek kendalanya lebih lanjut ya. Agent kami dengan senang hati membantu kamu.",2025-10-14 01:36:22,8.74.0
123fdccf-8be4-4699-87ae-6a588fdb0232,Pengguna Google,https://play-lh.googleusercontent.com/EGemoI2NTXmTsBVtJqk8jxF9rh8ApRWfsIMQSt2uE4OcpQqbFu7f7NbTK05lx80nuSijCz7sc3a277R67g,bagus banget,5,0,,2025-10-14 00:26:11+00:00,,,
ddc51377-1584-45ba-979f-c189f63e4803,Pengguna Google,https://play-lh.googleusercontent.com/EGemoI2NTXmTsBVtJqk8jxF9rh8ApRWfsIMQSt2uE4OcpQqbFu7f7NbTK05lx80nuSijCz7sc3a277R67g,"alpikasi perbankan yg sangat menyenangkan , semoga terus upgrade sistem keamanan nya",5,0,8.74.0,2025-10-14 00:01:52+00:00,,,8.74.0
5ea8e2cb-7959-4b8c-91f3-e04d22d55351,Pengguna Google,https://play-lh.googleusercontent.com/EGemoI2NTXmTsBVtJqk8jxF9rh8ApRWfsIMQSt2uE4OcpQqbFu7f7NbTK05lx80nuSijCz7sc3a277R67g,"Maaf kak sengaja saya kasih Bintang 5 supaya berada di atas sepertinya akun bank jago saya diretas, dikarenakan alamat email dan nomor handphone bank jago saya berubah ,bukan hanya bahkan password nya pun berubah jadi saya tidak dapat menerima kode otp dari bank jago, saya khawatir akun saya digunakan untuk hal yang tidak"", padahal nik ktp itu masih nik ktp saya, saya mohon blokir saja akun bank jago saya, saya mohon bantuannya",5,0,8.74.0,2025-10-13 23:17:34+00:00,,,8.74.0
e5071492-8f29-4145-a2e1-a35d18312671,Pengguna Google,https://play-lh.googleusercontent.com/EGemoI2NTXmTsBVtJqk8jxF9rh8ApRWfsIMQSt2uE4OcpQqbFu7f7NbTK05lx80nuSijCz7sc3a277R67g,sering di tolak pinjaman saya,5,0,,2025-10-13 23:00:03+00:00,,,
16aa6ce7-7a22-4231-a612-9f08a9834f8c,Pengguna Google,https://play-lh.googleusercontent.com/EGemoI2NTXmTsBVtJqk8jxF9rh8ApRWfsIMQSt2uE4OcpQqbFu7f7NbTK05lx80nuSijCz7sc3a277R67g,mantab 👍👍👍👍👍,5,0,8.74.0,2025-10-13 20:59:52+00:00,,,8.74.0
7ba880b0-2c93-4b17-bb40-479540c6dcc5,Pengguna Google,https://play-lh.googleusercontent.com/EGemoI2NTXmTsBVtJqk8jxF9rh8ApRWfsIMQSt2uE4OcpQqbFu7f7NbTK05lx80nuSijCz7sc3a277R67g,👌,5,0,8.74.0,2025-10-13 20:31:14+00:00,,,8.74.0
a9839a74-c05e-4620-a355-24e2815a1b41,Pengguna Google,https://play-lh.googleusercontent.com/EGemoI2NTXmTsBVtJqk8jxF9rh8ApRWfsIMQSt2uE4OcpQqbFu7f7NbTK05lx80nuSijCz7sc3a277R67g,bagus tampilan ringan bersahabat juga ada cashback saldo 10k aku dapat kalian bisa dapatin sampai 30K good job lah jago,5,0,8.74.0,2025-10-13 20:03:48+00:00,,,8.74.0
1859b098-a47f-49de-bf9b-4b1452e46759,Pengguna Google,https://play-lh.googleusercontent.com/EGemoI2NTXmTsBVtJqk8jxF9rh8ApRWfsIMQSt2uE4OcpQqbFu7f7NbTK05lx80nuSijCz7sc3a277R67g,"tanpa masalah, membantu kebutuhan TF TF, ada bonus2, suka!",5,0,8.74.0,2025-10-13 19:47:39+00:00,,,8.74.0
d9aeba8d-2968-4ca0-9cff-24bab903289d,Pengguna Google,https://play-lh.googleusercontent.com/EGemoI2NTXmTsBVtJqk8jxF9rh8ApRWfsIMQSt2uE4OcpQqbFu7f7NbTK05lx80nuSijCz7sc3a277R67g,pergantian no hp aja dipersulit padahal seperti aplikasi lain aja hanya ktp dan scan wajah juga cukup !!!,1,0,,2025-10-13 19:35:40+00:00,"Halo, Jagoan! Mohon maaf apabila terdapat fitur atau layanan Jago yang belum sesuai harapan kamu. Kamu bisa menghubungi Tanya Jago di nomor 1500746 / 021-30000746 atau e-mail ke tanya@jago.com untuk kami bantu cek kendalanya lebih lanjut ya. Agent kami dengan senang hati membantu kamu.",2025-10-13 23:54:18,
854aec07-6720-4860-afee-afcb674e3724,Pengguna Google,https://play-lh.googleusercontent.com/EGemoI2NTXmTsBVtJqk8jxF9rh8ApRWfsIMQSt2uE4OcpQqbFu7f7NbTK05lx80nuSijCz7sc3a277R67g,mudah dan cepat cair,5,0,,2025-10-13 19:14:50+00:00,,,
40fdf7e1-916e-4721-b4dc-7bcdb80ac4de,Pengguna Google,https://play-lh.googleusercontent.com/EGemoI2NTXmTsBVtJqk8jxF9rh8ApRWfsIMQSt2uE4OcpQqbFu7f7NbTK05lx80nuSijCz7sc3a277R67g,"gila sih bank jago,kirim berapa pun no biaya admin",5,0,8.73.0,2025-10-13 19:13:50+00:00,,,8.73.0
a23887e6-2c4f-4427-81ea-d3df0e73423f,Pengguna Google,https://play-lh.googleusercontent.com/EGemoI2NTXmTsBVtJqk8jxF9rh8ApRWfsIMQSt2uE4OcpQqbFu7f7NbTK05lx80nuSijCz7sc3a277R67g,best,5,33,8.74.0,2025-10-13 19:10:45+00:00,"Halo, Jagoan. Terima kasih atas penilaian yang sudah kamu berikan. Masukanmu menjadi input baik untuk Jago dalam memberikan layanan yang lebih baik lagi ke depannya. Jika ada yang ingin ditanyakan, kamu bisa mengirimkan email ke tanya@jago.com atau call center di 1500 746. Terima kasih :)",2024-05-30 21:23:29,8.74.0
a977f69b-43b2-4f4b-b02b-2c1b49cb9144,Pengguna Google,https://play-lh.googleusercontent.com/EGemoI2NTXmTsBVtJqk8jxF9rh8ApRWfsIMQSt2uE4OcpQqbFu7f7NbTK05lx80nuSijCz7sc3a277R67g,"cakep asli, lebih keren dari bank bank ternama. Minus di atm aja si. tapi gapapa tetep kerennnn",5,1,8.74.0,2025-10-13 18:55:43+00:00,,,8.74.0
33eac9f3-7eea-40e6-92a7-ced6cd0ea06c,Pengguna Google,https://play-lh.googleusercontent.com/EGemoI2NTXmTsBVtJqk8jxF9rh8ApRWfsIMQSt2uE4OcpQqbFu7f7NbTK05lx80nuSijCz7sc3a277R67g,sangat baik untuk menjaga,3,0,8.74.0,2025-10-13 18:51:20+00:00,"Halo, Jagoan! Terima kasih telah memilih Bank Jago dan selamat menjelajahi fitur-fiturnya ya. Yuk ikuti terus social media kami untuk tahu informasi promo dan update terbaru dari kami. Jika ada hal lain yang ingin ditanyakan, jangan ragu-ragu untuk menghubungi Tanya Jago di nomor 1500746 / 021-30000746 atau e-mail ke tanya@jago.com",2025-10-13 23:54:35,8.74.0
e5a48995-f1a4-45a7-ac14-cbcbc1921aaa,Pengguna Google,https://play-lh.googleusercontent.com/EGemoI2NTXmTsBVtJqk8jxF9rh8ApRWfsIMQSt2uE4OcpQqbFu7f7NbTK05lx80nuSijCz7sc3a277R67g,bagus bgt selama pake lancar dan caranya mudah makasih pencipta bank jago n tim🥰🥰,5,0,8.74.0,2025-10-13 18:48:49+00:00,,,8.74.0
b9434100-1e72-4e25-bbac-17ee68ae0ada,Pengguna Google,https://play-lh.googleusercontent.com/EGemoI2NTXmTsBVtJqk8jxF9rh8ApRWfsIMQSt2uE4OcpQqbFu7f7NbTK05lx80nuSijCz7sc3a277R67g,jozz,5,0,,2025-10-13 18:32:37+00:00,,,
2cb6f2bd-a506-49aa-99db-b0da92d72c26,Pengguna Google,https://play-lh.googleusercontent.com/EGemoI2NTXmTsBVtJqk8jxF9rh8ApRWfsIMQSt2uE4OcpQqbFu7f7NbTK05lx80nuSijCz7sc3a277R67g,"tolong perbaiki semua bug/masalah di apk jago, buat apa bikin apk tapi tidak diurus dengan baik",1,2,8.74.0,2025-10-13 17:49:29+00:00,"Halo, Jagoan! Mohon maaf atas ketidaknyamanannya. Kami mengerti atas pengalaman kurang baik yang kamu alami. Untuk membantu kamu lebih lanjut, mohon menghubungi Tanya Jago di 1500746 / 021-30000746 atau email ke tanya@jago.com untuk kami cek lebih lanjut terkait kendala tersebut. Kami tunggu laporan dari kamu ya.",2025-10-16 18:36:50,8.74.0
71006116-f578-47b9-b701-30ebb52271e6,Pengguna Google,https://play-lh.googleusercontent.com/EGemoI2NTXmTsBVtJqk8jxF9rh8ApRWfsIMQSt2uE4OcpQqbFu7f7NbTK05lx80nuSijCz7sc3a277R67g,bagus,5,0,8.74.0,2025-10-13 17:47:16+00:00,,,8.74.0
380a5eb2-2381-4385-a132-71330c7c0870,Pengguna Google,https://play-lh.googleusercontent.com/EGemoI2NTXmTsBVtJqk8jxF9rh8ApRWfsIMQSt2uE4OcpQqbFu7f7NbTK05lx80nuSijCz7sc3a277R67g,kenapa harus masukkan kata sandi aku lupa kata sandinya akhirnya terblokir selama 1jam,3,0,,2025-10-13 17:16:08+00:00,"Halo, Jagoan. Mohon maaf atas kendala yang terjadi ya. Kamu tidak perlu khawatir, kamu bisa menjelaskan detail kendala tersebut melalui email di tanya@jago.com atau call center 1500 746 untuk kami bantu tangani lebih lanjut. Terima kasih :)
",2025-10-13 21:36:55,
638bc298-3b5b-4391-9a4b-c8723a60e884,Pengguna Google,https://play-lh.googleusercontent.com/EGemoI2NTXmTsBVtJqk8jxF9rh8ApRWfsIMQSt2uE4OcpQqbFu7f7NbTK05lx80nuSijCz7sc3a277R67g,gampang gak ribet,5,0,8.74.0,2025-10-13 16:37:21+00:00,,,8.74.0
9b3472d0-4a6f-40fa-9157-42020dd638ec,Pengguna Google,https://play-lh.googleusercontent.com/EGemoI2NTXmTsBVtJqk8jxF9rh8ApRWfsIMQSt2uE4OcpQqbFu7f7NbTK05lx80nuSijCz7sc3a277R67g,ganti nomer karna lupa pasword ... ya harus emang harus sabar karna emang antri . maaf ya min aku dari kemarin gugupin dan agak ga sabaran emang ada perlu uangnya dan kesalahanku ga ganti nomer dulu kalo mau masa tenggang ..... love buat kalian ya sekali lagi makasih dan maaf atas aku gugupin buat cepet2....,5,0,8.74.0,2025-10-13 16:32:51+00:00,,,8.74.0
de966b4e-f676-411c-83f2-aae4392d9e75,Pengguna Google,https://play-lh.googleusercontent.com/EGemoI2NTXmTsBVtJqk8jxF9rh8ApRWfsIMQSt2uE4OcpQqbFu7f7NbTK05lx80nuSijCz7sc3a277R67g,mudah bertransaksi dan buat menabung,5,0,8.74.0,2025-10-13 15:08:12+00:00,,,8.74.0
2e5a5247-c132-4af2-8f54-6ccfa9478599,Pengguna Google,https://play-lh.googleusercontent.com/EGemoI2NTXmTsBVtJqk8jxF9rh8ApRWfsIMQSt2uE4OcpQqbFu7f7NbTK05lx80nuSijCz7sc3a277R67g,"Ini gimana ya masa bank Jago saya terblokir dari tanggal 29 September sampai hari ini? Saya sudah hubungi Tanya Jago sama Kirim Email tapi belum ada kelanjutannya sama sekali, Jadi ribet saya mau bayar ini itu saldo saya Rp500.000 juga hilang entah kemana.",2,0,,2025-10-13 14:35:33+00:00,"Halo, Jagoan. Mohon maaf atas kendala yang terjadi ya. Kamu tidak perlu khawatir, kamu bisa menjelaskan detail kendala tersebut melalui email di tanya@jago.com atau call center 1500 746 untuk kami bantu tangani lebih lanjut. Terima kasih :)",2025-10-13 17:32:51,
ec329468-41be-4f96-80a4-4e6c34a3b15f,Pengguna Google,https://play-lh.googleusercontent.com/EGemoI2NTXmTsBVtJqk8jxF9rh8ApRWfsIMQSt2uE4OcpQqbFu7f7NbTK05lx80nuSijCz7sc3a277R67g,"Lupa sandi udah lapor lewat email malah gada respon, udah nunggu berhari-hari.",1,0,8.74.0,2025-10-13 14:18:01+00:00,"Halo, Jagoan. Mohon maaf atas kendala yang terjadi ya. Kamu tidak perlu khawatir, kamu bisa menjelaskan detail kendala tersebut melalui email di tanya@jago.com atau call center 1500 746 untuk kami bantu tangani lebih lanjut. Terima kasih :)",2025-10-13 16:54:02,8.74.0
de5368dc-187e-49bf-81cc-286a3ae9d8f3,Pengguna Google,https://play-lh.googleusercontent.com/EGemoI2NTXmTsBVtJqk8jxF9rh8ApRWfsIMQSt2uE4OcpQqbFu7f7NbTK05lx80nuSijCz7sc3a277R67g,Banyak kendala sering force close saat masuk atau login applikasi,1,0,,2025-10-13 13:50:27+00:00,"Halo, Jagoan. Mohon maaf atas kendala yang terjadi ya. Kamu tidak perlu khawatir, kamu bisa menjelaskan detail kendala tersebut melalui email di tanya@jago.com atau call center 1500 746 untuk kami bantu tangani lebih lanjut. Terima kasih :)",2025-10-13 16:04:12,
c0606bc5-fff8-403a-bb91-013709f9ff29,Pengguna Google,https://play-lh.googleusercontent.com/EGemoI2NTXmTsBVtJqk8jxF9rh8ApRWfsIMQSt2uE4OcpQqbFu7f7NbTK05lx80nuSijCz7sc3a277R67g,oke,5,0,8.74.0,2025-10-13 13:01:58+00:00,,,8.74.0
60048494-4f68-4e63-b6e2-4a5cd79ccd02,Pengguna Google,https://play-lh.googleusercontent.com/EGemoI2NTXmTsBVtJqk8jxF9rh8ApRWfsIMQSt2uE4OcpQqbFu7f7NbTK05lx80nuSijCz7sc3a277R67g,"Karena BSI sering eror, jadi saya coba bank Jago S. & Aladin S. Memang lancar sih.., tapi kuota tarik tunai gratisnya terlalu sedikit. Saya pernah sedang butuh tarik tunai Rp.4.100.000,-, jadi repot cari ATM yg bisa langsung tarik uang banyak. Di ATM BRI tertulis maksimal 1 juta, Mandiri 2,5 juta, tapi muncul lagi tulisan ""ATM ini hanya bisa mengeluarkan 1 juta"", BNI malah muncul tulisan ""Transaksi Dibatalkan"". Update: Transfer sering gagal, muncul tulisan ""Bank Tujuan Tidak Merespon"".",1,0,,2025-10-13 12:59:36+00:00,"Halo, Jagoan. Mohon maaf atas kendala yang terjadi ya. Kamu tidak perlu khawatir, kamu bisa menjelaskan detail kendala tersebut melalui email di tanya@jago.com atau call center 1500 746 untuk kami bantu tangani lebih lanjut. Terima kasih :)",2025-10-13 14:35:35,
d3769bbb-c8d5-4379-a253-9607fb7db709,Pengguna Google,https://play-lh.googleusercontent.com/EGemoI2NTXmTsBVtJqk8jxF9rh8ApRWfsIMQSt2uE4OcpQqbFu7f7NbTK05lx80nuSijCz7sc3a277R67g,"sudah 1 minggu akun terblokir tidak ada kejelasan.. tidak bisa profesional pelayanannya.. padahal di rekening masih ada saldo 2jt lebih.. kirim email jawabannya sama gitu2 aja ,,cuma beda nama adminnya,,isinya sama kayak balesan robot.. jadi percuma kirim email,, nelpon juga yg di bahas gitu-gitu saja.. developer jgn cuma bisa balas suruh kirim email tanya jago percumaaa akun saya seminggu tidak di layani open blokir dan ganti nomer terdaftar..",1,9,8.74.0,2025-10-13 12:37:29+00:00,"Halo, Jagoan. Mohon maaf atas kendala yang terjadi ya. Kamu tidak perlu khawatir, kamu bisa menjelaskan detail kendala tersebut melalui email di tanya@jago.com atau call center 1500 746 untuk kami bantu tangani lebih lanjut. Terima kasih :)",2025-10-13 14:35:26,8.74.0
f6285ade-f72c-4703-aeb0-cb9dd0dd1db5,Pengguna Google,https://play-lh.googleusercontent.com/EGemoI2NTXmTsBVtJqk8jxF9rh8ApRWfsIMQSt2uE4OcpQqbFu7f7NbTK05lx80nuSijCz7sc3a277R67g,ini baru saya menyadari bahwa bank jago memang slalu yang terbaik. sejauh ini saya menggunakan nya,5,0,8.74.0,2025-10-13 11:45:32+00:00,,,8.74.0
efd7f4f9-faae-472e-8dca-c1afb5f1fcad,Pengguna Google,https://play-lh.googleusercontent.com/EGemoI2NTXmTsBVtJqk8jxF9rh8ApRWfsIMQSt2uE4OcpQqbFu7f7NbTK05lx80nuSijCz7sc3a277R67g,kelas,5,0,8.74.0,2025-10-13 11:41:59+00:00,,,8.74.0
438d6349-e356-4c0b-b4a6-ec4e98be03d5,Pengguna Google,https://play-lh.googleusercontent.com/EGemoI2NTXmTsBVtJqk8jxF9rh8ApRWfsIMQSt2uE4OcpQqbFu7f7NbTK05lx80nuSijCz7sc3a277R67g,mudah dan sangat membantu,5,0,,2025-10-13 11:27:19+00:00,,,
13276b63-8516-4c79-b372-eeefd88c041d,Pengguna Google,https://play-lh.googleusercontent.com/EGemoI2NTXmTsBVtJqk8jxF9rh8ApRWfsIMQSt2uE4OcpQqbFu7f7NbTK05lx80nuSijCz7sc3a277R67g,sangat sangat sangat lamaaaa.. masa verifikasi aja bisa seminggu lebih..,1,0,8.74.0,2025-10-13 11:26:30+00:00,"Hai, Jagoan. Mohon maaf untuk kendala yang kamu alami. Terkait kendala tersebut, kamu bisa segera laporkan ke Tanya Jago di nomor 1500746/021-30000746 atau e-mail ke tanya@jago.com ya. Tidak perlu khawatir karena tim terkait kami akan segera membantu. Terima kasih.",2025-10-13 13:27:03,8.74.0
16bfe857-2012-4c3b-af62-4078ca235638,Pengguna Google,https://play-lh.googleusercontent.com/EGemoI2NTXmTsBVtJqk8jxF9rh8ApRWfsIMQSt2uE4OcpQqbFu7f7NbTK05lx80nuSijCz7sc3a277R67g,kak kirim kode referalnya Kaka,4,0,,2025-10-13 10:31:55+00:00,"Hai, Jagoan. Mohon maaf untuk kendala yang kamu alami. Terkait kendala tersebut, kamu bisa segera laporkan ke Tanya Jago di nomor 1500746/021-30000746 atau e-mail ke tanya@jago.com ya. Tidak perlu khawatir karena tim terkait kami akan segera membantu. Terima kasih.",2025-10-13 12:30:50,
984ab167-7f86-4df5-a333-cb88d19f57ee,Pengguna Google,https://play-lh.googleusercontent.com/EGemoI2NTXmTsBVtJqk8jxF9rh8ApRWfsIMQSt2uE4OcpQqbFu7f7NbTK05lx80nuSijCz7sc3a277R67g,"aplikasi nya mudah digunakan, simple dan gak ribet bunga rendah pokonya rekomendid BBGt",5,0,8.74.0,2025-10-13 09:32:34+00:00,,,8.74.0
19f20390-8db0-4f12-b636-6e6014befee4,Pengguna Google,https://play-lh.googleusercontent.com/EGemoI2NTXmTsBVtJqk8jxF9rh8ApRWfsIMQSt2uE4OcpQqbFu7f7NbTK05lx80nuSijCz7sc3a277R67g,"saya belum pernah download jago. tapi saat saya mencoba daftar katanya nomer/email suda terdaftar. saya cek di riwayat login/pesan emang gapernah ada yang dari jago, lau saat saya mencoba login menggunakan email/nomer katanya akun tidak terdaftar. saya juga sudah coba reset password katanya malah data invalid. gimana iniiiiii. daftar gabisa login gabisa reset password gabisaaaa",2,4,8.74.0,2025-10-13 07:19:10+00:00,"Hai, Jagoan. Mohon maaf untuk kendala yang kamu alami. Terkait kendala tersebut, kamu bisa segera laporkan ke Tanya Jago di nomor 1500746/021-30000746 atau e-mail ke tanya@jago.com ya. Tidak perlu khawatir karena tim terkait kami akan segera membantu. Terima kasih.",2025-10-13 08:00:59,8.74.0
0943f951-167e-4f32-91d2-1c5ced1b1fd7,Pengguna Google,https://play-lh.googleusercontent.com/EGemoI2NTXmTsBVtJqk8jxF9rh8ApRWfsIMQSt2uE4OcpQqbFu7f7NbTK05lx80nuSijCz7sc3a277R67g,"sangat puass,proses mudah hemat dan cepat ,,tidak menyesal dengan fiturnya",5,2,8.74.0,2025-10-13 07:03:54+00:00,,,8.74.0
e42e33fb-ece1-4dcb-8f87-9e41c3c3adf4,Pengguna Google,https://play-lh.googleusercontent.com/EGemoI2NTXmTsBVtJqk8jxF9rh8ApRWfsIMQSt2uE4OcpQqbFu7f7NbTK05lx80nuSijCz7sc3a277R67g,nice,5,0,8.74.0,2025-10-13 06:30:20+00:00,,,8.74.0
f396e604-3b4b-4629-af30-dcc743b67540,Pengguna Google,https://play-lh.googleusercontent.com/EGemoI2NTXmTsBVtJqk8jxF9rh8ApRWfsIMQSt2uE4OcpQqbFu7f7NbTK05lx80nuSijCz7sc3a277R67g,"aplikasi yg sangat mengecewakan, bisa pulak uda pakai sidik jari pun gak bisa login",1,2,8.74.0,2025-10-13 06:19:25+00:00,"Halo, Jagoan! Mohon maaf atas ketidaknyamanannya. Kami mengerti atas pengalaman kurang baik yang kamu alami. Untuk membantu kamu lebih lanjut, mohon menghubungi Tanya Jago di 1500746 / 021-30000746 atau email ke tanya@jago.com untuk kami cek lebih lanjut terkait kendala tersebut. Kami tunggu laporan dari kamu ya.",2025-10-13 06:32:07,8.74.0
aa0a3dcd-5a04-4cd0-b776-5b9268fd3f78,Pengguna Google,https://play-lh.googleusercontent.com/EGemoI2NTXmTsBVtJqk8jxF9rh8ApRWfsIMQSt2uE4OcpQqbFu7f7NbTK05lx80nuSijCz7sc3a277R67g,sangat asik tabungan di jago dan sangat mudah untuk mengatur keuangan di tambah lagi banyak bonus yg bisa di dapatkan dari selesaikan misi,5,0,,2025-10-13 05:47:41+00:00,,,
d17ff75c-a9e9-48c5-9fdb-3f1c000417ab,Pengguna Google,https://play-lh.googleusercontent.com/EGemoI2NTXmTsBVtJqk8jxF9rh8ApRWfsIMQSt2uE4OcpQqbFu7f7NbTK05lx80nuSijCz7sc3a277R67g,"terimakasih jago bank, saya bisa berinvestasi berkat bank jago..",5,0,8.74.0,2025-10-13 02:51:57+00:00,,,8.74.0
3f22b6ec-58fa-4ae4-b78a-67689cfa3f1f,Pengguna Google,https://play-lh.googleusercontent.com/EGemoI2NTXmTsBVtJqk8jxF9rh8ApRWfsIMQSt2uE4OcpQqbFu7f7NbTK05lx80nuSijCz7sc3a277R67g,"saya baru daftar akun..terus mau login lagi kenapa gak bisa,,padahal sudah masukan pin yang benar pasword nya pun sudah benar,,tapi keterangan nya semua salah",3,2,8.74.0,2025-10-13 01:22:40+00:00,"Halo, Jagoan! Mohon maaf atas ketidaknyamanannya. Kami mengerti atas pengalaman kurang baik yang kamu alami. Untuk membantu kamu lebih lanjut, mohon menghubungi Tanya Jago di 1500746 / 021-30000746 atau email ke tanya@jago.com untuk kami cek lebih lanjut terkait kendala tersebut. Kami tunggu laporan dari kamu ya.",2025-10-13 01:37:19,8.74.0
ac48a511-fbda-4083-81bf-edeaa8df4521,Pengguna Google,https://play-lh.googleusercontent.com/EGemoI2NTXmTsBVtJqk8jxF9rh8ApRWfsIMQSt2uE4OcpQqbFu7f7NbTK05lx80nuSijCz7sc3a277R67g,aplikasi nya sangat membantu untuk sehari hari transferan kemana pun dan kapan pun,5,0,8.74.0,2025-10-12 23:58:34+00:00,,,8.74.0
0c46ead6-6483-47f2-ba66-8355e85640ec,Pengguna Google,https://play-lh.googleusercontent.com/EGemoI2NTXmTsBVtJqk8jxF9rh8ApRWfsIMQSt2uE4OcpQqbFu7f7NbTK05lx80nuSijCz7sc3a277R67g,harus ditambah keamanan nya saat bertransaksi,3,0,8.74.0,2025-10-12 23:12:07+00:00,"Halo, Jagoan! Mohon maaf atas ketidaknyamanannya ya. Untuk kendala yang kamu alami, bisakah diinformasikan secara detail ke Tanya Jago di nomor 1500746 /+62 21 3000 0746 atau email ke tanya@jago.com? Kami dengan senang hati akan membantu kamu. :)",2025-10-13 00:09:45,8.74.0
c1e8a50b-16b2-4013-89bc-5a6183e8d468,Pengguna Google,https://play-lh.googleusercontent.com/EGemoI2NTXmTsBVtJqk8jxF9rh8ApRWfsIMQSt2uE4OcpQqbFu7f7NbTK05lx80nuSijCz7sc3a277R67g,terbaik,5,0,8.74.0,2025-10-12 22:50:42+00:00,,,8.74.0
ec6ee69c-4dee-4054-8fe1-ae77c624e1c2,Pengguna Google,https://play-lh.googleusercontent.com/EGemoI2NTXmTsBVtJqk8jxF9rh8ApRWfsIMQSt2uE4OcpQqbFu7f7NbTK05lx80nuSijCz7sc3a277R67g,"i give prefect star for u. bcz i really want to talk with my bias, aku daftar jago malem² dari taiwan, langsung VISA CARD, FYVCK, LYM... at the same time langsung bisa digunain subs apk inter tanpa ribettt",5,0,8.74.0,2025-10-12 22:35:39+00:00,,,8.74.0
208f67d1-038a-4233-976d-a9a4178239f3,Pengguna Google,https://play-lh.googleusercontent.com/EGemoI2NTXmTsBVtJqk8jxF9rh8ApRWfsIMQSt2uE4OcpQqbFu7f7NbTK05lx80nuSijCz7sc3a277R67g,jago bagus banget banget,5,0,8.73.0,2025-10-12 21:25:28+00:00,,,8.73.0
4471e10f-dd3f-45c2-bbf5-0ca362de77eb,Pengguna Google,https://play-lh.googleusercontent.com/EGemoI2NTXmTsBVtJqk8jxF9rh8ApRWfsIMQSt2uE4OcpQqbFu7f7NbTK05lx80nuSijCz7sc3a277R67g,aman. mudah .terpercaya,5,0,8.74.0,2025-10-12 21:10:32+00:00,,,8.74.0
e053bc9d-86a5-4804-8e59-932855915b01,Pengguna Google,https://play-lh.googleusercontent.com/EGemoI2NTXmTsBVtJqk8jxF9rh8ApRWfsIMQSt2uE4OcpQqbFu7f7NbTK05lx80nuSijCz7sc3a277R67g,Sangat membantu,5,0,,2025-10-12 20:38:41+00:00,,,
45af934b-c5ea-47bf-9359-8593ef39a6ed,Pengguna Google,https://play-lh.googleusercontent.com/EGemoI2NTXmTsBVtJqk8jxF9rh8ApRWfsIMQSt2uE4OcpQqbFu7f7NbTK05lx80nuSijCz7sc3a277R67g,okeh mantap pelayanan nya,5,0,,2025-10-12 20:30:45+00:00,,,
95cef4d4-cf7f-4b96-95b1-d64a97686d62,Pengguna Google,https://play-lh.googleusercontent.com/EGemoI2NTXmTsBVtJqk8jxF9rh8ApRWfsIMQSt2uE4OcpQqbFu7f7NbTK05lx80nuSijCz7sc3a277R67g,"bikin aku lama, keterangan aktivasi tunggu 24 jam, ini sudah lebih 2 Minggu tidak ada kejelasan. hanya suruh menunggu.",1,0,8.74.0,2025-10-12 19:28:03+00:00,"Halo, Jagoan. Mohon maaf atas kendala yang terjadi ya. Kamu tidak perlu khawatir, kamu bisa menjelaskan detail kendala tersebut melalui email di tanya@jago.com atau call center 1500 746 untuk kami bantu tangani lebih lanjut. Terima kasih :)",2025-10-12 20:50:33,8.74.0
25fdabc4-63a6-480c-89df-dc5208433ce8,Pengguna Google,https://play-lh.googleusercontent.com/EGemoI2NTXmTsBVtJqk8jxF9rh8ApRWfsIMQSt2uE4OcpQqbFu7f7NbTK05lx80nuSijCz7sc3a277R67g,semoga bisa secepatnya di aktifin fitur pinjamannya,5,0,8.74.0,2025-10-12 19:18:06+00:00,,,8.74.0
05b3b790-a081-4729-a4ad-4eea435b36a3,Pengguna Google,https://play-lh.googleusercontent.com/EGemoI2NTXmTsBVtJqk8jxF9rh8ApRWfsIMQSt2uE4OcpQqbFu7f7NbTK05lx80nuSijCz7sc3a277R67g,best solusi finance,5,0,,2025-10-12 19:00:41+00:00,,,
aa3e9be1-4848-410c-9e61-633c3a4dbd79,Pengguna Google,https://play-lh.googleusercontent.com/EGemoI2NTXmTsBVtJqk8jxF9rh8ApRWfsIMQSt2uE4OcpQqbFu7f7NbTK05lx80nuSijCz7sc3a277R67g,kenapa sy ga dapet pinjaman,5,0,,2025-10-12 19:00:34+00:00,,,
cc437622-cd16-4975-a80a-bde8644e789e,Pengguna Google,https://play-lh.googleusercontent.com/EGemoI2NTXmTsBVtJqk8jxF9rh8ApRWfsIMQSt2uE4OcpQqbFu7f7NbTK05lx80nuSijCz7sc3a277R67g,"min, bisa ngga change jago syariah ke jago biasa:)",5,0,8.74.0,2025-10-12 18:47:38+00:00,,,8.74.0
23bd6669-c717-4798-bec9-322403e4d2c1,Pengguna Google,https://play-lh.googleusercontent.com/EGemoI2NTXmTsBVtJqk8jxF9rh8ApRWfsIMQSt2uE4OcpQqbFu7f7NbTK05lx80nuSijCz7sc3a277R67g,pelayanan cepat lancar,5,0,8.74.0,2025-10-12 18:41:37+00:00,,,8.74.0
5931ed3a-9c0c-4411-8aa0-ec4af2a587a7,Pengguna Google,https://play-lh.googleusercontent.com/EGemoI2NTXmTsBVtJqk8jxF9rh8ApRWfsIMQSt2uE4OcpQqbFu7f7NbTK05lx80nuSijCz7sc3a277R67g,"untuk tabungan rekening dan segala fiturnya bagus, namun yang di sayangkan adalah kenapa ketika sudah menutup akun/menghapus rekening itu tidak bisa di daftarkan ulang ya? kenapa menjadi terbatas? padahal bisa tinggal reset/delete aja di database daripada di tumpuk dan menyulitkan user!?",1,0,,2025-10-12 18:08:49+00:00,"Halo, Jagoan. Terima kasih atas penilaian yang sudah kamu berikan. Masukanmu menjadi input baik untuk Jago dalam memberikan layanan yang lebih baik lagi ke depannya. Jika ada yang ingin ditanyakan, kamu bisa mengirimkan email ke tanya@jago.com atau call center di 1500 746. Terima kasih :)",2025-10-12 18:30:47,
e3958214-e1dd-419b-9468-33cfc1ecd161,Pengguna Google,https://play-lh.googleusercontent.com/EGemoI2NTXmTsBVtJqk8jxF9rh8ApRWfsIMQSt2uE4OcpQqbFu7f7NbTK05lx80nuSijCz7sc3a277R67g,mudaha untuk di pelajari dan di gunakan,5,0,8.72.0,2025-10-12 17:15:37+00:00,,,8.72.0
5a2f27d0-9be0-4d54-a07c-0d4afc1598d2,Pengguna Google,https://play-lh.googleusercontent.com/EGemoI2NTXmTsBVtJqk8jxF9rh8ApRWfsIMQSt2uE4OcpQqbFu7f7NbTK05lx80nuSijCz7sc3a277R67g,transfer saya kok belum masuk ke rekening bank lain pending terus dan masih belum ada pengembalian saldo,2,0,8.72.0,2025-10-12 16:15:48+00:00,"Halo, Jagoan. Mohon maaf atas kendala yang terjadi ya. Kamu tidak perlu khawatir, kamu bisa menjelaskan detail kendala tersebut melalui email di tanya@jago.com atau call center 1500 746 untuk kami bantu tangani lebih lanjut. Terima kasih :)",2025-10-12 16:30:13,8.72.0
8c62a843-0b17-4c4e-896c-450345e9ed1f,Pengguna Google,https://play-lh.googleusercontent.com/EGemoI2NTXmTsBVtJqk8jxF9rh8ApRWfsIMQSt2uE4OcpQqbFu7f7NbTK05lx80nuSijCz7sc3a277R67g,"TOLONG DONG PROSES LAPORAN SAYA, SUDAH DARI TANGGAL 3 OKTOBER SAYA BUAT LAPORAN 3X SAMPAI PULSA HABIS BANYAK.. UANG SAYA NYANGKUT DI BANK JAGO TOLONG DI FOLLOW UP NO TICKET SAYA: 977253",1,0,,2025-10-12 15:41:24+00:00,"Halo, Jagoan. Mohon maaf atas kendala yang terjadi ya. Kamu tidak perlu khawatir, kamu bisa menjelaskan detail kendala tersebut melalui email di tanya@jago.com atau call center 1500 746 untuk kami bantu tangani lebih lanjut. Terima kasih :)",2025-10-12 16:00:13,
94636b27-aa1a-464a-8ffc-2ed98e4c54b4,Pengguna Google,https://play-lh.googleusercontent.com/EGemoI2NTXmTsBVtJqk8jxF9rh8ApRWfsIMQSt2uE4OcpQqbFu7f7NbTK05lx80nuSijCz7sc3a277R67g,sangat membantu,5,0,8.74.0,2025-10-12 15:17:53+00:00,,,8.74.0
f2421125-6b4d-4e2d-9c4b-64a2bef71e52,Pengguna Google,https://play-lh.googleusercontent.com/EGemoI2NTXmTsBVtJqk8jxF9rh8ApRWfsIMQSt2uE4OcpQqbFu7f7NbTK05lx80nuSijCz7sc3a277R67g,"setelah diupdate, kenapa ketika login malah nambah lemot ya.. ngetik pin tpi ada delay. meskipun cuma kurang dri 5 detik, tpi menurut saya ini malah downgrade dibanding versi sebelunnya",2,3,8.74.0,2025-10-12 15:08:33+00:00,"Halo, Jagoan. Mohon maaf atas kendala yang terjadi ya. Kamu tidak perlu khawatir, kamu bisa menjelaskan detail kendala tersebut melalui email di tanya@jago.com atau call center 1500 746 untuk kami bantu tangani lebih lanjut. Terima kasih :)",2025-10-12 15:31:58,8.74.0
c489b1cb-f281-4c30-9b45-d5c765fd0545,Pengguna Google,https://play-lh.googleusercontent.com/EGemoI2NTXmTsBVtJqk8jxF9rh8ApRWfsIMQSt2uE4OcpQqbFu7f7NbTK05lx80nuSijCz7sc3a277R67g,mantap,5,0,,2025-10-12 15:06:41+00:00,,,
619b9422-0c7f-43fc-958f-11704aff7c34,Pengguna Google,https://play-lh.googleusercontent.com/EGemoI2NTXmTsBVtJqk8jxF9rh8ApRWfsIMQSt2uE4OcpQqbFu7f7NbTK05lx80nuSijCz7sc3a277R67g,sistem jelek saldo tertahan gara2 tidak bisa login sudah bikin laporan di gmail dan whatsapp tapi tidak ada tindak lanjut pokok nya buruk sekali,1,0,8.74.0,2025-10-12 14:17:25+00:00,"Halo, Jagoan! Mohon maaf apabila terdapat fitur atau layanan Jago yang belum sesuai harapan kamu. Kamu bisa menghubungi Tanya Jago di nomor 1500746 / 021-30000746 atau e-mail ke tanya@jago.com untuk kami bantu cek kendalanya lebih lanjut ya. Agent kami dengan senang hati membantu kamu.",2025-10-12 14:30:28,8.74.0
c1e03570-c1aa-459d-89c7-3c2bfac0dac8,Pengguna Google,https://play-lh.googleusercontent.com/EGemoI2NTXmTsBVtJqk8jxF9rh8ApRWfsIMQSt2uE4OcpQqbFu7f7NbTK05lx80nuSijCz7sc3a277R67g,bank paling mantap buat membanru berinvestasi saham ini...,5,0,8.74.0,2025-10-12 14:11:59+00:00,,,8.74.0
554eb889-2768-42fa-b986-09323a819fbf,Pengguna Google,https://play-lh.googleusercontent.com/EGemoI2NTXmTsBVtJqk8jxF9rh8ApRWfsIMQSt2uE4OcpQqbFu7f7NbTK05lx80nuSijCz7sc3a277R67g,memudahkan dalam mengatur keuangan,5,0,8.74.0,2025-10-12 14:06:32+00:00,,,8.74.0
618eaac6-0a0e-4bc5-97ea-5e5e417a958f,Pengguna Google,https://play-lh.googleusercontent.com/EGemoI2NTXmTsBVtJqk8jxF9rh8ApRWfsIMQSt2uE4OcpQqbFu7f7NbTK05lx80nuSijCz7sc3a277R67g,mantap dan bagus kualitas nya,5,0,,2025-10-12 14:03:02+00:00,,,
e6d9f9af-a77a-48cb-8708-281f22702a32,Pengguna Google,https://play-lh.googleusercontent.com/EGemoI2NTXmTsBVtJqk8jxF9rh8ApRWfsIMQSt2uE4OcpQqbFu7f7NbTK05lx80nuSijCz7sc3a277R67g,no hp sudah tidak aktip dan lupa imail bikin baru tidak bisa karna nik sudah terpakai.. bagai mana solusi nya.. ?,5,0,,2025-10-12 13:46:46+00:00,,,
ed09842c-460b-4ae5-9cca-4e737038f3ee,Pengguna Google,https://play-lh.googleusercontent.com/EGemoI2NTXmTsBVtJqk8jxF9rh8ApRWfsIMQSt2uE4OcpQqbFu7f7NbTK05lx80nuSijCz7sc3a277R67g,"transfer/transaksi aman dan simple, ok lah bagus dan proses gak ribet 🎀",5,0,,2025-10-12 10:29:27+00:00,,,
cc2e81f2-d5d6-4c26-9948-efc06f9b4ee2,Pengguna Google,https://play-lh.googleusercontent.com/EGemoI2NTXmTsBVtJqk8jxF9rh8ApRWfsIMQSt2uE4OcpQqbFu7f7NbTK05lx80nuSijCz7sc3a277R67g,"hari ini tgl 10 okt 25, jam 23.12 kurang lebih waktu diatas, saya gak bisa menggunakan akun saya, saya login, masuk, bru bbrp detik langsung keluar paksa, dah disuruh menghubungi tanya jago, wah padahal saya udah lvl gold loh, hati2 ajalah mending yg jelas2 aja, catatan ya, ini akun saya pakai terus, bukan baru login ulang, dan di hp pakean trus gak pindah2, jd jangan berpikir palingan lupa pass bla bla bla, tanya jago lewat email dan telpon ngabisin pulsa, gak ada solusi, gk dihub cs",1,8,8.74.0,2025-10-12 10:07:44+00:00,"Halo, Jagoan! Mohon maaf atas ketidaknyamanan yang Kakak alami. Supaya bisa membantu lebih lanjut, Kakak bisa menginformasikan detail keluhannya melalui email tanya@jago.com ya. Tim terkait kami dengan senang hati akan membantu Kakak menyelesaikan permasalahannya.",2025-10-12 21:57:20,8.74.0
57f36598-adc5-4bd5-98b1-2bb0e0b84e70,Pengguna Google,https://play-lh.googleusercontent.com/EGemoI2NTXmTsBVtJqk8jxF9rh8ApRWfsIMQSt2uE4OcpQqbFu7f7NbTK05lx80nuSijCz7sc3a277R67g,Perlu program inovasi tingkat tinggi pancanomics untuk peningkatan kualitas fitur aplikasi.,1,0,8.74.0,2025-10-12 09:19:08+00:00,"Halo, Jagoan! Mohon maaf apabila terdapat fitur atau layanan Jago yang belum sesuai harapan kamu. Masukanmu menjadi input baik untuk Jago dalam memberikan layanan yang lebih baik lagi ke depannya. Jika ada yang ingin ditanyakan, kamu bisa mengirimkan email ke tanya@jago.com atau call center di 1500 746. Terima kasih :)",2025-10-12 09:32:18,8.74.0
353625f4-8574-49ec-9583-f6e36a09ba65,Pengguna Google,https://play-lh.googleusercontent.com/EGemoI2NTXmTsBVtJqk8jxF9rh8ApRWfsIMQSt2uE4OcpQqbFu7f7NbTK05lx80nuSijCz7sc3a277R67g,terbaik,5,0,8.74.0,2025-10-12 08:16:01+00:00,,,8.74.0
c4c8792f-63aa-4684-8496-2e83d52c6f7e,Pengguna Google,https://play-lh.googleusercontent.com/EGemoI2NTXmTsBVtJqk8jxF9rh8ApRWfsIMQSt2uE4OcpQqbFu7f7NbTK05lx80nuSijCz7sc3a277R67g,kenapa ini apk setiap dibuka selalu koneksi dn dirasa berat sekali?,2,0,8.74.0,2025-10-12 05:37:14+00:00,"Halo, Jagoan! Kami mohon maaf sekali ya atas kendala yang kamu alami. Apakah kamu berkenan menginformasikan detail kendala tersebut supaya bisa kami bantu cek lebih lanjut? Mohon untuk menghubungi kami melalui Tanya Jago di 1500 746/+62 21 3000 0746, atau melalui email ke tanya@jago.com. Kami tunggu laporannya ya.",2025-10-12 06:10:13,8.74.0
f315f281-c66b-43a4-bb3f-da0524fc35a1,Pengguna Google,https://play-lh.googleusercontent.com/EGemoI2NTXmTsBVtJqk8jxF9rh8ApRWfsIMQSt2uE4OcpQqbFu7f7NbTK05lx80nuSijCz7sc3a277R67g,bagus banget,5,0,8.74.0,2025-10-12 05:00:00+00:00,,,8.74.0
ac2a4788-9178-4262-a1d9-ab5f96d5e62c,Pengguna Google,https://play-lh.googleusercontent.com/EGemoI2NTXmTsBVtJqk8jxF9rh8ApRWfsIMQSt2uE4OcpQqbFu7f7NbTK05lx80nuSijCz7sc3a277R67g,sangat rekomendasi bank jago ini jangan kalian ragu untuk download nya soalnya rekomendasi banget untuk pembayaran dan bertransaksi kemanapun 🥰,5,0,8.74.0,2025-10-12 04:54:28+00:00,,,8.74.0
0e247c79-4614-4ca6-bf4f-07cfc6a86f7d,Pengguna Google,https://play-lh.googleusercontent.com/EGemoI2NTXmTsBVtJqk8jxF9rh8ApRWfsIMQSt2uE4OcpQqbFu7f7NbTK05lx80nuSijCz7sc3a277R67g,harusnya otp bukan hanya melalui wa dan SMS saja seharusnya bisa melalui email soalnya banyak yg nomor atau wa nya sudah tidak aktif,1,0,,2025-10-12 04:05:09+00:00,"Halo, Jagoan! Mohon maaf atas ketidaknyamanannya ya. Untuk kendala yang kamu alami, bisakah diinformasikan secara detail ke Tanya Jago di nomor 1500746 /+62 21 3000 0746 atau email ke tanya@jago.com? Kami dengan senang hati akan membantu kamu. :)",2025-10-12 05:57:39,
50328785-2c03-44d2-8270-f8854669a2b0,Pengguna Google,https://play-lh.googleusercontent.com/EGemoI2NTXmTsBVtJqk8jxF9rh8ApRWfsIMQSt2uE4OcpQqbFu7f7NbTK05lx80nuSijCz7sc3a277R67g,mantap sangat memuaskan,5,0,8.74.0,2025-10-12 00:47:17+00:00,,,8.74.0
53223188-f1c9-4f3b-97d5-b2ad283c02db,Pengguna Google,https://play-lh.googleusercontent.com/EGemoI2NTXmTsBVtJqk8jxF9rh8ApRWfsIMQSt2uE4OcpQqbFu7f7NbTK05lx80nuSijCz7sc3a277R67g,saya sangat puas,5,0,8.74.0,2025-10-12 00:45:48+00:00,,,8.74.0
5d2b9feb-9d89-49be-a58e-a9ca64f42b02,Pengguna Google,https://play-lh.googleusercontent.com/EGemoI2NTXmTsBVtJqk8jxF9rh8ApRWfsIMQSt2uE4OcpQqbFu7f7NbTK05lx80nuSijCz7sc3a277R67g,mantap Bunya gede bisa buat nabung,5,0,,2025-10-11 23:01:45+00:00,,,
48257648-0a3f-40e4-8f90-76ae9dd7b4b6,Pengguna Google,https://play-lh.googleusercontent.com/EGemoI2NTXmTsBVtJqk8jxF9rh8ApRWfsIMQSt2uE4OcpQqbFu7f7NbTK05lx80nuSijCz7sc3a277R67g,"sangat puas sekali pakai bank jago ,bertraksi jadi lebih mudah",5,0,8.74.0,2025-10-11 22:53:23+00:00,,,8.74.0
095d7af6-6ba5-4b9c-86c7-12f11179d6fb,Pengguna Google,https://play-lh.googleusercontent.com/EGemoI2NTXmTsBVtJqk8jxF9rh8ApRWfsIMQSt2uE4OcpQqbFu7f7NbTK05lx80nuSijCz7sc3a277R67g,mempermudah segala transaksi,5,0,8.74.0,2025-10-11 22:13:03+00:00,,,8.74.0
b037e149-f765-40c1-8e41-8e8d4e706727,Pengguna Google,https://play-lh.googleusercontent.com/EGemoI2NTXmTsBVtJqk8jxF9rh8ApRWfsIMQSt2uE4OcpQqbFu7f7NbTK05lx80nuSijCz7sc3a277R67g,"Sangat bagus bertransaksi mudah dan cepat, selalu ada cashback²",5,0,8.74.0,2025-10-11 20:22:25+00:00,,,8.74.0
415507eb-b7c7-4666-89bf-19b779b53766,Pengguna Google,https://play-lh.googleusercontent.com/EGemoI2NTXmTsBVtJqk8jxF9rh8ApRWfsIMQSt2uE4OcpQqbFu7f7NbTK05lx80nuSijCz7sc3a277R67g,"mudah digunakan aplikasi bank jago, transaksi juga cepat",5,0,8.74.0,2025-10-11 19:09:14+00:00,,,8.74.0
4d1bfb25-deb2-44b7-a961-482eab089aa6,Pengguna Google,https://play-lh.googleusercontent.com/EGemoI2NTXmTsBVtJqk8jxF9rh8ApRWfsIMQSt2uE4OcpQqbFu7f7NbTK05lx80nuSijCz7sc3a277R67g,"aplikasi tolol , akun tiba"" ke logout sendiri mana pas login gak bisa padahal udah bener id sama sandi eh Mala di blokir sementara, najisss aplikasi gak jelas",1,0,,2025-10-11 19:01:11+00:00,"Halo, Jagoan. Mohon maaf atas kendala yang terjadi ya. Kamu tidak perlu khawatir, kamu bisa menjelaskan detail kendala tersebut melalui email di tanya@jago.com atau call center 1500 746 untuk kami bantu tangani lebih lanjut. Terima kasih :)",2025-10-11 20:26:06,
5cfcfdb5-6b34-43c4-9922-1425f1344cf3,Pengguna Google,https://play-lh.googleusercontent.com/EGemoI2NTXmTsBVtJqk8jxF9rh8ApRWfsIMQSt2uE4OcpQqbFu7f7NbTK05lx80nuSijCz7sc3a277R67g,bagus aplikasi nya,5,0,,2025-10-11 18:49:26+00:00,,,
196e6289-6446-4ea6-9a6f-e1860a6fe65e,Pengguna Google,https://play-lh.googleusercontent.com/EGemoI2NTXmTsBVtJqk8jxF9rh8ApRWfsIMQSt2uE4OcpQqbFu7f7NbTK05lx80nuSijCz7sc3a277R67g,sangat rekomendasi,5,0,8.74.0,2025-10-11 18:47:09+00:00,,,8.74.0
fbc48006-fcab-494b-b1a4-cbeb3b25daf5,Pengguna Google,https://play-lh.googleusercontent.com/EGemoI2NTXmTsBVtJqk8jxF9rh8ApRWfsIMQSt2uE4OcpQqbFu7f7NbTK05lx80nuSijCz7sc3a277R67g,saya udah lama pakai apk ini tapi gada fitur pinjamannyaa giamana inj pihak devoloper,3,0,8.74.0,2025-10-11 18:42:17+00:00,"Halo, Jagoan. Mohon maaf atas kendala yang terjadi ya. Kamu tidak perlu khawatir, kamu bisa menjelaskan detail kendala tersebut melalui email di tanya@jago.com atau call center 1500 746 untuk kami bantu tangani lebih lanjut. Terima kasih :)",2025-10-11 19:08:22,8.74.0
c52235ba-246f-4ebe-9e5c-1c24db9401ed,Pengguna Google,https://play-lh.googleusercontent.com/EGemoI2NTXmTsBVtJqk8jxF9rh8ApRWfsIMQSt2uE4OcpQqbFu7f7NbTK05lx80nuSijCz7sc3a277R67g,mantab,5,0,8.74.0,2025-10-11 18:34:24+00:00,,,8.74.0
3107c2f7-d7ae-4bf7-a641-098f0a1a2f2e,Pengguna Google,https://play-lh.googleusercontent.com/EGemoI2NTXmTsBVtJqk8jxF9rh8ApRWfsIMQSt2uE4OcpQqbFu7f7NbTK05lx80nuSijCz7sc3a277R67g,ejos kaka,3,0,8.74.0,2025-10-11 17:58:31+00:00,"Halo, Jagoan! Mohon maaf apabila terdapat fitur atau layanan Jago yang belum sesuai harapan kamu. Kamu bisa menghubungi Tanya Jago di nomor 1500746 / 021-30000746 atau e-mail ke tanya@jago.com untuk kami bantu cek kendalanya lebih lanjut ya. Agent kami dengan senang hati membantu kamu.",2025-10-11 18:12:49,8.74.0
d5304058-bb79-424e-bbc2-c2870e68133f,Pengguna Google,https://play-lh.googleusercontent.com/EGemoI2NTXmTsBVtJqk8jxF9rh8ApRWfsIMQSt2uE4OcpQqbFu7f7NbTK05lx80nuSijCz7sc3a277R67g,"berulang kali saya bertanya sama CS nya , jika kehilangan email dan no telfon beserta handphone nya solusinya bagaimana tidak ada respon, dan semenjak saya melapor ke CS ke CS whatsapp via email dan menghabiskan 27ribu pulsa namun tidak ada jawaban baik",2,0,8.74.0,2025-10-11 17:36:29+00:00,"Halo, Jagoan. Mohon maaf atas kendala yang terjadi ya. Kamu tidak perlu khawatir, kamu bisa menjelaskan detail kendala tersebut melalui email di tanya@jago.com atau call center 1500 746 untuk kami bantu tangani lebih lanjut. Terima kasih :)",2025-10-11 19:08:26,8.74.0
44d1652d-9c02-4429-a487-af74d8b54dc3,Pengguna Google,https://play-lh.googleusercontent.com/EGemoI2NTXmTsBVtJqk8jxF9rh8ApRWfsIMQSt2uE4OcpQqbFu7f7NbTK05lx80nuSijCz7sc3a277R67g,"Good, makasih yaaaa, mempermudah.",5,0,8.74.0,2025-10-11 17:07:36+00:00,,,8.74.0
3298554e-a5d2-47f5-888f-c849b272ffd7,Pengguna Google,https://play-lh.googleusercontent.com/EGemoI2NTXmTsBVtJqk8jxF9rh8ApRWfsIMQSt2uE4OcpQqbFu7f7NbTK05lx80nuSijCz7sc3a277R67g,terimakasih Jago! sy dpt bonus sebesar 25rb,5,0,8.74.0,2025-10-11 16:43:27+00:00,,,8.74.0
fc4e344e-361c-4657-8db0-4717d2416e27,Pengguna Google,https://play-lh.googleusercontent.com/EGemoI2NTXmTsBVtJqk8jxF9rh8ApRWfsIMQSt2uE4OcpQqbFu7f7NbTK05lx80nuSijCz7sc3a277R67g,sangat bagus👍,5,0,8.74.0,2025-10-11 16:31:04+00:00,,,8.74.0
1894272c-71b1-4bff-9820-6e443b3965ca,Pengguna Google,https://play-lh.googleusercontent.com/EGemoI2NTXmTsBVtJqk8jxF9rh8ApRWfsIMQSt2uE4OcpQqbFu7f7NbTK05lx80nuSijCz7sc3a277R67g,setiap kali masuk harus daftar terus ini bag atau apa coba bantu perbaiki dulu apk soalnya sudah lama pake baru sekarang masalah seperti ini,1,0,,2025-10-11 15:58:53+00:00,"Halo, Jagoan. Mohon maaf atas kendala yang terjadi ya. Kamu tidak perlu khawatir, kamu bisa menjelaskan detail kendala tersebut melalui email di tanya@jago.com atau call center 1500 746 untuk kami bantu tangani lebih lanjut. Terima kasih :)",2025-10-11 16:04:06,
ec9ef023-54cf-4291-80d1-e523ced8ead9,Pengguna Google,https://play-lh.googleusercontent.com/EGemoI2NTXmTsBVtJqk8jxF9rh8ApRWfsIMQSt2uE4OcpQqbFu7f7NbTK05lx80nuSijCz7sc3a277R67g,"keren sih , Oya bank jago kapan bikin kartu kredit",5,0,8.70.1,2025-10-11 15:43:00+00:00,,,8.70.1
6a9892de-0caf-40f3-aac3-2f599e887ec6,Pengguna Google,https://play-lh.googleusercontent.com/EGemoI2NTXmTsBVtJqk8jxF9rh8ApRWfsIMQSt2uE4OcpQqbFu7f7NbTK05lx80nuSijCz7sc3a277R67g,si jago login dan verifikasi recomendasi. semoga jago sukses,5,0,8.74.0,2025-10-11 15:21:16+00:00,,,8.74.0
15927b23-a01a-446a-a85e-0ce69f94f899,Pengguna Google,https://play-lh.googleusercontent.com/EGemoI2NTXmTsBVtJqk8jxF9rh8ApRWfsIMQSt2uE4OcpQqbFu7f7NbTK05lx80nuSijCz7sc3a277R67g,sangat bagus,5,0,8.73.0,2025-10-11 15:05:40+00:00,,,8.73.0
1749e35a-f7b0-4197-8851-7454eb920a42,Pengguna Google,https://play-lh.googleusercontent.com/EGemoI2NTXmTsBVtJqk8jxF9rh8ApRWfsIMQSt2uE4OcpQqbFu7f7NbTK05lx80nuSijCz7sc3a277R67g,ok,5,0,8.74.0,2025-10-11 14:52:48+00:00,,,8.74.0
2288cae0-c4c7-438b-bd8c-231b78ae658a,Pengguna Google,https://play-lh.googleusercontent.com/EGemoI2NTXmTsBVtJqk8jxF9rh8ApRWfsIMQSt2uE4OcpQqbFu7f7NbTK05lx80nuSijCz7sc3a277R67g,sangat membantu dan mudah di pahami,5,0,,2025-10-11 14:25:03+00:00,,,
bec24d1f-b1d5-499f-b340-d958b89ecb27,Pengguna Google,https://play-lh.googleusercontent.com/EGemoI2NTXmTsBVtJqk8jxF9rh8ApRWfsIMQSt2uE4OcpQqbFu7f7NbTK05lx80nuSijCz7sc3a277R67g,payaaaah...pake.veridikasi wajah segala..tp ngebug ..gk lancar tuh...gimana kwrjaan tim i.t nya..,1,0,8.74.0,2025-10-11 14:24:39+00:00,"Halo, Jagoan. Mohon maaf atas kendala yang terjadi ya. Kamu tidak perlu khawatir, kamu bisa menjelaskan detail kendala tersebut melalui email di tanya@jago.com atau call center 1500 746 untuk kami bantu tangani lebih lanjut. Terima kasih :)",2025-10-11 14:50:08,8.74.0
e71580b2-3d3f-46a7-b4cd-0e33e74f7c28,Pengguna Google,https://play-lh.googleusercontent.com/EGemoI2NTXmTsBVtJqk8jxF9rh8ApRWfsIMQSt2uE4OcpQqbFu7f7NbTK05lx80nuSijCz7sc3a277R67g,sangat membantu tidak usah pergi kemana mana,5,0,8.74.0,2025-10-11 12:32:13+00:00,,,8.74.0
0e3bfb8c-d797-4535-9ec3-5d8554a041b2,Pengguna Google,https://play-lh.googleusercontent.com/EGemoI2NTXmTsBVtJqk8jxF9rh8ApRWfsIMQSt2uE4OcpQqbFu7f7NbTK05lx80nuSijCz7sc3a277R67g,"aplikasi yang banyak manfaat,bisa terhubung dengan dompet belanja dan bisa sekali untuk manajemen keungan.selalu sukses",5,0,8.74.0,2025-10-11 12:06:58+00:00,,,8.74.0
67cde6d1-a77f-4786-b6ab-ccb4db321d9a,Pengguna Google,https://play-lh.googleusercontent.com/EGemoI2NTXmTsBVtJqk8jxF9rh8ApRWfsIMQSt2uE4OcpQqbFu7f7NbTK05lx80nuSijCz7sc3a277R67g,"aplikasi bagus ,bisa tf,topup,bayar VA dan pembayaran lainya",5,0,8.74.0,2025-10-11 11:58:35+00:00,,,8.74.0
67a29c4a-78b4-4ddc-9e8b-38057bf2575f,Pengguna Google,https://play-lh.googleusercontent.com/EGemoI2NTXmTsBVtJqk8jxF9rh8ApRWfsIMQSt2uE4OcpQqbFu7f7NbTK05lx80nuSijCz7sc3a277R67g,terpercaya dan cepat untuk transaksi,5,0,8.73.0,2025-10-11 11:56:35+00:00,,,8.73.0
ba0d1105-d172-413a-892d-7de9c60f2f8e,Pengguna Google,https://play-lh.googleusercontent.com/EGemoI2NTXmTsBVtJqk8jxF9rh8ApRWfsIMQSt2uE4OcpQqbFu7f7NbTK05lx80nuSijCz7sc3a277R67g,BANK JAGO BANK PALING KU PERCAYA,5,0,8.73.0,2025-10-11 11:55:27+00:00,,,8.73.0
34a07823-d408-4d48-b368-ef3e63aaea53,Pengguna Google,https://play-lh.googleusercontent.com/EGemoI2NTXmTsBVtJqk8jxF9rh8ApRWfsIMQSt2uE4OcpQqbFu7f7NbTK05lx80nuSijCz7sc3a277R67g,bagus aplikasi ini banyak promo nya cepetan deh bagi yg belum punya akun bank jago ini untuk segera mendownload,5,0,8.73.0,2025-10-11 11:40:48+00:00,,,8.73.0
a3134922-383e-41b4-9093-be586c13e768,Pengguna Google,https://play-lh.googleusercontent.com/EGemoI2NTXmTsBVtJqk8jxF9rh8ApRWfsIMQSt2uE4OcpQqbFu7f7NbTK05lx80nuSijCz7sc3a277R67g,bagus sekali saya mengalami kendala dan tanya cs nya respon cepat dan sekarang sudah berhasil terimakasih🙏,5,0,,2025-10-11 11:38:07+00:00,,,
d4cad85b-1202-44b5-9fe0-a13f57e04c8d,Pengguna Google,https://play-lh.googleusercontent.com/EGemoI2NTXmTsBVtJqk8jxF9rh8ApRWfsIMQSt2uE4OcpQqbFu7f7NbTK05lx80nuSijCz7sc3a277R67g,tanpa admin.. emang simple pakai jago...,5,0,,2025-10-11 11:35:42+00:00,,,
772eec57-1fb5-41db-b89d-81b892d39635,Pengguna Google,https://play-lh.googleusercontent.com/EGemoI2NTXmTsBVtJqk8jxF9rh8ApRWfsIMQSt2uE4OcpQqbFu7f7NbTK05lx80nuSijCz7sc3a277R67g,Bad experiences when selecting spending categories. Need to clear all data and re-login to update new categories,3,0,8.74.0,2025-10-11 11:00:14+00:00,"Hi, Jagoan! We apologize for the issue. I completely understand about your feeling and concern. To help further in solving your problem, please contact us directly by email at Tanya@jago.com or call us at 1500746/021-30000746.",2025-10-11 11:30:33,8.74.0
dc15f6ca-9d89-4e9d-8039-4cd89fec36ed,Pengguna Google,https://play-lh.googleusercontent.com/EGemoI2NTXmTsBVtJqk8jxF9rh8ApRWfsIMQSt2uE4OcpQqbFu7f7NbTK05lx80nuSijCz7sc3a277R67g,mudah dan cepat prosesnya,5,0,8.74.0,2025-10-11 10:58:17+00:00,,,8.74.0
c2ef4f85-2d2f-4824-8143-09b291e53413,Pengguna Google,https://play-lh.googleusercontent.com/EGemoI2NTXmTsBVtJqk8jxF9rh8ApRWfsIMQSt2uE4OcpQqbFu7f7NbTK05lx80nuSijCz7sc3a277R67g,mantap,5,0,8.74.0,2025-10-11 10:35:52+00:00,,,8.74.0
15363b40-3a58-4f50-a5cc-9d20b6de0d6e,Pengguna Google,https://play-lh.googleusercontent.com/EGemoI2NTXmTsBVtJqk8jxF9rh8ApRWfsIMQSt2uE4OcpQqbFu7f7NbTK05lx80nuSijCz7sc3a277R67g,👍👍👍👍👍👍👍,5,0,,2025-10-11 10:30:03+00:00,,,
069e092b-7685-4a9c-bbfe-51207a08d5ee,Pengguna Google,https://play-lh.googleusercontent.com/EGemoI2NTXmTsBVtJqk8jxF9rh8ApRWfsIMQSt2uE4OcpQqbFu7f7NbTK05lx80nuSijCz7sc3a277R67g,gampang digunakan dan bnyk keuntungannya serta bisa buat bayar apa aja,5,0,8.74.0,2025-10-11 10:12:33+00:00,,,8.74.0
ad52a68f-87bb-4bd6-a53f-a82dffa4c3a0,Pengguna Google,https://play-lh.googleusercontent.com/EGemoI2NTXmTsBVtJqk8jxF9rh8ApRWfsIMQSt2uE4OcpQqbFu7f7NbTK05lx80nuSijCz7sc3a277R67g,"Hati hati Simpan uang disini, kalau akun sudah di blokir karena salah password atau login dengan perangkat lain.., anda mau lapor kesiapa lagi, dari chat,telpon, email, bahkan sampai datang ke kantor pusat pun tidak ada hasil, yang ada dioper sana sini,ujung2nya uang anda akan hilang..",1,0,,2025-10-11 09:54:36+00:00,"Halo, Jagoan. Mohon maaf atas kendala yang terjadi ya. Kamu tidak perlu khawatir, kamu bisa menjelaskan detail kendala tersebut melalui email di tanya@jago.com atau call center 1500 746 untuk kami bantu tangani lebih lanjut. Terima kasih :)",2025-10-11 16:30:26,
0d0cefb2-a18d-4c72-a595-86cd0fa10d94,Pengguna Google,https://play-lh.googleusercontent.com/EGemoI2NTXmTsBVtJqk8jxF9rh8ApRWfsIMQSt2uE4OcpQqbFu7f7NbTK05lx80nuSijCz7sc3a277R67g,aman,5,0,8.74.0,2025-10-11 09:04:42+00:00,,,8.74.0
0240ccae-33b1-48f3-b518-de1d7e7e0987,Pengguna Google,https://play-lh.googleusercontent.com/EGemoI2NTXmTsBVtJqk8jxF9rh8ApRWfsIMQSt2uE4OcpQqbFu7f7NbTK05lx80nuSijCz7sc3a277R67g,"gimana ini gua dari kemaren kagak bisa"" ini akun gua mau reset password kagak bisa pas dah buat laporan malah bilangnya mau di sering saya akan bantu tapi apa hasilnya gak ada hasil sama sekali malah sering perkenalan diri aneh aneh",1,3,8.74.0,2025-10-11 08:49:34+00:00,"Hai, Jagoan. Mohon maaf untuk kendala yang kamu alami. Terkait kendala tersebut, kamu bisa segera laporkan ke Tanya Jago di nomor 1500746/021-30000746 atau e-mail ke tanya@jago.com ya. Tidak perlu khawatir karena tim terkait kami akan segera membantu. Terima kasih.",2025-10-11 09:00:56,8.74.0
d3f40104-7873-4aaa-bbdd-9e9d1a625923,Pengguna Google,https://play-lh.googleusercontent.com/EGemoI2NTXmTsBVtJqk8jxF9rh8ApRWfsIMQSt2uE4OcpQqbFu7f7NbTK05lx80nuSijCz7sc3a277R67g,Kenapa blm ganti pin tiba2 gk bisa masuk Pin salah.,2,0,8.74.0,2025-10-11 05:36:12+00:00,"Halo, Jagoan. Mohon maaf atas kendala yang terjadi ya. Kamu tidak perlu khawatir, kamu bisa menjelaskan detail kendala tersebut melalui email di tanya@jago.com atau call center 1500 746 untuk kami bantu tangani lebih lanjut. Terima kasih :)
",2025-10-11 06:04:19,8.74.0
8d44be51-76ce-42cd-b318-f0081715e717,Pengguna Google,https://play-lh.googleusercontent.com/EGemoI2NTXmTsBVtJqk8jxF9rh8ApRWfsIMQSt2uE4OcpQqbFu7f7NbTK05lx80nuSijCz7sc3a277R67g,ku kasih bintang 4 fitur pinjaman moga muncul,5,0,8.74.0,2025-10-11 03:56:14+00:00,,,8.74.0
aca1f97a-29a9-4ba2-b0d1-721fd19cd555,Pengguna Google,https://play-lh.googleusercontent.com/EGemoI2NTXmTsBVtJqk8jxF9rh8ApRWfsIMQSt2uE4OcpQqbFu7f7NbTK05lx80nuSijCz7sc3a277R67g,sangat puas pelayanan ny BNK jago 🥰🥰🥰🙏🙏🙏🙏,5,0,8.72.0,2025-10-11 01:34:02+00:00,,,8.72.0
785c6656-775e-4373-b815-5dfd717fd8b0,Pengguna Google,https://play-lh.googleusercontent.com/EGemoI2NTXmTsBVtJqk8jxF9rh8ApRWfsIMQSt2uE4OcpQqbFu7f7NbTK05lx80nuSijCz7sc3a277R67g,bagus pakai bank jago. banyak bonusnya,5,0,8.74.0,2025-10-11 01:28:50+00:00,,,8.74.0
4cf748b9-1eeb-436c-9b05-10ecc640a144,Pengguna Google,https://play-lh.googleusercontent.com/EGemoI2NTXmTsBVtJqk8jxF9rh8ApRWfsIMQSt2uE4OcpQqbFu7f7NbTK05lx80nuSijCz7sc3a277R67g,"saya nasabah aktif, pencairan dari penjualan di marketplace masuk ke bank Jago, udah pake sejak lama tapi kok fitur pinjaman nya masih belum juga bisa digunakan ya. Sedikit kecewa dgn Bank Jago padahal termasuk bank favorit🤦🏻‍♂️",2,0,,2025-10-11 01:14:23+00:00,"Halo, Jagoan. Mohon maaf atas kendala yang terjadi ya. Kamu tidak perlu khawatir, kamu bisa menjelaskan detail kendala tersebut melalui email di tanya@jago.com atau call center 1500 746 untuk kami bantu tangani lebih lanjut. Terima kasih :)
",2025-10-11 01:39:11,
cef6b1f9-3431-441c-b345-f3bdcd9c773a,Pengguna Google,https://play-lh.googleusercontent.com/EGemoI2NTXmTsBVtJqk8jxF9rh8ApRWfsIMQSt2uE4OcpQqbFu7f7NbTK05lx80nuSijCz7sc3a277R67g,ssip,5,0,,2025-10-11 00:37:30+00:00,,,
32393cef-e01d-44b3-93a5-c6bd184a69b0,Pengguna Google,https://play-lh.googleusercontent.com/EGemoI2NTXmTsBVtJqk8jxF9rh8ApRWfsIMQSt2uE4OcpQqbFu7f7NbTK05lx80nuSijCz7sc3a277R67g,saya puas untuk pelayanan bank jago transaksi nya sangat mudah dan aman,5,0,8.74.0,2025-10-10 23:58:51+00:00,,,8.74.0
db03a95d-3f95-42f3-abe6-3d2d219e876a,Pengguna Google,https://play-lh.googleusercontent.com/EGemoI2NTXmTsBVtJqk8jxF9rh8ApRWfsIMQSt2uE4OcpQqbFu7f7NbTK05lx80nuSijCz7sc3a277R67g,dapet 25k rezeki dari jago Alhamdulillah terima kasih jago,5,0,,2025-10-10 23:51:18+00:00,,,
821ec2f7-2cf6-4f03-b945-4e4ef30d86e1,Pengguna Google,https://play-lh.googleusercontent.com/EGemoI2NTXmTsBVtJqk8jxF9rh8ApRWfsIMQSt2uE4OcpQqbFu7f7NbTK05lx80nuSijCz7sc3a277R67g,SELALU KENA BLOKIR GA JELAS. TOLONG DI PERCEPAT RESPONNYA. UDAH 5 HARI GA ADA TANGGAPAN,1,0,8.74.0,2025-10-10 23:19:43+00:00,"Halo, Jagoan. Mohon maaf atas kendala yang terjadi ya. Kamu tidak perlu khawatir, kamu bisa menjelaskan detail kendala tersebut melalui email di tanya@jago.com atau call center 1500 746 untuk kami bantu tangani lebih lanjut. Terima kasih :)
",2025-10-10 23:32:56,8.74.0
14a8703c-ae90-41b4-adf2-d50042034fbd,Pengguna Google,https://play-lh.googleusercontent.com/EGemoI2NTXmTsBVtJqk8jxF9rh8ApRWfsIMQSt2uE4OcpQqbFu7f7NbTK05lx80nuSijCz7sc3a277R67g,"Baru mau coba pertama kali udah bikin kesel, foto KTP udah sejelas itu masih suruh ngulang, nik belum terdaftar tapi bilangnya udh terdaftar",1,0,,2025-10-10 22:06:41+00:00,"Halo, Jagoan. Mohon maaf atas kendala yang terjadi ya. Kamu tidak perlu khawatir, kamu bisa menjelaskan detail kendala tersebut melalui email di tanya@jago.com atau call center 1500 746 untuk kami bantu tangani lebih lanjut. Terima kasih :)
",2025-10-10 22:30:12,
ee653603-f8b0-4503-8114-9dbc0b7305c1,Pengguna Google,https://play-lh.googleusercontent.com/EGemoI2NTXmTsBVtJqk8jxF9rh8ApRWfsIMQSt2uE4OcpQqbFu7f7NbTK05lx80nuSijCz7sc3a277R67g,"aplikasi terbagus, sumpah bukan buzzer emang ini pengalaman pribadi aku emang membantu banget aplikasi nya",5,0,8.74.0,2025-10-10 21:12:15+00:00,,,8.74.0
312ae22c-ee78-4ef6-918c-2d0320d77884,Pengguna Google,https://play-lh.googleusercontent.com/EGemoI2NTXmTsBVtJqk8jxF9rh8ApRWfsIMQSt2uE4OcpQqbFu7f7NbTK05lx80nuSijCz7sc3a277R67g,ngk jelas disuruh buka rekening eh ngk bisa pinjem tolong data saya hapus ya awas aja,1,0,8.74.0,2025-10-10 20:27:45+00:00,"Halo, Jagoan. Mohon maaf atas kendala yang terjadi ya. Kamu tidak perlu khawatir, kamu bisa menjelaskan detail kendala tersebut melalui email di tanya@jago.com atau call center 1500 746 untuk kami bantu tangani lebih lanjut. Terima kasih :)",2025-10-10 20:31:44,8.74.0
f5517299-36fc-4440-be63-6bc6a72992fb,Pengguna Google,https://play-lh.googleusercontent.com/EGemoI2NTXmTsBVtJqk8jxF9rh8ApRWfsIMQSt2uE4OcpQqbFu7f7NbTK05lx80nuSijCz7sc3a277R67g,"bank jago,ya memang jago,nggak ada yg ribet",5,0,8.70.1,2025-10-10 20:13:42+00:00,,,8.70.1
71ed57ea-04f0-4947-b3a7-b838b03bfa5a,Pengguna Google,https://play-lh.googleusercontent.com/EGemoI2NTXmTsBVtJqk8jxF9rh8ApRWfsIMQSt2uE4OcpQqbFu7f7NbTK05lx80nuSijCz7sc3a277R67g,jebakan...bgitu dftr gk sesuai nama apk,1,0,8.74.0,2025-10-10 19:32:06+00:00,"Halo, Jagoan. Mohon maaf atas kendala yang terjadi ya. Kamu tidak perlu khawatir, kamu bisa menjelaskan detail kendala tersebut melalui email di tanya@jago.com atau call center 1500 746 untuk kami bantu tangani lebih lanjut. Terima kasih :)",2025-10-10 20:22:34,8.74.0
ab408b87-771b-4bf2-ac42-8ce68ed15dd1,Pengguna Google,https://play-lh.googleusercontent.com/EGemoI2NTXmTsBVtJqk8jxF9rh8ApRWfsIMQSt2uE4OcpQqbFu7f7NbTK05lx80nuSijCz7sc3a277R67g,"Akum sempat terkunci sekitar 3 jam tapi pas hubungi email tanya jago, adminnya fast respon dan kasi solusi yg akurat akhirnya akun saya bisa terbuka lagi dan bisa transaksi lagi & keamanan transaksi ketat. Terimakasih untuk team bank jago. Sukses selalu.",5,14,8.74.0,2025-10-10 18:24:53+00:00,,,8.74.0
e7938baa-3e3c-4dae-aaab-7636c4932ba7,Pengguna Google,https://play-lh.googleusercontent.com/EGemoI2NTXmTsBVtJqk8jxF9rh8ApRWfsIMQSt2uE4OcpQqbFu7f7NbTK05lx80nuSijCz7sc3a277R67g,bank tai,1,0,8.74.0,2025-10-10 18:03:34+00:00,"Halo, Jagoan. Mohon maaf atas kendala yang terjadi ya. Kamu tidak perlu khawatir, kamu bisa menjelaskan detail kendala tersebut melalui email di tanya@jago.com atau call center 1500 746 untuk kami bantu tangani lebih lanjut. Terima kasih :)",2025-10-10 18:39:01,8.74.0
b804c05f-fc23-472d-96fb-465115509b6d,Pengguna Google,https://play-lh.googleusercontent.com/EGemoI2NTXmTsBVtJqk8jxF9rh8ApRWfsIMQSt2uE4OcpQqbFu7f7NbTK05lx80nuSijCz7sc3a277R67g,"aplikasi paling ribet yang pernah ada, padahal data semua asli punya saya sendiri, sudah dilakukan telepon, video call dsb untuk memverifikasi data, tapi tetap masih aja tidak percaya",1,0,,2025-10-10 17:36:30+00:00,"Halo, Jagoan! Mohon maaf atas kendala yang kamu alami ya. Saya mengerti situasi sulit ini mengganggu kamu. Mohon kesediaannya mengirimkan email ke tanya@jago.com dengan melampirkan bukti foto/tangkapan layar kendala kamu. Agar dapat segera kami bantu.",2025-10-10 18:01:28,
bf9eb3f6-a236-4872-bb23-d3249f4b69cb,Pengguna Google,https://play-lh.googleusercontent.com/EGemoI2NTXmTsBVtJqk8jxF9rh8ApRWfsIMQSt2uE4OcpQqbFu7f7NbTK05lx80nuSijCz7sc3a277R67g,"Bank Jago sangat membantu dalam mengelola keuangan pribadi supaya lebih tertata rapi, seperti punya ""asisten keuangan""",5,0,,2025-10-10 17:22:07+00:00,,,
5e92af83-3eae-4a11-a6bd-239b281500c7,Pengguna Google,https://play-lh.googleusercontent.com/EGemoI2NTXmTsBVtJqk8jxF9rh8ApRWfsIMQSt2uE4OcpQqbFu7f7NbTK05lx80nuSijCz7sc3a277R67g,great,5,0,8.73.0,2025-10-10 16:56:01+00:00,,,8.73.0
dbd906a2-ad80-4168-8c2e-b642bb52c9a1,Pengguna Google,https://play-lh.googleusercontent.com/EGemoI2NTXmTsBVtJqk8jxF9rh8ApRWfsIMQSt2uE4OcpQqbFu7f7NbTK05lx80nuSijCz7sc3a277R67g,terimakasih bonus saldonya sudah ke terima sukses Selalu,5,0,,2025-10-10 15:38:01+00:00,,,
2b611c34-3dcf-4b82-986f-611bce085136,Pengguna Google,https://play-lh.googleusercontent.com/EGemoI2NTXmTsBVtJqk8jxF9rh8ApRWfsIMQSt2uE4OcpQqbFu7f7NbTK05lx80nuSijCz7sc3a277R67g,sangat cepat bertransaksi,4,0,8.73.0,2025-10-10 15:32:48+00:00,"Halo, Jagoan! Terimakasih sudah memilih Bank Jago. Kami senang mendengar pengalaman kamu saat menggunakan aplikasi Jago. Selamat menikmati fitur-fitur dari kami. Jika ada pertanyaan lain, kamu bisa menghubungi Tanya Jago di 1500746 / 021-30000746 atau e-mail ke tanya@jago.com.",2025-10-10 17:02:19,8.73.0
33ecbe17-f7d7-45c0-ad31-60c33a8bebc8,Pengguna Google,https://play-lh.googleusercontent.com/EGemoI2NTXmTsBVtJqk8jxF9rh8ApRWfsIMQSt2uE4OcpQqbFu7f7NbTK05lx80nuSijCz7sc3a277R67g,dapet gratis transfer bes banget,5,0,8.73.0,2025-10-10 15:15:03+00:00,,,8.73.0
dff19fe4-7853-4081-802b-de422062b656,Pengguna Google,https://play-lh.googleusercontent.com/EGemoI2NTXmTsBVtJqk8jxF9rh8ApRWfsIMQSt2uE4OcpQqbFu7f7NbTK05lx80nuSijCz7sc3a277R67g,"aplikasi bang pas lupa password , masuki no hp dan email dan nik disini lancar jaya tapi pas verifikasi wajah ok tiba tiba stack keluar sendiri tiba tiba ulang lagi ulang lagi dan muncul pemberitahuan di email, kok bug gak dihilangi ,kecewa berat lalu cs tanya jago lama juga balas pesan sampai 6jam baru di balas😡😑",1,0,,2025-10-10 15:09:12+00:00,"Halo, Jagoan. Mohon maaf atas kendala yang terjadi ya. Kamu tidak perlu khawatir, kamu bisa menjelaskan detail kendala tersebut melalui email di tanya@jago.com atau call center 1500 746 untuk kami bantu tangani lebih lanjut. Terima kasih :)",2025-10-10 20:48:02,
da110887-7838-44b0-97f3-34d3b56638b7,Pengguna Google,https://play-lh.googleusercontent.com/EGemoI2NTXmTsBVtJqk8jxF9rh8ApRWfsIMQSt2uE4OcpQqbFu7f7NbTK05lx80nuSijCz7sc3a277R67g,ok baget,5,0,,2025-10-10 14:22:34+00:00,,,
47926a95-1a56-41c3-a066-dff4076f0c58,Pengguna Google,https://play-lh.googleusercontent.com/EGemoI2NTXmTsBVtJqk8jxF9rh8ApRWfsIMQSt2uE4OcpQqbFu7f7NbTK05lx80nuSijCz7sc3a277R67g,aplikasi nya jelekkkk.. dftr akun susah betullll.. respon pihak sana tdk ada solusi.. lama..,1,0,8.74.0,2025-10-10 13:37:52+00:00,"Halo, Jagoan. Mohon maaf atas kendala yang terjadi ya. Kamu tidak perlu khawatir, kamu bisa menjelaskan detail kendala tersebut melalui email di tanya@jago.com atau call center 1500 746 untuk kami bantu tangani lebih lanjut. Terima kasih :)",2025-10-10 14:10:14,8.74.0
951758ce-8e20-4b44-9f2c-8ebf0a04cce3,Pengguna Google,https://play-lh.googleusercontent.com/EGemoI2NTXmTsBVtJqk8jxF9rh8ApRWfsIMQSt2uE4OcpQqbFu7f7NbTK05lx80nuSijCz7sc3a277R67g,"saya buka aplikasi jago juga selalu jaringan terputus, mau transfer juga jaringan terputus, ini kenapa ya, apa akun kita di hack atau kenapa?",2,0,,2025-10-10 13:28:06+00:00,"Halo, Jagoan. Mohon maaf atas kendala yang terjadi ya. Kamu tidak perlu khawatir, kamu bisa menjelaskan detail kendala tersebut melalui email di tanya@jago.com atau call center 1500 746 untuk kami bantu tangani lebih lanjut. Terima kasih :)",2025-10-10 14:19:51,
8fd114a0-3178-4a0d-9f44-d253dddf0a9b,Pengguna Google,https://play-lh.googleusercontent.com/EGemoI2NTXmTsBVtJqk8jxF9rh8ApRWfsIMQSt2uE4OcpQqbFu7f7NbTK05lx80nuSijCz7sc3a277R67g,berguna dan mudah,5,0,8.74.0,2025-10-10 13:02:37+00:00,,,8.74.0
fcbff3e9-6606-4421-8c02-659a3f5a8ffe,Pengguna Google,https://play-lh.googleusercontent.com/EGemoI2NTXmTsBVtJqk8jxF9rh8ApRWfsIMQSt2uE4OcpQqbFu7f7NbTK05lx80nuSijCz7sc3a277R67g,mantap di kasih bonus 25,5,0,8.73.0,2025-10-10 12:57:32+00:00,,,8.73.0
3662bf56-30ce-44ce-ab77-856fdd87c79b,Pengguna Google,https://play-lh.googleusercontent.com/EGemoI2NTXmTsBVtJqk8jxF9rh8ApRWfsIMQSt2uE4OcpQqbFu7f7NbTK05lx80nuSijCz7sc3a277R67g,terimakasih,5,0,,2025-10-10 11:18:12+00:00,,,
54870b3e-cef7-4324-85d6-607f87536222,Pengguna Google,https://play-lh.googleusercontent.com/EGemoI2NTXmTsBVtJqk8jxF9rh8ApRWfsIMQSt2uE4OcpQqbFu7f7NbTK05lx80nuSijCz7sc3a277R67g,mau tanya soal pinjaman itu kok gak muncul ya di akun saya,5,0,8.74.0,2025-10-10 11:05:18+00:00,,,8.74.0
63bceac4-18be-4e9a-9c80-f04791fa00c6,Pengguna Google,https://play-lh.googleusercontent.com/EGemoI2NTXmTsBVtJqk8jxF9rh8ApRWfsIMQSt2uE4OcpQqbFu7f7NbTK05lx80nuSijCz7sc3a277R67g,Bang jago mantap makasih bonus nya,5,0,8.74.0,2025-10-10 10:48:16+00:00,,,8.74.0
220550ff-e608-4100-badd-ee6dd8748314,Pengguna Google,https://play-lh.googleusercontent.com/EGemoI2NTXmTsBVtJqk8jxF9rh8ApRWfsIMQSt2uE4OcpQqbFu7f7NbTK05lx80nuSijCz7sc3a277R67g,manteppp,5,0,8.74.0,2025-10-10 10:47:18+00:00,,,8.74.0
7e1eb099-0f5b-487c-b724-9bd936e0c6c4,Pengguna Google,https://play-lh.googleusercontent.com/EGemoI2NTXmTsBVtJqk8jxF9rh8ApRWfsIMQSt2uE4OcpQqbFu7f7NbTK05lx80nuSijCz7sc3a277R67g,mantap sekali jadi memudahkan transaksi,5,0,8.74.0,2025-10-10 10:44:32+00:00,,,8.74.0
72d3855b-b972-4be7-bd56-e500aa37e11f,Pengguna Google,https://play-lh.googleusercontent.com/EGemoI2NTXmTsBVtJqk8jxF9rh8ApRWfsIMQSt2uE4OcpQqbFu7f7NbTK05lx80nuSijCz7sc3a277R67g,Mantapp...👍👍,5,0,8.73.0,2025-10-10 10:01:47+00:00,,,8.73.0
a5264800-3b3e-41a3-88aa-7487a33c6a07,Pengguna Google,https://play-lh.googleusercontent.com/EGemoI2NTXmTsBVtJqk8jxF9rh8ApRWfsIMQSt2uE4OcpQqbFu7f7NbTK05lx80nuSijCz7sc3a277R67g,"Mantap, Gratis Tf Ke Banknya Lebih Dari Cukup Hehe",5,0,8.74.0,2025-10-10 09:45:55+00:00,,,8.74.0
4bc7d803-1f26-4f0d-b59b-fec77f692882,Pengguna Google,https://play-lh.googleusercontent.com/EGemoI2NTXmTsBVtJqk8jxF9rh8ApRWfsIMQSt2uE4OcpQqbFu7f7NbTK05lx80nuSijCz7sc3a277R67g,Transaksi simpel n Nyaman,5,0,8.74.0,2025-10-10 08:24:53+00:00,,,8.74.0
1d7e030c-a7e5-4dda-83ad-0a3cded383c9,Pengguna Google,https://play-lh.googleusercontent.com/EGemoI2NTXmTsBVtJqk8jxF9rh8ApRWfsIMQSt2uE4OcpQqbFu7f7NbTK05lx80nuSijCz7sc3a277R67g,gada pitul verifikasi lain lupa sandi no hp nyah hilang ga ada opsi lain,1,0,,2025-10-10 07:53:19+00:00,"Halo, Jagoan. Mohon maaf atas kendala yang terjadi ya. Kamu tidak perlu khawatir, kamu bisa menjelaskan detail kendala tersebut melalui email di tanya@jago.com atau call center 1500 746 untuk kami bantu tangani lebih lanjut. Terima kasih :)",2025-10-10 14:20:52,
8ca6926c-925d-4433-8254-4bdb5c4cd1d5,Pengguna Google,https://play-lh.googleusercontent.com/EGemoI2NTXmTsBVtJqk8jxF9rh8ApRWfsIMQSt2uE4OcpQqbFu7f7NbTK05lx80nuSijCz7sc3a277R67g,"Bank Jago ,Bank paling the best yang pernah aku pakai👍",5,0,8.73.0,2025-10-10 07:48:21+00:00,,,8.73.0
c2cfb571-33ee-4daf-87d6-c584bbe77d92,Pengguna Google,https://play-lh.googleusercontent.com/EGemoI2NTXmTsBVtJqk8jxF9rh8ApRWfsIMQSt2uE4OcpQqbFu7f7NbTK05lx80nuSijCz7sc3a277R67g,keren banyak casbacknyaaa approvedd buat apknya kaka..😘😘,5,1,8.74.0,2025-10-10 07:45:48+00:00,,,8.74.0
df003d97-44cb-4a3e-b7b1-4d0aafb1e56b,Pengguna Google,https://play-lh.googleusercontent.com/EGemoI2NTXmTsBVtJqk8jxF9rh8ApRWfsIMQSt2uE4OcpQqbFu7f7NbTK05lx80nuSijCz7sc3a277R67g,"Selamat pagi, Dengan berat hati, saya hanya ingin menyampaikan kekecewaan saya terkait pergantian nomer HP yang tidak kunjung usai!  Tolong hargai kami sebagai nasabah, dari tanggal 6 gk selesai2, dan harusnya memaklumi saat kami sbg nasabah lupa terkait saldo, kantong apa saja, level berapa, tolong difikir bagaimana mungkin kami ingat sementara tidak bisa log in di aplikasi jago nya !!! Fikir dong sampai sana.  Buang buang waktu sekali lho, dalam sehari saya bisa telpon lebih dari sekali, s",1,157,8.74.0,2025-10-10 07:21:13+00:00,"Halo, Jagoan! Mohon maaf apabila terdapat fitur atau layanan Jago yang belum sesuai harapan kamu. Kamu bisa menghubungi Tanya Jago di nomor 1500746 / 021-30000746 atau e-mail ke tanya@jago.com untuk kami bantu cek kendalanya lebih lanjut ya. Agent kami dengan senang hati membantu kamu.",2025-10-10 07:31:10,8.74.0
fb2f7375-780e-4e4a-932c-b5d659941bcb,Pengguna Google,https://play-lh.googleusercontent.com/EGemoI2NTXmTsBVtJqk8jxF9rh8ApRWfsIMQSt2uE4OcpQqbFu7f7NbTK05lx80nuSijCz7sc3a277R67g,tidak bisa di buka,1,0,8.74.0,2025-10-10 07:08:29+00:00,"Halo, Jagoan. Mohon maaf atas kendala yang terjadi ya. Kamu tidak perlu khawatir, kamu bisa menjelaskan detail kendala tersebut melalui email di tanya@jago.com atau call center 1500 746 untuk kami bantu tangani lebih lanjut. Terima kasih :)",2025-10-10 07:30:29,8.74.0
f751f338-4ef7-4633-97e7-4531a78c0d8d,Pengguna Google,https://play-lh.googleusercontent.com/EGemoI2NTXmTsBVtJqk8jxF9rh8ApRWfsIMQSt2uE4OcpQqbFu7f7NbTK05lx80nuSijCz7sc3a277R67g,mantap,5,0,8.74.0,2025-10-10 06:59:05+00:00,,,8.74.0
b448fec0-32b0-4823-86ef-933dcc866389,Pengguna Google,https://play-lh.googleusercontent.com/EGemoI2NTXmTsBVtJqk8jxF9rh8ApRWfsIMQSt2uE4OcpQqbFu7f7NbTK05lx80nuSijCz7sc3a277R67g,"istimewa,,,jngn berubah lagi yaa",5,0,8.73.0,2025-10-10 06:24:31+00:00,,,8.73.0
97e97d1b-27cb-4e60-bf36-9873f619decd,Pengguna Google,https://play-lh.googleusercontent.com/EGemoI2NTXmTsBVtJqk8jxF9rh8ApRWfsIMQSt2uE4OcpQqbFu7f7NbTK05lx80nuSijCz7sc3a277R67g,bungan pinjam sangat rendah mantappp,5,0,8.74.0,2025-10-10 06:17:40+00:00,,,8.74.0
ac445763-c814-4ed7-ae44-cdc497f22fcb,Pengguna Google,https://play-lh.googleusercontent.com/EGemoI2NTXmTsBVtJqk8jxF9rh8ApRWfsIMQSt2uE4OcpQqbFu7f7NbTK05lx80nuSijCz7sc3a277R67g,"awalnya kasih bintang 5, tapi setelah hp saya ke-reset mau login jago lagi gabisa. udh masukin nik, selfie dll tetap aja gagal. iyaa bagus kalo untuk keamanan data, tapi jangan dipersulit untuk login kembali. meskipun saldo saya ga sampe seribu tapi butuh bank jago untuk bisa invest di bibit😌 udah komplain tapi cs nya slow respon bangettt",2,0,8.42.0,2025-10-10 03:55:00+00:00,"Halo, Jagoan! Mohon maaf atas ketidaknyamanan yang Kakak alami. Supaya bisa membantu lebih lanjut, Kakak bisa menginformasikan detail keluhannya melalui email tanya@jago.com ya. Tim terkait kami dengan senang hati akan membantu Kakak menyelesaikan permasalahannya.",2025-10-10 04:19:56,8.42.0
229dd804-d21b-4a01-999a-d01afcd2d870,Pengguna Google,https://play-lh.googleusercontent.com/EGemoI2NTXmTsBVtJqk8jxF9rh8ApRWfsIMQSt2uE4OcpQqbFu7f7NbTK05lx80nuSijCz7sc3a277R67g,mantul,5,0,8.74.0,2025-10-10 03:31:05+00:00,,,8.74.0
46423580-46a4-4bab-912e-d1937d884da6,Pengguna Google,https://play-lh.googleusercontent.com/EGemoI2NTXmTsBVtJqk8jxF9rh8ApRWfsIMQSt2uE4OcpQqbFu7f7NbTK05lx80nuSijCz7sc3a277R67g,bsgus,5,0,,2025-10-10 02:33:33+00:00,,,
21c1e8c5-0adb-4e18-82a6-18285efa8b7e,Pengguna Google,https://play-lh.googleusercontent.com/EGemoI2NTXmTsBVtJqk8jxF9rh8ApRWfsIMQSt2uE4OcpQqbFu7f7NbTK05lx80nuSijCz7sc3a277R67g,fitur pinjam tdk tersedia.,1,1,8.74.0,2025-10-10 01:37:32+00:00,"Halo, Jagoan. Mohon maaf atas kendala yang terjadi ya. Kamu tidak perlu khawatir, kamu bisa menjelaskan detail kendala tersebut melalui email di tanya@jago.com atau call center 1500 746 untuk kami bantu tangani lebih lanjut. Terima kasih :)
",2025-10-10 02:04:39,8.74.0
bba138fd-d126-4360-9dcf-21c21c809a68,Pengguna Google,https://play-lh.googleusercontent.com/EGemoI2NTXmTsBVtJqk8jxF9rh8ApRWfsIMQSt2uE4OcpQqbFu7f7NbTK05lx80nuSijCz7sc3a277R67g,keren cs nya gercep,5,0,8.74.0,2025-10-10 01:11:32+00:00,,,8.74.0
4cba215c-2af0-4234-89d4-3cd6d94ea861,Pengguna Google,https://play-lh.googleusercontent.com/EGemoI2NTXmTsBVtJqk8jxF9rh8ApRWfsIMQSt2uE4OcpQqbFu7f7NbTK05lx80nuSijCz7sc3a277R67g,kerenn,5,0,8.74.0,2025-10-10 00:38:43+00:00,,,8.74.0
8f7d6ac0-831b-41bd-a561-b01e6fc1d883,Pengguna Google,https://play-lh.googleusercontent.com/EGemoI2NTXmTsBVtJqk8jxF9rh8ApRWfsIMQSt2uE4OcpQqbFu7f7NbTK05lx80nuSijCz7sc3a277R67g,sangat mantapp & aman,5,0,8.74.0,2025-10-10 00:29:02+00:00,,,8.74.0
4fb8677c-a2c0-4029-b0e5-53a1d7269d22,Pengguna Google,https://play-lh.googleusercontent.com/EGemoI2NTXmTsBVtJqk8jxF9rh8ApRWfsIMQSt2uE4OcpQqbFu7f7NbTK05lx80nuSijCz7sc3a277R67g,mantap,5,0,,2025-10-10 00:21:22+00:00,,,
b0ad30da-c5ef-4960-92df-c7a469d630b1,Pengguna Google,https://play-lh.googleusercontent.com/EGemoI2NTXmTsBVtJqk8jxF9rh8ApRWfsIMQSt2uE4OcpQqbFu7f7NbTK05lx80nuSijCz7sc3a277R67g,nnt klu fitur pinjaman jago dana udah keluar limit saya tambahkan jadi 5 bintang jdi untuk sementara segini dulu aja. tolong buat admin keluarkan limit jago dananya.mksh,3,0,8.74.0,2025-10-09 23:25:26+00:00,"Halo, Jagoan! Mohon maaf atas ketidaknyamanan yang Kakak alami. Supaya bisa membantu lebih lanjut, Kakak bisa menginformasikan detail keluhannya melalui email tanya@jago.com ya. Tim terkait kami dengan senang hati akan membantu Kakak menyelesaikan permasalahannya.",2025-10-10 00:53:19,8.74.0
2b138ba7-d64f-492f-9d81-ae65e2f2b6df,Pengguna Google,https://play-lh.googleusercontent.com/EGemoI2NTXmTsBVtJqk8jxF9rh8ApRWfsIMQSt2uE4OcpQqbFu7f7NbTK05lx80nuSijCz7sc3a277R67g,"akun saya terkunci, katanya 1jam, ini sudah Berjam"" belum juga terbuka",1,0,8.74.0,2025-10-09 23:16:43+00:00,"Halo, Jagoan! Mohon maaf atas ketidaknyamanan yang Kakak alami. Supaya bisa membantu lebih lanjut, Kakak bisa menginformasikan detail keluhannya melalui email tanya@jago.com ya. Tim terkait kami dengan senang hati akan membantu Kakak menyelesaikan permasalahannya.",2025-10-10 00:53:24,8.74.0
558c1b56-dce9-4fb5-8526-2fbb50f42680,Pengguna Google,https://play-lh.googleusercontent.com/EGemoI2NTXmTsBVtJqk8jxF9rh8ApRWfsIMQSt2uE4OcpQqbFu7f7NbTK05lx80nuSijCz7sc3a277R67g,mantapp,5,0,8.73.0,2025-10-09 22:49:04+00:00,,,8.73.0
cd9382dd-5522-462b-a160-ea7f3827bfaf,Pengguna Google,https://play-lh.googleusercontent.com/EGemoI2NTXmTsBVtJqk8jxF9rh8ApRWfsIMQSt2uE4OcpQqbFu7f7NbTK05lx80nuSijCz7sc3a277R67g,kenapa tidak bisa login. padahal saya daftar lewat bibit,2,0,8.74.0,2025-10-09 22:36:56+00:00,"Halo, Jagoan! Mohon maaf atas ketidaknyamanan yang Kakak alami. Supaya bisa membantu lebih lanjut, Kakak bisa menginformasikan detail keluhannya melalui email tanya@jago.com ya. Tim terkait kami dengan senang hati akan membantu Kakak menyelesaikan permasalahannya.",2025-10-10 00:53:08,8.74.0
664bef92-0ae7-4689-8f14-7977578482d3,Pengguna Google,https://play-lh.googleusercontent.com/EGemoI2NTXmTsBVtJqk8jxF9rh8ApRWfsIMQSt2uE4OcpQqbFu7f7NbTK05lx80nuSijCz7sc3a277R67g,sangat bagus,5,0,8.74.0,2025-10-09 22:28:27+00:00,,,8.74.0
9f05bbab-c36f-470f-aff5-9af332a9757a,Pengguna Google,https://play-lh.googleusercontent.com/EGemoI2NTXmTsBVtJqk8jxF9rh8ApRWfsIMQSt2uE4OcpQqbFu7f7NbTK05lx80nuSijCz7sc3a277R67g,"Jujur, pelayanannya buruk banget. Respon sangat lambat, masalah tidak segera ditangani, dan tim support terkesan tidak peduli. Tolong perbaiki sistem pelayanan kalian, biar pengguna nggak merasa diabaikan terus. Sampai saat ini pun akun saya masih diblokir, dan tidak ada respon sedikit pun dari email yang sudah saya kirim.",1,0,8.39.1,2025-10-09 22:21:29+00:00,"Halo, Jagoan! Mohon maaf atas ketidaknyamanan yang Kakak alami. Supaya bisa membantu lebih lanjut, Kakak bisa menginformasikan detail keluhannya melalui email tanya@jago.com ya. Tim terkait kami dengan senang hati akan membantu Kakak menyelesaikan permasalahannya.",2025-10-10 00:53:03,8.39.1
56de75b6-0f48-4a41-88df-178c93a169f3,Pengguna Google,https://play-lh.googleusercontent.com/EGemoI2NTXmTsBVtJqk8jxF9rh8ApRWfsIMQSt2uE4OcpQqbFu7f7NbTK05lx80nuSijCz7sc3a277R67g,keren ui/ux sederhana dan bisa bagi budgeting,5,0,8.74.0,2025-10-09 22:06:11+00:00,,,8.74.0
11bfcfb5-e93c-40c1-87a5-1a662cf630df,Pengguna Google,https://play-lh.googleusercontent.com/EGemoI2NTXmTsBVtJqk8jxF9rh8ApRWfsIMQSt2uE4OcpQqbFu7f7NbTK05lx80nuSijCz7sc3a277R67g,keren bank jago makasih bank jago,5,0,,2025-10-09 21:18:59+00:00,,,
3dbb1763-e83e-423c-a190-2e6604b7c4b8,Pengguna Google,https://play-lh.googleusercontent.com/EGemoI2NTXmTsBVtJqk8jxF9rh8ApRWfsIMQSt2uE4OcpQqbFu7f7NbTK05lx80nuSijCz7sc3a277R67g,Gak sia sia transaksi di jago dapat cashback lumayan,5,0,8.74.0,2025-10-09 20:39:48+00:00,,,8.74.0
d33fa79a-36e7-4b8f-a6ec-0895421b1985,Pengguna Google,https://play-lh.googleusercontent.com/EGemoI2NTXmTsBVtJqk8jxF9rh8ApRWfsIMQSt2uE4OcpQqbFu7f7NbTK05lx80nuSijCz7sc3a277R67g,mau merubah nama ajaa lama banget gak ada balesannya via email dibales nya no ticket doang payah,1,0,8.74.0,2025-10-09 18:59:39+00:00,"Halo, Jagoan. Mohon maaf atas kendala yang terjadi ya. Kamu tidak perlu khawatir, kamu bisa menjelaskan detail kendala tersebut melalui email di tanya@jago.com atau call center 1500 746 untuk kami bantu tangani lebih lanjut. Terima kasih :)
",2025-10-10 00:25:51,8.74.0
253609ee-d7ad-403e-beec-990af9679547,Pengguna Google,https://play-lh.googleusercontent.com/EGemoI2NTXmTsBVtJqk8jxF9rh8ApRWfsIMQSt2uE4OcpQqbFu7f7NbTK05lx80nuSijCz7sc3a277R67g,bagus bgt nih bank,5,0,8.74.0,2025-10-09 18:24:57+00:00,,,8.74.0
49728e21-90fc-4d5b-8467-6f7f13d53ec0,Pengguna Google,https://play-lh.googleusercontent.com/EGemoI2NTXmTsBVtJqk8jxF9rh8ApRWfsIMQSt2uE4OcpQqbFu7f7NbTK05lx80nuSijCz7sc3a277R67g,tiba2 dapat hadiah saldo 20.000 dari Jago. Terimakasih,5,0,8.74.0,2025-10-09 18:05:48+00:00,,,8.74.0
9f17ae2e-0a16-4396-98b1-6ca82b3a0e44,Pengguna Google,https://play-lh.googleusercontent.com/EGemoI2NTXmTsBVtJqk8jxF9rh8ApRWfsIMQSt2uE4OcpQqbFu7f7NbTK05lx80nuSijCz7sc3a277R67g,tidak bisa login ke akun sendiri. loading masuk akun terlalu lama padahal koneksi stabil,1,1,8.74.0,2025-10-09 17:59:28+00:00,"Halo, Jagoan! Mohon maaf atas ketidaknyamanan yang Kakak alami. Supaya bisa membantu lebih lanjut, Kakak bisa menginformasikan detail keluhannya melalui email tanya@jago.com ya. Tim terkait kami dengan senang hati akan membantu Kakak menyelesaikan permasalahannya.",2025-10-10 00:09:19,8.74.0
98fe77b9-8214-485c-b061-915c329225ea,Pengguna Google,https://play-lh.googleusercontent.com/EGemoI2NTXmTsBVtJqk8jxF9rh8ApRWfsIMQSt2uE4OcpQqbFu7f7NbTK05lx80nuSijCz7sc3a277R67g,Aman dan lancar,5,0,8.70.1,2025-10-09 17:49:16+00:00,,,8.70.1
f1259e46-bb80-4083-ba9d-bc308b4627e0,Pengguna Google,https://play-lh.googleusercontent.com/EGemoI2NTXmTsBVtJqk8jxF9rh8ApRWfsIMQSt2uE4OcpQqbFu7f7NbTK05lx80nuSijCz7sc3a277R67g,"Minta update, m-mulu HBSin kuota.. otw hapus atuh•!🙏🥺",1,0,8.68.1,2025-10-09 17:46:36+00:00,"Halo, Jagoan! Mohon maaf atas ketidaknyamanan yang Kakak alami. Supaya bisa membantu lebih lanjut, Kakak bisa menginformasikan detail keluhannya melalui email tanya@jago.com ya. Tim terkait kami dengan senang hati akan membantu Kakak menyelesaikan permasalahannya.",2025-10-10 00:27:03,8.68.1
b60bb9bb-dbbf-4ca0-9108-8a02462709aa,Pengguna Google,https://play-lh.googleusercontent.com/EGemoI2NTXmTsBVtJqk8jxF9rh8ApRWfsIMQSt2uE4OcpQqbFu7f7NbTK05lx80nuSijCz7sc3a277R67g,baik,5,0,8.74.0,2025-10-09 17:28:59+00:00,,,8.74.0
895a23a8-aa05-4e38-b5b5-a2c00fd2fc68,Pengguna Google,https://play-lh.googleusercontent.com/EGemoI2NTXmTsBVtJqk8jxF9rh8ApRWfsIMQSt2uE4OcpQqbFu7f7NbTK05lx80nuSijCz7sc3a277R67g,bank digital terbaik,5,0,8.74.0,2025-10-09 17:24:27+00:00,,,8.74.0
911605e5-5265-4691-9cdc-d46e00276519,Pengguna Google,https://play-lh.googleusercontent.com/EGemoI2NTXmTsBVtJqk8jxF9rh8ApRWfsIMQSt2uE4OcpQqbFu7f7NbTK05lx80nuSijCz7sc3a277R67g,ini gimana syaa mau login sinyal terputus terus dan ga bisa masukin email sama nik ktp mohon bantuanya,1,0,8.74.0,2025-10-09 17:05:14+00:00,"Halo, Jagoan. Mohon maaf atas kendala yang terjadi ya. Kamu tidak perlu khawatir, kamu bisa menjelaskan detail kendala tersebut melalui email di tanya@jago.com atau call center 1500 746 untuk kami bantu tangani lebih lanjut. Terima kasih :)",2025-10-09 17:31:53,8.74.0
157a79f6-fac4-4e3c-938f-15f4f8a96fab,Pengguna Google,https://play-lh.googleusercontent.com/EGemoI2NTXmTsBVtJqk8jxF9rh8ApRWfsIMQSt2uE4OcpQqbFu7f7NbTK05lx80nuSijCz7sc3a277R67g,"parah sih, pas mau dipake bayar QR aplikasi malah gangguan",1,0,,2025-10-09 17:03:24+00:00,"Halo, Jagoan. Mohon maaf atas kendala yang terjadi ya. Kamu tidak perlu khawatir, kamu bisa menjelaskan detail kendala tersebut melalui email di tanya@jago.com atau call center 1500 746 untuk kami bantu tangani lebih lanjut. Terima kasih :)",2025-10-09 17:31:56,
e932c840-3aa7-4e1d-929e-b89a3f66d3e3,Pengguna Google,https://play-lh.googleusercontent.com/EGemoI2NTXmTsBVtJqk8jxF9rh8ApRWfsIMQSt2uE4OcpQqbFu7f7NbTK05lx80nuSijCz7sc3a277R67g,"saya baru update aplikasi bank jago tapi pas saya mau melakukan pembayaran ke bank lain malah ada peringatan aplikasi sedang dalam masalah ,itu kenapa yah trus lama lagi mohon bantuan nya ,saya jadi gak bisa transaksi",4,1,8.74.0,2025-10-09 17:00:08+00:00,"Halo, Jagoan. Mohon maaf atas kendala yang terjadi ya. Kamu tidak perlu khawatir, kamu bisa menjelaskan detail kendala tersebut melalui email di tanya@jago.com atau call center 1500 746 untuk kami bantu tangani lebih lanjut. Terima kasih :)",2025-10-09 17:32:08,8.74.0
6dcf6bfa-4fe2-4d2d-a2de-4a99373e8c32,Pengguna Google,https://play-lh.googleusercontent.com/EGemoI2NTXmTsBVtJqk8jxF9rh8ApRWfsIMQSt2uE4OcpQqbFu7f7NbTK05lx80nuSijCz7sc3a277R67g,gangguan,5,0,8.37.0,2025-10-09 16:57:50+00:00,,,8.37.0
8c4c57f6-72a9-4e5d-80b9-67a54c472552,Pengguna Google,https://play-lh.googleusercontent.com/EGemoI2NTXmTsBVtJqk8jxF9rh8ApRWfsIMQSt2uE4OcpQqbFu7f7NbTK05lx80nuSijCz7sc3a277R67g,disaat genting dan butuh banget malah ada gangguan,1,0,,2025-10-09 16:56:20+00:00,"Halo, Jagoan. Mohon maaf atas kendala yang terjadi ya. Kamu tidak perlu khawatir, kamu bisa menjelaskan detail kendala tersebut melalui email di tanya@jago.com atau call center 1500 746 untuk kami bantu tangani lebih lanjut. Terima kasih :)",2025-10-09 20:11:14,
9326a3c3-8f4f-4c0b-a650-90156162d144,Pengguna Google,https://play-lh.googleusercontent.com/EGemoI2NTXmTsBVtJqk8jxF9rh8ApRWfsIMQSt2uE4OcpQqbFu7f7NbTK05lx80nuSijCz7sc3a277R67g,apk ga jelas,1,0,,2025-10-09 16:50:50+00:00,"Halo, Jagoan! Mohon maaf atas ketidaknyamanan yang Kakak alami. Supaya bisa membantu lebih lanjut, Kakak bisa menginformasikan detail keluhannya melalui email tanya@jago.com ya. Tim terkait kami dengan senang hati akan membantu Kakak menyelesaikan permasalahannya.",2025-10-09 23:36:40,
2c206a74-1337-4f7d-a738-f2584322f742,Pengguna Google,https://play-lh.googleusercontent.com/EGemoI2NTXmTsBVtJqk8jxF9rh8ApRWfsIMQSt2uE4OcpQqbFu7f7NbTK05lx80nuSijCz7sc3a277R67g,TIDAK TERPAKAI!,1,0,8.74.0,2025-10-09 16:50:29+00:00,"Halo, Jagoan! Mohon maaf atas ketidaknyamanan yang Kakak alami. Supaya bisa membantu lebih lanjut, Kakak bisa menginformasikan detail keluhannya melalui email tanya@jago.com ya. Tim terkait kami dengan senang hati akan membantu Kakak menyelesaikan permasalahannya.",2025-10-09 23:51:19,8.74.0
9afcb825-44d4-4a5e-9f2f-5c303d3eb026,Pengguna Google,https://play-lh.googleusercontent.com/EGemoI2NTXmTsBVtJqk8jxF9rh8ApRWfsIMQSt2uE4OcpQqbFu7f7NbTK05lx80nuSijCz7sc3a277R67g,"koneksi baguz diikit² gangguan terus ,kek karyawannya kali ya pada gangguan",4,0,8.74.0,2025-10-09 16:48:27+00:00,"Halo, Jagoan! Mohon maaf atas ketidaknyamanan yang Kakak alami. Supaya bisa membantu lebih lanjut, Kakak bisa menginformasikan detail keluhannya melalui email tanya@jago.com ya. Tim terkait kami dengan senang hati akan membantu Kakak menyelesaikan permasalahannya.",2025-10-09 23:53:43,8.74.0
1247dab7-fcbd-4bea-b38c-a05acea6d53b,Pengguna Google,https://play-lh.googleusercontent.com/EGemoI2NTXmTsBVtJqk8jxF9rh8ApRWfsIMQSt2uE4OcpQqbFu7f7NbTK05lx80nuSijCz7sc3a277R67g,selalu saja KONEKSI INTERNET TERPUTUS tanpa ada pemberitahuan yang jelas.,1,0,,2025-10-09 16:47:42+00:00,"Halo, Jagoan! Mohon maaf atas ketidaknyamanan yang Kakak alami. Supaya bisa membantu lebih lanjut, Kakak bisa menginformasikan detail keluhannya melalui email tanya@jago.com ya. Tim terkait kami dengan senang hati akan membantu Kakak menyelesaikan permasalahannya.",2025-10-09 23:47:02,
ffc63404-a147-41a0-9fc9-e58fa971ce5b,Pengguna Google,https://play-lh.googleusercontent.com/EGemoI2NTXmTsBVtJqk8jxF9rh8ApRWfsIMQSt2uE4OcpQqbFu7f7NbTK05lx80nuSijCz7sc3a277R67g,"kok tak ada koneksi kalau mau masuk,padahal koneksi saya bagus nih apa ada masalah dengan akun bank jago",2,4,8.74.0,2025-10-09 16:44:57+00:00,"Halo, Jagoan! Mohon maaf atas ketidaknyamanan yang Kakak alami. Supaya bisa membantu lebih lanjut, Kakak bisa menginformasikan detail keluhannya melalui email tanya@jago.com ya. Tim terkait kami dengan senang hati akan membantu Kakak menyelesaikan permasalahannya.",2025-10-09 23:39:32,8.74.0
57d124f7-eccc-4995-8a70-19c88af90d06,Pengguna Google,https://play-lh.googleusercontent.com/EGemoI2NTXmTsBVtJqk8jxF9rh8ApRWfsIMQSt2uE4OcpQqbFu7f7NbTK05lx80nuSijCz7sc3a277R67g,"ga jelas...lost connection terus aplikasinya, lagi butuh buat transaksi jadi ga bisa, di bilang sinyal gw yg bermasalah ga mungkin, orang aman aman aja buat yang lain, emang server bank jagonya aja ampas",1,4,8.74.0,2025-10-09 16:44:01+00:00,"Halo, Jagoan! Mohon maaf atas ketidaknyamanan yang Kakak alami. Supaya bisa membantu lebih lanjut, Kakak bisa menginformasikan detail keluhannya melalui email tanya@jago.com ya. Tim terkait kami dengan senang hati akan membantu Kakak menyelesaikan permasalahannya.",2025-10-09 23:54:43,8.74.0
302cf6f8-b3ff-428c-84ef-50b75aab1038,Pengguna Google,https://play-lh.googleusercontent.com/EGemoI2NTXmTsBVtJqk8jxF9rh8ApRWfsIMQSt2uE4OcpQqbFu7f7NbTK05lx80nuSijCz7sc3a277R67g,udah daftar ini itu malah pas login malah jaringan terputus mulu.. gimna ini,1,0,,2025-10-09 16:43:48+00:00,"Halo, Jagoan! Mohon maaf atas ketidaknyamanan yang Kakak alami. Supaya bisa membantu lebih lanjut, Kakak bisa menginformasikan detail keluhannya melalui email tanya@jago.com ya. Tim terkait kami dengan senang hati akan membantu Kakak menyelesaikan permasalahannya.",2025-10-10 00:02:54,
d7aebcb8-63a4-485b-b9f2-eae30d832a6a,Pengguna Google,https://play-lh.googleusercontent.com/EGemoI2NTXmTsBVtJqk8jxF9rh8ApRWfsIMQSt2uE4OcpQqbFu7f7NbTK05lx80nuSijCz7sc3a277R67g,aplikasi anjingggggggggg,1,0,,2025-10-09 16:43:04+00:00,"Halo, Jagoan! Mohon maaf atas ketidaknyamanan yang Kakak alami. Supaya bisa membantu lebih lanjut, Kakak bisa menginformasikan detail keluhannya melalui email tanya@jago.com ya. Tim terkait kami dengan senang hati akan membantu Kakak menyelesaikan permasalahannya.",2025-10-09 23:48:38,
7a7b5730-7286-4429-9e24-2b4e54ba606b,Pengguna Google,https://play-lh.googleusercontent.com/EGemoI2NTXmTsBVtJqk8jxF9rh8ApRWfsIMQSt2uE4OcpQqbFu7f7NbTK05lx80nuSijCz7sc3a277R67g,"ANEH PADAHAL PAKETAN INTERNET MASIH ADA BANYAK MALAH TULISAN NYA LOST CONNECTION, MANA UANG DAH MASUK SITU!!!!",1,0,8.74.0,2025-10-09 16:42:31+00:00,"Halo, Jagoan! Mohon maaf atas ketidaknyamanan yang Kakak alami. Supaya bisa membantu lebih lanjut, Kakak bisa menginformasikan detail keluhannya melalui email tanya@jago.com ya. Tim terkait kami dengan senang hati akan membantu Kakak menyelesaikan permasalahannya.",2025-10-09 23:58:32,8.74.0
3e6c8434-da63-4abe-91b7-3652a2479e28,Pengguna Google,https://play-lh.googleusercontent.com/EGemoI2NTXmTsBVtJqk8jxF9rh8ApRWfsIMQSt2uE4OcpQqbFu7f7NbTK05lx80nuSijCz7sc3a277R67g,Gangguan mulu . Koneksi terputus mulu padahal mau tarik tunai malah susah,1,0,8.74.0,2025-10-09 16:42:10+00:00,"Halo, Jagoan! Mohon maaf atas ketidaknyamanan yang Kakak alami. Supaya bisa membantu lebih lanjut, Kakak bisa menginformasikan detail keluhannya melalui email tanya@jago.com ya. Tim terkait kami dengan senang hati akan membantu Kakak menyelesaikan permasalahannya.",2025-10-09 23:58:27,8.74.0
51dbb385-a757-4e0c-b670-4d88f335e72d,Pengguna Google,https://play-lh.googleusercontent.com/EGemoI2NTXmTsBVtJqk8jxF9rh8ApRWfsIMQSt2uE4OcpQqbFu7f7NbTK05lx80nuSijCz7sc3a277R67g,mantap,5,0,8.74.0,2025-10-09 16:41:30+00:00,,,8.74.0
f55906b1-4bb7-408b-b059-42a8c6e882d3,Pengguna Google,https://play-lh.googleusercontent.com/EGemoI2NTXmTsBVtJqk8jxF9rh8ApRWfsIMQSt2uE4OcpQqbFu7f7NbTK05lx80nuSijCz7sc3a277R67g,"kok koneksi internet terputus gimana nih jadi was""",5,0,8.74.0,2025-10-09 16:38:57+00:00,,,8.74.0
42ba58ba-a1ae-4f73-9231-3caa3a196eb6,Pengguna Google,https://play-lh.googleusercontent.com/EGemoI2NTXmTsBVtJqk8jxF9rh8ApRWfsIMQSt2uE4OcpQqbFu7f7NbTK05lx80nuSijCz7sc3a277R67g,"agak paok gimana gitu, ketika lagi butuh ga ada nyambung koneksi.",2,0,8.74.0,2025-10-09 16:37:54+00:00,"Halo, Jagoan! Mohon maaf atas ketidaknyamanan yang Kakak alami. Supaya bisa membantu lebih lanjut, Kakak bisa menginformasikan detail keluhannya melalui email tanya@jago.com ya. Tim terkait kami dengan senang hati akan membantu Kakak menyelesaikan permasalahannya.",2025-10-09 23:58:23,8.74.0
86ad77a4-94b2-4fa7-91b0-e0a2d68ac1b3,Pengguna Google,https://play-lh.googleusercontent.com/EGemoI2NTXmTsBVtJqk8jxF9rh8ApRWfsIMQSt2uE4OcpQqbFu7f7NbTK05lx80nuSijCz7sc3a277R67g,koneksi internet terputus. padahal koneksi saya stabil dan kuat,1,0,8.74.0,2025-10-09 16:36:26+00:00,"Halo, Jagoan. Mohon maaf atas kendala yang terjadi ya. Kamu tidak perlu khawatir, kamu bisa menjelaskan detail kendala tersebut melalui email di tanya@jago.com atau call center 1500 746 untuk kami bantu tangani lebih lanjut. Terima kasih :)

",2025-10-09 17:36:46,8.74.0
1b7722e2-4c82-4944-994a-6151d1ea7ad8,Pengguna Google,https://play-lh.googleusercontent.com/EGemoI2NTXmTsBVtJqk8jxF9rh8ApRWfsIMQSt2uE4OcpQqbFu7f7NbTK05lx80nuSijCz7sc3a277R67g,"aplikasi sering eror, tidak ramah pengguna dalam artian aplikasi lemot dan sering trouble. cs lama merespon.",1,3,8.74.0,2025-10-09 16:33:47+00:00,"Halo, Jagoan! Mohon maaf atas ketidaknyamanan yang Kakak alami. Supaya bisa membantu lebih lanjut, Kakak bisa menginformasikan detail keluhannya melalui email tanya@jago.com ya. Tim terkait kami dengan senang hati akan membantu Kakak menyelesaikan permasalahannya.",2025-10-09 23:54:52,8.74.0
046e9a3a-3138-4341-81d7-e1fe09484cd3,Pengguna Google,https://play-lh.googleusercontent.com/EGemoI2NTXmTsBVtJqk8jxF9rh8ApRWfsIMQSt2uE4OcpQqbFu7f7NbTK05lx80nuSijCz7sc3a277R67g,kenapa aplikasinya koneksi terputus . padahal paket data masi banyak dan stabil,1,0,,2025-10-09 16:33:16+00:00,"Halo, Jagoan! Mohon maaf atas ketidaknyamanan yang Kakak alami. Supaya bisa membantu lebih lanjut, Kakak bisa menginformasikan detail keluhannya melalui email tanya@jago.com ya. Tim terkait kami dengan senang hati akan membantu Kakak menyelesaikan permasalahannya.",2025-10-09 23:49:44,
8f21c9eb-71bb-4f23-b02b-2caef80365cf,Pengguna Google,https://play-lh.googleusercontent.com/EGemoI2NTXmTsBVtJqk8jxF9rh8ApRWfsIMQSt2uE4OcpQqbFu7f7NbTK05lx80nuSijCz7sc3a277R67g,kacau mau pembayaran malah gangguan apk burik nyesel buat jago,1,0,8.44.0,2025-10-09 16:33:01+00:00,"Halo, Jagoan! Mohon maaf atas ketidaknyamanan yang Kakak alami. Supaya bisa membantu lebih lanjut, Kakak bisa menginformasikan detail keluhannya melalui email tanya@jago.com ya. Tim terkait kami dengan senang hati akan membantu Kakak menyelesaikan permasalahannya.",2025-10-09 23:58:20,8.44.0
d7135d64-278b-4c4f-ad22-65e342a2ccde,Pengguna Google,https://play-lh.googleusercontent.com/EGemoI2NTXmTsBVtJqk8jxF9rh8ApRWfsIMQSt2uE4OcpQqbFu7f7NbTK05lx80nuSijCz7sc3a277R67g,"kenapa koneksi internet nya terputus? mohon untuk cepat di respon ya, soalnya saya mau transaksi ini.",5,0,8.74.0,2025-10-09 16:32:18+00:00,"Halo, Jagoan. Mohon maaf atas kendala yang terjadi ya. Kamu tidak perlu khawatir, kamu bisa menjelaskan detail kendala tersebut melalui email di tanya@jago.com atau call center 1500 746 untuk kami bantu tangani lebih lanjut. Terima kasih :)",2025-10-09 19:08:45,8.74.0
3290050e-41d4-4706-a865-417ac1147dad,Pengguna Google,https://play-lh.googleusercontent.com/EGemoI2NTXmTsBVtJqk8jxF9rh8ApRWfsIMQSt2uE4OcpQqbFu7f7NbTK05lx80nuSijCz7sc3a277R67g,Tidak bisa login. koneksi twrputus terus. mau transaksi ga bisa.,1,0,,2025-10-09 16:31:28+00:00,"Halo, Jagoan! Mohon maaf atas ketidaknyamanan yang Kakak alami. Supaya bisa membantu lebih lanjut, Kakak bisa menginformasikan detail keluhannya melalui email tanya@jago.com ya. Tim terkait kami dengan senang hati akan membantu Kakak menyelesaikan permasalahannya.",2025-10-09 23:47:59,
32b2a55a-5dcc-4af0-9c97-ce6533ae3bfc,Pengguna Google,https://play-lh.googleusercontent.com/EGemoI2NTXmTsBVtJqk8jxF9rh8ApRWfsIMQSt2uE4OcpQqbFu7f7NbTK05lx80nuSijCz7sc3a277R67g,kuota ada.. kenap masuk ke jago koneksi terputus terus,1,0,,2025-10-09 16:31:18+00:00,"Halo, Jagoan! Mohon maaf atas ketidaknyamanan yang Kakak alami. Supaya bisa membantu lebih lanjut, Kakak bisa menginformasikan detail keluhannya melalui email tanya@jago.com ya. Tim terkait kami dengan senang hati akan membantu Kakak menyelesaikan permasalahannya.",2025-10-09 23:54:54,
e4330a37-7be5-4234-8f99-bcc0aae21417,Pengguna Google,https://play-lh.googleusercontent.com/EGemoI2NTXmTsBVtJqk8jxF9rh8ApRWfsIMQSt2uE4OcpQqbFu7f7NbTK05lx80nuSijCz7sc3a277R67g,"gimana sih, padahal sering ada notif iklan dhp, tp pas mau dipake malah gangguan aplikasinya, bodoh emang",1,0,,2025-10-09 16:29:31+00:00,"Halo, Jagoan. Mohon maaf atas kendala yang terjadi ya. Kamu tidak perlu khawatir, kamu bisa menjelaskan detail kendala tersebut melalui email di tanya@jago.com atau call center 1500 746 untuk kami bantu tangani lebih lanjut. Terima kasih :)",2025-10-09 20:11:09,
51885ca8-b22d-49f5-aecf-2a908111cc2f,Pengguna Google,https://play-lh.googleusercontent.com/EGemoI2NTXmTsBVtJqk8jxF9rh8ApRWfsIMQSt2uE4OcpQqbFu7f7NbTK05lx80nuSijCz7sc3a277R67g,"tolonglah ini kenapa, koneksi terputus terus, padahal jaringan bagus, ganti WiFi juga tetep ,koneksi terputus, saya mau transaksi penting banget",5,0,,2025-10-09 16:28:23+00:00,,,
52b71fea-1886-4e15-8d20-ad0a31d79ecd,Pengguna Google,https://play-lh.googleusercontent.com/EGemoI2NTXmTsBVtJqk8jxF9rh8ApRWfsIMQSt2uE4OcpQqbFu7f7NbTK05lx80nuSijCz7sc3a277R67g,kebanyakn lag gajelas koneksi terputuslah apalah pdahal wifi kenceng,1,0,8.74.0,2025-10-09 16:23:40+00:00,"Halo, Jagoan. Mohon maaf atas kendala yang terjadi ya. Kamu tidak perlu khawatir, kamu bisa menjelaskan detail kendala tersebut melalui email di tanya@jago.com atau call center 1500 746 untuk kami bantu tangani lebih lanjut. Terima kasih :)",2025-10-09 19:08:52,8.74.0
3b04a541-24e3-475c-8a8b-40da0422e54c,Pengguna Google,https://play-lh.googleusercontent.com/EGemoI2NTXmTsBVtJqk8jxF9rh8ApRWfsIMQSt2uE4OcpQqbFu7f7NbTK05lx80nuSijCz7sc3a277R67g,"lost connection Mulu woy, sinyal gw aja bagus, udah di update sama aja",1,0,,2025-10-09 16:23:37+00:00,"Halo, Jagoan. Mohon maaf atas kendala yang terjadi ya. Kamu tidak perlu khawatir, kamu bisa menjelaskan detail kendala tersebut melalui email di tanya@jago.com atau call center 1500 746 untuk kami bantu tangani lebih lanjut. Terima kasih :)",2025-10-09 20:11:04,
b8d795b1-b58b-4490-9e03-46c143d78005,Pengguna Google,https://play-lh.googleusercontent.com/EGemoI2NTXmTsBVtJqk8jxF9rh8ApRWfsIMQSt2uE4OcpQqbFu7f7NbTK05lx80nuSijCz7sc3a277R67g,"awal saya daftar aman aman aja, tapi pas aku isi saldonya kok pas buka aplikasinya malah internet terputus, padahal jaringanku aman. Apa kalian sengaja ?",1,0,8.74.0,2025-10-09 16:19:31+00:00,"Halo, Jagoan. Mohon maaf atas kendala yang terjadi ya. Kamu tidak perlu khawatir, kamu bisa menjelaskan detail kendala tersebut melalui email di tanya@jago.com atau call center 1500 746 untuk kami bantu tangani lebih lanjut. Terima kasih :)",2025-10-09 18:33:13,8.74.0
10467394-d131-4fe5-9f4f-6af3c9a72702,Pengguna Google,https://play-lh.googleusercontent.com/EGemoI2NTXmTsBVtJqk8jxF9rh8ApRWfsIMQSt2uE4OcpQqbFu7f7NbTK05lx80nuSijCz7sc3a277R67g,"baru buat akun melalui mitra bank jago, pas nyoba login ke bank jagonya gak bisa, koneksi terputus terus dan gak nge load sama sekali, anehh padahal mau jadi pelanggan baru tapi udah kecewa sama aplikasinya",1,3,8.74.0,2025-10-09 16:18:28+00:00,"Halo, Jagoan. Mohon maaf atas kendala yang terjadi ya. Kamu tidak perlu khawatir, kamu bisa menjelaskan detail kendala tersebut melalui email di tanya@jago.com atau call center 1500 746 untuk kami bantu tangani lebih lanjut. Terima kasih :)",2025-10-09 19:09:10,8.74.0
753ee23f-35df-4d1f-90bc-4020c2f23c9c,Pengguna Google,https://play-lh.googleusercontent.com/EGemoI2NTXmTsBVtJqk8jxF9rh8ApRWfsIMQSt2uE4OcpQqbFu7f7NbTK05lx80nuSijCz7sc3a277R67g,"ini aplikasi nya mau sampai kapan lost connection nya, padahal jaringan bagus,buka aplikasi lain lancar2 aja",3,0,8.74.0,2025-10-09 16:17:41+00:00,"Halo, Jagoan. Mohon maaf atas kendala yang terjadi ya. Kamu tidak perlu khawatir, kamu bisa menjelaskan detail kendala tersebut melalui email di tanya@jago.com atau call center 1500 746 untuk kami bantu tangani lebih lanjut. Terima kasih :)",2025-10-09 18:33:36,8.74.0
0e43ba49-4c1d-41a1-9af3-e81aae9b4820,Pengguna Google,https://play-lh.googleusercontent.com/EGemoI2NTXmTsBVtJqk8jxF9rh8ApRWfsIMQSt2uE4OcpQqbFu7f7NbTK05lx80nuSijCz7sc3a277R67g,Kenapa ini tidak konek internet terus jagonya,5,0,8.74.0,2025-10-09 16:17:39+00:00,,,8.74.0
2a580815-f019-4e9f-8726-e62b0a9b66cd,Pengguna Google,https://play-lh.googleusercontent.com/EGemoI2NTXmTsBVtJqk8jxF9rh8ApRWfsIMQSt2uE4OcpQqbFu7f7NbTK05lx80nuSijCz7sc3a277R67g,"ini kenapa ga bisa dipake.. tulisannya internet terputus, padahal internet lancar",1,0,8.74.0,2025-10-09 16:14:13+00:00,"Halo, Jagoan. Mohon maaf atas kendala yang terjadi ya. Kamu tidak perlu khawatir, kamu bisa menjelaskan detail kendala tersebut melalui email di tanya@jago.com atau call center 1500 746 untuk kami bantu tangani lebih lanjut. Terima kasih :)",2025-10-09 18:33:16,8.74.0
04ef89c9-93ea-42fe-994a-b331d5dc1f42,Pengguna Google,https://play-lh.googleusercontent.com/EGemoI2NTXmTsBVtJqk8jxF9rh8ApRWfsIMQSt2uE4OcpQqbFu7f7NbTK05lx80nuSijCz7sc3a277R67g,"Bank Jago merupakan aplikasi yang sangat membantu untuk transaksi digital. Namun, akhir-akhir ini sering mengalami kendala jaringan — seperti gagal memuat halaman, delay saat login, dan transaksi tertunda meskipun koneksi internet stabil. Mohon dilakukan perbaikan agar stabilitas koneksi aplikasi dapat lebih optimal.",4,10,8.74.0,2025-10-09 16:14:01+00:00,"Halo, Jagoan. Mohon maaf atas kendala yang terjadi ya. Kamu tidak perlu khawatir, kamu bisa menjelaskan detail kendala tersebut melalui email di tanya@jago.com atau call center 1500 746 untuk kami bantu tangani lebih lanjut. Terima kasih :)",2025-10-09 19:09:14,8.74.0
8cc39b30-16a2-4df1-821e-99e96e244beb,Pengguna Google,https://play-lh.googleusercontent.com/EGemoI2NTXmTsBVtJqk8jxF9rh8ApRWfsIMQSt2uE4OcpQqbFu7f7NbTK05lx80nuSijCz7sc3a277R67g,"aplikasi yang paling aneh yg pernah saya pakai, daftar susah, login susah ,, kocak kocak",1,0,8.74.0,2025-10-09 15:58:24+00:00,"Halo, Jagoan. Mohon maaf atas kendala yang terjadi ya. Kamu tidak perlu khawatir, kamu bisa menjelaskan detail kendala tersebut melalui email di tanya@jago.com atau call center 1500 746 untuk kami bantu tangani lebih lanjut. Terima kasih :)",2025-10-09 18:33:09,8.74.0
d83a0477-bf7f-48ae-aeae-28476fc05080,Pengguna Google,https://play-lh.googleusercontent.com/EGemoI2NTXmTsBVtJqk8jxF9rh8ApRWfsIMQSt2uE4OcpQqbFu7f7NbTK05lx80nuSijCz7sc3a277R67g,jago emang terbaik 😍😍,5,0,8.74.0,2025-10-09 15:54:22+00:00,,,8.74.0
ae52b860-93d8-4fcc-bbeb-20c440ceb534,Pengguna Google,https://play-lh.googleusercontent.com/EGemoI2NTXmTsBVtJqk8jxF9rh8ApRWfsIMQSt2uE4OcpQqbFu7f7NbTK05lx80nuSijCz7sc3a277R67g,mantap,5,0,8.74.0,2025-10-09 14:30:08+00:00,,,8.74.0
e4474951-cab3-4a0d-81e0-cfaebbff72cc,Pengguna Google,https://play-lh.googleusercontent.com/EGemoI2NTXmTsBVtJqk8jxF9rh8ApRWfsIMQSt2uE4OcpQqbFu7f7NbTK05lx80nuSijCz7sc3a277R67g,thanks you,5,0,8.74.0,2025-10-09 14:22:00+00:00,,,8.74.0
4566b2b3-11a4-42fb-8081-4e1bdf00034c,Pengguna Google,https://play-lh.googleusercontent.com/EGemoI2NTXmTsBVtJqk8jxF9rh8ApRWfsIMQSt2uE4OcpQqbFu7f7NbTK05lx80nuSijCz7sc3a277R67g,sangat membantu,5,0,8.74.0,2025-10-09 14:03:58+00:00,,,8.74.0
303bff89-199a-4d2f-9433-1c14872a9ee9,Pengguna Google,https://play-lh.googleusercontent.com/EGemoI2NTXmTsBVtJqk8jxF9rh8ApRWfsIMQSt2uE4OcpQqbFu7f7NbTK05lx80nuSijCz7sc3a277R67g,jago is the best,4,0,8.74.0,2025-10-09 12:29:49+00:00,"Halo, Jagoan! Terima kasih atas ulasannya. Kami sangat senang jika kamu puas dengan pelayanan dari Bank Jago. Jika kamu memiliki pertanyaan lainnya, kamu bisa langsung hubungi Tanya Jago di nomor 1500746 / 021-30000746 atau e-mail ke tanya@jago.com ya.",2025-10-09 12:40:19,8.74.0
874be360-5fff-40d7-a701-4c39d6f74c4f,Pengguna Google,https://play-lh.googleusercontent.com/EGemoI2NTXmTsBVtJqk8jxF9rh8ApRWfsIMQSt2uE4OcpQqbFu7f7NbTK05lx80nuSijCz7sc3a277R67g,sangat membantu dengan ke adaan yang tidak bisa kemana-mana,5,0,8.73.0,2025-10-09 12:07:30+00:00,,,8.73.0
c176ad72-ea7d-43ae-8ed9-91388466b7e5,Pengguna Google,https://play-lh.googleusercontent.com/EGemoI2NTXmTsBVtJqk8jxF9rh8ApRWfsIMQSt2uE4OcpQqbFu7f7NbTK05lx80nuSijCz7sc3a277R67g,"aplikasi mantap,,,",5,0,8.74.0,2025-10-09 12:03:23+00:00,,,8.74.0
38d982d3-405d-4376-b474-8067c59d2f8a,Pengguna Google,https://play-lh.googleusercontent.com/EGemoI2NTXmTsBVtJqk8jxF9rh8ApRWfsIMQSt2uE4OcpQqbFu7f7NbTK05lx80nuSijCz7sc3a277R67g,coba dulu,5,0,,2025-10-09 11:12:03+00:00,,,
3bd60692-5466-4757-a304-c6e66bbf9b47,Pengguna Google,https://play-lh.googleusercontent.com/EGemoI2NTXmTsBVtJqk8jxF9rh8ApRWfsIMQSt2uE4OcpQqbFu7f7NbTK05lx80nuSijCz7sc3a277R67g,"saya mengalami kendala login dikarenakan lupa password dan nomor terdaftar sudah tidak aktif, saya sudah melapor ke email tanya jago dan menghubungi pihak jago tapi sampai sekarang belum ada balasan email untuk nomor yang diganti",1,4,8.74.0,2025-10-09 10:58:45+00:00,"Hai, Jagoan. Mohon maaf untuk kendala yang kamu alami. Terkait kendala tersebut, kamu bisa segera laporkan ke Tanya Jago di nomor 1500746/021-30000746 atau e-mail ke tanya@jago.com ya. Tidak perlu khawatir karena tim terkait kami akan segera membantu. Terima kasih.",2025-10-09 11:23:23,8.74.0
fa437f76-e01c-4395-a113-cebfc6504c98,Pengguna Google,https://play-lh.googleusercontent.com/EGemoI2NTXmTsBVtJqk8jxF9rh8ApRWfsIMQSt2uE4OcpQqbFu7f7NbTK05lx80nuSijCz7sc3a277R67g,aman dan terpercaya,5,0,8.74.0,2025-10-09 10:48:32+00:00,,,8.74.0
27d2c0c6-82d8-4026-9c48-a284ad152eb1,Pengguna Google,https://play-lh.googleusercontent.com/EGemoI2NTXmTsBVtJqk8jxF9rh8ApRWfsIMQSt2uE4OcpQqbFu7f7NbTK05lx80nuSijCz7sc3a277R67g,mantap..,5,0,8.74.0,2025-10-09 10:42:38+00:00,,,8.74.0
a265031f-9df5-435d-813f-230ca2578120,Pengguna Google,https://play-lh.googleusercontent.com/EGemoI2NTXmTsBVtJqk8jxF9rh8ApRWfsIMQSt2uE4OcpQqbFu7f7NbTK05lx80nuSijCz7sc3a277R67g,baru kali ini transfer dr bank jago ke bank lain nominal 5jt hrs vc....sesulit itu...membuat nasabah tidak nyaman dan was2...tolong OJK dan BI,1,0,8.74.0,2025-10-09 10:40:54+00:00,"Hai, Jagoan. Mohon maaf untuk kendala yang kamu alami. Terkait kendala tersebut, kamu bisa segera laporkan ke Tanya Jago di nomor 1500746/021-30000746 atau e-mail ke tanya@jago.com ya. Tidak perlu khawatir karena tim terkait kami akan segera membantu. Terima kasih.",2025-10-09 11:23:21,8.74.0
1e1c1e47-0655-4bff-871c-9fb2838da170,Pengguna Google,https://play-lh.googleusercontent.com/EGemoI2NTXmTsBVtJqk8jxF9rh8ApRWfsIMQSt2uE4OcpQqbFu7f7NbTK05lx80nuSijCz7sc3a277R67g,bang jago kerenn,5,0,8.73.0,2025-10-09 10:28:44+00:00,,,8.73.0
7aa81d72-fc10-4af1-9f02-f2efbad0626b,Pengguna Google,https://play-lh.googleusercontent.com/EGemoI2NTXmTsBVtJqk8jxF9rh8ApRWfsIMQSt2uE4OcpQqbFu7f7NbTK05lx80nuSijCz7sc3a277R67g,bagus,5,0,8.74.0,2025-10-09 10:24:52+00:00,,,8.74.0
c6621405-056b-46dc-9c76-163b602e235c,Pengguna Google,https://play-lh.googleusercontent.com/EGemoI2NTXmTsBVtJqk8jxF9rh8ApRWfsIMQSt2uE4OcpQqbFu7f7NbTK05lx80nuSijCz7sc3a277R67g,bank jago memang the best ..saya suka bank jago,5,0,8.74.0,2025-10-09 10:24:03+00:00,,,8.74.0
4575e46d-9939-4dfc-b3bf-5b37c77575b4,Pengguna Google,https://play-lh.googleusercontent.com/EGemoI2NTXmTsBVtJqk8jxF9rh8ApRWfsIMQSt2uE4OcpQqbFu7f7NbTK05lx80nuSijCz7sc3a277R67g,kerenn,5,0,,2025-10-09 10:23:12+00:00,,,
2094a93b-13c3-4219-b230-08cadedf5db8,Pengguna Google,https://play-lh.googleusercontent.com/EGemoI2NTXmTsBVtJqk8jxF9rh8ApRWfsIMQSt2uE4OcpQqbFu7f7NbTK05lx80nuSijCz7sc3a277R67g,Gak usah banyakkan promo . Perbaiki kualitas aja . tf pending lama banget. Gak cuma sekali tf pending.,2,0,8.74.0,2025-10-09 10:18:36+00:00,"Halo, Jagoan. Mohon maaf atas kendala yang terjadi ya. Kamu tidak perlu khawatir, kamu bisa menjelaskan detail kendala tersebut melalui email di tanya@jago.com atau call center 1500 746 untuk kami bantu tangani lebih lanjut. Terima kasih :)",2025-10-09 10:41:06,8.74.0
e903e8ef-a5b3-42c0-a229-a342a52de378,Pengguna Google,https://play-lh.googleusercontent.com/EGemoI2NTXmTsBVtJqk8jxF9rh8ApRWfsIMQSt2uE4OcpQqbFu7f7NbTK05lx80nuSijCz7sc3a277R67g,mantap,5,0,8.69.1,2025-10-09 10:01:11+00:00,,,8.69.1
3e954d4c-b54b-4f6e-8331-a1ecef09131b,Pengguna Google,https://play-lh.googleusercontent.com/EGemoI2NTXmTsBVtJqk8jxF9rh8ApRWfsIMQSt2uE4OcpQqbFu7f7NbTK05lx80nuSijCz7sc3a277R67g,bank jago emng mantap,5,0,8.74.0,2025-10-09 09:48:12+00:00,,,8.74.0
6d2acdc8-8473-40b1-80ac-9b95b564aa0b,Pengguna Google,https://play-lh.googleusercontent.com/EGemoI2NTXmTsBVtJqk8jxF9rh8ApRWfsIMQSt2uE4OcpQqbFu7f7NbTK05lx80nuSijCz7sc3a277R67g,top mantap,5,0,8.73.0,2025-10-09 09:46:46+00:00,,,8.73.0
7e208de7-0e28-48ec-8ad6-895271611437,Pengguna Google,https://play-lh.googleusercontent.com/EGemoI2NTXmTsBVtJqk8jxF9rh8ApRWfsIMQSt2uE4OcpQqbFu7f7NbTK05lx80nuSijCz7sc3a277R67g,mantap gratis transfer ke bank lain,5,0,8.74.0,2025-10-09 09:22:09+00:00,,,8.74.0
cd5b3ba2-8387-4f20-a199-1ee7d57649dd,Pengguna Google,https://play-lh.googleusercontent.com/EGemoI2NTXmTsBVtJqk8jxF9rh8ApRWfsIMQSt2uE4OcpQqbFu7f7NbTK05lx80nuSijCz7sc3a277R67g,mantappp,5,0,8.74.0,2025-10-09 09:18:19+00:00,,,8.74.0
29d0a317-b9c8-4a30-9f33-ca52024e64ba,Pengguna Google,https://play-lh.googleusercontent.com/EGemoI2NTXmTsBVtJqk8jxF9rh8ApRWfsIMQSt2uE4OcpQqbFu7f7NbTK05lx80nuSijCz7sc3a277R67g,emang ga bohong nih jago. bener2 untung pake jago. ga ribet banyak cuan. trnsaksi lancar. top dah..,5,0,8.74.0,2025-10-09 09:17:42+00:00,,,8.74.0
b5afe263-4a27-4818-abff-85f84c94b4de,Pengguna Google,https://play-lh.googleusercontent.com/EGemoI2NTXmTsBVtJqk8jxF9rh8ApRWfsIMQSt2uE4OcpQqbFu7f7NbTK05lx80nuSijCz7sc3a277R67g,semngat,5,0,,2025-10-09 09:14:13+00:00,,,
e32eef67-7801-42a5-b948-0a53d7e74ef9,Pengguna Google,https://play-lh.googleusercontent.com/EGemoI2NTXmTsBVtJqk8jxF9rh8ApRWfsIMQSt2uE4OcpQqbFu7f7NbTK05lx80nuSijCz7sc3a277R67g,sangat bagus,5,0,8.74.0,2025-10-09 09:09:55+00:00,,,8.74.0
eff71510-73c6-41de-94ea-af7f453b73bb,Pengguna Google,https://play-lh.googleusercontent.com/EGemoI2NTXmTsBVtJqk8jxF9rh8ApRWfsIMQSt2uE4OcpQqbFu7f7NbTK05lx80nuSijCz7sc3a277R67g,"pinjaman belum jatuh tempo sudah diteror telpon masuk mengganggu padahal dulu tidak begini, setan iblis kau. begitu lunas tidak akan ambil lagi disini.",1,0,8.74.0,2025-10-09 08:52:32+00:00,"Halo, Jagoan. Mohon maaf atas kendala yang terjadi ya. Kamu tidak perlu khawatir, kamu bisa menjelaskan detail kendala tersebut melalui email di tanya@jago.com atau call center 1500 746 untuk kami bantu tangani lebih lanjut. Terima kasih :)",2025-10-09 14:37:49,8.74.0
a4a70f93-d1eb-442a-9b79-99cfa2360fc3,Pengguna Google,https://play-lh.googleusercontent.com/EGemoI2NTXmTsBVtJqk8jxF9rh8ApRWfsIMQSt2uE4OcpQqbFu7f7NbTK05lx80nuSijCz7sc3a277R67g,"maaf, saya kurangi ratingnya.. sistem bank jago terkadang error di setiap nasabah , khusus saya, dibikin rusak mood, dibuat panik, honeymoon terganggu krna sebagian besar dana di bank jago. kepercayaan saya berkurang.. Solusinya harus datang ke kantor cabang langsung supaya mendapatkan laporan prioritas, Alhamdulillah sudah bisa login kembali. tapi pengalaman kurang menyenangkan telah saya dapatkan..",3,6,8.74.0,2025-10-09 08:16:11+00:00,"Halo, Jagoan. Mohon maaf atas kendala yang terjadi ya. Kamu tidak perlu khawatir, kamu bisa menjelaskan detail kendala tersebut melalui email di tanya@jago.com atau call center 1500 746 untuk kami bantu tangani lebih lanjut. Terima kasih :)",2025-10-09 14:39:07,8.74.0
cd324572-8704-43ee-bec0-3b5a4428c282,Pengguna Google,https://play-lh.googleusercontent.com/EGemoI2NTXmTsBVtJqk8jxF9rh8ApRWfsIMQSt2uE4OcpQqbFu7f7NbTK05lx80nuSijCz7sc3a277R67g,Sayang nya saya belum dapat limit pinjaman.semoga kedepan bisa kasih limit.trmksh,5,0,8.74.0,2025-10-09 08:14:32+00:00,,,8.74.0
23d3f884-6ff2-4d8c-abc5-df52c43863ff,Pengguna Google,https://play-lh.googleusercontent.com/EGemoI2NTXmTsBVtJqk8jxF9rh8ApRWfsIMQSt2uE4OcpQqbFu7f7NbTK05lx80nuSijCz7sc3a277R67g,"pelayanan optimal, customer service cepat melayani jika ada kendala. cuma terkait layanan transaksi terkait transfer, bayar dan tagihan masih belum lengkap. tolong bisa ditingkatkan ya min",5,0,8.74.0,2025-10-09 07:51:29+00:00,,,8.74.0
0f807794-c3dc-4178-897f-0751b318f6e7,Pengguna Google,https://play-lh.googleusercontent.com/EGemoI2NTXmTsBVtJqk8jxF9rh8ApRWfsIMQSt2uE4OcpQqbFu7f7NbTK05lx80nuSijCz7sc3a277R67g,mantap,5,0,8.74.0,2025-10-09 03:29:01+00:00,,,8.74.0
82ed5d1c-3772-457d-88a9-34b494cea3a0,Pengguna Google,https://play-lh.googleusercontent.com/EGemoI2NTXmTsBVtJqk8jxF9rh8ApRWfsIMQSt2uE4OcpQqbFu7f7NbTK05lx80nuSijCz7sc3a277R67g,"nyaman, cuma fitur pinjaman nya belum muncul",5,0,8.72.0,2025-10-09 02:53:45+00:00,,,8.72.0
46f7cb55-5286-46f8-902c-839d2ce5cf97,Pengguna Google,https://play-lh.googleusercontent.com/EGemoI2NTXmTsBVtJqk8jxF9rh8ApRWfsIMQSt2uE4OcpQqbFu7f7NbTK05lx80nuSijCz7sc3a277R67g,aplikasinya bagus dan cara pembayaran nya juga cepat jadi apa lagi yang kalian tunggu di jamin saldo kalian akan aman apa bila sipan di aplikasi bank jago kalok GK percaya silakan di coba....salamat mencoba,5,0,8.74.0,2025-10-09 02:52:36+00:00,,,8.74.0
0b13c75b-2f0d-4f6f-878f-e6df20b61250,Pengguna Google,https://play-lh.googleusercontent.com/EGemoI2NTXmTsBVtJqk8jxF9rh8ApRWfsIMQSt2uE4OcpQqbFu7f7NbTK05lx80nuSijCz7sc3a277R67g,"simpel rekomendasi poko nya semoga terus berkembang maju terus bank jago, transfer bayar apa aja disini ada kuota pulsa mantap poko nya",5,0,8.74.0,2025-10-09 01:24:43+00:00,,,8.74.0
7ad03efc-eb0b-4894-be18-670df55a996a,Pengguna Google,https://play-lh.googleusercontent.com/EGemoI2NTXmTsBVtJqk8jxF9rh8ApRWfsIMQSt2uE4OcpQqbFu7f7NbTK05lx80nuSijCz7sc3a277R67g,"disaat transfer uang ke bank lain, tiba2 di pending, sudah tanya ke WA bank jago ga cepetan di atasin",1,0,8.74.0,2025-10-08 21:28:03+00:00,"Halo, Jagoan! Mohon maaf atas ketidaknyamanan yang Kakak alami. Supaya bisa membantu lebih lanjut, Kakak bisa menginformasikan detail keluhannya melalui email tanya@jago.com ya. Tim terkait kami dengan senang hati akan membantu Kakak menyelesaikan permasalahannya.",2025-10-09 04:25:44,8.74.0
4ecc581b-4a3d-4a2b-88fa-c4d92e3e8496,Pengguna Google,https://play-lh.googleusercontent.com/EGemoI2NTXmTsBVtJqk8jxF9rh8ApRWfsIMQSt2uE4OcpQqbFu7f7NbTK05lx80nuSijCz7sc3a277R67g,transaksi total sudah hampir 30 jt an tapi fitur pinjaman masih belum muncul heran,2,1,8.74.0,2025-10-08 20:46:12+00:00,"Halo, Jagoan! Mohon maaf atas ketidaknyamanan yang Kakak alami. Supaya bisa membantu lebih lanjut, Kakak bisa menginformasikan detail keluhannya melalui email tanya@jago.com ya. Tim terkait kami dengan senang hati akan membantu Kakak menyelesaikan permasalahannya.",2025-10-09 01:52:52,8.74.0
bdde17bf-5b4a-48d6-a54a-3056068f39ff,Pengguna Google,https://play-lh.googleusercontent.com/EGemoI2NTXmTsBVtJqk8jxF9rh8ApRWfsIMQSt2uE4OcpQqbFu7f7NbTK05lx80nuSijCz7sc3a277R67g,sangat bermanfaat,3,0,8.73.0,2025-10-08 20:42:45+00:00,"Hai, Jagoan. Terima kasih atas rating yang telah kamu berikan untuk aplikasi Jago. Selamat menikmati kemudahan bertransaksi dan fitur-fitur menarik dari Bank Jago ya. Jika kamu memiliki kritik serta saran atau mengalami kendala, silakan hubungi di nomor 1500746 / 021-30000746 atau e-mail ke tanya@jago.com. Dengan senang hati kami akan membantumu.",2025-10-09 01:53:06,8.73.0
9a2a003c-f1f6-4397-85f2-2fa839b34318,Pengguna Google,https://play-lh.googleusercontent.com/EGemoI2NTXmTsBVtJqk8jxF9rh8ApRWfsIMQSt2uE4OcpQqbFu7f7NbTK05lx80nuSijCz7sc3a277R67g,"Daftar dan Verifikasi saja sulit,,boro boro manfaatnya",1,0,8.74.0,2025-10-08 20:09:36+00:00,"Halo, Jagoan. Mohon maaf atas kendala yang terjadi ya. Kamu tidak perlu khawatir, kamu bisa menjelaskan detail kendala tersebut melalui email di tanya@jago.com atau call center 1500 746 untuk kami bantu tangani lebih lanjut. Terima kasih :)",2025-10-08 20:54:19,8.74.0
ace68d91-87a0-4600-b057-989bbcd3c68a,Pengguna Google,https://play-lh.googleusercontent.com/EGemoI2NTXmTsBVtJqk8jxF9rh8ApRWfsIMQSt2uE4OcpQqbFu7f7NbTK05lx80nuSijCz7sc3a277R67g,"CS slow respon, transaksi udh setengah jam belum berhasil tapi dah nyedot saldo",1,0,,2025-10-08 20:04:02+00:00,"Halo, Jagoan. Mohon maaf atas kendala yang terjadi ya. Kamu tidak perlu khawatir, kamu bisa menjelaskan detail kendala tersebut melalui email di tanya@jago.com atau call center 1500 746 untuk kami bantu tangani lebih lanjut. Terima kasih :)",2025-10-08 20:54:22,
c0a61612-6b35-4d58-92e8-11b82db25b29,Pengguna Google,https://play-lh.googleusercontent.com/EGemoI2NTXmTsBVtJqk8jxF9rh8ApRWfsIMQSt2uE4OcpQqbFu7f7NbTK05lx80nuSijCz7sc3a277R67g,sangat terbantu,5,0,8.73.0,2025-10-08 19:20:14+00:00,,,8.73.0
3908ab89-28ba-4867-86cc-780131d5eb82,Pengguna Google,https://play-lh.googleusercontent.com/EGemoI2NTXmTsBVtJqk8jxF9rh8ApRWfsIMQSt2uE4OcpQqbFu7f7NbTK05lx80nuSijCz7sc3a277R67g,susah scan qris,1,0,8.74.0,2025-10-08 19:11:06+00:00,"Halo, Jagoan. Mohon maaf atas kendala yang terjadi ya. Kamu tidak perlu khawatir, kamu bisa menjelaskan detail kendala tersebut melalui email di tanya@jago.com atau call center 1500 746 untuk kami bantu tangani lebih lanjut. Terima kasih :)",2025-10-08 20:05:06,8.74.0
4e0c53d2-8dca-4c47-aa42-27de3724d49e,Pengguna Google,https://play-lh.googleusercontent.com/EGemoI2NTXmTsBVtJqk8jxF9rh8ApRWfsIMQSt2uE4OcpQqbFu7f7NbTK05lx80nuSijCz7sc3a277R67g,setan uang saya disini tapi ga bisa login baru juga d transfer. udah d bantu cs tetep aja ga bisa masuk bener bener! astagfirullah nyusahin banget nyesel banget download dan percaya ya allah astagfirullah.,1,0,8.74.0,2025-10-08 19:03:57+00:00,"Halo, Jagoan. Mohon maaf atas kendala yang terjadi ya. Kamu tidak perlu khawatir, kamu bisa menjelaskan detail kendala tersebut melalui email di tanya@jago.com atau call center 1500 746 untuk kami bantu tangani lebih lanjut. Terima kasih :)",2025-10-08 20:05:00,8.74.0
d20139dd-db09-4629-a1aa-51a09ea16cfc,Pengguna Google,https://play-lh.googleusercontent.com/EGemoI2NTXmTsBVtJqk8jxF9rh8ApRWfsIMQSt2uE4OcpQqbFu7f7NbTK05lx80nuSijCz7sc3a277R67g,"transaksi gajelas uang ketahan gitu aja harus nunggu sedangkan uang mya kita mau bayar tagihan, bunga tagihan jadi terus berjalan mau tanggung jawab pihak jago, saya minta secepatnya lah di perbaiki.",1,0,,2025-10-08 18:39:40+00:00,"Halo, Jagoan. Mohon maaf atas kendala yang terjadi ya. Kamu tidak perlu khawatir, kamu bisa menjelaskan detail kendala tersebut melalui email di tanya@jago.com atau call center 1500 746 untuk kami bantu tangani lebih lanjut. Terima kasih :)",2025-10-08 20:05:15,
b99dadec-2624-4587-bedb-7e4e3c7ffecb,Pengguna Google,https://play-lh.googleusercontent.com/EGemoI2NTXmTsBVtJqk8jxF9rh8ApRWfsIMQSt2uE4OcpQqbFu7f7NbTK05lx80nuSijCz7sc3a277R67g,aplikasi ini sangat mantap,5,0,8.73.0,2025-10-08 18:33:04+00:00,,,8.73.0
9d4d602a-2c08-4bc1-ae21-79c0fcec26e9,Pengguna Google,https://play-lh.googleusercontent.com/EGemoI2NTXmTsBVtJqk8jxF9rh8ApRWfsIMQSt2uE4OcpQqbFu7f7NbTK05lx80nuSijCz7sc3a277R67g,"gajelas pengiriman uang nya lama sampai 2 jam , ga rekomendasi buat di pakai saat Buru buru kirim uang uinstall saja",1,0,,2025-10-08 18:11:01+00:00,"Halo, Jagoan. Mohon maaf atas kendala yang terjadi ya. Kamu tidak perlu khawatir, kamu bisa menjelaskan detail kendala tersebut melalui email di tanya@jago.com atau call center 1500 746 untuk kami bantu tangani lebih lanjut. Terima kasih :)",2025-10-08 18:42:53,
4516faed-e1af-4b79-ba68-18d2f5f3eae1,Pengguna Google,https://play-lh.googleusercontent.com/EGemoI2NTXmTsBVtJqk8jxF9rh8ApRWfsIMQSt2uE4OcpQqbFu7f7NbTK05lx80nuSijCz7sc3a277R67g,oke,5,0,8.68.0,2025-10-08 18:02:54+00:00,,,8.68.0
febd1b96-ffda-4921-baa5-2d2196971bbc,Pengguna Google,https://play-lh.googleusercontent.com/EGemoI2NTXmTsBVtJqk8jxF9rh8ApRWfsIMQSt2uE4OcpQqbFu7f7NbTK05lx80nuSijCz7sc3a277R67g,sangat bagus tpi ga bisa pinjam uang klo lgi ke pepet,5,0,8.70.1,2025-10-08 17:13:21+00:00,,,8.70.1
07c259cb-9d96-44ad-a887-89666e436164,Pengguna Google,https://play-lh.googleusercontent.com/EGemoI2NTXmTsBVtJqk8jxF9rh8ApRWfsIMQSt2uE4OcpQqbFu7f7NbTK05lx80nuSijCz7sc3a277R67g,"yok nabung di Bank jago, aman nyaman tanpa potongan bulanan",5,0,8.74.0,2025-10-08 15:02:01+00:00,,,8.74.0
1db8870e-a26b-422c-afb9-78f3f3c776c8,Pengguna Google,https://play-lh.googleusercontent.com/EGemoI2NTXmTsBVtJqk8jxF9rh8ApRWfsIMQSt2uE4OcpQqbFu7f7NbTK05lx80nuSijCz7sc3a277R67g,"aplikasi perbankan yang sangat mengecewakan, transfer nunggu sampe berjam² keterangan dalam proses trus... tidak hanya sekali aja ini berkali² tutup aja aplikasi nya klo tidak memungkinkan",1,5,8.74.0,2025-10-08 14:20:08+00:00,"Halo, Jagoan. Mohon maaf atas kendala yang terjadi ya. Kamu tidak perlu khawatir, kamu bisa menjelaskan detail kendala tersebut melalui email di tanya@jago.com atau call center 1500 746 untuk kami bantu tangani lebih lanjut. Terima kasih :)",2025-10-08 14:32:34,8.74.0
a2132bf6-5238-453f-86b3-d0d87ad9d444,Pengguna Google,https://play-lh.googleusercontent.com/EGemoI2NTXmTsBVtJqk8jxF9rh8ApRWfsIMQSt2uE4OcpQqbFu7f7NbTK05lx80nuSijCz7sc3a277R67g,parah udh kasih nik udah vc giliran di kirimin kode otp gk smpe 4 detik berubah rubah mlu gimana mau reset password yg ada gagal terus,2,0,8.74.0,2025-10-08 14:15:25+00:00,"Halo, Jagoan. Mohon maaf atas kendala yang terjadi ya. Kamu tidak perlu khawatir, kamu bisa menjelaskan detail kendala tersebut melalui email di tanya@jago.com atau call center 1500 746 untuk kami bantu tangani lebih lanjut. Terima kasih :)",2025-10-08 14:30:50,8.74.0
0aae4986-ec1b-460d-a31a-65fa497daf26,Pengguna Google,https://play-lh.googleusercontent.com/EGemoI2NTXmTsBVtJqk8jxF9rh8ApRWfsIMQSt2uE4OcpQqbFu7f7NbTK05lx80nuSijCz7sc3a277R67g,terbaik,5,0,8.74.0,2025-10-08 13:57:31+00:00,,,8.74.0
c6680403-41b0-4334-806c-8d3c6e36f67c,Pengguna Google,https://play-lh.googleusercontent.com/EGemoI2NTXmTsBVtJqk8jxF9rh8ApRWfsIMQSt2uE4OcpQqbFu7f7NbTK05lx80nuSijCz7sc3a277R67g,mantap,5,0,8.74.0,2025-10-08 13:34:16+00:00,,,8.74.0
82480117-c175-4601-84b9-dbf1cf1c67a1,Pengguna Google,https://play-lh.googleusercontent.com/EGemoI2NTXmTsBVtJqk8jxF9rh8ApRWfsIMQSt2uE4OcpQqbFu7f7NbTK05lx80nuSijCz7sc3a277R67g,"TOLONG LAH JGN DI PERSULIT, SAYA PENGGUNA SETIA JAGO, SAAT INI MENGALAMI KENDALANYA DI VERIFIKASI WAJAH YANG TERLALU SULIT MENDETEKSI WAJAH, KONEKSI JARINGAN STABIL, PENCAHAYAAN SUDAH CUKUP BAIK, TETAPI TIDAK ADA RESPONSIF, KALO MAU VERIFIKASI WAJAH ITU TOLONG DI KASIH TIMER , MASA HARUS BERJAM JAM NUNGGU VERIFIKASI WAJAH KAGA TERDETEKSI, SY REDMI NOTE 4X, ANDROID 6, TOLONG SEGERA UPDATE FIX NYA DONK MIN, UDAH EMAIL JUGA TETAP MASIH KESULITAN DI VERIFIKASI WAJAH, BERSIFAT: URGENT!!!!!",1,0,8.74.0,2025-10-08 12:57:53+00:00,"Hai, Jagoan. Mohon maaf untuk kendala yang kamu alami. Terkait kendala tersebut, kamu bisa segera laporkan ke Tanya Jago di nomor 1500746/021-30000746 atau e-mail ke tanya@jago.com ya. Tidak perlu khawatir karena tim terkait kami akan segera membantu. Terima kasih.",2025-10-08 13:08:07,8.74.0
b5d474da-59e0-400b-b78b-d8484961127d,Pengguna Google,https://play-lh.googleusercontent.com/EGemoI2NTXmTsBVtJqk8jxF9rh8ApRWfsIMQSt2uE4OcpQqbFu7f7NbTK05lx80nuSijCz7sc3a277R67g,"menggunakan aplikasi bank jago, pas mau keluar tidak ada minta konfirmasi. jadi status akun masih login dan kedua suka keluar masuk tiba tiba. kita udah call nomor center, tujuannya agar memperbaiki namun responnya seolah gak terima masukan. jangan defend kalau kasih masukan, karena tujuannya untuk kemajuan juga. Coba masuk ke BRI, BCA, BNI, nah liat bedanya pas login aplikasi",3,0,,2025-10-08 10:39:39+00:00,"Hai, Jagoan. Mohon maaf untuk kendala yang kamu alami. Terkait kendala tersebut, kamu bisa segera laporkan ke Tanya Jago di nomor 1500746/021-30000746 atau e-mail ke tanya@jago.com ya. Tidak perlu khawatir karena tim terkait kami akan segera membantu. Terima kasih.",2025-10-08 11:02:23,
4d534d95-8609-4aa6-8c3f-aabd04824f47,Pengguna Google,https://play-lh.googleusercontent.com/EGemoI2NTXmTsBVtJqk8jxF9rh8ApRWfsIMQSt2uE4OcpQqbFu7f7NbTK05lx80nuSijCz7sc3a277R67g,bank jago terjamin ojk.sah .bunga rendah limit tinggi..good,5,0,,2025-10-08 10:25:01+00:00,,,
2a2336ba-b19c-4726-b616-a67e1bcd87b9,Pengguna Google,https://play-lh.googleusercontent.com/EGemoI2NTXmTsBVtJqk8jxF9rh8ApRWfsIMQSt2uE4OcpQqbFu7f7NbTK05lx80nuSijCz7sc3a277R67g,masukkan nomor rekening agak ribet,4,0,8.73.0,2025-10-08 08:39:12+00:00,"Hai, Jagoan! Terima kasih sudah memberikan ulasan dan sudah memilih Bank Jago sebagai bank digital kamu. Jika kamu memerlukan informasi seputar Bank Jago, silakan hubungi Tanya Jago di 1500746/+62 21 3000 0746, atau melalui email ke tanya@jago.com. Dengan senang hati akan membantu.
",2025-10-08 09:00:44,8.73.0
083c715a-eeee-4228-8dcd-ef9969194b4e,Pengguna Google,https://play-lh.googleusercontent.com/EGemoI2NTXmTsBVtJqk8jxF9rh8ApRWfsIMQSt2uE4OcpQqbFu7f7NbTK05lx80nuSijCz7sc3a277R67g,good applikasi,5,0,8.74.0,2025-10-08 08:27:16+00:00,,,8.74.0
7a655790-3362-4dc7-b3b2-f64f18ccdf77,Pengguna Google,https://play-lh.googleusercontent.com/EGemoI2NTXmTsBVtJqk8jxF9rh8ApRWfsIMQSt2uE4OcpQqbFu7f7NbTK05lx80nuSijCz7sc3a277R67g,kereen,5,0,8.74.0,2025-10-08 07:33:13+00:00,,,8.74.0
5f0abd74-5814-4fdb-9d05-628b11aabcd8,Pengguna Google,https://play-lh.googleusercontent.com/EGemoI2NTXmTsBVtJqk8jxF9rh8ApRWfsIMQSt2uE4OcpQqbFu7f7NbTK05lx80nuSijCz7sc3a277R67g,"udah make apk jago cukup lama, tapi fitur dana cepat di akun saya masih tertulis segera hadir :(",1,0,8.74.0,2025-10-08 04:51:41+00:00,"Halo, Jagoan. Mohon maaf atas kendala yang terjadi ya. Kamu tidak perlu khawatir, kamu bisa menjelaskan detail kendala tersebut melalui email di tanya@jago.com atau call center 1500 746 untuk kami bantu tangani lebih lanjut. Terima kasih :)",2025-10-08 05:06:35,8.74.0
57a3dbc1-7c13-4d18-b9d2-36bb747587cf,Pengguna Google,https://play-lh.googleusercontent.com/EGemoI2NTXmTsBVtJqk8jxF9rh8ApRWfsIMQSt2uE4OcpQqbFu7f7NbTK05lx80nuSijCz7sc3a277R67g,banyak bug nya kentot,1,0,8.68.0,2025-10-08 03:34:13+00:00,"Halo, Jagoan! Mohon maaf atas ketidaknyamanannya. Kami mengerti atas pengalaman kurang baik yang kamu alami. Untuk membantu kamu lebih lanjut, mohon menghubungi Tanya Jago di 1500746 / 021-30000746 atau email ke tanya@jago.com untuk kami cek lebih lanjut terkait kendala tersebut. Kami tunggu laporan dari kamu ya.",2025-10-08 04:08:34,8.68.0
a7c221e8-a9b7-43bb-ad71-e013ffc416e1,Pengguna Google,https://play-lh.googleusercontent.com/EGemoI2NTXmTsBVtJqk8jxF9rh8ApRWfsIMQSt2uE4OcpQqbFu7f7NbTK05lx80nuSijCz7sc3a277R67g,kalau bisa Lupa password tampa Materai Soalnya ribet,1,0,,2025-10-08 02:53:41+00:00,"Halo, Jagoan. Mohon maaf atas kendala yang terjadi ya. Kamu tidak perlu khawatir, kamu bisa menjelaskan detail kendala tersebut melalui email di tanya@jago.com atau call center 1500 746 untuk kami bantu tangani lebih lanjut. Terima kasih :)",2025-10-08 03:05:38,
1f732cb5-42cc-49c3-b8de-db66bb662551,Pengguna Google,https://play-lh.googleusercontent.com/EGemoI2NTXmTsBVtJqk8jxF9rh8ApRWfsIMQSt2uE4OcpQqbFu7f7NbTK05lx80nuSijCz7sc3a277R67g,sangat puas,5,0,8.74.0,2025-10-08 00:23:48+00:00,,,8.74.0
b64f0582-0d0c-4526-8e65-82cfeaf5fb70,Pengguna Google,https://play-lh.googleusercontent.com/EGemoI2NTXmTsBVtJqk8jxF9rh8ApRWfsIMQSt2uE4OcpQqbFu7f7NbTK05lx80nuSijCz7sc3a277R67g,bagus,5,0,,2025-10-08 00:16:12+00:00,,,
c9fa9d8f-d022-4db0-a1a9-83ee71611b53,Pengguna Google,https://play-lh.googleusercontent.com/EGemoI2NTXmTsBVtJqk8jxF9rh8ApRWfsIMQSt2uE4OcpQqbFu7f7NbTK05lx80nuSijCz7sc3a277R67g,mantpp tapi blm ada fitur pinjamn ya,5,0,8.74.0,2025-10-07 23:48:10+00:00,,,8.74.0
3ad53e45-89f0-4ca2-a4f8-2c293fb2a46f,Pengguna Google,https://play-lh.googleusercontent.com/EGemoI2NTXmTsBVtJqk8jxF9rh8ApRWfsIMQSt2uE4OcpQqbFu7f7NbTK05lx80nuSijCz7sc3a277R67g,"saya mau ganti no hp gara gara kartu nya hilang gak bisa di perbarui dan saya lupa no hp nya tetap aja di persulit, kalo gitu udah tutup aja akun saya nya tapi, di persulit juga",1,0,8.74.0,2025-10-07 23:11:09+00:00,"Halo, Jagoan! Mohon maaf atas ketidaknyamanannya. Kami mengerti atas pengalaman kurang baik yang kamu alami. Untuk membantu kamu lebih lanjut, mohon menghubungi Tanya Jago di 1500746 / 021-30000746 atau email ke tanya@jago.com untuk kami cek lebih lanjut terkait kendala tersebut. Kami tunggu laporan dari kamu ya.",2025-10-07 23:44:07,8.74.0
4b7860fe-2b92-4bd2-ae40-010982a43a16,Pengguna Google,https://play-lh.googleusercontent.com/EGemoI2NTXmTsBVtJqk8jxF9rh8ApRWfsIMQSt2uE4OcpQqbFu7f7NbTK05lx80nuSijCz7sc3a277R67g,luarbiasah👌💯,5,0,8.73.0,2025-10-07 22:27:17+00:00,,,8.73.0
90129400-4b3f-40d4-90f5-4d1e87026859,Pengguna Google,https://play-lh.googleusercontent.com/EGemoI2NTXmTsBVtJqk8jxF9rh8ApRWfsIMQSt2uE4OcpQqbFu7f7NbTK05lx80nuSijCz7sc3a277R67g,good,5,0,,2025-10-07 22:05:44+00:00,,,
a64ba948-b923-4537-9981-bb226cd6bba5,Pengguna Google,https://play-lh.googleusercontent.com/EGemoI2NTXmTsBVtJqk8jxF9rh8ApRWfsIMQSt2uE4OcpQqbFu7f7NbTK05lx80nuSijCz7sc3a277R67g,akun saya ga bisa login udh menghubungi admin tetep ga ada jawaban tolong dong solusinya akun saya no e udh hangus kira-kira buat login gmn yaaa...min,1,0,,2025-10-07 21:01:32+00:00,"Halo, Jagoan. Mohon maaf atas kendala yang terjadi ya. Kamu tidak perlu khawatir, kamu bisa menjelaskan detail kendala tersebut melalui email di tanya@jago.com atau call center 1500 746 untuk kami bantu tangani lebih lanjut. Terima kasih :)",2025-10-07 22:01:09,
0a1ea26a-f1f3-4950-84c3-2e6c0625d150,Pengguna Google,https://play-lh.googleusercontent.com/EGemoI2NTXmTsBVtJqk8jxF9rh8ApRWfsIMQSt2uE4OcpQqbFu7f7NbTK05lx80nuSijCz7sc3a277R67g,sangat membantu.,5,0,8.74.0,2025-10-07 20:43:39+00:00,,,8.74.0
fcc7999e-ce33-403c-b18e-afece9971f19,Pengguna Google,https://play-lh.googleusercontent.com/EGemoI2NTXmTsBVtJqk8jxF9rh8ApRWfsIMQSt2uE4OcpQqbFu7f7NbTK05lx80nuSijCz7sc3a277R67g,salah pasword melulu pas mau masuk,1,0,8.74.0,2025-10-07 20:15:06+00:00,"Halo, Jagoan. Mohon maaf atas kendala yang terjadi ya. Kamu tidak perlu khawatir, kamu bisa menjelaskan detail kendala tersebut melalui email di tanya@jago.com atau call center 1500 746 untuk kami bantu tangani lebih lanjut. Terima kasih :)",2025-10-07 20:30:21,8.74.0
97fdf236-362c-4536-bc90-6c40858c8b69,Pengguna Google,https://play-lh.googleusercontent.com/EGemoI2NTXmTsBVtJqk8jxF9rh8ApRWfsIMQSt2uE4OcpQqbFu7f7NbTK05lx80nuSijCz7sc3a277R67g,Jago Apk Dompet Digital Bagus joss,5,0,8.74.0,2025-10-07 20:01:55+00:00,,,8.74.0
0b6a0b71-ba90-46e1-98ce-33111f1be1cd,Pengguna Google,https://play-lh.googleusercontent.com/EGemoI2NTXmTsBVtJqk8jxF9rh8ApRWfsIMQSt2uE4OcpQqbFu7f7NbTK05lx80nuSijCz7sc3a277R67g,"Ga bisa di tf ntah kenapa tulisannya Saldo tidak cukup, padahal udah jelas contoh di tulisannya 50.000, saya mau kirim berapapun ga bisa, apa apaan ini",1,3,8.74.0,2025-10-07 18:55:06+00:00,"Halo, Jagoan. Mohon maaf atas kendala yang terjadi ya. Kamu tidak perlu khawatir, kamu bisa menjelaskan detail kendala tersebut melalui email di tanya@jago.com atau call center 1500 746 untuk kami bantu tangani lebih lanjut. Terima kasih :)",2025-10-07 19:04:13,8.74.0
c6398e75-e4e0-477e-a3f8-0111ccc4cbf0,Pengguna Google,https://play-lh.googleusercontent.com/EGemoI2NTXmTsBVtJqk8jxF9rh8ApRWfsIMQSt2uE4OcpQqbFu7f7NbTK05lx80nuSijCz7sc3a277R67g,"ada logo gembok dan loading lama ketika saya ingin mengakses akun saya, menyulitkan untuk bertransaksi",1,0,8.74.0,2025-10-07 16:39:19+00:00,"Halo, Jagoan! Mohon maaf atas ketidaknyamanan yang Kakak alami. Supaya bisa membantu lebih lanjut, Kakak bisa menginformasikan detail keluhannya melalui email tanya@jago.com ya. Tim terkait kami dengan senang hati akan membantu Kakak menyelesaikan permasalahannya.",2025-10-07 17:28:22,8.74.0
8f37c02e-5356-4b4a-b341-b55f421d3871,Pengguna Google,https://play-lh.googleusercontent.com/EGemoI2NTXmTsBVtJqk8jxF9rh8ApRWfsIMQSt2uE4OcpQqbFu7f7NbTK05lx80nuSijCz7sc3a277R67g,bang jago.. bang nya para bandar,5,0,,2025-10-07 16:26:06+00:00,,,
4c803294-ad52-4320-84e5-9c10ba55396c,Pengguna Google,https://play-lh.googleusercontent.com/EGemoI2NTXmTsBVtJqk8jxF9rh8ApRWfsIMQSt2uE4OcpQqbFu7f7NbTK05lx80nuSijCz7sc3a277R67g,bank pertama yang ku punya semoga makin tumbuh perusahaan nya aplikasi nya makin bagus,5,0,,2025-10-07 15:19:44+00:00,,,
ad8fe195-0cc2-47bd-8ff0-cc87532b5e66,Pengguna Google,https://play-lh.googleusercontent.com/EGemoI2NTXmTsBVtJqk8jxF9rh8ApRWfsIMQSt2uE4OcpQqbFu7f7NbTK05lx80nuSijCz7sc3a277R67g,aplikasi ini sangat bagus,5,0,,2025-10-07 15:17:51+00:00,,,
b79bbd84-ea84-4e3e-a139-27d65fce415a,Pengguna Google,https://play-lh.googleusercontent.com/EGemoI2NTXmTsBVtJqk8jxF9rh8ApRWfsIMQSt2uE4OcpQqbFu7f7NbTK05lx80nuSijCz7sc3a277R67g,"apl baru, semoga lebih bermanfaat bagi org utk menabung di bank jago",5,0,8.74.0,2025-10-07 13:53:10+00:00,,,8.74.0
650851c1-5a28-4068-b745-426050b6e897,Pengguna Google,https://play-lh.googleusercontent.com/EGemoI2NTXmTsBVtJqk8jxF9rh8ApRWfsIMQSt2uE4OcpQqbFu7f7NbTK05lx80nuSijCz7sc3a277R67g,Aplikasinya sangat membantu..Mantap👍,5,0,,2025-10-07 13:50:39+00:00,,,
5b678210-c6cb-4008-bec2-98a8729bc558,Pengguna Google,https://play-lh.googleusercontent.com/EGemoI2NTXmTsBVtJqk8jxF9rh8ApRWfsIMQSt2uE4OcpQqbFu7f7NbTK05lx80nuSijCz7sc3a277R67g,Ok,5,0,8.74.0,2025-10-07 13:23:49+00:00,,,8.74.0
83554c44-e7eb-4c58-b4eb-15cb9effd90a,Pengguna Google,https://play-lh.googleusercontent.com/EGemoI2NTXmTsBVtJqk8jxF9rh8ApRWfsIMQSt2uE4OcpQqbFu7f7NbTK05lx80nuSijCz7sc3a277R67g,"Edit : Parah Banget Aplikasinya. Kemarin disuruh Login Terus Tiap Masuk Aplikasi Disuruh Bikin Pin Baru, Ini Sekarang Setelah di Update Malah Gak Bisa Login Sama Sekali, Pin Salah, Password Salah.",1,5,8.74.0,2025-10-07 13:17:08+00:00,"Halo, Jagoan. Mohon maaf atas kendala yang terjadi ya. Kamu tidak perlu khawatir, kamu bisa menjelaskan detail kendala tersebut melalui email di tanya@jago.com atau call center 1500 746 untuk kami bantu tangani lebih lanjut. Terima kasih :)",2025-10-07 13:30:35,8.74.0
b45237fc-03c6-44ab-ab72-440e81a130da,Pengguna Google,https://play-lh.googleusercontent.com/EGemoI2NTXmTsBVtJqk8jxF9rh8ApRWfsIMQSt2uE4OcpQqbFu7f7NbTK05lx80nuSijCz7sc3a277R67g,Good,5,0,8.73.0,2025-10-07 12:17:53+00:00,,,8.73.0
f25f66a5-215b-4730-ba58-4aab268ba1c1,Pengguna Google,https://play-lh.googleusercontent.com/EGemoI2NTXmTsBVtJqk8jxF9rh8ApRWfsIMQSt2uE4OcpQqbFu7f7NbTK05lx80nuSijCz7sc3a277R67g,sangat rekomendasi,5,0,8.74.0,2025-10-07 12:12:39+00:00,,,8.74.0
4eb1d5f4-f9a5-47e3-8569-efc40a2a7c7c,Pengguna Google,https://play-lh.googleusercontent.com/EGemoI2NTXmTsBVtJqk8jxF9rh8ApRWfsIMQSt2uE4OcpQqbFu7f7NbTK05lx80nuSijCz7sc3a277R67g,"Merupakan aplikasi keuangan digital terbaik sejauh ini yang pernah saya coba. Terintegrasi langsung dengan aplikasi investment & trade, menyediakan kartu digital dan fisik, free admin, dan berbagai keuntungan lainnya. So Far is so Powerfull Apps.",5,13,8.74.0,2025-10-07 12:10:45+00:00,,,8.74.0
fd2c1bda-2895-4cb8-b788-9168f4d2ab24,Pengguna Google,https://play-lh.googleusercontent.com/EGemoI2NTXmTsBVtJqk8jxF9rh8ApRWfsIMQSt2uE4OcpQqbFu7f7NbTK05lx80nuSijCz7sc3a277R67g,"bank digital yg super enak dan nyaman, ngambil cash jga ga kena cas dn transfer jga gratis ongkir. cuma masalah baru dtg ketika HP jatoh dn no. sudah mati tp setelah mengikuti prosedur dari bank jago dan hampir menghabiskan bwt isi pulsa alhamdulillah di tuntun dengan sabar dgn admin jago dan akhirnya bisa login kebuka lagi bank jago nya.",5,0,,2025-10-07 11:46:15+00:00,,,
1376f5bc-97d2-4ca8-a85d-41baea5b2a27,Pengguna Google,https://play-lh.googleusercontent.com/EGemoI2NTXmTsBVtJqk8jxF9rh8ApRWfsIMQSt2uE4OcpQqbFu7f7NbTK05lx80nuSijCz7sc3a277R67g,sangat mudah digunakan.,5,0,8.74.0,2025-10-07 11:17:54+00:00,,,8.74.0
92fcfac1-4ca7-44c6-83cb-018fff3778be,Pengguna Google,https://play-lh.googleusercontent.com/EGemoI2NTXmTsBVtJqk8jxF9rh8ApRWfsIMQSt2uE4OcpQqbFu7f7NbTK05lx80nuSijCz7sc3a277R67g,memuaskan,5,0,8.74.0,2025-10-07 10:54:04+00:00,,,8.74.0
780a4c1f-2681-4a01-9a76-b4afb3241612,Pengguna Google,https://play-lh.googleusercontent.com/EGemoI2NTXmTsBVtJqk8jxF9rh8ApRWfsIMQSt2uE4OcpQqbFu7f7NbTK05lx80nuSijCz7sc3a277R67g,TOLONG HAPUS DATA PRIBADI SAYA! SAYA TIDAK PERNAH MENGGUNAKAN BANK JAGO TAPI NIK SAYA TERDAFTAR!,1,0,8.74.0,2025-10-07 09:32:36+00:00,"Hai, Jagoan. Mohon maaf untuk kendala yang kamu alami. Terkait kendala tersebut, kamu bisa segera laporkan ke Tanya Jago di nomor 1500746/021-30000746 atau e-mail ke tanya@jago.com ya. Tidak perlu khawatir karena tim terkait kami akan segera membantu. Terima kasih.
",2025-10-07 10:02:21,8.74.0
e37e6a69-219a-4968-a337-15e0302edd2f,Pengguna Google,https://play-lh.googleusercontent.com/EGemoI2NTXmTsBVtJqk8jxF9rh8ApRWfsIMQSt2uE4OcpQqbFu7f7NbTK05lx80nuSijCz7sc3a277R67g,bank Jago PHP.. katanya mendapatkan limit pinjaman 3 hari kedepan.. pas ditunggu2 tetap aja gx ada penawaran.. sumpah kecewa banget,1,0,8.74.0,2025-10-07 09:31:53+00:00,"Halo, Jagoan. Mohon maaf atas kendala yang terjadi ya. Kamu tidak perlu khawatir, kamu bisa menjelaskan detail kendala tersebut melalui email di tanya@jago.com atau call center 1500 746 untuk kami bantu tangani lebih lanjut. Terima kasih :)",2025-10-07 10:01:15,8.74.0
0af5cd14-4ef0-4fc6-b448-0c48131c2aa5,Pengguna Google,https://play-lh.googleusercontent.com/EGemoI2NTXmTsBVtJqk8jxF9rh8ApRWfsIMQSt2uE4OcpQqbFu7f7NbTK05lx80nuSijCz7sc3a277R67g,ok,5,0,8.74.0,2025-10-07 09:22:27+00:00,,,8.74.0
70ee5fe7-6584-424c-8fbe-c5f73e80fd9c,Pengguna Google,https://play-lh.googleusercontent.com/EGemoI2NTXmTsBVtJqk8jxF9rh8ApRWfsIMQSt2uE4OcpQqbFu7f7NbTK05lx80nuSijCz7sc3a277R67g,Bank jago mantap,5,0,8.74.0,2025-10-07 08:27:05+00:00,,,8.74.0
2ecad631-cb37-4d67-a622-8d4c9a347e28,Pengguna Google,https://play-lh.googleusercontent.com/EGemoI2NTXmTsBVtJqk8jxF9rh8ApRWfsIMQSt2uE4OcpQqbFu7f7NbTK05lx80nuSijCz7sc3a277R67g,"ini kenapa pas dibuka selalu lost connection ya? padahal connection aman, buka bank lain aman, baru bikin akun aman, terus sama load UI nya agak lama ya + trus refreshnya juga repeat. bikin nggak nyaman. *tambahan polanya di hpku kalau gagal load nanti ada connection lost, tapi ya gagal load terus si🥲",5,172,8.74.0,2025-10-07 07:52:25+00:00,"Halo, Jagoan! Mohon maaf atas ketidaknyamanannya. Kami mengerti atas pengalaman kurang baik yang kamu alami. Untuk membantu kamu lebih lanjut, mohon menghubungi Tanya Jago di 1500746 / 021-30000746 atau email ke tanya@jago.com untuk kami cek lebih lanjut terkait kendala tersebut. Kami tunggu laporan dari kamu ya.",2025-10-07 06:06:57,8.74.0
c93652de-7ddc-4a21-b947-49c0a9664b2f,Pengguna Google,https://play-lh.googleusercontent.com/EGemoI2NTXmTsBVtJqk8jxF9rh8ApRWfsIMQSt2uE4OcpQqbFu7f7NbTK05lx80nuSijCz7sc3a277R67g,👍👍,5,0,8.73.0,2025-10-07 07:50:44+00:00,,,8.73.0
774c42ea-fd0a-436e-8aac-5925fa693ba5,Pengguna Google,https://play-lh.googleusercontent.com/EGemoI2NTXmTsBVtJqk8jxF9rh8ApRWfsIMQSt2uE4OcpQqbFu7f7NbTK05lx80nuSijCz7sc3a277R67g,susah masuk nya dah masukkan pin tiba2 keluar,1,0,,2025-10-07 07:39:23+00:00,"Hai, Jagoan. Mohon maaf untuk kendala yang kamu alami. Terkait kendala tersebut, kamu bisa segera laporkan ke Tanya Jago di nomor 1500746/021-30000746 atau e-mail ke tanya@jago.com ya. Tidak perlu khawatir karena tim terkait kami akan segera membantu. Terima kasih.",2025-10-07 08:00:38,
5d8eb207-29ef-42c6-92e6-b294cbd9e6f3,Pengguna Google,https://play-lh.googleusercontent.com/EGemoI2NTXmTsBVtJqk8jxF9rh8ApRWfsIMQSt2uE4OcpQqbFu7f7NbTK05lx80nuSijCz7sc3a277R67g,jago sangat membantu dalam bertransaksi keuangan semoga fitur pinjamannya juga bisa terbuka secepatnya,5,0,,2025-10-07 00:57:00+00:00,,,
d4c1776d-145e-40da-9db1-aa49ccfd2418,Pengguna Google,https://play-lh.googleusercontent.com/EGemoI2NTXmTsBVtJqk8jxF9rh8ApRWfsIMQSt2uE4OcpQqbFu7f7NbTK05lx80nuSijCz7sc3a277R67g,mantap,5,0,8.73.0,2025-10-07 00:45:39+00:00,,,8.73.0
d5068f86-8ee3-4146-9e18-7510a8e2c0ac,Pengguna Google,https://play-lh.googleusercontent.com/EGemoI2NTXmTsBVtJqk8jxF9rh8ApRWfsIMQSt2uE4OcpQqbFu7f7NbTK05lx80nuSijCz7sc3a277R67g,"SANGAT LAMA RESPONNYA DARI HARI JUMAT SAYA SUDAH LAPOR PERIHAL TIDAK BISA LOGIN AKUN BANK JAGO VIA EMAIL, TELEPHONE, JAWABAN LAPORAN MASIH DIPROSES, MANA DUIT ADA DIBANK JAGO JADI MENGHAMBAT SEMUA, SAYA TANYA BRP LAMA SAYA HRS NUNGGU LAGI?KARNA UANG MAU SY PAKAI, JAWABANNYA TIDAK BS TAU ESTIMASI KAPAN.PADAHAL TINGGAL AKTIFIN AJA LOH, MAU PAKAI UANG SENDIRI AJA DIPERSULIT, TOLONGG YAAAA SEGERA SAYA TUNGGU HARI INIII, GAPERNAH NIH RATING RATING GINII, KARNA NGERASA DISEPELEIN AJA JADI EMOSI HUHUU",1,0,8.74.0,2025-10-06 23:57:06+00:00,"Halo, Jagoan! Mohon maaf apabila terdapat fitur atau layanan Jago yang belum sesuai harapan kamu. Kamu bisa menghubungi Tanya Jago di nomor 1500746 / 021-30000746 atau e-mail ke tanya@jago.com untuk kami bantu cek kendalanya lebih lanjut ya. Agent kami dengan senang hati membantu kamu.",2025-10-07 00:06:32,8.74.0
dcfbfdce-cbdb-4f42-9d26-ec644ec71db3,Pengguna Google,https://play-lh.googleusercontent.com/EGemoI2NTXmTsBVtJqk8jxF9rh8ApRWfsIMQSt2uE4OcpQqbFu7f7NbTK05lx80nuSijCz7sc3a277R67g,"baru aja nyoba buat transfer dari bank jago ke bca, tpi lama prosesnya, kalau dalam keadaan darurat, nggak tau harus gimana lagi",1,0,8.74.0,2025-10-06 23:40:04+00:00,"Halo, Jagoan! Mohon maaf atas ketidaknyamanannya. Kami mengerti atas pengalaman kurang baik yang kamu alami. Untuk membantu kamu lebih lanjut, mohon menghubungi Tanya Jago di 1500746 / 021-30000746 atau email ke tanya@jago.com untuk kami cek lebih lanjut terkait kendala tersebut. Kami tunggu laporan dari kamu ya.",2025-10-07 00:06:12,8.74.0
d265dbbe-fe38-45b3-af60-9c2f3fd247d0,Pengguna Google,https://play-lh.googleusercontent.com/EGemoI2NTXmTsBVtJqk8jxF9rh8ApRWfsIMQSt2uE4OcpQqbFu7f7NbTK05lx80nuSijCz7sc3a277R67g,👍👍👍👍👍,5,0,8.73.0,2025-10-06 23:23:30+00:00,,,8.73.0
f66f5bd0-b60d-49d9-8408-3a574c1eacf2,Pengguna Google,https://play-lh.googleusercontent.com/EGemoI2NTXmTsBVtJqk8jxF9rh8ApRWfsIMQSt2uE4OcpQqbFu7f7NbTK05lx80nuSijCz7sc3a277R67g,bagus,5,0,,2025-10-06 21:27:46+00:00,,,
7d634550-ac30-4ffb-8381-1d9d1afe14f7,Pengguna Google,https://play-lh.googleusercontent.com/EGemoI2NTXmTsBVtJqk8jxF9rh8ApRWfsIMQSt2uE4OcpQqbFu7f7NbTK05lx80nuSijCz7sc3a277R67g,good job,5,0,8.74.0,2025-10-06 21:06:43+00:00,,,8.74.0
f1262a4a-6f0d-426a-b77c-1f4c48a927b1,Pengguna Google,https://play-lh.googleusercontent.com/EGemoI2NTXmTsBVtJqk8jxF9rh8ApRWfsIMQSt2uE4OcpQqbFu7f7NbTK05lx80nuSijCz7sc3a277R67g,tolong untuk pembayaran kartu kredit Bank BCA di adakan..,2,0,8.74.0,2025-10-06 20:41:16+00:00,"Halo, Jagoan. Mohon maaf atas kendala yang terjadi ya. Kamu tidak perlu khawatir, kamu bisa menjelaskan detail kendala tersebut melalui email di tanya@jago.com atau call center 1500 746 untuk kami bantu tangani lebih lanjut. Terima kasih :)
",2025-10-06 21:50:57,8.74.0
c819df16-05f1-4932-8d34-d87537eb24a7,Pengguna Google,https://play-lh.googleusercontent.com/EGemoI2NTXmTsBVtJqk8jxF9rh8ApRWfsIMQSt2uE4OcpQqbFu7f7NbTK05lx80nuSijCz7sc3a277R67g,call center nyolot dibilang hp gw ilang malah disuruh jawab lupa password apa ga kocak,1,0,8.74.0,2025-10-06 19:33:50+00:00,"Halo, Jagoan. Mohon maaf atas kendala yang terjadi ya. Kamu tidak perlu khawatir, kamu bisa menjelaskan detail kendala tersebut melalui email di tanya@jago.com atau call center 1500 746 untuk kami bantu tangani lebih lanjut. Terima kasih :)
",2025-10-06 20:02:19,8.74.0
7f5cdbce-fb7c-4ed2-bcf3-1f8f06c96bdf,Pengguna Google,https://play-lh.googleusercontent.com/EGemoI2NTXmTsBVtJqk8jxF9rh8ApRWfsIMQSt2uE4OcpQqbFu7f7NbTK05lx80nuSijCz7sc3a277R67g,mantap,5,0,8.74.0,2025-10-06 18:00:54+00:00,,,8.74.0
a478e899-2457-4509-96c8-0c9f298efb89,Pengguna Google,https://play-lh.googleusercontent.com/EGemoI2NTXmTsBVtJqk8jxF9rh8ApRWfsIMQSt2uE4OcpQqbFu7f7NbTK05lx80nuSijCz7sc3a277R67g,pokoknya jagoankuu,5,0,8.73.0,2025-10-06 17:57:45+00:00,,,8.73.0
36621bf6-f51c-465a-b917-ab4e01fc7421,Pengguna Google,https://play-lh.googleusercontent.com/EGemoI2NTXmTsBVtJqk8jxF9rh8ApRWfsIMQSt2uE4OcpQqbFu7f7NbTK05lx80nuSijCz7sc3a277R67g,"Agag kesel sebenarnya, masalah nya simple . no saya ganti . dan sudah saya penuhi persyaratan nya , dengan surat pernyataan tanda tangan basah dan ada materai tempel nya . sudah di jelaskan pula alasan nya . sudah telfon juga konfirmasi, jawaban nya selalu dan selalu Setelah kami cek berkas kelengkapan persyaratan perubahan no telepon selular nya sudah lengkap dan benar. dah itu selalu. tp sudah 5jam berlalu tidak ada progres. mencoba login kembali tp setiap send passcode otp no lama trs",1,13,8.74.0,2025-10-06 17:40:47+00:00,"Halo, Jagoan. Mohon maaf atas kendala yang terjadi ya. Kamu tidak perlu khawatir, kamu bisa menjelaskan detail kendala tersebut melalui email di tanya@jago.com atau call center 1500 746 untuk kami bantu tangani lebih lanjut. Terima kasih :)
",2025-10-06 18:01:43,8.74.0
4b3b1713-942b-454e-bad0-7312c85af6db,Pengguna Google,https://play-lh.googleusercontent.com/EGemoI2NTXmTsBVtJqk8jxF9rh8ApRWfsIMQSt2uE4OcpQqbFu7f7NbTK05lx80nuSijCz7sc3a277R67g,ok,5,0,8.70.1,2025-10-06 17:26:36+00:00,,,8.70.1
d97b3b53-ceb9-44db-9d54-e2e9229e950f,Pengguna Google,https://play-lh.googleusercontent.com/EGemoI2NTXmTsBVtJqk8jxF9rh8ApRWfsIMQSt2uE4OcpQqbFu7f7NbTK05lx80nuSijCz7sc3a277R67g,"Bank Jago, atau PT Bank Jago Tbk (kode saham ARTO), adalah salah satu pionir bank digital di Indonesia yang lahir dari kolaborasi Gojek dan Bank Artos sejak 2020. Melalui aplikasi Jago, bank ini menawarkan pengalaman perbankan yang modern, fleksibel, dan user-friendly, dengan fokus pada pengelolaan keuangan sehari-hari. Berdasarkan survei global Forbes 2024, Bank Jago masuk dalam daftar 403 bank terbaik di dunia dan menempati peringkat 4 teratas di Indonesia sebagai tech-based bank nomor satu.",5,0,,2025-10-06 17:10:42+00:00,,,
0b8836a7-50e7-4e5b-bb33-38a7296554b0,Pengguna Google,https://play-lh.googleusercontent.com/EGemoI2NTXmTsBVtJqk8jxF9rh8ApRWfsIMQSt2uE4OcpQqbFu7f7NbTK05lx80nuSijCz7sc3a277R67g,gasss,5,0,8.74.0,2025-10-06 16:04:32+00:00,,,8.74.0
f4f07e97-2536-4ebe-a608-d810f7addae3,Pengguna Google,https://play-lh.googleusercontent.com/EGemoI2NTXmTsBVtJqk8jxF9rh8ApRWfsIMQSt2uE4OcpQqbFu7f7NbTK05lx80nuSijCz7sc3a277R67g,"Gak Bisa Masuk, Pas Mau Masuk Silakan Coba Lagi Koneksi Internet terputus, Gila Pake Wifi Kenceng Ini, 😭😭 gmn nih harus login nya?",1,0,,2025-10-06 15:54:48+00:00,"Halo, Jagoan. Mohon maaf atas kendala yang terjadi ya. Kamu tidak perlu khawatir, kamu bisa menjelaskan detail kendala tersebut melalui email di tanya@jago.com atau call center 1500 746 untuk kami bantu tangani lebih lanjut. Terima kasih :)",2025-10-06 16:41:25,
83659377-b467-4117-a933-fabf8aa10da6,Pengguna Google,https://play-lh.googleusercontent.com/EGemoI2NTXmTsBVtJqk8jxF9rh8ApRWfsIMQSt2uE4OcpQqbFu7f7NbTK05lx80nuSijCz7sc3a277R67g,sangat rekomen bgt,5,0,8.74.0,2025-10-06 15:35:04+00:00,,,8.74.0
f7e5f7a4-df4a-490a-b59c-45ac0d032ad7,Pengguna Google,https://play-lh.googleusercontent.com/EGemoI2NTXmTsBVtJqk8jxF9rh8ApRWfsIMQSt2uE4OcpQqbFu7f7NbTK05lx80nuSijCz7sc3a277R67g,memudahkan pembayaran bagusss,4,0,8.73.0,2025-10-06 15:33:19+00:00,"Halo, Jagoan! Terima kasih atas ulasannya. Kami sangat senang jika kamu puas dengan pelayanan dari Bank Jago. Jika kamu memiliki pertanyaan lainnya, kamu bisa langsung hubungi Tanya Jago di nomor 1500746 / 021-30000746 atau e-mail ke tanya@jago.com ya.",2025-10-06 16:41:15,8.73.0
d4659f6c-8502-49ec-a15f-7f7863c05a0b,Pengguna Google,https://play-lh.googleusercontent.com/EGemoI2NTXmTsBVtJqk8jxF9rh8ApRWfsIMQSt2uE4OcpQqbFu7f7NbTK05lx80nuSijCz7sc3a277R67g,jelek saya mau login ke jago kalah gk bisa tolong di bantun,2,0,8.74.0,2025-10-06 14:41:26+00:00,"Halo, Jagoan! Mohon maaf atas kendala yang kamu alami ya. Saya mengerti situasi sulit ini mengganggu kamu. Mohon kesediaannya mengirimkan email ke tanya@jago.com dengan melampirkan bukti foto/tangkapan layar kendala kamu. Agar dapat segera kami bantu.",2025-10-06 15:15:34,8.74.0
84f99f6c-846c-4d66-a7e1-dca6fdef441f,Pengguna Google,https://play-lh.googleusercontent.com/EGemoI2NTXmTsBVtJqk8jxF9rh8ApRWfsIMQSt2uE4OcpQqbFu7f7NbTK05lx80nuSijCz7sc3a277R67g,"penggunaan mudah, free biaya TF dan topup wallet",5,0,8.74.0,2025-10-06 14:23:11+00:00,,,8.74.0
03f69349-3aa0-4a18-8f71-eadaf52b622e,Pengguna Google,https://play-lh.googleusercontent.com/EGemoI2NTXmTsBVtJqk8jxF9rh8ApRWfsIMQSt2uE4OcpQqbFu7f7NbTK05lx80nuSijCz7sc3a277R67g,"mantap mudah di mengerti dan flexible,cukup Compact",5,0,8.74.0,2025-10-06 13:52:56+00:00,,,8.74.0
90350122-de92-4987-a5eb-1599aecdbcaa,Pengguna Google,https://play-lh.googleusercontent.com/EGemoI2NTXmTsBVtJqk8jxF9rh8ApRWfsIMQSt2uE4OcpQqbFu7f7NbTK05lx80nuSijCz7sc3a277R67g,Jago ga jelas ya... kasih limit 53jt tapi saat ajukan malah gagal. so soan lah nawarin pinjaman segala. saya ada cc dr bank bumn aman2 saja . php ni jago haha,1,0,8.74.0,2025-10-06 13:39:15+00:00,"Halo, Jagoan. Mohon maaf atas ketidaknyamanan yang Kakak alami. Supaya bisa membantu lebih lanjut, Kakak bisa menginformasikan detail keluhannya melalui email tanya@jago.com ya. Tim terkait kami dengan senang hati akan membantu Kakak menyelesaikan permasalahannya.",2025-10-06 14:11:15,8.74.0
213219af-64ea-4957-ae7a-7932c3ff6e4c,Pengguna Google,https://play-lh.googleusercontent.com/EGemoI2NTXmTsBVtJqk8jxF9rh8ApRWfsIMQSt2uE4OcpQqbFu7f7NbTK05lx80nuSijCz7sc3a277R67g,akun saya terblokir dan untuk masuk lagi sangat sulit sudah verifikasi beberapa kali hasil tetap nihil. masi tidak bisa masuk.,1,0,8.74.0,2025-10-06 13:07:27+00:00,"Halo, Jagoan! Kami mohon maaf sekali ya atas kendala yang kamu alami. Apakah kamu berkenan menginformasikan detail kendala tersebut supaya bisa kami bantu cek lebih lanjut? Mohon untuk menghubungi kami melalui Tanya Jago di 1500 746/+62 21 3000 0746, atau melalui email ke tanya@jago.com. Kami tunggu laporannya ya.",2025-10-06 14:09:33,8.74.0
3726ce26-7696-4b6b-af44-6ea702b0e8ac,Pengguna Google,https://play-lh.googleusercontent.com/EGemoI2NTXmTsBVtJqk8jxF9rh8ApRWfsIMQSt2uE4OcpQqbFu7f7NbTK05lx80nuSijCz7sc3a277R67g,user friendly banget,5,0,8.74.0,2025-10-06 12:55:31+00:00,,,8.74.0
58ba7b5c-e2fa-4300-ae7b-2582a1033202,Pengguna Google,https://play-lh.googleusercontent.com/EGemoI2NTXmTsBVtJqk8jxF9rh8ApRWfsIMQSt2uE4OcpQqbFu7f7NbTK05lx80nuSijCz7sc3a277R67g,"ini aplikasi harus banyak perbaikan nya, keseringan lelet dan kadang susah kebaca scan QR nya",2,0,8.74.0,2025-10-06 12:14:57+00:00,"Halo, Jagoan! Mohon maaf apabila terdapat fitur atau layanan Jago yang belum sesuai harapan kamu. Masukanmu menjadi input baik untuk Jago dalam memberikan layanan yang lebih baik lagi ke depannya. Jika ada yang ingin ditanyakan, kamu bisa mengirimkan email ke tanya@jago.com atau call center di 1500 746. Terima kasih :)",2025-10-06 13:10:00,8.74.0
0f1ba882-3864-46d7-9050-e4752f5a40fd,Pengguna Google,https://play-lh.googleusercontent.com/EGemoI2NTXmTsBVtJqk8jxF9rh8ApRWfsIMQSt2uE4OcpQqbFu7f7NbTK05lx80nuSijCz7sc3a277R67g,"Baru mulai pakai jago, semoga aman terkendali dan diberi kemudahan",5,0,,2025-10-06 12:07:10+00:00,,,
43c926bc-cf1a-4172-9471-d0e749c48ab6,Pengguna Google,https://play-lh.googleusercontent.com/EGemoI2NTXmTsBVtJqk8jxF9rh8ApRWfsIMQSt2uE4OcpQqbFu7f7NbTK05lx80nuSijCz7sc3a277R67g,"bagaimana saya masuk dan nomor saya sudah tidak aktif, apakah bisa membantu akun saya kembali",1,0,,2025-10-06 11:47:16+00:00,,,
3c8573e0-48a5-4758-ab57-1db8711f4a7b,Pengguna Google,https://play-lh.googleusercontent.com/EGemoI2NTXmTsBVtJqk8jxF9rh8ApRWfsIMQSt2uE4OcpQqbFu7f7NbTK05lx80nuSijCz7sc3a277R67g,jos gandos,5,0,8.74.0,2025-10-06 11:37:15+00:00,,,8.74.0
8f059610-049f-460a-a352-fdbe252e1d2a,Pengguna Google,https://play-lh.googleusercontent.com/EGemoI2NTXmTsBVtJqk8jxF9rh8ApRWfsIMQSt2uE4OcpQqbFu7f7NbTK05lx80nuSijCz7sc3a277R67g,sangat baik,5,0,,2025-10-06 11:26:34+00:00,,,
e9702a56-9383-4583-8924-57002fd114d3,Pengguna Google,https://play-lh.googleusercontent.com/EGemoI2NTXmTsBVtJqk8jxF9rh8ApRWfsIMQSt2uE4OcpQqbFu7f7NbTK05lx80nuSijCz7sc3a277R67g,"HEH BANK JAGO JANGAN NYUSAHIN ORANG YA BIKIN PROSEDUR APLIKASI , BARU AJA SAYA INSTAL UDAH GA BISA AKSES AKUN SENDIRI , PENYELESAIAN LAMBAT,HARUSNYA KLO SUDAH VERIFIKASI DATA BERARTI DATA YG SAYA PEGANG SUDAH SESUAI DGN AKUN YG SAYA PEGANG BUKA DONG JGN DIPERSULIT, HARUSNYA 1 MAKS 3 HARI KERJA SELESAI INI MASA NUNGGU SAMPE 10HARI YG ENTAH BENAR APA TIDAK,NYUSAHIN ORANG BANGET",3,0,8.74.0,2025-10-06 10:41:53+00:00,"Halo, Jagoan. Mohon maaf atas kendala yang terjadi ya. Kamu tidak perlu khawatir, kamu bisa menjelaskan detail kendala tersebut melalui email di tanya@jago.com atau call center 1500 746 untuk kami bantu tangani lebih lanjut. Terima kasih :)
",2025-10-06 21:50:24,8.74.0
700ebf46-09cc-4eef-a3b9-b9563c97f70d,Pengguna Google,https://play-lh.googleusercontent.com/EGemoI2NTXmTsBVtJqk8jxF9rh8ApRWfsIMQSt2uE4OcpQqbFu7f7NbTK05lx80nuSijCz7sc3a277R67g,"masalah pergantian nomor hp saja susah, sudah konsultasi tetep aja gk bisa. ribet udh 2 hari gk bisa ganti nomor lama ke nomor baru",1,0,8.74.0,2025-10-06 10:20:00+00:00,"Halo, Jagoan! Mohon maaf atas ketidaknyamanannya. Kami mengerti atas pengalaman kurang baik yang kamu alami. Untuk membantu kamu lebih lanjut, mohon menghubungi Tanya Jago di 1500746 / 021-30000746 atau email ke tanya@jago.com untuk kami cek lebih lanjut terkait kendala tersebut. Kami tunggu laporan dari kamu ya.",2025-10-06 10:38:24,8.74.0
bcba5674-01c1-421b-9ff9-dd3515e1c5af,Pengguna Google,https://play-lh.googleusercontent.com/EGemoI2NTXmTsBVtJqk8jxF9rh8ApRWfsIMQSt2uE4OcpQqbFu7f7NbTK05lx80nuSijCz7sc3a277R67g,👍👍👍,5,0,8.73.0,2025-10-06 09:23:17+00:00,,,8.73.0
c067bf7c-ab29-455d-b5d2-5df3fc9b24ce,Pengguna Google,https://play-lh.googleusercontent.com/EGemoI2NTXmTsBVtJqk8jxF9rh8ApRWfsIMQSt2uE4OcpQqbFu7f7NbTK05lx80nuSijCz7sc3a277R67g,"akun bank saya tidak bisa masuk, sudah masukin pin tapi tetap salah, sudah masukin password tapi tetap salah. sudah ketik lupa password dan jalanin langkahnya tapi tetap salah. min ini gimana?",1,6,8.74.0,2025-10-06 09:03:23+00:00,"Halo, Jagoan! Mohon maaf atas kendala yang kamu alami ya. Saya mengerti situasi sulit ini mengganggu kamu. Mohon kesediaannya mengirimkan email ke tanya@jago.com dengan melampirkan bukti foto/tangkapan layar kendala kamu. Agar dapat segera kami bantu.",2025-10-06 09:42:28,8.74.0
5b52951b-9829-4df1-bc7e-13ed9e9bce49,Pengguna Google,https://play-lh.googleusercontent.com/EGemoI2NTXmTsBVtJqk8jxF9rh8ApRWfsIMQSt2uE4OcpQqbFu7f7NbTK05lx80nuSijCz7sc3a277R67g,Alhamdulillah baik dan benar,5,0,8.74.0,2025-10-06 08:47:44+00:00,,,8.74.0
74179ebb-9b04-4a41-8c9a-3ccc36c1b9fc,Pengguna Google,https://play-lh.googleusercontent.com/EGemoI2NTXmTsBVtJqk8jxF9rh8ApRWfsIMQSt2uE4OcpQqbFu7f7NbTK05lx80nuSijCz7sc3a277R67g,"Pelayanan di Bank Jago sangat baik, customer service nya ramah, proses nya cepat dan simpel, sejauh ini Bank Jago adalah aplikasi terbaik untuk rekening bank digital",5,0,8.74.0,2025-10-06 08:24:48+00:00,,,8.74.0
61ee5a14-80d0-4ad0-a011-2225594afa47,Pengguna Google,https://play-lh.googleusercontent.com/EGemoI2NTXmTsBVtJqk8jxF9rh8ApRWfsIMQSt2uE4OcpQqbFu7f7NbTK05lx80nuSijCz7sc3a277R67g,ok,5,0,,2025-10-06 08:11:43+00:00,,,
3e2270d0-14bd-4def-98fd-26bb9bae817c,Pengguna Google,https://play-lh.googleusercontent.com/EGemoI2NTXmTsBVtJqk8jxF9rh8ApRWfsIMQSt2uE4OcpQqbFu7f7NbTK05lx80nuSijCz7sc3a277R67g,Good,5,0,8.73.0,2025-10-06 07:35:51+00:00,,,8.73.0
fe2316d8-4ef1-41e0-8c04-3c16670cb402,Pengguna Google,https://play-lh.googleusercontent.com/EGemoI2NTXmTsBVtJqk8jxF9rh8ApRWfsIMQSt2uE4OcpQqbFu7f7NbTK05lx80nuSijCz7sc3a277R67g,"baru pake belum seminggu akun udah di kunci,, gak jelas bgt sumpah, ribet",1,0,8.74.0,2025-10-06 06:50:54+00:00,"Halo, Jagoan! Mohon maaf atas kendala yang kamu alami ya. Saya mengerti situasi sulit ini mengganggu kamu. Mohon kesediaannya mengirimkan email ke tanya@jago.com dengan melampirkan bukti foto/tangkapan layar kendala kamu. Agar dapat segera kami bantu.",2025-10-06 07:24:22,8.74.0
98f76aef-bf2b-465e-91d7-51d7d026a54c,Pengguna Google,https://play-lh.googleusercontent.com/EGemoI2NTXmTsBVtJqk8jxF9rh8ApRWfsIMQSt2uE4OcpQqbFu7f7NbTK05lx80nuSijCz7sc3a277R67g,"gajelas apk nya dsuruh login,selalu.ada kendala akun teruss,tanya cs malah responnya sana sini ga membnatu sama sekali",1,0,8.74.0,2025-10-06 05:38:23+00:00,"Halo, Jagoan. Mohon maaf atas kendala yang terjadi ya. Kamu tidak perlu khawatir, kamu bisa menjelaskan detail kendala tersebut melalui email di tanya@jago.com atau call center 1500 746 untuk kami bantu tangani lebih lanjut. Terima kasih :)",2025-10-06 06:30:26,8.74.0
b58a9ee1-fbca-4502-ae25-eacec92915f6,Pengguna Google,https://play-lh.googleusercontent.com/EGemoI2NTXmTsBVtJqk8jxF9rh8ApRWfsIMQSt2uE4OcpQqbFu7f7NbTK05lx80nuSijCz7sc3a277R67g,gacor mang,5,0,8.74.0,2025-10-06 00:50:56+00:00,,,8.74.0
8c885577-c127-4b3f-aaba-7befa12f8dbb,Pengguna Google,https://play-lh.googleusercontent.com/EGemoI2NTXmTsBVtJqk8jxF9rh8ApRWfsIMQSt2uE4OcpQqbFu7f7NbTK05lx80nuSijCz7sc3a277R67g,keren dan sangat membantu...teruss di kembangan agar para investor akan slalu di permudah,5,0,8.74.0,2025-10-05 22:03:31+00:00,,,8.74.0
5121a860-5620-4670-a84d-d05e455aa800,Pengguna Google,https://play-lh.googleusercontent.com/EGemoI2NTXmTsBVtJqk8jxF9rh8ApRWfsIMQSt2uE4OcpQqbFu7f7NbTK05lx80nuSijCz7sc3a277R67g,fast,5,0,8.74.0,2025-10-05 21:14:06+00:00,,,8.74.0
57cc8f53-e735-4bf1-8ff7-10f7bf7e7e53,Pengguna Google,https://play-lh.googleusercontent.com/EGemoI2NTXmTsBVtJqk8jxF9rh8ApRWfsIMQSt2uE4OcpQqbFu7f7NbTK05lx80nuSijCz7sc3a277R67g,bagussss,5,0,,2025-10-05 21:07:54+00:00,,,
d969e8f3-e9da-40fe-9be0-613786af5628,Pengguna Google,https://play-lh.googleusercontent.com/EGemoI2NTXmTsBVtJqk8jxF9rh8ApRWfsIMQSt2uE4OcpQqbFu7f7NbTK05lx80nuSijCz7sc3a277R67g,proses aktivasi udah mau masuk 3 minggu udah balas email udah tlvn via pulsa mana kepake lagi pulsa udah via wa lagi sampe berkali kali tetap aja ga ada kabar email atau notifikasi aktif 3 minggu sabarin ga trading di stokbit karna pihak jagonya sendiri yang nunda buat trading ..,1,8,8.74.0,2025-10-05 21:06:57+00:00,"Halo, Jagoan. Mohon maaf atas kendala yang terjadi ya. Kamu tidak perlu khawatir, kamu bisa menjelaskan detail kendala tersebut melalui email di tanya@jago.com atau call center 1500 746 untuk kami bantu tangani lebih lanjut. Terima kasih :)
",2025-10-05 22:07:49,8.74.0
8fe9bfe2-71dd-4c4f-b020-8a1c9fe4f9eb,Pengguna Google,https://play-lh.googleusercontent.com/EGemoI2NTXmTsBVtJqk8jxF9rh8ApRWfsIMQSt2uE4OcpQqbFu7f7NbTK05lx80nuSijCz7sc3a277R67g,"apa apa gampang, gokil apk bank satu ini",5,0,8.74.0,2025-10-05 20:22:50+00:00,,,8.74.0
f4ed3987-fa08-408f-9565-097f6b05325e,Pengguna Google,https://play-lh.googleusercontent.com/EGemoI2NTXmTsBVtJqk8jxF9rh8ApRWfsIMQSt2uE4OcpQqbFu7f7NbTK05lx80nuSijCz7sc3a277R67g,"tolong lahhhh ga jelassssa bangettt sumpahh, mau transaksi aja susahh banget",1,0,8.73.0,2025-10-05 20:21:46+00:00,"Halo, Jagoan. Mohon maaf atas kendala yang terjadi ya. Kamu tidak perlu khawatir, kamu bisa menjelaskan detail kendala tersebut melalui email di tanya@jago.com atau call center 1500 746 untuk kami bantu tangani lebih lanjut. Terima kasih :)
",2025-10-05 20:31:25,8.73.0
1bf0b08d-5129-4617-9714-750671396bc9,Pengguna Google,https://play-lh.googleusercontent.com/EGemoI2NTXmTsBVtJqk8jxF9rh8ApRWfsIMQSt2uE4OcpQqbFu7f7NbTK05lx80nuSijCz7sc3a277R67g,tolong di tingkatkan semakin hari penggunan semakin susah biasanya pake pin saja bisa sekarang harus pake pasword,2,0,8.74.0,2025-10-05 19:35:52+00:00,"Halo, Jagoan. Mohon maaf atas kendala yang terjadi ya. Kamu tidak perlu khawatir, kamu bisa menjelaskan detail kendala tersebut melalui email di tanya@jago.com atau call center 1500 746 untuk kami bantu tangani lebih lanjut. Terima kasih :)",2025-10-05 20:00:59,8.74.0
c5b8b47c-7650-436c-a813-11dab417fc65,Pengguna Google,https://play-lh.googleusercontent.com/EGemoI2NTXmTsBVtJqk8jxF9rh8ApRWfsIMQSt2uE4OcpQqbFu7f7NbTK05lx80nuSijCz7sc3a277R67g,👍,5,0,8.73.0,2025-10-05 16:44:15+00:00,,,8.73.0
a1f1bd6c-31a8-41b4-923b-b43105539cf2,Pengguna Google,https://play-lh.googleusercontent.com/EGemoI2NTXmTsBVtJqk8jxF9rh8ApRWfsIMQSt2uE4OcpQqbFu7f7NbTK05lx80nuSijCz7sc3a277R67g,bsgus,5,0,8.73.0,2025-10-05 14:10:51+00:00,,,8.73.0
f8fa1862-b034-4be1-8bcc-5e0c379077b0,Pengguna Google,https://play-lh.googleusercontent.com/EGemoI2NTXmTsBVtJqk8jxF9rh8ApRWfsIMQSt2uE4OcpQqbFu7f7NbTK05lx80nuSijCz7sc3a277R67g,mantap jago,5,0,,2025-10-05 12:34:06+00:00,,,
e6cc4d0e-fdef-4569-aade-5324351be070,Pengguna Google,https://play-lh.googleusercontent.com/EGemoI2NTXmTsBVtJqk8jxF9rh8ApRWfsIMQSt2uE4OcpQqbFu7f7NbTK05lx80nuSijCz7sc3a277R67g,"bank jago ini RAMPOK maen blokir secara sepihak untuk di buka lagi nya ajah susah ribet minta ampun , sampai sekarang masih di blokir sudah hubungan via telpon, gmail, whatsapp, no laporan sampai numpuk, ayo kita sama sama lapor OJK!",1,1,8.68.1,2025-10-05 12:24:06+00:00,"Halo, Jagoan. Mohon maaf atas kendala yang terjadi ya. Kamu tidak perlu khawatir, kamu bisa menjelaskan detail kendala tersebut melalui email di tanya@jago.com atau call center 1500 746 untuk kami bantu tangani lebih lanjut. Terima kasih :)",2025-10-05 13:06:55,8.68.1
8faf27f5-3e3f-4418-9971-8212b24ae5b4,Pengguna Google,https://play-lh.googleusercontent.com/EGemoI2NTXmTsBVtJqk8jxF9rh8ApRWfsIMQSt2uE4OcpQqbFu7f7NbTK05lx80nuSijCz7sc3a277R67g,lupa password ngga bisa login . ngga kayak dulu lupa password hanya gunakan otp,1,0,8.74.0,2025-10-05 10:31:46+00:00,"Halo, Jagoan. Mohon maaf atas kendala yang terjadi ya. Kamu tidak perlu khawatir, kamu bisa menjelaskan detail kendala tersebut melalui email di tanya@jago.com atau call center 1500 746 untuk kami bantu tangani lebih lanjut. Terima kasih :)",2025-10-05 12:16:22,8.74.0
73ff9029-09ec-41d1-8a97-c11a82cfc498,Pengguna Google,https://play-lh.googleusercontent.com/EGemoI2NTXmTsBVtJqk8jxF9rh8ApRWfsIMQSt2uE4OcpQqbFu7f7NbTK05lx80nuSijCz7sc3a277R67g,terbaik keamanan terbaik ui terbaik anti saldo hilang,5,0,8.74.0,2025-10-05 10:30:33+00:00,,,8.74.0
2f2524ed-56a2-41f3-9bfd-735c06b5d7de,Pengguna Google,https://play-lh.googleusercontent.com/EGemoI2NTXmTsBVtJqk8jxF9rh8ApRWfsIMQSt2uE4OcpQqbFu7f7NbTK05lx80nuSijCz7sc3a277R67g,"sy lupa email juga nomor yg sy daftarin udh ga aktif lagi sementara sy maw buka apk jago ga bsa lg,, maw buat perbaikan akun pun ga bsa n maw masuk jg ga bsa,, hrus kmana ya lapornya",1,5,8.74.0,2025-10-05 10:20:14+00:00,"Halo, Jagoan. Mohon maaf atas kendala yang terjadi ya. Kamu tidak perlu khawatir, kamu bisa menjelaskan detail kendala tersebut melalui email di tanya@jago.com atau call center 1500 746 untuk kami bantu tangani lebih lanjut. Terima kasih :)",2025-10-05 10:30:54,8.74.0
efb6c0a8-e494-453b-80d6-7387c8cc6d22,Pengguna Google,https://play-lh.googleusercontent.com/EGemoI2NTXmTsBVtJqk8jxF9rh8ApRWfsIMQSt2uE4OcpQqbFu7f7NbTK05lx80nuSijCz7sc3a277R67g,"Kasih bintang 🌟 🌟 🌟 🌟 🌟 walaupun belum pernah digunakan untuk melakukan transaksi, semoga saja tidak ribet saat penggunaan",5,0,8.74.0,2025-10-05 10:16:32+00:00,,,8.74.0
ace8ccda-78ee-4f35-9e03-3672b6da61f4,Pengguna Google,https://play-lh.googleusercontent.com/EGemoI2NTXmTsBVtJqk8jxF9rh8ApRWfsIMQSt2uE4OcpQqbFu7f7NbTK05lx80nuSijCz7sc3a277R67g,tiap bulannya dapat saldo masuk 25.000 lumayan hooh,5,0,8.73.0,2025-10-05 07:53:49+00:00,,,8.73.0
a33ee00d-9315-4009-8e41-9e77b5bf7558,Pengguna Google,https://play-lh.googleusercontent.com/EGemoI2NTXmTsBVtJqk8jxF9rh8ApRWfsIMQSt2uE4OcpQqbFu7f7NbTK05lx80nuSijCz7sc3a277R67g,"Kenapa setiap hari muncul pinjamanmu menunggu,bebas atur tenor ..eh di cek nggk ada ...klo memang mau ngasih tenor pinjaman yg jelas jngn kasih notif tapi zonk ...padahal emng lagi butuh2nya buat keperluan jangn PHP...semntra tak kasih *1 dulu lah karna nggk enk di PHP ,klo udah bner2 bisa ngajuin bintang tak ubah ke 5",1,0,8.73.0,2025-10-05 06:48:15+00:00,"Halo, Jagoan. Mohon maaf atas kendala yang terjadi ya. Kamu tidak perlu khawatir, kamu bisa menjelaskan detail kendala tersebut melalui email di tanya@jago.com atau call center 1500 746 untuk kami bantu tangani lebih lanjut. Terima kasih :)",2025-10-05 07:07:42,8.73.0
94e9a0c1-89e4-4790-b947-07321b367451,Pengguna Google,https://play-lh.googleusercontent.com/EGemoI2NTXmTsBVtJqk8jxF9rh8ApRWfsIMQSt2uE4OcpQqbFu7f7NbTK05lx80nuSijCz7sc3a277R67g,bagus banget tp knp ada pemotongan y,5,0,8.73.0,2025-10-05 05:33:53+00:00,,,8.73.0
5f42ccbd-a4b0-4a3a-9e8d-3abd8dfb966c,Pengguna Google,https://play-lh.googleusercontent.com/EGemoI2NTXmTsBVtJqk8jxF9rh8ApRWfsIMQSt2uE4OcpQqbFu7f7NbTK05lx80nuSijCz7sc3a277R67g,"aplikasi jelek banget harus prifikasi 2 langkah 🩲saya sudah berapa x ajukan prifikasi akibat lupah sandi karna belik hp baru dan hp lama saya hilang saya tes malah gitu gitu trus , beda sama bank bank yang lain gak seribet ini dh berbulan bulan saya tunggu notif masuk ke hp baru saya tapih nihil hasil nya ? alasan admin dari Instagram nya proses ada dalam antrian? tapiih antrian ke berapa dh dari 2025 saya cobak ? sampe skrng gak bisa masuk masuk",1,0,8.74.0,2025-10-05 03:23:21+00:00,"Halo, Jagoan! Mohon maaf atas ketidaknyamanan yang Kakak alami. Supaya bisa membantu lebih lanjut, Kakak bisa menginformasikan detail keluhannya melalui email tanya@jago.com ya. Tim terkait kami dengan senang hati akan membantu Kakak menyelesaikan permasalahannya.",2025-10-05 05:20:53,8.74.0
8fdbfbfd-2162-4efd-ba26-4d37de0b766c,Pengguna Google,https://play-lh.googleusercontent.com/EGemoI2NTXmTsBVtJqk8jxF9rh8ApRWfsIMQSt2uE4OcpQqbFu7f7NbTK05lx80nuSijCz7sc3a277R67g,bagus,5,0,8.73.0,2025-10-05 00:46:30+00:00,,,8.73.0
3f2637ca-6914-4c3b-a600-a0cb62db4042,Pengguna Google,https://play-lh.googleusercontent.com/EGemoI2NTXmTsBVtJqk8jxF9rh8ApRWfsIMQSt2uE4OcpQqbFu7f7NbTK05lx80nuSijCz7sc3a277R67g,sangat membantu perdagangan sya,5,0,8.74.0,2025-10-04 23:54:28+00:00,,,8.74.0
b91a73a4-835b-44df-a2f1-0e0e94d8698c,Pengguna Google,https://play-lh.googleusercontent.com/EGemoI2NTXmTsBVtJqk8jxF9rh8ApRWfsIMQSt2uE4OcpQqbFu7f7NbTK05lx80nuSijCz7sc3a277R67g,ni maaf pabila ad yg mengunakan data saya..maka akan saya tuntut..di karnakan sya baru daftar ta pi tudak bisa masuk ataw login kembali,5,0,,2025-10-04 23:05:00+00:00,,,
7cd37cd7-13d1-48f8-aeb2-e6d1fc8b281e,Pengguna Google,https://play-lh.googleusercontent.com/EGemoI2NTXmTsBVtJqk8jxF9rh8ApRWfsIMQSt2uE4OcpQqbFu7f7NbTK05lx80nuSijCz7sc3a277R67g,"nomor hp saya hilang yang di daftar kn bagaimana caranya untuk mendapatkan kode otp nya klo nomor hp nya hilang, udah TLP seler nya jawaban nya iya nnti di cek & akan di kirim kode otp nya melalui email,tpi sampai saat ini belum ada email masuk dari bank jago ny",1,0,,2025-10-04 22:32:23+00:00,"Halo, Jagoan. Mohon maaf atas kendala yang terjadi ya. Kamu tidak perlu khawatir, kamu bisa menjelaskan detail kendala tersebut melalui email di tanya@jago.com atau call center 1500 746 untuk kami bantu tangani lebih lanjut. Terima kasih :)
",2025-10-05 15:01:38,
749af827-cad0-4a9a-a720-2dc255d7f782,Pengguna Google,https://play-lh.googleusercontent.com/EGemoI2NTXmTsBVtJqk8jxF9rh8ApRWfsIMQSt2uE4OcpQqbFu7f7NbTK05lx80nuSijCz7sc3a277R67g,hallo bank jago saya mengalami kendala login karenakan nomor saya hilang saya chat email gk ada solusi,1,0,,2025-10-04 21:36:35+00:00,"Halo, Jagoan! Mohon maaf atas ketidaknyamanan yang Kakak alami. Supaya bisa membantu lebih lanjut, Kakak bisa menginformasikan detail keluhannya melalui email tanya@jago.com ya. Tim terkait kami dengan senang hati akan membantu Kakak menyelesaikan permasalahannya.",2025-10-04 22:10:28,
2192d206-47f3-42d2-986c-3374f98f395d,Pengguna Google,https://play-lh.googleusercontent.com/EGemoI2NTXmTsBVtJqk8jxF9rh8ApRWfsIMQSt2uE4OcpQqbFu7f7NbTK05lx80nuSijCz7sc3a277R67g,"udh di download udh daptr,malh kata sandi salah,,,awas data gw jangan di salah gunakan,,,aplikasi ngk ada sama sekali paedah nya,,",1,0,8.74.0,2025-10-04 21:18:07+00:00,"Halo, Jagoan! Mohon maaf atas ketidaknyamanan yang Kakak alami. Supaya bisa membantu lebih lanjut, Kakak bisa menginformasikan detail keluhannya melalui email tanya@jago.com ya. Tim terkait kami dengan senang hati akan membantu Kakak menyelesaikan permasalahannya.",2025-10-04 22:10:35,8.74.0
06676c0b-fbfb-42b0-a01b-c5ddb84b7a96,Pengguna Google,https://play-lh.googleusercontent.com/EGemoI2NTXmTsBVtJqk8jxF9rh8ApRWfsIMQSt2uE4OcpQqbFu7f7NbTK05lx80nuSijCz7sc3a277R67g,kenapa saya tidak bisa menggunakan pinjaman,4,0,8.74.0,2025-10-04 20:23:44+00:00,"Halo, Jagoan! Mohon maaf apabila terdapat fitur atau layanan Jago yang belum sesuai harapan kamu. Kamu bisa menghubungi Tanya Jago di nomor 1500746 / 021-30000746 atau e-mail ke tanya@jago.com untuk kami bantu cek kendalanya lebih lanjut ya. Agent kami dengan senang hati membantu kamu.",2025-10-04 22:12:11,8.74.0
460ae3c0-cd89-4f0f-9b18-d886c587c885,Pengguna Google,https://play-lh.googleusercontent.com/EGemoI2NTXmTsBVtJqk8jxF9rh8ApRWfsIMQSt2uE4OcpQqbFu7f7NbTK05lx80nuSijCz7sc3a277R67g,bagus sangat membatu,5,0,8.74.0,2025-10-04 19:59:40+00:00,,,8.74.0
b651141f-c4ca-4249-922a-4d038b10f174,Pengguna Google,https://play-lh.googleusercontent.com/EGemoI2NTXmTsBVtJqk8jxF9rh8ApRWfsIMQSt2uE4OcpQqbFu7f7NbTK05lx80nuSijCz7sc3a277R67g,"aplikasi gak jelas suruh masukin pasword gk bisa padahal sudah benar... pas mau reset pasword disuruh masukin email dan nik,nik dan email sesuai tapi gk bisa nik atau email salah.... aplikasi tolol",1,0,,2025-10-04 19:32:21+00:00,"Halo, Jagoan! Mohon maaf apabila terdapat fitur atau layanan Jago yang belum sesuai harapan kamu. Kamu bisa menghubungi Tanya Jago di nomor 1500746 / 021-30000746 atau e-mail ke tanya@jago.com untuk kami bantu cek kendalanya lebih lanjut ya. Agent kami dengan senang hati membantu kamu.",2025-10-04 20:00:20,
88131a0f-fa7d-4d58-882b-547bab4bb8ce,Pengguna Google,https://play-lh.googleusercontent.com/EGemoI2NTXmTsBVtJqk8jxF9rh8ApRWfsIMQSt2uE4OcpQqbFu7f7NbTK05lx80nuSijCz7sc3a277R67g,aku ingin kembali ke akun konvensional,4,0,8.73.0,2025-10-04 19:06:42+00:00,"Halo, Jagoan! Mohon maaf apabila terdapat fitur atau layanan Jago yang belum sesuai harapan kamu. Kamu bisa menghubungi Tanya Jago di nomor 1500746 / 021-30000746 atau e-mail ke tanya@jago.com untuk kami bantu cek kendalanya lebih lanjut ya. Agent kami dengan senang hati membantu kamu.",2025-10-04 19:35:38,8.73.0
40243778-bf00-4c40-b587-016100ebada1,Pengguna Google,https://play-lh.googleusercontent.com/EGemoI2NTXmTsBVtJqk8jxF9rh8ApRWfsIMQSt2uE4OcpQqbFu7f7NbTK05lx80nuSijCz7sc3a277R67g,saya tambahin karena ada fitur auto nabung,3,3,8.74.0,2025-10-04 16:37:28+00:00,"Halo, Jagoan. Terima kasih atas penilaian yang sudah kamu berikan. Masukanmu menjadi input baik untuk Jago dalam memberikan layanan yang lebih baik lagi ke depannya. Jika ada yang ingin ditanyakan, kamu bisa mengirimkan email ke tanya@jago.com atau call center di 1500 746. Terima kasih :)",2025-10-04 17:38:49,8.74.0
748c1a5e-c11d-4f85-9d02-49fced1d9623,Pengguna Google,https://play-lh.googleusercontent.com/EGemoI2NTXmTsBVtJqk8jxF9rh8ApRWfsIMQSt2uE4OcpQqbFu7f7NbTK05lx80nuSijCz7sc3a277R67g,sangat buruk apk ini saya udah masuk verifikasi akhir tapi dia bilang data saya belum di perbarui padahal saya sudah di perbarui sehingga sekarang saya gk bisa mendaftar,1,0,,2025-10-04 16:22:41+00:00,"Halo, Jagoan. Mohon maaf atas kendala yang terjadi ya. Kamu tidak perlu khawatir, kamu bisa menjelaskan detail kendala tersebut melalui email di tanya@jago.com atau call center 1500 746 untuk kami bantu tangani lebih lanjut. Terima kasih :)",2025-10-04 17:24:20,
8124e9fd-22d7-4135-b677-33c62479c48c,Pengguna Google,https://play-lh.googleusercontent.com/EGemoI2NTXmTsBVtJqk8jxF9rh8ApRWfsIMQSt2uE4OcpQqbFu7f7NbTK05lx80nuSijCz7sc3a277R67g,"Sebenarnya apknya udah bagus, fitur dompetnya bener2 ngemudahin kita buat ngelola keuangan pribadi. Cuma di aku sering muncul kendala pas lagi scan kode Qris. Selalu muncul tulisan ""kode tidak valid"" padahal kalo make apk dari bank lain valid2 aja, bisa buat bayar. Alhasil aku jadi jarang make uangku di dompet jago, gara2 sering ga bisa dipake buat pembayaran Qris 😂",2,48,8.74.0,2025-10-04 14:44:53+00:00,"Halo, Jagoan! Mohon maaf atas kendala yang kamu alami ya. Saya mengerti situasi sulit ini mengganggu kamu. Mohon kesediaannya mengirimkan email ke tanya@jago.com dengan melampirkan bukti foto/tangkapan layar kendala kamu. Agar dapat segera kami bantu.",2025-10-04 16:23:17,8.74.0
88036ced-4283-44a7-8cf1-5d50342368c4,Pengguna Google,https://play-lh.googleusercontent.com/EGemoI2NTXmTsBVtJqk8jxF9rh8ApRWfsIMQSt2uE4OcpQqbFu7f7NbTK05lx80nuSijCz7sc3a277R67g,"Sulit log in apabila kehilangan nomor telepon/kartu no hilang, apalagi verifikasi 2 langkah yang terdaftar nomor telepon yang hilang. saran: menambahkan verifikasi kode ke email/gmail.",1,0,8.74.0,2025-10-04 13:55:56+00:00,"Halo, Jagoan! Mohon maaf atas kendala yang kamu alami ya. Saya mengerti situasi sulit ini mengganggu kamu. Mohon kesediaannya mengirimkan email ke tanya@jago.com dengan melampirkan bukti foto/tangkapan layar kendala kamu. Agar dapat segera kami bantu.",2025-10-04 16:23:03,8.74.0
c02822e0-80c9-4cc6-bf66-403d3d59994a,Pengguna Google,https://play-lh.googleusercontent.com/EGemoI2NTXmTsBVtJqk8jxF9rh8ApRWfsIMQSt2uE4OcpQqbFu7f7NbTK05lx80nuSijCz7sc3a277R67g,Semoga semakin baik,5,0,,2025-10-04 13:13:09+00:00,,,
a5f9d4d0-db06-4515-8955-a64effc4d857,Pengguna Google,https://play-lh.googleusercontent.com/EGemoI2NTXmTsBVtJqk8jxF9rh8ApRWfsIMQSt2uE4OcpQqbFu7f7NbTK05lx80nuSijCz7sc3a277R67g,kenpa pinjaman saya belum muncul juga,1,0,8.73.0,2025-10-04 11:19:55+00:00,"Hai, Jagoan. Mohon maaf untuk kendala yang kamu alami. Terkait kendala tersebut, kamu bisa segera laporkan ke Tanya Jago di nomor 1500746/021-30000746 atau e-mail ke tanya@jago.com ya. Tidak perlu khawatir karena tim terkait kami akan segera membantu. Terima kasih.",2025-10-04 11:56:56,8.73.0
46afff72-b7bd-4244-8474-6b2d8715ee6d,Pengguna Google,https://play-lh.googleusercontent.com/EGemoI2NTXmTsBVtJqk8jxF9rh8ApRWfsIMQSt2uE4OcpQqbFu7f7NbTK05lx80nuSijCz7sc3a277R67g,"apk terbusuk yang pernah gua pakee,masa baru install apk terus gua isi saldo,ehhh tiba-tiba akunnya ke log out terus ga bisa masuk lagii,buat laporan dari telpon sampe email, malah pertanyaannya muter-muter terusss. Butuh duit sampe nipu gini yang @Bankjago",1,18,8.74.0,2025-10-04 09:18:58+00:00,"Hai, Jagoan. Mohon maaf untuk kendala yang kamu alami. Terkait kendala tersebut, kamu bisa segera laporkan ke Tanya Jago di nomor 1500746/021-30000746 atau e-mail ke tanya@jago.com ya. Tidak perlu khawatir karena tim terkait kami akan segera membantu. Terima kasih.",2025-10-04 09:43:30,8.74.0
4ddb49a3-c26b-4f55-94e4-0d495a8c2bec,Pengguna Google,https://play-lh.googleusercontent.com/EGemoI2NTXmTsBVtJqk8jxF9rh8ApRWfsIMQSt2uE4OcpQqbFu7f7NbTK05lx80nuSijCz7sc3a277R67g,"Suka pakai Jago syariah, kekurangannya hanya kuota tarik tunai kurang cuma 3x gratis. dan Transfer ke bank maupun ewallet digabung jadi satu,harusnya dipisah. jangan kalah sama seabank dan krom yang 100x / bulan, tapi mereka belum syariah dan tidak ada kartu ATM. kalau next mereka ada syariah dan ATM, Bank Jago malah yang tertinggal. Bisa yokk... di up terus Jago Syariah lebih baik.",5,37,8.74.0,2025-10-04 08:09:29+00:00,,,8.74.0
a6d9438d-18fc-444b-858e-58e52b56ebbb,Pengguna Google,https://play-lh.googleusercontent.com/EGemoI2NTXmTsBVtJqk8jxF9rh8ApRWfsIMQSt2uE4OcpQqbFu7f7NbTK05lx80nuSijCz7sc3a277R67g,belum bisa transfer gratis dari atau bank lain,3,0,8.73.0,2025-10-04 06:50:32+00:00,"Hai, Jagoan. Mohon maaf untuk kendala yang kamu alami. Terkait kendala tersebut, kamu bisa segera laporkan ke Tanya Jago di nomor 1500746/021-30000746 atau e-mail ke tanya@jago.com ya. Tidak perlu khawatir karena tim terkait kami akan segera membantu. Terima kasih.",2025-10-04 07:12:38,8.73.0
cb14f86c-50a7-4f4a-b4a7-9c69ccbc4058,Pengguna Google,https://play-lh.googleusercontent.com/EGemoI2NTXmTsBVtJqk8jxF9rh8ApRWfsIMQSt2uE4OcpQqbFu7f7NbTK05lx80nuSijCz7sc3a277R67g,"Tidak ada kejelasan tentang pembuatan akun RDN saya. padahal sudah upload ktp, isi data segala macem, sampe di vc juga sudah. kalo memang tidak bisa minimal beri email lah, saya udah input alamat email kok. awas aja foto saya megang ktp dipake macem2!",1,0,,2025-10-04 06:45:11+00:00,"Hai, Jagoan. Mohon maaf untuk kendala yang kamu alami. Terkait kendala tersebut, kamu bisa segera laporkan ke Tanya Jago di nomor 1500746/021-30000746 atau e-mail ke tanya@jago.com ya. Tidak perlu khawatir karena tim terkait kami akan segera membantu. Terima kasih.",2025-10-04 07:52:34,
245a6487-6304-4463-a8cd-244206a3d1b0,Pengguna Google,https://play-lh.googleusercontent.com/EGemoI2NTXmTsBVtJqk8jxF9rh8ApRWfsIMQSt2uE4OcpQqbFu7f7NbTK05lx80nuSijCz7sc3a277R67g,"👌👍aman dan amanah,👍👍 lengkap",5,0,8.73.0,2025-10-04 03:35:13+00:00,,,8.73.0
05df1da7-38ed-4034-938b-891deab58f66,Pengguna Google,https://play-lh.googleusercontent.com/EGemoI2NTXmTsBVtJqk8jxF9rh8ApRWfsIMQSt2uE4OcpQqbFu7f7NbTK05lx80nuSijCz7sc3a277R67g,good,5,0,8.74.0,2025-10-04 03:27:52+00:00,,,8.74.0
0c9ffdbf-512f-4553-a321-453e387f6033,Pengguna Google,https://play-lh.googleusercontent.com/EGemoI2NTXmTsBVtJqk8jxF9rh8ApRWfsIMQSt2uE4OcpQqbFu7f7NbTK05lx80nuSijCz7sc3a277R67g,"mudah dan cepat, gak pake ribet",5,0,8.73.0,2025-10-04 01:48:24+00:00,,,8.73.0
92a001bb-dcd5-4814-a99e-65290b7b3c93,Pengguna Google,https://play-lh.googleusercontent.com/EGemoI2NTXmTsBVtJqk8jxF9rh8ApRWfsIMQSt2uE4OcpQqbFu7f7NbTK05lx80nuSijCz7sc3a277R67g,apk mudah di gunakan,5,0,8.73.0,2025-10-04 00:45:05+00:00,,,8.73.0
96d5ff55-a5fd-4934-8f6c-678ba954dada,Pengguna Google,https://play-lh.googleusercontent.com/EGemoI2NTXmTsBVtJqk8jxF9rh8ApRWfsIMQSt2uE4OcpQqbFu7f7NbTK05lx80nuSijCz7sc3a277R67g,tolong donk aplikasi nya yang Amanahh masa lagi log in selaluu log out.. mna uangnya lumayan disituu.. tolong berikan pelayanan yang terbaik dong,2,0,8.73.0,2025-10-04 00:44:53+00:00,"Halo, Jagoan. Mohon maaf atas kendala yang terjadi ya. Kamu tidak perlu khawatir, kamu bisa menjelaskan detail kendala tersebut melalui email di tanya@jago.com atau call center 1500 746 untuk kami bantu tangani lebih lanjut. Terima kasih :)",2025-10-04 02:06:03,8.73.0
204fbc97-02ec-4e05-bd37-4033239391cf,Pengguna Google,https://play-lh.googleusercontent.com/EGemoI2NTXmTsBVtJqk8jxF9rh8ApRWfsIMQSt2uE4OcpQqbFu7f7NbTK05lx80nuSijCz7sc3a277R67g,ko saya lihat saldo di mesin atm malah kena potongan 4rb yah?? gila... mau cek saldo aja kena potongan. haruse cek saldo gratis kecuali transfer ndak masalah lena potongan.,2,0,8.73.0,2025-10-04 00:33:41+00:00,"Halo, Jagoan. Mohon maaf atas kendala yang terjadi ya. Kamu tidak perlu khawatir, kamu bisa menjelaskan detail kendala tersebut melalui email di tanya@jago.com atau call center 1500 746 untuk kami bantu tangani lebih lanjut. Terima kasih :)",2025-10-04 02:08:13,8.73.0
a4a229c9-0644-4413-8d31-e050de42a6ba,Pengguna Google,https://play-lh.googleusercontent.com/EGemoI2NTXmTsBVtJqk8jxF9rh8ApRWfsIMQSt2uE4OcpQqbFu7f7NbTK05lx80nuSijCz7sc3a277R67g,tampilan mudah dan nyaman digunakan sehari-hari sukses selalu kedepannya terimakasih,5,0,,2025-10-03 23:59:14+00:00,,,
952ee1e6-1ce4-468f-a2a5-05f880abd104,Pengguna Google,https://play-lh.googleusercontent.com/EGemoI2NTXmTsBVtJqk8jxF9rh8ApRWfsIMQSt2uE4OcpQqbFu7f7NbTK05lx80nuSijCz7sc3a277R67g,"apk nya gajelas,tolong hapus data data saya,saya sudah tidak menggunakan apk ini lagi",1,0,8.74.0,2025-10-03 21:43:02+00:00,"Halo, Jagoan. Mohon maaf atas kendala yang terjadi ya. Kamu tidak perlu khawatir, kamu bisa menjelaskan detail kendala tersebut melalui email di tanya@jago.com atau call center 1500 746 untuk kami bantu tangani lebih lanjut. Terima kasih :)",2025-10-03 22:14:50,8.74.0
eff43205-8ec4-4318-94b0-9714e8007800,Pengguna Google,https://play-lh.googleusercontent.com/EGemoI2NTXmTsBVtJqk8jxF9rh8ApRWfsIMQSt2uE4OcpQqbFu7f7NbTK05lx80nuSijCz7sc3a277R67g,bagus sekali,5,0,8.73.0,2025-10-03 21:39:27+00:00,,,8.73.0
10c0a23a-ff5f-4a0c-bce3-f7a594c20e3a,Pengguna Google,https://play-lh.googleusercontent.com/EGemoI2NTXmTsBVtJqk8jxF9rh8ApRWfsIMQSt2uE4OcpQqbFu7f7NbTK05lx80nuSijCz7sc3a277R67g,"woi kok salah password mulu, aneh kali",1,0,,2025-10-03 20:56:53+00:00,"Halo, Jagoan. Mohon maaf atas kendala yang terjadi ya. Kamu tidak perlu khawatir, kamu bisa menjelaskan detail kendala tersebut melalui email di tanya@jago.com atau call center 1500 746 untuk kami bantu tangani lebih lanjut. Terima kasih :)",2025-10-04 02:05:59,
4a8b6e06-7c17-4a5c-9eb9-dbc68f3781c3,Pengguna Google,https://play-lh.googleusercontent.com/EGemoI2NTXmTsBVtJqk8jxF9rh8ApRWfsIMQSt2uE4OcpQqbFu7f7NbTK05lx80nuSijCz7sc3a277R67g,Terima Kasih,5,0,8.74.0,2025-10-03 19:36:20+00:00,,,8.74.0
e3c8a1d0-8b29-4276-bd16-89403f082690,Pengguna Google,https://play-lh.googleusercontent.com/EGemoI2NTXmTsBVtJqk8jxF9rh8ApRWfsIMQSt2uE4OcpQqbFu7f7NbTK05lx80nuSijCz7sc3a277R67g,good bank,5,0,8.73.0,2025-10-03 19:27:54+00:00,,,8.73.0
864f43d6-7ec6-4931-9417-dc4f2268f13e,Pengguna Google,https://play-lh.googleusercontent.com/EGemoI2NTXmTsBVtJqk8jxF9rh8ApRWfsIMQSt2uE4OcpQqbFu7f7NbTK05lx80nuSijCz7sc3a277R67g,aplikasi ora genah,1,0,8.74.0,2025-10-03 19:04:17+00:00,"Halo, Jagoan. Mohon maaf atas kendala yang terjadi ya. Kamu tidak perlu khawatir, kamu bisa menjelaskan detail kendala tersebut melalui email di tanya@jago.com atau call center 1500 746 untuk kami bantu tangani lebih lanjut. Terima kasih :)",2025-10-03 19:56:33,8.74.0
9ee26a41-7d84-4af2-bd68-d51def02693a,Pengguna Google,https://play-lh.googleusercontent.com/EGemoI2NTXmTsBVtJqk8jxF9rh8ApRWfsIMQSt2uE4OcpQqbFu7f7NbTK05lx80nuSijCz7sc3a277R67g,mantap,5,0,8.73.0,2025-10-03 19:00:36+00:00,,,8.73.0
1bf48cb7-8f85-4948-81b5-5e63cf80c5aa,Pengguna Google,https://play-lh.googleusercontent.com/EGemoI2NTXmTsBVtJqk8jxF9rh8ApRWfsIMQSt2uE4OcpQqbFu7f7NbTK05lx80nuSijCz7sc3a277R67g,saya tidak pernah telat bayar angsuran jago. tapi saya tidak bisa mencairkan pinjaman.. pinjaman saya di bekukan,1,0,8.73.0,2025-10-03 17:56:51+00:00,"Halo, Jagoan! Mohon maaf atas ketidaknyamanannya ya. Untuk kendala yang kamu alami, bisakah diinformasikan secara detail ke Tanya Jago di nomor 1500746 /+62 21 3000 0746 atau email ke tanya@jago.com? Kami dengan senang hati akan membantu kamu. :)",2025-10-03 19:28:31,8.73.0
1d1a7d12-ab24-4e19-9736-e6b0e57ba60f,Pengguna Google,https://play-lh.googleusercontent.com/EGemoI2NTXmTsBVtJqk8jxF9rh8ApRWfsIMQSt2uE4OcpQqbFu7f7NbTK05lx80nuSijCz7sc3a277R67g,"ada beberapa feedback 1. Mau beli saham masih belum bisa, infonya identitas tidak sesuai, ketika saya mau update e-ktp ydk ada opsi pembaharuan di Dokumen yerupdate, terus bagaimana?? 2. saya share ke teman katanya bisa langsung tanpa via aplikasi stockbit atau upgrade bibit plus, terus ini bagaimana apakah ada pembaharuan sistem?tetapi kenapa hanya berlaku untuk pe download aplikasi yg baru saja??, mhn penjelasan 3. apakah data pribadi bnr terjaga?",2,10,8.74.0,2025-10-03 17:13:04+00:00,"Halo, Jagoan! Kami mohon maaf sekali ya atas kendala yang kamu alami. Apakah kamu berkenan menginformasikan detail kendala tersebut supaya bisa kami bantu cek lebih lanjut? Mohon untuk menghubungi kami melalui Tanya Jago di 1500 746/+62 21 3000 0746, atau melalui email ke tanya@jago.com. Kami tunggu laporannya ya.",2025-10-03 19:28:24,8.74.0
2fd94ed2-1b9d-4258-997f-cc39eda73cc6,Pengguna Google,https://play-lh.googleusercontent.com/EGemoI2NTXmTsBVtJqk8jxF9rh8ApRWfsIMQSt2uE4OcpQqbFu7f7NbTK05lx80nuSijCz7sc3a277R67g,mantap,5,0,8.73.0,2025-10-03 16:40:14+00:00,,,8.73.0
2fe41046-ad38-4ed7-a82c-041fc111b442,Pengguna Google,https://play-lh.googleusercontent.com/EGemoI2NTXmTsBVtJqk8jxF9rh8ApRWfsIMQSt2uE4OcpQqbFu7f7NbTK05lx80nuSijCz7sc3a277R67g,bikin krtunya susah .selalu muncul tanda silang merah tulisan ada yg salah,4,0,8.73.0,2025-10-03 15:32:45+00:00,"Halo, Jagoan! Mohon maaf atas ketidaknyamanannya ya. Untuk kendala yang kamu alami, bisakah diinformasikan secara detail ke Tanya Jago di nomor 1500746 /+62 21 3000 0746 atau email ke tanya@jago.com? Kami dengan senang hati akan membantu kamu. :)",2025-10-03 16:57:23,8.73.0
0e635aa0-5234-4922-ad70-fc971f8b7433,Pengguna Google,https://play-lh.googleusercontent.com/EGemoI2NTXmTsBVtJqk8jxF9rh8ApRWfsIMQSt2uE4OcpQqbFu7f7NbTK05lx80nuSijCz7sc3a277R67g,"HP saya saat kena di reset dan download aplikasi bank jago ini malah gabisa masuk, udah telfon setiap hari, email setiap hari malah ga ada jawaban. developernya lambat banget gajelas kalau ada bintang 0 ya bintang 0 ini! ga recommended. udab telfofn pakai pulsa, email ngirim semua NIK udah dikirim dan lain sebagainya tetep aja lambat. katanya maximal sore hari tapi sampe sekarang engga ada. ak telfon lg malah sibuk semua",1,9,8.74.0,2025-10-03 15:19:05+00:00,"Halo, Jagoan! Mohon maaf apabila terdapat fitur atau layanan Jago yang belum sesuai harapan kamu. Kamu bisa menghubungi Tanya Jago di nomor 1500746 / 021-30000746 atau e-mail ke tanya@jago.com untuk kami bantu cek kendalanya lebih lanjut ya. Agent kami dengan senang hati membantu kamu.",2025-10-03 15:43:49,8.74.0
d870706e-bb43-4032-aebc-a9777aab0f58,Pengguna Google,https://play-lh.googleusercontent.com/EGemoI2NTXmTsBVtJqk8jxF9rh8ApRWfsIMQSt2uE4OcpQqbFu7f7NbTK05lx80nuSijCz7sc3a277R67g,keren,5,0,8.70.1,2025-10-03 14:48:00+00:00,,,8.70.1
0a2286da-8486-4a7a-b3c1-910829d1b528,Pengguna Google,https://play-lh.googleusercontent.com/EGemoI2NTXmTsBVtJqk8jxF9rh8ApRWfsIMQSt2uE4OcpQqbFu7f7NbTK05lx80nuSijCz7sc3a277R67g,"Saya suka dengan Bank Jago ini, di Indonesia sangat sedikit Bank digital yang tersedia kartu debit/kredit fisik maupun virtual. Ditambah lagi, Bank Jago sudah support transaksi internasional dengan Visa-nya. Sebagai orang yang berpenghasilan dari luar negeri, Bank Jago sangat membantu saya dalam Withdrawal ataupun penarikan uang dari penghasilan saya. Yang paling penting, saya tinggal buat rekeningnya dari rumah, request Debit Card fisik pun dari rumah. Gaperlu capek-capek ke Bank.🔥👍",5,2,8.73.0,2025-10-03 13:05:14+00:00,,,8.73.0
473f55fd-e050-4023-bb63-937aeba78d8c,Pengguna Google,https://play-lh.googleusercontent.com/EGemoI2NTXmTsBVtJqk8jxF9rh8ApRWfsIMQSt2uE4OcpQqbFu7f7NbTK05lx80nuSijCz7sc3a277R67g,bagus,5,0,8.73.0,2025-10-03 12:32:08+00:00,,,8.73.0
8adab09c-a410-429c-a731-33353c89f02e,Pengguna Google,https://play-lh.googleusercontent.com/EGemoI2NTXmTsBVtJqk8jxF9rh8ApRWfsIMQSt2uE4OcpQqbFu7f7NbTK05lx80nuSijCz7sc3a277R67g,Re-login terus di update aplikasi ini,3,0,8.70.1,2025-10-03 12:26:15+00:00,"Halo, Jagoan! Mohon maaf atas ketidaknyamanannya. Kami mengerti atas pengalaman kurang baik yang kamu alami. Untuk membantu kamu lebih lanjut, mohon menghubungi Tanya Jago di 1500746 / 021-30000746 atau email ke tanya@jago.com untuk kami cek lebih lanjut terkait kendala tersebut. Kami tunggu laporan dari kamu ya.",2025-10-03 14:04:02,8.70.1
e503f38a-f8ee-4ce5-8e6c-03ad391cea7a,Pengguna Google,https://play-lh.googleusercontent.com/EGemoI2NTXmTsBVtJqk8jxF9rh8ApRWfsIMQSt2uE4OcpQqbFu7f7NbTK05lx80nuSijCz7sc3a277R67g,Sat set pokoknya,5,0,8.73.0,2025-10-03 12:21:43+00:00,,,8.73.0
e9632d9d-32d6-4613-8423-ca99e7401073,Pengguna Google,https://play-lh.googleusercontent.com/EGemoI2NTXmTsBVtJqk8jxF9rh8ApRWfsIMQSt2uE4OcpQqbFu7f7NbTK05lx80nuSijCz7sc3a277R67g,👍👍👍👍👌👌👌,5,0,,2025-10-03 11:28:34+00:00,,,
a7712454-9077-4734-a52f-975b29a001e5,Pengguna Google,https://play-lh.googleusercontent.com/EGemoI2NTXmTsBVtJqk8jxF9rh8ApRWfsIMQSt2uE4OcpQqbFu7f7NbTK05lx80nuSijCz7sc3a277R67g,"sangat berguna, membuka rekening tanpa ribet, buat kartu ATM dan langsung dikirim ke alamat gratis, pengelolaan keuangan yang mudah dengan tersedianya kantong digital... luar biasa.",5,1,8.73.0,2025-10-03 11:07:42+00:00,,,8.73.0
83ba9f13-0ebc-44bb-ab66-70d95c2eaa52,Pengguna Google,https://play-lh.googleusercontent.com/EGemoI2NTXmTsBVtJqk8jxF9rh8ApRWfsIMQSt2uE4OcpQqbFu7f7NbTK05lx80nuSijCz7sc3a277R67g,cs nya di wa sudah beberapa hari tidak balas balas,1,0,8.41.3,2025-10-03 10:52:08+00:00,"Halo, Jagoan! Saya mohon maaf atas kendala dan ketidaknyamanan kamu ya. Saya mengerti kesulitan yang kamu hadapi terkait kendala ini. Supaya bisa membantu lebih lanjut, mohon untuk hubungi email kami di tanya@jago.com atau melalui telpon di 1500 746/+62 21 3000 0746. Secepatnya akan kami cek dan tangani :)",2025-10-03 11:11:19,8.41.3
5e135321-7a0f-4293-8fe9-8642da83571f,Pengguna Google,https://play-lh.googleusercontent.com/EGemoI2NTXmTsBVtJqk8jxF9rh8ApRWfsIMQSt2uE4OcpQqbFu7f7NbTK05lx80nuSijCz7sc3a277R67g,good job,5,0,8.70.1,2025-10-03 09:39:54+00:00,,,8.70.1
3e7fed56-1b01-4e16-b1bd-7b9602d5a8d3,Pengguna Google,https://play-lh.googleusercontent.com/EGemoI2NTXmTsBVtJqk8jxF9rh8ApRWfsIMQSt2uE4OcpQqbFu7f7NbTK05lx80nuSijCz7sc3a277R67g,"sangat membantu,, dan menyenangkan,, joss pokoknya",5,0,8.73.0,2025-10-03 09:39:50+00:00,,,8.73.0
fb671c74-39c4-46ff-a693-440e9ce2fdd4,Pengguna Google,https://play-lh.googleusercontent.com/EGemoI2NTXmTsBVtJqk8jxF9rh8ApRWfsIMQSt2uE4OcpQqbFu7f7NbTK05lx80nuSijCz7sc3a277R67g,nyesel saya dulu kepencet jago syariah. untuk mimin saran bisa rubah dong. gara² kesalahan milih jago syariah saya gbisa beli saham konvensional di platform stockbit,2,0,,2025-10-03 09:02:23+00:00,"Hai, Jagoan. Mohon maaf untuk kendala yang kamu alami. Terkait kendala tersebut, kamu bisa segera laporkan ke Tanya Jago di nomor 1500746/021-30000746 atau e-mail ke tanya@jago.com ya. Tidak perlu khawatir karena tim terkait kami akan segera membantu. Terima kasih.",2025-10-03 09:55:11,
53fda36b-e416-4784-9a5d-f0a408931428,Pengguna Google,https://play-lh.googleusercontent.com/EGemoI2NTXmTsBVtJqk8jxF9rh8ApRWfsIMQSt2uE4OcpQqbFu7f7NbTK05lx80nuSijCz7sc3a277R67g,"CS Bank JAGO buruk sekali, RESPON LAMBAT HASIL NIHIL. JANGAN ADA YANG INSTAL KALO GAMAU BERNASIB SAMA SEPERTI SAYA, SALDO SAYA TIDAK BISA DIPROSES KARENA CS TERLALU RUMIT WALAUPUN SUDAH PERSAMAAN DATA",1,0,,2025-10-03 08:50:22+00:00,"Halo, Jagoan! Mohon maaf apabila terdapat fitur atau layanan Jago yang belum sesuai harapan kamu. Kamu bisa menghubungi Tanya Jago di nomor 1500746 / 021-30000746 atau e-mail ke tanya@jago.com untuk kami bantu cek kendalanya lebih lanjut ya. Agent kami dengan senang hati membantu kamu.",2025-10-03 09:31:50,
2515971f-01da-4809-ab24-c17787d865f9,Pengguna Google,https://play-lh.googleusercontent.com/EGemoI2NTXmTsBVtJqk8jxF9rh8ApRWfsIMQSt2uE4OcpQqbFu7f7NbTK05lx80nuSijCz7sc3a277R67g,Tambahkan fitur qr tampil,4,0,8.73.0,2025-10-03 08:15:27+00:00,"Hai, Jagoan! Terima kasih sudah memberikan ulasan dan sudah memilih Bank Jago sebagai bank digital kamu. Jika kamu memerlukan informasi seputar Bank Jago, silakan hubungi Tanya Jago di 1500746/+62 21 3000 0746, atau melalui email ke tanya@jago.com. Dengan senang hati akan membantu.
",2025-10-03 08:30:44,8.73.0
ad64e880-eff7-485f-aaac-5421ef093935,Pengguna Google,https://play-lh.googleusercontent.com/EGemoI2NTXmTsBVtJqk8jxF9rh8ApRWfsIMQSt2uE4OcpQqbFu7f7NbTK05lx80nuSijCz7sc3a277R67g,ok dan bagus,5,0,8.73.0,2025-10-03 07:31:31+00:00,,,8.73.0
58c9d323-25ec-43d6-9745-255e34f8bcc9,Pengguna Google,https://play-lh.googleusercontent.com/EGemoI2NTXmTsBVtJqk8jxF9rh8ApRWfsIMQSt2uE4OcpQqbFu7f7NbTK05lx80nuSijCz7sc3a277R67g,"the best lah pokoknya, segala lancar",5,0,8.73.0,2025-10-03 07:15:39+00:00,,,8.73.0
6ddac505-42bc-4dc2-a46c-44b8fc66bfea,Pengguna Google,https://play-lh.googleusercontent.com/EGemoI2NTXmTsBVtJqk8jxF9rh8ApRWfsIMQSt2uE4OcpQqbFu7f7NbTK05lx80nuSijCz7sc3a277R67g,hari ini pas buka aplikasinya. selalu logout sendiri. katanya sesi telah berakhir,1,0,8.74.0,2025-10-03 06:21:31+00:00,"Halo, Jagoan. Mohon maaf atas kendala yang terjadi ya. Kamu tidak perlu khawatir, kamu bisa menjelaskan detail kendala tersebut melalui email di tanya@jago.com atau call center 1500 746 untuk kami bantu tangani lebih lanjut. Terima kasih :)",2025-10-03 06:47:21,8.74.0
6f93bf9d-1e59-4360-b387-953cd6bf679b,Pengguna Google,https://play-lh.googleusercontent.com/EGemoI2NTXmTsBVtJqk8jxF9rh8ApRWfsIMQSt2uE4OcpQqbFu7f7NbTK05lx80nuSijCz7sc3a277R67g,ok,5,1,8.72.0,2025-10-03 05:25:40+00:00,,,8.72.0
6563bdd8-035f-468a-9a78-bde100385bd4,Pengguna Google,https://play-lh.googleusercontent.com/EGemoI2NTXmTsBVtJqk8jxF9rh8ApRWfsIMQSt2uE4OcpQqbFu7f7NbTK05lx80nuSijCz7sc3a277R67g,"Ribet juga pake Jago,lupa password aja di suruh minta OTP di nomer ponsel.sedangkan nomer ponsel yang aku daftarkan sudah tidak aktif. terus gunanya email buat reset password itu apa ? kok ribet juga ini Bank Jago.",1,0,,2025-10-03 04:05:26+00:00,"Halo, Jagoan. Mohon maaf atas kendala yang terjadi ya. Kamu tidak perlu khawatir, kamu bisa menjelaskan detail kendala tersebut melalui email di tanya@jago.com atau call center 1500 746 untuk kami bantu tangani lebih lanjut. Terima kasih :)",2025-10-03 04:44:21,
454bea37-cdb1-45b9-9662-54dc7bfa9031,Pengguna Google,https://play-lh.googleusercontent.com/EGemoI2NTXmTsBVtJqk8jxF9rh8ApRWfsIMQSt2uE4OcpQqbFu7f7NbTK05lx80nuSijCz7sc3a277R67g,oke,5,0,8.73.0,2025-10-03 01:53:31+00:00,,,8.73.0
3069ceb2-4899-4427-8936-b17d9e5dd08b,Pengguna Google,https://play-lh.googleusercontent.com/EGemoI2NTXmTsBVtJqk8jxF9rh8ApRWfsIMQSt2uE4OcpQqbFu7f7NbTK05lx80nuSijCz7sc3a277R67g,sangat baik,5,0,8.73.0,2025-10-03 01:35:15+00:00,,,8.73.0
e516ce27-7bbf-4e21-bb6e-34d6eac71280,Pengguna Google,https://play-lh.googleusercontent.com/EGemoI2NTXmTsBVtJqk8jxF9rh8ApRWfsIMQSt2uE4OcpQqbFu7f7NbTK05lx80nuSijCz7sc3a277R67g,pelayanan terkait sistem ataupun terkait pergantian data mengenai nomor dll sungguh lambat jujur ini pengalaman pribadi yg g enak banget... di janjikan proses selama 3hari 24 dan sekarang udah minggu ke 2 dari proses ... al hasil sabar lagi harus menunggu dan menunggu,1,0,,2025-10-03 01:27:49+00:00,"Halo, Jagoan. Mohon maaf atas kendala yang terjadi ya. Kamu tidak perlu khawatir, kamu bisa menjelaskan detail kendala tersebut melalui email di tanya@jago.com atau call center 1500 746 untuk kami bantu tangani lebih lanjut. Terima kasih :)",2025-10-03 02:09:48,
bb6590e8-1d48-44d3-b4f6-d6f23d214090,Pengguna Google,https://play-lh.googleusercontent.com/EGemoI2NTXmTsBVtJqk8jxF9rh8ApRWfsIMQSt2uE4OcpQqbFu7f7NbTK05lx80nuSijCz7sc3a277R67g,terimakasih,5,0,8.73.0,2025-10-03 01:09:23+00:00,,,8.73.0
9dce31c9-45fb-444f-9e87-525328624e0b,Pengguna Google,https://play-lh.googleusercontent.com/EGemoI2NTXmTsBVtJqk8jxF9rh8ApRWfsIMQSt2uE4OcpQqbFu7f7NbTK05lx80nuSijCz7sc3a277R67g,gmail sudah cocok tapi nomer untuk menerima kode seperti nomer acak ngak sesuai nomer yang ada di gmail,1,0,8.74.0,2025-10-02 23:50:21+00:00,"Halo, Jagoan. Mohon maaf atas kendala yang terjadi ya. Kamu tidak perlu khawatir, kamu bisa menjelaskan detail kendala tersebut melalui email di tanya@jago.com atau call center 1500 746 untuk kami bantu tangani lebih lanjut. Terima kasih :)",2025-10-03 00:03:54,8.74.0
b7bb99bc-ac9e-4a38-9bac-5e8663682c84,Pengguna Google,https://play-lh.googleusercontent.com/EGemoI2NTXmTsBVtJqk8jxF9rh8ApRWfsIMQSt2uE4OcpQqbFu7f7NbTK05lx80nuSijCz7sc3a277R67g,mantap,5,0,8.74.0,2025-10-02 23:27:00+00:00,,,8.74.0
3f4d1b77-aa91-4d69-9d84-35189ca760d8,Pengguna Google,https://play-lh.googleusercontent.com/EGemoI2NTXmTsBVtJqk8jxF9rh8ApRWfsIMQSt2uE4OcpQqbFu7f7NbTK05lx80nuSijCz7sc3a277R67g,mantap,5,0,8.73.0,2025-10-02 21:54:30+00:00,,,8.73.0
2bb83146-563d-4f2c-ab7c-435e749ccc1e,Pengguna Google,https://play-lh.googleusercontent.com/EGemoI2NTXmTsBVtJqk8jxF9rh8ApRWfsIMQSt2uE4OcpQqbFu7f7NbTK05lx80nuSijCz7sc3a277R67g,layanan baik,5,0,8.73.0,2025-10-02 20:34:04+00:00,,,8.73.0
5e65440b-a15b-47db-b148-692cc45d6e3c,Pengguna Google,https://play-lh.googleusercontent.com/EGemoI2NTXmTsBVtJqk8jxF9rh8ApRWfsIMQSt2uE4OcpQqbFu7f7NbTK05lx80nuSijCz7sc3a277R67g,sangat bagus 👍,5,0,8.73.0,2025-10-02 19:02:48+00:00,,,8.73.0
ef8e10d0-79e9-458b-8efb-613650eb9227,Pengguna Google,https://play-lh.googleusercontent.com/EGemoI2NTXmTsBVtJqk8jxF9rh8ApRWfsIMQSt2uE4OcpQqbFu7f7NbTK05lx80nuSijCz7sc3a277R67g,aplikasi mantap. banyak promo,5,0,8.74.0,2025-10-02 18:33:34+00:00,,,8.74.0
184fd749-4c56-4427-97d5-3a88df8a1159,Pengguna Google,https://play-lh.googleusercontent.com/EGemoI2NTXmTsBVtJqk8jxF9rh8ApRWfsIMQSt2uE4OcpQqbFu7f7NbTK05lx80nuSijCz7sc3a277R67g,sumpah keren pake jago,5,0,8.73.0,2025-10-02 18:25:47+00:00,,,8.73.0
220e3408-0d60-451c-aacb-1fc81219fa27,Pengguna Google,https://play-lh.googleusercontent.com/EGemoI2NTXmTsBVtJqk8jxF9rh8ApRWfsIMQSt2uE4OcpQqbFu7f7NbTK05lx80nuSijCz7sc3a277R67g,good job,5,0,8.73.0,2025-10-02 18:09:00+00:00,,,8.73.0
2240ba35-c45b-4e8b-abf6-7e934f67cc4f,Pengguna Google,https://play-lh.googleusercontent.com/EGemoI2NTXmTsBVtJqk8jxF9rh8ApRWfsIMQSt2uE4OcpQqbFu7f7NbTK05lx80nuSijCz7sc3a277R67g,tolong perbaiki akun saya tidak bisa masuk,2,0,8.73.0,2025-10-02 17:48:41+00:00,"Halo, Jagoan! Mohon maaf atas ketidaknyamanan yang Kakak alami. Supaya bisa membantu lebih lanjut, Kakak bisa menginformasikan detail keluhannya melalui email tanya@jago.com ya. Tim terkait kami dengan senang hati akan membantu Kakak menyelesaikan permasalahannya.",2025-10-09 04:26:26,8.73.0
26df2398-3400-4877-a339-a6e29064e585,Pengguna Google,https://play-lh.googleusercontent.com/EGemoI2NTXmTsBVtJqk8jxF9rh8ApRWfsIMQSt2uE4OcpQqbFu7f7NbTK05lx80nuSijCz7sc3a277R67g,akun saya tidak ada fitur pinjaman nya?,3,0,,2025-10-02 17:45:05+00:00,"Halo, Jagoan. Mohon maaf atas kendala yang terjadi ya. Kamu tidak perlu khawatir, kamu bisa menjelaskan detail kendala tersebut melalui email di tanya@jago.com atau call center 1500 746 untuk kami bantu tangani lebih lanjut. Terima kasih :)",2025-10-02 19:15:58,
98d22fc4-1d3b-4745-b533-401546ad96ce,Pengguna Google,https://play-lh.googleusercontent.com/EGemoI2NTXmTsBVtJqk8jxF9rh8ApRWfsIMQSt2uE4OcpQqbFu7f7NbTK05lx80nuSijCz7sc3a277R67g,senang menggunakan nya,5,0,8.73.0,2025-10-02 17:27:21+00:00,,,8.73.0
6fac9f4d-b5fc-4e13-b4e8-daa63896cffb,Pengguna Google,https://play-lh.googleusercontent.com/EGemoI2NTXmTsBVtJqk8jxF9rh8ApRWfsIMQSt2uE4OcpQqbFu7f7NbTK05lx80nuSijCz7sc3a277R67g,"bank digital satu2nya yg super ribet buka rekening, email gk di gubris..kok bisa?",1,0,8.73.0,2025-10-02 17:04:07+00:00,"Halo, Jagoan! Mohon maaf atas ketidaknyamanannya. Kami mengerti atas pengalaman kurang baik yang kamu alami. Untuk membantu kamu lebih lanjut, mohon menghubungi Tanya Jago di 1500746 / 021-30000746 atau email ke tanya@jago.com untuk kami cek lebih lanjut terkait kendala tersebut. Kami tunggu laporan dari kamu ya.",2025-10-02 17:34:58,8.73.0
ad5c0101-2404-41bc-b7d2-cccce0e94685,Pengguna Google,https://play-lh.googleusercontent.com/EGemoI2NTXmTsBVtJqk8jxF9rh8ApRWfsIMQSt2uE4OcpQqbFu7f7NbTK05lx80nuSijCz7sc3a277R67g,👍👍👍👍💙💙💙🙏🙏🙏,5,0,,2025-10-02 16:10:35+00:00,,,
d2b7eeaf-6cfc-4d0f-a09f-fa0d55ec6433,Pengguna Google,https://play-lh.googleusercontent.com/EGemoI2NTXmTsBVtJqk8jxF9rh8ApRWfsIMQSt2uE4OcpQqbFu7f7NbTK05lx80nuSijCz7sc3a277R67g,"Akun jago selalu keluar otomatis setiap login, memberatkan user untuk bertransaksi dengan fleksible",1,0,,2025-10-02 15:42:04+00:00,"Halo, Jagoan! Mohon maaf atas ketidaknyamanannya. Kami mengerti atas pengalaman kurang baik yang kamu alami. Untuk membantu kamu lebih lanjut, mohon menghubungi Tanya Jago di 1500746 / 021-30000746 atau email ke tanya@jago.com untuk kami cek lebih lanjut terkait kendala tersebut. Kami tunggu laporan dari kamu ya.",2025-10-02 16:06:54,
e8374a00-644d-4728-b2a1-af474241e762,Pengguna Google,https://play-lh.googleusercontent.com/EGemoI2NTXmTsBVtJqk8jxF9rh8ApRWfsIMQSt2uE4OcpQqbFu7f7NbTK05lx80nuSijCz7sc3a277R67g,dimana kah kantor bank jago yg dimedan bg? ada kendala pada aplikasi bg jago saya,4,0,8.70.1,2025-10-02 13:48:13+00:00,"Halo, Jagoan! Mohon maaf atas ketidaknyamanannya. Kami mengerti atas pengalaman kurang baik yang kamu alami. Untuk membantu kamu lebih lanjut, mohon menghubungi Tanya Jago di 1500746 / 021-30000746 atau email ke tanya@jago.com untuk kami cek lebih lanjut terkait kendala tersebut. Kami tunggu laporan dari kamu ya.",2025-10-02 17:31:18,8.70.1
3751825f-c559-4828-8384-91a7b2cea72f,Pengguna Google,https://play-lh.googleusercontent.com/EGemoI2NTXmTsBVtJqk8jxF9rh8ApRWfsIMQSt2uE4OcpQqbFu7f7NbTK05lx80nuSijCz7sc3a277R67g,bagus banget aplikasinya,1,0,,2025-10-02 13:42:30+00:00,"Halo, Jagoan! Terima kasih telah memilih Bank Jago dan selamat menjelajahi fitur-fiturnya ya. Yuk ikuti terus social media kami untuk tahu informasi promo dan update terbaru dari kami. Jika ada hal lain yang ingin ditanyakan, jangan ragu-ragu untuk menghubungi Tanya Jago di nomor 1500746 / 021-30000746 atau e-mail ke tanya@jago.com",2025-10-02 16:53:32,
e73a03aa-f3d4-44eb-93d9-8d1a36170f73,Pengguna Google,https://play-lh.googleusercontent.com/EGemoI2NTXmTsBVtJqk8jxF9rh8ApRWfsIMQSt2uE4OcpQqbFu7f7NbTK05lx80nuSijCz7sc3a277R67g,kerenn,5,0,,2025-10-02 13:40:22+00:00,,,
18594632-400d-4eae-ba93-ae6afabc5e54,Pengguna Google,https://play-lh.googleusercontent.com/EGemoI2NTXmTsBVtJqk8jxF9rh8ApRWfsIMQSt2uE4OcpQqbFu7f7NbTK05lx80nuSijCz7sc3a277R67g,"pinjaman bunga termurah seluruh indonesia ,saya pakai apk ini",5,0,,2025-10-02 13:04:39+00:00,,,
2dc434e4-5bf5-47aa-88a4-1e7a9673b5fb,Pengguna Google,https://play-lh.googleusercontent.com/EGemoI2NTXmTsBVtJqk8jxF9rh8ApRWfsIMQSt2uE4OcpQqbFu7f7NbTK05lx80nuSijCz7sc3a277R67g,aneh masa saya udah login berkali2 verifikasi wajah tetep aja gabisa tidak sesuai dengan ktp aneh sekali padahal pakai ktp saya sendiri dan katanya harus di perbarui ktpnya di persulit sekali daftarnya saya mau daftar buat di aplikasi bibit memerlukan aplikasi ini untuk RDN tpi kenapa sulit sekali daftarnya,1,31,8.73.0,2025-10-02 12:54:51+00:00,"Halo, Jagoan! Mohon maaf atas ketidaknyamanannya. Kami mengerti atas pengalaman kurang baik yang kamu alami. Untuk membantu kamu lebih lanjut, mohon menghubungi Tanya Jago di 1500746 / 021-30000746 atau email ke tanya@jago.com untuk kami cek lebih lanjut terkait kendala tersebut. Kami tunggu laporan dari kamu ya.",2025-10-02 14:55:18,8.73.0
094cc8c1-fd95-4e9b-b02b-4834df510722,Pengguna Google,https://play-lh.googleusercontent.com/EGemoI2NTXmTsBVtJqk8jxF9rh8ApRWfsIMQSt2uE4OcpQqbFu7f7NbTK05lx80nuSijCz7sc3a277R67g,"Gimana saya login akun syaa gak bisa, verif wajah berkali kali tp gagal",1,0,8.73.0,2025-10-02 11:15:37+00:00,"Hai, Jagoan. Mohon maaf untuk kendala yang kamu alami. Terkait kendala tersebut, kamu bisa segera laporkan ke Tanya Jago di nomor 1500746/021-30000746 atau e-mail ke tanya@jago.com ya. Tidak perlu khawatir karena tim terkait kami akan segera membantu. Terima kasih.",2025-10-02 13:40:07,8.73.0
906516d9-2508-4622-a7fd-e859c10e0f20,Pengguna Google,https://play-lh.googleusercontent.com/EGemoI2NTXmTsBVtJqk8jxF9rh8ApRWfsIMQSt2uE4OcpQqbFu7f7NbTK05lx80nuSijCz7sc3a277R67g,"aktivasi akun tdk ada balasan email, saya coba login dg password yg seingat saya betul, tdk bisa login. saya klik lupa password eror (koneksi terputus) berulang2 kaya bug, padahal jaringan internet wifi yg saya gunakan kencang.",1,4,8.73.0,2025-10-02 10:06:17+00:00,"Hai, Jagoan. Mohon maaf untuk kendala yang kamu alami. Terkait kendala tersebut, kamu bisa segera laporkan ke Tanya Jago di nomor 1500746/021-30000746 atau e-mail ke tanya@jago.com ya. Tidak perlu khawatir karena tim terkait kami akan segera membantu. Terima kasih.",2025-10-02 13:01:44,8.73.0
67a600e3-5af1-4b88-bfec-629946bbe7a7,Pengguna Google,https://play-lh.googleusercontent.com/EGemoI2NTXmTsBVtJqk8jxF9rh8ApRWfsIMQSt2uE4OcpQqbFu7f7NbTK05lx80nuSijCz7sc3a277R67g,Gk bisa foto ktp,4,0,8.74.0,2025-10-02 10:00:35+00:00,"Hai, Jagoan. Mohon maaf untuk kendala yang kamu alami. Terkait kendala tersebut, kamu bisa segera laporkan ke Tanya Jago di nomor 1500746/021-30000746 atau e-mail ke tanya@jago.com ya. Tidak perlu khawatir karena tim terkait kami akan segera membantu. Terima kasih.",2025-10-02 13:01:49,8.74.0
d85b6442-99c4-435b-b997-c03ad8c2326c,Pengguna Google,https://play-lh.googleusercontent.com/EGemoI2NTXmTsBVtJqk8jxF9rh8ApRWfsIMQSt2uE4OcpQqbFu7f7NbTK05lx80nuSijCz7sc3a277R67g,menyusahkan tiap block 1jam 😓,2,0,8.73.0,2025-10-02 09:29:57+00:00,"Halo, Jagoan! Mohon maaf atas kendala yang kamu alami ya. Saya mengerti situasi sulit ini mengganggu kamu. Mohon kesediaannya mengirimkan email ke tanya@jago.com dengan melampirkan bukti foto/tangkapan layar kendala kamu. Agar dapat segera kami bantu.",2025-10-02 11:49:18,8.73.0
e9884cd9-d2ed-4254-8b87-df408f68722a,Pengguna Google,https://play-lh.googleusercontent.com/EGemoI2NTXmTsBVtJqk8jxF9rh8ApRWfsIMQSt2uE4OcpQqbFu7f7NbTK05lx80nuSijCz7sc3a277R67g,"uang saya diambil senilai 40 RB ,karena dengan alasan saldo tidak mencukupi padahal saldo saye lebih dari cukup untuk membeli barang ,bank jago mengambil uang saya sebesar 5rb beberapa kali sampai saya hitung totalnya ada 40 RB yang sudah di ambil ,ini sangat merugikan",1,3,8.73.0,2025-10-02 08:13:02+00:00,"Halo, Jagoan! Mohon maaf apabila terdapat fitur atau layanan Jago yang belum sesuai harapan kamu. Kamu bisa menghubungi Tanya Jago di nomor 1500746 / 021-30000746 atau e-mail ke tanya@jago.com untuk kami bantu cek kendalanya lebih lanjut ya. Agent kami dengan senang hati membantu kamu.",2025-10-02 10:59:05,8.73.0
613a2a12-00fd-4cb3-bede-3847ff1c3380,Pengguna Google,https://play-lh.googleusercontent.com/EGemoI2NTXmTsBVtJqk8jxF9rh8ApRWfsIMQSt2uE4OcpQqbFu7f7NbTK05lx80nuSijCz7sc3a277R67g,bagus,5,0,8.70.1,2025-10-02 06:08:20+00:00,,,8.70.1
1f3d536c-f8de-4e47-be10-fa50da44dbd2,Pengguna Google,https://play-lh.googleusercontent.com/EGemoI2NTXmTsBVtJqk8jxF9rh8ApRWfsIMQSt2uE4OcpQqbFu7f7NbTK05lx80nuSijCz7sc3a277R67g,good,5,0,8.73.0,2025-10-02 05:50:14+00:00,,,8.73.0
2f0f8fb9-6706-4447-987d-e0fed3bba9a5,Pengguna Google,https://play-lh.googleusercontent.com/EGemoI2NTXmTsBVtJqk8jxF9rh8ApRWfsIMQSt2uE4OcpQqbFu7f7NbTK05lx80nuSijCz7sc3a277R67g,"bank jago mantap, transaksi mudah dan cepat",5,0,8.73.0,2025-10-02 05:46:25+00:00,,,8.73.0
80235573-ee11-42b4-b486-a2017225323e,Pengguna Google,https://play-lh.googleusercontent.com/EGemoI2NTXmTsBVtJqk8jxF9rh8ApRWfsIMQSt2uE4OcpQqbFu7f7NbTK05lx80nuSijCz7sc3a277R67g,"paling suka sama fitur kantong dan gratis admin tf beda bank, sekarang kemana2 aku ajak orang pake jago syariah ajaaa",5,0,,2025-10-02 05:46:04+00:00,,,
7ab085fa-5694-4d2f-86d8-95435ea06fa8,Pengguna Google,https://play-lh.googleusercontent.com/EGemoI2NTXmTsBVtJqk8jxF9rh8ApRWfsIMQSt2uE4OcpQqbFu7f7NbTK05lx80nuSijCz7sc3a277R67g,BagusMbatu Terimakasih,5,0,8.73.0,2025-10-02 05:25:41+00:00,,,8.73.0
2be90234-28e1-432a-a95e-a5d12dc51c42,Pengguna Google,https://play-lh.googleusercontent.com/EGemoI2NTXmTsBVtJqk8jxF9rh8ApRWfsIMQSt2uE4OcpQqbFu7f7NbTK05lx80nuSijCz7sc3a277R67g,kenapa saya ga dapat pinjaman dan tidak muncul di menu bagian depan . payah ga adil,1,0,8.73.0,2025-10-01 23:13:55+00:00,"Halo, Jagoan. Mohon maaf atas kendala yang terjadi ya. Kamu tidak perlu khawatir, kamu bisa menjelaskan detail kendala tersebut melalui email di tanya@jago.com atau call center 1500 746 untuk kami bantu tangani lebih lanjut. Terima kasih :)",2025-10-01 23:42:54,8.73.0
c98bb45c-e5bc-49a7-a493-ab81bfec2395,Pengguna Google,https://play-lh.googleusercontent.com/EGemoI2NTXmTsBVtJqk8jxF9rh8ApRWfsIMQSt2uE4OcpQqbFu7f7NbTK05lx80nuSijCz7sc3a277R67g,👍👍👍👍,5,0,,2025-10-01 22:54:02+00:00,,,
7d103ad0-2a37-4bd7-bf9c-90216a83c658,Pengguna Google,https://play-lh.googleusercontent.com/EGemoI2NTXmTsBVtJqk8jxF9rh8ApRWfsIMQSt2uE4OcpQqbFu7f7NbTK05lx80nuSijCz7sc3a277R67g,jelek setiap kasih otp jago syariah lambat jadi pengguna kesulitan,3,0,,2025-10-01 22:27:01+00:00,"Halo, Jagoan! Mohon maaf atas ketidaknyamanannya ya. Untuk kendala yang kamu alami, bisakah diinformasikan secara detail ke Tanya Jago di nomor 1500746 /+62 21 3000 0746 atau email ke tanya@jago.com? Kami dengan senang hati akan membantu kamu. :)",2025-10-01 22:33:45,
6be374f9-b469-4787-82f0-6384b5dba3ec,Pengguna Google,https://play-lh.googleusercontent.com/EGemoI2NTXmTsBVtJqk8jxF9rh8ApRWfsIMQSt2uE4OcpQqbFu7f7NbTK05lx80nuSijCz7sc3a277R67g,pengalaman menggunakan bank digital pertama dengan bank jago syariah.. puassss.. banyak gratis dan bonusnyaa 🥰,5,0,8.73.0,2025-10-01 21:46:08+00:00,,,8.73.0
8860333a-cff8-4b5e-8894-b7003716bfb1,Pengguna Google,https://play-lh.googleusercontent.com/EGemoI2NTXmTsBVtJqk8jxF9rh8ApRWfsIMQSt2uE4OcpQqbFu7f7NbTK05lx80nuSijCz7sc3a277R67g,"lumayan ringan,, karna Bekerja sama dengan gopay jadi aku aktifkan rekening jago ini.",4,0,8.73.0,2025-10-01 21:29:31+00:00,"Halo, Jagoan. Terima kasih atas penilaian yang sudah kamu berikan. Masukanmu menjadi input baik untuk Jago dalam memberikan layanan yang lebih baik lagi ke depannya. Jika ada yang ingin ditanyakan, kamu bisa mengirimkan email ke tanya@jago.com atau call center di 1500 746. Terima kasih :)",2025-10-01 22:32:14,8.73.0
ba78d5fb-24d3-46e8-a1ea-b704a9fb902e,Pengguna Google,https://play-lh.googleusercontent.com/EGemoI2NTXmTsBVtJqk8jxF9rh8ApRWfsIMQSt2uE4OcpQqbFu7f7NbTK05lx80nuSijCz7sc3a277R67g,inilah konsep bank yang aku cari,5,0,8.73.0,2025-10-01 21:04:51+00:00,,,8.73.0
4cd76aab-44d4-405c-8bef-6106f3196f4b,Pengguna Google,https://play-lh.googleusercontent.com/EGemoI2NTXmTsBVtJqk8jxF9rh8ApRWfsIMQSt2uE4OcpQqbFu7f7NbTK05lx80nuSijCz7sc3a277R67g,Menyenangkan,3,0,8.73.0,2025-10-01 20:05:28+00:00,"Halo, Jagoan. Terima kasih atas penilaian yang sudah kamu berikan. Masukanmu menjadi input baik untuk Jago dalam memberikan layanan yang lebih baik lagi ke depannya. Jika ada yang ingin ditanyakan, kamu bisa mengirimkan email ke tanya@jago.com atau call center di 1500 746. Terima kasih :)",2025-10-01 22:32:29,8.73.0
5d3e56c0-c24a-4e7d-accf-fde5bed07571,Pengguna Google,https://play-lh.googleusercontent.com/EGemoI2NTXmTsBVtJqk8jxF9rh8ApRWfsIMQSt2uE4OcpQqbFu7f7NbTK05lx80nuSijCz7sc3a277R67g,"akun bank jago saya yang terblokir sudah teratasi mulai dapat vertikasi kode otp buat pin dll. tapi giliran untuk masuk aplikasinya ada notice ""ada kendala tidak bisa akses masuk..."" sudah lapor tanya jago sampai sekarang belum juga dibantu. cape sudah minta bantuan lewat email wa telfon tidak ada hasil yang memuaskan, padahal itu akun sangat saya perlukan",1,49,8.73.0,2025-10-01 20:04:06+00:00,"Halo, Jagoan. Mohon maaf atas kendala yang terjadi ya. Kamu tidak perlu khawatir, kamu bisa menjelaskan detail kendala tersebut melalui email di tanya@jago.com atau call center 1500 746 untuk kami bantu tangani lebih lanjut. Terima kasih :)",2025-10-01 22:32:53,8.73.0
de256f04-c5fa-49df-ba03-519be5e76979,Pengguna Google,https://play-lh.googleusercontent.com/EGemoI2NTXmTsBVtJqk8jxF9rh8ApRWfsIMQSt2uE4OcpQqbFu7f7NbTK05lx80nuSijCz7sc3a277R67g,sangat meemuasaasss kan,5,0,,2025-10-01 18:46:22+00:00,,,
0b7fda8b-0036-441c-82c6-2d76616f38c5,Pengguna Google,https://play-lh.googleusercontent.com/EGemoI2NTXmTsBVtJqk8jxF9rh8ApRWfsIMQSt2uE4OcpQqbFu7f7NbTK05lx80nuSijCz7sc3a277R67g,mantap semoga banyak bonusnya,5,0,8.73.0,2025-10-01 18:40:36+00:00,,,8.73.0
ac7804e3-8b2e-4054-98ca-0ea0a5361270,Pengguna Google,https://play-lh.googleusercontent.com/EGemoI2NTXmTsBVtJqk8jxF9rh8ApRWfsIMQSt2uE4OcpQqbFu7f7NbTK05lx80nuSijCz7sc3a277R67g,"Sudah 2 minggu akun tidak kunjung di aktivasi, lapor email berkali-kali gapernah di respon !",1,3,8.73.0,2025-10-01 18:27:19+00:00,"Halo, Jagoan. Mohon maaf atas kendala yang terjadi ya. Kamu tidak perlu khawatir, kamu bisa menjelaskan detail kendala tersebut melalui email di tanya@jago.com atau call center 1500 746 untuk kami bantu tangani lebih lanjut. Terima kasih :)",2025-10-01 22:27:29,8.73.0
2188d928-065b-4392-933a-b62c97512479,Pengguna Google,https://play-lh.googleusercontent.com/EGemoI2NTXmTsBVtJqk8jxF9rh8ApRWfsIMQSt2uE4OcpQqbFu7f7NbTK05lx80nuSijCz7sc3a277R67g,good,5,0,8.73.0,2025-10-01 18:24:46+00:00,,,8.73.0
ecc5bb50-19f4-4a0f-b8db-40d29d270527,Pengguna Google,https://play-lh.googleusercontent.com/EGemoI2NTXmTsBVtJqk8jxF9rh8ApRWfsIMQSt2uE4OcpQqbFu7f7NbTK05lx80nuSijCz7sc3a277R67g,"ribet, pengen ganti nomor tapi ribet",1,0,,2025-10-01 17:33:30+00:00,"Halo, Jagoan. Mohon maaf atas kendala yang terjadi ya. Kamu tidak perlu khawatir, kamu bisa menjelaskan detail kendala tersebut melalui email di tanya@jago.com atau call center 1500 746 untuk kami bantu tangani lebih lanjut. Terima kasih :)",2025-10-01 22:14:31,
e3223934-54e7-4fa0-8979-48d0305285f6,Pengguna Google,https://play-lh.googleusercontent.com/EGemoI2NTXmTsBVtJqk8jxF9rh8ApRWfsIMQSt2uE4OcpQqbFu7f7NbTK05lx80nuSijCz7sc3a277R67g,"mau login tapi nomor nya sudah tidak ada atau tidak aktf, Kasih solusi",4,0,8.74.0,2025-10-01 17:16:24+00:00,"Halo, Jagoan! Mohon maaf atas ketidaknyamanannya ya. Untuk kendala yang kamu alami, bisakah diinformasikan secara detail ke Tanya Jago di nomor 1500746 /+62 21 3000 0746 atau email ke tanya@jago.com? Kami dengan senang hati akan membantu kamu. :)",2025-10-01 17:32:06,8.74.0
93c79808-c668-4d15-a2a4-37a42ca1231d,Pengguna Google,https://play-lh.googleusercontent.com/EGemoI2NTXmTsBVtJqk8jxF9rh8ApRWfsIMQSt2uE4OcpQqbFu7f7NbTK05lx80nuSijCz7sc3a277R67g,"masuk nya susah masukan nmr hp SM nik, udah tau bener di anggap salah lagi salah lagi. orang saya yang punya nmr hp nya dan nik. sistem bodoh",1,0,8.74.0,2025-10-01 17:07:36+00:00,"Hai, Jagoan! Mohon maaf untuk ketidaknyamanan terkait kendala yang kamu alami. Hal ini akan menjadi perhatian dan masukan agar Bank Jago lebih baik ke depannya. Silakan hubungi Tanya Jago di 1500746/+62 21 3000 0746, atau menghubungi melalui email ke tanya@jago.com. Dengan senang hati kami akan membantu menyelesaikan masalah dan kendala kamu. :)",2025-10-01 17:32:19,8.74.0
3efe4ee7-1132-4daa-969b-c9ef223ae337,Pengguna Google,https://play-lh.googleusercontent.com/EGemoI2NTXmTsBVtJqk8jxF9rh8ApRWfsIMQSt2uE4OcpQqbFu7f7NbTK05lx80nuSijCz7sc3a277R67g,"akun tbtb ke blokir saldo 1 juta nyangkut, laporan sudah berapa kali, sudah seminggu akun tetap tidak login, lebih baik tutup saja",1,0,,2025-10-01 16:45:24+00:00,"Halo, Jagoan. Mohon maaf atas kendala yang terjadi ya. Kamu tidak perlu khawatir, kamu bisa menjelaskan detail kendala tersebut melalui email di tanya@jago.com atau call center 1500 746 untuk kami bantu tangani lebih lanjut. Terima kasih :)",2025-10-01 22:12:05,
7ec6e0c2-cb61-445e-a1a3-e6d63bf8d653,Pengguna Google,https://play-lh.googleusercontent.com/EGemoI2NTXmTsBVtJqk8jxF9rh8ApRWfsIMQSt2uE4OcpQqbFu7f7NbTK05lx80nuSijCz7sc3a277R67g,ini gmna abis daftar malah apk eror login gak bisa pas dan pin salah semua vc juga sudah.data diri bener.ni gmna pihak dari bank jago kejelasanya,2,0,8.73.0,2025-10-01 15:43:35+00:00,"Halo, Jagoan! Mohon maaf atas ketidaknyamanannya ya. Untuk kendala yang kamu alami, bisakah diinformasikan secara detail ke Tanya Jago di nomor 1500746 /+62 21 3000 0746 atau email ke tanya@jago.com? Kami dengan senang hati akan membantu kamu. :)",2025-10-01 16:12:28,8.73.0
289a98a6-c7d6-46d9-a650-0a0c0ec9de78,Pengguna Google,https://play-lh.googleusercontent.com/EGemoI2NTXmTsBVtJqk8jxF9rh8ApRWfsIMQSt2uE4OcpQqbFu7f7NbTK05lx80nuSijCz7sc3a277R67g,mantap,5,0,8.74.0,2025-10-01 15:29:16+00:00,,,8.74.0
17af65f3-fe68-4b00-a8df-7a30417594c9,Pengguna Google,https://play-lh.googleusercontent.com/EGemoI2NTXmTsBVtJqk8jxF9rh8ApRWfsIMQSt2uE4OcpQqbFu7f7NbTK05lx80nuSijCz7sc3a277R67g,sempurna.,5,0,8.73.0,2025-10-01 15:21:10+00:00,,,8.73.0
f1a688de-91e8-409f-b900-f581f827b8ff,Pengguna Google,https://play-lh.googleusercontent.com/EGemoI2NTXmTsBVtJqk8jxF9rh8ApRWfsIMQSt2uE4OcpQqbFu7f7NbTK05lx80nuSijCz7sc3a277R67g,g bisa login,1,0,8.73.0,2025-10-01 15:06:33+00:00,"Halo, Jagoan. Mohon maaf atas kendala yang terjadi ya. Kamu tidak perlu khawatir, kamu bisa menjelaskan detail kendala tersebut melalui email di tanya@jago.com atau call center 1500 746 untuk kami bantu tangani lebih lanjut. Terima kasih :)",2025-10-01 15:31:01,8.73.0
84d92161-b0de-44d4-aaa5-bf1d3d2614e3,Pengguna Google,https://play-lh.googleusercontent.com/EGemoI2NTXmTsBVtJqk8jxF9rh8ApRWfsIMQSt2uE4OcpQqbFu7f7NbTK05lx80nuSijCz7sc3a277R67g,pelayanannya lambatt mau konfirmasi lupa password aja langsung di putus koneksi,1,0,,2025-10-01 14:04:32+00:00,"Hai, Jagoan. Mohon maaf untuk kendala yang kamu alami. Terkait kendala tersebut, kamu bisa segera laporkan ke Tanya Jago di nomor 1500746/021-30000746 atau e-mail ke tanya@jago.com ya. Tidak perlu khawatir karena tim terkait kami akan segera membantu. Terima kasih.",2025-10-02 13:01:57,
9218a33c-15a7-424e-adc6-85c78aa6be84,Pengguna Google,https://play-lh.googleusercontent.com/EGemoI2NTXmTsBVtJqk8jxF9rh8ApRWfsIMQSt2uE4OcpQqbFu7f7NbTK05lx80nuSijCz7sc3a277R67g,"saya dlu pernah buat akun bank jago mungkin skitar 3 Thun lalu, tapi skrng saya lupa pasword ,otomatis di arahkan buat pasword baru dengan dkrim kode otp ke no hp yg trdftar,masalah nya no hp yg terdaftar sudah mati/GK aktif lagi,saya sudah lapor lewat email ,disuruh verifikasi dsbgai nya,,stelah itu pihak customer bank jago macam di persulit,ribet kali,,",1,8,8.73.0,2025-10-01 13:38:45+00:00,"Halo, Jagoan! Kami mohon maaf sekali ya atas kendala yang kamu alami. Apakah kamu berkenan menginformasikan detail kendala tersebut supaya bisa kami bantu cek lebih lanjut? Mohon untuk menghubungi kami melalui Tanya Jago di 1500 746/+62 21 3000 0746, atau melalui email ke tanya@jago.com. Kami tunggu laporannya ya.",2025-10-01 14:22:08,8.73.0
7f2a6651-29ac-46a5-93ee-e5e3ed3773fc,Pengguna Google,https://play-lh.googleusercontent.com/EGemoI2NTXmTsBVtJqk8jxF9rh8ApRWfsIMQSt2uE4OcpQqbFu7f7NbTK05lx80nuSijCz7sc3a277R67g,mantap,5,0,8.73.0,2025-10-01 13:29:34+00:00,,,8.73.0
4343b9e9-2490-4ee7-bb27-649cb076188a,Pengguna Google,https://play-lh.googleusercontent.com/EGemoI2NTXmTsBVtJqk8jxF9rh8ApRWfsIMQSt2uE4OcpQqbFu7f7NbTK05lx80nuSijCz7sc3a277R67g,jatuh tempo nya di bagian pinjaman makin lama makin gk jelas...masa mau pinjam di tgl 1 okt...bayar nya jd tgl 20 oct...gimna ini..makin kesini sini makin parah...mentang2 bayar nya lancar...gk jelas..!!,2,0,8.73.0,2025-10-01 13:21:17+00:00,"Halo, Jagoan! Kami mohon maaf sekali ya atas kendala yang kamu alami. Apakah kamu berkenan menginformasikan detail kendala tersebut supaya bisa kami bantu cek lebih lanjut? Mohon untuk menghubungi kami melalui Tanya Jago di 1500 746/+62 21 3000 0746, atau melalui email ke tanya@jago.com. Kami tunggu laporannya ya.",2025-10-01 14:22:03,8.73.0
39ed8f34-4fb9-475e-8fbc-6a1f3e333ed4,Pengguna Google,https://play-lh.googleusercontent.com/EGemoI2NTXmTsBVtJqk8jxF9rh8ApRWfsIMQSt2uE4OcpQqbFu7f7NbTK05lx80nuSijCz7sc3a277R67g,"berkali2 logout sendiri dan sudah benar masukan pasword malah ttep gagal yang ada akun terkunci.., kan setresss",1,0,8.73.0,2025-10-01 12:33:13+00:00,"Halo, Jagoan! Mohon maaf atas ketidaknyamanannya. Kami mengerti atas pengalaman kurang baik yang kamu alami. Untuk membantu kamu lebih lanjut, mohon menghubungi Tanya Jago di 1500746 / 021-30000746 atau email ke tanya@jago.com untuk kami cek lebih lanjut terkait kendala tersebut. Kami tunggu laporan dari kamu ya.",2025-10-02 20:36:31,8.73.0
531defbc-5f9d-4774-b111-831b05e7eed4,Pengguna Google,https://play-lh.googleusercontent.com/EGemoI2NTXmTsBVtJqk8jxF9rh8ApRWfsIMQSt2uE4OcpQqbFu7f7NbTK05lx80nuSijCz7sc3a277R67g,"Aku pakai bank jago syariah, makasih banyak ya bank jago udah lahir di dunia ini😭🫰🏻makasih banyak aku pake ini udah hampir mau setahun aman aman aja, dan gada biaya admin nya terus mau transfer juga gada biaya admin nya, dapet kartu fisik nya juga gratis. bintang 5 buat bank jago, semoga abis dipuji gada masalah ya kalo bisa update terus ke lebih baik 🌟🌟🌟🌟🌟",5,2,8.70.1,2025-10-01 11:50:46+00:00,,,8.70.1
4179144a-d546-44d1-b82a-899ab9926afc,Pengguna Google,https://play-lh.googleusercontent.com/EGemoI2NTXmTsBVtJqk8jxF9rh8ApRWfsIMQSt2uE4OcpQqbFu7f7NbTK05lx80nuSijCz7sc3a277R67g,"akun saya tiba tiba keluar sendiri, respon jago juga tidak membantu sama sekali, berkali kali verifikasi wajah juga ga bisa masuk",1,0,,2025-10-01 11:16:16+00:00,"Halo, Jagoan! Mohon maaf apabila terdapat fitur atau layanan Jago yang belum sesuai harapan kamu. Kamu bisa menghubungi Tanya Jago di nomor 1500746 / 021-30000746 atau e-mail ke tanya@jago.com untuk kami bantu cek kendalanya lebih lanjut ya. Agent kami dengan senang hati membantu kamu.",2025-10-01 12:24:28,
d9637661-7033-4c25-a62f-eb27de4ce3c5,Pengguna Google,https://play-lh.googleusercontent.com/EGemoI2NTXmTsBVtJqk8jxF9rh8ApRWfsIMQSt2uE4OcpQqbFu7f7NbTK05lx80nuSijCz7sc3a277R67g,terbaik buat saya semoga makin baik pelayanan dan fiturnya,5,0,8.74.0,2025-10-01 11:15:02+00:00,,,8.74.0
94c761b0-9b17-4c1b-8e01-7cc189926213,Pengguna Google,https://play-lh.googleusercontent.com/EGemoI2NTXmTsBVtJqk8jxF9rh8ApRWfsIMQSt2uE4OcpQqbFu7f7NbTK05lx80nuSijCz7sc3a277R67g,proses nya lama mesti paksa berenti,1,0,8.73.0,2025-10-01 10:36:46+00:00,"Halo, Jagoan! Mohon maaf apabila terdapat fitur atau layanan Jago yang belum sesuai harapan kamu. Kamu bisa menghubungi Tanya Jago di nomor 1500746 / 021-30000746 atau e-mail ke tanya@jago.com untuk kami bantu cek kendalanya lebih lanjut ya. Agent kami dengan senang hati membantu kamu.",2025-10-01 11:55:55,8.73.0
f0eaf195-764d-4f18-9191-d4a0c5fa0374,Pengguna Google,https://play-lh.googleusercontent.com/EGemoI2NTXmTsBVtJqk8jxF9rh8ApRWfsIMQSt2uE4OcpQqbFu7f7NbTK05lx80nuSijCz7sc3a277R67g,puas sekali,5,0,8.73.0,2025-10-01 09:50:45+00:00,,,8.73.0
85340ef9-18c9-418c-b558-a0a313f0cc10,Pengguna Google,https://play-lh.googleusercontent.com/EGemoI2NTXmTsBVtJqk8jxF9rh8ApRWfsIMQSt2uE4OcpQqbFu7f7NbTK05lx80nuSijCz7sc3a277R67g,"Masalah akun terkunci proses membukanya lama banget, adminya lelet untuk memproses ky gini di bank sebelah sehari langsung selesai masalahnya disini di diemin ga ada info sama sekali",1,0,8.58.0,2025-10-01 09:36:49+00:00,"Halo, Jagoan! Mohon maaf atas ketidaknyamanannya ya. Untuk kendala yang kamu alami, bisakah diinformasikan secara detail ke Tanya Jago di nomor 1500746 /+62 21 3000 0746 atau email ke tanya@jago.com? Kami dengan senang hati akan membantu kamu. :)",2025-10-01 22:32:40,8.58.0
5b884e28-5ca3-496e-8534-3de51dbdfca3,Pengguna Google,https://play-lh.googleusercontent.com/EGemoI2NTXmTsBVtJqk8jxF9rh8ApRWfsIMQSt2uE4OcpQqbFu7f7NbTK05lx80nuSijCz7sc3a277R67g,TRANSAKSI JADI LEBIH CEPAT,5,0,8.73.0,2025-10-01 09:34:06+00:00,,,8.73.0
7eec7876-10ae-420d-8901-e5bed2cb9eca,Pengguna Google,https://play-lh.googleusercontent.com/EGemoI2NTXmTsBVtJqk8jxF9rh8ApRWfsIMQSt2uE4OcpQqbFu7f7NbTK05lx80nuSijCz7sc3a277R67g,sangat membantu,5,0,8.73.0,2025-10-01 09:04:19+00:00,,,8.73.0
44b2212d-31b4-45e5-b152-45b38a5316d2,Pengguna Google,https://play-lh.googleusercontent.com/EGemoI2NTXmTsBVtJqk8jxF9rh8ApRWfsIMQSt2uE4OcpQqbFu7f7NbTK05lx80nuSijCz7sc3a277R67g,"email dan nik katanya tidak terdaftar padahal sudah daftar, password katanya salah giliran lupa password malah error, verifikasi ditolak tanpa sebab. aduh",1,0,,2025-10-01 08:33:49+00:00,"Halo, Jagoan. Mohon maaf atas kendala yang terjadi ya. Kamu tidak perlu khawatir, kamu bisa menjelaskan detail kendala tersebut melalui email di tanya@jago.com atau call center 1500 746 untuk kami bantu tangani lebih lanjut. Terima kasih :)",2025-10-01 09:00:41,
9be632a6-6119-4973-868e-dcb8b644fcee,Pengguna Google,https://play-lh.googleusercontent.com/EGemoI2NTXmTsBVtJqk8jxF9rh8ApRWfsIMQSt2uE4OcpQqbFu7f7NbTK05lx80nuSijCz7sc3a277R67g,"bagus mempermudah segala transaksi,",5,0,8.73.0,2025-10-01 08:31:33+00:00,,,8.73.0
8fc4d9df-0fff-4954-9b1f-c1a9e006a2be,Pengguna Google,https://play-lh.googleusercontent.com/EGemoI2NTXmTsBVtJqk8jxF9rh8ApRWfsIMQSt2uE4OcpQqbFu7f7NbTK05lx80nuSijCz7sc3a277R67g,"ga bisa daftar, gajelas",1,0,8.73.0,2025-10-01 08:12:02+00:00,"Halo, Jagoan. Mohon maaf atas kendala yang terjadi ya. Kamu tidak perlu khawatir, kamu bisa menjelaskan detail kendala tersebut melalui email di tanya@jago.com atau call center 1500 746 untuk kami bantu tangani lebih lanjut. Terima kasih :)",2025-10-01 08:30:37,8.73.0
90b1716a-b106-467e-9846-81b2f9aa0663,Pengguna Google,https://play-lh.googleusercontent.com/EGemoI2NTXmTsBVtJqk8jxF9rh8ApRWfsIMQSt2uE4OcpQqbFu7f7NbTK05lx80nuSijCz7sc3a277R67g,pelayanan lama,1,0,8.73.0,2025-10-01 08:08:17+00:00,"Halo, Jagoan! Mohon maaf apabila terdapat fitur atau layanan Jago yang belum sesuai harapan kamu. Kamu bisa menghubungi Tanya Jago di nomor 1500746 / 021-30000746 atau e-mail ke tanya@jago.com untuk kami bantu cek kendalanya lebih lanjut ya. Agent kami dengan senang hati membantu kamu.",2025-10-01 08:30:24,8.73.0
914aefe6-26e8-429e-8f5a-99a8568ba44d,Pengguna Google,https://play-lh.googleusercontent.com/EGemoI2NTXmTsBVtJqk8jxF9rh8ApRWfsIMQSt2uE4OcpQqbFu7f7NbTK05lx80nuSijCz7sc3a277R67g,"hapus aja apk nya,sistem elor teruuuuuuuuuuus",1,0,8.73.0,2025-10-01 07:31:50+00:00,"Halo, Jagoan. Mohon maaf atas kendala yang terjadi ya. Kamu tidak perlu khawatir, kamu bisa menjelaskan detail kendala tersebut melalui email di tanya@jago.com atau call center 1500 746 untuk kami bantu tangani lebih lanjut. Terima kasih :)",2025-10-01 08:00:20,8.73.0
0fb44139-eaa8-48da-81ba-19ba50d20dea,Pengguna Google,https://play-lh.googleusercontent.com/EGemoI2NTXmTsBVtJqk8jxF9rh8ApRWfsIMQSt2uE4OcpQqbFu7f7NbTK05lx80nuSijCz7sc3a277R67g,"bank hnya curi data asu sialan gak bisa loading,pdahal email atau no dan nik sdh benar,,bnk asu😡😡😡😡 tolong jngn salah guna data saya bos,tolong ya",1,0,8.73.0,2025-10-01 07:03:16+00:00,"Halo, Jagoan. Mohon maaf atas kendala yang terjadi ya. Kamu tidak perlu khawatir, kamu bisa menjelaskan detail kendala tersebut melalui email di tanya@jago.com atau call center 1500 746 untuk kami bantu tangani lebih lanjut. Terima kasih :)",2025-10-01 07:30:18,8.73.0
744cdec8-1523-4e30-858a-e255312ba12d,Pengguna Google,https://play-lh.googleusercontent.com/EGemoI2NTXmTsBVtJqk8jxF9rh8ApRWfsIMQSt2uE4OcpQqbFu7f7NbTK05lx80nuSijCz7sc3a277R67g,mantap,5,0,8.73.0,2025-10-01 06:54:38+00:00,,,8.73.0
eec9da1f-d2d2-4a68-9ffa-fe351f7965c6,Pengguna Google,https://play-lh.googleusercontent.com/EGemoI2NTXmTsBVtJqk8jxF9rh8ApRWfsIMQSt2uE4OcpQqbFu7f7NbTK05lx80nuSijCz7sc3a277R67g,"aplikasi setelah transaksi ngga bisa balik ke menu awal, malah layar blank dan stag",1,6,8.73.0,2025-10-01 06:53:28+00:00,"Halo, Jagoan! Mohon maaf atas kendala yang kamu alami ya. Saya mengerti situasi sulit ini mengganggu kamu. Mohon kesediaannya mengirimkan email ke tanya@jago.com dengan melampirkan bukti foto/tangkapan layar kendala kamu. Agar dapat segera kami bantu.",2025-10-01 07:18:54,8.73.0
8db63ea6-841e-42f4-9d98-e17a36857af3,Pengguna Google,https://play-lh.googleusercontent.com/EGemoI2NTXmTsBVtJqk8jxF9rh8ApRWfsIMQSt2uE4OcpQqbFu7f7NbTK05lx80nuSijCz7sc3a277R67g,"mohon untuk penghapusan data diri pribadi saya secara permanen di sistem anda, karena saya sudah tidak menggunakan layanan anda lagi. terimakasih",1,0,,2025-10-01 06:27:18+00:00,"Halo, Jagoan! Mohon maaf apabila terdapat fitur atau layanan Jago yang belum sesuai harapan kamu. Kamu bisa menghubungi Tanya Jago di nomor 1500746 / 021-30000746 atau e-mail ke tanya@jago.com untuk kami bantu cek kendalanya lebih lanjut ya. Agent kami dengan senang hati membantu kamu.",2025-10-01 07:16:13,
1d20f355-1b92-4a64-91fb-3d7a538921de,Pengguna Google,https://play-lh.googleusercontent.com/EGemoI2NTXmTsBVtJqk8jxF9rh8ApRWfsIMQSt2uE4OcpQqbFu7f7NbTK05lx80nuSijCz7sc3a277R67g,"kenapa sekarang jago kalau udah login, masuk ulang langsung harus login lagii memasukkan password lagi, kan ribet orang buru buru disuruh verif ulang lagi",1,0,,2025-10-01 05:59:24+00:00,"Halo, Jagoan. Mohon maaf atas kendala yang terjadi ya. Kamu tidak perlu khawatir, kamu bisa menjelaskan detail kendala tersebut melalui email di tanya@jago.com atau call center 1500 746 untuk kami bantu tangani lebih lanjut. Terima kasih :)",2025-10-01 06:19:21,
1e8f0732-8b4d-4431-b105-65003a611203,Pengguna Google,https://play-lh.googleusercontent.com/EGemoI2NTXmTsBVtJqk8jxF9rh8ApRWfsIMQSt2uE4OcpQqbFu7f7NbTK05lx80nuSijCz7sc3a277R67g,"aplikasi sampah to up 350rb dapat 349rb di potong 1000 kirim juga di potong 1000,, mending jangan download biar enak pakai aplikasi dana",1,0,8.73.0,2025-10-01 05:56:17+00:00,"Halo, Jagoan. Mohon maaf atas kendala yang terjadi ya. Kamu tidak perlu khawatir, kamu bisa menjelaskan detail kendala tersebut melalui email di tanya@jago.com atau call center 1500 746 untuk kami bantu tangani lebih lanjut. Terima kasih :)",2025-10-01 06:19:25,8.73.0
63666598-c24d-4c61-b441-9b97a7a7c8b1,Pengguna Google,https://play-lh.googleusercontent.com/EGemoI2NTXmTsBVtJqk8jxF9rh8ApRWfsIMQSt2uE4OcpQqbFu7f7NbTK05lx80nuSijCz7sc3a277R67g,woi kocak napa sih padahal pin gua udah benar di jago kok malah salah aneh sistem nya gua pake pw juga udh bener malah salah pas login hadehh,1,0,,2025-10-01 05:26:58+00:00,"Halo, Jagoan. Mohon maaf atas kendala yang terjadi ya. Kamu tidak perlu khawatir, kamu bisa menjelaskan detail kendala tersebut melalui email di tanya@jago.com atau call center 1500 746 untuk kami bantu tangani lebih lanjut. Terima kasih :)",2025-10-01 05:53:43,
1590dc36-35a5-4be5-9d51-0b37e573c1ea,Pengguna Google,https://play-lh.googleusercontent.com/EGemoI2NTXmTsBVtJqk8jxF9rh8ApRWfsIMQSt2uE4OcpQqbFu7f7NbTK05lx80nuSijCz7sc3a277R67g,"min saya mau tanya, bisa tidak hp saya dulu hilang dan data"" saya di akun jago pengen kembali ke saya, saya lupa no hp pokonya semuanya, bisa di bantu min",1,0,,2025-10-01 05:07:04+00:00,"Halo, Jagoan. Mohon maaf atas kendala yang terjadi ya. Kamu tidak perlu khawatir, kamu bisa menjelaskan detail kendala tersebut melalui email di tanya@jago.com atau call center 1500 746 untuk kami bantu tangani lebih lanjut. Terima kasih :)",2025-10-01 05:53:48,
375852be-b161-4ac5-a164-3421489cf10a,Pengguna Google,https://play-lh.googleusercontent.com/EGemoI2NTXmTsBVtJqk8jxF9rh8ApRWfsIMQSt2uE4OcpQqbFu7f7NbTK05lx80nuSijCz7sc3a277R67g,sangat suka dengan aplikasi jago,5,0,8.73.0,2025-10-01 03:52:39+00:00,,,8.73.0
5a0bc16c-539b-4e99-a6cb-12d6f29f1396,Pengguna Google,https://play-lh.googleusercontent.com/EGemoI2NTXmTsBVtJqk8jxF9rh8ApRWfsIMQSt2uE4OcpQqbFu7f7NbTK05lx80nuSijCz7sc3a277R67g,cara ganti nomor gimna,3,0,,2025-10-01 01:29:14+00:00,"Halo, Jagoan. Mohon maaf atas kendala yang terjadi ya. Kamu tidak perlu khawatir, kamu bisa menjelaskan detail kendala tersebut melalui email di tanya@jago.com atau call center 1500 746 untuk kami bantu tangani lebih lanjut. Terima kasih :)",2025-10-01 02:04:15,
51cc8dff-cf05-4372-9bee-b09976f11512,Pengguna Google,https://play-lh.googleusercontent.com/EGemoI2NTXmTsBVtJqk8jxF9rh8ApRWfsIMQSt2uE4OcpQqbFu7f7NbTK05lx80nuSijCz7sc3a277R67g,the best lh,5,0,8.73.0,2025-10-01 00:05:54+00:00,,,8.73.0
