reviewId,userName,userImage,content,score,thumbsUpCount,reviewCreatedVersion,at,replyContent,repliedAt,appVersion,source,keyword
c7fbdd72-7e39-4fd8-a302-7973aafe8601,Pengguna Google,https://play-lh.googleusercontent.com/EGemoI2NTXmTsBVtJqk8jxF9rh8ApRWfsIMQSt2uE4OcpQqbFu7f7NbTK05lx80nuSijCz7sc3a277R67g,"Kecewa banget, setiap mau transaksi online qris suka lama proses nya apalagi pas mau login ke m-banking. Mohon untuk di perbaiki ke depan nya",1,0,,2025-12-30 20:32:16+00:00,"Hai, Kak Muhamad iqbal. Maaf atas ketidaknyamanannya. Kami akan selalu terus memperbaiki sistem demi mencapai kepuasan para pengguna aplikasi blu. Terkait kendala tersebut pastikan Kakak menggunakan aplikasi blu versi terbaru, pastikan setting waktu di handphone menjadi otomatis, jaringan internet lancar dan stabil serta tidak menggunakan WiFi.",2025-12-30 20:56:48,,Dataset/dataset\BLU_googleplay_DECEMBER_reviews.csv,qris
45ffb1d1-1526-4c45-ba81-a18b139071c3,Pengguna Google,https://play-lh.googleusercontent.com/EGemoI2NTXmTsBVtJqk8jxF9rh8ApRWfsIMQSt2uE4OcpQqbFu7f7NbTK05lx80nuSijCz7sc3a277R67g,"jelek bgt buat transaksi pake qris, lamaaaa",1,0,2.7.20,2025-12-30 19:02:15+00:00,"Hai, Kak Putri Rahayu. Maaf atas ketidaknyamanannya. Kami akan selalu terus memperbaiki sistem demi mencapai kepuasan para pengguna aplikasi blu. Terkait kendala tersebut pastikan Kakak menggunakan aplikasi blu versi terbaru, pastikan setting waktu di handphone menjadi otomatis, jaringan internet lancar dan stabil serta tidak menggunakan WiFi.",2025-12-30 19:44:35,2.7.20,Dataset/dataset\BLU_googleplay_DECEMBER_reviews.csv,qris
d8ea028b-c978-4f46-87d8-ee44ac46d4aa,Pengguna Google,https://play-lh.googleusercontent.com/EGemoI2NTXmTsBVtJqk8jxF9rh8ApRWfsIMQSt2uE4OcpQqbFu7f7NbTK05lx80nuSijCz7sc3a277R67g,"ini sekedar saran aja sih, tapi proses loading login dan pembayaran qris di aplikasi blu masih tergolong lama banget. kadang kita mau buru buru bayar kudu lama nunggu. semoga bisa diupgrade aplikasi nya biar loadingnya lebih cepat.",4,0,,2025-12-28 21:48:37+00:00,"Hai, Kak Muhammad. Maaf atas ketidaknyamanannya. Kami akan selalu terus memperbaiki sistem demi mencapai kepuasan para pengguna aplikasi blu. Terkait kendala tersebut pastikan Kakak menggunakan aplikasi blu versi terbaru dan jaringan internet lancar dan stabil serta tidak menggunakan jaringan WiFi.",2025-12-28 21:52:37,,Dataset/dataset\BLU_googleplay_DECEMBER_reviews.csv,qris
a9e480e3-f58d-49d8-83fc-3bf68a33bc6d,Pengguna Google,https://play-lh.googleusercontent.com/EGemoI2NTXmTsBVtJqk8jxF9rh8ApRWfsIMQSt2uE4OcpQqbFu7f7NbTK05lx80nuSijCz7sc3a277R67g,"Tolong bagian loading sidik jari dan pas mau masuk itu di perbaiki dan di percepat lagi, responnya lama bangeeeeeeetttt apalagi kalo mau di pakai buat Qris",1,1,2.7.20,2025-12-28 21:41:21+00:00,"Hai, Kak Aditia. Maaf atas ketidaknyamanannya. Kami akan selalu terus memperbaiki sistem demi mencapai kepuasan para pengguna aplikasi blu. Terkait kendala tersebut pastikan Kakak menggunakan aplikasi blu versi terbaru dan jaringan internet lancar dan stabil serta tidak menggunakan jaringan WiFi.",2025-12-28 21:51:41,2.7.20,Dataset/dataset\BLU_googleplay_DECEMBER_reviews.csv,qris
711f8c76-13b3-40fa-8e02-0841291259ac,Pengguna Google,https://play-lh.googleusercontent.com/EGemoI2NTXmTsBVtJqk8jxF9rh8ApRWfsIMQSt2uE4OcpQqbFu7f7NbTK05lx80nuSijCz7sc3a277R67g,"aplikasinya buat qris selalu lama, loading terus semoga segera diperbaiki",3,0,2.6.0,2025-12-27 19:10:27+00:00,"Hai, Kak Rintania. Maaf atas ketidaknyamanannya. Kami akan selalu terus memperbaiki sistem demi mencapai kepuasan para pengguna aplikasi blu. Terkait kendala tersebut pastikan Kakak menggunakan aplikasi blu versi terbaru, pastikan setting waktu di handphone menjadi otomatis, jaringan internet lancar dan stabil serta tidak menggunakan jaringan WiFi.",2025-12-27 20:37:24,2.6.0,Dataset/dataset\BLU_googleplay_DECEMBER_reviews.csv,qris
d5df167c-ac9d-44d7-a9c0-bf68bf06936b,Pengguna Google,https://play-lh.googleusercontent.com/EGemoI2NTXmTsBVtJqk8jxF9rh8ApRWfsIMQSt2uE4OcpQqbFu7f7NbTK05lx80nuSijCz7sc3a277R67g,"aplikasi berat/ lemot walaupun udh sering update yg lucunya Qris nya , sukses kepotong tapi di econorm belanja gagal ketika komplain butuh 17 hari kerja untuk dana balik , lucu kerana dibank lain kasus serupa pagi sore dah balik jadi pikir lagi buat bayar pake Qris di aplikasi ini",1,1,2.6.0,2025-12-26 08:53:44+00:00,"Hai, Kak Wati. Maaf atas ketidaknyamanannya. Jika Kakak sudah menghubungi layanan haloblu 1500668 dan mengajukan pelaporan, mohon kesediaan Kakak menginformasikan nomor laporan yang Kakak terima melalui DM X @haloblu atau melalui email haloblu@bcadigital.co.id agar kami dapat cek perkembangan laporan Kakak ya.",2025-12-26 09:39:57,2.6.0,Dataset/dataset\BLU_googleplay_DECEMBER_reviews.csv,qris
e58cc00e-5256-4e23-ace6-c13b278a18a3,Pengguna Google,https://play-lh.googleusercontent.com/EGemoI2NTXmTsBVtJqk8jxF9rh8ApRWfsIMQSt2uE4OcpQqbFu7f7NbTK05lx80nuSijCz7sc3a277R67g,ini lama² apl nya buffering lama bgt. pdhl wifi buat buka apl/bank lain lancar² aja. cm mau tf aja butuh waktu 30 menit. gmn kl ada urgent/ mau qris. tolong dong segera diperbaiki. 30 MENIT CUMA BUAT TF. LOGIN 20 MENIT!,1,10,2.7.0,2025-12-20 06:34:14+00:00,"Hai, Kak Laurel. Maaf atas ketidaknyamanannya. Kami akan selalu terus memperbaiki sistem demi mencapai kepuasan para pengguna aplikasi blu. Terkait kendala tersebut pastikan Kakak menggunakan aplikasi blu versi terbaru, pastikan setting waktu di handphone menjadi otomatis, jaringan internet lancar dan stabil serta tidak menggunakan jaringan WiFi.",2025-12-20 06:46:33,2.7.0,Dataset/dataset\BLU_googleplay_DECEMBER_reviews.csv,qris
d8332bcc-a750-47ba-8d14-b4b2d0ba9e1e,Pengguna Google,https://play-lh.googleusercontent.com/EGemoI2NTXmTsBVtJqk8jxF9rh8ApRWfsIMQSt2uE4OcpQqbFu7f7NbTK05lx80nuSijCz7sc3a277R67g,"Semuanya bagus tapi ada 1 yang bikin badmood, aplikasinya beratttttttttttttttt bangettttttttttttt. Tolong bikin aplikasinya ringan dong supaya ramah di HP mid end kadsng gakbisa baca qris?",1,15,2.7.0,2025-12-17 19:01:41+00:00,"Hai, Kak Dino. Maaf atas ketidaknyamanannya. Kami akan selalu berusaha memberikan yang terbaik demi memenuhi kebutuhan Kakak. Pastikan perangkat sudah update versi terbaru. Terkait kendala tersebut boleh infokan detail kendala serta kirimkan gambar kendalanya ke X @haloblu atau email haloblu@bcadigital.co.id agar kami bisa bantu lebih lanjut ya.",2025-12-17 20:03:14,2.7.0,Dataset/dataset\BLU_googleplay_DECEMBER_reviews.csv,qris
3f21730c-3372-481c-8114-6b1e8afb0944,Pengguna Google,https://play-lh.googleusercontent.com/EGemoI2NTXmTsBVtJqk8jxF9rh8ApRWfsIMQSt2uE4OcpQqbFu7f7NbTK05lx80nuSijCz7sc3a277R67g,"Kasih QrisTap dan qris tanpa login dong, dan ukuran memori app nya kecilin ini mau 200mb beratt bgt nguras baterai",4,1,2.7.0,2025-12-14 23:08:19+00:00,"Hai, Kak Awan. Maaf atas ketidaknyamanannya. Terima kasih atas saran dan masukan yang diberikan, kami akan selalu memperbaiki sistem demi kepuasan para pengguna aplikasi blu. Kami tampung dulu ya Kak, jika ada hal lain yang ingin ditanyakan, bisa menghubungi X @haloblu atau email haloblu@bcadigital.co.id atau telepon 1500668 (layanan 24 jam).",2025-12-14 23:48:25,2.7.0,Dataset/dataset\BLU_googleplay_DECEMBER_reviews.csv,qris
d9a949a0-7f55-4430-9662-2a2abf2e1119,Pengguna Google,https://play-lh.googleusercontent.com/EGemoI2NTXmTsBVtJqk8jxF9rh8ApRWfsIMQSt2uE4OcpQqbFu7f7NbTK05lx80nuSijCz7sc3a277R67g,cocok untuk nabung jangka panjang..uang aman..transaksi sedikit lelet .semua fitur lengkap walau agak rumit .blm ada qris tapny nih..mhn untuk dilengkapi biar nyaman tk pindah rekening untuk bayar transfortasi dll,5,1,,2025-12-11 17:56:19+00:00,"Hai, Kak Kamilyasari. Terima kasih atas ulasannya. Semoga blu bisa selalu memberikan yang terbaik untuk memenuhi semua kebutuhan perbankan Kakak. Selamat menikmati kemudahan bertransaksi menggunakan blu ya. 😊",2025-12-11 18:06:31,,Dataset/dataset\BLU_googleplay_DECEMBER_reviews.csv,qris
8518ad6a-0cc7-4e79-b400-64a042db4666,Pengguna Google,https://play-lh.googleusercontent.com/EGemoI2NTXmTsBVtJqk8jxF9rh8ApRWfsIMQSt2uE4OcpQqbFu7f7NbTK05lx80nuSijCz7sc3a277R67g,pertahankan yg ini.kecepatan ok..tak ada loading..tanpa bug.nyaman dipakeny..saran siapin qris tap agar bisa dipake untuk bayar bis dan angkutan kota jg agar bisa di pake bayar parkir,5,0,,2025-12-08 04:51:48+00:00,"Hai, Kakak. Terima kasih atas saran dan masukan yang diberikan. Semoga blu bisa selalu memberikan yang terbaik untuk memenuhi semua kebutuhan perbankan Kakak. Jika ada kendala atau hal lain yang ingin ditanyakan, Kakak bisa langsung menghubungi X @haloblu atau email haloblu@bcadigital.co.id atau telepon 1500668 (layanan 24 jam).",2025-12-08 05:06:03,,Dataset/dataset\BLU_googleplay_DECEMBER_reviews.csv,qris
2effdc7e-566b-4baa-b398-30dd7fb65b59,Pengguna Google,https://play-lh.googleusercontent.com/EGemoI2NTXmTsBVtJqk8jxF9rh8ApRWfsIMQSt2uE4OcpQqbFu7f7NbTK05lx80nuSijCz7sc3a277R67g,"kenapa ya setiap malem gabisa transaksi pake qris, jadi tulisannya tuh ""silahkan cek mutasi rekening anda"" kesulitan banget buat transaksi malem malem. tolong diperbaiki",4,3,2.6.0,2025-12-01 12:06:07+00:00,"Hai, Kak Salsabila Aulia. Maaf atas ketidaknyamanannya. Kami akan selalu berusaha memberikan yang terbaik demi memenuhi kebutuhan perbankan Kakak. Terkait kendala tersebut boleh infokan detail kendala serta kirimkan gambar kendalanya ke X @haloblu atau email haloblu@bcadigital.co.id agar kami bisa bantu lebih lanjut ya.",2025-12-01 12:55:55,2.6.0,Dataset/dataset\BLU_googleplay_DECEMBER_reviews.csv,qris
8bf4cd44-c375-49e0-98be-b86d67e09868,Pengguna Google,https://play-lh.googleusercontent.com/EGemoI2NTXmTsBVtJqk8jxF9rh8ApRWfsIMQSt2uE4OcpQqbFu7f7NbTK05lx80nuSijCz7sc3a277R67g,"apk ribet top up e-wallet gagal terus tf ke bank lain saldo ga masuk, qris juga gagal mulu. gaje",1,0,,2025-11-30 08:55:52+00:00,"Hai, Kakak . Maaf atas ketidaknyamanannya. Kami akan selalu berusaha memberikan yang terbaik demi memenuhi kebutuhan perbankan Kakak. Terkait kendala tersebut boleh infokan detail kendala serta kirimkan gambar kendalanya ke X @haloblu atau email haloblu@bcadigital.co.id agar kami bisa bantu lebih lanjut ya.",2025-11-30 09:09:37,,Dataset/dataset\BLU_googleplay_NOVEMBER_reviews.csv,qris
01c4281a-b0ad-4b69-a972-49ce741cf83d,Pengguna Google,https://play-lh.googleusercontent.com/EGemoI2NTXmTsBVtJqk8jxF9rh8ApRWfsIMQSt2uE4OcpQqbFu7f7NbTK05lx80nuSijCz7sc3a277R67g,SCAN BARCODE VIA QRIS BLU DIGITAL TDK MERESPON SEJAK JUMAT MLM KMRN.MOHON DIPERBAIKI SYSTEM NYA,1,0,2.6.0,2025-11-28 23:50:21+00:00,"Hai, Kak Yohan. Maaf atas ketidaknyamanannya. Terkait kendala tersebut pastikan jaringan internet lancar dan stabil serta tidak menggunakan jaringan WiFi. Jika masih terkendala Kakak dapat kirimkan respons tampilan gambar kendalanya ke DM X @haloblu agar dapat kami bantu lebih lanjut ya.",2025-11-29 00:43:20,2.6.0,Dataset/dataset\BLU_googleplay_NOVEMBER_reviews.csv,qris
9202e39b-379d-4409-94b4-348622e789a2,Pengguna Google,https://play-lh.googleusercontent.com/EGemoI2NTXmTsBVtJqk8jxF9rh8ApRWfsIMQSt2uE4OcpQqbFu7f7NbTK05lx80nuSijCz7sc3a277R67g,"aneh banget aplikasinya! kenapa kamera saya di aplikasi ini QRIS nya gak bisa deteksi QR? pake aplikasi si hijau normal-normal aja. Jujur ini sangat menggangu sekali karena harusnya bisa cepat hanya dengan scan, tapi saya perlu foto dulu untuk QR terdeteksi, dan ini sangat ribet sekali! tolong benerin lah!",1,42,2.6.0,2025-11-25 19:50:09+00:00,"Hai, Kak Gusti. Maaf atas ketidaknyamanannya. Kami akan selalu terus memperbaiki sistem demi mencapai kepuasan para pengguna aplikasi blu. Terkait kendala tersebut pastikan Kakak menggunakan blu versi terbaru, pastikan setting waktu di handphone menjadi otomatis, jaringan internet lancar dan stabil atau Kakak boleh switch jaringan pada handphone.",2025-11-25 20:26:16,2.6.0,Dataset/dataset\BLU_googleplay_NOVEMBER_reviews.csv,qris
282e310b-971e-4e6b-b500-62805ed1746f,Pengguna Google,https://play-lh.googleusercontent.com/EGemoI2NTXmTsBVtJqk8jxF9rh8ApRWfsIMQSt2uE4OcpQqbFu7f7NbTK05lx80nuSijCz7sc3a277R67g,"Kenapa nih aplikasinya mo login aja lambat loading, pertama udah pakai infinix, pindah lagi ke oppo, sama juga pindah juga ke samsung lebih parah lagi loading masuknya mau bayar qris KFC bikin malu aja di antrian lama skali loadingnya padahal udah versi terbaru pakai paket data sendiri telkomsel.. coba diperbaiki lagi",1,21,2.6.0,2025-11-25 19:49:10+00:00,"Hai, Kakak. Maaf atas ketidaknyamanannya. Kami akan selalu terus memperbaiki sistem demi mencapai kepuasan para pengguna aplikasi blu. Terkait kendala tersebut pastikan Kakak menggunakan blu versi terbaru, pastikan setting waktu di handphone menjadi otomatis, jaringan internet lancar dan stabil atau Kakak boleh switch jaringan pada handphone.",2025-11-25 20:28:33,2.6.0,Dataset/dataset\BLU_googleplay_NOVEMBER_reviews.csv,qris
20671edf-b482-475c-b1b8-2d0aa7efc7aa,Pengguna Google,https://play-lh.googleusercontent.com/EGemoI2NTXmTsBVtJqk8jxF9rh8ApRWfsIMQSt2uE4OcpQqbFu7f7NbTK05lx80nuSijCz7sc3a277R67g,"Jelek banget!!! lambat, lemot, berat rasanya padahal buka qris doang, rugi deh ga ada manfaatnya untuk finsncial saya nabung banyak bgt tapi gagal pakai layanan extracash tampa dikasiih tau alasannya kenapa, kalo emang tidak ada jangan di kasih produknya!!!. nyesel bgt pakai ini terpaksa karena dari BCA aja.",1,5,2.5.0,2025-11-25 09:11:10+00:00,"Hai, Kak Irawan. Maaf atas ketidaknyamanannya. Jika aplikasi blu Kakak terasa lambat, pastikan Kakak sudah menggunakan aplikasi blu versi terbaru dan pastikan koneksi jaringan yang digunakan dalam keadaan stabil. Jika bluExtraCash Kakak belum disetujui, maka hal tersebut merupakan hasil analisa dari pihak terkait kami dari data yang Kakak miliki.",2025-11-25 10:50:41,2.5.0,Dataset/dataset\BLU_googleplay_NOVEMBER_reviews.csv,qris
4777cb1c-e61b-4d89-887f-3494bd4a1a4a,Pengguna Google,https://play-lh.googleusercontent.com/EGemoI2NTXmTsBVtJqk8jxF9rh8ApRWfsIMQSt2uE4OcpQqbFu7f7NbTK05lx80nuSijCz7sc3a277R67g,"scan qris nya sangat sangat lambat, beda dari aplikasi lain ynh scan nya cepet bgt",1,1,2.3.0,2025-11-21 18:47:54+00:00,"Hai, Kak Iqbal. Maaf atas ketidaknyamanannya. Kami akan selalu terus memperbaiki sistem demi mencapai kepuasan para pengguna aplikasi blu. Terkait kendala tersebut pastikan Kakak menggunakan aplikasi blu versi terbaru, pastikan setting waktu di handphone menjadi otomatis, jaringan internet lancar dan stabil serta tidak menggunakan jaringan WiFi.",2025-11-21 19:09:28,2.3.0,Dataset/dataset\BLU_googleplay_NOVEMBER_reviews.csv,qris
0f05ed41-98b8-42c4-a07d-eef1efff2a1b,Pengguna Google,https://play-lh.googleusercontent.com/EGemoI2NTXmTsBVtJqk8jxF9rh8ApRWfsIMQSt2uE4OcpQqbFu7f7NbTK05lx80nuSijCz7sc3a277R67g,"Aplikasi sudah bagus dan sesuai mudah digunakan dan dipahami untuk bayar melalui Qris/Transfer selalu lancar tidak pernah ada kendala, namun untuk login melalui biometrik kadang suka tidak terbaca dan selalu dialihkan login melalui Pin angka itu saja, selebihnya ini aplikasi yang cocok dan sangat berguna terus tingkatkan fitur aplikasi agar bisa lebih mudah digunakan, untuk Fee (biaya transfer ke bank lain) mohon untuk bisa ditingkatkan lagi",5,15,2.5.0,2025-11-18 20:26:02+00:00,"Hai, Kak Andi. Terima kasih atas saran dan masukan yang diberikan, kami akan selalu memperbaiki sistem demi mencapai kepuasan para pengguna aplikasi blu. Jika ada hal lain yang ingin ditanyakan, Kakak bisa langsung menghubungi X @haloblu atau email haloblu@bcadigital.co.id atau telepon 1500668 (layanan 24 jam).",2025-11-18 20:49:31,2.5.0,Dataset/dataset\BLU_googleplay_NOVEMBER_reviews.csv,qris
3e818cc3-120b-4cf5-8406-fb11921c99e3,Pengguna Google,https://play-lh.googleusercontent.com/EGemoI2NTXmTsBVtJqk8jxF9rh8ApRWfsIMQSt2uE4OcpQqbFu7f7NbTK05lx80nuSijCz7sc3a277R67g,kenapa tiba-tiba ga bisa di buka pdhl mau belanja bayar qris yaampun tolong dongg di benerin lagi soalnya uangnya di sana semua,2,0,2.5.0,2025-11-17 11:45:09+00:00,Hai Kak Anggrei. Mohon maaf atas ketidaknyamanan dan kendala yang Kakak alami. Sebelumnya sempat terjadi kendala namun saat ini sudah berjalan normal. Silakan Kakak dapat mencoba kembali ya.,2025-11-17 13:36:53,2.5.0,Dataset/dataset\BLU_googleplay_NOVEMBER_reviews.csv,qris
8a32df1e-2982-483b-8be2-edbb7b3738dc,Pengguna Google,https://play-lh.googleusercontent.com/EGemoI2NTXmTsBVtJqk8jxF9rh8ApRWfsIMQSt2uE4OcpQqbFu7f7NbTK05lx80nuSijCz7sc3a277R67g,"kenapa sering mau qris sulit masuk akun ny, padahal jaringan aman semuanya, semoga kdpn nya bisa lancar terus",3,0,2.5.0,2025-11-17 11:35:15+00:00,Hai Kak Hanif. Mohon maaf atas ketidaknyamanan dan kendala yang Kakak alami. Sebelumnya sempat terjadi kendala namun saat ini sudah berjalan normal. Silakan Kakak dapat mencoba kembali ya.,2025-11-17 13:23:41,2.5.0,Dataset/dataset\BLU_googleplay_NOVEMBER_reviews.csv,qris
c70b22b8-a43c-4466-a1e7-a892c0de4039,Pengguna Google,https://play-lh.googleusercontent.com/EGemoI2NTXmTsBVtJqk8jxF9rh8ApRWfsIMQSt2uE4OcpQqbFu7f7NbTK05lx80nuSijCz7sc3a277R67g,"kenapa gabisa login ya padahal mau bayar pake qris, trus ada disuruh cek mutasi rekening pembayaran gagal trs itu kenapaaa",3,0,,2025-11-17 11:22:32+00:00,"Hai Kak Sevia Lasty Ananda. Mohon maaf atas ketidaknyamanan dan kendala yang Kakak alami. Terkait kendala tersebut masih dalam penanganan oleh pihak terkait kami, minblu saranin Kakak dapat mencoba secara berkala ya.",2025-11-17 13:00:18,,Dataset/dataset\BLU_googleplay_NOVEMBER_reviews.csv,qris
0557c1b6-2422-4617-94e5-a0cfb8c10654,Pengguna Google,https://play-lh.googleusercontent.com/EGemoI2NTXmTsBVtJqk8jxF9rh8ApRWfsIMQSt2uE4OcpQqbFu7f7NbTK05lx80nuSijCz7sc3a277R67g,gabisa scan qris udah beberapa hari,1,0,2.5.0,2025-11-12 07:44:40+00:00,"Hai, Kak Putri. Maaf atas ketidaknyamanannya. Kami akan selalu berusaha memberikan yang terbaik demi memenuhi kebutuhan perbankan Kakak. Terkait kendala Kakak, mohon kesediaan Kakak mengirimkan respons tampilan gambar kendalanya ke X @haloblu atau email haloblu@bcadigital.co.id agar kami bisa bantu lebih lanjut ya.",2025-11-12 07:56:17,2.5.0,Dataset/dataset\BLU_googleplay_NOVEMBER_reviews.csv,qris
8cacb12b-cf09-47c8-bdb4-f10fcebd805d,Pengguna Google,https://play-lh.googleusercontent.com/EGemoI2NTXmTsBVtJqk8jxF9rh8ApRWfsIMQSt2uE4OcpQqbFu7f7NbTK05lx80nuSijCz7sc3a277R67g,"mimin adain qris tab dong buat tab KRL n busway, semoga dikabulin amiin",5,0,2.5.0,2025-11-08 11:50:32+00:00,"Hai, Kak Rurie. Terima kasih atas saran dan masukannya. Untuk saran Kakak minblu tampung terlebih dahulu ya, semoga harapan Kakak segera terwujud. 😊",2025-11-08 12:37:20,2.5.0,Dataset/dataset\BLU_googleplay_NOVEMBER_reviews.csv,qris
20efa0e1-171c-4716-9698-0bd86747a023,Pengguna Google,https://play-lh.googleusercontent.com/EGemoI2NTXmTsBVtJqk8jxF9rh8ApRWfsIMQSt2uE4OcpQqbFu7f7NbTK05lx80nuSijCz7sc3a277R67g,"sudah lebih baik loading aplikasinya, kurang qris tap aja",5,0,2.5.0,2025-11-03 09:51:45+00:00,"Hai, Kak Febrianto. Maaf atas ketidaknyamanannya. Terima kasih atas saran dan masukan yang diberikan, kami akan selalu memperbaiki sistem demi mencapai kepuasan para pengguna aplikasi blu. Jika ada hal lain yang ingin ditanyakan, Kakak bisa langsung menghubungi X @haloblu atau email haloblu@bcadigital.co.id atau telepon 1500668 (layanan 24 jam).",2025-11-03 10:20:08,2.5.0,Dataset/dataset\BLU_googleplay_NOVEMBER_reviews.csv,qris
8e9c3fe4-bffd-4940-bf55-22a254dd3879,Pengguna Google,https://play-lh.googleusercontent.com/EGemoI2NTXmTsBVtJqk8jxF9rh8ApRWfsIMQSt2uE4OcpQqbFu7f7NbTK05lx80nuSijCz7sc3a277R67g,"Ya Allah kenapa lemotnya nih, proses Login lemot ada apa Blue BCA, sudah login pas mau transfer Loadingnya lama, buka menu lain Loadingnya lama juga, bahkan mau bayar QRIS lama proses Loadingnya, tolong dibenarin aplikasinya...",1,34,2.5.0,2025-10-30 18:58:27+00:00,"Hai, Kak Putra. Maaf atas ketidaknyamanannya. Kami akan selalu terus memperbaiki sistem demi mencapai kepuasan para pengguna aplikasi blu. Terkait kendala tersebut pastikan Kakak menggunakan aplikasi blu versi terbaru, pastikan setting waktu di handphone menjadi otomatis, jaringan internet lancar dan stabil serta tidak menggunakan jaringan WiFi.",2025-10-30 20:00:26,2.5.0,Dataset/dataset\BLU_googleplay_OCTOBER_reviews.csv,qris
16586c44-0d6d-4484-811b-1c4d9149dabe,Pengguna Google,https://play-lh.googleusercontent.com/EGemoI2NTXmTsBVtJqk8jxF9rh8ApRWfsIMQSt2uE4OcpQqbFu7f7NbTK05lx80nuSijCz7sc3a277R67g,lambat login saat perlu pembayaran qris,3,0,2.0.20,2025-10-28 15:33:43+00:00,"Hai, Kak Varni. Maaf atas ketidaknyamanannya. Kami akan selalu terus memperbaiki sistem demi mencapai kepuasan para pengguna aplikasi blu. Terkait kendala tersebut pastikan Kakak menggunakan blu versi terbaru, pastikan setting waktu di handphone menjadi otomatis, jaringan internet lancar dan stabil atau Kakak boleh switch jaringan pada handphone.",2025-10-28 16:54:29,2.0.20,Dataset/dataset\BLU_googleplay_OCTOBER_reviews.csv,qris
e6a86e8f-eacf-40a0-8858-d8d13e8b3435,Pengguna Google,https://play-lh.googleusercontent.com/EGemoI2NTXmTsBVtJqk8jxF9rh8ApRWfsIMQSt2uE4OcpQqbFu7f7NbTK05lx80nuSijCz7sc3a277R67g,hati² kalau pakai apk ini saya transfer pakai qris kedoublean karena jaringan dan dr blue bca katanya sudah di kreditkan ke saldo saya padahal sampai saat ini notif tidak ada bener² aneh ati² kalian jgn seperri saya jadi korban apk ini ❌️❌️❌️❌️,1,0,,2025-10-23 15:41:07+00:00,"Hai Kakak. Maaf atas ketidaknyamanannya. Kami akan selalu berusaha memberikan yang terbaik demi memenuhi kebutuhan perbankan Kakak. Jika sebelumnya Kakak sudah mengajukan laporan, boleh kirimkan nomor laporan yang Kakak terima ke email haloblu@bcadigital.co.id agar kami bantu cek perkembangan laporan Kakak.",2025-10-23 16:32:42,,Dataset/dataset\BLU_googleplay_OCTOBER_reviews.csv,qris
74bb8dd0-60a6-4812-b119-2d289f7a70ee,Pengguna Google,https://play-lh.googleusercontent.com/EGemoI2NTXmTsBVtJqk8jxF9rh8ApRWfsIMQSt2uE4OcpQqbFu7f7NbTK05lx80nuSijCz7sc3a277R67g,"login susah banget sekarang. memperlambat transaksi, buat ga nyaman aja kalau buru-buru mau bayar qris tapi gabisa login. customer service ga fast respon. mau di email di WA lama banget. INTERNET LANCAR gabisa login. kendalanya apa?",1,52,2.4.0,2025-10-17 20:21:34+00:00,"Hai Kakak. Maaf atas ketidaknyamanannya. Kami akan selalu berusaha memberikan yang terbaik kebutuhan perbankan Kakak. Saat ini sedang terjadi kendala, untuk kendala tersebut masih dalam proses perbaikan oleh tim blu secepatnya. Mohon kesediaan Kakak untuk menunggu ya.",2025-10-17 21:49:23,2.4.0,Dataset/dataset\BLU_googleplay_OCTOBER_reviews.csv,qris
1287cd46-065e-4704-a2e7-12d4da5f7635,Pengguna Google,https://play-lh.googleusercontent.com/EGemoI2NTXmTsBVtJqk8jxF9rh8ApRWfsIMQSt2uE4OcpQqbFu7f7NbTK05lx80nuSijCz7sc3a277R67g,"jaringan lancar loh, kok malah blg ""ya putus, sambungin lagi."" aku panik loh ini min, mo bayar makan pake qris gegara gak bawah cash, udah 30 menitan ini berdiri nunggu² gaje, milih buat duduk lagi gegara malu",1,0,,2025-10-17 20:19:19+00:00,"Hai, Kak Liem. Maaf atas ketidaknyamanannya. Kami akan selalu berusaha memberikan yang terbaik kebutuhan perbankan Kakak. Saat ini sedang terjadi kendala, untuk kendala tersebut masih dalam proses perbaikan oleh tim blu secepatnya. Mohon kesediaan Kakak untuk menunggu ya.",2025-10-17 22:07:03,,Dataset/dataset\BLU_googleplay_OCTOBER_reviews.csv,qris
251f026e-c108-4869-8fd5-d2c4c5e45960,Pengguna Google,https://play-lh.googleusercontent.com/EGemoI2NTXmTsBVtJqk8jxF9rh8ApRWfsIMQSt2uE4OcpQqbFu7f7NbTK05lx80nuSijCz7sc3a277R67g,"saya menyukai tampilan antarmuka, fitur2, serta layanan cs blubybca, untuk kedepannya tolong tambahkan fitur Qris tap/Tap to pay ya",5,0,2.4.0,2025-10-16 15:35:34+00:00,"Hai, Kak Hendri. Terima kasih atas saran dan masukan yang diberikan, kami akan selalu memperbaiki sistem demi mencapai kepuasan para pengguna aplikasi blu. Jika ada hal lain yang ingin ditanyakan, Kakak bisa langsung menghubungi X @haloblu atau email haloblu@bcadigital.co.id atau telepon 1500668 (layanan 24 jam).",2025-10-16 16:42:26,2.4.0,Dataset/dataset\BLU_googleplay_OCTOBER_reviews.csv,qris
2d6ca501-dba1-434d-b92e-e0c2655ea64b,Pengguna Google,https://play-lh.googleusercontent.com/EGemoI2NTXmTsBVtJqk8jxF9rh8ApRWfsIMQSt2uE4OcpQqbFu7f7NbTK05lx80nuSijCz7sc3a277R67g,"aplikasinya lemot,loading ya lama,aplikasinya blum siap...sekali mau bayar pake qris blu,loadingnya lama,ujung ujungnya bayar pake aplikasi lain cepat...jadinya malas pake blu...",3,0,1.47.10,2025-10-16 07:48:31+00:00,"Hai Kak Cun Khong. Maaf atas ketidaknyamanannya. Kami akan selalu terus memperbaiki sistem demi mencapai kepuasan para pengguna aplikasi blu. Terkait kendala tersebut pastikan Kakak menggunakan blu versi terbaru, pastikan setting waktu di handphone menjadi otomatis, jaringan internet lancar dan stabil atau Kakak boleh switch jaringan pada handphone",2025-10-16 07:56:56,1.47.10,Dataset/dataset\BLU_googleplay_OCTOBER_reviews.csv,qris
da6efb5e-f5c1-4a23-82f1-97333eebff35,Pengguna Google,https://play-lh.googleusercontent.com/EGemoI2NTXmTsBVtJqk8jxF9rh8ApRWfsIMQSt2uE4OcpQqbFu7f7NbTK05lx80nuSijCz7sc3a277R67g,"plis adain qris tap dong min blu kaya bank yang lain niar naik mrt,krl dan transjakarta gampang",4,0,2.3.0,2025-10-10 20:42:37+00:00,"Hai, Kak Fauzhan. Terima kasih atas saran dan masukan yang diberikan, kami akan selalu memperbaiki sistem demi mencapai kepuasan para pengguna aplikasi blu. Jika ada hal lain yang ingin ditanyakan, Kakak bisa langsung menghubungi X @haloblu atau email haloblu@bcadigital.co.id atau telepon 1500668 (layanan 24 jam).",2025-10-10 21:52:00,2.3.0,Dataset/dataset\BLU_googleplay_OCTOBER_reviews.csv,qris
daae920c-57c9-4a56-80c2-cd7b9e8f0b92,Pengguna Google,https://play-lh.googleusercontent.com/EGemoI2NTXmTsBVtJqk8jxF9rh8ApRWfsIMQSt2uE4OcpQqbFu7f7NbTK05lx80nuSijCz7sc3a277R67g,"tiap mau buka aplikasi kenapa black out dulu, dan gagal (auto close). klik ke 3x baru berhasil. jadi ga pernah pake qris blu karna udah panik duluan, padahal banyak promo nya :(",4,2,2.3.0,2025-10-01 19:42:09+00:00,"Hai, Kak Dwi. Maaf atas ketidaknyamanannya. Kami akan selalu terus memperbaiki sistem demi mencapai kepuasan para pengguna aplikasi blu. Terkait kendala tersebut pastikan Kakak menggunakan blu versi terbaru, pastikan setting waktu di handphone menjadi otomatis, jaringan internet lancar dan stabil atau Kakak boleh switch jaringan pada handphone.",2025-10-01 19:55:11,2.3.0,Dataset/dataset\BLU_googleplay_OCTOBER_reviews.csv,qris
3b3bb1ac-cd99-4bd8-aab4-f5adb2731612,Pengguna Google,https://play-lh.googleusercontent.com/EGemoI2NTXmTsBVtJqk8jxF9rh8ApRWfsIMQSt2uE4OcpQqbFu7f7NbTK05lx80nuSijCz7sc3a277R67g,aplikasi rampok. pembayran qris sukses tapi saldo tdk masuk,1,0,1.64.1,2025-11-30 13:15:05+00:00,"Hai Kak Intan, mohon maaf atas ketidaknyamanannya. Terkait hal tersebut, silakan laporkan melalui email ke customerservice@gopay.co.id dengan melampirkan kode psr-25-334-0724-48413 pada subject email dan ceritakan kembali detail permasalahannya agar tim kami bisa bantu cek lebih lanjut ya. ^Miko",2025-11-30 14:25:46,1.64.1,Dataset/dataset\GOPAY_googleplay_NOVEMBER_reviews.csv,qris
fde4a725-733c-45c4-a424-a0fb12583818,Pengguna Google,https://play-lh.googleusercontent.com/EGemoI2NTXmTsBVtJqk8jxF9rh8ApRWfsIMQSt2uE4OcpQqbFu7f7NbTK05lx80nuSijCz7sc3a277R67g,masa setiap mo pake Qris ngak bisa,1,0,1.64.1,2025-11-30 09:11:53+00:00,"Hai Kak Faiz, mohon maaf atas ketidaknyamanannya. Pastikan kamu menggunakan aplikasi GoPay versi terbaru dan posisi kode QR yang dipindai sudah sesuai. Jika masih berkendala, laporkan melalui email customerservice@gopay.co.id dan cantumkan kode psr-25-334-0531-40451 pada subject email yang kamu kirimkan ya. ^Miko",2025-11-30 12:31:53,1.64.1,Dataset/dataset\GOPAY_googleplay_NOVEMBER_reviews.csv,qris
fc376bcb-5708-4ddd-a171-ba164ef9363d,Pengguna Google,https://play-lh.googleusercontent.com/EGemoI2NTXmTsBVtJqk8jxF9rh8ApRWfsIMQSt2uE4OcpQqbFu7f7NbTK05lx80nuSijCz7sc3a277R67g,tolong donk respon nya saya lakukan transaksi qris transaksi sukses tapi belom masuk mutasi penerima gimana ini di cek di bukti transaksi gak ada no RRN ATAU REFERENSI saya jadi susah cek itu transferan nya masuk engga nya ripuh gopay sekarang mah eror,1,0,,2025-11-30 00:56:42+00:00,"Hai Kak Doni, mohon maaf atas ketidaknyamanannya. Terkait hal tersebut, silakan laporkan melalui email ke customerservice@gopay.co.id dengan melampirkan kode psr-25-334-2344-27323 pada subject email dan ceritakan kembali detail permasalahannya agar tim kami bisa bantu cek lebih lanjut ya. ^Miko",2025-11-30 06:44:38,,Dataset/dataset\GOPAY_googleplay_NOVEMBER_reviews.csv,qris
faa4a104-a96c-44bf-9fbb-2e2b2d57199f,Pengguna Google,https://play-lh.googleusercontent.com/EGemoI2NTXmTsBVtJqk8jxF9rh8ApRWfsIMQSt2uE4OcpQqbFu7f7NbTK05lx80nuSijCz7sc3a277R67g,"itu qris nya kenapa tidak bisa, kalo ga bisa otak atik aplikasi gak usah di otak atik",1,4,1.64.1,2025-11-29 22:49:20+00:00,"Hai Kak Ihsan maaf atas ketidaknyamanannya. Pastikan kamu menggunakan aplikasi GoPay versi terbaru dan kode QR yang dipindai berasal dari merchant yang menerima pembayaran melalui kode GoPay. Jika masih berkendala, laporkan melalui email ke customerservice@gopay.co.id dan cantumkan kode psr-25-333-1606-25876 pada subjek email. ^Maura",2025-11-29 23:06:32,1.64.1,Dataset/dataset\GOPAY_googleplay_NOVEMBER_reviews.csv,qris
59e076c0-ed7d-42a2-a731-de85d6287c69,Pengguna Google,https://play-lh.googleusercontent.com/EGemoI2NTXmTsBVtJqk8jxF9rh8ApRWfsIMQSt2uE4OcpQqbFu7f7NbTK05lx80nuSijCz7sc3a277R67g,"tolong di perbaiki saat pembayaran pakai qris selalu transaksi ini gagal/tidak bisa dilanjutkan tapi lainnya sih aman aja, TOLONG DIPERBAIKI YA🙏",5,0,1.64.1,2025-11-29 17:37:07+00:00,,,1.64.1,Dataset/dataset\GOPAY_googleplay_NOVEMBER_reviews.csv,qris
ae308c08-0d8f-4557-b01f-4b6127bce08e,Pengguna Google,https://play-lh.googleusercontent.com/EGemoI2NTXmTsBVtJqk8jxF9rh8ApRWfsIMQSt2uE4OcpQqbFu7f7NbTK05lx80nuSijCz7sc3a277R67g,bug di mana mana aku mau bayar pake qris malah gak bisa,1,1,,2025-11-29 17:01:00+00:00,"Hai Kak Efan, maaf atas ketidaknyamanannya. Pastikan kamu menggunakan aplikasi GoPay versi terbaru dan kode QR yang dipindai berasal dari merchant yang menerima pembayaran melalui kode GoPay. Jika masih berkendala, laporkan melalui email ke customerservice@gopay.co.id dan cantumkan kode psr-25-333-1010-03741 pada subjek email. ^Maura",2025-11-29 17:10:10,,Dataset/dataset\GOPAY_googleplay_NOVEMBER_reviews.csv,qris
7bae2d5a-eae1-4c9f-99d5-1b775206bd9c,Pengguna Google,https://play-lh.googleusercontent.com/EGemoI2NTXmTsBVtJqk8jxF9rh8ApRWfsIMQSt2uE4OcpQqbFu7f7NbTK05lx80nuSijCz7sc3a277R67g,mau bayar lewat qris kok gangguan teknis terus ya berhari-hari gak ada perbaikan kah?,1,1,1.64.1,2025-11-29 13:12:54+00:00,,,1.64.1,Dataset/dataset\GOPAY_googleplay_NOVEMBER_reviews.csv,qris
dd6d0ad9-44c7-4bc6-9ea4-0e248fb3ea11,Pengguna Google,https://play-lh.googleusercontent.com/EGemoI2NTXmTsBVtJqk8jxF9rh8ApRWfsIMQSt2uE4OcpQqbFu7f7NbTK05lx80nuSijCz7sc3a277R67g,kenapa gopay gak bisa transper dan melakukan Qris ... tolong dong .,1,1,1.64.1,2025-11-28 23:15:26+00:00,,,1.64.1,Dataset/dataset\GOPAY_googleplay_NOVEMBER_reviews.csv,qris
7b6730e9-aaa6-4524-b31d-0c76947d4ce4,Pengguna Google,https://play-lh.googleusercontent.com/EGemoI2NTXmTsBVtJqk8jxF9rh8ApRWfsIMQSt2uE4OcpQqbFu7f7NbTK05lx80nuSijCz7sc3a277R67g,benerin qris nya,3,0,1.64.1,2025-11-26 18:05:45+00:00,,,1.64.1,Dataset/dataset\GOPAY_googleplay_NOVEMBER_reviews.csv,qris
12be4e87-14da-40d2-98fa-479cdac9be71,Pengguna Google,https://play-lh.googleusercontent.com/EGemoI2NTXmTsBVtJqk8jxF9rh8ApRWfsIMQSt2uE4OcpQqbFu7f7NbTK05lx80nuSijCz7sc3a277R67g,kenapa setiap pembayaran pakai qris selalu ada notif ada aktivitas tidak wajar,5,0,1.64.1,2025-11-26 12:01:42+00:00,,,1.64.1,Dataset/dataset\GOPAY_googleplay_NOVEMBER_reviews.csv,qris
119933b6-6121-4e42-8949-bbca9948c3e4,Pengguna Google,https://play-lh.googleusercontent.com/EGemoI2NTXmTsBVtJqk8jxF9rh8ApRWfsIMQSt2uE4OcpQqbFu7f7NbTK05lx80nuSijCz7sc3a277R67g,"kenapa app gopay saya tidak bisa dibuka ya, mau bayar qris tida bisa dibuka sampai sekarang. sudah seminggu an 😔",5,0,1.49.1,2025-11-26 11:31:09+00:00,,,1.49.1,Dataset/dataset\GOPAY_googleplay_NOVEMBER_reviews.csv,qris
7a720138-ea1b-48b2-b669-59159f2e300f,Pengguna Google,https://play-lh.googleusercontent.com/EGemoI2NTXmTsBVtJqk8jxF9rh8ApRWfsIMQSt2uE4OcpQqbFu7f7NbTK05lx80nuSijCz7sc3a277R67g,"paling gesit dan paling murah,,selama ini pakai goPay aman bgt dan banyak koin gratisan. tolong buat develofer bug nya diperbaiki, pada saat Qris lewat galeri ponsel susah terdeteksinya, dan harus dicoba lebih dari 5 kali baru bisa.",5,353,1.64.1,2025-11-26 00:06:17+00:00,,,1.64.1,Dataset/dataset\GOPAY_googleplay_NOVEMBER_reviews.csv,qris
49040f06-e881-4650-9289-bc3e6502a30b,Pengguna Google,https://play-lh.googleusercontent.com/EGemoI2NTXmTsBVtJqk8jxF9rh8ApRWfsIMQSt2uE4OcpQqbFu7f7NbTK05lx80nuSijCz7sc3a277R67g,fitur qris selalu gangguan di gopay saya,2,0,1.64.0,2025-11-25 21:59:46+00:00,"Hai Kak Syarif, mohon maaf atas ketidaknyamanannya. Pastikan kamu menggunakan aplikasi GoPay versi terbaru dan posisi kode QR yang dipindai sudah sesuai. Jika masih berkendala, laporkan melalui email customerservice@gopay.co.id dan cantumkan kode psr-25-329-1600-40301 pada subject email yang kamu kirimkan ya. ^Miko",2025-11-25 23:00:54,1.64.0,Dataset/dataset\GOPAY_googleplay_NOVEMBER_reviews.csv,qris
0b1246d8-80ec-4528-912e-85a598bd5ccb,Pengguna Google,https://play-lh.googleusercontent.com/EGemoI2NTXmTsBVtJqk8jxF9rh8ApRWfsIMQSt2uE4OcpQqbFu7f7NbTK05lx80nuSijCz7sc3a277R67g,ko gangguan sih ga bisa diqris min bikin malu aku udah di warung udah ambil barang' tapi ga bisa di qris parah bintang 1 aja,1,0,,2025-11-25 20:50:53+00:00,"Hai Kak Pendro, mohon maaf atas ketidaknyamanannya. Pastikan kamu menggunakan aplikasi GoPay versi terbaru dan posisi kode QR yang dipindai sudah sesuai. Jika masih berkendala, laporkan melalui email customerservice@gopay.co.id dan cantumkan kode psr-25-329-1554-41417 pada subject email yang kamu kirimkan ya. ^Miko",2025-11-25 22:54:56,,Dataset/dataset\GOPAY_googleplay_NOVEMBER_reviews.csv,qris
a6aeeebf-b4d0-46ff-8ce9-9964bbeb26b3,Pengguna Google,https://play-lh.googleusercontent.com/EGemoI2NTXmTsBVtJqk8jxF9rh8ApRWfsIMQSt2uE4OcpQqbFu7f7NbTK05lx80nuSijCz7sc3a277R67g,ada bug pada saat Qris yaitu stuck di halaman kosong padahal sinyal stabil tolong segera di fix,4,0,1.64.1,2025-11-25 18:44:57+00:00,,,1.64.1,Dataset/dataset\GOPAY_googleplay_NOVEMBER_reviews.csv,qris
43bc80d2-bed4-41f5-aa3b-58b5105db6c7,Pengguna Google,https://play-lh.googleusercontent.com/EGemoI2NTXmTsBVtJqk8jxF9rh8ApRWfsIMQSt2uE4OcpQqbFu7f7NbTK05lx80nuSijCz7sc3a277R67g,"kendala terus, tiap hari Kendala mau bayar pakai qris kendala, mau top up e-money kendala, mau transfer kendala. tolong kalo kendala jangan setiap hari lah",1,0,1.64.0,2025-11-25 06:26:38+00:00,"Hai Kak Shopyan, sebelum transfer, pastikan status upgrade GoPay Plus sudah 'Diterima', nomor penerima valid dan tidak terblokir. Jika masih bermasalah, silakan kunjungi menu Bantuan di aplikasi GoPay atau email ke customerservice@gopay.co.id dan cantumkan kode psr-25-329-1059-39436 pada subjek email. ^Miko",2025-11-25 18:00:00,1.64.0,Dataset/dataset\GOPAY_googleplay_NOVEMBER_reviews.csv,qris
3cec11c7-dbbd-4eeb-8679-0bb1ac287aa1,Pengguna Google,https://play-lh.googleusercontent.com/EGemoI2NTXmTsBVtJqk8jxF9rh8ApRWfsIMQSt2uE4OcpQqbFu7f7NbTK05lx80nuSijCz7sc3a277R67g,ngga bisa pake qris padahal jaringan lancar,4,0,1.64.0,2025-11-24 18:09:20+00:00,,,1.64.0,Dataset/dataset\GOPAY_googleplay_NOVEMBER_reviews.csv,qris
8a817623-150b-47ed-bb36-454959e6b613,Pengguna Google,https://play-lh.googleusercontent.com/EGemoI2NTXmTsBVtJqk8jxF9rh8ApRWfsIMQSt2uE4OcpQqbFu7f7NbTK05lx80nuSijCz7sc3a277R67g,aplikasi paymet terbusuk awal mah potongan menggiurkan dah di isi saldo malah berubah harganya mana scan qris doang juga susah,1,0,,2025-11-24 14:16:40+00:00,"Hai Kak, mohon maaf atas ketidaknyamanannya. Pastikan kamu menggunakan aplikasi GoPay versi terbaru dan posisi kode QR yang dipindai sudah sesuai. Jika masih berkendala, laporkan melalui email customerservice@gopay.co.id dan cantumkan kode psr-25-328-1027-03450 pada subject email yang kamu kirimkan ya. ^Miko",2025-11-24 17:27:12,,Dataset/dataset\GOPAY_googleplay_NOVEMBER_reviews.csv,qris
6a29e892-0e2f-44df-bf0d-e7c1c8e8d280,Pengguna Google,https://play-lh.googleusercontent.com/EGemoI2NTXmTsBVtJqk8jxF9rh8ApRWfsIMQSt2uE4OcpQqbFu7f7NbTK05lx80nuSijCz7sc3a277R67g,"qris selalu gangguan teknis,,,,tolong diperbaiki dong",3,0,1.64.0,2025-11-24 12:08:55+00:00,"Hai Kak Ari, mohon maaf atas ketidaknyamanannya. Pastikan kamu menggunakan aplikasi GoPay versi terbaru dan posisi kode QR yang dipindai sudah sesuai. Jika masih berkendala, laporkan melalui email customerservice@gopay.co.id dan cantumkan kode psr-25-328-0624-59520 pada subject email yang kamu kirimkan ya. ^Melisa",2025-11-24 13:25:11,1.64.0,Dataset/dataset\GOPAY_googleplay_NOVEMBER_reviews.csv,qris
7322eda7-b525-465a-b908-cba8a10f8250,Pengguna Google,https://play-lh.googleusercontent.com/EGemoI2NTXmTsBVtJqk8jxF9rh8ApRWfsIMQSt2uE4OcpQqbFu7f7NbTK05lx80nuSijCz7sc3a277R67g,pembayaran dengan QRIS tidak dapat dilakukan,4,0,1.64.0,2025-11-24 11:16:13+00:00,,,1.64.0,Dataset/dataset\GOPAY_googleplay_NOVEMBER_reviews.csv,qris
f6ea140d-370a-4ffe-af9e-e8cee8bb8e73,Pengguna Google,https://play-lh.googleusercontent.com/EGemoI2NTXmTsBVtJqk8jxF9rh8ApRWfsIMQSt2uE4OcpQqbFu7f7NbTK05lx80nuSijCz7sc3a277R67g,ga bisa gunakan qris sama sekali,1,0,1.64.0,2025-11-24 00:54:45+00:00,"Hai Kak Aldi, mohon maaf atas ketidaknyamanannya. Pastikan kamu menggunakan aplikasi GoPay versi terbaru dan posisi kode QR yang dipindai sudah sesuai. Jika masih berkendala, laporkan melalui email customerservice@gopay.co.id dan cantumkan kode psr-25-328-0103-35138 pada subject email yang kamu kirimkan ya. ^Melisa",2025-11-24 08:03:44,1.64.0,Dataset/dataset\GOPAY_googleplay_NOVEMBER_reviews.csv,qris
80af4e16-eb21-4150-993e-bfb895f29957,Pengguna Google,https://play-lh.googleusercontent.com/EGemoI2NTXmTsBVtJqk8jxF9rh8ApRWfsIMQSt2uE4OcpQqbFu7f7NbTK05lx80nuSijCz7sc3a277R67g,"jelek, masak qris nggak bisa dipakai? lalu saat mau bayar2 nggak bisa, lah?",2,0,,2025-11-23 20:39:51+00:00,"Hai Kak Ruth, maaf atas ketidaknyamanannya. Pastikan kamu menggunakan aplikasi GoPay versi terbaru dan kode QR yang dipindai berasal dari merchant yang menerima pembayaran melalui kode GoPay. Jika masih berkendala, laporkan melalui email ke customerservice@gopay.co.id dan cantumkan kode psr-25-327-1439-14744 pada subjek email. ^Maura",2025-11-23 21:39:20,,Dataset/dataset\GOPAY_googleplay_NOVEMBER_reviews.csv,qris
5e1b7088-5e2d-4033-8ef1-72f234b5c281,Pengguna Google,https://play-lh.googleusercontent.com/EGemoI2NTXmTsBVtJqk8jxF9rh8ApRWfsIMQSt2uE4OcpQqbFu7f7NbTK05lx80nuSijCz7sc3a277R67g,"baguss, tapi banyak beberapa transaksi yang tidak bisa transfer atau qris pakai gopay",5,0,1.64.0,2025-11-23 13:52:31+00:00,,,1.64.0,Dataset/dataset\GOPAY_googleplay_NOVEMBER_reviews.csv,qris
a3fc9dd6-ce8e-4b0c-a03e-993d43f3a67f,Pengguna Google,https://play-lh.googleusercontent.com/EGemoI2NTXmTsBVtJqk8jxF9rh8ApRWfsIMQSt2uE4OcpQqbFu7f7NbTK05lx80nuSijCz7sc3a277R67g,sangat membantu untuk pembelian dan transfer via GoPay ataupun Qris,5,0,,2025-11-23 13:14:11+00:00,,,,Dataset/dataset\GOPAY_googleplay_NOVEMBER_reviews.csv,qris
c472ef74-091b-4f33-8925-2a852fa0f901,Pengguna Google,https://play-lh.googleusercontent.com/EGemoI2NTXmTsBVtJqk8jxF9rh8ApRWfsIMQSt2uE4OcpQqbFu7f7NbTK05lx80nuSijCz7sc3a277R67g,GOPAY SAMPAHH Qris selalu error,1,1,1.64.0,2025-11-23 11:59:34+00:00,"Hai Kak Dahya, mohon maaf atas ketidaknyamanannya. Pastikan kamu menggunakan aplikasi GoPay versi terbaru dan posisi kode QR yang dipindai sudah sesuai. Jika masih berkendala, laporkan melalui email customerservice@gopay.co.id dan cantumkan kode psr-25-327-0535-20872 pada subject email yang kamu kirimkan ya. ^Melisa",2025-11-23 12:35:32,1.64.0,Dataset/dataset\GOPAY_googleplay_NOVEMBER_reviews.csv,qris
cf4d9c65-79aa-4dd4-899d-8b71d18a4b0e,Pengguna Google,https://play-lh.googleusercontent.com/EGemoI2NTXmTsBVtJqk8jxF9rh8ApRWfsIMQSt2uE4OcpQqbFu7f7NbTK05lx80nuSijCz7sc3a277R67g,"fitur tarik tunai, Bayer scan qris juga gk bisa.. sampaibhapus Dan instal ulang.sudah labor ke costume device juga seminggu lalu blm ada tanggapan",1,0,1.53.0,2025-11-23 09:54:59+00:00,"Hai Kak Setyo, sebelum transfer, pastikan status upgrade GoPay Plus sudah 'Diterima', nomor penerima valid dan tidak terblokir. Jika masih bermasalah, silakan kunjungi menu Bantuan di aplikasi GoPay atau email ke customerservice@gopay.co.id dan cantumkan kode psr-25-307-0131-04999 pada subjek email. ^Melisa",2025-11-03 08:31:14,1.53.0,Dataset/dataset\GOPAY_googleplay_NOVEMBER_reviews.csv,qris
b1397cb4-cfc8-47f2-b526-bb982e063df7,Pengguna Google,https://play-lh.googleusercontent.com/EGemoI2NTXmTsBVtJqk8jxF9rh8ApRWfsIMQSt2uE4OcpQqbFu7f7NbTK05lx80nuSijCz7sc3a277R67g,"apasi gopay error, gangguan teknis terus kalo pake qris, ini udah lama lho 4 hari kebelakang gabisa pake qris terusss ganggu an tekniss terusss, kesel lama lama",1,0,1.51.0,2025-11-21 14:48:52+00:00,"Hai Kak @sekarajeungmb, mohon maaf atas ketidaknyamanannya. Jika masih mengalami keluhan, silakan laporkan melalui email ke customerservice@gopay.co.id dengan melampirkan kode psr-25-325-0816-41585 pada subject email dan cantumkan nomor laporan sebelumnya serta ceritakan kembali detail permasalahannya. Kami tunggu detail laporan kamu ya. ^Miko",2025-11-21 15:16:56,1.51.0,Dataset/dataset\GOPAY_googleplay_NOVEMBER_reviews.csv,qris
46350ce7-cd94-45c2-b650-7a136d4d7206,Pengguna Google,https://play-lh.googleusercontent.com/EGemoI2NTXmTsBVtJqk8jxF9rh8ApRWfsIMQSt2uE4OcpQqbFu7f7NbTK05lx80nuSijCz7sc3a277R67g,"Kecewa berat sih gara gara uang yang aku tf ke penipu lewat qris yg ngarah kesini eh ngga mau direfund sama ni gopay, dah laporan sana sini juga buat buktiin beneran ditipu, bukti juga udah jelas banget, ga rekomen sih ni aturan dari situnya yang programnya gabisa dikembalikan uang yang udah ditransfer, penipuan apapun ngga ditanggung hahaha",1,0,1.57.0,2025-11-21 14:29:27+00:00,"Hai Kak Santoso, mohon maaf atas ketidaknyamanannya. Jika masih mengalami keluhan, silakan laporkan melalui email ke customerservice@gopay.co.id dengan melampirkan kode psr-25-325-0814-43978 pada subject email dan cantumkan nomor laporan sebelumnya serta ceritakan kembali detail permasalahannya. Kami tunggu detail laporan kamu ya. ^Miko",2025-11-21 15:14:56,1.57.0,Dataset/dataset\GOPAY_googleplay_NOVEMBER_reviews.csv,qris
75882310-9f6d-431f-a571-2899ac5f93e6,Pengguna Google,https://play-lh.googleusercontent.com/EGemoI2NTXmTsBVtJqk8jxF9rh8ApRWfsIMQSt2uE4OcpQqbFu7f7NbTK05lx80nuSijCz7sc3a277R67g,error ga bisa bayar pake qris,1,0,1.64.0,2025-11-20 16:30:40+00:00,"Hai Kak Reqzy, mohon maaf atas ketidaknyamanannya. Pastikan kamu menggunakan aplikasi GoPay versi terbaru dan posisi kode QR yang dipindai sudah sesuai. Jika masih berkendala, laporkan melalui email customerservice@gopay.co.id dan cantumkan kode psr-25-324-1040-08890 pada subject email yang kamu kirimkan ya. ^Melisa",2025-11-20 17:40:16,1.64.0,Dataset/dataset\GOPAY_googleplay_NOVEMBER_reviews.csv,qris
01f960a9-0567-46e1-8e54-6bee5941b580,Pengguna Google,https://play-lh.googleusercontent.com/EGemoI2NTXmTsBVtJqk8jxF9rh8ApRWfsIMQSt2uE4OcpQqbFu7f7NbTK05lx80nuSijCz7sc3a277R67g,transaksi qris dari pihak gopay berhasil dan sukses ke penyedia qris gak masuk saya mengalami sudah 2 kali tetapi tidak ada pengembalian dari pihak gopay. cs nya memberikan jwban yg ber ulang2 yg sulit di pahami !!!!,1,0,1.64.0,2025-11-19 18:40:42+00:00,"Hai Kak Adi, mohon maat atas ketidaknyamanannya. Jika kamu masih mengalami kendala, silakan laporkan melalui email ke customerservice@gopay.co.id dengan melampirkan kode psr-25-323-1243-37519 pada subject email dan cantumkan nomor laporan kamu sebelumnya pada email yang kamu kirimkan. Kami tunggu detail laporan kamu ya. ^Melisa",2025-11-19 19:43:44,1.64.0,Dataset/dataset\GOPAY_googleplay_NOVEMBER_reviews.csv,qris
07fa5dec-c5e1-4ad4-b435-890a8346f0c1,Pengguna Google,https://play-lh.googleusercontent.com/EGemoI2NTXmTsBVtJqk8jxF9rh8ApRWfsIMQSt2uE4OcpQqbFu7f7NbTK05lx80nuSijCz7sc3a277R67g,"saya tidak bisa melakukam pembayaran qris & prmbayaran gopaylater, pdahal akun sudah upgrade ke gopay plus dan aplikasi sudah terbaru.. mohon bantuannya min",1,0,1.64.0,2025-11-18 18:56:19+00:00,"Hai Kak Infinity, mohon maaf atas ketidaknyamanannya. Pastikan kamu menggunakan aplikasi GoPay versi terbaru dan posisi kode QR yang dipindai sudah sesuai. Jika masih berkendala, laporkan melalui email customerservice@gopay.co.id dan cantumkan kode psr-25-322-1240-46906 pada subject email yang kamu kirimkan ya. ^Melisa",2025-11-18 19:40:57,1.64.0,Dataset/dataset\GOPAY_googleplay_NOVEMBER_reviews.csv,qris
13bba63a-cab0-4bbb-ba9c-da82f2d6fe0e,Pengguna Google,https://play-lh.googleusercontent.com/EGemoI2NTXmTsBVtJqk8jxF9rh8ApRWfsIMQSt2uE4OcpQqbFu7f7NbTK05lx80nuSijCz7sc3a277R67g,"oke sih baik2 aja tapi pas gw mau bayar pake qris ada tulisan ada aktivitas mencurigakan dan gw g bisa bayar,kocak dah tolong di fix",3,0,1.64.0,2025-11-18 17:05:29+00:00,"Hai Kak Adrian, mohon maaf atas ketidaknyamanannya. Terkait hal tersebut, silakan laporkan melalui email ke customerservice@gopay.co.id dengan melampirkan kode psr-25-322-1053-56520 pada subject email dan ceritakan kembali detail permasalahannya agar tim kami bisa bantu cek lebih lanjut ya. ^Melisa",2025-11-18 17:54:04,1.64.0,Dataset/dataset\GOPAY_googleplay_NOVEMBER_reviews.csv,qris
5efd5fc7-3921-4cd0-b700-1b5843c4e115,Pengguna Google,https://play-lh.googleusercontent.com/EGemoI2NTXmTsBVtJqk8jxF9rh8ApRWfsIMQSt2uE4OcpQqbFu7f7NbTK05lx80nuSijCz7sc3a277R67g,"makin di upgrade makin kacau ini aplikasi,mana punya saya tidak bisa untuk membeli pulsa dan bayar via qris,udah nunggu 3x24 jam tetap hasilnya sama saja",1,0,1.62.0,2025-11-18 14:14:51+00:00,"Hai Kak Dani, mohon maaf atas ketidaknyamanannya. Pastikan kamu menggunakan aplikasi GoPay versi terbaru dan posisi kode QR yang dipindai sudah sesuai. Jika masih berkendala, laporkan melalui email customerservice@gopay.co.id dan cantumkan kode psr-25-322-0845-14381 pada subject email yang kamu kirimkan ya. ^Melisa",2025-11-18 15:45:23,1.62.0,Dataset/dataset\GOPAY_googleplay_NOVEMBER_reviews.csv,qris
8679cbcd-6d80-49a0-b81a-9d492fa9973e,Pengguna Google,https://play-lh.googleusercontent.com/EGemoI2NTXmTsBVtJqk8jxF9rh8ApRWfsIMQSt2uE4OcpQqbFu7f7NbTK05lx80nuSijCz7sc3a277R67g,tf pake qris blm masuk tpi sukses pembayarnya bisa di bantu,5,0,,2025-11-18 00:37:34+00:00,,,,Dataset/dataset\GOPAY_googleplay_NOVEMBER_reviews.csv,qris
ed22295d-55a8-4606-bae7-27fed0069dcd,Pengguna Google,https://play-lh.googleusercontent.com/EGemoI2NTXmTsBVtJqk8jxF9rh8ApRWfsIMQSt2uE4OcpQqbFu7f7NbTK05lx80nuSijCz7sc3a277R67g,setiap mau bayar pake Qris selalu gangguan teknis kecewa dh lama pake GOPAY tapi kaya gini😭😭😭,1,1,,2025-11-17 01:27:42+00:00,,,,Dataset/dataset\GOPAY_googleplay_NOVEMBER_reviews.csv,qris
56799588-e576-4e67-8e76-47b86f514836,Pengguna Google,https://play-lh.googleusercontent.com/EGemoI2NTXmTsBVtJqk8jxF9rh8ApRWfsIMQSt2uE4OcpQqbFu7f7NbTK05lx80nuSijCz7sc3a277R67g,"gopay bagus banget buat bayar/beli pln,pulsa,paket data dan dll tapi agak sedikit lelet pas rekam qris nya tolong di perbaiki ya",5,0,1.62.0,2025-11-16 06:11:17+00:00,,,1.62.0,Dataset/dataset\GOPAY_googleplay_NOVEMBER_reviews.csv,qris
e8142766-9c18-4975-a9f7-aff0e9f5d988,Pengguna Google,https://play-lh.googleusercontent.com/EGemoI2NTXmTsBVtJqk8jxF9rh8ApRWfsIMQSt2uE4OcpQqbFu7f7NbTK05lx80nuSijCz7sc3a277R67g,knp nda bisa ke pake transaksi pake qris,1,0,1.62.0,2025-11-16 00:08:13+00:00,"Hai Kak Asrul, mohon maaf atas ketidaknyamanannya. Pastikan kamu menggunakan aplikasi GoPay versi terbaru dan posisi kode QR yang dipindai sudah sesuai. Jika masih berkendala, laporkan melalui email customerservice@gopay.co.id dan cantumkan kode psr-25-320-0136-17485 pada subject email yang kamu kirimkan ya. ^Melisa",2025-11-16 08:36:26,1.62.0,Dataset/dataset\GOPAY_googleplay_NOVEMBER_reviews.csv,qris
f47b1355-7205-46c2-bcab-deda9b1538d5,Pengguna Google,https://play-lh.googleusercontent.com/EGemoI2NTXmTsBVtJqk8jxF9rh8ApRWfsIMQSt2uE4OcpQqbFu7f7NbTK05lx80nuSijCz7sc3a277R67g,"burukk sekalii aplikasi ini. pembayaran qris di aplikasi ini berhasil tapi pihak toko offline nya gada keluar struk menandakan pembayaran berhasil. alhasil saya dikira penipuan, belum lagi saya melaporkan masalah ini tidak menemukan solusi. ak saranin jangan pake aplikasi ini untuk pembayaran qris atau transaksi ke toko offline ya supaya tidak terjadi hal-hal yang tidak diinginkan seperti saya 🙏🏻 mohon agar bijak menggunakan aplikasi ini 😊 sangat-sangat burukk, saya tidak merekomendasikannya",1,8,1.62.0,2025-11-15 18:23:00+00:00,"Hai Kak Suci, mohon maaf atas ketidaknyamanannya. Terkait keluhan tersebut, silakan laporkan melalui email ke customerservice@gopay.co.id dengan melampirkan kode psr-25-319-1138-12671 pada subject email. Kami tunggu detail laporan kamu ya. ^Maura",2025-11-15 18:38:18,1.62.0,Dataset/dataset\GOPAY_googleplay_NOVEMBER_reviews.csv,qris
d480518e-47d4-4ad9-9827-b72127a45513,Pengguna Google,https://play-lh.googleusercontent.com/EGemoI2NTXmTsBVtJqk8jxF9rh8ApRWfsIMQSt2uE4OcpQqbFu7f7NbTK05lx80nuSijCz7sc3a277R67g,pake qris aja gak bisa,1,1,1.62.0,2025-11-14 23:59:38+00:00,,,1.62.0,Dataset/dataset\GOPAY_googleplay_NOVEMBER_reviews.csv,qris
de0129f6-a0ce-4fc1-a834-9cb30d033fce,Pengguna Google,https://play-lh.googleusercontent.com/EGemoI2NTXmTsBVtJqk8jxF9rh8ApRWfsIMQSt2uE4OcpQqbFu7f7NbTK05lx80nuSijCz7sc3a277R67g,"Dah lama make, Tiap hari transaksi jualan sy make gopay sama gopay merchant, tapi blm juga diberi bantuan pinjaman, malah org yg baru bikin akun blm ada transaksi diberi, hadeh... semoga permohonan pengajuan Qris bisnis diaplikasi sebelah scptnya diverifikasi",1,0,1.62.0,2025-11-14 16:59:02+00:00,"Hai Kak Deddy, mohon maaf atas ketidaknyamanan yang kamu alami terkait GoPay Pinjam. Agar masalahnya dapat segera kami bantu, silakan ceritakan lebih lanjut kepada kami melalui email ke support@findaya.com dan cantumkan kode psr-25-318-1026-25590 di subjek email, ya. ^Miko",2025-11-14 17:26:39,1.62.0,Dataset/dataset\GOPAY_googleplay_NOVEMBER_reviews.csv,qris
614dffca-94b7-4d59-b20b-355a0f7d427b,Pengguna Google,https://play-lh.googleusercontent.com/EGemoI2NTXmTsBVtJqk8jxF9rh8ApRWfsIMQSt2uE4OcpQqbFu7f7NbTK05lx80nuSijCz7sc3a277R67g,ini kenapa setiap transaksi menggunakan qris atau transfer lewat gopay dengan nominal dibawa 30000 rupiah ada notif aktifitas tidak wajar. dan saat beli paket internet dengan nominal dibawah 30000 rupiah selalu gagal. padahal aplikasi sudah update terbaru. saya jadi susah untuk transaksi.,1,3,1.62.0,2025-11-13 07:59:16+00:00,"Hai Kak Firman, mohon maaf atas ketidaknyamanannya. Terkait hal tersebut, silakan laporkan melalui email ke customerservice@gopay.co.id dengan melampirkan kode psr-25-317-0120-43438 pada subject email dan ceritakan kembali detail permasalahannya agar tim kami bisa bantu cek lebih lanjut ya. ^Melisa",2025-11-13 08:20:50,1.62.0,Dataset/dataset\GOPAY_googleplay_NOVEMBER_reviews.csv,qris
be83cf10-5c0b-4f60-b9ae-3413b52af073,Pengguna Google,https://play-lh.googleusercontent.com/EGemoI2NTXmTsBVtJqk8jxF9rh8ApRWfsIMQSt2uE4OcpQqbFu7f7NbTK05lx80nuSijCz7sc3a277R67g,berapa hari dalam pengembalian dana dari gopay merchant mitra Qris,3,0,,2025-11-13 05:39:36+00:00,,,,Dataset/dataset\GOPAY_googleplay_NOVEMBER_reviews.csv,qris
1718f5f6-8ad6-44c0-9c84-74941d58dd3d,Pengguna Google,https://play-lh.googleusercontent.com/EGemoI2NTXmTsBVtJqk8jxF9rh8ApRWfsIMQSt2uE4OcpQqbFu7f7NbTK05lx80nuSijCz7sc3a277R67g,nyesel gua nabung di Gopay diisi banyak niat hati bayar motor lwt qris malah terdeteksi transaksi nggak wajar mending gk usah diisi aja,1,1,1.62.0,2025-11-12 12:39:16+00:00,"Hai Kak @Bunggel, mohon maaf atas ketidaknyamanannya. Terkait hal tersebut, silakan laporkan melalui email ke customerservice@gopay.co.id dengan melampirkan kode psr-25-316-0726-57112 pada subject email dan ceritakan kembali detail permasalahannya agar tim kami bisa bantu cek lebih lanjut ya. ^Melisa",2025-11-12 14:27:03,1.62.0,Dataset/dataset\GOPAY_googleplay_NOVEMBER_reviews.csv,qris
4a917a48-c861-4a42-af01-c8568a79e84c,Pengguna Google,https://play-lh.googleusercontent.com/EGemoI2NTXmTsBVtJqk8jxF9rh8ApRWfsIMQSt2uE4OcpQqbFu7f7NbTK05lx80nuSijCz7sc3a277R67g,tolong buat qris nya kadang bisa kadang engga,5,0,1.62.0,2025-11-11 18:38:48+00:00,,,1.62.0,Dataset/dataset\GOPAY_googleplay_NOVEMBER_reviews.csv,qris
e7930a69-98aa-415b-8526-163db5d823ec,Pengguna Google,https://play-lh.googleusercontent.com/EGemoI2NTXmTsBVtJqk8jxF9rh8ApRWfsIMQSt2uE4OcpQqbFu7f7NbTK05lx80nuSijCz7sc3a277R67g,Dari awal gapernah salah sih bikin qris di gopay merchant emng banyak benefitnya,5,0,,2025-11-11 13:31:57+00:00,,,,Dataset/dataset\GOPAY_googleplay_NOVEMBER_reviews.csv,qris
9c151341-4f99-4d21-90af-ec022c6bcf93,Pengguna Google,https://play-lh.googleusercontent.com/EGemoI2NTXmTsBVtJqk8jxF9rh8ApRWfsIMQSt2uE4OcpQqbFu7f7NbTK05lx80nuSijCz7sc3a277R67g,"Transaksi QRIS udah 6 Hari tidak ada refund & tindakan lanjut oleh pihak GOPAY , Bagi kalian ingin simpan uang untuk kebutuhan bulanan jangan sekali-kali pakai gopay , kalau pakai nasibmu sama kek saya , duit beli minyak & gass pakai QRIS tx berhasil tapi saldo kaga masuk ke pihak merchant bagian feedback refund malah tangapan nya nunggu bulan depan ,keburu mati gw ajg !!!! APLIKASI NIPU CUSTOMER.",1,3,1.62.0,2025-11-10 14:57:15+00:00,"Hai Kak Daniel, mohon maaf atas ketidaknyamanannya. Jika masih mengalami keluhan, silakan laporkan melalui email ke customerservice@gopay.co.id dengan melampirkan kode psr-25-314-1409-10064 pada subject email dan cantumkan nomor laporan sebelumnya serta ceritakan kembali detail permasalahannya. Kami tunggu detail laporan kamu ya. ^Miko",2025-11-10 21:09:28,1.62.0,Dataset/dataset\GOPAY_googleplay_NOVEMBER_reviews.csv,qris
ba70c332-ce0d-457f-abba-ecf421b61adc,Pengguna Google,https://play-lh.googleusercontent.com/EGemoI2NTXmTsBVtJqk8jxF9rh8ApRWfsIMQSt2uE4OcpQqbFu7f7NbTK05lx80nuSijCz7sc3a277R67g,"E WALLET BOBROK MAU QRIS SUSAH, KALOUDAH TENGAH MALEM GABISA TF KE E WALLET, GUA DARI KEMAREN TF KE E WALLET SALDO NYA BELOM MASUK² UDAH 2 HARI. MENDING DI HAPUS AJA INI E WALLET MERUGIKANNN!!!",2,0,,2025-11-10 00:48:27+00:00,"Hai Kak Raihan, pastikan nomor tujuan benar dan sudah cek halaman Riwayat. Jika setelah 2x24 jam di hari kerja (diluar Sabtu, Minggu, atau Libur) saldo belum bertambah, silakan lapor ke menu Bantuan > ketik 'Transfer saldo ke bank atau e-wallet belum diterima' dan cantumkan kode psr-25-314-0115-46862 pada bagian 'Ceritakan lebih lanjut'. ^Maura",2025-11-10 08:15:53,,Dataset/dataset\GOPAY_googleplay_NOVEMBER_reviews.csv,qris
625b4436-bf48-4853-90b0-202a6d9cd617,Pengguna Google,https://play-lh.googleusercontent.com/EGemoI2NTXmTsBVtJqk8jxF9rh8ApRWfsIMQSt2uE4OcpQqbFu7f7NbTK05lx80nuSijCz7sc3a277R67g,"apk ribet saya tidak bisa transaksi lewat Qris,muncul tulisan GAK BISA LANJUT TRANSAKSI INI kami mendeteksi aktifitas gak wajar .seperti itu terus pohoknya nesel seumur hidup",1,2,1.62.0,2025-11-09 22:38:48+00:00,"Hai Kak Nawan, maaf atas ketidaknyamanannya. Pastikan kamu menggunakan aplikasi GoPay versi terbaru dan kode QR yang dipindai berasal dari merchant yang menerima pembayaran melalui kode GoPay. Jika masih berkendala, laporkan melalui email ke customerservice@gopay.co.id dan cantumkan kode psr-25-314-0039-54803 pada subjek email. ^Maura",2025-11-10 07:40:00,1.62.0,Dataset/dataset\GOPAY_googleplay_NOVEMBER_reviews.csv,qris
ff3609d5-0e1b-46c1-b6b6-770c1cfffd89,Pengguna Google,https://play-lh.googleusercontent.com/EGemoI2NTXmTsBVtJqk8jxF9rh8ApRWfsIMQSt2uE4OcpQqbFu7f7NbTK05lx80nuSijCz7sc3a277R67g,semakin menurun aplikasi gopay transaksi online dari tanggal 28 Oktober 2025 melalui Qris sebesar 1jta dana terpotong tapi kata merchant belom terima dana dari pihak merchant minta kode qris RRN gak bisa dikasih...peringatan keras buat pengguna gopay jangan pakai app gopay kalau uang kalian tidak mau hilang,1,0,1.61.2,2025-11-09 20:12:37+00:00,,,1.61.2,Dataset/dataset\GOPAY_googleplay_NOVEMBER_reviews.csv,qris
aa40af16-5362-43d5-bdff-686d8b3b0c2a,Pengguna Google,https://play-lh.googleusercontent.com/EGemoI2NTXmTsBVtJqk8jxF9rh8ApRWfsIMQSt2uE4OcpQqbFu7f7NbTK05lx80nuSijCz7sc3a277R67g,"kenapa saat ingin transfer atau bayar lewat qris selalu ada aktifitas tidak wajar dan tidak terkirim, itu tidak 1bulan sekali malahan per-hari sampai perjam, tolong di perbaiki lagi,saya mau beli barang dan bayar lewat jadi terhalang gara gara masalah tsb",2,29,1.62.0,2025-11-09 11:06:11+00:00,"Hai Kak Rasyid, mohon maaf atas ketidaknyamanannya. Pastikan kamu menggunakan aplikasi GoPay versi terbaru dan posisi kode QR yang dipindai sudah sesuai. Jika masih berkendala, laporkan melalui email customerservice@gopay.co.id dan cantumkan kode psr-25-313-0900-08373 pada subject email yang kamu kirimkan ya. ^Miko",2025-11-09 16:00:23,1.62.0,Dataset/dataset\GOPAY_googleplay_NOVEMBER_reviews.csv,qris
439a0bdc-75eb-45a2-923d-c5f55dfec965,Pengguna Google,https://play-lh.googleusercontent.com/EGemoI2NTXmTsBVtJqk8jxF9rh8ApRWfsIMQSt2uE4OcpQqbFu7f7NbTK05lx80nuSijCz7sc3a277R67g,"gemes banget tbtb gak bisa dibuka , refresh sendiri ,pernah bayar qris sampe 2 kali ,ngeselin",2,0,1.61.2,2025-11-09 09:29:50+00:00,"Hai Kak Velcya, mohon maaf atas kendalanya. Pastikan kamu sudah menggunakan aplikasi GoPay versi terbaru, ya. Jika masih berkendala, silakan laporkan melalui halaman Bantuan > ketik ""Kendala tampilan dan notifikasi"" di kolom pencarian > pilih artikel dan lengkapi formulirnya. Kami siap membantu. ^Miko",2025-11-09 15:02:03,1.61.2,Dataset/dataset\GOPAY_googleplay_NOVEMBER_reviews.csv,qris
ec47325b-f562-450c-9a3b-636abb65038a,Pengguna Google,https://play-lh.googleusercontent.com/EGemoI2NTXmTsBVtJqk8jxF9rh8ApRWfsIMQSt2uE4OcpQqbFu7f7NbTK05lx80nuSijCz7sc3a277R67g,"saya pakai qris tulisannya berhasil, tapi di aplikasi gojek tidak ada riwayat transaksi, di aplikasi gopay riwayat transaksi berhasil dan gak masuk di qris tersebut",1,4,1.62.0,2025-11-09 07:48:42+00:00,"Hai Kak @PLAGIAT GODER, mohon maaf atas ketidaknyamanannya. Terkait hal tersebut, silakan laporkan melalui email ke customerservice@gopay.co.id dengan melampirkan kode psr-25-313-0720-33061 pada subject email dan ceritakan kembali detail permasalahannya agar tim kami bisa bantu cek lebih lanjut ya. ^Miko",2025-11-09 14:20:56,1.62.0,Dataset/dataset\GOPAY_googleplay_NOVEMBER_reviews.csv,qris
9e72910d-17f5-40ec-8ae4-55b40b828459,Pengguna Google,https://play-lh.googleusercontent.com/EGemoI2NTXmTsBVtJqk8jxF9rh8ApRWfsIMQSt2uE4OcpQqbFu7f7NbTK05lx80nuSijCz7sc3a277R67g,"setiap belanja2 pake qris, bayar tagihan listrik/pdam/pajak dan transfer2 jg cepat prosesx ternyata dapat koin jg bs utk belanja. 👍",5,3,1.62.0,2025-11-09 07:30:00+00:00,,,1.62.0,Dataset/dataset\GOPAY_googleplay_NOVEMBER_reviews.csv,qris
d3df002f-5343-41e5-8570-956dc5f08d3c,Pengguna Google,https://play-lh.googleusercontent.com/EGemoI2NTXmTsBVtJqk8jxF9rh8ApRWfsIMQSt2uE4OcpQqbFu7f7NbTK05lx80nuSijCz7sc3a277R67g,"Mudah bgt pakai apk ini, aku skr mau transfer kemana aja pakai gopay aja, mau bayar apa² juga tinggal Qris pake gopay aja, beli gofood pakai gopay pokok nya ok apk nya gratis biaya admin",5,0,1.62.0,2025-11-08 20:56:09+00:00,,,1.62.0,Dataset/dataset\GOPAY_googleplay_NOVEMBER_reviews.csv,qris
812234ab-2c84-400d-8d5b-f9806748f57f,Pengguna Google,https://play-lh.googleusercontent.com/EGemoI2NTXmTsBVtJqk8jxF9rh8ApRWfsIMQSt2uE4OcpQqbFu7f7NbTK05lx80nuSijCz7sc3a277R67g,"aplikasi apaan ini, Transaksi lewat Qris gak bisa alasan ada perbaikan sistem. woi lah udh 2 bulan nih ga bisa pake metode Qris.",1,0,,2025-11-08 03:29:20+00:00,"Hai Kak Dede, maaf atas ketidaknyamanannya. Pastikan kamu menggunakan aplikasi GoPay versi terbaru dan kode QR yang dipindai berasal dari merchant yang menerima pembayaran melalui kode GoPay. Jika masih berkendala, laporkan melalui email ke customerservice@gopay.co.id dan cantumkan kode psr-25-312-2352-19996 pada subjek email. ^Maura",2025-11-08 06:52:26,,Dataset/dataset\GOPAY_googleplay_NOVEMBER_reviews.csv,qris
0e314300-0a2d-4505-a78d-2b65a341a498,Pengguna Google,https://play-lh.googleusercontent.com/EGemoI2NTXmTsBVtJqk8jxF9rh8ApRWfsIMQSt2uE4OcpQqbFu7f7NbTK05lx80nuSijCz7sc3a277R67g,perbaiki pembayaran qris nya.. susah mengenal qris lain,3,0,1.60.0,2025-11-07 12:01:39+00:00,"Hai Kak Joni, maaf atas ketidaknyamanannya. Pastikan kamu menggunakan aplikasi GoPay versi terbaru dan kode QR yang dipindai berasal dari merchant yang menerima pembayaran melalui kode GoPay. Jika masih berkendala, laporkan melalui email ke customerservice@gopay.co.id dan cantumkan kode psr-25-311-0823-57569 pada subjek email. ^Maura",2025-11-07 15:24:02,1.60.0,Dataset/dataset\GOPAY_googleplay_NOVEMBER_reviews.csv,qris
54e2150b-6d70-4f8d-a7a1-381cdcea6eb2,Pengguna Google,https://play-lh.googleusercontent.com/EGemoI2NTXmTsBVtJqk8jxF9rh8ApRWfsIMQSt2uE4OcpQqbFu7f7NbTK05lx80nuSijCz7sc3a277R67g,pembayaran qris sekali pakai bisa ke scan ganda !!!! saldo saya terpotong 2x sudah bbrpa kali hubungi cs tpi responnya gak sesuai harapan... masalah kedua top up yang gak masuk.. di struk sama mutasi sudah sukses tapi saldo gaada masuk ke akun gopay... Saya sangat kecewa brand sebesar ini tpi masih banyak kendala sma masalahnya.. untuk kedepannya tolong lebih di perbaiki lgi,1,0,,2025-11-07 04:23:03+00:00,"Hai Kak Iqbal, mohon maat atas ketidaknyamanannya. Jika kamu masih mengalami kendala, silakan laporkan melalui email ke customerservice@gopay.co.id dengan melampirkan kode psr-25-303-1307-53900 pada subject email dan cantumkan nomor laporan kamu sebelumnya pada email yang kamu kirimkan. Kami tunggu detail laporan kamu ya. ^Melisa",2025-10-30 20:08:00,,Dataset/dataset\GOPAY_googleplay_NOVEMBER_reviews.csv,qris
a79b8b74-ded7-45bb-9961-05199c1c1bbf,Pengguna Google,https://play-lh.googleusercontent.com/EGemoI2NTXmTsBVtJqk8jxF9rh8ApRWfsIMQSt2uE4OcpQqbFu7f7NbTK05lx80nuSijCz7sc3a277R67g,"Saya selalu melakukan pembayaran pakek Qris goPay karena gak ribet, pa lagi kalo beli pulsa wah harganya murah meriah.",5,3,1.61.2,2025-11-06 20:36:33+00:00,,,1.61.2,Dataset/dataset\GOPAY_googleplay_NOVEMBER_reviews.csv,qris
c005f5ad-9be8-4049-8ad6-314a34d4b4d6,Pengguna Google,https://play-lh.googleusercontent.com/EGemoI2NTXmTsBVtJqk8jxF9rh8ApRWfsIMQSt2uE4OcpQqbFu7f7NbTK05lx80nuSijCz7sc3a277R67g,pembayaran pakai qris agak lama prosesnya,5,0,1.61.2,2025-11-06 18:34:27+00:00,,,1.61.2,Dataset/dataset\GOPAY_googleplay_NOVEMBER_reviews.csv,qris
2db9eb2d-1a67-4982-a5fd-c175cd881906,Pengguna Google,https://play-lh.googleusercontent.com/EGemoI2NTXmTsBVtJqk8jxF9rh8ApRWfsIMQSt2uE4OcpQqbFu7f7NbTK05lx80nuSijCz7sc3a277R67g,"weh admin, kalo lagi bermasalah tolong dipercepat buat perbaikan nya, saya mau beli apa apa jadi susah kalo mau pake qris",2,0,,2025-11-05 20:29:02+00:00,"Hai Kak Satrio, mohon maaf atas ketidaknyamanannya. Pastikan kamu menggunakan aplikasi GoPay versi terbaru dan posisi kode QR yang dipindai sudah sesuai. Jika masih berkendala, laporkan melalui email customerservice@gopay.co.id dan cantumkan kode psr-25-310-0754-22633 pada subject email yang kamu kirimkan ya. ^Melisa",2025-11-06 14:54:30,,Dataset/dataset\GOPAY_googleplay_NOVEMBER_reviews.csv,qris
76ad0cb2-8021-4cac-80c1-a75365ac79d4,Pengguna Google,https://play-lh.googleusercontent.com/EGemoI2NTXmTsBVtJqk8jxF9rh8ApRWfsIMQSt2uE4OcpQqbFu7f7NbTK05lx80nuSijCz7sc3a277R67g,"Gopay gak bisa scan barcode QRIS yang sdh di download di galeri. Setiap kali mau scan , buka foto barcode QRIS yg ada di galeri, Gopay TIDAK merespon...",1,0,1.61.2,2025-11-05 16:37:26+00:00,"Hai Kak Yohanes, maaf atas ketidaknyamanannya. Pastikan kamu menggunakan aplikasi GoPay versi terbaru dan kode QR yang dipindai berasal dari merchant yang menerima pembayaran melalui kode GoPay. Jika masih berkendala, laporkan melalui email ke customerservice@gopay.co.id dan cantumkan kode psr-25-310-0912-38057 pada subjek email. ^Maura",2025-11-06 16:12:44,1.61.2,Dataset/dataset\GOPAY_googleplay_NOVEMBER_reviews.csv,qris
b5c59a57-3299-4b7c-a328-018148aab100,Pengguna Google,https://play-lh.googleusercontent.com/EGemoI2NTXmTsBVtJqk8jxF9rh8ApRWfsIMQSt2uE4OcpQqbFu7f7NbTK05lx80nuSijCz7sc3a277R67g,tolong dbantu min....mau transaksi pke qris pas dh clik byar..malah lodingg terussss... tolong dbntuuu pa lagi da kendala malam ni gopay minnn,2,0,1.61.2,2025-11-05 02:28:30+00:00,"Hai Kak Kenzie, mohon maaf atas ketidaknyamanannya. Terkait hal tersebut, silakan laporkan melalui email ke customerservice@gopay.co.id dengan melampirkan kode psr-25-309-0807-35490 pada subject email dan ceritakan kembali detail permasalahannya agar tim kami bisa bantu cek lebih lanjut ya. ^Melisa",2025-11-05 15:07:45,1.61.2,Dataset/dataset\GOPAY_googleplay_NOVEMBER_reviews.csv,qris
7d09647b-5818-44d5-b46d-82f6380993d6,Pengguna Google,https://play-lh.googleusercontent.com/EGemoI2NTXmTsBVtJqk8jxF9rh8ApRWfsIMQSt2uE4OcpQqbFu7f7NbTK05lx80nuSijCz7sc3a277R67g,saat ini tidak bisa scan qris.,1,0,,2025-11-04 19:43:03+00:00,"Hai Kak Rifky, mohon maaf atas ketidaknyamanannya. Pastikan kamu menggunakan aplikasi GoPay versi terbaru dan posisi kode QR yang dipindai sudah sesuai. Jika masih berkendala, laporkan melalui email customerservice@gopay.co.id dan cantumkan kode psr-25-308-1442-24921 pada subject email yang kamu kirimkan ya. ^Miko",2025-11-04 21:42:47,,Dataset/dataset\GOPAY_googleplay_NOVEMBER_reviews.csv,qris
0d86bb1f-fed2-40cf-80e7-573030923d8e,Pengguna Google,https://play-lh.googleusercontent.com/EGemoI2NTXmTsBVtJqk8jxF9rh8ApRWfsIMQSt2uE4OcpQqbFu7f7NbTK05lx80nuSijCz7sc3a277R67g,sangat sulit mencari fitur yg anda sediakan. contohnya sy mau buat qris gopay sy cari2 ga ada. giliran gak di cari nongol trus nawarin trus. aneh. mohon perbaiki,2,1,1.61.2,2025-11-04 18:16:02+00:00,,,1.61.2,Dataset/dataset\GOPAY_googleplay_NOVEMBER_reviews.csv,qris
e48a1d28-518b-4227-819b-110bc0bcaf67,Pengguna Google,https://play-lh.googleusercontent.com/EGemoI2NTXmTsBVtJqk8jxF9rh8ApRWfsIMQSt2uE4OcpQqbFu7f7NbTK05lx80nuSijCz7sc3a277R67g,untuk payment lewat qris yg dari gallery slalu error ngga masuk. aneh ini wallet ..jauh beda lancarnya SMA Dana Dan Ovo,1,0,1.51.0,2025-11-04 00:50:18+00:00,"Hai Kak Agung, maaf atas ketidaknyamanannya. Pastikan kamu menggunakan aplikasi GoPay versi terbaru dan kode QR yang dipindai berasal dari merchant yang menerima pembayaran melalui kode GoPay. Jika masih berkendala, laporkan melalui email ke customerservice@gopay.co.id dan cantumkan kode psr-25-308-0102-51983 pada subjek email. ^Maura",2025-11-04 08:02:57,1.51.0,Dataset/dataset\GOPAY_googleplay_NOVEMBER_reviews.csv,qris
b33a68a6-c9ec-4047-97c6-eb9b4f0732ef,Pengguna Google,https://play-lh.googleusercontent.com/EGemoI2NTXmTsBVtJqk8jxF9rh8ApRWfsIMQSt2uE4OcpQqbFu7f7NbTK05lx80nuSijCz7sc3a277R67g,gunanya Qris buat apa kalo gak bisa di gunain ngebug mulu,1,0,,2025-11-03 14:04:25+00:00,"Hai Kak Ivluan, mohon maaf atas ketidaknyamanannya. Pastikan kamu menggunakan aplikasi GoPay versi terbaru dan posisi kode QR yang dipindai sudah sesuai. Jika masih berkendala, laporkan melalui email customerservice@gopay.co.id dan cantumkan kode psr-25-307-1158-17481 pada subject email yang kamu kirimkan ya. ^Miko",2025-11-03 18:58:42,,Dataset/dataset\GOPAY_googleplay_NOVEMBER_reviews.csv,qris
f2e177c5-409a-4e15-9348-675fd11f69ff,Pengguna Google,https://play-lh.googleusercontent.com/EGemoI2NTXmTsBVtJqk8jxF9rh8ApRWfsIMQSt2uE4OcpQqbFu7f7NbTK05lx80nuSijCz7sc3a277R67g,selalu suka pake gopay .buat qris bayar buat pesenan .dan buat transaksi token dan pulsa lancar selalu ..,5,3,1.59.0,2025-11-03 12:50:39+00:00,,,1.59.0,Dataset/dataset\GOPAY_googleplay_NOVEMBER_reviews.csv,qris
501ab8ca-4798-4e29-bdac-c6b30c12fce9,Pengguna Google,https://play-lh.googleusercontent.com/EGemoI2NTXmTsBVtJqk8jxF9rh8ApRWfsIMQSt2uE4OcpQqbFu7f7NbTK05lx80nuSijCz7sc3a277R67g,kenapa ya gopay saya gak bisa gunakan qris,1,0,,2025-11-02 14:16:13+00:00,"Hai Kak Edi, mohon maaf atas ketidaknyamanannya. Pastikan kamu menggunakan aplikasi GoPay versi terbaru dan posisi kode QR yang dipindai sudah sesuai. Jika masih berkendala, laporkan melalui email customerservice@gopay.co.id dan cantumkan kode psr-25-306-0753-23782 pada subject email yang kamu kirimkan ya. ^Melisa",2025-11-02 14:53:40,,Dataset/dataset\GOPAY_googleplay_NOVEMBER_reviews.csv,qris
56261a2e-c342-414a-a4a1-5e3afa3b94a7,Pengguna Google,https://play-lh.googleusercontent.com/EGemoI2NTXmTsBVtJqk8jxF9rh8ApRWfsIMQSt2uE4OcpQqbFu7f7NbTK05lx80nuSijCz7sc3a277R67g,"apaan dah, cuman transaksi Qris aja delaynya mau 15 menit an, sudah dikira penipu saya. dah lah ga lagi lagi transaksi Qris menggunakan Gopay. Kecewa saya",1,0,1.61.2,2025-11-01 20:27:49+00:00,"Hai Kak Rama, mohon maaf atas ketidaknyamanan yang dialami. Dapat kami sampaikan bahwa saat ini terdapat pemeliharaan sistem sehingga transaksi Kakak terhambat sementara. Silakan Kakak untuk melakukan pengecekan secara berkala. Terima kasih. ^Maura",2025-11-01 21:01:13,1.61.2,Dataset/dataset\GOPAY_googleplay_NOVEMBER_reviews.csv,qris
9aa08f1b-7f2b-4755-975f-5c6c207f357e,Pengguna Google,https://play-lh.googleusercontent.com/EGemoI2NTXmTsBVtJqk8jxF9rh8ApRWfsIMQSt2uE4OcpQqbFu7f7NbTK05lx80nuSijCz7sc3a277R67g,woyy tolong lah KLO urgent kaya gini jgn pending Mulu qris nya,1,0,1.60.0,2025-11-01 19:48:07+00:00,"Hai Kak Nesia, mohon maaf atas ketidaknyamanan yang dialami. Dapat kami sampaikan bahwa saat ini terdapat pemeliharaan sistem sehingga transaksi Kakak terhambat sementara. Silakan Kakak untuk melakukan pengecekan secara berkala. Terima kasih. ^Maura",2025-11-01 20:39:33,1.60.0,Dataset/dataset\GOPAY_googleplay_NOVEMBER_reviews.csv,qris
3baf2a26-9655-46e7-8f95-b609f2c1c7fa,Pengguna Google,https://play-lh.googleusercontent.com/EGemoI2NTXmTsBVtJqk8jxF9rh8ApRWfsIMQSt2uE4OcpQqbFu7f7NbTK05lx80nuSijCz7sc3a277R67g,"Gopay aku bayar pake qris, pembayaran lamaaa bngt, ga bisa dibatalin karena pilihan nya cuma info atau beranda. pas aku coba kedua kali sama ternyata. akhirnya kepotong dua² nya saldoku 😠",2,0,,2025-11-01 19:46:37+00:00,,,,Dataset/dataset\GOPAY_googleplay_NOVEMBER_reviews.csv,qris
303889e5-c333-44e8-a10d-29bfe0446185,Pengguna Google,https://play-lh.googleusercontent.com/EGemoI2NTXmTsBVtJqk8jxF9rh8ApRWfsIMQSt2uE4OcpQqbFu7f7NbTK05lx80nuSijCz7sc3a277R67g,Uang saya yang hilang gara2 bayar pke qris gagal di Lazada Kapan mau dikembalikan,1,0,1.61.2,2025-11-01 19:44:46+00:00,"Hai Kak @F474R E.P, mohon maaf atas ketidaknyamanannya. Terkait keluhan tersebut, silakan laporkan melalui email ke customerservice@gopay.co.id dengan melampirkan kode psr-25-305-1320-44944 pada subject email. Kami tunggu detail laporan kamu ya. ^Maura",2025-11-01 20:20:50,1.61.2,Dataset/dataset\GOPAY_googleplay_NOVEMBER_reviews.csv,qris
8dd2a51b-3331-4aec-a775-4f384aa7a9e7,Pengguna Google,https://play-lh.googleusercontent.com/EGemoI2NTXmTsBVtJqk8jxF9rh8ApRWfsIMQSt2uE4OcpQqbFu7f7NbTK05lx80nuSijCz7sc3a277R67g,"kesel banget, pesen grab bayar qris pas mau bayar katanya sinyal jelek, trs nge crash gopay nya. pas di coba lagi saldo udah kekuras tapi belum kebayar, statusnya masih ""diproses"" tolong lah bug kaya begini di benerin.",2,6,1.61.2,2025-11-01 19:44:33+00:00,"Hai Kak Samuel, mohon maaf atas ketidaknyamanannya. Terkait keluhan tersebut, silakan laporkan melalui email ke customerservice@gopay.co.id dengan melampirkan kode psr-25-305-1314-58638 pada subject email. Kami tunggu detail laporan kamu ya. ^Maura",2025-11-01 20:15:07,1.61.2,Dataset/dataset\GOPAY_googleplay_NOVEMBER_reviews.csv,qris
46397612-8c23-4d9b-9098-f697e18d29a2,Pengguna Google,https://play-lh.googleusercontent.com/EGemoI2NTXmTsBVtJqk8jxF9rh8ApRWfsIMQSt2uE4OcpQqbFu7f7NbTK05lx80nuSijCz7sc3a277R67g,"bagus banget udah gampang pakai gopay dari top up, transfer, bayar pakai Qris pokonya mudah.",5,0,1.48.0,2025-11-01 18:15:01+00:00,,,1.48.0,Dataset/dataset\GOPAY_googleplay_NOVEMBER_reviews.csv,qris
7a78e5b8-2a5c-47e9-be60-dafcb5b02090,Pengguna Google,https://play-lh.googleusercontent.com/EGemoI2NTXmTsBVtJqk8jxF9rh8ApRWfsIMQSt2uE4OcpQqbFu7f7NbTK05lx80nuSijCz7sc3a277R67g,"dari tadi ga bisa transaksi Qris,masalah teknis ga bisa diberesin apaan",1,0,1.61.2,2025-11-01 16:37:58+00:00,"Hai Kak Indra, maaf atas ketidaknyamanannya. Pastikan kamu menggunakan aplikasi GoPay versi terbaru dan kode QR yang dipindai berasal dari merchant yang menerima pembayaran melalui kode GoPay. Jika masih berkendala, laporkan melalui email ke customerservice@gopay.co.id dan cantumkan kode psr-25-305-1022-36673 pada subjek email. ^Maura",2025-11-01 17:22:43,1.61.2,Dataset/dataset\GOPAY_googleplay_NOVEMBER_reviews.csv,qris
17f977b1-7062-4f0b-989c-b24dfac60d95,Pengguna Google,https://play-lh.googleusercontent.com/EGemoI2NTXmTsBVtJqk8jxF9rh8ApRWfsIMQSt2uE4OcpQqbFu7f7NbTK05lx80nuSijCz7sc3a277R67g,makin lama makin parah aja ni aplikasi nya. kalo mau ambil reward selalu stuck. mau bayar pake Qris dari galery selalu ga bisa. mau transfer ke bank selalu ngelag. ancur udah ni aplikasi.,1,3,1.61.2,2025-11-01 15:28:21+00:00,"Hai, Kak @KING BARSET, mohon maaf atas kendalanya. Agar bisa bertransaksi dengan GoPay, pastikan saldo GoPay kamu cukup dan sudah memasukkan PIN GoPay yang benar. Jika masih berkendala, laporkan dengan login ke aplikasi Gojek > ke Halaman Bantuan > cari artikel ""Saya tidak dapat menggunakan GoPay"" di kolom bantuan > isi form di artikel. ^Maura",2025-11-01 16:14:20,1.61.2,Dataset/dataset\GOPAY_googleplay_NOVEMBER_reviews.csv,qris
1632609c-e0a6-4ece-a2d0-405b7f89a492,Pengguna Google,https://play-lh.googleusercontent.com/EGemoI2NTXmTsBVtJqk8jxF9rh8ApRWfsIMQSt2uE4OcpQqbFu7f7NbTK05lx80nuSijCz7sc3a277R67g,"di update terbaru pada perangkat REDMI 13 malah makin parah. malah gak bisa bayar pakai QRIS, Aplikasi sampah ini mah,,,",1,1,1.61.2,2025-11-01 08:29:51+00:00,"Hai Kak Elni, mohon maaf atas ketidaknyamanannya. Pastikan kamu menggunakan aplikasi GoPay versi terbaru dan posisi kode QR yang dipindai sudah sesuai. Jika masih berkendala, laporkan melalui email customerservice@gopay.co.id dan cantumkan kode psr-25-305-0433-05647 pada subject email yang kamu kirimkan ya. ^Miko",2025-11-01 11:33:29,1.61.2,Dataset/dataset\GOPAY_googleplay_NOVEMBER_reviews.csv,qris
7259c4c7-535a-4888-a07f-05d93a8fe87c,Pengguna Google,https://play-lh.googleusercontent.com/EGemoI2NTXmTsBVtJqk8jxF9rh8ApRWfsIMQSt2uE4OcpQqbFu7f7NbTK05lx80nuSijCz7sc3a277R67g,aplikasinya jelek dulu pernah aku 2 kali qris gara2 struknya gk ada sekarang kejadian lagi saya top up tapi saldonya gak masuk2 dan disuruh nunggu 2 hari dan gk masuk lagi dan disuruh nunggu lagi 2 hari tapi tetap gk masuk dan disuruh lagi melapor mau sampai mati disuruh melapor mulu gk jelas,1,0,1.60.0,2025-10-31 17:47:24+00:00,"Hai Kak Mutiara, mohon maaf atas ketidaknyamanannya. Jika kamu masih mengalami kendala, silakan laporkan melalui email ke customerservice@gopay.co.id dengan melampirkan kode psr-25-304-1111-39186 pada subject email dan cantumkan nomor laporan kamu sebelumnya pada email yang kamu kirimkan. Kami tunggu detail laporan kamu ya. ^Maura",2025-10-31 18:11:51,1.60.0,Dataset/dataset\GOPAY_googleplay_OCTOBER_reviews.csv,qris
0c865bb1-e53e-4ee0-8688-275095aff991,Pengguna Google,https://play-lh.googleusercontent.com/EGemoI2NTXmTsBVtJqk8jxF9rh8ApRWfsIMQSt2uE4OcpQqbFu7f7NbTK05lx80nuSijCz7sc3a277R67g,30/10/2025 udah dua hari ini gopay tidak bisa di akses kenapa?? TF sama QRIS nya error muter muter mulu uang di dalam aplikasi di bisa di apa apa in pliiiiiiss fix bug,4,1,1.58.0,2025-10-31 12:43:39+00:00,,,1.58.0,Dataset/dataset\GOPAY_googleplay_OCTOBER_reviews.csv,qris
45aa94df-e628-488a-a7fa-57c106d8dabd,Pengguna Google,https://play-lh.googleusercontent.com/EGemoI2NTXmTsBVtJqk8jxF9rh8ApRWfsIMQSt2uE4OcpQqbFu7f7NbTK05lx80nuSijCz7sc3a277R67g,"gj setiap scan qris gabisa, malah tulisan ""aktifitas tidak wajar""",1,1,1.60.0,2025-10-31 06:20:59+00:00,"Hai Kak Haifa, mohon maaf atas ketidaknyamanannya. Pastikan kamu menggunakan aplikasi GoPay versi terbaru dan posisi kode QR yang dipindai sudah sesuai. Jika masih berkendala, laporkan melalui email customerservice@gopay.co.id dan cantumkan kode psr-25-304-0230-17060 pada subject email yang kamu kirimkan ya. ^Miko",2025-10-31 09:30:29,1.60.0,Dataset/dataset\GOPAY_googleplay_OCTOBER_reviews.csv,qris
96ea7ef0-cea0-4783-9029-4429faf287aa,Pengguna Google,https://play-lh.googleusercontent.com/EGemoI2NTXmTsBVtJqk8jxF9rh8ApRWfsIMQSt2uE4OcpQqbFu7f7NbTK05lx80nuSijCz7sc3a277R67g,"bagusss, tapi kenapa kalo bayar lewat qris harus prem dulu....",5,0,,2025-10-30 16:43:26+00:00,,,,Dataset/dataset\GOPAY_googleplay_OCTOBER_reviews.csv,qris
325c243d-71a8-4ea9-bbe6-84e3efb72b3c,Pengguna Google,https://play-lh.googleusercontent.com/EGemoI2NTXmTsBVtJqk8jxF9rh8ApRWfsIMQSt2uE4OcpQqbFu7f7NbTK05lx80nuSijCz7sc3a277R67g,"ketika saya mau beli token listrik/ bayar pakai qris, tidak bisa lanjut ke menu konfirmasi, posisi lagi urgent karena token udh bunyi malah gak bisa beli, ku kira di token doang yang kena ternyata qris juga, tolong diperbaiki min",1,0,1.40.1,2025-10-30 15:56:55+00:00,"Hai Kak Hilal, mohon maaf atas ketidaknyamanannya. Pastikan kamu menggunakan aplikasi GoPay versi terbaru dan posisi kode QR yang dipindai sudah sesuai. Jika masih berkendala, laporkan melalui email customerservice@gopay.co.id dan cantumkan kode psr-25-303-1314-47800 pada subject email yang kamu kirimkan ya. ^Melisa",2025-10-30 20:14:56,1.40.1,Dataset/dataset\GOPAY_googleplay_OCTOBER_reviews.csv,qris
dad53170-a018-467b-a44f-5fc0d5c29571,Pengguna Google,https://play-lh.googleusercontent.com/EGemoI2NTXmTsBVtJqk8jxF9rh8ApRWfsIMQSt2uE4OcpQqbFu7f7NbTK05lx80nuSijCz7sc3a277R67g,kenapa ga bisa qris,4,0,1.61.2,2025-10-30 13:21:23+00:00,,,1.61.2,Dataset/dataset\GOPAY_googleplay_OCTOBER_reviews.csv,qris
da311d36-484c-4ecd-aa89-cd40740a02e6,Pengguna Google,https://play-lh.googleusercontent.com/EGemoI2NTXmTsBVtJqk8jxF9rh8ApRWfsIMQSt2uE4OcpQqbFu7f7NbTK05lx80nuSijCz7sc3a277R67g,mantap untuk qris,5,0,1.61.2,2025-10-30 01:04:50+00:00,,,1.61.2,Dataset/dataset\GOPAY_googleplay_OCTOBER_reviews.csv,qris
d626afe0-f690-4f7a-bad9-165f979c62d7,Pengguna Google,https://play-lh.googleusercontent.com/EGemoI2NTXmTsBVtJqk8jxF9rh8ApRWfsIMQSt2uE4OcpQqbFu7f7NbTK05lx80nuSijCz7sc3a277R67g,saya senang bayar gak ribet pake Gopay Qris,5,0,1.60.0,2025-10-29 21:09:25+00:00,,,1.60.0,Dataset/dataset\GOPAY_googleplay_OCTOBER_reviews.csv,qris
839eb9cf-6b1d-4b2d-9823-0d7f4c033054,Pengguna Google,https://play-lh.googleusercontent.com/EGemoI2NTXmTsBVtJqk8jxF9rh8ApRWfsIMQSt2uE4OcpQqbFu7f7NbTK05lx80nuSijCz7sc3a277R67g,sangat bagus mengirim uang sangat cepat dan kalo pakek. dan kalo pake kode qris di gopey merchant limit 10 juta lagi boleh kirim uang dari aplikasi touch and goe ewallet malaisiya lagi dengan cepat masuk,5,28,1.61.2,2025-10-29 15:55:04+00:00,,,1.61.2,Dataset/dataset\GOPAY_googleplay_OCTOBER_reviews.csv,qris
d074dadc-f04b-4c3d-9305-7e895462958c,Pengguna Google,https://play-lh.googleusercontent.com/EGemoI2NTXmTsBVtJqk8jxF9rh8ApRWfsIMQSt2uE4OcpQqbFu7f7NbTK05lx80nuSijCz7sc3a277R67g,pembayaran QRIS dengan GoPay Later belum bisa dilakukan,3,1,1.60.0,2025-10-29 14:05:46+00:00,"Hai Kak Yoga, mohon maaf atas kendala yang kamu alami terkait GoPay Pinjam. Agar masalahnya dapat segera kami bantu, silakan ceritakan lebih lanjut kepada kami melalui email ke support@findaya.com dan cantumkan kode psr-25-302-0953-40299 di subjek email, ya. ^Melisa",2025-10-29 16:50:37,1.60.0,Dataset/dataset\GOPAY_googleplay_OCTOBER_reviews.csv,qris
bd43360a-6755-431a-a7b9-9d30513bf072,Pengguna Google,https://play-lh.googleusercontent.com/EGemoI2NTXmTsBVtJqk8jxF9rh8ApRWfsIMQSt2uE4OcpQqbFu7f7NbTK05lx80nuSijCz7sc3a277R67g,aplikasi dongo bayar qris gak bsa2 SDH di ulang ulang 10 kali masih gk bisa gak kaya yg laen cepat,1,1,,2025-10-29 13:25:59+00:00,"Hai Kak Sukinem, maaf atas ketidaknyamanannya. Pastikan kamu menggunakan aplikasi GoPay versi terbaru dan kode QR yang dipindai berasal dari merchant yang menerima pembayaran melalui kode GoPay. Jika masih berkendala, laporkan melalui email ke customerservice@gopay.co.id dan cantumkan kode psr-25-302-0639-22511 pada subjek email. ^Maura",2025-10-29 13:39:27,,Dataset/dataset\GOPAY_googleplay_OCTOBER_reviews.csv,qris
55781991-3f1b-44a5-b001-da55d6b3fb6c,Pengguna Google,https://play-lh.googleusercontent.com/EGemoI2NTXmTsBVtJqk8jxF9rh8ApRWfsIMQSt2uE4OcpQqbFu7f7NbTK05lx80nuSijCz7sc3a277R67g,membantu dalam bertransaksi dengan QRIS,5,0,1.60.0,2025-10-29 09:18:21+00:00,,,1.60.0,Dataset/dataset\GOPAY_googleplay_OCTOBER_reviews.csv,qris
22abbe5b-42b7-41fb-bf30-b3911ed42b5e,Pengguna Google,https://play-lh.googleusercontent.com/EGemoI2NTXmTsBVtJqk8jxF9rh8ApRWfsIMQSt2uE4OcpQqbFu7f7NbTK05lx80nuSijCz7sc3a277R67g,tiap melakukan pembayaran lewat qris selalu gagal ada gangguan teknis udah 1 bulan ini gitu aja terus,1,2,1.61.2,2025-10-29 08:44:31+00:00,"Hai Kak Aldy, maaf atas ketidaknyamanannya. Pastikan kamu menggunakan aplikasi GoPay versi terbaru dan kode QR yang dipindai berasal dari merchant yang menerima pembayaran melalui kode GoPay. Jika masih berkendala, laporkan melalui email ke customerservice@gopay.co.id dan cantumkan kode psr-25-302-0207-42247 pada subjek email. ^Maura",2025-10-29 09:07:47,1.61.2,Dataset/dataset\GOPAY_googleplay_OCTOBER_reviews.csv,qris
42eddb0a-2d62-4dd5-851b-9d0a71ac198e,Pengguna Google,https://play-lh.googleusercontent.com/EGemoI2NTXmTsBVtJqk8jxF9rh8ApRWfsIMQSt2uE4OcpQqbFu7f7NbTK05lx80nuSijCz7sc3a277R67g,gopay lagi ganguan kah kok bayar via qris gagal trus ya padahal jaringan normal,1,0,1.61.2,2025-10-28 22:27:51+00:00,"Hai Kak Cindy, mohon maaf atas ketidaknyamanannya. Pastikan kamu menggunakan aplikasi GoPay versi terbaru dan posisi kode QR yang dipindai sudah sesuai. Jika masih berkendala, laporkan melalui email customerservice@gopay.co.id dan cantumkan kode psr-25-301-1636-46918 pada subject email yang kamu kirimkan ya. ^Melisa",2025-10-28 23:36:53,1.61.2,Dataset/dataset\GOPAY_googleplay_OCTOBER_reviews.csv,qris
509154b3-49b2-41c9-bfc0-ece2f5eab7cd,Pengguna Google,https://play-lh.googleusercontent.com/EGemoI2NTXmTsBVtJqk8jxF9rh8ApRWfsIMQSt2uE4OcpQqbFu7f7NbTK05lx80nuSijCz7sc3a277R67g,"sangat ribet buat komplain transaksi yg gak masuk,saya transaksi qris di merchant,saldo sudah kepotong tapi di merchant tidak masuk,komplain ke cs langsung,disuruh ke aplikasi gopay, sedangkan cs di aplikasi gopay robot,gak jelas sumpah cs gopay ini",1,3,1.60.0,2025-10-28 21:01:32+00:00,"Hai Kak Supri, mohon maaf atas ketidaknyamanannya. Terkait hal tersebut, silakan laporkan melalui email ke customerservice@gopay.co.id dengan melampirkan kode psr-25-301-1452-24407 pada subject email dan ceritakan kembali detail permasalahannya agar tim kami bisa bantu cek lebih lanjut ya. ^Melisa",2025-10-28 21:52:32,1.60.0,Dataset/dataset\GOPAY_googleplay_OCTOBER_reviews.csv,qris
5c52bf76-6333-4c45-9100-eb599af1ef25,Pengguna Google,https://play-lh.googleusercontent.com/EGemoI2NTXmTsBVtJqk8jxF9rh8ApRWfsIMQSt2uE4OcpQqbFu7f7NbTK05lx80nuSijCz7sc3a277R67g,"Pembayaran pakai Qris Gopay sering nyangkut. Dana gopay sudah terpotong, di merchant belum masuk. Jadi ribet.",1,0,1.60.0,2025-10-28 12:54:28+00:00,"Hai Kak Prasetyo, mohon maaf atas ketidaknyamanannya. Terkait keluhan tersebut, silakan laporkan melalui email ke customerservice@gopay.co.id dengan melampirkan kode psr-25-301-0620-43752 pada subject email. Kami tunggu detail laporan kamu ya. ^Maura",2025-10-28 13:20:50,1.60.0,Dataset/dataset\GOPAY_googleplay_OCTOBER_reviews.csv,qris
cb043fda-c340-4430-9d89-42060c6fd001,Pengguna Google,https://play-lh.googleusercontent.com/EGemoI2NTXmTsBVtJqk8jxF9rh8ApRWfsIMQSt2uE4OcpQqbFu7f7NbTK05lx80nuSijCz7sc3a277R67g,ini kenapa di hp saya ga bisa buat scan qris dan mau masuk gopay aja lama,1,0,,2025-10-27 21:36:45+00:00,"Hai Kak Lukas, mohon maaf atas ketidaknyamanannya. Pastikan kamu menggunakan aplikasi GoPay versi terbaru dan posisi kode QR yang dipindai sudah sesuai. Jika masih berkendala, laporkan melalui email customerservice@gopay.co.id dan cantumkan kode psr-25-300-1618-03810 pada subject email yang kamu kirimkan ya. ^Melisa",2025-10-27 23:18:11,,Dataset/dataset\GOPAY_googleplay_OCTOBER_reviews.csv,qris
c6693322-ccf9-4c83-9de6-1f1a2fa55a94,Pengguna Google,https://play-lh.googleusercontent.com/EGemoI2NTXmTsBVtJqk8jxF9rh8ApRWfsIMQSt2uE4OcpQqbFu7f7NbTK05lx80nuSijCz7sc3a277R67g,"hallo min kenapa gopay tidak bisa pakai qris? ada kendala apa ya, dari tadi sore sampai sekarang belum bisa pake qris",2,0,1.60.0,2025-10-26 21:03:48+00:00,"Hai Kak Apri, mohon maaf atas ketidaknyamanannya. Pastikan kamu menggunakan aplikasi GoPay versi terbaru dan posisi kode QR yang dipindai sudah sesuai. Jika masih berkendala, laporkan melalui email customerservice@gopay.co.id dan cantumkan kode psr-25-299-1416-26685 pada subject email yang kamu kirimkan ya. ^Melisa",2025-10-26 21:16:33,1.60.0,Dataset/dataset\GOPAY_googleplay_OCTOBER_reviews.csv,qris
c902ddcf-c095-4d28-9e9c-0395e679cdc3,Pengguna Google,https://play-lh.googleusercontent.com/EGemoI2NTXmTsBVtJqk8jxF9rh8ApRWfsIMQSt2uE4OcpQqbFu7f7NbTK05lx80nuSijCz7sc3a277R67g,mestinya saldo GO-PAY bisa dijadikan transaksi debit by QRIS,4,0,1.60.0,2025-10-26 18:57:46+00:00,,,1.60.0,Dataset/dataset\GOPAY_googleplay_OCTOBER_reviews.csv,qris
f16b5775-d1b5-4fbc-9d18-4827388cbcfa,Pengguna Google,https://play-lh.googleusercontent.com/EGemoI2NTXmTsBVtJqk8jxF9rh8ApRWfsIMQSt2uE4OcpQqbFu7f7NbTK05lx80nuSijCz7sc3a277R67g,aplikasinya buat tap QRIS keluar² sendiri aneh,1,0,,2025-10-25 23:45:09+00:00,"Hai Kak Yunita, mohon maaf atas ketidaknyamanannya. Pastikan kamu menggunakan aplikasi GoPay versi terbaru dan posisi kode QR yang dipindai sudah sesuai. Jika masih berkendala, laporkan melalui email customerservice@gopay.co.id dan cantumkan kode psr-25-299-0046-31848 pada subject email yang kamu kirimkan ya. ^Miko",2025-10-26 07:46:45,,Dataset/dataset\GOPAY_googleplay_OCTOBER_reviews.csv,qris
39fabee9-965b-4dfb-a119-4e9bf401facf,Pengguna Google,https://play-lh.googleusercontent.com/EGemoI2NTXmTsBVtJqk8jxF9rh8ApRWfsIMQSt2uE4OcpQqbFu7f7NbTK05lx80nuSijCz7sc3a277R67g,aplikasi membantu..tidak repot2 bawa uang..semua bisa d qris..,5,0,1.60.0,2025-10-23 06:11:22+00:00,,,1.60.0,Dataset/dataset\GOPAY_googleplay_OCTOBER_reviews.csv,qris
a82be266-ec8e-4035-97b7-44e049117a0a,Pengguna Google,https://play-lh.googleusercontent.com/EGemoI2NTXmTsBVtJqk8jxF9rh8ApRWfsIMQSt2uE4OcpQqbFu7f7NbTK05lx80nuSijCz7sc3a277R67g,mau bayar pakai qris gak bisa tolol,1,0,1.60.0,2025-10-22 23:18:34+00:00,"Hai Kak Sune, maaf atas ketidaknyamanannya. Pastikan kamu menggunakan aplikasi GoPay versi terbaru dan kode QR yang dipindai berasal dari merchant yang menerima pembayaran melalui kode GoPay. Jika masih berkendala, laporkan melalui email ke customerservice@gopay.co.id dan cantumkan kode psr-25-296-0120-00780 pada subjek email. ^Maura",2025-10-23 08:20:05,1.60.0,Dataset/dataset\GOPAY_googleplay_OCTOBER_reviews.csv,qris
506b1d3a-2ab6-4b01-af29-2c332f7f1171,Pengguna Google,https://play-lh.googleusercontent.com/EGemoI2NTXmTsBVtJqk8jxF9rh8ApRWfsIMQSt2uE4OcpQqbFu7f7NbTK05lx80nuSijCz7sc3a277R67g,aplikasi nya bagus banget ada qris nya,5,0,1.61.1,2025-10-22 21:23:42+00:00,,,1.61.1,Dataset/dataset\GOPAY_googleplay_OCTOBER_reviews.csv,qris
32f20f8c-2fec-42cf-acc7-d04e3e318781,Pengguna Google,https://play-lh.googleusercontent.com/EGemoI2NTXmTsBVtJqk8jxF9rh8ApRWfsIMQSt2uE4OcpQqbFu7f7NbTK05lx80nuSijCz7sc3a277R67g,kenapa qris saya nggak bisa di scan buat bayar barang,3,0,1.60.0,2025-10-21 23:11:51+00:00,"Hai Kak Wahyuddin, mohon maaf atas ketidaknyamanannya. Terkait keluhan tersebut, silakan laporkan melalui email ke customerservice@gopay.co.id dengan melampirkan kode psr-25-294-1637-50319 pada subject email. Kami tunggu detail laporan kamu ya. ^Maura",2025-10-21 23:37:55,1.60.0,Dataset/dataset\GOPAY_googleplay_OCTOBER_reviews.csv,qris
a7b2a064-d7a0-4564-8385-01d01c85f725,Pengguna Google,https://play-lh.googleusercontent.com/EGemoI2NTXmTsBVtJqk8jxF9rh8ApRWfsIMQSt2uE4OcpQqbFu7f7NbTK05lx80nuSijCz7sc3a277R67g,fitur hadiah di perbaiki soalnya tulisan anda gak bisa claim hadiah di karenakan limit di suruh nungguin sampai kapan gw scan qris di event mpl gopay game gagal terus......,5,2,1.60.0,2025-10-21 03:44:05+00:00,,,1.60.0,Dataset/dataset\GOPAY_googleplay_OCTOBER_reviews.csv,qris
a42790fd-e09f-4387-af35-08ebd57c6fac,Pengguna Google,https://play-lh.googleusercontent.com/EGemoI2NTXmTsBVtJqk8jxF9rh8ApRWfsIMQSt2uE4OcpQqbFu7f7NbTK05lx80nuSijCz7sc3a277R67g,ga bisa bayar pake qris selalu aktivitas gak wajar gjls,3,0,1.60.0,2025-10-20 21:25:02+00:00,"Hai Kak Rafi, maaf atas ketidaknyamanannya. Pastikan kamu menggunakan aplikasi GoPay versi terbaru dan kode QR yang dipindai berasal dari merchant yang menerima pembayaran melalui kode GoPay. Jika masih berkendala, laporkan melalui email ke customerservice@gopay.co.id dan cantumkan kode psr-25-293-1503-49257 pada subjek email. ^Maura",2025-10-20 22:03:55,1.60.0,Dataset/dataset\GOPAY_googleplay_OCTOBER_reviews.csv,qris
78bb9036-68e1-4422-bb03-fe73c061389d,Pengguna Google,https://play-lh.googleusercontent.com/EGemoI2NTXmTsBVtJqk8jxF9rh8ApRWfsIMQSt2uE4OcpQqbFu7f7NbTK05lx80nuSijCz7sc3a277R67g,"buka kamera scan QRIS lama bangeeet. jangan suruh gue ke pusat bantuan dalam apps. disitu isinya orang non teknis. bersyukur gue kasih tau lewat sini, gue tau yang megang akun developer pasti orang teknis juga dan paham maksudnya. tolong perbaiki device samsung A52s android 14",1,0,1.60.0,2025-10-20 18:16:24+00:00,"Hai Kak Maulana, mohon maaf atas ketidaknyamanannya. Pastikan kamu menggunakan aplikasi GoPay versi terbaru dan posisi kode QR yang dipindai sudah sesuai. Jika masih berkendala, laporkan melalui email customerservice@gopay.co.id dan cantumkan kode psr-25-293-1205-17567 pada subject email yang kamu kirimkan ya. ^Miko",2025-10-20 19:05:31,1.60.0,Dataset/dataset\GOPAY_googleplay_OCTOBER_reviews.csv,qris
9fb63147-f7d0-4e32-bea8-0dc731d11283,Pengguna Google,https://play-lh.googleusercontent.com/EGemoI2NTXmTsBVtJqk8jxF9rh8ApRWfsIMQSt2uE4OcpQqbFu7f7NbTK05lx80nuSijCz7sc3a277R67g,Bagus dompet digital tinggal pakai QRIS gk perlu ambil uang,5,0,1.60.0,2025-10-20 17:43:57+00:00,,,1.60.0,Dataset/dataset\GOPAY_googleplay_OCTOBER_reviews.csv,qris
56ba7a1d-a50a-4127-ae15-12947caae524,Pengguna Google,https://play-lh.googleusercontent.com/EGemoI2NTXmTsBVtJqk8jxF9rh8ApRWfsIMQSt2uE4OcpQqbFu7f7NbTK05lx80nuSijCz7sc3a277R67g,bagus sih tp kenapa kede qris ngak di baca,5,0,1.60.0,2025-10-19 23:23:44+00:00,,,1.60.0,Dataset/dataset\GOPAY_googleplay_OCTOBER_reviews.csv,qris
c83dadea-13ee-4328-86fa-b2e1e970a6bc,Pengguna Google,https://play-lh.googleusercontent.com/EGemoI2NTXmTsBVtJqk8jxF9rh8ApRWfsIMQSt2uE4OcpQqbFu7f7NbTK05lx80nuSijCz7sc3a277R67g,"plss hari ini gwe apes banget, gopay tolong perbaiki lagi sistem TFnya yaa aku barusan tadi TF duit lewat qris tapi duitnya ga masukkk plss perbaiki lagi trus tadi aku juga mau TF lagi tetiba ada tulisan gopay anda sedang eror sedang di perbaiki, deymnnn maksudnya apa yah gopayy lu baru bilang kalau gopaynya/transaksinya lagi eror sedangkan gwe dah terlanjur transfer anjerrr owsitt plss perbaiki lagi klau bisa jngn ada batas limit transfer perhari dah",1,0,1.60.0,2025-10-19 23:00:03+00:00,"Hai Kak Faiz, mohon maaf atas ketidaknyamanannya. Terkait keluhan tersebut, silakan laporkan melalui email ke customerservice@gopay.co.id dengan melampirkan kode psr-25-292-1609-31742 pada subject email. Kami tunggu detail laporan kamu ya. ^Maura",2025-10-19 23:09:38,1.60.0,Dataset/dataset\GOPAY_googleplay_OCTOBER_reviews.csv,qris
ea7ac4ef-b93e-47b1-83a1-c3092ec45b6c,Pengguna Google,https://play-lh.googleusercontent.com/EGemoI2NTXmTsBVtJqk8jxF9rh8ApRWfsIMQSt2uE4OcpQqbFu7f7NbTK05lx80nuSijCz7sc3a277R67g,apkx berat bngt..pke qris gk bsa,1,1,,2025-10-19 20:57:44+00:00,"Hai Kak Yudi, maaf atas ketidaknyamanannya. Pastikan kamu menggunakan aplikasi GoPay versi terbaru dan kode QR yang dipindai berasal dari merchant yang menerima pembayaran melalui kode GoPay. Jika masih berkendala, laporkan melalui email ke customerservice@gopay.co.id dan cantumkan kode psr-25-292-1454-17990 pada subjek email. ^Maura",2025-10-19 21:54:23,,Dataset/dataset\GOPAY_googleplay_OCTOBER_reviews.csv,qris
8d5178bd-4155-44a0-ac04-0a0c74034763,Pengguna Google,https://play-lh.googleusercontent.com/EGemoI2NTXmTsBVtJqk8jxF9rh8ApRWfsIMQSt2uE4OcpQqbFu7f7NbTK05lx80nuSijCz7sc3a277R67g,sangat memuaskan dengan adanya fitur qris,5,0,,2025-10-19 11:34:58+00:00,,,,Dataset/dataset\GOPAY_googleplay_OCTOBER_reviews.csv,qris
328f7ace-c3d1-4bec-98fc-63a842606a00,Pengguna Google,https://play-lh.googleusercontent.com/EGemoI2NTXmTsBVtJqk8jxF9rh8ApRWfsIMQSt2uE4OcpQqbFu7f7NbTK05lx80nuSijCz7sc3a277R67g,"habis di updet malah gak bisa pake pembayaran Qris hadeh, dari kmaren tiap mau pake selalu ganguan",1,1,1.60.0,2025-10-14 16:29:15+00:00,"Hai Kak @Game Skuy, maaf atas ketidaknyamanannya. Pastikan kamu menggunakan aplikasi GoPay versi terbaru dan kode QR yang dipindai berasal dari merchant yang menerima pembayaran melalui kode GoPay. Jika masih berkendala, laporkan melalui email ke customerservice@gopay.co.id dan cantumkan kode psr-25-287-1005-06191 pada subjek email. ^Maura",2025-10-14 17:05:12,1.60.0,Dataset/dataset\GOPAY_googleplay_OCTOBER_reviews.csv,qris
cc02e5f3-1111-4d08-a5aa-12d534650f58,Pengguna Google,https://play-lh.googleusercontent.com/EGemoI2NTXmTsBVtJqk8jxF9rh8ApRWfsIMQSt2uE4OcpQqbFu7f7NbTK05lx80nuSijCz7sc3a277R67g,"jelek aplikasi gopay ini sementara dikasih bintang 2 dulu, mau tf ke e wallet yg lain susah masuk, terutama di Qris sama susah masuk juga",2,0,1.60.0,2025-10-14 12:57:23+00:00,"Hai Kak, pastikan nomor tujuan benar dan sudah cek halaman Riwayat. Jika setelah 2x24 jam di hari kerja (diluar Sabtu, Minggu, atau Libur) saldo belum bertambah, silakan lapor ke menu Bantuan > ketik 'Transfer saldo ke bank atau e-wallet belum diterima' dan cantumkan kode psr-25-287-0737-59186 pada bagian 'Ceritakan lebih lanjut'. ^Miko",2025-10-14 14:38:09,1.60.0,Dataset/dataset\GOPAY_googleplay_OCTOBER_reviews.csv,qris
1edfce37-e7ef-4622-a04c-fadef34dcbbe,Pengguna Google,https://play-lh.googleusercontent.com/EGemoI2NTXmTsBVtJqk8jxF9rh8ApRWfsIMQSt2uE4OcpQqbFu7f7NbTK05lx80nuSijCz7sc3a277R67g,dari tadi mau qris ngga bisa2...kembali terus,1,0,1.60.0,2025-10-14 12:50:52+00:00,"Hai Kak Dewi, mohon maaf atas ketidaknyamanannya. Pastikan kamu menggunakan aplikasi GoPay versi terbaru dan posisi kode QR yang dipindai sudah sesuai. Jika masih berkendala, laporkan melalui email customerservice@gopay.co.id dan cantumkan kode psr-25-287-0734-54271 pada subject email yang kamu kirimkan ya. ^Miko",2025-10-14 14:35:09,1.60.0,Dataset/dataset\GOPAY_googleplay_OCTOBER_reviews.csv,qris
04fbb154-470f-4b12-b267-c5d43e254661,Pengguna Google,https://play-lh.googleusercontent.com/EGemoI2NTXmTsBVtJqk8jxF9rh8ApRWfsIMQSt2uE4OcpQqbFu7f7NbTK05lx80nuSijCz7sc3a277R67g,"harusnya bintang 0 besar buat aplikasi Jelek ini .. sering gagal transfer.. qris eror terus ,100 % saya saranin jangan pake aplikasi ini .. aplikasi pembayaran paling busuk",1,2,1.60.0,2025-10-13 23:42:42+00:00,"Hai Kak Yuyun, sebelum transfer, pastikan status upgrade GoPay Plus sudah 'Diterima', nomor penerima valid dan tidak terblokir. Jika masih bermasalah, silakan kunjungi menu Bantuan di aplikasi GoPay atau email ke customerservice@gopay.co.id dan cantumkan kode psr-24-06-0036-06536 pada subjek email. ^Oca",2024-01-06 07:36:56,1.60.0,Dataset/dataset\GOPAY_googleplay_OCTOBER_reviews.csv,qris
4a6da201-20e3-4110-b552-624b52493c6c,Pengguna Google,https://play-lh.googleusercontent.com/EGemoI2NTXmTsBVtJqk8jxF9rh8ApRWfsIMQSt2uE4OcpQqbFu7f7NbTK05lx80nuSijCz7sc3a277R67g,jaringanya jelek setiap melakukan pembayaran Qris selalu gagal,3,0,1.60.0,2025-10-11 02:55:48+00:00,"Hai Kak Rizki, maaf atas ketidaknyamanannya. Pastikan kamu menggunakan aplikasi GoPay versi terbaru dan kode QR yang dipindai berasal dari merchant yang menerima pembayaran melalui kode GoPay. Jika masih berkendala, laporkan melalui email ke customerservice@gopay.co.id dan cantumkan kode psr-25-284-2314-44543 pada subjek email. ^Maura",2025-10-11 06:14:48,1.60.0,Dataset/dataset\GOPAY_googleplay_OCTOBER_reviews.csv,qris
d9973ab0-a5c7-45e5-bca4-b9bfde27598a,Pengguna Google,https://play-lh.googleusercontent.com/EGemoI2NTXmTsBVtJqk8jxF9rh8ApRWfsIMQSt2uE4OcpQqbFu7f7NbTK05lx80nuSijCz7sc3a277R67g,"buat pihak aplikasi gopay jgn apa apakn dengn premium trs,kasian yg masi blm pmy ktp untk premiumin gopay mau ambil gopay daget aja harus premium,byr uang lewt qris hrs prrmium",5,0,1.59.0,2025-10-10 18:52:38+00:00,"Hai Kak Gallio, mohon maaf atas ketidaknyamanannya. Pastikan nomor tujuan transfer sudah benar dan sudah cek halaman Riwayat. Jika saldo belum juga bertambah, laporkan detailnya melalui email customerservice@gopay.co.id dan cantumkan kode psr-25-179-0714-54059 pada subject email yang kamu kirimkan ya. ^Miko",2025-06-28 14:15:10,1.59.0,Dataset/dataset\GOPAY_googleplay_OCTOBER_reviews.csv,qris
5d910789-d1bd-4b8a-90d5-0925c1e2e363,Pengguna Google,https://play-lh.googleusercontent.com/EGemoI2NTXmTsBVtJqk8jxF9rh8ApRWfsIMQSt2uE4OcpQqbFu7f7NbTK05lx80nuSijCz7sc3a277R67g,Aplikasi Gopay sangat membantu memudahkan Menyimpan uang Dan menggunakan untuk hari hari Seperti BBM Kuota data Pulsa bisa dengan Qris yang praktis,5,0,1.60.0,2025-10-10 07:54:54+00:00,,,1.60.0,Dataset/dataset\GOPAY_googleplay_OCTOBER_reviews.csv,qris
db670d48-953e-425d-bb1a-4fd5e02bc3cf,Pengguna Google,https://play-lh.googleusercontent.com/EGemoI2NTXmTsBVtJqk8jxF9rh8ApRWfsIMQSt2uE4OcpQqbFu7f7NbTK05lx80nuSijCz7sc3a277R67g,"Aplikasi ga jelas bayangin mau bayar qris pake gopay malah lagi ga bisa transaksi,giliran mau tinjauan ke merapat gbsa ketik mending pindah ke si biru bulat",1,0,,2025-10-09 13:42:58+00:00,"Hai Kak @SHEZ Now, mohon maaf atas ketidaknyamanannya. Pastikan kamu menggunakan aplikasi GoPay versi terbaru dan posisi kode QR yang dipindai sudah sesuai. Jika masih berkendala, laporkan melalui email customerservice@gopay.co.id dan cantumkan kode psr-25-282-1511-57632 pada subject email yang kamu kirimkan ya. ^Melisa",2025-10-09 22:12:07,,Dataset/dataset\GOPAY_googleplay_OCTOBER_reviews.csv,qris
bdaa73ed-bf3d-40a4-8de5-6e41e71176b1,Pengguna Google,https://play-lh.googleusercontent.com/EGemoI2NTXmTsBVtJqk8jxF9rh8ApRWfsIMQSt2uE4OcpQqbFu7f7NbTK05lx80nuSijCz7sc3a277R67g,"Aplikasi gopay sangat bermanfaat bagi saya , bisa transfer uang maupun bayar tagihan macam - macam dan bayar pakai QRIS .",5,0,1.59.0,2025-10-08 19:51:05+00:00,,,1.59.0,Dataset/dataset\GOPAY_googleplay_OCTOBER_reviews.csv,qris
af6c6c7a-e649-4b7c-bb63-53dc38b3666f,Pengguna Google,https://play-lh.googleusercontent.com/EGemoI2NTXmTsBVtJqk8jxF9rh8ApRWfsIMQSt2uE4OcpQqbFu7f7NbTK05lx80nuSijCz7sc3a277R67g,"""Bayar mudah dan cepat dengan GoPay. Transaksi tanpa ribet, cukup scan QR code!""""Nikmati kemudahan pembayaran digital dengan GoPay di semua outlet kami.""""Gunakan GoPay sekarang, dapatkan cashback dan promo menarik setiap transaksi.""""QRIS GoPay membuat pembayaran lebih praktis dan aman. Coba sekarang!""""Daftar GoPay Merchant gratis, tingkatkan omzet dan kemudahan pembayaran usaha Anda.""""Transaksi lancar, omzet meningkat dengan GoPay. Ayo, gunakan GoPay di bisnis Anda!""""Beli produk favoritmu dan ba",5,0,1.59.0,2025-10-08 17:27:36+00:00,,,1.59.0,Dataset/dataset\GOPAY_googleplay_OCTOBER_reviews.csv,qris
9dc64bd6-42fe-4252-b8c6-a3eeca56fbc1,Pengguna Google,https://play-lh.googleusercontent.com/EGemoI2NTXmTsBVtJqk8jxF9rh8ApRWfsIMQSt2uE4OcpQqbFu7f7NbTK05lx80nuSijCz7sc3a277R67g,knapa si aplikasi nya ya kok asal melakukan pembayaran pke QRIS gak bisa,1,1,1.59.0,2025-10-08 02:56:21+00:00,"Hai Kak @Achiil Thenfight, maaf atas ketidaknyamanannya. Pastikan kamu menggunakan aplikasi GoPay versi terbaru dan kode QR yang dipindai berasal dari merchant yang menerima pembayaran melalui kode GoPay. Jika masih berkendala, laporkan melalui email ke customerservice@gopay.co.id dan cantumkan kode psr-25-281-0338-14695 pada subjek email. ^Maura",2025-10-08 10:38:21,1.59.0,Dataset/dataset\GOPAY_googleplay_OCTOBER_reviews.csv,qris
5b25e898-d1ca-4e5f-b489-7b5a511fdcce,Pengguna Google,https://play-lh.googleusercontent.com/EGemoI2NTXmTsBVtJqk8jxF9rh8ApRWfsIMQSt2uE4OcpQqbFu7f7NbTK05lx80nuSijCz7sc3a277R67g,saya qris ke temen ga masuk nominalnya gede lagi satu nya 40k satunya 69k padahal sebelumnya bisa gimana ni gopay,2,0,1.47.0,2025-10-07 15:17:50+00:00,"Hai Kak Hafiz, mohon maaf atas ketidaknyamanannya. Terkait keluhan tersebut, silakan laporkan melalui email ke customerservice@gopay.co.id dengan melampirkan kode psr-25-280-0851-13015 pada subject email. Kami tunggu detail laporan kamu ya. ^Maura",2025-10-07 15:51:19,1.47.0,Dataset/dataset\GOPAY_googleplay_OCTOBER_reviews.csv,qris
a2d23def-7f56-42f3-a65a-66dc94ad635b,Pengguna Google,https://play-lh.googleusercontent.com/EGemoI2NTXmTsBVtJqk8jxF9rh8ApRWfsIMQSt2uE4OcpQqbFu7f7NbTK05lx80nuSijCz7sc3a277R67g,"sudah kapok transaksi pakai aplikasi ini. beli tiket KAI sebesar 1.392.000, bayar pakai qris GO-PAY. saldo terpotong, tiket tidak muncul alias gagal. dari pihak KAI sudah membatalkan. sementara uang tidak balik alias ilang di maling grandong. komplain ke GO-PAY bilangnya sudah lebih dari 8 hari jadi tidak bisa dikembalikan. emang grandong sekali aplikasi satu ini",1,10,1.59.0,2025-10-06 17:21:21+00:00,"Hai Kak Aryo, mohon maaf atas ketidaknyamanannya. Terkait hal tersebut, silakan laporkan melalui email ke customerservice@gopay.co.id dengan melampirkan kode psr-25-279-1046-38872 pada subject email dan ceritakan kembali detail permasalahannya agar tim kami bisa bantu cek lebih lanjut ya. ^Melisa",2025-10-06 17:46:46,1.59.0,Dataset/dataset\GOPAY_googleplay_OCTOBER_reviews.csv,qris
786b12ad-f59f-4807-bafe-e31d6f11b339,Pengguna Google,https://play-lh.googleusercontent.com/EGemoI2NTXmTsBVtJqk8jxF9rh8ApRWfsIMQSt2uE4OcpQqbFu7f7NbTK05lx80nuSijCz7sc3a277R67g,ini kenapa ya setiap mau pake Qris selalu Force Close,1,0,,2025-10-06 01:12:10+00:00,"Mohon maaf, Kak @Akun Google. Terkait laporanmu, pastikan sinyal internetmu stabil, aktifkan 'App Permission'/'Izinkan Aplikasi', lalu logout kemudian login kembali. Apabila masih berkendala saat scan QRIS silakan untuk menghubungi kami melalui email customerservice@gopay.co.id. Terima kasih ^Maura",2025-10-06 07:35:20,,Dataset/dataset\GOPAY_googleplay_OCTOBER_reviews.csv,qris
e0b3f378-f286-469a-ba9f-d0bb82635687,Pengguna Google,https://play-lh.googleusercontent.com/EGemoI2NTXmTsBVtJqk8jxF9rh8ApRWfsIMQSt2uE4OcpQqbFu7f7NbTK05lx80nuSijCz7sc3a277R67g,Aplikasi Gopay mantap sekali karena banyak fitur - fitur menarik seperti transfer uang antar bank dan Gopay tanpa biaya transfer. Pembayaran juga bisa memakai Qris sehingga mempermudah pembelian bermacam - macam barang tanpa duit tunai.,5,12,1.59.0,2025-10-05 23:31:04+00:00,,,1.59.0,Dataset/dataset\GOPAY_googleplay_OCTOBER_reviews.csv,qris
4e9b85c2-6dc2-4fe4-8d78-203ab44d6b19,Pengguna Google,https://play-lh.googleusercontent.com/EGemoI2NTXmTsBVtJqk8jxF9rh8ApRWfsIMQSt2uE4OcpQqbFu7f7NbTK05lx80nuSijCz7sc3a277R67g,"Min....!! Ko gangguan gini qris Nya, udah nunggu dari jam 7 malam gak bisa, maaf tolong cepet di benerin",5,0,1.59.0,2025-10-05 21:18:47+00:00,,,1.59.0,Dataset/dataset\GOPAY_googleplay_OCTOBER_reviews.csv,qris
6c8d0e44-b947-4e39-967a-9c3c270c7f1d,Pengguna Google,https://play-lh.googleusercontent.com/EGemoI2NTXmTsBVtJqk8jxF9rh8ApRWfsIMQSt2uE4OcpQqbFu7f7NbTK05lx80nuSijCz7sc3a277R67g,tolong jangan di batasi nominal nya yah ketika melakukan transfer dengan qris,1,0,1.59.0,2025-10-05 20:49:39+00:00,,,1.59.0,Dataset/dataset\GOPAY_googleplay_OCTOBER_reviews.csv,qris
7e94da6e-ff7a-4edc-a4c6-20d4138a73bf,Pengguna Google,https://play-lh.googleusercontent.com/EGemoI2NTXmTsBVtJqk8jxF9rh8ApRWfsIMQSt2uE4OcpQqbFu7f7NbTK05lx80nuSijCz7sc3a277R67g,tidak bisa bayar pakai qris yang udah di screenshot,4,0,,2025-10-05 10:52:02+00:00,"Hai Kak Nandri, mohon maaf atas ketidaknyamanannya. Laporan yang kamu sampaikan akan menjadi masukan bagi kami untuk terus meningkatkan kualitas layanan kami ke depannya. Jika kamu memiliki pertanyaan atau kendala lainnya, silakan kunjungi menu Bantuan di aplikasi GoPay kamu atau email ke customerservice@gopay.co.id. ^Melisa",2025-08-31 23:20:53,,Dataset/dataset\GOPAY_googleplay_OCTOBER_reviews.csv,qris
e08e7392-7eed-43df-93b0-46b1c08838b1,Pengguna Google,https://play-lh.googleusercontent.com/EGemoI2NTXmTsBVtJqk8jxF9rh8ApRWfsIMQSt2uE4OcpQqbFu7f7NbTK05lx80nuSijCz7sc3a277R67g,sangat puas dengan aplikasi ini transaksinya sat-set langsung clear apalagi pas mau qris... sat-set juga abis saldonya,5,0,,2025-10-04 22:26:49+00:00,,,,Dataset/dataset\GOPAY_googleplay_OCTOBER_reviews.csv,qris
627d3f8a-26dd-4acd-9711-4620b869d67f,Pengguna Google,https://play-lh.googleusercontent.com/EGemoI2NTXmTsBVtJqk8jxF9rh8ApRWfsIMQSt2uE4OcpQqbFu7f7NbTK05lx80nuSijCz7sc3a277R67g,aplikasi oke tapi saya klik qris untuk bayar pake qris begitu klik qris muncul kode QR gak dikenal apa solusinya,5,0,,2025-10-04 19:01:57+00:00,,,,Dataset/dataset\GOPAY_googleplay_OCTOBER_reviews.csv,qris
65e4ec34-7a35-476c-a864-7db36c20e09e,Pengguna Google,https://play-lh.googleusercontent.com/EGemoI2NTXmTsBVtJqk8jxF9rh8ApRWfsIMQSt2uE4OcpQqbFu7f7NbTK05lx80nuSijCz7sc3a277R67g,praktis untuk melakukan qris,5,0,1.52.0,2025-10-04 10:18:11+00:00,,,1.52.0,Dataset/dataset\GOPAY_googleplay_OCTOBER_reviews.csv,qris
5bfa2eaa-6ad9-403c-8681-0df503059dd0,Pengguna Google,https://play-lh.googleusercontent.com/EGemoI2NTXmTsBVtJqk8jxF9rh8ApRWfsIMQSt2uE4OcpQqbFu7f7NbTK05lx80nuSijCz7sc3a277R67g,saya tidak bisa scan qris pakai poto tersimpan di album sedangkan aplikasi yang lain bisa tolong dibantu,3,1,1.59.0,2025-10-03 17:15:46+00:00,"Hai Kak Yayan, mohon maaf atas ketidaknyamanannya. Pastikan kamu menggunakan aplikasi GoPay versi terbaru dan posisi kode QR yang dipindai sudah sesuai. Jika masih berkendala, laporkan melalui email customerservice@gopay.co.id dan cantumkan kode psr-25-277-0956-22424 pada subject email yang kamu kirimkan ya. ^Miko",2025-10-04 16:57:53,1.59.0,Dataset/dataset\GOPAY_googleplay_OCTOBER_reviews.csv,qris
a03f1e13-7456-4e26-ab0f-3450ce05f020,Pengguna Google,https://play-lh.googleusercontent.com/EGemoI2NTXmTsBVtJqk8jxF9rh8ApRWfsIMQSt2uE4OcpQqbFu7f7NbTK05lx80nuSijCz7sc3a277R67g,"beli wdp ml katanya cashback 100% tapi gapernah dapet cashbacknya, beli diamon ff juga gitu. klo promo bilang ajalah gausa sok sok an gratis. ini juga dari kemaren buat bayar qris gabisa, padahal saldo ada, suruh masukin pin katanya salah terus padahal pin udah bener, maunya apasih. sampe ganti pin baru, udh masukkin pin baru tetep tulisannya pin salah, pake biometrik gabisa, GAK JELAS.",1,0,1.60.0,2025-10-03 16:03:51+00:00,"Hai, Kak Amycia. Sebelum membayar di Mitra Usaha, pastikan kode promo/voucher telah diaktifkan agar kamu bisa mendapatkan cashback. Jika cashback masih belum diterima, laporkan melalui halaman Bantuan > cari artikel ""Belum terima cashback setelah bertransaksi"" di kolom pencarian > isi form yang ada di artikel. Kami siap membantu kamu. ^Miko",2025-10-04 16:50:02,1.60.0,Dataset/dataset\GOPAY_googleplay_OCTOBER_reviews.csv,qris
2491e39e-42c1-4f8a-aff4-7302347212dc,Pengguna Google,https://play-lh.googleusercontent.com/EGemoI2NTXmTsBVtJqk8jxF9rh8ApRWfsIMQSt2uE4OcpQqbFu7f7NbTK05lx80nuSijCz7sc3a277R67g,kalau buat qris bisa disini,5,0,1.59.0,2025-10-03 15:26:16+00:00,,,1.59.0,Dataset/dataset\GOPAY_googleplay_OCTOBER_reviews.csv,qris
b9a39f88-00ad-478a-9232-e555d2473352,Pengguna Google,https://play-lh.googleusercontent.com/EGemoI2NTXmTsBVtJqk8jxF9rh8ApRWfsIMQSt2uE4OcpQqbFu7f7NbTK05lx80nuSijCz7sc3a277R67g,sangat bagus gampang kemana mana tinggal qris ngga ribet juga,5,0,1.57.0,2025-10-03 10:12:43+00:00,,,1.57.0,Dataset/dataset\GOPAY_googleplay_OCTOBER_reviews.csv,qris
af089495-3642-4071-a4f0-ef70a6ccd4b3,Pengguna Google,https://play-lh.googleusercontent.com/EGemoI2NTXmTsBVtJqk8jxF9rh8ApRWfsIMQSt2uE4OcpQqbFu7f7NbTK05lx80nuSijCz7sc3a277R67g,aplikasi GO-PAY ini sangat membantu transaksi apapun seperti Qris utk pesan makan ato bayaran thanks GO-PAY 👍,5,0,1.59.0,2025-10-02 12:29:27+00:00,,,1.59.0,Dataset/dataset\GOPAY_googleplay_OCTOBER_reviews.csv,qris
bf36ee0f-2f7f-4641-b10f-7adc4154ca86,Pengguna Google,https://play-lh.googleusercontent.com/EGemoI2NTXmTsBVtJqk8jxF9rh8ApRWfsIMQSt2uE4OcpQqbFu7f7NbTK05lx80nuSijCz7sc3a277R67g,"gk bner ni apk sistem qris nya eror, padahal qris loh, hal yang sepele",1,0,1.59.0,2025-10-02 00:12:34+00:00,"Hai Kak Sandi, mohon maaf atas ketidaknyamanannya. Pastikan kamu menggunakan aplikasi GoPay versi terbaru dan posisi kode QR yang dipindai sudah sesuai. Jika masih berkendala, laporkan melalui email customerservice@gopay.co.id dan cantumkan kode psr-25-275-0552-48029 pada subject email yang kamu kirimkan ya. ^Miko",2025-10-02 12:52:56,1.59.0,Dataset/dataset\GOPAY_googleplay_OCTOBER_reviews.csv,qris
07545904-dec7-413d-9353-41aecd96eff2,Pengguna Google,https://play-lh.googleusercontent.com/EGemoI2NTXmTsBVtJqk8jxF9rh8ApRWfsIMQSt2uE4OcpQqbFu7f7NbTK05lx80nuSijCz7sc3a277R67g,knpa fitur pinjamannya blm bisa digunakan pdhal sudah sering transki paje qris,1,0,8.79.0,2025-12-31 19:37:37+00:00,"Halo, Jagoan. Mohon maaf atas kendala yang terjadi ya. Kamu tidak perlu khawatir, kamu bisa menjelaskan detail kendala tersebut melalui email di tanya@jago.com atau call center 1500 746 untuk kami bantu tangani lebih lanjut. Terima kasih🙂",2025-12-31 20:07:51,8.79.0,Dataset/dataset\JAGO_googleplay_DECEMBER_reviews.csv,qris
69a7cdb1-ba9e-4ac1-8964-ff7f8e3a3d0f,Pengguna Google,https://play-lh.googleusercontent.com/EGemoI2NTXmTsBVtJqk8jxF9rh8ApRWfsIMQSt2uE4OcpQqbFu7f7NbTK05lx80nuSijCz7sc3a277R67g,Bank Jago ga bisa bayar Qris pakai scan upload image,1,1,8.79.0,2025-12-28 12:39:07+00:00,"Halo, Jagoan! Mohon maaf apabila terdapat fitur atau layanan Jago yang belum sesuai harapan kamu. Kamu bisa menghubungi Tanya Jago di nomor 1500746 / 021-30000746 atau e-mail ke tanya@jago.com untuk kami bantu cek kendalanya lebih lanjut ya. Agent kami dengan senang hati membantu kamu.",2025-12-28 13:01:12,8.79.0,Dataset/dataset\JAGO_googleplay_DECEMBER_reviews.csv,qris
b18225d2-0e8f-4276-b2d5-b6eeb63b9a4f,Pengguna Google,https://play-lh.googleusercontent.com/EGemoI2NTXmTsBVtJqk8jxF9rh8ApRWfsIMQSt2uE4OcpQqbFu7f7NbTK05lx80nuSijCz7sc3a277R67g,"mantep bet ni aplikasi, transfer pke qris mlh dpt bonus langsung wkwkw terimakasih bank jago i love u💝🥳",5,0,,2025-12-27 10:17:39+00:00,,,,Dataset/dataset\JAGO_googleplay_DECEMBER_reviews.csv,qris
d1316c65-3d59-4db6-a3cb-55ff792da546,Pengguna Google,https://play-lh.googleusercontent.com/EGemoI2NTXmTsBVtJqk8jxF9rh8ApRWfsIMQSt2uE4OcpQqbFu7f7NbTK05lx80nuSijCz7sc3a277R67g,di banyakan bonus qris sama transfer grtis,5,0,8.78.0,2025-12-26 10:38:33+00:00,,,8.78.0,Dataset/dataset\JAGO_googleplay_DECEMBER_reviews.csv,qris
f1628348-50bc-4d14-9832-3c5068c2c9aa,Pengguna Google,https://play-lh.googleusercontent.com/EGemoI2NTXmTsBVtJqk8jxF9rh8ApRWfsIMQSt2uE4OcpQqbFu7f7NbTK05lx80nuSijCz7sc3a277R67g,"ini aplikasi bank digital yang keren banget sih, cuman saya mau kasih saran, adakan fitur qris kantong di setiap kantongnya seperti di bank bri",5,0,,2025-12-22 17:55:15+00:00,,,,Dataset/dataset\JAGO_googleplay_DECEMBER_reviews.csv,qris
2f7595ee-5c06-4df6-b624-fc505e4d6bfc,Pengguna Google,https://play-lh.googleusercontent.com/EGemoI2NTXmTsBVtJqk8jxF9rh8ApRWfsIMQSt2uE4OcpQqbFu7f7NbTK05lx80nuSijCz7sc3a277R67g,"sejauh ini bank ini fiturnya yang paling memudahkan saya sih yaa, ui nya juga simple dan bagus. sempat baca baca comment juga banyak banget rupanya yang terkendala aplikasinya, tapi saya tidak pernah juga sih mengalami yg seperti itu (karena untungnya saya tidak skill issue). lancar aja dari awal pakai, bahkan ini salah satu yang paling bagus selama saya pakai aplikasi banking. overall mantap, cuma yang kurang qr untuk bayar via qris aja sih, useful banget soalnya kalau belanja di supermarket.",5,25,8.78.0,2025-12-16 00:20:25+00:00,,,8.78.0,Dataset/dataset\JAGO_googleplay_DECEMBER_reviews.csv,qris
36d4a510-166c-4031-bd0a-42ea720141e6,Pengguna Google,https://play-lh.googleusercontent.com/EGemoI2NTXmTsBVtJqk8jxF9rh8ApRWfsIMQSt2uE4OcpQqbFu7f7NbTK05lx80nuSijCz7sc3a277R67g,"lemo banget, sering stuck, transfer sama pindah kantong terkadang suka deactive, transfer sama bayar pakai qris loading mulu",1,0,,2025-12-14 08:31:49+00:00,"Halo, Jagoan. Mohon maaf atas kendala yang terjadi ya. Kamu tidak perlu khawatir, kamu bisa menjelaskan detail kendala tersebut melalui email di tanya@jago.com atau call center 1500 746 untuk kami bantu tangani lebih lanjut. Terima kasih :)",2025-12-14 09:02:29,,Dataset/dataset\JAGO_googleplay_DECEMBER_reviews.csv,qris
282f31da-0319-4813-9592-07284223f3f6,Pengguna Google,https://play-lh.googleusercontent.com/EGemoI2NTXmTsBVtJqk8jxF9rh8ApRWfsIMQSt2uE4OcpQqbFu7f7NbTK05lx80nuSijCz7sc3a277R67g,"mantap,,,senang menggunakan nya aman dan cashback nya. Tambah voucher yang lain lebih mantul biar ada saingan dari apk lain bikin berbalik terus ke bank jago. Voucher pembayaran QRIS 🙏",5,0,,2025-12-11 21:40:54+00:00,,,,Dataset/dataset\JAGO_googleplay_DECEMBER_reviews.csv,qris
9f29c45c-9072-4aaa-8fec-ee47d23e4819,Pengguna Google,https://play-lh.googleusercontent.com/EGemoI2NTXmTsBVtJqk8jxF9rh8ApRWfsIMQSt2uE4OcpQqbFu7f7NbTK05lx80nuSijCz7sc3a277R67g,plsss jago adain fitur QRIS CPM biar ga ribet pas bayar harus pindahin ke gopay duluuuu,4,0,8.78.0,2025-12-11 06:05:13+00:00,"Halo, Jagoan. Terima kasih atas penilaian yang sudah kamu berikan. Masukanmu menjadi input baik untuk Jago dalam memberikan layanan yang lebih baik lagi ke depannya. Jika ada yang ingin ditanyakan, kamu bisa mengirimkan email ke tanya@jago.com atau call center di 1500 746. Terima kasih :)",2025-12-11 07:25:13,8.78.0,Dataset/dataset\JAGO_googleplay_DECEMBER_reviews.csv,qris
36343a13-756a-4923-bcf9-9dd25a4f70c7,Pengguna Google,https://play-lh.googleusercontent.com/EGemoI2NTXmTsBVtJqk8jxF9rh8ApRWfsIMQSt2uE4OcpQqbFu7f7NbTK05lx80nuSijCz7sc3a277R67g,"internet suka tiba-tiba terputus, padahal nyambung kuota masih banyak? kok bisa sih? perbaiki dong, ditambah gak bisa qris pay yang barcode cuman bisa scan, semoga nanti ada yah",3,0,,2025-12-05 16:11:41+00:00,"Halo, Jagoan! Mohon maaf atas ketidaknyamanan yang Kakak alami. Supaya bisa membantu lebih lanjut, Kakak bisa menginformasikan detail keluhannya melalui email tanya@jago.com ya. Tim terkait kami dengan senang hati akan membantu Kakak menyelesaikan permasalahannya.",2025-12-05 16:43:02,,Dataset/dataset\JAGO_googleplay_DECEMBER_reviews.csv,qris
0dae90bb-d02c-4432-be51-921edb0cd735,Pengguna Google,https://play-lh.googleusercontent.com/EGemoI2NTXmTsBVtJqk8jxF9rh8ApRWfsIMQSt2uE4OcpQqbFu7f7NbTK05lx80nuSijCz7sc3a277R67g,tolong tambahkan fitur qris bayar atau tampilkan kode qr,4,0,8.78.0,2025-12-04 00:20:39+00:00,"Halo, Jagoan! Terima kasih telah menggunakan Bank Jago. Kami akan terus meningkatkan kualitas dan berinovasi untuk memenuhi kebutuhan finansial kamu. Jika kamu memiliki pertanyaan, kamu bisa hubungi kami via telepon di 1500 746/+62 21 3000 074 atau email ke tanya@jago.com. Agent kami akan segera membantumu.",2025-12-04 03:26:55,8.78.0,Dataset/dataset\JAGO_googleplay_DECEMBER_reviews.csv,qris
b5881829-d4d2-420e-a3fa-b5df0fad9d9b,Pengguna Google,https://play-lh.googleusercontent.com/EGemoI2NTXmTsBVtJqk8jxF9rh8ApRWfsIMQSt2uE4OcpQqbFu7f7NbTK05lx80nuSijCz7sc3a277R67g,transaksi qris sering gagal aplikasi bego,1,0,,2025-12-03 15:05:40+00:00,"Halo, Jagoan. Mohon maaf atas kendala yang terjadi ya. Kamu tidak perlu khawatir, kamu bisa menjelaskan detail kendala tersebut melalui email di tanya@jago.com atau call center 1500 746 untuk kami bantu tangani lebih lanjut. Terima kasih :)",2025-12-03 15:31:32,,Dataset/dataset\JAGO_googleplay_DECEMBER_reviews.csv,qris
9c323f51-1c39-488f-bd98-30cc43874836,Pengguna Google,https://play-lh.googleusercontent.com/EGemoI2NTXmTsBVtJqk8jxF9rh8ApRWfsIMQSt2uE4OcpQqbFu7f7NbTK05lx80nuSijCz7sc3a277R67g,"tolong update fitur untuk qris, karena dibeberapa toko hanya bisa menggunakan qris tampil atau qris tap. padahal bank lain sudah mulai menggunakan qris tap dan tampil",3,0,8.78.0,2025-12-02 15:05:18+00:00,"Halo, Jagoan! Mohon maaf apabila terdapat fitur atau layanan Jago yang belum sesuai harapan kamu. Kamu bisa menghubungi Tanya Jago di nomor 1500746 / 021-30000746 atau e-mail ke tanya@jago.com untuk kami bantu cek kendalanya lebih lanjut ya. Agent kami dengan senang hati membantu kamu.",2025-12-02 15:31:35,8.78.0,Dataset/dataset\JAGO_googleplay_DECEMBER_reviews.csv,qris
a40d587d-13c1-4f0b-993b-c579d5e55ceb,Pengguna Google,https://play-lh.googleusercontent.com/EGemoI2NTXmTsBVtJqk8jxF9rh8ApRWfsIMQSt2uE4OcpQqbFu7f7NbTK05lx80nuSijCz7sc3a277R67g,"semuanya bagus, cuma belom bisa Nampilin Qris Barcode untuk bayar di minimarket, jadi harus TF ke bank lain dulu, kalo pake kartu debit lama kalo di minimarket, bintangnya saya rubah kalo udah ada fiturnya",3,10,8.78.0,2025-12-02 13:03:20+00:00,"Halo, Jagoan! Terima kasih telah menggunakan Bank Jago. Kami akan terus meningkatkan kualitas dan berinovasi untuk memenuhi kebutuhan finansial kamu. Jika kamu memiliki pertanyaan, kamu bisa hubungi kami via telepon di 1500 746/+62 21 3000 074 atau email ke tanya@jago.com. Agent kami akan segera membantumu.",2025-12-02 13:36:17,8.78.0,Dataset/dataset\JAGO_googleplay_DECEMBER_reviews.csv,qris
43e99f47-6a63-406d-812e-acb82b53656e,Pengguna Google,https://play-lh.googleusercontent.com/EGemoI2NTXmTsBVtJqk8jxF9rh8ApRWfsIMQSt2uE4OcpQqbFu7f7NbTK05lx80nuSijCz7sc3a277R67g,adain qris tampil untuk kasir seperti yang lain dong,4,0,8.78.0,2025-12-02 00:27:41+00:00,"Halo, Jagoan. Terima kasih atas penilaian yang sudah kamu berikan. Masukanmu menjadi input baik untuk Jago dalam memberikan layanan yang lebih baik lagi ke depannya. Jika ada yang ingin ditanyakan, kamu bisa mengirimkan email ke tanya@jago.com atau call center di 1500 746. Terima kasih :)",2025-12-02 00:54:02,8.78.0,Dataset/dataset\JAGO_googleplay_DECEMBER_reviews.csv,qris
c1dcb35b-7f84-415b-997e-3d5739834a3d,Pengguna Google,https://play-lh.googleusercontent.com/EGemoI2NTXmTsBVtJqk8jxF9rh8ApRWfsIMQSt2uE4OcpQqbFu7f7NbTK05lx80nuSijCz7sc3a277R67g,"Banyak minusnya. Ga ada fitur bayar virtual account, ga ada fitur QRIS tampil, padahal penting banget",1,0,8.77.2,2025-12-01 17:42:26+00:00,"Halo, Jagoan! Mohon maaf atas ketidaknyamanan yang Kakak alami. Supaya bisa membantu lebih lanjut, Kakak bisa menginformasikan detail keluhannya melalui email tanya@jago.com ya. Tim terkait kami dengan senang hati akan membantu Kakak menyelesaikan permasalahannya.",2025-12-01 18:16:36,8.77.2,Dataset/dataset\JAGO_googleplay_DECEMBER_reviews.csv,qris
7b28bc43-5d62-442f-9413-116e0701eb06,Pengguna Google,https://play-lh.googleusercontent.com/EGemoI2NTXmTsBVtJqk8jxF9rh8ApRWfsIMQSt2uE4OcpQqbFu7f7NbTK05lx80nuSijCz7sc3a277R67g,"tolong di tambahkan QRis pembayaran scaner(kita yg ngeluarin kode barcodenya) untuk belanja di indomart atau alfamart, seperti di bank lain...",4,0,,2025-11-30 07:56:25+00:00,"Halo, Jagoan. Terima kasih atas penilaian yang sudah kamu berikan. Masukanmu menjadi input baik untuk Jago dalam memberikan layanan yang lebih baik lagi ke depannya. Jika ada yang ingin ditanyakan, kamu bisa mengirimkan email ke tanya@jago.com atau call center di 1500 746. Terima kasih :)",2025-11-30 08:01:57,,Dataset/dataset\JAGO_googleplay_NOVEMBER_reviews.csv,qris
01d1d323-ed9d-4869-b7d8-d67df4a05bca,Pengguna Google,https://play-lh.googleusercontent.com/EGemoI2NTXmTsBVtJqk8jxF9rh8ApRWfsIMQSt2uE4OcpQqbFu7f7NbTK05lx80nuSijCz7sc3a277R67g,"Susah banget, internet lambat dikit aja bayar qris langsung gagal (berkali-kali). Beda sama app sebelah",1,0,8.75.0,2025-11-26 22:04:25+00:00,"Halo, Jagoan! Saya mohon maaf atas kendala dan ketidaknyamanan kamu ya. Saya mengerti kesulitan yang kamu hadapi terkait kendala ini. Supaya bisa membantu lebih lanjut, mohon untuk hubungi email kami di tanya@jago.com atau melalui telpon di 1500 746/+62 21 3000 0746. Secepatnya akan kami cek dan tangani :)",2025-11-26 22:49:02,8.75.0,Dataset/dataset\JAGO_googleplay_NOVEMBER_reviews.csv,qris
7128ceeb-80c4-4e31-bdf3-ae49d9a70f71,Pengguna Google,https://play-lh.googleusercontent.com/EGemoI2NTXmTsBVtJqk8jxF9rh8ApRWfsIMQSt2uE4OcpQqbFu7f7NbTK05lx80nuSijCz7sc3a277R67g,"pemakaian pembayaran lewat scan qris, susah, barcode yang discan tidak langsung ke baca, hal ini sudah beberapa x kejadian sewaktu isi bensin di SPBU, yang mengakibatkan proses pembayaran lama, antrian dibelakang kendaraan tidak sabaran, dengan berteriak2, akhirnya pindah ke apk lain dan langsung sukses. tolong diperbaiki lagi fiturnya. terima kasih.",2,0,,2025-11-26 07:24:09+00:00,"Halo, Jagoan. Mohon maaf atas kendala yang terjadi ya. Kamu tidak perlu khawatir, kamu bisa menjelaskan detail kendala tersebut melalui email di tanya@jago.com atau call center 1500 746 untuk kami bantu tangani lebih lanjut. Terima kasih :)",2025-11-26 07:38:25,,Dataset/dataset\JAGO_googleplay_NOVEMBER_reviews.csv,qris
1105214e-30b9-4d25-a2b8-62d51cd36c3f,Pengguna Google,https://play-lh.googleusercontent.com/EGemoI2NTXmTsBVtJqk8jxF9rh8ApRWfsIMQSt2uE4OcpQqbFu7f7NbTK05lx80nuSijCz7sc3a277R67g,selama ini apk nya gak ada masalah.transaksi pun cepat.qris lancar jaya.aku jadikan RDN di investasi sahamku.aman,5,0,,2025-11-21 22:02:44+00:00,,,,Dataset/dataset\JAGO_googleplay_NOVEMBER_reviews.csv,qris
705a8de6-948f-4168-937a-6ad2a8fe79cc,Pengguna Google,https://play-lh.googleusercontent.com/EGemoI2NTXmTsBVtJqk8jxF9rh8ApRWfsIMQSt2uE4OcpQqbFu7f7NbTK05lx80nuSijCz7sc3a277R67g,"transaksi menggunakan QRIS gagal tapi saldo kepotong, jadi saya harus bayar 2 kali, sudah mengajukan pengembalian dana/sanggah transaksi 3 hari belum ada refound",1,0,8.77.2,2025-11-20 20:52:43+00:00,"Halo, Jagoan! Mohon maaf atas ketidaknyamanan yang Kakak alami. Supaya bisa membantu lebih lanjut, Kakak bisa menginformasikan detail keluhannya melalui email tanya@jago.com ya. Tim terkait kami dengan senang hati akan membantu Kakak menyelesaikan permasalahannya.",2025-11-20 22:32:45,8.77.2,Dataset/dataset\JAGO_googleplay_NOVEMBER_reviews.csv,qris
e010e240-862e-4237-aa05-310d9a52701a,Pengguna Google,https://play-lh.googleusercontent.com/EGemoI2NTXmTsBVtJqk8jxF9rh8ApRWfsIMQSt2uE4OcpQqbFu7f7NbTK05lx80nuSijCz7sc3a277R67g,setiap mau payment via qris/transfer pasti delay lama banget sampe malu mau bayar dikira mau nipu 😏,3,0,,2025-11-17 16:48:49+00:00,"Halo, Jagoan. Terima kasih atas penilaian yang sudah kamu berikan. Masukanmu menjadi input baik untuk Jago dalam memberikan layanan yang lebih baik lagi ke depannya. Jika ada yang ingin ditanyakan, kamu bisa mengirimkan email ke tanya@jago.com atau call center di 1500 746. Terima kasih :)",2025-11-17 17:23:49,,Dataset/dataset\JAGO_googleplay_NOVEMBER_reviews.csv,qris
13c6b780-3a24-4c78-9c31-b3af31fe3ddd,Pengguna Google,https://play-lh.googleusercontent.com/EGemoI2NTXmTsBVtJqk8jxF9rh8ApRWfsIMQSt2uE4OcpQqbFu7f7NbTK05lx80nuSijCz7sc3a277R67g,belum bisa qris tap,5,0,8.75.0,2025-11-13 14:37:40+00:00,,,8.75.0,Dataset/dataset\JAGO_googleplay_NOVEMBER_reviews.csv,qris
071200c3-e3f4-4a64-b576-826a075c5963,Pengguna Google,https://play-lh.googleusercontent.com/EGemoI2NTXmTsBVtJqk8jxF9rh8ApRWfsIMQSt2uE4OcpQqbFu7f7NbTK05lx80nuSijCz7sc3a277R67g,Qris transfer ke pribadi bank tdk berfungsi. Kalau Qris merchant bisa. Knp y?,3,0,8.76.0,2025-11-12 11:36:48+00:00,"Halo, Jagoan! Mohon maaf atas ketidaknyamanannya. Kami mengerti atas pengalaman kurang baik yang kamu alami. Untuk membantu kamu lebih lanjut, mohon menghubungi Tanya Jago di 1500746 / 021-30000746 atau email ke tanya@jago.com untuk kami cek lebih lanjut terkait kendala tersebut. Kami tunggu laporan dari kamu ya.",2025-11-12 12:41:22,8.76.0,Dataset/dataset\JAGO_googleplay_NOVEMBER_reviews.csv,qris
9a661916-904a-434d-9cc0-9a629160c331,Pengguna Google,https://play-lh.googleusercontent.com/EGemoI2NTXmTsBVtJqk8jxF9rh8ApRWfsIMQSt2uE4OcpQqbFu7f7NbTK05lx80nuSijCz7sc3a277R67g,"mau pakai qris, terblokir tiba2, dan uang sejutaan lbh ngga bs dipakai😡 apakah saldo bs kmbali atau ngga?? ntahlah!!",1,0,,2025-11-09 13:32:42+00:00,"Halo, Jagoan. Mohon maaf atas kendala yang terjadi ya. Kamu tidak perlu khawatir, kamu bisa menjelaskan detail kendala tersebut melalui email di tanya@jago.com atau call center 1500 746 untuk kami bantu tangani lebih lanjut. Terima kasih :)",2025-11-09 14:22:44,,Dataset/dataset\JAGO_googleplay_NOVEMBER_reviews.csv,qris
7e75fbfd-ab10-4b9e-a2d4-30637dc37c94,Pengguna Google,https://play-lh.googleusercontent.com/EGemoI2NTXmTsBVtJqk8jxF9rh8ApRWfsIMQSt2uE4OcpQqbFu7f7NbTK05lx80nuSijCz7sc3a277R67g,"Sejauh saya pakai lancar-lancar saja, memang pernah sesekali aplikasi loading terus, pada saat saya keluar dan masuk lagi ke aplikasi baru bisa. Melihat dari komentar banyak error yang ada tolong segera di atasi. Saran untuk ke depannya mungkin bisa tambahkan Qris Tap untuk metode pembayaran.",5,31,8.74.0,2025-11-09 04:32:47+00:00,,,8.74.0,Dataset/dataset\JAGO_googleplay_NOVEMBER_reviews.csv,qris
286f69c1-3565-45f7-a5e6-116777f186b1,Pengguna Google,https://play-lh.googleusercontent.com/EGemoI2NTXmTsBVtJqk8jxF9rh8ApRWfsIMQSt2uE4OcpQqbFu7f7NbTK05lx80nuSijCz7sc3a277R67g,aplikasi ini sangat mudah digunakan dan cepat praktis untuk transfer qris dan lainnya,5,0,,2025-11-09 02:16:30+00:00,,,,Dataset/dataset\JAGO_googleplay_NOVEMBER_reviews.csv,qris
0c5ea6f6-d1b6-41bf-a0a9-899d0fea95a2,Pengguna Google,https://play-lh.googleusercontent.com/EGemoI2NTXmTsBVtJqk8jxF9rh8ApRWfsIMQSt2uE4OcpQqbFu7f7NbTK05lx80nuSijCz7sc3a277R67g,"kenapa sering bermasalah sama QRIS,suka nge lag Mulu jadi susah digunakan",1,0,8.76.0,2025-11-08 14:32:32+00:00,"Halo, Jagoan. Mohon maaf atas kendala yang terjadi ya. Kamu tidak perlu khawatir, kamu bisa menjelaskan detail kendala tersebut melalui email di tanya@jago.com atau call center 1500 746 untuk kami bantu tangani lebih lanjut. Terima kasih :)",2025-11-08 15:05:59,8.76.0,Dataset/dataset\JAGO_googleplay_NOVEMBER_reviews.csv,qris
11b1d254-5d99-4620-a71c-f71810465d20,Pengguna Google,https://play-lh.googleusercontent.com/EGemoI2NTXmTsBVtJqk8jxF9rh8ApRWfsIMQSt2uE4OcpQqbFu7f7NbTK05lx80nuSijCz7sc3a277R67g,"kenapa jadi susah bgt akhir2 ini bayar pake qris loading selalu lama dan gagal, transfer juga lama bgt",1,1,8.76.0,2025-11-06 21:54:19+00:00,"Halo, Jagoan! Mohon maaf atas ketidaknyamanan yang Kakak alami. Supaya bisa membantu lebih lanjut, Kakak bisa menginformasikan detail keluhannya melalui email tanya@jago.com ya. Tim terkait kami dengan senang hati akan membantu Kakak menyelesaikan permasalahannya.",2025-11-07 00:26:01,8.76.0,Dataset/dataset\JAGO_googleplay_NOVEMBER_reviews.csv,qris
f48123ea-d313-41a6-a0bf-ff6f0d10c5dd,Pengguna Google,https://play-lh.googleusercontent.com/EGemoI2NTXmTsBVtJqk8jxF9rh8ApRWfsIMQSt2uE4OcpQqbFu7f7NbTK05lx80nuSijCz7sc3a277R67g,"pertama kali make jago, gabisa nunjukin qr code buat qris, cuma bisa ngescan doang",2,0,8.76.0,2025-11-06 19:16:21+00:00,"Halo, Jagoan. Mohon maaf atas kendala yang terjadi ya. Kamu tidak perlu khawatir, kamu bisa menjelaskan detail kendala tersebut melalui email di tanya@jago.com atau call center 1500 746 untuk kami bantu tangani lebih lanjut. Terima kasih :)",2025-11-06 20:08:58,8.76.0,Dataset/dataset\JAGO_googleplay_NOVEMBER_reviews.csv,qris
0ec8b312-4e7d-4e52-8b3d-43701284c6df,Pengguna Google,https://play-lh.googleusercontent.com/EGemoI2NTXmTsBVtJqk8jxF9rh8ApRWfsIMQSt2uE4OcpQqbFu7f7NbTK05lx80nuSijCz7sc3a277R67g,qris payment tidak bisa kebaca. tolong ditindak lanjuti,1,0,8.76.0,2025-11-02 17:13:06+00:00,"Halo, Jagoan. Mohon maaf atas kendala yang terjadi ya. Kamu tidak perlu khawatir, kamu bisa menjelaskan detail kendala tersebut melalui email di tanya@jago.com atau call center 1500 746 untuk kami bantu tangani lebih lanjut. Terima kasih :)",2025-11-02 17:38:56,8.76.0,Dataset/dataset\JAGO_googleplay_NOVEMBER_reviews.csv,qris
544717b8-bd04-4d98-8463-acb78af635c3,Pengguna Google,https://play-lh.googleusercontent.com/EGemoI2NTXmTsBVtJqk8jxF9rh8ApRWfsIMQSt2uE4OcpQqbFu7f7NbTK05lx80nuSijCz7sc3a277R67g,"ayolah min CS nya guna dikit lah, aku mau hapus akun nya dulu soalnya lagi bermasalah qris nya. Ntar balik lagi ke jago dengan email yang berbeda. Padahal udah bagus ini app. Tapi respon CS nya bikin jengkel",3,3,8.76.0,2025-11-02 15:39:08+00:00,"Halo, Jagoan! Mohon maaf atas ketidaknyamanan. Kami akan terus memperbaiki dan meningkatkan layanan perbankan kami. Mohon kesediaannya untuk menginformasikan secara detail kendala yang dialami dengan menghubungi kami melalui Tanya Jago di 1500 746/+62 21 3000 0746, atau email ke tanya@jago.com. Kami tunggu ya.",2025-11-02 17:10:08,8.76.0,Dataset/dataset\JAGO_googleplay_NOVEMBER_reviews.csv,qris
5cac0e0a-e77f-4aa1-8e8c-faf1330ff054,Pengguna Google,https://play-lh.googleusercontent.com/EGemoI2NTXmTsBVtJqk8jxF9rh8ApRWfsIMQSt2uE4OcpQqbFu7f7NbTK05lx80nuSijCz7sc3a277R67g,tak ada fitur bayar via qris kayak bank lain. mohon ditambahkan fiturnya,1,0,8.76.0,2025-11-02 09:00:48+00:00,"Hai, Jagoan. Mohon maaf untuk kendala yang kamu alami. Terkait kendala tersebut, kamu bisa segera laporkan ke Tanya Jago di nomor 1500746 / 021-30000746 atau e-mail ke tanya@jago.com ya. Tidak perlu khawatir karena tim terkait kami akan segera membantu. Terimakasih.",2025-11-02 09:38:42,8.76.0,Dataset/dataset\JAGO_googleplay_NOVEMBER_reviews.csv,qris
5332ed2f-1a76-41d4-bc9d-e8d1f882cd82,Pengguna Google,https://play-lh.googleusercontent.com/EGemoI2NTXmTsBVtJqk8jxF9rh8ApRWfsIMQSt2uE4OcpQqbFu7f7NbTK05lx80nuSijCz7sc3a277R67g,Qris nya oke,5,0,8.75.0,2025-11-01 21:57:20+00:00,,,8.75.0,Dataset/dataset\JAGO_googleplay_NOVEMBER_reviews.csv,qris
73519ebb-a110-4440-b78a-670ffc971da0,Pengguna Google,https://play-lh.googleusercontent.com/EGemoI2NTXmTsBVtJqk8jxF9rh8ApRWfsIMQSt2uE4OcpQqbFu7f7NbTK05lx80nuSijCz7sc3a277R67g,salah satu fitur yang sangat sangat membantu adaa di dompet. kita jugaa bisa bayar qris bisa dari kantong yang udah kita bagi,5,0,8.76.0,2025-10-30 12:27:15+00:00,,,8.76.0,Dataset/dataset\JAGO_googleplay_OCTOBER_reviews.csv,qris
37c8168b-aa5d-45ef-817d-cb882b13a946,Pengguna Google,https://play-lh.googleusercontent.com/EGemoI2NTXmTsBVtJqk8jxF9rh8ApRWfsIMQSt2uE4OcpQqbFu7f7NbTK05lx80nuSijCz7sc3a277R67g,"gila ni aplikasi,,,kalau gak sanggup jadi bank digital jangan maksa,,,qris GK bjsa,, transfer gak bisa,,,alasan koneksi,,,ini jelas menuju ke scam,, gak aman Tarok duit di tempat yang bermasalah macam ini,,,gak aman pakai bank ini",1,1,,2025-10-28 12:26:39+00:00,"Halo, Jagoan. Mohon maaf atas kendala yang terjadi ya. Kamu tidak perlu khawatir, kamu bisa menjelaskan detail kendala tersebut melalui email di tanya@jago.com atau call center 1500 746 untuk kami bantu tangani lebih lanjut. Terima kasih :)",2025-10-28 14:38:29,,Dataset/dataset\JAGO_googleplay_OCTOBER_reviews.csv,qris
72afc30e-4c69-4b2e-959a-48864d816f9e,Pengguna Google,https://play-lh.googleusercontent.com/EGemoI2NTXmTsBVtJqk8jxF9rh8ApRWfsIMQSt2uE4OcpQqbFu7f7NbTK05lx80nuSijCz7sc3a277R67g,"aplikasi penipu, transaksi via qris berhasil tapi duitnya ga masuk. sampah",1,0,8.75.0,2025-10-28 11:50:23+00:00,"Halo, Jagoan! Mohon maaf atas kendala yang kamu alami ya. Saya mengerti situasi sulit ini mengganggu kamu. Mohon kesediaannya mengirimkan email ke tanya@jago.com dengan melampirkan bukti foto/tangkapan layar kendala kamu. Agar dapat segera kami bantu.",2025-10-28 12:08:25,8.75.0,Dataset/dataset\JAGO_googleplay_OCTOBER_reviews.csv,qris
c38c2bde-38f8-4483-964e-de965f7098a8,Pengguna Google,https://play-lh.googleusercontent.com/EGemoI2NTXmTsBVtJqk8jxF9rh8ApRWfsIMQSt2uE4OcpQqbFu7f7NbTK05lx80nuSijCz7sc3a277R67g,"kenapa jadi sering bermasalah dg qris paymentnya? di saat buru2 dan butuh qris payment tapi ga bisa, itu menyebalkan. di saat yg sama2, setelah coba pake apk bank lain, lancar2 aja. makin lama makin loading lama nih apk. jadi was2 uang hilang. data transaksi dari beberapa minggu terakhir ga kecatat",1,134,8.75.0,2025-10-28 04:53:11+00:00,"Halo, Jagoan. Mohon maaf atas kendala yang terjadi ya. Kamu tidak perlu khawatir, kamu bisa menjelaskan detail kendala tersebut melalui email di tanya@jago.com atau call center 1500 746 untuk kami bantu tangani lebih lanjut. Terima kasih :)",2025-10-28 16:28:08,8.75.0,Dataset/dataset\JAGO_googleplay_OCTOBER_reviews.csv,qris
04f1dd6f-5e9e-4d16-a6f6-be926e44f2a0,Pengguna Google,https://play-lh.googleusercontent.com/EGemoI2NTXmTsBVtJqk8jxF9rh8ApRWfsIMQSt2uE4OcpQqbFu7f7NbTK05lx80nuSijCz7sc3a277R67g,tepat janji bila ada promo dan gratis transfer makin mantap udah ada fitur QRIS nya tapi sekarang versi 8.75.0 27/10/2025 aplikasi nya suka nge lag,5,2,8.75.0,2025-10-27 21:06:20+00:00,"Halo Jagoan! Terima kasih telah memlilih Bank Jago. Bagi kami kenyamanan dan keamanan kamu adalah yang paling utama. Kami akan terus melakukan pengembangan dan memberikan pelayanan yang terbaik untuk kamu. Jika ada hal lain yang ingin ditanyakan, silakan menghubungi Tanya Jago di nomor 1500746 / 021-30000746 atau e-mail ke tanya@jago.com.",2022-06-28 07:41:16,8.75.0,Dataset/dataset\JAGO_googleplay_OCTOBER_reviews.csv,qris
4df3b2a5-3fd8-4714-8f69-ad047d35d77f,Pengguna Google,https://play-lh.googleusercontent.com/EGemoI2NTXmTsBVtJqk8jxF9rh8ApRWfsIMQSt2uE4OcpQqbFu7f7NbTK05lx80nuSijCz7sc3a277R67g,"untuk sekarang saya kasih bintang 1 karena apa?? sehabis update malah loading lama terus, gak bisa scan qris dan transaksi lain padahal saya perlu untuk bertransaksi. mohon kerjasamanya pihak jago agar lebih optimal lagi kedepannya, trims.",1,7,8.75.0,2025-10-27 13:07:55+00:00,"Halo, Jagoan. Mohon maaf atas kendala yang terjadi ya. Kamu tidak perlu khawatir, kamu bisa menjelaskan detail kendala tersebut melalui email di tanya@jago.com atau call center 1500 746 untuk kami bantu tangani lebih lanjut. Terima kasih :)",2025-10-27 15:01:11,8.75.0,Dataset/dataset\JAGO_googleplay_OCTOBER_reviews.csv,qris
7fcea62c-561a-4322-a405-c251f13fe828,Pengguna Google,https://play-lh.googleusercontent.com/EGemoI2NTXmTsBVtJqk8jxF9rh8ApRWfsIMQSt2uE4OcpQqbFu7f7NbTK05lx80nuSijCz7sc3a277R67g,"tolong update Dark Mode dong, bosen gini² aja dan lebih di percepat lagi loadingnya apalagi kalo buka QRIS beuh lumayan lama tuh",5,0,8.74.0,2025-10-27 08:46:03+00:00,"Hai, Jagoan! Terima kasih sudah memberikan ulasan dan sudah memilih Bank Jago sebagai bank digital kamu. Semoga Bank Jago bisa semakin mempermudah transaksi perbankan kamu. Jika kamu memerlukan informasi seputar Bank Jago, silakan hubungi Tanya Jago di 1500746/+62 21 3000 0746, atau melalui email ke tanya@jago.com. Dengan senang hati akan membantu.",2023-10-11 06:42:33,8.74.0,Dataset/dataset\JAGO_googleplay_OCTOBER_reviews.csv,qris
5a5ca1ab-52ce-4c45-9737-860b984de0cb,Pengguna Google,https://play-lh.googleusercontent.com/EGemoI2NTXmTsBVtJqk8jxF9rh8ApRWfsIMQSt2uE4OcpQqbFu7f7NbTK05lx80nuSijCz7sc3a277R67g,"jago syariah 20x gratis TF & topup ewallet, 3x gratis tarik tunai di ATM bersama. cukup worth it. minusnya belum bisa bayar qris indo/Alfa.",5,0,8.74.0,2025-10-23 19:55:35+00:00,,,8.74.0,Dataset/dataset\JAGO_googleplay_OCTOBER_reviews.csv,qris
73e9de36-d6de-4505-b6cb-3db324b820a3,Pengguna Google,https://play-lh.googleusercontent.com/EGemoI2NTXmTsBVtJqk8jxF9rh8ApRWfsIMQSt2uE4OcpQqbFu7f7NbTK05lx80nuSijCz7sc3a277R67g,"bank jago emang the best, saya pake bank jago buat jualan jadi enak banget, tapi saya kurang puas karena belom ada qris all payment, tambah qris all payment untuk merchant",5,0,8.75.0,2025-10-23 17:36:30+00:00,,,8.75.0,Dataset/dataset\JAGO_googleplay_OCTOBER_reviews.csv,qris
d230a69e-4cad-46e3-82ec-6644e3d88d19,Pengguna Google,https://play-lh.googleusercontent.com/EGemoI2NTXmTsBVtJqk8jxF9rh8ApRWfsIMQSt2uE4OcpQqbFu7f7NbTK05lx80nuSijCz7sc3a277R67g,masih belum bisa QRIS tampil,4,0,8.75.0,2025-10-22 23:13:42+00:00,"Halo, Jagoan! Terima kasih telah menggunakan Bank Jago. Kami akan terus meningkatkan kualitas dan berinovasi untuk memenuhi kebutuhan finansial kamu. Jika kamu memiliki pertanyaan, kamu bisa hubungi kami via telepon di 1500 746/+62 21 3000 074 atau email ke tanya@jago.com. Agent kami akan segera membantumu.",2025-10-22 23:59:33,8.75.0,Dataset/dataset\JAGO_googleplay_OCTOBER_reviews.csv,qris
a1302ac7-f3af-4633-8606-17cdbf060714,Pengguna Google,https://play-lh.googleusercontent.com/EGemoI2NTXmTsBVtJqk8jxF9rh8ApRWfsIMQSt2uE4OcpQqbFu7f7NbTK05lx80nuSijCz7sc3a277R67g,"kacauuuuu, saldo ngendap, gabisa transfer gabisa qris gabisa ambil saldo, kacau parah. ini ada keperluan penting untuk pembayaran, udah sering terjadi kaya gini. ini nya kacau",1,3,8.75.0,2025-10-22 14:29:30+00:00,"Halo, Jagoan. Mohon maaf atas kendala yang terjadi ya. Kamu tidak perlu khawatir, kamu bisa menjelaskan detail kendala tersebut melalui email di tanya@jago.com atau call center 1500 746 untuk kami bantu tangani lebih lanjut. Terima kasih :)",2025-10-22 14:31:19,8.75.0,Dataset/dataset\JAGO_googleplay_OCTOBER_reviews.csv,qris
8f2c96a4-1817-49d9-886c-9ab433058e22,Pengguna Google,https://play-lh.googleusercontent.com/EGemoI2NTXmTsBVtJqk8jxF9rh8ApRWfsIMQSt2uE4OcpQqbFu7f7NbTK05lx80nuSijCz7sc3a277R67g,"saya melakukan pembayaran qris di jago succes sedang seller tidak menerima.., saya cs jago saya hub, dan seller juga.., namun g da solusi, dua kalu ke debet pula,, akhirnya saya takut.., saya keluarin semua saldo pakai aplikasi lain.. aja ngeri..",1,4,8.74.0,2025-10-18 07:00:33+00:00,"Halo, Jagoan. Mohon maaf atas kendala yang terjadi ya. Kamu tidak perlu khawatir, kamu bisa menjelaskan detail kendala tersebut melalui email di tanya@jago.com atau call center 1500 746 untuk kami bantu tangani lebih lanjut. Terima kasih :)",2025-10-18 07:42:05,8.74.0,Dataset/dataset\JAGO_googleplay_OCTOBER_reviews.csv,qris
3908ab89-28ba-4867-86cc-780131d5eb82,Pengguna Google,https://play-lh.googleusercontent.com/EGemoI2NTXmTsBVtJqk8jxF9rh8ApRWfsIMQSt2uE4OcpQqbFu7f7NbTK05lx80nuSijCz7sc3a277R67g,susah scan qris,1,0,8.74.0,2025-10-08 19:11:06+00:00,"Halo, Jagoan. Mohon maaf atas kendala yang terjadi ya. Kamu tidak perlu khawatir, kamu bisa menjelaskan detail kendala tersebut melalui email di tanya@jago.com atau call center 1500 746 untuk kami bantu tangani lebih lanjut. Terima kasih :)",2025-10-08 20:05:06,8.74.0,Dataset/dataset\JAGO_googleplay_OCTOBER_reviews.csv,qris
8124e9fd-22d7-4135-b677-33c62479c48c,Pengguna Google,https://play-lh.googleusercontent.com/EGemoI2NTXmTsBVtJqk8jxF9rh8ApRWfsIMQSt2uE4OcpQqbFu7f7NbTK05lx80nuSijCz7sc3a277R67g,"Sebenarnya apknya udah bagus, fitur dompetnya bener2 ngemudahin kita buat ngelola keuangan pribadi. Cuma di aku sering muncul kendala pas lagi scan kode Qris. Selalu muncul tulisan ""kode tidak valid"" padahal kalo make apk dari bank lain valid2 aja, bisa buat bayar. Alhasil aku jadi jarang make uangku di dompet jago, gara2 sering ga bisa dipake buat pembayaran Qris 😂",2,48,8.74.0,2025-10-04 14:44:53+00:00,"Halo, Jagoan! Mohon maaf atas kendala yang kamu alami ya. Saya mengerti situasi sulit ini mengganggu kamu. Mohon kesediaannya mengirimkan email ke tanya@jago.com dengan melampirkan bukti foto/tangkapan layar kendala kamu. Agar dapat segera kami bantu.",2025-10-04 16:23:17,8.74.0,Dataset/dataset\JAGO_googleplay_OCTOBER_reviews.csv,qris
01b3e060-ee10-44c7-b1e0-b5d73f866587,Pengguna Google,https://play-lh.googleusercontent.com/EGemoI2NTXmTsBVtJqk8jxF9rh8ApRWfsIMQSt2uE4OcpQqbFu7f7NbTK05lx80nuSijCz7sc3a277R67g,"kalau maintenance atau perbaikan jangan SE enaknya, yang suka jajan tengah malam mati kutu. orang lagi buru"" malah GK bisa bayar qris masih kukasih bintang 4",4,0,3.2.0,2025-12-29 23:08:39+00:00,"Hi Sahabat @Alif Soenarko p, mohon maaf atas ketidaknyamanannya. Terkait kendala Sahabat mohon untuk dapat mengirimkan email ke mandiricare@bankmandiri.co.id atau dapat menghubungi mandiri call 14000 agar dapat dilakukan pengecekan. Tks~Mandala",2025-12-29 23:11:58,3.2.0,Dataset/dataset\LIVIN_googleplay_DECEMBER_reviews.csv,qris
166eeafa-fb51-46a3-bfa4-68eecbdbb4e5,Pengguna Google,https://play-lh.googleusercontent.com/EGemoI2NTXmTsBVtJqk8jxF9rh8ApRWfsIMQSt2uE4OcpQqbFu7f7NbTK05lx80nuSijCz7sc3a277R67g,aplikasi terpayaaaaahhhhh lainnya bisa bgt lancar jaya ini mlah ga bsa masuk. trs kek mana kita mo transfer2 mo pke qris. kek ga ada perubahan aja ku liat pada bkin review jelek di livin. tlong lah bank bumn gausah bkin ribet penggunanya. gni trs ya pada pke bank lain.,1,1,3.2.0,2025-12-29 18:22:53+00:00,"Halo Sahabat @Ratih Dwi Nurani, mohon maaf atas ketidaknyamannya. Perihal kendala pada layanan Livin' by Mandiri, mohon untuk dapat mengirimkan email ke mandiricare@bankmandiri.co.id atau dapat menghubungi layanan mandiri 14000 agar dapat dilakukan pengecekan. Tks~Kale",2025-12-29 18:24:58,3.2.0,Dataset/dataset\LIVIN_googleplay_DECEMBER_reviews.csv,qris
2cb0f464-d3e9-4174-98b4-0da8afaff778,Pengguna Google,https://play-lh.googleusercontent.com/EGemoI2NTXmTsBVtJqk8jxF9rh8ApRWfsIMQSt2uE4OcpQqbFu7f7NbTK05lx80nuSijCz7sc3a277R67g,"dulu tgl 02-07-2022 gw kasih bintang 5 ulasan bagus, sekarang gw kasih bintang 2 makin kesini makin ribet ni aplikasi kalo malem di atas jam 12 susah buat transaksi Qris gagal terus transfer gagal terus, ribet banget buat area² yang ATM nya jauh, tolong di perbaiki tiap malem perawatan terus jadul banget ni servernya upgrade lah jangan lemot terus bukan mempermudah konsumen malah makin kesini makin ribet ni aplikasi...",2,13,3.2.0,2025-12-27 01:45:05+00:00,"Halo Sahabat @Muklas misteri, mohon maaf atas ketidaknyamannya. Perihal kendala pada layanan Livin' by Mandiri, mohon untuk dapat mengirimkan email ke mandiricare@bankmandiri.co.id atau dapat menghubungi layanan mandiri 14000 agar dapat dilakukan pengecekan. Tks~Kale",2025-12-27 01:48:31,3.2.0,Dataset/dataset\LIVIN_googleplay_DECEMBER_reviews.csv,qris
2ce892dd-9014-4e7c-a6fc-252ccd252cb3,Pengguna Google,https://play-lh.googleusercontent.com/EGemoI2NTXmTsBVtJqk8jxF9rh8ApRWfsIMQSt2uE4OcpQqbFu7f7NbTK05lx80nuSijCz7sc3a277R67g,"tolong developer app ini di tingkatkan lagi proses loading sangat lama, kalau butuh bayar Qris cepat suka bikin kesel,",3,0,3.2.0,2025-12-24 20:28:48+00:00,"Halo Sahabat @Yusuf Ma, mohon maaf atas ketidaknyamanannya. Terkait kendala Sahabat mohon untuk dapat mengirimkan email ke mandiricare@bankmandiri.co.id atau dapat menghubungi Mandiri Call 14000 lalu tekan 2 agar dapat dilakukan pengecekan. Tks~Amar",2025-12-24 20:30:15,3.2.0,Dataset/dataset\LIVIN_googleplay_DECEMBER_reviews.csv,qris
5a702fd9-cd81-4a68-b082-bf536ae2f8c7,Pengguna Google,https://play-lh.googleusercontent.com/EGemoI2NTXmTsBVtJqk8jxF9rh8ApRWfsIMQSt2uE4OcpQqbFu7f7NbTK05lx80nuSijCz7sc3a277R67g,Qris selalu error!!!!!!!,1,0,3.2.0,2025-12-23 21:56:18+00:00,"Halo Sahabat @Piii, mohon maaf atas ketidaknyamannya. Perihal kendala pada layanan Livin' by Mandiri, mohon untuk dapat mengirimkan email ke mandiricare@bankmandiri.co.id atau dapat menghubungi layanan mandiri 14000 agar dapat dilakukan pengecekan. Tks~Abrar",2025-12-23 21:59:32,3.2.0,Dataset/dataset\LIVIN_googleplay_DECEMBER_reviews.csv,qris
e659cdcf-ea47-4aae-8efe-af9406088793,Pengguna Google,https://play-lh.googleusercontent.com/EGemoI2NTXmTsBVtJqk8jxF9rh8ApRWfsIMQSt2uE4OcpQqbFu7f7NbTK05lx80nuSijCz7sc3a277R67g,suka gabisa transfer atau qris,1,0,3.2.0,2025-12-23 20:51:06+00:00,"Halo Sahabat @wayan Abdinasshalihin, mohon maaf atas ketidaknyamanannya. Terkait kendala Sahabat mohon untuk dapat mengirimkan email ke mandiricare@bankmandiri.co.id atau dapat menghubungi Mandiri Call 14000 lalu tekan 2 agar dapat dilakukan pengecekan. Tks~Amar",2025-12-23 20:52:52,3.2.0,Dataset/dataset\LIVIN_googleplay_DECEMBER_reviews.csv,qris
816ddfb6-4acd-47dd-aad2-993e1e687ae3,Pengguna Google,https://play-lh.googleusercontent.com/EGemoI2NTXmTsBVtJqk8jxF9rh8ApRWfsIMQSt2uE4OcpQqbFu7f7NbTK05lx80nuSijCz7sc3a277R67g,"bikin malu aja lama lama ,mau bayar makan pakai qris lewat livin tapi ga bisa login padahal internet bagus,terpaksa minta tolong temen",1,1,,2025-12-23 18:31:58+00:00,"Halo Sahabat @bagus indra, mohon maaf atas ketidaknyamanannya. Apabila terdapat kendala agar dapat kami tindaklanjuti, Sahabat dapat mengirimkan email ke mandiricare@bankmandiri.co.id atau menghubungi layanan Mandiri Call 14000 ya. Tks~Alza",2025-12-23 18:36:19,,Dataset/dataset\LIVIN_googleplay_DECEMBER_reviews.csv,qris
a38ebfc3-25cc-44b9-83f0-2f44dd5b57dc,Pengguna Google,https://play-lh.googleusercontent.com/EGemoI2NTXmTsBVtJqk8jxF9rh8ApRWfsIMQSt2uE4OcpQqbFu7f7NbTK05lx80nuSijCz7sc3a277R67g,"punya saldo 50k, mentok cuma bisa pake qris nya 20k. 30k nya manteng aja kagag bisa pake.",1,0,3.2.0,2025-12-22 21:18:36+00:00,"Hai Sahabat @Adrian Syahmariz Mohamad, mohon maaf atas ketidaknyamanannya. Untuk transaksi dimohon diatas saldo minimal, jenis rekening tabungan Now Rp25.000,- dan untuk jenis rekening tabungan Reguler Rp100.000,- ya. Tks~Charles",2025-12-22 21:39:02,3.2.0,Dataset/dataset\LIVIN_googleplay_DECEMBER_reviews.csv,qris
8dcb218a-c5a3-4667-a9d0-cccc7a0b4e83,Pengguna Google,https://play-lh.googleusercontent.com/EGemoI2NTXmTsBVtJqk8jxF9rh8ApRWfsIMQSt2uE4OcpQqbFu7f7NbTK05lx80nuSijCz7sc3a277R67g,"ditelp 14037, kt nya KK ga bs dipake jk blm diaktifin, knyataannya bs dipake qris",1,0,3.2.0,2025-12-22 12:50:59+00:00,"Hai Sahabat @Guess Who, mohon maaf atas ketidaknyamanannya. Terkait kendala yang dialami mohon untuk mengirimkan email ke mandiricare@bankmandiri.co.id atau menghubungi layanan mandiri call 14000 agar dapat dilakukan pengecekan ya. Tks~Divia",2025-12-22 12:54:38,3.2.0,Dataset/dataset\LIVIN_googleplay_DECEMBER_reviews.csv,qris
f20602b7-4875-4d3a-aa08-c7ab313ccb83,Pengguna Google,https://play-lh.googleusercontent.com/EGemoI2NTXmTsBVtJqk8jxF9rh8ApRWfsIMQSt2uE4OcpQqbFu7f7NbTK05lx80nuSijCz7sc3a277R67g,qris nya macam jembut. lelet.,3,0,3.2.0,2025-12-21 19:17:32+00:00,"Hai Sahabat @Yaya Sunarya, mohon maaf atas ketidaknyamanannya. Perihal kendala yang dialami agar dpt kami tindaklanjuti, mhn kesediaan Sahabat utk mengirimkan email ke mandiricare@bankmandiri.co.id dengan subject : Review - Nama lengkap Sahabat atau menghubungi layanan mandiri call 14000 ya. Tks~Tommy",2025-12-21 19:23:27,3.2.0,Dataset/dataset\LIVIN_googleplay_DECEMBER_reviews.csv,qris
29dac392-d332-4ed2-8b7c-b25aa99be528,Pengguna Google,https://play-lh.googleusercontent.com/EGemoI2NTXmTsBVtJqk8jxF9rh8ApRWfsIMQSt2uE4OcpQqbFu7f7NbTK05lx80nuSijCz7sc3a277R67g,"kadang bermasalah saat transfer ke orang,trus QRIS bermasalah gimna sih Livin,masa TF di dana aja susah payah",2,0,3.2.0,2025-12-21 11:22:57+00:00,"Hai Sahabat @Aldi Prasetia, mohon maaf atas ketidaknyamanannya. Terkait kendala Sahabat mohon untuk dapat mengirimkan email ke mandiricare@bankmandiri.co.id atau menghubungi Mandiri Call 14000 lalu tekan 2 agar dapat dilakukan pengecekan. Tks~Divia",2025-12-21 11:30:03,3.2.0,Dataset/dataset\LIVIN_googleplay_DECEMBER_reviews.csv,qris
6a7dbd15-2507-4f2c-bd2c-d36bbc89c640,Pengguna Google,https://play-lh.googleusercontent.com/EGemoI2NTXmTsBVtJqk8jxF9rh8ApRWfsIMQSt2uE4OcpQqbFu7f7NbTK05lx80nuSijCz7sc3a277R67g,masa Bank BUMN terbesar rating nya 4.1..tadinya ga mau komplain..liat2 komen emank agak bapuk ini aplikasinya..ini saya ga tau kenapa kalau pake qris ga pernah mau di klik yg kartu debit..maunya ke kartu kredit baru bisa di klik...apa emank begitu cara giring nya biar saya pergunakan kartu kredit nya??,3,0,,2025-12-15 13:26:18+00:00,"Hai Sahabat @Alexander Luberizky, mohon maaf atas ketidaknyamanannya. Terkait kendala Sahabat mohon untuk dapat mengirimkan email ke mandiricare@bankmandiri.co.id atau dapat menghubungi Mandiri Call 14000 lalu tekan 2 agar dapat dilakukan pengecekan. Tks~Kila",2025-12-15 13:29:19,,Dataset/dataset\LIVIN_googleplay_DECEMBER_reviews.csv,qris
ee513855-a977-451c-b534-619b24b282c9,Pengguna Google,https://play-lh.googleusercontent.com/EGemoI2NTXmTsBVtJqk8jxF9rh8ApRWfsIMQSt2uE4OcpQqbFu7f7NbTK05lx80nuSijCz7sc3a277R67g,buat qris lambat,4,0,3.2.0,2025-12-15 09:43:08+00:00,"Halo Sahabat @Rizal Ramadhan, mohon maaf atas ketidaknyamanannya. Terkait kendala Sahabat mohon untuk dapat mengirimkan email ke mandiricare@bankmandiri.co.id atau dapat menghubungi Mandiri Call 14000 lalu tekan 2 agar dapat dilakukan pengecekan. Tks~Risa",2025-12-15 09:47:34,3.2.0,Dataset/dataset\LIVIN_googleplay_DECEMBER_reviews.csv,qris
2208ffd5-7d53-4645-bc55-4e00057cec35,Pengguna Google,https://play-lh.googleusercontent.com/EGemoI2NTXmTsBVtJqk8jxF9rh8ApRWfsIMQSt2uE4OcpQqbFu7f7NbTK05lx80nuSijCz7sc3a277R67g,Habis di update pilihan sumber pembayaran u/ QRIS gak mw diganti ke tabungan. Masuknya CC terus. di swipe/ klik pindah tabungan gak bisa,3,0,3.2.0,2025-12-14 21:54:41+00:00,"Halo Sahabat @dilup sari, mohon maaf atas ketidaknyamanannya. Perihal kendala pada layanan Livin' by Mandiri Sahabat dapat mengirimkan email ke mandiricare@bankmandiri.co.id atau dapat menghubungi layanan mandiri call 14000 agar dapat dilakukan pengecekan. Tks ~ Said",2025-12-14 22:00:43,3.2.0,Dataset/dataset\LIVIN_googleplay_DECEMBER_reviews.csv,qris
03900eb6-fba1-4df5-bb45-8cd64e1edf24,Pengguna Google,https://play-lh.googleusercontent.com/EGemoI2NTXmTsBVtJqk8jxF9rh8ApRWfsIMQSt2uE4OcpQqbFu7f7NbTK05lx80nuSijCz7sc3a277R67g,ini aplikasi percuma.. sering tidak bisa transaksi menggunakan qris,1,0,3.2.0,2025-12-13 21:27:46+00:00,"Halo Sahabat @anggi orando, mohon maaf atas ketidaknyamanannya. Apabila terdapat kendala agar dapat kami tindaklanjuti, Sahabat dapat mengirimkan email ke mandiricare@bankmandiri.co.id atau menghubungi layanan mandiri call 14000 ya. Tks~Carlos",2025-12-13 21:30:40,3.2.0,Dataset/dataset\LIVIN_googleplay_DECEMBER_reviews.csv,qris
50b34ec2-a15d-4017-bbfb-f80e6983f5b7,Pengguna Google,https://play-lh.googleusercontent.com/EGemoI2NTXmTsBVtJqk8jxF9rh8ApRWfsIMQSt2uE4OcpQqbFu7f7NbTK05lx80nuSijCz7sc3a277R67g,"lagi jalan² ke mall ,ga bawa kartu atm biasanya Qris aja bs, ehhh gangguan ga bawa uang cash ya Allah nyesekkk x😭😭😭",1,0,3.2.0,2025-12-13 11:20:01+00:00,"Halo Sahabat @Tengku nina, mohon maaf atas ketidaknyamanannya. Terkait kendala Sahabat mohon untuk dapat mengirimkan email ke mandiricare@bankmandiri.co.id atau menghubungi Mandiri Call 14000 lalu tekan 2 agar dapat dilakukan pengecekan. Tks~Cira

",2025-12-13 11:24:50,3.2.0,Dataset/dataset\LIVIN_googleplay_DECEMBER_reviews.csv,qris
a6b396e5-8add-44ac-b6da-06a261b51988,Pengguna Google,https://play-lh.googleusercontent.com/EGemoI2NTXmTsBVtJqk8jxF9rh8ApRWfsIMQSt2uE4OcpQqbFu7f7NbTK05lx80nuSijCz7sc3a277R67g,kenapa saat melakukan pembayaran melalui qris saya tidak bisa mengubah sumber dana nya,5,0,3.2.0,2025-12-12 20:06:37+00:00,"Halo Sahabat @maman ardiansyah, mohon maaf atas ketidaknyamanannya. Untuk perihal kendala yang dialami, mohon untuk dapat mengirimkan email ke mandiricare@bankmandiri.co.id atau dapat menghubungi layanan mandiri 14000 agar dapat dilakukan pengecekan. Tks~Raka",2025-12-12 20:13:13,3.2.0,Dataset/dataset\LIVIN_googleplay_DECEMBER_reviews.csv,qris
ae088497-6bfe-40ff-8373-0709e243c2d4,Pengguna Google,https://play-lh.googleusercontent.com/EGemoI2NTXmTsBVtJqk8jxF9rh8ApRWfsIMQSt2uE4OcpQqbFu7f7NbTK05lx80nuSijCz7sc3a277R67g,"sdah sering d bikin maluu, mau bayar pake qris selalu mentenence. jdinya nunggu lamaa. lbih enak pake aplikasi tetangga",1,0,3.2.0,2025-12-12 01:27:45+00:00,"Hi Sahabat @Andi Erwin, mohon maaf atas ketidaknyamanannya. Terimakasih atas saran dan masukan yang diberikan, perihal tsb akan menjadi masukan bagi kami untuk pengembangan aplikasi kedepannya dan meningkatkan kualitas layanan Livin' by Mandiri. Tks~Mandala",2025-12-12 01:35:00,3.2.0,Dataset/dataset\LIVIN_googleplay_DECEMBER_reviews.csv,qris
462ea003-5b87-40ca-8195-6054a7342c15,Pengguna Google,https://play-lh.googleusercontent.com/EGemoI2NTXmTsBVtJqk8jxF9rh8ApRWfsIMQSt2uE4OcpQqbFu7f7NbTK05lx80nuSijCz7sc3a277R67g,"Aplikasi bagus memudahkan segala urusan, bisa buat topup token bayar² qris dan belanjaan online dengan prosesnya mudah",5,0,,2025-12-11 17:59:24+00:00,"Halo Sahabat @Tanwiruddin, terima kasih atas review yang telah diberikan. Semoga terus menikmati kemudahan dan kenyamanan dalam menggunakan Livin by Mandiri ya. Daftarkan transaksi secepat kilat pada menu Quick Pick untuk diakses pada halaman Login atau Beranda. Yuk coba sekarang. Tks~Raka",2025-12-11 18:24:14,,Dataset/dataset\LIVIN_googleplay_DECEMBER_reviews.csv,qris
eba0c54d-26d0-4ded-a2c9-0c7bd71ebba4,Pengguna Google,https://play-lh.googleusercontent.com/EGemoI2NTXmTsBVtJqk8jxF9rh8ApRWfsIMQSt2uE4OcpQqbFu7f7NbTK05lx80nuSijCz7sc3a277R67g,"sering banget gangguan,, mau tf ga bisa, topup wallet ga bisa,, bayar qris ga bisa,, suruh nunggu beberapa menit sampe 1 jam belum bisa juga",3,1,3.2.0,2025-12-11 01:40:33+00:00,"Hi Sahabat @Devita Sari Ningrum, mohon maaf atas ketidaknyamanannya. Mohon berkenan untuk mencoba kembali secara berkala dan menunggu 10-15 menit kedepan dikhawatirkan sedang proses pemeliharaan akhir hari rutin ya. Tks~Mandala",2025-12-11 01:43:10,3.2.0,Dataset/dataset\LIVIN_googleplay_DECEMBER_reviews.csv,qris
94d49ced-599f-43c8-b16e-d44fb4ed100e,Pengguna Google,https://play-lh.googleusercontent.com/EGemoI2NTXmTsBVtJqk8jxF9rh8ApRWfsIMQSt2uE4OcpQqbFu7f7NbTK05lx80nuSijCz7sc3a277R67g,Perlu ditingkatkan layanannya krn sering membuat malu ketika mau byr pakai Qris tp aplikasi Livin Mandiri tdk merespon.,3,1,3.2.0,2025-12-05 02:06:23+00:00,"Halo Sahabat @mr mhangun, mohon maaf atas ketidaknyamanannya. Kami mohon kesediaan Sahabat melakukan force close pada aplikasi terlebih dahulu, pastikan jaringan data yg digunakan stabil (tidak menggunakan jaringan Wifi) dan kami persilakan Sahabat utk mencoba kembali secara berkala. Tks~Raka",2025-12-05 02:10:26,3.2.0,Dataset/dataset\LIVIN_googleplay_DECEMBER_reviews.csv,qris
d2adf778-9a37-4347-b5cc-6b28869d8913,Pengguna Google,https://play-lh.googleusercontent.com/EGemoI2NTXmTsBVtJqk8jxF9rh8ApRWfsIMQSt2uE4OcpQqbFu7f7NbTK05lx80nuSijCz7sc3a277R67g,"gak bisa TF kemana pun , qris juga tidak bisa apalah , eror udah lama gak di bener benerin , udah chat admin mandiri di wa tetep gak ada jawaban yang pasti , bot nya kurang pinter",1,3,3.2.0,2025-12-05 01:06:05+00:00,"Halo Sahabat @Devano Dyas Syahputra, mohon maaf atas ketidaknyamanannya. Kami mohon kesediaan Sahabat melakukan force close pada aplikasi terlebih dahulu, pastikan jaringan data yg digunakan stabil (tidak menggunakan jaringan Wifi) dan kami persilakan Sahabat utk mencoba kembali secara berkala. Tks~Raka",2025-12-05 01:20:52,3.2.0,Dataset/dataset\LIVIN_googleplay_DECEMBER_reviews.csv,qris
47e51394-9cf4-4516-8560-289b87bf4b34,Pengguna Google,https://play-lh.googleusercontent.com/EGemoI2NTXmTsBVtJqk8jxF9rh8ApRWfsIMQSt2uE4OcpQqbFu7f7NbTK05lx80nuSijCz7sc3a277R67g,"kok ada transaksi qris tapi gak masuk saldonya sih? aneh banget, padahal ada notifikasinya tapi pas dibuka gaada TF masuk",1,0,,2025-12-04 10:08:09+00:00,"Halo Sahabat @Khoirul Fahmi, mohon maaf atas ketidaknyamanannya. Terkait kendala Sahabat mohon untuk dapat mengirimkan email ke mandiricare@bankmandiri.co.id atau menghubungi Mandiri Call 14000 lalu tekan 2 agar dapat dilakukan pengecekan. Tks~Danti

",2025-12-04 10:10:18,,Dataset/dataset\LIVIN_googleplay_DECEMBER_reviews.csv,qris
1da1192c-4009-4702-9711-ca1d5c36c4d6,Pengguna Google,https://play-lh.googleusercontent.com/EGemoI2NTXmTsBVtJqk8jxF9rh8ApRWfsIMQSt2uE4OcpQqbFu7f7NbTK05lx80nuSijCz7sc3a277R67g,buat bayar pake Qris sering GK bisa,1,1,,2025-12-02 19:59:39+00:00,"Halo Sahabat @Eko Wahyudi, mohon maaf atas ketidaknyamanannya. Kami mohon kesediaan Sahabat melakukan force close pada aplikasi terlebih dahulu, pastikan jaringan data yg digunakan stabil (tidak menggunakan jaringan Wifi) dan kami persilakan Sahabat utk mencoba kembali secara berkala. Tks~Raka",2025-12-02 20:02:16,,Dataset/dataset\LIVIN_googleplay_DECEMBER_reviews.csv,qris
8ce38be4-2bf9-490d-b886-b1ef8ae29141,Pengguna Google,https://play-lh.googleusercontent.com/EGemoI2NTXmTsBVtJqk8jxF9rh8ApRWfsIMQSt2uE4OcpQqbFu7f7NbTK05lx80nuSijCz7sc3a277R67g,"TOLONG DONG DI PERBAIKI LAGI SISTEM NYA SETIAP MAU QRIS ATAU TRANSAKSI SELALU ADA "" HARUS TERHUBUNG"" SETIAP MAU MELAKUKAN TRANSAKSI. TOLONG DI PERBAIKI LAGI APALGI YG JARANG PEGANG CHAS JADI MALU BUAT NUNGGU AGAR TRANSAKSI. TOLONG ADMINYA LEBIH DI PERBAIKI LAGI AGAR PENGGUNA YG LAIN NYAMAN KE APK LIVING MANDIRI INI🙏",1,0,3.2.0,2025-12-02 00:32:21+00:00,"Halo Sahabat @Irfan Kustiana, mohon maaf atas ketidaknyamannya. Perihal kendala pada layanan Livin' by Mandiri, mohon untuk dapat mengirimkan email ke mandiricare@bankmandiri.co.id atau dapat menghubungi layanan mandiri 14000 agar dapat dilakukan pengecekan. Tks~Kale",2025-12-02 02:02:19,3.2.0,Dataset/dataset\LIVIN_googleplay_DECEMBER_reviews.csv,qris
b5a6a9e1-6f7e-4a46-9be2-1d876f67827c,Pengguna Google,https://play-lh.googleusercontent.com/EGemoI2NTXmTsBVtJqk8jxF9rh8ApRWfsIMQSt2uE4OcpQqbFu7f7NbTK05lx80nuSijCz7sc3a277R67g,"saya dari dulu make mandiri ini dari pertama buat kartu ATM pake mandiri terus sampe sekarang. tapi yang aneh nya kenapa di aplikasi Livin enggak ada pengaduan. kenapa harus telfon ke 14000. saya pernah bayar Qris saldo udah ke potong tapi status pending. udah 1 bulan saldo gak balik lagi, udah saya email tapi gada respon",3,10,3.2.0,2025-11-30 14:12:14+00:00,"Halo Sahabat @Uliel Amri, mohon maaf atas ketidaknyamannya. Perihal kendala pada layanan Livin' by Mandiri, mohon untuk dapat mengirimkan email ke mandiricare@bankmandiri.co.id atau dapat menghubungi layanan mandiri 14000 agar dapat dilakukan pengecekan. Tks~Abrar",2025-11-30 14:22:33,3.2.0,Dataset/dataset\LIVIN_googleplay_NOVEMBER_reviews.csv,qris
08e93a65-77ff-4e8e-852d-f979094ac90f,Pengguna Google,https://play-lh.googleusercontent.com/EGemoI2NTXmTsBVtJqk8jxF9rh8ApRWfsIMQSt2uE4OcpQqbFu7f7NbTK05lx80nuSijCz7sc3a277R67g,qris bosok,1,0,2.2.0,2025-11-30 02:47:30+00:00,"Halo Sahabat @Mas Hari, mohon maaf atas ketidaknyamanannya. Apabila terdapat kendala agar dapat kami tindaklanjuti, Sahabat dapat mengirimkan email ke mandiricare@bankmandiri.co.id atau menghubungi layanan mandiri call 14000 ya. Tks~Carlos",2025-11-30 02:49:57,2.2.0,Dataset/dataset\LIVIN_googleplay_NOVEMBER_reviews.csv,qris
34780d7a-35e4-4ac0-bdcc-e72d22faf475,Pengguna Google,https://play-lh.googleusercontent.com/EGemoI2NTXmTsBVtJqk8jxF9rh8ApRWfsIMQSt2uE4OcpQqbFu7f7NbTK05lx80nuSijCz7sc3a277R67g,"Qris nya aneh kadang bisa kadang kagak,, very very kecewa,, bikin malu orang belanja..",1,0,,2025-11-29 02:41:22+00:00,"Hi Sahabat @Tasya Diandra, mhn maaf atas ketidaknyamanannya dlm mengakses layanan Livin' by Mandiri. Saat ini Bank Mandiri sedang proses akhir hari rutin. Kami sarankan Sahabat dpt mencoba secara berkala. Jika msh terkendala dpt mengirimkan email ke mandiricare@bankmandiri.co.id atau dapat menghubungi layanan mandiri 14000. Tks~Charles",2025-11-29 02:43:41,,Dataset/dataset\LIVIN_googleplay_NOVEMBER_reviews.csv,qris
a0158f4c-7b5b-44c8-8de7-41b85883493f,Pengguna Google,https://play-lh.googleusercontent.com/EGemoI2NTXmTsBVtJqk8jxF9rh8ApRWfsIMQSt2uE4OcpQqbFu7f7NbTK05lx80nuSijCz7sc3a277R67g,"lemot parah, gara2 aplikasi jelek ini aku sering buat antrean dan kena tegur orang gara2 lama kl bayar pakai qris dan pembayaran online, ga niat buatnya sih",1,0,3.1.0,2025-11-28 11:16:26+00:00,"Halo Sahabat @Regita Ade, mohon maaf atas ketidaknyamanannya. Terkait kendala Sahabat mohon untuk dapat mengirimkan email ke mandiricare@bankmandiri.co.id atau menghubungi Mandiri Call 14000 lalu tekan 2 agar dapat dilakukan pengecekan. Tks~Danti",2025-11-28 11:18:58,3.1.0,Dataset/dataset\LIVIN_googleplay_NOVEMBER_reviews.csv,qris
7a1d3e06-5101-4355-ba86-2413cb2f3fc3,Pengguna Google,https://play-lh.googleusercontent.com/EGemoI2NTXmTsBVtJqk8jxF9rh8ApRWfsIMQSt2uE4OcpQqbFu7f7NbTK05lx80nuSijCz7sc3a277R67g,"aplikasih sangat buruk,saya menggunakan pembayaran qris tapi satatus pembayaran di tunda,dan saldo saya ditahan,diauruh lapor nunggu 10 hari kerja,tapi kenyataan nya lebih dari 10 hari kerja saldo saya tetap ga di kembaliin.ga usah pakaj mandiri dah yg lain.",1,3,3.2.0,2025-11-26 14:15:19+00:00,"Halo Sahabat @Ahmad Amin Lumban Tobing, mohon maaf atas ketidaknyamannya. Perihal kendala transaksi yang dialami tsb, mohon untuk dapat mengirimkan email ke mandiricare@bankmandiri.co.id atau dapat menghubungi layanan mandiri 14000 agar dapat dilakukan pengecekan. Tks~Vacilla",2025-11-26 14:18:41,3.2.0,Dataset/dataset\LIVIN_googleplay_NOVEMBER_reviews.csv,qris
10fb7b09-8b40-4c7a-93db-90e824482a66,Pengguna Google,https://play-lh.googleusercontent.com/EGemoI2NTXmTsBVtJqk8jxF9rh8ApRWfsIMQSt2uE4OcpQqbFu7f7NbTK05lx80nuSijCz7sc3a277R67g,Ni Livin kok sering eror ya?sekarang buat kurim qris pake foto gag bisa,1,0,3.2.0,2025-11-25 10:13:31+00:00,"Halo Sahabat @heru riss, mohon maaf atas ketidaknyamannya. Perihal kendala pada layanan Livin' by Mandiri, mohon untuk dapat mengirimkan email ke mandiricare@bankmandiri.co.id atau dapat menghubungi layanan mandiri 14000 agar dapat dilakukan pengecekan. Tks~Celvin",2025-11-25 10:20:21,3.2.0,Dataset/dataset\LIVIN_googleplay_NOVEMBER_reviews.csv,qris
a6c641a5-2d7d-4d63-9e1c-fb2c018bbed8,Pengguna Google,https://play-lh.googleusercontent.com/EGemoI2NTXmTsBVtJqk8jxF9rh8ApRWfsIMQSt2uE4OcpQqbFu7f7NbTK05lx80nuSijCz7sc3a277R67g,"Saya makai livin udah lama , tapi baru kali ini Qris tertunda saldo kepotong , sudah chat via email juga masih nunggu 10 hari kerja tapi sampai saat ini gak ada kejelasan , nyesel pakai livin , gimna ini solusinyaa .!!!!",1,0,,2025-11-24 22:57:27+00:00,"Hi Sahabat @Ibnu Mukhlis, mohon maaf atas ketidaknyamannya. untuk perihal kendala pada layanan Livin' by Mandiri, mohon untuk dapat mengirimkan email ke mandiricare@bankmandiri.co.id atau dapat menghubungi layanan mandiri 14000 agar dapat dilakukan pengecekan. Tks~Mandala",2025-11-24 23:01:49,,Dataset/dataset\LIVIN_googleplay_NOVEMBER_reviews.csv,qris
152b95e3-9845-459a-a7f0-dadd344957cb,Pengguna Google,https://play-lh.googleusercontent.com/EGemoI2NTXmTsBVtJqk8jxF9rh8ApRWfsIMQSt2uE4OcpQqbFu7f7NbTK05lx80nuSijCz7sc3a277R67g,Apa²an ini uang yg ngendap 25rb yg awal ny 10rb. qris sering eror saldo nyangkut di kembalikan lagi 10 hari krja gila.. sistem culas ini nama nya,1,0,3.2.0,2025-11-24 19:38:24+00:00,"Hai Sahabat @David Yuki, mohon maaf atas ketidaknyamanannya. Perihal kendala yang dialami agar dpt kami tindaklanjuti, mhn kesediaan Sahabat utk mengirimkan email ke mandiricare@bankmandiri.co.id dengan subject : Review - Nama lengkap Sahabat atau menghubungi layanan mandiri call 14000 ya. Tks~Tommy
",2025-11-24 19:44:02,3.2.0,Dataset/dataset\LIVIN_googleplay_NOVEMBER_reviews.csv,qris
c92a541f-cc5c-483f-9445-c74954f2fce9,Pengguna Google,https://play-lh.googleusercontent.com/EGemoI2NTXmTsBVtJqk8jxF9rh8ApRWfsIMQSt2uE4OcpQqbFu7f7NbTK05lx80nuSijCz7sc3a277R67g,makin di update malah gak bisa pake QRIS gagal terus ... mohon tanggapannya segera.. ada apa Dengan akun Livin saya.,1,0,3.2.0,2025-11-24 18:19:04+00:00,"Halo Sahabat @Doujindal, mohon maaf atas ketidaknyamanannya. Untuk perihal kendala pada layanan Livin' by Mandiri, mohon untuk dapat mengirimkan email ke mandiricare@bankmandiri.co.id atau dapat menghubungi layanan mandiri 14000 agar dapat dilakukan pengecekan. Tks~Raka",2025-11-24 18:41:29,3.2.0,Dataset/dataset\LIVIN_googleplay_NOVEMBER_reviews.csv,qris
576ab21e-082e-404f-93c8-e7be5c25ae87,Pengguna Google,https://play-lh.googleusercontent.com/EGemoI2NTXmTsBVtJqk8jxF9rh8ApRWfsIMQSt2uE4OcpQqbFu7f7NbTK05lx80nuSijCz7sc3a277R67g,sering gagal mengunakan qris padahal sebelum pembaruan dan yg lama apa aja oke mohon di perbaiki,3,0,3.2.0,2025-11-22 01:09:32+00:00,"Halo Sahabat @Fahrur Rozi, mohon maaf atas ketidaknyamanannya. Kami mohon kesediaan Sahabat melakukan force close pada aplikasi terlebih dahulu, pastikan jaringan data yg digunakan stabil (tidak menggunakan jaringan wifi) dan kami persilakan Sahabat utk mencoba kembali secara berkala. Tks~Raka",2025-11-22 01:12:34,3.2.0,Dataset/dataset\LIVIN_googleplay_NOVEMBER_reviews.csv,qris
64b95e95-b5bb-4f49-9887-77fc9194d5f3,Pengguna Google,https://play-lh.googleusercontent.com/EGemoI2NTXmTsBVtJqk8jxF9rh8ApRWfsIMQSt2uE4OcpQqbFu7f7NbTK05lx80nuSijCz7sc3a277R67g,"banyak x nglek nya, top up dana pun sering gk bisa, bayar pakai Qris pun sering gagal, tolong di perbaik ki lg",1,2,3.2.0,2025-11-21 00:16:37+00:00,"Hi Sahabat @Regar Aja, mohon maaf atas ketidaknyamannya. untuk perihal kendala pada layanan Livin' by Mandiri, mohon untuk dapat mengirimkan email ke mandiricare@bankmandiri.co.id atau dapat menghubungi layanan mandiri 14000 agar dapat dilakukan pengecekan. Tks~Mandala",2025-11-21 00:37:22,3.2.0,Dataset/dataset\LIVIN_googleplay_NOVEMBER_reviews.csv,qris
6b8ac6ee-b624-47e4-b759-1aa1f3700211,Pengguna Google,https://play-lh.googleusercontent.com/EGemoI2NTXmTsBVtJqk8jxF9rh8ApRWfsIMQSt2uE4OcpQqbFu7f7NbTK05lx80nuSijCz7sc3a277R67g,"transfer sering gagal, malu2in pas bayar qris. pkis jangan pake ini klo ga ada perbaikan dan minta maaf dari livin nya",1,0,3.2.0,2025-11-20 01:40:05+00:00,"Hi Sahabat @permana sidiek, mohon maaf atas ketidaknyamannya. untuk perihal kendala pada layanan Livin' by Mandiri, mohon untuk dapat mengirimkan email ke mandiricare@bankmandiri.co.id atau dapat menghubungi layanan mandiri 14000 agar dapat dilakukan pengecekan. Tks~Mandala",2025-11-20 01:47:16,3.2.0,Dataset/dataset\LIVIN_googleplay_NOVEMBER_reviews.csv,qris
d23212bd-a7af-47f6-9150-7c76f81c5537,Pengguna Google,https://play-lh.googleusercontent.com/EGemoI2NTXmTsBVtJqk8jxF9rh8ApRWfsIMQSt2uE4OcpQqbFu7f7NbTK05lx80nuSijCz7sc3a277R67g,saldo qris saya pencairan ny terkendala padahal udh di benerin sama customer service udh telpon mandiri call tetep saldo gak cair wkwkwkwk sudah ahk kapok pake mandiri bye,1,0,,2025-11-19 22:44:09+00:00,"Hi Sahabat @Deny Supriatnha, Terima kasih atas review yang telah diberikan. Mohon maaf atas ketidaknyamanannya. Untuk menindaklanjuti kendala yang dialami, silakan menghubungi Merchant Helpdesk HiYokke 14021, atau WhatsApp ke 0811-40-14021 atau e-mail ke hiyokke@yokke.co.id. Tks~Mandala",2025-11-19 22:48:43,,Dataset/dataset\LIVIN_googleplay_NOVEMBER_reviews.csv,qris
9a04b40c-64f1-41bb-8c9a-626615e5af74,Pengguna Google,https://play-lh.googleusercontent.com/EGemoI2NTXmTsBVtJqk8jxF9rh8ApRWfsIMQSt2uE4OcpQqbFu7f7NbTK05lx80nuSijCz7sc3a277R67g,"sudah 2 minggu ini ngga bisa transaksi Qris??? baca Qris bisa tp ketika mau klik pembayaran, aplikasi ngeLAG??? Ampun dah",2,0,3.2.0,2025-11-18 22:52:22+00:00,"Halo Sahabat @Pongky Setiawan, mohon maaf atas ketidaknyamanannya. Untuk perihal kendala pada layanan Livin' by Mandiri, disarankan melakukan force close pada aplikasi Livin' by Mandiri, kemudian restart device/handphone yg digunakan dan mencoba kembali secara berkala. Tks~Arief",2025-11-19 22:44:52,3.2.0,Dataset/dataset\LIVIN_googleplay_NOVEMBER_reviews.csv,qris
d63f3812-32e0-4c9a-a704-e1f7eaf537eb,Pengguna Google,https://play-lh.googleusercontent.com/EGemoI2NTXmTsBVtJqk8jxF9rh8ApRWfsIMQSt2uE4OcpQqbFu7f7NbTK05lx80nuSijCz7sc3a277R67g,tiap mau bayar qris sering loading lama gk enak sama yg antri dibelakang padahal buka yg lain lancar aja. aplikasi sampah..,1,4,3.2.0,2025-11-18 11:30:46+00:00,"Halo Sahabat @Toto, mohon maaf atas ketidaknyamanannya. Untuk perihal kendala pada layanan Livin' by Mandiri, mohon untuk dapat mengirimkan email ke mandiricare@bankmandiri.co.id atau dapat menghubungi layanan mandiri 14000 agar dapat dilakukan pengecekan. Tks~Nilam",2025-11-18 11:40:33,3.2.0,Dataset/dataset\LIVIN_googleplay_NOVEMBER_reviews.csv,qris
062d3295-bc88-41e5-8158-1c1b5a24f513,Pengguna Google,https://play-lh.googleusercontent.com/EGemoI2NTXmTsBVtJqk8jxF9rh8ApRWfsIMQSt2uE4OcpQqbFu7f7NbTK05lx80nuSijCz7sc3a277R67g,"qris selalu bermasalah, gagal bayar terus gimana ini",2,0,3.1.0,2025-11-17 22:59:27+00:00,"Halo Sahabat @Karel “AgiL” Leuwol mohon maaf atas ketidaknyamanannya, terkait kendala transaksi Sahabat @Karel “AgiL” Leuwol mohon untuk dapat mengirimkan email ke mandiricare@bankmandiri.co.id atau dapat menghubungi mandiri call 14000 agar dapat dilakukan pengecekan. Tks~Syarif",2025-11-17 23:06:27,3.1.0,Dataset/dataset\LIVIN_googleplay_NOVEMBER_reviews.csv,qris
0c207f9e-c17e-45d2-87dd-9d483fddeb25,Pengguna Google,https://play-lh.googleusercontent.com/EGemoI2NTXmTsBVtJqk8jxF9rh8ApRWfsIMQSt2uE4OcpQqbFu7f7NbTK05lx80nuSijCz7sc3a277R67g,kenapa bayar pakek Qris tidak bisa?payah kali bah.,1,0,3.2.0,2025-11-17 12:52:00+00:00,"Halo Sahabat @Choirun Shawal, mohon maaf atas ketidaknyamanannya. Terkait kendala transaksi Sahabat mohon untuk dapat mengirimkan email ke mandiricare@bankmandiri.co.id atau dapat menghubungi mandiri call 14000 agar dapat dilakukan pengecekan. Tks~Celvin",2025-11-17 12:56:59,3.2.0,Dataset/dataset\LIVIN_googleplay_NOVEMBER_reviews.csv,qris
24a5f925-ffb5-4dac-8599-7b746806a3ac,Pengguna Google,https://play-lh.googleusercontent.com/EGemoI2NTXmTsBVtJqk8jxF9rh8ApRWfsIMQSt2uE4OcpQqbFu7f7NbTK05lx80nuSijCz7sc3a277R67g,"qris transaksi gagal, tapi ke debit proses refund ribet",1,0,3.1.0,2025-11-17 12:18:57+00:00,"Halo Sahabat @Ian, mohon maaf atas ketidaknyamannya. Untuk perihal kendala pada layanan Livin' by Mandiri, mohon untuk dapat mengirimkan email ke mandiricare@bankmandiri.co.id atau dapat menghubungi layanan mandiri 14000 agar dapat dilakukan pengecekan. Tks~Irish",2025-11-17 12:34:43,3.1.0,Dataset/dataset\LIVIN_googleplay_NOVEMBER_reviews.csv,qris
c07a21b3-12ad-4700-a2c5-cad06046c13f,Pengguna Google,https://play-lh.googleusercontent.com/EGemoI2NTXmTsBVtJqk8jxF9rh8ApRWfsIMQSt2uE4OcpQqbFu7f7NbTK05lx80nuSijCz7sc3a277R67g,"huh beberapa hari ini aplikasi ini makin tidak jelas belanja lewat qris di tolak terus belum lagi mau tf bacaan tetap di tolak sedangkan saldo mencukupi, BIAYA TF SAMPE 2.500 SAYA HARAP APLIKASI DI BETULKAN DENGAN BIJAK",1,0,,2025-11-17 01:20:27+00:00,"Hai Sahabat @afrizal arfha, mohon maaf atas ketidaknyamanannya. Utk pengecekan lebih lanjut atas kendala yg dialami, kami persilakan mengirimkan pesan melalui layanan email kami di mandiricare@bankmandiri.co.id atau mandiri call 14000 ya. Tks~Tommy",2025-11-17 01:25:04,,Dataset/dataset\LIVIN_googleplay_NOVEMBER_reviews.csv,qris
69eb1bfe-1509-4295-9103-87c8f74315d1,Pengguna Google,https://play-lh.googleusercontent.com/EGemoI2NTXmTsBVtJqk8jxF9rh8ApRWfsIMQSt2uE4OcpQqbFu7f7NbTK05lx80nuSijCz7sc3a277R67g,livin makin lama bukannya makin cepet malah makin lelet. mau payment pakai qris gabisa2 pemeliharaan rutin ditunggu sampai lebih dari 30mnt tetep gbsa. alhasil gajadi belanja😒,1,8,3.2.0,2025-11-16 23:05:14+00:00,"Hai Sahabat @Choerunisa, mohon maaf atas ketidaknyamanannya. Perihal kendala yang dialami agar dpt kami tindaklanjuti, mhn kesediaan Sahabat utk mengirimkan email ke mandiricare@bankmandiri.co.id dengan subject : Review - Nama lengkap Sahabat atau menghubungi layanan mandiri call 14000 ya. Tks~Tommy",2025-11-16 23:17:09,3.2.0,Dataset/dataset\LIVIN_googleplay_NOVEMBER_reviews.csv,qris
5c414430-1147-4f53-b221-887b77574512,Pengguna Google,https://play-lh.googleusercontent.com/EGemoI2NTXmTsBVtJqk8jxF9rh8ApRWfsIMQSt2uE4OcpQqbFu7f7NbTK05lx80nuSijCz7sc3a277R67g,kenapa gagal terus mau bayar pake qris,1,0,3.2.0,2025-11-15 08:59:06+00:00,,,3.2.0,Dataset/dataset\LIVIN_googleplay_NOVEMBER_reviews.csv,qris
3484cdc2-4113-41ca-a685-084862a5ca8b,Pengguna Google,https://play-lh.googleusercontent.com/EGemoI2NTXmTsBVtJqk8jxF9rh8ApRWfsIMQSt2uE4OcpQqbFu7f7NbTK05lx80nuSijCz7sc3a277R67g,apasi livin susah banget transaksi jam 2 malem mau topup ewalet aja susah nya kaya apaan tau mau bayar greb aja Qris gagal terus... payahhh,1,1,3.2.0,2025-11-15 01:50:28+00:00,"Hai Sahabat @Perdi Hermawan, mohon maaf atas ketidaknyamanannya. Utk pengecekan lebih lanjut atas kendala yg dialami, kami persilakan mengirimkan pesan melalui layanan email kami di mandiricare@bankmandiri.co.id atau mandiri call 14000 ya. Tks~Tommy",2025-11-15 01:55:25,3.2.0,Dataset/dataset\LIVIN_googleplay_NOVEMBER_reviews.csv,qris
5a81cfc2-9f78-4a6a-8e04-b91338eae719,Pengguna Google,https://play-lh.googleusercontent.com/EGemoI2NTXmTsBVtJqk8jxF9rh8ApRWfsIMQSt2uE4OcpQqbFu7f7NbTK05lx80nuSijCz7sc3a277R67g,sekarang transaksi Qris susah ga kya dlu langsung bisa,5,0,3.1.0,2025-11-12 02:36:15+00:00,"Halo Sahabat @Aziz Saputra, terima kasih atas review yang telah diberikan. Semoga terus menikmati kemudahan dan kenyamanan dalam menggunakan Livin' by Mandiri. Daftarkan transaksi secepat kilat pada menu Quick Pick untuk diakses pada halaman Login atau Beranda. Yuk coba sekarang. Tks~Charles",2025-11-12 03:06:42,3.1.0,Dataset/dataset\LIVIN_googleplay_NOVEMBER_reviews.csv,qris
a9698edf-c257-495a-9ef8-59b1c0f32620,Pengguna Google,https://play-lh.googleusercontent.com/EGemoI2NTXmTsBVtJqk8jxF9rh8ApRWfsIMQSt2uE4OcpQqbFu7f7NbTK05lx80nuSijCz7sc3a277R67g,"kenapa lemot bgt klo dibuka, loading trus, pdhl ini mbanking loh penting buat transaksi, saya beli makan niatnya pake qris eh malah ngelag ni apk, jdi lama bgt kan gaenak saya",1,0,3.1.0,2025-11-10 20:00:22+00:00,"Hai Sahabat @Diego Forlan, mohon maaf atas ketidaknyamanannya. Untuk kendala yg dialami kami persilakan force close aplikasi terlebih dahulu jaringan yg digunakan stabil dan mencoba kembali secara berkala ya. Tks~Charles",2025-11-10 20:14:24,3.1.0,Dataset/dataset\LIVIN_googleplay_NOVEMBER_reviews.csv,qris
f0fbe257-34d6-46c3-895f-6cefd6d67905,Pengguna Google,https://play-lh.googleusercontent.com/EGemoI2NTXmTsBVtJqk8jxF9rh8ApRWfsIMQSt2uE4OcpQqbFu7f7NbTK05lx80nuSijCz7sc3a277R67g,susah bikin qris mercen,5,0,3.1.0,2025-11-10 19:30:41+00:00,"Halo Sahabat @Azka Agus mohon maaf atas ketidaknyamanannya, terkait kendala transaksi Sahabat @Azka Agus mohon untuk dapat mengirimkan email ke mandiricare@bankmandiri.co.id atau dapat menghubungi mandiri call 14000 agar dapat dilakukan pengecekan. Tks~Syarif",2025-11-10 19:34:59,3.1.0,Dataset/dataset\LIVIN_googleplay_NOVEMBER_reviews.csv,qris
9ffc629c-1b49-4282-95ba-9c806e2fae13,Pengguna Google,https://play-lh.googleusercontent.com/EGemoI2NTXmTsBVtJqk8jxF9rh8ApRWfsIMQSt2uE4OcpQqbFu7f7NbTK05lx80nuSijCz7sc3a277R67g,"cape banget pakai Livin ini ,sering banget gangguan ,sampai nahan malu mau bayar makanan ,melakukan transaksi via qris gagal terus",3,0,3.1.0,2025-11-09 23:03:10+00:00,"Hai Sahabat @TRI Sugiarto, mohon maaf atas ketidaknyamanannya. Utk pengecekan lebih lanjut atas kendala yg dialami, kami persilakan mengirimkan pesan melalui layanan email kami di mandiricare@bankmandiri.co.id atau mandiri call 14000 ya. Tks~Tommy",2025-11-09 23:11:49,3.1.0,Dataset/dataset\LIVIN_googleplay_NOVEMBER_reviews.csv,qris
d655e711-4198-4c78-972c-79e2d36f44e4,Pengguna Google,https://play-lh.googleusercontent.com/EGemoI2NTXmTsBVtJqk8jxF9rh8ApRWfsIMQSt2uE4OcpQqbFu7f7NbTK05lx80nuSijCz7sc3a277R67g,gabisa bayar pake qris padahal cm 15k doang,1,0,,2025-11-07 16:33:34+00:00,"Hi Sahabat @Matchadepan, mohon maaf atas ketidaknyamanannya. Untuk perihal keluhan yang dialami, mohon untuk dapat mengirimkan email ke mandiricare@bankmandiri.co.id atau dapat menghubungi layanan mandiri 14000 agar dapat dilakukan pengecekan. Tks~Amar",2025-11-07 16:37:15,,Dataset/dataset\LIVIN_googleplay_NOVEMBER_reviews.csv,qris
b24aa452-58c3-4cb3-aa9b-a261e574b07d,Pengguna Google,https://play-lh.googleusercontent.com/EGemoI2NTXmTsBVtJqk8jxF9rh8ApRWfsIMQSt2uE4OcpQqbFu7f7NbTK05lx80nuSijCz7sc3a277R67g,kok bwat scan bayar pke qris sering gagal tolong diperbaikin👌aplikasi nya bagus mempermudah,5,0,3.1.0,2025-11-07 12:31:47+00:00,"Halo Sahabat @Angga Candra, mohon maaf atas ketidaknyamannya. Perihal kendala pada layanan Livin' by Mandiri, mohon untuk dapat mengirimkan email ke mandiricare@bankmandiri.co.id atau dapat menghubungi layanan mandiri 14000 agar dapat dilakukan pengecekan. Tks~Cira
",2025-11-07 12:38:38,3.1.0,Dataset/dataset\LIVIN_googleplay_NOVEMBER_reviews.csv,qris
b06668f8-9a11-468e-bfb1-ad38955209c5,Pengguna Google,https://play-lh.googleusercontent.com/EGemoI2NTXmTsBVtJqk8jxF9rh8ApRWfsIMQSt2uE4OcpQqbFu7f7NbTK05lx80nuSijCz7sc3a277R67g,kenapa terkadang kalau mau TF qris pasti pembayaran tidak berhasil terus,3,0,3.1.0,2025-11-07 01:19:06+00:00,"Hi Sahabat @Yz Rzk, mohon maaf atas ketidaknyamanannya. Mohon berkenan untuk mencoba kembali secara berkala dan menunggu 10-15 menit kedepan dikhawatirkan sedang proses pemeliharaan akhir hari rutin ya. Tks~Mandala",2025-11-07 01:22:38,3.1.0,Dataset/dataset\LIVIN_googleplay_NOVEMBER_reviews.csv,qris
6b6fd46c-8a81-4763-a153-b60386b059e0,Pengguna Google,https://play-lh.googleusercontent.com/EGemoI2NTXmTsBVtJqk8jxF9rh8ApRWfsIMQSt2uE4OcpQqbFu7f7NbTK05lx80nuSijCz7sc3a277R67g,Transaksi Qris kebanyakan gagal jadi bikin malu kalo lagi bayar² di toko offline... setelah di update malah makin error..!! parah mandiri.. skrg stiap Susah mau buka aplikasi pun sll sedang perbaikan... nyesel banget pake mandiri..!!,1,5,3.1.0,2025-11-06 23:05:36+00:00,"Mohon maaf atas ketidaknyamanannya dalam mengakses layanan Livin' by Mandiri, saat ini Bank Mandiri sedang proses akhir hari rutin. Kami sarankan Sahabat dapat mencobanya secara berkala,apabila masih terkendala Sahabat dapat mengirimkan email ke mandiricare@bankmandiri.co.id atau dapat menghubungi layanan mandiri 14000/ Tks~Syarif",2025-11-06 23:15:39,3.1.0,Dataset/dataset\LIVIN_googleplay_NOVEMBER_reviews.csv,qris
9e7db067-d1b3-4c89-9c8a-ba5a92792abf,Pengguna Google,https://play-lh.googleusercontent.com/EGemoI2NTXmTsBVtJqk8jxF9rh8ApRWfsIMQSt2uE4OcpQqbFu7f7NbTK05lx80nuSijCz7sc3a277R67g,pembayaran qris suka gagal refund nya lama harus ini harus itu.,1,0,,2025-11-06 12:31:36+00:00,"Hai Sahabat @Saepudin Nn, mohon maaf atas ketidaknyamanannya. Perihal tsb akan menjadi masukan bagi kami untuk pengembangan aplikasi kedepannya dan meningkatkan kualitas layanan Bank Mandiri demi kenyamanan nasabah. Utk kendala yg dialami, mohon mengirimkan email ke mandiricare@bankmandiri.co.id atau menghubungi mandiri call 14000. Tks~Vika",2025-11-06 12:34:49,,Dataset/dataset\LIVIN_googleplay_NOVEMBER_reviews.csv,qris
a22c56e5-9535-4d06-a714-8676e5c7688a,Pengguna Google,https://play-lh.googleusercontent.com/EGemoI2NTXmTsBVtJqk8jxF9rh8ApRWfsIMQSt2uE4OcpQqbFu7f7NbTK05lx80nuSijCz7sc3a277R67g,"aplikasi sampah,suka error,qris suka gagal",1,1,3.1.0,2025-11-05 22:35:35+00:00,"Hai Sahabat @ Ekil Yan , mohon maaf atas ketidaknyamanannya. Saat ini Livin' by Mandiri terpantau normal, apabila mengalami kendala Sahabat dapat force close aplikasi dan mencoba kembali secara berkala ya. Tks~Charles",2025-11-05 22:38:35,3.1.0,Dataset/dataset\LIVIN_googleplay_NOVEMBER_reviews.csv,qris
a68db9a1-bcc7-4cba-9909-08efe22c2547,Pengguna Google,https://play-lh.googleusercontent.com/EGemoI2NTXmTsBVtJqk8jxF9rh8ApRWfsIMQSt2uE4OcpQqbFu7f7NbTK05lx80nuSijCz7sc3a277R67g,"Hari ini tanggal 5 Nov 2025, jam 21.48 WIB. saya mau bayar pake QRIS livin tapi tidak bisa di buka. selama 17 menit gak bisa kebuka, cuma muter2 doank. TERPAKSA DEH BAYAR PAKE APLIKASI BANK BCA.",1,0,3.1.0,2025-11-05 21:51:30+00:00,"Halo Sahabat @Mind Of Sanjaya mohon maaf atas ketidaknyamanannya, terkait kendala transaksi Sahabat @Mind Of Sanjaya mohon untuk dapat mengirimkan email ke mandiricare@bankmandiri.co.id atau dapat menghubungi mandiri call 14000 agar dapat dilakukan pengecekan. Tks~Syarif",2025-11-05 22:43:47,3.1.0,Dataset/dataset\LIVIN_googleplay_NOVEMBER_reviews.csv,qris
247ec5dd-0e13-42cd-aa7e-bfe0886ef2d6,Pengguna Google,https://play-lh.googleusercontent.com/EGemoI2NTXmTsBVtJqk8jxF9rh8ApRWfsIMQSt2uE4OcpQqbFu7f7NbTK05lx80nuSijCz7sc3a277R67g,"knp lemooot bngt si makin kesini livin...trnyt udah bnyk complaint, smpi malu mau bnyr pki qris berkali kali keluar masuk,tlng perbaiki!!",1,1,3.1.0,2025-11-05 20:14:57+00:00,"Halo Sahabat @Titi Azis, mohon maaf atas ketidaknyamanannya. Apabila terdapat kendala agar dapat kami tindaklanjuti, Sahabat dapat mengirimkan email ke mandiricare@bankmandiri.co.id atau menghubungi layanan mandiri call 14000 ya. Tks~Gala",2025-11-05 20:17:55,3.1.0,Dataset/dataset\LIVIN_googleplay_NOVEMBER_reviews.csv,qris
67658c19-2f9d-4769-8c60-6da4462cb37b,Pengguna Google,https://play-lh.googleusercontent.com/EGemoI2NTXmTsBVtJqk8jxF9rh8ApRWfsIMQSt2uE4OcpQqbFu7f7NbTK05lx80nuSijCz7sc3a277R67g,sekarang QRIS udah gk bisa di pake apa emang ada gangguan aja ya?,5,0,3.1.0,2025-11-05 10:29:41+00:00,"Halo Sahabat @Samsul Mubarok, mohon maaf atas ketidaknyamannya. Perihal kendala pada layanan Livin' by Mandiri, mohon untuk dapat mengirimkan email ke mandiricare@bankmandiri.co.id atau dapat menghubungi layanan mandiri 14000 agar dapat dilakukan pengecekan. Tks~Celvin",2025-11-05 10:32:53,3.1.0,Dataset/dataset\LIVIN_googleplay_NOVEMBER_reviews.csv,qris
b7955842-f250-4712-b356-40abf507c9fb,Pengguna Google,https://play-lh.googleusercontent.com/EGemoI2NTXmTsBVtJqk8jxF9rh8ApRWfsIMQSt2uE4OcpQqbFu7f7NbTK05lx80nuSijCz7sc3a277R67g,susah buat bayar pakai qris,1,1,2.0.0,2025-11-04 20:41:11+00:00,"Halo Sahabat @Khusnul Tiyas, mohon maaf atas ketidaknyamanannya. Terkait kendala transaksi Sahabat mohon untuk dapat mengirimkan email ke mandiricare@bankmandiri.co.id atau dapat menghubungi mandiri call 14000 agar dapat dilakukan pengecekan. Tks ~ Said
",2025-11-10 22:59:51,2.0.0,Dataset/dataset\LIVIN_googleplay_NOVEMBER_reviews.csv,qris
79e26c05-b8d1-4599-9a3f-0c9a6bd30f39,Pengguna Google,https://play-lh.googleusercontent.com/EGemoI2NTXmTsBVtJqk8jxF9rh8ApRWfsIMQSt2uE4OcpQqbFu7f7NbTK05lx80nuSijCz7sc3a277R67g,Qris lu kenapa?selalu susah buat bayar qris,1,0,3.1.0,2025-11-04 01:18:33+00:00,"Hi Sahabat @Eggy J Alvaro, mhn maaf atas ketidaknyamanannya dlm mengakses layanan Livin' by Mandiri. Saat ini Bank Mandiri sedang proses akhir hari rutin. Kami sarankan Sahabat dpt mencoba secara berkala. Jika msh terkendala dpt mengirimkan email ke mandiricare@bankmandiri.co.id atau dapat menghubungi layanan mandiri 14000. Tks~Charles",2025-11-04 01:28:16,3.1.0,Dataset/dataset\LIVIN_googleplay_NOVEMBER_reviews.csv,qris
cee4e4b3-7528-4b3b-9cae-f27a49c4d137,Pengguna Google,https://play-lh.googleusercontent.com/EGemoI2NTXmTsBVtJqk8jxF9rh8ApRWfsIMQSt2uE4OcpQqbFu7f7NbTK05lx80nuSijCz7sc3a277R67g,"loading screen awal untuk buka app sangat lama. terjadi di app livin bukan milik saya saja tapi teman2 di kantor juga mengeluhkan hal yang sama. Mohon di perbaiki karena untuk pembayaran qris jadi terkendala. (Sudah update app terbaru, internet lancar, dengan hp keluaran terbaru.)",4,0,3.1.0,2025-11-02 17:04:13+00:00,"Halo Sahabat @Adi Hanif, mohon maaf atas ketidaknyamanannya. Perihal tsb mohon kesediaannya menghubungi layanan mandiri call 14000 atau mengirimkan email ke mandiricare@bankmandiri.co.id agar dpt kami lakukan pengecekan lebih lanjut ya. Tks~Zafran",2025-11-02 17:46:13,3.1.0,Dataset/dataset\LIVIN_googleplay_NOVEMBER_reviews.csv,qris
f989310c-385b-4fdb-b08b-c8f5a216e2a9,Pengguna Google,https://play-lh.googleusercontent.com/EGemoI2NTXmTsBVtJqk8jxF9rh8ApRWfsIMQSt2uE4OcpQqbFu7f7NbTK05lx80nuSijCz7sc3a277R67g,"SAYA INGIN MENGAJUKAN MASALAH TERKAIT QRIS NIH SAYA PAKAI QRIS KOK GAGAL MULUK YA APA ADA MASALAH DI APK NYA KAH,TOLONG DIPERBAIKI LAGI SAYA INGIN BELI MINUMAN DI TEMPAT MESIN GAGAL MULUK TOLONG SEKALI LAGI DI PERBAIKI APK NYA SEKIAN TERIMA KASIH",1,0,3.1.0,2025-11-02 15:27:28+00:00,"Halo Sahabat @Hamda Faturrahman, mohon maaf atas ketidaknyamanannya. Terkait kendala transaksi Sahabat, mohon untuk dapat mengirimkan email ke mandiricare@bankmandiri.co.id atau menghubungi Mandiri Call 14000 agar dilakukan pengecekan. Tks~Danti",2025-11-02 15:31:51,3.1.0,Dataset/dataset\LIVIN_googleplay_NOVEMBER_reviews.csv,qris
5748b8dd-169b-47de-9782-a15b7387e958,Pengguna Google,https://play-lh.googleusercontent.com/EGemoI2NTXmTsBVtJqk8jxF9rh8ApRWfsIMQSt2uE4OcpQqbFu7f7NbTK05lx80nuSijCz7sc3a277R67g,"udh sebulan ini tiap mau bayar ke kasir buka app livin buat qris selalu lamaa. cerita sama tmn sekantor, ternyata problem nya sama. malu SETIAP KALI bayar ditunggu sama org yg antri",1,0,3.1.0,2025-11-01 20:39:48+00:00,"Halo Sahabat @coriena desy, mohon maaf atas ketidaknyamanannya. Terkait kendala transaksi Sahabat mohon untuk dapat mengirimkan email ke mandiricare@bankmandiri.co.id atau dapat menghubungi mandiri call 14000 agar dapat dilakukan pengecekan. Tks ~ Said",2025-11-01 20:42:51,3.1.0,Dataset/dataset\LIVIN_googleplay_NOVEMBER_reviews.csv,qris
b5a6a9e1-6f7e-4a46-9be2-1d876f67827c,Pengguna Google,https://play-lh.googleusercontent.com/EGemoI2NTXmTsBVtJqk8jxF9rh8ApRWfsIMQSt2uE4OcpQqbFu7f7NbTK05lx80nuSijCz7sc3a277R67g,"saya dari dulu make mandiri ini dari pertama buat kartu ATM pake mandiri terus sampe sekarang. tapi yang aneh nya kenapa di aplikasi Livin enggak ada pengaduan. kenapa harus telfon ke 14000. saya pernah bayar Qris saldo udah ke potong tapi status pending. udah 1 bulan saldo gak balik lagi, udah saya email tapi gada respon",3,10,3.2.0,2025-11-30 14:12:14+00:00,"Halo Sahabat @Uliel Amri, mohon maaf atas ketidaknyamannya. Perihal kendala pada layanan Livin' by Mandiri, mohon untuk dapat mengirimkan email ke mandiricare@bankmandiri.co.id atau dapat menghubungi layanan mandiri 14000 agar dapat dilakukan pengecekan. Tks~Abrar",2025-11-30 14:22:33,3.2.0,Dataset/dataset\LIVIN_googleplay_OCTOBER_reviews.csv,qris
08e93a65-77ff-4e8e-852d-f979094ac90f,Pengguna Google,https://play-lh.googleusercontent.com/EGemoI2NTXmTsBVtJqk8jxF9rh8ApRWfsIMQSt2uE4OcpQqbFu7f7NbTK05lx80nuSijCz7sc3a277R67g,qris bosok,1,0,2.2.0,2025-11-30 02:47:30+00:00,"Halo Sahabat @Mas Hari, mohon maaf atas ketidaknyamanannya. Apabila terdapat kendala agar dapat kami tindaklanjuti, Sahabat dapat mengirimkan email ke mandiricare@bankmandiri.co.id atau menghubungi layanan mandiri call 14000 ya. Tks~Carlos",2025-11-30 02:49:57,2.2.0,Dataset/dataset\LIVIN_googleplay_OCTOBER_reviews.csv,qris
34780d7a-35e4-4ac0-bdcc-e72d22faf475,Pengguna Google,https://play-lh.googleusercontent.com/EGemoI2NTXmTsBVtJqk8jxF9rh8ApRWfsIMQSt2uE4OcpQqbFu7f7NbTK05lx80nuSijCz7sc3a277R67g,"Qris nya aneh kadang bisa kadang kagak,, very very kecewa,, bikin malu orang belanja..",1,0,,2025-11-29 02:41:22+00:00,"Hi Sahabat @Tasya Diandra, mhn maaf atas ketidaknyamanannya dlm mengakses layanan Livin' by Mandiri. Saat ini Bank Mandiri sedang proses akhir hari rutin. Kami sarankan Sahabat dpt mencoba secara berkala. Jika msh terkendala dpt mengirimkan email ke mandiricare@bankmandiri.co.id atau dapat menghubungi layanan mandiri 14000. Tks~Charles",2025-11-29 02:43:41,,Dataset/dataset\LIVIN_googleplay_OCTOBER_reviews.csv,qris
a0158f4c-7b5b-44c8-8de7-41b85883493f,Pengguna Google,https://play-lh.googleusercontent.com/EGemoI2NTXmTsBVtJqk8jxF9rh8ApRWfsIMQSt2uE4OcpQqbFu7f7NbTK05lx80nuSijCz7sc3a277R67g,"lemot parah, gara2 aplikasi jelek ini aku sering buat antrean dan kena tegur orang gara2 lama kl bayar pakai qris dan pembayaran online, ga niat buatnya sih",1,0,3.1.0,2025-11-28 11:16:26+00:00,"Halo Sahabat @Regita Ade, mohon maaf atas ketidaknyamanannya. Terkait kendala Sahabat mohon untuk dapat mengirimkan email ke mandiricare@bankmandiri.co.id atau menghubungi Mandiri Call 14000 lalu tekan 2 agar dapat dilakukan pengecekan. Tks~Danti",2025-11-28 11:18:58,3.1.0,Dataset/dataset\LIVIN_googleplay_OCTOBER_reviews.csv,qris
7a1d3e06-5101-4355-ba86-2413cb2f3fc3,Pengguna Google,https://play-lh.googleusercontent.com/EGemoI2NTXmTsBVtJqk8jxF9rh8ApRWfsIMQSt2uE4OcpQqbFu7f7NbTK05lx80nuSijCz7sc3a277R67g,"aplikasih sangat buruk,saya menggunakan pembayaran qris tapi satatus pembayaran di tunda,dan saldo saya ditahan,diauruh lapor nunggu 10 hari kerja,tapi kenyataan nya lebih dari 10 hari kerja saldo saya tetap ga di kembaliin.ga usah pakaj mandiri dah yg lain.",1,3,3.2.0,2025-11-26 14:15:19+00:00,"Halo Sahabat @Ahmad Amin Lumban Tobing, mohon maaf atas ketidaknyamannya. Perihal kendala transaksi yang dialami tsb, mohon untuk dapat mengirimkan email ke mandiricare@bankmandiri.co.id atau dapat menghubungi layanan mandiri 14000 agar dapat dilakukan pengecekan. Tks~Vacilla",2025-11-26 14:18:41,3.2.0,Dataset/dataset\LIVIN_googleplay_OCTOBER_reviews.csv,qris
10fb7b09-8b40-4c7a-93db-90e824482a66,Pengguna Google,https://play-lh.googleusercontent.com/EGemoI2NTXmTsBVtJqk8jxF9rh8ApRWfsIMQSt2uE4OcpQqbFu7f7NbTK05lx80nuSijCz7sc3a277R67g,Ni Livin kok sering eror ya?sekarang buat kurim qris pake foto gag bisa,1,0,3.2.0,2025-11-25 10:13:31+00:00,"Halo Sahabat @heru riss, mohon maaf atas ketidaknyamannya. Perihal kendala pada layanan Livin' by Mandiri, mohon untuk dapat mengirimkan email ke mandiricare@bankmandiri.co.id atau dapat menghubungi layanan mandiri 14000 agar dapat dilakukan pengecekan. Tks~Celvin",2025-11-25 10:20:21,3.2.0,Dataset/dataset\LIVIN_googleplay_OCTOBER_reviews.csv,qris
a6c641a5-2d7d-4d63-9e1c-fb2c018bbed8,Pengguna Google,https://play-lh.googleusercontent.com/EGemoI2NTXmTsBVtJqk8jxF9rh8ApRWfsIMQSt2uE4OcpQqbFu7f7NbTK05lx80nuSijCz7sc3a277R67g,"Saya makai livin udah lama , tapi baru kali ini Qris tertunda saldo kepotong , sudah chat via email juga masih nunggu 10 hari kerja tapi sampai saat ini gak ada kejelasan , nyesel pakai livin , gimna ini solusinyaa .!!!!",1,0,,2025-11-24 22:57:27+00:00,"Hi Sahabat @Ibnu Mukhlis, mohon maaf atas ketidaknyamannya. untuk perihal kendala pada layanan Livin' by Mandiri, mohon untuk dapat mengirimkan email ke mandiricare@bankmandiri.co.id atau dapat menghubungi layanan mandiri 14000 agar dapat dilakukan pengecekan. Tks~Mandala",2025-11-24 23:01:49,,Dataset/dataset\LIVIN_googleplay_OCTOBER_reviews.csv,qris
152b95e3-9845-459a-a7f0-dadd344957cb,Pengguna Google,https://play-lh.googleusercontent.com/EGemoI2NTXmTsBVtJqk8jxF9rh8ApRWfsIMQSt2uE4OcpQqbFu7f7NbTK05lx80nuSijCz7sc3a277R67g,Apa²an ini uang yg ngendap 25rb yg awal ny 10rb. qris sering eror saldo nyangkut di kembalikan lagi 10 hari krja gila.. sistem culas ini nama nya,1,0,3.2.0,2025-11-24 19:38:24+00:00,"Hai Sahabat @David Yuki, mohon maaf atas ketidaknyamanannya. Perihal kendala yang dialami agar dpt kami tindaklanjuti, mhn kesediaan Sahabat utk mengirimkan email ke mandiricare@bankmandiri.co.id dengan subject : Review - Nama lengkap Sahabat atau menghubungi layanan mandiri call 14000 ya. Tks~Tommy
",2025-11-24 19:44:02,3.2.0,Dataset/dataset\LIVIN_googleplay_OCTOBER_reviews.csv,qris
c92a541f-cc5c-483f-9445-c74954f2fce9,Pengguna Google,https://play-lh.googleusercontent.com/EGemoI2NTXmTsBVtJqk8jxF9rh8ApRWfsIMQSt2uE4OcpQqbFu7f7NbTK05lx80nuSijCz7sc3a277R67g,makin di update malah gak bisa pake QRIS gagal terus ... mohon tanggapannya segera.. ada apa Dengan akun Livin saya.,1,0,3.2.0,2025-11-24 18:19:04+00:00,"Halo Sahabat @Doujindal, mohon maaf atas ketidaknyamanannya. Untuk perihal kendala pada layanan Livin' by Mandiri, mohon untuk dapat mengirimkan email ke mandiricare@bankmandiri.co.id atau dapat menghubungi layanan mandiri 14000 agar dapat dilakukan pengecekan. Tks~Raka",2025-11-24 18:41:29,3.2.0,Dataset/dataset\LIVIN_googleplay_OCTOBER_reviews.csv,qris
576ab21e-082e-404f-93c8-e7be5c25ae87,Pengguna Google,https://play-lh.googleusercontent.com/EGemoI2NTXmTsBVtJqk8jxF9rh8ApRWfsIMQSt2uE4OcpQqbFu7f7NbTK05lx80nuSijCz7sc3a277R67g,sering gagal mengunakan qris padahal sebelum pembaruan dan yg lama apa aja oke mohon di perbaiki,3,0,3.2.0,2025-11-22 01:09:32+00:00,"Halo Sahabat @Fahrur Rozi, mohon maaf atas ketidaknyamanannya. Kami mohon kesediaan Sahabat melakukan force close pada aplikasi terlebih dahulu, pastikan jaringan data yg digunakan stabil (tidak menggunakan jaringan wifi) dan kami persilakan Sahabat utk mencoba kembali secara berkala. Tks~Raka",2025-11-22 01:12:34,3.2.0,Dataset/dataset\LIVIN_googleplay_OCTOBER_reviews.csv,qris
64b95e95-b5bb-4f49-9887-77fc9194d5f3,Pengguna Google,https://play-lh.googleusercontent.com/EGemoI2NTXmTsBVtJqk8jxF9rh8ApRWfsIMQSt2uE4OcpQqbFu7f7NbTK05lx80nuSijCz7sc3a277R67g,"banyak x nglek nya, top up dana pun sering gk bisa, bayar pakai Qris pun sering gagal, tolong di perbaik ki lg",1,2,3.2.0,2025-11-21 00:16:37+00:00,"Hi Sahabat @Regar Aja, mohon maaf atas ketidaknyamannya. untuk perihal kendala pada layanan Livin' by Mandiri, mohon untuk dapat mengirimkan email ke mandiricare@bankmandiri.co.id atau dapat menghubungi layanan mandiri 14000 agar dapat dilakukan pengecekan. Tks~Mandala",2025-11-21 00:37:22,3.2.0,Dataset/dataset\LIVIN_googleplay_OCTOBER_reviews.csv,qris
6b8ac6ee-b624-47e4-b759-1aa1f3700211,Pengguna Google,https://play-lh.googleusercontent.com/EGemoI2NTXmTsBVtJqk8jxF9rh8ApRWfsIMQSt2uE4OcpQqbFu7f7NbTK05lx80nuSijCz7sc3a277R67g,"transfer sering gagal, malu2in pas bayar qris. pkis jangan pake ini klo ga ada perbaikan dan minta maaf dari livin nya",1,0,3.2.0,2025-11-20 01:40:05+00:00,"Hi Sahabat @permana sidiek, mohon maaf atas ketidaknyamannya. untuk perihal kendala pada layanan Livin' by Mandiri, mohon untuk dapat mengirimkan email ke mandiricare@bankmandiri.co.id atau dapat menghubungi layanan mandiri 14000 agar dapat dilakukan pengecekan. Tks~Mandala",2025-11-20 01:47:16,3.2.0,Dataset/dataset\LIVIN_googleplay_OCTOBER_reviews.csv,qris
d23212bd-a7af-47f6-9150-7c76f81c5537,Pengguna Google,https://play-lh.googleusercontent.com/EGemoI2NTXmTsBVtJqk8jxF9rh8ApRWfsIMQSt2uE4OcpQqbFu7f7NbTK05lx80nuSijCz7sc3a277R67g,saldo qris saya pencairan ny terkendala padahal udh di benerin sama customer service udh telpon mandiri call tetep saldo gak cair wkwkwkwk sudah ahk kapok pake mandiri bye,1,0,,2025-11-19 22:44:09+00:00,"Hi Sahabat @Deny Supriatnha, Terima kasih atas review yang telah diberikan. Mohon maaf atas ketidaknyamanannya. Untuk menindaklanjuti kendala yang dialami, silakan menghubungi Merchant Helpdesk HiYokke 14021, atau WhatsApp ke 0811-40-14021 atau e-mail ke hiyokke@yokke.co.id. Tks~Mandala",2025-11-19 22:48:43,,Dataset/dataset\LIVIN_googleplay_OCTOBER_reviews.csv,qris
9a04b40c-64f1-41bb-8c9a-626615e5af74,Pengguna Google,https://play-lh.googleusercontent.com/EGemoI2NTXmTsBVtJqk8jxF9rh8ApRWfsIMQSt2uE4OcpQqbFu7f7NbTK05lx80nuSijCz7sc3a277R67g,"sudah 2 minggu ini ngga bisa transaksi Qris??? baca Qris bisa tp ketika mau klik pembayaran, aplikasi ngeLAG??? Ampun dah",2,0,3.2.0,2025-11-18 22:52:22+00:00,"Halo Sahabat @Pongky Setiawan, mohon maaf atas ketidaknyamanannya. Untuk perihal kendala pada layanan Livin' by Mandiri, disarankan melakukan force close pada aplikasi Livin' by Mandiri, kemudian restart device/handphone yg digunakan dan mencoba kembali secara berkala. Tks~Arief",2025-11-19 22:44:52,3.2.0,Dataset/dataset\LIVIN_googleplay_OCTOBER_reviews.csv,qris
d63f3812-32e0-4c9a-a704-e1f7eaf537eb,Pengguna Google,https://play-lh.googleusercontent.com/EGemoI2NTXmTsBVtJqk8jxF9rh8ApRWfsIMQSt2uE4OcpQqbFu7f7NbTK05lx80nuSijCz7sc3a277R67g,tiap mau bayar qris sering loading lama gk enak sama yg antri dibelakang padahal buka yg lain lancar aja. aplikasi sampah..,1,4,3.2.0,2025-11-18 11:30:46+00:00,"Halo Sahabat @Toto, mohon maaf atas ketidaknyamanannya. Untuk perihal kendala pada layanan Livin' by Mandiri, mohon untuk dapat mengirimkan email ke mandiricare@bankmandiri.co.id atau dapat menghubungi layanan mandiri 14000 agar dapat dilakukan pengecekan. Tks~Nilam",2025-11-18 11:40:33,3.2.0,Dataset/dataset\LIVIN_googleplay_OCTOBER_reviews.csv,qris
062d3295-bc88-41e5-8158-1c1b5a24f513,Pengguna Google,https://play-lh.googleusercontent.com/EGemoI2NTXmTsBVtJqk8jxF9rh8ApRWfsIMQSt2uE4OcpQqbFu7f7NbTK05lx80nuSijCz7sc3a277R67g,"qris selalu bermasalah, gagal bayar terus gimana ini",2,0,3.1.0,2025-11-17 22:59:27+00:00,"Halo Sahabat @Karel “AgiL” Leuwol mohon maaf atas ketidaknyamanannya, terkait kendala transaksi Sahabat @Karel “AgiL” Leuwol mohon untuk dapat mengirimkan email ke mandiricare@bankmandiri.co.id atau dapat menghubungi mandiri call 14000 agar dapat dilakukan pengecekan. Tks~Syarif",2025-11-17 23:06:27,3.1.0,Dataset/dataset\LIVIN_googleplay_OCTOBER_reviews.csv,qris
0c207f9e-c17e-45d2-87dd-9d483fddeb25,Pengguna Google,https://play-lh.googleusercontent.com/EGemoI2NTXmTsBVtJqk8jxF9rh8ApRWfsIMQSt2uE4OcpQqbFu7f7NbTK05lx80nuSijCz7sc3a277R67g,kenapa bayar pakek Qris tidak bisa?payah kali bah.,1,0,3.2.0,2025-11-17 12:52:00+00:00,"Halo Sahabat @Choirun Shawal, mohon maaf atas ketidaknyamanannya. Terkait kendala transaksi Sahabat mohon untuk dapat mengirimkan email ke mandiricare@bankmandiri.co.id atau dapat menghubungi mandiri call 14000 agar dapat dilakukan pengecekan. Tks~Celvin",2025-11-17 12:56:59,3.2.0,Dataset/dataset\LIVIN_googleplay_OCTOBER_reviews.csv,qris
24a5f925-ffb5-4dac-8599-7b746806a3ac,Pengguna Google,https://play-lh.googleusercontent.com/EGemoI2NTXmTsBVtJqk8jxF9rh8ApRWfsIMQSt2uE4OcpQqbFu7f7NbTK05lx80nuSijCz7sc3a277R67g,"qris transaksi gagal, tapi ke debit proses refund ribet",1,0,3.1.0,2025-11-17 12:18:57+00:00,"Halo Sahabat @Ian, mohon maaf atas ketidaknyamannya. Untuk perihal kendala pada layanan Livin' by Mandiri, mohon untuk dapat mengirimkan email ke mandiricare@bankmandiri.co.id atau dapat menghubungi layanan mandiri 14000 agar dapat dilakukan pengecekan. Tks~Irish",2025-11-17 12:34:43,3.1.0,Dataset/dataset\LIVIN_googleplay_OCTOBER_reviews.csv,qris
c07a21b3-12ad-4700-a2c5-cad06046c13f,Pengguna Google,https://play-lh.googleusercontent.com/EGemoI2NTXmTsBVtJqk8jxF9rh8ApRWfsIMQSt2uE4OcpQqbFu7f7NbTK05lx80nuSijCz7sc3a277R67g,"huh beberapa hari ini aplikasi ini makin tidak jelas belanja lewat qris di tolak terus belum lagi mau tf bacaan tetap di tolak sedangkan saldo mencukupi, BIAYA TF SAMPE 2.500 SAYA HARAP APLIKASI DI BETULKAN DENGAN BIJAK",1,0,,2025-11-17 01:20:27+00:00,"Hai Sahabat @afrizal arfha, mohon maaf atas ketidaknyamanannya. Utk pengecekan lebih lanjut atas kendala yg dialami, kami persilakan mengirimkan pesan melalui layanan email kami di mandiricare@bankmandiri.co.id atau mandiri call 14000 ya. Tks~Tommy",2025-11-17 01:25:04,,Dataset/dataset\LIVIN_googleplay_OCTOBER_reviews.csv,qris
69eb1bfe-1509-4295-9103-87c8f74315d1,Pengguna Google,https://play-lh.googleusercontent.com/EGemoI2NTXmTsBVtJqk8jxF9rh8ApRWfsIMQSt2uE4OcpQqbFu7f7NbTK05lx80nuSijCz7sc3a277R67g,livin makin lama bukannya makin cepet malah makin lelet. mau payment pakai qris gabisa2 pemeliharaan rutin ditunggu sampai lebih dari 30mnt tetep gbsa. alhasil gajadi belanja😒,1,8,3.2.0,2025-11-16 23:05:14+00:00,"Hai Sahabat @Choerunisa, mohon maaf atas ketidaknyamanannya. Perihal kendala yang dialami agar dpt kami tindaklanjuti, mhn kesediaan Sahabat utk mengirimkan email ke mandiricare@bankmandiri.co.id dengan subject : Review - Nama lengkap Sahabat atau menghubungi layanan mandiri call 14000 ya. Tks~Tommy",2025-11-16 23:17:09,3.2.0,Dataset/dataset\LIVIN_googleplay_OCTOBER_reviews.csv,qris
5c414430-1147-4f53-b221-887b77574512,Pengguna Google,https://play-lh.googleusercontent.com/EGemoI2NTXmTsBVtJqk8jxF9rh8ApRWfsIMQSt2uE4OcpQqbFu7f7NbTK05lx80nuSijCz7sc3a277R67g,kenapa gagal terus mau bayar pake qris,1,0,3.2.0,2025-11-15 08:59:06+00:00,,,3.2.0,Dataset/dataset\LIVIN_googleplay_OCTOBER_reviews.csv,qris
3484cdc2-4113-41ca-a685-084862a5ca8b,Pengguna Google,https://play-lh.googleusercontent.com/EGemoI2NTXmTsBVtJqk8jxF9rh8ApRWfsIMQSt2uE4OcpQqbFu7f7NbTK05lx80nuSijCz7sc3a277R67g,apasi livin susah banget transaksi jam 2 malem mau topup ewalet aja susah nya kaya apaan tau mau bayar greb aja Qris gagal terus... payahhh,1,1,3.2.0,2025-11-15 01:50:28+00:00,"Hai Sahabat @Perdi Hermawan, mohon maaf atas ketidaknyamanannya. Utk pengecekan lebih lanjut atas kendala yg dialami, kami persilakan mengirimkan pesan melalui layanan email kami di mandiricare@bankmandiri.co.id atau mandiri call 14000 ya. Tks~Tommy",2025-11-15 01:55:25,3.2.0,Dataset/dataset\LIVIN_googleplay_OCTOBER_reviews.csv,qris
5a81cfc2-9f78-4a6a-8e04-b91338eae719,Pengguna Google,https://play-lh.googleusercontent.com/EGemoI2NTXmTsBVtJqk8jxF9rh8ApRWfsIMQSt2uE4OcpQqbFu7f7NbTK05lx80nuSijCz7sc3a277R67g,sekarang transaksi Qris susah ga kya dlu langsung bisa,5,0,3.1.0,2025-11-12 02:36:15+00:00,"Halo Sahabat @Aziz Saputra, terima kasih atas review yang telah diberikan. Semoga terus menikmati kemudahan dan kenyamanan dalam menggunakan Livin' by Mandiri. Daftarkan transaksi secepat kilat pada menu Quick Pick untuk diakses pada halaman Login atau Beranda. Yuk coba sekarang. Tks~Charles",2025-11-12 03:06:42,3.1.0,Dataset/dataset\LIVIN_googleplay_OCTOBER_reviews.csv,qris
a9698edf-c257-495a-9ef8-59b1c0f32620,Pengguna Google,https://play-lh.googleusercontent.com/EGemoI2NTXmTsBVtJqk8jxF9rh8ApRWfsIMQSt2uE4OcpQqbFu7f7NbTK05lx80nuSijCz7sc3a277R67g,"kenapa lemot bgt klo dibuka, loading trus, pdhl ini mbanking loh penting buat transaksi, saya beli makan niatnya pake qris eh malah ngelag ni apk, jdi lama bgt kan gaenak saya",1,0,3.1.0,2025-11-10 20:00:22+00:00,"Hai Sahabat @Diego Forlan, mohon maaf atas ketidaknyamanannya. Untuk kendala yg dialami kami persilakan force close aplikasi terlebih dahulu jaringan yg digunakan stabil dan mencoba kembali secara berkala ya. Tks~Charles",2025-11-10 20:14:24,3.1.0,Dataset/dataset\LIVIN_googleplay_OCTOBER_reviews.csv,qris
f0fbe257-34d6-46c3-895f-6cefd6d67905,Pengguna Google,https://play-lh.googleusercontent.com/EGemoI2NTXmTsBVtJqk8jxF9rh8ApRWfsIMQSt2uE4OcpQqbFu7f7NbTK05lx80nuSijCz7sc3a277R67g,susah bikin qris mercen,5,0,3.1.0,2025-11-10 19:30:41+00:00,"Halo Sahabat @Azka Agus mohon maaf atas ketidaknyamanannya, terkait kendala transaksi Sahabat @Azka Agus mohon untuk dapat mengirimkan email ke mandiricare@bankmandiri.co.id atau dapat menghubungi mandiri call 14000 agar dapat dilakukan pengecekan. Tks~Syarif",2025-11-10 19:34:59,3.1.0,Dataset/dataset\LIVIN_googleplay_OCTOBER_reviews.csv,qris
9ffc629c-1b49-4282-95ba-9c806e2fae13,Pengguna Google,https://play-lh.googleusercontent.com/EGemoI2NTXmTsBVtJqk8jxF9rh8ApRWfsIMQSt2uE4OcpQqbFu7f7NbTK05lx80nuSijCz7sc3a277R67g,"cape banget pakai Livin ini ,sering banget gangguan ,sampai nahan malu mau bayar makanan ,melakukan transaksi via qris gagal terus",3,0,3.1.0,2025-11-09 23:03:10+00:00,"Hai Sahabat @TRI Sugiarto, mohon maaf atas ketidaknyamanannya. Utk pengecekan lebih lanjut atas kendala yg dialami, kami persilakan mengirimkan pesan melalui layanan email kami di mandiricare@bankmandiri.co.id atau mandiri call 14000 ya. Tks~Tommy",2025-11-09 23:11:49,3.1.0,Dataset/dataset\LIVIN_googleplay_OCTOBER_reviews.csv,qris
d655e711-4198-4c78-972c-79e2d36f44e4,Pengguna Google,https://play-lh.googleusercontent.com/EGemoI2NTXmTsBVtJqk8jxF9rh8ApRWfsIMQSt2uE4OcpQqbFu7f7NbTK05lx80nuSijCz7sc3a277R67g,gabisa bayar pake qris padahal cm 15k doang,1,0,,2025-11-07 16:33:34+00:00,"Hi Sahabat @Matchadepan, mohon maaf atas ketidaknyamanannya. Untuk perihal keluhan yang dialami, mohon untuk dapat mengirimkan email ke mandiricare@bankmandiri.co.id atau dapat menghubungi layanan mandiri 14000 agar dapat dilakukan pengecekan. Tks~Amar",2025-11-07 16:37:15,,Dataset/dataset\LIVIN_googleplay_OCTOBER_reviews.csv,qris
b24aa452-58c3-4cb3-aa9b-a261e574b07d,Pengguna Google,https://play-lh.googleusercontent.com/EGemoI2NTXmTsBVtJqk8jxF9rh8ApRWfsIMQSt2uE4OcpQqbFu7f7NbTK05lx80nuSijCz7sc3a277R67g,kok bwat scan bayar pke qris sering gagal tolong diperbaikin👌aplikasi nya bagus mempermudah,5,0,3.1.0,2025-11-07 12:31:47+00:00,"Halo Sahabat @Angga Candra, mohon maaf atas ketidaknyamannya. Perihal kendala pada layanan Livin' by Mandiri, mohon untuk dapat mengirimkan email ke mandiricare@bankmandiri.co.id atau dapat menghubungi layanan mandiri 14000 agar dapat dilakukan pengecekan. Tks~Cira
",2025-11-07 12:38:38,3.1.0,Dataset/dataset\LIVIN_googleplay_OCTOBER_reviews.csv,qris
b06668f8-9a11-468e-bfb1-ad38955209c5,Pengguna Google,https://play-lh.googleusercontent.com/EGemoI2NTXmTsBVtJqk8jxF9rh8ApRWfsIMQSt2uE4OcpQqbFu7f7NbTK05lx80nuSijCz7sc3a277R67g,kenapa terkadang kalau mau TF qris pasti pembayaran tidak berhasil terus,3,0,3.1.0,2025-11-07 01:19:06+00:00,"Hi Sahabat @Yz Rzk, mohon maaf atas ketidaknyamanannya. Mohon berkenan untuk mencoba kembali secara berkala dan menunggu 10-15 menit kedepan dikhawatirkan sedang proses pemeliharaan akhir hari rutin ya. Tks~Mandala",2025-11-07 01:22:38,3.1.0,Dataset/dataset\LIVIN_googleplay_OCTOBER_reviews.csv,qris
6b6fd46c-8a81-4763-a153-b60386b059e0,Pengguna Google,https://play-lh.googleusercontent.com/EGemoI2NTXmTsBVtJqk8jxF9rh8ApRWfsIMQSt2uE4OcpQqbFu7f7NbTK05lx80nuSijCz7sc3a277R67g,Transaksi Qris kebanyakan gagal jadi bikin malu kalo lagi bayar² di toko offline... setelah di update malah makin error..!! parah mandiri.. skrg stiap Susah mau buka aplikasi pun sll sedang perbaikan... nyesel banget pake mandiri..!!,1,5,3.1.0,2025-11-06 23:05:36+00:00,"Mohon maaf atas ketidaknyamanannya dalam mengakses layanan Livin' by Mandiri, saat ini Bank Mandiri sedang proses akhir hari rutin. Kami sarankan Sahabat dapat mencobanya secara berkala,apabila masih terkendala Sahabat dapat mengirimkan email ke mandiricare@bankmandiri.co.id atau dapat menghubungi layanan mandiri 14000/ Tks~Syarif",2025-11-06 23:15:39,3.1.0,Dataset/dataset\LIVIN_googleplay_OCTOBER_reviews.csv,qris
9e7db067-d1b3-4c89-9c8a-ba5a92792abf,Pengguna Google,https://play-lh.googleusercontent.com/EGemoI2NTXmTsBVtJqk8jxF9rh8ApRWfsIMQSt2uE4OcpQqbFu7f7NbTK05lx80nuSijCz7sc3a277R67g,pembayaran qris suka gagal refund nya lama harus ini harus itu.,1,0,,2025-11-06 12:31:36+00:00,"Hai Sahabat @Saepudin Nn, mohon maaf atas ketidaknyamanannya. Perihal tsb akan menjadi masukan bagi kami untuk pengembangan aplikasi kedepannya dan meningkatkan kualitas layanan Bank Mandiri demi kenyamanan nasabah. Utk kendala yg dialami, mohon mengirimkan email ke mandiricare@bankmandiri.co.id atau menghubungi mandiri call 14000. Tks~Vika",2025-11-06 12:34:49,,Dataset/dataset\LIVIN_googleplay_OCTOBER_reviews.csv,qris
a22c56e5-9535-4d06-a714-8676e5c7688a,Pengguna Google,https://play-lh.googleusercontent.com/EGemoI2NTXmTsBVtJqk8jxF9rh8ApRWfsIMQSt2uE4OcpQqbFu7f7NbTK05lx80nuSijCz7sc3a277R67g,"aplikasi sampah,suka error,qris suka gagal",1,1,3.1.0,2025-11-05 22:35:35+00:00,"Hai Sahabat @ Ekil Yan , mohon maaf atas ketidaknyamanannya. Saat ini Livin' by Mandiri terpantau normal, apabila mengalami kendala Sahabat dapat force close aplikasi dan mencoba kembali secara berkala ya. Tks~Charles",2025-11-05 22:38:35,3.1.0,Dataset/dataset\LIVIN_googleplay_OCTOBER_reviews.csv,qris
a68db9a1-bcc7-4cba-9909-08efe22c2547,Pengguna Google,https://play-lh.googleusercontent.com/EGemoI2NTXmTsBVtJqk8jxF9rh8ApRWfsIMQSt2uE4OcpQqbFu7f7NbTK05lx80nuSijCz7sc3a277R67g,"Hari ini tanggal 5 Nov 2025, jam 21.48 WIB. saya mau bayar pake QRIS livin tapi tidak bisa di buka. selama 17 menit gak bisa kebuka, cuma muter2 doank. TERPAKSA DEH BAYAR PAKE APLIKASI BANK BCA.",1,0,3.1.0,2025-11-05 21:51:30+00:00,"Halo Sahabat @Mind Of Sanjaya mohon maaf atas ketidaknyamanannya, terkait kendala transaksi Sahabat @Mind Of Sanjaya mohon untuk dapat mengirimkan email ke mandiricare@bankmandiri.co.id atau dapat menghubungi mandiri call 14000 agar dapat dilakukan pengecekan. Tks~Syarif",2025-11-05 22:43:47,3.1.0,Dataset/dataset\LIVIN_googleplay_OCTOBER_reviews.csv,qris
247ec5dd-0e13-42cd-aa7e-bfe0886ef2d6,Pengguna Google,https://play-lh.googleusercontent.com/EGemoI2NTXmTsBVtJqk8jxF9rh8ApRWfsIMQSt2uE4OcpQqbFu7f7NbTK05lx80nuSijCz7sc3a277R67g,"knp lemooot bngt si makin kesini livin...trnyt udah bnyk complaint, smpi malu mau bnyr pki qris berkali kali keluar masuk,tlng perbaiki!!",1,1,3.1.0,2025-11-05 20:14:57+00:00,"Halo Sahabat @Titi Azis, mohon maaf atas ketidaknyamanannya. Apabila terdapat kendala agar dapat kami tindaklanjuti, Sahabat dapat mengirimkan email ke mandiricare@bankmandiri.co.id atau menghubungi layanan mandiri call 14000 ya. Tks~Gala",2025-11-05 20:17:55,3.1.0,Dataset/dataset\LIVIN_googleplay_OCTOBER_reviews.csv,qris
67658c19-2f9d-4769-8c60-6da4462cb37b,Pengguna Google,https://play-lh.googleusercontent.com/EGemoI2NTXmTsBVtJqk8jxF9rh8ApRWfsIMQSt2uE4OcpQqbFu7f7NbTK05lx80nuSijCz7sc3a277R67g,sekarang QRIS udah gk bisa di pake apa emang ada gangguan aja ya?,5,0,3.1.0,2025-11-05 10:29:41+00:00,"Halo Sahabat @Samsul Mubarok, mohon maaf atas ketidaknyamannya. Perihal kendala pada layanan Livin' by Mandiri, mohon untuk dapat mengirimkan email ke mandiricare@bankmandiri.co.id atau dapat menghubungi layanan mandiri 14000 agar dapat dilakukan pengecekan. Tks~Celvin",2025-11-05 10:32:53,3.1.0,Dataset/dataset\LIVIN_googleplay_OCTOBER_reviews.csv,qris
b7955842-f250-4712-b356-40abf507c9fb,Pengguna Google,https://play-lh.googleusercontent.com/EGemoI2NTXmTsBVtJqk8jxF9rh8ApRWfsIMQSt2uE4OcpQqbFu7f7NbTK05lx80nuSijCz7sc3a277R67g,susah buat bayar pakai qris,1,1,2.0.0,2025-11-04 20:41:11+00:00,"Halo Sahabat @Khusnul Tiyas, mohon maaf atas ketidaknyamanannya. Terkait kendala transaksi Sahabat mohon untuk dapat mengirimkan email ke mandiricare@bankmandiri.co.id atau dapat menghubungi mandiri call 14000 agar dapat dilakukan pengecekan. Tks ~ Said
",2025-11-10 22:59:51,2.0.0,Dataset/dataset\LIVIN_googleplay_OCTOBER_reviews.csv,qris
79e26c05-b8d1-4599-9a3f-0c9a6bd30f39,Pengguna Google,https://play-lh.googleusercontent.com/EGemoI2NTXmTsBVtJqk8jxF9rh8ApRWfsIMQSt2uE4OcpQqbFu7f7NbTK05lx80nuSijCz7sc3a277R67g,Qris lu kenapa?selalu susah buat bayar qris,1,0,3.1.0,2025-11-04 01:18:33+00:00,"Hi Sahabat @Eggy J Alvaro, mhn maaf atas ketidaknyamanannya dlm mengakses layanan Livin' by Mandiri. Saat ini Bank Mandiri sedang proses akhir hari rutin. Kami sarankan Sahabat dpt mencoba secara berkala. Jika msh terkendala dpt mengirimkan email ke mandiricare@bankmandiri.co.id atau dapat menghubungi layanan mandiri 14000. Tks~Charles",2025-11-04 01:28:16,3.1.0,Dataset/dataset\LIVIN_googleplay_OCTOBER_reviews.csv,qris
cee4e4b3-7528-4b3b-9cae-f27a49c4d137,Pengguna Google,https://play-lh.googleusercontent.com/EGemoI2NTXmTsBVtJqk8jxF9rh8ApRWfsIMQSt2uE4OcpQqbFu7f7NbTK05lx80nuSijCz7sc3a277R67g,"loading screen awal untuk buka app sangat lama. terjadi di app livin bukan milik saya saja tapi teman2 di kantor juga mengeluhkan hal yang sama. Mohon di perbaiki karena untuk pembayaran qris jadi terkendala. (Sudah update app terbaru, internet lancar, dengan hp keluaran terbaru.)",4,0,3.1.0,2025-11-02 17:04:13+00:00,"Halo Sahabat @Adi Hanif, mohon maaf atas ketidaknyamanannya. Perihal tsb mohon kesediaannya menghubungi layanan mandiri call 14000 atau mengirimkan email ke mandiricare@bankmandiri.co.id agar dpt kami lakukan pengecekan lebih lanjut ya. Tks~Zafran",2025-11-02 17:46:13,3.1.0,Dataset/dataset\LIVIN_googleplay_OCTOBER_reviews.csv,qris
f989310c-385b-4fdb-b08b-c8f5a216e2a9,Pengguna Google,https://play-lh.googleusercontent.com/EGemoI2NTXmTsBVtJqk8jxF9rh8ApRWfsIMQSt2uE4OcpQqbFu7f7NbTK05lx80nuSijCz7sc3a277R67g,"SAYA INGIN MENGAJUKAN MASALAH TERKAIT QRIS NIH SAYA PAKAI QRIS KOK GAGAL MULUK YA APA ADA MASALAH DI APK NYA KAH,TOLONG DIPERBAIKI LAGI SAYA INGIN BELI MINUMAN DI TEMPAT MESIN GAGAL MULUK TOLONG SEKALI LAGI DI PERBAIKI APK NYA SEKIAN TERIMA KASIH",1,0,3.1.0,2025-11-02 15:27:28+00:00,"Halo Sahabat @Hamda Faturrahman, mohon maaf atas ketidaknyamanannya. Terkait kendala transaksi Sahabat, mohon untuk dapat mengirimkan email ke mandiricare@bankmandiri.co.id atau menghubungi Mandiri Call 14000 agar dilakukan pengecekan. Tks~Danti",2025-11-02 15:31:51,3.1.0,Dataset/dataset\LIVIN_googleplay_OCTOBER_reviews.csv,qris
5748b8dd-169b-47de-9782-a15b7387e958,Pengguna Google,https://play-lh.googleusercontent.com/EGemoI2NTXmTsBVtJqk8jxF9rh8ApRWfsIMQSt2uE4OcpQqbFu7f7NbTK05lx80nuSijCz7sc3a277R67g,"udh sebulan ini tiap mau bayar ke kasir buka app livin buat qris selalu lamaa. cerita sama tmn sekantor, ternyata problem nya sama. malu SETIAP KALI bayar ditunggu sama org yg antri",1,0,3.1.0,2025-11-01 20:39:48+00:00,"Halo Sahabat @coriena desy, mohon maaf atas ketidaknyamanannya. Terkait kendala transaksi Sahabat mohon untuk dapat mengirimkan email ke mandiricare@bankmandiri.co.id atau dapat menghubungi mandiri call 14000 agar dapat dilakukan pengecekan. Tks ~ Said",2025-11-01 20:42:51,3.1.0,Dataset/dataset\LIVIN_googleplay_OCTOBER_reviews.csv,qris
6b10b7f2-8007-4274-af94-cf0572f7a75c,Pengguna Google,https://play-lh.googleusercontent.com/EGemoI2NTXmTsBVtJqk8jxF9rh8ApRWfsIMQSt2uE4OcpQqbFu7f7NbTK05lx80nuSijCz7sc3a277R67g,"BAHAYA JUGA DI OVO INI SEKARANG"" TRANSAKSI QRIS SERING PENDING PROSES PENGEMBALIAN UANG JUGA SLOW RESPON",1,0,3.126.0,2025-12-31 08:17:53+00:00,,,3.126.0,Dataset/dataset\OVO_googleplay_DECEMBER_reviews.csv,qris
09feb212-2c3d-4d44-a7cc-921661292786,Pengguna Google,https://play-lh.googleusercontent.com/EGemoI2NTXmTsBVtJqk8jxF9rh8ApRWfsIMQSt2uE4OcpQqbFu7f7NbTK05lx80nuSijCz7sc3a277R67g,"Makin kesini makin gak jelas ini ovo. sering lemot, sering gagal, kdang berhasil tapi gak masuk ke penerima kalo pembayaran QRIS... sangat disayangkan...",1,0,3.103.0,2025-12-31 00:54:23+00:00,,,3.103.0,Dataset/dataset\OVO_googleplay_DECEMBER_reviews.csv,qris
3c9076bb-df1d-4013-90a8-3d5bc2aabbab,Pengguna Google,https://play-lh.googleusercontent.com/EGemoI2NTXmTsBVtJqk8jxF9rh8ApRWfsIMQSt2uE4OcpQqbFu7f7NbTK05lx80nuSijCz7sc3a277R67g,"dari jaman buat nerima insentif prakerja sampai barusan saya coba jajan bayar pakai qris, lancar lancar aja. thanks!",5,0,,2025-12-30 22:03:13+00:00,,,,Dataset/dataset\OVO_googleplay_DECEMBER_reviews.csv,qris
c74e7329-fbe3-44a2-8328-0a7309d384c3,Pengguna Google,https://play-lh.googleusercontent.com/EGemoI2NTXmTsBVtJqk8jxF9rh8ApRWfsIMQSt2uE4OcpQqbFu7f7NbTK05lx80nuSijCz7sc3a277R67g,"parah ini ovo sering bayar pakek qris sering error padahal jaringan internet gua bagus,terus suka keluar sendiri,lemot susah masuk!tlg d benerin donk kalau ga ak pakek dompet digital lain",1,0,3.150.0,2025-12-30 16:30:33+00:00,,,3.150.0,Dataset/dataset\OVO_googleplay_DECEMBER_reviews.csv,qris
3ada5721-85ff-485d-b85f-1bae9777bce0,Pengguna Google,https://play-lh.googleusercontent.com/EGemoI2NTXmTsBVtJqk8jxF9rh8ApRWfsIMQSt2uE4OcpQqbFu7f7NbTK05lx80nuSijCz7sc3a277R67g,sekarang kaga bagus saya bayar pakai Qris gagal mulu dulu ovo bagus bayar pakai kiris berkali2 kaga masalah ok aja sekarang persi baru jelek bangat asli jelek bangat kecewa berat,1,1,3.150.0,2025-12-30 14:02:49+00:00,,,3.150.0,Dataset/dataset\OVO_googleplay_DECEMBER_reviews.csv,qris
65cd8009-4ba5-4a6c-85b8-14cfbd89559f,Pengguna Google,https://play-lh.googleusercontent.com/EGemoI2NTXmTsBVtJqk8jxF9rh8ApRWfsIMQSt2uE4OcpQqbFu7f7NbTK05lx80nuSijCz7sc3a277R67g,"kenapa saat pembayaran menggunakan qris tidak bisa memasukan code security, tolong diperbaiki",5,0,,2025-12-30 11:19:31+00:00,,,,Dataset/dataset\OVO_googleplay_DECEMBER_reviews.csv,qris
31855785-ee7d-44d3-9ee8-391d036b6c15,Pengguna Google,https://play-lh.googleusercontent.com/EGemoI2NTXmTsBVtJqk8jxF9rh8ApRWfsIMQSt2uE4OcpQqbFu7f7NbTK05lx80nuSijCz7sc3a277R67g,"kok saldo ovo sering terpotong sebelum melakukan pemabayaran, dimetode qris, aneh setiap dibatalkan saldo terpotong terus",1,0,,2025-12-30 08:41:30+00:00,,,,Dataset/dataset\OVO_googleplay_DECEMBER_reviews.csv,qris
3c2aa080-ab3a-49ca-a9d1-74c96b68f206,Pengguna Google,https://play-lh.googleusercontent.com/EGemoI2NTXmTsBVtJqk8jxF9rh8ApRWfsIMQSt2uE4OcpQqbFu7f7NbTK05lx80nuSijCz7sc3a277R67g,"aplikasi aneh sumpah transfer eror mulu, qris juga eror mulu",2,0,,2025-12-27 23:21:33+00:00,,,,Dataset/dataset\OVO_googleplay_DECEMBER_reviews.csv,qris
dc83c664-b4d0-4ca5-a4a0-1f432d5b0ddf,Pengguna Google,https://play-lh.googleusercontent.com/EGemoI2NTXmTsBVtJqk8jxF9rh8ApRWfsIMQSt2uE4OcpQqbFu7f7NbTK05lx80nuSijCz7sc3a277R67g,ini ovo kenapa sih..ko gak bisa transfer atau pembayaran qris..ini cs nya mana.. gmna cara hubungi cs nya ovo sih !!!!!????????,1,0,,2025-12-27 14:16:57+00:00,,,,Dataset/dataset\OVO_googleplay_DECEMBER_reviews.csv,qris
87359828-fd79-4416-854b-265a7f54467b,Pengguna Google,https://play-lh.googleusercontent.com/EGemoI2NTXmTsBVtJqk8jxF9rh8ApRWfsIMQSt2uE4OcpQqbFu7f7NbTK05lx80nuSijCz7sc3a277R67g,"saya sangat kecewa pembayaran qris saya terus tidak berhasil dan selalu dalam proses dalam waktu lebih dari 1jam namun saldo ovo saya sudah dipotong,ketika saya kirim email ke cs ovo nya responnya sangat lambat dan buruk,jujur rasa kepercayaan saya jadi turun sama aplikasi ovo,tolong baca dan respon email dari saya",2,0,3.150.0,2025-12-26 20:19:15+00:00,,,3.150.0,Dataset/dataset\OVO_googleplay_DECEMBER_reviews.csv,qris
8442137e-b1cc-4e8b-8fc8-26a9036d4a18,Pengguna Google,https://play-lh.googleusercontent.com/EGemoI2NTXmTsBVtJqk8jxF9rh8ApRWfsIMQSt2uE4OcpQqbFu7f7NbTK05lx80nuSijCz7sc3a277R67g,Qris sering eror.. aplikasi burik,1,0,,2025-12-25 19:20:00+00:00,,,,Dataset/dataset\OVO_googleplay_DECEMBER_reviews.csv,qris
d26ac008-1fc4-43fc-b16f-489b78ac7f24,Pengguna Google,https://play-lh.googleusercontent.com/EGemoI2NTXmTsBVtJqk8jxF9rh8ApRWfsIMQSt2uE4OcpQqbFu7f7NbTK05lx80nuSijCz7sc3a277R67g,saya tidak bisa screenshot barcode qris akun ovo saya,5,0,3.150.0,2025-12-24 21:17:43+00:00,,,3.150.0,Dataset/dataset\OVO_googleplay_DECEMBER_reviews.csv,qris
9a494663-7d17-4e1b-a35d-1e417c1270a4,Pengguna Google,https://play-lh.googleusercontent.com/EGemoI2NTXmTsBVtJqk8jxF9rh8ApRWfsIMQSt2uE4OcpQqbFu7f7NbTK05lx80nuSijCz7sc3a277R67g,"udah bisa dibuka, ternyata harus pakai kuota kalau pakai wifi enggak bisa. sekarang masalahnya nggak bisa buat qris ini gimana ya",3,1,3.150.0,2025-12-23 17:58:17+00:00,,,3.150.0,Dataset/dataset\OVO_googleplay_DECEMBER_reviews.csv,qris
ffd45327-774c-4972-9561-a4e5a7721b69,Pengguna Google,https://play-lh.googleusercontent.com/EGemoI2NTXmTsBVtJqk8jxF9rh8ApRWfsIMQSt2uE4OcpQqbFu7f7NbTK05lx80nuSijCz7sc3a277R67g,"pas giliran mau bayar qris malah ovo nya ga bisa di pake, duit ada di situ semua maklum dari grab driver, harus pake ovo, nyusain..",5,0,3.149.0,2025-12-23 12:14:01+00:00,,,3.149.0,Dataset/dataset\OVO_googleplay_DECEMBER_reviews.csv,qris
7bc73042-0453-4107-91df-ca271b1add01,Pengguna Google,https://play-lh.googleusercontent.com/EGemoI2NTXmTsBVtJqk8jxF9rh8ApRWfsIMQSt2uE4OcpQqbFu7f7NbTK05lx80nuSijCz7sc3a277R67g,"Cukup puas dengan OVO, kalian harus upgrade ke OVO Nabung dulu baru nanti akan puas dengan layanan OVO, karena kalau di upgrade ke OVO Nabung bisa gratis top up tanpa batas. Selain itu dengan OVO Nabung bisa gratis transfer ke semua Bank via aplikasi SuperBank dengan sumber dana OVO Nabung. Saya berpendapat bahwa OVO merupakan Ewallet terbaik karena aplikasinya ringan dan support pembayaran di banyak aplikasi. Sedikit saran buat OVO semoga menambahkan fitur biometrik untuk pembayaran QRIS.",5,39,3.150.0,2025-12-21 07:18:21+00:00,,,3.150.0,Dataset/dataset\OVO_googleplay_DECEMBER_reviews.csv,qris
27a93cde-a9e2-4093-8c52-1d46433c4d3f,Pengguna Google,https://play-lh.googleusercontent.com/EGemoI2NTXmTsBVtJqk8jxF9rh8ApRWfsIMQSt2uE4OcpQqbFu7f7NbTK05lx80nuSijCz7sc3a277R67g,Kenapa Qris ovo ga bisa digunakan.? Tolong segera dibenerin... Lihat Selengkapnya,5,0,3.149.0,2025-12-20 20:17:52+00:00,,,3.149.0,Dataset/dataset\OVO_googleplay_DECEMBER_reviews.csv,qris
da5415ab-d41b-425f-8333-f3a69477481e,Pengguna Google,https://play-lh.googleusercontent.com/EGemoI2NTXmTsBVtJqk8jxF9rh8ApRWfsIMQSt2uE4OcpQqbFu7f7NbTK05lx80nuSijCz7sc3a277R67g,"makin di update makin parah, qris pembayaran dlm proses tapi saldo terpotong, setelah beberapa hari di email pihak ovo 5 hari kerja GK masuk tanggal merah dan hari libur baru di proses transaksi yg pendingnya, bukan nya msuk saldo yg pending ke penerima malah GK masuk rupanya, dan setelah itu di email lagi pihak ovo menunggu lagi 5 hari kerja, sangat merugikan sekali menggunakan aplikasi ini GK kayak ewalet yg lain, yg lain ada TF bank gratisnya dan Nerima saldo dr bank lain pun GK ada admin. ⭐-",1,0,3.149.0,2025-12-19 17:31:10+00:00,,,3.149.0,Dataset/dataset\OVO_googleplay_DECEMBER_reviews.csv,qris
ebae73f2-6198-473e-ae83-96d3ffab39ed,Pengguna Google,https://play-lh.googleusercontent.com/EGemoI2NTXmTsBVtJqk8jxF9rh8ApRWfsIMQSt2uE4OcpQqbFu7f7NbTK05lx80nuSijCz7sc3a277R67g,hhari ini saya bayar merchant menggunakan qris. uang sudah kepotong.tapi tidak masuk k merchant.. menggunakan pusat bantuan sedang tidak bisa d gunakan..tolong di tingjatkan lagi qualitasnya..biar betah kami menggunakan ovo.,4,0,3.149.0,2025-12-19 12:01:14+00:00,,,3.149.0,Dataset/dataset\OVO_googleplay_DECEMBER_reviews.csv,qris
baf387c4-3573-4ea6-b89b-ac3e75c60c6b,Pengguna Google,https://play-lh.googleusercontent.com/EGemoI2NTXmTsBVtJqk8jxF9rh8ApRWfsIMQSt2uE4OcpQqbFu7f7NbTK05lx80nuSijCz7sc3a277R67g,"anehh pas pembayaran qris pake ovo lemot banget udh 2 hari baru berhasil kan jadi double bayar, minta solusi ke CS ga ada tanggepan sama sekali.",1,0,3.132.0,2025-12-18 07:05:08+00:00,,,3.132.0,Dataset/dataset\OVO_googleplay_DECEMBER_reviews.csv,qris
1fc9e312-364a-4d83-96c7-185f15a8d604,Pengguna Google,https://play-lh.googleusercontent.com/EGemoI2NTXmTsBVtJqk8jxF9rh8ApRWfsIMQSt2uE4OcpQqbFu7f7NbTK05lx80nuSijCz7sc3a277R67g,"saya belanja di Alfamart menggunakan metode pembayaran QRIS OVO sudah berhasil tapi kenapa setelah 4hari saldo saya terpotong lagi dengan nominal yang sama di Alfamart yg sama,sistemnya rusak apa akal²an doang soalnya saya sudah sering kehilangan saldo di ovo,nominal tidak terlalu besar tapi sangat merugikan,kinerja ovo SANGAT BURUK",1,0,3.149.0,2025-12-18 05:37:25+00:00,,,3.149.0,Dataset/dataset\OVO_googleplay_DECEMBER_reviews.csv,qris
a64480c6-0cbf-4e5b-a080-08b20a749705,Pengguna Google,https://play-lh.googleusercontent.com/EGemoI2NTXmTsBVtJqk8jxF9rh8ApRWfsIMQSt2uE4OcpQqbFu7f7NbTK05lx80nuSijCz7sc3a277R67g,transaksi transfer ke wallet lain kadang lama pengembalian juga lama pembayaran melalui qris sering gagal biaya transaksi jg tinggi tidak recomended,1,0,3.149.0,2025-12-18 01:25:30+00:00,,,3.149.0,Dataset/dataset\OVO_googleplay_DECEMBER_reviews.csv,qris
eac5c6e4-71be-4673-ba40-006d94f86ee3,Pengguna Google,https://play-lh.googleusercontent.com/EGemoI2NTXmTsBVtJqk8jxF9rh8ApRWfsIMQSt2uE4OcpQqbFu7f7NbTK05lx80nuSijCz7sc3a277R67g,saya gunakan qris kenapa hanya loading dan diproses sudah seminggu,1,0,3.117.0,2025-12-17 16:29:59+00:00,,,3.117.0,Dataset/dataset\OVO_googleplay_DECEMBER_reviews.csv,qris
01211430-008e-43eb-b1d3-2a0b670ed660,Pengguna Google,https://play-lh.googleusercontent.com/EGemoI2NTXmTsBVtJqk8jxF9rh8ApRWfsIMQSt2uE4OcpQqbFu7f7NbTK05lx80nuSijCz7sc3a277R67g,knapa mau krim lwat Qris d btasi si..cuma brapa x krim.udh tu gak bsa lgi,5,0,,2025-12-17 13:01:26+00:00,,,,Dataset/dataset\OVO_googleplay_DECEMBER_reviews.csv,qris
762cc03f-eeb6-49eb-9d0a-5245ec43c107,Pengguna Google,https://play-lh.googleusercontent.com/EGemoI2NTXmTsBVtJqk8jxF9rh8ApRWfsIMQSt2uE4OcpQqbFu7f7NbTK05lx80nuSijCz7sc3a277R67g,"bagus dan sangat membantu untuk kepala tambah pusing,.. aplikasi ini bikin gua jadi sewot masa buat scan qris sampe GK bisa2 malah sampe lebih satu mingguan, .parahhhhh",5,77,3.149.0,2025-12-17 02:57:19+00:00,,,3.149.0,Dataset/dataset\OVO_googleplay_DECEMBER_reviews.csv,qris
47e7a6a9-7258-4f37-893f-1d64136f9574,Pengguna Google,https://play-lh.googleusercontent.com/EGemoI2NTXmTsBVtJqk8jxF9rh8ApRWfsIMQSt2uE4OcpQqbFu7f7NbTK05lx80nuSijCz7sc3a277R67g,"hati2 dengan aplikasi pencuri ovo, sy bertransaksi dengan qris ovo tgl 12/12/2025 sekitar jam 19.00 sampai sekarang belum berhasil dan saldo terpotong 50rb. sdh menghubungi ovo tp tak ada tanggapan. maling.... maling....",1,0,3.149.0,2025-12-16 05:40:32+00:00,,,3.149.0,Dataset/dataset\OVO_googleplay_DECEMBER_reviews.csv,qris
f8529b72-573a-4487-b8cb-4a9e82c68d05,Pengguna Google,https://play-lh.googleusercontent.com/EGemoI2NTXmTsBVtJqk8jxF9rh8ApRWfsIMQSt2uE4OcpQqbFu7f7NbTK05lx80nuSijCz7sc3a277R67g,"makin parah kayaknya,gagal bayar Qris terus,makin ga jelas,",1,1,3.149.0,2025-12-15 22:16:15+00:00,"Hai Kak Novita Istadik, mohon maaf atas ketidaknyamanannya. Apabila ada keluhan atau pertanyaan mohon menghubungi tim kami melalui email di cs@ovo.id atau call center kami di 1500-696. Terima kasih. ^BN",8/23/2019 13:07,3.149.0,Dataset/dataset\OVO_googleplay_DECEMBER_reviews.csv,qris
625f2ae3-7692-40bd-8779-0b3de3b03fec,Pengguna Google,https://play-lh.googleusercontent.com/EGemoI2NTXmTsBVtJqk8jxF9rh8ApRWfsIMQSt2uE4OcpQqbFu7f7NbTK05lx80nuSijCz7sc3a277R67g,aplikasi tergoblok masa ia mau kirim lewat qris gbisa berturut turut harus ada jeda udah lemot pula,1,0,3.149.0,2025-12-15 10:39:26+00:00,,,3.149.0,Dataset/dataset\OVO_googleplay_DECEMBER_reviews.csv,qris
ad349df9-ba90-4e60-b3e8-6ed9c30fc7d1,Pengguna Google,https://play-lh.googleusercontent.com/EGemoI2NTXmTsBVtJqk8jxF9rh8ApRWfsIMQSt2uE4OcpQqbFu7f7NbTK05lx80nuSijCz7sc3a277R67g,transaksi lewat Qris 4 hari dalam proses terussss aplikasi gak bener... awas hati2 yg transaksi lewat Qris ovo pikir2 terlebih dahulu...KECEWA,1,0,,2025-12-15 03:05:03+00:00,,,,Dataset/dataset\OVO_googleplay_DECEMBER_reviews.csv,qris
9bd402a3-7897-40c1-baf8-1ee714b5a0f5,Pengguna Google,https://play-lh.googleusercontent.com/EGemoI2NTXmTsBVtJqk8jxF9rh8ApRWfsIMQSt2uE4OcpQqbFu7f7NbTK05lx80nuSijCz7sc3a277R67g,anj bgt mau bayar pke qris aja gagal berkali kali,1,0,3.149.0,2025-12-14 17:20:40+00:00,,,3.149.0,Dataset/dataset\OVO_googleplay_DECEMBER_reviews.csv,qris
f15f5959-99a5-4f1f-92da-fb8221b55f7e,Pengguna Google,https://play-lh.googleusercontent.com/EGemoI2NTXmTsBVtJqk8jxF9rh8ApRWfsIMQSt2uE4OcpQqbFu7f7NbTK05lx80nuSijCz7sc3a277R67g,Akhir akhir ini sering gangguan saat metode pembayaran Qris Indomaret atau Alfamart,1,0,3.140.0,2025-12-14 17:15:56+00:00,,,3.140.0,Dataset/dataset\OVO_googleplay_DECEMBER_reviews.csv,qris
89e409ef-531e-4c69-8e12-2dc7ca321b6d,Pengguna Google,https://play-lh.googleusercontent.com/EGemoI2NTXmTsBVtJqk8jxF9rh8ApRWfsIMQSt2uE4OcpQqbFu7f7NbTK05lx80nuSijCz7sc3a277R67g,pembayaran saya melalui ovo qris sudah 1x24 jam lebih masih dalam proses sy hubungi cs nya malah di suruh mengonfirmasi ke tujuan Merchant nya yang belum menerima dana nya jelas2 masalah nya ada di aplikasi ovo nya yg masih dalam proses pembayaran saya cs nya slow respon sy suruh refund pembayaran katanya tidak bisa,1,0,3.100.0,2025-12-13 23:30:43+00:00,,,3.100.0,Dataset/dataset\OVO_googleplay_DECEMBER_reviews.csv,qris
2487a6b4-0795-4b6c-850c-b7a7fb45f71f,Pengguna Google,https://play-lh.googleusercontent.com/EGemoI2NTXmTsBVtJqk8jxF9rh8ApRWfsIMQSt2uE4OcpQqbFu7f7NbTK05lx80nuSijCz7sc3a277R67g,OVO tolong support fitur QRIS Tap dong. Untuk bayar parkir juga. Thx,3,0,3.149.0,2025-12-13 22:21:41+00:00,,,3.149.0,Dataset/dataset\OVO_googleplay_DECEMBER_reviews.csv,qris
0a5c8ded-ed84-4c18-9db8-3d76997fb1ea,Pengguna Google,https://play-lh.googleusercontent.com/EGemoI2NTXmTsBVtJqk8jxF9rh8ApRWfsIMQSt2uE4OcpQqbFu7f7NbTK05lx80nuSijCz7sc3a277R67g,"Ini aplikasi gembel bngt pembayaran QRIS masih dlm proses bisa sampe 1 hari gak selesai²,udh gitu kita buat laporan untuk bantuan masalah ke cs dipersulit,percuma ada 1x24 jika ada kendala transaksi gagal/dlm proses uang akan kembali otomatis itu BOHONG. Sampai saat ini duit gua gk di refund sama sekali.",1,35,3.149.0,2025-12-13 21:52:43+00:00,,,3.149.0,Dataset/dataset\OVO_googleplay_DECEMBER_reviews.csv,qris
f8d85da2-cc5a-486d-97b2-6568fec11b1a,Pengguna Google,https://play-lh.googleusercontent.com/EGemoI2NTXmTsBVtJqk8jxF9rh8ApRWfsIMQSt2uE4OcpQqbFu7f7NbTK05lx80nuSijCz7sc3a277R67g,"jangan pake ovo, qris nya gagal trus, refund nya jg sebulan baru d ganti, refund 50 rb nunggu sebulan wkwkwkk",1,0,3.149.0,2025-12-13 12:29:03+00:00,,,3.149.0,Dataset/dataset\OVO_googleplay_DECEMBER_reviews.csv,qris
dfe0b807-67b2-4eba-ad85-6c0e501d911d,Pengguna Google,https://play-lh.googleusercontent.com/EGemoI2NTXmTsBVtJqk8jxF9rh8ApRWfsIMQSt2uE4OcpQqbFu7f7NbTK05lx80nuSijCz7sc3a277R67g,"Belakangan ini aplikasi Ovo kenapa sering banget error dah, dibuat bayar pake Qris saldo kepotong tapi pembayaran ga masuk ke merchant-nya kan kaya orang tolol kita jadi dipermalukan, coba perbaiki lagi dah bnyak bugnya di aplikasi ini padahal di pakai jutaan orang loh",3,9,3.149.0,2025-12-13 05:51:35+00:00,,,3.149.0,Dataset/dataset\OVO_googleplay_DECEMBER_reviews.csv,qris
c3571f69-0897-498d-afcd-d215bc970b88,Pengguna Google,https://play-lh.googleusercontent.com/EGemoI2NTXmTsBVtJqk8jxF9rh8ApRWfsIMQSt2uE4OcpQqbFu7f7NbTK05lx80nuSijCz7sc3a277R67g,sudah dua kali pembayaran topup ke merchant melalui pembayaran qris status berhasil tapi saldo tidak diterima merchant tolong diperbaiki bukan uang sedikit klaim bikin laporan pun susah tidak bisa di klik kirim payah,1,5,3.149.0,2025-12-12 07:31:32+00:00,,,3.149.0,Dataset/dataset\OVO_googleplay_DECEMBER_reviews.csv,qris
58fa7565-8e9e-44c1-9b15-de65406fea2b,Pengguna Google,https://play-lh.googleusercontent.com/EGemoI2NTXmTsBVtJqk8jxF9rh8ApRWfsIMQSt2uE4OcpQqbFu7f7NbTK05lx80nuSijCz7sc3a277R67g,PARAH OVO MASA BAYAR PAKE QRIS DIPROSES TERUS SEDANGKAN SALDO UDAH KEPOTONG!!!!!!!!!!,1,0,3.149.0,2025-12-09 19:38:50+00:00,,,3.149.0,Dataset/dataset\OVO_googleplay_DECEMBER_reviews.csv,qris
16c2ca68-2276-4e81-bede-15f93915be4d,Pengguna Google,https://play-lh.googleusercontent.com/EGemoI2NTXmTsBVtJqk8jxF9rh8ApRWfsIMQSt2uE4OcpQqbFu7f7NbTK05lx80nuSijCz7sc3a277R67g,Aplikasi Ovonya QRIS jangn Gagal Terus,4,0,3.89.0,2025-12-09 14:10:45+00:00,,,3.89.0,Dataset/dataset\OVO_googleplay_DECEMBER_reviews.csv,qris
6182ce9b-dafd-48eb-818d-db1b13553c2f,Pengguna Google,https://play-lh.googleusercontent.com/EGemoI2NTXmTsBVtJqk8jxF9rh8ApRWfsIMQSt2uE4OcpQqbFu7f7NbTK05lx80nuSijCz7sc3a277R67g,"Jangan kuatir, ini cuma sementara blablalalallala, dikira bayar qris mau nungguin gangguan? Bawa ewallet buat jadi mudah, malah nyusahin 👎👎👎👎👎👎👎👎👎👎",1,0,3.149.0,2025-12-09 04:12:49+00:00,,,3.149.0,Dataset/dataset\OVO_googleplay_DECEMBER_reviews.csv,qris
1669b11b-7c5f-453c-8d6c-14ea9e67b269,Pengguna Google,https://play-lh.googleusercontent.com/EGemoI2NTXmTsBVtJqk8jxF9rh8ApRWfsIMQSt2uE4OcpQqbFu7f7NbTK05lx80nuSijCz7sc3a277R67g,ko gak ada barcode qris ya min,5,0,3.148.0,2025-12-08 12:00:33+00:00,,,3.148.0,Dataset/dataset\OVO_googleplay_DECEMBER_reviews.csv,qris
41a37d5c-ac58-451d-b2f5-ad6c798dca9e,Pengguna Google,https://play-lh.googleusercontent.com/EGemoI2NTXmTsBVtJqk8jxF9rh8ApRWfsIMQSt2uE4OcpQqbFu7f7NbTK05lx80nuSijCz7sc3a277R67g,"qris dari semlm sampe Skrang ko proses terus, biasanyaa langsung masuk, ini mah proses terus ,tolong di bantu",5,0,3.148.0,2025-12-08 09:15:50+00:00,,,3.148.0,Dataset/dataset\OVO_googleplay_DECEMBER_reviews.csv,qris
f6108cb5-117b-41c5-9a73-aa8bfa07c2b3,Pengguna Google,https://play-lh.googleusercontent.com/EGemoI2NTXmTsBVtJqk8jxF9rh8ApRWfsIMQSt2uE4OcpQqbFu7f7NbTK05lx80nuSijCz7sc3a277R67g,"diperbaiki lagi dong masa verifikasi sampe sekarang belum bisa, pdahal data sesuai dengan KTP masih gagal, terus coba pake qris juga gagal terus apk gajelas",1,0,,2025-12-07 10:44:07+00:00,,,,Dataset/dataset\OVO_googleplay_DECEMBER_reviews.csv,qris
90335e06-f18a-44a3-be40-43a75db1d8c0,Pengguna Google,https://play-lh.googleusercontent.com/EGemoI2NTXmTsBVtJqk8jxF9rh8ApRWfsIMQSt2uE4OcpQqbFu7f7NbTK05lx80nuSijCz7sc3a277R67g,aplikasi gak guna baru juga top up mau bayar pake qris gak bisa lol pembayaran gagal Mulu huss,1,0,3.148.0,2025-12-06 22:15:15+00:00,,,3.148.0,Dataset/dataset\OVO_googleplay_DECEMBER_reviews.csv,qris
dc34d32f-8082-4f39-a72f-395a6415fe4d,Pengguna Google,https://play-lh.googleusercontent.com/EGemoI2NTXmTsBVtJqk8jxF9rh8ApRWfsIMQSt2uE4OcpQqbFu7f7NbTK05lx80nuSijCz7sc3a277R67g,bagus tpi qris gak bisa sering digunakan,5,0,3.148.0,2025-12-05 06:39:38+00:00,,,3.148.0,Dataset/dataset\OVO_googleplay_DECEMBER_reviews.csv,qris
a1751ca9-ae47-4799-87cb-7a1276fc2d0e,Pengguna Google,https://play-lh.googleusercontent.com/EGemoI2NTXmTsBVtJqk8jxF9rh8ApRWfsIMQSt2uE4OcpQqbFu7f7NbTK05lx80nuSijCz7sc3a277R67g,saya pengguna ovo..baru kali ini kecewa..tranfer metode qris ga masuk..dan ga ada kejelasan dana kemana..saran sya pengguna ovo hati2,1,0,3.148.0,2025-12-03 17:02:53+00:00,"Hai Kak Agus, mohon maaf atas ketidaknyamanannya, apabila ada keluhan atau pertanyaan mohon menghubungi tim kami melalui email di cs@ovo.id atau call center kami di 1500-696. Terima kasih. ^EA",8/17/2020 5:32,3.148.0,Dataset/dataset\OVO_googleplay_DECEMBER_reviews.csv,qris
a129d216-9b49-43c5-b1bd-f7505e82e84e,Pengguna Google,https://play-lh.googleusercontent.com/EGemoI2NTXmTsBVtJqk8jxF9rh8ApRWfsIMQSt2uE4OcpQqbFu7f7NbTK05lx80nuSijCz7sc3a277R67g,"untuk kalian yang belum pernah download aplikasi ini sebaiknya jangan pernah pake aplikasi ini, karena ini bukan apk pembayaran melainkan apk perampokan, saya sudah melakukan pembayaran dengan qris menggunakan ovo dan status sudah berhasil tapi dari pihak merchant belum menerima pembayaran tersebut, dab sudah di refund tapi dari pihak ovo tidak ada itikat baik untuk melakukan pengembalian saldo, jadi apk ini sudah A1 APLIKSAI PERAMPOKAN",5,68,3.148.0,2025-12-03 13:20:07+00:00,,,3.148.0,Dataset/dataset\OVO_googleplay_DECEMBER_reviews.csv,qris
301a670e-6b3d-4dd4-a1bc-0f2675770454,Pengguna Google,https://play-lh.googleusercontent.com/EGemoI2NTXmTsBVtJqk8jxF9rh8ApRWfsIMQSt2uE4OcpQqbFu7f7NbTK05lx80nuSijCz7sc3a277R67g,hai kk ini kenapaa ovo gabisa pake qris ya? padahal biasanya bisa sekarang kok ga bisa ya,3,0,3.148.0,2025-11-30 17:04:39+00:00,,,3.148.0,Dataset/dataset\OVO_googleplay_NOVEMBER_reviews.csv,qris
d3ccb6db-3b2e-4388-a612-cf79cc98cba5,Pengguna Google,https://play-lh.googleusercontent.com/EGemoI2NTXmTsBVtJqk8jxF9rh8ApRWfsIMQSt2uE4OcpQqbFu7f7NbTK05lx80nuSijCz7sc3a277R67g,ini gabisa qris gangguan kah,5,0,3.148.0,2025-11-25 12:19:38+00:00,,,3.148.0,Dataset/dataset\OVO_googleplay_NOVEMBER_reviews.csv,qris
eb2fb2a3-39a5-4209-b739-52aa0d285849,Pengguna Google,https://play-lh.googleusercontent.com/EGemoI2NTXmTsBVtJqk8jxF9rh8ApRWfsIMQSt2uE4OcpQqbFu7f7NbTK05lx80nuSijCz7sc3a277R67g,uang saya hilang TF qris karna gangguan cuma 30k aja ribet amat urus ny dari tgl 21 sampe skrg gak ada balik padahal laporan sudah lengkap sama bukti ny...gmn klo jutaan Jd bagi pengguna ovo mending buang aja pakai ewallet lain aja yg lebih amanah,1,0,3.147.0,2025-11-24 18:19:37+00:00,,,3.147.0,Dataset/dataset\OVO_googleplay_NOVEMBER_reviews.csv,qris
119d2a37-1322-4db2-9916-c1e3af77efb9,Pengguna Google,https://play-lh.googleusercontent.com/EGemoI2NTXmTsBVtJqk8jxF9rh8ApRWfsIMQSt2uE4OcpQqbFu7f7NbTK05lx80nuSijCz7sc3a277R67g,"5 tahun pake ovo .skarang di isi saldo malah gabisa buat apa2 qris gabisa, bli pulsa gabisa, padahal tadinya sudah primer Mlah downgrade sendiri. emang apk nyusahin nih",1,0,,2025-11-22 02:34:20+00:00,,,,Dataset/dataset\OVO_googleplay_NOVEMBER_reviews.csv,qris
1906f3f4-102d-4b68-ba2d-b4e40546b2a9,Pengguna Google,https://play-lh.googleusercontent.com/EGemoI2NTXmTsBVtJqk8jxF9rh8ApRWfsIMQSt2uE4OcpQqbFu7f7NbTK05lx80nuSijCz7sc3a277R67g,pembayaran Qris belum berhasil laporan ribet,1,0,3.147.0,2025-11-21 22:21:25+00:00,,,3.147.0,Dataset/dataset\OVO_googleplay_NOVEMBER_reviews.csv,qris
1b084c3e-370f-4321-92be-7ad5caed1732,Pengguna Google,https://play-lh.googleusercontent.com/EGemoI2NTXmTsBVtJqk8jxF9rh8ApRWfsIMQSt2uE4OcpQqbFu7f7NbTK05lx80nuSijCz7sc3a277R67g,qris gagal terus. uninstal aja . tidak worthit 👎,1,0,3.147.0,2025-11-21 11:57:36+00:00,,,3.147.0,Dataset/dataset\OVO_googleplay_NOVEMBER_reviews.csv,qris
731ad0ed-774c-44fd-aff6-ef38a5f880df,Pengguna Google,https://play-lh.googleusercontent.com/EGemoI2NTXmTsBVtJqk8jxF9rh8ApRWfsIMQSt2uE4OcpQqbFu7f7NbTK05lx80nuSijCz7sc3a277R67g,e wallet paling buruk yg pernah sy pakai. TF kepotong top up kepotong bayar QRIS sering gagal nya,1,0,3.147.0,2025-11-20 05:21:22+00:00,,,3.147.0,Dataset/dataset\OVO_googleplay_NOVEMBER_reviews.csv,qris
1ea879c9-33d9-4641-ac4c-1fca0f4eca50,Pengguna Google,https://play-lh.googleusercontent.com/EGemoI2NTXmTsBVtJqk8jxF9rh8ApRWfsIMQSt2uE4OcpQqbFu7f7NbTK05lx80nuSijCz7sc3a277R67g,"aplikasi banyak troble nya ,,kirim antar ewallet ga bisa,,bisanya cuma menerima, Qris sering error,,",1,2,3.147.0,2025-11-19 19:06:51+00:00,,,3.147.0,Dataset/dataset\OVO_googleplay_NOVEMBER_reviews.csv,qris
4a317548-f676-4c14-a8f2-f8093b93e7c6,Pengguna Google,https://play-lh.googleusercontent.com/EGemoI2NTXmTsBVtJqk8jxF9rh8ApRWfsIMQSt2uE4OcpQqbFu7f7NbTK05lx80nuSijCz7sc3a277R67g,jelek qris blm berhasil saldo nya udh ke potong,1,1,3.147.0,2025-11-19 11:31:01+00:00,,,3.147.0,Dataset/dataset\OVO_googleplay_NOVEMBER_reviews.csv,qris
5441461a-533f-40e0-8698-8a279a97faf2,Pengguna Google,https://play-lh.googleusercontent.com/EGemoI2NTXmTsBVtJqk8jxF9rh8ApRWfsIMQSt2uE4OcpQqbFu7f7NbTK05lx80nuSijCz7sc3a277R67g,ganguan terus tiap hari qris gak bisa aneh tf admin besar,1,0,3.147.0,2025-11-16 21:17:32+00:00,,,3.147.0,Dataset/dataset\OVO_googleplay_NOVEMBER_reviews.csv,qris
6922a833-8052-43f4-adae-7cec46bca3f0,Pengguna Google,https://play-lh.googleusercontent.com/EGemoI2NTXmTsBVtJqk8jxF9rh8ApRWfsIMQSt2uE4OcpQqbFu7f7NbTK05lx80nuSijCz7sc3a277R67g,"Pakai Qris OVO sungguh mengecewakan,sdh masuknya lama,Transaksi uang masuk sdh 3 bulan tdk ada kejelasan..itu namanya tdk frofesional,yg pasti uangnya hilang,sdh tlpn berkali kali jawabannya tdk memuaskan alias terkesan masa bodo,hak costumer yg diambil ..sdh nyesel makanya lsng sy nonaktifkan qrisnya..buat qris baru aplikasi lain yg tdk berbelit belit dan nyaman..transaksi uang lsng masuk tanpa menunggu lama..",1,0,3.136.0,2025-11-15 23:48:52+00:00,,,3.136.0,Dataset/dataset\OVO_googleplay_NOVEMBER_reviews.csv,qris
0cce7570-0779-411e-bb1e-9312c54a6fd8,Pengguna Google,https://play-lh.googleusercontent.com/EGemoI2NTXmTsBVtJqk8jxF9rh8ApRWfsIMQSt2uE4OcpQqbFu7f7NbTK05lx80nuSijCz7sc3a277R67g,transfer gabisa bayar pake QRIS ga bisa terus saldo gua gimana? apk ga worth it pantesan rating jelek emng apk pencuri jangan pake ovo dah dari pada nyesell,1,0,3.147.0,2025-11-14 00:57:48+00:00,,,3.147.0,Dataset/dataset\OVO_googleplay_NOVEMBER_reviews.csv,qris
f74527e6-6172-4da0-b07e-dd690ce1511a,Pengguna Google,https://play-lh.googleusercontent.com/EGemoI2NTXmTsBVtJqk8jxF9rh8ApRWfsIMQSt2uE4OcpQqbFu7f7NbTK05lx80nuSijCz7sc3a277R67g,"saya bayar pake qris diproses nya lama tapi saldo saya sudah kepotong dan saya bayar ces karna saldo belom masuk"" ke penjual nya tersebut saya bayar jam 13.22 pembayaran berasil jam 23.45 emang gila",1,0,,2025-11-13 11:20:43+00:00,,,,Dataset/dataset\OVO_googleplay_NOVEMBER_reviews.csv,qris
a47ecd60-2f73-4dbf-b961-1c231e611de7,Pengguna Google,https://play-lh.googleusercontent.com/EGemoI2NTXmTsBVtJqk8jxF9rh8ApRWfsIMQSt2uE4OcpQqbFu7f7NbTK05lx80nuSijCz7sc3a277R67g,"syaa kecewa , sbg driver grab , mau bayar makan pakai ovo qris , tiba tiba ke log out sendiri , nomer yang ovo udh off lama , mau login ganti nomer hp sistem error terus , udh hampir 2 Minggu saldo nyangkut di ovo . intinya menu bantuan di ovo itu ga berfungsi , gabisa nolongin pengguna lagi kesusahan",1,0,3.46.0,2025-11-13 10:01:48+00:00,,,3.46.0,Dataset/dataset\OVO_googleplay_NOVEMBER_reviews.csv,qris
0bb534dc-1a9a-4ddd-bb1f-a43e00cad179,Pengguna Google,https://play-lh.googleusercontent.com/EGemoI2NTXmTsBVtJqk8jxF9rh8ApRWfsIMQSt2uE4OcpQqbFu7f7NbTK05lx80nuSijCz7sc3a277R67g,erorr msi transper pkai qris gagal trus,1,0,3.147.0,2025-11-12 08:40:06+00:00,,,3.147.0,Dataset/dataset\OVO_googleplay_NOVEMBER_reviews.csv,qris
2f4c9084-5ce9-4d9e-988b-a8b10d776b00,Pengguna Google,https://play-lh.googleusercontent.com/EGemoI2NTXmTsBVtJqk8jxF9rh8ApRWfsIMQSt2uE4OcpQqbFu7f7NbTK05lx80nuSijCz7sc3a277R67g,transaksi Udah berhasil penerimaan tidak menerima gara gara tadi malem pending TF ke Qris saldo udah kepotong gimana ini pihak ovo hadeh,1,0,3.147.0,2025-11-12 07:15:22+00:00,,,3.147.0,Dataset/dataset\OVO_googleplay_NOVEMBER_reviews.csv,qris
1f3759aa-4e2b-48d9-8d8f-fa79044862e1,Pengguna Google,https://play-lh.googleusercontent.com/EGemoI2NTXmTsBVtJqk8jxF9rh8ApRWfsIMQSt2uE4OcpQqbFu7f7NbTK05lx80nuSijCz7sc3a277R67g,"bayar pake qris ovo, di saldo ovo kepotong tapi di aplikasi lazada masih menunggu pembayaran barangnya padahal udah dibayar pake qris ovo",1,0,3.147.0,2025-11-11 17:18:31+00:00,,,3.147.0,Dataset/dataset\OVO_googleplay_NOVEMBER_reviews.csv,qris
fd04bc3c-98b3-4109-a067-8d379c121470,Pengguna Google,https://play-lh.googleusercontent.com/EGemoI2NTXmTsBVtJqk8jxF9rh8ApRWfsIMQSt2uE4OcpQqbFu7f7NbTK05lx80nuSijCz7sc3a277R67g,kenapa qris nya nggak bisa ya,2,0,,2025-11-10 22:19:07+00:00,,,,Dataset/dataset\OVO_googleplay_NOVEMBER_reviews.csv,qris
d90530a3-005c-4547-b3f0-aed5e508bdea,Pengguna Google,https://play-lh.googleusercontent.com/EGemoI2NTXmTsBVtJqk8jxF9rh8ApRWfsIMQSt2uE4OcpQqbFu7f7NbTK05lx80nuSijCz7sc3a277R67g,udah di update masih aja g bisa qris,1,0,,2025-11-10 10:57:49+00:00,,,,Dataset/dataset\OVO_googleplay_NOVEMBER_reviews.csv,qris
4caec183-e873-4b2c-bb6b-2b84ea077f25,Pengguna Google,https://play-lh.googleusercontent.com/EGemoI2NTXmTsBVtJqk8jxF9rh8ApRWfsIMQSt2uE4OcpQqbFu7f7NbTK05lx80nuSijCz7sc3a277R67g,"terlalu banyak gangguan pdhl lagi di butuhin, mau tf atau qris ganguan udh nyoba di beberapa tempat tetep sama aja hedeh",1,0,3.146.0,2025-11-09 01:16:48+00:00,,,3.146.0,Dataset/dataset\OVO_googleplay_NOVEMBER_reviews.csv,qris
e07e2870-e10c-47d0-962e-af31343abc11,Pengguna Google,https://play-lh.googleusercontent.com/EGemoI2NTXmTsBVtJqk8jxF9rh8ApRWfsIMQSt2uE4OcpQqbFu7f7NbTK05lx80nuSijCz7sc3a277R67g,gw kasih bintang 5 cuma tolong diperbaiki secepatnya lah nih transaksi apa pun kaga bisa gimana sih cuma bisa isi saldo doank masuk giliran transfer atau Qris ga bisa,5,1,3.146.0,2025-11-08 12:20:10+00:00,,,3.146.0,Dataset/dataset\OVO_googleplay_NOVEMBER_reviews.csv,qris
6cd428c2-929c-42e8-8317-e34d030f5fd7,Pengguna Google,https://play-lh.googleusercontent.com/EGemoI2NTXmTsBVtJqk8jxF9rh8ApRWfsIMQSt2uE4OcpQqbFu7f7NbTK05lx80nuSijCz7sc3a277R67g,bagus sangat membantu tapi saya punya kendala tidak bisa menggunakan QRIS,4,1,3.146.0,2025-11-08 05:55:01+00:00,,,3.146.0,Dataset/dataset\OVO_googleplay_NOVEMBER_reviews.csv,qris
8086f6ca-f3dd-4cf6-a37e-fbb8bd3bee46,Pengguna Google,https://play-lh.googleusercontent.com/EGemoI2NTXmTsBVtJqk8jxF9rh8ApRWfsIMQSt2uE4OcpQqbFu7f7NbTK05lx80nuSijCz7sc3a277R67g,"Saya mau transaksi menggunakan Qris Ovo di Mineko Summarecon Mall Bekasi lantai Food Court, tidak bisa terus, saya coba 2x tidak bisa juga. Ternyata bukan saya aja yg tidak bisa ovonya, yg lain juga. Akhirnya saya coba bayar pakai Qris Gopay, langsung cepat bisa. Ovo...Ovo....knp seperti ini?",1,1,,2025-11-07 16:54:18+00:00,,,,Dataset/dataset\OVO_googleplay_NOVEMBER_reviews.csv,qris
7d744932-91ff-4614-afb6-a9cbd720bed1,Pengguna Google,https://play-lh.googleusercontent.com/EGemoI2NTXmTsBVtJqk8jxF9rh8ApRWfsIMQSt2uE4OcpQqbFu7f7NbTK05lx80nuSijCz7sc3a277R67g,"ovo ini aplikasi yg paling sering gangguan. grab tolong ganti aja kerja sama dgn e-money yang lain. uang transfer dari pihak lain ndk masuk2, mau bayar qris malah gangguan terus",1,2,3.146.0,2025-11-07 06:55:31+00:00,,,3.146.0,Dataset/dataset\OVO_googleplay_NOVEMBER_reviews.csv,qris
e83acdf5-80ee-4f1d-a4b8-5ba2e9952b1d,Pengguna Google,https://play-lh.googleusercontent.com/EGemoI2NTXmTsBVtJqk8jxF9rh8ApRWfsIMQSt2uE4OcpQqbFu7f7NbTK05lx80nuSijCz7sc3a277R67g,"pembayaran qris tidak di masuk saldo terpotong, tapi status pembayaran berhasil, pas lapor masalah tombol kirim tidak bisa ditekan. otw uninstall",1,3,3.146.0,2025-11-05 19:53:01+00:00,,,3.146.0,Dataset/dataset\OVO_googleplay_NOVEMBER_reviews.csv,qris
bd2b73c0-683f-4665-a161-6229ee1e70c8,Pengguna Google,https://play-lh.googleusercontent.com/EGemoI2NTXmTsBVtJqk8jxF9rh8ApRWfsIMQSt2uE4OcpQqbFu7f7NbTK05lx80nuSijCz7sc3a277R67g,beli pulsa untuk keluarga sangat cepat buat transaksi grab ok buat beli pake Qris ok,5,0,3.146.0,2025-11-04 14:20:48+00:00,,,3.146.0,Dataset/dataset\OVO_googleplay_NOVEMBER_reviews.csv,qris
a2a26ab4-83c6-467a-a2ba-ae32860ff4db,Pengguna Google,https://play-lh.googleusercontent.com/EGemoI2NTXmTsBVtJqk8jxF9rh8ApRWfsIMQSt2uE4OcpQqbFu7f7NbTK05lx80nuSijCz7sc3a277R67g,pembayaran qris pending bosku,5,0,3.146.0,2025-11-04 04:19:39+00:00,,,3.146.0,Dataset/dataset\OVO_googleplay_NOVEMBER_reviews.csv,qris
957d02aa-4b6f-4015-8dd0-0c282c52aec3,Pengguna Google,https://play-lh.googleusercontent.com/EGemoI2NTXmTsBVtJqk8jxF9rh8ApRWfsIMQSt2uE4OcpQqbFu7f7NbTK05lx80nuSijCz7sc3a277R67g,ribet banyak masalah kalo mau transaksi qris,1,0,3.146.0,2025-11-01 13:11:17+00:00,,,3.146.0,Dataset/dataset\OVO_googleplay_NOVEMBER_reviews.csv,qris
283ba1cb-2a84-45ca-8b7c-58b7c6c84c8e,Pengguna Google,https://play-lh.googleusercontent.com/EGemoI2NTXmTsBVtJqk8jxF9rh8ApRWfsIMQSt2uE4OcpQqbFu7f7NbTK05lx80nuSijCz7sc3a277R67g,"pembayaran qris belum masuk, saldo terpotong di history tidak ada. laporan email ga di bales, live chat gak ada fiturnya bingung jadinya",1,0,,2025-10-31 18:56:33+00:00,,,,Dataset/dataset\OVO_googleplay_OCTOBER_reviews.csv,qris
55489e2e-3378-4519-aee2-fc88ae658119,Pengguna Google,https://play-lh.googleusercontent.com/EGemoI2NTXmTsBVtJqk8jxF9rh8ApRWfsIMQSt2uE4OcpQqbFu7f7NbTK05lx80nuSijCz7sc3a277R67g,gimana ini ovo qris nya gangguan saldo belum di kembalikan transfer ke rekening saldo kepotong tapi tidak masuk ke rekening tujuan history laporan juga gak ada,1,2,3.146.0,2025-10-31 15:20:10+00:00,,,3.146.0,Dataset/dataset\OVO_googleplay_OCTOBER_reviews.csv,qris
e4876675-11db-49ad-9363-43e71733cf05,Pengguna Google,https://play-lh.googleusercontent.com/EGemoI2NTXmTsBVtJqk8jxF9rh8ApRWfsIMQSt2uE4OcpQqbFu7f7NbTK05lx80nuSijCz7sc3a277R67g,"terdapat bug saat mau membayar dengan QRIS saldo saya tidak sesuai dengan yang ada di halaman pembayaran tapi nominal saldo saya cukup, sudah di refresh berkali-kali tetap aja tidak ada perubahan ini gimana?",3,7,3.146.0,2025-10-31 06:43:58+00:00,,,3.146.0,Dataset/dataset\OVO_googleplay_OCTOBER_reviews.csv,qris
413bcd5e-5e63-4f59-8fd9-1cf2083d2f0d,Pengguna Google,https://play-lh.googleusercontent.com/EGemoI2NTXmTsBVtJqk8jxF9rh8ApRWfsIMQSt2uE4OcpQqbFu7f7NbTK05lx80nuSijCz7sc3a277R67g,habis di update kok mala gak bisa di buat transaksi qris gini cok,1,0,3.146.0,2025-10-30 21:09:00+00:00,,,3.146.0,Dataset/dataset\OVO_googleplay_OCTOBER_reviews.csv,qris
33c1e3f9-a2bf-4595-aee4-7de8ec904ab6,Pengguna Google,https://play-lh.googleusercontent.com/EGemoI2NTXmTsBVtJqk8jxF9rh8ApRWfsIMQSt2uE4OcpQqbFu7f7NbTK05lx80nuSijCz7sc3a277R67g,"Saya melakukan pembayaran make Qris Lewat Ovo saldo sudah ke potong tapi ke penerima Qris nya belum Nerima Sangat mengecewakan, padahal belanja Tokopedia",1,0,,2025-10-30 20:14:20+00:00,,,,Dataset/dataset\OVO_googleplay_OCTOBER_reviews.csv,qris
8f4bfa2a-ccac-4bfe-aea5-ec81f3d8ef15,Pengguna Google,https://play-lh.googleusercontent.com/EGemoI2NTXmTsBVtJqk8jxF9rh8ApRWfsIMQSt2uE4OcpQqbFu7f7NbTK05lx80nuSijCz7sc3a277R67g,dana terpotong.qris belum masuk ke merchant.merugikan orang...,1,0,3.22.1,2025-10-30 18:20:59+00:00,,,3.22.1,Dataset/dataset\OVO_googleplay_OCTOBER_reviews.csv,qris
0271b4f5-bb04-463c-af89-5abc935c527c,Pengguna Google,https://play-lh.googleusercontent.com/EGemoI2NTXmTsBVtJqk8jxF9rh8ApRWfsIMQSt2uE4OcpQqbFu7f7NbTK05lx80nuSijCz7sc3a277R67g,"TOLONG DONG JANGAN NGERUGI'IN PENGGUNAA , SAYA BAYAR DI TOKO QRIS SALDO SUDAH DI POTONG NOTIFIKASI MASIH PROSES AJA , SEKARANG SAYA BAYAR CASH DI TOKO SAYA TINGGAL PULANG NTAR SALDO OVO YG MASIH PROSES MALAH MASUK KE TOKO JADI SAYA BAYAR 2 KALI , SAMA AJA ANDA MERUGIKAN SAYA , DI KIRIM LAPORAN TIDAK ANDA CEK DAN RESPON JUGA KETERLALUAN.",1,0,3.146.0,2025-10-30 01:22:07+00:00,,,3.146.0,Dataset/dataset\OVO_googleplay_OCTOBER_reviews.csv,qris
20b7dce1-4467-48dc-a098-fa6bf20dab70,Pengguna Google,https://play-lh.googleusercontent.com/EGemoI2NTXmTsBVtJqk8jxF9rh8ApRWfsIMQSt2uE4OcpQqbFu7f7NbTK05lx80nuSijCz7sc3a277R67g,ko skrang tiap mau bayar via qris slalu gagal gangguan trus yah,2,0,3.145.0,2025-10-28 05:33:04+00:00,,,3.145.0,Dataset/dataset\OVO_googleplay_OCTOBER_reviews.csv,qris
f8b0369c-2541-413a-8e35-8d5767c34eb9,Pengguna Google,https://play-lh.googleusercontent.com/EGemoI2NTXmTsBVtJqk8jxF9rh8ApRWfsIMQSt2uE4OcpQqbFu7f7NbTK05lx80nuSijCz7sc3a277R67g,"tolong di perbarui lah. tf kaga bisa mulu, tf ke dana juga kaga bisa qris doang yang bisa masa dah",5,0,3.145.0,2025-10-27 11:50:17+00:00,,,3.145.0,Dataset/dataset\OVO_googleplay_OCTOBER_reviews.csv,qris
73b7a97d-a280-4252-9956-bf22b7401030,Pengguna Google,https://play-lh.googleusercontent.com/EGemoI2NTXmTsBVtJqk8jxF9rh8ApRWfsIMQSt2uE4OcpQqbFu7f7NbTK05lx80nuSijCz7sc3a277R67g,ovo apk Bulik waktu mau bayar pake qris selalu elor tolong do perbaiki 🤬🤬🤬🤬 . kntl,1,0,3.145.0,2025-10-26 01:21:59+00:00,,,3.145.0,Dataset/dataset\OVO_googleplay_OCTOBER_reviews.csv,qris
a1df81b2-c7ff-4854-80ce-bcefcb851bed,Pengguna Google,https://play-lh.googleusercontent.com/EGemoI2NTXmTsBVtJqk8jxF9rh8ApRWfsIMQSt2uE4OcpQqbFu7f7NbTK05lx80nuSijCz7sc3a277R67g,Buat scan qris aja ngelag minta ampun. Banyak makan taik kau aplikasi simpel gini ga bisaa di maksimal kan,1,0,,2025-10-23 13:22:49+00:00,,,,Dataset/dataset\OVO_googleplay_OCTOBER_reviews.csv,qris
101a27b5-3542-4ff0-b784-8519cd1f72b8,Pengguna Google,https://play-lh.googleusercontent.com/EGemoI2NTXmTsBVtJqk8jxF9rh8ApRWfsIMQSt2uE4OcpQqbFu7f7NbTK05lx80nuSijCz7sc3a277R67g,ovo byr pake qris gagal trus.,1,0,,2025-10-23 10:51:51+00:00,,,,Dataset/dataset\OVO_googleplay_OCTOBER_reviews.csv,qris
1d7fe16f-f16f-42e0-b520-c4d0d20bd49a,Pengguna Google,https://play-lh.googleusercontent.com/EGemoI2NTXmTsBVtJqk8jxF9rh8ApRWfsIMQSt2uE4OcpQqbFu7f7NbTK05lx80nuSijCz7sc3a277R67g,gimana ini aplikasi?bayar qris tidak terkirim.malan terkirim setalah 1 hari dan notif berhasil.tapi qris tidak di terima penerima dan saldo tidak kembali,1,0,,2025-10-22 21:13:00+00:00,,,,Dataset/dataset\OVO_googleplay_OCTOBER_reviews.csv,qris
9a84b57f-eedf-4186-acd1-3dab6bdac14f,Pengguna Google,https://play-lh.googleusercontent.com/EGemoI2NTXmTsBVtJqk8jxF9rh8ApRWfsIMQSt2uE4OcpQqbFu7f7NbTK05lx80nuSijCz7sc3a277R67g,"saldo gw gk bakal balik dah ini, nyangkut 24jam habis itu oke keterangan transaksinya berhasil TAPI ke pelanggan belum masuk sadonya btw pelanggannya saya sendiri menggunakan topup menggunakan qris. adanya fitur laporan buat apa boss kalo gak bisa di kirim laporannya?udah paling ribet juga laporannya gk bisa di kirim pula",5,7,3.145.0,2025-10-22 11:08:34+00:00,,,3.145.0,Dataset/dataset\OVO_googleplay_OCTOBER_reviews.csv,qris
2601c5e6-5d41-4e44-a742-1dcda4f20493,Pengguna Google,https://play-lh.googleusercontent.com/EGemoI2NTXmTsBVtJqk8jxF9rh8ApRWfsIMQSt2uE4OcpQqbFu7f7NbTK05lx80nuSijCz7sc3a277R67g,Ini kekmana sih mbut mau pake qris aja harus ada aplikasi lagi apa apaan apk kek gni jadi mles pake ovo padahal buat jualan akun,1,0,3.145.0,2025-10-22 08:53:35+00:00,,,3.145.0,Dataset/dataset\OVO_googleplay_OCTOBER_reviews.csv,qris
e4ae8743-ea9f-43dc-8265-9cecbfe50de4,Pengguna Google,https://play-lh.googleusercontent.com/EGemoI2NTXmTsBVtJqk8jxF9rh8ApRWfsIMQSt2uE4OcpQqbFu7f7NbTK05lx80nuSijCz7sc3a277R67g,"ini kenapa gabisa transaksi , transfer, qris, dan pulsa pun ga bisa di pake ? setelah upgrade ke premier",1,0,,2025-10-21 11:34:35+00:00,,,,Dataset/dataset\OVO_googleplay_OCTOBER_reviews.csv,qris
28d64782-49cc-4d8c-8c5b-187728ee579c,Pengguna Google,https://play-lh.googleusercontent.com/EGemoI2NTXmTsBVtJqk8jxF9rh8ApRWfsIMQSt2uE4OcpQqbFu7f7NbTK05lx80nuSijCz7sc3a277R67g,"jangan pakai aplikasi ini saya tranfer qris 310.000 buat bayar kebutuhan sehari-hari di salah 1 toko di daerah saya sampai hari ini masih dalam status dalam proses padahal saldo udah kepotong. setiap kali mau klaim balik,persyaratanya tidak masuk akal.",1,4,3.144.0,2025-10-19 17:03:52+00:00,,,3.144.0,Dataset/dataset\OVO_googleplay_OCTOBER_reviews.csv,qris
a912ed19-7c04-4259-a788-c432a3f93a61,Pengguna Google,https://play-lh.googleusercontent.com/EGemoI2NTXmTsBVtJqk8jxF9rh8ApRWfsIMQSt2uE4OcpQqbFu7f7NbTK05lx80nuSijCz7sc3a277R67g,"jelek banget, gabisa qris ataupun tf, bahkan bintang 1 terlalu bagus buat aplikasi ini.",1,1,3.145.0,2025-10-19 13:48:36+00:00,,,3.145.0,Dataset/dataset\OVO_googleplay_OCTOBER_reviews.csv,qris
a768aa5e-5b41-44e1-9ba2-aed3f209f086,Pengguna Google,https://play-lh.googleusercontent.com/EGemoI2NTXmTsBVtJqk8jxF9rh8ApRWfsIMQSt2uE4OcpQqbFu7f7NbTK05lx80nuSijCz7sc3a277R67g,saya qris dari jam 11 mlm tanggal 18 Sampek tanggal 19 jam 12 siang blm masuk juga udah buat laporan tapi lama tanggapan nya ovo terlalu buruk,1,0,3.145.0,2025-10-19 12:33:43+00:00,,,3.145.0,Dataset/dataset\OVO_googleplay_OCTOBER_reviews.csv,qris
05eabde8-ce89-4c8d-9650-e3e7bfd7c18a,Pengguna Google,https://play-lh.googleusercontent.com/EGemoI2NTXmTsBVtJqk8jxF9rh8ApRWfsIMQSt2uE4OcpQqbFu7f7NbTK05lx80nuSijCz7sc3a277R67g,"ku kasih bintang 1 dulu, melakukan QRIS terima eh pas udah dibayar transaksi sudah tertulis berhasil dan saldo sudah terpotong, namun saldo yg harusnya masuk ke penerima masih belum masuk. mau buat laporan malah gagal mulu waktu dikirim. semoga cepat di atasi masa duit ngilang gitu aja dikira nyarinya gampang, terima kasih",1,1,,2025-10-19 08:45:33+00:00,,,,Dataset/dataset\OVO_googleplay_OCTOBER_reviews.csv,qris
3f778c91-2735-4236-bfc3-0f6d61bd527d,Pengguna Google,https://play-lh.googleusercontent.com/EGemoI2NTXmTsBVtJqk8jxF9rh8ApRWfsIMQSt2uE4OcpQqbFu7f7NbTK05lx80nuSijCz7sc3a277R67g,"kebanyakan gangguan nya tf ,qris",1,0,3.144.0,2025-10-19 02:44:51+00:00,,,3.144.0,Dataset/dataset\OVO_googleplay_OCTOBER_reviews.csv,qris
d6fd8085-536e-419d-9bb1-dad8fe889759,Pengguna Google,https://play-lh.googleusercontent.com/EGemoI2NTXmTsBVtJqk8jxF9rh8ApRWfsIMQSt2uE4OcpQqbFu7f7NbTK05lx80nuSijCz7sc3a277R67g,tidak bisa Terima pembayaran qris,4,0,,2025-10-19 02:20:01+00:00,,,,Dataset/dataset\OVO_googleplay_OCTOBER_reviews.csv,qris
9af579b3-d2ae-4304-97aa-c2b95c95e041,Pengguna Google,https://play-lh.googleusercontent.com/EGemoI2NTXmTsBVtJqk8jxF9rh8ApRWfsIMQSt2uE4OcpQqbFu7f7NbTK05lx80nuSijCz7sc3a277R67g,"buat bayar qris pending mulu heran, yg lain lancar-lancar aja laporan k ovo juga ribet",1,0,,2025-10-18 12:10:32+00:00,,,,Dataset/dataset\OVO_googleplay_OCTOBER_reviews.csv,qris
6eb3e783-91e8-4f3c-977b-d4ccf1b28949,Pengguna Google,https://play-lh.googleusercontent.com/EGemoI2NTXmTsBVtJqk8jxF9rh8ApRWfsIMQSt2uE4OcpQqbFu7f7NbTK05lx80nuSijCz7sc3a277R67g,"kenapa ya bila transaksi terlalu sering untuk transaksi berikutnya mengalami kegagalan terus , ini udah 2 hari belum bisa digunakan untuk Transfer dan untuk pembayaran qris",1,3,3.144.0,2025-10-17 20:07:58+00:00,,,3.144.0,Dataset/dataset\OVO_googleplay_OCTOBER_reviews.csv,qris
525f5ba4-30c9-4b5d-ab55-118c655c18e2,Pengguna Google,https://play-lh.googleusercontent.com/EGemoI2NTXmTsBVtJqk8jxF9rh8ApRWfsIMQSt2uE4OcpQqbFu7f7NbTK05lx80nuSijCz7sc3a277R67g,"aplikasi ga beres sama kaya dana. saya melakukan pembayaran Qris ke merchant BCA, prosesnya lama, saldo saya mah udh kepotong, pas pembayaran udah berhasil, uang nya masih belum masuk ke merchant BCA, buat laporannya ribet, call centernya juga bertele-tele, cuman ngabisin pulsa doang, saya tuh cuman pengen tau aja, pembayaran yang saya kirim udh sukses, tpi uangnya belum masuk ke merchant, terus ini saya transfer kemana, uang ini lari kemana !?",1,3,3.144.0,2025-10-17 13:26:39+00:00,,,3.144.0,Dataset/dataset\OVO_googleplay_OCTOBER_reviews.csv,qris
7a075583-41b7-4066-92b1-7fcdf62119b7,Pengguna Google,https://play-lh.googleusercontent.com/EGemoI2NTXmTsBVtJqk8jxF9rh8ApRWfsIMQSt2uE4OcpQqbFu7f7NbTK05lx80nuSijCz7sc3a277R67g,"minta tolong di perbaiki lagi sistemnya, infut kode qris untuk pembayaran selalu gagal dan terus gagal, di sini saya ga ngerti apa yang salah, pdhl jaringan stabil",5,2,3.145.0,2025-10-16 21:48:32+00:00,,,3.145.0,Dataset/dataset\OVO_googleplay_OCTOBER_reviews.csv,qris
ba82266f-6971-46f4-bcf4-4525b179b707,Pengguna Google,https://play-lh.googleusercontent.com/EGemoI2NTXmTsBVtJqk8jxF9rh8ApRWfsIMQSt2uE4OcpQqbFu7f7NbTK05lx80nuSijCz7sc3a277R67g,"tolong ini apknya stuck di suruh buat klik qris, udah klik qris dan ok tetap aja stuck. apk ga bener, nyesal naruh duit sini",1,2,3.144.0,2025-10-16 18:08:05+00:00,,,3.144.0,Dataset/dataset\OVO_googleplay_OCTOBER_reviews.csv,qris
389e406f-d8f3-41ac-bba6-481fb93387ab,Pengguna Google,https://play-lh.googleusercontent.com/EGemoI2NTXmTsBVtJqk8jxF9rh8ApRWfsIMQSt2uE4OcpQqbFu7f7NbTK05lx80nuSijCz7sc3a277R67g,guys ada yang sama ga? saya pembayaran lewat qris tapi dalam proses terus sedangkan saldo saya sudah terpotong sudah saya cari caranya tapi tidak berhasil saldo saya tidak kembali sedangkan pembayaran saja masih proses belum berhasil. ada yang tau gimana caranya ngebalikin saldonya? saya jadi takut deh pakai aplikasi ovo,1,0,,2025-10-16 11:10:57+00:00,,,,Dataset/dataset\OVO_googleplay_OCTOBER_reviews.csv,qris
8c5ba587-b371-4884-95b7-0e933d50458a,Pengguna Google,https://play-lh.googleusercontent.com/EGemoI2NTXmTsBVtJqk8jxF9rh8ApRWfsIMQSt2uE4OcpQqbFu7f7NbTK05lx80nuSijCz7sc3a277R67g,"saya kemarin malam pembelian melalui qris 95000, udah kepotong tp gak masuk ke merchandisenya, dan tidak ada notifikasi di inboxnya. trs bagapimana mau complain kalo gak ada bukti. akhirnya hilang 95 ribu. aplikasi ovo ribet mending pake dana aja enak anti pending. dan gak ribet.",1,5,3.144.0,2025-10-16 10:47:49+00:00,,,3.144.0,Dataset/dataset\OVO_googleplay_OCTOBER_reviews.csv,qris
7ac3d6bf-71d3-4828-b846-8257dbeb8637,Pengguna Google,https://play-lh.googleusercontent.com/EGemoI2NTXmTsBVtJqk8jxF9rh8ApRWfsIMQSt2uE4OcpQqbFu7f7NbTK05lx80nuSijCz7sc3a277R67g,kenapa akun ovo saya tidak bisa qris,1,0,3.144.0,2025-10-16 08:41:15+00:00,,,3.144.0,Dataset/dataset\OVO_googleplay_OCTOBER_reviews.csv,qris
ae27d9c6-bcde-4abd-add9-40bd45815581,Pengguna Google,https://play-lh.googleusercontent.com/EGemoI2NTXmTsBVtJqk8jxF9rh8ApRWfsIMQSt2uE4OcpQqbFu7f7NbTK05lx80nuSijCz7sc3a277R67g,"perlu di perbaiki lagi nih aplikasi, error terus pas mau pembayaran Qris, merepotkan.",1,3,3.144.0,2025-10-15 20:45:25+00:00,,,3.144.0,Dataset/dataset\OVO_googleplay_OCTOBER_reviews.csv,qris
a8c26f0a-94bd-4deb-8a1e-33e4889f23a3,Pengguna Google,https://play-lh.googleusercontent.com/EGemoI2NTXmTsBVtJqk8jxF9rh8ApRWfsIMQSt2uE4OcpQqbFu7f7NbTK05lx80nuSijCz7sc3a277R67g,"makin kesini makin parah aje nih aplikasi..udh ga ada cesback potongan transfer nya gede bgt,skarang transfer lewat Qris dilotak Mulu,,tolong lah lebih ditingkatkan lgi sistem'a,jgn merugikan konsumen.",4,1,3.144.0,2025-10-14 17:54:14+00:00,,,3.144.0,Dataset/dataset\OVO_googleplay_OCTOBER_reviews.csv,qris
eaec0d99-3ae3-4c43-a473-0414bbacfbc0,Pengguna Google,https://play-lh.googleusercontent.com/EGemoI2NTXmTsBVtJqk8jxF9rh8ApRWfsIMQSt2uE4OcpQqbFu7f7NbTK05lx80nuSijCz7sc3a277R67g,aplikasi anjeng asu mau transaksi susah bgt ada batas ngirim sma sqan qris sagala apliksi anjeng,1,0,3.144.0,2025-10-12 03:32:57+00:00,,,3.144.0,Dataset/dataset\OVO_googleplay_OCTOBER_reviews.csv,qris
242437a4-0305-464d-8792-4d517c984e1f,Pengguna Google,https://play-lh.googleusercontent.com/EGemoI2NTXmTsBVtJqk8jxF9rh8ApRWfsIMQSt2uE4OcpQqbFu7f7NbTK05lx80nuSijCz7sc3a277R67g,gua krm lewat qris k permata bank knpa peroses trus ga masuk masuk parah bngt ini aplikasi nyampe sekarang proses trus,1,0,,2025-10-10 22:49:10+00:00,,,,Dataset/dataset\OVO_googleplay_OCTOBER_reviews.csv,qris
ec9819b9-5a9f-4bd3-b5cf-278fd8a0f0a3,Pengguna Google,https://play-lh.googleusercontent.com/EGemoI2NTXmTsBVtJqk8jxF9rh8ApRWfsIMQSt2uE4OcpQqbFu7f7NbTK05lx80nuSijCz7sc3a277R67g,"PEMBAYARAN MELALUI QRIS SANGAT LAMBAT,PERSYARATAN PENGADUAN JUGA RIBET",1,0,3.144.0,2025-10-10 16:51:06+00:00,,,3.144.0,Dataset/dataset\OVO_googleplay_OCTOBER_reviews.csv,qris
c7897e03-0ff8-4d3e-be9b-ad4806a681d8,Pengguna Google,https://play-lh.googleusercontent.com/EGemoI2NTXmTsBVtJqk8jxF9rh8ApRWfsIMQSt2uE4OcpQqbFu7f7NbTK05lx80nuSijCz7sc3a277R67g,"ovo luu lemott banget anjirrr, transaksi pake qris proses terus lamaa bangeettt. LAAHHH SEKARANG PERKARA BELI PULSA AJA PROSES MULU ANJJEERRR LEMMOOTTT BANGET KENAPA SIII",3,0,,2025-10-10 09:59:34+00:00,,,,Dataset/dataset\OVO_googleplay_OCTOBER_reviews.csv,qris
7966ed70-7d27-4468-9f39-8a926bcb3225,Pengguna Google,https://play-lh.googleusercontent.com/EGemoI2NTXmTsBVtJqk8jxF9rh8ApRWfsIMQSt2uE4OcpQqbFu7f7NbTK05lx80nuSijCz7sc3a277R67g,ovo tolol kenapa ga bisa bayar pake QRIS gagal mulu,1,0,3.144.0,2025-10-09 17:49:33+00:00,,,3.144.0,Dataset/dataset\OVO_googleplay_OCTOBER_reviews.csv,qris
11d6f848-bba4-4290-95c1-b28be031fd82,Pengguna Google,https://play-lh.googleusercontent.com/EGemoI2NTXmTsBVtJqk8jxF9rh8ApRWfsIMQSt2uE4OcpQqbFu7f7NbTK05lx80nuSijCz7sc3a277R67g,beli pke qris gak msuk smpe 8 jam udh ke potong saldo alhasil harus bayar lgi karna orng nya gamau tauu harus msuk saat itu jugaa menyusahkan sekali harus lapor tunggu 1 x 24 jam ini bukn soal nominal ini soal kalian bikin aplikasi jelek sekali mnding tutup aja aplikasi seperti ini di hpus kan dari play store gakk bener klo ada bintang mines 5 ini sangt cocok untun aplikasi ini,1,2,3.144.0,2025-10-08 15:07:09+00:00,,,3.144.0,Dataset/dataset\OVO_googleplay_OCTOBER_reviews.csv,qris
50209237-65ff-46d3-ae56-e642b59bce3d,Pengguna Google,https://play-lh.googleusercontent.com/EGemoI2NTXmTsBVtJqk8jxF9rh8ApRWfsIMQSt2uE4OcpQqbFu7f7NbTK05lx80nuSijCz7sc3a277R67g,susah banget Qris nya kadang gagal.,1,0,,2025-10-07 16:00:47+00:00,,,,Dataset/dataset\OVO_googleplay_OCTOBER_reviews.csv,qris
b66a03a8-072c-4e72-8b95-8a34f9f01f32,Pengguna Google,https://play-lh.googleusercontent.com/EGemoI2NTXmTsBVtJqk8jxF9rh8ApRWfsIMQSt2uE4OcpQqbFu7f7NbTK05lx80nuSijCz7sc3a277R67g,"kenapa tiba"" akun saya di blokir?? padahal saya gk pernah melakukan transaksi berbahaya, palingan cuma qris seafood, ini konsep nya gimna ?? cara hubungin cs nya gmna??",4,0,,2025-10-07 09:02:50+00:00,,,,Dataset/dataset\OVO_googleplay_OCTOBER_reviews.csv,qris
44b35ab2-186c-4494-b88b-bf1646b7eade,Pengguna Google,https://play-lh.googleusercontent.com/EGemoI2NTXmTsBVtJqk8jxF9rh8ApRWfsIMQSt2uE4OcpQqbFu7f7NbTK05lx80nuSijCz7sc3a277R67g,"Baru transaksi pakai qris warung, bisa langsung di blokir ovo saya, terus saldo gimana itu",1,0,3.144.0,2025-10-06 23:36:43+00:00,,,3.144.0,Dataset/dataset\OVO_googleplay_OCTOBER_reviews.csv,qris
2973dd02-1de2-4059-99a0-a137e8d53406,Pengguna Google,https://play-lh.googleusercontent.com/EGemoI2NTXmTsBVtJqk8jxF9rh8ApRWfsIMQSt2uE4OcpQqbFu7f7NbTK05lx80nuSijCz7sc3a277R67g,qris susah ..dan tranper susah,2,0,3.144.0,2025-10-05 23:28:48+00:00,,,3.144.0,Dataset/dataset\OVO_googleplay_OCTOBER_reviews.csv,qris
64fba273-2439-4666-886e-9ecb67ba9a72,Pengguna Google,https://play-lh.googleusercontent.com/EGemoI2NTXmTsBVtJqk8jxF9rh8ApRWfsIMQSt2uE4OcpQqbFu7f7NbTK05lx80nuSijCz7sc3a277R67g,"ni aplikasi gimana si.. mau payment aja gabisa.. tapi nerima tf bisa..pembayaran qris tf bank sesama ovo dan isi paket data tidak bisa digunakan.. sudah berhari hari tetap tidak bisa.. saldo mencukupi , sudah update akun primer tetap tidak bisa transaksi apapun.. kirim laporan ke cs aplikasi juga gagal terus .. why ?",1,5,3.144.0,2025-10-04 21:29:14+00:00,,,3.144.0,Dataset/dataset\OVO_googleplay_OCTOBER_reviews.csv,qris
11020849-c338-402b-bb30-53e27d982b0c,Pengguna Google,https://play-lh.googleusercontent.com/EGemoI2NTXmTsBVtJqk8jxF9rh8ApRWfsIMQSt2uE4OcpQqbFu7f7NbTK05lx80nuSijCz7sc3a277R67g,"APLIKASI SUPER RIBET.. GANGGUAN MULU, SAMA APLIKASI PINJOL AJA KALAH JAUH.. MAU BAYAR PAKE QRIS AJA GANGGUAN MALU-MALUIN..!!!",1,0,3.144.0,2025-10-02 10:57:15+00:00,,,3.144.0,Dataset/dataset\OVO_googleplay_OCTOBER_reviews.csv,qris
64d11466-91b6-4d7a-874d-d45719ad5b64,Pengguna Google,https://play-lh.googleusercontent.com/EGemoI2NTXmTsBVtJqk8jxF9rh8ApRWfsIMQSt2uE4OcpQqbFu7f7NbTK05lx80nuSijCz7sc3a277R67g,"sayang, gak punya qris buat terima danadari pihak yang mau membayar via qris :(",2,0,3.144.0,2025-10-01 20:04:29+00:00,,,3.144.0,Dataset/dataset\OVO_googleplay_OCTOBER_reviews.csv,qris
33184ae9-ffdb-4716-835f-7fff304138d3,Pengguna Google,https://play-lh.googleusercontent.com/EGemoI2NTXmTsBVtJqk8jxF9rh8ApRWfsIMQSt2uE4OcpQqbFu7f7NbTK05lx80nuSijCz7sc3a277R67g,QRIS udah bbrapa kali langsung gk bisa lagi apaan,1,0,3.144.0,2025-10-01 18:34:39+00:00,,,3.144.0,Dataset/dataset\OVO_googleplay_OCTOBER_reviews.csv,qris
96548800-9a9f-4ff7-bbbe-21c6c686f292,Pengguna Google,https://play-lh.googleusercontent.com/EGemoI2NTXmTsBVtJqk8jxF9rh8ApRWfsIMQSt2uE4OcpQqbFu7f7NbTK05lx80nuSijCz7sc3a277R67g,bintang 1 mantap.. seharian transaksi qris error..,1,0,,2025-10-01 17:44:13+00:00,,,,Dataset/dataset\OVO_googleplay_OCTOBER_reviews.csv,qris
35b3cd42-6fdc-4dcb-b3c1-1104a0037125,Pengguna Google,https://play-lh.googleusercontent.com/EGemoI2NTXmTsBVtJqk8jxF9rh8ApRWfsIMQSt2uE4OcpQqbFu7f7NbTK05lx80nuSijCz7sc3a277R67g,"qris dibatasi 4 kali, gausah install",1,0,,2025-10-01 16:15:24+00:00,,,,Dataset/dataset\OVO_googleplay_OCTOBER_reviews.csv,qris
0048a257-1ac5-47b6-8c28-4f53ef3d4207,Pengguna Google,https://play-lh.googleusercontent.com/EGemoI2NTXmTsBVtJqk8jxF9rh8ApRWfsIMQSt2uE4OcpQqbFu7f7NbTK05lx80nuSijCz7sc3a277R67g,cuman demi grabb saking gak adanya cash ribett padahal kemarin² grab bisa pake qris!,1,1,,2025-10-01 14:39:45+00:00,,,,Dataset/dataset\OVO_googleplay_OCTOBER_reviews.csv,qris
41fd5862-cfc5-48df-b3ac-3e3bf7b2e89d,Pengguna Google,https://play-lh.googleusercontent.com/EGemoI2NTXmTsBVtJqk8jxF9rh8ApRWfsIMQSt2uE4OcpQqbFu7f7NbTK05lx80nuSijCz7sc3a277R67g,"transfer lewat qris aja harus verif ktp, berhalangan banget buat saya yg masih dibawah umur huhu, mending pake e-wallet yg lain aja guys, masih bisa transfer tanpa verif ktp.",1,0,,2025-12-31 19:08:58+00:00,"Hi Kak A Be, mohon maaf atas kendala tidak dapat melakukan transfer. Untuk dapat melakukan transfer/tarik dana membutuhkan verifikasi identitas ShopeePay dan data KTP. Silakan pelajari lebih lanjut di https://help.shopee.co.id/portal/4/article/72961 . Mohon hubungi kami melalui DM Instagram di @ShopeePay_ID untuk bantuan lebih lanjut. ^CS",2026-01-01 14:13:48,,Dataset/dataset\SHOPEEPAY_googleplay_DECEMBER_reviews.csv,qris
934b32dd-5380-4c3a-8707-a5ea410d5bf1,Pengguna Google,https://play-lh.googleusercontent.com/EGemoI2NTXmTsBVtJqk8jxF9rh8ApRWfsIMQSt2uE4OcpQqbFu7f7NbTK05lx80nuSijCz7sc3a277R67g,Qris enga bisa di pake di toko offline ya,5,0,1.45.09,2025-12-31 18:48:46+00:00,"Hi Kak Onedie . Mohon maaf atas kendala tidak bisa menggunakan QRIS di toko offline. Terkait kendala tersebut mohon menghubungi kami melalui DM ke Instagram @ShopeePay_ID yang bercentang biru, dengan menginformasikan detail dan bukti kendala untuk bantuan lebih lanjut. Semoga kendala kakak segera terselesaikan ya. ^CS",2026-01-01 13:39:29,1.45.09,Dataset/dataset\SHOPEEPAY_googleplay_DECEMBER_reviews.csv,qris
c287acf5-9056-4697-8692-5bfceb55418a,Pengguna Google,https://play-lh.googleusercontent.com/EGemoI2NTXmTsBVtJqk8jxF9rh8ApRWfsIMQSt2uE4OcpQqbFu7f7NbTK05lx80nuSijCz7sc3a277R67g,kocak qris nya black screen,1,0,1.45.09,2025-12-31 14:37:07+00:00,"Hi Kak Sunny_Gaming TV, Mohon maaf mengenai kendala tidak bisa menggunakan QR. Pastikan telah menggunakan aplikasi ShopeePay terbaru & lakukan clear cache. Apabila masih berkendala mohon menghubungi kami melalui DM Instagram di @ShopeePay_ID untuk bantuan lebih lanjut dgn melampirkan foto/screenshot notifikasi kendala. ^CS",2025-12-31 15:24:40,1.45.09,Dataset/dataset\SHOPEEPAY_googleplay_DECEMBER_reviews.csv,qris
83e3244a-2596-4bbe-abde-a1bd1f78e2b1,Pengguna Google,https://play-lh.googleusercontent.com/EGemoI2NTXmTsBVtJqk8jxF9rh8ApRWfsIMQSt2uE4OcpQqbFu7f7NbTK05lx80nuSijCz7sc3a277R67g,ga bisa pembayar lewat qris beli pulsa juga ga bisa ini gimna si pihak shopepay jadi ga nyaman untuk transaksi lainya,1,5,1.44.05,2025-12-30 16:32:46+00:00,"Hi Kak Abdul Azis. Mohon maaf mengenai kendala tidak dapat melakukan pembelian pulsa menggunakan QRIS. Untuk pengecekan lebih lanjut, mohon menghubungi kami melalui DM ke Instagram @ShopeePay_ID dengan melamprikan detail kendala yang dialami ya Kak agar dapat kami bantu pengecekan lebih lanjut. Kami akan membantu kendala yang Kakak alami. ^AS",2025-12-30 18:06:10,1.44.05,Dataset/dataset\SHOPEEPAY_googleplay_DECEMBER_reviews.csv,qris
f7c3cc43-0ec6-4786-ab3a-0cc5f9a80b63,Pengguna Google,https://play-lh.googleusercontent.com/EGemoI2NTXmTsBVtJqk8jxF9rh8ApRWfsIMQSt2uE4OcpQqbFu7f7NbTK05lx80nuSijCz7sc3a277R67g,"Udah sangat bagus hanya saja, sepertinya akan lebih menarik jika waktu scan Qris ada bunyinya kayak apk biru, kayak cennut gitu, atau apalah bunyinya, jadi waktu kita mau bayar pakai qris si penjual tau kalo kita udah proses scan",5,0,,2025-12-29 11:56:33+00:00,"Hi Kak. Terima kasih telah menggunakan ShopeePay. Mari cek aplikasi ShopeePay karena banyak fitur yang mempermudah keseharian kakak seperti pembelian pulsa, paket data, pembayaran tagihan listrik dan pembayaran lainnya. Jika kakak memiliki pertanyaan seputar ShopeePay, mohon DM kami di Instagram @ShopeePay_ID ya. Semoga harimu menyenangkan ^RJ",2025-12-30 09:02:49,,Dataset/dataset\SHOPEEPAY_googleplay_DECEMBER_reviews.csv,qris
5a2ad2b3-22b1-4eb7-866f-e03d925959d4,Pengguna Google,https://play-lh.googleusercontent.com/EGemoI2NTXmTsBVtJqk8jxF9rh8ApRWfsIMQSt2uE4OcpQqbFu7f7NbTK05lx80nuSijCz7sc3a277R67g,kenapa tidak bisa bayar qris,1,0,1.45.09,2025-12-28 17:16:57+00:00,"Hi Kak Nadin Nafisa. Mohon maaf atas ketidaknyamanan yang dialami terkait tidak dapat melakukan pembayaran QRIS menggunakan ShopeePay. Agar dapat kami cek lebih lanjut, mohon menghubungi kami dengan melampirkan detail kendala dan tangkapan layar kendalanya melalui DM Instagram @ShopeePay_ID ya. Kami akan membantu kendala yang Kakak alami ^AS",2025-12-29 14:20:11,1.45.09,Dataset/dataset\SHOPEEPAY_googleplay_DECEMBER_reviews.csv,qris
a528529a-fd30-4ba0-b389-8eeecc7494a9,Pengguna Google,https://play-lh.googleusercontent.com/EGemoI2NTXmTsBVtJqk8jxF9rh8ApRWfsIMQSt2uE4OcpQqbFu7f7NbTK05lx80nuSijCz7sc3a277R67g,apk ngeleg banget buat bayar qris aja lambat,1,0,,2025-12-28 14:36:46+00:00,"Hi Kak Sahril Romadoni, mohon maaf atas kendala pembayaran scan QRIS. Kami sarankan untuk melakukan clear cache dengan cara masuk ke Pengaturan > Aplikasi > ShopeePay > Penyimpanan > Hapus cache. Pastikan internet Kakak dalam keadaan stabil. Jika ke depannya masih berkendala, Kakak dapat menghubungi kami di DM Instagram @ShopeePay_ID ya ^AS",2025-12-29 14:56:06,,Dataset/dataset\SHOPEEPAY_googleplay_DECEMBER_reviews.csv,qris
1a7ca608-6c6e-461d-851c-926a321594c1,Pengguna Google,https://play-lh.googleusercontent.com/EGemoI2NTXmTsBVtJqk8jxF9rh8ApRWfsIMQSt2uE4OcpQqbFu7f7NbTK05lx80nuSijCz7sc3a277R67g,QRIS tidak bisa digunakan disemua merchant. Kalah dengan aplikasi lain. Untuk 0% bunga sudah mantap,3,0,1.45.09,2025-12-28 07:10:12+00:00,"Hai Kak Member of Sandani, makasih ya buat penilaiannya, semoga Shopee terus bisa kasih pelayanan yg terbaik buat kakak. Shopee juga akan terus tingkatkan pelayanan yg terbaik biar kakak makin nyaman, aman dan asik belanja/bertransaksi di Shopee. yuk pantengin terus sosmed shopee biar kakak tahu update info promo menariknya. Have a Nice day ka^BS",2025-04-11 23:13:58,1.45.09,Dataset/dataset\SHOPEEPAY_googleplay_DECEMBER_reviews.csv,qris
4500d04c-d81f-4756-99ab-14f08ea9bf50,Pengguna Google,https://play-lh.googleusercontent.com/EGemoI2NTXmTsBVtJqk8jxF9rh8ApRWfsIMQSt2uE4OcpQqbFu7f7NbTK05lx80nuSijCz7sc3a277R67g,Percuma di dowload gabisa melakukan pembayaran QRIS pake paylater,1,0,1.45.09,2025-12-27 15:01:02+00:00,"Hi Kak Rachman Suryo. Mohon maaf mengenai tidak dapat melakukan pembayaran QRIS dengan SPayLater. Saat ini pembayarn QRIS dapat dilakukan menggunakan ShopeePay dan SPayLater ya. Jika Kakak mengalami kendala, Kakak dapat menghubungi kami melalui DM ke Instagram @ShopeePay_ID yang bercentang biru untuk bantuan lebih lanjut. ^AS",2025-12-29 11:49:25,1.45.09,Dataset/dataset\SHOPEEPAY_googleplay_DECEMBER_reviews.csv,qris
5a080b76-dd8f-4a2c-a16f-167f3a5c6002,Pengguna Google,https://play-lh.googleusercontent.com/EGemoI2NTXmTsBVtJqk8jxF9rh8ApRWfsIMQSt2uE4OcpQqbFu7f7NbTK05lx80nuSijCz7sc3a277R67g,"Baru login, ShopeePay malah dibatasi 24 jam dan tidak bisa bayar QRIS. Sangat mengganggu karena butuh transaksi cepat. Hubungi CS pun tidak ada solusi. Tolong perbaiki sistem keamanannya — terlalu kaku dan merugikan.",1,22,1.45.09,2025-12-27 14:20:13+00:00,"Hi Kak, mohon maaf atas kendala tidak dapat melakukan transaksi pembayaran QRIS setelah berhasil login akun ShopeePay. Saat ini Kakak dapat mencoba melakukan transaksi dalam 1x24 jam ke depan setelah berhasil login ya, apabila masih berkendala mohon menghubungi kami melalui DM Instagram di @ShopeePay_ID untuk bantuan lebih lanjut. ^AS",2025-12-29 13:16:08,1.45.09,Dataset/dataset\SHOPEEPAY_googleplay_DECEMBER_reviews.csv,qris
7ae92feb-1a0f-4dea-b114-b139edd75b36,Pengguna Google,https://play-lh.googleusercontent.com/EGemoI2NTXmTsBVtJqk8jxF9rh8ApRWfsIMQSt2uE4OcpQqbFu7f7NbTK05lx80nuSijCz7sc3a277R67g,trima kasih pakai qris langsung cepet transaksi kak,5,0,1.45.09,2025-12-25 14:32:16+00:00,"Hi Kak Hartojo. Terima kasih untuk review positifnya. Untuk transaksi di ShopeePay aman karena dilengkapi dengan fitur keamanan seperti PIN, kode OTP, sidik jari hingga verifikasi wajah. Jika kakak memiliki pertanyaan atau kendala seputar ShopeePay, mohon DM kami di Instagram @ShopeePay_ID ya. Semoga harimu menyenangkan. ^CS",2025-12-25 16:57:01,1.45.09,Dataset/dataset\SHOPEEPAY_googleplay_DECEMBER_reviews.csv,qris
928640a0-c766-44e5-be47-b7f2beff22d1,Pengguna Google,https://play-lh.googleusercontent.com/EGemoI2NTXmTsBVtJqk8jxF9rh8ApRWfsIMQSt2uE4OcpQqbFu7f7NbTK05lx80nuSijCz7sc3a277R67g,buat bayar qris sering ga bisa,1,0,,2025-12-25 12:06:42+00:00,"Hi Kak Racaya, Mohon maaf mengenai kendala tidak bisa bayar QRIS. Pastikan telah menggunakan aplikasi ShopeePay terbaru & lakukan clear cache. Apabila masih berkendala mohon menghubungi kami melalui DM Instagram di @ShopeePay_ID untuk bantuan lebih lanjut dgn melampirkan foto/screenshot notifikasi kendala. Semoga kendala segera terselesaikan ^CS",2025-12-25 15:35:55,,Dataset/dataset\SHOPEEPAY_googleplay_DECEMBER_reviews.csv,qris
be8b5a4b-5277-49ac-a07f-e46ce20348a1,Pengguna Google,https://play-lh.googleusercontent.com/EGemoI2NTXmTsBVtJqk8jxF9rh8ApRWfsIMQSt2uE4OcpQqbFu7f7NbTK05lx80nuSijCz7sc3a277R67g,belanja dan bayar-bayar pake Qris sangat mudah dan gratis tis .. tis ..tis ...oks laaah,5,0,1.44.05,2025-12-25 00:21:33+00:00,"Hi Kak Rully. Terima kasih telah menggunakan ShopeePay. Mari cek aplikasi ShopeePay karena banyak fitur yg mempermudah keseharian kakak, seperti pembelian pulsa, paket data, pembayaran tagihan listrik dan pembayaran lainnya. Jika kakak memiliki pertanyaan seputar ShopeePay, mohon DM kami di Instagram @ShopeePay_ID. Semoga harimu menyenangkan. ^CS",2025-10-27 16:56:10,1.44.05,Dataset/dataset\SHOPEEPAY_googleplay_DECEMBER_reviews.csv,qris
64be08d7-35f5-4493-93ec-31f6d7936db5,Pengguna Google,https://play-lh.googleusercontent.com/EGemoI2NTXmTsBVtJqk8jxF9rh8ApRWfsIMQSt2uE4OcpQqbFu7f7NbTK05lx80nuSijCz7sc3a277R67g,bagus bnget mempermudah pengguna ketika mau melakukan pembayaran qris saat belanja nggak perlu membuka shopee terlebih dahulu,5,0,1.44.05,2025-12-24 21:11:07+00:00,"Hi Kak Risla . Terima kasih untuk review positifnya. Untuk transaksi di ShopeePay aman karena dilengkapi dengan fitur keamanan seperti PIN, kode OTP, sidik jari hingga verifikasi wajah. Jika kakak memiliki pertanyaan atau kendala seputar ShopeePay, mohon DM kami di Instagram @ShopeePay_ID ya. Semoga harimu menyenangkan. ^CS",2025-12-25 13:28:01,1.44.05,Dataset/dataset\SHOPEEPAY_googleplay_DECEMBER_reviews.csv,qris
76e6a2c2-9ce4-4bda-be7e-afae9ff5449a,Pengguna Google,https://play-lh.googleusercontent.com/EGemoI2NTXmTsBVtJqk8jxF9rh8ApRWfsIMQSt2uE4OcpQqbFu7f7NbTK05lx80nuSijCz7sc3a277R67g,knp transaksi berhasil namun saldo tidak masuk ke penjual transaksi menggunakan Qris,2,0,,2025-12-24 14:15:54+00:00,"Hi Kak Rismawati. Mohon maaf atas kendala transaksi pembayaran QRIS yang belum diterima merchant. Terkait kendala tersebut mohon menghubungi kami melalui DM ke Instagram @ShopeePay_ID yang bercentang biru, dengan menginformasikan detail dan bukti bayar untuk bantuan lebih lanjut. Semoga kendala kakak segera terselesaikan ya. ^CS",2025-12-24 15:11:24,,Dataset/dataset\SHOPEEPAY_googleplay_DECEMBER_reviews.csv,qris
e6657dbc-96db-44a5-a459-40161aaaeae3,Pengguna Google,https://play-lh.googleusercontent.com/EGemoI2NTXmTsBVtJqk8jxF9rh8ApRWfsIMQSt2uE4OcpQqbFu7f7NbTK05lx80nuSijCz7sc3a277R67g,"aplikasi mempersulit, pemberitahuan harus perbarui nomor hp dan pin, setelah diperbarui, saldo malah kaga bisa dipake buat qris .",1,0,1.45.09,2025-12-24 06:45:10+00:00,"Hi Kak Mohamad. Mohon maaf mengenai kendala tidak bisa menggunakan saldo ShopePay untuk transaksi pembayaran QRIS. Untuk bantuan lebih lanjut, mohon menghubungi kami melalui DM ke Instagram @ShopeePay_ID dengan melampirkan foto/screenshot notifikasi kendala yang dialami. ^CS",2025-12-24 10:57:37,1.45.09,Dataset/dataset\SHOPEEPAY_googleplay_DECEMBER_reviews.csv,qris
806f0a54-da0f-41e2-94df-1f6c4a7391bf,Pengguna Google,https://play-lh.googleusercontent.com/EGemoI2NTXmTsBVtJqk8jxF9rh8ApRWfsIMQSt2uE4OcpQqbFu7f7NbTK05lx80nuSijCz7sc3a277R67g,bikin QRIS kenapa lama banget? tolong di percepat dongg,4,0,1.44.05,2025-12-23 12:05:22+00:00,"Hi Kak Mandara. Mohon maaf atas kendala permintaan pembuatan QRIS. Terkait kendala tersebut mohon menghubungi kami melalui DM ke Instagram @ShopeePay_ID yang bercentang biru, dengan menginformasikan detail dan bukti kendala untuk bantuan lebih lanjut. Semoga kendala kakak segera terselesaikan ya. ^CS",2025-12-23 13:12:03,1.44.05,Dataset/dataset\SHOPEEPAY_googleplay_DECEMBER_reviews.csv,qris
38d0dd5a-2cad-4ad4-aad2-2b22776b9082,Pengguna Google,https://play-lh.googleusercontent.com/EGemoI2NTXmTsBVtJqk8jxF9rh8ApRWfsIMQSt2uE4OcpQqbFu7f7NbTK05lx80nuSijCz7sc3a277R67g,aplikasinya enteng dan simple buat qris,5,0,1.44.05,2025-12-23 05:53:48+00:00,"Hi Kak. Terima kasih telah menggunakan ShopeePay. Mari cek aplikasi ShopeePay karena banyak fitur yang mempermudah keseharian kakak seperti pembelian pulsa, paket data, pembayaran tagihan listrik dan pembayaran lainnya. Jika kakak memiliki pertanyaan seputar ShopeePay, mohon DM kami di Instagram @ShopeePay_ID ya. Semoga harimu menyenangkan ^RJ",2025-12-23 09:36:22,1.44.05,Dataset/dataset\SHOPEEPAY_googleplay_DECEMBER_reviews.csv,qris
cea90408-38ad-4b96-8458-a8995db5383e,Pengguna Google,https://play-lh.googleusercontent.com/EGemoI2NTXmTsBVtJqk8jxF9rh8ApRWfsIMQSt2uE4OcpQqbFu7f7NbTK05lx80nuSijCz7sc3a277R67g,"parah sih ini....!! setelah melunasi tagihan spaylater, dan akan menggunakan spaylater lagi untuk scan QRIS malah tidak bisa 🤦🏿",2,10,1.45.09,2025-12-22 11:10:54+00:00,"Hi kak Yoga Mei Wantara, mohon maaf atas ketidaknyamanannya terkait kendala Top Up kakak. Agar aku bisa bantu, aku saranin kakak buat infoin SS riwayat transaksi kakak ke DM sosial media resmi kita @Shopee_id yaa. Stay Safe^SM",2025-03-26 19:25:50,1.45.09,Dataset/dataset\SHOPEEPAY_googleplay_DECEMBER_reviews.csv,qris
73431f8b-12f9-4923-9f52-34f19b7d9ca3,Pengguna Google,https://play-lh.googleusercontent.com/EGemoI2NTXmTsBVtJqk8jxF9rh8ApRWfsIMQSt2uE4OcpQqbFu7f7NbTK05lx80nuSijCz7sc3a277R67g,saya kasih bintang 4 karna ada pajak padahal bayarnya qris 🥀,4,0,1.44.05,2025-12-22 08:05:56+00:00,"Hi Kak Ahmad. Mohon maaf atas ketidaknyamanannya terkait adanya pajak saat pembayaran QRIS. Agar dapat kami cek lebih lanjut, mohon menghubungi kami dengan melampirkan detail kendala dan tangkapan layar kendalanya melalui DM Instagram @ShopeePay_ID ya. Kami akan membantu kendala yang kakak alami. ^EN",2025-12-22 17:30:52,1.44.05,Dataset/dataset\SHOPEEPAY_googleplay_DECEMBER_reviews.csv,qris
76d5516f-5c64-47fa-bb96-7e13d2c56135,Pengguna Google,https://play-lh.googleusercontent.com/EGemoI2NTXmTsBVtJqk8jxF9rh8ApRWfsIMQSt2uE4OcpQqbFu7f7NbTK05lx80nuSijCz7sc3a277R67g,"ga berword berword sm spay ini,ada batas 25 gratis admin,tarik tunai gratis,banyak voucher,qris sering dpt cashback,ngundang tmn pun dpt saldo dri spay patut di apresiasi spay ini🥰🥰🥰",5,0,,2025-12-21 18:45:40+00:00,"Hi Kak. Terima kasih telah menggunakan ShopeePay. Mari cek aplikasi ShopeePay karena banyak fitur yang mempermudah keseharian kakak seperti pembelian pulsa, paket data, pembayaran tagihan listrik dan pembayaran lainnya. Jika kakak memiliki pertanyaan seputar ShopeePay, mohon DM kami di Instagram @ShopeePay_ID ya. Semoga harimu menyenangkan ^RJ",2025-12-22 10:06:00,,Dataset/dataset\SHOPEEPAY_googleplay_DECEMBER_reviews.csv,qris
93f69b2c-3790-445f-a243-dd0ae9dd5ff8,Pengguna Google,https://play-lh.googleusercontent.com/EGemoI2NTXmTsBVtJqk8jxF9rh8ApRWfsIMQSt2uE4OcpQqbFu7f7NbTK05lx80nuSijCz7sc3a277R67g,kenapa saya kirim lewat qris tp gk masuk di saldo sedangkan di riwayat transaksi ada dana masuk. tapi dananya tidak masuk ke saldo .,1,0,1.40.06,2025-12-21 18:22:37+00:00,"Hi Kak fahim, Mohon maaf atas permintaan pembayaran SPayLater melalui ewallet & QRIS.
Terima kasih banyak sudah meluangkan waktu untuk memberikan saran & masukan yang sangat berarti untuk kami. Tim kami akan jadikan ini sebagai bahan perbaikan supaya aplikasi kami kedepannya bisa lebih baik lagi.
Semoga harinya menyenangkan, Kak!
Salam hangat, ^CS",2025-10-13 14:21:02,1.40.06,Dataset/dataset\SHOPEEPAY_googleplay_DECEMBER_reviews.csv,qris
c4b3f84a-ac68-4993-874a-9b8d2677dfeb,Pengguna Google,https://play-lh.googleusercontent.com/EGemoI2NTXmTsBVtJqk8jxF9rh8ApRWfsIMQSt2uE4OcpQqbFu7f7NbTK05lx80nuSijCz7sc3a277R67g,ini kenapa setiap payment mau itu qris/ transfer selalu verifikasi wajah mulu dah yang harusnya mempermudah kok jadi mempersulit,1,0,1.44.05,2025-12-20 08:14:03+00:00,"Hi Kak Pachri. Mohon maaf atas kendala harus verifikasi wajah setiap transaksi ShopeePay. Verifikasi wajah diperlukan untuk menjaga keamanan akun pengguna. Pastikan wajah sudah sesuai dengan KTP yang terdaftar di ShopeePay. Jika terkendala dalam verifikasi wajah, mohon DM kami dengan melampirkan video kendalanya melalui Instagram @ShopeePay_ID. ^EN",2025-12-22 12:01:25,1.44.05,Dataset/dataset\SHOPEEPAY_googleplay_DECEMBER_reviews.csv,qris
2032dded-0030-4496-8190-0988d239f83b,Pengguna Google,https://play-lh.googleusercontent.com/EGemoI2NTXmTsBVtJqk8jxF9rh8ApRWfsIMQSt2uE4OcpQqbFu7f7NbTK05lx80nuSijCz7sc3a277R67g,pakai QRIS lebih mudah👍,5,0,1.44.04,2025-12-19 22:24:58+00:00,"Hi Kak. Terima kasih telah menggunakan ShopeePay. Mari cek aplikasi ShopeePay karena banyak fitur yang mempermudah keseharian kakak seperti pembelian pulsa, paket data, pembayaran tagihan listrik dan pembayaran lainnya. Jika kakak memiliki pertanyaan seputar ShopeePay, mohon DM kami di Instagram @ShopeePay_ID ya. Semoga harimu menyenangkan ^RJ",2025-12-22 09:56:09,1.44.04,Dataset/dataset\SHOPEEPAY_googleplay_DECEMBER_reviews.csv,qris
ce3e4667-a800-47ef-affc-73236f86416e,Pengguna Google,https://play-lh.googleusercontent.com/EGemoI2NTXmTsBVtJqk8jxF9rh8ApRWfsIMQSt2uE4OcpQqbFu7f7NbTK05lx80nuSijCz7sc3a277R67g,qris nya sering gangguan .. gk bsa d pake bayar,5,0,1.44.04,2025-12-17 19:25:29+00:00,,,1.44.04,Dataset/dataset\SHOPEEPAY_googleplay_DECEMBER_reviews.csv,qris
ab202a06-05d1-4bf6-ad9b-3429605fd137,Pengguna Google,https://play-lh.googleusercontent.com/EGemoI2NTXmTsBVtJqk8jxF9rh8ApRWfsIMQSt2uE4OcpQqbFu7f7NbTK05lx80nuSijCz7sc3a277R67g,PARAH SHOPEEPAY DAN SHOPEE MEMBLOKIR AKUN SHOPEEPAY KU TANPA ADA PEMBERITAHUAN.MENUDUH TANPA ADA BUKTI.MEMBEKUKAN UANGKU TANPA CARI JALAN KELUAR.KMI CARI UANG DRI 100 PERAK HASIL KERINGAT SENDIRI TIDAK PERNAH MENCURI UANG SIAPAPUN.DI MINTA TRANSPARAN TENTANG YG DITUDUHKAN TAPI TIDAK MAU MENUNJUKKAN. DRI TGGL 1 SAMPAI SEKARANG TANGGAL 16 SALDO SHOPEEPAY DAN SALDO MERCHANT QRIS KU DI BEKUKAN. SAYA SANGAT KECEWA DENGAN TIM SHOPEE.,1,0,1.44.05,2025-12-16 19:01:10+00:00,"Hi Kak Muhammad. Mohon maaf atas kendala akun Shopee, ShopeePay & merchant yang diblokir serta terdapat saldo. Terkait kendala tersebut mohon menghubungi kami melalui DM ke Instagram @ShopeePay_ID yang bercentang biru, dengan menginformasikan detail dan bukti kendala untuk bantuan lebih lanjut. Semoga kendala kakak segera terselesaikan ya. ^CS",2025-12-17 11:41:19,1.44.05,Dataset/dataset\SHOPEEPAY_googleplay_DECEMBER_reviews.csv,qris
35fc7432-8565-4b0a-aa6c-609bb80b62b2,Pengguna Google,https://play-lh.googleusercontent.com/EGemoI2NTXmTsBVtJqk8jxF9rh8ApRWfsIMQSt2uE4OcpQqbFu7f7NbTK05lx80nuSijCz7sc3a277R67g,"mudahx baya belanja dari toko lain yang hanyan simpan kode qr qris,lalu di unggah ke qris shopepay",5,0,1.44.05,2025-12-16 16:14:19+00:00,"Hi Kak Moh Hafidzi. Terima kasih untuk review positifnya. Untuk transaksi di ShopeePay aman karena dilengkapi dengan fitur keamanan seperti PIN, kode OTP, sidik jari hingga verifikasi wajah. Jika kakak memiliki pertanyaan atau kendala seputar ShopeePay, mohon DM kami di Instagram @ShopeePay_ID ya. Semoga harimu menyenangkan. ^CS",2025-12-16 17:22:22,1.44.05,Dataset/dataset\SHOPEEPAY_googleplay_DECEMBER_reviews.csv,qris
4d8e37d7-7fc7-483b-be00-ac55af17bb89,Pengguna Google,https://play-lh.googleusercontent.com/EGemoI2NTXmTsBVtJqk8jxF9rh8ApRWfsIMQSt2uE4OcpQqbFu7f7NbTK05lx80nuSijCz7sc3a277R67g,cuman suara notifikasi dari qris kadang lancar kadang gak..tolong dong di perbaiki lagi,5,0,1.44.05,2025-12-15 20:07:50+00:00,"Hi Kak. Terima kasih telah menggunakan ShopeePay. Mari cek aplikasi ShopeePay karena banyak fitur yang mempermudah keseharian kakak seperti pembelian pulsa, paket data, pembayaran tagihan listrik dan pembayaran lainnya. Jika kakak memiliki pertanyaan seputar ShopeePay, mohon DM kami di Instagram @ShopeePay_ID ya. Semoga harimu menyenangkan ^RJ",2025-12-16 09:27:52,1.44.05,Dataset/dataset\SHOPEEPAY_googleplay_DECEMBER_reviews.csv,qris
d3d3904e-2db2-45b9-a71d-335ea2932469,Pengguna Google,https://play-lh.googleusercontent.com/EGemoI2NTXmTsBVtJqk8jxF9rh8ApRWfsIMQSt2uE4OcpQqbFu7f7NbTK05lx80nuSijCz7sc3a277R67g,"Kayak nya ada perlu fitur pengembangan lagi yaitu Qris nasional agar memudahkan kami dalam menerima transfer scan agar memudahkan pembayaran terima kasih, update 15 Desember 2025 Alhamdulillah setelah 1 tahun yang lalu saya ada pengembangan kasih Bintang 5",5,2,1.44.05,2025-12-15 18:47:35+00:00,"Hi kak, maaf bikin ga nyaman trkait kendala yg km alami Apabila ada pertanyaan/kendala terkait Shopee boleh infoin aku via DM ke sosmed @Shopee_id/@Shopeecare ya. Stay healthy ^RA",2024-12-30 21:15:38,1.44.05,Dataset/dataset\SHOPEEPAY_googleplay_DECEMBER_reviews.csv,qris
5bb2deca-bd93-4845-85f4-fc290d0087a4,Pengguna Google,https://play-lh.googleusercontent.com/EGemoI2NTXmTsBVtJqk8jxF9rh8ApRWfsIMQSt2uE4OcpQqbFu7f7NbTK05lx80nuSijCz7sc3a277R67g,"so far untuk pembayaran qris lebih enak pakai shopeepay sih, banyak banget keuntungannya dari diskon prodak dll",5,0,1.44.04,2025-12-15 10:56:59+00:00,"Hi Kak Wahyu. Terima kasih atas review positif yang Kakak bagikan. Kami ikut senang jika Kakak puas dengan aplikasi ShopeePay. Jangan lupa untuk rutin cek aplikasi ShopeePay untuk mendapatkan promo menarik. Jika Kakak mengalami kendala, hubungi kami di DM Instagram @ShopeePay_ID. ^CS",2025-12-15 13:37:21,1.44.04,Dataset/dataset\SHOPEEPAY_googleplay_DECEMBER_reviews.csv,qris
9b9d66cc-d70a-45a2-8f96-6cf6aa5f1c02,Pengguna Google,https://play-lh.googleusercontent.com/EGemoI2NTXmTsBVtJqk8jxF9rh8ApRWfsIMQSt2uE4OcpQqbFu7f7NbTK05lx80nuSijCz7sc3a277R67g,knp sih kok gak bisa pake qris dari tadi,2,0,1.25.08,2025-12-15 08:07:55+00:00,"Hi Kak Berlian, Mohon maaf atas kendala tidak bisa menggunakan QRIS. Pastikan telah menggunakan aplikasi ShopeePay terbaru & lakukan clear cache. Apabila masih berkendala mohon menghubungi kami melalui DM Instagram di @ShopeePay_ID untuk bantuan lebih lanjut dgn melampirkan foto/screenshot notifikasi kendala. Semoga kendala segera terselesaikan ^CS",2025-12-15 12:38:06,1.25.08,Dataset/dataset\SHOPEEPAY_googleplay_DECEMBER_reviews.csv,qris
1925204f-2caf-4cba-8363-efbb769b76ab,Pengguna Google,https://play-lh.googleusercontent.com/EGemoI2NTXmTsBVtJqk8jxF9rh8ApRWfsIMQSt2uE4OcpQqbFu7f7NbTK05lx80nuSijCz7sc3a277R67g,Sekarang koinnya kok jadi sedikit.. kalau beli pakai Qris dapatnya koin aja..,5,0,1.44.05,2025-12-15 05:17:30+00:00,"Hi Kak. Terima kasih telah menggunakan ShopeePay. Mari cek aplikasi ShopeePay karena banyak fitur yang mempermudah keseharian kakak seperti pembelian pulsa, paket data, pembayaran tagihan listrik dan pembayaran lainnya. Jika kakak memiliki pertanyaan seputar ShopeePay, mohon DM kami di Instagram @ShopeePay_ID ya. Semoga harimu menyenangkan ^RJ",2025-12-15 10:14:55,1.44.05,Dataset/dataset\SHOPEEPAY_googleplay_DECEMBER_reviews.csv,qris
e94ef445-c563-450f-8bfb-9fc26e163088,Pengguna Google,https://play-lh.googleusercontent.com/EGemoI2NTXmTsBVtJqk8jxF9rh8ApRWfsIMQSt2uE4OcpQqbFu7f7NbTK05lx80nuSijCz7sc3a277R67g,"Sudah bagus, tapi lemot saat mau bayar pakai qris. Tolong di perbaiki lg ya ges",3,0,,2025-12-11 22:01:11+00:00,"Hi Kak. Mohon maaf atas kendala saat pembayaran dengan QRIS. Kami sarankan untuk melakukan clear cache dengan cara masuk ke Pengaturan>Aplikasi>ShopeePay>Penyimpanan>Hapus cache. Pastikan internet dalam keadaan stabil, ketersediaan RAM dan Memori yang cukup. Jika kedepannya masih berkendala, silakan hubungi kami di DM Instagram @ShopeePay_ID ^CS",2025-12-12 11:14:12,,Dataset/dataset\SHOPEEPAY_googleplay_DECEMBER_reviews.csv,qris
4540277d-fd24-4375-ada8-b0bd11cac876,Pengguna Google,https://play-lh.googleusercontent.com/EGemoI2NTXmTsBVtJqk8jxF9rh8ApRWfsIMQSt2uE4OcpQqbFu7f7NbTK05lx80nuSijCz7sc3a277R67g,blum ad sbulan pke merchant qris shopee pay buat transaksi di toko.eh mlh di blokir .ada saldo jualan di bekukan ndk bisa di apa2 in.nyesek banget setengah mati cri uang.bru seenaknya bekukan saldo org TANPA PEMBERITAHUAN,1,0,1.44.05,2025-12-11 06:29:27+00:00,"Hi Kak Alvien. Mohon maaf atas kendala akun Merchant dibekukan dan masih terdapat saldo. Terkait kendala tersebut mohon menghubungi kami melalui DM ke Instagram @ShopeePay_ID yang bercentang biru, dengan menginformasikan detail dan bukti kendala untuk bantuan lebih lanjut. Semoga kendala kakak segera terselesaikan ya. ^CS",2025-12-11 10:54:19,1.44.05,Dataset/dataset\SHOPEEPAY_googleplay_DECEMBER_reviews.csv,qris
7a3f072a-604d-429e-8baf-51a0f894703d,Pengguna Google,https://play-lh.googleusercontent.com/EGemoI2NTXmTsBVtJqk8jxF9rh8ApRWfsIMQSt2uE4OcpQqbFu7f7NbTK05lx80nuSijCz7sc3a277R67g,limit spayleter di kasih.tapi sama sekali tdk bisa di gunakan untuk bayar dgn qris.percuma.mohon untuk versi terbaru ini lebih di permudah agar bsa membantu pengguna yg betul2 membutuhkan dana cepat/pembayaran praktis.,2,3,1.44.04,2025-12-08 21:14:55+00:00,"Hi Kak Agus. Mohon maaf atas kendala tidak dapat membayar QRIS menggunakan SPayLater. Saat ini belum semua Merchant dapat menerima pembayaran dengan SPayLater. Mohon menghubungi kami melalui DM ke Instagram @ShopeePay_ID yang bercentang biru, dengan menginformasikan detail kendalanya untuk bantuan lebih lanjut. ^EN",2025-12-09 11:57:09,1.44.04,Dataset/dataset\SHOPEEPAY_googleplay_DECEMBER_reviews.csv,qris
e6644dee-dba0-4ef3-ade3-93c03b02765b,Pengguna Google,https://play-lh.googleusercontent.com/EGemoI2NTXmTsBVtJqk8jxF9rh8ApRWfsIMQSt2uE4OcpQqbFu7f7NbTK05lx80nuSijCz7sc3a277R67g,Bagus Dan Sangat Memberikan Kelegaan Belanja Ada Berbagai Voucher Belanja Dan Dapat Koin Penggunaaan Qris ..,5,0,1.44.04,2025-12-06 22:34:08+00:00,"Hi Kak. Terima kasih telah menggunakan ShopeePay. Mari cek aplikasi ShopeePay karena banyak fitur yang mempermudah keseharian kakak seperti pembelian pulsa, paket data, pembayaran tagihan listrik dan pembayaran lainnya. Jika kakak memiliki pertanyaan seputar ShopeePay, mohon DM kami di Instagram @ShopeePay_ID ya. Semoga harimu menyenangkan ^RJ",2025-12-08 09:57:31,1.44.04,Dataset/dataset\SHOPEEPAY_googleplay_DECEMBER_reviews.csv,qris
0ee4d3c5-d070-41c4-817d-8bb501bd330e,Pengguna Google,https://play-lh.googleusercontent.com/EGemoI2NTXmTsBVtJqk8jxF9rh8ApRWfsIMQSt2uE4OcpQqbFu7f7NbTK05lx80nuSijCz7sc3a277R67g,aplikasi yg sangat membatu bnget bisd untuk belanja apa saja mengunakan Qris saya suka dengan ada nya spaylater jadi dalam ke adaan tidak punya duit kita masih tetap bisa beli bayar bulan depan terimakasih aplikasi nya,5,10,1.44.05,2025-12-06 13:17:24+00:00,"Hi Kak. Terima kasih telah menggunakan ShopeePay. Mari cek aplikasi ShopeePay karena banyak fitur yang mempermudah keseharian kakak seperti pembelian pulsa, paket data, pembayaran tagihan listrik dan pembayaran lainnya. Jika kakak memiliki pertanyaan seputar ShopeePay, mohon DM kami di Instagram @ShopeePay_ID ya. Semoga harimu menyenangkan ^RJ",2025-12-08 09:52:53,1.44.05,Dataset/dataset\SHOPEEPAY_googleplay_DECEMBER_reviews.csv,qris
57c325a5-60fe-4459-abde-a2d53e2b8bdc,Pengguna Google,https://play-lh.googleusercontent.com/EGemoI2NTXmTsBVtJqk8jxF9rh8ApRWfsIMQSt2uE4OcpQqbFu7f7NbTK05lx80nuSijCz7sc3a277R67g,cepet pakai qris,3,0,1.44.04,2025-12-04 12:42:40+00:00,"Hi Kak Zaky. Terima kasih untuk review positifnya. Untuk transaksi di ShopeePay aman karena dilengkapi dengan fitur keamanan seperti PIN, kode OTP, sidik jari hingga verifikasi wajah. Jika kakak memiliki pertanyaan atau kendala seputar ShopeePay, mohon DM kami di Instagram @ShopeePay_ID ya. Semoga harimu menyenangkan. ^CS",2025-12-04 13:38:38,1.44.04,Dataset/dataset\SHOPEEPAY_googleplay_DECEMBER_reviews.csv,qris
e698af2b-bee4-4a89-9f96-2b8856d4fb1a,Pengguna Google,https://play-lh.googleusercontent.com/EGemoI2NTXmTsBVtJqk8jxF9rh8ApRWfsIMQSt2uE4OcpQqbFu7f7NbTK05lx80nuSijCz7sc3a277R67g,"Aplikasinya bagus, transaksi cepst dan mudah. Pembayaran QRIS, top up, dan trsnsfer selalu berhasil tanpa delay. Recommended!",5,5,1.44.04,2025-12-03 21:00:50+00:00,"Hi Kak. Terima kasih telah menggunakan ShopeePay. Mari cek aplikasi ShopeePay karena banyak fitur yang mempermudah keseharian kakak seperti pembelian pulsa, paket data, pembayaran tagihan listrik dan pembayaran lainnya. Jika kakak memiliki pertanyaan seputar ShopeePay, mohon DM kami di Instagram @ShopeePay_ID ya. Semoga harimu menyenangkan ^RJ",2025-12-04 09:29:06,1.44.04,Dataset/dataset\SHOPEEPAY_googleplay_DECEMBER_reviews.csv,qris
f52728b0-da2f-4ec1-b99b-72c85f9acd89,Pengguna Google,https://play-lh.googleusercontent.com/EGemoI2NTXmTsBVtJqk8jxF9rh8ApRWfsIMQSt2uE4OcpQqbFu7f7NbTK05lx80nuSijCz7sc3a277R67g,"ShopeePay: Dompet Serba Bisa yang juara! 🚀 Gratis admin, bayar serba bisa, plus dukung QRIS SPayLater. Cashback saldo & ShopeeFood gratis ongkir bikin makin hemat. 😍 Merchant bisa daftar cepat. Keamanan data? Aman & terlisensi BI. 🔒 #ShopeePay #DigitalWallet #ReviewIndonesia #ShopeeFoodGratisOngkir",5,1,1.43.10,2025-12-03 05:33:32+00:00,"Hai kak, thanks buat 5 bintang dan reviewnya. semoga kakak selalu happy belanja kebutuhan dan bertransaksi di shopee. Pantau terus aplikasi dan sosmed shopee biar kakak nggak ketinggalan promo yg ada di shopee. kalau ada kendala terkait shopee bisa langsung DM IG shopee_id. Happy shopping 😊^BL",2024-08-16 09:31:57,1.43.10,Dataset/dataset\SHOPEEPAY_googleplay_DECEMBER_reviews.csv,qris
5ce027f1-da82-491e-a694-c30ff8ad05dc,Pengguna Google,https://play-lh.googleusercontent.com/EGemoI2NTXmTsBVtJqk8jxF9rh8ApRWfsIMQSt2uE4OcpQqbFu7f7NbTK05lx80nuSijCz7sc3a277R67g,mohon bantuannya knp apk shopepay aku tiba² gabisa di buat buka fitur tagihan spaylater nya. untuk transfer atau qris lancar aja. mohon di benahi. ada tagihan spaylater sampek nunggak karena gabisa dibuka,3,0,1.44.04,2025-12-02 23:31:04+00:00,"Hi Kak Rika_Azzahra 17. Mohon maaf atas kendala terkait SPayLater. Kami sarankan untuk melakukan clear cache dgn cara masuk ke Pengaturan>Aplikasi>ShopeePay>Penyimpanan>Hapus cache. Pastikan internet dalam keadaan stabil, ketersediaan RAM dan Memori yang cukup. Jika kedepannya masih berkendala, silakan hubungi kami di DM Instagram @ShopeePay_ID ^CS",2025-12-03 14:15:14,1.44.04,Dataset/dataset\SHOPEEPAY_googleplay_DECEMBER_reviews.csv,qris
1ee5c2a7-da51-43f8-8f2a-75d57071d65b,Pengguna Google,https://play-lh.googleusercontent.com/EGemoI2NTXmTsBVtJqk8jxF9rh8ApRWfsIMQSt2uE4OcpQqbFu7f7NbTK05lx80nuSijCz7sc3a277R67g,"kalau boleh minta tolong, untuk pembayaran cicilan bukan hanya lewat bank konvensional atau digital/ind****et dan lainnya atau CC/, tapi juga klo bisa pakai QRIS. jd enak langsung shot Mbanking buat bayar kaya app kr***vo",5,5,1.44.04,2025-12-02 13:24:45+00:00,"Hi Kak cecep, maaf ya atas kendala pembayaran cicilan menggunakan QRIS.
Terima kasih banyak sudah meluangkan waktu untuk memberikan saran dan masukan yang sangat berarti untuk kami. Tim kami akan jadikan ini sebagai bahan perbaikan supaya aplikasi kami kedepannya bisa lebih baik lagi.
Semoga harinya menyenangkan, Kak! 😊
Salam hangat, ^CS",2025-12-02 14:58:24,1.44.04,Dataset/dataset\SHOPEEPAY_googleplay_DECEMBER_reviews.csv,qris
47c7dc5b-d1f0-4c87-ab70-b56c9dd3bbd4,Pengguna Google,https://play-lh.googleusercontent.com/EGemoI2NTXmTsBVtJqk8jxF9rh8ApRWfsIMQSt2uE4OcpQqbFu7f7NbTK05lx80nuSijCz7sc3a277R67g,kalau transfer ke akun lain tidak bisa menggunakan nomor harus pake QRIS tolong di benahin lagi biar pengguna tidak kesulitan,3,1,1.43.10,2025-12-01 08:31:50+00:00,"Hi Kak ALF. Mohon maaf atas kendala tidak bisa transfer sesama ShopeePay menggunakan nomor telepon. Agar dapat kami cek lebih lanjut, mohon menghubungi kami dengan melampirkan detail kendala dan tangkapan layar kendalanya melalui DM Instagram @ShopeePay_ID ya. Kami akan membantu kendala yang kakak alami ^EN",2025-12-01 15:40:13,1.43.10,Dataset/dataset\SHOPEEPAY_googleplay_DECEMBER_reviews.csv,qris
5e0b9ece-73ec-4f9d-b74b-b0d26cfeda19,Pengguna Google,https://play-lh.googleusercontent.com/EGemoI2NTXmTsBVtJqk8jxF9rh8ApRWfsIMQSt2uE4OcpQqbFu7f7NbTK05lx80nuSijCz7sc3a277R67g,gambarnya harus upload dulu ga langsung dari galeri bikin qris yang di gambar susah,5,0,1.31.03,2025-11-30 12:01:38+00:00,"Hi Kak. Terima kasih telah menggunakan ShopeePay. Mari cek aplikasi ShopeePay karena banyak fitur yang mempermudah keseharian kakak seperti pembelian pulsa, paket data, pembayaran tagihan listrik dan pembayaran lainnya. Jika kakak memiliki pertanyaan seputar ShopeePay, mohon DM kami di Instagram @ShopeePay_ID ya. Semoga harimu menyenangkan ^RJ",2025-12-01 09:58:05,1.31.03,Dataset/dataset\SHOPEEPAY_googleplay_NOVEMBER_reviews.csv,qris
7f613ac0-8fda-4fa0-b3e4-4ae79af1056a,Pengguna Google,https://play-lh.googleusercontent.com/EGemoI2NTXmTsBVtJqk8jxF9rh8ApRWfsIMQSt2uE4OcpQqbFu7f7NbTK05lx80nuSijCz7sc3a277R67g,kemari tnggal 28malam sekitar jam 23:40 malam sy ada pembayarn pakai Qris tidak banyak hanya 100rb sy pake bayar tpi malah kepotong jadi 200rb sampai saat ini uang sy yg lebih 100rb tidak ada proses apapun itu di shoppepay ini di suruh menunggu trus kalo begini sy takut simpan uang lagi disini sy lngsung tf uang ke akun bank sy karna bkln takut hilang lgi makasi intinya hati hatu kalian semua sm apk inu sekarang suka mengambil uang,1,0,1.42.03,2025-11-30 10:46:06+00:00,"Hi Kak Sumarni. Mohon maaf mengenai kendala pembayaran ShopeePay terpotong 2 kali. Untuk pengecekan lebih lanjut, mohon menghubungi kami melalui DM ke Instagram @ShopeePay_ID dengan melampirkan bukti pembayaran yang tertera nomor transaksi (Order SN), nominal, tanggal dan waktu transaksi. ^EN",2025-12-01 14:24:38,1.42.03,Dataset/dataset\SHOPEEPAY_googleplay_NOVEMBER_reviews.csv,qris
87ec9178-4bd4-4aed-a455-79e0c290adae,Pengguna Google,https://play-lh.googleusercontent.com/EGemoI2NTXmTsBVtJqk8jxF9rh8ApRWfsIMQSt2uE4OcpQqbFu7f7NbTK05lx80nuSijCz7sc3a277R67g,baru pertamakalinya beli pake qris. Alhamdulillah mudah dan lancar bayarnya. terimakasih shopee,5,2,1.43.10,2025-11-30 08:37:39+00:00,"Hi Kak. Terima kasih telah menggunakan ShopeePay. Mari cek aplikasi ShopeePay karena banyak fitur yang mempermudah keseharian kakak seperti pembelian pulsa, paket data, pembayaran tagihan listrik dan pembayaran lainnya. Jika kakak memiliki pertanyaan seputar ShopeePay, mohon DM kami di Instagram @ShopeePay_ID ya. Semoga harimu menyenangkan ^RJ",2025-12-01 09:55:46,1.43.10,Dataset/dataset\SHOPEEPAY_googleplay_NOVEMBER_reviews.csv,qris
70054601-7362-4c7c-9d15-6ba30c9e3a65,Pengguna Google,https://play-lh.googleusercontent.com/EGemoI2NTXmTsBVtJqk8jxF9rh8ApRWfsIMQSt2uE4OcpQqbFu7f7NbTK05lx80nuSijCz7sc3a277R67g,"kasih widget scan qris buat android dong, biar gaperlu kebanyakan klik",4,0,1.43.10,2025-11-29 22:19:30+00:00,"Hi Kak Kawury, Terima kasih telah memberikan penilaian untuk aplikasi ShopeePay. Saran dari kakak akan kami terima dan jadikan masukan agar lebih baik lagi kedepannya. Apabila kakak memiliki pertanyaan atau kendala pada aplikasi ShopeePay, silakan menghubungi kami melalui DM ke Instagram @ShopeePay_ID. ^EN",2025-12-01 14:15:29,1.43.10,Dataset/dataset\SHOPEEPAY_googleplay_NOVEMBER_reviews.csv,qris
5e94d8b6-d97c-4f2e-8542-3318089ac3ca,Pengguna Google,https://play-lh.googleusercontent.com/EGemoI2NTXmTsBVtJqk8jxF9rh8ApRWfsIMQSt2uE4OcpQqbFu7f7NbTK05lx80nuSijCz7sc3a277R67g,mari bergabung masukan kode ==>>PASCQSXKN aplikasi sangat bermanfaat bisa transaksi pulsa data Token PLN tagihan indhome dan lain lain ada qris untk menerima atau membayar. transfer ke walet atau bank serba cepat free.,5,0,1.42.03,2025-11-29 14:14:27+00:00,"Hi Kak Henry P. Terima kasih untuk review positifnya. Untuk transaksi di ShopeePay aman karena dilengkapi dengan fitur keamanan seperti PIN, kode OTP, sidik jari hingga verifikasi wajah. Jika kakak memiliki pertanyaan atau kendala seputar ShopeePay, mohon DM kami di Instagram @ShopeePay_ID ya. Semoga harimu menyenangkan. ^CS",2025-10-15 16:08:54,1.42.03,Dataset/dataset\SHOPEEPAY_googleplay_NOVEMBER_reviews.csv,qris
952a981d-0fbb-414e-9f3f-f4915c1bf488,Pengguna Google,https://play-lh.googleusercontent.com/EGemoI2NTXmTsBVtJqk8jxF9rh8ApRWfsIMQSt2uE4OcpQqbFu7f7NbTK05lx80nuSijCz7sc3a277R67g,Qris shopee Pay mantaap,5,0,,2025-11-29 10:02:37+00:00,"Hi Kak. Terima kasih telah menggunakan ShopeePay. Mari cek aplikasi ShopeePay karena banyak fitur yang mempermudah keseharian kakak seperti pembelian pulsa, paket data, pembayaran tagihan listrik dan pembayaran lainnya. Jika kakak memiliki pertanyaan seputar ShopeePay, mohon DM kami di Instagram @ShopeePay_ID ya. Semoga harimu menyenangkan ^RJ",2025-12-01 09:56:21,,Dataset/dataset\SHOPEEPAY_googleplay_NOVEMBER_reviews.csv,qris
de1aa074-f05f-42cc-a848-dbe54d79d7db,Pengguna Google,https://play-lh.googleusercontent.com/EGemoI2NTXmTsBVtJqk8jxF9rh8ApRWfsIMQSt2uE4OcpQqbFu7f7NbTK05lx80nuSijCz7sc3a277R67g,sangat mudah pembayaran qris di warung-warung offline,5,1,1.43.10,2025-11-28 11:55:35+00:00,"Hi Kak Dec. Terima kasih untuk review positifnya. Untuk transaksi di ShopeePay aman karena dilengkapi dengan fitur keamanan seperti PIN, kode OTP, sidik jari hingga verifikasi wajah. Jika kakak memiliki pertanyaan atau kendala seputar ShopeePay, mohon DM kami di Instagram @ShopeePay_ID ya. Semoga harimu menyenangkan. ^CS",2025-11-28 13:51:41,1.43.10,Dataset/dataset\SHOPEEPAY_googleplay_NOVEMBER_reviews.csv,qris
11a2d202-f591-4bad-91d9-255d92212101,Pengguna Google,https://play-lh.googleusercontent.com/EGemoI2NTXmTsBVtJqk8jxF9rh8ApRWfsIMQSt2uE4OcpQqbFu7f7NbTK05lx80nuSijCz7sc3a277R67g,kenapa gagal saya melakukan transaksi qris,5,0,1.42.03,2025-11-25 22:50:53+00:00,"Hi Kak. Terima kasih telah menggunakan ShopeePay. Mari cek aplikasi ShopeePay karena banyak fitur yang mempermudah keseharian kakak seperti pembelian pulsa, paket data, pembayaran tagihan listrik dan pembayaran lainnya. Jika kakak memiliki pertanyaan seputar ShopeePay, mohon DM kami di Instagram @ShopeePay_ID ya. Semoga harimu menyenangkan ^RJ",2025-11-26 09:42:02,1.42.03,Dataset/dataset\SHOPEEPAY_googleplay_NOVEMBER_reviews.csv,qris
c803a8ed-d5c5-4443-8382-21dbbcdaf6e8,Pengguna Google,https://play-lh.googleusercontent.com/EGemoI2NTXmTsBVtJqk8jxF9rh8ApRWfsIMQSt2uE4OcpQqbFu7f7NbTK05lx80nuSijCz7sc3a277R67g,"gratis admin uy mantap la. aplikasi terbaik asli, tiap beli pakai qris atau ngga dpt cashback terus mantappp👍👍👍👍",5,1,1.42.03,2025-11-25 11:36:34+00:00,"Hi Kak Ryn. Terima kasih atas review positif yang Kakak bagikan. Kami ikut senang jika Kakak puas dengan aplikasi ShopeePay. Jangan lupa untuk rutin cek aplikasi ShopeePay untuk mendapatkan promo menarik. Jika Kakak mengalami kendala, hubungi kami di DM Instagram @ShopeePay_ID. ^CS",2025-11-18 18:17:34,1.42.03,Dataset/dataset\SHOPEEPAY_googleplay_NOVEMBER_reviews.csv,qris
cb73b5d8-28d1-4bc0-92d9-1b9ab634f545,Pengguna Google,https://play-lh.googleusercontent.com/EGemoI2NTXmTsBVtJqk8jxF9rh8ApRWfsIMQSt2uE4OcpQqbFu7f7NbTK05lx80nuSijCz7sc3a277R67g,"Saya baru ganti hp. Yang jadi permasalahan, setiap mau melakukan transaksi—misal bayar pake qris, selalu dimintain verifikasi wajah terus-menerus. Jadi memperlambat waktu transaksi.",2,6,1.43.10,2025-11-24 01:29:20+00:00,"Hi Kak Aria, mohon maaf atas kendala verifikasi wajah saat melakukan transaksi QRIS. Verifikasi wajah merupakan bagian dari sistem keamanan akun dan akan muncul saat pindah device kemudian terdapat aktivitas seperti pembayaran/checkout dll, silakan menghubungi kami melalui DM Instagram di @ShopeePay_ID untuk bantuan lebih lanjut. ^CS",2025-11-24 11:19:47,1.43.10,Dataset/dataset\SHOPEEPAY_googleplay_NOVEMBER_reviews.csv,qris
29946b8a-82cd-4a51-b15e-8e386194937b,Pengguna Google,https://play-lh.googleusercontent.com/EGemoI2NTXmTsBVtJqk8jxF9rh8ApRWfsIMQSt2uE4OcpQqbFu7f7NbTK05lx80nuSijCz7sc3a277R67g,"Salah satu keunggulan utama ShopeePay adalah kemudahannya dalam melakukan pembayaran. Pengguna hanya perlu melakukan pemindaian kode QR (QRIS) atau memilih metode ShopeePay saat checkout di aplikasi Shopee. Dengan cara ini, transaksi dapat diselesaikan dalam hitungan detik tanpa harus memasukkan nomor rekening, kode OTP tambahan, atau data lainnya secara berulang-ulang. Fitur ini sangat membantu terutama bagi pengguna yang sering berbelanja online atau melakukan pembayaran harian di toko fisik.",5,9,1.43.10,2025-11-23 10:44:30+00:00,"Hi Kak. Terima kasih telah menggunakan ShopeePay. Mari cek aplikasi ShopeePay karena banyak fitur yang mempermudah keseharian kakak seperti pembelian pulsa, paket data, pembayaran tagihan listrik dan pembayaran lainnya. Jika kakak memiliki pertanyaan seputar ShopeePay, mohon DM kami di Instagram @ShopeePay_ID ya. Semoga harimu menyenangkan ^RJ",2025-11-24 10:13:08,1.43.10,Dataset/dataset\SHOPEEPAY_googleplay_NOVEMBER_reviews.csv,qris
e2474fe1-2b37-46be-8527-37281bb8b1c7,Pengguna Google,https://play-lh.googleusercontent.com/EGemoI2NTXmTsBVtJqk8jxF9rh8ApRWfsIMQSt2uE4OcpQqbFu7f7NbTK05lx80nuSijCz7sc3a277R67g,"mudah bebelanja online, apa lagi di tambah fitur pembayaran dengan qris",5,1,1.43.10,2025-11-23 07:06:52+00:00,"Hi Kak. Terima kasih telah menggunakan ShopeePay. Mari cek aplikasi ShopeePay karena banyak fitur yang mempermudah keseharian kakak seperti pembelian pulsa, paket data, pembayaran tagihan listrik dan pembayaran lainnya. Jika kakak memiliki pertanyaan seputar ShopeePay, mohon DM kami di Instagram @ShopeePay_ID ya. Semoga harimu menyenangkan ^RJ",2025-11-24 10:00:20,1.43.10,Dataset/dataset\SHOPEEPAY_googleplay_NOVEMBER_reviews.csv,qris
ecac50a8-7778-4ed6-ae31-1997b6c44fa3,Pengguna Google,https://play-lh.googleusercontent.com/EGemoI2NTXmTsBVtJqk8jxF9rh8ApRWfsIMQSt2uE4OcpQqbFu7f7NbTK05lx80nuSijCz7sc3a277R67g,"WOOOYYYYYYY kenapa dgn akun sya sdh hampir sminggu akun sya tdk bs transfer dan melakukan penarikan uang serta pembayaran qris dr dmulai tunggu 1x24 kemudian 3x24jm laku akun saya dibekukan oleh pihak shoppie kemudian akun sya dpulihkan kembali masih saja tdk bisa melakukan transaksi...hanpone sya bli toko baru msa chat CS jwban nya hp sya droot,klo hp sya droot smua aplikasi slain soppe gk bkaln bs jg sya nikamtin dan pakai. saldo diakun cm bs dsrh belanja sm beli gopod MANA PELAYANAN TERBAIK",1,3,1.42.03,2025-11-22 04:43:39+00:00,"Hi Kak Azrina. Mohon maaf mengenai kendala tidak bisa melakukan trasaksi. Kami siap membantu kakak, untuk kendala tersebut, mohon menghubungi kami melalui DM ke Instagram @ShopeePay_ID dengan melampirkan foto/screenshot notifikasi kendala yang dialami. Semoga kendala kakak segera terselesaikan ya. ^CS",2025-11-17 13:37:24,1.42.03,Dataset/dataset\SHOPEEPAY_googleplay_NOVEMBER_reviews.csv,qris
e3d606a8-4592-45e9-99a8-74912a9ee9ed,Pengguna Google,https://play-lh.googleusercontent.com/EGemoI2NTXmTsBVtJqk8jxF9rh8ApRWfsIMQSt2uE4OcpQqbFu7f7NbTK05lx80nuSijCz7sc3a277R67g,qris tap pake metode bayar seabank,5,0,1.42.03,2025-11-21 14:41:56+00:00,"Hi Kak. Terima kasih telah menggunakan ShopeePay. Mari cek aplikasi ShopeePay karena banyak fitur yang mempermudah keseharian kakak seperti pembelian pulsa, paket data, pembayaran tagihan listrik dan pembayaran lainnya. Jika kakak memiliki pertanyaan seputar ShopeePay, mohon DM kami di Instagram @ShopeePay_ID ya. Semoga harimu menyenangkan ^RJ",2025-11-17 10:05:08,1.42.03,Dataset/dataset\SHOPEEPAY_googleplay_NOVEMBER_reviews.csv,qris
37f933be-db3f-426b-8efd-43f977c8a774,Pengguna Google,https://play-lh.googleusercontent.com/EGemoI2NTXmTsBVtJqk8jxF9rh8ApRWfsIMQSt2uE4OcpQqbFu7f7NbTK05lx80nuSijCz7sc3a277R67g,"beli makan pake Qris ,saldo udah kepotong tapi malah ga masuk ke pembeli akhirnya saya bayar cash , bikin laporan malah ga ada penyelesaian ,",1,0,1.42.03,2025-11-17 20:19:20+00:00,"Hi Kak Di Ady. Mohon maaf atas transaksi pembayaran QRIS yang belum diterima. Terkait kendala tersebut mohon menghubungi kami melalui DM ke Instagram @ShopeePay_ID yang bercentang biru, dengan menginformasikan detail kendala dan bukti bayar untuk bantuan lebih lanjut. Semoga kendala kakak segera terselesaikan ya. ^CS",2025-11-18 11:12:26,1.42.03,Dataset/dataset\SHOPEEPAY_googleplay_NOVEMBER_reviews.csv,qris
de925fb5-a110-47e9-a7e1-27654bb960d7,Pengguna Google,https://play-lh.googleusercontent.com/EGemoI2NTXmTsBVtJqk8jxF9rh8ApRWfsIMQSt2uE4OcpQqbFu7f7NbTK05lx80nuSijCz7sc3a277R67g,"lebih mudah ternyata,dulu aq gk ngrti bgt byr pake qris skrg jadi lbih ngrti dan bisa pake aplikasi ini segampang itu ternyata.",5,2,1.42.03,2025-11-17 18:58:01+00:00,"Hi Kak. Terima kasih telah menggunakan ShopeePay. Mari cek aplikasi ShopeePay karena banyak fitur yang mempermudah keseharian kakak seperti pembelian pulsa, paket data, pembayaran tagihan listrik dan pembayaran lainnya. Jika kakak memiliki pertanyaan seputar ShopeePay, mohon DM kami di Instagram @ShopeePay_ID ya. Semoga harimu menyenangkan ^RJ",2025-11-18 09:34:52,1.42.03,Dataset/dataset\SHOPEEPAY_googleplay_NOVEMBER_reviews.csv,qris
5bab3ae2-5890-480b-9990-0a258a9237c6,Pengguna Google,https://play-lh.googleusercontent.com/EGemoI2NTXmTsBVtJqk8jxF9rh8ApRWfsIMQSt2uE4OcpQqbFu7f7NbTK05lx80nuSijCz7sc3a277R67g,mantapsss kirim via qris secepat kilat 👍👍👍,5,0,1.42.03,2025-11-17 16:05:01+00:00,"Hi Kak Arjuna. Terima kasih untuk review positifnya. Untuk transaksi di ShopeePay aman karena dilengkapi dengan fitur keamanan seperti PIN, kode OTP, sidik jari hingga verifikasi wajah. Jika kakak memiliki pertanyaan atau kendala seputar ShopeePay, mohon DM kami di Instagram @ShopeePay_ID ya. Semoga harimu menyenangkan. ^CS",2025-11-17 17:19:57,1.42.03,Dataset/dataset\SHOPEEPAY_googleplay_NOVEMBER_reviews.csv,qris
3790d306-602f-4617-afbe-45f18c19d446,Pengguna Google,https://play-lh.googleusercontent.com/EGemoI2NTXmTsBVtJqk8jxF9rh8ApRWfsIMQSt2uE4OcpQqbFu7f7NbTK05lx80nuSijCz7sc3a277R67g,"di promo disebutkan hanya bayar 1000 rupiah pakai qris shoopeepay, ternyata bayarnya harga barang didiskon Indomaret 2100 rupiah jadi tetap bayar 9900 rupiah jadi mana janji hanya bayar 1000 rupiahnya",3,4,1.42.03,2025-11-15 14:14:28+00:00,"Hi Kak Sucipto. Mohon maaf atas kendala tidak mendapatkan promo serba seribu untuk pembayaran dengan QRIS ShopeePay. Terkait kendala tersebut mohon menghubungi kami melalui DM ke Instagram @ShopeePay_ID yang bercentang biru, dgn menginformasikan detail dan bukti kendala untuk bantuan lebih lanjut. Semoga kendala kakak segera terselesaikan ya. ^CS",2025-11-17 14:47:39,1.42.03,Dataset/dataset\SHOPEEPAY_googleplay_NOVEMBER_reviews.csv,qris
81c8d165-a2c3-4f92-b9e8-eab63db83578,Pengguna Google,https://play-lh.googleusercontent.com/EGemoI2NTXmTsBVtJqk8jxF9rh8ApRWfsIMQSt2uE4OcpQqbFu7f7NbTK05lx80nuSijCz7sc3a277R67g,saya baru pasang Qris di outlet ternyata 2 transaksi awal dana tidak masuk ke shopeepay entah pending atau apa histori transaksi jg tidak ada saya merasa dirugikan perputaran uang di outlet harus langsung ready tidak bisa pending buat kulakan segala macem di agen itu perlu modal cash gak bisa bayar pake ngutang saya sudah komplain dan belum ada kabar jika tetap seperti ini maka saya akan berhenti pake Qris Shopeepay. terimakasih,1,7,1.42.03,2025-11-15 13:45:02+00:00,"Hi Kak diaz. Mohon maaf atas kendala 2 transaksi pembayaran dengan QRIS tidak diterima ke Merchant kakak. Terkait kendala tersebut mohon menghubungi kami melalui DM ke Instagram @ShopeePay_ID yang bercentang biru, dengan menginformasikan detail kendala dan bukti bayar untuk bantuan lebih lanjut. Semoga kendala kakak segera terselesaikan ya. ^CS",2025-11-17 14:53:17,1.42.03,Dataset/dataset\SHOPEEPAY_googleplay_NOVEMBER_reviews.csv,qris
a9480ff8-dbc9-4fa6-88a0-d65e94e5d472,Pengguna Google,https://play-lh.googleusercontent.com/EGemoI2NTXmTsBVtJqk8jxF9rh8ApRWfsIMQSt2uE4OcpQqbFu7f7NbTK05lx80nuSijCz7sc3a277R67g,"tertulis 50 ribu di aplikasi, ternyata 50 ribu koin bukan rupiah. ada BCA qris jadi aplikasi ini tak berguna. padahal di aplikasi belanja sudah platinum di sini tidak bisa singkron.",1,0,,2025-11-14 00:28:46+00:00,"Hi Kak jack. Mohon maaf atas ketidaknyamanannya. Terkait kendala tersebut mohon menghubungi kami melalui DM ke Instagram @ShopeePay_ID yang bercentang biru, dengan menginformasikan detail dan bukti kendala untuk bantuan lebih lanjut. Semoga kendala kakak segera terselesaikan ya. ^CS",2025-11-14 13:43:57,,Dataset/dataset\SHOPEEPAY_googleplay_NOVEMBER_reviews.csv,qris
7e60c3dc-36d2-4b6a-9878-152a5ad98b9f,Pengguna Google,https://play-lh.googleusercontent.com/EGemoI2NTXmTsBVtJqk8jxF9rh8ApRWfsIMQSt2uE4OcpQqbFu7f7NbTK05lx80nuSijCz7sc3a277R67g,"cakepp bngtt, makasih yaa ewallet pertama aku.. bisa qris, saldo 0 rupiah, gratis biaya admin, aku juga pake seabank lohh, banyak cashback nyaa yayyy🥳🫶🏻",5,0,1.42.03,2025-11-13 18:48:14+00:00,"Hi Kak. Terima kasih telah menggunakan ShopeePay. Mari cek aplikasi ShopeePay karena banyak fitur yang mempermudah keseharian kakak seperti pembelian pulsa, paket data, pembayaran tagihan listrik dan pembayaran lainnya. Jika kakak memiliki pertanyaan seputar ShopeePay, mohon DM kami di Instagram @ShopeePay_ID ya. Semoga harimu menyenangkan ^RJ",2025-11-14 09:22:13,1.42.03,Dataset/dataset\SHOPEEPAY_googleplay_NOVEMBER_reviews.csv,qris
991c80ac-12ae-4f06-a541-80ea92f2f6cb,Pengguna Google,https://play-lh.googleusercontent.com/EGemoI2NTXmTsBVtJqk8jxF9rh8ApRWfsIMQSt2uE4OcpQqbFu7f7NbTK05lx80nuSijCz7sc3a277R67g,bermanfaat bisa bayar pake qris dan cod jadi praktis sekali,5,1,1.42.03,2025-11-13 09:30:27+00:00,"Hi Kak Ibu Warsih. Terima kasih atas review positif yang Kakak bagikan. Kami senang apabila adanya aplikasi ShopeePay dapat bermanfaat bagi kakak. Jangan lupa untuk rutin cek aplikasi ShopeePay untuk mendapatkan promo menarik. Jika Kakak mengalami kendala, hubungi kami di DM Instagram @ShopeePay_ID. ^CS",2025-11-13 11:26:16,1.42.03,Dataset/dataset\SHOPEEPAY_googleplay_NOVEMBER_reviews.csv,qris
b0290b8b-aaf8-4aea-8356-211d854fa06d,Pengguna Google,https://play-lh.googleusercontent.com/EGemoI2NTXmTsBVtJqk8jxF9rh8ApRWfsIMQSt2uE4OcpQqbFu7f7NbTK05lx80nuSijCz7sc3a277R67g,aplikasi nya bagus banget bisa qris dan banyak promo nya,5,0,1.42.03,2025-11-08 14:09:40+00:00,"Hi Kak. Terima kasih telah menggunakan ShopeePay. Mari cek aplikasi ShopeePay karena banyak fitur yang mempermudah keseharian kakak seperti pembelian pulsa, paket data, pembayaran tagihan listrik dan pembayaran lainnya. Jika kakak memiliki pertanyaan seputar ShopeePay, mohon DM kami di Instagram @ShopeePay_ID ya. Semoga harimu menyenangkan ^RJ",2025-11-10 09:52:52,1.42.03,Dataset/dataset\SHOPEEPAY_googleplay_NOVEMBER_reviews.csv,qris
197af28f-8db5-4859-b811-c941a27f882c,Pengguna Google,https://play-lh.googleusercontent.com/EGemoI2NTXmTsBVtJqk8jxF9rh8ApRWfsIMQSt2uE4OcpQqbFu7f7NbTK05lx80nuSijCz7sc3a277R67g,"setiap mau bayar via Qris selalu muncul""Tidak dapat melakukan pembayaran melalui Qris karena alasan keamanan"". ini menyulitkan saya dalam membayar makanan atau lainnya. tolong di perbaiki",3,8,1.42.03,2025-11-08 11:40:28+00:00,"Hi Kak Robin, Mohon maaf mengenai kendala tidak bisa melakukan pembayaran QRIS. Mohon pastikan perangkat/aplikasi yang digunakan adalah versi resmi dan tidak dimodifikasi dan silakan bisa coba berkala. Untuk bantuan lebih lanjut, mohon menghubungi kami melalui DM Instagram di @ShopeePay_ID. ^CS",2025-11-10 15:47:35,1.42.03,Dataset/dataset\SHOPEEPAY_googleplay_NOVEMBER_reviews.csv,qris
a3b09361-1c6a-4242-a4fb-74999c51e831,Pengguna Google,https://play-lh.googleusercontent.com/EGemoI2NTXmTsBVtJqk8jxF9rh8ApRWfsIMQSt2uE4OcpQqbFu7f7NbTK05lx80nuSijCz7sc3a277R67g,"Saran ya,saya udah daftar pakai pembayaran QRIS. Tolong dong jangan menunggu 24 jam untuk mencairkan uangnya, nggak semua toko buka 24 jam,uang itu juga di butuhkan sekarang atau hari ini juga waktu toko sudah tutup, jangan menunggu besok untuk mencairkan uangnya. dan 1 lagi, waktu jam 12 malam, uang hasil hari ini, hilang beberapa jam,... ke dua,kalo uang mau di cairkan, harus ada pilihan pencairan,misal pendapatan hari ini 535.000,mau di cairkan 500k, jangan semua di cairkan,biar nggak ganjil",4,7,1.42.03,2025-11-07 23:11:40+00:00,"Hi Kak Ali, Mohon maaf atas ketidaknyamanannya terkait pencairan dana Merchant. Terkait kendala tersebut mohon menghubungi kami melalui DM ke Instagram @ShopeePay_ID yang bercentang biru untuk bantuan lebih lanjut. Semoga kendala kakak segera terselesaikan ya. ^CS",2025-11-10 15:53:19,1.42.03,Dataset/dataset\SHOPEEPAY_googleplay_NOVEMBER_reviews.csv,qris
c8f2d593-9a83-4f45-9baa-3f6fe07c71e7,Pengguna Google,https://play-lh.googleusercontent.com/EGemoI2NTXmTsBVtJqk8jxF9rh8ApRWfsIMQSt2uE4OcpQqbFu7f7NbTK05lx80nuSijCz7sc3a277R67g,puas menggunakan qris,5,0,1.42.03,2025-11-07 21:35:15+00:00,"Hi Kak. Terima kasih telah menggunakan ShopeePay. Mari cek aplikasi ShopeePay karena banyak fitur yang mempermudah keseharian kakak seperti pembelian pulsa, paket data, pembayaran tagihan listrik dan pembayaran lainnya. Jika kakak memiliki pertanyaan seputar ShopeePay, mohon DM kami di Instagram @ShopeePay_ID ya. Semoga harimu menyenangkan ^RJ",2025-11-10 09:51:11,1.42.03,Dataset/dataset\SHOPEEPAY_googleplay_NOVEMBER_reviews.csv,qris
b4110af4-0692-4f14-afe0-4d0a2bd5680d,Pengguna Google,https://play-lh.googleusercontent.com/EGemoI2NTXmTsBVtJqk8jxF9rh8ApRWfsIMQSt2uE4OcpQqbFu7f7NbTK05lx80nuSijCz7sc3a277R67g,"scan qris sering gagal, notif shopefood sering gak muncul (kasihan driver), aplikasi lemot, idk perbaiki dulu aja aplikasinya biar kalo scan qris cepet dan gak bikin malu kalo bayar qris pake shopepay soalnya lemot",1,55,1.42.03,2025-11-07 20:47:10+00:00,"Hi Kak Dino, Mohon maaf mengenai kendala tidak bisa melakukan pembayaran QRIS dan notif ShopeeFood tidak muncul. Terkait kendala tersebut mohon menghubungi kami melalui DM ke Instagram @ShopeePay_ID yang bercentang biru untuk bantuan lebih lanjut. Semoga kendala kakak segera terselesaikan ya. ^CS",2025-11-10 15:56:23,1.42.03,Dataset/dataset\SHOPEEPAY_googleplay_NOVEMBER_reviews.csv,qris
33b5722f-18d1-4b96-bebf-7861bc6a3220,Pengguna Google,https://play-lh.googleusercontent.com/EGemoI2NTXmTsBVtJqk8jxF9rh8ApRWfsIMQSt2uE4OcpQqbFu7f7NbTK05lx80nuSijCz7sc3a277R67g,plis shopee di metode pembayaran nya harus ada fitur Qris plissss biar kalo checkout ngak usah pake vitulacon🤭🙂‍↕️,5,0,,2025-11-06 19:08:07+00:00,"Hi Kak. Terima kasih telah menggunakan ShopeePay. Mari cek aplikasi ShopeePay karena banyak fitur yang mempermudah keseharian kakak seperti pembelian pulsa, paket data, pembayaran tagihan listrik dan pembayaran lainnya. Jika kakak memiliki pertanyaan seputar ShopeePay, mohon DM kami di Instagram @ShopeePay_ID ya. Semoga harimu menyenangkan ^RJ",2025-11-07 09:40:46,,Dataset/dataset\SHOPEEPAY_googleplay_NOVEMBER_reviews.csv,qris
3fe70e2e-970a-418d-a669-3c024f340d9d,Pengguna Google,https://play-lh.googleusercontent.com/EGemoI2NTXmTsBVtJqk8jxF9rh8ApRWfsIMQSt2uE4OcpQqbFu7f7NbTK05lx80nuSijCz7sc3a277R67g,"waktu mau qris pakai gambar dari penyimpanan perangkat ada bug. susah muncul gambarnya, btw pake hp samsung note 10, gk lambat² amat lah chipsetnya.",3,9,1.42.03,2025-11-05 16:29:27+00:00,"Hi Kak Nur. Mohon maaf atas kendala tidak bisa bayar dengan scan QRIS. Kami sarankan untuk melakukan clear cache dgn cara masuk ke Pengaturan>Aplikasi>ShopeePay>Penyimpanan>Hapus cache. Pastikan internet dalam keadaan stabil, ketersediaan RAM & Memori yg cukup. Jika kedepannya masih berkendala, silakan hubungi kami di DM Instagram @ShopeePay_ID ^CS",2025-11-05 17:17:08,1.42.03,Dataset/dataset\SHOPEEPAY_googleplay_NOVEMBER_reviews.csv,qris
e674aec2-e74e-4c39-869d-b6ffea554897,Pengguna Google,https://play-lh.googleusercontent.com/EGemoI2NTXmTsBVtJqk8jxF9rh8ApRWfsIMQSt2uE4OcpQqbFu7f7NbTK05lx80nuSijCz7sc3a277R67g,makin di update menu qris malah gak bs digunakan..,3,0,1.42.03,2025-11-05 05:39:52+00:00,"Hi Kak Didi, Mohon maaf mengenai kendala menu QRIS tidak bisa digunakan. Mohon pastikan telah menggunakan aplikasi ShopeePay terbaru dan silakan bisa coba berkala. Apabila masih berkendala mohon menghubungi kami melalui DM Instagram di @ShopeePay_ID untuk bantuan lebih lanjut. Semoga kendala kakak segera terselesaikan ^CS",2025-11-05 13:34:19,1.42.03,Dataset/dataset\SHOPEEPAY_googleplay_NOVEMBER_reviews.csv,qris
4746748b-eb34-42fd-ac95-d8c955e06f27,Pengguna Google,https://play-lh.googleusercontent.com/EGemoI2NTXmTsBVtJqk8jxF9rh8ApRWfsIMQSt2uE4OcpQqbFu7f7NbTK05lx80nuSijCz7sc3a277R67g,aneh bayar qris sllu gagal,1,0,1.41.06,2025-11-04 14:10:13+00:00,"Hi Kak Muhammad, Mohon maaf mengenai kendala tidak bisa melakukan pembayaran dengan QRIS. Mohon pastikan telah menggunakan aplikasi ShopeePay terbaru dan silakan bisa coba berkala. Apabila masih berkendala mohon menghubungi kami melalui DM Instagram di @ShopeePay_ID untuk bantuan lebih lanjut. Semoga kendala kakak segera terselesaikan ^CS",2025-11-04 15:07:32,1.41.06,Dataset/dataset\SHOPEEPAY_googleplay_NOVEMBER_reviews.csv,qris
9642c347-41ae-4c7f-8bd3-6c686f7d0185,Pengguna Google,https://play-lh.googleusercontent.com/EGemoI2NTXmTsBVtJqk8jxF9rh8ApRWfsIMQSt2uE4OcpQqbFu7f7NbTK05lx80nuSijCz7sc3a277R67g,"untuk pembayaran QRIS susah, apalagi yg ada scan wajah, pas kedip mata selalu gagal",1,2,1.42.03,2025-11-03 10:57:59+00:00,"Hi Kak candra. Mohon maaf atas kendala tidak bisa bayar QRIS karena scan wajah gagal. Pastikan verifikasi wajah telah sesuai dgn data KTP yg terdaftar pada ShopeePay agar sistem dpt memverifikasi kepemilikan akun. Untuk bantuan pengecekan, hubungi kami melalui DM ke Instagram @ShopeePay_ID ^CS",2025-11-03 13:23:15,1.42.03,Dataset/dataset\SHOPEEPAY_googleplay_NOVEMBER_reviews.csv,qris
a13956a6-fa33-4d1e-820d-7316190998fb,Pengguna Google,https://play-lh.googleusercontent.com/EGemoI2NTXmTsBVtJqk8jxF9rh8ApRWfsIMQSt2uE4OcpQqbFu7f7NbTK05lx80nuSijCz7sc3a277R67g,asli sangat berguna sekali dan membatu tapi sekarang tiap ada pembaruan jadi gak semua bisa bayar pake qris paylater nya tolong untuk seperti dulu lagi bisa bayar untuk semua kategori pembayaran,5,6,1.42.03,2025-10-31 09:12:40+00:00,"Hi Kak Ridwan. Mohon maaf atas ketidaknyamanannya terkait tidak bisa melakukan pembayan QRIS dengan SPayLater di semua kategori.  Mohon menghubungi kami melalui DM ke Instagram @ShopeePay_ID yang bercentang biru, dengan menginformasikan detail dan bukti kendala untuk bantuan lebih lanjut. Semoga kendala kakak segera terselesaikan ya. ^CS",2025-10-31 13:09:43,1.42.03,Dataset/dataset\SHOPEEPAY_googleplay_OCTOBER_reviews.csv,qris
ff6416e5-7fe7-42a0-924e-29e5f872d89b,Pengguna Google,https://play-lh.googleusercontent.com/EGemoI2NTXmTsBVtJqk8jxF9rh8ApRWfsIMQSt2uE4OcpQqbFu7f7NbTK05lx80nuSijCz7sc3a277R67g,"SANGAT TIDAK REKOMENDASI, UNTUK QRIS MERCHANT SHOPEE PAY SUDAH 1X24 JAM TAPI DANA PENJUALAN SAYA TIDAK MASUK SAYA YAKIN PASTI BANYAK YG MENGALAMI SEPERTI SAYA. LEBIH BAIK HAPUS AJA QRIS MERCHANT SHOPEE BUAT YANG BARU MAU PAKAI SAYA SARANKAN JANGAN PAKAI. SUDAH DM KE IG JUGA , TIDAK ADA TANGGAPAN SAMA SEKALI",1,0,1.41.06,2025-10-28 22:56:01+00:00,"Hi Kak Shandi. Mohon maaf atas kendala transaksi QRIS yang tidak diterima ke saldo Merchant kakak. Terkait kendala tersebut mohon menghubungi kami melalui DM ke Instagram @ShopeePay_ID yang bercentang biru, dengan menginformasikan detail dan bukti kendala untuk bantuan lebih lanjut. Semoga kendala kakak segera terselesaikan ya. ^CS",2025-10-27 14:18:20,1.41.06,Dataset/dataset\SHOPEEPAY_googleplay_OCTOBER_reviews.csv,qris
e9e65e39-92ca-40b8-a773-3a09c7644873,Pengguna Google,https://play-lh.googleusercontent.com/EGemoI2NTXmTsBVtJqk8jxF9rh8ApRWfsIMQSt2uE4OcpQqbFu7f7NbTK05lx80nuSijCz7sc3a277R67g,"Shopee, ShopeePay, dan Mitra Shopee j semua layanan itu satu ekosistem. Jadi agak aneh kalau harus bikin email lain cuma buat aktivasi QRIS merchant. apapun pertanyaan jawaban semua cs harus pake email baru dan nomor baru,",1,0,,2025-10-28 21:18:02+00:00,"Hi Kak. Mohon maaf atas kendala tidak bisa aktivasi QRIS merchant. Kami siap membantu kakak, terkait kendala tersebut mohon menghubungi kami melalui DM ke Instagram @ShopeePay_ID yang bercentang biru, dengan menginformasikan detail dan bukti kendala untuk bantuan lebih lanjut. Semoga kendala kakak segera terselesaikan ya. ^CS",2025-10-29 11:01:24,,Dataset/dataset\SHOPEEPAY_googleplay_OCTOBER_reviews.csv,qris
ebba2be7-b4dd-4e57-b84d-fabbdd8c7ab4,Pengguna Google,https://play-lh.googleusercontent.com/EGemoI2NTXmTsBVtJqk8jxF9rh8ApRWfsIMQSt2uE4OcpQqbFu7f7NbTK05lx80nuSijCz7sc3a277R67g,kenapa tidak bisa pembayaran qris,1,0,1.41.06,2025-10-27 23:35:30+00:00,"Hi Kak Rizal, Mohon maaf mengenai kendala tidak bisa transaksi pembayaran dengan QRIS. Mohon pastikan telah menggunakan aplikasi ShopeePay terbaru dan silakan bisa coba berkala. Apabila masih berkendala mohon menghubungi kami melalui DM Instagram di @ShopeePay_ID untuk bantuan lebih lanjut. Semoga kendala kakak segera terselesaikan ^CS",2025-10-28 11:01:36,1.41.06,Dataset/dataset\SHOPEEPAY_googleplay_OCTOBER_reviews.csv,qris
85b2db90-daad-4441-b4e7-a15f27b518d9,Pengguna Google,https://play-lh.googleusercontent.com/EGemoI2NTXmTsBVtJqk8jxF9rh8ApRWfsIMQSt2uE4OcpQqbFu7f7NbTK05lx80nuSijCz7sc3a277R67g,kok QR ku untuk menerima kiriman uang atau pembayaran gak bisa di scan dg QR atau QRIS pengirim,5,0,1.40.06,2025-10-25 09:22:13+00:00,"Hi Kak. Terima kasih telah menggunakan ShopeePay. Mari cek aplikasi ShopeePay karena banyak fitur yang mempermudah keseharian kakak seperti pembelian pulsa, paket data, pembayaran tagihan listrik dan pembayaran lainnya. Jika kakak memiliki pertanyaan seputar ShopeePay, mohon DM kami di Instagram @ShopeePay_ID ya. Semoga harimu menyenangkan ^RJ",2025-10-27 10:09:41,1.40.06,Dataset/dataset\SHOPEEPAY_googleplay_OCTOBER_reviews.csv,qris
ac858424-dfef-45b2-9c3e-407a5695c83a,Pengguna Google,https://play-lh.googleusercontent.com/EGemoI2NTXmTsBVtJqk8jxF9rh8ApRWfsIMQSt2uE4OcpQqbFu7f7NbTK05lx80nuSijCz7sc3a277R67g,"penggunaan mudah dengan QRIS, tinggal scan",5,0,1.41.06,2025-10-25 08:16:15+00:00,"Hi Kak. Terima kasih telah menggunakan ShopeePay. Mari cek aplikasi ShopeePay karena banyak fitur yang mempermudah keseharian kakak seperti pembelian pulsa, paket data, pembayaran tagihan listrik dan pembayaran lainnya. Jika kakak memiliki pertanyaan seputar ShopeePay, mohon DM kami di Instagram @ShopeePay_ID ya. Semoga harimu menyenangkan ^RJ",2025-10-27 09:58:27,1.41.06,Dataset/dataset\SHOPEEPAY_googleplay_OCTOBER_reviews.csv,qris
c2b72b01-0fb4-435e-91eb-fdff09bd1bb1,Pengguna Google,https://play-lh.googleusercontent.com/EGemoI2NTXmTsBVtJqk8jxF9rh8ApRWfsIMQSt2uE4OcpQqbFu7f7NbTK05lx80nuSijCz7sc3a277R67g,"kak ini saya kan buat qris, transaksi berhasil ada notifikasi uang masuk, tapi saldony kok tetap kosong ya ?",4,1,1.41.06,2025-10-24 11:49:39+00:00,"Hi Kak Dewi. Mohon maaf atas kendala transaksi pembayaran QRIS yang tidak diterima karena saldo masih Rp0,-. Terkait kendala tersebut mohon menghubungi kami melalui DM ke Instagram @ShopeePay_ID yang bercentang biru, dengan menginformasikan detail dan bukti kendala untuk bantuan lebih lanjut. Semoga kendala kakak segera terselesaikan ya. ^CS",2025-10-24 13:47:59,1.41.06,Dataset/dataset\SHOPEEPAY_googleplay_OCTOBER_reviews.csv,qris
8cc57d42-9460-45a7-b8a8-bf8805842862,Pengguna Google,https://play-lh.googleusercontent.com/EGemoI2NTXmTsBVtJqk8jxF9rh8ApRWfsIMQSt2uE4OcpQqbFu7f7NbTK05lx80nuSijCz7sc3a277R67g,oke banget bisa kirim qris,5,0,1.41.06,2025-10-23 11:02:27+00:00,"Hi Kak. Terima kasih untuk review positifnya. Untuk transaksi di ShopeePay aman karena dilengkapi dengan fitur keamanan seperti PIN, kode OTP, sidik jari hingga verifikasi wajah. Jika kakak memiliki pertanyaan atau kendala seputar ShopeePay, mohon DM kami di Instagram @ShopeePay_ID ya. Semoga harimu menyenangkan. ^CS",2025-10-23 12:06:51,1.41.06,Dataset/dataset\SHOPEEPAY_googleplay_OCTOBER_reviews.csv,qris
b974ff45-4e78-4943-b036-72f897962b76,Pengguna Google,https://play-lh.googleusercontent.com/EGemoI2NTXmTsBVtJqk8jxF9rh8ApRWfsIMQSt2uE4OcpQqbFu7f7NbTK05lx80nuSijCz7sc3a277R67g,"Aplikasi dungu, pembayaran pake Qris selalu gagal, udah buat laporan ke customer service tapi sampe sekarang gaada solusi, apus aja tuu fitur qris klo ga berfungsi. Mending pake ovo, gopay, dll lebih mudah.",1,21,1.41.06,2025-10-22 20:50:49+00:00,"Hi Kak Sanjes, Mohon maaf mengenai kendala tidak bisa pembayaran menggunakan QRIS. Mohon pastikan telah menggunakan aplikasi ShopeePay terbaru dan silakan bisa coba berkala. Apabila masih berkendala mohon menghubungi kami melalui DM Instagram di @ShopeePay_ID untuk bantuan lebih lanjut. Semoga kendala kakak segera terselesaikan ^CS",2025-10-23 11:17:46,1.41.06,Dataset/dataset\SHOPEEPAY_googleplay_OCTOBER_reviews.csv,qris
61f8f39f-272f-4de3-a6b3-0129f7a06280,Pengguna Google,https://play-lh.googleusercontent.com/EGemoI2NTXmTsBVtJqk8jxF9rh8ApRWfsIMQSt2uE4OcpQqbFu7f7NbTK05lx80nuSijCz7sc3a277R67g,"ko blm bisa tf dan bayar menggunakan metode kartu debit lain one klik bca atau mandiri gitu,dan utk pmbayaran Qris jg blm bisa pake metode debit lain cuma bisa dengan dierek debit bri aj, yg lain kapan dong biar kaya dana bisa metode semua debit card",4,5,1.41.06,2025-10-22 10:33:38+00:00,"Hallo kak, terima kasih banyak ya kak atas rating dan review nya, Aku tambah seneng banget nih klo bintangnya tambah lagi :) Kalo ada kendala terkait Shopee bisa lampirkan SS review ini melalui Live Chat atau DM ke Social Media kita @Shopee_id / @Shopeecare ya. Sehat Selalu.^HV",2024-11-14 16:17:20,1.41.06,Dataset/dataset\SHOPEEPAY_googleplay_OCTOBER_reviews.csv,qris
947da0f6-f603-4825-b619-21cafa88811c,Pengguna Google,https://play-lh.googleusercontent.com/EGemoI2NTXmTsBVtJqk8jxF9rh8ApRWfsIMQSt2uE4OcpQqbFu7f7NbTK05lx80nuSijCz7sc3a277R67g,"di mutasi merchant ada uang masuk dan berhasil,tapi saldo nya tidak terinput,alias lenyap.hati2 kawan2 yang pakai merchant qris shopeepay",1,3,1.41.06,2025-10-22 01:51:09+00:00,"Hi Kak Riza. Mohon maaf atas kendala saldo merchant yang hilang. Kami siap membantu kakak, terkait kendala tersebut mohon menghubungi kami melalui DM ke Instagram @ShopeePay_ID yang bercentang biru, dengan menginformasikan detail dan bukti kendala untuk bantuan lebih lanjut. Semoga kendala kakak segera terselesaikan ya. ^CS",2025-10-22 11:34:15,1.41.06,Dataset/dataset\SHOPEEPAY_googleplay_OCTOBER_reviews.csv,qris
b889bd8d-a7a0-4dcf-88a7-012baa7232d9,Pengguna Google,https://play-lh.googleusercontent.com/EGemoI2NTXmTsBVtJqk8jxF9rh8ApRWfsIMQSt2uE4OcpQqbFu7f7NbTK05lx80nuSijCz7sc3a277R67g,Maantaapp.. Coba pake Qris.. berhasil,5,0,1.41.06,2025-10-20 15:02:08+00:00,"Hi Kak Febri. Terima kasih untuk review positifnya. Untuk transaksi di ShopeePay aman karena dilengkapi dengan fitur keamanan seperti PIN, kode OTP, sidik jari hingga verifikasi wajah. Jika kakak memiliki pertanyaan atau kendala seputar ShopeePay, mohon DM kami di Instagram @ShopeePay_ID ya. Semoga harimu menyenangkan. ^CS",2025-10-20 16:04:42,1.41.06,Dataset/dataset\SHOPEEPAY_googleplay_OCTOBER_reviews.csv,qris
9d48ae57-b388-438f-83f0-f034a74a9754,Pengguna Google,https://play-lh.googleusercontent.com/EGemoI2NTXmTsBVtJqk8jxF9rh8ApRWfsIMQSt2uE4OcpQqbFu7f7NbTK05lx80nuSijCz7sc3a277R67g,semudah menggunakan qris bank. terima kasih,5,0,1.40.06,2025-10-20 12:42:50+00:00,"Hi Kak Rewinta. Terima kasih untuk review positifnya. Untuk transaksi di ShopeePay aman karena dilengkapi dengan fitur keamanan seperti PIN, kode OTP, sidik jari hingga verifikasi wajah. Jika kakak memiliki pertanyaan atau kendala seputar ShopeePay, mohon DM kami di Instagram @ShopeePay_ID ya. Semoga harimu menyenangkan. ^CS",2025-10-20 14:38:24,1.40.06,Dataset/dataset\SHOPEEPAY_googleplay_OCTOBER_reviews.csv,qris
41ac5bb1-e507-4847-8527-1a305fe6722e,Pengguna Google,https://play-lh.googleusercontent.com/EGemoI2NTXmTsBVtJqk8jxF9rh8ApRWfsIMQSt2uE4OcpQqbFu7f7NbTK05lx80nuSijCz7sc3a277R67g,"gk usah tergiur promo serba seribu qris, emang gk seberapa harganya, udah komplain ke cs di janji in mau di hubungi via telfon/email, tetap zonk",1,0,1.40.06,2025-10-19 18:02:37+00:00,"Hi Kak ircham. Mohon maaf atas kendala terkait promo serba seribu. Kami siap membantu, mohon menghubungi kami melalui DM ke Instagram @ShopeePay_ID yang bercentang biru, dengan menginformasikan detail dan bukti kendala untuk bantuan lebih lanjut. Semoga kendala kakak segera terselesaikan ya. ^CS",2025-10-20 11:00:56,1.40.06,Dataset/dataset\SHOPEEPAY_googleplay_OCTOBER_reviews.csv,qris
a4fc738a-9caf-4fa6-99c7-75f1fb104043,Pengguna Google,https://play-lh.googleusercontent.com/EGemoI2NTXmTsBVtJqk8jxF9rh8ApRWfsIMQSt2uE4OcpQqbFu7f7NbTK05lx80nuSijCz7sc3a277R67g,"qris ada suaranya gratis lgi, cuma cairnya ga bisa langsung",5,3,1.41.06,2025-10-19 00:27:59+00:00,"Hi Kak. Terima kasih telah menggunakan ShopeePay. Mari cek aplikasi ShopeePay karena banyak fitur yang mempermudah keseharian kakak seperti pembelian pulsa, paket data, pembayaran tagihan listrik dan pembayaran lainnya. Jika kakak memiliki pertanyaan seputar ShopeePay, mohon DM kami di Instagram @ShopeePay_ID ya. Semoga harimu menyenangkan ^RJ",2025-10-20 09:39:54,1.41.06,Dataset/dataset\SHOPEEPAY_googleplay_OCTOBER_reviews.csv,qris
6114751a-cb59-4e6b-b0ef-aa0b0fe5df20,Pengguna Google,https://play-lh.googleusercontent.com/EGemoI2NTXmTsBVtJqk8jxF9rh8ApRWfsIMQSt2uE4OcpQqbFu7f7NbTK05lx80nuSijCz7sc3a277R67g,Tolong saldo jangan diperlihatkan di saat kita membayar pake qrisnya. apalagi waktu scan qris,4,0,1.40.06,2025-10-18 15:38:20+00:00,"Hi Kak azhar, maaf ya atas kendala permintaan saldo tidak muncul saat bayar QRIS.
Terima kasih banyak sudah meluangkan waktu untuk memberikan saran dan masukan yang sangat berarti untuk kami. Tim kami akan jadikan ini sebagai bahan perbaikan supaya aplikasi kami kedepannya bisa lebih baik lagi.
Semoga harinya menyenangkan, Kak! 😊
Salam hangat, ^CS",2025-10-20 13:15:38,1.40.06,Dataset/dataset\SHOPEEPAY_googleplay_OCTOBER_reviews.csv,qris
0d909424-517c-40c0-9f40-8599030d6839,Pengguna Google,https://play-lh.googleusercontent.com/EGemoI2NTXmTsBVtJqk8jxF9rh8ApRWfsIMQSt2uE4OcpQqbFu7f7NbTK05lx80nuSijCz7sc3a277R67g,"misi transaksi qris dapat 10ribu,dapat nya cuma 250. scam",1,0,1.40.06,2025-10-17 00:12:00+00:00,"Hi Kak Panda. Mohon maaf atas kendala bonus yang diterima tidak sesuai dari misi transaksi QRIS. Kami siap membantu, mohon menghubungi kami melalui DM ke Instagram @ShopeePay_ID yang bercentang biru, dengan menginformasikan detail dan bukti kendala untuk bantuan lebih lanjut. Semoga kendala kakak segera terselesaikan ya. ^CS",2025-10-17 11:44:09,1.40.06,Dataset/dataset\SHOPEEPAY_googleplay_OCTOBER_reviews.csv,qris
3e852104-cfc6-4eb3-8073-3d626b3b43e3,Pengguna Google,https://play-lh.googleusercontent.com/EGemoI2NTXmTsBVtJqk8jxF9rh8ApRWfsIMQSt2uE4OcpQqbFu7f7NbTK05lx80nuSijCz7sc3a277R67g,"aplikasi tolol,bayar qris ga bisa,transfer selalu mibta verifikasi wajah!!!RIBET,",1,0,1.40.06,2025-10-15 23:55:01+00:00,"Hi Kak Jalamcool. Maaf atas kendala tidak bisa bayar dengan QRIS & verifikasi wajah. Verifikasi wajah merupakan bagian dari sistem keamanan akun. Pastikan verifikasi wajah telah sesuai dgn KTP yg terdaftar pada ShopeePay agar sistem dpt memverifikasi kepemilikan akun. Untuk bantuan pengecekan, hubungi kami melalui DM ke Instagram @ShopeePay_ID ^CS",2025-10-16 11:19:16,1.40.06,Dataset/dataset\SHOPEEPAY_googleplay_OCTOBER_reviews.csv,qris
593fb610-e786-49f2-97b0-17f15e7a5b56,Pengguna Google,https://play-lh.googleusercontent.com/EGemoI2NTXmTsBVtJqk8jxF9rh8ApRWfsIMQSt2uE4OcpQqbFu7f7NbTK05lx80nuSijCz7sc3a277R67g,Bayar pakai qris kadang tidak bisa,1,0,1.40.06,2025-10-15 03:24:23+00:00,"Hi kak M Khamdani, makasih ya buat review bintang 5 nya dan aku ikut senang jika kakak puas dengan Shopeepay, yuk cek aplikasi Shopee biar gak ketinggalan promo-promo menarik lainnya. Kalo ada kendala / pertanyaan lain bisa DM media sosial resmi shopeepay_id ya. Terima Kasih, sehat selalu^JK",2025-04-05 17:05:11,1.40.06,Dataset/dataset\SHOPEEPAY_googleplay_OCTOBER_reviews.csv,qris
78e36a6e-a0ad-494d-b1ca-2c3a644f114d,Pengguna Google,https://play-lh.googleusercontent.com/EGemoI2NTXmTsBVtJqk8jxF9rh8ApRWfsIMQSt2uE4OcpQqbFu7f7NbTK05lx80nuSijCz7sc3a277R67g,"di televisi ilklan shopeelater bisa bayar qris, kenapa punyaku belum bisa dan ada notif belum memenuhi persyaratan pembayaran qris(tak kasih ranting 5 karena aku pengguna shopee paylater) terimakasih shopee",5,0,1.40.06,2025-10-11 19:33:51+00:00,"Hi Kak Suwandi, Mohon maaf atas kendala tidak dapat membayar pinjaman melalui Bank Permata. Mohon menghubungi kami melalui DM ke Instagram @ShopeePay_ID yang bercentang biru, dengan melampirkan tangkapan layar kendalanya untuk bantuan lebih lanjut. ^EN",2025-09-02 16:32:41,1.40.06,Dataset/dataset\SHOPEEPAY_googleplay_OCTOBER_reviews.csv,qris
e877e70d-9352-42db-a3f3-e13f51f46057,Pengguna Google,https://play-lh.googleusercontent.com/EGemoI2NTXmTsBVtJqk8jxF9rh8ApRWfsIMQSt2uE4OcpQqbFu7f7NbTK05lx80nuSijCz7sc3a277R67g,gk bisa buat bayar via qris,1,0,1.40.06,2025-10-11 17:13:23+00:00,"Hi Kak Tejo. Mohon maaf atas kendala tidak bisa bayar dengan QRIS. Terkait kendala tersebut mohon menghubungi kami melalui DM ke Instagram @ShopeePay_ID yang bercentang biru, dengan menginformasikan detail dan bukti kendala untuk bantuan lebih lanjut. Semoga kendala kakak segera terselesaikan ya. ^CS",2025-10-13 14:09:10,1.40.06,Dataset/dataset\SHOPEEPAY_googleplay_OCTOBER_reviews.csv,qris
93ee8b56-bf14-4bc6-b62a-16836d15c871,Pengguna Google,https://play-lh.googleusercontent.com/EGemoI2NTXmTsBVtJqk8jxF9rh8ApRWfsIMQSt2uE4OcpQqbFu7f7NbTK05lx80nuSijCz7sc3a277R67g,"Halo Developer Shopee pay , Saya Cuma Mau Ngasih Tau Untuk Scan QRIS Atau Transfer Terkadang Suka Loading Terlalu Lama Padahal Kondisi Sinyal Cukup Baik , Jadi Tolong Perbaiki Sekian Terimakasih.",4,0,1.40.06,2025-10-06 20:24:17+00:00,"Hi Kak Bagus, Mohon maaf atas ketidaknyamanannya terkait tidak dapat melakukan pembayaran mengginakan SPayLater. Agar dapat kami bantu pengecekan, kakak dapat menghubungi kami melalui DM ke IG @ShopeePay_ID yang bercentang biru ya. ^NY",2025-09-10 15:30:51,1.40.06,Dataset/dataset\SHOPEEPAY_googleplay_OCTOBER_reviews.csv,qris
1d4cdaa7-cb8b-4523-aae9-a44077e21859,Pengguna Google,https://play-lh.googleusercontent.com/EGemoI2NTXmTsBVtJqk8jxF9rh8ApRWfsIMQSt2uE4OcpQqbFu7f7NbTK05lx80nuSijCz7sc3a277R67g,repot banget kalau mau QRIS harus scan wajah dulu. bikin malu aja. Padahal udh masukin PIN masih aja harus scan wajah,1,0,,2025-10-05 17:29:09+00:00,"Hi Kak Khoirulrofiq. Mohon maaf atas kendala harus verifikasi wajah setiap transaksi. Verifikasi wajah diperlukan untuk menjaga keamanan akun pengguna. Pastikan wajah sudah sesuai dengan KTP yang terdaftar di ShopeePay. Jika terkendala dalam verifikasi wajah, mohon DM kami dengan melampirkan video kendalanya melalui Instagram @ShopeePay_ID. ^EN",2025-10-06 14:39:04,,Dataset/dataset\SHOPEEPAY_googleplay_OCTOBER_reviews.csv,qris
6b9abaf3-8dde-497a-ab2f-9ed98f17bca9,Pengguna Google,https://play-lh.googleusercontent.com/EGemoI2NTXmTsBVtJqk8jxF9rh8ApRWfsIMQSt2uE4OcpQqbFu7f7NbTK05lx80nuSijCz7sc3a277R67g,"adanya shopee pay sangat membantu saat beli memakai Qris, makasih",5,0,,2025-10-03 07:00:00+00:00,"Hi Kak. Terima kasih telah menggunakan ShopeePay. Mari cek aplikasi ShopeePay karena banyak fitur yang mempermudah keseharian kakak seperti pembelian pulsa, paket data, pembayaran tagihan listrik dan pembayaran lainnya. Jika kakak memiliki pertanyaan seputar ShopeePay, mohon DM kami di Instagram @ShopeePay_ID ya. Semoga harimu menyenangkan ^RJ",2025-10-03 09:16:36,,Dataset/dataset\SHOPEEPAY_googleplay_OCTOBER_reviews.csv,qris
0fd1e361-1df8-4915-9597-942e6c2f142f,Pengguna Google,https://play-lh.googleusercontent.com/EGemoI2NTXmTsBVtJqk8jxF9rh8ApRWfsIMQSt2uE4OcpQqbFu7f7NbTK05lx80nuSijCz7sc3a277R67g,sangat membantu ketika atm jauh jadi bisa menggunakan qris shopeepay. untuk tingkat keamanan saldo nasabah terus dijaga yah,5,3,1.40.06,2025-10-02 07:05:26+00:00,"Hi Kak. Terima kasih telah menggunakan ShopeePay. Mari cek aplikasi ShopeePay karena banyak fitur yang mempermudah keseharian kakak seperti pembelian pulsa, paket data, pembayaran tagihan listrik dan pembayaran lainnya. Jika kakak memiliki pertanyaan seputar ShopeePay, mohon DM kami di Instagram @ShopeePay_ID ya. Semoga harimu menyenangkan ^RJ",2025-10-02 09:41:21,1.40.06,Dataset/dataset\SHOPEEPAY_googleplay_OCTOBER_reviews.csv,qris
3d4c90b6-9724-489f-909c-ac60c1519d13,Pengguna Google,https://play-lh.googleusercontent.com/EGemoI2NTXmTsBVtJqk8jxF9rh8ApRWfsIMQSt2uE4OcpQqbFu7f7NbTK05lx80nuSijCz7sc3a277R67g,"payah shopepay pembayaran lewat Qris gagal melulu,,pembayaran gagal hub cs shope,, ribet tdk seperti apk",1,0,1.40.06,2025-10-02 04:29:54+00:00,Hi Kak Joi. Mohon maaf terkait pembayaran melalui QRIS yang selalu gagal. Pastikan merchant masih aktif. SIlakan mencoba pembayaran menggunakan metode bayar yang berbeda. Silakan menghubungi kami dengan melampirkan detail kendala dan tangkapan layar kendalanya melalui DM Instagram @ShopeePay_ID ya. Kami akan membantu kendala yang kakak alami. ^EN,2025-10-02 11:45:42,1.40.06,Dataset/dataset\SHOPEEPAY_googleplay_OCTOBER_reviews.csv,qris
f25719fe-ca40-49b9-93be-cd0ba6300ad2,Pengguna Google,https://play-lh.googleusercontent.com/EGemoI2NTXmTsBVtJqk8jxF9rh8ApRWfsIMQSt2uE4OcpQqbFu7f7NbTK05lx80nuSijCz7sc3a277R67g,spaylater tidak bisa digunakan untuk merchant dan qris,1,0,1.39.07,2025-10-01 01:28:00+00:00,"Hi Kak. Mohon maaf atas kendala tidak dapat menggunakan SPayLater untuk pembayaran QRIS. Saat ini belum semua Merchant dapat menerima pembayaran dengan SPayLater. Mohon menghubungi kami melalui DM ke Instagram @ShopeePay_ID yang bercentang biru, dengan menginformasikan detail kendalanya untuk bantuan lebih lanjut. ^EN",2025-10-01 11:27:23,1.39.07,Dataset/dataset\SHOPEEPAY_googleplay_OCTOBER_reviews.csv,qris
