reviewId,userName,userImage,content,score,thumbsUpCount,reviewCreatedVersion,at,replyContent,repliedAt,appVersion,source,keyword
5bc9e88b-2c5e-4fab-a856-527c483f2a06,Pengguna Google,https://play-lh.googleusercontent.com/EGemoI2NTXmTsBVtJqk8jxF9rh8ApRWfsIMQSt2uE4OcpQqbFu7f7NbTK05lx80nuSijCz7sc3a277R67g,oii kenapa ini gak bisa login gangguan mulu,1,0,,2025-11-12 00:57:16+00:00,"Hi Sahabat @R win P, mohon maaf atas ketidaknyamanannya. Mohon berkenan untuk mencoba kembali secara berkala dan menunggu 10-15 menit kedepan dikhawatirkan sedang proses penarikan data akhir hari rutin ya. Tks~Charles",2025-11-12 01:01:13,,Dataset/dataset\LIVIN_googleplay_NOVEMBER_reviews.csv,login
273683d4-02ad-4954-b774-f007725c2aa0,Pengguna Google,https://play-lh.googleusercontent.com/EGemoI2NTXmTsBVtJqk8jxF9rh8ApRWfsIMQSt2uE4OcpQqbFu7f7NbTK05lx80nuSijCz7sc3a277R67g,"upgrade ke ovo nabung, malah selalu eror terus transfer ke rek bank , pArah",1,0,3.146.0,2025-10-31 07:37:50+00:00,,,3.146.0,Dataset/dataset\OVO_googleplay_OCTOBER_reviews.csv,transfer
e94c7a82-ae07-4998-b16a-c82603b5c13a,Pengguna Google,https://play-lh.googleusercontent.com/EGemoI2NTXmTsBVtJqk8jxF9rh8ApRWfsIMQSt2uE4OcpQqbFu7f7NbTK05lx80nuSijCz7sc3a277R67g,saya ingin transfer ke akun dana tapi tidak bisa gak ada menu top up ke akun dana 😔😔,5,0,1.60.0,2025-10-21 21:30:12+00:00,,,1.60.0,Dataset/dataset\GOPAY_googleplay_OCTOBER_reviews.csv,topup
cdafdf8a-6d52-4f01-8c96-c6d67c9228df,Pengguna Google,https://play-lh.googleusercontent.com/EGemoI2NTXmTsBVtJqk8jxF9rh8ApRWfsIMQSt2uE4OcpQqbFu7f7NbTK05lx80nuSijCz7sc3a277R67g,IT nya tau gak sih klo top up via m banking gagal terus,1,0,1.64.1,2025-11-27 20:35:56+00:00,"Hai Kak @Kang Odon, pastikan jumlah top up tidak melebihi batas limit transaksi bulanan dan jaringan internet stabil. Jika masih bermasalah, laporkan melalui menu Bantuan > ketik ""Mengapa saya tidak bisa top up GoPay?"" > isi formulir dan cantumkan kode psr-25-331-1438-11103 di bagian 'Ceritakan lebih lanjut'. ^Melisa",2025-11-27 21:38:37,1.64.1,Dataset/dataset\GOPAY_googleplay_NOVEMBER_reviews.csv,topup
ca96bd08-10ba-4b38-b787-e7661af6a47a,Pengguna Google,https://play-lh.googleusercontent.com/EGemoI2NTXmTsBVtJqk8jxF9rh8ApRWfsIMQSt2uE4OcpQqbFu7f7NbTK05lx80nuSijCz7sc3a277R67g,transaksinya lebih mahal dari apk sebelah(DANA) apalagi TopUp games lelet masuk kek chat mantan lama kali dibalas,1,0,1.60.0,2025-11-09 16:00:56+00:00,"Mohon maaf atas ketidaknyamanannya, Kak @Cibro. Terkait ulasanmu, kami selalu berupaya untuk memberlakukan tarif yang terjangkau bagi seluruh pelanggan agar dapat selalu menjaga kualitas layanan terbaik. Kami harap kamu senantiasa nyaman dalam menggunakan layanan GoPay. Jika ada kendala lain silakan hubungi kami di menu Bantuan. ^Miko",2025-11-09 17:32:00,1.60.0,Dataset/dataset\GOPAY_googleplay_NOVEMBER_reviews.csv,topup
16469808-2611-48ef-ad6b-f48a7f7537e7,Pengguna Google,https://play-lh.googleusercontent.com/EGemoI2NTXmTsBVtJqk8jxF9rh8ApRWfsIMQSt2uE4OcpQqbFu7f7NbTK05lx80nuSijCz7sc3a277R67g,kenapa tidak bisa transfer ke ewalet lainnya?,3,0,,2025-10-18 02:04:09+00:00,"Hai Kak Dobleh, sebelum transfer, pastikan status upgrade GoPay Plus sudah 'Diterima', nomor penerima valid dan tidak terblokir. Jika masih bermasalah, silakan kunjungi menu Bantuan di aplikasi GoPay atau email ke customerservice@gopay.co.id dan cantumkan kode psr-25-291-0606-52769 pada subjek email. ^Miko",2025-10-18 13:07:08,,Dataset/dataset\GOPAY_googleplay_OCTOBER_reviews.csv,transfer
41562fdb-5b3b-428b-a5b7-21ba82e9567f,Pengguna Google,https://play-lh.googleusercontent.com/EGemoI2NTXmTsBVtJqk8jxF9rh8ApRWfsIMQSt2uE4OcpQqbFu7f7NbTK05lx80nuSijCz7sc3a277R67g,baru beberapa hari pakai udah eror aja susah login,1,0,2.6.0,2025-12-08 19:54:30+00:00,"Hai, Kak Intan. Maaf atas ketidaknyamanannya. Kami akan selalu terus memperbaiki sistem demi mencapai kepuasan para pengguna aplikasi blu. Untuk kendala sebelumnya sudah berhasil ditangani. Silakan Kakak dapat mencoba kembali ya.",2025-12-08 20:22:49,2.6.0,Dataset/dataset\BLU_googleplay_DECEMBER_reviews.csv,login
0ee4d3c5-d070-41c4-817d-8bb501bd330e,Pengguna Google,https://play-lh.googleusercontent.com/EGemoI2NTXmTsBVtJqk8jxF9rh8ApRWfsIMQSt2uE4OcpQqbFu7f7NbTK05lx80nuSijCz7sc3a277R67g,aplikasi yg sangat membatu bnget bisd untuk belanja apa saja mengunakan Qris saya suka dengan ada nya spaylater jadi dalam ke adaan tidak punya duit kita masih tetap bisa beli bayar bulan depan terimakasih aplikasi nya,5,10,1.44.05,2025-12-06 13:17:24+00:00,"Hi Kak. Terima kasih telah menggunakan ShopeePay. Mari cek aplikasi ShopeePay karena banyak fitur yang mempermudah keseharian kakak seperti pembelian pulsa, paket data, pembayaran tagihan listrik dan pembayaran lainnya. Jika kakak memiliki pertanyaan seputar ShopeePay, mohon DM kami di Instagram @ShopeePay_ID ya. Semoga harimu menyenangkan ^RJ",2025-12-08 09:52:53,1.44.05,Dataset/dataset\SHOPEEPAY_googleplay_DECEMBER_reviews.csv,qris
5940a5fb-356e-4b52-871a-a0a882c4d170,Pengguna Google,https://play-lh.googleusercontent.com/EGemoI2NTXmTsBVtJqk8jxF9rh8ApRWfsIMQSt2uE4OcpQqbFu7f7NbTK05lx80nuSijCz7sc3a277R67g,Livin Mandiri sangat baik karena memiliki bukti transfer yang terperinci dan indah,5,0,3.1.0,2025-12-14 10:36:09+00:00,"Halo Sahabat @Fachruddin Indonesia, terima kasih atas review yang telah diberikan. Semoga terus menikmati kemudahan dan kenyamanan dalam menggunakan Livin’ by Mandiri ya. Daftarkan transaksi secepat kilat pada menu Quick Pick untuk diakses pada halaman Login atau Beranda. Yuk coba sekarang. Tks~Vika",2025-12-14 10:41:17,3.1.0,Dataset/dataset\LIVIN_googleplay_DECEMBER_reviews.csv,transfer
5100eb77-f105-4f8d-b73e-b5e4f4c56436,Pengguna Google,https://play-lh.googleusercontent.com/EGemoI2NTXmTsBVtJqk8jxF9rh8ApRWfsIMQSt2uE4OcpQqbFu7f7NbTK05lx80nuSijCz7sc3a277R67g,saya menyesal donlod Livin ini.. vertikasi wajah nya susah bikin emosi.. stelah saya gagal vertikasi wajah gagal trs gak pakai lama uang saya saya ambil smua di ATM dan saya mending ganti bank lain. tolong perhatikan konsumen.. kita mau nabung stidaknya di permudah bukan di persulit.. menyesal saya nabung di bank ini dan menyesal jg saya donlod aplikasi sampah ini bikin emosi jg nih vertikasi wajahnya gagal trs.. saya kasih bintang 1 atas layanan aplikasi sampah ini,1,0,3.2.0,2025-12-19 23:17:35+00:00,"Halo Sahabat @ibnu kasir, mohon maaf atas ketidaknyamanannya. Apabila terdapat kendala agar dapat kami tindaklanjuti, Sahabat dapat mengirimkan email ke mandiricare@bankmandiri.co.id atau menghubungi layanan mandiri call 14000 ya. Tks~Carlos",2025-12-19 23:28:52,3.2.0,Dataset/dataset\LIVIN_googleplay_DECEMBER_reviews.csv,vermuk
598ded6a-8301-4ffe-8cb1-4e7e43886700,Pengguna Google,https://play-lh.googleusercontent.com/EGemoI2NTXmTsBVtJqk8jxF9rh8ApRWfsIMQSt2uE4OcpQqbFu7f7NbTK05lx80nuSijCz7sc3a277R67g,enak tf gratis,5,0,1.62.0,2025-11-19 15:03:20+00:00,,,1.62.0,Dataset/dataset\GOPAY_googleplay_NOVEMBER_reviews.csv,transfer
4365249f-3671-4a02-81fa-cae64f6812e2,Pengguna Google,https://play-lh.googleusercontent.com/EGemoI2NTXmTsBVtJqk8jxF9rh8ApRWfsIMQSt2uE4OcpQqbFu7f7NbTK05lx80nuSijCz7sc3a277R67g,"Burik sekali ovo mau buka aplikasi nya aja gak bisa,,jaringan ok wifi bagus tetap gak bisa login,sangat2 tidak recomended",1,0,,2025-12-13 10:26:50+00:00,,,,Dataset/dataset\OVO_googleplay_DECEMBER_reviews.csv,login
d9f9a2d3-ff5a-42f6-bdf7-a2e8eb34ae4d,Pengguna Google,https://play-lh.googleusercontent.com/EGemoI2NTXmTsBVtJqk8jxF9rh8ApRWfsIMQSt2uE4OcpQqbFu7f7NbTK05lx80nuSijCz7sc3a277R67g,"Uang yang di simpan bisa kesedot tanpa disadari. Udah beberapa kali ini,terus pas mau ngisi/top up malah gak ada saldo nya.",1,0,1.60.0,2025-10-18 19:29:27+00:00,"Hai Kak Arsyi, mohon maaf atas ketidaknyamanannya. Terkait keluhan tersebut, silakan laporkan melalui email ke customerservice@gopay.co.id dengan melampirkan kode psr-25-291-1249-09245 pada subject email. Kami tunggu detail laporan kamu ya. ^Maura",2025-10-18 19:49:19,1.60.0,Dataset/dataset\GOPAY_googleplay_OCTOBER_reviews.csv,topup
03f37685-b62c-42e4-9854-dca711cd0d7a,Pengguna Google,https://play-lh.googleusercontent.com/EGemoI2NTXmTsBVtJqk8jxF9rh8ApRWfsIMQSt2uE4OcpQqbFu7f7NbTK05lx80nuSijCz7sc3a277R67g,"aplikasi ewallet yg tidak menguntungkan.... top up kena potongan ga kaya DANA, GOPAY dan shopeepay.",1,0,,2025-12-08 17:32:26+00:00,,,,Dataset/dataset\OVO_googleplay_DECEMBER_reviews.csv,topup
4e3ca262-ba15-47f8-9424-d77bc8495c55,Pengguna Google,https://play-lh.googleusercontent.com/EGemoI2NTXmTsBVtJqk8jxF9rh8ApRWfsIMQSt2uE4OcpQqbFu7f7NbTK05lx80nuSijCz7sc3a277R67g,iseng topup ovo yg katanya gratis. tapi topup ovo emang gratis. saldo ovo tetep terpotong biaya admin.,1,0,1.44.05,2025-12-20 13:29:24+00:00,"Hi Kak Vintari. Mohon maaf terkait transfer ShopeePay ke OVO yang dikenakan biaya admin. Untuk transfer melalui aplikasi ShopeePay tidak dikenakan biaya admin. Informasinya dapat dicek pada link ini https://shopee.co.id/m/transfer-ke-bank-ShopeePayApp. Jika terkendala, silakan hubungi kami melalui DM ke IG @ShopeePay_ID. ^EN",2025-12-22 13:45:46,1.44.05,Dataset/dataset\SHOPEEPAY_googleplay_DECEMBER_reviews.csv,topup
80235573-ee11-42b4-b486-a2017225323e,Pengguna Google,https://play-lh.googleusercontent.com/EGemoI2NTXmTsBVtJqk8jxF9rh8ApRWfsIMQSt2uE4OcpQqbFu7f7NbTK05lx80nuSijCz7sc3a277R67g,"paling suka sama fitur kantong dan gratis admin tf beda bank, sekarang kemana2 aku ajak orang pake jago syariah ajaaa",5,0,,2025-10-02 05:46:04+00:00,,,,Dataset/dataset\JAGO_googleplay_OCTOBER_reviews.csv,transfer
434e4b0e-e485-4abb-b1c7-fb818091d847,Pengguna Google,https://play-lh.googleusercontent.com/EGemoI2NTXmTsBVtJqk8jxF9rh8ApRWfsIMQSt2uE4OcpQqbFu7f7NbTK05lx80nuSijCz7sc3a277R67g,"Topup potongan mahal, transfer mahal.",1,0,3.144.0,2025-10-01 12:51:45+00:00,,,3.144.0,Dataset/dataset\OVO_googleplay_OCTOBER_reviews.csv,topup
64fbb118-6c76-4970-af47-fd9beb6bcb1c,Pengguna Google,https://play-lh.googleusercontent.com/EGemoI2NTXmTsBVtJqk8jxF9rh8ApRWfsIMQSt2uE4OcpQqbFu7f7NbTK05lx80nuSijCz7sc3a277R67g,"makin lama loading sampe ke login pagenya. tolong lah diperbaiki, kalo perlu akses cepat untuk pembayaran di tempat jadi tidak efisien.",2,0,3.1.0,2025-11-03 11:12:21+00:00,"Halo Sahabat @Ranie Rakhma, mohon maaf atas ketidaknyamanannya. Perihal tsb akan menjadi masukan bagi kami untuk pengembangan aplikasi kedepannya dan meningkatkan kualitas layanan Bank Mandiri demi kenyamanan nasabah ya. Tks~Carissa",2025-11-03 11:29:06,3.1.0,Dataset/dataset\LIVIN_googleplay_NOVEMBER_reviews.csv,login
60361ba8-88a2-4455-b073-99957f2ad522,Pengguna Google,https://play-lh.googleusercontent.com/EGemoI2NTXmTsBVtJqk8jxF9rh8ApRWfsIMQSt2uE4OcpQqbFu7f7NbTK05lx80nuSijCz7sc3a277R67g,Karena ini sangat murah dan top up harganya sangat murah sekali sampai sampai saya promosikan aplikasi ini,5,0,,2025-10-17 11:03:17+00:00,,,,Dataset/dataset\GOPAY_googleplay_OCTOBER_reviews.csv,topup
21dd3b63-e3e6-46f9-8ac7-2b532e25ba97,Pengguna Google,https://play-lh.googleusercontent.com/EGemoI2NTXmTsBVtJqk8jxF9rh8ApRWfsIMQSt2uE4OcpQqbFu7f7NbTK05lx80nuSijCz7sc3a277R67g,"jelek,banyak ganngguan.sungguh gak bisa di andalin.mending pindah ke yang lain.uang keluar masuk,mau transfer susah login,aplikasi payah.",1,2,3.2.0,2025-11-23 22:14:33+00:00,"Hi Sahabat @Dudun Ivan heryanto, mohon maaf atas ketidaknyamanannya. Untuk perihal keluhan yang dialami, mohon untuk dapat mengirimkan email ke mandiricare@bankmandiri.co.id atau dapat menghubungi layanan mandiri 14000 agar dapat dilakukan pengecekan. Tks~Amar",2025-11-23 22:15:52,3.2.0,Dataset/dataset\LIVIN_googleplay_NOVEMBER_reviews.csv,login
1eec8562-6fa0-4e50-88a2-e43232a4e0f8,Pengguna Google,https://play-lh.googleusercontent.com/EGemoI2NTXmTsBVtJqk8jxF9rh8ApRWfsIMQSt2uE4OcpQqbFu7f7NbTK05lx80nuSijCz7sc3a277R67g,Hallo Vendor gopay...??? Wht wrong with this aplication...i see something praud ? keluar akun masa ...harus susah login lagi adduh,3,0,,2025-11-02 14:38:49+00:00,"Mohon maaf, Kak Arip. Terkait laporanmu, pastikan sinyal internetmu stabil, aktifkan 'App Permission'/'Izinkan Aplikasi', lalu logout kemudian login kembali. Untuk kendala login lainnya, silakan mengakses halaman bantuan login pada aplikasi GoPay. ^Miko",2025-11-02 17:23:56,,Dataset/dataset\GOPAY_googleplay_NOVEMBER_reviews.csv,login
dd6d0ad9-44c7-4bc6-9ea4-0e248fb3ea11,Pengguna Google,https://play-lh.googleusercontent.com/EGemoI2NTXmTsBVtJqk8jxF9rh8ApRWfsIMQSt2uE4OcpQqbFu7f7NbTK05lx80nuSijCz7sc3a277R67g,kenapa gopay gak bisa transper dan melakukan Qris ... tolong dong .,1,1,1.64.1,2025-11-28 23:15:26+00:00,,,1.64.1,Dataset/dataset\GOPAY_googleplay_NOVEMBER_reviews.csv,qris
93982cf8-1139-49f4-8a45-5ddc9ce3c5ba,Pengguna Google,https://play-lh.googleusercontent.com/EGemoI2NTXmTsBVtJqk8jxF9rh8ApRWfsIMQSt2uE4OcpQqbFu7f7NbTK05lx80nuSijCz7sc3a277R67g,bnyk msalh login,2,1,3.2.0,2025-11-27 10:57:29+00:00,"Hai Sahabat @Ican Sandewa, mohon maaf atas ketidaknyamanannya. Untuk perihal tsb kami sarankan Sahabat melakukan clear cache pada Playstore terlebih dahulu dan mencoba kembali ya. Tks~Rere",2025-11-27 10:59:41,3.2.0,Dataset/dataset\LIVIN_googleplay_NOVEMBER_reviews.csv,login
8e5f34f8-0f20-414d-95ae-59579df0aab0,Pengguna Google,https://play-lh.googleusercontent.com/EGemoI2NTXmTsBVtJqk8jxF9rh8ApRWfsIMQSt2uE4OcpQqbFu7f7NbTK05lx80nuSijCz7sc3a277R67g,gimana ini apk ko kaya gk di urus login ajah susah dari akun lama padahl pin udah bnr di prsulit ajah tolol bnget di dlm nya ada uang,1,0,3.147.0,2025-11-19 01:39:12+00:00,,,3.147.0,Dataset/dataset\OVO_googleplay_NOVEMBER_reviews.csv,login
594ba467-a660-4697-9f0d-a5c334040cb4,Pengguna Google,https://play-lh.googleusercontent.com/EGemoI2NTXmTsBVtJqk8jxF9rh8ApRWfsIMQSt2uE4OcpQqbFu7f7NbTK05lx80nuSijCz7sc3a277R67g,Saya top up ovo melalui flip dengan cara transfer bank CIMB Niaga statusnya berhasil namun di aplikasi Ovo nya sedang gangguan akhirnya dana tidak masuk juga sampai sekarang sudah berhari-hari sudah kirim laporan dan isi form tetap belum ada kejelasan. Astaghfirullah...,5,5,3.143.0,2025-10-14 10:54:58+00:00,,,3.143.0,Dataset/dataset\OVO_googleplay_OCTOBER_reviews.csv,topup
5d3f89db-7e9b-48fd-b482-865c4be47b6e,Pengguna Google,https://play-lh.googleusercontent.com/EGemoI2NTXmTsBVtJqk8jxF9rh8ApRWfsIMQSt2uE4OcpQqbFu7f7NbTK05lx80nuSijCz7sc3a277R67g,kenapa mau login kok aplikasi tiba2 berhenti .,3,0,3.2.0,2025-11-25 08:11:53+00:00,"Halo Sahabat @Op Pek, mohon maaf atas ketidaknyamannya. Perihal kendala pada layanan Livin' by Mandiri, mohon untuk dapat mengirimkan email ke mandiricare@bankmandiri.co.id atau dapat menghubungi layanan mandiri 14000 agar dapat dilakukan pengecekan. Tks~Ninis",2025-11-25 08:19:44,3.2.0,Dataset/dataset\LIVIN_googleplay_NOVEMBER_reviews.csv,login
ff06880c-482a-42ec-9f5a-cbe4ed714637,Pengguna Google,https://play-lh.googleusercontent.com/EGemoI2NTXmTsBVtJqk8jxF9rh8ApRWfsIMQSt2uE4OcpQqbFu7f7NbTK05lx80nuSijCz7sc3a277R67g,hampir 3 bulan lebih masih belum bisa ganti no hp buat login,1,1,1.61.2,2025-10-31 18:32:40+00:00,"Hai Kak @Tiang Alite, mohon maat atas ketidaknyamanannya. Jika kamu masih mengalami kendala, silakan laporkan melalui email ke customerservice@gopay.co.id dengan melampirkan kode psr-25-153-0344-09163 pada subject email dan cantumkan nomor laporan kamu sebelumnya pada email yang kamu kirimkan. Kami tunggu detail laporan kamu ya. ^Melisa",2025-06-02 10:44:18,1.61.2,Dataset/dataset\GOPAY_googleplay_OCTOBER_reviews.csv,login
3f778c91-2735-4236-bfc3-0f6d61bd527d,Pengguna Google,https://play-lh.googleusercontent.com/EGemoI2NTXmTsBVtJqk8jxF9rh8ApRWfsIMQSt2uE4OcpQqbFu7f7NbTK05lx80nuSijCz7sc3a277R67g,"kebanyakan gangguan nya tf ,qris",1,0,3.144.0,2025-10-19 02:44:51+00:00,,,3.144.0,Dataset/dataset\OVO_googleplay_OCTOBER_reviews.csv,qris
da21e30b-b708-4385-ba79-832b6e36485c,Pengguna Google,https://play-lh.googleusercontent.com/EGemoI2NTXmTsBVtJqk8jxF9rh8ApRWfsIMQSt2uE4OcpQqbFu7f7NbTK05lx80nuSijCz7sc3a277R67g,"PARAH, buat transfer dari ovo ke seabank aja musti nunggu 2hari kerja",1,0,,2025-10-02 17:06:24+00:00,,,,Dataset/dataset\OVO_googleplay_OCTOBER_reviews.csv,transfer
4d4c27d9-0006-4fe2-ac31-32171375b0a8,Pengguna Google,https://play-lh.googleusercontent.com/EGemoI2NTXmTsBVtJqk8jxF9rh8ApRWfsIMQSt2uE4OcpQqbFu7f7NbTK05lx80nuSijCz7sc3a277R67g,"mohon di perbaiki lagi,saat mau buka livin sangat lama baru terbuka, adanya Livin aplikasi ini sangat mudah kita bertransaksi TF, TOP-UP dll, tanpa harus keluar rumah,🙏💚",5,0,3.2.0,2025-12-21 21:33:51+00:00,"Halo Sahabat @Ltarry Sarah, mohon maaf atas ketidaknyamanannya. Terkait kendala Sahabat mohon untuk dapat mengirimkan email ke mandiricare@bankmandiri.co.id atau dapat menghubungi Mandiri Call 14000 lalu tekan 2 agar dapat dilakukan pengecekan. Tks~Amar",2025-12-21 21:37:01,3.2.0,Dataset/dataset\LIVIN_googleplay_DECEMBER_reviews.csv,transfer
6c830fd9-6589-4e39-b030-2a14725834f8,Pengguna Google,https://play-lh.googleusercontent.com/EGemoI2NTXmTsBVtJqk8jxF9rh8ApRWfsIMQSt2uE4OcpQqbFu7f7NbTK05lx80nuSijCz7sc3a277R67g,bagus sekali apl nyaa tapi akh ngga tau cara top up nyaa,5,0,1.60.0,2025-10-20 20:18:45+00:00,,,1.60.0,Dataset/dataset\GOPAY_googleplay_OCTOBER_reviews.csv,topup
c69e887b-bb6b-4adb-818d-9446f10b08b8,Pengguna Google,https://play-lh.googleusercontent.com/EGemoI2NTXmTsBVtJqk8jxF9rh8ApRWfsIMQSt2uE4OcpQqbFu7f7NbTK05lx80nuSijCz7sc3a277R67g,masa login susah setiap pakai poto wajah tak bisa masuk login makin makin parah dan ribet aplikasi nya,1,2,1.60.0,2025-10-08 16:30:11+00:00,"Hai Kak Mira, untuk login ke aplikasi GoPay, gunakan nomor HP yang terdaftar di akun Gojek-mu. Jika belum punya akun Gojek, kamu bisa daftar langsung di aplikasi GoPay, ya. Jika masih tidak bisa login, laporkan ke kami melalui email ke customerservice@gopay.co.id dan mencantumkan kode psr-25-281-1032-12502 pada subjek email.^Melisa",2025-10-08 17:32:22,1.60.0,Dataset/dataset\GOPAY_googleplay_OCTOBER_reviews.csv,login
b41f3186-fb0f-4116-be1f-434adc4a9f90,Pengguna Google,https://play-lh.googleusercontent.com/EGemoI2NTXmTsBVtJqk8jxF9rh8ApRWfsIMQSt2uE4OcpQqbFu7f7NbTK05lx80nuSijCz7sc3a277R67g,"kenapa aplikasinya menjengkelkan, berulangkali daftar selalu saja gagal melakukan pendaftaran terutama dipengambilan gambar foto selalu tidak terdeteksi.apakah wajah asli nasabah sudah digunakan oleh orang lain yg ingin membobol tabungan gimana,mohon penjelasannya !!",1,0,,2025-12-18 10:12:07+00:00,"Halo Sahabat @Philips Grandlight, mohon maaf atas ketidaknyamannya. Perihal kendala pada layanan Livin' by Mandiri, mohon untuk dapat mengirimkan email ke mandiricare@bankmandiri.co.id atau dapat menghubungi layanan mandiri 14000 agar dapat dilakukan pengecekan. Tks~Celvin",2025-12-18 10:12:24,,Dataset/dataset\LIVIN_googleplay_DECEMBER_reviews.csv,vermuk
77cdde41-3737-485b-a990-f7eb05b386a4,Pengguna Google,https://play-lh.googleusercontent.com/EGemoI2NTXmTsBVtJqk8jxF9rh8ApRWfsIMQSt2uE4OcpQqbFu7f7NbTK05lx80nuSijCz7sc3a277R67g,"transfer delay, saldo tiba2 hilang jadi 0, call center di call tidak ada suaranya, akhirnya banyak oknum, seakan-akan jadi pahlawan, padahal mah mau ngerampok saldo",1,4,3.149.0,2025-12-12 14:06:37+00:00,,,3.149.0,Dataset/dataset\OVO_googleplay_DECEMBER_reviews.csv,transfer
d31c9cee-e0bf-43f4-8c26-dc7618c428a0,Pengguna Google,https://play-lh.googleusercontent.com/EGemoI2NTXmTsBVtJqk8jxF9rh8ApRWfsIMQSt2uE4OcpQqbFu7f7NbTK05lx80nuSijCz7sc3a277R67g,"aplikasi sampah, saya transfer dana ke bank. disuruh nunggu 2 hari kerja. dan pada hari kedua, tau-tau prosesnya gagal. setelah gagal dana nya masih ditahan paling lama 3 hari kerja. tidak masuk hari Sabtu dan Minggu. padahal saya lagi butuh dan pas betul hari ini hari Jum'at. otomatis saya harus nunggu prosesnya selambat2 nya sampai Rabu depan. gila",1,0,3.144.0,2025-10-10 19:38:16+00:00,,,3.144.0,Dataset/dataset\OVO_googleplay_OCTOBER_reviews.csv,transfer
7aa1965d-24fa-4281-acd8-a22a1cc562f2,Pengguna Google,https://play-lh.googleusercontent.com/EGemoI2NTXmTsBVtJqk8jxF9rh8ApRWfsIMQSt2uE4OcpQqbFu7f7NbTK05lx80nuSijCz7sc3a277R67g,bank tolol duit gw ketahan gabisa tf gabisa bayar aneh,1,0,3.2.0,2025-12-02 01:56:58+00:00,"Halo Sahabat @Farizsa, mohon maaf atas ketidaknyamannya. Perihal kendala pada layanan Livin' by Mandiri, mohon untuk dapat mengirimkan email ke mandiricare@bankmandiri.co.id atau dapat menghubungi layanan mandiri 14000 agar dapat dilakukan pengecekan. Tks~Kale",2025-12-02 02:03:03,3.2.0,Dataset/dataset\LIVIN_googleplay_DECEMBER_reviews.csv,transfer
8506864d-b207-4192-9256-551fa1418235,Pengguna Google,https://play-lh.googleusercontent.com/EGemoI2NTXmTsBVtJqk8jxF9rh8ApRWfsIMQSt2uE4OcpQqbFu7f7NbTK05lx80nuSijCz7sc3a277R67g,murah buat top up sip lah pakok nya,5,0,1.62.0,2025-11-11 13:31:31+00:00,,,1.62.0,Dataset/dataset\GOPAY_googleplay_NOVEMBER_reviews.csv,topup
ea4144bb-bc71-47b2-9586-1e3b1653ec17,Pengguna Google,https://play-lh.googleusercontent.com/EGemoI2NTXmTsBVtJqk8jxF9rh8ApRWfsIMQSt2uE4OcpQqbFu7f7NbTK05lx80nuSijCz7sc3a277R67g,ini aplikasi eror terus susah buat login,3,0,3.150.0,2025-12-26 15:05:48+00:00,,,3.150.0,Dataset/dataset\OVO_googleplay_DECEMBER_reviews.csv,login
a68db9a1-bcc7-4cba-9909-08efe22c2547,Pengguna Google,https://play-lh.googleusercontent.com/EGemoI2NTXmTsBVtJqk8jxF9rh8ApRWfsIMQSt2uE4OcpQqbFu7f7NbTK05lx80nuSijCz7sc3a277R67g,"Hari ini tanggal 5 Nov 2025, jam 21.48 WIB. saya mau bayar pake QRIS livin tapi tidak bisa di buka. selama 17 menit gak bisa kebuka, cuma muter2 doank. TERPAKSA DEH BAYAR PAKE APLIKASI BANK BCA.",1,0,3.1.0,2025-11-05 21:51:30+00:00,"Halo Sahabat @Mind Of Sanjaya mohon maaf atas ketidaknyamanannya, terkait kendala transaksi Sahabat @Mind Of Sanjaya mohon untuk dapat mengirimkan email ke mandiricare@bankmandiri.co.id atau dapat menghubungi mandiri call 14000 agar dapat dilakukan pengecekan. Tks~Syarif",2025-11-05 22:43:47,3.1.0,Dataset/dataset\LIVIN_googleplay_NOVEMBER_reviews.csv,qris
7e208de7-0e28-48ec-8ad6-895271611437,Pengguna Google,https://play-lh.googleusercontent.com/EGemoI2NTXmTsBVtJqk8jxF9rh8ApRWfsIMQSt2uE4OcpQqbFu7f7NbTK05lx80nuSijCz7sc3a277R67g,mantap gratis transfer ke bank lain,5,0,8.74.0,2025-10-09 09:22:09+00:00,,,8.74.0,Dataset/dataset\JAGO_googleplay_OCTOBER_reviews.csv,transfer
94ed78f1-d932-4ae1-8416-a87cb3d528c9,Pengguna Google,https://play-lh.googleusercontent.com/EGemoI2NTXmTsBVtJqk8jxF9rh8ApRWfsIMQSt2uE4OcpQqbFu7f7NbTK05lx80nuSijCz7sc3a277R67g,repot kalo mau login buka ga ada jaringan parah livin ini,1,0,3.2.0,2025-12-19 07:14:34+00:00,"Halo Sahabat @Puput Bella, mohon maaf atas ketidaknyamanannya. Terkait kendala Sahabat mohon untuk dapat mengirimkan email ke mandiricare@bankmandiri.co.id atau dapat menghubungi Mandiri Call 14000 lalu tekan 2 agar dapat dilakukan pengecekan. Tks~Risa",2025-12-19 07:16:25,3.2.0,Dataset/dataset\LIVIN_googleplay_DECEMBER_reviews.csv,login
06da1e35-c46e-4b1f-89ff-0dec070fa5a4,Pengguna Google,https://play-lh.googleusercontent.com/EGemoI2NTXmTsBVtJqk8jxF9rh8ApRWfsIMQSt2uE4OcpQqbFu7f7NbTK05lx80nuSijCz7sc3a277R67g,"sorry saya kasih bintang 1, soalnya saldo yg terpotong saat di tf jsdinya 2.000. Kenapa malah jadi super tinggi begini? Sy pakai OVO itu terpaksa karena mau bayar Grab Unlimited. Selebihnya cuma pakai M Banking",1,0,3.149.0,2025-12-11 17:33:34+00:00,,,3.149.0,Dataset/dataset\OVO_googleplay_DECEMBER_reviews.csv,transfer
6014c186-deef-4d94-aa49-a60d6f84d7bb,Pengguna Google,https://play-lh.googleusercontent.com/EGemoI2NTXmTsBVtJqk8jxF9rh8ApRWfsIMQSt2uE4OcpQqbFu7f7NbTK05lx80nuSijCz7sc3a277R67g,tf dari dana ke gopay di report dana udh berhasil tapi di gopay nya belum nambah chat cs malah di bilang nunggu 2 hri masa mau transfer aja nunggu 2 hari baru di proses kelasss banget,1,0,1.61.2,2025-11-01 12:42:33+00:00,"Hai Kak Levi, mohon maaf atas ketidaknyamanannya. Jika masih mengalami keluhan, silakan laporkan melalui email ke customerservice@gopay.co.id dengan melampirkan kode psr-25-305-0830-57815 pada subject email dan cantumkan nomor laporan sebelumnya serta ceritakan kembali detail permasalahannya. Kami tunggu detail laporan kamu ya. ^Miko",2025-11-01 15:31:20,1.61.2,Dataset/dataset\GOPAY_googleplay_NOVEMBER_reviews.csv,transfer
83c5f965-ac65-46b8-9756-732613787a01,Pengguna Google,https://play-lh.googleusercontent.com/EGemoI2NTXmTsBVtJqk8jxF9rh8ApRWfsIMQSt2uE4OcpQqbFu7f7NbTK05lx80nuSijCz7sc3a277R67g,"bagaimana lah ini ovo,buat transfer kenapa prosesnya lama sekali ,dari kemarin pagi sampai pagi lagi belum juga masuk transferannya.coba bisa di batalkan transfr q batalkan..5jt itu belum masuk rekening tujuan..baru sudah di potong saldo ..pikiran di bikin ndk tenang sumpah ..di tunggu2 ndk masuk2 uangnya mau di tarik kembali jg ndk bisa.bagaimana lah ini ..masa transfer saja nunggunya sampai berhari..",1,6,3.144.0,2025-10-18 05:51:52+00:00,,,3.144.0,Dataset/dataset\OVO_googleplay_OCTOBER_reviews.csv,transfer
319e384b-be48-4dd8-960e-23435d7cd3e2,Pengguna Google,https://play-lh.googleusercontent.com/EGemoI2NTXmTsBVtJqk8jxF9rh8ApRWfsIMQSt2uE4OcpQqbFu7f7NbTK05lx80nuSijCz7sc3a277R67g,keren cara login nya pun mudah,5,0,1.64.0,2025-11-19 15:00:47+00:00,,,1.64.0,Dataset/dataset\GOPAY_googleplay_NOVEMBER_reviews.csv,login
0fa9cd07-d504-4ff2-ae5b-a8ba57dcc0c6,Pengguna Google,https://play-lh.googleusercontent.com/EGemoI2NTXmTsBVtJqk8jxF9rh8ApRWfsIMQSt2uE4OcpQqbFu7f7NbTK05lx80nuSijCz7sc3a277R67g,transfer sering eror,1,0,,2025-10-31 11:04:12+00:00,,,,Dataset/dataset\OVO_googleplay_OCTOBER_reviews.csv,transfer
44b7d4fd-29a0-4a0b-a892-9c55eb962ad1,Pengguna Google,https://play-lh.googleusercontent.com/EGemoI2NTXmTsBVtJqk8jxF9rh8ApRWfsIMQSt2uE4OcpQqbFu7f7NbTK05lx80nuSijCz7sc3a277R67g,bagus untuk pengiriman uang Dan transfer uang ke wilayah Indonesia,5,0,3.146.0,2025-11-01 08:26:18+00:00,,,3.146.0,Dataset/dataset\OVO_googleplay_NOVEMBER_reviews.csv,transfer
24dc82fc-3404-4959-8c16-1b1d3eb64b24,Pengguna Google,https://play-lh.googleusercontent.com/EGemoI2NTXmTsBVtJqk8jxF9rh8ApRWfsIMQSt2uE4OcpQqbFu7f7NbTK05lx80nuSijCz7sc3a277R67g,"kenapa kalau setiap login susah, selalu gagal padahal jaringan full",2,0,3.1.0,2025-11-02 19:13:46+00:00,"Hi Sahabat @Santoso, mhn maaf atas ketidaknyamanannya. Kami sarankan force close kemudian restart device/HP, jaringan dlm keadaan stabil & dipastikan tidak menggunakan WiFi. Apabila masih terkendala dpt mengirimkan email ke mandiricare@bankmandiri.co.id atau menghubungi mandiri call 14000 agar dilakukan pengecekan. Tks~Mandala",2025-11-02 19:25:13,3.1.0,Dataset/dataset\LIVIN_googleplay_NOVEMBER_reviews.csv,login
98ee3b76-9917-4998-a470-ed1029874a75,Pengguna Google,https://play-lh.googleusercontent.com/EGemoI2NTXmTsBVtJqk8jxF9rh8ApRWfsIMQSt2uE4OcpQqbFu7f7NbTK05lx80nuSijCz7sc3a277R67g,apk terjamin murah buat top up game,5,0,,2025-10-20 21:35:23+00:00,,,,Dataset/dataset\GOPAY_googleplay_OCTOBER_reviews.csv,topup
385f64e3-d7ee-4560-889e-144d0bcc0a30,Pengguna Google,https://play-lh.googleusercontent.com/EGemoI2NTXmTsBVtJqk8jxF9rh8ApRWfsIMQSt2uE4OcpQqbFu7f7NbTK05lx80nuSijCz7sc3a277R67g,Saya baru dnlt dan saya masih kurang ngerti soalnya baru banget ini. Tapi overall bagus lah mempermudah pembayaran jadi lebih mudah lagi.. walaupun mesti topup juga :),4,0,1.60.0,2025-10-25 19:23:13+00:00,,,1.60.0,Dataset/dataset\GOPAY_googleplay_OCTOBER_reviews.csv,topup
f562abae-95b7-4de1-8f27-5bfc232c3468,Pengguna Google,https://play-lh.googleusercontent.com/EGemoI2NTXmTsBVtJqk8jxF9rh8ApRWfsIMQSt2uE4OcpQqbFu7f7NbTK05lx80nuSijCz7sc3a277R67g,aplikasi fak....deteksi wajah g jelas,3,0,,2025-10-27 07:41:36+00:00,"Hai, Kak Catur. Maaf atas ketidaknyamanannya. Kami akan selalu berusaha memberikan yang terbaik demi kebutuhan perbankan Kakak. Terkait hal tersebut pastikan beberapa hal berikut, pastikan Kakak tidak memakai sunglasses, di tempat yang terang, tidak backlight, posisi wajah di dalam lingkaran dan pastikan aplikasi blu versi terupdate ya.",2025-10-27 08:05:31,,Dataset/dataset\BLU_googleplay_OCTOBER_reviews.csv,vermuk
4fa22843-9b90-489e-b644-34c4d6eefe6b,Pengguna Google,https://play-lh.googleusercontent.com/EGemoI2NTXmTsBVtJqk8jxF9rh8ApRWfsIMQSt2uE4OcpQqbFu7f7NbTK05lx80nuSijCz7sc3a277R67g,"wahh2, kalau setiap top up di potong 2rb lumayan juga ya,, ada yang keberatan sama ovo yang sekarang, ovo beda sekali sama dotal yang lain misalnya dana, hedehh kacau",2,0,3.146.0,2025-11-07 00:07:50+00:00,,,3.146.0,Dataset/dataset\OVO_googleplay_NOVEMBER_reviews.csv,topup
41ac5bb1-e507-4847-8527-1a305fe6722e,Pengguna Google,https://play-lh.googleusercontent.com/EGemoI2NTXmTsBVtJqk8jxF9rh8ApRWfsIMQSt2uE4OcpQqbFu7f7NbTK05lx80nuSijCz7sc3a277R67g,"gk usah tergiur promo serba seribu qris, emang gk seberapa harganya, udah komplain ke cs di janji in mau di hubungi via telfon/email, tetap zonk",1,0,1.40.06,2025-10-19 18:02:37+00:00,"Hi Kak ircham. Mohon maaf atas kendala terkait promo serba seribu. Kami siap membantu, mohon menghubungi kami melalui DM ke Instagram @ShopeePay_ID yang bercentang biru, dengan menginformasikan detail dan bukti kendala untuk bantuan lebih lanjut. Semoga kendala kakak segera terselesaikan ya. ^CS",2025-10-20 11:00:56,1.40.06,Dataset/dataset\SHOPEEPAY_googleplay_OCTOBER_reviews.csv,qris
a82be266-ec8e-4035-97b7-44e049117a0a,Pengguna Google,https://play-lh.googleusercontent.com/EGemoI2NTXmTsBVtJqk8jxF9rh8ApRWfsIMQSt2uE4OcpQqbFu7f7NbTK05lx80nuSijCz7sc3a277R67g,mau bayar pakai qris gak bisa tolol,1,0,1.60.0,2025-10-22 23:18:34+00:00,"Hai Kak Sune, maaf atas ketidaknyamanannya. Pastikan kamu menggunakan aplikasi GoPay versi terbaru dan kode QR yang dipindai berasal dari merchant yang menerima pembayaran melalui kode GoPay. Jika masih berkendala, laporkan melalui email ke customerservice@gopay.co.id dan cantumkan kode psr-25-296-0120-00780 pada subjek email. ^Maura",2025-10-23 08:20:05,1.60.0,Dataset/dataset\GOPAY_googleplay_OCTOBER_reviews.csv,qris
41612a1c-216e-483a-9efb-c90aa1b961be,Pengguna Google,https://play-lh.googleusercontent.com/EGemoI2NTXmTsBVtJqk8jxF9rh8ApRWfsIMQSt2uE4OcpQqbFu7f7NbTK05lx80nuSijCz7sc3a277R67g,"saya transfer dari dana ke gopay, tapi tidak masuk karena saldo limit, terus uang nya kemana",1,1,1.60.0,2025-10-10 09:04:35+00:00,"Hai Kak Dilan, pastikan nomor tujuan sudah benar, sudah cek halaman Riwayat, dan coba keluar dan masuk kembali ke aplikasi. Jika saldo masih belum masuk, silakan laporkan melalui menu Bantuan > ketik 'Top up GoPay saya belum masuk' > isi formulir dan cantumkan kode psr-25-283-0444-05432 pada bagian 'Ceritakan lebih lanjut'. ^Maura",2025-10-10 11:44:11,1.60.0,Dataset/dataset\GOPAY_googleplay_OCTOBER_reviews.csv,transfer
9202e39b-379d-4409-94b4-348622e789a2,Pengguna Google,https://play-lh.googleusercontent.com/EGemoI2NTXmTsBVtJqk8jxF9rh8ApRWfsIMQSt2uE4OcpQqbFu7f7NbTK05lx80nuSijCz7sc3a277R67g,"aneh banget aplikasinya! kenapa kamera saya di aplikasi ini QRIS nya gak bisa deteksi QR? pake aplikasi si hijau normal-normal aja. Jujur ini sangat menggangu sekali karena harusnya bisa cepat hanya dengan scan, tapi saya perlu foto dulu untuk QR terdeteksi, dan ini sangat ribet sekali! tolong benerin lah!",1,42,2.6.0,2025-11-25 19:50:09+00:00,"Hai, Kak Gusti. Maaf atas ketidaknyamanannya. Kami akan selalu terus memperbaiki sistem demi mencapai kepuasan para pengguna aplikasi blu. Terkait kendala tersebut pastikan Kakak menggunakan blu versi terbaru, pastikan setting waktu di handphone menjadi otomatis, jaringan internet lancar dan stabil atau Kakak boleh switch jaringan pada handphone.",2025-11-25 20:26:16,2.6.0,Dataset/dataset\BLU_googleplay_NOVEMBER_reviews.csv,qris
724d5d5a-3d04-4758-a9b5-ba8d7ed25f30,Pengguna Google,https://play-lh.googleusercontent.com/EGemoI2NTXmTsBVtJqk8jxF9rh8ApRWfsIMQSt2uE4OcpQqbFu7f7NbTK05lx80nuSijCz7sc3a277R67g,"sering lemot , tidak bisa diakses , waktu TF sering berhenti tengah jalan. not rekomen banget bank 1 ini",1,0,8.76.0,2025-11-10 10:49:47+00:00,"Halo, Jagoan. Mohon maaf atas kendala yang terjadi ya. Kamu tidak perlu khawatir, kamu bisa menjelaskan detail kendala tersebut melalui email di tanya@jago.com atau call center 1500 746 untuk kami bantu tangani lebih lanjut. Terima kasih :)",2025-11-10 14:34:40,8.76.0,Dataset/dataset\JAGO_googleplay_NOVEMBER_reviews.csv,transfer
30a7b92d-05e5-482c-85fd-cf63dd1a1e72,Pengguna Google,https://play-lh.googleusercontent.com/EGemoI2NTXmTsBVtJqk8jxF9rh8ApRWfsIMQSt2uE4OcpQqbFu7f7NbTK05lx80nuSijCz7sc3a277R67g,parah nih ga bisa verifikasi muka,2,0,1.61.2,2025-10-29 21:52:10+00:00,"Hai Kak Deon, mohon maaf atas ketidaknyamanannya. Pastikan kamu mengambil foto selfie dengan pencahayaan yang baik dan wajah terlihat jelas. Jika masih berkendala, silakan laporkan detailnya melalui email ke customerservice@gopay.co.id dan cantumkan kode psr-25-302-1538-44516 pada subjek email. ^Melisa",2025-10-29 22:38:51,1.61.2,Dataset/dataset\GOPAY_googleplay_OCTOBER_reviews.csv,vermuk
b89147dd-d971-4554-9dda-0223ff0c0315,Pengguna Google,https://play-lh.googleusercontent.com/EGemoI2NTXmTsBVtJqk8jxF9rh8ApRWfsIMQSt2uE4OcpQqbFu7f7NbTK05lx80nuSijCz7sc3a277R67g,jujur saya kecewa sma apk ovo sya habis isi saldo buat top up game tpi nggak bisa selalu muncul keterangan GAGAL MEMUAT KONTEN.,1,1,3.146.0,2025-11-05 23:39:32+00:00,,,3.146.0,Dataset/dataset\OVO_googleplay_NOVEMBER_reviews.csv,topup
8376ad28-f053-48c2-9968-dcb2173a9ae8,Pengguna Google,https://play-lh.googleusercontent.com/EGemoI2NTXmTsBVtJqk8jxF9rh8ApRWfsIMQSt2uE4OcpQqbFu7f7NbTK05lx80nuSijCz7sc3a277R67g,"tambah g bagus,masa transfer nominal kecil aja harus 2 hari nunggu,",1,0,3.146.0,2025-11-04 10:15:18+00:00,,,3.146.0,Dataset/dataset\OVO_googleplay_NOVEMBER_reviews.csv,transfer
043d58a8-b72f-41a0-b33e-c32c93cba822,Pengguna Google,https://play-lh.googleusercontent.com/EGemoI2NTXmTsBVtJqk8jxF9rh8ApRWfsIMQSt2uE4OcpQqbFu7f7NbTK05lx80nuSijCz7sc3a277R67g,"gratis transfer ke semua bank, enak bgt pokoknya🤩, dapat kupon lagi",5,0,1.62.0,2025-11-14 10:48:26+00:00,,,1.62.0,Dataset/dataset\GOPAY_googleplay_NOVEMBER_reviews.csv,transfer
73b72ae7-e608-413f-a92b-c811b90396e9,Pengguna Google,https://play-lh.googleusercontent.com/EGemoI2NTXmTsBVtJqk8jxF9rh8ApRWfsIMQSt2uE4OcpQqbFu7f7NbTK05lx80nuSijCz7sc3a277R67g,"habis update kenapa gak bisa transfer,, masukan kode keamanan keyboardnya gak muncul",4,0,3.150.0,2025-12-21 19:22:09+00:00,,,3.150.0,Dataset/dataset\OVO_googleplay_DECEMBER_reviews.csv,transfer
5c8766ae-4d49-4c44-b2ae-c781873bb1e1,Pengguna Google,https://play-lh.googleusercontent.com/EGemoI2NTXmTsBVtJqk8jxF9rh8ApRWfsIMQSt2uE4OcpQqbFu7f7NbTK05lx80nuSijCz7sc3a277R67g,"kenpaa lama kali masuk proses top up-nya ,soalnya saya top up 3 wdp belum masuk2 lagi gimana solusinya",1,0,,2025-10-10 15:46:14+00:00,"Hai Kak Zaki, kami mohon maaf atas kondisi yang Kakak alami. Terkait hal ini, dapat kami sampaikan bahwa ada pemeliharaan sistem yang mempengaruhi transaksi Kakak & saat ini sudah kembali normal. Berkenan untuk melakukan pengecekan kembali di akun tujuan secara berkala ya Kak. Mohon maaf atas ketidaknyamanannya. Salam hangat. ^Miko",2025-10-10 21:32:40,,Dataset/dataset\GOPAY_googleplay_OCTOBER_reviews.csv,topup
8e171dda-5c44-4a50-89bb-226877d92469,Pengguna Google,https://play-lh.googleusercontent.com/EGemoI2NTXmTsBVtJqk8jxF9rh8ApRWfsIMQSt2uE4OcpQqbFu7f7NbTK05lx80nuSijCz7sc3a277R67g,"top up sulit setelah ganti nomor, di keterangan harus verifikasi tapi setelah dipencet verifikasi malah bertuliskan perangkat tidak kompatibel. jadi terkendala untuk transaksi karna itu",3,0,3.149.0,2025-12-13 03:26:29+00:00,,,3.149.0,Dataset/dataset\OVO_googleplay_DECEMBER_reviews.csv,topup
eaae4199-ec28-4495-95a7-f4b8e362dc2c,Pengguna Google,https://play-lh.googleusercontent.com/EGemoI2NTXmTsBVtJqk8jxF9rh8ApRWfsIMQSt2uE4OcpQqbFu7f7NbTK05lx80nuSijCz7sc3a277R67g,"aplikasi lemot, mau login aja sering lola muter2 doang ga bisa login padahal sintal lancar.",3,2,3.2.0,2025-11-18 23:07:38+00:00,"Mohon maaf Sahabat @Ganang AR atas ketidaknyamanannya dalam mengakses layanan Livin' by Mandiri. Saat ini Bank Mandiri sedang proses akhir hari rutin, kami sarankan Sahabat dapat mencobanya secara berkala dan apabila masih terkendala Sahabat dapat mengirimkan email ke mandiricare@bankmandiri.co.id atau dapat menghubungi layanan mandiri 14000. ~Said",2025-11-18 23:10:07,3.2.0,Dataset/dataset\LIVIN_googleplay_NOVEMBER_reviews.csv,login
29c76538-3122-4e87-b83e-48c45c35786d,Pengguna Google,https://play-lh.googleusercontent.com/EGemoI2NTXmTsBVtJqk8jxF9rh8ApRWfsIMQSt2uE4OcpQqbFu7f7NbTK05lx80nuSijCz7sc3a277R67g,"top up game mobile legend saya di aplikasi nya berhasil tapi, diamond nya belum masuk, fitur buat menanyakan transaksi nya buruk sekali hanya di kasih opsi dan tidak ada penyelesaian, tidak bisa ketik sendiri, tidak ada cs nya juga malah suruh ngobrol sama robot yang hanya bisa ngasih opsi yang tidak sesuai (edit : nomor laporan itu yang mana, malah dianggap slesai di aplikasi nya, kalau id transaksi sama order id kan ada di transaksi, saya naikin b 2 karena respon) b1 lagi aja , gak di respon",1,41,1.60.0,2025-10-25 12:28:28+00:00,"Hai Kak Sakti, mohon maaf atas ketidaknyamanannya. Jika masih mengalami keluhan, silakan laporkan melalui email ke customerservice@gopay.co.id dengan melampirkan kode psr-25-297-1244-05066 pada subject email dan cantumkan nomor laporan sebelumnya serta ceritakan kembali detail permasalahannya. Kami tunggu detail laporan kamu ya. ^Miko",2025-10-24 19:44:27,1.60.0,Dataset/dataset\GOPAY_googleplay_OCTOBER_reviews.csv,topup
caf27218-6d1a-43c7-9d6e-e64efef927fb,Pengguna Google,https://play-lh.googleusercontent.com/EGemoI2NTXmTsBVtJqk8jxF9rh8ApRWfsIMQSt2uE4OcpQqbFu7f7NbTK05lx80nuSijCz7sc3a277R67g,"ini knp aplikasi ga jelas,minta verifikasi berulang ulang,bolak balik minta selfie wajah,password minta buat ulang segala macam,sudah diikuti masih minta lagi,aplikasi buang waktu",1,0,3.2.0,2025-12-13 20:34:05+00:00,"Hi Sahabat @Asrul A, mohon maaf atas ketidaknyamanannya. Terkait kendala Sahabat mohon untuk dapat mengirimkan email ke mandiricare@bankmandiri.co.id atau dapat menghubungi mandiri call 14000 agar dapat dilakukan pengecekan. Tks~Mandala",2025-12-13 20:38:35,3.2.0,Dataset/dataset\LIVIN_googleplay_DECEMBER_reviews.csv,vermuk
e0242251-7c18-4f5f-b28a-2af777c104fb,Pengguna Google,https://play-lh.googleusercontent.com/EGemoI2NTXmTsBVtJqk8jxF9rh8ApRWfsIMQSt2uE4OcpQqbFu7f7NbTK05lx80nuSijCz7sc3a277R67g,"Transfer ke bank ada kendala, Transaksi sedang diproses, menunggu 1 sampai 3 hari jam kerja 😡",1,0,3.148.0,2025-11-26 12:53:40+00:00,,,3.148.0,Dataset/dataset\OVO_googleplay_NOVEMBER_reviews.csv,transfer
3ee980c2-eb01-40ed-a45b-19c4680d6640,Pengguna Google,https://play-lh.googleusercontent.com/EGemoI2NTXmTsBVtJqk8jxF9rh8ApRWfsIMQSt2uE4OcpQqbFu7f7NbTK05lx80nuSijCz7sc3a277R67g,anda tahu kenapa rating nya segini? ya gak bisa login padahal sudah punya rekening dan kartu debit ckck,1,1,,2025-11-04 20:26:30+00:00,"Halo Sahabat @Branwve, mohon maaf atas ketidaknyamanannya. Perihal kendala pada layanan Livin’ by Mandiri, mohon untuk mengirimkan email ke mandiricare@bankmandiri.co.id atau dapat menghubungi layanan Mandiri Call 14000 agar dilakukan pengecekan. Tks~Danti",2025-11-04 20:29:33,,Dataset/dataset\LIVIN_googleplay_NOVEMBER_reviews.csv,login
6b4e7a30-209c-4025-9d96-98c9920e79c0,Pengguna Google,https://play-lh.googleusercontent.com/EGemoI2NTXmTsBVtJqk8jxF9rh8ApRWfsIMQSt2uE4OcpQqbFu7f7NbTK05lx80nuSijCz7sc3a277R67g,"sekarang sudah 2hari gak bsa dipakai,kenapa bsa!!! error mau login sja gangguan terus,bukan makin bagus layanan malah makin jelek,ulasan sya perbarui makin sakit hati sja udh berbulan2,seperti ini,nama besar BCA bukan jaminan kualitas klw begini.",1,40,2.7.0,2025-12-17 05:33:32+00:00,"Hai, Kakak. Maaf atas ketidaknyamanannya. Kami akan selalu berusaha memberikan yang terbaik demi memenuhi kebutuhan perbankan Kakak. Terkait kendala yang dialami tersebut boleh infokan detail kendala serta kirimkan gambar kendalanya ke X @haloblu atau email haloblu@bcadigital.co.id agar kami bisa bantu lebih lanjut ya.",2025-12-17 06:05:46,2.7.0,Dataset/dataset\BLU_googleplay_DECEMBER_reviews.csv,login
50f54d24-2f6f-4b52-a4da-d65edb6e2078,Pengguna Google,https://play-lh.googleusercontent.com/EGemoI2NTXmTsBVtJqk8jxF9rh8ApRWfsIMQSt2uE4OcpQqbFu7f7NbTK05lx80nuSijCz7sc3a277R67g,sangat berguna buat tf keBank2 yang lain,5,0,1.61.2,2025-11-13 11:36:15+00:00,,,1.61.2,Dataset/dataset\GOPAY_googleplay_NOVEMBER_reviews.csv,transfer
8c3ea889-adb7-4569-bd9a-59595a2bbdfd,Pengguna Google,https://play-lh.googleusercontent.com/EGemoI2NTXmTsBVtJqk8jxF9rh8ApRWfsIMQSt2uE4OcpQqbFu7f7NbTK05lx80nuSijCz7sc3a277R67g,tidak bisa menerima transfer uang,4,0,1.60.0,2025-10-16 20:03:10+00:00,,,1.60.0,Dataset/dataset\GOPAY_googleplay_OCTOBER_reviews.csv,transfer
83a2c73a-1841-4426-bca6-187f6d1ba9fb,Pengguna Google,https://play-lh.googleusercontent.com/EGemoI2NTXmTsBVtJqk8jxF9rh8ApRWfsIMQSt2uE4OcpQqbFu7f7NbTK05lx80nuSijCz7sc3a277R67g,"mau verifikasi wajah susahnya minta ampunnn, sdh coba berkali² masih belum berhasil tdk spr aplkkasi lain, spt shopee, allo bank dll. ngga pake lama. mohon atensinya",1,8,3.2.0,2025-11-16 10:26:38+00:00,terkendala verifikasi wajah maka dpt mencoba kembali dgn dipastikan pencahayaan baik dan wajah tidak terlalu dekat dgn kamera. Jika masih terkendala dpt mengirimkan email ke mandiricare@bankmandiri.co.id atau menghubungi mandiri call 14000 agar dpt dilakukan pengecekan. Tks~Vacilla,2025-11-16 10:29:18,3.2.0,Dataset/dataset\LIVIN_googleplay_NOVEMBER_reviews.csv,vermuk
fb0fdb47-e292-4107-9248-af015340c2c4,Pengguna Google,https://play-lh.googleusercontent.com/EGemoI2NTXmTsBVtJqk8jxF9rh8ApRWfsIMQSt2uE4OcpQqbFu7f7NbTK05lx80nuSijCz7sc3a277R67g,saya transfer ke bangk BCA.... trs tulisan nya gagal... tapi saldo saya terpotong..... ovo ke bangk BCA,1,0,3.150.0,2025-12-25 06:05:02+00:00,,,3.150.0,Dataset/dataset\OVO_googleplay_DECEMBER_reviews.csv,transfer
a16aa4b6-e052-4994-81bf-28642ef77b75,Pengguna Google,https://play-lh.googleusercontent.com/EGemoI2NTXmTsBVtJqk8jxF9rh8ApRWfsIMQSt2uE4OcpQqbFu7f7NbTK05lx80nuSijCz7sc3a277R67g,"cape banget sumpah, udh berkali kali sebenernya sering banget wktu login ke akun kan suru vertif wajah, udh benerr,, tp sekalinya kedeact malah suru ke cabang terdekat. woilahh ini udh malem, boro boro cabang buka,sedangkan butuh karna urgent banget huhu :(",2,0,3.2.0,2025-12-29 19:54:03+00:00,"Halo Sahabat @I'm Drag, mohon maaf atas ketidaknyamannya. Perihal kendala pada layanan Livin' by Mandiri, mohon untuk dapat mengirimkan email ke mandiricare@bankmandiri.co.id atau dapat menghubungi layanan mandiri 14000 agar dapat dilakukan pengecekan. Tks~Kale",2025-12-29 20:31:20,3.2.0,Dataset/dataset\LIVIN_googleplay_DECEMBER_reviews.csv,login
5937c6a3-9f12-4dc8-83ae-e3aa7d2da17e,Pengguna Google,https://play-lh.googleusercontent.com/EGemoI2NTXmTsBVtJqk8jxF9rh8ApRWfsIMQSt2uE4OcpQqbFu7f7NbTK05lx80nuSijCz7sc3a277R67g,"mending yg lain,ovo sangat jelek,pengguna baru aja mau tf harus pake admin,terus nerima uang juga kena admin tolol sampah.",5,0,,2025-10-12 12:57:13+00:00,,,,Dataset/dataset\OVO_googleplay_OCTOBER_reviews.csv,transfer
ef72500f-7c0d-4b40-9caf-48189f38e0d4,Pengguna Google,https://play-lh.googleusercontent.com/EGemoI2NTXmTsBVtJqk8jxF9rh8ApRWfsIMQSt2uE4OcpQqbFu7f7NbTK05lx80nuSijCz7sc3a277R67g,ngisi saldo di potong eh pas top up saldo grab kenak admin juga konsep nya gimna sih,3,0,,2025-10-27 06:37:51+00:00,,,,Dataset/dataset\OVO_googleplay_OCTOBER_reviews.csv,topup
e4226004-4afc-4be7-9b17-59bcd20febe8,Pengguna Google,https://play-lh.googleusercontent.com/EGemoI2NTXmTsBVtJqk8jxF9rh8ApRWfsIMQSt2uE4OcpQqbFu7f7NbTK05lx80nuSijCz7sc3a277R67g,Tingkat kan terus kalo bisa TF ke bank di kasih gratis tiap bulan kaya aplikasi tetangga oke.,5,0,,2025-11-29 11:34:15+00:00,,,,Dataset/dataset\OVO_googleplay_NOVEMBER_reviews.csv,transfer
fd9168b5-1899-42fe-8cd3-cd65cca4c084,Pengguna Google,https://play-lh.googleusercontent.com/EGemoI2NTXmTsBVtJqk8jxF9rh8ApRWfsIMQSt2uE4OcpQqbFu7f7NbTK05lx80nuSijCz7sc3a277R67g,HP ku mati terus login ke hp baru ga bisa tf gagal mulu padahal sudah 1 minggu nyesel nabung di Shopee payy saldo gw di tahan 5jt gabisa tf,1,1,1.41.06,2025-10-28 06:46:24+00:00,"Hi Kak. Mohon maaf atas kendala tidak bisa transfer dana ShopeePay. Kami siap membantu kakak,  terkait kendala tersebut mohon menghubungi kami melalui DM ke Instagram @ShopeePay_ID yang bercentang biru, dengan menginformasikan detail dan bukti kendala untuk bantuan lebih lanjut. Semoga kendala kakak segera terselesaikan ya. ^CS",2025-10-28 10:55:34,1.41.06,Dataset/dataset\SHOPEEPAY_googleplay_OCTOBER_reviews.csv,login
1133f987-442f-454e-938c-7886e9005e0f,Pengguna Google,https://play-lh.googleusercontent.com/EGemoI2NTXmTsBVtJqk8jxF9rh8ApRWfsIMQSt2uE4OcpQqbFu7f7NbTK05lx80nuSijCz7sc3a277R67g,"susah banget, mo tf aja ga bisa, atii² guys, jgn top up disini nanti duit nya ga bisa di tarik lagi",1,0,,2025-12-22 16:20:16+00:00,,,,Dataset/dataset\OVO_googleplay_DECEMBER_reviews.csv,topup
3308bba5-91ff-4517-abbe-573b2b8600af,Pengguna Google,https://play-lh.googleusercontent.com/EGemoI2NTXmTsBVtJqk8jxF9rh8ApRWfsIMQSt2uE4OcpQqbFu7f7NbTK05lx80nuSijCz7sc3a277R67g,"min gimana si ko aplikasinya tiap masuk mau login selalu kembali lagi,",2,0,3.1.0,2025-11-01 11:57:03+00:00,"Halo Sahabat @Sari Wijayanti, mohon maaf atas ketidaknyamannya. Perihal kendala pada layanan Livin' by Mandiri, mohon untuk dapat mengirimkan email ke mandiricare@bankmandiri.co.id atau dapat menghubungi layanan mandiri 14000 agar dapat dilakukan pengecekan. Tks~Kale",2025-11-01 11:59:48,3.1.0,Dataset/dataset\LIVIN_googleplay_NOVEMBER_reviews.csv,login
2f38354a-1ea8-40ab-9169-9112bc3db663,Pengguna Google,https://play-lh.googleusercontent.com/EGemoI2NTXmTsBVtJqk8jxF9rh8ApRWfsIMQSt2uE4OcpQqbFu7f7NbTK05lx80nuSijCz7sc3a277R67g,ovo rusak bro gue login udah nggak bisah,1,0,3.149.0,2025-12-10 15:55:55+00:00,,,3.149.0,Dataset/dataset\OVO_googleplay_DECEMBER_reviews.csv,login
02916b90-e35d-4aff-99db-70a7df051219,Pengguna Google,https://play-lh.googleusercontent.com/EGemoI2NTXmTsBVtJqk8jxF9rh8ApRWfsIMQSt2uE4OcpQqbFu7f7NbTK05lx80nuSijCz7sc3a277R67g,cara login aku gak tau,3,0,,2025-12-24 23:44:02+00:00,"Hi Kak Tia. Kami memahami kendala cara login akun. Untuk login aplikasi ShopeePay bisa menggunakan nomor telepon atau login dengan Shopee ya Kak kemudian bisa memasukkan password akun kakak. Untuk bantuan, mohon hubungi kami melalui DM ke Instagram @ShopeePay_ID. ^CS",2025-12-25 17:08:14,,Dataset/dataset\SHOPEEPAY_googleplay_DECEMBER_reviews.csv,login
25da967b-67e3-4474-8c95-ce99c4a06dfd,Pengguna Google,https://play-lh.googleusercontent.com/EGemoI2NTXmTsBVtJqk8jxF9rh8ApRWfsIMQSt2uE4OcpQqbFu7f7NbTK05lx80nuSijCz7sc3a277R67g,makin lama login nya. ampun dah! skr hampir smua pembayaran cashless uda antri di kasir login nya lola.,1,2,3.2.0,2025-11-22 13:41:21+00:00,"Hai Sahabat @anjar widyastuti, mohon maaf atas ketidaknyamanannya. Mohon mencoba kembali secara berkala dgn dipastikan sudah melakukan force close aplikasi dan jaringan yg digunakan stabil. Jika masih terdapat kendala mohon mengirimkan email ke mandiricare@bankmandiri.co.id atau menghubungi mandiri call 14000 utk dilakukan pengecekan. Tks~Divia",2025-11-22 14:00:11,3.2.0,Dataset/dataset\LIVIN_googleplay_NOVEMBER_reviews.csv,login
320052cd-fb0c-4fa7-9f00-e096eb32ecf9,Pengguna Google,https://play-lh.googleusercontent.com/EGemoI2NTXmTsBVtJqk8jxF9rh8ApRWfsIMQSt2uE4OcpQqbFu7f7NbTK05lx80nuSijCz7sc3a277R67g,"Gimana mau maju, perkara login saja susah. pembayaran mahal",1,1,3.149.0,2025-12-15 12:55:44+00:00,,,3.149.0,Dataset/dataset\OVO_googleplay_DECEMBER_reviews.csv,login
a55dd0fb-8895-4f43-91ea-185b989d26aa,Pengguna Google,https://play-lh.googleusercontent.com/EGemoI2NTXmTsBVtJqk8jxF9rh8ApRWfsIMQSt2uE4OcpQqbFu7f7NbTK05lx80nuSijCz7sc3a277R67g,Baru aja instal gak bisa daftar qpalagi login di aplikasi ini sangat mengecewakan,1,0,,2025-12-01 09:34:00+00:00,"Hi Kak zuhrotus, Mohon maaf atas kendala tidak bisa mendaftar dan login. Mohon menghubungi kami melalui DM ke Instagram @ShopeePay_ID yang bercentang biru, dengan melampirkan detail kendala dan tangkapan layar kendala tersebut. ^EN",2025-12-01 16:00:07,,Dataset/dataset\SHOPEEPAY_googleplay_DECEMBER_reviews.csv,login
a64381b7-2d58-4359-a1ba-c6c60c0586b7,Pengguna Google,https://play-lh.googleusercontent.com/EGemoI2NTXmTsBVtJqk8jxF9rh8ApRWfsIMQSt2uE4OcpQqbFu7f7NbTK05lx80nuSijCz7sc3a277R67g,"semingguan ga di top up, giliran udh topup gak bisa dipake gangguan terus. mana buat ngisi saldo grab lg top up nya, nyesel banget. benerin ya min klo udh bener lg saya edit bintang nya.",1,0,,2025-11-09 06:53:25+00:00,,,,Dataset/dataset\OVO_googleplay_NOVEMBER_reviews.csv,topup
084932a1-b5df-47a0-a34b-cf34a2c31c16,Pengguna Google,https://play-lh.googleusercontent.com/EGemoI2NTXmTsBVtJqk8jxF9rh8ApRWfsIMQSt2uE4OcpQqbFu7f7NbTK05lx80nuSijCz7sc3a277R67g,"ribet bgt tiap mau pake harus login ulang, udah login suruh ganti password, udah ganti password suruh ganti pin , ribet bgt cuma mo tf bentar doang padhaal",1,0,,2025-11-09 13:52:41+00:00,"Hai Sahabat @Farhan Fatoni, mohon maaf atas ketidaknyamanannya. Terkait kendala yang dialami mohon untuk mengirimkan email ke mandiricare@bankmandiri.co.id atau menghubungi layanan mandiri call 14000 agar dapat dilakukan pengecekan ya. Tks~Divia",2025-11-09 14:05:34,,Dataset/dataset\LIVIN_googleplay_NOVEMBER_reviews.csv,login
7012762d-5683-4ea5-aa4d-127e82ae10a0,Pengguna Google,https://play-lh.googleusercontent.com/EGemoI2NTXmTsBVtJqk8jxF9rh8ApRWfsIMQSt2uE4OcpQqbFu7f7NbTK05lx80nuSijCz7sc3a277R67g,Transfer gratis,5,0,,2025-10-01 13:04:44+00:00,,,,Dataset/dataset\GOPAY_googleplay_OCTOBER_reviews.csv,transfer
c971c1b8-fee8-45ba-8b7c-8c0329d7aedc,Pengguna Google,https://play-lh.googleusercontent.com/EGemoI2NTXmTsBVtJqk8jxF9rh8ApRWfsIMQSt2uE4OcpQqbFu7f7NbTK05lx80nuSijCz7sc3a277R67g,"top up 20 ribu, yang masuk 18 ribu, kenapa gak langsung di tagih aja adminnya saat di top up ? merugikan pengguna, mahal pulak biaya adminnya dibanding aplikasi lain",1,2,3.146.0,2025-11-09 11:54:05+00:00,,,3.146.0,Dataset/dataset\OVO_googleplay_NOVEMBER_reviews.csv,topup
b81ce1bb-f57c-4168-a232-478e12e3deb8,Pengguna Google,https://play-lh.googleusercontent.com/EGemoI2NTXmTsBVtJqk8jxF9rh8ApRWfsIMQSt2uE4OcpQqbFu7f7NbTK05lx80nuSijCz7sc3a277R67g,"Transfer ke bank DBS lama nunggu 2 hari, payah!!!",1,1,3.144.0,2025-10-02 16:23:33+00:00,,,3.144.0,Dataset/dataset\OVO_googleplay_OCTOBER_reviews.csv,transfer
e67b6264-4208-4367-be72-4d2b8f226703,Pengguna Google,https://play-lh.googleusercontent.com/EGemoI2NTXmTsBVtJqk8jxF9rh8ApRWfsIMQSt2uE4OcpQqbFu7f7NbTK05lx80nuSijCz7sc3a277R67g,"sudah 3 kali isi paket data, saldo ilang, paket data belum masuk masuk....bagaimana ini, adik saya juga tf ke ovo saya laporan sudah terkirim tetapi belum masuk ke ovo saya, tolong di jelaskan ada apa???",1,0,3.147.0,2025-11-15 22:08:23+00:00,"Hai Kak, maaf ya. Terkait dengan kendala yang Kakak alami, mohon menghubungi tim kami melalui chat bantuan di aplikasi, melalui email di cs@ovo.id atau call center kami di 1500-696 agar dapat kami bantu pengecekan. Terima Kasih. -Ovy",2023-10-30 15:52:57,3.147.0,Dataset/dataset\OVO_googleplay_NOVEMBER_reviews.csv,transfer
65aaa8bf-df4d-4a89-91f5-ba960076a80b,Pengguna Google,https://play-lh.googleusercontent.com/EGemoI2NTXmTsBVtJqk8jxF9rh8ApRWfsIMQSt2uE4OcpQqbFu7f7NbTK05lx80nuSijCz7sc3a277R67g,"kenapa jadi gagal login,sesi kamu habis",5,0,2.6.0,2025-12-02 19:08:29+00:00,"Hai, Kak Dena. Maaf atas ketidaknyamanannya. Untuk mengatasi kendala login yang Kakak alami, pastiin Kakak menggunakan aplikasi blu versi terbaru dan pastikan sinyal yang digunakan dalam keadaan stabil, kemudian Kakak bisa coba login kembali ya.",2025-12-02 19:42:43,2.6.0,Dataset/dataset\BLU_googleplay_DECEMBER_reviews.csv,login
55442e9f-c09c-40b5-a318-f1fdf4b3296d,Pengguna Google,https://play-lh.googleusercontent.com/EGemoI2NTXmTsBVtJqk8jxF9rh8ApRWfsIMQSt2uE4OcpQqbFu7f7NbTK05lx80nuSijCz7sc3a277R67g,"ok bagus terimakasih gopay atas layanan nya,tapi kalo proses transfer tolong aga di percepat jangan ada proses terlalu lama terimakasih 🙏",5,0,1.62.0,2025-11-10 18:41:26+00:00,,,1.62.0,Dataset/dataset\GOPAY_googleplay_NOVEMBER_reviews.csv,transfer
f2e15919-702d-4b34-8a94-4d0f90e8709f,Pengguna Google,https://play-lh.googleusercontent.com/EGemoI2NTXmTsBVtJqk8jxF9rh8ApRWfsIMQSt2uE4OcpQqbFu7f7NbTK05lx80nuSijCz7sc3a277R67g,tolol gw mau transfer ke seabank di proses nya lama amat tololl,1,0,1.60.0,2025-10-21 08:37:38+00:00,"Hai Kak Raymond, pastikan nomor tujuan benar dan sudah cek halaman Riwayat. Jika setelah 2x24 jam di hari kerja (diluar Sabtu, Minggu, atau Libur) saldo belum bertambah, silakan lapor ke menu Bantuan > ketik 'Transfer saldo ke bank atau e-wallet belum diterima' dan cantumkan kode psr-25-294-0221-59610 pada bagian 'Ceritakan lebih lanjut'. ^Miko",2025-10-21 09:22:18,1.60.0,Dataset/dataset\GOPAY_googleplay_OCTOBER_reviews.csv,transfer
c5ca8449-307f-4062-81ff-ef91e0c7de5b,Pengguna Google,https://play-lh.googleusercontent.com/EGemoI2NTXmTsBVtJqk8jxF9rh8ApRWfsIMQSt2uE4OcpQqbFu7f7NbTK05lx80nuSijCz7sc3a277R67g,najis login susah sinyal bagus malah ada peringatan kesalahan teknis terus di coba lagi malah suruh istirahat lagi,1,13,1.62.0,2025-11-11 19:49:40+00:00,"Hai Kak Nining, kami mohon maaf atas kondisi yang Kakak alami. Terkait hal ini, dapat kami sampaikan bahwa sebelumnya ada pemeliharaan sistem, namun saat ini sudah kembali normal. Silakan Kakak bisa relogin dan update aplikasi ke versi terbaru ya. Mohon maaf atas ketidaknyamanannya. Salam hangat. ^Miko",2025-11-12 08:37:12,1.62.0,Dataset/dataset\GOPAY_googleplay_NOVEMBER_reviews.csv,login
734d1fa7-72d8-4f72-ad56-90dd193af814,Pengguna Google,https://play-lh.googleusercontent.com/EGemoI2NTXmTsBVtJqk8jxF9rh8ApRWfsIMQSt2uE4OcpQqbFu7f7NbTK05lx80nuSijCz7sc3a277R67g,"Cara penggunaan yg ribet.. untuk harga.. Token listrik, paket data,pun mahal.. lebih murah di semuanya di gopay... aplikasi nya jg berat., transfer ke bank mahal admin nya..dan tidak bisa transfer ke ewalet lain... pokonya lengkap sangat kekurangan nya ..saran kalau mau pakai gopay atau dana aja ..lebih simpel ga ribet dan admin untuk transaksi Murmer.. harga pulsa internet,pulsa listrik dan yg lainnya murah sangat..",1,158,3.150.0,2025-12-31 09:08:21+00:00,"Hai Kak, maaf ya. Terkait dengan kendala yang Kakak alami, mohon menghubungi tim kami melalui chat bantuan di aplikasi, melalui email di cs@ovo.id atau call center kami di 1500-696 agar dapat kami bantu pengecekan. Terima Kasih. -Omar",8/12/2024 12:19,3.150.0,Dataset/dataset\OVO_googleplay_DECEMBER_reviews.csv,transfer
a828befb-957e-49aa-81a6-f73a93694975,Pengguna Google,https://play-lh.googleusercontent.com/EGemoI2NTXmTsBVtJqk8jxF9rh8ApRWfsIMQSt2uE4OcpQqbFu7f7NbTK05lx80nuSijCz7sc3a277R67g,Skrg top up ke dana kena admin 500 rupiah? biaya admin makin lama makin naik,4,0,3.2.0,2025-12-25 23:00:33+00:00,"Halo Sahabat @Firlia Nur Fadila, mohon maaf atas ketidaknyamannya. Perihal kendala pada layanan Livin' by Mandiri, mohon untuk dapat mengirimkan email ke mandiricare@bankmandiri.co.id atau dapat menghubungi layanan mandiri 14000 agar dapat dilakukan pengecekan. Tks~Ervan",2025-12-25 23:07:03,3.2.0,Dataset/dataset\LIVIN_googleplay_DECEMBER_reviews.csv,topup
6b07948b-b126-48e1-846a-5296e031d7c7,Pengguna Google,https://play-lh.googleusercontent.com/EGemoI2NTXmTsBVtJqk8jxF9rh8ApRWfsIMQSt2uE4OcpQqbFu7f7NbTK05lx80nuSijCz7sc3a277R67g,aplikasi apa ini! saya transfer malah di pending! malah di suruh nunggu 1x24 jam!,1,0,,2025-11-16 06:01:50+00:00,,,,Dataset/dataset\OVO_googleplay_NOVEMBER_reviews.csv,transfer
3aaa4e85-e9af-4105-a3a5-2ebcdf23ae40,Pengguna Google,https://play-lh.googleusercontent.com/EGemoI2NTXmTsBVtJqk8jxF9rh8ApRWfsIMQSt2uE4OcpQqbFu7f7NbTK05lx80nuSijCz7sc3a277R67g,biaya transfer gratis ke bank mana pun,5,0,1.59.0,2025-10-09 07:51:02+00:00,,,1.59.0,Dataset/dataset\GOPAY_googleplay_OCTOBER_reviews.csv,transfer
44f24de5-a292-4727-87dd-971d838477c7,Pengguna Google,https://play-lh.googleusercontent.com/EGemoI2NTXmTsBVtJqk8jxF9rh8ApRWfsIMQSt2uE4OcpQqbFu7f7NbTK05lx80nuSijCz7sc3a277R67g,saya coba apkasi gopay semogga bisa nabung dan buat transfer,5,0,1.60.0,2025-10-25 18:58:28+00:00,,,1.60.0,Dataset/dataset\GOPAY_googleplay_OCTOBER_reviews.csv,transfer
8f4bfa2a-ccac-4bfe-aea5-ec81f3d8ef15,Pengguna Google,https://play-lh.googleusercontent.com/EGemoI2NTXmTsBVtJqk8jxF9rh8ApRWfsIMQSt2uE4OcpQqbFu7f7NbTK05lx80nuSijCz7sc3a277R67g,dana terpotong.qris belum masuk ke merchant.merugikan orang...,1,0,3.22.1,2025-10-30 18:20:59+00:00,,,3.22.1,Dataset/dataset\OVO_googleplay_OCTOBER_reviews.csv,qris
93294070-a638-414f-831c-fa67d54032ff,Pengguna Google,https://play-lh.googleusercontent.com/EGemoI2NTXmTsBVtJqk8jxF9rh8ApRWfsIMQSt2uE4OcpQqbFu7f7NbTK05lx80nuSijCz7sc3a277R67g,"pliss udah trauma pake gopay, tf uang dri ewallet lain ke gopay ktnya admin nya 1000 doang, saldo kita malah ke potong 1000 lagi, saya sudah 3 kali mengalami masalah kehilangan uang akibat transaksi di gopay",1,0,1.61.2,2025-11-19 00:01:08+00:00,"Mohon maaf Kak Nanda, sebelumnya terjadi gangguan, sehingga saldo tidak terupdate setelah melakukan Top up, namun saat ini sudah kembali normal. Jika membutuhkan bantuan lainnya, dapat menghubungi kami di menu Bantuan aplikasi GoPay / email ke customerservice@gopay.co.id. Hati-hati terhadap penipuan yg mengatasnamakan GoPay. Terima kasih.^Melisa",2025-08-05 07:29:55,1.61.2,Dataset/dataset\GOPAY_googleplay_NOVEMBER_reviews.csv,transfer
2e63fd3c-b5fa-4326-80ff-81d7c84a0ccf,Pengguna Google,https://play-lh.googleusercontent.com/EGemoI2NTXmTsBVtJqk8jxF9rh8ApRWfsIMQSt2uE4OcpQqbFu7f7NbTK05lx80nuSijCz7sc3a277R67g,transfer isi saldo dana aja skrg sudah pakai admin dari app livin hehe,1,0,,2025-12-14 00:03:23+00:00,"Hai Sahabat @Muhammad Khunaefi, dapat kami informasikan untuk saat ini terkait biaya transaksi pada fitur Top Up dan Bayar/VA melalui Livin' by Mandiri maka terhitung pada tanggal 1 November 2025 terdapat perubahan nominal biaya transaksi ya. Tks~Charles",2025-12-14 00:05:05,,Dataset/dataset\LIVIN_googleplay_DECEMBER_reviews.csv,transfer
08ccea2b-2b69-45d6-b56e-d8dff5c34503,Pengguna Google,https://play-lh.googleusercontent.com/EGemoI2NTXmTsBVtJqk8jxF9rh8ApRWfsIMQSt2uE4OcpQqbFu7f7NbTK05lx80nuSijCz7sc3a277R67g,"siapin pitur mode siluman untuk transfer, pendaftaran tanpa nomor dan mode pemulihan akun verifikasi wajah eKTP",1,0,,2025-10-28 06:10:58+00:00,,,,Dataset/dataset\GOPAY_googleplay_OCTOBER_reviews.csv,transfer
23ac4106-311f-41e8-8aa9-c133fe7da379,Pengguna Google,https://play-lh.googleusercontent.com/EGemoI2NTXmTsBVtJqk8jxF9rh8ApRWfsIMQSt2uE4OcpQqbFu7f7NbTK05lx80nuSijCz7sc3a277R67g,"tempat penyimpanan uang ,transfer ,dengan aman tanpa potongan admin",5,0,3.147.0,2025-11-20 21:07:24+00:00,,,3.147.0,Dataset/dataset\OVO_googleplay_NOVEMBER_reviews.csv,transfer
26234aef-5cee-4f93-8212-22357eccb674,Pengguna Google,https://play-lh.googleusercontent.com/EGemoI2NTXmTsBVtJqk8jxF9rh8ApRWfsIMQSt2uE4OcpQqbFu7f7NbTK05lx80nuSijCz7sc3a277R67g,livin tidak bisa login,3,0,3.2.0,2025-11-14 13:01:12+00:00,"Hai Sahabat @Indra Hidayanto, mohon maaf atas ketidaknyamanannya. Apabila terdapat kendala agar dapat kami tindaklanjuti, Sahabat dapat mengirimkan email ke mandiricare@bankmandiri.co.id atau menghubungi layanan mandiri call 14000 ya. Tks~Kila",2025-11-14 13:04:59,3.2.0,Dataset/dataset\LIVIN_googleplay_NOVEMBER_reviews.csv,login
563799c1-9980-4f1b-94ff-0dcb186d9ff4,Pengguna Google,https://play-lh.googleusercontent.com/EGemoI2NTXmTsBVtJqk8jxF9rh8ApRWfsIMQSt2uE4OcpQqbFu7f7NbTK05lx80nuSijCz7sc3a277R67g,parah gak bisa transfer ke bank lain. Selalu gagal terus. percuma ada saldo gak bisa dikirim ke orang lain.,1,0,1.44.04,2025-12-14 16:41:33+00:00,"Hi Kak Mrs Celline, Mohon maaf atas kendala gagal melakukan transfer. Pastikan telah menggunakan aplikasi ShopeePay terbaru & lakukan clear cache. Jika masih berkendala mohon menghubungi kami melalui DM Instagram di @ShopeePay_ID untuk bantuan lebih lanjut dgn melampirkan foto/screenshot notifikasi kendala. Semoga kendala segera terselesaikan ^CS",2025-12-15 14:14:21,1.44.04,Dataset/dataset\SHOPEEPAY_googleplay_DECEMBER_reviews.csv,transfer
db0e5050-75ec-48f3-8d44-38a74fd2723f,Pengguna Google,https://play-lh.googleusercontent.com/EGemoI2NTXmTsBVtJqk8jxF9rh8ApRWfsIMQSt2uE4OcpQqbFu7f7NbTK05lx80nuSijCz7sc3a277R67g,"ini apknya ad mslh apa sih sama saya, udh mau di update ke tingkat plus, tapi ad aja kendalanya. Alasannya bermacam"". Sudah di ulang brp kalipun tetap ga bisa di update plus, jd ga bisa tf ke e-wallet dll, bisanya mentok ke pulsa, token, dan data seluler. saya cum aad 1 akun gopay ga ad yg lebih, bisa""nya di persulit update gopay plus. jadi susah kan klo dh begini. Tolong ya pihak gopay, diperbaiki dalam update nya.",2,41,1.60.0,2025-10-13 08:03:04+00:00,"Hai Kak @ynalesvrna ynt, mohon maaf atas ketidaknyamanannya. Jika masih mengalami keluhan, silakan laporkan melalui email ke customerservice@gopay.co.id dengan melampirkan kode psr-25-286-0324-47944 pada subject email dan cantumkan nomor laporan sebelumnya serta ceritakan kembali detail permasalahannya. Kami tunggu detail laporan kamu ya. ^Miko",2025-10-13 10:25:05,1.60.0,Dataset/dataset\GOPAY_googleplay_OCTOBER_reviews.csv,transfer
75807a34-d20f-481a-85df-898f606ed97e,Pengguna Google,https://play-lh.googleusercontent.com/EGemoI2NTXmTsBVtJqk8jxF9rh8ApRWfsIMQSt2uE4OcpQqbFu7f7NbTK05lx80nuSijCz7sc3a277R67g,tf an sering tidak masuk ke bank laen,1,0,3.147.0,2025-11-23 15:11:49+00:00,,,3.147.0,Dataset/dataset\OVO_googleplay_NOVEMBER_reviews.csv,transfer
a1668fd8-be57-4fd7-9b5c-ea0a611a2e5f,Pengguna Google,https://play-lh.googleusercontent.com/EGemoI2NTXmTsBVtJqk8jxF9rh8ApRWfsIMQSt2uE4OcpQqbFu7f7NbTK05lx80nuSijCz7sc3a277R67g,mohon untuk aplikasi ovo dibenarkan kenapa setiap transfer harus vertifikasi & tidak bisa di pakai nomor yg sudah terdaftar,1,0,,2025-12-18 13:12:17+00:00,,,,Dataset/dataset\OVO_googleplay_DECEMBER_reviews.csv,transfer
37d863f8-d7bd-4262-8cd6-38e03d52bfa2,Pengguna Google,https://play-lh.googleusercontent.com/EGemoI2NTXmTsBVtJqk8jxF9rh8ApRWfsIMQSt2uE4OcpQqbFu7f7NbTK05lx80nuSijCz7sc3a277R67g,"udah topup saldo, saldonya kaga masuk2 nomor sama nama udah bener padahal",1,2,1.42.03,2025-11-16 10:06:46+00:00,"Hi Kak Fikri. Mohon maaf atas kendala Top Up ShopeePay yang belum diterima. Jika hingga saat ini Top Up masih belum diterima mohon menghubungi kami melalui DM ke Instagram @ShopeePay_ID yang bercentang biru, dengan melampirkan bukti bayar Top Up tersebut untuk bantuan lebih lanjut. Semoga kendala kakak segera terselesaikan ya. ^CS",2025-11-17 13:49:27,1.42.03,Dataset/dataset\SHOPEEPAY_googleplay_NOVEMBER_reviews.csv,topup
d9231c41-04b5-4c29-91d6-4df143011720,Pengguna Google,https://play-lh.googleusercontent.com/EGemoI2NTXmTsBVtJqk8jxF9rh8ApRWfsIMQSt2uE4OcpQqbFu7f7NbTK05lx80nuSijCz7sc3a277R67g,"nomer di stockbit sudah ganti, tapi kok giliran mau login ke jago kok masih pakai nomer lama sih, gimananih jago. nomer lama sudah tidak aktif.",1,4,8.79.0,2025-12-20 18:42:45+00:00,"Halo, Jagoan. Mohon maaf atas kendala yang terjadi ya. Kamu tidak perlu khawatir, kamu bisa menjelaskan detail kendala tersebut melalui email di tanya@jago.com atau call center 1500 746 untuk kami bantu tangani lebih lanjut. Terima kasih :)",2025-12-20 19:02:19,8.79.0,Dataset/dataset\JAGO_googleplay_DECEMBER_reviews.csv,login
9d261acd-78f6-49e2-8365-23b8b51562bd,Pengguna Google,https://play-lh.googleusercontent.com/EGemoI2NTXmTsBVtJqk8jxF9rh8ApRWfsIMQSt2uE4OcpQqbFu7f7NbTK05lx80nuSijCz7sc3a277R67g,"serba Gercep , murah adminnya kalo top up, gratis Transfer ke bank lain",5,0,,2025-10-28 20:10:22+00:00,,,,Dataset/dataset\GOPAY_googleplay_OCTOBER_reviews.csv,topup
7fb287f3-d187-4b42-a116-d931026c91c5,Pengguna Google,https://play-lh.googleusercontent.com/EGemoI2NTXmTsBVtJqk8jxF9rh8ApRWfsIMQSt2uE4OcpQqbFu7f7NbTK05lx80nuSijCz7sc3a277R67g,"saya login aplikasi gopay setelah memasukan nomor hp dan tombol menu angka PIN loading atau tidak muncul,tolong solusinya",2,1,1.62.0,2025-11-02 20:12:08+00:00,"Mohon maaf, Kak Andy, jika tidak bisa masuk ke akun GoPay, pastikan sinyal untuk menerima SMS OTP dan jaringan internet bagus, lalu coba lagi dalam beberapa waktu. Jika masih tidak bisa, silakan laporkan detailnya melalui email ke customerservice@gopay.co.id dengan mencantumkan kode psr-25-014-1516-51613 pada subjek email. ^Miko",2025-01-14 22:17:55,1.62.0,Dataset/dataset\GOPAY_googleplay_NOVEMBER_reviews.csv,login
28d4d82b-ea45-4b90-af21-ab6d217fa830,Pengguna Google,https://play-lh.googleusercontent.com/EGemoI2NTXmTsBVtJqk8jxF9rh8ApRWfsIMQSt2uE4OcpQqbFu7f7NbTK05lx80nuSijCz7sc3a277R67g,buruk gopey mau transfer dana k e-walet aj ribet segala harus daftar coba d permudah. sdah perifikasi berkali² gk berhasil upgred k premium gopey. asli parah gopay,2,0,,2025-10-13 17:30:37+00:00,"Hai Kak Adi, mohon maaf atas ketidaknyamanannya. Sebelum kamu mencoba upgrade ke GoPay Plus, pastikan dokumen serta foto selfie yang kamu kirim sudah sesuai dengan ketentuan GoPay. Jika masih tidak bisa, silakan laporkan detailnya melalui email ke customerservice@gopay.co.id dan lampirkan kode psr-25-286-1156-33219 pada subject email ya. ^Melisa",2025-10-13 18:56:42,,Dataset/dataset\GOPAY_googleplay_OCTOBER_reviews.csv,transfer
1718f5f6-8ad6-44c0-9c84-74941d58dd3d,Pengguna Google,https://play-lh.googleusercontent.com/EGemoI2NTXmTsBVtJqk8jxF9rh8ApRWfsIMQSt2uE4OcpQqbFu7f7NbTK05lx80nuSijCz7sc3a277R67g,nyesel gua nabung di Gopay diisi banyak niat hati bayar motor lwt qris malah terdeteksi transaksi nggak wajar mending gk usah diisi aja,1,1,1.62.0,2025-11-12 12:39:16+00:00,"Hai Kak @Bunggel, mohon maaf atas ketidaknyamanannya. Terkait hal tersebut, silakan laporkan melalui email ke customerservice@gopay.co.id dengan melampirkan kode psr-25-316-0726-57112 pada subject email dan ceritakan kembali detail permasalahannya agar tim kami bisa bantu cek lebih lanjut ya. ^Melisa",2025-11-12 14:27:03,1.62.0,Dataset/dataset\GOPAY_googleplay_NOVEMBER_reviews.csv,qris
f97724b1-2099-44d2-b8bf-d297ef213b8f,Pengguna Google,https://play-lh.googleusercontent.com/EGemoI2NTXmTsBVtJqk8jxF9rh8ApRWfsIMQSt2uE4OcpQqbFu7f7NbTK05lx80nuSijCz7sc3a277R67g,kok gk bisa login lgi yaa? kenapa ini.,4,0,,2025-11-04 13:23:46+00:00,"Hi Sahabat @Elsa Krisna, mohon maaf atas ketidaknyamanannya. Perihal tsb kami sarankan Sahabat melakukan force close kemudian restart device, pastikan jaringan stabil dan tidak menggunakan WiFi. Apabila masih terkendala dapat mengirimkan email ke mandiricare@bankmandiri.co.id atau menghubungi mandiri call 14000. Tks~Celvin",2025-11-04 13:26:50,,Dataset/dataset\LIVIN_googleplay_NOVEMBER_reviews.csv,login
625f2ae3-7692-40bd-8779-0b3de3b03fec,Pengguna Google,https://play-lh.googleusercontent.com/EGemoI2NTXmTsBVtJqk8jxF9rh8ApRWfsIMQSt2uE4OcpQqbFu7f7NbTK05lx80nuSijCz7sc3a277R67g,aplikasi tergoblok masa ia mau kirim lewat qris gbisa berturut turut harus ada jeda udah lemot pula,1,0,3.149.0,2025-12-15 10:39:26+00:00,,,3.149.0,Dataset/dataset\OVO_googleplay_DECEMBER_reviews.csv,qris
011450c3-66a5-4049-8e77-f5f9bd3fd65c,Pengguna Google,https://play-lh.googleusercontent.com/EGemoI2NTXmTsBVtJqk8jxF9rh8ApRWfsIMQSt2uE4OcpQqbFu7f7NbTK05lx80nuSijCz7sc3a277R67g,Alhamdulillah terbantu urusan setor tunai n transfer.,5,0,1.59.0,2025-10-13 20:37:29+00:00,,,1.59.0,Dataset/dataset\GOPAY_googleplay_OCTOBER_reviews.csv,transfer
a9ab1c5e-02c1-4b88-b8fb-119142d91a76,Pengguna Google,https://play-lh.googleusercontent.com/EGemoI2NTXmTsBVtJqk8jxF9rh8ApRWfsIMQSt2uE4OcpQqbFu7f7NbTK05lx80nuSijCz7sc3a277R67g,"sangat tidak puas,saya topup wdp mlbb di gopay tidak masuk",1,0,1.59.0,2025-10-10 15:41:13+00:00,"Hai Kak Sony, kami mohon maaf atas kondisi yang Kakak alami. Terkait hal ini, dapat kami sampaikan bahwa ada pemeliharaan sistem yang mempengaruhi transaksi Kakak & saat ini sudah kembali normal. Berkenan untuk melakukan pengecekan kembali di akun tujuan secara berkala ya Kak. Mohon maaf atas ketidaknyamanannya. Salam hangat. ^Miko",2025-10-10 21:19:27,1.59.0,Dataset/dataset\GOPAY_googleplay_OCTOBER_reviews.csv,topup
946c1cc2-2dff-4e32-8522-e348084c5547,Pengguna Google,https://play-lh.googleusercontent.com/EGemoI2NTXmTsBVtJqk8jxF9rh8ApRWfsIMQSt2uE4OcpQqbFu7f7NbTK05lx80nuSijCz7sc3a277R67g,top up game murah isi paket data murah yuk cobain go-pay,5,0,1.60.0,2025-11-06 17:46:03+00:00,,,1.60.0,Dataset/dataset\GOPAY_googleplay_NOVEMBER_reviews.csv,topup
30192e83-40fe-4128-af15-1cc3aa20e9c9,Pengguna Google,https://play-lh.googleusercontent.com/EGemoI2NTXmTsBVtJqk8jxF9rh8ApRWfsIMQSt2uE4OcpQqbFu7f7NbTK05lx80nuSijCz7sc3a277R67g,"gopay aplikasi banyak kendala..transaksi pulsa,data,token susah banget . ada terus pembayaran di tolak . mau TF juga susah banget ,",1,0,,2025-10-12 11:27:07+00:00,"Mohon maaf, Kak Alkhaira. Agar bisa menggunakan GoPay, pastikan saldo cukup, masukkan PIN GoPay yang benar, dan gunakan aplikasi terbaru. Jika masih bermasalah, laporkan melalui menu Bantuan > ketik ""Saya tidak dapat menggunakan GoPay"" > isi formulir dan cantumkan kode psr-25-285-0718-20602 di bagian ceritakan lebih lanjut. ^Melisa",2025-10-12 14:18:27,,Dataset/dataset\GOPAY_googleplay_OCTOBER_reviews.csv,transfer
42d220d7-79a1-4366-8e7c-a1b00b4e3844,Pengguna Google,https://play-lh.googleusercontent.com/EGemoI2NTXmTsBVtJqk8jxF9rh8ApRWfsIMQSt2uE4OcpQqbFu7f7NbTK05lx80nuSijCz7sc3a277R67g,parah.. ada yang tf di rek orang sudah sukses+kepotong di ovo saya gaada notip saldopun kosong wkwkw sangat kocak pencuri saldo berkedok apk cs nya juga gaada respon satupun apk perampok,1,0,3.144.0,2025-10-07 13:03:00+00:00,,,3.144.0,Dataset/dataset\OVO_googleplay_OCTOBER_reviews.csv,transfer
7d5b2a14-821b-4744-bd7c-33bd58cadab7,Pengguna Google,https://play-lh.googleusercontent.com/EGemoI2NTXmTsBVtJqk8jxF9rh8ApRWfsIMQSt2uE4OcpQqbFu7f7NbTK05lx80nuSijCz7sc3a277R67g,"Bagaimana ini kenapa tidak bisa transfer isi pulsa bagaimana ini ovo,memang gila ovo bisa merugikan orang GK jelas",5,0,,2025-11-07 19:10:15+00:00,,,,Dataset/dataset\OVO_googleplay_NOVEMBER_reviews.csv,transfer
aaabdc93-bec1-4f0c-a9c0-d788bcde018c,Pengguna Google,https://play-lh.googleusercontent.com/EGemoI2NTXmTsBVtJqk8jxF9rh8ApRWfsIMQSt2uE4OcpQqbFu7f7NbTK05lx80nuSijCz7sc3a277R67g,"dasar aplikasi busuk, mau login aja sulit, aplikasi sampah kau",1,0,1.45.09,2025-12-22 11:03:52+00:00,Hi Kak Adam. Kami memahami kendala tidak bisa login. Silakan mengisi formulir kendala login pada link berikut https://help.shopee.co.id/portal/webform/c31731974d32419d9cb383a199424e0c. Pastikan kakak tidak dalam keadaan login pada akun manapun saat mengisi formulir tersebut. ^EN,2025-12-22 18:07:57,1.45.09,Dataset/dataset\SHOPEEPAY_googleplay_DECEMBER_reviews.csv,login
ace14fe1-0614-4f39-96b4-6f138f8f9731,Pengguna Google,https://play-lh.googleusercontent.com/EGemoI2NTXmTsBVtJqk8jxF9rh8ApRWfsIMQSt2uE4OcpQqbFu7f7NbTK05lx80nuSijCz7sc3a277R67g,"apk burik dari mau top up aja gabisa dari kemaren Mala ada ""aktifitas ga wajar"" padahal ga ngapa² in Mala gabisa top up",1,0,,2025-11-07 05:38:47+00:00,"Hai Kak Hamzah, mohon maaf atas ketidaknyamanannya. Terkait hal tersebut, silakan laporkan melalui email ke customerservice@gopay.co.id dengan melampirkan kode psr-25-311-0719-43423 pada subject email dan ceritakan kembali detail permasalahannya agar tim kami bisa bantu cek lebih lanjut ya. ^Melisa",2025-11-07 14:19:51,,Dataset/dataset\GOPAY_googleplay_NOVEMBER_reviews.csv,topup
a7934043-ff8d-45a1-b9f5-a055236674c5,Pengguna Google,https://play-lh.googleusercontent.com/EGemoI2NTXmTsBVtJqk8jxF9rh8ApRWfsIMQSt2uE4OcpQqbFu7f7NbTK05lx80nuSijCz7sc3a277R67g,verifikasi muka aja gabisa bisa kntll,1,0,3.2.0,2025-11-19 18:19:02+00:00,"Hi Sahabat @DEVA AR, mohon maaf atas ketidaknyamanannya. Untuk perihal keluhan yang dialami, mohon untuk dapat mengirimkan email ke mandiricare@bankmandiri.co.id atau dapat menghubungi layanan mandiri 14000 agar dapat dilakukan pengecekan. Tks~Amar
",2025-11-19 18:25:57,3.2.0,Dataset/dataset\LIVIN_googleplay_NOVEMBER_reviews.csv,vermuk
cbce800e-88fe-4813-8e14-2cf86dfe5fae,Pengguna Google,https://play-lh.googleusercontent.com/EGemoI2NTXmTsBVtJqk8jxF9rh8ApRWfsIMQSt2uE4OcpQqbFu7f7NbTK05lx80nuSijCz7sc3a277R67g,sistem nya buruk sekali tidak bisa login sudah lapor tetap saya tidak bisa katanya sudah di banti follow up tapi sampai 1 bulan tetap tidak bisa ini namanya pencurian uang dengan cara menipu jangan download bank jago buruk sekali sistem nya setiap lapor jawaban nya kaya bot,1,0,,2025-10-31 07:09:01+00:00,"Halo, Jagoan. Mohon maaf atas kendala yang terjadi ya. Kamu tidak perlu khawatir, kamu bisa menjelaskan detail kendala tersebut melalui email di tanya@jago.com atau call center 1500 746 untuk kami bantu tangani lebih lanjut. Terima kasih :)",2025-10-31 07:32:02,,Dataset/dataset\JAGO_googleplay_OCTOBER_reviews.csv,login
c4131ddd-4d91-4f2b-b369-64dbf9aae43c,Pengguna Google,https://play-lh.googleusercontent.com/EGemoI2NTXmTsBVtJqk8jxF9rh8ApRWfsIMQSt2uE4OcpQqbFu7f7NbTK05lx80nuSijCz7sc3a277R67g,top up lewat mandiri 100rb tapi yg nyampai saldo 12rb. salah apa tuh min,2,0,1.64.1,2025-11-28 13:08:32+00:00,"Hai Kak @TUKANG _KRITIK, mohon maaf atas ketidaknyamanannya. Terkait keluhan tersebut, silakan laporkan melalui email ke customerservice@gopay.co.id dengan melampirkan kode psr-25-332-0651-43586 pada subject email. Kami tunggu detail laporan kamu ya. ^Maura",2025-11-28 13:51:49,1.64.1,Dataset/dataset\GOPAY_googleplay_NOVEMBER_reviews.csv,topup
0d02e4f0-918e-4817-889a-1813688fc09c,Pengguna Google,https://play-lh.googleusercontent.com/EGemoI2NTXmTsBVtJqk8jxF9rh8ApRWfsIMQSt2uE4OcpQqbFu7f7NbTK05lx80nuSijCz7sc3a277R67g,hari ini knpa nga bisa login Livin ya apa lagi perbaikan sistem atau gimna,3,0,3.1.0,2025-11-10 19:52:02+00:00,"Hi Sahabat @Isbayu Ramadhan, mhn maaf atas ketidaknyamanannya. Kami sarankan force close kemudian restart device/HP, jaringan dlm keadaan stabil & dipastikan tidak menggunakan WiFi. Apabila masih terkendala dpt mengirimkan email ke mandiricare@bankmandiri.co.id atau menghubungi mandiri call 14000 agar dilakukan pengecekan. Tks~Mandala",2025-11-10 20:01:15,3.1.0,Dataset/dataset\LIVIN_googleplay_NOVEMBER_reviews.csv,login
4d34a58f-c203-4937-82c4-96dd4de94cf3,Pengguna Google,https://play-lh.googleusercontent.com/EGemoI2NTXmTsBVtJqk8jxF9rh8ApRWfsIMQSt2uE4OcpQqbFu7f7NbTK05lx80nuSijCz7sc3a277R67g,"apa apaan gw top up game gk bisa malah ada tulisan ""maaf ada aksi yg tidak pantas mohon tunggu sebentar ya"" dri kemarin sampe sekarang masih gk bisa",1,0,,2025-11-07 20:31:29+00:00,"Mohon maaf, Kak @Ku Cekek. Agar bisa menggunakan GoPay, pastikan saldo cukup, masukkan PIN GoPay yang benar, dan gunakan aplikasi terbaru. Jika masih bermasalah, laporkan melalui menu Bantuan > ketik ""Saya tidak dapat menggunakan GoPay"" > isi formulir dan cantumkan kode psr-25-311-1535-58035 di bagian ""Ceritakan lebih lanjut"". ^Miko",2025-11-07 22:36:14,,Dataset/dataset\GOPAY_googleplay_NOVEMBER_reviews.csv,topup
f9c30b6d-e94f-41ab-9a09-f5cce9019777,Pengguna Google,https://play-lh.googleusercontent.com/EGemoI2NTXmTsBVtJqk8jxF9rh8ApRWfsIMQSt2uE4OcpQqbFu7f7NbTK05lx80nuSijCz7sc3a277R67g,transaksi dari bank lain ke ovo tiba tiba di potong dari ovo dan ini sering setiap melakukan top up.,1,0,3.144.0,2025-10-02 06:44:15+00:00,,,3.144.0,Dataset/dataset\OVO_googleplay_OCTOBER_reviews.csv,topup
9273ebc9-0b85-4e0e-b05f-f67bd6985a63,Pengguna Google,https://play-lh.googleusercontent.com/EGemoI2NTXmTsBVtJqk8jxF9rh8ApRWfsIMQSt2uE4OcpQqbFu7f7NbTK05lx80nuSijCz7sc3a277R67g,login dibuat rese,1,0,,2025-12-30 10:38:20+00:00,"Halo, Jagoan! Mohon maaf atas ketidaknyamanannya ya. Untuk kendala yang kamu alami, bisakah diinformasikan secara detail ke Tanya Jago di nomor 1500746 /+62 21 3000 0746 atau email ke tanya@jago.com? Kami dengan senang hati akan membantu kamu. :)",2025-12-30 11:09:14,,Dataset/dataset\JAGO_googleplay_DECEMBER_reviews.csv,login
e9b85dc8-34e2-4ae3-8bae-bbc86472cd7c,Pengguna Google,https://play-lh.googleusercontent.com/EGemoI2NTXmTsBVtJqk8jxF9rh8ApRWfsIMQSt2uE4OcpQqbFu7f7NbTK05lx80nuSijCz7sc3a277R67g,"misi pengumpulan koin shopeenya kok tidak sesuai dengan yg tertera ya cth: misi tf ke sesama spay tp tidak dpt koin yg sesuai,sama misi top up game tp gk dpt apa²",4,3,1.42.03,2025-11-01 18:38:16+00:00,"Hi Kak Noel. Mohon maaf atas kendala sudah menyelesaikan misi ShopeePay namun tidak menerima bonus. Terkait kendala tersebut mohon menghubungi kami melalui DM ke Instagram @ShopeePay_ID yang bercentang biru, dengan menginformasikan detail dan bukti kendala untuk bantuan lebih lanjut. Semoga kendala kakak segera terselesaikan ya. ^CS",2025-11-03 15:19:14,1.42.03,Dataset/dataset\SHOPEEPAY_googleplay_NOVEMBER_reviews.csv,topup
bba0cc67-c00d-4c47-86ed-fdf7265b3712,Pengguna Google,https://play-lh.googleusercontent.com/EGemoI2NTXmTsBVtJqk8jxF9rh8ApRWfsIMQSt2uE4OcpQqbFu7f7NbTK05lx80nuSijCz7sc3a277R67g,"overall bagus bgt si apknya membantu kita"" yg gapunya rekening tapi tolong dong klo kita TF ke rek lain nama kita disensor atau disensor bbrp kata aja",5,0,1.42.03,2025-11-16 23:28:53+00:00,"Hi Kak. Terima kasih telah menggunakan ShopeePay. Mari cek aplikasi ShopeePay karena banyak fitur yang mempermudah keseharian kakak seperti pembelian pulsa, paket data, pembayaran tagihan listrik dan pembayaran lainnya. Jika kakak memiliki pertanyaan seputar ShopeePay, mohon DM kami di Instagram @ShopeePay_ID ya. Semoga harimu menyenangkan ^RJ",2025-11-17 09:54:04,1.42.03,Dataset/dataset\SHOPEEPAY_googleplay_NOVEMBER_reviews.csv,transfer
075dc613-0778-41f2-9a50-7a83372e492e,Pengguna Google,https://play-lh.googleusercontent.com/EGemoI2NTXmTsBVtJqk8jxF9rh8ApRWfsIMQSt2uE4OcpQqbFu7f7NbTK05lx80nuSijCz7sc3a277R67g,"tf gratis tanpa biaya, saldo 0 pun rek tdk mati",5,0,8.79.0,2025-12-22 03:39:53+00:00,,,8.79.0,Dataset/dataset\JAGO_googleplay_DECEMBER_reviews.csv,transfer
e5aee5e9-a854-49d9-80a0-a71ea2534a0d,Pengguna Google,https://play-lh.googleusercontent.com/EGemoI2NTXmTsBVtJqk8jxF9rh8ApRWfsIMQSt2uE4OcpQqbFu7f7NbTK05lx80nuSijCz7sc3a277R67g,"Mantappppp....jd mudah sgla urusan pembayaran atw Transfer nya,smoga yg sdh bagus jd lebih bagus lag,beli pulsa jd gampang murah lagi ....SUKSES trusss",5,1,1.61.2,2025-10-30 20:58:11+00:00,,,1.61.2,Dataset/dataset\GOPAY_googleplay_OCTOBER_reviews.csv,transfer
1da1192c-4009-4702-9711-ca1d5c36c4d6,Pengguna Google,https://play-lh.googleusercontent.com/EGemoI2NTXmTsBVtJqk8jxF9rh8ApRWfsIMQSt2uE4OcpQqbFu7f7NbTK05lx80nuSijCz7sc3a277R67g,buat bayar pake Qris sering GK bisa,1,1,,2025-12-02 19:59:39+00:00,"Halo Sahabat @Eko Wahyudi, mohon maaf atas ketidaknyamanannya. Kami mohon kesediaan Sahabat melakukan force close pada aplikasi terlebih dahulu, pastikan jaringan data yg digunakan stabil (tidak menggunakan jaringan Wifi) dan kami persilakan Sahabat utk mencoba kembali secara berkala. Tks~Raka",2025-12-02 20:02:16,,Dataset/dataset\LIVIN_googleplay_DECEMBER_reviews.csv,qris
4179144a-d546-44d1-b82a-899ab9926afc,Pengguna Google,https://play-lh.googleusercontent.com/EGemoI2NTXmTsBVtJqk8jxF9rh8ApRWfsIMQSt2uE4OcpQqbFu7f7NbTK05lx80nuSijCz7sc3a277R67g,"akun saya tiba tiba keluar sendiri, respon jago juga tidak membantu sama sekali, berkali kali verifikasi wajah juga ga bisa masuk",1,0,,2025-10-01 11:16:16+00:00,"Halo, Jagoan! Mohon maaf apabila terdapat fitur atau layanan Jago yang belum sesuai harapan kamu. Kamu bisa menghubungi Tanya Jago di nomor 1500746 / 021-30000746 atau e-mail ke tanya@jago.com untuk kami bantu cek kendalanya lebih lanjut ya. Agent kami dengan senang hati membantu kamu.",2025-10-01 12:24:28,,Dataset/dataset\JAGO_googleplay_OCTOBER_reviews.csv,vermuk
034c5e40-ca07-4ed0-9d0b-09c9bb372225,Pengguna Google,https://play-lh.googleusercontent.com/EGemoI2NTXmTsBVtJqk8jxF9rh8ApRWfsIMQSt2uE4OcpQqbFu7f7NbTK05lx80nuSijCz7sc3a277R67g,sangat buruk top up pajak potongan nya 2000 di apk ewalet sebelah ada gratis 10x dan paling besar 500 perak,2,0,3.141.0,2025-12-09 08:31:38+00:00,,,3.141.0,Dataset/dataset\OVO_googleplay_DECEMBER_reviews.csv,topup
63bc901c-e637-421d-8739-30f32f56da12,Pengguna Google,https://play-lh.googleusercontent.com/EGemoI2NTXmTsBVtJqk8jxF9rh8ApRWfsIMQSt2uE4OcpQqbFu7f7NbTK05lx80nuSijCz7sc3a277R67g,Topup swap belum masuk .sudah beberapa kali hubungi cs ovo .keterangan berhasil tapi swap gagal .saldo saya terpotong tdk kembali. merugikan pengguna .cs slow respon .tidak berguna,1,0,3.150.0,2025-12-28 08:05:55+00:00,,,3.150.0,Dataset/dataset\OVO_googleplay_DECEMBER_reviews.csv,topup
122be588-be0c-4d81-83bf-d23b1c598762,Pengguna Google,https://play-lh.googleusercontent.com/EGemoI2NTXmTsBVtJqk8jxF9rh8ApRWfsIMQSt2uE4OcpQqbFu7f7NbTK05lx80nuSijCz7sc3a277R67g,ini gimana kok sering error....gua ga bisa topup buat saldo grab. mana error.nya lama banget. ga jelas ni aplikasi ganggu kerjaan orang sumpah,1,2,3.147.0,2025-11-09 07:55:12+00:00,,,3.147.0,Dataset/dataset\OVO_googleplay_NOVEMBER_reviews.csv,topup
920f4a19-842b-46bb-8b58-6c8161d96c51,Pengguna Google,https://play-lh.googleusercontent.com/EGemoI2NTXmTsBVtJqk8jxF9rh8ApRWfsIMQSt2uE4OcpQqbFu7f7NbTK05lx80nuSijCz7sc3a277R67g,tambahkan opsi tf ke aplikasi dana baru gw kasih bintang 5 kalo GK bintang 1,1,0,,2025-11-02 16:15:17+00:00,,,,Dataset/dataset\OVO_googleplay_NOVEMBER_reviews.csv,transfer
209e1bb4-58c3-47bd-8b4b-57403836d3da,Pengguna Google,https://play-lh.googleusercontent.com/EGemoI2NTXmTsBVtJqk8jxF9rh8ApRWfsIMQSt2uE4OcpQqbFu7f7NbTK05lx80nuSijCz7sc3a277R67g,"pelayanan jelek, uang saya di tahan!!! top up shope pay ga masuk masuk, uang nya buat main slot!!",1,0,1.44.05,2025-12-21 09:53:13+00:00,"Hi Kak Rizki, Mohon maaf atas kendala Top Up ShopeePay yang belum diterima. Mohon menunggu 1x24 jam sejak melakukan Top Up. Apabila sudah melebihi estimasi namun belum diterima, silakan menghubungi kami dengan melampirkan bukti yang tertera nomor telepon, nominal, tanggal & waktu transaksi melalui DM ke IG @ShopeePay_ID yang bercentang biru ya. ^EN",2025-12-22 14:51:02,1.44.05,Dataset/dataset\SHOPEEPAY_googleplay_DECEMBER_reviews.csv,topup
1ac9e02e-19b4-40f4-9245-13d58318cb86,Pengguna Google,https://play-lh.googleusercontent.com/EGemoI2NTXmTsBVtJqk8jxF9rh8ApRWfsIMQSt2uE4OcpQqbFu7f7NbTK05lx80nuSijCz7sc3a277R67g,verifikasi muka gagal terus,1,0,8.76.0,2025-11-11 09:32:20+00:00,"Halo, Jagoan! Mohon maaf atas kendala yang kamu alami ya. Saya mengerti situasi sulit ini mengganggu kamu. Mohon kesediaannya mengirimkan email ke tanya@jago.com dengan melampirkan bukti foto/tangkapan layar kendala kamu. Agar dapat segera kami bantu.",2025-11-11 13:02:50,8.76.0,Dataset/dataset\JAGO_googleplay_NOVEMBER_reviews.csv,vermuk
ef8748ee-8fb6-4c21-9762-fe9c5c2de2fa,Pengguna Google,https://play-lh.googleusercontent.com/EGemoI2NTXmTsBVtJqk8jxF9rh8ApRWfsIMQSt2uE4OcpQqbFu7f7NbTK05lx80nuSijCz7sc3a277R67g,"ini gimana ya saya lupa pin pas mau diubah disuruh vertikasi wajah terus,pas udah diverifikasi muncul tulisan ""Maaf,kami tidak mengenali wajahmu"" padahal dulu pas daftar pake wajahku sendiri, padahal mudah pake nomer hp kaya aplikasi lain",1,16,1.44.04,2025-12-04 12:39:08+00:00,"Hi Kak. Mohon maaf atas kendala tidak bisa ubah PIN karena gagal verifikasi wajah. Untuk verifikasi wajah merupakan bagian dari sistem keamanan akun. Pastikan data wajah sudah sesuai dengan data KTP yang terdaftar di akun kakak. Untuk bantuan pengecekan, mohon menghubungi kami melalui DM ke IG @ShopeePay_ID yang bercentang biru ya. ^CS",2025-12-04 13:32:25,1.44.04,Dataset/dataset\SHOPEEPAY_googleplay_DECEMBER_reviews.csv,vermuk
7ab24a45-d04c-421a-9798-c7566ad46c67,Pengguna Google,https://play-lh.googleusercontent.com/EGemoI2NTXmTsBVtJqk8jxF9rh8ApRWfsIMQSt2uE4OcpQqbFu7f7NbTK05lx80nuSijCz7sc3a277R67g,min kenapa saldo saya tertahan tdk bisa ter transfer sampai ini sudah 2 hari tapi ttp proses.. mohon Solusinya,1,0,3.147.0,2025-11-17 14:24:14+00:00,,,3.147.0,Dataset/dataset\OVO_googleplay_NOVEMBER_reviews.csv,transfer
4fa09b28-3aed-41f5-8d06-2c904530e40c,Pengguna Google,https://play-lh.googleusercontent.com/EGemoI2NTXmTsBVtJqk8jxF9rh8ApRWfsIMQSt2uE4OcpQqbFu7f7NbTK05lx80nuSijCz7sc3a277R67g,kenapa sekarang banyak gangguan mau tf aja susah,1,0,3.2.0,2025-12-24 15:32:06+00:00,"Halo Sahabat @Fitri Hasanah, mohon maaf atas ketidaknyamannya. Perihal kendala pada layanan Livin' by Mandiri, mohon untuk dapat mengirimkan email ke mandiricare@bankmandiri.co.id atau dapat menghubungi layanan mandiri 14000 agar dapat dilakukan pengecekan. Tks~Ervan",2025-12-24 16:50:44,3.2.0,Dataset/dataset\LIVIN_googleplay_DECEMBER_reviews.csv,transfer
5b351640-e079-452c-b215-8250f2b00b5c,Pengguna Google,https://play-lh.googleusercontent.com/EGemoI2NTXmTsBVtJqk8jxF9rh8ApRWfsIMQSt2uE4OcpQqbFu7f7NbTK05lx80nuSijCz7sc3a277R67g,"login aja susah bet, aplikasi tolol",1,0,,2025-10-18 16:14:09+00:00,,,,Dataset/dataset\OVO_googleplay_OCTOBER_reviews.csv,login
3084ce19-893c-4cbd-a38b-77f5e4608242,Pengguna Google,https://play-lh.googleusercontent.com/EGemoI2NTXmTsBVtJqk8jxF9rh8ApRWfsIMQSt2uE4OcpQqbFu7f7NbTK05lx80nuSijCz7sc3a277R67g,"keseringan menolak untuk login, tunggu sebentar ya... nunggu berulang2 dan terus2 begitu nggak jelas, pindah bank aja kayaknya lebih baik..",1,0,3.2.0,2025-12-01 19:19:53+00:00,"Halo Sahabat @Rais Ananto, mohon maaf atas ketidaknyamannya. Perihal kendala pada layanan Livin' by Mandiri, mohon untuk dapat mengirimkan email ke mandiricare@bankmandiri.co.id atau dapat menghubungi layanan mandiri 14000 agar dapat dilakukan pengecekan. Tks~Ervan",2025-12-01 19:23:12,3.2.0,Dataset/dataset\LIVIN_googleplay_DECEMBER_reviews.csv,login
5615595b-628d-4637-9456-17ae9d98ba7e,Pengguna Google,https://play-lh.googleusercontent.com/EGemoI2NTXmTsBVtJqk8jxF9rh8ApRWfsIMQSt2uE4OcpQqbFu7f7NbTK05lx80nuSijCz7sc3a277R67g,"promosiin ovo nabung by superbank, eh mau nabung harus transfer dulu dari ovo ke rekening superbank dan ada biaya adminnya. konyol banget, masak kalah sama gopay tabungan. bisa motong otomatis plafonnya jadi satu jadi gak ribet dan tanpa biaya",2,4,3.144.0,2025-10-20 23:05:53+00:00,,,3.144.0,Dataset/dataset\OVO_googleplay_OCTOBER_reviews.csv,transfer
8cc86383-caa7-478f-9031-63c257c578ec,Pengguna Google,https://play-lh.googleusercontent.com/EGemoI2NTXmTsBVtJqk8jxF9rh8ApRWfsIMQSt2uE4OcpQqbFu7f7NbTK05lx80nuSijCz7sc3a277R67g,"OVO KENAPA GAK BISA TF KE BANK? TOLONG LAKUKAN SESUATU, INI PENTING BUAT PEMBAYARAN TF BIKIN ORANG BEBAN AJA.",3,0,3.147.0,2025-11-13 09:34:11+00:00,,,3.147.0,Dataset/dataset\OVO_googleplay_NOVEMBER_reviews.csv,transfer
98f1a6c3-c286-4f7c-808f-efd77aefc825,Pengguna Google,https://play-lh.googleusercontent.com/EGemoI2NTXmTsBVtJqk8jxF9rh8ApRWfsIMQSt2uE4OcpQqbFu7f7NbTK05lx80nuSijCz7sc3a277R67g,TOLONG DONG OVO DIRESPON UANG SAYA GAMASUK MASUK KE AKUN OVO SEDANGKAN BUKTI TRANSFER SUDAH TERBUKTI BERHASIL KALO MAU ANCUR SAYA ANCURIN PAKE MEDSOS SAYA,1,0,,2025-10-08 11:11:11+00:00,,,,Dataset/dataset\OVO_googleplay_OCTOBER_reviews.csv,transfer
74e05ad0-35ff-426f-9ef0-7f85f8f1c93d,Pengguna Google,https://play-lh.googleusercontent.com/EGemoI2NTXmTsBVtJqk8jxF9rh8ApRWfsIMQSt2uE4OcpQqbFu7f7NbTK05lx80nuSijCz7sc3a277R67g,"ini gmna ya solusinya sya udh bikin akun tapi di HP pertama dan ini HP ke 2 mau login lgi tapi sya ga hafal nomor kartu/ email, apalagi jadi kartunya masalahnya",5,0,,2025-11-29 11:39:51+00:00,"Halo Sahabat @Ipul Reali, mohon maaf atas ketidaknyamanannya. Terkait kendala Sahabat mohon untuk dapat mengirimkan email ke mandiricare@bankmandiri.co.id atau menghubungi Mandiri Call 14000 lalu tekan 2 agar dapat dilakukan pengecekan. Tks~Danti",2025-11-29 12:12:42,,Dataset/dataset\LIVIN_googleplay_NOVEMBER_reviews.csv,login
b974ff45-4e78-4943-b036-72f897962b76,Pengguna Google,https://play-lh.googleusercontent.com/EGemoI2NTXmTsBVtJqk8jxF9rh8ApRWfsIMQSt2uE4OcpQqbFu7f7NbTK05lx80nuSijCz7sc3a277R67g,"Aplikasi dungu, pembayaran pake Qris selalu gagal, udah buat laporan ke customer service tapi sampe sekarang gaada solusi, apus aja tuu fitur qris klo ga berfungsi. Mending pake ovo, gopay, dll lebih mudah.",1,21,1.41.06,2025-10-22 20:50:49+00:00,"Hi Kak Sanjes, Mohon maaf mengenai kendala tidak bisa pembayaran menggunakan QRIS. Mohon pastikan telah menggunakan aplikasi ShopeePay terbaru dan silakan bisa coba berkala. Apabila masih berkendala mohon menghubungi kami melalui DM Instagram di @ShopeePay_ID untuk bantuan lebih lanjut. Semoga kendala kakak segera terselesaikan ^CS",2025-10-23 11:17:46,1.41.06,Dataset/dataset\SHOPEEPAY_googleplay_OCTOBER_reviews.csv,qris
2d98111d-2f4b-4be4-9fdb-65cac6a44da4,Pengguna Google,https://play-lh.googleusercontent.com/EGemoI2NTXmTsBVtJqk8jxF9rh8ApRWfsIMQSt2uE4OcpQqbFu7f7NbTK05lx80nuSijCz7sc3a277R67g,saya tidak rekomen saya sudah transfer dari brimo ke gopay sudah 5 hari diproses saya datang ke bank BRI katanya sudah masuk ke gopaynya tapi saldonya belum masuk ke gopay gimana solusinya ini bila butuh bukti silahkan gmail saya,1,0,1.61.2,2025-10-31 15:39:46+00:00,"Hai Kak Herba, pastikan nomor tujuan sudah benar, sudah cek halaman Riwayat, dan coba keluar dan masuk kembali ke aplikasi. Jika saldo masih belum masuk, silakan laporkan melalui menu Bantuan > ketik 'Top up GoPay saya belum masuk' > isi formulir dan cantumkan kode psr-25-304-0921-39473 pada bagian 'Ceritakan lebih lanjut'. ^Maura",2025-10-31 16:21:48,1.61.2,Dataset/dataset\GOPAY_googleplay_OCTOBER_reviews.csv,transfer
434f755c-dba1-419e-8349-5499ac483871,Pengguna Google,https://play-lh.googleusercontent.com/EGemoI2NTXmTsBVtJqk8jxF9rh8ApRWfsIMQSt2uE4OcpQqbFu7f7NbTK05lx80nuSijCz7sc3a277R67g,apk kont.. bisa tf berhasil tapi saldo gak nambah udah gitu bikin laporan admin gak bisa,5,0,3.146.0,2025-11-01 14:47:48+00:00,,,3.146.0,Dataset/dataset\OVO_googleplay_NOVEMBER_reviews.csv,transfer
64855372-0a96-4894-8ebe-09e371c80a25,Pengguna Google,https://play-lh.googleusercontent.com/EGemoI2NTXmTsBVtJqk8jxF9rh8ApRWfsIMQSt2uE4OcpQqbFu7f7NbTK05lx80nuSijCz7sc3a277R67g,kenapa saya tidak bisa login ya:(,1,0,1.44.04,2025-12-09 11:05:18+00:00,Hi Kak puri. Kami memahami kendala tidak bisa login. Silakan mengisi formulir kendala login pada link berikut https://help.shopee.co.id/portal/webform/c31731974d32419d9cb383a199424e0c. Pastikan kakak tidak dalam keadaan login pada akun manapun saat mengisi formulir tersebut. ^EN,2025-12-09 15:23:57,1.44.04,Dataset/dataset\SHOPEEPAY_googleplay_DECEMBER_reviews.csv,login
72a063af-a377-43ea-b402-1acaedee8515,Pengguna Google,https://play-lh.googleusercontent.com/EGemoI2NTXmTsBVtJqk8jxF9rh8ApRWfsIMQSt2uE4OcpQqbFu7f7NbTK05lx80nuSijCz7sc3a277R67g,jgn download ni apk buat transfer gagal teruss kecewa bgt apk tol*l,1,0,,2025-12-16 09:31:04+00:00,,,,Dataset/dataset\OVO_googleplay_DECEMBER_reviews.csv,transfer
a7f95e75-b2c7-42bf-8455-535ce292e2ae,Pengguna Google,https://play-lh.googleusercontent.com/EGemoI2NTXmTsBVtJqk8jxF9rh8ApRWfsIMQSt2uE4OcpQqbFu7f7NbTK05lx80nuSijCz7sc3a277R67g,saldo shopeepay saya yang sangat minim ditahan oleh pihak shopee karena saya transfer di jam traffic katanya lewat dari jam 2 malam -_- jumlah 150.000 sudah 3 hari belum ada perkembangan dan masih dalam pengecekan terus. hahahaha... aplikasi payah... nyusahin orang!!?,1,0,1.44.05,2025-12-22 00:37:17+00:00,"Hi Kak Arham. Mohon maaf mengenai kendala transfer ShopeePay yang belum diterima. Untuk pengecekan lebih lanjut, mohon menghubungi kami melalui DM ke Instagram @ShopeePay_ID dengan melampirkan bukti transfer yang tertera nomor transaksi (Order SN), nominal, tanggal dan waktu transaksi. ^EN",2025-12-22 16:13:28,1.44.05,Dataset/dataset\SHOPEEPAY_googleplay_DECEMBER_reviews.csv,transfer
c3246a10-689e-4acc-add4-e97f2e5af594,Pengguna Google,https://play-lh.googleusercontent.com/EGemoI2NTXmTsBVtJqk8jxF9rh8ApRWfsIMQSt2uE4OcpQqbFu7f7NbTK05lx80nuSijCz7sc3a277R67g,"kenapa bisa bisa tranfer sendiri nya,gmana ni saya buat pusat pengaduan,apa seburuk ini App ovo sampai uang pun di simpan bisa transfer sendiri nya,mohon penjelasan nya",1,0,3.148.0,2025-11-30 16:55:46+00:00,,,3.148.0,Dataset/dataset\OVO_googleplay_NOVEMBER_reviews.csv,transfer
33e43819-c25b-401e-9bf9-381c85265feb,Pengguna Google,https://play-lh.googleusercontent.com/EGemoI2NTXmTsBVtJqk8jxF9rh8ApRWfsIMQSt2uE4OcpQqbFu7f7NbTK05lx80nuSijCz7sc3a277R67g,"tolong ovo diperbaiki, mau transfer aja gak bisa harus upgrade ke premier, giliran mau upgrade tulisannya gagal, terus gmn buat kelanjutannya? masa iya aplikasi sebobrok ini kalah sama pinjol",1,5,3.144.0,2025-10-01 18:41:53+00:00,,,3.144.0,Dataset/dataset\OVO_googleplay_OCTOBER_reviews.csv,transfer
4cc5cb2c-5040-42bc-ad94-c0d9d30be28c,Pengguna Google,https://play-lh.googleusercontent.com/EGemoI2NTXmTsBVtJqk8jxF9rh8ApRWfsIMQSt2uE4OcpQqbFu7f7NbTK05lx80nuSijCz7sc3a277R67g,overall aman ya uang dan sistem topup lancar tapii ko aneh account gue gk bisa tarik tunai via minimarket harus tf ke rekening pribadi atau ke atm bca padahal gue cek pake account tmn gue bisa lah bgimna yang gue kga di kasih fasilitas yanh setara pliis pihak gopay bantu account gue biar bisa tari tunai via minimarket,4,0,1.61.2,2025-11-02 12:33:09+00:00,,,1.61.2,Dataset/dataset\GOPAY_googleplay_NOVEMBER_reviews.csv,topup
bf2045c7-b5f2-4caa-a75f-e58401eb4dd2,Pengguna Google,https://play-lh.googleusercontent.com/EGemoI2NTXmTsBVtJqk8jxF9rh8ApRWfsIMQSt2uE4OcpQqbFu7f7NbTK05lx80nuSijCz7sc3a277R67g,"Mau isi pulsa Ama token malah ngak bisa jadi kalau transaksi agak susah cuma bisa transfer ke bank dan shopee,serta dana doang",3,0,,2025-11-09 16:41:53+00:00,,,,Dataset/dataset\OVO_googleplay_NOVEMBER_reviews.csv,transfer
33d2a5ee-eec8-4c9f-82b6-4cb5331dd44e,Pengguna Google,https://play-lh.googleusercontent.com/EGemoI2NTXmTsBVtJqk8jxF9rh8ApRWfsIMQSt2uE4OcpQqbFu7f7NbTK05lx80nuSijCz7sc3a277R67g,"brengsek verivikasi wajah gagal Mulu mau pindah hp,Krn hp lama hilang niat gak sih",1,0,,2025-12-13 16:37:12+00:00,"Hi Sahabat @Nagita Ayunindiya, mohon maaf atas ketidaknyamanannya. Terkait kendala Sahabat mohon untuk dapat mengirimkan email ke mandiricare@bankmandiri.co.id atau dapat menghubungi mandiri call 14000 agar dapat dilakukan pengecekan. Tks~Mandala",2025-12-13 17:22:33,,Dataset/dataset\LIVIN_googleplay_DECEMBER_reviews.csv,vermuk
cfd0d5bd-6b6e-49b3-8ffc-c4d49987d4d6,Pengguna Google,https://play-lh.googleusercontent.com/EGemoI2NTXmTsBVtJqk8jxF9rh8ApRWfsIMQSt2uE4OcpQqbFu7f7NbTK05lx80nuSijCz7sc3a277R67g,gopay burik transfer banyak gangguan,1,1,1.62.0,2025-11-16 19:16:06+00:00,"Hai Kak Mukiyi, sebelum transfer, pastikan status upgrade GoPay Plus sudah 'Diterima', nomor penerima valid dan tidak terblokir. Jika masih bermasalah, silakan kunjungi menu Bantuan di aplikasi GoPay atau email ke customerservice@gopay.co.id dan cantumkan kode psr-25-320-1429-59240 pada subjek email. ^Miko",2025-11-16 21:30:17,1.62.0,Dataset/dataset\GOPAY_googleplay_NOVEMBER_reviews.csv,transfer
7a8dcd84-c77e-4132-a20e-24ab16b7047d,Pengguna Google,https://play-lh.googleusercontent.com/EGemoI2NTXmTsBVtJqk8jxF9rh8ApRWfsIMQSt2uE4OcpQqbFu7f7NbTK05lx80nuSijCz7sc3a277R67g,"aplikasi baik,buat transfer, bayar listrik dan air",5,0,1.45.09,2025-12-25 21:16:59+00:00,"Hi Kak. Terima kasih telah menggunakan ShopeePay. Mari cek aplikasi ShopeePay karena banyak fitur yang mempermudah keseharian kakak seperti pembelian pulsa, paket data, pembayaran tagihan listrik dan pembayaran lainnya. Jika kakak memiliki pertanyaan seputar ShopeePay, mohon DM kami di Instagram @ShopeePay_ID ya. Semoga harimu menyenangkan ^RJ",2025-12-26 09:26:13,1.45.09,Dataset/dataset\SHOPEEPAY_googleplay_DECEMBER_reviews.csv,transfer
9952d556-4363-4de9-945f-de9233be9e4f,Pengguna Google,https://play-lh.googleusercontent.com/EGemoI2NTXmTsBVtJqk8jxF9rh8ApRWfsIMQSt2uE4OcpQqbFu7f7NbTK05lx80nuSijCz7sc3a277R67g,transfer saya tidak di proses lama sekali,1,1,1.62.0,2025-11-15 01:16:21+00:00,"Hai Kak Deviayu, mohon maaf atas ketidaknyamanannya. Pastikan nomor tujuan transfer sudah benar dan sudah cek halaman Riwayat. Jika saldo belum juga bertambah, laporkan detailnya melalui email customerservice@gopay.co.id dan cantumkan kode psr-25-319-0227-28091 pada subject email yang kamu kirimkan ya. ^Miko",2025-11-15 09:27:44,1.62.0,Dataset/dataset\GOPAY_googleplay_NOVEMBER_reviews.csv,transfer
da7eae55-07f7-4b4d-a8b6-d72ca800288c,Pengguna Google,https://play-lh.googleusercontent.com/EGemoI2NTXmTsBVtJqk8jxF9rh8ApRWfsIMQSt2uE4OcpQqbFu7f7NbTK05lx80nuSijCz7sc3a277R67g,"harus verifikasi wajah, orang yang wajah nya terverifikasi di akun tersebut sudah meninggal ;(",1,0,1.60.0,2025-10-25 11:02:07+00:00,"Hai Kak Ade, mohon maaf atas ketidaknyamanannya. Terkait keluhan tersebut, silakan laporkan melalui email ke customerservice@gopay.co.id dengan melampirkan kode psr-25-298-0426-00959 pada subject email. Kami tunggu detail laporan kamu ya. ^Maura",2025-10-25 11:26:07,1.60.0,Dataset/dataset\GOPAY_googleplay_OCTOBER_reviews.csv,vermuk
08d857d8-0171-4284-87cd-b44988449906,Pengguna Google,https://play-lh.googleusercontent.com/EGemoI2NTXmTsBVtJqk8jxF9rh8ApRWfsIMQSt2uE4OcpQqbFu7f7NbTK05lx80nuSijCz7sc3a277R67g,transfer jadi mudah.bayar bayar jadi mudah banget,5,0,,2025-10-13 22:08:58+00:00,,,,Dataset/dataset\GOPAY_googleplay_OCTOBER_reviews.csv,transfer
60218e44-b2d0-4fd5-a03c-9c20afa71d12,Pengguna Google,https://play-lh.googleusercontent.com/EGemoI2NTXmTsBVtJqk8jxF9rh8ApRWfsIMQSt2uE4OcpQqbFu7f7NbTK05lx80nuSijCz7sc3a277R67g,ga bisa transfer ke sesama gopay kayak biasanya. harus upgrade ke gopay plus dulu. 👎 bad banget. masih bagusan gopay zaman dulu.,1,0,1.62.0,2025-11-17 07:59:34+00:00,,,1.62.0,Dataset/dataset\GOPAY_googleplay_NOVEMBER_reviews.csv,transfer
497216be-d0ac-4270-bf88-53c1d70a8a82,Pengguna Google,https://play-lh.googleusercontent.com/EGemoI2NTXmTsBVtJqk8jxF9rh8ApRWfsIMQSt2uE4OcpQqbFu7f7NbTK05lx80nuSijCz7sc3a277R67g,tidak bisa login dengan no telp,1,0,1.44.05,2025-12-21 16:13:58+00:00,Hi Kak Rafael. Kami memahami kendala tidak bisa login menggunakan nomor telepon. Silakan mengisi formulir kendala login pada link berikut https://help.shopee.co.id/portal/webform/c31731974d32419d9cb383a199424e0c. Pastikan kakak tidak dalam keadaan login pada akun manapun saat mengisi formulir tersebut. ^EN,2025-12-22 15:48:59,1.44.05,Dataset/dataset\SHOPEEPAY_googleplay_DECEMBER_reviews.csv,login
156d4e42-3956-4073-b4a0-7928f0b65d70,Pengguna Google,https://play-lh.googleusercontent.com/EGemoI2NTXmTsBVtJqk8jxF9rh8ApRWfsIMQSt2uE4OcpQqbFu7f7NbTK05lx80nuSijCz7sc3a277R67g,setelah di isi malah tidak bisa login dan malah jadi kehilangan uang,1,0,2.3.0,2025-10-03 23:07:59+00:00,"Hai, Kak Nyimas. Maaf atas ketidaknyamanannya. Kami akan selalu berusaha memberikan yang terbaik demi memenuhi kebutuhan perbankan Kakak. Terkait kendala tersebut boleh infokan detail kendala serta kirimkan gambar kendalanya ke X @haloblu atau email haloblu@bcadigital.co.id agar kami bisa bantu lebih lanjut ya.",2025-10-04 00:11:05,2.3.0,Dataset/dataset\BLU_googleplay_OCTOBER_reviews.csv,login
98267313-5e85-40f1-b1e0-99ab5d54fe27,Pengguna Google,https://play-lh.googleusercontent.com/EGemoI2NTXmTsBVtJqk8jxF9rh8ApRWfsIMQSt2uE4OcpQqbFu7f7NbTK05lx80nuSijCz7sc3a277R67g,parah nich tf potongannya lebih dri 1000 klo 5 kli tf aj udah berapa duit gak kaya aplikasi sebelah tf gak ada biaya,1,0,3.146.0,2025-10-29 19:34:37+00:00,,,3.146.0,Dataset/dataset\OVO_googleplay_OCTOBER_reviews.csv,transfer
c15208a6-96b3-4610-9dc7-85a8b734f4e5,Pengguna Google,https://play-lh.googleusercontent.com/EGemoI2NTXmTsBVtJqk8jxF9rh8ApRWfsIMQSt2uE4OcpQqbFu7f7NbTK05lx80nuSijCz7sc3a277R67g,tolong perbaiki soalnya gak bisa transfer ke DANA,5,0,1.64.0,2025-11-23 01:09:05+00:00,,,1.64.0,Dataset/dataset\GOPAY_googleplay_NOVEMBER_reviews.csv,transfer
cf87ad31-8530-448c-baf4-980eef955174,Pengguna Google,https://play-lh.googleusercontent.com/EGemoI2NTXmTsBVtJqk8jxF9rh8ApRWfsIMQSt2uE4OcpQqbFu7f7NbTK05lx80nuSijCz7sc3a277R67g,"saya topup kartu multi trip pakai gopay, saldonya kepotong tapi di kartunya masih 0 rupiah. saat cek saldo kartu pakai aplikasi gopay malah infonya masih dalam perbaikan. tolonglah di benahi",2,0,1.60.0,2025-10-10 23:30:09+00:00,"Hai Kak Ansori, mohon maaf atas ketidaknyamanannya. Terkait hal tersebut, silakan laporkan melalui email ke customerservice@gopay.co.id dengan melampirkan kode psr-25-283-1642-13849 pada subject email dan ceritakan kembali detail permasalahannya agar tim kami bisa bantu cek lebih lanjut ya. ^Miko",2025-10-10 23:42:27,1.60.0,Dataset/dataset\GOPAY_googleplay_OCTOBER_reviews.csv,topup
b1067649-2e41-4279-95b2-b66100678efd,Pengguna Google,https://play-lh.googleusercontent.com/EGemoI2NTXmTsBVtJqk8jxF9rh8ApRWfsIMQSt2uE4OcpQqbFu7f7NbTK05lx80nuSijCz7sc3a277R67g,saya tidak bisa login lagi,1,0,,2025-11-07 10:16:50+00:00,"Hai Kak Ariq, untuk login ke aplikasi GoPay, gunakan nomor HP yang terdaftar di akun Gojek-mu. Jika belum punya akun Gojek, kamu bisa daftar langsung di aplikasi GoPay, ya. Jika masih tidak bisa login, laporkan ke kami melalui email ke customerservice@gopay.co.id dan mencantumkan kode psr-25-311-0758-32102 pada subjek email.^Melisa",2025-11-07 14:58:39,,Dataset/dataset\GOPAY_googleplay_NOVEMBER_reviews.csv,login
f705b70d-b0c2-4be4-bb89-1dcf4dd20a37,Pengguna Google,https://play-lh.googleusercontent.com/EGemoI2NTXmTsBVtJqk8jxF9rh8ApRWfsIMQSt2uE4OcpQqbFu7f7NbTK05lx80nuSijCz7sc3a277R67g,"ingin login aja ribet banget..harus melalui verifikasi 2 langkah dengan perangkat lain,sedangkan perangkat lainnya sudah rusak/hilang,dan melalui cara lainnya harus video call,dan harus menunggu lagi",1,0,8.76.0,2025-11-09 01:24:49+00:00,"Halo, Jagoan. Mohon maaf atas kendala yang terjadi ya. Kamu tidak perlu khawatir, kamu bisa menjelaskan detail kendala tersebut melalui email di tanya@jago.com atau call center 1500 746 untuk kami bantu tangani lebih lanjut. Terima kasih :)",2025-11-09 05:41:17,8.76.0,Dataset/dataset\JAGO_googleplay_NOVEMBER_reviews.csv,login
2dd9a837-7c63-413c-a44f-a68ae052f1d7,Pengguna Google,https://play-lh.googleusercontent.com/EGemoI2NTXmTsBVtJqk8jxF9rh8ApRWfsIMQSt2uE4OcpQqbFu7f7NbTK05lx80nuSijCz7sc3a277R67g,karena bisa top up dengan mudah,4,0,,2025-11-04 15:05:29+00:00,,,,Dataset/dataset\GOPAY_googleplay_NOVEMBER_reviews.csv,topup
e90f6102-3587-4057-8adc-a3789602111e,Pengguna Google,https://play-lh.googleusercontent.com/EGemoI2NTXmTsBVtJqk8jxF9rh8ApRWfsIMQSt2uE4OcpQqbFu7f7NbTK05lx80nuSijCz7sc3a277R67g,aplikasi maling. hilang 16650 padahal habis top up. minggu sebelumnya 3350 makin gede padahal ga topup game dan konek aplikasi... cuma konek ke samrtfren. parah... un instal aja kalau gitu. mending gopay lebih aman dah.,1,0,,2025-10-31 03:32:51+00:00,,,,Dataset/dataset\OVO_googleplay_OCTOBER_reviews.csv,topup
b97ad872-e90f-4ecd-a348-334b555e9ee6,Pengguna Google,https://play-lh.googleusercontent.com/EGemoI2NTXmTsBVtJqk8jxF9rh8ApRWfsIMQSt2uE4OcpQqbFu7f7NbTK05lx80nuSijCz7sc3a277R67g,aplikasi goblog.. Mau top up harus nunggu code dikirim lewat WA... Ditungguin gk masuk² codenya pdhl nomer WA bener.. Emang aplikasi tolol gblk,1,0,1.59.0,2025-10-04 15:33:34+00:00,"Hai Kak Taufan, mohon maaf atas ketidaknyamanannya. Pastikan nomor tujuan valid dan sudah menggunakan aplikasi GoPay versi terbaru ya. Jika masih berkendala, silakan laporkan melalui email ke customerservice@gopay.co.id dan cantumkan kode psr-25-277-1138-55550 pada subjek email. ^Miko",2025-10-04 18:39:17,1.59.0,Dataset/dataset\GOPAY_googleplay_OCTOBER_reviews.csv,topup
7d086b67-c8e2-40c8-84db-859a1f5fcae1,Pengguna Google,https://play-lh.googleusercontent.com/EGemoI2NTXmTsBVtJqk8jxF9rh8ApRWfsIMQSt2uE4OcpQqbFu7f7NbTK05lx80nuSijCz7sc3a277R67g,sangat bagus buat topup,5,0,1.60.0,2025-10-23 07:52:36+00:00,,,1.60.0,Dataset/dataset\GOPAY_googleplay_OCTOBER_reviews.csv,topup
96f10f93-d933-404d-99bd-749e6a361a23,Pengguna Google,https://play-lh.googleusercontent.com/EGemoI2NTXmTsBVtJqk8jxF9rh8ApRWfsIMQSt2uE4OcpQqbFu7f7NbTK05lx80nuSijCz7sc3a277R67g,mau transfer ke rekening TPI gagal di history GK ada pemberitahuan tapi saldo ovo sudah terpotong aneh tolol,1,0,3.146.0,2025-10-29 19:27:45+00:00,"Hai Kak, maaf ya. Terkait dengan kendala yang Kakak alami, mohon menghubungi tim kami melalui chat bantuan di aplikasi, melalui email di cs@ovo.id atau call center kami di 1500-696 agar dapat kami bantu pengecekan. Terima Kasih. -Leni",2023-08-12 00:38:16,3.146.0,Dataset/dataset\OVO_googleplay_OCTOBER_reviews.csv,transfer
9abca47c-188d-46d2-bfb1-e86fc0434a16,Pengguna Google,https://play-lh.googleusercontent.com/EGemoI2NTXmTsBVtJqk8jxF9rh8ApRWfsIMQSt2uE4OcpQqbFu7f7NbTK05lx80nuSijCz7sc3a277R67g,e-wallet paling jelek . selalu update.. mana lgi bnyak skli potongan disaat tf atau terima uang .,1,0,3.146.0,2025-11-06 18:13:15+00:00,,,3.146.0,Dataset/dataset\OVO_googleplay_NOVEMBER_reviews.csv,transfer
1e46b6a6-6a03-4711-9178-6e2478b8c6c8,Pengguna Google,https://play-lh.googleusercontent.com/EGemoI2NTXmTsBVtJqk8jxF9rh8ApRWfsIMQSt2uE4OcpQqbFu7f7NbTK05lx80nuSijCz7sc3a277R67g,ENTAH BAGAIMANA PELAYANAN OVO KEPADA KONSUMEN PENGGUNA APLIKASI OVO KOK BISA TIDAK PROFESIONAL SAMA SEKALI SAMPAI SAAT INI TANGGAL 5 SEPT 2025 HINGGA SEKARANG TANGGAL 30 OKTOBER 2025 SALDO SAYA YG GAGAL TRANSFER KE BANK LAIN BELUM JUGA SELESAI...SETIAP KALI SAYA KOMPLIN DI SIRUH TUNGGU 1 - 3 HARI KERJA TAPI KENYATAANNYA SAMPAI HAMPIR 2 BULAN NGGA ADA PENYELESAIAN SAMA SEKALI...SAYA ADALAH FIHAK YG DI RUGIKAN DALAM HAL INI DAN TOLONG SEGERA DI SELESAIKAN TERIMAKASIH,1,0,,2025-10-30 15:58:19+00:00,,,,Dataset/dataset\OVO_googleplay_OCTOBER_reviews.csv,transfer
a785b4fd-95a1-408a-9acb-140625806ccc,Pengguna Google,https://play-lh.googleusercontent.com/EGemoI2NTXmTsBVtJqk8jxF9rh8ApRWfsIMQSt2uE4OcpQqbFu7f7NbTK05lx80nuSijCz7sc3a277R67g,"semua jadi lebih mudah, transfer, bayar, beli pulsa dan lain lain",5,0,1.43.10,2025-11-22 11:13:27+00:00,"Hi Kak. Terima kasih telah menggunakan ShopeePay. Mari cek aplikasi ShopeePay karena banyak fitur yang mempermudah keseharian kakak seperti pembelian pulsa, paket data, pembayaran tagihan listrik dan pembayaran lainnya. Jika kakak memiliki pertanyaan seputar ShopeePay, mohon DM kami di Instagram @ShopeePay_ID ya. Semoga harimu menyenangkan ^RJ",2025-11-24 10:01:52,1.43.10,Dataset/dataset\SHOPEEPAY_googleplay_NOVEMBER_reviews.csv,transfer
712de6b9-03da-488b-b5e3-8fdea7c45cd4,Pengguna Google,https://play-lh.googleusercontent.com/EGemoI2NTXmTsBVtJqk8jxF9rh8ApRWfsIMQSt2uE4OcpQqbFu7f7NbTK05lx80nuSijCz7sc3a277R67g,tolong di permudah untuk login nya kalau no hp nya sudah tidak aktif lagi gimna cara login sedangkan butuh otp buat masuk soal nya saldo saya masih ada tolong di bantu jangan eror mulu,5,0,,2025-10-08 00:42:16+00:00,,,,Dataset/dataset\GOPAY_googleplay_OCTOBER_reviews.csv,login
c0241501-626a-4b00-900f-d39c300a1985,Pengguna Google,https://play-lh.googleusercontent.com/EGemoI2NTXmTsBVtJqk8jxF9rh8ApRWfsIMQSt2uE4OcpQqbFu7f7NbTK05lx80nuSijCz7sc3a277R67g,apk nda jls.. hbis topup mlah ngeblok tinggalkan apk ovo,1,0,3.144.0,2025-10-07 00:02:15+00:00,,,3.144.0,Dataset/dataset\OVO_googleplay_OCTOBER_reviews.csv,topup
51244930-239d-4805-9497-905f4162686d,Pengguna Google,https://play-lh.googleusercontent.com/EGemoI2NTXmTsBVtJqk8jxF9rh8ApRWfsIMQSt2uE4OcpQqbFu7f7NbTK05lx80nuSijCz7sc3a277R67g,gopay bisa buat top up robux gak ya ?,5,0,1.62.0,2025-11-15 09:55:17+00:00,,,1.62.0,Dataset/dataset\GOPAY_googleplay_NOVEMBER_reviews.csv,topup
15ad0f9c-a34e-46a8-b3f0-8f8896000648,Pengguna Google,https://play-lh.googleusercontent.com/EGemoI2NTXmTsBVtJqk8jxF9rh8ApRWfsIMQSt2uE4OcpQqbFu7f7NbTK05lx80nuSijCz7sc3a277R67g,bagus mudah tapi susah login😅,5,0,1.61.2,2025-11-06 19:05:33+00:00,,,1.61.2,Dataset/dataset\GOPAY_googleplay_NOVEMBER_reviews.csv,login
806f0a54-da0f-41e2-94df-1f6c4a7391bf,Pengguna Google,https://play-lh.googleusercontent.com/EGemoI2NTXmTsBVtJqk8jxF9rh8ApRWfsIMQSt2uE4OcpQqbFu7f7NbTK05lx80nuSijCz7sc3a277R67g,bikin QRIS kenapa lama banget? tolong di percepat dongg,4,0,1.44.05,2025-12-23 12:05:22+00:00,"Hi Kak Mandara. Mohon maaf atas kendala permintaan pembuatan QRIS. Terkait kendala tersebut mohon menghubungi kami melalui DM ke Instagram @ShopeePay_ID yang bercentang biru, dengan menginformasikan detail dan bukti kendala untuk bantuan lebih lanjut. Semoga kendala kakak segera terselesaikan ya. ^CS",2025-12-23 13:12:03,1.44.05,Dataset/dataset\SHOPEEPAY_googleplay_DECEMBER_reviews.csv,qris
d914a5c3-817a-46b6-99d9-b113c23e04ce,Pengguna Google,https://play-lh.googleusercontent.com/EGemoI2NTXmTsBVtJqk8jxF9rh8ApRWfsIMQSt2uE4OcpQqbFu7f7NbTK05lx80nuSijCz7sc3a277R67g,"RIBET BANYAK EROR NYA, GAK BISA TRANSFER ATAU BAYAR PAYLATER TIKTOK, GAK BISA BELI PULSA, KADANG SUKA TERBLOKIR SENDIRI PARAH POKOKNYA",1,0,3.2.0,2025-12-08 17:38:05+00:00,"Halo Sahabat @Wall Breaker, mohon maaf atas ketidaknyamanannya. Apabila terdapat kendala agar dapat kami tindaklanjuti, Sahabat dapat mengirimkan email ke mandiricare@bankmandiri.co.id atau menghubungi layanan Mandiri Call 14000 ya. Tks~Alza",2025-12-08 17:43:19,3.2.0,Dataset/dataset\LIVIN_googleplay_DECEMBER_reviews.csv,transfer
d7324d00-56ed-4c2e-80ef-f86b5371bc17,Pengguna Google,https://play-lh.googleusercontent.com/EGemoI2NTXmTsBVtJqk8jxF9rh8ApRWfsIMQSt2uE4OcpQqbFu7f7NbTK05lx80nuSijCz7sc3a277R67g,sangat membantu dalam proses transaksi transfer dana maupun transaksi simpan pinjaman,5,0,1.41.06,2025-11-20 11:36:30+00:00,"Hi Kak dwi. Terima kasih untuk review positifnya. Untuk transaksi di ShopeePay aman karena dilengkapi dengan fitur keamanan seperti PIN, kode OTP, sidik jari hingga verifikasi wajah. Jika kakak memiliki pertanyaan atau kendala seputar ShopeePay, mohon DM kami di Instagram @ShopeePay_ID ya. Semoga harimu menyenangkan. ^CS",2025-11-20 13:55:25,1.41.06,Dataset/dataset\SHOPEEPAY_googleplay_NOVEMBER_reviews.csv,transfer
9e426e9d-4a3f-43e7-bdc0-7a2ba5276ff5,Pengguna Google,https://play-lh.googleusercontent.com/EGemoI2NTXmTsBVtJqk8jxF9rh8ApRWfsIMQSt2uE4OcpQqbFu7f7NbTK05lx80nuSijCz7sc3a277R67g,kenapa 2 bln ini tiap buat top up pasti kena biaya admin🫠🫠,4,0,3.1.0,2025-11-08 16:55:02+00:00,"Halo Sahabat @krisna wati, mohon maaf atas ketidaknyamanannya. Kami memahami penyesuaian ini mungkin menimbulkan ketidaknyamanan, namun langkah ini kami lakukan untuk terus menjaga kualitas layanan digital yang dapat Sahabat nikmati setiap hari melalui Livin’ by Mandiri. Tks ~ Said",2025-11-08 17:20:56,3.1.0,Dataset/dataset\LIVIN_googleplay_NOVEMBER_reviews.csv,topup
b39eb589-727b-44aa-bf76-dda826eb8092,Pengguna Google,https://play-lh.googleusercontent.com/EGemoI2NTXmTsBVtJqk8jxF9rh8ApRWfsIMQSt2uE4OcpQqbFu7f7NbTK05lx80nuSijCz7sc3a277R67g,FITUR DI DALAM APLIKASI INI SANGAT MEMBANTU MEMBAYAR TAGIHAN BISA TRANSFER DENGAN CEPAT DAN BISA TO UP GAME,5,0,,2025-11-30 21:14:01+00:00,,,,Dataset/dataset\GOPAY_googleplay_NOVEMBER_reviews.csv,transfer
a88a7e39-c757-4fd7-a83a-58f26ee11efb,Pengguna Google,https://play-lh.googleusercontent.com/EGemoI2NTXmTsBVtJqk8jxF9rh8ApRWfsIMQSt2uE4OcpQqbFu7f7NbTK05lx80nuSijCz7sc3a277R67g,"aplikasi ter GAJELAS, orang mau rubah nomor malah ga bisa2, kalau emg gabisa kenapa gaada login versi emailnya sih, mempersulit orang setelah.di update",1,8,3.150.0,2025-12-30 10:21:07+00:00,,,3.150.0,Dataset/dataset\OVO_googleplay_DECEMBER_reviews.csv,login
2208ffd5-7d53-4645-bc55-4e00057cec35,Pengguna Google,https://play-lh.googleusercontent.com/EGemoI2NTXmTsBVtJqk8jxF9rh8ApRWfsIMQSt2uE4OcpQqbFu7f7NbTK05lx80nuSijCz7sc3a277R67g,Habis di update pilihan sumber pembayaran u/ QRIS gak mw diganti ke tabungan. Masuknya CC terus. di swipe/ klik pindah tabungan gak bisa,3,0,3.2.0,2025-12-14 21:54:41+00:00,"Halo Sahabat @dilup sari, mohon maaf atas ketidaknyamanannya. Perihal kendala pada layanan Livin' by Mandiri Sahabat dapat mengirimkan email ke mandiricare@bankmandiri.co.id atau dapat menghubungi layanan mandiri call 14000 agar dapat dilakukan pengecekan. Tks ~ Said",2025-12-14 22:00:43,3.2.0,Dataset/dataset\LIVIN_googleplay_DECEMBER_reviews.csv,qris
926a74e7-35de-4395-954b-b09fdbaa29cf,Pengguna Google,https://play-lh.googleusercontent.com/EGemoI2NTXmTsBVtJqk8jxF9rh8ApRWfsIMQSt2uE4OcpQqbFu7f7NbTK05lx80nuSijCz7sc3a277R67g,"topup dari bank malah kena admin, males banget dah, apa-apa pake admin",1,0,3.147.0,2025-11-20 18:55:59+00:00,,,3.147.0,Dataset/dataset\OVO_googleplay_NOVEMBER_reviews.csv,topup
f2fbed77-3972-423a-be52-cfa002627145,Pengguna Google,https://play-lh.googleusercontent.com/EGemoI2NTXmTsBVtJqk8jxF9rh8ApRWfsIMQSt2uE4OcpQqbFu7f7NbTK05lx80nuSijCz7sc3a277R67g,ovo abal2 masa TF ke rekening sendiri ngga ngga bisa..,1,0,3.141.0,2025-11-09 01:05:46+00:00,,,3.141.0,Dataset/dataset\OVO_googleplay_NOVEMBER_reviews.csv,transfer
14eade2b-f55c-4331-8a85-e70cd818d098,Pengguna Google,https://play-lh.googleusercontent.com/EGemoI2NTXmTsBVtJqk8jxF9rh8ApRWfsIMQSt2uE4OcpQqbFu7f7NbTK05lx80nuSijCz7sc3a277R67g,"ovo emang g punya aplikasi E Walet ya? selain top up ke OVO sendiri, maksudnya bisa top up ke DANA, GOJEK gitu🙏🏻",4,0,3.144.0,2025-10-13 11:37:43+00:00,,,3.144.0,Dataset/dataset\OVO_googleplay_OCTOBER_reviews.csv,topup
828c512a-2ddf-411b-8872-32f22e7c18ac,Pengguna Google,https://play-lh.googleusercontent.com/EGemoI2NTXmTsBVtJqk8jxF9rh8ApRWfsIMQSt2uE4OcpQqbFu7f7NbTK05lx80nuSijCz7sc3a277R67g,bagus bisa buat nabung ya . tapi top up tuh apa.,5,0,1.59.0,2025-10-01 03:55:27+00:00,,,1.59.0,Dataset/dataset\GOPAY_googleplay_OCTOBER_reviews.csv,topup
bc6d7d6c-a5ad-43ed-8a60-6baa79f6349f,Pengguna Google,https://play-lh.googleusercontent.com/EGemoI2NTXmTsBVtJqk8jxF9rh8ApRWfsIMQSt2uE4OcpQqbFu7f7NbTK05lx80nuSijCz7sc3a277R67g,"tolol mau top up udh pake voucher nya trus di batalin malah gak bisa lagi voucherny di pake apk tolol,gak niat ngasih .",1,1,,2025-10-13 15:33:17+00:00,"Mohon maaf ya, Kak Putra. Mengenai promo mengikuti syarat & ketentuan yang berlaku, pastikan kode voucher yang dimasukkan sudah sesuai. Jika masih tidak bisa, silakan laporkan hal ini melalui halaman Bantuan > ketik ""Tidak bisa menukarkan kode promo"" di kolom pencarian > pilih artikel dan lengkapi form-nya. Kami siap membantu. ^Maura",2025-10-13 16:13:04,,Dataset/dataset\GOPAY_googleplay_OCTOBER_reviews.csv,topup
3afa9b37-5bb7-4431-8196-7aed3ca9c061,Pengguna Google,https://play-lh.googleusercontent.com/EGemoI2NTXmTsBVtJqk8jxF9rh8ApRWfsIMQSt2uE4OcpQqbFu7f7NbTK05lx80nuSijCz7sc3a277R67g,ini bagaimana saya transfer ovo ke bank sampai sekarang masih menunggu buruk aplikasi ovo saya sangat kecewa,1,0,3.149.0,2025-12-17 11:32:05+00:00,,,3.149.0,Dataset/dataset\OVO_googleplay_DECEMBER_reviews.csv,transfer
819dadf4-5feb-419b-b8eb-b4a1ed89c431,Pengguna Google,https://play-lh.googleusercontent.com/EGemoI2NTXmTsBVtJqk8jxF9rh8ApRWfsIMQSt2uE4OcpQqbFu7f7NbTK05lx80nuSijCz7sc3a277R67g,saya udah benar daftar nya tapi ngk bisa login,2,0,,2025-10-03 12:47:41+00:00,,,,Dataset/dataset\OVO_googleplay_OCTOBER_reviews.csv,login
b7e51615-1687-4cc9-b6f9-cd251d26a2ef,Pengguna Google,https://play-lh.googleusercontent.com/EGemoI2NTXmTsBVtJqk8jxF9rh8ApRWfsIMQSt2uE4OcpQqbFu7f7NbTK05lx80nuSijCz7sc3a277R67g,shopeepay memang mantap.. bisa bayar ini itu. gratis transfer pula.. god job shopee.. tolong tambahin pinjaman yg bunga perbulan yg sangat murah.. semoga aja di acc masukanku,5,6,1.44.05,2025-12-06 22:29:41+00:00,"Hi Kak. Terima kasih telah menggunakan ShopeePay. Mari cek aplikasi ShopeePay karena banyak fitur yang mempermudah keseharian kakak seperti pembelian pulsa, paket data, pembayaran tagihan listrik dan pembayaran lainnya. Jika kakak memiliki pertanyaan seputar ShopeePay, mohon DM kami di Instagram @ShopeePay_ID ya. Semoga harimu menyenangkan ^RJ",2025-12-08 10:03:28,1.44.05,Dataset/dataset\SHOPEEPAY_googleplay_DECEMBER_reviews.csv,transfer
914a5b36-2bba-488d-bbad-378326268b19,Pengguna Google,https://play-lh.googleusercontent.com/EGemoI2NTXmTsBVtJqk8jxF9rh8ApRWfsIMQSt2uE4OcpQqbFu7f7NbTK05lx80nuSijCz7sc3a277R67g,"potongan tf ke bank 2500 + tf dari bank ke apps mereka 1000, tapi apps mau monopoli. ga ada tf ke e wallet lain. aneh, ga perlu di install apps ini. ribeet, wkwkkwk. pakai dana atau gopay aja.",1,0,,2025-10-26 11:51:57+00:00,,,,Dataset/dataset\OVO_googleplay_OCTOBER_reviews.csv,transfer
a72a6cdf-0b04-40f7-8ff8-1350a93287e6,Pengguna Google,https://play-lh.googleusercontent.com/EGemoI2NTXmTsBVtJqk8jxF9rh8ApRWfsIMQSt2uE4OcpQqbFu7f7NbTK05lx80nuSijCz7sc3a277R67g,udah dua kali penumpang gue tf dari apl dana kg masuk yg pertama udah 4 bulan yg kedua satu bulan yg lalu,1,0,,2025-11-26 21:17:31+00:00,,,,Dataset/dataset\OVO_googleplay_NOVEMBER_reviews.csv,transfer
86d5f5cf-a2b3-40c4-a44b-8d358557d644,Pengguna Google,https://play-lh.googleusercontent.com/EGemoI2NTXmTsBVtJqk8jxF9rh8ApRWfsIMQSt2uE4OcpQqbFu7f7NbTK05lx80nuSijCz7sc3a277R67g,"bisa diperbaiki buat bug nya, kalo di back biasa itu bisa masuk tanpa login password. cuma keterangannya, koneksi terputus.",5,34,8.79.0,2025-12-24 22:11:04+00:00,,,8.79.0,Dataset/dataset\JAGO_googleplay_DECEMBER_reviews.csv,login
7704d96d-90a7-4784-baf7-adc9479af82e,Pengguna Google,https://play-lh.googleusercontent.com/EGemoI2NTXmTsBVtJqk8jxF9rh8ApRWfsIMQSt2uE4OcpQqbFu7f7NbTK05lx80nuSijCz7sc3a277R67g,"top up pun berkendala. apk tidak berguna, saldo tidak masuk dan laporan costumer servis ditunda tunda terus.",1,19,1.60.0,2025-10-11 10:13:48+00:00,"Hai Kak Raditya, mohon maaf atas ketidaknyamanannya. Jika kamu masih mengalami kendala, silakan laporkan melalui email ke customerservice@gopay.co.id dengan melampirkan kode psr-25-284-0415-05491 pada subject email dan cantumkan nomor laporan kamu sebelumnya pada email yang kamu kirimkan. Kami tunggu detail laporan kamu ya. ^Maura",2025-10-11 11:15:10,1.60.0,Dataset/dataset\GOPAY_googleplay_OCTOBER_reviews.csv,topup
b5a8359b-bfc7-44cf-8067-3d72a664799e,Pengguna Google,https://play-lh.googleusercontent.com/EGemoI2NTXmTsBVtJqk8jxF9rh8ApRWfsIMQSt2uE4OcpQqbFu7f7NbTK05lx80nuSijCz7sc3a277R67g,top up nya saya belum masuk,5,0,3.149.0,2025-12-09 05:05:26+00:00,,,3.149.0,Dataset/dataset\OVO_googleplay_DECEMBER_reviews.csv,topup
efcd5a9c-2815-4fb9-9c04-c02a4b9c64b9,Pengguna Google,https://play-lh.googleusercontent.com/EGemoI2NTXmTsBVtJqk8jxF9rh8ApRWfsIMQSt2uE4OcpQqbFu7f7NbTK05lx80nuSijCz7sc3a277R67g,"nii e wallet ga jelas bgt, biaya transfer ke beda e wallet mahal, ga lagi"" gua pake ni app",1,0,,2025-11-27 13:23:56+00:00,,,,Dataset/dataset\OVO_googleplay_NOVEMBER_reviews.csv,transfer
27db5656-8d0a-433e-8e9f-92d1a926a25b,Pengguna Google,https://play-lh.googleusercontent.com/EGemoI2NTXmTsBVtJqk8jxF9rh8ApRWfsIMQSt2uE4OcpQqbFu7f7NbTK05lx80nuSijCz7sc3a277R67g,"tanggal 6 oktober 2025 Jam 23:48 Ada kiriman dari Bank BCA ke OVO sudah sukses , Penyebab Akun OVO ada kendala jadi saldo tidak masuk2 di OVO... Terima saldo dipotong transfer saldo pun dipotong tapi kendala masih ada aja... Tolong dicek hak orang waktu sudah diinformasikan kalau masih belum masuk juga topup atau nabung di OVO sangat Berbahaya/Tidak aman buat pengguna. Aplikasi Ini Maling Kinerja Pekerja Lelet Sering Mengabaikan Kendala Topup Pengguna, Audit Lagi Para Pekerja Kalian.",1,0,3.144.0,2025-10-07 16:25:24+00:00,,,3.144.0,Dataset/dataset\OVO_googleplay_OCTOBER_reviews.csv,topup
72e37f8d-0d88-429c-835d-9e5aa1da7ee3,Pengguna Google,https://play-lh.googleusercontent.com/EGemoI2NTXmTsBVtJqk8jxF9rh8ApRWfsIMQSt2uE4OcpQqbFu7f7NbTK05lx80nuSijCz7sc3a277R67g,aplikasi T4i gw top up saldo 50k gak masuk gimana sih ceritanya ganti saldo gw gak. mau tau gw T4i,1,0,3.150.0,2025-12-25 18:53:52+00:00,,,3.150.0,Dataset/dataset\OVO_googleplay_DECEMBER_reviews.csv,topup
e0a16c58-7c77-4ef7-9cf8-ea20faa76e21,Pengguna Google,https://play-lh.googleusercontent.com/EGemoI2NTXmTsBVtJqk8jxF9rh8ApRWfsIMQSt2uE4OcpQqbFu7f7NbTK05lx80nuSijCz7sc3a277R67g,"saya kesel banget sama gopay ini veripikasi wajah aja gagal mulu mana di dalem apk ada saldo nya lagi,, kmarin aku ngebangga banggain gopay dan milih gopay daripada dana tapi kali ini saya kcewa berat,, udah 3 hari veripikasi wajah gagal mulu ,semua orang juga bisa aja ganti hp dan veripikasi wajah jangan di bikin ribet tolong bnerin sistem nya wahay yang punya apk gopay baca nih saya sangat kesal sekarang",2,0,,2025-11-04 08:19:20+00:00,"Hai Kak Veri, mohon maaf atas ketidaknyamanannya. Pastikan kamu mengambil foto selfie dengan pencahayaan yang baik dan wajah terlihat jelas. Jika masih berkendala, silakan laporkan detailnya melalui email ke customerservice@gopay.co.id dan cantumkan kode psr-25-308-0144-30188 pada subjek email. ^Maura",2025-11-04 08:44:35,,Dataset/dataset\GOPAY_googleplay_NOVEMBER_reviews.csv,vermuk
ca4b5132-1850-493b-add2-525bd36dbba9,Pengguna Google,https://play-lh.googleusercontent.com/EGemoI2NTXmTsBVtJqk8jxF9rh8ApRWfsIMQSt2uE4OcpQqbFu7f7NbTK05lx80nuSijCz7sc3a277R67g,"busuk, tarik tunai bayar, tf bayar, top up saldo bayar wkwkwk",1,1,3.144.0,2025-10-14 20:07:20+00:00,,,3.144.0,Dataset/dataset\OVO_googleplay_OCTOBER_reviews.csv,topup
affd1cc8-6591-4c9e-b5dc-4ca1197d0a1f,Pengguna Google,https://play-lh.googleusercontent.com/EGemoI2NTXmTsBVtJqk8jxF9rh8ApRWfsIMQSt2uE4OcpQqbFu7f7NbTK05lx80nuSijCz7sc3a277R67g,baru pertama login aplikasi gopay bagus banget ternyata,5,0,1.62.0,2025-11-12 19:09:03+00:00,,,1.62.0,Dataset/dataset\GOPAY_googleplay_NOVEMBER_reviews.csv,login
ab4b26a3-7815-439c-8b9d-25ab9ae953d4,Pengguna Google,https://play-lh.googleusercontent.com/EGemoI2NTXmTsBVtJqk8jxF9rh8ApRWfsIMQSt2uE4OcpQqbFu7f7NbTK05lx80nuSijCz7sc3a277R67g,face recognya gajelas bikin gagal login mulu,1,0,,2025-10-04 17:31:05+00:00,"Hi Kak Satria. Mohon maaf mengenai kendala verifikasi wajah saat login. Agar dapat kami cek lebih lanjut, mohon menghubungi kami melalui DM Instagram @ShopeePay_ID dengan melampirkan tangkapan layar kendalanya. Kami akan membantu kendala yang kakak alami. ^EN",2025-10-06 13:29:07,,Dataset/dataset\SHOPEEPAY_googleplay_OCTOBER_reviews.csv,login
970bcc05-310e-427a-80f1-c1acd6d97956,Pengguna Google,https://play-lh.googleusercontent.com/EGemoI2NTXmTsBVtJqk8jxF9rh8ApRWfsIMQSt2uE4OcpQqbFu7f7NbTK05lx80nuSijCz7sc3a277R67g,aplikasi di buka untuk transfer selalu tdk memuat konten,2,0,3.147.0,2025-11-08 15:28:11+00:00,,,3.147.0,Dataset/dataset\OVO_googleplay_NOVEMBER_reviews.csv,transfer
a7c65648-a36e-4e4d-9935-0e2695fb1763,Pengguna Google,https://play-lh.googleusercontent.com/EGemoI2NTXmTsBVtJqk8jxF9rh8ApRWfsIMQSt2uE4OcpQqbFu7f7NbTK05lx80nuSijCz7sc3a277R67g,"Aplikasi nya mantap, dapet gratis transfer ke bank manapun 100x / bulan.",5,0,1.60.0,2025-10-15 01:21:24+00:00,,,1.60.0,Dataset/dataset\GOPAY_googleplay_OCTOBER_reviews.csv,transfer
11c2c84f-215b-48a0-afa8-349db3141e36,Pengguna Google,https://play-lh.googleusercontent.com/EGemoI2NTXmTsBVtJqk8jxF9rh8ApRWfsIMQSt2uE4OcpQqbFu7f7NbTK05lx80nuSijCz7sc3a277R67g,saya mau top up kok gk bisa ya...,1,0,3.147.0,2025-11-09 16:18:58+00:00,,,3.147.0,Dataset/dataset\OVO_googleplay_NOVEMBER_reviews.csv,topup
2236d0e5-7bb4-48d2-89a2-4c7b47c7441e,Pengguna Google,https://play-lh.googleusercontent.com/EGemoI2NTXmTsBVtJqk8jxF9rh8ApRWfsIMQSt2uE4OcpQqbFu7f7NbTK05lx80nuSijCz7sc3a277R67g,"jaringan bagus tapi tidak bisa buat apa apa mau top ap ml aja susah aplikasi macam apa ini, kalau ada aplikasi transfer gratis udah ku hapus aplikasi ini menyusahkan kan jir",1,0,,2025-11-20 00:16:47+00:00,"Mohon maaf, Kak @player biasa. Agar bisa menggunakan GoPay, pastikan saldo cukup, masukkan PIN GoPay yang benar, dan gunakan aplikasi terbaru. Jika masih bermasalah, laporkan melalui menu Bantuan > ketik ""Saya tidak dapat menggunakan GoPay"" > isi formulir dan cantumkan kode psr-25-299-0415-14206 di bagian ""Ceritakan lebih lanjut"". ^Miko",2025-10-26 11:15:47,,Dataset/dataset\GOPAY_googleplay_NOVEMBER_reviews.csv,transfer
cd9f6490-c68d-405c-b14d-70642d95d7c6,Pengguna Google,https://play-lh.googleusercontent.com/EGemoI2NTXmTsBVtJqk8jxF9rh8ApRWfsIMQSt2uE4OcpQqbFu7f7NbTK05lx80nuSijCz7sc3a277R67g,"Jagan pernah pakai ovo sebagai transaksi kalian, bodoh betul kalian isi saldo 10rb ajj bisa di potong 2 RB sebagai biaya top up",1,0,3.144.0,2025-10-08 03:12:27+00:00,,,3.144.0,Dataset/dataset\OVO_googleplay_OCTOBER_reviews.csv,topup
875fde5e-9a7c-4e33-8e98-b30c4ffdd3d1,Pengguna Google,https://play-lh.googleusercontent.com/EGemoI2NTXmTsBVtJqk8jxF9rh8ApRWfsIMQSt2uE4OcpQqbFu7f7NbTK05lx80nuSijCz7sc3a277R67g,"error verifikasi wajah, sudah selesai. selalu loop mulai dari awal. gapernah beres beres.",1,0,3.1.0,2025-11-06 11:09:16+00:00,"Halo Sahabat @Septian Nur Pajri, mohon maaf atas ketidaknyamanannya. Mohon pastikan agar pencahayaan baik dan wajah tidak terlalu dekat dengan kamera. Apabila masih terkendala Sahabat dapat mengirimkan email ke mandiricare@bankmandiri.co.id atau menghubungi mandiri call 14000 agar dapat dilakukan pengecekan.Tks ~ Said
",2025-11-10 23:03:03,3.1.0,Dataset/dataset\LIVIN_googleplay_NOVEMBER_reviews.csv,vermuk
85b2db90-daad-4441-b4e7-a15f27b518d9,Pengguna Google,https://play-lh.googleusercontent.com/EGemoI2NTXmTsBVtJqk8jxF9rh8ApRWfsIMQSt2uE4OcpQqbFu7f7NbTK05lx80nuSijCz7sc3a277R67g,kok QR ku untuk menerima kiriman uang atau pembayaran gak bisa di scan dg QR atau QRIS pengirim,5,0,1.40.06,2025-10-25 09:22:13+00:00,"Hi Kak. Terima kasih telah menggunakan ShopeePay. Mari cek aplikasi ShopeePay karena banyak fitur yang mempermudah keseharian kakak seperti pembelian pulsa, paket data, pembayaran tagihan listrik dan pembayaran lainnya. Jika kakak memiliki pertanyaan seputar ShopeePay, mohon DM kami di Instagram @ShopeePay_ID ya. Semoga harimu menyenangkan ^RJ",2025-10-27 10:09:41,1.40.06,Dataset/dataset\SHOPEEPAY_googleplay_OCTOBER_reviews.csv,qris
98bc0caa-ee69-4e46-813a-ff7970545e6e,Pengguna Google,https://play-lh.googleusercontent.com/EGemoI2NTXmTsBVtJqk8jxF9rh8ApRWfsIMQSt2uE4OcpQqbFu7f7NbTK05lx80nuSijCz7sc3a277R67g,"sma aja kaya apk lain, top up pending., dah gtu di kluarin pula dri akun.. nyesel pake apk rongsok kaya gni..",1,1,8.77.3,2025-11-24 20:14:16+00:00,"Halo, Jagoan. Mohon maaf atas kendala yang terjadi ya. Kamu tidak perlu khawatir, kamu bisa menjelaskan detail kendala tersebut melalui email di tanya@jago.com atau call center 1500 746 untuk kami bantu tangani lebih lanjut. Terima kasih🙂",2025-11-24 21:01:02,8.77.3,Dataset/dataset\JAGO_googleplay_NOVEMBER_reviews.csv,topup
e0350f91-68ee-4067-95de-9b1c9001d13c,Pengguna Google,https://play-lh.googleusercontent.com/EGemoI2NTXmTsBVtJqk8jxF9rh8ApRWfsIMQSt2uE4OcpQqbFu7f7NbTK05lx80nuSijCz7sc3a277R67g,"transfer lewat Gopay sangat cepat dan mudah,gratis transfer lagi.",5,0,1.61.2,2025-11-03 17:42:02+00:00,,,1.61.2,Dataset/dataset\GOPAY_googleplay_NOVEMBER_reviews.csv,transfer
a6581637-93dc-49d2-b27b-97f5f2631d56,Pengguna Google,https://play-lh.googleusercontent.com/EGemoI2NTXmTsBVtJqk8jxF9rh8ApRWfsIMQSt2uE4OcpQqbFu7f7NbTK05lx80nuSijCz7sc3a277R67g,"bank digital paling buruk , masa baru 1 hari tiba-tiba ada notifikasi akun terkunci, padahal nggak ada aktivitas login atau lupa password ngk ada sama sekali, .. tiba-tiba aja ad notifikasi terkunci, Cs nya nggak jelas udah 3 hari akun masih terkunci, gimana coba",1,30,8.76.0,2025-11-08 17:53:18+00:00,"Halo, Jagoan! Mohon maaf apabila terdapat fitur atau layanan Jago yang belum sesuai harapan kamu. Kamu bisa menghubungi Tanya Jago di nomor 1500746 / 021-30000746 atau e-mail ke tanya@jago.com untuk kami bantu cek kendalanya lebih lanjut ya. Agent kami dengan senang hati membantu kamu.",2025-11-08 18:29:55,8.76.0,Dataset/dataset\JAGO_googleplay_NOVEMBER_reviews.csv,login
aac1aef5-bc67-47f8-b87d-f7d613f4c31c,Pengguna Google,https://play-lh.googleusercontent.com/EGemoI2NTXmTsBVtJqk8jxF9rh8ApRWfsIMQSt2uE4OcpQqbFu7f7NbTK05lx80nuSijCz7sc3a277R67g,hati2 nabung di aplikasi ini atau mau jadikan alat transfer. sdh 2 kali sy alami transfer ke rekening lain status nya sukse tp di rekening yg di tuju tidak ada masuk saldo nya. cs nya di hubungi berbelit2 cmn bisa bilang laporan anda kami akan proses...mendingan nabung di bank yg pasti2 aja...gopay ini sdh mirip maling nasabah secara halus.,1,11,1.59.0,2025-10-07 11:04:05+00:00,"Hai Kak Andi, mohon maaf atas ketidaknyamanannya. Jika kamu masih mengalami kendala, silakan laporkan melalui email ke merchant@gopay.co.id dengan melampirkan kode psr-25-280-0438-31456 pada subject email dan cantumkan nomor laporan kamu sebelumnya pada email yang kamu kirimkan. Kami tunggu detail laporan kamu ya. ^Maura",2025-10-07 11:38:37,1.59.0,Dataset/dataset\GOPAY_googleplay_OCTOBER_reviews.csv,transfer
f39cf3d0-1f3f-4003-bfde-a735933552b6,Pengguna Google,https://play-lh.googleusercontent.com/EGemoI2NTXmTsBVtJqk8jxF9rh8ApRWfsIMQSt2uE4OcpQqbFu7f7NbTK05lx80nuSijCz7sc3a277R67g,"saya sangat kecewa saat saya coba login untuk bertransaksi menggunakan akun google kenapa gak bisa masuk padahal saya sudah mengikuti apa yang di arahkan oleh aplikasi ini, untuk developer aplikasi ini coba buat lebih mudah dan gak bikin ribet 👎👎",1,0,,2025-11-13 23:17:16+00:00,"Hi Kak. Mohon maaf atas kendala tidak login untuk transaksi dengan akun Google. Terkait kendala tersebut mohon menghubungi kami melalui DM ke Instagram @ShopeePay_ID yang bercentang biru, dengan menginformasikan detail dan bukti kendala untuk bantuan lebih lanjut. Semoga kendala kakak segera terselesaikan ya. ^CS",2025-11-14 13:51:10,,Dataset/dataset\SHOPEEPAY_googleplay_NOVEMBER_reviews.csv,login
7eac2366-2df7-4435-af04-363a6e9899c4,Pengguna Google,https://play-lh.googleusercontent.com/EGemoI2NTXmTsBVtJqk8jxF9rh8ApRWfsIMQSt2uE4OcpQqbFu7f7NbTK05lx80nuSijCz7sc3a277R67g,Mau tf aja ribet harus premier duluuuu. pake aja terpaksa karna pake grab.,1,0,3.148.0,2025-11-27 09:36:32+00:00,,,3.148.0,Dataset/dataset\OVO_googleplay_NOVEMBER_reviews.csv,transfer
bc992256-b7df-4340-88ef-a4478e524db1,Pengguna Google,https://play-lh.googleusercontent.com/EGemoI2NTXmTsBVtJqk8jxF9rh8ApRWfsIMQSt2uE4OcpQqbFu7f7NbTK05lx80nuSijCz7sc3a277R67g,susah login ke premier,5,0,3.147.0,2025-11-09 14:47:26+00:00,,,3.147.0,Dataset/dataset\OVO_googleplay_NOVEMBER_reviews.csv,login
11f4399b-f14e-4db8-af57-0ab69b35b0fd,Pengguna Google,https://play-lh.googleusercontent.com/EGemoI2NTXmTsBVtJqk8jxF9rh8ApRWfsIMQSt2uE4OcpQqbFu7f7NbTK05lx80nuSijCz7sc3a277R67g,"tolong pihak gopay jangan mengecewakan pengguna... topup belum masuk di suruh menunggu 2 hari (48 jam) sekarang sudah lebih dari 48 jam, tapi belum ada informasi dari pihak gopay... sudah ngecek ke ATM tapi saldo masih belum kembali dan ke gopay pun belum masuk... trs uang saya nyangkol ke mana??",1,6,1.61.2,2025-10-29 08:56:49+00:00,"Hai Kak Rody, mohon maaf atas ketidaknyamanannya. Jika kamu masih mengalami kendala, silakan laporkan melalui email ke customerservice@gopay.co.id dengan melampirkan kode psr-25-302-0210-15134 pada subject email dan cantumkan nomor laporan kamu sebelumnya pada email yang kamu kirimkan. Kami tunggu detail laporan kamu ya. ^Maura",2025-10-29 09:10:20,1.61.2,Dataset/dataset\GOPAY_googleplay_OCTOBER_reviews.csv,topup
4cf4a186-3b7a-4e05-9e0b-877559f6aaa3,Pengguna Google,https://play-lh.googleusercontent.com/EGemoI2NTXmTsBVtJqk8jxF9rh8ApRWfsIMQSt2uE4OcpQqbFu7f7NbTK05lx80nuSijCz7sc3a277R67g,"Gua kasih rating 3 aja kenapa saya kasih rating 3 karena pas saya lagi top up game di aplikasi ini pas saya masukin kok tiba-tiba gak bisa lanjutin anda memiliki aktivitas gak wajar coba lagi itu katanya padahal saya tidak memiliki aktivitas gak wajar, saya top up game pake gopay coins yang biasanya bisa ini sekarang malah kayak gini yang padahal rata rata orang pake gopay coins biar bisa top up secara gratis biar aplikasi ini dikasih rating bagus tolong ada pake gopay coins lagi ya plis🙏🙏🙏",3,9,1.61.2,2025-11-05 23:22:22+00:00,"Hai Kak Herma, mohon maaf atas ketidaknyamanannya. Terkait keluhan tersebut, silakan laporkan melalui email ke customerservice@gopay.co.id dengan melampirkan kode psr-25-310-0929-53821 pada subject email. Kami tunggu detail laporan kamu ya. ^Maura",2025-11-06 16:29:59,1.61.2,Dataset/dataset\GOPAY_googleplay_NOVEMBER_reviews.csv,topup
1105214e-30b9-4d25-a2b8-62d51cd36c3f,Pengguna Google,https://play-lh.googleusercontent.com/EGemoI2NTXmTsBVtJqk8jxF9rh8ApRWfsIMQSt2uE4OcpQqbFu7f7NbTK05lx80nuSijCz7sc3a277R67g,selama ini apk nya gak ada masalah.transaksi pun cepat.qris lancar jaya.aku jadikan RDN di investasi sahamku.aman,5,0,,2025-11-21 22:02:44+00:00,,,,Dataset/dataset\JAGO_googleplay_NOVEMBER_reviews.csv,qris
4de66d9b-476f-48a5-8b65-ee2d77a2e1d1,Pengguna Google,https://play-lh.googleusercontent.com/EGemoI2NTXmTsBVtJqk8jxF9rh8ApRWfsIMQSt2uE4OcpQqbFu7f7NbTK05lx80nuSijCz7sc3a277R67g,ga bisa transfer ke dompet digital yang lain,1,0,3.146.0,2025-11-21 18:21:48+00:00,,,3.146.0,Dataset/dataset\OVO_googleplay_NOVEMBER_reviews.csv,transfer
aec70aed-a753-4767-a3d8-58570d6aa9a5,Pengguna Google,https://play-lh.googleusercontent.com/EGemoI2NTXmTsBVtJqk8jxF9rh8ApRWfsIMQSt2uE4OcpQqbFu7f7NbTK05lx80nuSijCz7sc3a277R67g,"aplikasi pencurian uang anj, topup bisa sama sekali ga bisa buat transaksi, pusat bantuan cuman isinya orang² tolol semua, sampah banget sumpah anjj",1,0,,2025-10-27 00:40:44+00:00,"Hi Kak Supardi, Mohon maaf mengenai kendala tidak bisa melakukan transaksi. Mohon pastikan telah menggunakan aplikasi ShopeePay terbaru dan silakan bisa coba berkala. Apabila masih berkendala mohon menghubungi kami melalui DM Instagram di @ShopeePay_ID untuk bantuan lebih lanjut. Semoga kendala kakak segera terselesaikan ^CS",2025-10-27 11:14:23,,Dataset/dataset\SHOPEEPAY_googleplay_OCTOBER_reviews.csv,topup
a49acbe9-a140-459a-80c7-7bb7c9315850,Pengguna Google,https://play-lh.googleusercontent.com/EGemoI2NTXmTsBVtJqk8jxF9rh8ApRWfsIMQSt2uE4OcpQqbFu7f7NbTK05lx80nuSijCz7sc3a277R67g,"balikin saldo 50 ribu saya, stelah saya top up gifcard Roblox kodeny slh tidak valid pdhl gbisa diredeem knp si g amanah bgt Gopay saya mau saldo saya dbalikin",1,0,1.62.0,2025-11-18 20:35:12+00:00,,,1.62.0,Dataset/dataset\GOPAY_googleplay_NOVEMBER_reviews.csv,topup
daf349a8-48d7-4e20-93d3-ff94bd71c554,Pengguna Google,https://play-lh.googleusercontent.com/EGemoI2NTXmTsBVtJqk8jxF9rh8ApRWfsIMQSt2uE4OcpQqbFu7f7NbTK05lx80nuSijCz7sc3a277R67g,"harus diupgrade mulu. ditambah lagi setiap mau tf kena biaya 2,500",1,0,,2025-11-28 18:56:05+00:00,,,,Dataset/dataset\OVO_googleplay_NOVEMBER_reviews.csv,transfer
f4522b73-0a7d-4985-8c83-44ed0b8b2397,Pengguna Google,https://play-lh.googleusercontent.com/EGemoI2NTXmTsBVtJqk8jxF9rh8ApRWfsIMQSt2uE4OcpQqbFu7f7NbTK05lx80nuSijCz7sc3a277R67g,"Bank Jago benar-benar memudahkan urusan keuangan saya! Aplikasinya ringan, tampilannya modern, dan fitur-fiturnya lengkap. Transfer cepat, tanpa ribet, dan layanan customer service-nya juga responsif. Sangat direkomendasikan!",5,0,8.76.0,2025-10-31 20:04:44+00:00,,,8.76.0,Dataset/dataset\JAGO_googleplay_OCTOBER_reviews.csv,transfer
4d478c0f-9e1c-4ae9-8586-448d2b1b1c11,Pengguna Google,https://play-lh.googleusercontent.com/EGemoI2NTXmTsBVtJqk8jxF9rh8ApRWfsIMQSt2uE4OcpQqbFu7f7NbTK05lx80nuSijCz7sc3a277R67g,tidak ada potongan dan memudahkan transfer sangat cepat,5,0,1.42.03,2025-11-24 20:20:26+00:00,"Hi Kak. Terima kasih telah menggunakan ShopeePay. Mari cek aplikasi ShopeePay karena banyak fitur yang mempermudah keseharian kakak seperti pembelian pulsa, paket data, pembayaran tagihan listrik dan pembayaran lainnya. Jika kakak memiliki pertanyaan seputar ShopeePay, mohon DM kami di Instagram @ShopeePay_ID ya. Semoga harimu menyenangkan ^RJ",2025-11-25 09:43:45,1.42.03,Dataset/dataset\SHOPEEPAY_googleplay_NOVEMBER_reviews.csv,transfer
a08102b6-5023-4ea4-83b8-c00b49f8f8e2,Pengguna Google,https://play-lh.googleusercontent.com/EGemoI2NTXmTsBVtJqk8jxF9rh8ApRWfsIMQSt2uE4OcpQqbFu7f7NbTK05lx80nuSijCz7sc3a277R67g,akun saya nggak bisa masuk bos.soalnyo gmail saya nggak bisa di veripikasi.login lewat no hp nggak bisa,5,0,1.64.0,2025-11-20 12:29:10+00:00,,,1.64.0,Dataset/dataset\GOPAY_googleplay_NOVEMBER_reviews.csv,login
fc642b49-2fb6-4ad8-ab41-1aa8262bf94c,Pengguna Google,https://play-lh.googleusercontent.com/EGemoI2NTXmTsBVtJqk8jxF9rh8ApRWfsIMQSt2uE4OcpQqbFu7f7NbTK05lx80nuSijCz7sc3a277R67g,"aplikasi banyak minusnya sering gak bisa dibuka, potongan top up aneh, tf sering gagal",2,0,3.150.0,2025-12-24 14:49:09+00:00,,,3.150.0,Dataset/dataset\OVO_googleplay_DECEMBER_reviews.csv,topup
cf4fd962-d693-4750-9b71-fbc2e4eaf5fb,Pengguna Google,https://play-lh.googleusercontent.com/EGemoI2NTXmTsBVtJqk8jxF9rh8ApRWfsIMQSt2uE4OcpQqbFu7f7NbTK05lx80nuSijCz7sc3a277R67g,"login aplikasi selalu lama. lelet banget, padahal udh update. lebih bagus pakai bca",1,3,3.2.0,2025-11-27 07:29:53+00:00,"Halo Sahabat @devi kristi purba, mohon maaf atas ketidaknyamanannya. Terkait kendala Sahabat mohon untuk dapat mengirimkan email ke mandiricare@bankmandiri.co.id atau menghubungi Mandiri Call 14000 lalu tekan 2 agar dapat dilakukan pengecekan. Tks~Danti",2025-11-27 07:35:31,3.2.0,Dataset/dataset\LIVIN_googleplay_NOVEMBER_reviews.csv,login
08f666f3-ec7b-4b1a-928f-2ea5273cc886,Pengguna Google,https://play-lh.googleusercontent.com/EGemoI2NTXmTsBVtJqk8jxF9rh8ApRWfsIMQSt2uE4OcpQqbFu7f7NbTK05lx80nuSijCz7sc3a277R67g,gabisa login di mandiriobile,1,0,3.1.0,2025-11-25 22:09:42+00:00,"Hai Sahabat @Boy 1212, mohon maaf atas ketidaknyamanannya. Untuk kendala yg dialami kami persilakan force close aplikasi terlebih dahulu jaringan yg digunakan stabil dan mencoba kembali secara berkala ya. Tks~Charles",2025-11-25 22:11:36,3.1.0,Dataset/dataset\LIVIN_googleplay_NOVEMBER_reviews.csv,login
e9c17b59-717b-4ab9-862f-9041812637a4,Pengguna Google,https://play-lh.googleusercontent.com/EGemoI2NTXmTsBVtJqk8jxF9rh8ApRWfsIMQSt2uE4OcpQqbFu7f7NbTK05lx80nuSijCz7sc3a277R67g,baru aja buka rekening udah BKIN kecewa transfer 2 x gagal terus saldo kepotong nghubungin cs ribet hrus yg punya akun.. saldo saya msih ketahan mau TF ga bisa . tolong perbaiki sistemnya lah jngan ngerugiin nasabah.,1,3,2.5.0,2025-11-18 20:45:57+00:00,"Hai, Kakak. Maaf atas ketidaknyamanannya. Kami akan selalu berusaha memberikan yang terbaik demi memenuhi kebutuhan perbankan Kakak. Terkait kendala tersebut boleh infokan detail kendala serta kirimkan gambar kendalanya ke X @haloblu atau email haloblu@bcadigital.co.id agar kami bisa bantu lebih lanjut ya.
",2025-11-18 20:59:25,2.5.0,Dataset/dataset\BLU_googleplay_NOVEMBER_reviews.csv,transfer
c79e2573-c717-4e8b-9427-d7dc07540c47,Pengguna Google,https://play-lh.googleusercontent.com/EGemoI2NTXmTsBVtJqk8jxF9rh8ApRWfsIMQSt2uE4OcpQqbFu7f7NbTK05lx80nuSijCz7sc3a277R67g,gampang banget buat top up di sini,5,0,1.42.03,2025-11-12 12:07:35+00:00,"Hi Kak Rustam. Terima kasih untuk review positifnya. Untuk transaksi di ShopeePay aman karena dilengkapi dengan fitur keamanan seperti PIN, kode OTP, sidik jari hingga verifikasi wajah. Jika kakak memiliki pertanyaan atau kendala seputar ShopeePay, mohon DM kami di Instagram @ShopeePay_ID ya. Semoga harimu menyenangkan. ^CS",2025-11-12 13:21:25,1.42.03,Dataset/dataset\SHOPEEPAY_googleplay_NOVEMBER_reviews.csv,topup
dbceeb63-9ba9-480f-a18f-3b8888e7342e,Pengguna Google,https://play-lh.googleusercontent.com/EGemoI2NTXmTsBVtJqk8jxF9rh8ApRWfsIMQSt2uE4OcpQqbFu7f7NbTK05lx80nuSijCz7sc3a277R67g,Tidak bisa login ke gopay,1,2,1.62.0,2025-11-12 02:46:19+00:00,"Hai Kak @Mi Lite, untuk login ke aplikasi GoPay, gunakan nomor HP yang terdaftar di akun Gojek-mu. Jika belum punya akun Gojek, kamu bisa daftar langsung di aplikasi GoPay, ya. Jika masih tidak bisa login, laporkan ke kami melalui email ke customerservice@gopay.co.id dan mencantumkan kode psr-25-316-0339-34719 pada subjek email. ^Miko",2025-11-12 10:39:45,1.62.0,Dataset/dataset\GOPAY_googleplay_NOVEMBER_reviews.csv,login
cc1d5895-d4fb-40bc-a571-2480b43c44fe,Pengguna Google,https://play-lh.googleusercontent.com/EGemoI2NTXmTsBVtJqk8jxF9rh8ApRWfsIMQSt2uE4OcpQqbFu7f7NbTK05lx80nuSijCz7sc3a277R67g,"gopay sekarang tidak sebagus dulu, sekarang transfer sampai berjam² tidak masuk² tapi saldo udah kurang. setidaknya klo tidak bisa kirim ya saldonya balikin, masa proses Ampe berjam² tidak selesai². ngadu ke admin malah ribet tapi tidak ada solusi juga",1,46,1.62.0,2025-11-02 00:00:35+00:00,"Hai Kak Henri, mohon maaf atas ketidaknyamanannya. Pastikan nomor tujuan transfer sudah benar dan sudah cek halaman Riwayat. Jika saldo belum juga bertambah, laporkan detailnya melalui email customerservice@gopay.co.id dan cantumkan kode psr-25-306-0536-44043 pada subject email yang kamu kirimkan ya. ^Melisa",2025-11-02 12:36:52,1.62.0,Dataset/dataset\GOPAY_googleplay_NOVEMBER_reviews.csv,transfer
bab35154-9251-4bd1-9a9e-ec3437f2c6a4,Pengguna Google,https://play-lh.googleusercontent.com/EGemoI2NTXmTsBVtJqk8jxF9rh8ApRWfsIMQSt2uE4OcpQqbFu7f7NbTK05lx80nuSijCz7sc3a277R67g,"saya transfer dr CIMB niaga ke ovo 26 rb,pas buka apk ovo tiba"" log out sendiri,saat di buka aplikasi ovo pkai no hp sendiri di blokir kn bangke",1,0,3.144.0,2025-10-06 23:44:14+00:00,"Hai Kak Hendra, mohon maaf atas ketidaknyamanannya. Apabila ada keluhan/pertanyaan mohon menghubungi tim kami melalui email di cs@ovo.id atau call center kami di 1500-696. Terima kasih. ^DW",2021-06-19 08:53:56,3.144.0,Dataset/dataset\OVO_googleplay_OCTOBER_reviews.csv,transfer
b377ef82-9d6e-4292-994b-6747ce801da0,Pengguna Google,https://play-lh.googleusercontent.com/EGemoI2NTXmTsBVtJqk8jxF9rh8ApRWfsIMQSt2uE4OcpQqbFu7f7NbTK05lx80nuSijCz7sc3a277R67g,"aplikasi berat untuk ram hp 3gb udahh ngga bisa gunakan lagi,mau hubungkan akun keshopee nggk bisa suka relog jadi udah ngga bisa login lagi",1,0,,2025-10-07 10:45:42+00:00,"Hi Kak . Mohon maaf atas kendala saat login aplikasi. Kami sarankan untuk melakukan clear cache dengan cara masuk ke Pengaturan>Aplikasi>ShopeePay>Penyimpanan>Hapus cache. Pastikan internet Kakak dalam keadaan stabil & ketersediaan RAM dan Memori yang cukup. Jika kedepannya masih berkendala, silakan hubungi kami di DM Instagram @ShopeePay_ID ^CS",2025-10-07 14:02:05,,Dataset/dataset\SHOPEEPAY_googleplay_OCTOBER_reviews.csv,login
a9f363cc-a4f3-466b-bcba-747399d538af,Pengguna Google,https://play-lh.googleusercontent.com/EGemoI2NTXmTsBVtJqk8jxF9rh8ApRWfsIMQSt2uE4OcpQqbFu7f7NbTK05lx80nuSijCz7sc3a277R67g,"lah kenapa saya top up ml belum masuk masuk padahal,udah bener 100% kembali yang bener",2,1,1.60.0,2025-10-11 14:52:44+00:00,"Hai Kak Ahmad, mohon maaf atas ketidaknyamanannya. Terkait hal tersebut, silakan laporkan melalui email ke customerservice@gopay.co.id dengan melampirkan kode psr-25-284-1016-33332 pada subject email dan ceritakan kembali detail permasalahannya agar tim kami bisa bantu cek lebih lanjut ya. ^Miko",2025-10-11 17:16:50,1.60.0,Dataset/dataset\GOPAY_googleplay_OCTOBER_reviews.csv,topup
37d1a010-2c5a-405e-9b9f-29d08644a893,Pengguna Google,https://play-lh.googleusercontent.com/EGemoI2NTXmTsBVtJqk8jxF9rh8ApRWfsIMQSt2uE4OcpQqbFu7f7NbTK05lx80nuSijCz7sc3a277R67g,saya kecwwa masa top up gak masuk masuk. mana harus nunggu 2hari kerja. gimna dong mna saya butuh banget uangnya,2,0,1.62.0,2025-11-16 17:55:54+00:00,"Hai Kak Maulana, kami mohon maaf atas kondisi yang Kakak alami. Terkait hal ini, dapat kami sampaikan bahwa ada pemeliharaan sistem yang mempengaruhi transaksi Kakak & saat ini sudah kembali normal. Berkenan untuk melakukan pengecekan kembali di akun tujuan secara berkala ya Kak. Mohon maaf atas ketidaknyamanannya. Salam hangat. ^Miko",2025-11-16 18:23:11,1.62.0,Dataset/dataset\GOPAY_googleplay_NOVEMBER_reviews.csv,topup
7da22481-6c62-404b-86d1-41fc3cdf7bc0,Pengguna Google,https://play-lh.googleusercontent.com/EGemoI2NTXmTsBVtJqk8jxF9rh8ApRWfsIMQSt2uE4OcpQqbFu7f7NbTK05lx80nuSijCz7sc3a277R67g,"ini kenapa ovo, ko ga bisa si, udah top up tapi ga bisa buka ovonya 😭",4,0,3.146.0,2025-11-01 20:47:13+00:00,,,3.146.0,Dataset/dataset\OVO_googleplay_NOVEMBER_reviews.csv,topup
37926d36-da97-4a14-a383-a1826552e5d2,Pengguna Google,https://play-lh.googleusercontent.com/EGemoI2NTXmTsBVtJqk8jxF9rh8ApRWfsIMQSt2uE4OcpQqbFu7f7NbTK05lx80nuSijCz7sc3a277R67g,ini gimana aplikasi. transfer dari kmaren prosses terus . di chat email isinya cuman menunggu . tolong lah ini mau saya paki buat berobat jgan dipersulit seperti ini,1,0,,2025-10-03 12:00:25+00:00,,,,Dataset/dataset\OVO_googleplay_OCTOBER_reviews.csv,transfer
2dcd86e6-c5aa-4415-8073-e9d1aa8ec599,Pengguna Google,https://play-lh.googleusercontent.com/EGemoI2NTXmTsBVtJqk8jxF9rh8ApRWfsIMQSt2uE4OcpQqbFu7f7NbTK05lx80nuSijCz7sc3a277R67g,"jgn pernah transfer via ovo disaat keadaaan urgent,,,krn proses penangananya sangat amat mengecewakan butuh berhari""",1,0,3.144.0,2025-10-08 16:34:11+00:00,,,3.144.0,Dataset/dataset\OVO_googleplay_OCTOBER_reviews.csv,transfer
713f43a6-abbd-4b98-afef-ca35ea4c9437,Pengguna Google,https://play-lh.googleusercontent.com/EGemoI2NTXmTsBVtJqk8jxF9rh8ApRWfsIMQSt2uE4OcpQqbFu7f7NbTK05lx80nuSijCz7sc3a277R67g,TF gak masuk padahal ditempat yg TF dah selesai dan ada bukti TF/tgl/nominalnya gak ada gunanya komplain lewat email gak ada respon juga buat apa? gak membantu,1,0,,2025-10-31 13:10:59+00:00,"Hai Kak Hanny, mohon maaf atas ketidaknyamanannya. Pastikan nomor tujuan transfer sudah benar dan sudah cek halaman Riwayat. Jika saldo belum juga bertambah, laporkan detailnya melalui email customerservice@gopay.co.id dan cantumkan kode psr-25-295-1257-31284 pada subject email yang kamu kirimkan ya. ^Miko",2025-10-22 19:57:42,,Dataset/dataset\GOPAY_googleplay_OCTOBER_reviews.csv,transfer
79f74968-d9d5-4b26-a34b-c1d81902635b,Pengguna Google,https://play-lh.googleusercontent.com/EGemoI2NTXmTsBVtJqk8jxF9rh8ApRWfsIMQSt2uE4OcpQqbFu7f7NbTK05lx80nuSijCz7sc3a277R67g,"Mau gak mau harus pake, karena utk keperluan transaksi Ojol meski top up/tf selalu ada potongan dan aplikasi sering lelet",3,0,3.149.0,2025-12-15 09:20:23+00:00,,,3.149.0,Dataset/dataset\OVO_googleplay_DECEMBER_reviews.csv,topup
22a166e5-d4d1-4c25-a2a1-a6cd86206d0b,Pengguna Google,https://play-lh.googleusercontent.com/EGemoI2NTXmTsBVtJqk8jxF9rh8ApRWfsIMQSt2uE4OcpQqbFu7f7NbTK05lx80nuSijCz7sc3a277R67g,knp aku g bisa login KK harus pake verifikasi wajah,5,0,1.62.0,2025-11-17 00:41:43+00:00,,,1.62.0,Dataset/dataset\GOPAY_googleplay_NOVEMBER_reviews.csv,login
6b3b70d7-5919-4e92-944a-415eb2be98bb,Pengguna Google,https://play-lh.googleusercontent.com/EGemoI2NTXmTsBVtJqk8jxF9rh8ApRWfsIMQSt2uE4OcpQqbFu7f7NbTK05lx80nuSijCz7sc3a277R67g,"kejadian lg susha login, knpa sih sering bngt kya gini",2,0,,2025-11-08 14:22:38+00:00,"Halo Sahabat @siska nongnong, mohon maaf atas ketidaknyamannya. Perihal kendala pada layanan Livin' by Mandiri, mohon untuk dapat mengirimkan email ke mandiricare@bankmandiri.co.id atau dapat menghubungi layanan mandiri 14000 agar dapat dilakukan pengecekan. Tks~Cira

",2025-11-08 14:24:33,,Dataset/dataset\LIVIN_googleplay_NOVEMBER_reviews.csv,login
4a02ad08-4666-4812-9aca-a91c4b4384ca,Pengguna Google,https://play-lh.googleusercontent.com/EGemoI2NTXmTsBVtJqk8jxF9rh8ApRWfsIMQSt2uE4OcpQqbFu7f7NbTK05lx80nuSijCz7sc3a277R67g,"2 kali dpt transfer ga nambah saldo, chat cs ga bantu samsek",2,0,,2025-12-05 06:46:10+00:00,"Hai, Kak Putri. Maaf atas ketidaknyamanannya. Terkait kendala tersebut jika transaksi sudah berhasil memotong saldo namun belum masuk, jika sudah menghubungi layanan haloblu mohon Kakak dapat informasikan nomor laporannya ke X @haloblu atau email haloblu@bcadigital.co.id agar kami dapat bantu lebih lanjut kendala yang Kakak alami.",2025-12-05 07:04:22,,Dataset/dataset\BLU_googleplay_DECEMBER_reviews.csv,transfer
7f613ac0-8fda-4fa0-b3e4-4ae79af1056a,Pengguna Google,https://play-lh.googleusercontent.com/EGemoI2NTXmTsBVtJqk8jxF9rh8ApRWfsIMQSt2uE4OcpQqbFu7f7NbTK05lx80nuSijCz7sc3a277R67g,kemari tnggal 28malam sekitar jam 23:40 malam sy ada pembayarn pakai Qris tidak banyak hanya 100rb sy pake bayar tpi malah kepotong jadi 200rb sampai saat ini uang sy yg lebih 100rb tidak ada proses apapun itu di shoppepay ini di suruh menunggu trus kalo begini sy takut simpan uang lagi disini sy lngsung tf uang ke akun bank sy karna bkln takut hilang lgi makasi intinya hati hatu kalian semua sm apk inu sekarang suka mengambil uang,1,0,1.42.03,2025-11-30 10:46:06+00:00,"Hi Kak Sumarni. Mohon maaf mengenai kendala pembayaran ShopeePay terpotong 2 kali. Untuk pengecekan lebih lanjut, mohon menghubungi kami melalui DM ke Instagram @ShopeePay_ID dengan melampirkan bukti pembayaran yang tertera nomor transaksi (Order SN), nominal, tanggal dan waktu transaksi. ^EN",2025-12-01 14:24:38,1.42.03,Dataset/dataset\SHOPEEPAY_googleplay_NOVEMBER_reviews.csv,qris
815cc753-d27b-48bc-a78c-b6a76831386a,Pengguna Google,https://play-lh.googleusercontent.com/EGemoI2NTXmTsBVtJqk8jxF9rh8ApRWfsIMQSt2uE4OcpQqbFu7f7NbTK05lx80nuSijCz7sc3a277R67g,woi yang bener aja lah. gila kali potongan topup gede bener. setiap saldo masuk gak pernah utuh nominal nya. kaya gopay dan dana dong. tanpa potongan admin setiap isi saldo. ini ovo parah bener potongan nya. topup 100k. yg masuk cuma 86k. gila admin nya. gak lagi dah pake ovo. maling duit,1,0,3.147.0,2025-11-25 23:12:15+00:00,,,3.147.0,Dataset/dataset\OVO_googleplay_NOVEMBER_reviews.csv,topup
12e8ad79-77c1-48e1-b057-ebfb63ab9c0a,Pengguna Google,https://play-lh.googleusercontent.com/EGemoI2NTXmTsBVtJqk8jxF9rh8ApRWfsIMQSt2uE4OcpQqbFu7f7NbTK05lx80nuSijCz7sc3a277R67g,"tolong banget ovo, di perbaiki lagi, masa ovo premier-nya cuma bisa satu kali, saya jadi ngk bisa transfer kemana-mana, uang saya jadi ketahan, katanya kalo mau ubah KTP harus masuk ke akun lamanya, daftarpun hanya menggunakan satu metode yaitu nomer telfon, menautkan email paling cepet, tapi kalo lupa nomen handphone ngk bisa dipulihkan dengan email, jadi guna email di cantumin di situ apaan?",1,17,3.149.0,2025-12-15 10:43:43+00:00,,,3.149.0,Dataset/dataset\OVO_googleplay_DECEMBER_reviews.csv,transfer
30704ead-93a8-49e1-acf3-fb40e3c121db,Pengguna Google,https://play-lh.googleusercontent.com/EGemoI2NTXmTsBVtJqk8jxF9rh8ApRWfsIMQSt2uE4OcpQqbFu7f7NbTK05lx80nuSijCz7sc3a277R67g,"gopay pet saya ga bisa check in, mau top up BCA Flazz, e-money bermasalah...ada apa ini ya",5,0,1.61.2,2025-11-06 21:39:11+00:00,,,1.61.2,Dataset/dataset\GOPAY_googleplay_NOVEMBER_reviews.csv,topup
e3223934-54e7-4fa0-8979-48d0305285f6,Pengguna Google,https://play-lh.googleusercontent.com/EGemoI2NTXmTsBVtJqk8jxF9rh8ApRWfsIMQSt2uE4OcpQqbFu7f7NbTK05lx80nuSijCz7sc3a277R67g,"mau login tapi nomor nya sudah tidak ada atau tidak aktf, Kasih solusi",4,0,8.74.0,2025-10-01 17:16:24+00:00,"Halo, Jagoan! Mohon maaf atas ketidaknyamanannya ya. Untuk kendala yang kamu alami, bisakah diinformasikan secara detail ke Tanya Jago di nomor 1500746 /+62 21 3000 0746 atau email ke tanya@jago.com? Kami dengan senang hati akan membantu kamu. :)",2025-10-01 17:32:06,8.74.0,Dataset/dataset\JAGO_googleplay_OCTOBER_reviews.csv,login
d2676574-297e-4d79-9fe4-cf3854937aff,Pengguna Google,https://play-lh.googleusercontent.com/EGemoI2NTXmTsBVtJqk8jxF9rh8ApRWfsIMQSt2uE4OcpQqbFu7f7NbTK05lx80nuSijCz7sc3a277R67g,"gak jelas, masa tbtb transfer harus nunggu 2 hari kerja.. ngaco. hidupnya dari mana gue",1,0,3.149.0,2025-12-13 15:28:19+00:00,,,3.149.0,Dataset/dataset\OVO_googleplay_DECEMBER_reviews.csv,transfer
11020849-c338-402b-bb30-53e27d982b0c,Pengguna Google,https://play-lh.googleusercontent.com/EGemoI2NTXmTsBVtJqk8jxF9rh8ApRWfsIMQSt2uE4OcpQqbFu7f7NbTK05lx80nuSijCz7sc3a277R67g,"APLIKASI SUPER RIBET.. GANGGUAN MULU, SAMA APLIKASI PINJOL AJA KALAH JAUH.. MAU BAYAR PAKE QRIS AJA GANGGUAN MALU-MALUIN..!!!",1,0,3.144.0,2025-10-02 10:57:15+00:00,,,3.144.0,Dataset/dataset\OVO_googleplay_OCTOBER_reviews.csv,qris
fcc1a343-5fcb-4338-95fc-a9fde21af5cd,Pengguna Google,https://play-lh.googleusercontent.com/EGemoI2NTXmTsBVtJqk8jxF9rh8ApRWfsIMQSt2uE4OcpQqbFu7f7NbTK05lx80nuSijCz7sc3a277R67g,"uang transfer ga masuk tapi di histori ada, beli saldo pengemudi malah gak masuk, kacau banget",1,0,3.145.0,2025-10-21 20:57:12+00:00,,,3.145.0,Dataset/dataset\OVO_googleplay_OCTOBER_reviews.csv,transfer
4872c377-d2bb-4fed-a2bb-2b52169128bd,Pengguna Google,https://play-lh.googleusercontent.com/EGemoI2NTXmTsBVtJqk8jxF9rh8ApRWfsIMQSt2uE4OcpQqbFu7f7NbTK05lx80nuSijCz7sc3a277R67g,"aplikasi nya gimana sih,, udah jd nasabah mandiri sekarang d suruh login lg",5,0,3.2.0,2025-12-28 23:55:11+00:00,"Halo Sahabat @Andi Derian, mohon maaf atas ketidaknyamanannya. Untuk perihal kendala yang dialami, mohon untuk dapat mengirimkan email ke mandiricare@bankmandiri.co.id atau dapat menghubungi layanan mandiri 14000 agar dapat dilakukan pengecekan. Tks~Raka",2025-12-29 00:25:31,3.2.0,Dataset/dataset\LIVIN_googleplay_DECEMBER_reviews.csv,login
3dce9b5a-34ad-46e8-9453-b06f3e5a220b,Pengguna Google,https://play-lh.googleusercontent.com/EGemoI2NTXmTsBVtJqk8jxF9rh8ApRWfsIMQSt2uE4OcpQqbFu7f7NbTK05lx80nuSijCz7sc3a277R67g,knapa saya tidak bisa login ke akun ovo premium,5,0,3.148.0,2025-11-27 03:39:42+00:00,,,3.148.0,Dataset/dataset\OVO_googleplay_NOVEMBER_reviews.csv,login
40750828-fe92-4735-9d56-125a8a20d14c,Pengguna Google,https://play-lh.googleusercontent.com/EGemoI2NTXmTsBVtJqk8jxF9rh8ApRWfsIMQSt2uE4OcpQqbFu7f7NbTK05lx80nuSijCz7sc3a277R67g,enak gampang tf,5,0,1.60.0,2025-10-10 14:33:01+00:00,,,1.60.0,Dataset/dataset\GOPAY_googleplay_OCTOBER_reviews.csv,transfer
9ffc629c-1b49-4282-95ba-9c806e2fae13,Pengguna Google,https://play-lh.googleusercontent.com/EGemoI2NTXmTsBVtJqk8jxF9rh8ApRWfsIMQSt2uE4OcpQqbFu7f7NbTK05lx80nuSijCz7sc3a277R67g,"cape banget pakai Livin ini ,sering banget gangguan ,sampai nahan malu mau bayar makanan ,melakukan transaksi via qris gagal terus",3,0,3.1.0,2025-11-09 23:03:10+00:00,"Hai Sahabat @TRI Sugiarto, mohon maaf atas ketidaknyamanannya. Utk pengecekan lebih lanjut atas kendala yg dialami, kami persilakan mengirimkan pesan melalui layanan email kami di mandiricare@bankmandiri.co.id atau mandiri call 14000 ya. Tks~Tommy",2025-11-09 23:11:49,3.1.0,Dataset/dataset\LIVIN_googleplay_NOVEMBER_reviews.csv,qris
5e6c8ad1-9c57-451c-b1a7-80e1dfae6089,Pengguna Google,https://play-lh.googleusercontent.com/EGemoI2NTXmTsBVtJqk8jxF9rh8ApRWfsIMQSt2uE4OcpQqbFu7f7NbTK05lx80nuSijCz7sc3a277R67g,transfer berhasil tapi uang belum masuk sudah laporan nunggu 5 hari kerja uang belum balik lagi ke ovo? aneh perbaiki dong lumayan lagi nominal nya,1,0,3.144.0,2025-10-05 18:11:26+00:00,,,3.144.0,Dataset/dataset\OVO_googleplay_OCTOBER_reviews.csv,transfer
8f71a418-9914-4f90-bc7e-1e0e1706d08b,Pengguna Google,https://play-lh.googleusercontent.com/EGemoI2NTXmTsBVtJqk8jxF9rh8ApRWfsIMQSt2uE4OcpQqbFu7f7NbTK05lx80nuSijCz7sc3a277R67g,gimna sih kok tidak bisa login biasanya kalau lupa password cuma masukin nik udah beres ini malah suruh verifikasi video call.,5,0,,2025-12-01 02:13:07+00:00,,,,Dataset/dataset\JAGO_googleplay_DECEMBER_reviews.csv,login
26acc872-cc73-4f01-8cb3-9ad9d2cff093,Pengguna Google,https://play-lh.googleusercontent.com/EGemoI2NTXmTsBVtJqk8jxF9rh8ApRWfsIMQSt2uE4OcpQqbFu7f7NbTK05lx80nuSijCz7sc3a277R67g,"SY TRANSFER DARI DANA KE OVO 905000,DI DANA SUDAH SUKSES,NAMUN DI OVO GAK ADA YANG MASUK,,PARAH....PENIPU",1,0,3.138.0,2025-10-31 10:15:41+00:00,,,3.138.0,Dataset/dataset\OVO_googleplay_OCTOBER_reviews.csv,transfer
9cdc7f89-faac-4ac8-8ab8-68c994ea2710,Pengguna Google,https://play-lh.googleusercontent.com/EGemoI2NTXmTsBVtJqk8jxF9rh8ApRWfsIMQSt2uE4OcpQqbFu7f7NbTK05lx80nuSijCz7sc3a277R67g,parahh kenapa ya saya top up gopay dari pagi sampai sekarang uang nya blm masuk tolong cek lagi admin,2,0,1.61.2,2025-10-31 20:11:58+00:00,"Hai Kak @Mbah We94, pastikan nomor tujuan sudah benar, sudah cek halaman Riwayat, dan coba keluar dan masuk kembali ke aplikasi. Jika saldo masih belum masuk, silakan laporkan melalui menu Bantuan > ketik 'Top up GoPay saya belum masuk' > isi formulir dan cantumkan kode psr-25-304-1443-40956 pada bagian 'Ceritakan lebih lanjut'. ^Maura",2025-10-31 21:43:46,1.61.2,Dataset/dataset\GOPAY_googleplay_OCTOBER_reviews.csv,topup
5b70f3ba-8fee-4b50-bc65-501b9cac95b4,Pengguna Google,https://play-lh.googleusercontent.com/EGemoI2NTXmTsBVtJqk8jxF9rh8ApRWfsIMQSt2uE4OcpQqbFu7f7NbTK05lx80nuSijCz7sc3a277R67g,"mau bayar ini itu lewat midtrans sama va lainnya sekarang ada biaya adminnya, top up dana biasanya cmn 10.500 minimal sekarang harus 20.5000 minimal jelek banget upgradenya",1,0,3.1.0,2025-11-03 09:37:54+00:00,"Halo Sahabat @Nur Amalia Fitri, mohon maaf atas ketidaknyamanannya. Untuk perihal kendala pada layanan Livin' by Mandiri, mohon untuk dapat mengirimkan email ke mandiricare@bankmandiri.co.id atau dapat menghubungi layanan mandiri 14000 agar dapat dilakukan pengecekan. Tks~Nilam",2025-11-03 09:49:54,3.1.0,Dataset/dataset\LIVIN_googleplay_NOVEMBER_reviews.csv,topup
39e35c48-4efe-483b-b1c8-e5f992df8c7e,Pengguna Google,https://play-lh.googleusercontent.com/EGemoI2NTXmTsBVtJqk8jxF9rh8ApRWfsIMQSt2uE4OcpQqbFu7f7NbTK05lx80nuSijCz7sc3a277R67g,ga bisa di pake buat top up,1,0,1.64.0,2025-11-21 13:31:30+00:00,"Hai Kak Andarias, mohon maaf atas ketidaknyamanannya. Pastikan nomor tujuan valid dan sudah menggunakan aplikasi GoPay versi terbaru ya. Jika masih berkendala, silakan laporkan melalui email ke customerservice@gopay.co.id dan cantumkan kode psr-25-325-0757-01577 pada subjek email. ^Miko",2025-11-21 14:57:16,1.64.0,Dataset/dataset\GOPAY_googleplay_NOVEMBER_reviews.csv,topup
50b58565-4b0d-4b9f-993d-e90f8b6491e2,Pengguna Google,https://play-lh.googleusercontent.com/EGemoI2NTXmTsBVtJqk8jxF9rh8ApRWfsIMQSt2uE4OcpQqbFu7f7NbTK05lx80nuSijCz7sc3a277R67g,"asik si pake gopay, kemana mana gak pusing mikir bawa dompet, beli tiket, cek in hotel, pokoknya boleh di adu sama tetangga sebelah dah , tetapi sangat sering adanya bug terutama di fitur game berhadiah, bukan 1x tapi berulang kali , saran saya Gg marger dan GoPet 2 game yg bagus untuk mengumpulkan poin selain dari top up dan transfer, banyak misi dan hadiah juga jika teman"" kepo lebih baik langsung aja deh coba Ke GOPAY aku jamin uang aman hatipun senang😅",5,3,,2025-10-04 04:59:39+00:00,,,,Dataset/dataset\GOPAY_googleplay_OCTOBER_reviews.csv,topup
de7712b9-23d6-4e5f-969c-8da988ce31dd,Pengguna Google,https://play-lh.googleusercontent.com/EGemoI2NTXmTsBVtJqk8jxF9rh8ApRWfsIMQSt2uE4OcpQqbFu7f7NbTK05lx80nuSijCz7sc3a277R67g,"sering banget sekarang bnyak kendala yh padahal awal² lancar bgt sekarang mau tf aja loding terus tiba"" akun tidak di temukan🤦‍♀️",3,0,8.76.0,2025-11-02 07:13:18+00:00,"Hai, Jagoan! Terima kasih sudah memberikan ulasan dan sudah memilih Bank Jago sebagai bank digital kamu. Semoga Bank Jago bisa semakin mempermudah transaksi perbankan kamu. Jika kamu memerlukan informasi seputar Bank Jago, silakan hubungi Tanya Jago di 1500746/+62 21 3000 0746, atau melalui email ke tanya@jago.com. Dengan senang hati akan membantu.",2025-11-02 09:09:39,8.76.0,Dataset/dataset\JAGO_googleplay_NOVEMBER_reviews.csv,transfer
de9add76-cf62-44aa-bd50-f5a2eca66634,Pengguna Google,https://play-lh.googleusercontent.com/EGemoI2NTXmTsBVtJqk8jxF9rh8ApRWfsIMQSt2uE4OcpQqbFu7f7NbTK05lx80nuSijCz7sc3a277R67g,memudahkan tf uang saku,5,0,1.41.06,2025-10-30 04:53:23+00:00,"Hi Kak. Terima kasih telah menggunakan ShopeePay. Mari cek aplikasi ShopeePay karena banyak fitur yang mempermudah keseharian kakak seperti pembelian pulsa, paket data, pembayaran tagihan listrik dan pembayaran lainnya. Jika kakak memiliki pertanyaan seputar ShopeePay, mohon DM kami di Instagram @ShopeePay_ID ya. Semoga harimu menyenangkan ^RJ",2025-10-30 09:42:59,1.41.06,Dataset/dataset\SHOPEEPAY_googleplay_OCTOBER_reviews.csv,transfer
dafcc1a3-e01b-4784-a7c9-b5ec82c198a1,Pengguna Google,https://play-lh.googleusercontent.com/EGemoI2NTXmTsBVtJqk8jxF9rh8ApRWfsIMQSt2uE4OcpQqbFu7f7NbTK05lx80nuSijCz7sc3a277R67g,saya ingin login tapi nomor sudah hilang . tpi kok tidak bisa mengubah nomor baru .. tolong dibantu proses ganti nomor hp min,2,0,,2025-12-26 21:21:41+00:00,,,,Dataset/dataset\OVO_googleplay_DECEMBER_reviews.csv,login
79a6fa47-9d5f-4fb3-909f-543f90cd9ad7,Pengguna Google,https://play-lh.googleusercontent.com/EGemoI2NTXmTsBVtJqk8jxF9rh8ApRWfsIMQSt2uE4OcpQqbFu7f7NbTK05lx80nuSijCz7sc3a277R67g,"setiap mau transfer selalu gagal, malah kembali ke tempat mengisi nomer dan juga gak bisa pilih bank setiap memilih ke bank yg mau di tf selalu kembali ke pilihan banknya",1,4,3.150.0,2025-12-25 20:04:37+00:00,,,3.150.0,Dataset/dataset\OVO_googleplay_DECEMBER_reviews.csv,transfer
bf1dd79e-0418-45e4-8c4a-13a221aff418,Pengguna Google,https://play-lh.googleusercontent.com/EGemoI2NTXmTsBVtJqk8jxF9rh8ApRWfsIMQSt2uE4OcpQqbFu7f7NbTK05lx80nuSijCz7sc3a277R67g,top up saldo tidak masuk!!!!,1,0,,2025-11-24 22:08:20+00:00,"Hai Kak Adi, pastikan nomor tujuan sudah benar, sudah cek halaman Riwayat, dan coba keluar dan masuk kembali ke aplikasi. Jika saldo masih belum masuk, silakan laporkan melalui menu Bantuan > ketik 'Top up GoPay saya belum masuk' > isi formulir dan cantumkan kode psr-25-329-0707-28517 pada bagian 'Ceritakan lebih lanjut'. ^Melisa",2025-11-25 14:07:34,,Dataset/dataset\GOPAY_googleplay_NOVEMBER_reviews.csv,topup
7e859a01-c0b9-40e0-a74b-a3e4db6e80f4,Pengguna Google,https://play-lh.googleusercontent.com/EGemoI2NTXmTsBVtJqk8jxF9rh8ApRWfsIMQSt2uE4OcpQqbFu7f7NbTK05lx80nuSijCz7sc3a277R67g,buat tf ke dana harus selama itu ya......?? tf hr ini msuknya besok terbaik emang shopeepay,1,0,1.43.10,2025-12-04 16:32:01+00:00,"Hi Kak Agus. Mohon maaf atas kendala transfer saldo ShopeePay ke DANA yang belum diterima. Terkait kendala tersebut mohon menghubungi kami melalui DM ke Instagram @ShopeePay_ID yang bercentang biru, dengan melampirkan bukti transfer yang terkendala untuk bantuan lebih lanjut. Semoga kendala kakak segera terselesaikan ya. ^CS",2025-12-04 17:12:02,1.43.10,Dataset/dataset\SHOPEEPAY_googleplay_DECEMBER_reviews.csv,transfer
e2c63b39-b1b6-46a2-9254-30fac01b7f86,Pengguna Google,https://play-lh.googleusercontent.com/EGemoI2NTXmTsBVtJqk8jxF9rh8ApRWfsIMQSt2uE4OcpQqbFu7f7NbTK05lx80nuSijCz7sc3a277R67g,"Shopee pay sangat membatu untuk transaksi belanja pulsa data bisa transfer bank jg top up ewalet dll, luar biasa, manttap",5,5,1.42.03,2025-11-21 22:20:26+00:00,"Hi Kak. Terima kasih telah menggunakan ShopeePay. Mari cek aplikasi ShopeePay karena banyak fitur yang mempermudah keseharian kakak seperti pembelian pulsa, paket data, pembayaran tagihan listrik dan pembayaran lainnya. Jika kakak memiliki pertanyaan seputar ShopeePay, mohon DM kami di Instagram @ShopeePay_ID ya. Semoga harimu menyenangkan ^RJ",2025-11-24 09:59:08,1.42.03,Dataset/dataset\SHOPEEPAY_googleplay_NOVEMBER_reviews.csv,topup
f1328ddd-b6d3-4bfc-830a-5ad947087357,Pengguna Google,https://play-lh.googleusercontent.com/EGemoI2NTXmTsBVtJqk8jxF9rh8ApRWfsIMQSt2uE4OcpQqbFu7f7NbTK05lx80nuSijCz7sc3a277R67g,gopay pet jadi error engak bisa clam hiadah login harian humans sih apk gopay banyak bug gini,1,0,,2025-10-12 02:04:57+00:00,"Mohon maaf atas kendalanya, Kak Naura. Terkait laporanmu, pastikan kode voucher yang dimasukkan sudah sesuai, ya. Jika masih tidak bisa, silakan laporkan hal ini melalui halaman Bantuan > ketik ""Tidak bisa menukarkan kode promo"" di kolom pencarian > pilih artikel. Pastikan aplikasi sudah versi terbaru ya.^Melisa",2025-10-12 10:38:50,,Dataset/dataset\GOPAY_googleplay_OCTOBER_reviews.csv,login
1cd86484-7167-4115-ba3f-9afd651a1888,Pengguna Google,https://play-lh.googleusercontent.com/EGemoI2NTXmTsBVtJqk8jxF9rh8ApRWfsIMQSt2uE4OcpQqbFu7f7NbTK05lx80nuSijCz7sc3a277R67g,"tolong adain transfer ke e wallet lain, masa kalah sama dana",3,0,3.143.0,2025-10-25 21:01:44+00:00,,,3.143.0,Dataset/dataset\OVO_googleplay_OCTOBER_reviews.csv,transfer
1a668bb5-7fcb-4aec-a788-92bab6bec133,Pengguna Google,https://play-lh.googleusercontent.com/EGemoI2NTXmTsBVtJqk8jxF9rh8ApRWfsIMQSt2uE4OcpQqbFu7f7NbTK05lx80nuSijCz7sc3a277R67g,"plis masih banyak erornya, aku butuh banget fitur tap flazz nya, udh hepi bisa topup tapcash di blu tp sekarang jd eror :(",4,0,2.5.0,2025-11-15 12:58:36+00:00,"Hai, Kakak. Maaf banget atas ketidaknyamanannya. Terkait kendala top up yang Kakak alami, boleh kirimkan gambar kendalanya ke X @haloblu atau email haloblu@bcadigital.co.id agar kami bisa bantu lebih lanjut ya.",2025-11-15 13:58:37,2.5.0,Dataset/dataset\BLU_googleplay_NOVEMBER_reviews.csv,topup
5a6eeb8a-30d3-4c61-9f60-6a645ad8bf6d,Pengguna Google,https://play-lh.googleusercontent.com/EGemoI2NTXmTsBVtJqk8jxF9rh8ApRWfsIMQSt2uE4OcpQqbFu7f7NbTK05lx80nuSijCz7sc3a277R67g,gopay sangat praktis dan banyak promo ya transfer ke bank mana pun gratis lo is the best beutiful 👍👍👍,5,0,,2025-11-06 19:03:40+00:00,,,,Dataset/dataset\GOPAY_googleplay_NOVEMBER_reviews.csv,transfer
a8969629-c18d-49ad-b9d0-8b6edad17b24,Pengguna Google,https://play-lh.googleusercontent.com/EGemoI2NTXmTsBVtJqk8jxF9rh8ApRWfsIMQSt2uE4OcpQqbFu7f7NbTK05lx80nuSijCz7sc3a277R67g,"jarang login,sekali mau login lagi gak bisa-bisa",1,0,3.2.0,2025-11-20 20:19:00+00:00,"Hi Sahabat @SUHAIMI, mohon maaf atas ketidaknyamanannya. Untuk perihal keluhan yang dialami, mohon untuk dapat mengirimkan email ke mandiricare@bankmandiri.co.id atau dapat menghubungi layanan mandiri 14000 agar dapat dilakukan pengecekan. Tks~Amar",2025-11-20 21:33:02,3.2.0,Dataset/dataset\LIVIN_googleplay_NOVEMBER_reviews.csv,login
8483be38-5606-45eb-be52-ff42a4c804d0,Pengguna Google,https://play-lh.googleusercontent.com/EGemoI2NTXmTsBVtJqk8jxF9rh8ApRWfsIMQSt2uE4OcpQqbFu7f7NbTK05lx80nuSijCz7sc3a277R67g,"malam ini, aplikasi error, tidak bisa untuk login. ga ngapa-ngapain tiba-tiba disuruh ngisi ""punya kartu debit/kredit mandiri"", padahal sebelumnya ga logout sama sekali. giliran udah diisi semua (dari nomer kartu fisik, masa berlaku kartu, tanggal/bulan/tahun lahir), pas di bagian suruh masukin kode notifikasi dari sms, malah ga masuk kode notifikasinya di sms.",1,82,3.2.0,2025-11-13 03:18:43+00:00,"Halo Sahabat @FA gaming, mohon maaf atas ketidaknyamanannya. Perihal tsb mohon kesediaannya menghubungi layanan mandiri call 14000 atau mengirimkan email ke mandiricare@bankmandiri.co.id agar dpt kami lakukan pengecekan lebih lanjut ya. Tks~Zafran",2025-11-13 04:28:09,3.2.0,Dataset/dataset\LIVIN_googleplay_NOVEMBER_reviews.csv,login
02b841e3-d684-41ca-9ecd-fe3ee78d6b83,Pengguna Google,https://play-lh.googleusercontent.com/EGemoI2NTXmTsBVtJqk8jxF9rh8ApRWfsIMQSt2uE4OcpQqbFu7f7NbTK05lx80nuSijCz7sc3a277R67g,"aplikasi bodoh, sudah ada akun shopee pay, tapi tidak bisa login. bodoh bodoh. banyakin aja aplikasi, tapi tidak ada gunanya.",1,7,1.44.05,2025-12-17 11:37:59+00:00,"Hi Kak Teguh. Mohon maaf mengenai kendala tidak bisa login akun ShopeePay. Untuk bantuan lebih lanjut, mohon menghubungi kami melalui DM ke Instagram @ShopeePay_ID dengan melampirkan foto/screenshot notifikasi kendala yang dialami. Semoga kendala kakak segera terselesaikan ya. ^CS",2025-12-17 13:07:50,1.44.05,Dataset/dataset\SHOPEEPAY_googleplay_DECEMBER_reviews.csv,login
fdd5ce2c-19e5-4f3b-bf0c-96e07481e7c7,Pengguna Google,https://play-lh.googleusercontent.com/EGemoI2NTXmTsBVtJqk8jxF9rh8ApRWfsIMQSt2uE4OcpQqbFu7f7NbTK05lx80nuSijCz7sc3a277R67g,"ini gmna si mau login pas verifikasi wajah saya sudah mengikuti panduan di layar, mohon berkedip, sudah berkedip masih aja ga bisa² aneh, padahal saya sudah pernah login.",4,0,3.1.0,2025-11-04 11:59:18+00:00,"Halo Sahabat @Fajar Mustofa, mohon maaf atas ketidaknyamannya. Perihal kendala pada layanan Livin' by Mandiri, mohon untuk dapat mengirimkan email ke mandiricare@bankmandiri.co.id atau dapat menghubungi layanan mandiri 14000 agar dapat dilakukan pengecekan. Tks~Ninis",2025-11-04 12:01:56,3.1.0,Dataset/dataset\LIVIN_googleplay_NOVEMBER_reviews.csv,login
ddf1933c-7296-4abd-93ae-a8cde8cebaa5,Pengguna Google,https://play-lh.googleusercontent.com/EGemoI2NTXmTsBVtJqk8jxF9rh8ApRWfsIMQSt2uE4OcpQqbFu7f7NbTK05lx80nuSijCz7sc3a277R67g,"skip dah pake ovo, apa apa kena biaya trs saldo ilang, saldo ga masuk apa top up hdeh",1,0,3.146.0,2025-11-11 19:41:25+00:00,,,3.146.0,Dataset/dataset\OVO_googleplay_NOVEMBER_reviews.csv,topup
b781aad1-877d-4db8-8bf7-ead639a39296,Pengguna Google,https://play-lh.googleusercontent.com/EGemoI2NTXmTsBVtJqk8jxF9rh8ApRWfsIMQSt2uE4OcpQqbFu7f7NbTK05lx80nuSijCz7sc3a277R67g,sangat buruk kalo sudah gangguan uang hilang prosesnya lama dan custumer service nya gak bisa jawab kendala nya apa. padahal cuma transfer dari ovo ke bank lain yg nota notabene bank Himbara dan atas nama saya sendiri. sangat kecewa padahal sudah email ke CS tetep suruh tunggu 1-3 hari padahal saya minta klo gk bisa di tf kembalikan ke saldo tapi tetep gak bisa. sangat tidak profesional.,1,19,3.144.0,2025-10-03 06:20:22+00:00,,,3.144.0,Dataset/dataset\OVO_googleplay_OCTOBER_reviews.csv,transfer
673ba735-499f-43d0-a138-67f2e30d086f,Pengguna Google,https://play-lh.googleusercontent.com/EGemoI2NTXmTsBVtJqk8jxF9rh8ApRWfsIMQSt2uE4OcpQqbFu7f7NbTK05lx80nuSijCz7sc3a277R67g,"dari beberapa aplikasi mobile bankin yang saya instal,baru kali sebel sm aplikasi livin,dari mulai log in yang lama muter² terus sampe uninstal skalinya instal ulang verifikasi wajah gak bs² udah berapa kali kedip tetap gak kedetect.",1,0,,2025-11-25 21:06:20+00:00,"Halo Sahabat @firki sucipto, mohon maaf atas ketidaknyamanannya. Mohon pastikan agar pencahayaan baik dan wajah tidak terlalu dekat dengan kamera. Apabila masih terkendala Sahabat dapat mengirimkan email ke mandiricare@bankmandiri.co.id atau menghubungi mandiri call 14000 agar dapat dilakukan pengecekan.Tks ~ Said
",2025-11-25 21:08:21,,Dataset/dataset\LIVIN_googleplay_NOVEMBER_reviews.csv,vermuk
53897cf8-d0b5-4ca6-b689-5d82a764888d,Pengguna Google,https://play-lh.googleusercontent.com/EGemoI2NTXmTsBVtJqk8jxF9rh8ApRWfsIMQSt2uE4OcpQqbFu7f7NbTK05lx80nuSijCz7sc3a277R67g,Livin Tidak lengkap seperti kemarin Sudah tidak bisa top up lagi ke isaku alasan selalu eror mengecewakan,1,0,3.2.0,2025-11-23 15:24:15+00:00,"Halo Sahabat @Moh fakli Potabuga, mhn maaf atas ketidaknyamanannya. Mohon mencoba kembali secara berkala dgn pastikan melakukan force close dan jaringan yg digunakan stabil. Apabila masih mengalami kendala, mhn kesediaannya menghubungi layanan mandiri call 14000. Tks~Rere",2025-11-23 15:45:11,3.2.0,Dataset/dataset\LIVIN_googleplay_NOVEMBER_reviews.csv,topup
12a50477-cdcf-48f8-9568-603a3c8b3cf1,Pengguna Google,https://play-lh.googleusercontent.com/EGemoI2NTXmTsBVtJqk8jxF9rh8ApRWfsIMQSt2uE4OcpQqbFu7f7NbTK05lx80nuSijCz7sc3a277R67g,saya udah taun taun pake aplikasi liven baru kai ini ga bisa transfer udah 2 Minggu kenapa?,2,0,3.2.0,2025-11-17 13:46:15+00:00,"Halo Sahabat @Risti Yani, mohon maaf atas ketidaknyamannya. Apabila mengalami kendala transaksi melalui Livin' by Mandiri, mohon untuk dapat mengirimkan email ke mandiricare@bankmandiri.co.id atau dapat menghubungi layanan mandiri 14000 agar dapat dilakukan pengecekan. Tks~Vacilla",2025-11-17 13:48:27,3.2.0,Dataset/dataset\LIVIN_googleplay_NOVEMBER_reviews.csv,transfer
41362d0f-042b-4152-bbd9-08e1bf12d911,Pengguna Google,https://play-lh.googleusercontent.com/EGemoI2NTXmTsBVtJqk8jxF9rh8ApRWfsIMQSt2uE4OcpQqbFu7f7NbTK05lx80nuSijCz7sc3a277R67g,"sudah oke, tapi kenapa saldo terpotong biaya administrasi rekening 3000, biaya administrasi kartu debit 6000, kok bisa begitu setiap bulannya ... itu belom lagi biaya TF ke bank lain duh tlong jelasin dong...",3,0,,2025-11-06 21:49:38+00:00,"Hai Sahabat @Oppo Maroon, mohon maaf atas ketidaknyamanannya. Dpt kami informasikan pada umumnya rekening tabungan terdapat biaya administrasi rekening dan kartu mandiri debit ya. Utk pengecekan lebih lanjut kami persilakan dpt menghubungi layanan mandiri call 14000 atau mengirimkan pesan email mandiricare@bankmandiri.co.id. Tks~Divia",2025-11-06 21:53:18,,Dataset/dataset\LIVIN_googleplay_NOVEMBER_reviews.csv,transfer
c630a400-6599-4315-91de-bbfc817e571e,Pengguna Google,https://play-lh.googleusercontent.com/EGemoI2NTXmTsBVtJqk8jxF9rh8ApRWfsIMQSt2uE4OcpQqbFu7f7NbTK05lx80nuSijCz7sc3a277R67g,Tolong di bantu top up saya belum masuk tolong lah di bantu Udah aku hubungin CS,4,2,3.146.0,2025-10-31 18:33:31+00:00,"Hai Kak, maaf ya. Terkait dengan kendala yang Kakak alami, mohon menghubungi tim kami melalui chat bantuan di aplikasi, melalui email di cs@ovo.id atau call center kami di 1500-696 agar dapat kami bantu pengecekan. Terima Kasih. -Leni",2024-03-15 10:24:49,3.146.0,Dataset/dataset\OVO_googleplay_OCTOBER_reviews.csv,topup
135bf8b9-aa1b-4d54-bb42-37252d682c89,Pengguna Google,https://play-lh.googleusercontent.com/EGemoI2NTXmTsBVtJqk8jxF9rh8ApRWfsIMQSt2uE4OcpQqbFu7f7NbTK05lx80nuSijCz7sc3a277R67g,banyak Transfer yg gak masuk padahal transfer sudah sukses,3,0,,2025-10-04 21:43:32+00:00,"Hai Kak Siska, mohon maaf atas ketidaknyamanannya. Pastikan nomor tujuan transfer sudah benar dan sudah cek halaman Riwayat. Jika saldo belum juga bertambah, laporkan detailnya melalui email customerservice@gopay.co.id dan cantumkan kode psr-25-277-1643-12173 pada subject email yang kamu kirimkan ya. ^Miko",2025-10-04 23:43:25,,Dataset/dataset\GOPAY_googleplay_OCTOBER_reviews.csv,transfer
bf36ee0f-2f7f-4641-b10f-7adc4154ca86,Pengguna Google,https://play-lh.googleusercontent.com/EGemoI2NTXmTsBVtJqk8jxF9rh8ApRWfsIMQSt2uE4OcpQqbFu7f7NbTK05lx80nuSijCz7sc3a277R67g,"gk bner ni apk sistem qris nya eror, padahal qris loh, hal yang sepele",1,0,1.59.0,2025-10-02 00:12:34+00:00,"Hai Kak Sandi, mohon maaf atas ketidaknyamanannya. Pastikan kamu menggunakan aplikasi GoPay versi terbaru dan posisi kode QR yang dipindai sudah sesuai. Jika masih berkendala, laporkan melalui email customerservice@gopay.co.id dan cantumkan kode psr-25-275-0552-48029 pada subject email yang kamu kirimkan ya. ^Miko",2025-10-02 12:52:56,1.59.0,Dataset/dataset\GOPAY_googleplay_OCTOBER_reviews.csv,qris
e0b3f378-f286-469a-ba9f-d0bb82635687,Pengguna Google,https://play-lh.googleusercontent.com/EGemoI2NTXmTsBVtJqk8jxF9rh8ApRWfsIMQSt2uE4OcpQqbFu7f7NbTK05lx80nuSijCz7sc3a277R67g,Aplikasi Gopay mantap sekali karena banyak fitur - fitur menarik seperti transfer uang antar bank dan Gopay tanpa biaya transfer. Pembayaran juga bisa memakai Qris sehingga mempermudah pembelian bermacam - macam barang tanpa duit tunai.,5,12,1.59.0,2025-10-05 23:31:04+00:00,,,1.59.0,Dataset/dataset\GOPAY_googleplay_OCTOBER_reviews.csv,qris
ebb9cc57-d15e-4c05-b237-3258baab6db1,Pengguna Google,https://play-lh.googleusercontent.com/EGemoI2NTXmTsBVtJqk8jxF9rh8ApRWfsIMQSt2uE4OcpQqbFu7f7NbTK05lx80nuSijCz7sc3a277R67g,verif wajah susah sekali tolong di perbaiki padahal cmn makeup dikit ajaa kyk udh oplas satu muka.,2,0,2.7.20,2025-12-30 22:10:37+00:00,"Hai, Kak Putri. Maaf atas ketidaknyamanannya. Kami akan selalu berusaha memberikan yang terbaik demi kebutuhan perbankan Kakak. Terkait hal tersebut pastikan beberapa hal berikut, pastikan Kakak tidak memakai sunglasses, di tempat yang terang, tidak backlight, posisi wajah di dalam lingkaran dan pastikan aplikasi blu versi terupdate ya.",2025-12-30 23:25:54,2.7.20,Dataset/dataset\BLU_googleplay_DECEMBER_reviews.csv,vermuk
d4952cb4-bff8-4e68-bb7a-9b96abe076a7,Pengguna Google,https://play-lh.googleusercontent.com/EGemoI2NTXmTsBVtJqk8jxF9rh8ApRWfsIMQSt2uE4OcpQqbFu7f7NbTK05lx80nuSijCz7sc3a277R67g,"Baru mau komentar ternyata ada pengalaman yang sama. Top up saldo Ovo di mbanking sudah terpotong, tapi di Ovo belum masuk. Sudah lebih dari 1x24 jam belum masuk juga saldonya. Sudah laporan di help center semoga cepat diproses. Saya ganti dari bintang satu ke empat karena saldo sudah kembali setelah laporan ke help center, laporan hari sabtu pagi saldo kembali senin sore. Terima kasih.",4,7,3.146.0,2025-11-03 18:15:05+00:00,,,3.146.0,Dataset/dataset\OVO_googleplay_NOVEMBER_reviews.csv,topup
a6aeeebf-b4d0-46ff-8ce9-9964bbeb26b3,Pengguna Google,https://play-lh.googleusercontent.com/EGemoI2NTXmTsBVtJqk8jxF9rh8ApRWfsIMQSt2uE4OcpQqbFu7f7NbTK05lx80nuSijCz7sc3a277R67g,ada bug pada saat Qris yaitu stuck di halaman kosong padahal sinyal stabil tolong segera di fix,4,0,1.64.1,2025-11-25 18:44:57+00:00,,,1.64.1,Dataset/dataset\GOPAY_googleplay_NOVEMBER_reviews.csv,qris
881f5646-4332-4c78-a076-b0d11262fe09,Pengguna Google,https://play-lh.googleusercontent.com/EGemoI2NTXmTsBVtJqk8jxF9rh8ApRWfsIMQSt2uE4OcpQqbFu7f7NbTK05lx80nuSijCz7sc3a277R67g,terlalu besar potongannya jika top up...,2,0,3.144.0,2025-10-18 17:15:48+00:00,,,3.144.0,Dataset/dataset\OVO_googleplay_OCTOBER_reviews.csv,topup
251354c9-2ef9-4678-8166-89c23d857987,Pengguna Google,https://play-lh.googleusercontent.com/EGemoI2NTXmTsBVtJqk8jxF9rh8ApRWfsIMQSt2uE4OcpQqbFu7f7NbTK05lx80nuSijCz7sc3a277R67g,"TRANSFER GAGAL UANG GAK DI KEMBALIKAN UDAH HAMPIR 1 BULAN , GAK ADA KEJELASAN",1,0,1.61.2,2025-11-05 15:59:31+00:00,,,1.61.2,Dataset/dataset\GOPAY_googleplay_NOVEMBER_reviews.csv,transfer
a64480c6-0cbf-4e5b-a080-08b20a749705,Pengguna Google,https://play-lh.googleusercontent.com/EGemoI2NTXmTsBVtJqk8jxF9rh8ApRWfsIMQSt2uE4OcpQqbFu7f7NbTK05lx80nuSijCz7sc3a277R67g,transaksi transfer ke wallet lain kadang lama pengembalian juga lama pembayaran melalui qris sering gagal biaya transaksi jg tinggi tidak recomended,1,0,3.149.0,2025-12-18 01:25:30+00:00,,,3.149.0,Dataset/dataset\OVO_googleplay_DECEMBER_reviews.csv,qris
c72d2d26-5b0a-49bd-893a-3ad506f25d0f,Pengguna Google,https://play-lh.googleusercontent.com/EGemoI2NTXmTsBVtJqk8jxF9rh8ApRWfsIMQSt2uE4OcpQqbFu7f7NbTK05lx80nuSijCz7sc3a277R67g,ini kalo logout terus login lagi jadi ga bisa karna ada maintenance kapan selesainya?,1,0,3.2.0,2025-12-29 19:48:39+00:00,"Halo Sahabat @Dadan Syah, mohon maaf atas ketidaknyamanannya. Apabila terdapat kendala agar dapat kami tindaklanjuti, Sahabat dapat mengirimkan email ke mandiricare@bankmandiri.co.id atau menghubungi layanan Mandiri Call 14000 ya. Tks~Alza",2025-12-29 20:00:27,3.2.0,Dataset/dataset\LIVIN_googleplay_DECEMBER_reviews.csv,login
8ce6006f-fe01-474e-80e3-9c5fb43dea84,Pengguna Google,https://play-lh.googleusercontent.com/EGemoI2NTXmTsBVtJqk8jxF9rh8ApRWfsIMQSt2uE4OcpQqbFu7f7NbTK05lx80nuSijCz7sc3a277R67g,"sangat membantu dalam berdagang, transfer uang, dll.. thax Shopee🙏🏻",5,0,1.42.03,2025-11-05 14:46:15+00:00,"Hi Kak Aliyah. Terima kasih atas review positif yang Kakak bagikan. Kami senang apabila adanya aplikasi ShopeePay dapat bermanfaat bagi kakak. Jangan lupa untuk rutin cek aplikasi ShopeePay untuk mendapatkan promo menarik. Jika Kakak mengalami kendala, hubungi kami di DM Instagram @ShopeePay_ID. ^CS",2025-11-05 15:40:13,1.42.03,Dataset/dataset\SHOPEEPAY_googleplay_NOVEMBER_reviews.csv,transfer
05a1f69e-9518-4bbc-9caa-1522b35a942b,Pengguna Google,https://play-lh.googleusercontent.com/EGemoI2NTXmTsBVtJqk8jxF9rh8ApRWfsIMQSt2uE4OcpQqbFu7f7NbTK05lx80nuSijCz7sc3a277R67g,"tf pending 2 hari kerja gak ada penyelesaian,,ini bukan yg pertama...sudah 2x. menunggu padahal duit yg dikirim itu butuh bgt...tolong gopay pelayanan nya ditingkatkan...jgn ngbrol sama robot mulu. minimal punya cs lah,bisa handle.",1,0,1.61.2,2025-10-29 10:11:19+00:00,"Hai Kak Aga, mohon maaf atas ketidaknyamanannya. Jika kamu masih mengalami kendala, silakan laporkan melalui email ke customerservice@gopay.co.id dengan melampirkan kode psr-25-302-0350-43040 pada subject email dan cantumkan nomor laporan kamu sebelumnya pada email yang kamu kirimkan. Kami tunggu detail laporan kamu ya. ^Maura",2025-10-29 10:50:47,1.61.2,Dataset/dataset\GOPAY_googleplay_OCTOBER_reviews.csv,transfer
59e6c56f-dd97-4999-9560-052d404cf204,Pengguna Google,https://play-lh.googleusercontent.com/EGemoI2NTXmTsBVtJqk8jxF9rh8ApRWfsIMQSt2uE4OcpQqbFu7f7NbTK05lx80nuSijCz7sc3a277R67g,ini sangat bagus transfer gratis lagi,5,0,,2025-11-17 07:23:40+00:00,,,,Dataset/dataset\GOPAY_googleplay_NOVEMBER_reviews.csv,transfer
07219ade-14cf-4660-8c84-69c181122540,Pengguna Google,https://play-lh.googleusercontent.com/EGemoI2NTXmTsBVtJqk8jxF9rh8ApRWfsIMQSt2uE4OcpQqbFu7f7NbTK05lx80nuSijCz7sc3a277R67g,"halo kak mohon bantuan nya tadi malem tanggal 21 november jam 00.10 teman saya transfer uang ke gopay saya tapi masih proses sampai sekarang, saya mohon bantuan nya karna uang nya gede dan lagi butuh 🙏🙏",5,0,1.64.0,2025-11-21 09:12:54+00:00,,,1.64.0,Dataset/dataset\GOPAY_googleplay_NOVEMBER_reviews.csv,transfer
0eae188b-9825-4142-a413-772171d15823,Pengguna Google,https://play-lh.googleusercontent.com/EGemoI2NTXmTsBVtJqk8jxF9rh8ApRWfsIMQSt2uE4OcpQqbFu7f7NbTK05lx80nuSijCz7sc3a277R67g,kenapa sih gopay ini sebelum saya isi saldo bisa masuk ke akun setelan top up gopay langsung gak bisa masuk ke akun,1,1,1.61.2,2025-11-04 06:35:04+00:00,"Hai Kak @dekrin ktp, mohon maaf atas kendala yang kamu alami. Sebelum login, pastikan kamu sudah pakai GoPay versi terbaru & tidak ada kendala pada akun kamu, ya. Jika masih tidak bisa login, laporkan ke kami melalui email ke customerservice@gopay.co.id dan mencantumkan kode psr-25-308-0138-58517 pada subjek email. ^Maura",2025-11-04 08:39:06,1.61.2,Dataset/dataset\GOPAY_googleplay_NOVEMBER_reviews.csv,topup
06c47cc7-e862-4f4c-8bfa-9a00b66b1d80,Pengguna Google,https://play-lh.googleusercontent.com/EGemoI2NTXmTsBVtJqk8jxF9rh8ApRWfsIMQSt2uE4OcpQqbFu7f7NbTK05lx80nuSijCz7sc3a277R67g,"seringkali top up e-money saldo terpotong, tapi saldo e-money sering terjadi tidak masuk saldo saat update saldo dan akhirnya melakukan report ke cs agar dana reimburse... sangat merepotkan untuk nasabah jika melakukan top up via Livin... 👎🏻",1,16,3.2.0,2025-11-14 16:40:33+00:00,"Halo Sahabat @Hadiansyah Wisnu, mohon maaf atas ketidaknyamanannya. Terkait kendala yang dialami Sahabat mohon untuk dapat mengirimkan email ke mandiricare@bankmandiri.co.id atau dapat menghubungi mandiri call 14000 agar dapat dilakukan pengecekan. Tks~Carissa",2025-11-14 16:43:52,3.2.0,Dataset/dataset\LIVIN_googleplay_NOVEMBER_reviews.csv,topup
27245c5b-9cc0-4384-8686-4d995b31e8e0,Pengguna Google,https://play-lh.googleusercontent.com/EGemoI2NTXmTsBVtJqk8jxF9rh8ApRWfsIMQSt2uE4OcpQqbFu7f7NbTK05lx80nuSijCz7sc3a277R67g,bagus gampang tapi kadang kok gak bisa tf ke dana ya,5,0,1.61.2,2025-11-02 01:50:34+00:00,,,1.61.2,Dataset/dataset\GOPAY_googleplay_NOVEMBER_reviews.csv,transfer
46e2c856-7071-44b0-84da-3c6528919313,Pengguna Google,https://play-lh.googleusercontent.com/EGemoI2NTXmTsBVtJqk8jxF9rh8ApRWfsIMQSt2uE4OcpQqbFu7f7NbTK05lx80nuSijCz7sc3a277R67g,bagai mana cara login ? tolong dijawab 😁,5,0,,2025-12-05 15:29:00+00:00,"Hai Sahabat @Man Lower, utk login Livin dpt memasukkan password yg telah dibuat. Namun jika yg dimaksud registrasi Livin' by Mandiri akan diminta memasukkan data kartu mandiri debit aktif berupa 16 digit nomor kartu, valid thru yg tertera di fisik mandiri kartu tanggal lahir, SMS verifikasi berupa kode OTP serta konfirmasi PIN nya. Tks~Divia",2025-12-05 15:37:28,,Dataset/dataset\LIVIN_googleplay_DECEMBER_reviews.csv,login
bea8f4c2-8280-4dab-a9f1-f2cd1824593a,Pengguna Google,https://play-lh.googleusercontent.com/EGemoI2NTXmTsBVtJqk8jxF9rh8ApRWfsIMQSt2uE4OcpQqbFu7f7NbTK05lx80nuSijCz7sc3a277R67g,"aplikasi apaan ni BURUK bgt saldo ku ketahan g bisa tf ,, MOHON SEGERA DI PERBAIKI",1,0,,2025-10-24 21:08:39+00:00,,,,Dataset/dataset\OVO_googleplay_OCTOBER_reviews.csv,transfer
4f4340eb-e296-4fd1-80fa-872c2f3230e7,Pengguna Google,https://play-lh.googleusercontent.com/EGemoI2NTXmTsBVtJqk8jxF9rh8ApRWfsIMQSt2uE4OcpQqbFu7f7NbTK05lx80nuSijCz7sc3a277R67g,"tolong dong gopay menu kirim atau transfer di perjelas, karena menu transfer kadang suka ga keliatan , hanya keliatan riwayat aja di beranda gopay, kalo lgi buru buru bingung nyari menu kirim.",3,5,1.64.1,2025-11-28 01:13:08+00:00,"Hai Kak Abai, mohon maaf atas ketidaknyamanannya. Laporan yang kamu sampaikan akan menjadi masukan bagi kami untuk terus meningkatkan kualitas layanan kami ke depannya. Jika kamu memiliki pertanyaan atau kendala lainnya, silakan kunjungi menu Bantuan di aplikasi GoPay atau email ke customerservice@gopay.co.id. ^Maura",2025-11-28 06:54:33,1.64.1,Dataset/dataset\GOPAY_googleplay_NOVEMBER_reviews.csv,transfer
3630ca70-784d-471f-b16b-5f8f9e7ea620,Pengguna Google,https://play-lh.googleusercontent.com/EGemoI2NTXmTsBVtJqk8jxF9rh8ApRWfsIMQSt2uE4OcpQqbFu7f7NbTK05lx80nuSijCz7sc3a277R67g,top up saldo belum masuk ga ada kejelasan...tidak membantu,1,1,1.59.0,2025-11-22 16:49:11+00:00,"Hai Kak @BORIN OFFICIAL, pastikan nomor tujuan sudah benar, sudah cek halaman Riwayat, dan coba keluar dan masuk kembali ke aplikasi. Jika saldo masih belum masuk, silakan laporkan melalui menu Bantuan > ketik 'Top up GoPay saya belum masuk' > isi formulir dan cantumkan kode psr-25-326-1010-29549 pada bagian 'Ceritakan lebih lanjut'. ^Maura",2025-11-22 17:10:35,1.59.0,Dataset/dataset\GOPAY_googleplay_NOVEMBER_reviews.csv,topup
b5a6a9e1-6f7e-4a46-9be2-1d876f67827c,Pengguna Google,https://play-lh.googleusercontent.com/EGemoI2NTXmTsBVtJqk8jxF9rh8ApRWfsIMQSt2uE4OcpQqbFu7f7NbTK05lx80nuSijCz7sc3a277R67g,"saya dari dulu make mandiri ini dari pertama buat kartu ATM pake mandiri terus sampe sekarang. tapi yang aneh nya kenapa di aplikasi Livin enggak ada pengaduan. kenapa harus telfon ke 14000. saya pernah bayar Qris saldo udah ke potong tapi status pending. udah 1 bulan saldo gak balik lagi, udah saya email tapi gada respon",3,10,3.2.0,2025-11-30 14:12:14+00:00,"Halo Sahabat @Uliel Amri, mohon maaf atas ketidaknyamannya. Perihal kendala pada layanan Livin' by Mandiri, mohon untuk dapat mengirimkan email ke mandiricare@bankmandiri.co.id atau dapat menghubungi layanan mandiri 14000 agar dapat dilakukan pengecekan. Tks~Abrar",2025-11-30 14:22:33,3.2.0,Dataset/dataset\LIVIN_googleplay_NOVEMBER_reviews.csv,qris
10d6ad46-3af7-4028-952e-d17ba0534c50,Pengguna Google,https://play-lh.googleusercontent.com/EGemoI2NTXmTsBVtJqk8jxF9rh8ApRWfsIMQSt2uE4OcpQqbFu7f7NbTK05lx80nuSijCz7sc3a277R67g,jelek banget mau login susah GK worth it mending pake dana aja,1,0,,2025-11-15 16:46:07+00:00,,,,Dataset/dataset\OVO_googleplay_NOVEMBER_reviews.csv,login
cafd2233-1e4e-46b1-9e66-384c3837e7a4,Pengguna Google,https://play-lh.googleusercontent.com/EGemoI2NTXmTsBVtJqk8jxF9rh8ApRWfsIMQSt2uE4OcpQqbFu7f7NbTK05lx80nuSijCz7sc3a277R67g,Aplikasi sering Error. Mau TF aja ngak bisa. Kadang mau login harus masukin Pin dua kali berturut turut. Maintence ngak pernah ada Notif nya. Agak laen emang,1,3,3.144.0,2025-10-05 13:32:01+00:00,,,3.144.0,Dataset/dataset\OVO_googleplay_OCTOBER_reviews.csv,login
6b41fedd-f59f-49c2-9f48-0d9b5c6e5c47,Pengguna Google,https://play-lh.googleusercontent.com/EGemoI2NTXmTsBVtJqk8jxF9rh8ApRWfsIMQSt2uE4OcpQqbFu7f7NbTK05lx80nuSijCz7sc3a277R67g,"tolong diperbaiki lagi bagian Top Up WDP pake kode Voucher / promo kalo udh voucher udh habis gak usah promosi lagi percuma sama aja scam Lo. udh ditunggu jam sesuai ketentuan, eh kode voucher habis bahkan dicoba berkali kali juga kode voucher habis kalo stock habis ganti promo kalo promo terus tapi kode voucher habis buat apa iklan WDP 1 rupiah terus menerus gak jelas banget",2,0,1.62.0,2025-11-28 14:23:25+00:00,"Mohon maaf atas kendalanya, Kak Fauza. Terkait laporanmu, pastikan kode voucher yang dimasukkan sudah sesuai, ya. Jika masih tidak bisa, silakan laporkan hal ini melalui halaman Bantuan > ketik ""Tidak bisa menukarkan kode promo"" di kolom pencarian > pilih artikel dan lengkapi form-nya. Kami siap membantu. ^Melisa",2025-11-28 14:43:57,1.62.0,Dataset/dataset\GOPAY_googleplay_NOVEMBER_reviews.csv,topup
3341fdcd-d137-4476-b3ed-ecff26719551,Pengguna Google,https://play-lh.googleusercontent.com/EGemoI2NTXmTsBVtJqk8jxF9rh8ApRWfsIMQSt2uE4OcpQqbFu7f7NbTK05lx80nuSijCz7sc3a277R67g,"top up tidak masuk, cs nya tidak berguna dan tidak membantu pertanyaan tidak terjawab dengan jelas",1,2,1.60.0,2025-10-19 14:33:41+00:00,"Hai Kak @Wik Nyo, mohon maat atas ketidaknyamanannya. Jika kamu masih mengalami kendala, silakan laporkan melalui email ke customerservice@gopay.co.id dengan melampirkan kode psr-25-292-0803-02000 pada subject email dan cantumkan nomor laporan kamu sebelumnya pada email yang kamu kirimkan. Kami tunggu detail laporan kamu ya. ^Melisa",2025-10-19 15:03:08,1.60.0,Dataset/dataset\GOPAY_googleplay_OCTOBER_reviews.csv,topup
b7c91d38-a3d9-4d78-9c04-533a0dfc4b21,Pengguna Google,https://play-lh.googleusercontent.com/EGemoI2NTXmTsBVtJqk8jxF9rh8ApRWfsIMQSt2uE4OcpQqbFu7f7NbTK05lx80nuSijCz7sc3a277R67g,"aplikasi mandiri kenapa kok jadi gini ya,mau login aja tdk bisa di bukak,mau masuk aja malah keterangan permintaan tdk dapat di proses🤦🏻‍♂ malah keterangan oprasi hp TDK mendukung aneh banget ,gman mau ngecek Livin klw seperti ini 🤦🏻🤦🏻🤦🏻Tolong donk di perbaiki lagi sistemnya",1,1,3.2.0,2025-12-15 20:20:28+00:00,"Hai Sahabat @Nanda Satpam, mohon maaf atas ketidaknyamanannya. Utk pengecekan lebih lanjut atas kendala yg dialami, kami persilakan mengirimkan pesan melalui layanan email kami di mandiricare@bankmandiri.co.id atau mandiri call 14000 ya. Tks~Tommy",2025-12-15 20:41:34,3.2.0,Dataset/dataset\LIVIN_googleplay_DECEMBER_reviews.csv,login
6321b17e-7fc9-42d3-9949-ad01b6acf065,Pengguna Google,https://play-lh.googleusercontent.com/EGemoI2NTXmTsBVtJqk8jxF9rh8ApRWfsIMQSt2uE4OcpQqbFu7f7NbTK05lx80nuSijCz7sc3a277R67g,udah 2 kali setiap tf ga masuk² padahal tf dari jam 5 pagi perlu mau di pake malah suruh nunggu,2,0,1.59.0,2025-10-05 18:56:53+00:00,"Hai Kak Desi, mohon maaf atas ketidaknyamanannya. Pastikan nomor tujuan transfer sudah benar dan sudah cek halaman Riwayat. Jika saldo belum juga bertambah, laporkan detailnya melalui email customerservice@gopay.co.id dan cantumkan kode psr-25-278-1521-17832 pada subject email yang kamu kirimkan ya. ^Miko",2025-10-05 22:21:29,1.59.0,Dataset/dataset\GOPAY_googleplay_OCTOBER_reviews.csv,transfer
86f79e30-bea4-43e3-830f-0fac7c15a9c5,Pengguna Google,https://play-lh.googleusercontent.com/EGemoI2NTXmTsBVtJqk8jxF9rh8ApRWfsIMQSt2uE4OcpQqbFu7f7NbTK05lx80nuSijCz7sc3a277R67g,"Kalo mau tf gaada biaya Admin, top up gamenya jg murah apalagi Mlbb. mau tf juga gampang. banyak pilihan mau beli pulsa,data dll. minusnya suka boong wdp mlbb 1rb di jam 17.00 tp overal bagus lah",5,3,1.62.0,2025-11-23 18:32:53+00:00,,,1.62.0,Dataset/dataset\GOPAY_googleplay_NOVEMBER_reviews.csv,topup
525af515-c0fc-4c5d-8298-d36a55cbd7c4,Pengguna Google,https://play-lh.googleusercontent.com/EGemoI2NTXmTsBVtJqk8jxF9rh8ApRWfsIMQSt2uE4OcpQqbFu7f7NbTK05lx80nuSijCz7sc3a277R67g,"tolong lah,kenapa fitur ganti nomor login tidak ada fungainya,,tidak bisa ganti nomor login..harap di perbaharui secepatnya.eror gak bisa ganti nomor login",1,0,,2025-10-19 05:33:07+00:00,,,,Dataset/dataset\OVO_googleplay_OCTOBER_reviews.csv,login
b8517e16-1aad-49b6-861d-d86d7bb0b075,Pengguna Google,https://play-lh.googleusercontent.com/EGemoI2NTXmTsBVtJqk8jxF9rh8ApRWfsIMQSt2uE4OcpQqbFu7f7NbTK05lx80nuSijCz7sc3a277R67g,mau login aja susah,3,0,1.61.2,2025-10-30 21:02:08+00:00,"Hai Kak Putra, untuk login ke aplikasi GoPay, gunakan nomor HP yang terdaftar di akun Gojek-mu. Jika belum punya akun Gojek, kamu bisa daftar langsung di aplikasi GoPay, ya. Jika masih tidak bisa login, laporkan ke kami melalui email ke customerservice@gopay.co.id dan mencantumkan kode psr-25-303-1428-58473 pada subjek email.^Melisa",2025-10-30 21:29:08,1.61.2,Dataset/dataset\GOPAY_googleplay_OCTOBER_reviews.csv,login
65447d18-d4e7-47cd-808e-0595369849e0,Pengguna Google,https://play-lh.googleusercontent.com/EGemoI2NTXmTsBVtJqk8jxF9rh8ApRWfsIMQSt2uE4OcpQqbFu7f7NbTK05lx80nuSijCz7sc3a277R67g,"Mau LOGIN AJA SUSAH AMAT !!! KODE OTP UDAH DIMASUKIN, BUKANYA LANGSUNG KEBUKA. INI MALAH TERUS MINTA OTP. KALAU KODE OTP ITU BISA GAK LEWAT SMS AJA, ATAU KITA BISA PILIH MAU OTP DARIMANA. JADI GAK OTOMATIS TERKIRIM KE WHATSAPP!",1,2,1.60.0,2025-10-12 18:09:56+00:00,"Mohon maaf, Kak @Google User. Saat login, tunggu 30 detik untuk menerima kode OTP. Setelah itu, klik 'Kirim ulang kode OTP' untuk minta kode OTP baru. Jika kamu masih tidak bisa login, silakan laporkan melalui email ke customerservice@gopay.co.id dengan mencantumkan kode psr-25-285-1147-09833 di subjek email. ^Maura",2025-10-12 18:47:15,1.60.0,Dataset/dataset\GOPAY_googleplay_OCTOBER_reviews.csv,login
b5605fa2-5dd8-41cf-9cbb-393c8a110124,Pengguna Google,https://play-lh.googleusercontent.com/EGemoI2NTXmTsBVtJqk8jxF9rh8ApRWfsIMQSt2uE4OcpQqbFu7f7NbTK05lx80nuSijCz7sc3a277R67g,apakah trf dari bca ke blu atau sebaliknya masih kena biaya?,3,0,2.7.0,2025-12-19 04:31:14+00:00,"Hai, Kak Gumilar. Maaf atas ketidaknyamanannya. Terkait adanya biaya transfer BI-FAST dari BCA ke blu adalah ketentuan dari BCA. Namun tenang saja Kakak masih bebas biaya transfer BI-FAST dari blu ke BCA ya. blu by BCA Digital adalah anak perusahaan dari Bank BCA, tetapi sudah berbeda bank. Masing-masing mempunyai kebijakan yang berbeda Kak.",2025-12-19 06:02:36,2.7.0,Dataset/dataset\BLU_googleplay_DECEMBER_reviews.csv,transfer
293186e2-19cf-43dd-857a-9cc4024fa6b5,Pengguna Google,https://play-lh.googleusercontent.com/EGemoI2NTXmTsBVtJqk8jxF9rh8ApRWfsIMQSt2uE4OcpQqbFu7f7NbTK05lx80nuSijCz7sc3a277R67g,aplikasi ini ngk bagus pas login di pinta nomor dan nama lengkap pas di kasih nama saya muncul saat huruf aja ngk bisa kebuka,1,1,3.145.0,2025-10-25 21:17:12+00:00,,,3.145.0,Dataset/dataset\OVO_googleplay_OCTOBER_reviews.csv,login
944fd8d9-6fdd-4011-8701-2ab42c6f24c3,Pengguna Google,https://play-lh.googleusercontent.com/EGemoI2NTXmTsBVtJqk8jxF9rh8ApRWfsIMQSt2uE4OcpQqbFu7f7NbTK05lx80nuSijCz7sc3a277R67g,saya mengalami kendala saat mau penarikan/ transfer dana. padahal transfer ke seabank dan rekening tsb sudah dikaitkan dg akun shopee saya. sudah lapor ke cs infonya diminta menunggu 1x24jam. setelah lebih saya coba lagi hasilnya masih tetap tidak bisa bagaimana ini ?,1,0,,2025-10-01 17:22:29+00:00,"Hi Kak Joko, Mohon maaf atas kendala tidak bisa transfer ShopeePay ke SeaBank. Silakan mencoba kembali dalam waktu 1x24 jam. Pastikan verifikasi wajah sudah sesuai dengan KTP yang terdaftar di ShopeePay. Apabila masih terkendala, kakak dapat menghubungi kami melalui DM ke IG @ShopeePay_ID yang bercentang biru ya. ^EN",2025-10-01 18:08:23,,Dataset/dataset\SHOPEEPAY_googleplay_OCTOBER_reviews.csv,transfer
6049d7d9-44f1-4ae2-897c-670f90f25bdf,Pengguna Google,https://play-lh.googleusercontent.com/EGemoI2NTXmTsBVtJqk8jxF9rh8ApRWfsIMQSt2uE4OcpQqbFu7f7NbTK05lx80nuSijCz7sc3a277R67g,"akun gak bisa login, ditanya by wa cuma copas doang jawabannya sampe ganti 2admin jawaban nya sama smua. saya tidak merekomendasikan",1,0,8.76.0,2025-11-01 16:46:41+00:00,"Halo, Jagoan! Mohon maaf atas ketidaknyamanan yang Kakak alami. Supaya bisa membantu lebih lanjut, Kakak bisa menginformasikan detail keluhannya melalui email tanya@jago.com ya. Tim terkait kami dengan senang hati akan membantu Kakak menyelesaikan permasalahannya.",2025-11-01 17:18:54,8.76.0,Dataset/dataset\JAGO_googleplay_NOVEMBER_reviews.csv,login
9646da48-e99e-41e7-99dc-595e28bde173,Pengguna Google,https://play-lh.googleusercontent.com/EGemoI2NTXmTsBVtJqk8jxF9rh8ApRWfsIMQSt2uE4OcpQqbFu7f7NbTK05lx80nuSijCz7sc3a277R67g,nyaman banget wajib coba tapi di hp ku kok terkadang loading nya lama banget terus Dikit dikit sintem tidak menanggapi dan terkadang juga sistem aplikasi nya menyatakan bahwa akun anda sudah login padahal aku belum login sama sekali,5,2,,2025-10-15 21:43:00+00:00,"Hi Kak. Terima kasih telah menggunakan ShopeePay. Mari cek aplikasi ShopeePay karena banyak fitur yang mempermudah keseharian kakak seperti pembelian pulsa, paket data, pembayaran tagihan listrik dan pembayaran lainnya. Jika kakak memiliki pertanyaan seputar ShopeePay, mohon DM kami di Instagram @ShopeePay_ID ya. Semoga harimu menyenangkan ^RJ",2025-10-16 09:27:58,,Dataset/dataset\SHOPEEPAY_googleplay_OCTOBER_reviews.csv,login
40d87e95-0edc-4d08-83e1-6da9619a7985,Pengguna Google,https://play-lh.googleusercontent.com/EGemoI2NTXmTsBVtJqk8jxF9rh8ApRWfsIMQSt2uE4OcpQqbFu7f7NbTK05lx80nuSijCz7sc3a277R67g,"transfer nya lama GK kaya aplikasi Laen, giliran minta dibatalin aja GK bisa. alesannya karna sistem.sistemnya aja GK jelas",1,0,1.44.04,2025-12-07 03:39:42+00:00,"Hi Kak San. Mohon maaf atas kendala transfer saldo ShopeePay yang belum diterima dan pembatalan. Terkait kendala tersebut mohon menghubungi kami melalui DM ke Instagram @ShopeePay_ID yang bercentang biru, dengan melampirkan bukti transfer yang terkendala untuk bantuan lebih lanjut. Semoga kendala kakak segera terselesaikan ya. ^CS",2025-12-08 14:48:12,1.44.04,Dataset/dataset\SHOPEEPAY_googleplay_DECEMBER_reviews.csv,transfer
5f543272-81fe-4931-a468-51ed1f032060,Pengguna Google,https://play-lh.googleusercontent.com/EGemoI2NTXmTsBVtJqk8jxF9rh8ApRWfsIMQSt2uE4OcpQqbFu7f7NbTK05lx80nuSijCz7sc3a277R67g,baru kali ini gopay saya ada transaksi di transfer saldonya gk ada tapi transferannya udh masuk,5,0,1.61.2,2025-11-06 16:33:38+00:00,,,1.61.2,Dataset/dataset\GOPAY_googleplay_NOVEMBER_reviews.csv,transfer
94a3ddf1-011f-4d66-8a58-39e20adba1ac,Pengguna Google,https://play-lh.googleusercontent.com/EGemoI2NTXmTsBVtJqk8jxF9rh8ApRWfsIMQSt2uE4OcpQqbFu7f7NbTK05lx80nuSijCz7sc3a277R67g,sering bug gak jelas TF ke bank status berhasil tapi saldo gak masuk sama sekali,1,0,3.144.0,2025-10-09 16:54:34+00:00,,,3.144.0,Dataset/dataset\OVO_googleplay_OCTOBER_reviews.csv,transfer
1640d612-c645-4c8e-a078-db18b0d272dc,Pengguna Google,https://play-lh.googleusercontent.com/EGemoI2NTXmTsBVtJqk8jxF9rh8ApRWfsIMQSt2uE4OcpQqbFu7f7NbTK05lx80nuSijCz7sc3a277R67g,"living mandiri tiba tiba keluar,mau login susah harus verifikasi muka gagal mulu,akses susah,kenapa jadi menyusahkan cast",1,0,,2025-11-29 03:31:20+00:00,"Halo Sahabat @ Naura Ayunda, mhn maaf atas ketidaknyamanannya.Kendala verifikasi wajah saat registrasi Livin, Sahabat dpt pastikan pencahayaan baik dan wajah tidak terlalu dekat kamera. Apabila masih terkendala dpt mengirimkan email ke mandiricare@bankmandiri.co.id atau menghubungi mandiri call 14000 agar dpt dilakukan pengecekan.Tks~Charles",2025-11-29 03:59:00,,Dataset/dataset\LIVIN_googleplay_NOVEMBER_reviews.csv,login
58a1c2f8-661f-4096-bdaf-2f0957d90ebd,Pengguna Google,https://play-lh.googleusercontent.com/EGemoI2NTXmTsBVtJqk8jxF9rh8ApRWfsIMQSt2uE4OcpQqbFu7f7NbTK05lx80nuSijCz7sc3a277R67g,"Terlalu mudah di hack , dan sistem keamanan nya masih lemah . CS nya tidak melakukan pemberian informasi terkait riwayat transaksi yang terjadi lebih 5 bulan yang lalu. Uang saya hilang 3,4 juta rupiah di Gopay. Jangan aktifkan Gopay later. Begitu kena hack akan digunakan untuk Transaksi di Tokopedia, saya kena 19 juta tanpa sepengetahuan saya. Dan uang saya di bank Jago hilang 50 jutaan dalam waktu yang sama. hati"" dengan GOTO. Jangan topup atau simpan uang banyak.",1,9,1.59.0,2025-10-03 18:32:01+00:00,"Hai Kak Herman, mohon maaf atas kendala yang kamu alami terkait GoPay Later. Agar masalahnya dapat segera kami bantu, silakan ceritakan lebih lanjut kepada kami melalui email ke support@mab.co.id dan cantumkan kode psr-25-276-1508-43506 di subjek email, ya. ^Melisa",2025-10-03 22:08:51,1.59.0,Dataset/dataset\GOPAY_googleplay_OCTOBER_reviews.csv,topup
76ad0cb2-8021-4cac-80c1-a75365ac79d4,Pengguna Google,https://play-lh.googleusercontent.com/EGemoI2NTXmTsBVtJqk8jxF9rh8ApRWfsIMQSt2uE4OcpQqbFu7f7NbTK05lx80nuSijCz7sc3a277R67g,"Gopay gak bisa scan barcode QRIS yang sdh di download di galeri. Setiap kali mau scan , buka foto barcode QRIS yg ada di galeri, Gopay TIDAK merespon...",1,0,1.61.2,2025-11-05 16:37:26+00:00,"Hai Kak Yohanes, maaf atas ketidaknyamanannya. Pastikan kamu menggunakan aplikasi GoPay versi terbaru dan kode QR yang dipindai berasal dari merchant yang menerima pembayaran melalui kode GoPay. Jika masih berkendala, laporkan melalui email ke customerservice@gopay.co.id dan cantumkan kode psr-25-310-0912-38057 pada subjek email. ^Maura",2025-11-06 16:12:44,1.61.2,Dataset/dataset\GOPAY_googleplay_NOVEMBER_reviews.csv,qris
54e2150b-6d70-4f8d-a7a1-381cdcea6eb2,Pengguna Google,https://play-lh.googleusercontent.com/EGemoI2NTXmTsBVtJqk8jxF9rh8ApRWfsIMQSt2uE4OcpQqbFu7f7NbTK05lx80nuSijCz7sc3a277R67g,pembayaran qris sekali pakai bisa ke scan ganda !!!! saldo saya terpotong 2x sudah bbrpa kali hubungi cs tpi responnya gak sesuai harapan... masalah kedua top up yang gak masuk.. di struk sama mutasi sudah sukses tapi saldo gaada masuk ke akun gopay... Saya sangat kecewa brand sebesar ini tpi masih banyak kendala sma masalahnya.. untuk kedepannya tolong lebih di perbaiki lgi,1,0,,2025-11-07 04:23:03+00:00,"Hai Kak Iqbal, mohon maat atas ketidaknyamanannya. Jika kamu masih mengalami kendala, silakan laporkan melalui email ke customerservice@gopay.co.id dengan melampirkan kode psr-25-303-1307-53900 pada subject email dan cantumkan nomor laporan kamu sebelumnya pada email yang kamu kirimkan. Kami tunggu detail laporan kamu ya. ^Melisa",2025-10-30 20:08:00,,Dataset/dataset\GOPAY_googleplay_NOVEMBER_reviews.csv,qris
2e437c7d-cccf-4944-b86f-c26064f03edb,Pengguna Google,https://play-lh.googleusercontent.com/EGemoI2NTXmTsBVtJqk8jxF9rh8ApRWfsIMQSt2uE4OcpQqbFu7f7NbTK05lx80nuSijCz7sc3a277R67g,"Apk buruk,top up namun saldo tidak ter update. lebih parah lagi dana tidak di kembalikan!",1,1,1.60.0,2025-10-21 11:51:51+00:00,"Hai Kak Prastyo, pastikan nomor tujuan sudah benar, sudah cek halaman Riwayat, dan coba keluar dan masuk kembali ke aplikasi. Jika saldo masih belum masuk, silakan laporkan melalui menu Bantuan > ketik 'Top up GoPay saya belum masuk' > isi formulir dan cantumkan kode psr-25-294-0703-16392 pada bagian 'Ceritakan lebih lanjut'. ^Melisa",2025-10-21 14:03:24,1.60.0,Dataset/dataset\GOPAY_googleplay_OCTOBER_reviews.csv,topup
30de73df-9e63-40b5-8aeb-5d1c968e8db1,Pengguna Google,https://play-lh.googleusercontent.com/EGemoI2NTXmTsBVtJqk8jxF9rh8ApRWfsIMQSt2uE4OcpQqbFu7f7NbTK05lx80nuSijCz7sc3a277R67g,"jago lagi kenapa deh, udah sekarang jumlah gratis beda banknya cuma 3, eh sekarang aku mau tf bahkan log in aja gak bisa²",1,0,8.75.0,2025-10-24 18:23:58+00:00,"Halo, Jagoan. Mohon maaf atas kendala yang terjadi ya. Kamu tidak perlu khawatir, kamu bisa menjelaskan detail kendala tersebut melalui email di tanya@jago.com atau call center 1500 746 untuk kami bantu tangani lebih lanjut. Terima kasih :)",2025-10-24 19:25:00,8.75.0,Dataset/dataset\JAGO_googleplay_OCTOBER_reviews.csv,transfer
1f957352-8b1b-449a-9e1c-938ff998aa6e,Pengguna Google,https://play-lh.googleusercontent.com/EGemoI2NTXmTsBVtJqk8jxF9rh8ApRWfsIMQSt2uE4OcpQqbFu7f7NbTK05lx80nuSijCz7sc3a277R67g,kenapa ga bisa login?,1,0,3.146.0,2025-10-30 15:30:50+00:00,,,3.146.0,Dataset/dataset\OVO_googleplay_OCTOBER_reviews.csv,login
5515d3bf-de1d-4167-ae53-e0d35db39c7b,Pengguna Google,https://play-lh.googleusercontent.com/EGemoI2NTXmTsBVtJqk8jxF9rh8ApRWfsIMQSt2uE4OcpQqbFu7f7NbTK05lx80nuSijCz7sc3a277R67g,"2× transfer ngestuk trs di proses, nunggu hampir 1 Minggu saldo baru bisa balik habis transaksi gagal kecewa sinyal ada kuota juga masih banya ttp aja gk bisa",1,4,3.144.0,2025-10-16 18:08:28+00:00,,,3.144.0,Dataset/dataset\OVO_googleplay_OCTOBER_reviews.csv,transfer
