reviewId,userName,userImage,content,score,thumbsUpCount,reviewCreatedVersion,at,replyContent,repliedAt,appVersion,source,keyword
e1b63107-ea1a-48f8-8b1c-f1902d6672ed,Pengguna Google,https://play-lh.googleusercontent.com/EGemoI2NTXmTsBVtJqk8jxF9rh8ApRWfsIMQSt2uE4OcpQqbFu7f7NbTK05lx80nuSijCz7sc3a277R67g,"itu gmn min laporan saya, masa aneh banget tampilan nya begitu gabisa liat saldo, transfer dll. sampe skrg blm ada kejelasan udh report di email",1,0,,2025-12-14 12:53:13+00:00,,,,Dataset/dataset\OVO_googleplay_DECEMBER_reviews.csv,transfer
2a4d549d-ecad-45f2-8ef1-afc214f70692,Pengguna Google,https://play-lh.googleusercontent.com/EGemoI2NTXmTsBVtJqk8jxF9rh8ApRWfsIMQSt2uE4OcpQqbFu7f7NbTK05lx80nuSijCz7sc3a277R67g,"saya ada transfer masuk dari bank lain, kok saldo di bank jago saya tidak berubah ya?",2,0,8.76.0,2025-10-31 10:15:26+00:00,"Halo, Jagoan! Mohon maaf atas kendala yang kamu alami ya. Saya mengerti situasi sulit ini mengganggu kamu. Mohon kesediaannya mengirimkan email ke tanya@jago.com dengan melampirkan bukti foto/tangkapan layar kendala kamu. Agar dapat segera kami bantu.",2025-10-31 10:34:33,8.76.0,Dataset/dataset\JAGO_googleplay_OCTOBER_reviews.csv,transfer
f4173517-2d22-49db-8369-07a36cb89b9b,Pengguna Google,https://play-lh.googleusercontent.com/EGemoI2NTXmTsBVtJqk8jxF9rh8ApRWfsIMQSt2uE4OcpQqbFu7f7NbTK05lx80nuSijCz7sc3a277R67g,Ini sangat bagus dan saya bisa top up game saya sendiri,5,0,,2025-10-18 14:28:31+00:00,,,,Dataset/dataset\GOPAY_googleplay_OCTOBER_reviews.csv,topup
f981f9d6-242f-4cb8-8643-a356f039c9cb,Pengguna Google,https://play-lh.googleusercontent.com/EGemoI2NTXmTsBVtJqk8jxF9rh8ApRWfsIMQSt2uE4OcpQqbFu7f7NbTK05lx80nuSijCz7sc3a277R67g,gopay lagi eror kah tidak bisa login,4,0,1.64.0,2025-11-19 04:33:04+00:00,,,1.64.0,Dataset/dataset\GOPAY_googleplay_NOVEMBER_reviews.csv,login
d91e3caa-a1e0-41cf-b386-35816c0c456e,Pengguna Google,https://play-lh.googleusercontent.com/EGemoI2NTXmTsBVtJqk8jxF9rh8ApRWfsIMQSt2uE4OcpQqbFu7f7NbTK05lx80nuSijCz7sc3a277R67g,"saya kasih bintang lima bukannya bagus cuma kasih paham ke cs admin jangan mempersulit pelanggan transaksi, tidak bisa langsung di proses untuk melakukan transfer apa lagi saya driver. untuk driver kalo pembayaran Via ovo jangan di Terima soalnya susah untuk penarikan saldo saat ini !!",5,0,3.147.0,2025-11-22 11:26:37+00:00,,,3.147.0,Dataset/dataset\OVO_googleplay_NOVEMBER_reviews.csv,transfer
a256ecea-f789-4212-b751-76a251f82096,Pengguna Google,https://play-lh.googleusercontent.com/EGemoI2NTXmTsBVtJqk8jxF9rh8ApRWfsIMQSt2uE4OcpQqbFu7f7NbTK05lx80nuSijCz7sc3a277R67g,"aneh aplikasi ovo kok topup Saldo Grab Driver setelah berhasil Topup tapi hilang Histori transaksi, jadi tdk bisa copy kode pin... tolong di perbaiki",1,1,3.145.0,2025-10-28 22:40:00+00:00,,,3.145.0,Dataset/dataset\OVO_googleplay_OCTOBER_reviews.csv,topup
e268c343-ca07-4f23-81a9-9ffd4e59d7ba,Pengguna Google,https://play-lh.googleusercontent.com/EGemoI2NTXmTsBVtJqk8jxF9rh8ApRWfsIMQSt2uE4OcpQqbFu7f7NbTK05lx80nuSijCz7sc3a277R67g,"aplikasinya bagus, bebas transfer",5,0,1.64.1,2025-11-25 15:28:45+00:00,,,1.64.1,Dataset/dataset\GOPAY_googleplay_NOVEMBER_reviews.csv,transfer
b9598468-5469-4253-b76e-215f4ac5d3d7,Pengguna Google,https://play-lh.googleusercontent.com/EGemoI2NTXmTsBVtJqk8jxF9rh8ApRWfsIMQSt2uE4OcpQqbFu7f7NbTK05lx80nuSijCz7sc3a277R67g,"kenapa dengan ovo, tampilan awal nya tidak terlihat/ bug ,gemana mau transfer layar nya putih ,cuman ovopoin saja yang terlihat tolong diperbaikin",3,1,3.150.0,2025-12-26 17:38:48+00:00,"Hai Kak, maaf ya. Terkait dengan kendala yang Kakak alami, mohon menghubungi tim kami melalui chat bantuan di aplikasi, melalui email di cs@ovo.id atau call center kami di 1500-696 agar dapat kami bantu pengecekan. Terima Kasih. -Leni",7/9/2023 15:21,3.150.0,Dataset/dataset\OVO_googleplay_DECEMBER_reviews.csv,transfer
fd91599f-0ac7-4c73-a50b-a4b63729a2b6,Pengguna Google,https://play-lh.googleusercontent.com/EGemoI2NTXmTsBVtJqk8jxF9rh8ApRWfsIMQSt2uE4OcpQqbFu7f7NbTK05lx80nuSijCz7sc3a277R67g,tolong di benahi lagi di karenakan saya sudah 2 kali transfer dan tidak masuk langsung rekening proses trus saja,5,0,,2025-12-07 07:17:22+00:00,,,,Dataset/dataset\OVO_googleplay_DECEMBER_reviews.csv,transfer
700b2bdf-63f2-43e4-9157-1278f472512f,Pengguna Google,https://play-lh.googleusercontent.com/EGemoI2NTXmTsBVtJqk8jxF9rh8ApRWfsIMQSt2uE4OcpQqbFu7f7NbTK05lx80nuSijCz7sc3a277R67g,aplikasi engga danta anjir masa mau Upgrade malah jadi kaya pengguna baru lagi mana baru top up 50.0000 lagi tolong dong min solusinya,1,1,3.145.0,2025-10-26 16:33:17+00:00,,,3.145.0,Dataset/dataset\OVO_googleplay_OCTOBER_reviews.csv,topup
68a1f3fc-b9f6-4e5b-929c-4a4440aef7d6,Pengguna Google,https://play-lh.googleusercontent.com/EGemoI2NTXmTsBVtJqk8jxF9rh8ApRWfsIMQSt2uE4OcpQqbFu7f7NbTK05lx80nuSijCz7sc3a277R67g,mau transfer ke gopay langsung ribet.harus kepihak ke tiga coba kaya Gopay sangat mudah dan gampang bisa transfer langsung ke sesama wallet.tolong di permudah biar orang pada pakai ovo.,1,0,,2025-10-16 01:40:45+00:00,,,,Dataset/dataset\OVO_googleplay_OCTOBER_reviews.csv,transfer
a6020cdf-6bc4-4711-be6d-30c51ce21cf8,Pengguna Google,https://play-lh.googleusercontent.com/EGemoI2NTXmTsBVtJqk8jxF9rh8ApRWfsIMQSt2uE4OcpQqbFu7f7NbTK05lx80nuSijCz7sc3a277R67g,masa sekarang transfer lewat VA berbayar,1,0,3.1.0,2025-11-10 17:19:01+00:00,"Hai Sahabat @Ulfah Oliver, mohon maaf atas ketidaknyamanannya. Terhitung 1 November 2025 terdapat perubahan nominal biaya transaksi fitur Top Up dan Bayar/VA pada Livin' by Mandiri. Kami memahami penyesuaian ini menimbulkan ketidaknyamanan, namun hal ini dilakukan utk menjaga kualitas layanan digital melalui Livin’ by Mandiri. Tks~Divia",2025-11-10 17:30:34,3.1.0,Dataset/dataset\LIVIN_googleplay_NOVEMBER_reviews.csv,transfer
b20f2966-1df2-4736-9dc3-ee083328282d,Pengguna Google,https://play-lh.googleusercontent.com/EGemoI2NTXmTsBVtJqk8jxF9rh8ApRWfsIMQSt2uE4OcpQqbFu7f7NbTK05lx80nuSijCz7sc3a277R67g,aplikasi rusak pengin transfer harus upgrade ke primer giran mau update ga bisa ga jelas di persulit,1,0,,2025-10-23 14:59:58+00:00,,,,Dataset/dataset\OVO_googleplay_OCTOBER_reviews.csv,transfer
c6176fc2-60b1-467e-b47d-5b72c010e585,Pengguna Google,https://play-lh.googleusercontent.com/EGemoI2NTXmTsBVtJqk8jxF9rh8ApRWfsIMQSt2uE4OcpQqbFu7f7NbTK05lx80nuSijCz7sc3a277R67g,"saya sering sekali memakai ovo untuk trx apapun,memudahkan saya dalam hal top up pulsa,data dan lainnya",5,0,3.148.0,2025-11-23 01:09:27+00:00,,,3.148.0,Dataset/dataset\OVO_googleplay_NOVEMBER_reviews.csv,topup
2d00aa6f-44e1-47fa-849d-c61611e79532,Pengguna Google,https://play-lh.googleusercontent.com/EGemoI2NTXmTsBVtJqk8jxF9rh8ApRWfsIMQSt2uE4OcpQqbFu7f7NbTK05lx80nuSijCz7sc3a277R67g,sangat berguna buat TF sangat mudah,5,0,1.60.0,2025-10-11 07:57:47+00:00,,,1.60.0,Dataset/dataset\GOPAY_googleplay_OCTOBER_reviews.csv,transfer
e9e65e39-92ca-40b8-a773-3a09c7644873,Pengguna Google,https://play-lh.googleusercontent.com/EGemoI2NTXmTsBVtJqk8jxF9rh8ApRWfsIMQSt2uE4OcpQqbFu7f7NbTK05lx80nuSijCz7sc3a277R67g,"Shopee, ShopeePay, dan Mitra Shopee j semua layanan itu satu ekosistem. Jadi agak aneh kalau harus bikin email lain cuma buat aktivasi QRIS merchant. apapun pertanyaan jawaban semua cs harus pake email baru dan nomor baru,",1,0,,2025-10-28 21:18:02+00:00,"Hi Kak. Mohon maaf atas kendala tidak bisa aktivasi QRIS merchant. Kami siap membantu kakak, terkait kendala tersebut mohon menghubungi kami melalui DM ke Instagram @ShopeePay_ID yang bercentang biru, dengan menginformasikan detail dan bukti kendala untuk bantuan lebih lanjut. Semoga kendala kakak segera terselesaikan ya. ^CS",2025-10-29 11:01:24,,Dataset/dataset\SHOPEEPAY_googleplay_OCTOBER_reviews.csv,qris
e34872b1-8d17-441b-aa80-75477376d433,Pengguna Google,https://play-lh.googleusercontent.com/EGemoI2NTXmTsBVtJqk8jxF9rh8ApRWfsIMQSt2uE4OcpQqbFu7f7NbTK05lx80nuSijCz7sc3a277R67g,"tolong perbaiki sistem pada aplikasi mu terutama pas verif wajah ,mau login susah karna verif muka 12 kali percobaan gagal padahal kamera udh jernih ga goyang data juga sama yg tercantum dan aneh masa gagal terus ,tapi pake aplikasi lain yg menggunakan verif wajah bisa ,cuma gopay yg bapukkk kecewa gw",2,1,1.60.0,2025-10-15 23:24:53+00:00,"Hai Kak Reza, untuk login ke aplikasi GoPay, gunakan nomor HP yang terdaftar di akun Gojek-mu. Jika belum punya akun Gojek, kamu bisa daftar langsung di aplikasi GoPay, ya. Jika masih tidak bisa login, laporkan ke kami melalui email ke customerservice@gopay.co.id dan mencantumkan kode psr-25-288-1657-42956 pada subjek email.^Melisa",2025-10-15 23:57:51,1.60.0,Dataset/dataset\GOPAY_googleplay_OCTOBER_reviews.csv,login
f0f3cfe0-1574-46ee-9ca1-1665beed4865,Pengguna Google,https://play-lh.googleusercontent.com/EGemoI2NTXmTsBVtJqk8jxF9rh8ApRWfsIMQSt2uE4OcpQqbFu7f7NbTK05lx80nuSijCz7sc3a277R67g,mau transfer....pake gopay....lancarrrrr,5,0,,2025-11-20 17:51:40+00:00,,,,Dataset/dataset\GOPAY_googleplay_NOVEMBER_reviews.csv,transfer
08dd31d9-da59-4c3b-b207-9c4cd268b9bd,Pengguna Google,https://play-lh.googleusercontent.com/EGemoI2NTXmTsBVtJqk8jxF9rh8ApRWfsIMQSt2uE4OcpQqbFu7f7NbTK05lx80nuSijCz7sc3a277R67g,aplikasi transfer lama sekali gak ada kejelasan sudah transfer dari jam 6 pagi dan sampai jam 10 belum terima,1,2,1.59.0,2025-10-05 08:59:44+00:00,"Hai Kak Cindi, pastikan nomor tujuan benar dan sudah cek halaman Riwayat. Jika setelah 2x24 jam di hari kerja (diluar Sabtu, Minggu, atau Libur) saldo belum bertambah, silakan lapor ke menu Bantuan > ketik 'Transfer saldo ke bank atau e-wallet belum diterima' dan cantumkan kode psr-25-278-0214-02302 pada bagian 'Ceritakan lebih lanjut'. ^Maura",2025-10-05 09:14:08,1.59.0,Dataset/dataset\GOPAY_googleplay_OCTOBER_reviews.csv,transfer
bf4546a5-10c2-4a6b-9e73-7e226004dd5c,Pengguna Google,https://play-lh.googleusercontent.com/EGemoI2NTXmTsBVtJqk8jxF9rh8ApRWfsIMQSt2uE4OcpQqbFu7f7NbTK05lx80nuSijCz7sc3a277R67g,ga bisa top up pulsa.,1,0,3.146.0,2025-11-07 09:13:18+00:00,,,3.146.0,Dataset/dataset\OVO_googleplay_NOVEMBER_reviews.csv,topup
03900eb6-fba1-4df5-bb45-8cd64e1edf24,Pengguna Google,https://play-lh.googleusercontent.com/EGemoI2NTXmTsBVtJqk8jxF9rh8ApRWfsIMQSt2uE4OcpQqbFu7f7NbTK05lx80nuSijCz7sc3a277R67g,ini aplikasi percuma.. sering tidak bisa transaksi menggunakan qris,1,0,3.2.0,2025-12-13 21:27:46+00:00,"Halo Sahabat @anggi orando, mohon maaf atas ketidaknyamanannya. Apabila terdapat kendala agar dapat kami tindaklanjuti, Sahabat dapat mengirimkan email ke mandiricare@bankmandiri.co.id atau menghubungi layanan mandiri call 14000 ya. Tks~Carlos",2025-12-13 21:30:40,3.2.0,Dataset/dataset\LIVIN_googleplay_DECEMBER_reviews.csv,qris
668ad935-d525-450a-9e34-835f716e9b6c,Pengguna Google,https://play-lh.googleusercontent.com/EGemoI2NTXmTsBVtJqk8jxF9rh8ApRWfsIMQSt2uE4OcpQqbFu7f7NbTK05lx80nuSijCz7sc3a277R67g,"rekomendasi banget buat yg jauh dr ATM, transfer gratis 👍👍👍",5,0,1.61.2,2025-10-31 14:50:27+00:00,,,1.61.2,Dataset/dataset\GOPAY_googleplay_OCTOBER_reviews.csv,transfer
c4ac59ca-79f7-4b10-9130-c8f13640ac97,Pengguna Google,https://play-lh.googleusercontent.com/EGemoI2NTXmTsBVtJqk8jxF9rh8ApRWfsIMQSt2uE4OcpQqbFu7f7NbTK05lx80nuSijCz7sc3a277R67g,"DIKIT DIKIT BIAYA ADMIN? TRANSFER SEKIAN BIAYA ADMIN? GRAB KENAPA SIH SAMA OVO, SEMOGA ADA PERBAIKAN DEH",2,0,3.146.0,2025-11-02 17:05:57+00:00,,,3.146.0,Dataset/dataset\OVO_googleplay_NOVEMBER_reviews.csv,transfer
1bc0cf7d-2a34-42f8-9a55-e3cc7aceba10,Pengguna Google,https://play-lh.googleusercontent.com/EGemoI2NTXmTsBVtJqk8jxF9rh8ApRWfsIMQSt2uE4OcpQqbFu7f7NbTK05lx80nuSijCz7sc3a277R67g,ko skrg ovo kya begini ya..skrg kl transfer ke niaga udah gk bisa juga itu gmna ya,5,0,3.148.0,2025-12-09 05:44:56+00:00,,,3.148.0,Dataset/dataset\OVO_googleplay_DECEMBER_reviews.csv,transfer
7db10cc4-36db-4811-945e-2d15fcfdf004,Pengguna Google,https://play-lh.googleusercontent.com/EGemoI2NTXmTsBVtJqk8jxF9rh8ApRWfsIMQSt2uE4OcpQqbFu7f7NbTK05lx80nuSijCz7sc3a277R67g,top up cepat aplikasi joss,5,0,1.64.1,2025-11-26 22:17:10+00:00,,,1.64.1,Dataset/dataset\GOPAY_googleplay_NOVEMBER_reviews.csv,topup
99a770e7-dadf-4820-9592-5ff3590dcbcf,Pengguna Google,https://play-lh.googleusercontent.com/EGemoI2NTXmTsBVtJqk8jxF9rh8ApRWfsIMQSt2uE4OcpQqbFu7f7NbTK05lx80nuSijCz7sc3a277R67g,"Min nomer hp yg terdaftarnya kan hilang ya, terus solusi nya gmn min kalo mau bisa login lagi. Apa ada nomer cs yg bisa dihubungi perihal untuk kendala tersebut?",3,0,,2025-11-07 01:01:12+00:00,"Halo, Jagoan! Mohon maaf atas ketidaknyamanan yang Kakak alami. Supaya bisa membantu lebih lanjut, Kakak bisa menginformasikan detail keluhannya melalui email tanya@jago.com ya. Tim terkait kami dengan senang hati akan membantu Kakak menyelesaikan permasalahannya.",2025-11-07 02:46:16,,Dataset/dataset\JAGO_googleplay_NOVEMBER_reviews.csv,login
fea1e374-3f9f-4bbc-b987-778da3c97638,Pengguna Google,https://play-lh.googleusercontent.com/EGemoI2NTXmTsBVtJqk8jxF9rh8ApRWfsIMQSt2uE4OcpQqbFu7f7NbTK05lx80nuSijCz7sc3a277R67g,"Pantesan ratingnya minus. Saya mau tf via QR aja gagal mulu, padahal sudah kyc, app nya versi terbaru, sinyal saya juga bagus. Perbaiki masalah bag bug ini wahai developer...",2,0,,2025-10-21 23:03:44+00:00,,,,Dataset/dataset\OVO_googleplay_OCTOBER_reviews.csv,transfer
27faedad-bf4d-4d39-a88a-cf25e659644b,Pengguna Google,https://play-lh.googleusercontent.com/EGemoI2NTXmTsBVtJqk8jxF9rh8ApRWfsIMQSt2uE4OcpQqbFu7f7NbTK05lx80nuSijCz7sc3a277R67g,awalnya baik2 sj saat masih pakai livin tapi tiba2 aplikasi livin dngn sendirinya berubah ke aplikasi terbaru dan d haruskan mengisi data2 seperti saat pertamakali mau pakai livin ... saat verifikasi wajah berulang kali tdk terdektesi dan di ulang kembali hingga ratusan X masih tetap sama... hanya menghabiskan data saja aplikasi livin terbaru.....,1,28,3.2.0,2025-12-03 20:46:01+00:00,"Halo Sahabat @Hilda Tahisa, mohon maaf atas ketidaknyamanannya. Terkait kendala Sahabat mohon untuk dapat mengirimkan email ke mandiricare@bankmandiri.co.id atau dapat menghubungi Mandiri Call 14000 lalu tekan 2 agar dapat dilakukan pengecekan. Tks~Amar",2025-12-03 21:05:10,3.2.0,Dataset/dataset\LIVIN_googleplay_DECEMBER_reviews.csv,vermuk
c8a08d75-f8f6-439b-bbcd-2e8d866bbb25,Pengguna Google,https://play-lh.googleusercontent.com/EGemoI2NTXmTsBVtJqk8jxF9rh8ApRWfsIMQSt2uE4OcpQqbFu7f7NbTK05lx80nuSijCz7sc3a277R67g,"Transfer masuk ke ovo dipotong admin 2000, transfer keluar dari ovo dipotong admin 2500. Transfer ke E wallet lain ?? TIDAK MAMPU 😂 APLIKASI SAMPAH, UNINSTAL MASAL !",1,0,3.20.0,2025-10-27 21:51:22+00:00,,,3.20.0,Dataset/dataset\OVO_googleplay_OCTOBER_reviews.csv,transfer
2ceffcd9-4a54-4b27-9d15-73d9780ab7b6,Pengguna Google,https://play-lh.googleusercontent.com/EGemoI2NTXmTsBVtJqk8jxF9rh8ApRWfsIMQSt2uE4OcpQqbFu7f7NbTK05lx80nuSijCz7sc3a277R67g,klo bisa TF jangan premium,5,0,1.60.0,2025-11-01 08:54:30+00:00,,,1.60.0,Dataset/dataset\GOPAY_googleplay_NOVEMBER_reviews.csv,transfer
b274e32f-edff-4bfb-b4bc-52d7758308d0,Pengguna Google,https://play-lh.googleusercontent.com/EGemoI2NTXmTsBVtJqk8jxF9rh8ApRWfsIMQSt2uE4OcpQqbFu7f7NbTK05lx80nuSijCz7sc3a277R67g,"buat kalian jangan make e wallet ini,masalah transfer gamau di atasi,biaya admin paling mahal dari semua e wallet,pikir'lagi aja kalo mau unduh e wallet sampah ini.",1,2,3.144.0,2025-10-06 07:14:25+00:00,,,3.144.0,Dataset/dataset\OVO_googleplay_OCTOBER_reviews.csv,transfer
f37b783a-f46b-45db-bf4d-202daa5dc10b,Pengguna Google,https://play-lh.googleusercontent.com/EGemoI2NTXmTsBVtJqk8jxF9rh8ApRWfsIMQSt2uE4OcpQqbFu7f7NbTK05lx80nuSijCz7sc3a277R67g,livin app knapa gak bisa tranfer ya mau top up juga gak bisa !,1,0,3.2.0,2025-11-27 07:43:30+00:00,"Halo Sahabat @Mr Annata89, mohon maaf atas ketidaknyamanannya. Terkait kendala Sahabat mohon untuk dapat mengirimkan email ke mandiricare@bankmandiri.co.id atau dapat menghubungi Mandiri Call 14000 lalu tekan 2 agar dapat dilakukan pengecekan. Tks~Kila",2025-11-27 07:44:58,3.2.0,Dataset/dataset\LIVIN_googleplay_NOVEMBER_reviews.csv,topup
ff4cfbe9-68b6-4d9c-8ad3-05d25d7fbb02,Pengguna Google,https://play-lh.googleusercontent.com/EGemoI2NTXmTsBVtJqk8jxF9rh8ApRWfsIMQSt2uE4OcpQqbFu7f7NbTK05lx80nuSijCz7sc3a277R67g,sulit sekali untuk upgrade ke gopay plus nya😭 jadi gak bisa transfer' ke bank,2,0,1.64.0,2025-11-22 18:08:43+00:00,"Hai Kak Bayu, mohon maaf atas ketidaknyamanannya. Sebelum kamu mencoba upgrade ke GoPay Plus, pastikan dokumen serta foto selfie yang kamu kirim sudah sesuai dengan ketentuan GoPay. Jika masih tidak bisa, silakan laporkan detailnya melalui email ke customerservice@gopay.co.id dan lampirkan kode psr-25-326-1136-45319 pada subject email ya. ^Maura",2025-11-22 18:36:51,1.64.0,Dataset/dataset\GOPAY_googleplay_NOVEMBER_reviews.csv,transfer
7265e3de-0871-49c1-ab1d-5893e8da2191,Pengguna Google,https://play-lh.googleusercontent.com/EGemoI2NTXmTsBVtJqk8jxF9rh8ApRWfsIMQSt2uE4OcpQqbFu7f7NbTK05lx80nuSijCz7sc3a277R67g,biaya admin ditulis gratis pas transfer tiba2 hilang seribu 😂,3,0,1.42.03,2025-11-09 15:00:44+00:00,"Hi Kak Irfan, Mohon maaf atas kendala adanya biaya admin saat transfer. Saat ini terdapat promo gratis admin transfer melalui aplikasi ShopeePay dan promo berlaku kirim uang ke bank min. Rp1,- dan kirim ke wallet/Virtual account min. Rp10.000,- ya. Untuk bantuan pengecekan, mohon menghubungi kami melalui DM Instagram di @ShopeePay_ID. ^CS",2025-11-10 13:53:53,1.42.03,Dataset/dataset\SHOPEEPAY_googleplay_NOVEMBER_reviews.csv,transfer
16de75fa-2645-418f-b2b3-246980163f25,Pengguna Google,https://play-lh.googleusercontent.com/EGemoI2NTXmTsBVtJqk8jxF9rh8ApRWfsIMQSt2uE4OcpQqbFu7f7NbTK05lx80nuSijCz7sc3a277R67g,"tolong dong saldo saya segera di proses/dikembalikan,saya transfer dri shopeePay ke Allo bank tapi blom ada masuk,tapi di apk shopeePay nya sudah d dproses atau terkirim ,sejak tgl 27 kemaren sampai sekarang blom ada masuk,tolong dong memang tidak banyak 800K tapi itu bayar kontrakan",1,18,1.43.10,2025-11-29 07:27:40+00:00,"Hi Kak Efendi. Mohon maaf mengenai kendala transfer ShopeePay yang belum diterima. Untuk pengecekan lebih lanjut, mohon menghubungi kami melalui DM ke Instagram @ShopeePay_ID dengan melampirkan rincian transfer yang berkendala ^EN",2025-12-01 13:12:02,1.43.10,Dataset/dataset\SHOPEEPAY_googleplay_NOVEMBER_reviews.csv,transfer
7c045ac5-a12d-4fcf-afc5-b0e889feabc8,Pengguna Google,https://play-lh.googleusercontent.com/EGemoI2NTXmTsBVtJqk8jxF9rh8ApRWfsIMQSt2uE4OcpQqbFu7f7NbTK05lx80nuSijCz7sc3a277R67g,"aplikasi aneh sangat membuang waktu, sudah susah2 daftar tapi pas mau login akun hilang tulisannya email/sandi salah dasar kocak",1,5,8.77.3,2025-11-19 23:23:45+00:00,"Halo, Jagoan. Mohon maaf atas kendala yang terjadi ya. Kamu tidak perlu khawatir, kamu bisa menjelaskan detail kendala tersebut melalui email di tanya@jago.com atau call center 1500 746 untuk kami bantu tangani lebih lanjut. Terima kasih :)",2025-11-20 00:03:12,8.77.3,Dataset/dataset\JAGO_googleplay_NOVEMBER_reviews.csv,login
c2acc29f-dd90-48aa-8354-db59eaba650b,Pengguna Google,https://play-lh.googleusercontent.com/EGemoI2NTXmTsBVtJqk8jxF9rh8ApRWfsIMQSt2uE4OcpQqbFu7f7NbTK05lx80nuSijCz7sc3a277R67g,"akun saya kena hack sama mantan suami sampe saya gak bisa bayar pake apk nya sedangkan ada tagihan, dan skrng saya top up karna sudah kembali akun saya , tolong gimana cara pengaduan",5,0,3.149.0,2025-12-09 23:40:30+00:00,,,3.149.0,Dataset/dataset\OVO_googleplay_DECEMBER_reviews.csv,topup
b23f18fa-916a-48de-996a-d94ccc4bc38f,Pengguna Google,https://play-lh.googleusercontent.com/EGemoI2NTXmTsBVtJqk8jxF9rh8ApRWfsIMQSt2uE4OcpQqbFu7f7NbTK05lx80nuSijCz7sc3a277R67g,salah satu teman saya transfer ke saya 21.000 namun mengapa saat uang masuk malah menjadi 20.000? apakah ini merupakan pajak atau bagaimana?,1,0,1.54.0,2025-11-11 00:14:51+00:00,,,1.54.0,Dataset/dataset\GOPAY_googleplay_NOVEMBER_reviews.csv,transfer
a85abe09-8516-4318-a3d0-5a7c01904c06,Pengguna Google,https://play-lh.googleusercontent.com/EGemoI2NTXmTsBVtJqk8jxF9rh8ApRWfsIMQSt2uE4OcpQqbFu7f7NbTK05lx80nuSijCz7sc3a277R67g,"setiap mau masuk aplikasi selalu log out, ketika ingin login sama seperti itu juga, aplikasi busuk",1,0,8.76.0,2025-11-06 03:21:47+00:00,"Halo, Jagoan. Mohon maaf atas kendala yang terjadi ya. Kamu tidak perlu khawatir, kamu bisa menjelaskan detail kendala tersebut melalui email di tanya@jago.com atau call center 1500 746 untuk kami bantu tangani lebih lanjut. Terima kasih :)",2025-11-06 03:30:24,8.76.0,Dataset/dataset\JAGO_googleplay_NOVEMBER_reviews.csv,login
a265031f-9df5-435d-813f-230ca2578120,Pengguna Google,https://play-lh.googleusercontent.com/EGemoI2NTXmTsBVtJqk8jxF9rh8ApRWfsIMQSt2uE4OcpQqbFu7f7NbTK05lx80nuSijCz7sc3a277R67g,baru kali ini transfer dr bank jago ke bank lain nominal 5jt hrs vc....sesulit itu...membuat nasabah tidak nyaman dan was2...tolong OJK dan BI,1,0,8.74.0,2025-10-09 10:40:54+00:00,"Hai, Jagoan. Mohon maaf untuk kendala yang kamu alami. Terkait kendala tersebut, kamu bisa segera laporkan ke Tanya Jago di nomor 1500746/021-30000746 atau e-mail ke tanya@jago.com ya. Tidak perlu khawatir karena tim terkait kami akan segera membantu. Terima kasih.",2025-10-09 11:23:21,8.74.0,Dataset/dataset\JAGO_googleplay_OCTOBER_reviews.csv,transfer
c4f00c1c-d215-4a69-8b94-d33a6431b4e5,Pengguna Google,https://play-lh.googleusercontent.com/EGemoI2NTXmTsBVtJqk8jxF9rh8ApRWfsIMQSt2uE4OcpQqbFu7f7NbTK05lx80nuSijCz7sc3a277R67g,"kirim uang ke bank manapun tanpa admin, jd bisa buat usaha transfer dan jual kuota, token listrik, dpt untung deh",5,1,1.43.10,2025-12-01 16:35:51+00:00,"Hi Kak Isti, Terima kasih telah menggunakan fitur transfer ShopeePay. Mari terus gunakan aplikasi ShopeePay karena banyak fitur yang memudahkan untuk belanja online. Kakak juga dapat melakukan pembayaran ke Merchant offline yang telah bekerja sama dengan ShopeePay. .Jika memiliki pertanyaan seputar ShopeePay, mohon DM kami di IG @ShopeePay_ID ^EN",2025-12-01 18:15:03,1.43.10,Dataset/dataset\SHOPEEPAY_googleplay_DECEMBER_reviews.csv,transfer
47726093-5e27-4bf1-a13c-642eb95149de,Pengguna Google,https://play-lh.googleusercontent.com/EGemoI2NTXmTsBVtJqk8jxF9rh8ApRWfsIMQSt2uE4OcpQqbFu7f7NbTK05lx80nuSijCz7sc3a277R67g,sering bug. potongan tf ke ovo 1-2 rb,1,0,3.150.0,2025-12-23 20:58:01+00:00,,,3.150.0,Dataset/dataset\OVO_googleplay_DECEMBER_reviews.csv,transfer
3c7b05d4-eb77-4a33-8672-7ab9865c3802,Pengguna Google,https://play-lh.googleusercontent.com/EGemoI2NTXmTsBVtJqk8jxF9rh8ApRWfsIMQSt2uE4OcpQqbFu7f7NbTK05lx80nuSijCz7sc3a277R67g,"top up gopay saldo belum masuk, padahal sudah di transfer, kecewa dengan pelayanan nya",1,3,1.61.2,2025-11-02 01:18:18+00:00,"Hai Kak Mahbub, pastikan nomor tujuan sudah benar, sudah cek halaman Riwayat, dan coba keluar dan masuk kembali ke aplikasi. Jika saldo masih belum masuk, silakan laporkan melalui menu Bantuan > ketik 'Top up GoPay saya belum masuk' > isi formulir dan cantumkan kode psr-25-306-0610-40293 pada bagian 'Ceritakan lebih lanjut'. ^Melisa",2025-11-02 13:10:49,1.61.2,Dataset/dataset\GOPAY_googleplay_NOVEMBER_reviews.csv,topup
7ae92feb-1a0f-4dea-b114-b139edd75b36,Pengguna Google,https://play-lh.googleusercontent.com/EGemoI2NTXmTsBVtJqk8jxF9rh8ApRWfsIMQSt2uE4OcpQqbFu7f7NbTK05lx80nuSijCz7sc3a277R67g,trima kasih pakai qris langsung cepet transaksi kak,5,0,1.45.09,2025-12-25 14:32:16+00:00,"Hi Kak Hartojo. Terima kasih untuk review positifnya. Untuk transaksi di ShopeePay aman karena dilengkapi dengan fitur keamanan seperti PIN, kode OTP, sidik jari hingga verifikasi wajah. Jika kakak memiliki pertanyaan atau kendala seputar ShopeePay, mohon DM kami di Instagram @ShopeePay_ID ya. Semoga harimu menyenangkan. ^CS",2025-12-25 16:57:01,1.45.09,Dataset/dataset\SHOPEEPAY_googleplay_DECEMBER_reviews.csv,qris
b9c8606c-bf6a-45ae-b221-e6cb3ee877d0,Pengguna Google,https://play-lh.googleusercontent.com/EGemoI2NTXmTsBVtJqk8jxF9rh8ApRWfsIMQSt2uE4OcpQqbFu7f7NbTK05lx80nuSijCz7sc3a277R67g,"notif top up dari mbanking berhasil, tapi saldo ovo tidak bertambah, tolong kembalikan uang saya.",5,0,,2025-10-07 07:13:42+00:00,,,,Dataset/dataset\OVO_googleplay_OCTOBER_reviews.csv,topup
cc111fec-ff24-431e-ab99-b0a1681c4e67,Pengguna Google,https://play-lh.googleusercontent.com/EGemoI2NTXmTsBVtJqk8jxF9rh8ApRWfsIMQSt2uE4OcpQqbFu7f7NbTK05lx80nuSijCz7sc3a277R67g,"sulit mau tf aja harus ini dan itu , pakai ktp pakek foto wajah iya kalau mau mengajukan pinjaman , ini mau tf aja sulit apk apa ini ,bintang satu buat gopay",1,0,1.64.1,2025-11-25 11:14:20+00:00,,,1.64.1,Dataset/dataset\GOPAY_googleplay_NOVEMBER_reviews.csv,transfer
b6031456-213f-4913-9a7d-0d0c28334689,Pengguna Google,https://play-lh.googleusercontent.com/EGemoI2NTXmTsBVtJqk8jxF9rh8ApRWfsIMQSt2uE4OcpQqbFu7f7NbTK05lx80nuSijCz7sc3a277R67g,kenapa saya sudah update Livin by mandiri mau transfer tidak bisa?.....,3,0,3.2.0,2025-12-12 12:14:34+00:00,"Halo Sahabat @Abdul Razak, mohon maaf atas ketidaknyamanannya. Terkait kendala Sahabat mohon untuk dapat mengirimkan email ke mandiricare@bankmandiri.co.id atau dapat menghubungi Mandiri Call 14000 lalu tekan 2 agar dapat dilakukan pengecekan. Tks~Kila",2025-12-12 12:17:31,3.2.0,Dataset/dataset\LIVIN_googleplay_DECEMBER_reviews.csv,transfer
00c3e42f-fac6-4fc8-aee9-cabb47b237c2,Pengguna Google,https://play-lh.googleusercontent.com/EGemoI2NTXmTsBVtJqk8jxF9rh8ApRWfsIMQSt2uE4OcpQqbFu7f7NbTK05lx80nuSijCz7sc3a277R67g,kemarin saya top up ga ada masuk. tolong gimana cara nya padahal udah benar,2,0,,2025-10-20 12:54:19+00:00,"Hai Kak @lamtiurr1979, pastikan nomor tujuan sudah benar, sudah cek halaman Riwayat, dan coba keluar dan masuk kembali ke aplikasi. Jika saldo masih belum masuk, silakan laporkan melalui menu Bantuan > ketik 'Top up GoPay saya belum masuk' > isi formulir dan cantumkan kode psr-25-293-0911-14562 pada bagian 'Ceritakan lebih lanjut'. ^Melisa",2025-10-20 16:11:25,,Dataset/dataset\GOPAY_googleplay_OCTOBER_reviews.csv,topup
a13c4994-2f33-402d-84bb-90cd52dacc84,Pengguna Google,https://play-lh.googleusercontent.com/EGemoI2NTXmTsBVtJqk8jxF9rh8ApRWfsIMQSt2uE4OcpQqbFu7f7NbTK05lx80nuSijCz7sc3a277R67g,Ini knapa si dengan ovo baru kali ini terkendala top up ga masuk masuk ampe saya bolak balik ke konter menanyakan sukses apa blm topup nya dan memang udah sukses tapi di ovo saldo blm masuk di history nya juga ga tampil. untung ga jadi topup besar. Bikin ribet aja bolak balik kaya seteikaan ke konter mending kalo dekat lah ini jauh konter nya,1,15,3.147.0,2025-11-12 10:45:34+00:00,,,3.147.0,Dataset/dataset\OVO_googleplay_NOVEMBER_reviews.csv,topup
c7a2c851-b801-4696-bb23-1a2b4d7b8f0d,Pengguna Google,https://play-lh.googleusercontent.com/EGemoI2NTXmTsBVtJqk8jxF9rh8ApRWfsIMQSt2uE4OcpQqbFu7f7NbTK05lx80nuSijCz7sc3a277R67g,"apalah tiba tiba gabisa login lagi trus pas verifikasi wajah juga tidak bisa padahal saya pakek KTP saya sendiri, udah 3 hari saya ulang ulang juga tidak bisa",1,3,1.60.0,2025-10-11 18:42:04+00:00,"Mohon maaf atas kendalanya, Kak Akhi. Sebelum login, pastikan fitur Face ID/Sidik Jari sudah aktif dan pola atau kata sandi yang dimasukkan sudah benar. Untuk info lebih lanjut, kunjungi halaman bantuan login > klik ikon ""?"" > pilih ""Tidak bisa masuk ke akun GoPay"" > pilih artikel ""Saya tidak bisa masuk dengan Face ID/Sidik Jari"". ^Miko",2025-10-11 19:52:27,1.60.0,Dataset/dataset\GOPAY_googleplay_OCTOBER_reviews.csv,login
bbf02b34-bf03-4896-935d-2a84e614eef3,Pengguna Google,https://play-lh.googleusercontent.com/EGemoI2NTXmTsBVtJqk8jxF9rh8ApRWfsIMQSt2uE4OcpQqbFu7f7NbTK05lx80nuSijCz7sc3a277R67g,"gopay jadi eror,, mau tf gx bisa, d log out, malah gx bisa masuk lagi, aneh,",1,0,1.54.0,2025-11-05 05:29:56+00:00,"Hai Kak irza, untuk login ke aplikasi GoPay, gunakan nomor HP yang terdaftar di akun Gojek-mu. Jika belum punya akun Gojek, kamu bisa daftar langsung di aplikasi GoPay, ya. Jika masih tidak bisa login, laporkan ke kami melalui email ke customerservice@gopay.co.id dan mencantumkan kode psr-25-309-0810-39350 pada subjek email.^Melisa",2025-11-05 15:10:48,1.54.0,Dataset/dataset\GOPAY_googleplay_NOVEMBER_reviews.csv,transfer
9f7bb6dc-2ff8-4376-836b-8298f8f290fa,Pengguna Google,https://play-lh.googleusercontent.com/EGemoI2NTXmTsBVtJqk8jxF9rh8ApRWfsIMQSt2uE4OcpQqbFu7f7NbTK05lx80nuSijCz7sc3a277R67g,"adm murah (ada yang lebih murah sih😅) tapi apa2 ada adm nya, heummm topup di dompet digital udah admnya, eh masuk ke livin bayar adm lagi. double2, pulsa dll juga adm nya lbh mahal. bikin ini gara2 kepaksa, kirain bisa lebih bagus dan gak terlalu banyak adm. kurang cocok buat yg suka topup atau belanja online kebanyakan adm nya",2,8,3.2.0,2025-12-13 04:32:56+00:00,"Halo Sahabat @Mar Diyah, mohon maaf atas ketidaknyamannya. Perihal kendala yang dialami, mohon untuk dapat mengirimkan email ke mandiricare@bankmandiri.co.id atau dapat menghubungi layanan mandiri 14000 agar dapat dilakukan pengecekan. Tks~Romi",2025-12-13 05:22:02,3.2.0,Dataset/dataset\LIVIN_googleplay_DECEMBER_reviews.csv,topup
6fd32e2b-41b7-4f91-9c7b-375195718643,Pengguna Google,https://play-lh.googleusercontent.com/EGemoI2NTXmTsBVtJqk8jxF9rh8ApRWfsIMQSt2uE4OcpQqbFu7f7NbTK05lx80nuSijCz7sc3a277R67g,kok tidak bisa dibuka aplikasi nya ? login gagal terus,5,0,2.5.0,2025-11-17 11:27:30+00:00,Hai Kak Febbi. Mohon maaf atas ketidaknyamanan dan kendala yang Kakak alami. Sebelumnya sempat terjadi kendala namun saat ini sudah berjalan normal. Silakan Kakak dapat mencoba kembali ya.,2025-11-17 13:16:38,2.5.0,Dataset/dataset\BLU_googleplay_NOVEMBER_reviews.csv,login
279e096c-55f3-460c-ada7-034a63443f37,Pengguna Google,https://play-lh.googleusercontent.com/EGemoI2NTXmTsBVtJqk8jxF9rh8ApRWfsIMQSt2uE4OcpQqbFu7f7NbTK05lx80nuSijCz7sc3a277R67g,"1. Tulisan di promosi gratis top up dari shopeepay ke ewallet semua. Ternyata zonk. Coba kirim ke dana, malah masuk ke shopeepay. Coba kirim ke ovo, ada admin. Kalau promosi jangan nipu gitu lach. 2. Token pln masih proses sampai 2 jam. Di aplikasi lain, semenit sudah beres. Jika aplikasi ada yang gangguan, ini kasih tanda",1,6,1.44.05,2025-12-13 18:51:48+00:00,"Haii kak, maaf ya udh bikin km kecewa terkait kendalamu . Biar bisa Aku bantu cek kendalanya infoin ke aku Username , SS kendala dan detail kendala kakak boleh colek Aku di DM @Shopee_id / @Shopeecare ya kak. Dtunggu ^AU",2025-02-15 17:05:34,1.44.05,Dataset/dataset\SHOPEEPAY_googleplay_DECEMBER_reviews.csv,topup
74bb8dd0-60a6-4812-b119-2d289f7a70ee,Pengguna Google,https://play-lh.googleusercontent.com/EGemoI2NTXmTsBVtJqk8jxF9rh8ApRWfsIMQSt2uE4OcpQqbFu7f7NbTK05lx80nuSijCz7sc3a277R67g,"login susah banget sekarang. memperlambat transaksi, buat ga nyaman aja kalau buru-buru mau bayar qris tapi gabisa login. customer service ga fast respon. mau di email di WA lama banget. INTERNET LANCAR gabisa login. kendalanya apa?",1,52,2.4.0,2025-10-17 20:21:34+00:00,"Hai Kakak. Maaf atas ketidaknyamanannya. Kami akan selalu berusaha memberikan yang terbaik kebutuhan perbankan Kakak. Saat ini sedang terjadi kendala, untuk kendala tersebut masih dalam proses perbaikan oleh tim blu secepatnya. Mohon kesediaan Kakak untuk menunggu ya.",2025-10-17 21:49:23,2.4.0,Dataset/dataset\BLU_googleplay_OCTOBER_reviews.csv,login
5d2840eb-3ec4-4c35-9e79-94ec4f0c89cb,Pengguna Google,https://play-lh.googleusercontent.com/EGemoI2NTXmTsBVtJqk8jxF9rh8ApRWfsIMQSt2uE4OcpQqbFu7f7NbTK05lx80nuSijCz7sc3a277R67g,aplikasi nya sangat mudah dimengerti dan bagus jarang ada gangguan transfer,5,0,,2025-11-18 21:08:19+00:00,"Hi Kak. Terima kasih telah menggunakan ShopeePay. Mari cek aplikasi ShopeePay karena banyak fitur yang mempermudah keseharian kakak seperti pembelian pulsa, paket data, pembayaran tagihan listrik dan pembayaran lainnya. Jika kakak memiliki pertanyaan seputar ShopeePay, mohon DM kami di Instagram @ShopeePay_ID ya. Semoga harimu menyenangkan ^RJ",2025-11-19 09:17:39,,Dataset/dataset\SHOPEEPAY_googleplay_NOVEMBER_reviews.csv,transfer
22701f8e-375d-474d-a25b-252aed4e6e8e,Pengguna Google,https://play-lh.googleusercontent.com/EGemoI2NTXmTsBVtJqk8jxF9rh8ApRWfsIMQSt2uE4OcpQqbFu7f7NbTK05lx80nuSijCz7sc3a277R67g,sangatlah menyenangkan bisa kirim transfer,5,0,3.147.0,2025-11-08 11:22:06+00:00,,,3.147.0,Dataset/dataset\OVO_googleplay_NOVEMBER_reviews.csv,transfer
d7e37770-01d4-423a-a5dd-99dc213b6325,Pengguna Google,https://play-lh.googleusercontent.com/EGemoI2NTXmTsBVtJqk8jxF9rh8ApRWfsIMQSt2uE4OcpQqbFu7f7NbTK05lx80nuSijCz7sc3a277R67g,not recommended! sering bug kayak transfer atau top up e-wallet tulisannya berhasil tapi ga masuk2 saldonya. jujur kecewa banget. udh komplain di ig juga gaada respon padahal biasanya cepet. pls gopay learn from mistakes!!,3,20,1.59.0,2025-10-10 15:27:06+00:00,"Hai Kak Fachrudin, mohon maaf atas ketidaknyamanannya. Jika masih mengalami keluhan, silakan laporkan melalui email ke customerservice@gopay.co.id dengan melampirkan kode psr-25-283-1341-29703 pada subject email dan cantumkan nomor laporan sebelumnya serta ceritakan kembali detail permasalahannya. Kami tunggu detail laporan kamu ya. ^Miko",2025-10-10 20:41:37,1.59.0,Dataset/dataset\GOPAY_googleplay_OCTOBER_reviews.csv,topup
bbfd9380-9b9a-427b-ad2c-15d4f08aa405,Pengguna Google,https://play-lh.googleusercontent.com/EGemoI2NTXmTsBVtJqk8jxF9rh8ApRWfsIMQSt2uE4OcpQqbFu7f7NbTK05lx80nuSijCz7sc3a277R67g,punya ku kok loading trus ya padahal udah aku update dan sinyal dana kuotanya juga bagus tapi kenapa GK bisa masuk dan GK bisa transfer ya,3,0,1.64.0,2025-11-23 06:46:48+00:00,"Hai Kak Siti, untuk login ke aplikasi GoPay, gunakan nomor HP yang terdaftar di akun Gojek-mu. Jika belum punya akun Gojek, kamu bisa daftar langsung di aplikasi GoPay, ya. Jika masih tidak bisa login, laporkan ke kami melalui email ke customerservice@gopay.co.id dan mencantumkan kode psr-25-327-0115-54473 pada subjek email.^Melisa",2025-11-23 08:16:07,1.64.0,Dataset/dataset\GOPAY_googleplay_NOVEMBER_reviews.csv,transfer
37b51771-91af-4fd0-a906-a8200278cc21,Pengguna Google,https://play-lh.googleusercontent.com/EGemoI2NTXmTsBVtJqk8jxF9rh8ApRWfsIMQSt2uE4OcpQqbFu7f7NbTK05lx80nuSijCz7sc3a277R67g,"Aplikasi sampah, verifikasi wajah hampir sejam gagal terus",1,0,3.2.0,2025-11-25 05:37:18+00:00,"Halo Sahabat @sam sudin, mohon maaf atas ketidaknyamanannya. Apabila terdapat kendala agar dapat kami tindaklanjuti, Sahabat dapat mengirimkan email ke mandiricare@bankmandiri.co.id atau menghubungi layanan mandiri call 14000 ya. Tks~Carlos",2025-11-25 05:39:31,3.2.0,Dataset/dataset\LIVIN_googleplay_NOVEMBER_reviews.csv,vermuk
49d22ec8-0161-45b9-847a-1384be4378c5,Pengguna Google,https://play-lh.googleusercontent.com/EGemoI2NTXmTsBVtJqk8jxF9rh8ApRWfsIMQSt2uE4OcpQqbFu7f7NbTK05lx80nuSijCz7sc3a277R67g,aplikasi yang menarik dan simpel bisa tf dan bayar2 tanpa ribet.,5,0,,2025-12-13 07:37:09+00:00,"Hi Kak. Terima kasih telah menggunakan ShopeePay. Mari cek aplikasi ShopeePay karena banyak fitur yang mempermudah keseharian kakak seperti pembelian pulsa, paket data, pembayaran tagihan listrik dan pembayaran lainnya. Jika kakak memiliki pertanyaan seputar ShopeePay, mohon DM kami di Instagram @ShopeePay_ID ya. Semoga harimu menyenangkan ^RJ",2025-12-15 10:18:02,,Dataset/dataset\SHOPEEPAY_googleplay_DECEMBER_reviews.csv,transfer
8820cec2-de3e-41c6-b3e2-93cd1fc5d9f4,Pengguna Google,https://play-lh.googleusercontent.com/EGemoI2NTXmTsBVtJqk8jxF9rh8ApRWfsIMQSt2uE4OcpQqbFu7f7NbTK05lx80nuSijCz7sc3a277R67g,transfer cepat,5,0,1.60.0,2025-10-16 11:42:09+00:00,,,1.60.0,Dataset/dataset\GOPAY_googleplay_OCTOBER_reviews.csv,transfer
2f2173d0-cb82-40b3-bc5e-bca035b35ef4,Pengguna Google,https://play-lh.googleusercontent.com/EGemoI2NTXmTsBVtJqk8jxF9rh8ApRWfsIMQSt2uE4OcpQqbFu7f7NbTK05lx80nuSijCz7sc3a277R67g,"kok ovo saya logout sendiri,terus mau login gagal terus sampe terblokir,solusinya gimana ini",2,0,3.144.0,2025-10-07 00:00:07+00:00,,,3.144.0,Dataset/dataset\OVO_googleplay_OCTOBER_reviews.csv,login
cc2f12ae-2823-429f-b642-3fa8d15172d2,Pengguna Google,https://play-lh.googleusercontent.com/EGemoI2NTXmTsBVtJqk8jxF9rh8ApRWfsIMQSt2uE4OcpQqbFu7f7NbTK05lx80nuSijCz7sc3a277R67g,"sebenarnya bagus. sangat membantu tp dengan 1x kesalahan sudah bisa merusak kepercayaan saya. saya top up gopay 250rb dari hari tgl 27 sampai sekarang belum masuk. saya laporkan di pusat bantuan gopay jawabannya suruh nunggu terus. ""1x24 jam"", ""48jam kedepan"", ""tunggu sebentar ya"" sampai kapan saya harus nunggu? sudah hampir 1 minggu blm masuk juga. bukti bukti juga sudah saya kirimkan. jawabannya tetap sama. suruh menunggu. semoga top up saya segera dimasukkan ke akun gopay saya. terima kasih.",1,0,1.61.2,2025-10-31 23:07:22+00:00,"Hai Kak Niko, mohon maaf atas ketidaknyamanannya. Jika kamu masih mengalami kendala, silakan laporkan melalui email ke customerservice@gopay.co.id dengan melampirkan kode psr-25-304-1636-23478 pada subject email dan cantumkan nomor laporan kamu sebelumnya pada email yang kamu kirimkan. Kami tunggu detail laporan kamu ya. ^Maura",2025-10-31 23:36:28,1.61.2,Dataset/dataset\GOPAY_googleplay_OCTOBER_reviews.csv,topup
7ad03efc-eb0b-4894-be18-670df55a996a,Pengguna Google,https://play-lh.googleusercontent.com/EGemoI2NTXmTsBVtJqk8jxF9rh8ApRWfsIMQSt2uE4OcpQqbFu7f7NbTK05lx80nuSijCz7sc3a277R67g,"disaat transfer uang ke bank lain, tiba2 di pending, sudah tanya ke WA bank jago ga cepetan di atasin",1,0,8.74.0,2025-10-08 21:28:03+00:00,"Halo, Jagoan! Mohon maaf atas ketidaknyamanan yang Kakak alami. Supaya bisa membantu lebih lanjut, Kakak bisa menginformasikan detail keluhannya melalui email tanya@jago.com ya. Tim terkait kami dengan senang hati akan membantu Kakak menyelesaikan permasalahannya.",2025-10-09 04:25:44,8.74.0,Dataset/dataset\JAGO_googleplay_OCTOBER_reviews.csv,transfer
55781991-3f1b-44a5-b001-da55d6b3fb6c,Pengguna Google,https://play-lh.googleusercontent.com/EGemoI2NTXmTsBVtJqk8jxF9rh8ApRWfsIMQSt2uE4OcpQqbFu7f7NbTK05lx80nuSijCz7sc3a277R67g,membantu dalam bertransaksi dengan QRIS,5,0,1.60.0,2025-10-29 09:18:21+00:00,,,1.60.0,Dataset/dataset\GOPAY_googleplay_OCTOBER_reviews.csv,qris
feb6f33a-00b8-4805-a16d-2b195fe56450,Pengguna Google,https://play-lh.googleusercontent.com/EGemoI2NTXmTsBVtJqk8jxF9rh8ApRWfsIMQSt2uE4OcpQqbFu7f7NbTK05lx80nuSijCz7sc3a277R67g,HALOO PENGGUNA BANG JAGO JUJUR SAYA MERASA KECEWA PAKE APLIKASI BANG JAGOOO KENAPA AKUN SAYA TIDAK BISA DI LOGIN KAN TULISAN NYA LAGI ADA KENDALA SAYA BARU SAJA MENGIRIMKAN UANG DI BANG JAGOO KENAPA AKUN SAYA TIDAK BISA DI LOGIN UANG SAYA DI SITU SEMUA TOLONGG PENGGUNA BANG JAGO SELAIKAN MASALAH AKUN SAYA YANG TIDAK BISA LOGIN SAYA TIDAK PERNAH MELAKUKAN PELANGGARAN APAPUN TAPI MENGAPA AKUN SAYA TIDAK BISA DI LOGIN KAN😥😥😥😥😥🙏🙏🙏 SAYA MOHON SELESAI SEGERA,2,0,,2025-10-21 19:27:56+00:00,"Halo, Jagoan. Mohon maaf atas kendala yang terjadi ya. Kamu tidak perlu khawatir, kamu bisa menjelaskan detail kendala tersebut melalui email di tanya@jago.com atau call center 1500 746 untuk kami bantu tangani lebih lanjut. Terima kasih :)",2025-10-21 19:36:26,,Dataset/dataset\JAGO_googleplay_OCTOBER_reviews.csv,login
d34be78b-8ab1-437b-ac92-7f6703e7f194,Pengguna Google,https://play-lh.googleusercontent.com/EGemoI2NTXmTsBVtJqk8jxF9rh8ApRWfsIMQSt2uE4OcpQqbFu7f7NbTK05lx80nuSijCz7sc3a277R67g,admin bank 1400 buat ngisi token. top up saldo gopay adminnya jg besar. tolonglah diturunin atau dibuat gratis max brp transaksi gt.,1,0,1.61.1,2025-10-26 05:21:11+00:00,,,1.61.1,Dataset/dataset\GOPAY_googleplay_OCTOBER_reviews.csv,topup
66552bd2-2c3c-403e-ae01-ed1bc93e7246,Pengguna Google,https://play-lh.googleusercontent.com/EGemoI2NTXmTsBVtJqk8jxF9rh8ApRWfsIMQSt2uE4OcpQqbFu7f7NbTK05lx80nuSijCz7sc3a277R67g,tolong di fitur pencairan emas di berikan opsi penarikan ke shoppe pay Napa masak transfer bank semua,1,0,1.43.10,2025-11-30 17:51:11+00:00,"Hi Kak Ahmad, Mohon maaf atas kendala tidak bisa penarikan ke ShopeePay dari pencairan emas. Mohon menghubungi kami melalui DM ke Instagram @ShopeePay_ID yang bercentang biru dan kami akan membantu kakak lebih lanjut. ^EN",2025-12-01 15:14:34,1.43.10,Dataset/dataset\SHOPEEPAY_googleplay_NOVEMBER_reviews.csv,transfer
11b1d254-5d99-4620-a71c-f71810465d20,Pengguna Google,https://play-lh.googleusercontent.com/EGemoI2NTXmTsBVtJqk8jxF9rh8ApRWfsIMQSt2uE4OcpQqbFu7f7NbTK05lx80nuSijCz7sc3a277R67g,"kenapa jadi susah bgt akhir2 ini bayar pake qris loading selalu lama dan gagal, transfer juga lama bgt",1,1,8.76.0,2025-11-06 21:54:19+00:00,"Halo, Jagoan! Mohon maaf atas ketidaknyamanan yang Kakak alami. Supaya bisa membantu lebih lanjut, Kakak bisa menginformasikan detail keluhannya melalui email tanya@jago.com ya. Tim terkait kami dengan senang hati akan membantu Kakak menyelesaikan permasalahannya.",2025-11-07 00:26:01,8.76.0,Dataset/dataset\JAGO_googleplay_NOVEMBER_reviews.csv,qris
81cff03a-1258-4c7d-b4c8-77aeb34d48df,Pengguna Google,https://play-lh.googleusercontent.com/EGemoI2NTXmTsBVtJqk8jxF9rh8ApRWfsIMQSt2uE4OcpQqbFu7f7NbTK05lx80nuSijCz7sc3a277R67g,ng mau login,1,0,8.78.0,2025-12-10 06:12:21+00:00,"Halo, Jagoan. Mohon maaf atas kendala yang terjadi ya. Kamu tidak perlu khawatir, kamu bisa menjelaskan detail kendala tersebut melalui email di tanya@jago.com atau call center 1500 746 untuk kami bantu tangani lebih lanjut. Terima kasih :)",2025-12-10 06:33:20,8.78.0,Dataset/dataset\JAGO_googleplay_DECEMBER_reviews.csv,login
2684eee8-be49-422d-a0c5-000d3b83763e,Pengguna Google,https://play-lh.googleusercontent.com/EGemoI2NTXmTsBVtJqk8jxF9rh8ApRWfsIMQSt2uE4OcpQqbFu7f7NbTK05lx80nuSijCz7sc3a277R67g,"Uang 3 jt tf ke shopeepay ga masuk², respon shopeepay lalay, terlalu santai",1,0,1.44.05,2025-12-16 23:23:54+00:00,"Hi Kak wann. Mohon maaf atas kendala transfer saldo ke ShopeePay yang belum diterima. Jika hingga saat ini Top Up masih belum diterima mohon menghubungi kami melalui DM ke Instagram @ShopeePay_ID yang bercentang biru, dengan melampirkan bukti bayar/transfer tersebut untuk bantuan lebih lanjut. Semoga kendala kakak segera terselesaikan ya. ^CS",2025-12-17 11:21:09,1.44.05,Dataset/dataset\SHOPEEPAY_googleplay_DECEMBER_reviews.csv,transfer
2e093aab-f82e-4668-a648-c6308ad3e037,Pengguna Google,https://play-lh.googleusercontent.com/EGemoI2NTXmTsBVtJqk8jxF9rh8ApRWfsIMQSt2uE4OcpQqbFu7f7NbTK05lx80nuSijCz7sc3a277R67g,saya top up 1 juta sudah 9 hari blom masuk ini gimana pihak gopay saya komplain masih dalam pengecekan terus apakah saldo saya akan hangus? mohon kerjasama nya untuk gopay karna ini buat setoran dan jangan mempersulit penggunanya,1,0,1.59.0,2025-10-01 06:29:52+00:00,"Hai Kak Dani, pastikan nomor tujuan sudah benar, sudah cek halaman Riwayat, dan coba keluar dan masuk kembali ke aplikasi. Jika saldo masih belum masuk, silakan laporkan melalui menu Bantuan > ketik 'Top up GoPay saya belum masuk' > isi formulir dan cantumkan kode psr-25-273-0250-47532 pada bagian 'Ceritakan lebih lanjut'. ^Maura",2025-09-30 09:50:53,1.59.0,Dataset/dataset\GOPAY_googleplay_OCTOBER_reviews.csv,topup
93cc5323-2516-42c2-a1eb-3978e92fab8f,Pengguna Google,https://play-lh.googleusercontent.com/EGemoI2NTXmTsBVtJqk8jxF9rh8ApRWfsIMQSt2uE4OcpQqbFu7f7NbTK05lx80nuSijCz7sc3a277R67g,"Woi admin, saldo gue belum ter update. Gue dah top up, belum masuk masuk juga, gimana gue mau makan???",1,0,,2025-11-17 07:54:10+00:00,"Hai Kak @VexIngRox, pastikan nomor tujuan sudah benar, sudah cek halaman Riwayat, dan coba keluar dan masuk kembali ke aplikasi. Jika saldo masih belum masuk, silakan laporkan melalui menu Bantuan > ketik 'Top up GoPay saya belum masuk' > isi formulir dan cantumkan kode psr-25-321-0146-02171 pada bagian 'Ceritakan lebih lanjut'. ^Melisa",2025-11-17 08:46:08,,Dataset/dataset\GOPAY_googleplay_NOVEMBER_reviews.csv,topup
0dd8aa7b-a1c2-4c9c-8a63-da5d7bbb1276,Pengguna Google,https://play-lh.googleusercontent.com/EGemoI2NTXmTsBVtJqk8jxF9rh8ApRWfsIMQSt2uE4OcpQqbFu7f7NbTK05lx80nuSijCz7sc3a277R67g,ruwet login keluar terus udah di update,1,0,3.0.0,2025-11-26 11:20:57+00:00,"Hai Sahabat @Fh Syahrul, mohon maaf atas ketidaknyamanannya. Perihal tsb kami sarankan Sahabat melakukan force close kemudian restart device, pastikan jaringan stabil dan tidak menggunakan WiFi. Apabila masih terkendala dapat mengirimkan email ke mandiricare@bankmandiri.co.id atau menghubungi mandiri call 14000. Tks~Vacilla",2025-11-26 11:23:50,3.0.0,Dataset/dataset\LIVIN_googleplay_NOVEMBER_reviews.csv,login
8b568176-9f3d-4f4a-a1ee-28bb41f24a60,Pengguna Google,https://play-lh.googleusercontent.com/EGemoI2NTXmTsBVtJqk8jxF9rh8ApRWfsIMQSt2uE4OcpQqbFu7f7NbTK05lx80nuSijCz7sc3a277R67g,"aplikasi jelek, semuanya aja eror mau beli kuota aj eror, mau tf eror semuanya eror 🥴🥴",1,0,3.144.0,2025-10-15 11:35:08+00:00,,,3.144.0,Dataset/dataset\OVO_googleplay_OCTOBER_reviews.csv,transfer
f9c86edf-bb89-4336-bd00-06055889e472,Pengguna Google,https://play-lh.googleusercontent.com/EGemoI2NTXmTsBVtJqk8jxF9rh8ApRWfsIMQSt2uE4OcpQqbFu7f7NbTK05lx80nuSijCz7sc3a277R67g,"kebanyakan biaya admin tidak ada gratis dalam admin transfer maupun bayar, wallet paling pelit.",1,1,3.145.0,2025-10-28 23:39:13+00:00,,,3.145.0,Dataset/dataset\OVO_googleplay_OCTOBER_reviews.csv,transfer
1bdc5c63-2693-418f-a5ba-2e34b6ebcb57,Pengguna Google,https://play-lh.googleusercontent.com/EGemoI2NTXmTsBVtJqk8jxF9rh8ApRWfsIMQSt2uE4OcpQqbFu7f7NbTK05lx80nuSijCz7sc3a277R67g,bilangnya instal dpt Rp50k. taunya login dulu 7hari. prett,1,0,1.43.10,2025-11-30 07:36:24+00:00,Hi Kak Angga. Mohon maaf atas kendala sudah install aplikasi namun tidak menerima 50RB. Kakak dapat mengikuti Hadiah Harian cek-in setiap hari dan akan mendapatkan hadiah koin pada hari ke-7. Untuk informasi lebih lengkap mohon hubungi kami melalui DM ke Instagram @ShopeePay_ID ^KS,2025-12-01 13:55:06,1.43.10,Dataset/dataset\SHOPEEPAY_googleplay_NOVEMBER_reviews.csv,login
5a6ec7d7-b52b-42fe-89ee-0fb154156352,Pengguna Google,https://play-lh.googleusercontent.com/EGemoI2NTXmTsBVtJqk8jxF9rh8ApRWfsIMQSt2uE4OcpQqbFu7f7NbTK05lx80nuSijCz7sc3a277R67g,"malah top up kok byar 2000 lagi... mau tranfer bayar lagi 2500, ini dompet pling rakus dan gak nyaman di kantong..",1,1,3.146.0,2025-11-07 14:52:18+00:00,,,3.146.0,Dataset/dataset\OVO_googleplay_NOVEMBER_reviews.csv,topup
b59884b8-f8a7-4442-ae6c-b9a9c73d07ca,Pengguna Google,https://play-lh.googleusercontent.com/EGemoI2NTXmTsBVtJqk8jxF9rh8ApRWfsIMQSt2uE4OcpQqbFu7f7NbTK05lx80nuSijCz7sc3a277R67g,"transfer ke bank mulai bermasalah, saya sarankan teman teman hatihati",1,0,1.64.0,2025-11-26 23:51:29+00:00,,,1.64.0,Dataset/dataset\GOPAY_googleplay_NOVEMBER_reviews.csv,transfer
a59a3d8d-cd74-438b-ac54-3122dd68ddd9,Pengguna Google,https://play-lh.googleusercontent.com/EGemoI2NTXmTsBVtJqk8jxF9rh8ApRWfsIMQSt2uE4OcpQqbFu7f7NbTK05lx80nuSijCz7sc3a277R67g,Pernah ada modus penipuan barang Yang yang saya pesan salah alamat atas nama perusahaan cargo meminta saya untuk TF uang untuk pembayaran nanti barang dikirim lagi saya berfikir lebih cepat dari waktu yg di tentukan saya hampir TF melalui mandiri livin ternyata dalam keadaan menelfon Mandiri Livin tidak bisa melakukan transaksi ... alhamdulilah tiba2 saya langsung tersadar bahwa ini penipuan melalui telfon langsung saya cancel pembelian barang tersebut... terimakasih Mandiri Livin,5,2,3.2.0,2025-12-17 09:33:26+00:00,"Halo Sahabat @anita gemilang, terima kasih atas review yang telah diberikan. Semoga terus menikmati kemudahan dan kenyamanan dalam menggunakan Livin’ by Mandiri ya. Daftarkan transaksi secepat kilat pada menu Quick Pick untuk diakses pada halaman Login atau Beranda. Yuk coba sekarang. Tks~Ninis",2025-12-17 09:35:22,3.2.0,Dataset/dataset\LIVIN_googleplay_DECEMBER_reviews.csv,transfer
cfd5fa7f-0cd0-40a2-963b-58190d7ac015,Pengguna Google,https://play-lh.googleusercontent.com/EGemoI2NTXmTsBVtJqk8jxF9rh8ApRWfsIMQSt2uE4OcpQqbFu7f7NbTK05lx80nuSijCz7sc3a277R67g,"Transfer uang gagal terus ovo ini apa sih bikin emosi aja bahaya nyimpen saldo di ovo kalo gini, saldo saya 5 juta ga bisa dikirim",1,0,3.88.0,2025-10-25 16:50:21+00:00,,,3.88.0,Dataset/dataset\OVO_googleplay_OCTOBER_reviews.csv,transfer
61c880ff-d10b-4304-8a5b-60b604874ee7,Pengguna Google,https://play-lh.googleusercontent.com/EGemoI2NTXmTsBVtJqk8jxF9rh8ApRWfsIMQSt2uE4OcpQqbFu7f7NbTK05lx80nuSijCz7sc3a277R67g,"tf ke rek lain, dana terpotong tapi tidak di terima oleh penerima.. ini aplikasi keuangan.. dan sensitif.. laporan pun di tanggapi sangat lambat.. saya terpaksa pakai ovo karna syarat vendor.. kalau tidak.. ngk minat pakai aplikasi keuangan error gini... perbaiki sistem aplikasi nya boss..",1,4,3.150.0,2025-12-24 12:58:51+00:00,,,3.150.0,Dataset/dataset\OVO_googleplay_DECEMBER_reviews.csv,transfer
6a80a594-3229-4641-8073-1622b8d08062,Pengguna Google,https://play-lh.googleusercontent.com/EGemoI2NTXmTsBVtJqk8jxF9rh8ApRWfsIMQSt2uE4OcpQqbFu7f7NbTK05lx80nuSijCz7sc3a277R67g,"aplikasi maling tf ke bank ga masuk²saldo anyep ilang,udah komplen udah hubungi email cs nya juga tetep aja ga balik lagi tu saldo masuk ke rekening tujuan juga engga,parah bener kecewa pake ovo. lebih baik gunakan e-walet lain jan gunakan aplikasi ini ga jelas malah nge bangsat",1,5,3.144.0,2025-10-16 12:11:14+00:00,,,3.144.0,Dataset/dataset\OVO_googleplay_OCTOBER_reviews.csv,transfer
94d49ced-599f-43c8-b16e-d44fb4ed100e,Pengguna Google,https://play-lh.googleusercontent.com/EGemoI2NTXmTsBVtJqk8jxF9rh8ApRWfsIMQSt2uE4OcpQqbFu7f7NbTK05lx80nuSijCz7sc3a277R67g,Perlu ditingkatkan layanannya krn sering membuat malu ketika mau byr pakai Qris tp aplikasi Livin Mandiri tdk merespon.,3,1,3.2.0,2025-12-05 02:06:23+00:00,"Halo Sahabat @mr mhangun, mohon maaf atas ketidaknyamanannya. Kami mohon kesediaan Sahabat melakukan force close pada aplikasi terlebih dahulu, pastikan jaringan data yg digunakan stabil (tidak menggunakan jaringan Wifi) dan kami persilakan Sahabat utk mencoba kembali secara berkala. Tks~Raka",2025-12-05 02:10:26,3.2.0,Dataset/dataset\LIVIN_googleplay_DECEMBER_reviews.csv,qris
b4bf0d19-7de6-48d6-bfca-9cd093fc473c,Pengguna Google,https://play-lh.googleusercontent.com/EGemoI2NTXmTsBVtJqk8jxF9rh8ApRWfsIMQSt2uE4OcpQqbFu7f7NbTK05lx80nuSijCz7sc3a277R67g,"ini apk kurang maksimal.. mau upgrade SDH menggunakan KTP, verifikasi wajah, no hp ttp gak bisa juga udah mengajukan tetap akun sudah d pakai Klo SDH verifikasi menggunakan email juga aja gak bisa untuk d aktifkan kembali... hun k CS cuma ngabisin² pulsa aja gak ada perbaikan upgrade data lgsng",1,0,,2025-10-17 07:52:33+00:00,"Hai Kak Nondhe, mohon maaf atas ketidaknyamanannya. Jika kamu masih mengalami kendala, silakan laporkan melalui email ke customerservice@gopay.co.id dengan melampirkan kode psr-25-290-0119-56663 pada subject email dan cantumkan nomor laporan kamu sebelumnya pada email yang kamu kirimkan. Kami tunggu detail laporan kamu ya. ^Maura",2025-10-17 08:20:03,,Dataset/dataset\GOPAY_googleplay_OCTOBER_reviews.csv,vermuk
9c17788b-83fb-4e0d-bd91-b1bb281483d2,Pengguna Google,https://play-lh.googleusercontent.com/EGemoI2NTXmTsBVtJqk8jxF9rh8ApRWfsIMQSt2uE4OcpQqbFu7f7NbTK05lx80nuSijCz7sc3a277R67g,transfer cpet banget gak pake nunggu,5,0,8.75.0,2025-10-26 13:40:59+00:00,,,8.75.0,Dataset/dataset\JAGO_googleplay_OCTOBER_reviews.csv,transfer
24589e39-0274-4da4-a7d9-a626ce88525f,Pengguna Google,https://play-lh.googleusercontent.com/EGemoI2NTXmTsBVtJqk8jxF9rh8ApRWfsIMQSt2uE4OcpQqbFu7f7NbTK05lx80nuSijCz7sc3a277R67g,"uang saya kesedot d vision+, berlangganan selama 7 bulan yg saya tidak ketahui, dulu d pakai saat nonton timnas. berhenti d vision+ g bisa, akhirnya uang saya habiskan sekalian. Mohon bantu memastikan saya berhenti berlangganan d vision+. selama tidak ada konfirmasi, gopay tidak akan saya topup, takut kesedot lagi. UPdate: ternyata nglink d gojek, padahal gojek dah lama uninstal.. semoga emang benar putus.",4,2,1.62.0,2025-11-18 14:14:54+00:00,"Hai Kak Anang, mohon maaf atas ketidaknyamanannya. Terkait keluhan tersebut, silakan laporkan melalui email ke customerservice@gopay.co.id dengan melampirkan kode psr-25-322-0654-40777 pada subject email. Kami tunggu detail laporan kamu ya. ^Maura",2025-11-18 13:54:48,1.62.0,Dataset/dataset\GOPAY_googleplay_NOVEMBER_reviews.csv,topup
2db202d6-a2e0-4a88-aad3-8009ec8569c2,Pengguna Google,https://play-lh.googleusercontent.com/EGemoI2NTXmTsBVtJqk8jxF9rh8ApRWfsIMQSt2uE4OcpQqbFu7f7NbTK05lx80nuSijCz7sc3a277R67g,buruk ngaka nyangka tidak bisa membalas mengajukan kendala semua sudah terkunci TDK bisa membalas dan memberikan info kendala kita solusinya nol ..uang hilang begitu saja top up tidak masuk ..dari bedet bank ...sudahlah banyak aturan sengaja dibuat ribet banget.,1,7,1.61.2,2025-10-29 15:27:39+00:00,"Hai Kak @Tj Apiapi, pastikan nomor tujuan sudah benar, sudah cek halaman Riwayat, dan coba keluar dan masuk kembali ke aplikasi. Jika saldo masih belum masuk, silakan laporkan melalui menu Bantuan > ketik 'Top up GoPay saya belum masuk' > isi formulir dan cantumkan kode psr-25-302-1309-36042 pada bagian 'Ceritakan lebih lanjut'. ^Melisa",2025-10-29 20:09:51,1.61.2,Dataset/dataset\GOPAY_googleplay_OCTOBER_reviews.csv,topup
2a2f9cfe-81d4-4031-97bb-aa47dad00288,Pengguna Google,https://play-lh.googleusercontent.com/EGemoI2NTXmTsBVtJqk8jxF9rh8ApRWfsIMQSt2uE4OcpQqbFu7f7NbTK05lx80nuSijCz7sc3a277R67g,"TF ke bank status diproses terus gak masuk""",1,0,,2025-10-10 18:03:34+00:00,"Hai Kak Thohir, pastikan nomor tujuan benar dan sudah cek halaman Riwayat. Jika setelah 2x24 jam di hari kerja (diluar Sabtu, Minggu, atau Libur) saldo belum bertambah, silakan lapor ke menu Bantuan > ketik 'Transfer saldo ke bank atau e-wallet belum diterima' dan cantumkan kode psr-25-283-1523-39737 pada bagian 'Ceritakan lebih lanjut'. ^Miko",2025-10-10 22:24:02,,Dataset/dataset\GOPAY_googleplay_OCTOBER_reviews.csv,transfer
fe6a9bb1-3a7b-40bd-bc3d-3475eceb1c42,Pengguna Google,https://play-lh.googleusercontent.com/EGemoI2NTXmTsBVtJqk8jxF9rh8ApRWfsIMQSt2uE4OcpQqbFu7f7NbTK05lx80nuSijCz7sc3a277R67g,buruk karena transfer yg di kirim ke gopay saya tidak masuk,1,0,1.61.2,2025-10-31 13:17:12+00:00,"Hai Kak Yoga, mohon maaf atas ketidaknyamanannya. Pastikan nomor tujuan transfer sudah benar dan sudah cek halaman Riwayat. Jika saldo belum juga bertambah, laporkan detailnya melalui email customerservice@gopay.co.id dan cantumkan kode psr-25-304-0831-19250 pada subject email yang kamu kirimkan ya. ^Miko",2025-10-31 15:31:29,1.61.2,Dataset/dataset\GOPAY_googleplay_OCTOBER_reviews.csv,transfer
73b7a97d-a280-4252-9956-bf22b7401030,Pengguna Google,https://play-lh.googleusercontent.com/EGemoI2NTXmTsBVtJqk8jxF9rh8ApRWfsIMQSt2uE4OcpQqbFu7f7NbTK05lx80nuSijCz7sc3a277R67g,ovo apk Bulik waktu mau bayar pake qris selalu elor tolong do perbaiki 🤬🤬🤬🤬 . kntl,1,0,3.145.0,2025-10-26 01:21:59+00:00,,,3.145.0,Dataset/dataset\OVO_googleplay_OCTOBER_reviews.csv,qris
3e86328a-de60-4826-b1f1-3521bbaf7fcb,Pengguna Google,https://play-lh.googleusercontent.com/EGemoI2NTXmTsBVtJqk8jxF9rh8ApRWfsIMQSt2uE4OcpQqbFu7f7NbTK05lx80nuSijCz7sc3a277R67g,top up game jadi gak ada pajaknya😆😆😆😆,5,0,1.60.0,2025-10-13 18:29:19+00:00,,,1.60.0,Dataset/dataset\GOPAY_googleplay_OCTOBER_reviews.csv,topup
47333172-fc41-4450-8390-311f8ceeceda,Pengguna Google,https://play-lh.googleusercontent.com/EGemoI2NTXmTsBVtJqk8jxF9rh8ApRWfsIMQSt2uE4OcpQqbFu7f7NbTK05lx80nuSijCz7sc3a277R67g,"sy slh tf ke nomer yang udh mati dan akunnya udh ga kepake, dan herannya tf mlh berhasil, mau login akun lama pke fitur ganti nmr, tp udh dicoba belasan kali gagal memproses terus",1,0,3.144.0,2025-10-22 17:37:57+00:00,,,3.144.0,Dataset/dataset\OVO_googleplay_OCTOBER_reviews.csv,login
28408436-db6b-4d96-92f8-da66c2649269,Pengguna Google,https://play-lh.googleusercontent.com/EGemoI2NTXmTsBVtJqk8jxF9rh8ApRWfsIMQSt2uE4OcpQqbFu7f7NbTK05lx80nuSijCz7sc3a277R67g,tolong untuk kedepanya di masukan ke smile soalnya saya mau langsung tf dsri smile ke bank jago belum terdaftar,3,0,8.76.0,2025-11-10 05:26:51+00:00,"Halo, Jagoan! Terimakasih sudah membagikan pengalamanmu menggunakan Jago. Bagi kami kenyamanan dan keamanan setiap nasabah adalah yang utama. Ini juga menjadi input untuk kami dalam berinovasi dan memberikan pelayanan yang lebih baik untukmu.",2025-11-10 06:08:18,8.76.0,Dataset/dataset\JAGO_googleplay_NOVEMBER_reviews.csv,transfer
1fdee3a1-5ac8-48ec-8185-3463882a83ab,Pengguna Google,https://play-lh.googleusercontent.com/EGemoI2NTXmTsBVtJqk8jxF9rh8ApRWfsIMQSt2uE4OcpQqbFu7f7NbTK05lx80nuSijCz7sc3a277R67g,gua top up ke ovo tapi ga masuk saldo nya.,1,0,3.145.0,2025-10-27 19:25:41+00:00,,,3.145.0,Dataset/dataset\OVO_googleplay_OCTOBER_reviews.csv,topup
05327a3d-dd3a-481b-ab06-20a31fb3efba,Pengguna Google,https://play-lh.googleusercontent.com/EGemoI2NTXmTsBVtJqk8jxF9rh8ApRWfsIMQSt2uE4OcpQqbFu7f7NbTK05lx80nuSijCz7sc3a277R67g,"min ,ada saldo gratis gak ?mau top up ml 🗿",5,0,1.60.0,2025-10-12 18:39:11+00:00,,,1.60.0,Dataset/dataset\GOPAY_googleplay_OCTOBER_reviews.csv,topup
e07e2870-e10c-47d0-962e-af31343abc11,Pengguna Google,https://play-lh.googleusercontent.com/EGemoI2NTXmTsBVtJqk8jxF9rh8ApRWfsIMQSt2uE4OcpQqbFu7f7NbTK05lx80nuSijCz7sc3a277R67g,gw kasih bintang 5 cuma tolong diperbaiki secepatnya lah nih transaksi apa pun kaga bisa gimana sih cuma bisa isi saldo doank masuk giliran transfer atau Qris ga bisa,5,1,3.146.0,2025-11-08 12:20:10+00:00,,,3.146.0,Dataset/dataset\OVO_googleplay_NOVEMBER_reviews.csv,qris
2726a0b6-f682-48e0-ab3e-21f923741308,Pengguna Google,https://play-lh.googleusercontent.com/EGemoI2NTXmTsBVtJqk8jxF9rh8ApRWfsIMQSt2uE4OcpQqbFu7f7NbTK05lx80nuSijCz7sc3a277R67g,Ovo sering bnget klo transfer ke rek bank selalu ke pending . udah gitu respon ya lama . buruk,1,0,,2025-11-15 11:02:39+00:00,,,,Dataset/dataset\OVO_googleplay_NOVEMBER_reviews.csv,transfer
f6c38ad7-bd0b-4577-98e3-7062f3913eb0,Pengguna Google,https://play-lh.googleusercontent.com/EGemoI2NTXmTsBVtJqk8jxF9rh8ApRWfsIMQSt2uE4OcpQqbFu7f7NbTK05lx80nuSijCz7sc3a277R67g,"sangat kecewa, disaat mau transfer untuk biaya admin perobatan rumah sakit ibu yang UGD,Saya pakai ovo untuk transfer ke bank BCA Rumah Sakit. Hasil transfer tidak berhasil melainkan diproses. dan paling parahnya lagi menunggu 2hari untuk Bank Bca penerima rumah sakit tadi menerima jumlah dana dari saya. Alhasil ibu saya tidak dipenuhi haknya sebagai pasien dan di telantarkan dikarenkan dana dari ovo saya ke bank bca rumah sakit tadi menunggu 2 hari. sangat memalukan ovo yang menunda proses",1,0,,2025-10-02 11:17:36+00:00,,,,Dataset/dataset\OVO_googleplay_OCTOBER_reviews.csv,transfer
da311d36-484c-4ecd-aa89-cd40740a02e6,Pengguna Google,https://play-lh.googleusercontent.com/EGemoI2NTXmTsBVtJqk8jxF9rh8ApRWfsIMQSt2uE4OcpQqbFu7f7NbTK05lx80nuSijCz7sc3a277R67g,mantap untuk qris,5,0,1.61.2,2025-10-30 01:04:50+00:00,,,1.61.2,Dataset/dataset\GOPAY_googleplay_OCTOBER_reviews.csv,qris
8cacb12b-cf09-47c8-bdb4-f10fcebd805d,Pengguna Google,https://play-lh.googleusercontent.com/EGemoI2NTXmTsBVtJqk8jxF9rh8ApRWfsIMQSt2uE4OcpQqbFu7f7NbTK05lx80nuSijCz7sc3a277R67g,"mimin adain qris tab dong buat tab KRL n busway, semoga dikabulin amiin",5,0,2.5.0,2025-11-08 11:50:32+00:00,"Hai, Kak Rurie. Terima kasih atas saran dan masukannya. Untuk saran Kakak minblu tampung terlebih dahulu ya, semoga harapan Kakak segera terwujud. 😊",2025-11-08 12:37:20,2.5.0,Dataset/dataset\BLU_googleplay_NOVEMBER_reviews.csv,qris
25622807-2748-4695-8c97-41fabb189f7c,Pengguna Google,https://play-lh.googleusercontent.com/EGemoI2NTXmTsBVtJqk8jxF9rh8ApRWfsIMQSt2uE4OcpQqbFu7f7NbTK05lx80nuSijCz7sc3a277R67g,jos klik TF langsung masuk sangat mantap tidak menunggu lama aplikasi yang sangat baik,5,0,,2025-10-27 09:34:22+00:00,,,,Dataset/dataset\GOPAY_googleplay_OCTOBER_reviews.csv,transfer
47e7a6a9-7258-4f37-893f-1d64136f9574,Pengguna Google,https://play-lh.googleusercontent.com/EGemoI2NTXmTsBVtJqk8jxF9rh8ApRWfsIMQSt2uE4OcpQqbFu7f7NbTK05lx80nuSijCz7sc3a277R67g,"hati2 dengan aplikasi pencuri ovo, sy bertransaksi dengan qris ovo tgl 12/12/2025 sekitar jam 19.00 sampai sekarang belum berhasil dan saldo terpotong 50rb. sdh menghubungi ovo tp tak ada tanggapan. maling.... maling....",1,0,3.149.0,2025-12-16 05:40:32+00:00,,,3.149.0,Dataset/dataset\OVO_googleplay_DECEMBER_reviews.csv,qris
aff23f78-ee91-47f6-9318-1ebbba5a4a8e,Pengguna Google,https://play-lh.googleusercontent.com/EGemoI2NTXmTsBVtJqk8jxF9rh8ApRWfsIMQSt2uE4OcpQqbFu7f7NbTK05lx80nuSijCz7sc3a277R67g,"pengalaman saya memakai GoPay sangat mudah dalam bertransaksi, transfer, dan maupun dalam pembayaran GoFood",5,0,1.64.1,2025-11-28 16:45:26+00:00,,,1.64.1,Dataset/dataset\GOPAY_googleplay_NOVEMBER_reviews.csv,transfer
a92ab614-6f2b-4642-a673-ebe2875bcd71,Pengguna Google,https://play-lh.googleusercontent.com/EGemoI2NTXmTsBVtJqk8jxF9rh8ApRWfsIMQSt2uE4OcpQqbFu7f7NbTK05lx80nuSijCz7sc3a277R67g,performa m banking terburuk jam 23.00 selalu pemeliharaan sistem transfer via QR kadang bisa kadang tidak top up dana transaksi tidak dapat dilakukan dari awal punya m banking hingga sekarang,1,0,,2025-11-27 23:03:19+00:00,"Halo Sahabat @Noviandri Aranputra, mohon maaf atas ketidaknyamanannya. Kami mohon kesediaan Sahabat melakukan force close pada aplikasi terlebih dahulu, pastikan jaringan data yg digunakan stabil (tidak menggunakan jaringan wifi) dan kami persilakan Sahabat utk mencoba kembali secara berkala. Tks~Raka",2025-11-27 23:06:46,,Dataset/dataset\LIVIN_googleplay_NOVEMBER_reviews.csv,topup
8af8a504-eb17-4bad-9a4c-13894789cb21,Pengguna Google,https://play-lh.googleusercontent.com/EGemoI2NTXmTsBVtJqk8jxF9rh8ApRWfsIMQSt2uE4OcpQqbFu7f7NbTK05lx80nuSijCz7sc3a277R67g,kenapa ya ko sekarang aplikasi ovo eror gara gara buat beli bensin buat sken.pembayaran bensin.kenapa ko eror ga da buat transfer sesama Ovo dan ga da buat transfer ke bank,1,0,3.149.0,2025-12-15 06:10:15+00:00,,,3.149.0,Dataset/dataset\OVO_googleplay_DECEMBER_reviews.csv,transfer
949e8a34-d202-404e-a0a8-4cb85d2d41d7,Pengguna Google,https://play-lh.googleusercontent.com/EGemoI2NTXmTsBVtJqk8jxF9rh8ApRWfsIMQSt2uE4OcpQqbFu7f7NbTK05lx80nuSijCz7sc3a277R67g,"saya mau beli paket di ShopeePay produk sedang tidak tersedia terus, kalo emang gaada gausa dipajang lah, saya uda top up berharap beli paket itu mala gaada, hadehh ga lagi lagi beli paket/pulsa di ShopeePay.",1,2,1.40.06,2025-11-01 13:27:57+00:00,"Hi Kak Aisah. Mohon maaf atas kendala tidak bisa pembelian paket data karena sudah tidak tersedia. Terkait kendala tersebut mohon menghubungi kami melalui DM ke Instagram @ShopeePay_ID yang bercentang biru, dengan menginformasikan detail dan bukti kendala untuk bantuan lebih lanjut. Semoga kendala kakak segera terselesaikan ya. ^CS",2025-11-03 15:59:26,1.40.06,Dataset/dataset\SHOPEEPAY_googleplay_NOVEMBER_reviews.csv,topup
b2d631a1-2f79-4cce-a196-c084bdd90f2d,Pengguna Google,https://play-lh.googleusercontent.com/EGemoI2NTXmTsBVtJqk8jxF9rh8ApRWfsIMQSt2uE4OcpQqbFu7f7NbTK05lx80nuSijCz7sc3a277R67g,"spaylater saya udh 2 tahun lebih d bekuin gabisa d buka lg udh lakuin chat nurutin tahap demi tahap ttp gabisa, suruh sering2 transfer pake shopeepay udah tapi sma aja gabisa d buka lg spaylater nya, kecewa bener nyesel, ampe sekarang 2 tahun lebih tulisannya d bekukan sementara tapi udh 2 tahun lebih gak bisa d gunain lagi",1,3,1.42.03,2025-11-08 09:51:49+00:00,"Hi Kak Eko. Mohon maaf mengenai kendala akun SPayLater yang dibekukan. Untuk bantuan lebih lanjut, mohon menghubungi kami melalui DM ke Instagram @ShopeePay_ID dengan melampirkan foto/screenshot notifikasi kendala yang dialami. ^CS",2025-11-10 11:27:01,1.42.03,Dataset/dataset\SHOPEEPAY_googleplay_NOVEMBER_reviews.csv,transfer
ac445763-c814-4ed7-ae44-cdc497f22fcb,Pengguna Google,https://play-lh.googleusercontent.com/EGemoI2NTXmTsBVtJqk8jxF9rh8ApRWfsIMQSt2uE4OcpQqbFu7f7NbTK05lx80nuSijCz7sc3a277R67g,"awalnya kasih bintang 5, tapi setelah hp saya ke-reset mau login jago lagi gabisa. udh masukin nik, selfie dll tetap aja gagal. iyaa bagus kalo untuk keamanan data, tapi jangan dipersulit untuk login kembali. meskipun saldo saya ga sampe seribu tapi butuh bank jago untuk bisa invest di bibit😌 udah komplain tapi cs nya slow respon bangettt",2,0,8.42.0,2025-10-10 03:55:00+00:00,"Halo, Jagoan! Mohon maaf atas ketidaknyamanan yang Kakak alami. Supaya bisa membantu lebih lanjut, Kakak bisa menginformasikan detail keluhannya melalui email tanya@jago.com ya. Tim terkait kami dengan senang hati akan membantu Kakak menyelesaikan permasalahannya.",2025-10-10 04:19:56,8.42.0,Dataset/dataset\JAGO_googleplay_OCTOBER_reviews.csv,login
70f7fd45-e378-4b93-874a-994516f1e993,Pengguna Google,https://play-lh.googleusercontent.com/EGemoI2NTXmTsBVtJqk8jxF9rh8ApRWfsIMQSt2uE4OcpQqbFu7f7NbTK05lx80nuSijCz7sc3a277R67g,"ternyata bukan saya aja yang saldo nya ilang, transaksi hari Jum'at kemarin sampe sekarang belum masuk padahal tanda bukti transfer ada tapi jawabannya tidak ada transaksi dengan nominal segitu,, 400.000 itu besar buat saya pas saya baca ulasannya dopay rupanya ada juga yg sama kaya malah lebih besar 1.800.000 ,,, mana nih pihak gopay GK bisa tanggung jawab tah",1,0,,2025-11-27 11:43:39+00:00,"Hai Kak Wahyu, mohon maaf atas ketidaknyamanannya. Jika kamu masih mengalami kendala, silakan laporkan melalui email ke customerservice@gopay.co.id dengan melampirkan kode psr-25-331-0519-44030 pada subject email dan cantumkan nomor laporan kamu sebelumnya pada email yang kamu kirimkan. Kami tunggu detail laporan kamu ya. ^Maura",2025-11-27 12:19:48,,Dataset/dataset\GOPAY_googleplay_NOVEMBER_reviews.csv,transfer
1f7284cb-3f49-420f-8cb7-e15f0bdf6a57,Pengguna Google,https://play-lh.googleusercontent.com/EGemoI2NTXmTsBVtJqk8jxF9rh8ApRWfsIMQSt2uE4OcpQqbFu7f7NbTK05lx80nuSijCz7sc3a277R67g,verifikasi wajah sangat susah dan lambat,1,1,3.2.0,2025-11-28 08:15:56+00:00,"Halo Sahabat @Achi Mahendra 31, mohon maaf atas ketidaknyamanannya. Jika terdapat kendala verifikasi wajah pada saat proses registrasi Livin, Sahabat dpt mencoba kembali dengan memastikan agar pencahayaan baik dan wajah tidak terlalu dekat dengan kamera. Tks~Kila",2025-11-28 08:33:06,3.2.0,Dataset/dataset\LIVIN_googleplay_NOVEMBER_reviews.csv,vermuk
9573d68c-e097-46d7-9a00-aabc339f1eef,Pengguna Google,https://play-lh.googleusercontent.com/EGemoI2NTXmTsBVtJqk8jxF9rh8ApRWfsIMQSt2uE4OcpQqbFu7f7NbTK05lx80nuSijCz7sc3a277R67g,"kurangnya klw transfer ke bang suka lama 2 atw tiga hari... coba diprosesnya lebih cepat, atw seperti bang lain yg selalu langsung masuk. pasti saya kasih bintang 5",2,0,3.144.0,2025-10-05 17:56:39+00:00,,,3.144.0,Dataset/dataset\OVO_googleplay_OCTOBER_reviews.csv,transfer
36f013bc-7670-4ae6-865a-bc9e6135618f,Pengguna Google,https://play-lh.googleusercontent.com/EGemoI2NTXmTsBVtJqk8jxF9rh8ApRWfsIMQSt2uE4OcpQqbFu7f7NbTK05lx80nuSijCz7sc3a277R67g,"saya salah transfer ke nomor saya yg sudah tidak aktif dan tidak terdaftar di gopay, saldo berkurang dan untuk penyelesaian masalah malah tidak ada tindakan lanjut .",1,3,1.62.0,2025-11-14 00:07:42+00:00,"Hai Kak Sandy, sesuai Syarat & Ketentuan GoPay, jika terjadi kesalahan isi/transfer dan sudah berhasil, maka transaksi tidak dapat dibatalkan. Jika kamu memiliki pertanyaan atau kendala lainnya, silakan kunjungi menu Bantuan di aplikasi GoPay kamu atau email ke customerservice@gopay.co.id. ^Melisa",2025-11-14 09:51:48,1.62.0,Dataset/dataset\GOPAY_googleplay_NOVEMBER_reviews.csv,transfer
28d64782-49cc-4d8c-8c5b-187728ee579c,Pengguna Google,https://play-lh.googleusercontent.com/EGemoI2NTXmTsBVtJqk8jxF9rh8ApRWfsIMQSt2uE4OcpQqbFu7f7NbTK05lx80nuSijCz7sc3a277R67g,"jangan pakai aplikasi ini saya tranfer qris 310.000 buat bayar kebutuhan sehari-hari di salah 1 toko di daerah saya sampai hari ini masih dalam status dalam proses padahal saldo udah kepotong. setiap kali mau klaim balik,persyaratanya tidak masuk akal.",1,4,3.144.0,2025-10-19 17:03:52+00:00,,,3.144.0,Dataset/dataset\OVO_googleplay_OCTOBER_reviews.csv,qris
b4fd805c-7474-412e-925d-ea9f86d47dbd,Pengguna Google,https://play-lh.googleusercontent.com/EGemoI2NTXmTsBVtJqk8jxF9rh8ApRWfsIMQSt2uE4OcpQqbFu7f7NbTK05lx80nuSijCz7sc3a277R67g,terlalu banyak potongan topup ada potongan ada transaksi masuk potongan juga,2,0,3.145.0,2025-10-23 23:14:14+00:00,,,3.145.0,Dataset/dataset\OVO_googleplay_OCTOBER_reviews.csv,topup
4047c0b5-0bca-4d6c-8e66-5237a46fd573,Pengguna Google,https://play-lh.googleusercontent.com/EGemoI2NTXmTsBVtJqk8jxF9rh8ApRWfsIMQSt2uE4OcpQqbFu7f7NbTK05lx80nuSijCz7sc3a277R67g,"Tiba2 tidak bisa login dan disuruh reset dari awal tapi ketika memasukan no hp tidak bisa dilanjut karena sedang perbaikam sistem,tolong penanganannya karena sedang urgensi",3,0,3.2.0,2025-12-30 14:18:31+00:00,"Halo Sahabat @Iman Maulana, mohon maaf atas ketidaknyamanannya. Apabila terdapat kendala agar dapat kami tindaklanjuti, Sahabat dapat mengirimkan email ke mandiricare@bankmandiri.co.id atau menghubungi layanan Mandiri Call 14000 ya. Tks~Alza",2025-12-30 14:22:23,3.2.0,Dataset/dataset\LIVIN_googleplay_DECEMBER_reviews.csv,login
555400a8-a35b-4c03-aa0a-299fa54ebe29,Pengguna Google,https://play-lh.googleusercontent.com/EGemoI2NTXmTsBVtJqk8jxF9rh8ApRWfsIMQSt2uE4OcpQqbFu7f7NbTK05lx80nuSijCz7sc3a277R67g,"jlk bngt, sering eror next tolong perbaikin. always klo lg urgent mau top up tb tb eror, uangnya udh kepotong tp pas di cek trnyata blm kekirim uangnya, gjls. sering trjadi sperti itu. 👎",1,5,3.144.0,2025-10-20 15:59:30+00:00,,,3.144.0,Dataset/dataset\OVO_googleplay_OCTOBER_reviews.csv,topup
4adbbb82-6adb-4ab4-be63-0a433ed6600a,Pengguna Google,https://play-lh.googleusercontent.com/EGemoI2NTXmTsBVtJqk8jxF9rh8ApRWfsIMQSt2uE4OcpQqbFu7f7NbTK05lx80nuSijCz7sc3a277R67g,"hari ini aku coba untuk login tapi gagal trus, gimna ya",4,0,,2025-11-27 15:55:28+00:00,"Hai Sahabat @Siti Habibah, mohon maaf atas ketidaknyamanannya. Perihal tsb kami sarankan Sahabat melakukan force close kemudian restart device, pastikan jaringan stabil dan tidak menggunakan WiFi. Apabila masih terkendala dapat mengirimkan email ke mandiricare@bankmandiri.co.id atau menghubungi mandiri call 14000. Tks~Vacilla",2025-11-27 15:58:01,,Dataset/dataset\LIVIN_googleplay_NOVEMBER_reviews.csv,login
fe730c44-186e-4405-a235-c77491999dc0,Pengguna Google,https://play-lh.googleusercontent.com/EGemoI2NTXmTsBVtJqk8jxF9rh8ApRWfsIMQSt2uE4OcpQqbFu7f7NbTK05lx80nuSijCz7sc3a277R67g,kaga bagus jir Uda login tapi pas mau login kembali kaga bisa,1,0,1.44.05,2025-12-14 18:35:15+00:00,"Hi Kak Muh. Mohon maaf mengenai kendala tidak bisa login. Untuk bantuan lebih lanjut, mohon menghubungi kami melalui DM ke Instagram @ShopeePay_ID dengan melampirkan foto/screenshot notifikasi kendala yang dialami. ^CS",2025-12-15 14:09:00,1.44.05,Dataset/dataset\SHOPEEPAY_googleplay_DECEMBER_reviews.csv,login
c444725f-f4e7-488d-9eca-9a83f0d1da0f,Pengguna Google,https://play-lh.googleusercontent.com/EGemoI2NTXmTsBVtJqk8jxF9rh8ApRWfsIMQSt2uE4OcpQqbFu7f7NbTK05lx80nuSijCz7sc3a277R67g,tolong dong masa sekarang klo mau login hrus masukin nomer kartu sedangkan blm cetak kartu yg biasa aja dong login biasa kecewa mana ada uang nya lagi,1,1,3.2.0,2025-11-14 22:53:55+00:00,"Halo Sahabat @Rama Kianu, mohon maaf atas ketidaknyamanannya. Untuk perihal kendala yang dialami, mohon untuk dapat mengirimkan email ke mandiricare@bankmandiri.co.id atau dapat menghubungi layanan mandiri 14000 agar dapat dilakukan pengecekan. Tks~Raka",2025-11-14 22:58:48,3.2.0,Dataset/dataset\LIVIN_googleplay_NOVEMBER_reviews.csv,login
8e72ffd4-dae0-4afa-af29-c878f82e8875,Pengguna Google,https://play-lh.googleusercontent.com/EGemoI2NTXmTsBVtJqk8jxF9rh8ApRWfsIMQSt2uE4OcpQqbFu7f7NbTK05lx80nuSijCz7sc3a277R67g,"padahal saya tidak tf ke bank PT anak bangsa malah ada riwayat di akun ku tf 450k lagi, tolong yang menemukan akun orang atas nama saiful arif bank BCA itu yang nerima tf an, padahal saya tidak pernah tf ke situ, kenal aja nggak",5,0,1.62.0,2025-11-17 12:49:19+00:00,"Hai Kak Ahmad, mohon maaf atas ketidaknyamanannya. Terkait keluhan tersebut, silakan laporkan melalui email ke customerservice@gopay.co.id dengan melampirkan kode psr-25-319-1207-56321 pada subject email. Kami tunggu detail laporan kamu ya. ^Maura",2025-11-15 19:08:01,1.62.0,Dataset/dataset\GOPAY_googleplay_NOVEMBER_reviews.csv,transfer
82b7636c-8828-4afb-800c-6479e5be9e4a,Pengguna Google,https://play-lh.googleusercontent.com/EGemoI2NTXmTsBVtJqk8jxF9rh8ApRWfsIMQSt2uE4OcpQqbFu7f7NbTK05lx80nuSijCz7sc3a277R67g,"transfer gratis cuma kesesama ovo saja ,top up saldo juga kepotong",1,0,,2025-10-29 09:30:45+00:00,,,,Dataset/dataset\OVO_googleplay_OCTOBER_reviews.csv,topup
d274c56e-2b92-493d-835f-45c963d0bb24,Pengguna Google,https://play-lh.googleusercontent.com/EGemoI2NTXmTsBVtJqk8jxF9rh8ApRWfsIMQSt2uE4OcpQqbFu7f7NbTK05lx80nuSijCz7sc3a277R67g,mau login aja ribet banget harus verifikasi wajah. sedangkan gagal trus ini maksudnya gmna ya??,1,0,3.2.0,2025-12-10 18:26:17+00:00,"Hai Sahabat @Nadya putri Syarifah satibi, mohon maaf atas ketidaknyamanannya. Utk pengecekan lebih lanjut atas kendala yg dialami, kami persilakan mengirimkan pesan melalui layanan email kami di mandiricare@bankmandiri.co.id atau mandiri call 14000 ya. Tks~Tommy",2025-12-10 18:30:50,3.2.0,Dataset/dataset\LIVIN_googleplay_DECEMBER_reviews.csv,login
2ed0850f-6cfe-449b-972f-c636b3e78945,Pengguna Google,https://play-lh.googleusercontent.com/EGemoI2NTXmTsBVtJqk8jxF9rh8ApRWfsIMQSt2uE4OcpQqbFu7f7NbTK05lx80nuSijCz7sc3a277R67g,kenapa sekarang gopay udh ga bisa buat top up lagi minn tolong di bales,3,0,1.60.0,2025-10-25 06:15:57+00:00,"Hai Kak Faiz, pastikan jumlah top up tidak melebihi batas limit transaksi bulanan dan jaringan internet stabil. Jika masih bermasalah, laporkan melalui menu Bantuan > ketik ""Mengapa saya tidak bisa top up GoPay?"" > isi formulir dan cantumkan kode psr-25-298-0038-53281 di bagian 'Ceritakan lebih lanjut'. ^Maura",2025-10-25 07:39:06,1.60.0,Dataset/dataset\GOPAY_googleplay_OCTOBER_reviews.csv,topup
cef78fdf-bec2-46b8-989b-f02277d54a85,Pengguna Google,https://play-lh.googleusercontent.com/EGemoI2NTXmTsBVtJqk8jxF9rh8ApRWfsIMQSt2uE4OcpQqbFu7f7NbTK05lx80nuSijCz7sc3a277R67g,apaan aplikasi macet Mulu ribet mo TF aja harus biometrik wajah udah gitu gagal Mulu anehh,1,0,,2025-12-21 01:18:57+00:00,"Hi Kak Veraa, Mohon maaf atas kendala tidak bisa transfer melalui ShopeePay. Silakan mencoba kembali dalam waktu 1x24 jam. Pastikan verifikasi wajah sudah sesuai dengan KTP yang terdaftar di ShopeePay. Apabila masih terkendala, kakak dapat menghubungi kami melalui DM ke IG @ShopeePay_ID yang bercentang biru ya. ^EN",2025-12-22 14:38:24,,Dataset/dataset\SHOPEEPAY_googleplay_DECEMBER_reviews.csv,transfer
2cfed5d4-2708-48ff-b41d-b77de81c3d59,Pengguna Google,https://play-lh.googleusercontent.com/EGemoI2NTXmTsBVtJqk8jxF9rh8ApRWfsIMQSt2uE4OcpQqbFu7f7NbTK05lx80nuSijCz7sc3a277R67g,"gak se seru dulu eu, dulu Livin bisa pakai sidik jari hp sekarang versi terbaru gak bisa, harus login pasword terus jadi lama kadang bukanya. Haduhhh, padahal secara aplikasi bagus2 aja, sama itu kenapa sekarang top up E walet kena admin Mulu yah",2,0,3.1.0,2025-11-12 10:10:14+00:00,"Hai Sahabat @Syafriadi Voltz, mohon maaf atas ketidaknyamanannya. Kami memahami penyesuaian biaya tsb menimbulkan ketidaknyamanan, hal ini dilakukan utk menjaga kualitas layanan digital Livin’ by Mandiri. Kemudian utk login Livin menggunakan sidik jari pastikan telah melakukan aktivasi biometrik login Livin ya. Tks~Divia",2025-11-12 10:22:52,3.1.0,Dataset/dataset\LIVIN_googleplay_NOVEMBER_reviews.csv,login
21a704f9-ddcf-4011-97ce-237cf95395e4,Pengguna Google,https://play-lh.googleusercontent.com/EGemoI2NTXmTsBVtJqk8jxF9rh8ApRWfsIMQSt2uE4OcpQqbFu7f7NbTK05lx80nuSijCz7sc3a277R67g,yg transfer kena admin yg Nerima pun kena admin babi,1,0,3.144.0,2025-10-06 08:38:41+00:00,,,3.144.0,Dataset/dataset\OVO_googleplay_OCTOBER_reviews.csv,transfer
a94027e1-9ae3-4f58-9634-1c48737a40a7,Pengguna Google,https://play-lh.googleusercontent.com/EGemoI2NTXmTsBVtJqk8jxF9rh8ApRWfsIMQSt2uE4OcpQqbFu7f7NbTK05lx80nuSijCz7sc3a277R67g,"kenapa livin belum bisa terhubung dan mengalami pengecekan lama sekali, saya membutuhkan cepat, tolong segera di urus untuk eror ini. saya akan memberikan rating terbaik jika sudah di perbaiki. terutama verifikasi wajah dan pin debit.",1,1,3.1.0,2025-11-10 11:17:46+00:00,"Halo Sahabat @nabila alzahra, mohon maaf atas ketidaknyamanannya. Apabila terdapat kendala agar dapat kami tindaklanjuti, Sahabat dapat mengirimkan email ke mandiricare@bankmandiri.co.id atau menghubungi layanan mandiri call 14000 ya. Tks~Irish",2025-11-10 11:20:43,3.1.0,Dataset/dataset\LIVIN_googleplay_NOVEMBER_reviews.csv,vermuk
36d4a510-166c-4031-bd0a-42ea720141e6,Pengguna Google,https://play-lh.googleusercontent.com/EGemoI2NTXmTsBVtJqk8jxF9rh8ApRWfsIMQSt2uE4OcpQqbFu7f7NbTK05lx80nuSijCz7sc3a277R67g,"lemo banget, sering stuck, transfer sama pindah kantong terkadang suka deactive, transfer sama bayar pakai qris loading mulu",1,0,,2025-12-14 08:31:49+00:00,"Halo, Jagoan. Mohon maaf atas kendala yang terjadi ya. Kamu tidak perlu khawatir, kamu bisa menjelaskan detail kendala tersebut melalui email di tanya@jago.com atau call center 1500 746 untuk kami bantu tangani lebih lanjut. Terima kasih :)",2025-12-14 09:02:29,,Dataset/dataset\JAGO_googleplay_DECEMBER_reviews.csv,qris
fde4a725-733c-45c4-a424-a0fb12583818,Pengguna Google,https://play-lh.googleusercontent.com/EGemoI2NTXmTsBVtJqk8jxF9rh8ApRWfsIMQSt2uE4OcpQqbFu7f7NbTK05lx80nuSijCz7sc3a277R67g,masa setiap mo pake Qris ngak bisa,1,0,1.64.1,2025-11-30 09:11:53+00:00,"Hai Kak Faiz, mohon maaf atas ketidaknyamanannya. Pastikan kamu menggunakan aplikasi GoPay versi terbaru dan posisi kode QR yang dipindai sudah sesuai. Jika masih berkendala, laporkan melalui email customerservice@gopay.co.id dan cantumkan kode psr-25-334-0531-40451 pada subject email yang kamu kirimkan ya. ^Miko",2025-11-30 12:31:53,1.64.1,Dataset/dataset\GOPAY_googleplay_NOVEMBER_reviews.csv,qris
9d189b99-8f94-45ed-9ef1-b6b97f23a26f,Pengguna Google,https://play-lh.googleusercontent.com/EGemoI2NTXmTsBVtJqk8jxF9rh8ApRWfsIMQSt2uE4OcpQqbFu7f7NbTK05lx80nuSijCz7sc3a277R67g,"memudahkan bertransaksi dan pembayaran melalui digital, sudah hampir 3 tahun pakai Livin by mandiri dari mulai ga ada biaya antar topup sekarang dikenakan 1000 pertopup . ga ada syarat apapun untuk buka tabungan digital ini, kondisi saat itu pun sebagai ibu rumah tangga sangat2 membantu. bintang 5 ⭐⭐⭐⭐⭐ semoga aplikasinya tidak ada masalah, selama ini tidak ada semoga seterusnya tidak ada ! terima kasih",5,16,3.1.0,2025-11-04 20:57:59+00:00,"Terima kasih atas review yg telah diberikan Sahabat @Aisyah Dindun. Semoga dpt terus menikmati kemudahan dan kenyamanan dlm menggunakan Livin' by Mandiri. Silakan coba fitur Linkage E-Wallet. Pertama dan satu-satunya aplikasi financial yg menghubungkan semua saldo e-Wallet (LinkAja, OVO, DANA, GoPay) dlm satu aplikasi. Tks ~ Said",2025-11-04 21:03:38,3.1.0,Dataset/dataset\LIVIN_googleplay_NOVEMBER_reviews.csv,topup
53cb317e-7722-4eee-8c43-2a333a35ad0c,Pengguna Google,https://play-lh.googleusercontent.com/EGemoI2NTXmTsBVtJqk8jxF9rh8ApRWfsIMQSt2uE4OcpQqbFu7f7NbTK05lx80nuSijCz7sc3a277R67g,bagus bisa top up roblox banyak sih tapi hak ada zepeto nya,5,0,,2025-10-07 17:23:51+00:00,,,,Dataset/dataset\GOPAY_googleplay_OCTOBER_reviews.csv,topup
d42424aa-eaa8-4c3f-822f-155be037906d,Pengguna Google,https://play-lh.googleusercontent.com/EGemoI2NTXmTsBVtJqk8jxF9rh8ApRWfsIMQSt2uE4OcpQqbFu7f7NbTK05lx80nuSijCz7sc3a277R67g,ini ko gagal buka trus enga bisa tf atw tarik ini knpa ovo saldo gua,1,0,3.146.0,2025-11-07 16:59:43+00:00,,,3.146.0,Dataset/dataset\OVO_googleplay_NOVEMBER_reviews.csv,transfer
d6778783-ecbe-4f20-9e4f-80cee14cd939,Pengguna Google,https://play-lh.googleusercontent.com/EGemoI2NTXmTsBVtJqk8jxF9rh8ApRWfsIMQSt2uE4OcpQqbFu7f7NbTK05lx80nuSijCz7sc3a277R67g,asli ini aplikasi murah murah semua kalau beli paket data dan top up game memang bagus di gopay aja udah gitu banyak juga yang bisa di pilih best lah pokoknya,5,2,1.62.0,2025-11-11 13:15:00+00:00,,,1.62.0,Dataset/dataset\GOPAY_googleplay_NOVEMBER_reviews.csv,topup
75f3d837-2cce-4373-ada9-7d2c0145b01b,Pengguna Google,https://play-lh.googleusercontent.com/EGemoI2NTXmTsBVtJqk8jxF9rh8ApRWfsIMQSt2uE4OcpQqbFu7f7NbTK05lx80nuSijCz7sc3a277R67g,mohon bantuan nya kenapa saldo top up saya tidak bertambah 🙏😭,1,0,3.148.0,2025-12-09 05:17:39+00:00,,,3.148.0,Dataset/dataset\OVO_googleplay_DECEMBER_reviews.csv,topup
e899e948-a428-4fed-8a39-d5defe451d02,Pengguna Google,https://play-lh.googleusercontent.com/EGemoI2NTXmTsBVtJqk8jxF9rh8ApRWfsIMQSt2uE4OcpQqbFu7f7NbTK05lx80nuSijCz7sc3a277R67g,"aplikasi sampah pembayaran tagihan,transfer uang selalu gk tepat waktu pembayaran pdam smpe besok baru berhasil,oembayaran kartu hallo besok baru berhasil,transfer uang di invoice udh lewat waktu estimasi banyak banget alasannya ini masalah uang bukan kertas yaa secara mental saya sdh di rugikan kita transfer uang uang ny belum di terima kita udh di maki2 orang dibilang penipu segala macem kalian enak aja bilang tunggu 1x24 klo gk masimal untuk untk transaski tutup aja dri pada bikin masalah",1,0,1.33.10,2025-12-23 15:03:09+00:00,"Hi Kak ARMAN. Mohon maaf atas ketidaknyamanannya. Terkait kendala tersebut mohon menghubungi kami melalui DM ke Instagram @ShopeePay_ID yang bercentang biru, dengan menginformasikan detail dan bukti kendala untuk bantuan lebih lanjut. Semoga kendala kakak segera terselesaikan ya. ^CS",2025-12-23 16:29:00,1.33.10,Dataset/dataset\SHOPEEPAY_googleplay_DECEMBER_reviews.csv,transfer
b0290b8b-aaf8-4aea-8356-211d854fa06d,Pengguna Google,https://play-lh.googleusercontent.com/EGemoI2NTXmTsBVtJqk8jxF9rh8ApRWfsIMQSt2uE4OcpQqbFu7f7NbTK05lx80nuSijCz7sc3a277R67g,aplikasi nya bagus banget bisa qris dan banyak promo nya,5,0,1.42.03,2025-11-08 14:09:40+00:00,"Hi Kak. Terima kasih telah menggunakan ShopeePay. Mari cek aplikasi ShopeePay karena banyak fitur yang mempermudah keseharian kakak seperti pembelian pulsa, paket data, pembayaran tagihan listrik dan pembayaran lainnya. Jika kakak memiliki pertanyaan seputar ShopeePay, mohon DM kami di Instagram @ShopeePay_ID ya. Semoga harimu menyenangkan ^RJ",2025-11-10 09:52:52,1.42.03,Dataset/dataset\SHOPEEPAY_googleplay_NOVEMBER_reviews.csv,qris
cc372317-81f1-47be-a05c-f8e225050f25,Pengguna Google,https://play-lh.googleusercontent.com/EGemoI2NTXmTsBVtJqk8jxF9rh8ApRWfsIMQSt2uE4OcpQqbFu7f7NbTK05lx80nuSijCz7sc3a277R67g,mantap cepet banget transfer nya,5,0,,2025-11-07 04:48:30+00:00,"Hi Kak. Terima kasih telah menggunakan ShopeePay. Mari cek aplikasi ShopeePay karena banyak fitur yang mempermudah keseharian kakak seperti pembelian pulsa, paket data, pembayaran tagihan listrik dan pembayaran lainnya. Jika kakak memiliki pertanyaan seputar ShopeePay, mohon DM kami di Instagram @ShopeePay_ID ya. Semoga harimu menyenangkan ^RJ",2025-11-07 09:38:32,,Dataset/dataset\SHOPEEPAY_googleplay_NOVEMBER_reviews.csv,transfer
2c628274-3d9b-4197-90d3-82bea379eab9,Pengguna Google,https://play-lh.googleusercontent.com/EGemoI2NTXmTsBVtJqk8jxF9rh8ApRWfsIMQSt2uE4OcpQqbFu7f7NbTK05lx80nuSijCz7sc3a277R67g,"transfer ke bank tidak ada promo gratis seperti DANA,... isi saldo melalui bank juga kena admin 1000, kalo dana Tidak tetap utuh,... Rekomendasi di DANA aja",1,0,,2025-10-23 14:28:03+00:00,,,,Dataset/dataset\OVO_googleplay_OCTOBER_reviews.csv,transfer
c7cd36c2-ed5f-48a9-ade0-db5106190cee,Pengguna Google,https://play-lh.googleusercontent.com/EGemoI2NTXmTsBVtJqk8jxF9rh8ApRWfsIMQSt2uE4OcpQqbFu7f7NbTK05lx80nuSijCz7sc3a277R67g,transfer lebih cepet,5,0,1.64.1,2025-11-27 13:32:10+00:00,,,1.64.1,Dataset/dataset\GOPAY_googleplay_NOVEMBER_reviews.csv,transfer
15ad6857-5a39-439f-9995-06ff167294e7,Pengguna Google,https://play-lh.googleusercontent.com/EGemoI2NTXmTsBVtJqk8jxF9rh8ApRWfsIMQSt2uE4OcpQqbFu7f7NbTK05lx80nuSijCz7sc3a277R67g,"saya pengguna GOPAY sejak lama, tapi baru"" ini mengalami kejadian top up saldo GOPAY tidak masuk di tanggal 25-11-2025,saldo rekening sudah terpotong dan detail transaksi sudah sukses,tapi saldo tidak masuk,di cek riwayat pun tidak ada saldo top up yg masuk.call CS di sertai bukti transaksi sdh di lakukan,alhasil nunggu 2x24 jam,setelah menunggu 2x24 jam,konfirmasi lagi ke CS, taunya suruh nunggu lagi 7 hari jam kerja.saya sangat merasa kecewa sekali dengan pihak gojek/gopay.",1,0,,2025-11-28 18:15:40+00:00,"Hai Kak Roman, mohon maat atas ketidaknyamanannya. Jika kamu masih mengalami kendala, silakan laporkan melalui email ke customerservice@gopay.co.id dengan melampirkan kode psr-25-332-1312-36142 pada subject email dan cantumkan nomor laporan kamu sebelumnya pada email yang kamu kirimkan. Kami tunggu detail laporan kamu ya. ^Melisa",2025-11-28 20:12:42,,Dataset/dataset\GOPAY_googleplay_NOVEMBER_reviews.csv,topup
5b25e898-d1ca-4e5f-b489-7b5a511fdcce,Pengguna Google,https://play-lh.googleusercontent.com/EGemoI2NTXmTsBVtJqk8jxF9rh8ApRWfsIMQSt2uE4OcpQqbFu7f7NbTK05lx80nuSijCz7sc3a277R67g,saya qris ke temen ga masuk nominalnya gede lagi satu nya 40k satunya 69k padahal sebelumnya bisa gimana ni gopay,2,0,1.47.0,2025-10-07 15:17:50+00:00,"Hai Kak Hafiz, mohon maaf atas ketidaknyamanannya. Terkait keluhan tersebut, silakan laporkan melalui email ke customerservice@gopay.co.id dengan melampirkan kode psr-25-280-0851-13015 pada subject email. Kami tunggu detail laporan kamu ya. ^Maura",2025-10-07 15:51:19,1.47.0,Dataset/dataset\GOPAY_googleplay_OCTOBER_reviews.csv,qris
30906ca6-965a-4654-9ab8-d0763438d165,Pengguna Google,https://play-lh.googleusercontent.com/EGemoI2NTXmTsBVtJqk8jxF9rh8ApRWfsIMQSt2uE4OcpQqbFu7f7NbTK05lx80nuSijCz7sc3a277R67g,"Kenapa susah banget login di apps ini,",1,0,3.1.0,2025-11-14 06:43:12+00:00,"Halo Sahabat @DurunJy, mohon maaf atas ketidaknyamanannya. Perihal kendala pada layanan Livin’ by Mandiri, mohon untuk mengirimkan email ke mandiricare@bankmandiri.co.id atau dapat menghubungi layanan Mandiri Call 14000 agar dilakukan pengecekan. Tks~Danti",2025-11-14 06:46:14,3.1.0,Dataset/dataset\LIVIN_googleplay_NOVEMBER_reviews.csv,login
daca8f32-94b4-4c93-b125-2b301b26c1ee,Pengguna Google,https://play-lh.googleusercontent.com/EGemoI2NTXmTsBVtJqk8jxF9rh8ApRWfsIMQSt2uE4OcpQqbFu7f7NbTK05lx80nuSijCz7sc3a277R67g,"verifikasi wajah ya Allah udah Ampe pegel ga bisa bisa sumpah jelek bgt, udh pake wifi data pun sama ga berhasil cape kedip doang aahhhhhhhh kacau ni aplikasi",1,2,3.2.0,2025-11-26 18:44:01+00:00,"Halo Sahabat @Siti Zahrotul hayati, mohon maaf atas ketidaknyamannya. Perihal kendala pada layanan Livin' by Mandiri, mohon untuk dapat mengirimkan email ke mandiricare@bankmandiri.co.id atau dapat menghubungi layanan mandiri 14000 agar dapat dilakukan pengecekan. Tks~Ervan",2025-11-26 18:54:18,3.2.0,Dataset/dataset\LIVIN_googleplay_NOVEMBER_reviews.csv,vermuk
e5e21b65-916f-4628-aa5d-8638421df379,Pengguna Google,https://play-lh.googleusercontent.com/EGemoI2NTXmTsBVtJqk8jxF9rh8ApRWfsIMQSt2uE4OcpQqbFu7f7NbTK05lx80nuSijCz7sc3a277R67g,"sudah ganti sudah terkonfirmas, pas login pakai sandi yang sudah dirubah tetep tidak bisa, sudah berulang kali mencoba dengan selang 1x 24 jam tetep tidak bisa, aneh mohon di lakukan pengecekan tentang sistem dan diperbaiki, disini sudah banyak yang percaya pada JAGO mohon tidak dikecewakan, terimakasih",1,0,,2025-11-16 21:37:49+00:00,"Halo, Jagoan! Mohon maaf atas ketidaknyamanan yang Kakak alami. Supaya bisa membantu lebih lanjut, Kakak bisa menginformasikan detail keluhannya melalui email tanya@jago.com ya. Tim terkait kami dengan senang hati akan membantu Kakak menyelesaikan permasalahannya.",2025-11-16 22:09:55,,Dataset/dataset\JAGO_googleplay_NOVEMBER_reviews.csv,login
7f1e501e-8fde-41e8-95b3-1964a22f3b02,Pengguna Google,https://play-lh.googleusercontent.com/EGemoI2NTXmTsBVtJqk8jxF9rh8ApRWfsIMQSt2uE4OcpQqbFu7f7NbTK05lx80nuSijCz7sc3a277R67g,parah di aplikasi ovo sy tdk muncul saldo. gmn mau transfer ke rekening atau belanja ke swalayan,1,0,3.149.0,2025-12-15 00:12:13+00:00,,,3.149.0,Dataset/dataset\OVO_googleplay_DECEMBER_reviews.csv,transfer
c756b789-0330-4a94-9444-246f24e1b562,Pengguna Google,https://play-lh.googleusercontent.com/EGemoI2NTXmTsBVtJqk8jxF9rh8ApRWfsIMQSt2uE4OcpQqbFu7f7NbTK05lx80nuSijCz7sc3a277R67g,ga lagi lagi dah topup wdp di gopay blm di kirim juga padahal udh percaya topup wdp 7× ini baru 6×di kirimnya parah dah udh abis duit gua ehh mlh di tipu gopay ajg,1,1,1.60.0,2025-10-24 06:08:36+00:00,"Hai Kak Muhamad, mohon maaf atas ketidaknyamanannya. Terkait keluhan tersebut, silakan laporkan melalui email ke customerservice@gopay.co.id dengan melampirkan kode psr-25-297-0034-08491 pada subject email. Kami tunggu detail laporan kamu ya. ^Maura",2025-10-24 07:34:15,1.60.0,Dataset/dataset\GOPAY_googleplay_OCTOBER_reviews.csv,topup
a5801b0b-83eb-44ef-ae31-2bbd9dafd558,Pengguna Google,https://play-lh.googleusercontent.com/EGemoI2NTXmTsBVtJqk8jxF9rh8ApRWfsIMQSt2uE4OcpQqbFu7f7NbTK05lx80nuSijCz7sc3a277R67g,"BURUK!!! sering banget ga bisa dipakai bayar dengan alasan keamanan. sistem keamanan lu dungu berarti, ga bisa bedain mana penipu mana owner akun sebenarnya. Tolol parah, sia² top up tapi ga bisa dipakai saldonya.",1,51,1.43.10,2025-11-29 17:19:53+00:00,"Hi Kak Mama ghani, Mohon maaf atas kendala tidak bisa pembayaran dengan ShopeePay. Pastikan perangkat tidak dimodifikasi, menggunakan aplikasi resmi dan verifikasi wajah telah sesuai dengan KTP yang terdaftar di ShopeePay. ^EN",2025-12-01 13:40:15,1.43.10,Dataset/dataset\SHOPEEPAY_googleplay_NOVEMBER_reviews.csv,topup
2dc434e4-5bf5-47aa-88a4-1e7a9673b5fb,Pengguna Google,https://play-lh.googleusercontent.com/EGemoI2NTXmTsBVtJqk8jxF9rh8ApRWfsIMQSt2uE4OcpQqbFu7f7NbTK05lx80nuSijCz7sc3a277R67g,aneh masa saya udah login berkali2 verifikasi wajah tetep aja gabisa tidak sesuai dengan ktp aneh sekali padahal pakai ktp saya sendiri dan katanya harus di perbarui ktpnya di persulit sekali daftarnya saya mau daftar buat di aplikasi bibit memerlukan aplikasi ini untuk RDN tpi kenapa sulit sekali daftarnya,1,31,8.73.0,2025-10-02 12:54:51+00:00,"Halo, Jagoan! Mohon maaf atas ketidaknyamanannya. Kami mengerti atas pengalaman kurang baik yang kamu alami. Untuk membantu kamu lebih lanjut, mohon menghubungi Tanya Jago di 1500746 / 021-30000746 atau email ke tanya@jago.com untuk kami cek lebih lanjut terkait kendala tersebut. Kami tunggu laporan dari kamu ya.",2025-10-02 14:55:18,8.73.0,Dataset/dataset\JAGO_googleplay_OCTOBER_reviews.csv,login
c3f88afc-7133-47d5-80e0-8cb39c9c3e85,Pengguna Google,https://play-lh.googleusercontent.com/EGemoI2NTXmTsBVtJqk8jxF9rh8ApRWfsIMQSt2uE4OcpQqbFu7f7NbTK05lx80nuSijCz7sc3a277R67g,Ngga bisa buat TF sih ini gimana APKnya udah tiap TF ada adminnya gangguan Mulu ga jelas ini apk,1,0,3.148.0,2025-12-08 18:11:41+00:00,,,3.148.0,Dataset/dataset\OVO_googleplay_DECEMBER_reviews.csv,transfer
5e3e7fc0-e2c8-4d37-a52f-45fd350c61fc,Pengguna Google,https://play-lh.googleusercontent.com/EGemoI2NTXmTsBVtJqk8jxF9rh8ApRWfsIMQSt2uE4OcpQqbFu7f7NbTK05lx80nuSijCz7sc3a277R67g,gagal terus verifikasi percuma tidak bisa di pakai untuk tra saksi transfer dan kirim uang dari shoppepay ke bank. proses verifikasi selalu gagal tidak bisa di gunakan uang e money tertahan di shopee pay tidak bisa di pindahkan,1,0,,2025-10-13 15:42:02+00:00,"Hi Kak hartini. Mohon maaf atas kendala gagal verifikasi identitas ShopeePay sehingga tidak bisa transfer. Pastikan data yg dimasukkan saat verifikasi sudah sesuai dgn KTP & data KTP belum terdaftar akun ShopeePay. Untuk bantuan pengecekan, mohon menghubungi kami melalui DM ke Instagram @ShopeePay_ID yang bercentang biru. ^CS",2025-10-14 13:49:39,,Dataset/dataset\SHOPEEPAY_googleplay_OCTOBER_reviews.csv,transfer
2c6ba127-5288-438d-a393-77d841f14289,Pengguna Google,https://play-lh.googleusercontent.com/EGemoI2NTXmTsBVtJqk8jxF9rh8ApRWfsIMQSt2uE4OcpQqbFu7f7NbTK05lx80nuSijCz7sc3a277R67g,"parah, buat laporan sama cs masalah top up saldo ovo saya telah terpotong tetapi di akun indrive tidak bertambah sama sekali!!!!",1,0,3.148.0,2025-11-28 19:54:21+00:00,,,3.148.0,Dataset/dataset\OVO_googleplay_NOVEMBER_reviews.csv,topup
8f4c89a6-a8dd-4b3e-90e6-2c34aa6ae7c8,Pengguna Google,https://play-lh.googleusercontent.com/EGemoI2NTXmTsBVtJqk8jxF9rh8ApRWfsIMQSt2uE4OcpQqbFu7f7NbTK05lx80nuSijCz7sc3a277R67g,pembayaran dan transfer jadi mudah,5,0,1.41.06,2025-11-01 17:20:10+00:00,"Hi Kak. Terima kasih telah menggunakan ShopeePay. Mari cek aplikasi ShopeePay karena banyak fitur yang mempermudah keseharian kakak seperti pembelian pulsa, paket data, pembayaran tagihan listrik dan pembayaran lainnya. Jika kakak memiliki pertanyaan seputar ShopeePay, mohon DM kami di Instagram @ShopeePay_ID ya. Semoga harimu menyenangkan ^RJ",2025-11-03 10:08:56,1.41.06,Dataset/dataset\SHOPEEPAY_googleplay_NOVEMBER_reviews.csv,transfer
2a44e442-79d6-4980-b88c-b9da5d40aa3b,Pengguna Google,https://play-lh.googleusercontent.com/EGemoI2NTXmTsBVtJqk8jxF9rh8ApRWfsIMQSt2uE4OcpQqbFu7f7NbTK05lx80nuSijCz7sc3a277R67g,"tolong segera proses transaksi saya, saya sangat kecewa dengan pelayanan, cs hanya bot yang tidak bisa melakukan apapun, hanya bisa kasih saran yang tidak sangat membantu sekalipun, ini saya udah nunggu loh beberapa jam gila banget,kalo ada kendala transfer setidaknya langsung di tindak di jam real-time !!! cs ga guna",1,14,1.59.0,2025-10-05 06:35:24+00:00,"Hai Kak Rustam, mohon maaf atas ketidaknyamanannya. Jika kamu masih mengalami kendala, silakan laporkan melalui email ke customerservice@gopay.co.id dengan melampirkan kode psr-25-278-0019-10742 pada subject email dan cantumkan nomor laporan kamu sebelumnya pada email yang kamu kirimkan. Kami tunggu detail laporan kamu ya. ^Maura",2025-10-05 07:19:16,1.59.0,Dataset/dataset\GOPAY_googleplay_OCTOBER_reviews.csv,transfer
0e1b94f9-d405-4e15-bc4d-75f064fb0af6,Pengguna Google,https://play-lh.googleusercontent.com/EGemoI2NTXmTsBVtJqk8jxF9rh8ApRWfsIMQSt2uE4OcpQqbFu7f7NbTK05lx80nuSijCz7sc3a277R67g,transfer ke bank mana pun kena admin 2.500 top up kena admin gila sih ini app emg udh paling bener pakai gojek,1,0,,2025-10-12 11:14:39+00:00,,,,Dataset/dataset\OVO_googleplay_OCTOBER_reviews.csv,topup
55f5f042-7b63-44aa-83ca-5c684a3193ec,Pengguna Google,https://play-lh.googleusercontent.com/EGemoI2NTXmTsBVtJqk8jxF9rh8ApRWfsIMQSt2uE4OcpQqbFu7f7NbTK05lx80nuSijCz7sc3a277R67g,"maaf admin yang terhormat saya ingin top up seharga 17k saya top up dengan 18k dari saldo WALL-E kenapa ada tulisan ""gopay tidak dapat membayar, silakan buka aplikasi gopay""?",1,0,1.62.0,2025-11-13 12:18:38+00:00,"Hai Kak Bimo, pastikan jumlah top up tidak melebihi batas limit transaksi bulanan dan jaringan internet stabil. Jika masih bermasalah, laporkan melalui menu Bantuan > ketik ""Mengapa saya tidak bisa top up GoPay?"" > isi formulir dan cantumkan kode psr-25-317-0650-05300 di bagian 'Ceritakan lebih lanjut'. ^Melisa",2025-11-13 13:50:11,1.62.0,Dataset/dataset\GOPAY_googleplay_NOVEMBER_reviews.csv,topup
9ee170dc-50dd-40a2-86c3-07ec2bc85d72,Pengguna Google,https://play-lh.googleusercontent.com/EGemoI2NTXmTsBVtJqk8jxF9rh8ApRWfsIMQSt2uE4OcpQqbFu7f7NbTK05lx80nuSijCz7sc3a277R67g,"apknya ada bug nya, ana gk bisa lihat saldo dan logo transfer dan top up gk ada, tolong di perbaiki uang saya masih ada di situ",1,4,3.150.0,2025-12-23 12:56:56+00:00,,,3.150.0,Dataset/dataset\OVO_googleplay_DECEMBER_reviews.csv,topup
5c8f9394-3c79-477f-8429-38066ade9209,Pengguna Google,https://play-lh.googleusercontent.com/EGemoI2NTXmTsBVtJqk8jxF9rh8ApRWfsIMQSt2uE4OcpQqbFu7f7NbTK05lx80nuSijCz7sc3a277R67g,"sumpah jangan pernah top up e money kalian disini, top up gua gamasuk udh 24 jam. solusi nanya ke admin atau buat laporan? udh gua lakuin tapi adminnya sampah bgt, balesnya lama udh gitu ga solutif, gua DM ke ig nya trs sama admin ignya disuruh lampirin bukti bukti yang sama kaya yg gua kirim lewat DM ig gopay. tapi di bagian laporan gopaynya gada fitur buat kirim foto. tiap gua tanya lg ke ke DM ignya dia kekeuh minta kirim bukti ke email laporan gopay. tapi gada fitur kirim fotonya. kan aneehh",5,0,1.62.0,2025-11-11 14:41:51+00:00,"Hai Kak Galih, mohon maat atas ketidaknyamanannya. Jika kamu masih mengalami kendala, silakan laporkan melalui email ke customerservice@gopay.co.id dengan melampirkan kode psr-25-315-0858-18684 pada subject email dan cantumkan nomor laporan kamu sebelumnya pada email yang kamu kirimkan. Kami tunggu detail laporan kamu ya. ^Melisa",2025-11-11 15:58:23,1.62.0,Dataset/dataset\GOPAY_googleplay_NOVEMBER_reviews.csv,topup
376a9ae8-1818-410a-a47e-4c4626ef79c0,Pengguna Google,https://play-lh.googleusercontent.com/EGemoI2NTXmTsBVtJqk8jxF9rh8ApRWfsIMQSt2uE4OcpQqbFu7f7NbTK05lx80nuSijCz7sc3a277R67g,top up tidak masuk sudah berasil dari sananya sebesar 50000rb,1,0,3.147.0,2025-11-13 11:21:56+00:00,,,3.147.0,Dataset/dataset\OVO_googleplay_NOVEMBER_reviews.csv,topup
60d16a6a-b7bd-4a03-a2b7-33ad02229391,Pengguna Google,https://play-lh.googleusercontent.com/EGemoI2NTXmTsBVtJqk8jxF9rh8ApRWfsIMQSt2uE4OcpQqbFu7f7NbTK05lx80nuSijCz7sc3a277R67g,"top up dah 3k admin , pas masuk ovonya dikenakan biyaya top up di potong saldonya 1k gilakkk 🗿🗿 udah ribet lagi , perbaiki ngapa",1,0,,2025-10-19 10:11:43+00:00,,,,Dataset/dataset\OVO_googleplay_OCTOBER_reviews.csv,topup
b9481e7d-7b1f-41a4-b1f1-b9eed4788bab,Pengguna Google,https://play-lh.googleusercontent.com/EGemoI2NTXmTsBVtJqk8jxF9rh8ApRWfsIMQSt2uE4OcpQqbFu7f7NbTK05lx80nuSijCz7sc3a277R67g,brengsek error kenapa ini saya ga bisa login ke akun sendiri. saya Uda pakai selama 6 tahun kenapa tiba tiba error ga bisa login,1,0,,2025-10-06 23:49:32+00:00,,,,Dataset/dataset\OVO_googleplay_OCTOBER_reviews.csv,login
4963af1a-c401-4d02-95ae-939122452bea,Pengguna Google,https://play-lh.googleusercontent.com/EGemoI2NTXmTsBVtJqk8jxF9rh8ApRWfsIMQSt2uE4OcpQqbFu7f7NbTK05lx80nuSijCz7sc3a277R67g,"assalamu'alaikum pak/bu,, mohon bantuannya saya tidak bisa login ke aplikasi livin by mandiri karna ganti HP baru,, setelah saya mau login harus masukan kartu debit,, sementara itu saya gak punya kartu debit,, mohon bantuannya pak/bu,, soalnya persyaratan gaji harus mempunyai bank mandiri mohon bantuannya",5,0,3.2.0,2025-12-28 20:37:04+00:00,"Halo Sahabat @Achmad Madu, mohon maaf atas ketidaknyamanannya. Terkait kendala Sahabat mohon untuk dapat mengirimkan email ke mandiricare@bankmandiri.co.id atau dapat menghubungi Mandiri Call 14000 lalu tekan 2 agar dapat dilakukan pengecekan. Tks~Amar",2025-12-28 20:57:12,3.2.0,Dataset/dataset\LIVIN_googleplay_DECEMBER_reviews.csv,login
2e747fc1-a853-427d-a391-10cedc620b37,Pengguna Google,https://play-lh.googleusercontent.com/EGemoI2NTXmTsBVtJqk8jxF9rh8ApRWfsIMQSt2uE4OcpQqbFu7f7NbTK05lx80nuSijCz7sc3a277R67g,Mantaps. sering TF tanpa biaya admin👍🏻,5,0,1.44.04,2025-12-10 01:27:59+00:00,"Hi Kak. Terima kasih telah menggunakan ShopeePay. Mari cek aplikasi ShopeePay karena banyak fitur yang mempermudah keseharian kakak seperti pembelian pulsa, paket data, pembayaran tagihan listrik dan pembayaran lainnya. Jika kakak memiliki pertanyaan seputar ShopeePay, mohon DM kami di Instagram @ShopeePay_ID ya. Semoga harimu menyenangkan ^RJ",2025-12-10 09:47:18,1.44.04,Dataset/dataset\SHOPEEPAY_googleplay_DECEMBER_reviews.csv,transfer
7a075583-41b7-4066-92b1-7fcdf62119b7,Pengguna Google,https://play-lh.googleusercontent.com/EGemoI2NTXmTsBVtJqk8jxF9rh8ApRWfsIMQSt2uE4OcpQqbFu7f7NbTK05lx80nuSijCz7sc3a277R67g,"minta tolong di perbaiki lagi sistemnya, infut kode qris untuk pembayaran selalu gagal dan terus gagal, di sini saya ga ngerti apa yang salah, pdhl jaringan stabil",5,2,3.145.0,2025-10-16 21:48:32+00:00,,,3.145.0,Dataset/dataset\OVO_googleplay_OCTOBER_reviews.csv,qris
4540277d-fd24-4375-ada8-b0bd11cac876,Pengguna Google,https://play-lh.googleusercontent.com/EGemoI2NTXmTsBVtJqk8jxF9rh8ApRWfsIMQSt2uE4OcpQqbFu7f7NbTK05lx80nuSijCz7sc3a277R67g,blum ad sbulan pke merchant qris shopee pay buat transaksi di toko.eh mlh di blokir .ada saldo jualan di bekukan ndk bisa di apa2 in.nyesek banget setengah mati cri uang.bru seenaknya bekukan saldo org TANPA PEMBERITAHUAN,1,0,1.44.05,2025-12-11 06:29:27+00:00,"Hi Kak Alvien. Mohon maaf atas kendala akun Merchant dibekukan dan masih terdapat saldo. Terkait kendala tersebut mohon menghubungi kami melalui DM ke Instagram @ShopeePay_ID yang bercentang biru, dengan menginformasikan detail dan bukti kendala untuk bantuan lebih lanjut. Semoga kendala kakak segera terselesaikan ya. ^CS",2025-12-11 10:54:19,1.44.05,Dataset/dataset\SHOPEEPAY_googleplay_DECEMBER_reviews.csv,qris
75854389-6226-4402-a992-d2b2dda5fd80,Pengguna Google,https://play-lh.googleusercontent.com/EGemoI2NTXmTsBVtJqk8jxF9rh8ApRWfsIMQSt2uE4OcpQqbFu7f7NbTK05lx80nuSijCz7sc3a277R67g,jangan sampai simpan uang di gopay ...giliran mau login malah di persulit,1,1,1.64.1,2025-11-24 13:57:58+00:00,"Hai Kak Anton, untuk login ke aplikasi GoPay, gunakan nomor HP yang terdaftar di akun Gojek-mu. Jika belum punya akun Gojek, kamu bisa daftar langsung di aplikasi GoPay, ya. Jika masih tidak bisa login, laporkan ke kami melalui email ke customerservice@gopay.co.id dan mencantumkan kode psr-25-317-1008-54753 pada subjek email. ^Miko",2025-11-13 17:09:12,1.64.1,Dataset/dataset\GOPAY_googleplay_NOVEMBER_reviews.csv,login
506b1d3a-2ab6-4b01-af29-2c332f7f1171,Pengguna Google,https://play-lh.googleusercontent.com/EGemoI2NTXmTsBVtJqk8jxF9rh8ApRWfsIMQSt2uE4OcpQqbFu7f7NbTK05lx80nuSijCz7sc3a277R67g,aplikasi nya bagus banget ada qris nya,5,0,1.61.1,2025-10-22 21:23:42+00:00,,,1.61.1,Dataset/dataset\GOPAY_googleplay_OCTOBER_reviews.csv,qris
7f3b4aee-1f67-415d-8d9b-cb77dd662e25,Pengguna Google,https://play-lh.googleusercontent.com/EGemoI2NTXmTsBVtJqk8jxF9rh8ApRWfsIMQSt2uE4OcpQqbFu7f7NbTK05lx80nuSijCz7sc3a277R67g,"loginya susah kenapa harus pakai kartu atm, kenapa gak email atau lain2 ribet banget pokoknya klo aplikasinya Ter unistal belum sempet lihat kartu ATM trus login lagi ya gimana , tolong ini di pikirkan 🤣",1,0,,2025-12-24 16:15:00+00:00,"Halo Sahabat @Gilang Ramadhan, mohon maaf atas ketidaknyamanannya. Terkait kendala Sahabat mohon untuk dapat mengirimkan email ke mandiricare@bankmandiri.co.id atau dapat menghubungi Mandiri Call 14000 lalu tekan 2 agar dapat dilakukan pengecekan. Tks~Amar",2025-12-24 16:20:35,,Dataset/dataset\LIVIN_googleplay_DECEMBER_reviews.csv,login
3301b22a-24bf-4c01-810e-1948eec0ffe1,Pengguna Google,https://play-lh.googleusercontent.com/EGemoI2NTXmTsBVtJqk8jxF9rh8ApRWfsIMQSt2uE4OcpQqbFu7f7NbTK05lx80nuSijCz7sc3a277R67g,dari dana di TF ke Gopay padahal sudah bayar admin tapi pas masuk gopay malah di potong lagi beda dari hasil asli nya saya tidak puas kembalikan uang saya!!!,2,0,1.61.2,2025-11-11 03:37:51+00:00,"Hai Kak @Kim Sang-Min, mohon maaf atas ketidaknyamanannya. Terkait hal tersebut, silakan laporkan melalui email ke customerservice@gopay.co.id dengan melampirkan kode psr-25-315-0855-06911 pada subject email dan ceritakan kembali detail permasalahannya agar tim kami bisa bantu cek lebih lanjut ya. ^Melisa",2025-11-11 15:55:12,1.61.2,Dataset/dataset\GOPAY_googleplay_NOVEMBER_reviews.csv,transfer
e6657dbc-96db-44a5-a459-40161aaaeae3,Pengguna Google,https://play-lh.googleusercontent.com/EGemoI2NTXmTsBVtJqk8jxF9rh8ApRWfsIMQSt2uE4OcpQqbFu7f7NbTK05lx80nuSijCz7sc3a277R67g,"aplikasi mempersulit, pemberitahuan harus perbarui nomor hp dan pin, setelah diperbarui, saldo malah kaga bisa dipake buat qris .",1,0,1.45.09,2025-12-24 06:45:10+00:00,"Hi Kak Mohamad. Mohon maaf mengenai kendala tidak bisa menggunakan saldo ShopePay untuk transaksi pembayaran QRIS. Untuk bantuan lebih lanjut, mohon menghubungi kami melalui DM ke Instagram @ShopeePay_ID dengan melampirkan foto/screenshot notifikasi kendala yang dialami. ^CS",2025-12-24 10:57:37,1.45.09,Dataset/dataset\SHOPEEPAY_googleplay_DECEMBER_reviews.csv,qris
135e57a9-c26d-4759-adb0-1ebd777468ae,Pengguna Google,https://play-lh.googleusercontent.com/EGemoI2NTXmTsBVtJqk8jxF9rh8ApRWfsIMQSt2uE4OcpQqbFu7f7NbTK05lx80nuSijCz7sc3a277R67g,Istri saya transfer lewat dana untuk proses nya berhasil untuk transaksi pas untuk saldo gopay nya udah 3 hari belum masuk masuk,1,0,1.59.0,2025-10-01 21:26:42+00:00,"Hai Kak Yudi, pastikan nomor tujuan sudah benar, sudah cek halaman Riwayat, dan coba keluar dan masuk kembali ke aplikasi. Jika saldo masih belum masuk, silakan laporkan melalui menu Bantuan > ketik 'Top up GoPay saya belum masuk' > isi formulir dan cantumkan kode psr-25-274-1636-40906 pada bagian 'Ceritakan lebih lanjut'. ^Melisa",2025-10-01 23:36:47,1.59.0,Dataset/dataset\GOPAY_googleplay_OCTOBER_reviews.csv,transfer
268ddfc4-46a8-4e83-ae7e-736c427b6ded,Pengguna Google,https://play-lh.googleusercontent.com/EGemoI2NTXmTsBVtJqk8jxF9rh8ApRWfsIMQSt2uE4OcpQqbFu7f7NbTK05lx80nuSijCz7sc3a277R67g,"jelek banget buat laporan keluhannya, udh top up voucher game, udh bener juga id game nya, malah ga masuk masuk voucher nya, ku laporin keluhannya juga resposnya jelek banget, payah banget ni apk",1,0,,2025-11-02 18:40:12+00:00,"Hai Kak @ANDEAVOUER, mohon maaf atas ketidaknyamanannya. Jika masih mengalami keluhan, silakan laporkan melalui email ke customerservice@gopay.co.id dengan melampirkan kode psr-25-306-1419-06704 pada subject email dan cantumkan nomor laporan sebelumnya serta ceritakan kembali detail permasalahannya. Kami tunggu detail laporan kamu ya. ^Miko",2025-11-02 21:19:28,,Dataset/dataset\GOPAY_googleplay_NOVEMBER_reviews.csv,topup
cd906b65-9b74-4086-96a0-3dd1703fafdd,Pengguna Google,https://play-lh.googleusercontent.com/EGemoI2NTXmTsBVtJqk8jxF9rh8ApRWfsIMQSt2uE4OcpQqbFu7f7NbTK05lx80nuSijCz7sc3a277R67g,bagusss banget bisa top up lagii,5,0,1.59.0,2025-10-01 13:09:55+00:00,,,1.59.0,Dataset/dataset\GOPAY_googleplay_OCTOBER_reviews.csv,topup
c3b4b1b9-4bc7-40db-9a5d-7e5c9d693388,Pengguna Google,https://play-lh.googleusercontent.com/EGemoI2NTXmTsBVtJqk8jxF9rh8ApRWfsIMQSt2uE4OcpQqbFu7f7NbTK05lx80nuSijCz7sc3a277R67g,selama ini menjadi tulang punggung transfer belanja. semoga lebih sering ada diskon2 khusus untuk pembelian.,5,0,1.59.0,2025-10-08 12:05:32+00:00,,,1.59.0,Dataset/dataset\GOPAY_googleplay_OCTOBER_reviews.csv,transfer
4372c09f-95cc-4882-b2e6-e02a494b9eba,Pengguna Google,https://play-lh.googleusercontent.com/EGemoI2NTXmTsBVtJqk8jxF9rh8ApRWfsIMQSt2uE4OcpQqbFu7f7NbTK05lx80nuSijCz7sc3a277R67g,"parah, salah isi ulang ke nomor yang udah gak aktif giliran nomornya mau diubah eh gagal memproses terus, nyari untungnya dari salah top up ya ovo?",1,0,3.144.0,2025-10-19 18:43:07+00:00,,,3.144.0,Dataset/dataset\OVO_googleplay_OCTOBER_reviews.csv,topup
8a1aaee9-00ec-45b0-a60d-93ebcd61de2a,Pengguna Google,https://play-lh.googleusercontent.com/EGemoI2NTXmTsBVtJqk8jxF9rh8ApRWfsIMQSt2uE4OcpQqbFu7f7NbTK05lx80nuSijCz7sc3a277R67g,"habis di reset hpnya terus di login,akun e punya sendiri masa di persulit login,alasanya kok banyak,harus di sambungkan dengan agen video call,ngga kayak dulu gampang banget login e,wkwkwk",1,5,8.78.0,2025-12-16 01:04:47+00:00,"Halo, Jagoan! Mohon maaf atas ketidaknyamanannya ya. Untuk kendala yang kamu alami, bisakah diinformasikan secara detail ke Tanya Jago di nomor 1500746 /+62 21 3000 0746 atau email ke tanya@jago.com? Kami dengan senang hati akan membantu kamu. :)",2025-12-16 02:46:43,8.78.0,Dataset/dataset\JAGO_googleplay_DECEMBER_reviews.csv,login
3ce2785e-481c-4644-81c6-83694c4ef79c,Pengguna Google,https://play-lh.googleusercontent.com/EGemoI2NTXmTsBVtJqk8jxF9rh8ApRWfsIMQSt2uE4OcpQqbFu7f7NbTK05lx80nuSijCz7sc3a277R67g,sekarang sulit untuk login,1,0,3.1.0,2025-11-04 20:26:47+00:00,"Halo Sahabat @Bachtiar, mohon maaf atas ketidaknyamanannya. Perihal kendala pada layanan Livin' by Mandiri Sahabat dapat mengirimkan email ke mandiricare@bankmandiri.co.id atau dapat menghubungi layanan mandiri call 14000 agar dapat dilakukan pengecekan. Tks ~ Said",2025-11-04 20:32:01,3.1.0,Dataset/dataset\LIVIN_googleplay_NOVEMBER_reviews.csv,login
4604b206-20f4-44fa-a412-6c5ec7b35005,Pengguna Google,https://play-lh.googleusercontent.com/EGemoI2NTXmTsBVtJqk8jxF9rh8ApRWfsIMQSt2uE4OcpQqbFu7f7NbTK05lx80nuSijCz7sc3a277R67g,"aplikasi ini sangat buruk, saya tidak melakukan transaksi apapun ketika mau login ulang saldo keblokir sendiri, saya sangat kecewa dengan pihak gopay",1,0,1.60.0,2025-10-19 17:22:32+00:00,"Mohon maaf, Kak Muhammad. GoPay selalu menjaga keamanan dompetmu dengan memblokir akun sementara apabila terdeteksi transaksi yang mencurigakan. Silakan laporkan dengan login ke aplikasi Gojek > ke Halaman Bantuan > cari artikel ""Saya tidak dapat menggunakan GoPay"" di kolom bantuan > isi form di artikel. ^Maura",2025-10-19 17:45:43,1.60.0,Dataset/dataset\GOPAY_googleplay_OCTOBER_reviews.csv,login
0cb6e723-80c9-4d71-8012-cff67b51068f,Pengguna Google,https://play-lh.googleusercontent.com/EGemoI2NTXmTsBVtJqk8jxF9rh8ApRWfsIMQSt2uE4OcpQqbFu7f7NbTK05lx80nuSijCz7sc3a277R67g,"top up saldo saja langsung di potong saldonya (gabedanya sama koruptor pejabat indonesia) , cocoknya bintang 0 kalau ada.",1,0,3.148.0,2025-12-24 06:38:59+00:00,,,3.148.0,Dataset/dataset\OVO_googleplay_DECEMBER_reviews.csv,topup
1388c953-91fc-4254-b94f-61cbf59e705c,Pengguna Google,https://play-lh.googleusercontent.com/EGemoI2NTXmTsBVtJqk8jxF9rh8ApRWfsIMQSt2uE4OcpQqbFu7f7NbTK05lx80nuSijCz7sc3a277R67g,"kok gak mau login ya, sesi habis teruuss...???",2,0,2.5.0,2025-11-10 07:11:10+00:00,"Hai, Kak Rohmat. Maaf atas ketidaknyamanannya. Kami akan selalu berusaha memberikan yang terbaik demi memenuhi kebutuhan perbankan Kakak. Terkait kendala tersebut boleh infokan detail kendala serta kirimkan gambar kendalanya ke X @haloblu atau email haloblu@bcadigital.co.id agar kami bisa bantu lebih lanjut ya.",2025-11-10 07:41:37,2.5.0,Dataset/dataset\BLU_googleplay_NOVEMBER_reviews.csv,login
a2fc1ead-f76d-488b-a734-42139d0176ff,Pengguna Google,https://play-lh.googleusercontent.com/EGemoI2NTXmTsBVtJqk8jxF9rh8ApRWfsIMQSt2uE4OcpQqbFu7f7NbTK05lx80nuSijCz7sc3a277R67g,"sering TDK bisa ambil uang d ATM Kya d blokir gitu tp stlh bbrp jam bisa buat ambil d link ,,, juga login lama",1,0,3.1.0,2025-12-14 17:35:41+00:00,"Hi Sahabat @Desika Aurelia, mohon maaf atas ketidaknyamanannya. Untuk perihal kendala yang dialami, mohon untuk dapat mengirimkan email ke mandiricare@bankmandiri.co.id atau dapat menghubungi layanan mandiri 14000 agar dapat dilakukan pengecekan. Tks~Fatma

",2025-12-14 17:38:33,3.1.0,Dataset/dataset\LIVIN_googleplay_DECEMBER_reviews.csv,login
78c33500-b30f-4908-a111-3d18c5bece1a,Pengguna Google,https://play-lh.googleusercontent.com/EGemoI2NTXmTsBVtJqk8jxF9rh8ApRWfsIMQSt2uE4OcpQqbFu7f7NbTK05lx80nuSijCz7sc3a277R67g,"Aplikasi parah pollllll..... Vertifikasi wajah gagal terus. Padahal Wi-Fi signal nya penuh. Cahaya terang beneran seperti cahaya Matahari 10000000 watt. Tetapi vertifikasi wajah gagal terus. Disuruh mata kedip2 sampai jutaan Kali kedip2 sampai pants mata q kebanyakan kedip2 tetap aja gagal Vertifikasi wajah.,Aplikasi gak GUNA BLASSSS ......",1,0,3.2.0,2025-12-02 22:55:18+00:00,"Halo Sahabat @Zaīnul Arīfīn, mohon maaf atas ketidaknyamannya. Perihal kendala pada layanan Livin' by Mandiri, mohon untuk dapat mengirimkan email ke mandiricare@bankmandiri.co.id atau dapat menghubungi layanan mandiri 14000 agar dapat dilakukan pengecekan. Tks~Ervan",2025-12-02 22:56:54,3.2.0,Dataset/dataset\LIVIN_googleplay_DECEMBER_reviews.csv,vermuk
5d588a8c-7e6d-49a1-aba6-32a7ee97db9c,Pengguna Google,https://play-lh.googleusercontent.com/EGemoI2NTXmTsBVtJqk8jxF9rh8ApRWfsIMQSt2uE4OcpQqbFu7f7NbTK05lx80nuSijCz7sc3a277R67g,buruk top up tidak masuk,1,0,,2025-11-16 18:26:18+00:00,"Hai Kak Nida, kami mohon maaf atas kondisi yang Kakak alami. Terkait hal ini, dapat kami sampaikan bahwa ada pemeliharaan sistem yang mempengaruhi transaksi Kakak & saat ini sudah kembali normal. Berkenan untuk melakukan pengecekan kembali di akun tujuan secara berkala ya Kak. Mohon maaf atas ketidaknyamanannya. Salam hangat. ^Miko",2025-11-16 18:05:35,,Dataset/dataset\GOPAY_googleplay_NOVEMBER_reviews.csv,topup
4cbaf9b3-fc4a-4fc3-ac54-dc1bbe302463,Pengguna Google,https://play-lh.googleusercontent.com/EGemoI2NTXmTsBVtJqk8jxF9rh8ApRWfsIMQSt2uE4OcpQqbFu7f7NbTK05lx80nuSijCz7sc3a277R67g,aplikasi TAIK tf pulsa lelet bngt🤬,1,0,3.150.0,2025-12-30 07:54:31+00:00,,,3.150.0,Dataset/dataset\OVO_googleplay_DECEMBER_reviews.csv,transfer
a18d9037-b02b-48c1-9193-9e993be9b9ff,Pengguna Google,https://play-lh.googleusercontent.com/EGemoI2NTXmTsBVtJqk8jxF9rh8ApRWfsIMQSt2uE4OcpQqbFu7f7NbTK05lx80nuSijCz7sc3a277R67g,"sorry nih gw kasih bintang 5 biar cepat di response dan diperbaiki parah,,, awal pakai aplikasi ini mempermudahkan gw dalam bertransaksi,,, lama kelamaan semakin sulit terkadang sering gangguan sehingga mengganggu transaksi yg sedang berlangsung, hingga kini uang gw ilang sebesar 1jt an waktu beberapa kali saat top up gak masuk saldonya, saat konfirmasi cuma disuruh menunggu dan menunggu hingga batas waktu terlampaui dan gak bs lg diproses!?gak bisa di percaya nih aplikasi,,, paraaahhhh",5,1869,3.144.0,2025-10-09 12:29:49+00:00,,,3.144.0,Dataset/dataset\OVO_googleplay_OCTOBER_reviews.csv,topup
62b1b05a-6448-4046-a4fe-3fd0606ff37c,Pengguna Google,https://play-lh.googleusercontent.com/EGemoI2NTXmTsBVtJqk8jxF9rh8ApRWfsIMQSt2uE4OcpQqbFu7f7NbTK05lx80nuSijCz7sc3a277R67g,"bebas admin utk tf, pembyrn apapun jd lbh mudah",5,0,1.60.0,2025-10-18 14:47:46+00:00,,,1.60.0,Dataset/dataset\GOPAY_googleplay_OCTOBER_reviews.csv,transfer
dad9d715-1a60-4287-a5fa-2e41ade49c0f,Pengguna Google,https://play-lh.googleusercontent.com/EGemoI2NTXmTsBVtJqk8jxF9rh8ApRWfsIMQSt2uE4OcpQqbFu7f7NbTK05lx80nuSijCz7sc3a277R67g,"kok saya top up saldo dari apk DANA, kepotong 1k yaa, padahal biaya adminnya udh ditanggung sama apk DANA, tolong developer jelaskan",1,0,,2025-10-12 21:34:20+00:00,"Hai Kak Ali, mohon maaf ya. Kami informasikan untuk transaksi top up saldo GoPay dikenakan biaya admin & untuk nominalnya sesuai metode pembayaran yang dipilih. Info selengkapnya silakan kunjungi menu Bantuan di aplikasi GoPay atau email ke customerservice@gopay.co.id. ^Maura",2025-10-12 21:53:06,,Dataset/dataset\GOPAY_googleplay_OCTOBER_reviews.csv,topup
c2c149f9-51e7-4e98-ae11-e612aab77d33,Pengguna Google,https://play-lh.googleusercontent.com/EGemoI2NTXmTsBVtJqk8jxF9rh8ApRWfsIMQSt2uE4OcpQqbFu7f7NbTK05lx80nuSijCz7sc3a277R67g,"Ovo ini mang rakus, klo top up dia potong 1000 padahal dr pihak bank tidak ada potongan. Giliran transfer dr ovo ke rekening, dia juga yg potong admin. Jadi mau top up ato transfer rekening, yg potong admin pihak ovo. tolong kedepannya klo update itu, buat pilihan bisa transfer ke sesama ewallet",1,0,,2025-11-15 21:43:31+00:00,"Hai Kak, maaf ya. Kami informasikan terkait transfer ke sesama OVO gratis dan ke semua bank pake OVO masih hemat, hanya biaya Rp2.500,-/transfer, tetap mudah dan praktis ya Kak dalam bertransaksi menggunakan OVO. Terima kasih. -Leni",2024-05-31 13:18:38,,Dataset/dataset\OVO_googleplay_NOVEMBER_reviews.csv,topup
c464d0d8-8839-4f3f-a4bc-16e0d6f26df9,Pengguna Google,https://play-lh.googleusercontent.com/EGemoI2NTXmTsBVtJqk8jxF9rh8ApRWfsIMQSt2uE4OcpQqbFu7f7NbTK05lx80nuSijCz7sc3a277R67g,"good bebas biaya transfer bisa efisien,pertahankan terus👍",5,0,1.62.0,2025-11-18 18:31:21+00:00,,,1.62.0,Dataset/dataset\GOPAY_googleplay_NOVEMBER_reviews.csv,transfer
974bfc9c-a17e-456e-936f-67e6312605a5,Pengguna Google,https://play-lh.googleusercontent.com/EGemoI2NTXmTsBVtJqk8jxF9rh8ApRWfsIMQSt2uE4OcpQqbFu7f7NbTK05lx80nuSijCz7sc3a277R67g,apk jlek mau tf hrus ad pemeriksaan dlu lu kata di bandara ap,1,1,1.59.0,2025-10-06 21:40:55+00:00,,,1.59.0,Dataset/dataset\GOPAY_googleplay_OCTOBER_reviews.csv,transfer
d752d1fd-8e64-40d2-a756-eccdf67df03d,Pengguna Google,https://play-lh.googleusercontent.com/EGemoI2NTXmTsBVtJqk8jxF9rh8ApRWfsIMQSt2uE4OcpQqbFu7f7NbTK05lx80nuSijCz7sc3a277R67g,mau login nggak bisa2 gimana sih??? padahal jaringan bagus menghambat banget,1,0,3.2.0,2025-12-29 11:27:21+00:00,"Hai Sahabat @Desi Ekaliana, mohon maaf atas ketidaknyamanannya. Terkait kendala Sahabat mohon untuk dapat mengirimkan email ke mandiricare@bankmandiri.co.id atau dapat menghubungi Mandiri Call 14000 lalu tekan 2 agar dapat dilakukan pengecekan. Tks~Kila",2025-12-29 11:30:27,3.2.0,Dataset/dataset\LIVIN_googleplay_DECEMBER_reviews.csv,login
034f7c90-c437-409a-9b8a-75ab97da6cd0,Pengguna Google,https://play-lh.googleusercontent.com/EGemoI2NTXmTsBVtJqk8jxF9rh8ApRWfsIMQSt2uE4OcpQqbFu7f7NbTK05lx80nuSijCz7sc3a277R67g,gmna ini gopay ada yg TF dari dana status brhasil tp di gopay uang nya blm masuk2,1,0,,2025-10-19 15:20:16+00:00,"Hai Kak Siti, pastikan nomor tujuan sudah benar, sudah cek halaman Riwayat, dan coba keluar dan masuk kembali ke aplikasi. Jika saldo masih belum masuk, silakan laporkan melalui menu Bantuan > ketik 'Top up GoPay saya belum masuk' > isi formulir dan cantumkan kode psr-25-292-0844-17138 pada bagian 'Ceritakan lebih lanjut'. ^Maura",2025-10-19 15:44:22,,Dataset/dataset\GOPAY_googleplay_OCTOBER_reviews.csv,transfer
51b62bf6-314a-4533-baf8-1807de57ffd1,Pengguna Google,https://play-lh.googleusercontent.com/EGemoI2NTXmTsBVtJqk8jxF9rh8ApRWfsIMQSt2uE4OcpQqbFu7f7NbTK05lx80nuSijCz7sc3a277R67g,buat saya ini mah sampah masa saya mau login akun saya selalu gak bisa kan aneh,1,0,,2025-11-07 16:41:04+00:00,,,,Dataset/dataset\OVO_googleplay_NOVEMBER_reviews.csv,login
5332ed2f-1a76-41d4-bc9d-e8d1f882cd82,Pengguna Google,https://play-lh.googleusercontent.com/EGemoI2NTXmTsBVtJqk8jxF9rh8ApRWfsIMQSt2uE4OcpQqbFu7f7NbTK05lx80nuSijCz7sc3a277R67g,Qris nya oke,5,0,8.75.0,2025-11-01 21:57:20+00:00,,,8.75.0,Dataset/dataset\JAGO_googleplay_NOVEMBER_reviews.csv,qris
48012117-b640-4a25-95a5-076f7099b8b3,Pengguna Google,https://play-lh.googleusercontent.com/EGemoI2NTXmTsBVtJqk8jxF9rh8ApRWfsIMQSt2uE4OcpQqbFu7f7NbTK05lx80nuSijCz7sc3a277R67g,APLIKASI NYA BAGUS DIA KASIH 1RP PERTAMA LOGIN,4,0,1.61.2,2025-11-06 11:30:58+00:00,,,1.61.2,Dataset/dataset\GOPAY_googleplay_NOVEMBER_reviews.csv,login
7f644d84-27b5-40e7-8a7d-e0c3e9fcc2ba,Pengguna Google,https://play-lh.googleusercontent.com/EGemoI2NTXmTsBVtJqk8jxF9rh8ApRWfsIMQSt2uE4OcpQqbFu7f7NbTK05lx80nuSijCz7sc3a277R67g,Sering Gangguan Top up Saldo Gak Masuk2,1,1,3.149.0,2025-12-11 20:34:27+00:00,,,3.149.0,Dataset/dataset\OVO_googleplay_DECEMBER_reviews.csv,topup
d5c2afc5-e914-45f7-8d0b-e9929545a698,Pengguna Google,https://play-lh.googleusercontent.com/EGemoI2NTXmTsBVtJqk8jxF9rh8ApRWfsIMQSt2uE4OcpQqbFu7f7NbTK05lx80nuSijCz7sc3a277R67g,Verifikasi wajah PROSESNYA LAMA BAHKAN MENYEBABKAN GAGAL TRUS sampai puluhan kali. Mengecewakan🥺,3,0,3.2.0,2025-12-18 14:33:19+00:00,"Halo Sahabat @Alfi Syarifah, mohon maaf atas ketidaknyamanannya. Apabila terdapat kendala agar dapat kami tindaklanjuti, Sahabat dapat mengirimkan email ke mandiricare@bankmandiri.co.id atau menghubungi layanan Mandiri Call 14000 ya. Tks~Alza",2025-12-18 14:43:42,3.2.0,Dataset/dataset\LIVIN_googleplay_DECEMBER_reviews.csv,vermuk
2051695b-225a-4bf0-881b-b2c7bc760a48,Pengguna Google,https://play-lh.googleusercontent.com/EGemoI2NTXmTsBVtJqk8jxF9rh8ApRWfsIMQSt2uE4OcpQqbFu7f7NbTK05lx80nuSijCz7sc3a277R67g,"saya telah berhasil transfer ke via bank lain tapi si penerima tidak dapat menerima uang tersebut ,entah knp uang saya hangus begitu saja pagi tadi .",1,0,3.145.0,2025-10-27 17:43:32+00:00,,,3.145.0,Dataset/dataset\OVO_googleplay_OCTOBER_reviews.csv,transfer
79651836-ee2a-45cd-a938-5ef8cb9e2c60,Pengguna Google,https://play-lh.googleusercontent.com/EGemoI2NTXmTsBVtJqk8jxF9rh8ApRWfsIMQSt2uE4OcpQqbFu7f7NbTK05lx80nuSijCz7sc3a277R67g,tidak bisa login karna sedang peningkatan layanan,1,0,,2025-11-17 00:35:06+00:00,"Halo Sahabat @Syam Hsjsus, mohon maaf atas ketidaknyamanannya dalam mengakses layanan Livin' by Mandiri, saat ini Bank Mandiri sedang proses akhir hari rutin. Kami sarankan Sahabat dapat mencobanya secara berkala. Tks~Carlos",2025-11-17 00:38:14,,Dataset/dataset\LIVIN_googleplay_NOVEMBER_reviews.csv,login
cc42c103-d5da-4177-8ed3-9ca3bc4cd3b5,Pengguna Google,https://play-lh.googleusercontent.com/EGemoI2NTXmTsBVtJqk8jxF9rh8ApRWfsIMQSt2uE4OcpQqbFu7f7NbTK05lx80nuSijCz7sc3a277R67g,susah banget mau login. kode OTPnya gak dikirim-kirim. udah lapor ke CS malah disalahin hapenya.,1,0,8.78.0,2025-12-03 14:33:29+00:00,"Halo, Jagoan. Mohon maaf atas kendala yang terjadi ya. Kamu tidak perlu khawatir, kamu bisa menjelaskan detail kendala tersebut melalui email di tanya@jago.com atau call center 1500 746 untuk kami bantu tangani lebih lanjut. Terima kasih :)",2025-12-03 15:01:11,8.78.0,Dataset/dataset\JAGO_googleplay_DECEMBER_reviews.csv,login
2f1df0a3-9852-4241-9836-652adfd51268,Pengguna Google,https://play-lh.googleusercontent.com/EGemoI2NTXmTsBVtJqk8jxF9rh8ApRWfsIMQSt2uE4OcpQqbFu7f7NbTK05lx80nuSijCz7sc3a277R67g,"Saya bosan/benci dgn gopay,3 hari yg lalu saya top up gopay saldo tidak masuk² saldo pengirim sudah terpotong 3 hari kemudian baru muncul transfer gagal saldo pengirim sudah di kembalikan,kemarin saya top up lagi gopay saldo gopay tidak masuk² sampai sekarang belum masuk juga saldo pengirim sudah terpotong juga..KAN ASUH",1,1,1.60.0,2025-10-14 09:27:18+00:00,"Hai Kak Ichan, pastikan nomor tujuan sudah benar, sudah cek halaman Riwayat, dan coba keluar dan masuk kembali ke aplikasi. Jika saldo masih belum masuk, silakan laporkan melalui menu Bantuan > ketik 'Top up GoPay saya belum masuk' > isi formulir dan cantumkan kode psr-25-287-0307-34222 pada bagian 'Ceritakan lebih lanjut'. ^Miko",2025-10-14 10:07:45,1.60.0,Dataset/dataset\GOPAY_googleplay_OCTOBER_reviews.csv,topup
993694db-3cc9-476b-b2d0-c52e9a4dbcdc,Pengguna Google,https://play-lh.googleusercontent.com/EGemoI2NTXmTsBVtJqk8jxF9rh8ApRWfsIMQSt2uE4OcpQqbFu7f7NbTK05lx80nuSijCz7sc3a277R67g,"IHHH SUMPAAA SUKAA BGTTT PAKEE GOPAAYY 😩😩💗💗💗 awal make ini karna di apk sbelah error ny mnta ampun!! mana ngelagg bgtt, dan akun gbisa dibuka. Eh, pas install gopay, tiba"" bgttt dpet Rp.1 (mayaann laa buat beli paket kuota 2.5gb) dan klo transfer gaa perluu pke ktp, tapi sayangnya minimal transfer 20k, huhuu minimal turunin kek 😡💢 tpi gppa laa, btw gopay jarang ngelag ihh sukakk, terus promonyaa jugaaa mantepp bgttt, lovee dehh buatt developer nyaaa 🤭😚💗💗💗",5,0,,2025-10-01 14:51:17+00:00,,,,Dataset/dataset\GOPAY_googleplay_OCTOBER_reviews.csv,transfer
20b84c04-2f73-49f2-93e4-1fe53ea0a924,Pengguna Google,https://play-lh.googleusercontent.com/EGemoI2NTXmTsBVtJqk8jxF9rh8ApRWfsIMQSt2uE4OcpQqbFu7f7NbTK05lx80nuSijCz7sc3a277R67g,aplikasi gak jelas. percuma takutkan email kalo gabisa otp lewat email. Karena kalo nomor Hp ilang gak gak bisa login. diaplikasi juga gabisa hubungi costumer service kocak. tutup ajh nih apk aneh,1,0,,2025-11-23 21:51:17+00:00,"Halo, Jagoan! Mohon maaf atas ketidaknyamanan yang dialami. Supaya bisa membantu lebih lanjut, Kakak bisa menginformasikan detail keluhannya melalui email tanya@jago.com ya. Tim terkait kami dengan senang hati akan membantu Kakak.",2025-11-23 23:11:25,,Dataset/dataset\JAGO_googleplay_NOVEMBER_reviews.csv,login
0e890a54-5e9a-4369-a84f-fc8f26d84dbb,Pengguna Google,https://play-lh.googleusercontent.com/EGemoI2NTXmTsBVtJqk8jxF9rh8ApRWfsIMQSt2uE4OcpQqbFu7f7NbTK05lx80nuSijCz7sc3a277R67g,"aplikasi sangat membuat emosi, waktu login suruh masukan email dan sandi, padahal email dan sandi yg aku masukan udah bener tp tulisannya kata sandi salah, trus tak coba ganti sandi verivikasi 2 perangkat hp yg satunya udah mati trus pake coba cara yg lainya masukan nik KTP, dan NIk yg aku masukan udah sesuai sama Ktp, tp masih gak bisa tulisannya nik tidak sama yg di masukan sebelumnya, udah komplain tp ga ada respon sama sekali",1,0,8.39.0,2025-11-25 15:31:17+00:00,"Halo, Jagoan. Mohon maaf atas kendala yang terjadi ya. Kamu tidak perlu khawatir, kamu bisa menjelaskan detail kendala tersebut melalui email di tanya@jago.com atau call center 1500 746 untuk kami bantu tangani lebih lanjut. Terima kasih🙂",2025-11-25 16:24:04,8.39.0,Dataset/dataset\JAGO_googleplay_NOVEMBER_reviews.csv,login
d4f3d093-4c1a-42cd-ae96-4f27a5089d0f,Pengguna Google,https://play-lh.googleusercontent.com/EGemoI2NTXmTsBVtJqk8jxF9rh8ApRWfsIMQSt2uE4OcpQqbFu7f7NbTK05lx80nuSijCz7sc3a277R67g,"jlk kli app ini bnyk bug nya, waktu transfer gx bisa padahal nominal udh bnyk masih aj gx bisa transfer app sampah",1,0,,2025-11-08 00:15:34+00:00,,,,Dataset/dataset\OVO_googleplay_NOVEMBER_reviews.csv,transfer
e6aac8c1-0f48-4b77-a0f8-036fe8382852,Pengguna Google,https://play-lh.googleusercontent.com/EGemoI2NTXmTsBVtJqk8jxF9rh8ApRWfsIMQSt2uE4OcpQqbFu7f7NbTK05lx80nuSijCz7sc3a277R67g,"aplikasi gk guna sama sekali terlalu ribet sudah daftar tpi gk kembali pengaturan awal gk bisa login"" ...beda seperti BNi yg mudah&gk ribet",1,0,3.2.0,2025-12-05 21:51:25+00:00,"Halo Sahabat @Aina Ina, mohon maaf atas ketidaknyamanannya. Terkait kendala Sahabat mohon untuk dapat mengirimkan email ke mandiricare@bankmandiri.co.id atau dapat menghubungi Mandiri Call 14000 lalu tekan 2 agar dapat dilakukan pengecekan. Tks~Amar",2025-12-05 21:53:27,3.2.0,Dataset/dataset\LIVIN_googleplay_DECEMBER_reviews.csv,login
4aad1a17-9aad-433a-b4ce-d73c917cbfc8,Pengguna Google,https://play-lh.googleusercontent.com/EGemoI2NTXmTsBVtJqk8jxF9rh8ApRWfsIMQSt2uE4OcpQqbFu7f7NbTK05lx80nuSijCz7sc3a277R67g,"tf nya sangat cepat dan gratis lagi, makasih gopay 🙏",5,0,1.62.0,2025-11-21 09:37:54+00:00,,,1.62.0,Dataset/dataset\GOPAY_googleplay_NOVEMBER_reviews.csv,transfer
ad7d3c29-f351-44a4-aa2d-2dc7c483cade,Pengguna Google,https://play-lh.googleusercontent.com/EGemoI2NTXmTsBVtJqk8jxF9rh8ApRWfsIMQSt2uE4OcpQqbFu7f7NbTK05lx80nuSijCz7sc3a277R67g,saya gak bisa tf gimana dong,5,0,1.60.0,2025-10-22 22:39:29+00:00,,,1.60.0,Dataset/dataset\GOPAY_googleplay_OCTOBER_reviews.csv,transfer
22abbe5b-42b7-41fb-bf30-b3911ed42b5e,Pengguna Google,https://play-lh.googleusercontent.com/EGemoI2NTXmTsBVtJqk8jxF9rh8ApRWfsIMQSt2uE4OcpQqbFu7f7NbTK05lx80nuSijCz7sc3a277R67g,tiap melakukan pembayaran lewat qris selalu gagal ada gangguan teknis udah 1 bulan ini gitu aja terus,1,2,1.61.2,2025-10-29 08:44:31+00:00,"Hai Kak Aldy, maaf atas ketidaknyamanannya. Pastikan kamu menggunakan aplikasi GoPay versi terbaru dan kode QR yang dipindai berasal dari merchant yang menerima pembayaran melalui kode GoPay. Jika masih berkendala, laporkan melalui email ke customerservice@gopay.co.id dan cantumkan kode psr-25-302-0207-42247 pada subjek email. ^Maura",2025-10-29 09:07:47,1.61.2,Dataset/dataset\GOPAY_googleplay_OCTOBER_reviews.csv,qris
a4488e8b-5fe1-424f-b95c-f2d4f693a31f,Pengguna Google,https://play-lh.googleusercontent.com/EGemoI2NTXmTsBVtJqk8jxF9rh8ApRWfsIMQSt2uE4OcpQqbFu7f7NbTK05lx80nuSijCz7sc3a277R67g,top up harus 20 guoblok grab masih pake aplikasi kayak gini mending ganti pake dana,1,0,3.150.0,2025-12-23 18:24:22+00:00,,,3.150.0,Dataset/dataset\OVO_googleplay_DECEMBER_reviews.csv,topup
32a93a37-f1ec-4e9c-8da9-2b81afb9a5de,Pengguna Google,https://play-lh.googleusercontent.com/EGemoI2NTXmTsBVtJqk8jxF9rh8ApRWfsIMQSt2uE4OcpQqbFu7f7NbTK05lx80nuSijCz7sc3a277R67g,mantap. bisa transfer gratis trrus,5,0,8.72.0,2025-10-25 06:43:29+00:00,,,8.72.0,Dataset/dataset\JAGO_googleplay_OCTOBER_reviews.csv,transfer
89186132-45f6-4c30-87fe-144b2b86ed82,Pengguna Google,https://play-lh.googleusercontent.com/EGemoI2NTXmTsBVtJqk8jxF9rh8ApRWfsIMQSt2uE4OcpQqbFu7f7NbTK05lx80nuSijCz7sc3a277R67g,Aplikasi ribet.. mau transfer 50 ribu aja pakai acara upgrade dan foto KTP segala. Tolong nggak usah Upgrade lah.. biasa2 aja bisa kan,1,20,1.62.0,2025-11-14 05:52:06+00:00,,,1.62.0,Dataset/dataset\GOPAY_googleplay_NOVEMBER_reviews.csv,transfer
0c19cbc2-f00e-4824-ae5e-b16665fbf164,Pengguna Google,https://play-lh.googleusercontent.com/EGemoI2NTXmTsBVtJqk8jxF9rh8ApRWfsIMQSt2uE4OcpQqbFu7f7NbTK05lx80nuSijCz7sc3a277R67g,Apk Taik.. Terima uang langsung potong saldo 2rb sebagai admin.pdhl seharusnya yg kena admin dr Apk lain/transfer jadi admin doble. Apk DANA memang paling Top deh. ovo 👎👎👎👎,2,0,3.147.0,2025-11-22 07:18:43+00:00,,,3.147.0,Dataset/dataset\OVO_googleplay_NOVEMBER_reviews.csv,transfer
96c89a59-f463-4833-add9-103ff78862c7,Pengguna Google,https://play-lh.googleusercontent.com/EGemoI2NTXmTsBVtJqk8jxF9rh8ApRWfsIMQSt2uE4OcpQqbFu7f7NbTK05lx80nuSijCz7sc3a277R67g,"tolong akun aku ke blokir, baru mau login sudah masukkan password tapi salah mulu padahal baru kemarin aku pake pas hari ini mau login malah gak bisa",1,0,,2025-10-06 23:51:35+00:00,,,,Dataset/dataset\OVO_googleplay_OCTOBER_reviews.csv,login
4d8e37d7-7fc7-483b-be00-ac55af17bb89,Pengguna Google,https://play-lh.googleusercontent.com/EGemoI2NTXmTsBVtJqk8jxF9rh8ApRWfsIMQSt2uE4OcpQqbFu7f7NbTK05lx80nuSijCz7sc3a277R67g,cuman suara notifikasi dari qris kadang lancar kadang gak..tolong dong di perbaiki lagi,5,0,1.44.05,2025-12-15 20:07:50+00:00,"Hi Kak. Terima kasih telah menggunakan ShopeePay. Mari cek aplikasi ShopeePay karena banyak fitur yang mempermudah keseharian kakak seperti pembelian pulsa, paket data, pembayaran tagihan listrik dan pembayaran lainnya. Jika kakak memiliki pertanyaan seputar ShopeePay, mohon DM kami di Instagram @ShopeePay_ID ya. Semoga harimu menyenangkan ^RJ",2025-12-16 09:27:52,1.44.05,Dataset/dataset\SHOPEEPAY_googleplay_DECEMBER_reviews.csv,qris
1900865d-074c-40a6-8c7f-cc49da22e77b,Pengguna Google,https://play-lh.googleusercontent.com/EGemoI2NTXmTsBVtJqk8jxF9rh8ApRWfsIMQSt2uE4OcpQqbFu7f7NbTK05lx80nuSijCz7sc3a277R67g,"nomer gw hilang dan ga bisa login, padahal saldo di situ banyak, dan pas mau ganti nomer 2 hari juga belom bisa dengan alasan ada kesalahan. Ini mau sampe kapan woi!! gw butuh banget duitnya.",1,8,3.144.0,2025-10-17 06:24:07+00:00,,,3.144.0,Dataset/dataset\OVO_googleplay_OCTOBER_reviews.csv,login
aa6e82d9-4347-4e11-8752-1dc8f820e043,Pengguna Google,https://play-lh.googleusercontent.com/EGemoI2NTXmTsBVtJqk8jxF9rh8ApRWfsIMQSt2uE4OcpQqbFu7f7NbTK05lx80nuSijCz7sc3a277R67g,"minta verifikasi terus,, tapi malah muter muter, bikin password, bikin pin, verifikasi muka, balik lagi bikin password, bikin pin, vermuk lagi. gitu ajah terus gak ada ujung nya. masalah begini masa harus ke Kantor nya mulu.. 😌 ribet..udah 2 kali begini mobile banking lain gak begini,,",1,0,,2025-12-11 11:22:21+00:00,"Halo Sahabat @Net Flix, mohon maaf atas ketidaknyamanannya. Terkait kendala Sahabat mohon untuk dapat mengirimkan email ke mandiricare@bankmandiri.co.id atau dapat menghubungi Mandiri Call 14000 lalu tekan 2 agar dapat dilakukan pengecekan. Tks~Risa",2025-12-11 11:28:25,,Dataset/dataset\LIVIN_googleplay_DECEMBER_reviews.csv,vermuk
a0158f4c-7b5b-44c8-8de7-41b85883493f,Pengguna Google,https://play-lh.googleusercontent.com/EGemoI2NTXmTsBVtJqk8jxF9rh8ApRWfsIMQSt2uE4OcpQqbFu7f7NbTK05lx80nuSijCz7sc3a277R67g,"lemot parah, gara2 aplikasi jelek ini aku sering buat antrean dan kena tegur orang gara2 lama kl bayar pakai qris dan pembayaran online, ga niat buatnya sih",1,0,3.1.0,2025-11-28 11:16:26+00:00,"Halo Sahabat @Regita Ade, mohon maaf atas ketidaknyamanannya. Terkait kendala Sahabat mohon untuk dapat mengirimkan email ke mandiricare@bankmandiri.co.id atau menghubungi Mandiri Call 14000 lalu tekan 2 agar dapat dilakukan pengecekan. Tks~Danti",2025-11-28 11:18:58,3.1.0,Dataset/dataset\LIVIN_googleplay_NOVEMBER_reviews.csv,qris
ed15e215-0ebc-44fc-89c5-44ac2002e97b,Pengguna Google,https://play-lh.googleusercontent.com/EGemoI2NTXmTsBVtJqk8jxF9rh8ApRWfsIMQSt2uE4OcpQqbFu7f7NbTK05lx80nuSijCz7sc3a277R67g,"aplikasi ribet , mau TF ke bank harus upgrade foto KTP ini itu .",1,1,1.62.0,2025-11-08 19:47:13+00:00,,,1.62.0,Dataset/dataset\GOPAY_googleplay_NOVEMBER_reviews.csv,transfer
f0e333a0-0bef-4a48-81fb-783d956cff80,Pengguna Google,https://play-lh.googleusercontent.com/EGemoI2NTXmTsBVtJqk8jxF9rh8ApRWfsIMQSt2uE4OcpQqbFu7f7NbTK05lx80nuSijCz7sc3a277R67g,bukan sekali dan sudah sering kebiasaan buruk ovo sa.at transfer ovo ke bank selalu gak jelas.saldo ovo ketarik.nominal yang dituju ke bank gak terkirim.saya sangat kecewa dengan kejadian ini karena bukan sekali ini.tapi berkali2..,1,0,3.147.0,2025-11-21 13:47:44+00:00,,,3.147.0,Dataset/dataset\OVO_googleplay_NOVEMBER_reviews.csv,transfer
28f584cc-df28-4616-aa78-fda696bf4d0f,Pengguna Google,https://play-lh.googleusercontent.com/EGemoI2NTXmTsBVtJqk8jxF9rh8ApRWfsIMQSt2uE4OcpQqbFu7f7NbTK05lx80nuSijCz7sc3a277R67g,apaa apaan gopay ni asuu tiap isi gopay selalu kenak potong kalau ga 1000 pasti 1500 mau isi ulang token listrik sama pulsa jadi susah kenak potong teross ga worth it lama lama tolong lah isi saldo gopay nya jan dipotong potong lagi dah lah tiap isi pulsa sama token kenak adminnya lagi top up saldo pun dipotong lagi ngeri kali korupsi nya ini dilaporkan nnti lama lama sama ojk ya.,1,0,1.60.0,2025-10-27 22:50:05+00:00,"Hai Kak Redi, Kami informasikan untuk transaksi top up saldo GoPay dikenakan biaya admin sesuai metode pembayaran yang dipilih. Info selengkapnya silakan kunjungi menu Bantuan di aplikasi GoPay atau email ke customerservice@gopay.co.id. ^Melisa",2025-10-27 23:24:27,1.60.0,Dataset/dataset\GOPAY_googleplay_OCTOBER_reviews.csv,topup
77591cfa-d8a5-4d34-89f6-1dd21ffd2e3c,Pengguna Google,https://play-lh.googleusercontent.com/EGemoI2NTXmTsBVtJqk8jxF9rh8ApRWfsIMQSt2uE4OcpQqbFu7f7NbTK05lx80nuSijCz7sc3a277R67g,"jangan sekali "" top up banyak di ovo karena apk ini sering eror gak jelas .",1,0,3.150.0,2025-12-21 01:19:31+00:00,,,3.150.0,Dataset/dataset\OVO_googleplay_DECEMBER_reviews.csv,topup
e49ffd65-efd9-46ee-a334-ff1ef4e11ca1,Pengguna Google,https://play-lh.googleusercontent.com/EGemoI2NTXmTsBVtJqk8jxF9rh8ApRWfsIMQSt2uE4OcpQqbFu7f7NbTK05lx80nuSijCz7sc3a277R67g,verifikasi susah banget padahal sudah jelas ktp dan wajah saya sendiri siang hari tapi gagal terus sudah puluhan kali coba buang² waktu aja,1,0,3.148.0,2025-11-26 15:22:06+00:00,,,3.148.0,Dataset/dataset\OVO_googleplay_NOVEMBER_reviews.csv,vermuk
57c325a5-60fe-4459-abde-a2d53e2b8bdc,Pengguna Google,https://play-lh.googleusercontent.com/EGemoI2NTXmTsBVtJqk8jxF9rh8ApRWfsIMQSt2uE4OcpQqbFu7f7NbTK05lx80nuSijCz7sc3a277R67g,cepet pakai qris,3,0,1.44.04,2025-12-04 12:42:40+00:00,"Hi Kak Zaky. Terima kasih untuk review positifnya. Untuk transaksi di ShopeePay aman karena dilengkapi dengan fitur keamanan seperti PIN, kode OTP, sidik jari hingga verifikasi wajah. Jika kakak memiliki pertanyaan atau kendala seputar ShopeePay, mohon DM kami di Instagram @ShopeePay_ID ya. Semoga harimu menyenangkan. ^CS",2025-12-04 13:38:38,1.44.04,Dataset/dataset\SHOPEEPAY_googleplay_DECEMBER_reviews.csv,qris
b8cb421f-43a6-4667-9292-aacf9c93358b,Pengguna Google,https://play-lh.googleusercontent.com/EGemoI2NTXmTsBVtJqk8jxF9rh8ApRWfsIMQSt2uE4OcpQqbFu7f7NbTK05lx80nuSijCz7sc3a277R67g,Aku suka top up lancar yg lain ntar ya.karena aku baru .,5,0,1.60.0,2025-10-18 02:37:53+00:00,,,1.60.0,Dataset/dataset\GOPAY_googleplay_OCTOBER_reviews.csv,topup
bbe47c38-d018-444f-9a56-26b53c3aaab3,Pengguna Google,https://play-lh.googleusercontent.com/EGemoI2NTXmTsBVtJqk8jxF9rh8ApRWfsIMQSt2uE4OcpQqbFu7f7NbTK05lx80nuSijCz7sc3a277R67g,"buat transfer cepat,,,",5,0,1.60.0,2025-10-13 15:23:47+00:00,,,1.60.0,Dataset/dataset\GOPAY_googleplay_OCTOBER_reviews.csv,transfer
76acf5c2-f0f9-415f-ae1c-06b18585524b,Pengguna Google,https://play-lh.googleusercontent.com/EGemoI2NTXmTsBVtJqk8jxF9rh8ApRWfsIMQSt2uE4OcpQqbFu7f7NbTK05lx80nuSijCz7sc3a277R67g,ga amanah top up 800 ga masuk,1,0,1.60.0,2025-10-28 08:32:35+00:00,"Hai Kak Eka, pastikan nomor tujuan sudah benar, sudah cek halaman Riwayat, dan coba keluar dan masuk kembali ke aplikasi. Jika saldo masih belum masuk, silakan laporkan melalui menu Bantuan > ketik 'Top up GoPay saya belum masuk' > isi formulir dan cantumkan kode psr-25-301-0137-37349 pada bagian 'Ceritakan lebih lanjut'. ^Maura",2025-10-28 08:37:44,1.60.0,Dataset/dataset\GOPAY_googleplay_OCTOBER_reviews.csv,topup
c5d9bfe7-aae9-4cd4-b846-3825d58011f3,Pengguna Google,https://play-lh.googleusercontent.com/EGemoI2NTXmTsBVtJqk8jxF9rh8ApRWfsIMQSt2uE4OcpQqbFu7f7NbTK05lx80nuSijCz7sc3a277R67g,aplikasinya bagus dan ada coin gratis yang bisa digunakan untuk top up game dan yang lain,5,0,1.60.0,2025-11-05 07:49:38+00:00,,,1.60.0,Dataset/dataset\GOPAY_googleplay_NOVEMBER_reviews.csv,topup
d3943980-d589-4157-be82-503fa128daec,Pengguna Google,https://play-lh.googleusercontent.com/EGemoI2NTXmTsBVtJqk8jxF9rh8ApRWfsIMQSt2uE4OcpQqbFu7f7NbTK05lx80nuSijCz7sc3a277R67g,"bagus , cuma agak mahal biaya tf nya selebihnya ok",5,29,1.42.03,2025-11-16 02:26:16+00:00,"Hi Kak. Terima kasih telah menggunakan ShopeePay. Mari cek aplikasi ShopeePay karena banyak fitur yang mempermudah keseharian kakak seperti pembelian pulsa, paket data, pembayaran tagihan listrik dan pembayaran lainnya. Jika kakak memiliki pertanyaan seputar ShopeePay, mohon DM kami di Instagram @ShopeePay_ID ya. Semoga harimu menyenangkan ^RJ",2025-11-17 10:09:41,1.42.03,Dataset/dataset\SHOPEEPAY_googleplay_NOVEMBER_reviews.csv,transfer
a1d2239b-5df7-4480-a07d-c20d2d83035c,Pengguna Google,https://play-lh.googleusercontent.com/EGemoI2NTXmTsBVtJqk8jxF9rh8ApRWfsIMQSt2uE4OcpQqbFu7f7NbTK05lx80nuSijCz7sc3a277R67g,masa Transfer ke Rekening BCA 2x24 Jam....Yg Bener aja...,5,0,3.150.0,2025-12-23 13:01:12+00:00,,,3.150.0,Dataset/dataset\OVO_googleplay_DECEMBER_reviews.csv,transfer
ab1fd3e6-64a1-426c-82fb-8f924ac6e991,Pengguna Google,https://play-lh.googleusercontent.com/EGemoI2NTXmTsBVtJqk8jxF9rh8ApRWfsIMQSt2uE4OcpQqbFu7f7NbTK05lx80nuSijCz7sc3a277R67g,"saya top up game ml untuk membeli diamond,dibawah nya bilang bonus 160+16 diamond,kok ga masuk ya?,cuman 176 doang yang masuk?",1,0,1.61.2,2025-11-07 10:44:21+00:00,"Hai Kak Fitri, mohon maaf atas ketidaknyamanannya. Terkait keluhan tersebut, silakan laporkan melalui email ke customerservice@gopay.co.id dengan melampirkan kode psr-25-311-0814-27714 pada subject email. Kami tunggu detail laporan kamu ya. ^Maura",2025-11-07 15:14:34,1.61.2,Dataset/dataset\GOPAY_googleplay_NOVEMBER_reviews.csv,topup
0932611d-9f2b-42a9-acdb-769f00415c39,Pengguna Google,https://play-lh.googleusercontent.com/EGemoI2NTXmTsBVtJqk8jxF9rh8ApRWfsIMQSt2uE4OcpQqbFu7f7NbTK05lx80nuSijCz7sc3a277R67g,respon sekarang lama trs setiap mau login lama bngt padahal kita lagi buru buru mengecewakan,2,0,3.148.0,2025-11-26 16:06:04+00:00,,,3.148.0,Dataset/dataset\OVO_googleplay_NOVEMBER_reviews.csv,login
d5714c2f-33af-4812-ac44-d8277f4a0e22,Pengguna Google,https://play-lh.googleusercontent.com/EGemoI2NTXmTsBVtJqk8jxF9rh8ApRWfsIMQSt2uE4OcpQqbFu7f7NbTK05lx80nuSijCz7sc3a277R67g,"aplikasi ini sangat membantu saya dalam mengembangkan bisnis di tengah maraknya penipuan online. pembayaran dan transfer yang sangat terjangkau,tak salah saya meng-install aplikasi ini.",5,0,1.42.03,2025-11-11 20:30:04+00:00,"Hi Kak. Terima kasih telah menggunakan ShopeePay. Mari cek aplikasi ShopeePay karena banyak fitur yang mempermudah keseharian kakak seperti pembelian pulsa, paket data, pembayaran tagihan listrik dan pembayaran lainnya. Jika kakak memiliki pertanyaan seputar ShopeePay, mohon DM kami di Instagram @ShopeePay_ID ya. Semoga harimu menyenangkan ^RJ",2025-11-12 09:40:23,1.42.03,Dataset/dataset\SHOPEEPAY_googleplay_NOVEMBER_reviews.csv,transfer
84b4eec6-1240-4356-9955-324ed5e1d02c,Pengguna Google,https://play-lh.googleusercontent.com/EGemoI2NTXmTsBVtJqk8jxF9rh8ApRWfsIMQSt2uE4OcpQqbFu7f7NbTK05lx80nuSijCz7sc3a277R67g,ovo aplikasi nya jelek bet jir kayak apps bikinan pemerintah. gua top up google Play kgk ada history sama kgk ada kode buat nukerin nya. terus gua mau lapor gmn lgi ajg kan kgk ada bukti transaksi lawak bet ni apps. gua udh Refresh beberapa kali tetep kgk muncul mucul duit ke potong yg di beli kgk ada lg,1,1,3.144.0,2025-10-10 18:29:09+00:00,,,3.144.0,Dataset/dataset\OVO_googleplay_OCTOBER_reviews.csv,topup
e0c13ded-ef34-4344-8947-8062f80ad7f6,Pengguna Google,https://play-lh.googleusercontent.com/EGemoI2NTXmTsBVtJqk8jxF9rh8ApRWfsIMQSt2uE4OcpQqbFu7f7NbTK05lx80nuSijCz7sc3a277R67g,transfer uang tapi gak masuk uangnya,1,0,,2025-10-09 06:18:42+00:00,,,,Dataset/dataset\OVO_googleplay_OCTOBER_reviews.csv,transfer
037607e6-6e29-4010-876f-503a47636d08,Pengguna Google,https://play-lh.googleusercontent.com/EGemoI2NTXmTsBVtJqk8jxF9rh8ApRWfsIMQSt2uE4OcpQqbFu7f7NbTK05lx80nuSijCz7sc3a277R67g,apk jelek ga bisa login,1,0,3.145.0,2025-10-28 20:04:53+00:00,,,3.145.0,Dataset/dataset\OVO_googleplay_OCTOBER_reviews.csv,login
e2a3b183-5c64-451d-96e3-27912505ac52,Pengguna Google,https://play-lh.googleusercontent.com/EGemoI2NTXmTsBVtJqk8jxF9rh8ApRWfsIMQSt2uE4OcpQqbFu7f7NbTK05lx80nuSijCz7sc3a277R67g,gopy gak jelas login gak bisa tiba tiba tunggu 60 menit gak jelas lama lama gopy gak cocok di kasih bintang aslinya,1,1,1.62.0,2025-11-11 19:49:27+00:00,"Hai Kak @Bangal, kami mohon maaf atas kondisi yang Kakak alami. Terkait hal ini, dapat kami sampaikan bahwa sebelumnya ada pemeliharaan sistem, namun saat ini sudah kembali normal. Silakan Kakak bisa relogin dan update aplikasi ke versi terbaru ya. Mohon maaf atas ketidaknyamanannya. Salam hangat. ^Miko",2025-11-12 08:35:54,1.62.0,Dataset/dataset\GOPAY_googleplay_NOVEMBER_reviews.csv,login
190ad59e-9f09-473c-bb48-8cacdd7321ae,Pengguna Google,https://play-lh.googleusercontent.com/EGemoI2NTXmTsBVtJqk8jxF9rh8ApRWfsIMQSt2uE4OcpQqbFu7f7NbTK05lx80nuSijCz7sc3a277R67g,"tidak puas bikin kesal terus, giliran login akun selalu gagal katanya coba lagi udah dicoba malah bikin emosi",1,0,8.79.0,2025-12-18 00:08:51+00:00,"Halo, Jagoan. Mohon maaf atas kendala yang terjadi ya. Kamu tidak perlu khawatir, kamu bisa menjelaskan detail kendala tersebut melalui email di tanya@jago.com atau call center 1500 746 untuk kami bantu tangani lebih lanjut. Terima kasih :)",2025-12-18 00:32:49,8.79.0,Dataset/dataset\JAGO_googleplay_DECEMBER_reviews.csv,login
b8791097-3445-4e8c-af80-a0c1f222f0fa,Pengguna Google,https://play-lh.googleusercontent.com/EGemoI2NTXmTsBVtJqk8jxF9rh8ApRWfsIMQSt2uE4OcpQqbFu7f7NbTK05lx80nuSijCz7sc3a277R67g,dulu kalau login ulang cuma masuk in pin doang sekarang malah pakek verifikasi wajah dulu pakek KTP ortu ortu nya sudah nggak ada gimana mau login lagi,1,0,1.60.0,2025-10-20 21:58:59+00:00,"Hai Kak Bima, mohon maaf atas ketidaknyamanannya. Terkait keluhan tersebut, silakan laporkan melalui email ke customerservice@gopay.co.id dengan melampirkan kode psr-25-293-1508-34992 pada subject email. Kami tunggu detail laporan kamu ya. ^Maura",2025-10-20 22:08:41,1.60.0,Dataset/dataset\GOPAY_googleplay_OCTOBER_reviews.csv,login
bad31cac-b281-4c2e-adda-8bc4c2327f46,Pengguna Google,https://play-lh.googleusercontent.com/EGemoI2NTXmTsBVtJqk8jxF9rh8ApRWfsIMQSt2uE4OcpQqbFu7f7NbTK05lx80nuSijCz7sc3a277R67g,tidak bisa melakukan verifikasi wajah. tulisannya jaringan tidak tersedia. padahal pakai wifi buat streaming 2k youtube lancar banget. perbaiki karena saya tidak bisa login,1,4,1.41.06,2025-11-02 05:55:56+00:00,"Hi Kak Septian. Mohon maaf atas kendala tidak bisa login karena jaringan. Kami sarankan untuk melakukan clear cache dgn cara masuk ke Pengaturan>Aplikasi>ShopeePay>Penyimpanan>Hapus cache. Pastikan internet dalam keadaan stabil, ketersediaan RAM & Memori yg cukup. Jika masih berkendala, silakan hubungi kami di DM Instagram @ShopeePay_ID ^CS",2025-11-03 11:18:53,1.41.06,Dataset/dataset\SHOPEEPAY_googleplay_NOVEMBER_reviews.csv,login
071ac3a6-ef7d-49d3-b0b6-ef266b919dbd,Pengguna Google,https://play-lh.googleusercontent.com/EGemoI2NTXmTsBVtJqk8jxF9rh8ApRWfsIMQSt2uE4OcpQqbFu7f7NbTK05lx80nuSijCz7sc3a277R67g,"saya salah TF seharusnya kedana malah ke gopay temen saya, tapi temen saya gak ada gopay, tapi transferannya masuk gak gagak, itu gimana ya?",1,0,,2025-11-20 11:06:29+00:00,"Hai Kak Rachvita, mohon maaf atas ketidaknyamanannya. Terkait hal tersebut, silakan laporkan melalui email ke customerservice@gopay.co.id dengan melampirkan kode psr-25-324-0608-18849 pada subject email dan ceritakan kembali detail permasalahannya agar tim kami bisa bantu cek lebih lanjut ya. ^Miko",2025-11-20 13:08:32,,Dataset/dataset\GOPAY_googleplay_NOVEMBER_reviews.csv,transfer
73b44b2e-f71b-48a4-8ba3-0daac4530f40,Pengguna Google,https://play-lh.googleusercontent.com/EGemoI2NTXmTsBVtJqk8jxF9rh8ApRWfsIMQSt2uE4OcpQqbFu7f7NbTK05lx80nuSijCz7sc3a277R67g,aplikasi Gk jelas tiba tiba keluar terus pas Masuk Nggk bisa Login Anjirrrr,1,1,3.145.0,2025-10-24 22:14:34+00:00,,,3.145.0,Dataset/dataset\OVO_googleplay_OCTOBER_reviews.csv,login
8b3f1beb-0c06-45c7-ad8e-2e15878e6ff2,Pengguna Google,https://play-lh.googleusercontent.com/EGemoI2NTXmTsBVtJqk8jxF9rh8ApRWfsIMQSt2uE4OcpQqbFu7f7NbTK05lx80nuSijCz7sc3a277R67g,saaya top up game fre fire diamond nya tidak masuk masuk,1,0,1.64.1,2025-11-23 12:45:09+00:00,"Hai Kak Theo, mohon maaf atas ketidaknyamanannya. Terkait hal tersebut, silakan laporkan melalui email ke customerservice@gopay.co.id dengan melampirkan kode psr-25-327-0740-32810 pada subject email dan ceritakan kembali detail permasalahannya agar tim kami bisa bantu cek lebih lanjut ya. ^Melisa",2025-11-23 14:40:40,1.64.1,Dataset/dataset\GOPAY_googleplay_NOVEMBER_reviews.csv,topup
02c061e5-0612-4cd6-bc1d-6bca57c6eae9,Pengguna Google,https://play-lh.googleusercontent.com/EGemoI2NTXmTsBVtJqk8jxF9rh8ApRWfsIMQSt2uE4OcpQqbFu7f7NbTK05lx80nuSijCz7sc3a277R67g,"apk jelek... tiap mau masuk harus daftar lagi dan lagi padahal sudah bikin akun mau masuk malah disuruh daftar no kartu terusssss dan terusss g juga login. mending hapus lah apk ini, ngabisi kuota aja.",1,2,3.1.0,2025-11-03 12:31:30+00:00,"Halo Sahabat @Rapita, mohon maaf atas ketidaknyamanannya. Terkait kendala Sahabat mohon untuk dapat mengirimkan email ke mandiricare@bankmandiri.co.id atau dapat menghubungi mandiri call 14000 agar dapat dilakukan pengecekan. Tks~Momo",2025-11-03 12:33:28,3.1.0,Dataset/dataset\LIVIN_googleplay_NOVEMBER_reviews.csv,login
821ee34b-a987-475d-90b7-675d906de1f3,Pengguna Google,https://play-lh.googleusercontent.com/EGemoI2NTXmTsBVtJqk8jxF9rh8ApRWfsIMQSt2uE4OcpQqbFu7f7NbTK05lx80nuSijCz7sc3a277R67g,saya top up ff 16k katanya 100%uang kembali tapi tidak kembali,1,0,1.59.0,2025-10-06 18:55:03+00:00,"Hai, Kak Alfaro. Sebelum membayar di Mitra Usaha, pastikan kode promo/voucher telah diaktifkan agar kamu bisa mendapatkan cashback. Jika cashback masih belum diterima, laporkan melalui halaman Bantuan > cari artikel ""Belum terima cashback setelah bertransaksi"" di kolom pencarian > isi form yang ada di artikel. Kami siap membantu kamu. ^Miko",2025-10-06 21:15:15,1.59.0,Dataset/dataset\GOPAY_googleplay_OCTOBER_reviews.csv,topup
07d9495e-d1f9-47c8-b980-84ca951db289,Pengguna Google,https://play-lh.googleusercontent.com/EGemoI2NTXmTsBVtJqk8jxF9rh8ApRWfsIMQSt2uE4OcpQqbFu7f7NbTK05lx80nuSijCz7sc3a277R67g,sangat suka cocok buat topup game,5,0,,2025-10-17 16:05:43+00:00,,,,Dataset/dataset\GOPAY_googleplay_OCTOBER_reviews.csv,topup
d3c4c987-72e3-4357-8afa-ca5acb2ecada,Pengguna Google,https://play-lh.googleusercontent.com/EGemoI2NTXmTsBVtJqk8jxF9rh8ApRWfsIMQSt2uE4OcpQqbFu7f7NbTK05lx80nuSijCz7sc3a277R67g,"nggak bisa transfer, kok bisa gitu ya,, kemanapun nggak bisa transfer.. padahal saldo semua disini,repott bgt",1,1,1.60.0,2025-11-01 05:20:58+00:00,"Hai Kak Uriel, sebelum transfer, pastikan status upgrade GoPay Plus sudah 'Diterima', nomor penerima valid dan tidak terblokir. Jika masih bermasalah, silakan kunjungi menu Bantuan di aplikasi GoPay atau email ke customerservice@gopay.co.id dan cantumkan kode psr-25-305-0348-13959 pada subjek email. ^Miko",2025-11-01 10:48:54,1.60.0,Dataset/dataset\GOPAY_googleplay_NOVEMBER_reviews.csv,transfer
eac4e4a3-9f27-48d0-8451-fc7ff234a742,Pengguna Google,https://play-lh.googleusercontent.com/EGemoI2NTXmTsBVtJqk8jxF9rh8ApRWfsIMQSt2uE4OcpQqbFu7f7NbTK05lx80nuSijCz7sc3a277R67g,"balikin uang aku pls, aku top up buat game tpi dm nya ga msuk itu crita ny gmn? 😭😠 gaje, duit gua hangus anjg balikin.",1,0,1.60.0,2025-10-10 15:15:14+00:00,"Hai Kak Putri, kami mohon maaf atas kondisi yang Kakak alami. Terkait hal ini, dapat kami sampaikan bahwa ada pemeliharaan sistem yang mempengaruhi transaksi Kakak & saat ini sudah kembali normal. Berkenan untuk melakukan pengecekan kembali di akun tujuan secara berkala ya Kak. Mohon maaf atas ketidaknyamanannya. Salam hangat. ^Miko",2025-10-10 20:17:40,1.60.0,Dataset/dataset\GOPAY_googleplay_OCTOBER_reviews.csv,topup
875d238e-3149-44ed-90ac-58c098d72f27,Pengguna Google,https://play-lh.googleusercontent.com/EGemoI2NTXmTsBVtJqk8jxF9rh8ApRWfsIMQSt2uE4OcpQqbFu7f7NbTK05lx80nuSijCz7sc3a277R67g,server nya eror Mulu gimana si mau top up juga,1,1,,2025-11-09 15:53:29+00:00,"Hai Kak, mohon maaf atas ketidaknyamanannya. Pastikan nomor tujuan valid dan sudah menggunakan aplikasi GoPay versi terbaru ya. Jika masih berkendala, silakan laporkan melalui email ke customerservice@gopay.co.id dan cantumkan kode psr-25-313-1026-30070 pada subjek email. ^Miko",2025-11-09 17:26:38,,Dataset/dataset\GOPAY_googleplay_NOVEMBER_reviews.csv,topup
27ae4db9-d95b-466c-a2bc-53fb4e5fae9d,Pengguna Google,https://play-lh.googleusercontent.com/EGemoI2NTXmTsBVtJqk8jxF9rh8ApRWfsIMQSt2uE4OcpQqbFu7f7NbTK05lx80nuSijCz7sc3a277R67g,"transfer gratis, pertahankan",5,0,1.59.0,2025-10-10 15:49:34+00:00,,,1.59.0,Dataset/dataset\GOPAY_googleplay_OCTOBER_reviews.csv,transfer
e4876675-11db-49ad-9363-43e71733cf05,Pengguna Google,https://play-lh.googleusercontent.com/EGemoI2NTXmTsBVtJqk8jxF9rh8ApRWfsIMQSt2uE4OcpQqbFu7f7NbTK05lx80nuSijCz7sc3a277R67g,"terdapat bug saat mau membayar dengan QRIS saldo saya tidak sesuai dengan yang ada di halaman pembayaran tapi nominal saldo saya cukup, sudah di refresh berkali-kali tetap aja tidak ada perubahan ini gimana?",3,7,3.146.0,2025-10-31 06:43:58+00:00,,,3.146.0,Dataset/dataset\OVO_googleplay_OCTOBER_reviews.csv,qris
7cce5fb5-004e-49aa-8221-4cfe92481876,Pengguna Google,https://play-lh.googleusercontent.com/EGemoI2NTXmTsBVtJqk8jxF9rh8ApRWfsIMQSt2uE4OcpQqbFu7f7NbTK05lx80nuSijCz7sc3a277R67g,aplikasi sangat berguna tapi terkadang saat salah transfer tidak ada layanan yang bisa dapat membantu,3,0,1.60.0,2025-10-20 17:47:20+00:00,"Hai Kak Adis, sesuai dengan Syarat & Ketentuan GoPay, jika terjadi kesalahan isi/transfer & sudah berhasil, maka transaksi tidak dapat dibatalkan. Jika transaksi dilakukan ke akun GoPay-mu yang sudah tidak aktif, kamu dapat melakukan perubahan nomor melalui menu Bantuan > ketik ""Transfer atau isi saldo GoPay ke nomor handphone yang salah"". ^Miko",2025-10-20 19:03:02,1.60.0,Dataset/dataset\GOPAY_googleplay_OCTOBER_reviews.csv,transfer
20d661c5-db88-4c9d-833c-0eb876627c9a,Pengguna Google,https://play-lh.googleusercontent.com/EGemoI2NTXmTsBVtJqk8jxF9rh8ApRWfsIMQSt2uE4OcpQqbFu7f7NbTK05lx80nuSijCz7sc3a277R67g,dana topup tidak masuk dan lama respon untuk pengembalian dananya,2,0,1.60.0,2025-10-08 10:53:09+00:00,"Hai Kak Adam, pastikan nomor tujuan sudah benar, sudah cek halaman Riwayat, dan coba keluar dan masuk kembali ke aplikasi. Jika saldo masih belum masuk, silakan laporkan melalui menu Bantuan > ketik 'Top up GoPay saya belum masuk' > isi formulir dan cantumkan kode psr-25-281-0408-40007 pada bagian 'Ceritakan lebih lanjut'. ^Maura",2025-10-08 11:08:45,1.60.0,Dataset/dataset\GOPAY_googleplay_OCTOBER_reviews.csv,topup
2cb0f464-d3e9-4174-98b4-0da8afaff778,Pengguna Google,https://play-lh.googleusercontent.com/EGemoI2NTXmTsBVtJqk8jxF9rh8ApRWfsIMQSt2uE4OcpQqbFu7f7NbTK05lx80nuSijCz7sc3a277R67g,"dulu tgl 02-07-2022 gw kasih bintang 5 ulasan bagus, sekarang gw kasih bintang 2 makin kesini makin ribet ni aplikasi kalo malem di atas jam 12 susah buat transaksi Qris gagal terus transfer gagal terus, ribet banget buat area² yang ATM nya jauh, tolong di perbaiki tiap malem perawatan terus jadul banget ni servernya upgrade lah jangan lemot terus bukan mempermudah konsumen malah makin kesini makin ribet ni aplikasi...",2,13,3.2.0,2025-12-27 01:45:05+00:00,"Halo Sahabat @Muklas misteri, mohon maaf atas ketidaknyamannya. Perihal kendala pada layanan Livin' by Mandiri, mohon untuk dapat mengirimkan email ke mandiricare@bankmandiri.co.id atau dapat menghubungi layanan mandiri 14000 agar dapat dilakukan pengecekan. Tks~Kale",2025-12-27 01:48:31,3.2.0,Dataset/dataset\LIVIN_googleplay_DECEMBER_reviews.csv,qris
0300aa1c-2fe6-457d-99ad-d5c49756f659,Pengguna Google,https://play-lh.googleusercontent.com/EGemoI2NTXmTsBVtJqk8jxF9rh8ApRWfsIMQSt2uE4OcpQqbFu7f7NbTK05lx80nuSijCz7sc3a277R67g,"katanya bebas admin saat top up nyatanya selalu kena admin 1k,pdhl kita selalu transaksi pakai shopee pay",1,0,1.44.05,2025-12-11 07:58:31+00:00,"Hi Kak Hendrik, mohon maaf atas kendala biaya admin Top Up. Saat ini terdapat kuota gratis isi saldo ShopeePay dengan minimum isi saldo Rp10.000,- sebanyak 20x dalam satu bulan melalui bank dan 5x melalui minimarket/agent. Untuk bantuan pengecekan, mohon menghubungi kami melalui DM Instagram di @ShopeePay_ID. ^CS",2025-12-11 10:52:18,1.44.05,Dataset/dataset\SHOPEEPAY_googleplay_DECEMBER_reviews.csv,topup
e104b5d7-b681-4f17-a1b7-2c088daa2cc0,Pengguna Google,https://play-lh.googleusercontent.com/EGemoI2NTXmTsBVtJqk8jxF9rh8ApRWfsIMQSt2uE4OcpQqbFu7f7NbTK05lx80nuSijCz7sc3a277R67g,"buat kalian yang mau download gopay menurut saya hati² dah kalo gak pengin duit kalian ilang, soalnya saya pernah topup gopay di bank pengirim sukses tapi di gopay gak masuk² bahkan sampai 3h ini juga gak masuk, giliran cari bantuan di customer servis pihak gopay jawabnya itu² mulu gak ada niatan balikin saldo kita yang gak masuk, bahkan saya sampai ke tempat konternya lagi buat minta hasil riwayat transaksinya, tapi dari pihak gopaynya tetep aja respondnya itu² doang, tetap selalu hati² kawan🙏",1,0,1.61.2,2025-11-03 00:54:55+00:00,"Hai Kak Irgi, mohon maat atas ketidaknyamanannya. Jika kamu masih mengalami kendala, silakan laporkan melalui email ke customerservice@gopay.co.id dengan melampirkan kode psr-25-307-0111-17975 pada subject email dan cantumkan nomor laporan kamu sebelumnya pada email yang kamu kirimkan. Kami tunggu detail laporan kamu ya. ^Melisa",2025-11-03 08:11:24,1.61.2,Dataset/dataset\GOPAY_googleplay_NOVEMBER_reviews.csv,topup
a7b9f31b-20c1-4922-a2c1-715e9f963317,Pengguna Google,https://play-lh.googleusercontent.com/EGemoI2NTXmTsBVtJqk8jxF9rh8ApRWfsIMQSt2uE4OcpQqbFu7f7NbTK05lx80nuSijCz7sc3a277R67g,"apk jelek,masa top up shoppepay dari dana ga masuk sama sekali,padahal transaksi berhasil,udah di ajukan ke bantuan tetep ga ada solusi,malah di suruh nunggu 1x24 jam,udah ditunggu lebih dari itu tetep ga ada perubahan!!!",1,99,1.43.10,2025-11-26 05:02:27+00:00,"Hi Kak Aurel. Mohon maaf atas kendala Top Up ShopeePay yang belum diterima. Jika hingga saat ini Top Up masih belum diterima mohon menghubungi kami melalui DM ke Instagram @ShopeePay_ID yang bercentang biru, dengan melampirkan bukti bayar Top Up tersebut untuk bantuan lebih lanjut. Semoga kendala kakak segera terselesaikan ya. ^CS",2025-11-26 11:34:13,1.43.10,Dataset/dataset\SHOPEEPAY_googleplay_NOVEMBER_reviews.csv,topup
9537f9b2-fc40-4c14-a7ba-585053221089,Pengguna Google,https://play-lh.googleusercontent.com/EGemoI2NTXmTsBVtJqk8jxF9rh8ApRWfsIMQSt2uE4OcpQqbFu7f7NbTK05lx80nuSijCz7sc3a277R67g,"masa saya login gabisa bisa,nomer customer service pun ga ada gimana ini,disuruh vece ga konek2 alasan sinyal padahal bagus bantu lah tolong",1,0,8.79.0,2025-12-22 19:34:06+00:00,"Halo, Jagoan! Mohon maaf apabila terdapat fitur atau layanan Jago yang belum sesuai harapan kamu. Kamu bisa menghubungi Tanya Jago di nomor 1500746 / 021-30000746 atau e-mail ke tanya@jago.com untuk kami bantu cek kendalanya lebih lanjut ya. Agent kami dengan senang hati membantu kamu.",2025-12-22 20:15:40,8.79.0,Dataset/dataset\JAGO_googleplay_DECEMBER_reviews.csv,login
474805b9-a248-4b52-a9e3-6b4f9006052f,Pengguna Google,https://play-lh.googleusercontent.com/EGemoI2NTXmTsBVtJqk8jxF9rh8ApRWfsIMQSt2uE4OcpQqbFu7f7NbTK05lx80nuSijCz7sc3a277R67g,"katanya 100℅ uang bakal kembali buat promo top up pengguna baru, tapi ko uang nya ga BALIKK? SCAM IH!",1,0,1.62.0,2025-11-01 15:19:15+00:00,"Hai, Kak @N Zy. Sebelum membayar di Mitra Usaha, pastikan kode promo/voucher telah diaktifkan agar kamu bisa mendapatkan cashback. Jika cashback masih belum diterima, laporkan melalui halaman Bantuan > cari artikel ""Belum terima cashback setelah bertransaksi"" di kolom pencarian > isi form yang ada di artikel. Kami siap membantu kamu. ^Miko",2025-11-01 16:03:10,1.62.0,Dataset/dataset\GOPAY_googleplay_NOVEMBER_reviews.csv,topup
275c11b5-2bd4-4006-90a5-b6719eb71908,Pengguna Google,https://play-lh.googleusercontent.com/EGemoI2NTXmTsBVtJqk8jxF9rh8ApRWfsIMQSt2uE4OcpQqbFu7f7NbTK05lx80nuSijCz7sc3a277R67g,aneh pdahl pnya akun dr gopay pas mau login mlh g terdaftar kocak,1,0,,2025-10-31 15:49:37+00:00,"Halo, Jagoan! Kami mohon maaf sekali ya atas kendala yang kamu alami. Apakah kamu berkenan menginformasikan detail kendala tersebut supaya bisa kami bantu cek lebih lanjut? Mohon untuk menghubungi kami melalui Tanya Jago di 1500 746/+62 21 3000 0746, atau melalui email ke tanya@jago.com. Kami tunggu laporannya ya.",2025-10-31 16:10:41,,Dataset/dataset\JAGO_googleplay_OCTOBER_reviews.csv,login
65854a85-2810-4e6c-ad11-528b3795aa3e,Pengguna Google,https://play-lh.googleusercontent.com/EGemoI2NTXmTsBVtJqk8jxF9rh8ApRWfsIMQSt2uE4OcpQqbFu7f7NbTK05lx80nuSijCz7sc3a277R67g,Transfer mudah dan cepat,5,0,1.64.0,2025-11-27 20:14:05+00:00,,,1.64.0,Dataset/dataset\GOPAY_googleplay_NOVEMBER_reviews.csv,transfer
0cec9838-2e56-455d-b961-c160a24cf1a6,Pengguna Google,https://play-lh.googleusercontent.com/EGemoI2NTXmTsBVtJqk8jxF9rh8ApRWfsIMQSt2uE4OcpQqbFu7f7NbTK05lx80nuSijCz7sc3a277R67g,ini jaringanya lemot bener gangguan terus mau tarik tunai atau top up juga loading mulu kenapa sih tolong segera diperbaiki lagi,1,0,,2025-11-02 22:09:39+00:00,"Hai Kak Adji, mohon maaf atas kendalanya. Pastikan kamu sudah menggunakan aplikasi GoPay versi terbaru, ya. Jika masih berkendala, silakan laporkan melalui halaman Bantuan > ketik ""Kendala tampilan dan notifikasi"" di kolom pencarian > pilih artikel dan lengkapi formulirnya. Kami siap membantu. ^Miko",2025-11-02 23:29:49,,Dataset/dataset\GOPAY_googleplay_NOVEMBER_reviews.csv,topup
701b6e65-6f07-44cc-9da0-6748e475f440,Pengguna Google,https://play-lh.googleusercontent.com/EGemoI2NTXmTsBVtJqk8jxF9rh8ApRWfsIMQSt2uE4OcpQqbFu7f7NbTK05lx80nuSijCz7sc3a277R67g,"Mempermudah dalam pembayaran dan juga dengan fitur gratis transfer selama 120 kali perbuman sangat membantu, dan juga sangat banyak diskon menggunakan pembayaran shopee pay, dan saya harap aplikasi shopee pay dapat berkembang dengan baik menjadi alat pembayaran nomor 1",5,11,1.44.05,2025-12-17 21:06:01+00:00,"Hi Kak. Terima kasih telah menggunakan ShopeePay. Mari cek aplikasi ShopeePay karena banyak fitur yang mempermudah keseharian kakak seperti pembelian pulsa, paket data, pembayaran tagihan listrik dan pembayaran lainnya. Jika kakak memiliki pertanyaan seputar ShopeePay, mohon DM kami di Instagram @ShopeePay_ID ya. Semoga harimu menyenangkan ^RJ",2025-12-18 09:46:09,1.44.05,Dataset/dataset\SHOPEEPAY_googleplay_DECEMBER_reviews.csv,transfer
d414116b-a460-4784-bbc7-c6a51372f997,Pengguna Google,https://play-lh.googleusercontent.com/EGemoI2NTXmTsBVtJqk8jxF9rh8ApRWfsIMQSt2uE4OcpQqbFu7f7NbTK05lx80nuSijCz7sc3a277R67g,"top up money atau e-toll lewat aplikasi grab walaupun nilainya tidak seberapa 20.000 tapi sudah berapa kali gagal tidak masuk ke e money saya, tapi di daftar history Oppo telah terpotong 21500...! itu maksudnya mau nipu apa makan duit orang tanpa izin ..?",1,1,3.149.0,2025-12-18 10:42:58+00:00,,,3.149.0,Dataset/dataset\OVO_googleplay_DECEMBER_reviews.csv,topup
3e97770f-fadf-45b0-801d-34081c71b26d,Pengguna Google,https://play-lh.googleusercontent.com/EGemoI2NTXmTsBVtJqk8jxF9rh8ApRWfsIMQSt2uE4OcpQqbFu7f7NbTK05lx80nuSijCz7sc3a277R67g,"setiap mau transaksi gagal mulu muncul tanda seru merah, udah verifikasi wajah, udah otak atik juga. chat cs 2x juga balesannya itu itu aja ga membantu bgt, apalah aktivitas mencurigakan udah cape bgt benerin gagal gagal mulu hadeuuh",1,0,,2025-11-08 14:51:39+00:00,"Hi Kak Callista, Mohon maaf mengenai kendala tidak bisa melakukan transaksi. Mohon pastikan perangkat/aplikasi yang digunakan adalah versi resmi dan tidak dimodifikasi dan Verifikasi wajah telah sesuai dengan data KTP yang terdaftar pada ShopeePay. Untuk bantuan lebih lanjut, mohon menghubungi kami melalui DM Instagram di @ShopeePay_ID. ^CS
",2025-11-10 15:44:43,,Dataset/dataset\SHOPEEPAY_googleplay_NOVEMBER_reviews.csv,vermuk
2dc8cf2c-fb1a-49b7-bcb1-857f71c783ce,Pengguna Google,https://play-lh.googleusercontent.com/EGemoI2NTXmTsBVtJqk8jxF9rh8ApRWfsIMQSt2uE4OcpQqbFu7f7NbTK05lx80nuSijCz7sc3a277R67g,"saya sangat kecewa, saya tidak bisa login ke akun lama saya di perangkat baru saya padahal memang akun milik saya tetapi ketika verifikasi wajah tertulis bahwa wajah salah padahal saya juga tidak oplas atau apapun. apa tidak ada tindakan lain selain verifikasi wajah?! saya terlanjur top up dengan nominal yang agak banyak tapi malah tidak bisa daftar",3,9,1.45.09,2025-12-24 16:43:30+00:00,"Hi Kak. Mohon maaf atas kendala tidak bisa login akun lama karena gagal verifikasi wajah. Terkait kendala tersebut mohon menghubungi kami melalui DM ke Instagram @ShopeePay_ID yang bercentang biru, dengan menginformasikan detail dan bukti kendala untuk bantuan lebih lanjut. Semoga kendala kakak segera terselesaikan ya. ^CS",2025-12-24 17:24:42,1.45.09,Dataset/dataset\SHOPEEPAY_googleplay_DECEMBER_reviews.csv,login
8d14aaf1-f8a6-43a6-aace-e1265e324373,Pengguna Google,https://play-lh.googleusercontent.com/EGemoI2NTXmTsBVtJqk8jxF9rh8ApRWfsIMQSt2uE4OcpQqbFu7f7NbTK05lx80nuSijCz7sc3a277R67g,aplikasi tolol mau top up ke aplikasi lain aja eror mulu kalo belum siap mending jangan kerjasama sama aplikasi lain👎,1,0,3.146.0,2025-11-07 17:12:35+00:00,,,3.146.0,Dataset/dataset\OVO_googleplay_NOVEMBER_reviews.csv,topup
da5cfb37-b3ea-408e-8fe2-8f51355e2f51,Pengguna Google,https://play-lh.googleusercontent.com/EGemoI2NTXmTsBVtJqk8jxF9rh8ApRWfsIMQSt2uE4OcpQqbFu7f7NbTK05lx80nuSijCz7sc3a277R67g,"biaya administrasinya mahal , transfer duit ke ovo ada pajaknya, blum lagi kalo transfer ke rekening lain 2.5 hadeh",3,0,3.145.0,2025-10-26 00:56:47+00:00,,,3.145.0,Dataset/dataset\OVO_googleplay_OCTOBER_reviews.csv,transfer
c29a9220-b763-4d2f-bae1-cc05e3013770,Pengguna Google,https://play-lh.googleusercontent.com/EGemoI2NTXmTsBVtJqk8jxF9rh8ApRWfsIMQSt2uE4OcpQqbFu7f7NbTK05lx80nuSijCz7sc3a277R67g,"mohon di perbaiki lagi, soalnya sering gagal saat top up.",3,0,1.62.0,2025-11-12 18:23:31+00:00,"Hai Kak Pandhita, mohon maaf atas ketidaknyamanannya. Pastikan nomor tujuan valid dan sudah menggunakan aplikasi GoPay versi terbaru ya. Jika masih berkendala, silakan laporkan melalui email ke customerservice@gopay.co.id dan cantumkan kode psr-25-317-0251-19882 pada subjek email. ^Miko",2025-11-13 09:51:51,1.62.0,Dataset/dataset\GOPAY_googleplay_NOVEMBER_reviews.csv,topup
7c1b0ba3-8281-4596-bb1a-558585d7b47a,Pengguna Google,https://play-lh.googleusercontent.com/EGemoI2NTXmTsBVtJqk8jxF9rh8ApRWfsIMQSt2uE4OcpQqbFu7f7NbTK05lx80nuSijCz7sc3a277R67g,tiba tiba logout nda bisa login lagi,1,0,3.144.0,2025-10-06 23:36:29+00:00,,,3.144.0,Dataset/dataset\OVO_googleplay_OCTOBER_reviews.csv,login
076273b4-a22c-4ed9-9cde-92ffc382c9a6,Pengguna Google,https://play-lh.googleusercontent.com/EGemoI2NTXmTsBVtJqk8jxF9rh8ApRWfsIMQSt2uE4OcpQqbFu7f7NbTK05lx80nuSijCz7sc3a277R67g,ini punya saya ko nga bisa login ke akun saya,1,0,3.144.0,2025-10-17 21:14:34+00:00,,,3.144.0,Dataset/dataset\OVO_googleplay_OCTOBER_reviews.csv,login
b6e25d72-fb06-45ce-a39e-345b399bd12c,Pengguna Google,https://play-lh.googleusercontent.com/EGemoI2NTXmTsBVtJqk8jxF9rh8ApRWfsIMQSt2uE4OcpQqbFu7f7NbTK05lx80nuSijCz7sc3a277R67g,saya tidak bisa login,2,0,8.79.0,2025-12-20 20:55:13+00:00,"Halo, Jagoan. Mohon maaf atas kendala yang terjadi ya. Kamu tidak perlu khawatir, kamu bisa menjelaskan detail kendala tersebut melalui email di tanya@jago.com atau call center 1500 746 untuk kami bantu tangani lebih lanjut. Terima kasih :)",2025-12-20 21:08:16,8.79.0,Dataset/dataset\JAGO_googleplay_DECEMBER_reviews.csv,login
15cda30b-153d-4f22-9b94-9ae51c5ee8d6,Pengguna Google,https://play-lh.googleusercontent.com/EGemoI2NTXmTsBVtJqk8jxF9rh8ApRWfsIMQSt2uE4OcpQqbFu7f7NbTK05lx80nuSijCz7sc3a277R67g,"saya udah pke gopay selama hampir 5 tahun, tau gak kenapa saya msih pke gopay karena transaksi cepet mau topup di Alfa atau Indomaret gmpang, tp skrg klo top up diatas 500 rb aja sering trouble ya, Hrus nunggu 2x24 jam lah, makin ribet tau gak, klo kayak gini mending saya pke dana , gak pernah trouble2 kayak gopay",1,3,1.61.2,2025-11-02 20:15:53+00:00,"Hai Kak Fernanda, mohon maaf atas ketidaknyamanannya. Jika masih mengalami keluhan, silakan laporkan melalui email ke customerservice@gopay.co.id dengan melampirkan kode psr-25-306-1437-53723 pada subject email dan cantumkan nomor laporan sebelumnya serta ceritakan kembali detail permasalahannya. Kami tunggu detail laporan kamu ya. ^Miko",2025-11-02 21:38:08,1.61.2,Dataset/dataset\GOPAY_googleplay_NOVEMBER_reviews.csv,topup
26d24881-d5f0-4da1-8746-d5489c8e5806,Pengguna Google,https://play-lh.googleusercontent.com/EGemoI2NTXmTsBVtJqk8jxF9rh8ApRWfsIMQSt2uE4OcpQqbFu7f7NbTK05lx80nuSijCz7sc3a277R67g,keren sih transfer ke rekening bank gak dikenakan biaya admin!,5,0,,2025-11-30 15:18:57+00:00,,,,Dataset/dataset\GOPAY_googleplay_NOVEMBER_reviews.csv,transfer
6325b214-6c90-454c-b4f7-5ca651f2f1a4,Pengguna Google,https://play-lh.googleusercontent.com/EGemoI2NTXmTsBVtJqk8jxF9rh8ApRWfsIMQSt2uE4OcpQqbFu7f7NbTK05lx80nuSijCz7sc3a277R67g,"uang saya 1,5 hangus di apk ini, sudah saya cht ovo malah di suruh tf 10jt hdeh",1,0,,2025-10-06 09:40:22+00:00,,,,Dataset/dataset\OVO_googleplay_OCTOBER_reviews.csv,transfer
aa143297-4173-4241-8dd2-24f5d3fc35e7,Pengguna Google,https://play-lh.googleusercontent.com/EGemoI2NTXmTsBVtJqk8jxF9rh8ApRWfsIMQSt2uE4OcpQqbFu7f7NbTK05lx80nuSijCz7sc3a277R67g,gimana cara ganti nomer saya hilang dan gak bisa login,5,0,,2025-12-25 19:12:48+00:00,,,,Dataset/dataset\JAGO_googleplay_DECEMBER_reviews.csv,login
cc54fa2f-8e85-4023-8adb-bee287a47ac7,Pengguna Google,https://play-lh.googleusercontent.com/EGemoI2NTXmTsBVtJqk8jxF9rh8ApRWfsIMQSt2uE4OcpQqbFu7f7NbTK05lx80nuSijCz7sc3a277R67g,wey barusan top up gak masuk gimana ini,1,0,3.144.0,2025-10-09 03:43:14+00:00,,,3.144.0,Dataset/dataset\OVO_googleplay_OCTOBER_reviews.csv,topup
acf4d6b0-31ea-4d15-89b9-6144820f0fc7,Pengguna Google,https://play-lh.googleusercontent.com/EGemoI2NTXmTsBVtJqk8jxF9rh8ApRWfsIMQSt2uE4OcpQqbFu7f7NbTK05lx80nuSijCz7sc3a277R67g,verifikasi wajah susah banget.payah,1,0,3.2.0,2025-11-25 10:02:22+00:00,"Hai Sahabat @Aflstr Aflstr, mohon maaf atas ketidaknyamanannya. Mohon kesediaannya mencoba kembali secara berkala dgn memastikan pencahayaan baik dan wajah tidak terlalu dekat kamera. Jika masih terdapat kendala mohon mengirimkan email ke mandiricare@bankmandiri.co.id atau menghubungi mandiri call 14000 utk dilakukan pengecekan. Tks~Divia",2025-11-25 10:52:28,3.2.0,Dataset/dataset\LIVIN_googleplay_NOVEMBER_reviews.csv,vermuk
b9b463b9-3e90-484a-babb-b592024560d8,Pengguna Google,https://play-lh.googleusercontent.com/EGemoI2NTXmTsBVtJqk8jxF9rh8ApRWfsIMQSt2uE4OcpQqbFu7f7NbTK05lx80nuSijCz7sc3a277R67g,Berikan menu untuk menghapus kontak rekening orang lain yang sudah tak terpakai karena bikin pusing buat pilih2 rekening aja saat transfer.,4,0,8.77.3,2025-11-24 05:22:42+00:00,"Halo, Jagoan! Terima kasih sudah memilih Bank Jago. Input baik dari Kakak menjadi semangat untuk kami dalam meningkatkan kualitas pelayanan kami ke depannya. Apabila Kakak memiliki pertanyaan atau masukan, silakan menghubungi Tanya Jago di nomor 1500746 / 021-30000746 atau e-mail ke tanya@jago.com. Dengan senang hati kami akan membantu.",2025-11-24 07:08:39,8.77.3,Dataset/dataset\JAGO_googleplay_NOVEMBER_reviews.csv,transfer
0200a4a1-1b21-4046-ba84-084f3058737e,Pengguna Google,https://play-lh.googleusercontent.com/EGemoI2NTXmTsBVtJqk8jxF9rh8ApRWfsIMQSt2uE4OcpQqbFu7f7NbTK05lx80nuSijCz7sc3a277R67g,"susah betul digunakan,,,mau tf uang disuruh upgrade,,pas mau upgrade GK bisa masuk,,,jgn2modus mau nahan uang",1,0,3.144.0,2025-10-08 07:10:45+00:00,,,3.144.0,Dataset/dataset\OVO_googleplay_OCTOBER_reviews.csv,transfer
ca814e22-5e6b-45bf-89ce-968f85ab4da4,Pengguna Google,https://play-lh.googleusercontent.com/EGemoI2NTXmTsBVtJqk8jxF9rh8ApRWfsIMQSt2uE4OcpQqbFu7f7NbTK05lx80nuSijCz7sc3a277R67g,sangat jelek sekali aplikasi gopay bisa keluar Sndiri dari hp masa mau masuk lagi harus verifikasi wajah lagi pakai kata sandi saja udh cukup klo keluar dari hp sendiri tolong lah di perbaiki soalnya sulit kalo orangnya udah meninggal gimana mau minta verikasi wajah nya kan jadi sulit penggunaan gopay itu aja si saran saya klo keluar dari hp sendiri gak perlu lagi pakai verikasi wajah lagi,1,0,,2025-10-07 01:15:21+00:00,"Hai Kak Helnino, mohon maaf atas ketidaknyamanannya. Pastikan kamu mengambil foto selfie dengan pencahayaan yang baik dan wajah terlihat jelas. Jika masih berkendala, silakan laporkan detailnya melalui email ke customerservice@gopay.co.id dan cantumkan kode psr-25-280-0010-43396 pada subjek email. ^Maura",2025-10-07 07:10:49,,Dataset/dataset\GOPAY_googleplay_OCTOBER_reviews.csv,vermuk
ef18239d-2ad7-4f83-a3da-e050218ef3ba,Pengguna Google,https://play-lh.googleusercontent.com/EGemoI2NTXmTsBVtJqk8jxF9rh8ApRWfsIMQSt2uE4OcpQqbFu7f7NbTK05lx80nuSijCz7sc3a277R67g,"kadang error di saat kita lagi aktivitas pembayaran sampai-sampai tidak bisa bayar batagor selama 1 jam nungguin aplikasi blue BCA digital nya kembali pulih. so far, gratis tarik dan setor tunai lumayan, transfer ke semua bank OK dan transfer ke bank BCA unlimited.",5,14,2.4.0,2025-10-18 13:19:25+00:00,"Hai, Kak Purnomo. Maaf atas ketidaknyamanannya. Kami akan selalu terus memperbaiki sistem demi mencapai kepuasan para pengguna aplikasi blu. Terkait kendala tersebut pastikan Kakak menggunakan blu versi terbaru, pastikan setting waktu di handphone menjadi otomatis, jaringan internet lancar dan stabil atau Kakak boleh switch jaringan pada handphone.",2025-10-18 13:46:38,2.4.0,Dataset/dataset\BLU_googleplay_OCTOBER_reviews.csv,transfer
59b54425-035f-4039-abce-863115d15fbc,Pengguna Google,https://play-lh.googleusercontent.com/EGemoI2NTXmTsBVtJqk8jxF9rh8ApRWfsIMQSt2uE4OcpQqbFu7f7NbTK05lx80nuSijCz7sc3a277R67g,bermasalah gabisa transfer,1,0,3.147.0,2025-11-22 21:57:56+00:00,,,3.147.0,Dataset/dataset\OVO_googleplay_NOVEMBER_reviews.csv,transfer
8dcb218a-c5a3-4667-a9d0-cccc7a0b4e83,Pengguna Google,https://play-lh.googleusercontent.com/EGemoI2NTXmTsBVtJqk8jxF9rh8ApRWfsIMQSt2uE4OcpQqbFu7f7NbTK05lx80nuSijCz7sc3a277R67g,"ditelp 14037, kt nya KK ga bs dipake jk blm diaktifin, knyataannya bs dipake qris",1,0,3.2.0,2025-12-22 12:50:59+00:00,"Hai Sahabat @Guess Who, mohon maaf atas ketidaknyamanannya. Terkait kendala yang dialami mohon untuk mengirimkan email ke mandiricare@bankmandiri.co.id atau menghubungi layanan mandiri call 14000 agar dapat dilakukan pengecekan ya. Tks~Divia",2025-12-22 12:54:38,3.2.0,Dataset/dataset\LIVIN_googleplay_DECEMBER_reviews.csv,qris
0f113552-bfaf-48bc-936c-0b4edde1a178,Pengguna Google,https://play-lh.googleusercontent.com/EGemoI2NTXmTsBVtJqk8jxF9rh8ApRWfsIMQSt2uE4OcpQqbFu7f7NbTK05lx80nuSijCz7sc3a277R67g,gabisa transfer trus dari kemarin.,1,1,1.62.0,2025-11-16 09:35:40+00:00,"Hai Kak Meybi, sebelum transfer, pastikan status upgrade GoPay Plus sudah 'Diterima', nomor penerima valid dan tidak terblokir. Jika masih bermasalah, silakan kunjungi menu Bantuan di aplikasi GoPay atau email ke customerservice@gopay.co.id dan cantumkan kode psr-25-320-0400-19357 pada subjek email. ^Melisa",2025-11-16 11:00:27,1.62.0,Dataset/dataset\GOPAY_googleplay_NOVEMBER_reviews.csv,transfer
13b2b17a-37bf-4db0-95fc-3e6153c7245d,Pengguna Google,https://play-lh.googleusercontent.com/EGemoI2NTXmTsBVtJqk8jxF9rh8ApRWfsIMQSt2uE4OcpQqbFu7f7NbTK05lx80nuSijCz7sc3a277R67g,tolong lh ovo LBH baik lagi.sy dh 2 HR TF blm masuk2 jga.gmn ini,1,0,3.145.0,2025-10-20 09:32:11+00:00,,,3.145.0,Dataset/dataset\OVO_googleplay_OCTOBER_reviews.csv,transfer
09da4c85-074d-440f-8319-92e8577d8ba3,Pengguna Google,https://play-lh.googleusercontent.com/EGemoI2NTXmTsBVtJqk8jxF9rh8ApRWfsIMQSt2uE4OcpQqbFu7f7NbTK05lx80nuSijCz7sc3a277R67g,"Kecewa dengan sistem transfer GOPAY dengan rekan e-wallet seperti nerima saldo dari selain GOPAY, harus diperbaiki lagi baru nanti saya kasih ulasan bagus. Masa cuma karena libur hari kerja/cuti sistemnya jadi ikut libur. Payah",4,44,1.59.0,2025-10-08 12:05:03+00:00,"Hai Kak Agung, mohon maaf atas ketidaknyamanannya. Kritik & saran yang kamu berikan akan menjadi masukan bagi kami untuk terus meningkatkan kualitas layanan kami ke depannya. Jika kamu memiliki pertanyaan atau kendala lainnya, silakan kunjungi menu Bantuan di aplikasi GoPay kamu atau email ke customerservice@gopay.co.id. ^Maya",2025-01-28 12:03:03,1.59.0,Dataset/dataset\GOPAY_googleplay_OCTOBER_reviews.csv,transfer
7ebd1703-3ae5-4cd6-8731-1cef2c777bdb,Pengguna Google,https://play-lh.googleusercontent.com/EGemoI2NTXmTsBVtJqk8jxF9rh8ApRWfsIMQSt2uE4OcpQqbFu7f7NbTK05lx80nuSijCz7sc3a277R67g,Terlalu ribet kalau MW top up dari indriver melalui ovo. Kenapa harus pakai isi data lagi? Kalau bayar maupun transfer pakai ovo kena biaya ADM...😩,4,0,3.145.0,2025-10-27 09:59:03+00:00,,,3.145.0,Dataset/dataset\OVO_googleplay_OCTOBER_reviews.csv,topup
16853a36-44cc-4534-b935-a8210269595a,Pengguna Google,https://play-lh.googleusercontent.com/EGemoI2NTXmTsBVtJqk8jxF9rh8ApRWfsIMQSt2uE4OcpQqbFu7f7NbTK05lx80nuSijCz7sc3a277R67g,"saya topup gopay dr brilink BRI knpa nggk masuk, sudah 2 hari nggk masuk.",1,0,1.60.0,2025-10-28 12:46:26+00:00,"Hai Kak Kiki, pastikan nomor tujuan sudah benar, sudah cek halaman Riwayat, dan coba keluar dan masuk kembali ke aplikasi. Jika saldo masih belum masuk, silakan laporkan melalui menu Bantuan > ketik 'Top up GoPay saya belum masuk' > isi formulir dan cantumkan kode psr-25-301-0616-42240 pada bagian 'Ceritakan lebih lanjut'. ^Maura",2025-10-28 13:16:48,1.60.0,Dataset/dataset\GOPAY_googleplay_OCTOBER_reviews.csv,topup
ab30e977-c99e-47c3-9207-38c8251ec414,Pengguna Google,https://play-lh.googleusercontent.com/EGemoI2NTXmTsBVtJqk8jxF9rh8ApRWfsIMQSt2uE4OcpQqbFu7f7NbTK05lx80nuSijCz7sc3a277R67g,saya kasih bintang 2 karena tidak bisa log in dan tidak bisa ubah pasword setiap login udah masuk langsung logout otomatis,2,0,8.77.3,2025-11-25 17:27:53+00:00,"Halo, Jagoan! Mohon maaf atas ketidaknyamanannya. Kami mengerti atas pengalaman kurang baik yang kamu alami. Untuk membantu kamu lebih lanjut, mohon menghubungi Tanya Jago di 1500746 / 021-30000746 atau email ke tanya@jago.com untuk kami cek lebih lanjut terkait kendala tersebut. Kami tunggu laporan dari kamu ya.",2025-11-25 17:44:31,8.77.3,Dataset/dataset\JAGO_googleplay_NOVEMBER_reviews.csv,login
15546af7-2bc9-47fc-9fee-891e29a7539a,Pengguna Google,https://play-lh.googleusercontent.com/EGemoI2NTXmTsBVtJqk8jxF9rh8ApRWfsIMQSt2uE4OcpQqbFu7f7NbTK05lx80nuSijCz7sc3a277R67g,sangat membantu saat saya transfer ke mama saya,5,0,1.59.0,2025-10-02 18:02:45+00:00,,,1.59.0,Dataset/dataset\GOPAY_googleplay_OCTOBER_reviews.csv,transfer
3ecebce4-fd2e-48f5-909a-0c4f7480e651,Pengguna Google,https://play-lh.googleusercontent.com/EGemoI2NTXmTsBVtJqk8jxF9rh8ApRWfsIMQSt2uE4OcpQqbFu7f7NbTK05lx80nuSijCz7sc3a277R67g,bolak balek diinstal GK bs2. begitu mau login langsung keluar lagi.,1,0,3.2.0,2025-11-24 13:02:32+00:00,"Halo Sahabat @Joko Hendarto, mohon maaf atas ketidaknyamannya. Perihal kendala pada layanan Livin' by Mandiri, mohon untuk dapat mengirimkan email ke mandiricare@bankmandiri.co.id atau dapat menghubungi layanan mandiri 14000 agar dapat dilakukan pengecekan. Tks~Celvin",2025-11-24 13:06:23,3.2.0,Dataset/dataset\LIVIN_googleplay_NOVEMBER_reviews.csv,login
bb361187-eafd-4aa2-a50f-da3dbd4e7009,Pengguna Google,https://play-lh.googleusercontent.com/EGemoI2NTXmTsBVtJqk8jxF9rh8ApRWfsIMQSt2uE4OcpQqbFu7f7NbTK05lx80nuSijCz7sc3a277R67g,dari bulan bulan kemaren sampai bulan sekarang kenapa livin tidak bisa login login yah. ada gambar sistem gambar perbaikan terus. gimana mau bertransaksi kalo kaya gini terus apk livinya. tolong dong siatemnya cepat di perbaiki.,2,7,3.2.0,2025-11-21 04:19:49+00:00,"Halo Sahabat @Rian Sprt, mohon maaf atas ketidaknyamannya. Perihal kendala pada layanan Livin' by Mandiri, mohon untuk dapat mengirimkan email ke mandiricare@bankmandiri.co.id atau dapat menghubungi layanan mandiri 14000 agar dapat dilakukan pengecekan. Tks~Kale",2025-11-21 04:22:21,3.2.0,Dataset/dataset\LIVIN_googleplay_NOVEMBER_reviews.csv,login
f592163d-20f6-4fe9-b836-e3812505592a,Pengguna Google,https://play-lh.googleusercontent.com/EGemoI2NTXmTsBVtJqk8jxF9rh8ApRWfsIMQSt2uE4OcpQqbFu7f7NbTK05lx80nuSijCz7sc3a277R67g,aplikasi sampah topup e money ngga masuk di ajukan pengembalian dana juga di tolak,1,1,1.40.06,2025-12-16 19:05:34+00:00,"Hi Kak Danuan. Mohon maaf atas kendala Top Up e-money yang belum diterima dan pengembalian dana. Terkait kendala tersebut mohon menghubungi kami melalui DM ke Instagram @ShopeePay_ID yang bercentang biru, dengan melampirkan bukti bayar dan bukti kendala untuk bantuan lebih lanjut. Semoga kendala kakak segera terselesaikan ya. ^CS",2025-12-17 11:42:33,1.40.06,Dataset/dataset\SHOPEEPAY_googleplay_DECEMBER_reviews.csv,topup
8056c642-6489-4604-8952-b9db8d4a19f4,Pengguna Google,https://play-lh.googleusercontent.com/EGemoI2NTXmTsBVtJqk8jxF9rh8ApRWfsIMQSt2uE4OcpQqbFu7f7NbTK05lx80nuSijCz7sc3a277R67g,"CUKIMAI PAS LOGIN DISURUH UPDATE GOOGLE PLAY SERVICE, PADAHAL DI PLAYSTORE SUDAH UPDATE TERBARU.",1,0,,2025-11-08 20:35:59+00:00,,,,Dataset/dataset\OVO_googleplay_NOVEMBER_reviews.csv,login
337e1755-8fd5-4bcb-b6b2-bd6a2a12e5c5,Pengguna Google,https://play-lh.googleusercontent.com/EGemoI2NTXmTsBVtJqk8jxF9rh8ApRWfsIMQSt2uE4OcpQqbFu7f7NbTK05lx80nuSijCz7sc3a277R67g,"aplikasi jelek,masak saya tf gak masuk2,padahal saldo sudah berkurang",1,0,,2025-12-26 15:38:14+00:00,"Hi Kak Budi . Mohon maaf atas kendala transfer saldo ShopeePay yang belum diterima. Terkait kendala tersebut mohon menghubungi kami melalui DM ke Instagram @ShopeePay_ID yang bercentang biru, dengan melampirkan bukti transfer yang terkendala untuk bantuan lebih lanjut. Semoga kendala kakak segera terselesaikan ya. ^CS",2025-12-26 16:24:03,,Dataset/dataset\SHOPEEPAY_googleplay_DECEMBER_reviews.csv,transfer
1477b19a-abb0-43f5-82b7-4b39c234303a,Pengguna Google,https://play-lh.googleusercontent.com/EGemoI2NTXmTsBVtJqk8jxF9rh8ApRWfsIMQSt2uE4OcpQqbFu7f7NbTK05lx80nuSijCz7sc3a277R67g,"kenapa setelah di-update akun GOPAY sy tidak bisa untuk bertransaksi, tidak bisa untuk TF, tidak bisa top up pulsa, tolong bantuannya agar sy tidak pindah kelain hati, karena sebelum update GOPAY ini cukup bagus dari pada lainnya",2,0,,2025-11-23 12:17:32+00:00,"Hai Kak @Wonk Ndeso, mohon maaf atas ketidaknyamanannya. Terkait hal tersebut, silakan laporkan melalui email ke customerservice@gopay.co.id dengan melampirkan kode psr-25-327-0541-43214 pada subject email dan ceritakan kembali detail permasalahannya agar tim kami bisa bantu cek lebih lanjut ya. ^Melisa",2025-11-23 12:41:55,,Dataset/dataset\GOPAY_googleplay_NOVEMBER_reviews.csv,topup
4a2a090d-6616-483f-884e-c228719d463c,Pengguna Google,https://play-lh.googleusercontent.com/EGemoI2NTXmTsBVtJqk8jxF9rh8ApRWfsIMQSt2uE4OcpQqbFu7f7NbTK05lx80nuSijCz7sc3a277R67g,sayang hanya bisa top up Rp. 1 jt...!,5,0,1.62.0,2025-11-08 16:00:46+00:00,,,1.62.0,Dataset/dataset\GOPAY_googleplay_NOVEMBER_reviews.csv,topup
0332f145-a6a0-4e49-b60a-dbd490592fce,Pengguna Google,https://play-lh.googleusercontent.com/EGemoI2NTXmTsBVtJqk8jxF9rh8ApRWfsIMQSt2uE4OcpQqbFu7f7NbTK05lx80nuSijCz7sc3a277R67g,"low respon, login ribet nomor hilang auto semua hilang susah di urus, diatur ulang nomor nya gagal Mulu bukan kayak aplikasi dana aja simple verivikasi muka masuk in pin beres ini kagak udah kyk jaman batu, jaman aja modern tapi aplikasi masih ngebatu kagak maju maju",1,0,,2025-12-05 00:46:14+00:00,,,,Dataset/dataset\OVO_googleplay_DECEMBER_reviews.csv,login
2a55b2d1-4355-4373-b3d1-f8de91d7aa93,Pengguna Google,https://play-lh.googleusercontent.com/EGemoI2NTXmTsBVtJqk8jxF9rh8ApRWfsIMQSt2uE4OcpQqbFu7f7NbTK05lx80nuSijCz7sc3a277R67g,"penanganan lama, transfer ke wallet lain masa pending nunggu berjam jam belum masuk dan konfirmasi nunggu 7 x 24 jam. mekanisme yg TOLOL!!",1,6,1.42.03,2025-11-09 06:11:12+00:00,"Hi Kak. Mohon maaf atas kendala transfer saldo ShopeePay ke e-wallet yang belum diterima. Terkait kendala tersebut mohon menghubungi kami melalui DM ke Instagram @ShopeePay_ID yang bercentang biru, dengan melampirkan bukti transfer yang terkendala untuk bantuan lebih lanjut. Semoga kendala kakak segera terselesaikan ya. ^CS",2025-11-10 13:15:27,1.42.03,Dataset/dataset\SHOPEEPAY_googleplay_NOVEMBER_reviews.csv,transfer
65a5a703-b4e2-41d1-a2c1-121b33cf9167,Pengguna Google,https://play-lh.googleusercontent.com/EGemoI2NTXmTsBVtJqk8jxF9rh8ApRWfsIMQSt2uE4OcpQqbFu7f7NbTK05lx80nuSijCz7sc3a277R67g,"sudah 3 THN pake app ini,baru sekarang saya mengalami kendala top up dari tgl 2 sampe sekarang saldo saya belum masuk"". padahal sudah menghubungi customer service tapi di suruh nunggu dan nunggu,jawaban dan tindak lanjut nya 0 % kacau, untung 50rbu kalo udah 1jt ke atas apa kabar🤦 GOPAY HELP GA GUNA!!",1,7,1.59.0,2025-10-04 10:14:54+00:00,"Hai Kak Rendy, mohon maaf atas ketidaknyamanannya. Jika kamu masih mengalami kendala, silakan laporkan melalui email ke customerservice@gopay.co.id dengan melampirkan kode psr-25-277-0412-25900 pada subject email dan cantumkan nomor laporan kamu sebelumnya pada email yang kamu kirimkan. Kami tunggu detail laporan kamu ya. ^Maura",2025-10-04 11:12:31,1.59.0,Dataset/dataset\GOPAY_googleplay_OCTOBER_reviews.csv,topup
d0001d86-e87e-43fe-95b4-3330f0a18e57,Pengguna Google,https://play-lh.googleusercontent.com/EGemoI2NTXmTsBVtJqk8jxF9rh8ApRWfsIMQSt2uE4OcpQqbFu7f7NbTK05lx80nuSijCz7sc3a277R67g,"sering gak bisa di bukan juga akun Livin nya dan juga sering keluar juga akun nya, sangat mengganggu sekali padahal jaringan nya kuat tapi tetep saja gak bisa di buka buat login.",3,0,,2025-12-14 12:32:13+00:00,"Halo Sahabat @Supri Yadi, mohon maaf atas ketidaknyamanannya. Apabila terdapat kendala agar dapat kami tindaklanjuti, Sahabat dapat mengirimkan email ke mandiricare@bankmandiri.co.id atau menghubungi layanan Mandiri Call 14000 ya. Tks~Alza",2025-12-14 12:52:53,,Dataset/dataset\LIVIN_googleplay_DECEMBER_reviews.csv,login
27977518-183e-4ed4-b52f-064bfef80bb9,Pengguna Google,https://play-lh.googleusercontent.com/EGemoI2NTXmTsBVtJqk8jxF9rh8ApRWfsIMQSt2uE4OcpQqbFu7f7NbTK05lx80nuSijCz7sc3a277R67g,gakk bisa login atau daftar,1,0,,2025-11-10 10:34:03+00:00,"Halo, Jagoan! Mohon maaf atas ketidaknyamanan yang Kakak alami. Supaya bisa membantu lebih lanjut, Kakak bisa menginformasikan detail keluhannya melalui email tanya@jago.com ya. Tim terkait kami dengan senang hati akan membantu Kakak menyelesaikan permasalahannya.",2025-11-10 14:12:07,,Dataset/dataset\JAGO_googleplay_NOVEMBER_reviews.csv,login
eb194902-fc34-49a6-9ca9-8ed8aac7ab0f,Pengguna Google,https://play-lh.googleusercontent.com/EGemoI2NTXmTsBVtJqk8jxF9rh8ApRWfsIMQSt2uE4OcpQqbFu7f7NbTK05lx80nuSijCz7sc3a277R67g,"parah emang aplikasi ini 2 kali top up pertama tanggal 2 kedua hari ini dia duanya gak masuk pdhal ditempat top up udah berhasil,, penipu berkedok aplikasi ini namanya",1,0,1.62.0,2025-11-05 10:21:15+00:00,"Hai Kak Aji, pastikan nomor tujuan sudah benar, sudah cek halaman Riwayat, dan coba keluar dan masuk kembali ke aplikasi. Jika saldo masih belum masuk, silakan laporkan melalui menu Bantuan > ketik 'Top up GoPay saya belum masuk' > isi formulir dan cantumkan kode psr-25-309-0837-06784 pada bagian 'Ceritakan lebih lanjut'. ^Melisa",2025-11-05 15:37:13,1.62.0,Dataset/dataset\GOPAY_googleplay_NOVEMBER_reviews.csv,topup
91d7d494-0b22-44a2-9035-0a9129ebb863,Pengguna Google,https://play-lh.googleusercontent.com/EGemoI2NTXmTsBVtJqk8jxF9rh8ApRWfsIMQSt2uE4OcpQqbFu7f7NbTK05lx80nuSijCz7sc3a277R67g,"login gabisa,persyaratan udah diisi semua tapi selalu gagal ""silakan masukkan Identitas yang valid""",1,0,,2025-12-15 08:22:03+00:00,"Hi Kak  Mohon maaf mengenai kendala tidak bisa login. Untuk bantuan lebih lanjut, mohon menghubungi kami melalui DM ke Instagram @ShopeePay_ID dengan melampirkan foto/screenshot notifikasi kendala yang dialami. ^CS",2025-12-15 12:43:05,,Dataset/dataset\SHOPEEPAY_googleplay_DECEMBER_reviews.csv,login
7dd4e202-ef58-430d-9dfc-5434fca0a58b,Pengguna Google,https://play-lh.googleusercontent.com/EGemoI2NTXmTsBVtJqk8jxF9rh8ApRWfsIMQSt2uE4OcpQqbFu7f7NbTK05lx80nuSijCz7sc3a277R67g,"Mf bintang nya saya turunin lagi,keseringan gangguan mulu kalau mau topup pulsa seluler &,PLN",3,1,3.146.0,2025-11-08 19:01:54+00:00,"Hai Kak, maaf ya. Terkait dengan kendala yang Kakak alami, mohon menghubungi tim kami melalui chat bantuan di aplikasi, melalui email di cs@ovo.id atau call center kami di 1500-696 agar dapat kami bantu pengecekan. Terima Kasih. -Leni",2023-06-12 08:21:16,3.146.0,Dataset/dataset\OVO_googleplay_NOVEMBER_reviews.csv,topup
5ec82eb5-1050-4842-a7b8-0eed31322106,Pengguna Google,https://play-lh.googleusercontent.com/EGemoI2NTXmTsBVtJqk8jxF9rh8ApRWfsIMQSt2uE4OcpQqbFu7f7NbTK05lx80nuSijCz7sc3a277R67g,Gopay transfer pulsa dan data Internet,5,0,,2025-10-14 02:21:28+00:00,,,,Dataset/dataset\GOPAY_googleplay_OCTOBER_reviews.csv,transfer
64814040-59f9-462d-aeb3-b36d327700a8,Pengguna Google,https://play-lh.googleusercontent.com/EGemoI2NTXmTsBVtJqk8jxF9rh8ApRWfsIMQSt2uE4OcpQqbFu7f7NbTK05lx80nuSijCz7sc3a277R67g,pelayanan sangat sangat mengecewakan. . top up gak masuk gak ada tanggapan sama sekali pencuri,1,0,3.144.0,2025-10-07 12:36:50+00:00,,,3.144.0,Dataset/dataset\OVO_googleplay_OCTOBER_reviews.csv,topup
b48f4bb6-993d-4b7d-b18e-554e596945f4,Pengguna Google,https://play-lh.googleusercontent.com/EGemoI2NTXmTsBVtJqk8jxF9rh8ApRWfsIMQSt2uE4OcpQqbFu7f7NbTK05lx80nuSijCz7sc3a277R67g,gimana ini gaada tanda transfer nya tolong benerin lah apk nya susah bangget buat bawa uang gaada tanda tf nya,1,0,3.150.0,2025-12-26 11:39:29+00:00,,,3.150.0,Dataset/dataset\OVO_googleplay_DECEMBER_reviews.csv,transfer
fae2e60d-8253-496b-bb22-bb49abb19df9,Pengguna Google,https://play-lh.googleusercontent.com/EGemoI2NTXmTsBVtJqk8jxF9rh8ApRWfsIMQSt2uE4OcpQqbFu7f7NbTK05lx80nuSijCz7sc3a277R67g,proses transfer nunggu 2 hari...parah setelah lebih dari 2 hari uang tidak masuk ke rekening hub via email g ada tanggapan...aplikasi parah,1,0,,2025-10-19 14:39:38+00:00,,,,Dataset/dataset\OVO_googleplay_OCTOBER_reviews.csv,transfer
c9a5b758-2194-4e18-8b03-aecbc13a86ef,Pengguna Google,https://play-lh.googleusercontent.com/EGemoI2NTXmTsBVtJqk8jxF9rh8ApRWfsIMQSt2uE4OcpQqbFu7f7NbTK05lx80nuSijCz7sc3a277R67g,tf lemot bner dana udh ilang dr akun shope pay tp dana kaga masuk2 ke rekening tujuan kocak suruh nunggu sampe tanggal 6 🤣🤣🤣🤣🤣,1,0,1.42.03,2025-11-05 00:23:32+00:00,"Hi Kak Wahyudin. Mohon maaf atas kendala transfer ShopeePay ke rekening yang belum diterima. Terkait kendala tersebut mohon menghubungi kami melalui DM ke Instagram @ShopeePay_ID yang bercentang biru, dengan melampirkan bukti transfer yang terkendala untuk bantuan lebih lanjut. Semoga kendala kakak segera terselesaikan ya. ^CS",2025-11-05 13:42:12,1.42.03,Dataset/dataset\SHOPEEPAY_googleplay_NOVEMBER_reviews.csv,transfer
a8c26f0a-94bd-4deb-8a1e-33e4889f23a3,Pengguna Google,https://play-lh.googleusercontent.com/EGemoI2NTXmTsBVtJqk8jxF9rh8ApRWfsIMQSt2uE4OcpQqbFu7f7NbTK05lx80nuSijCz7sc3a277R67g,"makin kesini makin parah aje nih aplikasi..udh ga ada cesback potongan transfer nya gede bgt,skarang transfer lewat Qris dilotak Mulu,,tolong lah lebih ditingkatkan lgi sistem'a,jgn merugikan konsumen.",4,1,3.144.0,2025-10-14 17:54:14+00:00,,,3.144.0,Dataset/dataset\OVO_googleplay_OCTOBER_reviews.csv,qris
418e631a-52f4-4989-b0d5-6e765ab79c3d,Pengguna Google,https://play-lh.googleusercontent.com/EGemoI2NTXmTsBVtJqk8jxF9rh8ApRWfsIMQSt2uE4OcpQqbFu7f7NbTK05lx80nuSijCz7sc3a277R67g,saya kecewa saya isi saldo lewat gopay 50 ribu tidak masuk saya lapor ke pusat bantuan ovo dapat email dari visionet internasional minta nomer wa saya terus saya kasih saya di suruh top up 50 ribu lagi alesan biar saldo awal saya masuk setelah saya top up 65 ribu malah hilang semua habis itu akun ovo saya di blokir,1,1,3.147.0,2025-11-04 19:44:52+00:00,,,3.147.0,Dataset/dataset\OVO_googleplay_NOVEMBER_reviews.csv,topup
ad25b06e-02b6-4e6e-a6f7-0f059982983c,Pengguna Google,https://play-lh.googleusercontent.com/EGemoI2NTXmTsBVtJqk8jxF9rh8ApRWfsIMQSt2uE4OcpQqbFu7f7NbTK05lx80nuSijCz7sc3a277R67g,"sorry kasih bintang tiga,karna kalau top up slalu kena pitongn admin",3,0,3.146.0,2025-11-09 06:47:08+00:00,,,3.146.0,Dataset/dataset\OVO_googleplay_NOVEMBER_reviews.csv,topup
1287cd46-065e-4704-a2e7-12d4da5f7635,Pengguna Google,https://play-lh.googleusercontent.com/EGemoI2NTXmTsBVtJqk8jxF9rh8ApRWfsIMQSt2uE4OcpQqbFu7f7NbTK05lx80nuSijCz7sc3a277R67g,"jaringan lancar loh, kok malah blg ""ya putus, sambungin lagi."" aku panik loh ini min, mo bayar makan pake qris gegara gak bawah cash, udah 30 menitan ini berdiri nunggu² gaje, milih buat duduk lagi gegara malu",1,0,,2025-10-17 20:19:19+00:00,"Hai, Kak Liem. Maaf atas ketidaknyamanannya. Kami akan selalu berusaha memberikan yang terbaik kebutuhan perbankan Kakak. Saat ini sedang terjadi kendala, untuk kendala tersebut masih dalam proses perbaikan oleh tim blu secepatnya. Mohon kesediaan Kakak untuk menunggu ya.",2025-10-17 22:07:03,,Dataset/dataset\BLU_googleplay_OCTOBER_reviews.csv,qris
4df3b2a5-3fd8-4714-8f69-ad047d35d77f,Pengguna Google,https://play-lh.googleusercontent.com/EGemoI2NTXmTsBVtJqk8jxF9rh8ApRWfsIMQSt2uE4OcpQqbFu7f7NbTK05lx80nuSijCz7sc3a277R67g,"untuk sekarang saya kasih bintang 1 karena apa?? sehabis update malah loading lama terus, gak bisa scan qris dan transaksi lain padahal saya perlu untuk bertransaksi. mohon kerjasamanya pihak jago agar lebih optimal lagi kedepannya, trims.",1,7,8.75.0,2025-10-27 13:07:55+00:00,"Halo, Jagoan. Mohon maaf atas kendala yang terjadi ya. Kamu tidak perlu khawatir, kamu bisa menjelaskan detail kendala tersebut melalui email di tanya@jago.com atau call center 1500 746 untuk kami bantu tangani lebih lanjut. Terima kasih :)",2025-10-27 15:01:11,8.75.0,Dataset/dataset\JAGO_googleplay_OCTOBER_reviews.csv,qris
3c57ceaa-de67-44d6-8382-c40e672f38c3,Pengguna Google,https://play-lh.googleusercontent.com/EGemoI2NTXmTsBVtJqk8jxF9rh8ApRWfsIMQSt2uE4OcpQqbFu7f7NbTK05lx80nuSijCz7sc3a277R67g,aplikasi aneh udah verifikasi wajah bener malah gagal terus aneh terus saldo gua gimana?? hei tolong lah padahal muka uda bener disitunya malah tidak sesuai aneh banget,1,0,1.64.0,2025-11-17 17:27:30+00:00,"Hai Kak Destra, mohon maaf atas ketidaknyamanannya. Jika masih mengalami keluhan, silakan laporkan melalui email ke customerservice@gopay.co.id dengan melampirkan kode psr-25-321-1150-01015 pada subject email dan cantumkan nomor laporan sebelumnya serta ceritakan kembali detail permasalahannya. Kami tunggu detail laporan kamu ya. ^Miko",2025-11-17 18:50:15,1.64.0,Dataset/dataset\GOPAY_googleplay_NOVEMBER_reviews.csv,vermuk
cba4051d-e601-4766-ab17-d8f3d95a9fa6,Pengguna Google,https://play-lh.googleusercontent.com/EGemoI2NTXmTsBVtJqk8jxF9rh8ApRWfsIMQSt2uE4OcpQqbFu7f7NbTK05lx80nuSijCz7sc3a277R67g,"Saya sudah verifikasi wajah untuk reset password, tapi OTP masih dikirim ke nomor lama yang sudah tidak aktif. Mohon bantu ubah nomor HP saya agar bisa login kembali. dan saya sudah mengadukan ke Gmail dan mohon dibales saya sudah menunggu cukup lama ,",1,0,,2025-10-27 18:14:10+00:00,"Halo, Jagoan. Mohon maaf atas kendala yang terjadi ya. Kamu tidak perlu khawatir, kamu bisa menjelaskan detail kendala tersebut melalui email di tanya@jago.com atau call center 1500 746 untuk kami bantu tangani lebih lanjut. Terima kasih :)",2025-10-27 18:36:48,,Dataset/dataset\JAGO_googleplay_OCTOBER_reviews.csv,login
4f5e323a-bb8e-4871-84a3-a9fdcb154ba3,Pengguna Google,https://play-lh.googleusercontent.com/EGemoI2NTXmTsBVtJqk8jxF9rh8ApRWfsIMQSt2uE4OcpQqbFu7f7NbTK05lx80nuSijCz7sc3a277R67g,dua kali top up GX pernah masuk,1,0,1.64.0,2025-11-27 21:36:24+00:00,"Hai Kak @Ahmadxs, pastikan nomor tujuan sudah benar, sudah cek halaman Riwayat, dan coba keluar dan masuk kembali ke aplikasi. Jika saldo masih belum masuk, silakan laporkan melalui menu Bantuan > ketik 'Top up GoPay saya belum masuk' > isi formulir dan cantumkan kode psr-25-331-1610-17739 pada bagian 'Ceritakan lebih lanjut'. ^Melisa",2025-11-27 23:10:25,1.64.0,Dataset/dataset\GOPAY_googleplay_NOVEMBER_reviews.csv,topup
ec584184-4401-4dfe-8d71-9669264299d2,Pengguna Google,https://play-lh.googleusercontent.com/EGemoI2NTXmTsBVtJqk8jxF9rh8ApRWfsIMQSt2uE4OcpQqbFu7f7NbTK05lx80nuSijCz7sc3a277R67g,"ini kenapa nggak bisa login woi,mending pake apk lain dah,nih gw kasih bintang 5 biar rate nya selalu nongol diatas",5,1,3.146.0,2025-11-03 22:12:17+00:00,,,3.146.0,Dataset/dataset\OVO_googleplay_NOVEMBER_reviews.csv,login
fc7537a6-271a-4a61-bd4c-000438bf971f,Pengguna Google,https://play-lh.googleusercontent.com/EGemoI2NTXmTsBVtJqk8jxF9rh8ApRWfsIMQSt2uE4OcpQqbFu7f7NbTK05lx80nuSijCz7sc3a277R67g,"topup saldo gopay via indomaret dari tgl 2 Oktober 2025 sampe skrng gak ada masuk, bilang nya 48jam , ini sudah lewat 48 jam , lelet banget pengecekan nya,, saya kecewa, saran sih harusnya lebih gesit dan profesional, kan sudah digital harusnya lebih cepat kalo ada kendala beginian. jangan kebalik ya. masa lebih cepat yg offline ketimbang sama yg sudah serba online / digital kalo sampai siang nanti blm masuk, akan saya ramaikan, ke KDM, Biar tidak bnyak korban lagi dan saling memperbaiki",1,15,1.59.0,2025-10-04 03:12:25+00:00,"Hai Kak Yuzaralpiani, mohon maaf atas ketidaknyamanannya. Jika kamu masih mengalami kendala, silakan laporkan melalui email ke customerservice@gopay.co.id dengan melampirkan kode psr-25-277-2345-48836 pada subject email dan cantumkan nomor laporan kamu sebelumnya pada email yang kamu kirimkan. Kami tunggu detail laporan kamu ya. ^Maura",2025-10-04 06:45:55,1.59.0,Dataset/dataset\GOPAY_googleplay_OCTOBER_reviews.csv,topup
aa29d4fc-f560-4060-9e0b-4c3e9f93435c,Pengguna Google,https://play-lh.googleusercontent.com/EGemoI2NTXmTsBVtJqk8jxF9rh8ApRWfsIMQSt2uE4OcpQqbFu7f7NbTK05lx80nuSijCz7sc3a277R67g,"ini knapa saya top up game belom masuk"" woi lahh minnn",2,0,1.59.0,2025-10-10 15:34:57+00:00,"Hai Kak @GogoK SquarepantS, kami mohon maaf atas kondisi yang Kakak alami. Terkait hal ini, dapat kami sampaikan bahwa ada pemeliharaan sistem yang mempengaruhi transaksi Kakak & saat ini sudah kembali normal. Berkenan untuk melakukan pengecekan kembali di akun tujuan secara berkala ya Kak. Mohon maaf atas ketidaknyamanannya. Salam hangat. ^Miko",2025-10-10 21:10:33,1.59.0,Dataset/dataset\GOPAY_googleplay_OCTOBER_reviews.csv,topup
efc6811f-93e0-4551-a34f-be2481975937,Pengguna Google,https://play-lh.googleusercontent.com/EGemoI2NTXmTsBVtJqk8jxF9rh8ApRWfsIMQSt2uE4OcpQqbFu7f7NbTK05lx80nuSijCz7sc3a277R67g,setiap proses apapun cepat.mau transfer atau bayar apapun jadi mudah,5,0,1.60.0,2025-10-19 11:07:16+00:00,,,1.60.0,Dataset/dataset\GOPAY_googleplay_OCTOBER_reviews.csv,transfer
072a265b-6e34-4750-a1c3-04e91b8884c0,Pengguna Google,https://play-lh.googleusercontent.com/EGemoI2NTXmTsBVtJqk8jxF9rh8ApRWfsIMQSt2uE4OcpQqbFu7f7NbTK05lx80nuSijCz7sc3a277R67g,saya suka dengan aplikasi ini jadi bisa lebih mudah buat top up atau apa,5,0,,2025-10-01 07:50:41+00:00,,,,Dataset/dataset\GOPAY_googleplay_OCTOBER_reviews.csv,topup
168856cf-3ed1-4ced-95e8-33dc7a167a77,Pengguna Google,https://play-lh.googleusercontent.com/EGemoI2NTXmTsBVtJqk8jxF9rh8ApRWfsIMQSt2uE4OcpQqbFu7f7NbTK05lx80nuSijCz7sc3a277R67g,topup game lebih cepat dan fleksibel,5,0,,2025-10-23 09:20:26+00:00,,,,Dataset/dataset\GOPAY_googleplay_OCTOBER_reviews.csv,topup
db8e95d3-36c4-4e9b-a02c-2fe554f16059,Pengguna Google,https://play-lh.googleusercontent.com/EGemoI2NTXmTsBVtJqk8jxF9rh8ApRWfsIMQSt2uE4OcpQqbFu7f7NbTK05lx80nuSijCz7sc3a277R67g,"admin... saya mau tanya, saya Top up diamond ML pakai Shopee pay kok gak masuk² ya??... padahal bukti transaksi dh masuk di Notifikasi shopee pay ny, tapu di Apk ML nya,gak bertambah diamond ny,.. BOLEH TOLONG BANTUU....",4,1,1.42.03,2025-11-07 16:58:55+00:00,"Hi Kak. Mohon maaf atas kendala transaksi pembayaran ShopeePay untuk Top Up game yang belum diterima. Terkait kendala tersebut mohon menghubungi kami melalui DM ke Instagram @ShopeePay_ID yang bercentang biru, dengan melampirkan bukti bayar yang terkendala untuk bantuan lebih lanjut. Semoga kendala kakak segera terselesaikan ya. ^CS",2025-11-07 17:30:15,1.42.03,Dataset/dataset\SHOPEEPAY_googleplay_NOVEMBER_reviews.csv,topup
928640a0-c766-44e5-be47-b7f2beff22d1,Pengguna Google,https://play-lh.googleusercontent.com/EGemoI2NTXmTsBVtJqk8jxF9rh8ApRWfsIMQSt2uE4OcpQqbFu7f7NbTK05lx80nuSijCz7sc3a277R67g,buat bayar qris sering ga bisa,1,0,,2025-12-25 12:06:42+00:00,"Hi Kak Racaya, Mohon maaf mengenai kendala tidak bisa bayar QRIS. Pastikan telah menggunakan aplikasi ShopeePay terbaru & lakukan clear cache. Apabila masih berkendala mohon menghubungi kami melalui DM Instagram di @ShopeePay_ID untuk bantuan lebih lanjut dgn melampirkan foto/screenshot notifikasi kendala. Semoga kendala segera terselesaikan ^CS",2025-12-25 15:35:55,,Dataset/dataset\SHOPEEPAY_googleplay_DECEMBER_reviews.csv,qris
88c98d4c-2fe9-416d-954e-d41d0f116e45,Pengguna Google,https://play-lh.googleusercontent.com/EGemoI2NTXmTsBVtJqk8jxF9rh8ApRWfsIMQSt2uE4OcpQqbFu7f7NbTK05lx80nuSijCz7sc3a277R67g,saya transfer dari ovo ke bank tapi ko belum masuk keterangan dari ovo sudah sukses. buat laporan gagal mlulu di ovo susah banget. gi mana si duit saya hilang sia sia,2,0,3.147.0,2025-11-16 09:39:24+00:00,,,3.147.0,Dataset/dataset\OVO_googleplay_NOVEMBER_reviews.csv,transfer
ae308c08-0d8f-4557-b01f-4b6127bce08e,Pengguna Google,https://play-lh.googleusercontent.com/EGemoI2NTXmTsBVtJqk8jxF9rh8ApRWfsIMQSt2uE4OcpQqbFu7f7NbTK05lx80nuSijCz7sc3a277R67g,bug di mana mana aku mau bayar pake qris malah gak bisa,1,1,,2025-11-29 17:01:00+00:00,"Hai Kak Efan, maaf atas ketidaknyamanannya. Pastikan kamu menggunakan aplikasi GoPay versi terbaru dan kode QR yang dipindai berasal dari merchant yang menerima pembayaran melalui kode GoPay. Jika masih berkendala, laporkan melalui email ke customerservice@gopay.co.id dan cantumkan kode psr-25-333-1010-03741 pada subjek email. ^Maura",2025-11-29 17:10:10,,Dataset/dataset\GOPAY_googleplay_NOVEMBER_reviews.csv,qris
efa8dd6d-8544-42da-96f4-28eda705c3d9,Pengguna Google,https://play-lh.googleusercontent.com/EGemoI2NTXmTsBVtJqk8jxF9rh8ApRWfsIMQSt2uE4OcpQqbFu7f7NbTK05lx80nuSijCz7sc3a277R67g,"min Saya baru saja melakukan transaksi, saya di transfer ortu saya 50000 ,ortu saya memfoto bukti transfer ,tapi di gopay saya tidak masuk , padahal aplikasi sudah diperbaharui apa yang salah lagi min tolong ,nomor nya pas saya cek benar, 🙏🙏🙏🙏🙏🙏🙏🙏🙏🙏🙏🙏🙏🙏🙏🙏🙏🙏🙏🙏🙏🙏🙏🙏🙏🙏🙏🙏🙏🙏🙏🙏🙏🙏🙏🙏🙏🙏🙏🙏🙏🙏🙏🙏🙏🙏🙏🙏🙏🙏🙏🙏🙏🙏🙏🙏🙏🙏🙏🙏🙏🙏🙏🙏🙏🙏🙏🙏🙏🙏🙏🙏🙏🙏🙏🙏🙏🙏🙏🙏🙏🙏🙏🙏🙏🙏🙏🙏🙏🙏🙏🙏🙏🙏🙏🙏🙏🙏🙏🙏🙏🙏🙏🙏🙏🙏🙏🙏🙏🙏🙏🙏🙏🙏🙏🙏🙏🙏🙏🙏🙏🙏🙏🙏🙏🙏🙏🙏🙏🙏t",1,0,1.61.2,2025-10-31 16:41:36+00:00,"Hai Kak Fahri, mohon maaf atas ketidaknyamanan yang dialami. Dapat kami sampaikan bahwa saat ini terdapat pemeliharaan sistem sehingga penerimaan saldo top up Kakak terhambat sementara. Silakan Kakak untuk melakukan pengecekan secara berkala. Terima kasih. ^Maura",2025-10-31 17:21:57,1.61.2,Dataset/dataset\GOPAY_googleplay_OCTOBER_reviews.csv,transfer
af98d87f-5dd2-4927-bc46-9dd107979ed3,Pengguna Google,https://play-lh.googleusercontent.com/EGemoI2NTXmTsBVtJqk8jxF9rh8ApRWfsIMQSt2uE4OcpQqbFu7f7NbTK05lx80nuSijCz7sc3a277R67g,E-WALET BOKBROK produksi gagal ngapain pake yg ribet setiap mau topup selalu gak bisa masuk buang jangan pake ovo LG cuiiih...,1,0,3.149.0,2025-12-11 13:04:46+00:00,,,3.149.0,Dataset/dataset\OVO_googleplay_DECEMBER_reviews.csv,topup
c9575c31-21ed-4fd8-88f4-239f226dad93,Pengguna Google,https://play-lh.googleusercontent.com/EGemoI2NTXmTsBVtJqk8jxF9rh8ApRWfsIMQSt2uE4OcpQqbFu7f7NbTK05lx80nuSijCz7sc3a277R67g,"aplikasi kikir, udah tf dari rekening kena biaya admin, pas masuk di potong saldo juga 2 rb",1,1,3.144.0,2025-10-14 00:47:46+00:00,,,3.144.0,Dataset/dataset\OVO_googleplay_OCTOBER_reviews.csv,transfer
e57f579c-47f3-466d-ba02-0f25a0348d35,Pengguna Google,https://play-lh.googleusercontent.com/EGemoI2NTXmTsBVtJqk8jxF9rh8ApRWfsIMQSt2uE4OcpQqbFu7f7NbTK05lx80nuSijCz7sc3a277R67g,woyyy kami dri driver grab susah top up saldo. gk jelas,1,0,3.146.0,2025-11-07 08:28:12+00:00,,,3.146.0,Dataset/dataset\OVO_googleplay_NOVEMBER_reviews.csv,topup
e8f0fd02-5534-4f71-8a8b-227362961852,Pengguna Google,https://play-lh.googleusercontent.com/EGemoI2NTXmTsBVtJqk8jxF9rh8ApRWfsIMQSt2uE4OcpQqbFu7f7NbTK05lx80nuSijCz7sc3a277R67g,"Sangat2 bagus dan membantu sekali, biaya admin gratis transfer dan top up semua gratis, sangat2 rekomended👍👍",5,3,1.41.06,2025-10-23 07:31:48+00:00,"Hi Kak. Terima kasih telah menggunakan ShopeePay. Mari cek aplikasi ShopeePay karena banyak fitur yang mempermudah keseharian kakak seperti pembelian pulsa, paket data, pembayaran tagihan listrik dan pembayaran lainnya. Jika kakak memiliki pertanyaan seputar ShopeePay, mohon DM kami di Instagram @ShopeePay_ID ya. Semoga harimu menyenangkan ^RJ",2025-10-23 09:32:21,1.41.06,Dataset/dataset\SHOPEEPAY_googleplay_OCTOBER_reviews.csv,topup
72f2cdb2-909c-4220-9ab9-7f7ed4e6a246,Pengguna Google,https://play-lh.googleusercontent.com/EGemoI2NTXmTsBVtJqk8jxF9rh8ApRWfsIMQSt2uE4OcpQqbFu7f7NbTK05lx80nuSijCz7sc3a277R67g,ga bisa login udah SEMINGGU dibilang suruh update google service berkali2 udah yang paling update ovonya juga yg paling update masih ga bisa malah kena timeout jadinya,1,0,,2025-12-12 15:05:04+00:00,,,,Dataset/dataset\OVO_googleplay_DECEMBER_reviews.csv,login
3fff9e5b-c453-4a6e-bc4e-a3b50a0d08aa,Pengguna Google,https://play-lh.googleusercontent.com/EGemoI2NTXmTsBVtJqk8jxF9rh8ApRWfsIMQSt2uE4OcpQqbFu7f7NbTK05lx80nuSijCz7sc3a277R67g,"shoppepay akhirnya mengendap tidak bisa di gunakan atau di TF ke rek lain, tidak ada solusi.",1,1,1.44.04,2025-12-03 07:53:15+00:00,"Hi Kak Bagas. Mohon maaf atas kendala saldo tidak bisa digunakan dan tidak bisa ditransfer. Terkait kendala tersebut mohon menghubungi kami melalui DM ke Instagram @ShopeePay_ID yang bercentang biru, dengan menginformasikan detail dan bukti kendala untuk bantuan lebih lanjut. Semoga kendala kakak segera terselesaikan ya. ^CS",2025-12-03 11:08:25,1.44.04,Dataset/dataset\SHOPEEPAY_googleplay_DECEMBER_reviews.csv,transfer
259acd61-ada2-450e-92af-6b61e3d07ed0,Pengguna Google,https://play-lh.googleusercontent.com/EGemoI2NTXmTsBVtJqk8jxF9rh8ApRWfsIMQSt2uE4OcpQqbFu7f7NbTK05lx80nuSijCz7sc3a277R67g,Parah gila ne ovo eror terus masa saya dapat transferan gak masuk di akun ovo tapi proses transfer sukses..hati hati,1,1,3.146.0,2025-11-10 14:22:58+00:00,"Hai Kak Eka, maaf ya. Terkait dengan kendala yang Kakak alami, mohon menghubungi tim kami melalui chat bantuan di aplikasi, melalui email di cs@ovo.id atau call center kami di 1500-696 agar dapat kami bantu pengecekan. Terima Kasih. -Nisa",2024-06-08 12:18:45,3.146.0,Dataset/dataset\OVO_googleplay_NOVEMBER_reviews.csv,transfer
f4369c4b-3501-4b3d-a23c-b5cf7edd0419,Pengguna Google,https://play-lh.googleusercontent.com/EGemoI2NTXmTsBVtJqk8jxF9rh8ApRWfsIMQSt2uE4OcpQqbFu7f7NbTK05lx80nuSijCz7sc3a277R67g,"plis dulu suka banget sama grab, biar gampang pake ovo, tapi lama-lama saldo ovo berkurang sendiri, awalnya 23k hilang, padahal saldo awal 51, di liat riwayatnya ga bisa, abis itu setiap top up sisa saldo ada 2-3k, setelah top up masuk saldo lama juga hilang, njir lah, dikira uang segitu ga berharga apa, dikira orang ga bakal sadar gitu kalo saldo hilang tiba-tiba",1,0,,2025-10-11 18:14:39+00:00,,,,Dataset/dataset\OVO_googleplay_OCTOBER_reviews.csv,topup
1f6b5c8c-25a3-4f8e-9db5-a95e33bc6d3e,Pengguna Google,https://play-lh.googleusercontent.com/EGemoI2NTXmTsBVtJqk8jxF9rh8ApRWfsIMQSt2uE4OcpQqbFu7f7NbTK05lx80nuSijCz7sc3a277R67g,kecewa SMA apk gopay top up udh smnggu GK msuk,1,0,1.61.2,2025-11-01 22:38:47+00:00,"Hai Kak Hendri, pastikan nomor tujuan sudah benar, sudah cek halaman Riwayat, dan coba keluar dan masuk kembali ke aplikasi. Jika saldo masih belum masuk, silakan laporkan melalui menu Bantuan > ketik 'Top up GoPay saya belum masuk' > isi formulir dan cantumkan kode psr-25-305-1608-28342 pada bagian 'Ceritakan lebih lanjut'. ^Maura",2025-11-01 23:08:33,1.61.2,Dataset/dataset\GOPAY_googleplay_NOVEMBER_reviews.csv,topup
3c682539-26ca-4364-b4b2-6f03a4b6df4a,Pengguna Google,https://play-lh.googleusercontent.com/EGemoI2NTXmTsBVtJqk8jxF9rh8ApRWfsIMQSt2uE4OcpQqbFu7f7NbTK05lx80nuSijCz7sc3a277R67g,"potongan tiap top up nya gede bgt, mending pake yg lain atau cash aja. ga recommended",1,0,,2025-12-09 13:30:24+00:00,,,,Dataset/dataset\OVO_googleplay_DECEMBER_reviews.csv,topup
2f4c9084-5ce9-4d9e-988b-a8b10d776b00,Pengguna Google,https://play-lh.googleusercontent.com/EGemoI2NTXmTsBVtJqk8jxF9rh8ApRWfsIMQSt2uE4OcpQqbFu7f7NbTK05lx80nuSijCz7sc3a277R67g,transaksi Udah berhasil penerimaan tidak menerima gara gara tadi malem pending TF ke Qris saldo udah kepotong gimana ini pihak ovo hadeh,1,0,3.147.0,2025-11-12 07:15:22+00:00,,,3.147.0,Dataset/dataset\OVO_googleplay_NOVEMBER_reviews.csv,qris
01d1d323-ed9d-4869-b7d8-d67df4a05bca,Pengguna Google,https://play-lh.googleusercontent.com/EGemoI2NTXmTsBVtJqk8jxF9rh8ApRWfsIMQSt2uE4OcpQqbFu7f7NbTK05lx80nuSijCz7sc3a277R67g,"Susah banget, internet lambat dikit aja bayar qris langsung gagal (berkali-kali). Beda sama app sebelah",1,0,8.75.0,2025-11-26 22:04:25+00:00,"Halo, Jagoan! Saya mohon maaf atas kendala dan ketidaknyamanan kamu ya. Saya mengerti kesulitan yang kamu hadapi terkait kendala ini. Supaya bisa membantu lebih lanjut, mohon untuk hubungi email kami di tanya@jago.com atau melalui telpon di 1500 746/+62 21 3000 0746. Secepatnya akan kami cek dan tangani :)",2025-11-26 22:49:02,8.75.0,Dataset/dataset\JAGO_googleplay_NOVEMBER_reviews.csv,qris
2cf658dd-66fb-43ce-b225-958d22bd6d27,Pengguna Google,https://play-lh.googleusercontent.com/EGemoI2NTXmTsBVtJqk8jxF9rh8ApRWfsIMQSt2uE4OcpQqbFu7f7NbTK05lx80nuSijCz7sc3a277R67g,ovo eror apa gimana udh top up kemarin malam tgl 06 Oktober 2025 jam 23.51 sampe skrg udh 1 x 24 jam udh laporan juga kirim bukti masih ga masuk parah .. tolong dong dibantuu,1,0,3.144.0,2025-10-08 00:08:36+00:00,,,3.144.0,Dataset/dataset\OVO_googleplay_OCTOBER_reviews.csv,topup
49b299e9-083c-4efa-9a19-4612c201eed2,Pengguna Google,https://play-lh.googleusercontent.com/EGemoI2NTXmTsBVtJqk8jxF9rh8ApRWfsIMQSt2uE4OcpQqbFu7f7NbTK05lx80nuSijCz7sc3a277R67g,tolong dong admin ovo .. saya transfer saldo terpotong tapi dama gak ada masuk. tolong solusinya,2,0,3.149.0,2025-12-17 12:26:24+00:00,,,3.149.0,Dataset/dataset\OVO_googleplay_DECEMBER_reviews.csv,transfer
3d811765-6018-4687-99e4-7d4e392bca77,Pengguna Google,https://play-lh.googleusercontent.com/EGemoI2NTXmTsBVtJqk8jxF9rh8ApRWfsIMQSt2uE4OcpQqbFu7f7NbTK05lx80nuSijCz7sc3a277R67g,"toolong di perbaiki,, kalau top up atau tranfer dari bank lain admin nya di ikutkan bank,,, biar gak kepotong isi nya",5,0,,2025-11-09 09:45:23+00:00,,,,Dataset/dataset\OVO_googleplay_NOVEMBER_reviews.csv,topup
ea9897cb-64db-40fa-894e-b1b31eb6d43b,Pengguna Google,https://play-lh.googleusercontent.com/EGemoI2NTXmTsBVtJqk8jxF9rh8ApRWfsIMQSt2uE4OcpQqbFu7f7NbTK05lx80nuSijCz7sc3a277R67g,top up gratis admin,5,0,1.42.03,2025-12-29 11:03:25+00:00,"Hi Kak. Terima kasih telah menggunakan ShopeePay. Mari cek aplikasi ShopeePay karena banyak fitur yang mempermudah keseharian kakak seperti pembelian pulsa, paket data, pembayaran tagihan listrik dan pembayaran lainnya. Jika kakak memiliki pertanyaan seputar ShopeePay, mohon DM kami di Instagram @ShopeePay_ID ya. Semoga harimu menyenangkan ^RJ",2025-12-30 08:59:05,1.42.03,Dataset/dataset\SHOPEEPAY_googleplay_DECEMBER_reviews.csv,topup
cda6f8e3-bf96-4369-a930-9c954cd117eb,Pengguna Google,https://play-lh.googleusercontent.com/EGemoI2NTXmTsBVtJqk8jxF9rh8ApRWfsIMQSt2uE4OcpQqbFu7f7NbTK05lx80nuSijCz7sc3a277R67g,"malas kali nengok ovo, login harus pake kode trus padahal no saya ga aktif lagi",1,0,3.148.0,2025-12-01 04:17:03+00:00,,,3.148.0,Dataset/dataset\OVO_googleplay_DECEMBER_reviews.csv,login
d44f5ea1-d20d-416a-b777-e827ad8542be,Pengguna Google,https://play-lh.googleusercontent.com/EGemoI2NTXmTsBVtJqk8jxF9rh8ApRWfsIMQSt2uE4OcpQqbFu7f7NbTK05lx80nuSijCz7sc3a277R67g,"transfer nya kok lemot woi gak seperti e-wallet lain, banyak biaya2 juga, saya sangat tidak puas..",1,1,3.144.0,2025-10-05 21:07:24+00:00,,,3.144.0,Dataset/dataset\OVO_googleplay_OCTOBER_reviews.csv,transfer
93ee8b56-bf14-4bc6-b62a-16836d15c871,Pengguna Google,https://play-lh.googleusercontent.com/EGemoI2NTXmTsBVtJqk8jxF9rh8ApRWfsIMQSt2uE4OcpQqbFu7f7NbTK05lx80nuSijCz7sc3a277R67g,"Halo Developer Shopee pay , Saya Cuma Mau Ngasih Tau Untuk Scan QRIS Atau Transfer Terkadang Suka Loading Terlalu Lama Padahal Kondisi Sinyal Cukup Baik , Jadi Tolong Perbaiki Sekian Terimakasih.",4,0,1.40.06,2025-10-06 20:24:17+00:00,"Hi Kak Bagus, Mohon maaf atas ketidaknyamanannya terkait tidak dapat melakukan pembayaran mengginakan SPayLater. Agar dapat kami bantu pengecekan, kakak dapat menghubungi kami melalui DM ke IG @ShopeePay_ID yang bercentang biru ya. ^NY",2025-09-10 15:30:51,1.40.06,Dataset/dataset\SHOPEEPAY_googleplay_OCTOBER_reviews.csv,qris
