reviewId,userName,userImage,content,score,thumbsUpCount,reviewCreatedVersion,at,replyContent,repliedAt,appVersion,source,keyword
da61b17d-9f30-4d63-9681-2a946cc30c6f,Pengguna Google,https://play-lh.googleusercontent.com/EGemoI2NTXmTsBVtJqk8jxF9rh8ApRWfsIMQSt2uE4OcpQqbFu7f7NbTK05lx80nuSijCz7sc3a277R67g,masa transfer e wallet diproses terus udah 2 jam lebih minta pengembalian dana pun ribet gimana iki gopay,1,0,,2025-10-01 14:51:42+00:00,"Hai Kak Nadhira, pastikan nomor tujuan benar dan sudah cek halaman Riwayat. Jika setelah 2x24 jam di hari kerja (diluar Sabtu, Minggu, atau Libur) saldo belum bertambah, silakan lapor ke menu Bantuan > ketik 'Transfer saldo ke bank atau e-wallet belum diterima' dan cantumkan kode psr-25-274-0851-40499 pada bagian 'Ceritakan lebih lanjut'. ^Maura",2025-10-01 15:51:53,,Dataset/dataset\GOPAY_googleplay_OCTOBER_reviews.csv,transfer
25d307a3-b530-4aa3-82db-fd170ed20dfb,Pengguna Google,https://play-lh.googleusercontent.com/EGemoI2NTXmTsBVtJqk8jxF9rh8ApRWfsIMQSt2uE4OcpQqbFu7f7NbTK05lx80nuSijCz7sc3a277R67g,saya tidak bisa login ke akun saya bagaimana ini sangat tidak profesional,1,0,,2025-12-21 12:34:52+00:00,Hi Kak Rahil. Kami memahami kendala tidak bisa login karena nomor telepon hilang. Silakan mengisi formulir kendala login pada link berikut https://help.shopee.co.id/portal/webform/c31731974d32419d9cb383a199424e0c. Pastikan kakak tidak dalam keadaan login pada akun manapun saat mengisi formulir tersebut. ^EN,2025-12-22 14:59:27,,Dataset/dataset\SHOPEEPAY_googleplay_DECEMBER_reviews.csv,login
f2a7c10c-ed84-450a-bba7-474e7cfd8460,Pengguna Google,https://play-lh.googleusercontent.com/EGemoI2NTXmTsBVtJqk8jxF9rh8ApRWfsIMQSt2uE4OcpQqbFu7f7NbTK05lx80nuSijCz7sc3a277R67g,ini kenapa transfer uang aja lama banget padahal cuma 66 ribu aja,1,0,,2025-11-18 21:22:48+00:00,"Halo, Jagoan. Mohon maaf atas kendala yang terjadi ya. Kamu tidak perlu khawatir, kamu bisa menjelaskan detail kendala tersebut melalui email di tanya@jago.com atau call center 1500 746 untuk kami bantu tangani lebih lanjut. Terima kasih🙂",2025-11-18 21:32:08,,Dataset/dataset\JAGO_googleplay_NOVEMBER_reviews.csv,transfer
6fabaeba-d942-41a4-8c08-cddeb110182e,Pengguna Google,https://play-lh.googleusercontent.com/EGemoI2NTXmTsBVtJqk8jxF9rh8ApRWfsIMQSt2uE4OcpQqbFu7f7NbTK05lx80nuSijCz7sc3a277R67g,mau transfer selalu gagal,4,0,,2025-12-15 17:23:51+00:00,"Hai Sahabat @Aldegonda Weru, mohon maaf atas ketidaknyamanannya. Untuk kendala yg dialami kami persilakan force close aplikasi terlebih dahulu jaringan yg digunakan stabil dan mencoba kembali secara berkala ya. Tks~Charles",2025-12-15 17:26:00,,Dataset/dataset\LIVIN_googleplay_DECEMBER_reviews.csv,transfer
acf34682-7882-4618-8625-154f75fe0022,Pengguna Google,https://play-lh.googleusercontent.com/EGemoI2NTXmTsBVtJqk8jxF9rh8ApRWfsIMQSt2uE4OcpQqbFu7f7NbTK05lx80nuSijCz7sc3a277R67g,aplikasi ajg di tf kga masuk ke akun gopay pdhl transaksi udh berhasil,1,1,1.62.0,2025-11-19 01:13:19+00:00,"Hai Kak Reza, pastikan nomor tujuan sudah benar, sudah cek halaman Riwayat, dan coba keluar dan masuk kembali ke aplikasi. Jika saldo masih belum masuk, silakan laporkan melalui menu Bantuan > ketik 'Top up GoPay saya belum masuk' > isi formulir dan cantumkan kode psr-25-323-0040-11193 pada bagian 'Ceritakan lebih lanjut'. ^Maura",2025-11-19 07:40:18,1.62.0,Dataset/dataset\GOPAY_googleplay_NOVEMBER_reviews.csv,transfer
b9a774cb-0b6a-4cb2-9682-694353867800,Pengguna Google,https://play-lh.googleusercontent.com/EGemoI2NTXmTsBVtJqk8jxF9rh8ApRWfsIMQSt2uE4OcpQqbFu7f7NbTK05lx80nuSijCz7sc3a277R67g,"sangat berguna dan beruntung kalian bisa top up kayak game roblox,mlbb,ff, dan masih banyak lagi.kalian bakal dapat uang kembalian juga.terimakasih untuk gopay!.assalamualaikum wr.wb",5,0,,2025-11-23 03:15:35+00:00,,,,Dataset/dataset\GOPAY_googleplay_NOVEMBER_reviews.csv,topup
5bdd8d5f-8c8f-4e29-b0a5-3c4644ac5cca,Pengguna Google,https://play-lh.googleusercontent.com/EGemoI2NTXmTsBVtJqk8jxF9rh8ApRWfsIMQSt2uE4OcpQqbFu7f7NbTK05lx80nuSijCz7sc3a277R67g,"knp gak bisa transfer,susah banget transfer mana uang buat biaya kebutuhan min",1,0,3.2.0,2025-12-15 19:35:44+00:00,"Halo Sahabat @Frazz Kill, mohon maaf atas ketidaknyamannya. Perihal kendala pada layanan Livin' by Mandiri, mohon untuk dapat mengirimkan email ke mandiricare@bankmandiri.co.id atau dapat menghubungi layanan mandiri 14000 agar dapat dilakukan pengecekan. Tks~Kale",2025-12-15 19:44:36,3.2.0,Dataset/dataset\LIVIN_googleplay_DECEMBER_reviews.csv,transfer
026e565d-219c-4f73-8f25-3ba0220ace40,Pengguna Google,https://play-lh.googleusercontent.com/EGemoI2NTXmTsBVtJqk8jxF9rh8ApRWfsIMQSt2uE4OcpQqbFu7f7NbTK05lx80nuSijCz7sc3a277R67g,gak bisa login. Karena ganti Hp.. harus masukin no kartu..sedangkan pas medpatar lewat hp. Kan gak dapat kartu,1,0,2.1.0,2025-12-15 14:44:51+00:00,"Halo Sahabat @komang juliawan, mohon maaf atas ketidaknyamannya. Perihal kendala pada layanan Livin' by Mandiri, mohon untuk dapat mengirimkan email ke mandiricare@bankmandiri.co.id atau dapat menghubungi layanan mandiri 14000 agar dapat dilakukan pengecekan. Tks~Kale",2025-12-15 14:48:01,2.1.0,Dataset/dataset\LIVIN_googleplay_DECEMBER_reviews.csv,login
7cf78c6f-cd1f-443d-bdaf-7adeba6dac68,Pengguna Google,https://play-lh.googleusercontent.com/EGemoI2NTXmTsBVtJqk8jxF9rh8ApRWfsIMQSt2uE4OcpQqbFu7f7NbTK05lx80nuSijCz7sc3a277R67g,apakah sedang gangguan ko GK bisa transfer,5,0,,2025-10-25 16:33:42+00:00,,,,Dataset/dataset\GOPAY_googleplay_OCTOBER_reviews.csv,transfer
1f3759aa-4e2b-48d9-8d8f-fa79044862e1,Pengguna Google,https://play-lh.googleusercontent.com/EGemoI2NTXmTsBVtJqk8jxF9rh8ApRWfsIMQSt2uE4OcpQqbFu7f7NbTK05lx80nuSijCz7sc3a277R67g,"bayar pake qris ovo, di saldo ovo kepotong tapi di aplikasi lazada masih menunggu pembayaran barangnya padahal udah dibayar pake qris ovo",1,0,3.147.0,2025-11-11 17:18:31+00:00,,,3.147.0,Dataset/dataset\OVO_googleplay_NOVEMBER_reviews.csv,qris
3bb3e105-8749-49d8-9237-eecc6d3ea94e,Pengguna Google,https://play-lh.googleusercontent.com/EGemoI2NTXmTsBVtJqk8jxF9rh8ApRWfsIMQSt2uE4OcpQqbFu7f7NbTK05lx80nuSijCz7sc3a277R67g,mohon supaya transfer saya di proses soalnya masih proses trusss🙏,1,0,,2025-12-02 12:19:22+00:00,,,,Dataset/dataset\OVO_googleplay_DECEMBER_reviews.csv,transfer
3956cbeb-7e64-48e9-acc0-247a6d0cf52b,Pengguna Google,https://play-lh.googleusercontent.com/EGemoI2NTXmTsBVtJqk8jxF9rh8ApRWfsIMQSt2uE4OcpQqbFu7f7NbTK05lx80nuSijCz7sc3a277R67g,"apaansi gua mau top up gabisa terus, katanya ada aktivitas ga wajar",2,0,1.60.0,2025-10-26 11:48:59+00:00,,,1.60.0,Dataset/dataset\GOPAY_googleplay_OCTOBER_reviews.csv,topup
dbba0c97-5637-401e-875f-bceb069d8cac,Pengguna Google,https://play-lh.googleusercontent.com/EGemoI2NTXmTsBVtJqk8jxF9rh8ApRWfsIMQSt2uE4OcpQqbFu7f7NbTK05lx80nuSijCz7sc3a277R67g,"kenapa mau transfer tidak bisa, suruh upgrade di tolak terus ......",1,0,,2025-11-09 17:41:43+00:00,,,,Dataset/dataset\OVO_googleplay_NOVEMBER_reviews.csv,transfer
b2d7d050-b5e8-41e2-b262-deb9a6a4c78b,Pengguna Google,https://play-lh.googleusercontent.com/EGemoI2NTXmTsBVtJqk8jxF9rh8ApRWfsIMQSt2uE4OcpQqbFu7f7NbTK05lx80nuSijCz7sc3a277R67g,"top up ngga masuk"" malah disuruh menunggu 2x24 jam tapi udah lewat 3x24 jam saldo belum masuk"" malah dipersulit",1,0,,2025-10-29 23:18:29+00:00,"Hai Kak Fadlan, pastikan nomor tujuan sudah benar, sudah cek halaman Riwayat, dan coba keluar dan masuk kembali ke aplikasi. Jika saldo masih belum masuk, silakan laporkan melalui menu Bantuan > ketik 'Top up GoPay saya belum masuk' > isi formulir dan cantumkan kode psr-25-302-1648-29135 pada bagian 'Ceritakan lebih lanjut'. ^Melisa",2025-10-29 23:48:37,,Dataset/dataset\GOPAY_googleplay_OCTOBER_reviews.csv,topup
c0c27e81-6bbb-44e4-97e3-fa0bce5b9d78,Pengguna Google,https://play-lh.googleusercontent.com/EGemoI2NTXmTsBVtJqk8jxF9rh8ApRWfsIMQSt2uE4OcpQqbFu7f7NbTK05lx80nuSijCz7sc3a277R67g,"saya bener"" kecewa sama shopee pay ,, transfer via e-wallet proses nya lama banget pengembalian dana nya kacau ,, jangan harap dowload guys",3,0,1.45.09,2025-12-29 17:23:07+00:00,"Hi Kak Nina Nuryanti, mohon maaf mengenai kendala transfer ShopeePay ke E-wallet yang masih dalam proses dan terkait pengembalian dananya. Untuk pengecekan lebih lanjut, mohon menghubungi kami melalui DM ke Instagram @ShopeePay_ID dengan melampirkan rincian transfer yang berkendala ya Kak. ^AS",2025-12-30 11:45:46,1.45.09,Dataset/dataset\SHOPEEPAY_googleplay_DECEMBER_reviews.csv,transfer
fcf1045c-8e6d-4219-a24b-bdc8e796ac88,Pengguna Google,https://play-lh.googleusercontent.com/EGemoI2NTXmTsBVtJqk8jxF9rh8ApRWfsIMQSt2uE4OcpQqbFu7f7NbTK05lx80nuSijCz7sc3a277R67g,"tidak bisa update ke shoopepay plus, ingin lapor ajukan komplein bahwa ktp sudah terdaftar dishoopepay lama yang tidak terpakai malah dipersulit, make foto wajah sudah, pakei foto ktp juga sudah, eh kok malah foto kartu keluarga, masih minta lagi foto screenshot permasalahan nya. sebel, masa pengguna shoopepay aktif dibikin ribet, mohon dipermudah untuk non aktifkan akun shoopepay yang tidak terpakai atau yang lupa nomor login dan lupa kata sandi,!",1,14,1.40.06,2025-10-16 20:26:36+00:00,"Hi Kak hidayah. Mohon maaf atas kendala tidak dapat verifikasi ShopeePay karena KTP terdaftar di akun lama dan ingin dinonaktifkan. Kami siap membantu, mohon menghubungi kami melalui DM ke Instagram @ShopeePay_ID yg bercentang biru, dengan melampirkan bukti kendala untuk bantuan lebih lanjut. Semoga kendala kakak segera terselesaikan ya. ^CS",2025-10-17 10:09:56,1.40.06,Dataset/dataset\SHOPEEPAY_googleplay_OCTOBER_reviews.csv,login
cc43a371-8e1a-4738-96ef-d22da7beb71d,Pengguna Google,https://play-lh.googleusercontent.com/EGemoI2NTXmTsBVtJqk8jxF9rh8ApRWfsIMQSt2uE4OcpQqbFu7f7NbTK05lx80nuSijCz7sc3a277R67g,"Top Up gratis nya sedikit, klo bisa gartisnya tidak terbatas",4,0,1.61.2,2025-11-04 08:24:02+00:00,,,1.61.2,Dataset/dataset\GOPAY_googleplay_NOVEMBER_reviews.csv,topup
28287838-4c20-451b-a598-80e141fbbe38,Pengguna Google,https://play-lh.googleusercontent.com/EGemoI2NTXmTsBVtJqk8jxF9rh8ApRWfsIMQSt2uE4OcpQqbFu7f7NbTK05lx80nuSijCz7sc3a277R67g,ini kenapa setiap mau masuk/login gagal terus gagal menyambung silahkan coba lagi? lah ini duit gw ngapa dipersulit mulu cuma mau masuk dan mau pake duit dipersulit? ingin mempermudah apa malah ingin mempesulit?,1,0,3.2.0,2025-12-20 08:40:26+00:00,"Halo Sahabat @muh reza, mohon maaf atas ketidaknyamanannya. Terkait kendala Sahabat mohon untuk dapat mengirimkan email ke mandiricare@bankmandiri.co.id atau dapat menghubungi Mandiri Call 14000 lalu tekan 2 agar dapat dilakukan pengecekan. Tks~Momo",2025-12-20 08:50:14,3.2.0,Dataset/dataset\LIVIN_googleplay_DECEMBER_reviews.csv,login
39794264-4b0e-41cb-8341-0592eef8ce2a,Pengguna Google,https://play-lh.googleusercontent.com/EGemoI2NTXmTsBVtJqk8jxF9rh8ApRWfsIMQSt2uE4OcpQqbFu7f7NbTK05lx80nuSijCz7sc3a277R67g,"saya sudah daftar tpi kemarin hp nya ke riset mau login lgi kok gak bisa masuk"" kenpa ya?",3,0,,2025-12-04 13:04:21+00:00,"Halo Sahabat @Usul Bubur, mohon maaf atas ketidaknyamanannya. Terkait kendala Sahabat mohon untuk dapat mengirimkan email ke mandiricare@bankmandiri.co.id atau dapat menghubungi Mandiri Call 14000 lalu tekan 2 agar dapat dilakukan pengecekan. Tks~Momo",2025-12-04 13:28:31,,Dataset/dataset\LIVIN_googleplay_DECEMBER_reviews.csv,login
6922a833-8052-43f4-adae-7cec46bca3f0,Pengguna Google,https://play-lh.googleusercontent.com/EGemoI2NTXmTsBVtJqk8jxF9rh8ApRWfsIMQSt2uE4OcpQqbFu7f7NbTK05lx80nuSijCz7sc3a277R67g,"Pakai Qris OVO sungguh mengecewakan,sdh masuknya lama,Transaksi uang masuk sdh 3 bulan tdk ada kejelasan..itu namanya tdk frofesional,yg pasti uangnya hilang,sdh tlpn berkali kali jawabannya tdk memuaskan alias terkesan masa bodo,hak costumer yg diambil ..sdh nyesel makanya lsng sy nonaktifkan qrisnya..buat qris baru aplikasi lain yg tdk berbelit belit dan nyaman..transaksi uang lsng masuk tanpa menunggu lama..",1,0,3.136.0,2025-11-15 23:48:52+00:00,,,3.136.0,Dataset/dataset\OVO_googleplay_NOVEMBER_reviews.csv,qris
fec126cc-1ba4-414e-b9d2-1f167dcafcd3,Pengguna Google,https://play-lh.googleusercontent.com/EGemoI2NTXmTsBVtJqk8jxF9rh8ApRWfsIMQSt2uE4OcpQqbFu7f7NbTK05lx80nuSijCz7sc3a277R67g,GA COCOK BAT NIH APK BISA BIKIN RUGI MAU TF KUDU PAKE ADMIN BEDA BAT AMA DANA,1,0,3.149.0,2025-12-10 18:10:32+00:00,,,3.149.0,Dataset/dataset\OVO_googleplay_DECEMBER_reviews.csv,transfer
3393cf1a-c394-4379-ae1b-5215e99f22bd,Pengguna Google,https://play-lh.googleusercontent.com/EGemoI2NTXmTsBVtJqk8jxF9rh8ApRWfsIMQSt2uE4OcpQqbFu7f7NbTK05lx80nuSijCz7sc3a277R67g,"gak bisa login setelah setelah nerima otp, terus aja gitu",1,0,3.2.0,2025-12-03 03:19:08+00:00,"Hai Sahabat @Dewi Annisa, mohon maaf atas ketidaknyamanannya. Utk pengecekan lebih lanjut atas kendala yg dialami, kami persilakan mengirimkan pesan melalui layanan email kami di mandiricare@bankmandiri.co.id atau mandiri call 14000 ya. Tks~Tommy",2025-12-03 03:21:39,3.2.0,Dataset/dataset\LIVIN_googleplay_DECEMBER_reviews.csv,login
dc0e6b56-3e19-4860-8fab-87be54f8fbb2,Pengguna Google,https://play-lh.googleusercontent.com/EGemoI2NTXmTsBVtJqk8jxF9rh8ApRWfsIMQSt2uE4OcpQqbFu7f7NbTK05lx80nuSijCz7sc3a277R67g,"aplikasi nya bagus, gua mau top up dari tadi ga bisa saldo gua mau dipake top up tapi ga bisa, padahal jaringan bagus. tolong aplikasi diperbaiki supaya tidak mengecewakan dan saldo saya terbuang sia sia.",5,8,1.61.2,2025-11-01 20:48:04+00:00,,,1.61.2,Dataset/dataset\GOPAY_googleplay_NOVEMBER_reviews.csv,topup
d57f8edb-8917-41ff-9a2e-9969732925e6,Pengguna Google,https://play-lh.googleusercontent.com/EGemoI2NTXmTsBVtJqk8jxF9rh8ApRWfsIMQSt2uE4OcpQqbFu7f7NbTK05lx80nuSijCz7sc3a277R67g,buat saya seharusnya apl seperti ini sangat bagus dan sangat membantu memudahkan buat transfer dan penarikan tunai...tetapi sayang 2x dirugikan pertama pembayaran online saya masih diproses tapi saldo sudah terpotong sudah 2 Minggu yang lalu...yang ke2 baru saja saya top up melalui aplikasi sebelah tapi transaksi sukses di apl sebelah tapi saldonya belum masuk di akun saya sudah hampir 10 jam....,5,178,3.146.0,2025-10-31 17:56:46+00:00,,,3.146.0,Dataset/dataset\OVO_googleplay_OCTOBER_reviews.csv,topup
da15b0b1-217c-408f-bc77-7fb1a462ff1c,Pengguna Google,https://play-lh.googleusercontent.com/EGemoI2NTXmTsBVtJqk8jxF9rh8ApRWfsIMQSt2uE4OcpQqbFu7f7NbTK05lx80nuSijCz7sc3a277R67g,"dari segi pembayaran sama transfer uang digital cukup bagus dan ada gratis admin saya sangat terkesan,tapi saat saya mengikuti (Gift Arena) mengapa saya selalu mendapatkan token koin gopay saja? dan ada saat dimana saya menukar kode jadi koin gopay ada yg tidak berfungsi?",3,2,1.59.0,2025-11-21 18:34:13+00:00,,,1.59.0,Dataset/dataset\GOPAY_googleplay_NOVEMBER_reviews.csv,transfer
b0e0b2f2-8dff-43f7-b5d7-d9e6aeec6eaa,Pengguna Google,https://play-lh.googleusercontent.com/EGemoI2NTXmTsBVtJqk8jxF9rh8ApRWfsIMQSt2uE4OcpQqbFu7f7NbTK05lx80nuSijCz7sc3a277R67g,jujur pake bank jago tuh enak sih tf pun gratis dan bisa buat pocket buat anggarin uang,5,0,8.74.0,2025-11-27 18:35:12+00:00,,,8.74.0,Dataset/dataset\JAGO_googleplay_NOVEMBER_reviews.csv,transfer
1b810373-1848-445c-915e-03e9415aedb1,Pengguna Google,https://play-lh.googleusercontent.com/EGemoI2NTXmTsBVtJqk8jxF9rh8ApRWfsIMQSt2uE4OcpQqbFu7f7NbTK05lx80nuSijCz7sc3a277R67g,admin nya mana iyh saya mau login tapi nomor saya hangus saya mau tanya tapi ga ada yg bisa saya chat untuk bisa masuk ke akun jago saya,5,0,8.77.2,2025-11-17 21:29:20+00:00,,,8.77.2,Dataset/dataset\JAGO_googleplay_NOVEMBER_reviews.csv,login
251f026e-c108-4869-8fd5-d2c4c5e45960,Pengguna Google,https://play-lh.googleusercontent.com/EGemoI2NTXmTsBVtJqk8jxF9rh8ApRWfsIMQSt2uE4OcpQqbFu7f7NbTK05lx80nuSijCz7sc3a277R67g,"saya menyukai tampilan antarmuka, fitur2, serta layanan cs blubybca, untuk kedepannya tolong tambahkan fitur Qris tap/Tap to pay ya",5,0,2.4.0,2025-10-16 15:35:34+00:00,"Hai, Kak Hendri. Terima kasih atas saran dan masukan yang diberikan, kami akan selalu memperbaiki sistem demi mencapai kepuasan para pengguna aplikasi blu. Jika ada hal lain yang ingin ditanyakan, Kakak bisa langsung menghubungi X @haloblu atau email haloblu@bcadigital.co.id atau telepon 1500668 (layanan 24 jam).",2025-10-16 16:42:26,2.4.0,Dataset/dataset\BLU_googleplay_OCTOBER_reviews.csv,qris
2fd0d3b7-e9d5-4ae9-b3e4-9f54877ae9cc,Pengguna Google,https://play-lh.googleusercontent.com/EGemoI2NTXmTsBVtJqk8jxF9rh8ApRWfsIMQSt2uE4OcpQqbFu7f7NbTK05lx80nuSijCz7sc3a277R67g,"Livin saya tidak bisa login keluar"" sendiri dan tidak bisa buat masuk login , layanan tidak tersedia terus",2,4,3.2.0,2025-11-15 12:15:12+00:00,"Halo Sahabat @Abdur Rohkim, mohon maaf atas ketidaknyamanannya. Perihal kendala yang Sahabat alami, mohon kesediaannya utk menghubungi mandiri call 14000 agar keluhan Sahabat dapat segera ditindaklanjuti. Tks~Rere
",2025-11-15 12:52:36,3.2.0,Dataset/dataset\LIVIN_googleplay_NOVEMBER_reviews.csv,login
bd492089-6e51-4621-9d04-17e343b12fe2,Pengguna Google,https://play-lh.googleusercontent.com/EGemoI2NTXmTsBVtJqk8jxF9rh8ApRWfsIMQSt2uE4OcpQqbFu7f7NbTK05lx80nuSijCz7sc3a277R67g,"gajelas inii gopay, saya barusan top up diamond terus ada tulisan cashback 100% beli 15.000 dpet 59 diamond tapi ternyata pas udh beli malah gaada uang kembali, padahal temen saya waktu itu nyoba uang kembali tpi pas saya coba malah ga uang kembali. padahal promonya masih ada tapi malah kayak jdi penipuan hadeh",2,0,,2025-11-09 19:30:07+00:00,"Hai Kak @jaee yraa, mohon maaf atas ketidaknyamanannya. Mengenai promo mengikuti syarat dan ketentuan yang berlaku. Apabila cashback belum masuk, mohon menunggu 1x24 jam terlebih dahulu. Selengkapnya dapat cek pada menu Bantuan di aplikasi GoPay > ketik ""Cashback saya belum masuk"" di kolom pencarian. ^Maura",2025-11-10 07:23:45,,Dataset/dataset\GOPAY_googleplay_NOVEMBER_reviews.csv,topup
44150f73-7741-4e79-960b-bc3c84bd87c7,Pengguna Google,https://play-lh.googleusercontent.com/EGemoI2NTXmTsBVtJqk8jxF9rh8ApRWfsIMQSt2uE4OcpQqbFu7f7NbTK05lx80nuSijCz7sc3a277R67g,"Tolong admin untuk biaya transaksi transfer Antar Semua bank maupun pengguna ovo yang tarifnya Rp.1.000-2.500 dihapus aja Admin ovo......Kasihan para driver grab kota nganjuk kalau topup ovo langsung kepotong saldo ovo pengguna Rp.1.000-2.500, tolong pihak ovo diperhatikan kalau topup ovo jangan kepotong ke pengguna ovo Rp.1.000/2.500, seharusnya yang kepotong topup ovo via Semua bank jangan penggunanya ovo yang kepotong : Rp.1.500/2.500 Per transaksi.terima kasih.",1,0,3.140.0,2025-12-25 22:02:05+00:00,,,3.140.0,Dataset/dataset\OVO_googleplay_DECEMBER_reviews.csv,topup
3290050e-41d4-4706-a865-417ac1147dad,Pengguna Google,https://play-lh.googleusercontent.com/EGemoI2NTXmTsBVtJqk8jxF9rh8ApRWfsIMQSt2uE4OcpQqbFu7f7NbTK05lx80nuSijCz7sc3a277R67g,Tidak bisa login. koneksi twrputus terus. mau transaksi ga bisa.,1,0,,2025-10-09 16:31:28+00:00,"Halo, Jagoan! Mohon maaf atas ketidaknyamanan yang Kakak alami. Supaya bisa membantu lebih lanjut, Kakak bisa menginformasikan detail keluhannya melalui email tanya@jago.com ya. Tim terkait kami dengan senang hati akan membantu Kakak menyelesaikan permasalahannya.",2025-10-09 23:47:59,,Dataset/dataset\JAGO_googleplay_OCTOBER_reviews.csv,login
5e147d31-2964-4104-a961-d495379b6cbe,Pengguna Google,https://play-lh.googleusercontent.com/EGemoI2NTXmTsBVtJqk8jxF9rh8ApRWfsIMQSt2uE4OcpQqbFu7f7NbTK05lx80nuSijCz7sc3a277R67g,"apk nya bagus,tempat top up nya banyak jadi gampang untuk isi saldo",5,1,1.57.0,2025-10-12 20:05:44+00:00,,,1.57.0,Dataset/dataset\GOPAY_googleplay_OCTOBER_reviews.csv,topup
878f4846-b360-463f-9ddd-453474522efa,Pengguna Google,https://play-lh.googleusercontent.com/EGemoI2NTXmTsBVtJqk8jxF9rh8ApRWfsIMQSt2uE4OcpQqbFu7f7NbTK05lx80nuSijCz7sc3a277R67g,Ternyata di gopay banyak yang top up tapi saldo gak masuk...saya sudah 3 hari kerja top up belum masuk dan katanya masih dilakukan pengecekan sama agen gopay tp sampai sekarang belum ada kabar terkait saldo top up saya..tolong pihak gopay untuk menindak lanjuti laporan saya dan nasabah gopay lainnya,1,14,1.61.2,2025-10-29 10:54:08+00:00,"Hai Kak @PAPA ZS, mohon maaf atas ketidaknyamanannya. Jika kamu masih mengalami kendala, silakan laporkan melalui email ke customerservice@gopay.co.id dengan melampirkan kode psr-25-302-0558-11049 pada subject email dan cantumkan nomor laporan kamu sebelumnya pada email yang kamu kirimkan. Kami tunggu detail laporan kamu ya. ^Maura",2025-10-29 12:58:15,1.61.2,Dataset/dataset\GOPAY_googleplay_OCTOBER_reviews.csv,topup
370f230f-e935-47a1-befe-4286caf2e5a8,Pengguna Google,https://play-lh.googleusercontent.com/EGemoI2NTXmTsBVtJqk8jxF9rh8ApRWfsIMQSt2uE4OcpQqbFu7f7NbTK05lx80nuSijCz7sc3a277R67g,"gajelas, aku top up diamond di gopay malah ga masuk masuk udah ditunggu beberapa hari ga muncul sama sekali padahal udah bayar, gajelas.",1,1,1.64.0,2025-11-23 17:03:55+00:00,"Hai Kak Visa, mohon maaf atas ketidaknyamanannya. Terkait keluhan tersebut, silakan laporkan melalui email ke customerservice@gopay.co.id dengan melampirkan kode psr-25-327-1008-52968 pada subject email. Kami tunggu detail laporan kamu ya. ^Maura",2025-11-23 17:08:58,1.64.0,Dataset/dataset\GOPAY_googleplay_NOVEMBER_reviews.csv,topup
db530368-4fef-4127-af60-fde657c2ecc7,Pengguna Google,https://play-lh.googleusercontent.com/EGemoI2NTXmTsBVtJqk8jxF9rh8ApRWfsIMQSt2uE4OcpQqbFu7f7NbTK05lx80nuSijCz7sc3a277R67g,knpa top up saya blum masuk..mohon d bantu,5,0,1.60.0,2025-10-15 14:23:10+00:00,,,1.60.0,Dataset/dataset\GOPAY_googleplay_OCTOBER_reviews.csv,topup
e3e69431-5a88-44aa-a947-80a79742c372,Pengguna Google,https://play-lh.googleusercontent.com/EGemoI2NTXmTsBVtJqk8jxF9rh8ApRWfsIMQSt2uE4OcpQqbFu7f7NbTK05lx80nuSijCz7sc3a277R67g,keluar mulu sesi berakhir + verifikasi wajah gagal mulu,1,0,1.57.0,2025-11-15 14:38:57+00:00,"Mohon maaf, Kak Hamid. Terkait laporanmu, pastikan sinyal internetmu stabil, aktifkan 'App Permission'/'Izinkan Aplikasi', lalu logout kemudian login kembali. Jika masih berkendala, silakan laporkan detailnya melalui email ke customerservice@gopay.co.id dan cantumkan kode psr-25-319-0824-37062 pada subjek email. ^Maura",2025-11-15 15:24:42,1.57.0,Dataset/dataset\GOPAY_googleplay_NOVEMBER_reviews.csv,vermuk
12fb8b57-c233-4758-8f4d-bf680ee76835,Pengguna Google,https://play-lh.googleusercontent.com/EGemoI2NTXmTsBVtJqk8jxF9rh8ApRWfsIMQSt2uE4OcpQqbFu7f7NbTK05lx80nuSijCz7sc3a277R67g,saya tidak bisa login ke akun saya terus saya coba buat ulang katanya nik saya sudah terhubung dengan akun lain. benar2 ga rekomended,1,0,,2025-10-31 00:39:27+00:00,"Halo, Jagoan. Mohon maaf atas kendala yang terjadi ya. Kamu tidak perlu khawatir, kamu bisa menjelaskan detail kendala tersebut melalui email di tanya@jago.com atau call center 1500 746 untuk kami bantu tangani lebih lanjut. Terima kasih :)",2025-10-31 01:30:56,,Dataset/dataset\JAGO_googleplay_OCTOBER_reviews.csv,login
2de61509-1ad7-47f5-9326-2e76aefcd352,Pengguna Google,https://play-lh.googleusercontent.com/EGemoI2NTXmTsBVtJqk8jxF9rh8ApRWfsIMQSt2uE4OcpQqbFu7f7NbTK05lx80nuSijCz7sc3a277R67g,Sangat bagus dan mudah buat Tf Dana ke Semua bank terutama ke sesama Bank nya,5,0,3.2.0,2025-12-29 23:06:24+00:00,,,3.2.0,Dataset/dataset\LIVIN_googleplay_DECEMBER_reviews.csv,transfer
9bf0fbd7-5422-41dd-854a-512c785687ca,Pengguna Google,https://play-lh.googleusercontent.com/EGemoI2NTXmTsBVtJqk8jxF9rh8ApRWfsIMQSt2uE4OcpQqbFu7f7NbTK05lx80nuSijCz7sc3a277R67g,"saya top up disini gak masuk masuk, jangan di instal",1,0,1.61.2,2025-10-31 20:47:10+00:00,"Hai Kak Restu, mohon maaf atas ketidaknyamanan yang dialami. Dapat kami sampaikan bahwa saat ini terdapat pemeliharaan sistem sehingga penerimaan saldo top up Kakak terhambat sementara. Silakan Kakak untuk melakukan pengecekan secara berkala. Terima kasih. ^Maura",2025-10-31 21:48:27,1.61.2,Dataset/dataset\GOPAY_googleplay_OCTOBER_reviews.csv,topup
dcfbfdce-cbdb-4f42-9d26-ec644ec71db3,Pengguna Google,https://play-lh.googleusercontent.com/EGemoI2NTXmTsBVtJqk8jxF9rh8ApRWfsIMQSt2uE4OcpQqbFu7f7NbTK05lx80nuSijCz7sc3a277R67g,"baru aja nyoba buat transfer dari bank jago ke bca, tpi lama prosesnya, kalau dalam keadaan darurat, nggak tau harus gimana lagi",1,0,8.74.0,2025-10-06 23:40:04+00:00,"Halo, Jagoan! Mohon maaf atas ketidaknyamanannya. Kami mengerti atas pengalaman kurang baik yang kamu alami. Untuk membantu kamu lebih lanjut, mohon menghubungi Tanya Jago di 1500746 / 021-30000746 atau email ke tanya@jago.com untuk kami cek lebih lanjut terkait kendala tersebut. Kami tunggu laporan dari kamu ya.",2025-10-07 00:06:12,8.74.0,Dataset/dataset\JAGO_googleplay_OCTOBER_reviews.csv,transfer
9b03216f-dbf9-46eb-94d9-e8b84b361315,Pengguna Google,https://play-lh.googleusercontent.com/EGemoI2NTXmTsBVtJqk8jxF9rh8ApRWfsIMQSt2uE4OcpQqbFu7f7NbTK05lx80nuSijCz7sc3a277R67g,"ini delay nya tolong di perbaiki dong, saya topup lama banget masuknya, tolong di perbaiki lagi yahh",2,3,3.147.0,2025-11-14 01:00:02+00:00,,,3.147.0,Dataset/dataset\OVO_googleplay_NOVEMBER_reviews.csv,topup
c79766a4-949e-4a1f-af59-e6f85ad4374a,Pengguna Google,https://play-lh.googleusercontent.com/EGemoI2NTXmTsBVtJqk8jxF9rh8ApRWfsIMQSt2uE4OcpQqbFu7f7NbTK05lx80nuSijCz7sc3a277R67g,tidak bisa tf mohon bantuannya,5,0,3.2.0,2025-12-20 23:20:29+00:00,"Halo Sahabat @bismillah TNI AD tamtama, mohon maaf atas ketidaknyamanannya. Terkait kendala Sahabat mohon untuk dapat mengirimkan email ke mandiricare@bankmandiri.co.id atau dapat menghubungi Mandiri Call 14000 lalu tekan 2 agar dapat dilakukan pengecekan. Tks~Amar",2025-12-20 23:21:32,3.2.0,Dataset/dataset\LIVIN_googleplay_DECEMBER_reviews.csv,transfer
1d7f7d01-5e7f-48de-b3c0-ede8f60e433a,Pengguna Google,https://play-lh.googleusercontent.com/EGemoI2NTXmTsBVtJqk8jxF9rh8ApRWfsIMQSt2uE4OcpQqbFu7f7NbTK05lx80nuSijCz7sc3a277R67g,"kenapa yah kalau topup kartu E-toll terkadang saldo tidak terupdate dana juga tidak kembali,",3,0,3.1.0,2025-11-06 13:16:14+00:00,"Halo Sahabat @Karin Inces, mohon maaf atas ketidaknyamanannya. Terkait kendala transaksi Sahabat mohon untuk dapat mengirimkan email ke mandiricare@bankmandiri.co.id atau dapat menghubungi mandiri call 14000 agar dapat dilakukan pengecekan. Tks~Celvin",2025-11-06 13:27:07,3.1.0,Dataset/dataset\LIVIN_googleplay_NOVEMBER_reviews.csv,topup
83e6c8be-779f-4804-afa0-783c716ea3e6,Pengguna Google,https://play-lh.googleusercontent.com/EGemoI2NTXmTsBVtJqk8jxF9rh8ApRWfsIMQSt2uE4OcpQqbFu7f7NbTK05lx80nuSijCz7sc3a277R67g,Mau login aja susah,1,0,3.2.0,2025-11-22 09:44:35+00:00,"Halo Sahabat @Chandra Haryanto, mohon maaf atas ketidaknyamanannya. Apabila mengalami kendala tersebut kami persilakan agar Sahabat mencoba kembali dan dipastikan beberapa hal sebagai berikut :
1. Tidak menggunakan WIFI terlebih dahulu sebelum berhasil masuk ke tampilan layanan Livin' by Mandiri
2. Melakukan force close. Tks~Kila",2025-11-22 09:47:06,3.2.0,Dataset/dataset\LIVIN_googleplay_NOVEMBER_reviews.csv,login
e430040b-83a2-4c7f-b783-2d280a475362,Pengguna Google,https://play-lh.googleusercontent.com/EGemoI2NTXmTsBVtJqk8jxF9rh8ApRWfsIMQSt2uE4OcpQqbFu7f7NbTK05lx80nuSijCz7sc3a277R67g,puas mantap gratis tf y sukur2 aja pinjaman kak,5,0,1.41.06,2025-11-12 23:25:31+00:00,"Hi Kak. Terima kasih telah menggunakan ShopeePay. Mari cek aplikasi ShopeePay karena banyak fitur yang mempermudah keseharian kakak seperti pembelian pulsa, paket data, pembayaran tagihan listrik dan pembayaran lainnya. Jika kakak memiliki pertanyaan seputar ShopeePay, mohon DM kami di Instagram @ShopeePay_ID ya. Semoga harimu menyenangkan ^RJ",2025-11-13 09:23:46,1.41.06,Dataset/dataset\SHOPEEPAY_googleplay_NOVEMBER_reviews.csv,transfer
72962378-8e42-462d-8a85-0a464e1cb1b8,Pengguna Google,https://play-lh.googleusercontent.com/EGemoI2NTXmTsBVtJqk8jxF9rh8ApRWfsIMQSt2uE4OcpQqbFu7f7NbTK05lx80nuSijCz7sc3a277R67g,gabisa transfer uang harus di upgrade ke plus mulu,1,0,,2025-11-07 17:53:06+00:00,"Hi Kak mel, mohon maaf atas kendala tidak dapat melakukan transfer. Untuk dapat melakukan transfer/tarik dana membutuhkan verifikasi identitas ShopeePay terlebih dahulu. Silakan pelajari lebih lanjut di https://help.shopee.co.id/portal/4/article/72961 . Mohon hubungi kami melalui DM Instagram di @ShopeePay_ID untuk bantuan lebih lanjut. ^CS",2025-11-07 18:29:26,,Dataset/dataset\SHOPEEPAY_googleplay_NOVEMBER_reviews.csv,transfer
1f43f4b3-5e2d-4ff7-83f0-95c22fef82c9,Pengguna Google,https://play-lh.googleusercontent.com/EGemoI2NTXmTsBVtJqk8jxF9rh8ApRWfsIMQSt2uE4OcpQqbFu7f7NbTK05lx80nuSijCz7sc3a277R67g,kata nya di permudah..mau top up game..gara2 salah sandi sekali..malah gk bisa topup..aplikasi apa ini..gk kayak dana sama ovo..kalau dana sama ovo..klw salah sekali di kasih waktu untuk mengulang..kalau aplilasi ini udah berapa jam masih juga gk bisa..padahal udah bener berkali2 pin nya..,3,14,1.61.2,2025-11-01 22:43:09+00:00,"Hai Kak Adi, mohon maaf atas ketidaknyamanannya. Terkait keluhan tersebut, silakan laporkan melalui email ke customerservice@gopay.co.id dengan melampirkan kode psr-25-305-1610-47428 pada subject email. Kami tunggu detail laporan kamu ya. ^Maura",2025-11-01 23:10:52,1.61.2,Dataset/dataset\GOPAY_googleplay_NOVEMBER_reviews.csv,topup
af816289-cc45-460a-8355-28ece289179b,Pengguna Google,https://play-lh.googleusercontent.com/EGemoI2NTXmTsBVtJqk8jxF9rh8ApRWfsIMQSt2uE4OcpQqbFu7f7NbTK05lx80nuSijCz7sc3a277R67g,terbaik gak pake nunggu2 lama TF uang.. jaya terus shopee utk UMKM indonesia,5,0,,2025-12-22 10:16:30+00:00,"Hi Kak. Terima kasih telah menggunakan ShopeePay. Mari cek aplikasi ShopeePay karena banyak fitur yang mempermudah keseharian kakak seperti pembelian pulsa, paket data, pembayaran tagihan listrik dan pembayaran lainnya. Jika kakak memiliki pertanyaan seputar ShopeePay, mohon DM kami di Instagram @ShopeePay_ID ya. Semoga harimu menyenangkan ^RJ",2025-12-22 10:14:52,,Dataset/dataset\SHOPEEPAY_googleplay_DECEMBER_reviews.csv,transfer
7635d9ec-9d12-4398-bf00-4506b0ac728f,Pengguna Google,https://play-lh.googleusercontent.com/EGemoI2NTXmTsBVtJqk8jxF9rh8ApRWfsIMQSt2uE4OcpQqbFu7f7NbTK05lx80nuSijCz7sc3a277R67g,BARU BIKIN ONLINE DIBUATKAN SALES NY.. TRUS LOG-IN AWAL LANCAR.. TIBA2 MO DI ISI SALDO TAMBAH KEAMANAN 🫆 EEE MLH ADA GANGGUAN GK BISA LOG-IN.. SEHARIAN JUMAT KMARIN.. GILIRAN DI BERSIH KN APK NY REFRESH DATA MLH BARU BISA LOGIN TP GK BISA MASUK DI AKUN BANKING NY.... GMN MO TAU NOMER REKENING BANK NY JIKA BLM ADA ATM TOLONG DIBENAHI JIKA AKUN BARU KL SDH MASUK ID DAN SANDI HRSNY BS LOGIN TNP MASUKIN NO KARTU ATM KRN BARU BUAT YG PNTING NO HP DAN EMAIL DENGAN YG DIDAFTAR SAMA,2,0,,2025-12-13 20:31:24+00:00,"Hi Sahabat @Two Tower, mohon maaf atas ketidaknyamanannya. Terkait kendala Sahabat mohon untuk dapat mengirimkan email ke mandiricare@bankmandiri.co.id atau dapat menghubungi mandiri call 14000 agar dapat dilakukan pengecekan. Tks~Mandala",2025-12-13 20:33:07,,Dataset/dataset\LIVIN_googleplay_DECEMBER_reviews.csv,login
6f1c0bb1-9448-4515-8aa9-55368c5b07cd,Pengguna Google,https://play-lh.googleusercontent.com/EGemoI2NTXmTsBVtJqk8jxF9rh8ApRWfsIMQSt2uE4OcpQqbFu7f7NbTK05lx80nuSijCz7sc3a277R67g,mauu tf dana gabisa padahal saldo udh memcukupi,1,0,3.2.0,2025-12-06 19:32:03+00:00,"Hai Sahabat @Yuni P, mohon maaf atas ketidaknyamanannya. Perihal kendala yang dialami agar dpt kami tindaklanjuti, mhn kesediaan Sahabat utk mengirimkan email ke mandiricare@bankmandiri.co.id dengan subject : Review - Nama lengkap Sahabat atau menghubungi layanan mandiri call 14000 ya. Tks~Tommy",2025-12-06 19:35:13,3.2.0,Dataset/dataset\LIVIN_googleplay_DECEMBER_reviews.csv,transfer
2158e640-e9db-4183-aabf-ce51a73b74e0,Pengguna Google,https://play-lh.googleusercontent.com/EGemoI2NTXmTsBVtJqk8jxF9rh8ApRWfsIMQSt2uE4OcpQqbFu7f7NbTK05lx80nuSijCz7sc3a277R67g,kelamaan verifikasi wajah,1,0,2.7.0,2025-12-15 22:30:59+00:00,"Hai, Kak Dimas. Maaf atas ketidaknyamanannya. Kami akan selalu berusaha memberikan yang terbaik demi kebutuhan perbankan Kakak. Terkait hal tersebut pastikan beberapa hal berikut, pastikan Kakak tidak memakai sunglasses, di tempat yang terang, tidak backlight, posisi wajah di dalam lingkaran dan pastikan aplikasi blu versi terupdate ya.",2025-12-15 23:11:35,2.7.0,Dataset/dataset\BLU_googleplay_DECEMBER_reviews.csv,vermuk
710045d8-b46b-4a80-8f43-5d872f7c64d3,Pengguna Google,https://play-lh.googleusercontent.com/EGemoI2NTXmTsBVtJqk8jxF9rh8ApRWfsIMQSt2uE4OcpQqbFu7f7NbTK05lx80nuSijCz7sc3a277R67g,"setelah update gabisa top up game lagi, selalu ada masalah udah di install ulang pun masih sama",1,0,1.64.0,2025-11-20 19:38:31+00:00,"Hai Kak Fajar, mohon maaf atas ketidaknyamanannya. Terkait hal tersebut, silakan laporkan melalui email ke customerservice@gopay.co.id dengan melampirkan kode psr-25-324-1442-39051 pada subject email dan ceritakan kembali detail permasalahannya agar tim kami bisa bantu cek lebih lanjut ya. ^Melisa",2025-11-20 21:42:47,1.64.0,Dataset/dataset\GOPAY_googleplay_NOVEMBER_reviews.csv,topup
7dd78c79-2670-4957-81dd-718e62293b14,Pengguna Google,https://play-lh.googleusercontent.com/EGemoI2NTXmTsBVtJqk8jxF9rh8ApRWfsIMQSt2uE4OcpQqbFu7f7NbTK05lx80nuSijCz7sc3a277R67g,"cara batalin top up gopay gmn dh, masa ga ad tombol cancel di sistemnya",1,0,,2025-10-27 18:12:32+00:00,,,,Dataset/dataset\GOPAY_googleplay_OCTOBER_reviews.csv,topup
fbb505f8-e8c7-49b6-b1f3-0f69d45b2dea,Pengguna Google,https://play-lh.googleusercontent.com/EGemoI2NTXmTsBVtJqk8jxF9rh8ApRWfsIMQSt2uE4OcpQqbFu7f7NbTK05lx80nuSijCz7sc3a277R67g,kalo orang transfer saldo ke gopay suka ga datang,1,0,,2025-11-16 18:01:18+00:00,"Hai Kak Agus, mohon maaf atas ketidaknyamanannya. Pastikan nomor tujuan transfer sudah benar dan sudah cek halaman Riwayat. Jika saldo belum juga bertambah, laporkan detailnya melalui email customerservice@gopay.co.id dan cantumkan kode psr-25-320-1126-44315 pada subject email yang kamu kirimkan ya. ^Miko",2025-11-16 18:26:59,,Dataset/dataset\GOPAY_googleplay_NOVEMBER_reviews.csv,transfer
1b3f03f6-18b2-4ea6-a923-c9b35f4bfd16,Pengguna Google,https://play-lh.googleusercontent.com/EGemoI2NTXmTsBVtJqk8jxF9rh8ApRWfsIMQSt2uE4OcpQqbFu7f7NbTK05lx80nuSijCz7sc3a277R67g,kalo TF suka pending sampai 2 hari,1,0,,2025-12-07 15:44:17+00:00,,,,Dataset/dataset\OVO_googleplay_DECEMBER_reviews.csv,transfer
831f5722-bc3f-4ac7-b8f5-89e4b67327a9,Pengguna Google,https://play-lh.googleusercontent.com/EGemoI2NTXmTsBVtJqk8jxF9rh8ApRWfsIMQSt2uE4OcpQqbFu7f7NbTK05lx80nuSijCz7sc3a277R67g,"saya. top up GK masuk masuk ,uang nya hilang GK tau kemna ,dai bang nya ber hasil ke gopay nya gak masuk",1,0,1.61.2,2025-11-03 12:43:16+00:00,"Hai Kak Agie, pastikan nomor tujuan sudah benar, sudah cek halaman Riwayat, dan coba keluar dan masuk kembali ke aplikasi. Jika saldo masih belum masuk, silakan laporkan melalui menu Bantuan > ketik 'Top up GoPay saya belum masuk' > isi formulir dan cantumkan kode psr-25-307-0801-32702 pada bagian 'Ceritakan lebih lanjut'. ^Melisa",2025-11-03 15:01:53,1.61.2,Dataset/dataset\GOPAY_googleplay_NOVEMBER_reviews.csv,topup
92dcf4e5-d7f6-4996-9e28-66231228b839,Pengguna Google,https://play-lh.googleusercontent.com/EGemoI2NTXmTsBVtJqk8jxF9rh8ApRWfsIMQSt2uE4OcpQqbFu7f7NbTK05lx80nuSijCz7sc3a277R67g,saya tf lewat dana gak masuk masuk lapor malah muter muter,1,0,1.60.0,2025-10-17 19:29:33+00:00,"Hai Kak Rafi, mohon maat atas ketidaknyamanannya. Jika kamu masih mengalami kendala, silakan laporkan melalui email ke customerservice@gopay.co.id dengan melampirkan kode psr-25-290-1507-16279 pada subject email dan cantumkan nomor laporan kamu sebelumnya pada email yang kamu kirimkan. Kami tunggu detail laporan kamu ya. ^Melisa",2025-10-17 22:07:22,1.60.0,Dataset/dataset\GOPAY_googleplay_OCTOBER_reviews.csv,transfer
710fea53-120f-4fbe-afe5-d181900eb621,Pengguna Google,https://play-lh.googleusercontent.com/EGemoI2NTXmTsBVtJqk8jxF9rh8ApRWfsIMQSt2uE4OcpQqbFu7f7NbTK05lx80nuSijCz7sc3a277R67g,kenapa ini ya Setatus transfer dari BRImo sudah sukses tapi di akun ovo belum masuk juga,2,0,3.144.0,2025-10-07 10:36:25+00:00,,,3.144.0,Dataset/dataset\OVO_googleplay_OCTOBER_reviews.csv,transfer
a7bd719c-e11c-4d5b-8d78-6cc0f20fa30e,Pengguna Google,https://play-lh.googleusercontent.com/EGemoI2NTXmTsBVtJqk8jxF9rh8ApRWfsIMQSt2uE4OcpQqbFu7f7NbTK05lx80nuSijCz7sc3a277R67g,tiap mau login selalu tidak bisa dan dapat notif pembaruan padah sudah versi terbaru aplikasi rusak,1,0,3.1.0,2025-11-08 17:44:05+00:00,"Halo Sahabat @triwidiya_17, mohon maaf atas ketidaknyamanannya. Perihal kendala pada layanan Livin' by Mandiri Sahabat dapat mengirimkan email ke mandiricare@bankmandiri.co.id atau dapat menghubungi layanan mandiri call 14000 agar dapat dilakukan pengecekan. Tks ~ Said",2025-11-08 18:56:45,3.1.0,Dataset/dataset\LIVIN_googleplay_NOVEMBER_reviews.csv,login
09ea913b-546b-4b2a-a27e-0317d60f8898,Pengguna Google,https://play-lh.googleusercontent.com/EGemoI2NTXmTsBVtJqk8jxF9rh8ApRWfsIMQSt2uE4OcpQqbFu7f7NbTK05lx80nuSijCz7sc3a277R67g,"sangat membantu dan mudah di gunakan,TPI sayang top up hanya bisa 500 ribu saja jdi klu 1 juta hrs 2 kali",5,0,,2025-10-25 18:14:24+00:00,,,,Dataset/dataset\GOPAY_googleplay_OCTOBER_reviews.csv,topup
412d350d-7575-4b77-b430-63ecfd1f09f0,Pengguna Google,https://play-lh.googleusercontent.com/EGemoI2NTXmTsBVtJqk8jxF9rh8ApRWfsIMQSt2uE4OcpQqbFu7f7NbTK05lx80nuSijCz7sc3a277R67g,bisa d bantu login d minta ganti password no kartu karna saya gak ada kartu nya bisa bantu,1,0,3.2.0,2025-12-08 22:38:42+00:00,,,3.2.0,Dataset/dataset\LIVIN_googleplay_DECEMBER_reviews.csv,login
85b200de-809d-47ee-b4d0-1ce22b560cea,Pengguna Google,https://play-lh.googleusercontent.com/EGemoI2NTXmTsBVtJqk8jxF9rh8ApRWfsIMQSt2uE4OcpQqbFu7f7NbTK05lx80nuSijCz7sc3a277R67g,woy yg bener lah buat apk wallet padahal cuman topup ke game pubg doang malah di katain aktifitas GK wajar apak GK jelas,1,1,1.62.0,2025-11-10 23:27:15+00:00,"Hai Kak Khaerul, pastikan jumlah top up tidak melebihi batas limit transaksi bulanan dan jaringan internet stabil. Jika masih bermasalah, laporkan melalui menu Bantuan > ketik ""Mengapa saya tidak bisa top up GoPay?"" > isi formulir dan cantumkan kode psr-25-304-1639-03782 di bagian 'Ceritakan lebih lanjut'. ^Maura",2025-10-31 23:39:11,1.62.0,Dataset/dataset\GOPAY_googleplay_NOVEMBER_reviews.csv,topup
3e598f38-babf-4992-b029-70114cf65de2,Pengguna Google,https://play-lh.googleusercontent.com/EGemoI2NTXmTsBVtJqk8jxF9rh8ApRWfsIMQSt2uE4OcpQqbFu7f7NbTK05lx80nuSijCz7sc3a277R67g,tf an ga masuk2 sampe sekarang.,1,0,3.144.0,2025-10-16 17:10:44+00:00,,,3.144.0,Dataset/dataset\OVO_googleplay_OCTOBER_reviews.csv,transfer
1346f609-6eb9-4f18-a848-80f6b066eee3,Pengguna Google,https://play-lh.googleusercontent.com/EGemoI2NTXmTsBVtJqk8jxF9rh8ApRWfsIMQSt2uE4OcpQqbFu7f7NbTK05lx80nuSijCz7sc3a277R67g,"cara kerjanya cepat dan mempermudah konsumen belanja,transfer dll",5,0,1.64.1,2025-11-26 08:04:03+00:00,,,1.64.1,Dataset/dataset\GOPAY_googleplay_NOVEMBER_reviews.csv,transfer
9511cb41-0625-444e-9dd9-8a780fd037a8,Pengguna Google,https://play-lh.googleusercontent.com/EGemoI2NTXmTsBVtJqk8jxF9rh8ApRWfsIMQSt2uE4OcpQqbFu7f7NbTK05lx80nuSijCz7sc3a277R67g,apk aneh setiap saya top up tiba2 suka ilang setengah saldo nya ketika saya top up 100 ribu ilang 70 ribu,1,1,,2025-11-21 16:31:12+00:00,"Hai Kak Tazi, mohon maaf atas ketidaknyamanannya. Terkait keluhan tersebut, silakan laporkan melalui email ke customerservice@gopay.co.id dengan melampirkan kode psr-25-325-0944-24435 pada subject email. Kami tunggu detail laporan kamu ya. ^Maura",2025-11-21 16:44:28,,Dataset/dataset\GOPAY_googleplay_NOVEMBER_reviews.csv,topup
7d070bcc-0acc-47af-9fd5-d53f7dc2bbe7,Pengguna Google,https://play-lh.googleusercontent.com/EGemoI2NTXmTsBVtJqk8jxF9rh8ApRWfsIMQSt2uE4OcpQqbFu7f7NbTK05lx80nuSijCz7sc3a277R67g,"BUMN plng duitan itu MANDIRI 1. debit online gagal kena biaya 5000 2. tranfer virtual sesama beberapa app bayar 1500 3. top up walet via virtualtidak bisa, dari shoppe/ gratis mandiri tarifin 4. saldo nol kartu diblokir BNI 1. gagal debit online tidak ada potongan 2. virtual semua app gratis 3. bisa top up virtual 4. kartu aman BRI 1. Tanpa potongan gagal debit online 2. transfer virtual semua app gratis 3. top up tidak bisa virtual, tapi gratis 4. kartu aman punya mandiri buat lewat saja.",1,0,,2025-11-21 21:00:12+00:00,"Halo Sahabat @Jamilah, mohon maaf atas ketidaknyamanannya. Apabila terdapat kendala agar dapat kami tindaklanjuti, Sahabat dapat mengirimkan email ke mandiricare@bankmandiri.co.id atau menghubungi layanan mandiri call 14000 ya. Tks~Carlos",2025-11-21 21:02:17,,Dataset/dataset\LIVIN_googleplay_NOVEMBER_reviews.csv,topup
c1d65571-c3a4-4289-9cc8-f14860cb33e4,Pengguna Google,https://play-lh.googleusercontent.com/EGemoI2NTXmTsBVtJqk8jxF9rh8ApRWfsIMQSt2uE4OcpQqbFu7f7NbTK05lx80nuSijCz7sc3a277R67g,"saya Sukak sama aplikasi gopay ini selain bisah nyimpen duit,beli token listrik,topup gem dll",5,0,1.61.2,2025-11-02 01:49:28+00:00,,,1.61.2,Dataset/dataset\GOPAY_googleplay_NOVEMBER_reviews.csv,topup
fdf34b9c-91a0-4a2c-8f58-015dc983adc1,Pengguna Google,https://play-lh.googleusercontent.com/EGemoI2NTXmTsBVtJqk8jxF9rh8ApRWfsIMQSt2uE4OcpQqbFu7f7NbTK05lx80nuSijCz7sc3a277R67g,transfer cepet dan gratis,5,0,,2025-11-08 06:57:04+00:00,,,,Dataset/dataset\GOPAY_googleplay_NOVEMBER_reviews.csv,transfer
e98ba4a3-41a6-4551-9394-58bdb2027b7c,Pengguna Google,https://play-lh.googleusercontent.com/EGemoI2NTXmTsBVtJqk8jxF9rh8ApRWfsIMQSt2uE4OcpQqbFu7f7NbTK05lx80nuSijCz7sc3a277R67g,tinggal verifikasi wajah doang tapi lama bgt,1,0,3.144.0,2025-10-01 13:20:07+00:00,,,3.144.0,Dataset/dataset\OVO_googleplay_OCTOBER_reviews.csv,vermuk
d6122823-699f-4f39-a3a5-7f810349fb43,Pengguna Google,https://play-lh.googleusercontent.com/EGemoI2NTXmTsBVtJqk8jxF9rh8ApRWfsIMQSt2uE4OcpQqbFu7f7NbTK05lx80nuSijCz7sc3a277R67g,sangat membantu transfer gratis ke bank,5,0,1.64.0,2025-11-21 16:57:59+00:00,,,1.64.0,Dataset/dataset\GOPAY_googleplay_NOVEMBER_reviews.csv,transfer
ec358bce-6c8a-4ab2-a823-42d218e7b969,Pengguna Google,https://play-lh.googleusercontent.com/EGemoI2NTXmTsBVtJqk8jxF9rh8ApRWfsIMQSt2uE4OcpQqbFu7f7NbTK05lx80nuSijCz7sc3a277R67g,"ini kenapa saya top up game sampai detik ini blm masuk , gopay anj",1,0,1.57.0,2025-10-10 15:27:56+00:00,"Hai Kak Maqbul, kami mohon maaf atas kondisi yang Kakak alami. Terkait hal ini, dapat kami sampaikan bahwa ada pemeliharaan sistem yang mempengaruhi transaksi Kakak & saat ini sudah kembali normal. Berkenan untuk melakukan pengecekan kembali di akun tujuan secara berkala ya Kak. Mohon maaf atas ketidaknyamanannya. Salam hangat. ^Miko",2025-10-10 20:46:53,1.57.0,Dataset/dataset\GOPAY_googleplay_OCTOBER_reviews.csv,topup
7ae0220e-9e1b-4acd-b7f7-d9b1f0911da1,Pengguna Google,https://play-lh.googleusercontent.com/EGemoI2NTXmTsBVtJqk8jxF9rh8ApRWfsIMQSt2uE4OcpQqbFu7f7NbTK05lx80nuSijCz7sc3a277R67g,kenapa gak bisa masuk ke top up games ? selalu keluar sendiri,1,0,1.60.0,2025-10-15 09:51:54+00:00,"Mohon maaf, Kak @A Vo. Terkait laporanmu, pastikan sinyal internetmu stabil, aktifkan 'App Permission'/'Izinkan Aplikasi', lalu logout kemudian login kembali. Untuk kendala login lainnya, silakan mengakses halaman bantuan login pada aplikasi GoPay.^Miko",2025-10-15 13:34:22,1.60.0,Dataset/dataset\GOPAY_googleplay_OCTOBER_reviews.csv,topup
1c3a116b-18d6-47f3-9137-ef3de219150f,Pengguna Google,https://play-lh.googleusercontent.com/EGemoI2NTXmTsBVtJqk8jxF9rh8ApRWfsIMQSt2uE4OcpQqbFu7f7NbTK05lx80nuSijCz7sc3a277R67g,login lg knp susah bngt,4,0,1.62.0,2025-11-09 20:23:21+00:00,,,1.62.0,Dataset/dataset\GOPAY_googleplay_NOVEMBER_reviews.csv,login
75a4b351-b06c-4fc5-a8b5-a70ef4a024c1,Pengguna Google,https://play-lh.googleusercontent.com/EGemoI2NTXmTsBVtJqk8jxF9rh8ApRWfsIMQSt2uE4OcpQqbFu7f7NbTK05lx80nuSijCz7sc3a277R67g,udah coba verifikasi wajah tapii GK kedetek gila apk nya,1,0,,2025-11-09 20:21:35+00:00,,,,Dataset/dataset\OVO_googleplay_NOVEMBER_reviews.csv,vermuk
c32e101e-6b0b-4f39-af92-63ce84285666,Pengguna Google,https://play-lh.googleusercontent.com/EGemoI2NTXmTsBVtJqk8jxF9rh8ApRWfsIMQSt2uE4OcpQqbFu7f7NbTK05lx80nuSijCz7sc3a277R67g,semakin buruk saya topup melalui seabank transaksi sukses tapi gak masuk saldo ny ke aplikasi ovo nya taiii,1,0,3.144.0,2025-10-07 01:58:06+00:00,,,3.144.0,Dataset/dataset\OVO_googleplay_OCTOBER_reviews.csv,topup
cd96f98b-a0fd-4aba-9358-35ec10cccccd,Pengguna Google,https://play-lh.googleusercontent.com/EGemoI2NTXmTsBVtJqk8jxF9rh8ApRWfsIMQSt2uE4OcpQqbFu7f7NbTK05lx80nuSijCz7sc3a277R67g,"hp saya hilang ada yang nyuri beserta nomornya.app sebelah waktu daftr kembali harus memasukan PIN dan cek wajah.udah masukan PIN dan cek wajah udah...eh....minta notifikasi lewat WA atau SMS,kan saya dah bilang.hp beserta nomrna hilang Gopay...setelah diunduh.minta masukan nomor,PIN dan cek wajah.udah langsung bisa d pakai.wàlau nomor dah hilang. trimakasih Gopay...",5,0,1.60.0,2025-11-05 17:26:02+00:00,,,1.60.0,Dataset/dataset\GOPAY_googleplay_NOVEMBER_reviews.csv,vermuk
6fcbde09-0425-42f4-90ed-48fcc08d6d13,Pengguna Google,https://play-lh.googleusercontent.com/EGemoI2NTXmTsBVtJqk8jxF9rh8ApRWfsIMQSt2uE4OcpQqbFu7f7NbTK05lx80nuSijCz7sc3a277R67g,kecewa dengan apl ovo gk ada freenya transfer maupun topup bukanya bulat terpotong normal² aja sama begitu juga dengan yang lain . tunjukan kalau memang apl ini terbaik buktikan,1,0,3.147.0,2025-11-14 10:43:56+00:00,,,3.147.0,Dataset/dataset\OVO_googleplay_NOVEMBER_reviews.csv,topup
033724fc-2e75-44f1-864e-59f84fcf9123,Pengguna Google,https://play-lh.googleusercontent.com/EGemoI2NTXmTsBVtJqk8jxF9rh8ApRWfsIMQSt2uE4OcpQqbFu7f7NbTK05lx80nuSijCz7sc3a277R67g,saya transfer uang pada 16 november sampai sekarang belum terkirim dan masih dalam proses.Padahal saldo saya sudah berkurang nominalnya sesuai yang saya transferkan.saya kirim email belum ada tanggapan!!!,1,1,,2025-11-17 15:36:25+00:00,"Halo, Jagoan! Mohon maaf apabila terdapat fitur atau layanan Jago yang belum sesuai harapan kamu. Kamu bisa menghubungi Tanya Jago di nomor 1500746 / 021-30000746 atau e-mail ke tanya@jago.com untuk kami bantu cek kendalanya lebih lanjut ya. Agent kami dengan senang hati membantu kamu.",2025-11-17 16:33:33,,Dataset/dataset\JAGO_googleplay_NOVEMBER_reviews.csv,transfer
39fabee9-965b-4dfb-a119-4e9bf401facf,Pengguna Google,https://play-lh.googleusercontent.com/EGemoI2NTXmTsBVtJqk8jxF9rh8ApRWfsIMQSt2uE4OcpQqbFu7f7NbTK05lx80nuSijCz7sc3a277R67g,aplikasi membantu..tidak repot2 bawa uang..semua bisa d qris..,5,0,1.60.0,2025-10-23 06:11:22+00:00,,,1.60.0,Dataset/dataset\GOPAY_googleplay_OCTOBER_reviews.csv,qris
c7f67fcf-06d3-4c0a-9f64-7d873ba1959d,Pengguna Google,https://play-lh.googleusercontent.com/EGemoI2NTXmTsBVtJqk8jxF9rh8ApRWfsIMQSt2uE4OcpQqbFu7f7NbTK05lx80nuSijCz7sc3a277R67g,"katanya tf ke sesama akun gopay bisa meskipun akun gopay belum gopayplus. tpi nyatanya apa tetep sama aja gk bisa, tetap harus upgrade ke gopayplus dulu kalo tf ke akun gopay orang lain",5,0,1.64.0,2025-11-23 16:10:32+00:00,,,1.64.0,Dataset/dataset\GOPAY_googleplay_NOVEMBER_reviews.csv,transfer
7fb99d96-9a2e-4c78-9b11-bed384951609,Pengguna Google,https://play-lh.googleusercontent.com/EGemoI2NTXmTsBVtJqk8jxF9rh8ApRWfsIMQSt2uE4OcpQqbFu7f7NbTK05lx80nuSijCz7sc3a277R67g,terhubung dengan grab driver..tapi transfer dari dompet tunai grab ke ovo gak masuk.. ovo bintang satu,1,0,3.144.0,2025-10-09 02:44:17+00:00,,,3.144.0,Dataset/dataset\OVO_googleplay_OCTOBER_reviews.csv,transfer
7b353986-3179-4bec-8e62-4da1d07f4c84,Pengguna Google,https://play-lh.googleusercontent.com/EGemoI2NTXmTsBVtJqk8jxF9rh8ApRWfsIMQSt2uE4OcpQqbFu7f7NbTK05lx80nuSijCz7sc3a277R67g,Sangat disayangkan lama login saat pembaharuan aplikasi,1,0,,2025-12-24 20:50:49+00:00,"Halo Sahabat @Siti Tartilah, mohon maaf atas ketidaknyamannya. Perihal kendala pada layanan Livin' by Mandiri, mohon untuk dapat mengirimkan email ke mandiricare@bankmandiri.co.id atau dapat menghubungi layanan mandiri 14000 agar dapat dilakukan pengecekan. Tks~Ervan",2025-12-24 21:59:46,,Dataset/dataset\LIVIN_googleplay_DECEMBER_reviews.csv,login
47b36d04-1272-48a8-ad00-cef71022e178,Pengguna Google,https://play-lh.googleusercontent.com/EGemoI2NTXmTsBVtJqk8jxF9rh8ApRWfsIMQSt2uE4OcpQqbFu7f7NbTK05lx80nuSijCz7sc3a277R67g,"transfer cepat,admin murah,gopay the best 👍👍👍",5,0,1.61.2,2025-11-06 18:21:34+00:00,,,1.61.2,Dataset/dataset\GOPAY_googleplay_NOVEMBER_reviews.csv,transfer
1f11821d-63e1-427d-9297-1691ee8fe964,Pengguna Google,https://play-lh.googleusercontent.com/EGemoI2NTXmTsBVtJqk8jxF9rh8ApRWfsIMQSt2uE4OcpQqbFu7f7NbTK05lx80nuSijCz7sc3a277R67g,kenapa gak bisa TF ke CIMB niaga,1,0,,2025-10-29 09:51:21+00:00,,,,Dataset/dataset\OVO_googleplay_OCTOBER_reviews.csv,transfer
67ca2c82-af1b-4e62-9145-757627f20a4c,Pengguna Google,https://play-lh.googleusercontent.com/EGemoI2NTXmTsBVtJqk8jxF9rh8ApRWfsIMQSt2uE4OcpQqbFu7f7NbTK05lx80nuSijCz7sc3a277R67g,"tiba"" keluar aplikasi, giliran login e-mail nya beda",3,0,,2025-11-19 07:27:13+00:00,,,,Dataset/dataset\OVO_googleplay_NOVEMBER_reviews.csv,login
6994b8f7-6ac8-49d2-85dd-ec14295eec87,Pengguna Google,https://play-lh.googleusercontent.com/EGemoI2NTXmTsBVtJqk8jxF9rh8ApRWfsIMQSt2uE4OcpQqbFu7f7NbTK05lx80nuSijCz7sc3a277R67g,masa sya gNti hp gak bisa login lgi pdhl di hp lama udh uninstal,3,0,3.144.0,2025-10-11 21:32:57+00:00,,,3.144.0,Dataset/dataset\OVO_googleplay_OCTOBER_reviews.csv,login
1f7127cf-f416-41da-aa25-0a23cf39a3dc,Pengguna Google,https://play-lh.googleusercontent.com/EGemoI2NTXmTsBVtJqk8jxF9rh8ApRWfsIMQSt2uE4OcpQqbFu7f7NbTK05lx80nuSijCz7sc3a277R67g,mudah melakukan pembayaran & transfer 👍,5,0,,2025-11-03 16:53:33+00:00,,,,Dataset/dataset\GOPAY_googleplay_NOVEMBER_reviews.csv,transfer
4b8aee38-3d56-44d9-8c28-e5533ac63e27,Pengguna Google,https://play-lh.googleusercontent.com/EGemoI2NTXmTsBVtJqk8jxF9rh8ApRWfsIMQSt2uE4OcpQqbFu7f7NbTK05lx80nuSijCz7sc3a277R67g,saya top up 1jt dari BRI statusnya sedang di proses dari jam 21:03 nanya ke BRI statusnya berhasil nyangkut di gopay tolong ini uang saya gimana,1,0,,2025-11-18 12:06:37+00:00,"Hai Kak Faris, pastikan nomor tujuan sudah benar, sudah cek halaman Riwayat, dan coba keluar dan masuk kembali ke aplikasi. Jika saldo masih belum masuk, silakan laporkan melalui menu Bantuan > ketik 'Top up GoPay saya belum masuk' > isi formulir dan cantumkan kode psr-25-322-0600-54656 pada bagian 'Ceritakan lebih lanjut'. ^Maura",2025-11-18 13:00:59,,Dataset/dataset\GOPAY_googleplay_NOVEMBER_reviews.csv,topup
1224bbfd-ee51-4df9-b8c1-fc204eb20241,Pengguna Google,https://play-lh.googleusercontent.com/EGemoI2NTXmTsBVtJqk8jxF9rh8ApRWfsIMQSt2uE4OcpQqbFu7f7NbTK05lx80nuSijCz7sc3a277R67g,mantap... transfer kemana saja gratis biasa admin,5,0,1.57.0,2025-10-12 09:28:06+00:00,,,1.57.0,Dataset/dataset\GOPAY_googleplay_OCTOBER_reviews.csv,transfer
8a337c8d-4981-4b3f-acf5-5aba2a58e675,Pengguna Google,https://play-lh.googleusercontent.com/EGemoI2NTXmTsBVtJqk8jxF9rh8ApRWfsIMQSt2uE4OcpQqbFu7f7NbTK05lx80nuSijCz7sc3a277R67g,"tf ke bank selalu gagal, kalau gabisa optimal, gausah ada sekalian, ga berfungsj",2,10,1.42.03,2025-11-12 19:19:04+00:00,"Hi Kak Muhammad, Mohon maaf mengenai kendala transfer ShopeePay ke bank selalu gagal. Mohon pastikan data rekening tujuan sudah sesuai &   telah menggunakan aplikasi ShopeePay terbaru. Apabila masih berkendala mohon menghubungi kami melalui DM Instagram di @ShopeePay_ID untuk bantuan lebih lanjut. Semoga kendala kakak segera terselesaikan ^CS",2025-11-13 11:06:11,1.42.03,Dataset/dataset\SHOPEEPAY_googleplay_NOVEMBER_reviews.csv,transfer
8a32df1e-2982-483b-8be2-edbb7b3738dc,Pengguna Google,https://play-lh.googleusercontent.com/EGemoI2NTXmTsBVtJqk8jxF9rh8ApRWfsIMQSt2uE4OcpQqbFu7f7NbTK05lx80nuSijCz7sc3a277R67g,"kenapa sering mau qris sulit masuk akun ny, padahal jaringan aman semuanya, semoga kdpn nya bisa lancar terus",3,0,2.5.0,2025-11-17 11:35:15+00:00,Hai Kak Hanif. Mohon maaf atas ketidaknyamanan dan kendala yang Kakak alami. Sebelumnya sempat terjadi kendala namun saat ini sudah berjalan normal. Silakan Kakak dapat mencoba kembali ya.,2025-11-17 13:23:41,2.5.0,Dataset/dataset\BLU_googleplay_NOVEMBER_reviews.csv,qris
dbfa1d85-4e7f-45a7-bbfa-459b8c3b0abf,Pengguna Google,https://play-lh.googleusercontent.com/EGemoI2NTXmTsBVtJqk8jxF9rh8ApRWfsIMQSt2uE4OcpQqbFu7f7NbTK05lx80nuSijCz7sc3a277R67g,Mau buat akun mandiri banking tapi susah sekali pas verifikasi wajah..udah di coba berkali-kali tetap gagal.. entah apa kendalanya!!,1,0,3.1.0,2025-11-05 16:30:42+00:00,"Halo Sahabat @Rian Thalha, mohon maaf atas ketidaknyamanannya. Terkait kendala transaksi Sahabat mohon untuk dapat mengirimkan email ke mandiricare@bankmandiri.co.id atau dapat menghubungi mandiri call 14000 agar dapat dilakukan pengecekan. Tks ~ Said",2025-11-05 16:47:33,3.1.0,Dataset/dataset\LIVIN_googleplay_NOVEMBER_reviews.csv,vermuk
91d97565-a612-44c1-8351-579045b0234f,Pengguna Google,https://play-lh.googleusercontent.com/EGemoI2NTXmTsBVtJqk8jxF9rh8ApRWfsIMQSt2uE4OcpQqbFu7f7NbTK05lx80nuSijCz7sc3a277R67g,sangat kecewa saya top up rp.100000 GK masuk,1,0,1.56.1,2025-10-19 21:01:49+00:00,"Hai Kak Abdul, pastikan nomor tujuan sudah benar, sudah cek halaman Riwayat, dan coba keluar dan masuk kembali ke aplikasi. Jika saldo masih belum masuk, silakan laporkan melalui menu Bantuan > ketik 'Top up GoPay saya belum masuk' > isi formulir dan cantumkan kode psr-25-292-1455-41966 pada bagian 'Ceritakan lebih lanjut'. ^Maura",2025-10-19 21:55:47,1.56.1,Dataset/dataset\GOPAY_googleplay_OCTOBER_reviews.csv,topup
2f7595ee-5c06-4df6-b624-fc505e4d6bfc,Pengguna Google,https://play-lh.googleusercontent.com/EGemoI2NTXmTsBVtJqk8jxF9rh8ApRWfsIMQSt2uE4OcpQqbFu7f7NbTK05lx80nuSijCz7sc3a277R67g,"sejauh ini bank ini fiturnya yang paling memudahkan saya sih yaa, ui nya juga simple dan bagus. sempat baca baca comment juga banyak banget rupanya yang terkendala aplikasinya, tapi saya tidak pernah juga sih mengalami yg seperti itu (karena untungnya saya tidak skill issue). lancar aja dari awal pakai, bahkan ini salah satu yang paling bagus selama saya pakai aplikasi banking. overall mantap, cuma yang kurang qr untuk bayar via qris aja sih, useful banget soalnya kalau belanja di supermarket.",5,25,8.78.0,2025-12-16 00:20:25+00:00,,,8.78.0,Dataset/dataset\JAGO_googleplay_DECEMBER_reviews.csv,qris
68d4279d-85ab-4794-9b7c-9d23945f9a43,Pengguna Google,https://play-lh.googleusercontent.com/EGemoI2NTXmTsBVtJqk8jxF9rh8ApRWfsIMQSt2uE4OcpQqbFu7f7NbTK05lx80nuSijCz7sc3a277R67g,"apk bangus cuman kenapa saya tidak bisa mengunakan gopay coin untuk top up diamond "" pembelian tidak wajar server sedang terganggu coba lagi nanti"" tolong kasih alasan untuk itu",3,0,,2025-11-19 00:34:39+00:00,"Hai Kak @Bangperdi Ganteng, mohon maaf atas ketidaknyamanannya. Terkait keluhan tersebut, silakan laporkan melalui email ke customerservice@gopay.co.id dengan melampirkan kode psr-25-323-0037-56999 pada subject email. Kami tunggu detail laporan kamu ya. ^Maura",2025-11-19 07:38:04,,Dataset/dataset\GOPAY_googleplay_NOVEMBER_reviews.csv,topup
d04a5f5e-b2fa-482b-982d-156999eafb09,Pengguna Google,https://play-lh.googleusercontent.com/EGemoI2NTXmTsBVtJqk8jxF9rh8ApRWfsIMQSt2uE4OcpQqbFu7f7NbTK05lx80nuSijCz7sc3a277R67g,aplikasi yang sangat membantu. dan semua serba murah mau top up atau bayar listrik dan pulsa,5,0,1.47.0,2025-10-03 13:31:11+00:00,,,1.47.0,Dataset/dataset\GOPAY_googleplay_OCTOBER_reviews.csv,topup
4ea8c325-3558-48ad-aa8f-541843e27df8,Pengguna Google,https://play-lh.googleusercontent.com/EGemoI2NTXmTsBVtJqk8jxF9rh8ApRWfsIMQSt2uE4OcpQqbFu7f7NbTK05lx80nuSijCz7sc3a277R67g,apknya nga jelas masa tf uang nunggu 2 hari. malahan uda 2 hari belum terkirim masih dalam proses,1,0,3.144.0,2025-10-12 15:59:25+00:00,,,3.144.0,Dataset/dataset\OVO_googleplay_OCTOBER_reviews.csv,transfer
6cf49988-e1e3-4fa5-816c-ab5d459c9721,Pengguna Google,https://play-lh.googleusercontent.com/EGemoI2NTXmTsBVtJqk8jxF9rh8ApRWfsIMQSt2uE4OcpQqbFu7f7NbTK05lx80nuSijCz7sc3a277R67g,tapi saat saya Top up dana selalu gagal entahlah kenapa,5,0,3.2.0,2025-12-30 20:24:37+00:00,"Hi Sahabat @Vina Nsi, mohon maaf atas ketidaknyamanannya. Terkait kendala Sahabat mohon untuk dapat mengirimkan email ke mandiricare@bankmandiri.co.id atau dapat menghubungi mandiri call 14000 agar dapat dilakukan pengecekan. Tks~Mandala",2025-12-30 20:36:50,3.2.0,Dataset/dataset\LIVIN_googleplay_DECEMBER_reviews.csv,topup
a1ea91af-5c6f-4095-8980-fa6e9324b5ac,Pengguna Google,https://play-lh.googleusercontent.com/EGemoI2NTXmTsBVtJqk8jxF9rh8ApRWfsIMQSt2uE4OcpQqbFu7f7NbTK05lx80nuSijCz7sc3a277R67g,cara login dengan nomor yg sudah tidak aktif tanpa kode OTP gmna ya min?,5,0,,2025-11-16 08:41:31+00:00,,,,Dataset/dataset\GOPAY_googleplay_NOVEMBER_reviews.csv,login
e4c2be56-37c2-457c-983e-53abc44dcc2e,Pengguna Google,https://play-lh.googleusercontent.com/EGemoI2NTXmTsBVtJqk8jxF9rh8ApRWfsIMQSt2uE4OcpQqbFu7f7NbTK05lx80nuSijCz7sc3a277R67g,"minus, gagal verif terus",1,0,,2025-12-29 08:05:18+00:00,"Halo, Jagoan! Mohon maaf atas ketidaknyamanannya ya. Untuk kendala yang kamu alami, bisakah diinformasikan secara detail ke Tanya Jago di nomor 1500746 /+62 21 3000 0746 atau email ke tanya@jago.com? Kami dengan senang hati akan membantu kamu. :)",2025-12-29 08:32:48,,Dataset/dataset\JAGO_googleplay_DECEMBER_reviews.csv,vermuk
b7139a6c-00f1-456e-99f1-e3e42bc0c21e,Pengguna Google,https://play-lh.googleusercontent.com/EGemoI2NTXmTsBVtJqk8jxF9rh8ApRWfsIMQSt2uE4OcpQqbFu7f7NbTK05lx80nuSijCz7sc3a277R67g,tampilan ui simpel dan mudah digunakan namun untuk login ke apl masih kurang responsif,3,0,,2025-12-30 23:19:30+00:00,"Hai, Kak Mahendra. Maaf atas ketidaknyamanannya. Kami akan selalu terus memperbaiki sistem demi mencapai kepuasan para pengguna aplikasi blu. Terkait kendala tersebut pastikan Kakak menggunakan aplikasi blu versi terbaru, pastikan setting waktu di handphone menjadi otomatis, jaringan internet lancar dan stabil serta tidak menggunakan jaringan WiFi.",2025-12-30 23:27:05,,Dataset/dataset\BLU_googleplay_DECEMBER_reviews.csv,login
d1a4c7ec-daf2-49fd-8070-9eb25444a0f8,Pengguna Google,https://play-lh.googleusercontent.com/EGemoI2NTXmTsBVtJqk8jxF9rh8ApRWfsIMQSt2uE4OcpQqbFu7f7NbTK05lx80nuSijCz7sc3a277R67g,pelayanan ovo bagus jangan pakai potongan admin klo di transfer dan mentransfer uang,5,0,3.141.0,2025-11-11 07:20:56+00:00,,,3.141.0,Dataset/dataset\OVO_googleplay_NOVEMBER_reviews.csv,transfer
3ada5721-85ff-485d-b85f-1bae9777bce0,Pengguna Google,https://play-lh.googleusercontent.com/EGemoI2NTXmTsBVtJqk8jxF9rh8ApRWfsIMQSt2uE4OcpQqbFu7f7NbTK05lx80nuSijCz7sc3a277R67g,sekarang kaga bagus saya bayar pakai Qris gagal mulu dulu ovo bagus bayar pakai kiris berkali2 kaga masalah ok aja sekarang persi baru jelek bangat asli jelek bangat kecewa berat,1,1,3.150.0,2025-12-30 14:02:49+00:00,,,3.150.0,Dataset/dataset\OVO_googleplay_DECEMBER_reviews.csv,qris
3a6ae4f9-2022-4273-a81d-09e45860b1f4,Pengguna Google,https://play-lh.googleusercontent.com/EGemoI2NTXmTsBVtJqk8jxF9rh8ApRWfsIMQSt2uE4OcpQqbFu7f7NbTK05lx80nuSijCz7sc3a277R67g,Ovo tau top up tapi saldo gak nambah,1,0,3.146.0,2025-11-09 09:09:17+00:00,,,3.146.0,Dataset/dataset\OVO_googleplay_NOVEMBER_reviews.csv,topup
a7085419-7e4b-48ce-9598-f8b7f4fb5626,Pengguna Google,https://play-lh.googleusercontent.com/EGemoI2NTXmTsBVtJqk8jxF9rh8ApRWfsIMQSt2uE4OcpQqbFu7f7NbTK05lx80nuSijCz7sc3a277R67g,"semoga aplikasi ini cepat tutup. biaya topup 1200. biaya transfer 2500. analoginya kita mau isi dompet sendiri malah kena biaya, masih mending uang kas. Gk ada biaya admin, topup dll. Ini perhatian buat BI, OJK atau apalah. Adanya aplikasi digital ini untuk mempermudah, bukan untuk mencari recehan dikali ratusan ribu transaksi.",1,24,3.144.0,2025-10-11 22:05:11+00:00,,,3.144.0,Dataset/dataset\OVO_googleplay_OCTOBER_reviews.csv,topup
9991dfee-0ea6-4b63-bb49-7ec018d92a51,Pengguna Google,https://play-lh.googleusercontent.com/EGemoI2NTXmTsBVtJqk8jxF9rh8ApRWfsIMQSt2uE4OcpQqbFu7f7NbTK05lx80nuSijCz7sc3a277R67g,kepada pihak Livin mandiri yang terhormat kenapa akun live saya tidak bisa di login... dengan keterangan layanan ini tidak tersedia... mohon bantuannya kepada pihak Livin mandiri yang terhormat.... terimakasih,5,0,3.2.0,2025-12-31 18:39:33+00:00,"Halo Sahabat @Tegar Ade Bachtiar, mohon maaf atas ketidaknyamanannya. Terkait kendala Sahabat mohon untuk dapat mengirimkan email ke mandiricare@bankmandiri.co.id atau dapat menghubungi Mandiri Call 14000 lalu tekan 2 agar dapat dilakukan pengecekan. Tks~Amar",2025-12-31 18:42:23,3.2.0,Dataset/dataset\LIVIN_googleplay_DECEMBER_reviews.csv,login
403e95be-7786-4d47-8ec4-d0b62e65d41a,Pengguna Google,https://play-lh.googleusercontent.com/EGemoI2NTXmTsBVtJqk8jxF9rh8ApRWfsIMQSt2uE4OcpQqbFu7f7NbTK05lx80nuSijCz7sc3a277R67g,TRANSFER KEDELAY MULU JELEK !,1,0,1.40.06,2025-10-12 12:53:11+00:00,"Hi Kak Feby. Mohon maaf atas kendala proses transfer dana ShopeePay. Terkait kendala tersebut mohon menghubungi kami melalui DM ke Instagram @ShopeePay_ID yang bercentang biru, dengan menginformasikan detail dan bukti kendala untuk bantuan lebih lanjut. Semoga kendala kakak segera terselesaikan ya. ^CS",2025-10-13 11:26:05,1.40.06,Dataset/dataset\SHOPEEPAY_googleplay_OCTOBER_reviews.csv,transfer
e707560e-9ab1-4a12-a9df-938bed89643b,Pengguna Google,https://play-lh.googleusercontent.com/EGemoI2NTXmTsBVtJqk8jxF9rh8ApRWfsIMQSt2uE4OcpQqbFu7f7NbTK05lx80nuSijCz7sc3a277R67g,"sangat memuaskan,memudahkan dalam belanja di Shopee dn tf di bank lainnya.",5,0,1.44.05,2025-12-21 14:08:21+00:00,"Hi Kak. Terima kasih telah menggunakan ShopeePay. Mari cek aplikasi ShopeePay karena banyak fitur yang mempermudah keseharian kakak seperti pembelian pulsa, paket data, pembayaran tagihan listrik dan pembayaran lainnya. Jika kakak memiliki pertanyaan seputar ShopeePay, mohon DM kami di Instagram @ShopeePay_ID ya. Semoga harimu menyenangkan ^RJ",2025-12-22 10:08:40,1.44.05,Dataset/dataset\SHOPEEPAY_googleplay_DECEMBER_reviews.csv,transfer
358a5f78-20be-4b31-9254-fd85decf55cf,Pengguna Google,https://play-lh.googleusercontent.com/EGemoI2NTXmTsBVtJqk8jxF9rh8ApRWfsIMQSt2uE4OcpQqbFu7f7NbTK05lx80nuSijCz7sc3a277R67g,"saya tidak bisa masuk ke akun saya karena verifikasi wajah salah terus,mana saldo saya ada 50rb.Padahal no tlp,pin Gmail,semuanya bnr,yg selalu tidak bisa verifikasi wajah terus",1,1,1.61.2,2025-11-04 20:20:22+00:00,"Hai Kak Nugi, mohon maaf atas ketidaknyamanannya. Jika masih mengalami keluhan, silakan laporkan melalui email ke customerservice@gopay.co.id dengan melampirkan kode psr-25-308-1446-53146 pada subject email dan cantumkan nomor laporan sebelumnya serta ceritakan kembali detail permasalahannya. Kami tunggu detail laporan kamu ya. ^Miko",2025-11-04 21:47:09,1.61.2,Dataset/dataset\GOPAY_googleplay_NOVEMBER_reviews.csv,vermuk
7207ff95-e832-4203-afef-51179b887d9d,Pengguna Google,https://play-lh.googleusercontent.com/EGemoI2NTXmTsBVtJqk8jxF9rh8ApRWfsIMQSt2uE4OcpQqbFu7f7NbTK05lx80nuSijCz7sc3a277R67g,pantes jelek biaya gak ngotak... dah di potong waktu tf eh di potong lg masuk ovo ajing nih apk,1,0,3.32.0,2025-11-26 21:05:21+00:00,"Hai Kak, mohon maaf atas ketidaknyamanannya. Apabila ada keluhan/pertanyaan mohon menghubungi tim kami melalui email di cs@ovo.id atau call center kami di 1500-696. Terima kasih. ^FH",2021-04-01 01:13:52,3.32.0,Dataset/dataset\OVO_googleplay_NOVEMBER_reviews.csv,transfer
7a1d59e4-b2e1-47b3-b7a9-8e77eefafdb5,Pengguna Google,https://play-lh.googleusercontent.com/EGemoI2NTXmTsBVtJqk8jxF9rh8ApRWfsIMQSt2uE4OcpQqbFu7f7NbTK05lx80nuSijCz7sc3a277R67g,Pindah Hp Malah Ga Bisa Verif Wajah,1,0,1.61.2,2025-10-30 09:10:18+00:00,"Hai Kak @Pejuang Loading, mohon maaf atas ketidaknyamanannya. Pastikan kamu mengambil foto selfie dengan pencahayaan yang baik dan wajah terlihat jelas. Jika masih berkendala, silakan laporkan detailnya melalui email ke customerservice@gopay.co.id dan cantumkan kode psr-25-303-0514-51995 pada subjek email. ^Maura",2025-10-30 12:14:57,1.61.2,Dataset/dataset\GOPAY_googleplay_OCTOBER_reviews.csv,vermuk
cac4f42a-fa77-404f-a106-1cba38d7aaad,Pengguna Google,https://play-lh.googleusercontent.com/EGemoI2NTXmTsBVtJqk8jxF9rh8ApRWfsIMQSt2uE4OcpQqbFu7f7NbTK05lx80nuSijCz7sc3a277R67g,akun saya kenapa tidak bisa di login kan?,2,0,1.56.1,2025-10-18 08:23:56+00:00,"Hai Kak Raditya, untuk login ke aplikasi GoPay, gunakan nomor HP yang terdaftar di akun Gojek-mu. Jika belum punya akun Gojek, kamu bisa daftar langsung di aplikasi GoPay, ya. Jika masih tidak bisa login, laporkan ke kami melalui email ke customerservice@gopay.co.id dan mencantumkan kode psr-25-291-0732-12489 pada subjek email. ^Miko",2025-10-18 14:32:23,1.56.1,Dataset/dataset\GOPAY_googleplay_OCTOBER_reviews.csv,login
4e70370c-abdc-41e1-a62b-10073f38498a,Pengguna Google,https://play-lh.googleusercontent.com/EGemoI2NTXmTsBVtJqk8jxF9rh8ApRWfsIMQSt2uE4OcpQqbFu7f7NbTK05lx80nuSijCz7sc3a277R67g,aplikasi gajelas gabisa transfer kemana mana selalu gagal,1,1,3.144.0,2025-10-01 15:10:01+00:00,,,3.144.0,Dataset/dataset\OVO_googleplay_OCTOBER_reviews.csv,transfer
43d27b4c-3a34-4841-bbdb-0547657f7a16,Pengguna Google,https://play-lh.googleusercontent.com/EGemoI2NTXmTsBVtJqk8jxF9rh8ApRWfsIMQSt2uE4OcpQqbFu7f7NbTK05lx80nuSijCz7sc3a277R67g,hati2 pakai ini aplikasi..saya tf ke dana untuk kasbonan anak buah saya...sudah1 minggu blm masuk juga..sudah laporan tapi nihil,1,0,1.60.0,2025-10-15 02:01:07+00:00,"Hai Kak @Isolasijacketing, mohon maaf atas ketidaknyamanannya. Jika masih mengalami keluhan, silakan laporkan melalui email ke customerservice@gopay.co.id dengan melampirkan kode psr-25-288-0043-46675 pada subject email dan cantumkan nomor laporan sebelumnya serta ceritakan kembali detail permasalahannya. Kami tunggu detail laporan kamu ya. ^Miko",2025-10-15 07:44:14,1.60.0,Dataset/dataset\GOPAY_googleplay_OCTOBER_reviews.csv,transfer
5f26fdb2-65b2-48e9-9f34-d7f5e0f6b859,Pengguna Google,https://play-lh.googleusercontent.com/EGemoI2NTXmTsBVtJqk8jxF9rh8ApRWfsIMQSt2uE4OcpQqbFu7f7NbTK05lx80nuSijCz7sc3a277R67g,"Kog setiap kita top up, disarankan untuk download aplikasi lagi? Pembodohan ini namanya.",1,0,,2025-11-08 13:06:54+00:00,"Hi Kak Arolina. Mohon maaf mengenai kendala tidak bisa Top Up. Untuk bantuan lebih lanjut, mohon menghubungi kami melalui DM ke Instagram @ShopeePay_ID dengan melampirkan foto/screenshot notifikasi kendala yang dialami. ^CS",2025-11-10 15:45:42,,Dataset/dataset\SHOPEEPAY_googleplay_NOVEMBER_reviews.csv,topup
7c747c4b-6982-4502-b479-b87f0721a5fa,Pengguna Google,https://play-lh.googleusercontent.com/EGemoI2NTXmTsBVtJqk8jxF9rh8ApRWfsIMQSt2uE4OcpQqbFu7f7NbTK05lx80nuSijCz7sc3a277R67g,kenapa suka keluar sendiri? udh login keluar lagi keluar lagi. tolong diperbaiki. capek login trus,1,0,,2025-12-10 01:40:42+00:00,"Halo, Jagoan. Mohon maaf atas kendala yang terjadi ya. Kamu tidak perlu khawatir, kamu bisa menjelaskan detail kendala tersebut melalui email di tanya@jago.com atau call center 1500 746 untuk kami bantu tangani lebih lanjut. Terima kasih :)",2025-12-10 02:03:35,,Dataset/dataset\JAGO_googleplay_DECEMBER_reviews.csv,login
a40a5156-1b3d-4515-9c6c-b54532356486,Pengguna Google,https://play-lh.googleusercontent.com/EGemoI2NTXmTsBVtJqk8jxF9rh8ApRWfsIMQSt2uE4OcpQqbFu7f7NbTK05lx80nuSijCz7sc3a277R67g,"aplikasi yang baik ,transfer kemana aja mudah dn nggk ribet,cuman aku minta tolong dengan pihak gopay,aku yang salah kirim uang tadi bisa nggak bantu kembaliin 🙏🙏🙏",5,0,1.52.0,2025-10-10 22:19:52+00:00,,,1.52.0,Dataset/dataset\GOPAY_googleplay_OCTOBER_reviews.csv,transfer
d9102420-a281-4feb-af8e-c1f6f814a7b4,Pengguna Google,https://play-lh.googleusercontent.com/EGemoI2NTXmTsBVtJqk8jxF9rh8ApRWfsIMQSt2uE4OcpQqbFu7f7NbTK05lx80nuSijCz7sc3a277R67g,bisa tf gratis,4,0,1.61.2,2025-11-04 11:09:15+00:00,,,1.61.2,Dataset/dataset\GOPAY_googleplay_NOVEMBER_reviews.csv,transfer
283668e3-00e8-4309-98da-ded5adb59097,Pengguna Google,https://play-lh.googleusercontent.com/EGemoI2NTXmTsBVtJqk8jxF9rh8ApRWfsIMQSt2uE4OcpQqbFu7f7NbTK05lx80nuSijCz7sc3a277R67g,kacau nih suruh upgrade udah berapa kali ga di ACC padahal butuh duit nya buat transfer,1,0,3.144.0,2025-10-12 10:48:06+00:00,,,3.144.0,Dataset/dataset\OVO_googleplay_OCTOBER_reviews.csv,transfer
a6d9438d-18fc-444b-858e-58e52b56ebbb,Pengguna Google,https://play-lh.googleusercontent.com/EGemoI2NTXmTsBVtJqk8jxF9rh8ApRWfsIMQSt2uE4OcpQqbFu7f7NbTK05lx80nuSijCz7sc3a277R67g,belum bisa transfer gratis dari atau bank lain,3,0,8.73.0,2025-10-04 06:50:32+00:00,"Hai, Jagoan. Mohon maaf untuk kendala yang kamu alami. Terkait kendala tersebut, kamu bisa segera laporkan ke Tanya Jago di nomor 1500746/021-30000746 atau e-mail ke tanya@jago.com ya. Tidak perlu khawatir karena tim terkait kami akan segera membantu. Terima kasih.",2025-10-04 07:12:38,8.73.0,Dataset/dataset\JAGO_googleplay_OCTOBER_reviews.csv,transfer
4bec4750-8fb6-46e5-b602-1e8183efb293,Pengguna Google,https://play-lh.googleusercontent.com/EGemoI2NTXmTsBVtJqk8jxF9rh8ApRWfsIMQSt2uE4OcpQqbFu7f7NbTK05lx80nuSijCz7sc3a277R67g,gopay awalnya bagus lancar dan kenapa besoknya gk bisa transfer ke dana dngan alasan sdang di perbaiki,4,0,1.59.0,2025-10-01 15:09:42+00:00,,,1.59.0,Dataset/dataset\GOPAY_googleplay_OCTOBER_reviews.csv,transfer
7e0d1f82-f8fe-4bcb-b952-96d6283039f3,Pengguna Google,https://play-lh.googleusercontent.com/EGemoI2NTXmTsBVtJqk8jxF9rh8ApRWfsIMQSt2uE4OcpQqbFu7f7NbTK05lx80nuSijCz7sc3a277R67g,"masa verifikasi aja nunggu 24 jam sistemenya gimna sih, beda sama gopay transfer gausah verifikasi langsung bisa aku kira bakal sama eh gataunya malah harus nunggu padahal lagi butuh banget buat tf ke orang soalnya lagi ga ada cash",1,4,3.145.0,2025-10-26 19:02:46+00:00,,,3.145.0,Dataset/dataset\OVO_googleplay_OCTOBER_reviews.csv,transfer
68d6f730-c080-4afd-b6a3-9147865442d3,Pengguna Google,https://play-lh.googleusercontent.com/EGemoI2NTXmTsBVtJqk8jxF9rh8ApRWfsIMQSt2uE4OcpQqbFu7f7NbTK05lx80nuSijCz7sc3a277R67g,"eh bangsat, tf ke ovo dah kena admin masa pas masuk masih dipotong dr ovo? maruk bgt narikin duit receh najis",1,0,3.134.0,2025-10-19 11:26:04+00:00,,,3.134.0,Dataset/dataset\OVO_googleplay_OCTOBER_reviews.csv,transfer
8308f2ae-4dfc-4693-8601-ca48f711f05f,Pengguna Google,https://play-lh.googleusercontent.com/EGemoI2NTXmTsBVtJqk8jxF9rh8ApRWfsIMQSt2uE4OcpQqbFu7f7NbTK05lx80nuSijCz7sc3a277R67g,"memudahkan kita untuk transfer sama keluarga, dan bayar utang,",5,0,3.2.0,2025-12-11 16:32:53+00:00,"Halo Sahabat @Gulo Jufri Gulo, terima kasih atas review yang telah diberikan. Semoga terus menikmati kemudahan dan kenyamanan dalam menggunakan Livin' by Mandiri ya. Daftarkan transaksi secepat kilat pada menu Quick Pick untuk diakses pada halaman Login atau Beranda. Yuk coba sekarang. Tks~Carissa",2025-12-11 16:59:06,3.2.0,Dataset/dataset\LIVIN_googleplay_DECEMBER_reviews.csv,transfer
f8668699-d2e2-440d-88e3-fb9b0abfb81c,Pengguna Google,https://play-lh.googleusercontent.com/EGemoI2NTXmTsBVtJqk8jxF9rh8ApRWfsIMQSt2uE4OcpQqbFu7f7NbTK05lx80nuSijCz7sc3a277R67g,makin ga jelas nih apk masak data sesuai semua malah ga bisa login gimana si nih?,1,0,3.1.0,2025-11-10 23:08:50+00:00,"Halo Sahabat @mas ora nggenah, mohon maaf atas ketidaknyamanannya. Untuk perihal kendala pada layanan Livin' by Mandiri, disarankan melakukan force close pada aplikasi Livin' by Mandiri, kemudian restart device/handphone yg digunakan dan mencoba kembali secara berkala. Tks~Raka",2025-11-10 23:13:13,3.1.0,Dataset/dataset\LIVIN_googleplay_NOVEMBER_reviews.csv,login
0a2100f1-3c91-4541-839d-460cfea2662c,Pengguna Google,https://play-lh.googleusercontent.com/EGemoI2NTXmTsBVtJqk8jxF9rh8ApRWfsIMQSt2uE4OcpQqbFu7f7NbTK05lx80nuSijCz7sc3a277R67g,"saya top up udah 5x pngajuan masih di tolak,g tau alasan nya apa",2,0,3.1.0,2025-12-09 21:35:09+00:00,"Halo Sahabat @Sisi Andini, mohon maaf atas ketidaknyamannya. Perihal kendala yang dialami, mohon untuk dapat mengirimkan email ke mandiricare@bankmandiri.co.id atau dapat menghubungi layanan mandiri 14000 agar dapat dilakukan pengecekan. Tks~Romi",2025-12-09 21:56:21,3.1.0,Dataset/dataset\LIVIN_googleplay_DECEMBER_reviews.csv,topup
57e30511-8cae-4dc3-aa94-0e24b0333325,Pengguna Google,https://play-lh.googleusercontent.com/EGemoI2NTXmTsBVtJqk8jxF9rh8ApRWfsIMQSt2uE4OcpQqbFu7f7NbTK05lx80nuSijCz7sc3a277R67g,transfer ke bank masa harus di suruh nunggu lagi sampai 2 hari apk apaan,1,1,,2025-10-06 07:52:38+00:00,"Hai Kak Eman, mohon maaf atas ketidaknyamanannya. Jika kamu masih mengalami kendala, silakan laporkan melalui email ke customerservice@gopay.co.id dengan melampirkan kode psr-25-279-0046-51521 pada subject email dan cantumkan nomor laporan kamu sebelumnya pada email yang kamu kirimkan. Kami tunggu detail laporan kamu ya. ^Maura",2025-10-06 07:46:56,,Dataset/dataset\GOPAY_googleplay_OCTOBER_reviews.csv,transfer
4bebf8eb-beaf-48db-9345-f795851d03da,Pengguna Google,https://play-lh.googleusercontent.com/EGemoI2NTXmTsBVtJqk8jxF9rh8ApRWfsIMQSt2uE4OcpQqbFu7f7NbTK05lx80nuSijCz7sc3a277R67g,tolong tambahkan fitur tarik uang yang sudah di TF karena banyak penipu yang menggunakan ovo Untuk menjalankan aksi,2,0,3.148.0,2025-11-27 16:24:44+00:00,,,3.148.0,Dataset/dataset\OVO_googleplay_NOVEMBER_reviews.csv,transfer
18f66389-a56e-4cde-bcf0-fd9ebd03029c,Pengguna Google,https://play-lh.googleusercontent.com/EGemoI2NTXmTsBVtJqk8jxF9rh8ApRWfsIMQSt2uE4OcpQqbFu7f7NbTK05lx80nuSijCz7sc3a277R67g,kecewa transfer di gantung berhasil engga gagal engga,1,0,1.44.05,2025-12-19 19:55:21+00:00,"Hi Kak Nurul. Mohon maaf mengenai kendala transfer ShopeePay yang belum diterima. Untuk pengecekan lebih lanjut, mohon menghubungi kami melalui DM ke Instagram @ShopeePay_ID dengan melampirkan bukti transfer yang tertera nomor transaksi (Order SN), nominal, tanggal dan waktu transaksi. ^EN",2025-12-22 11:21:41,1.44.05,Dataset/dataset\SHOPEEPAY_googleplay_DECEMBER_reviews.csv,transfer
b6c9c0d6-29eb-47b4-970c-9c21303bb1dd,Pengguna Google,https://play-lh.googleusercontent.com/EGemoI2NTXmTsBVtJqk8jxF9rh8ApRWfsIMQSt2uE4OcpQqbFu7f7NbTK05lx80nuSijCz7sc3a277R67g,astagaaaa shopeepay aku tf ke dana 600k bisa bisanya nunggu sedangkan pakai sea bank langsung masukk😭😭 sedih banget padahal urgent uangnya kecewa berat ga langsung masuk💔💔 gatau sampai kapan nunggu nya,2,0,1.44.05,2025-12-16 15:31:49+00:00,"Hi Kak Diny. Mohon maaf atas kendala transfer saldo ShopeePay ke DANA yang belum diterima. Terkait kendala tersebut mohon menghubungi kami melalui DM ke Instagram @ShopeePay_ID yang bercentang biru, dengan melampirkan bukti transfer yang terkendala untuk bantuan lebih lanjut. Semoga kendala kakak segera terselesaikan ya. ^CS",2025-12-16 16:18:37,1.44.05,Dataset/dataset\SHOPEEPAY_googleplay_DECEMBER_reviews.csv,transfer
c6693322-ccf9-4c83-9de6-1f1a2fa55a94,Pengguna Google,https://play-lh.googleusercontent.com/EGemoI2NTXmTsBVtJqk8jxF9rh8ApRWfsIMQSt2uE4OcpQqbFu7f7NbTK05lx80nuSijCz7sc3a277R67g,"hallo min kenapa gopay tidak bisa pakai qris? ada kendala apa ya, dari tadi sore sampai sekarang belum bisa pake qris",2,0,1.60.0,2025-10-26 21:03:48+00:00,"Hai Kak Apri, mohon maaf atas ketidaknyamanannya. Pastikan kamu menggunakan aplikasi GoPay versi terbaru dan posisi kode QR yang dipindai sudah sesuai. Jika masih berkendala, laporkan melalui email customerservice@gopay.co.id dan cantumkan kode psr-25-299-1416-26685 pada subject email yang kamu kirimkan ya. ^Melisa",2025-10-26 21:16:33,1.60.0,Dataset/dataset\GOPAY_googleplay_OCTOBER_reviews.csv,qris
b9efc860-6172-4d69-b3a2-978ee39ec9d9,Pengguna Google,https://play-lh.googleusercontent.com/EGemoI2NTXmTsBVtJqk8jxF9rh8ApRWfsIMQSt2uE4OcpQqbFu7f7NbTK05lx80nuSijCz7sc3a277R67g,apl nya bagus transaksi murah dan bias untuk top up geme,5,0,1.60.0,2025-10-21 13:37:17+00:00,,,1.60.0,Dataset/dataset\GOPAY_googleplay_OCTOBER_reviews.csv,topup
62f36ad6-7855-4f2e-8fa1-2bff3d402403,Pengguna Google,https://play-lh.googleusercontent.com/EGemoI2NTXmTsBVtJqk8jxF9rh8ApRWfsIMQSt2uE4OcpQqbFu7f7NbTK05lx80nuSijCz7sc3a277R67g,bagus si aplikasi nya sangat membantu tapi sangat disayangkan kalau ada yang transfer uang gaada keterangan siapa nama pengirimnya,5,0,1.44.04,2025-11-29 20:09:49+00:00,"Hi Kak. Terima kasih telah menggunakan ShopeePay. Mari cek aplikasi ShopeePay karena banyak fitur yang mempermudah keseharian kakak seperti pembelian pulsa, paket data, pembayaran tagihan listrik dan pembayaran lainnya. Jika kakak memiliki pertanyaan seputar ShopeePay, mohon DM kami di Instagram @ShopeePay_ID ya. Semoga harimu menyenangkan ^RJ",2025-12-01 10:06:45,1.44.04,Dataset/dataset\SHOPEEPAY_googleplay_NOVEMBER_reviews.csv,transfer
1d1a76c1-2773-4e10-a972-b3ca6a218865,Pengguna Google,https://play-lh.googleusercontent.com/EGemoI2NTXmTsBVtJqk8jxF9rh8ApRWfsIMQSt2uE4OcpQqbFu7f7NbTK05lx80nuSijCz7sc3a277R67g,gimana ini saya sudah top up dari pengirim sudah sukses tapi saldo tidak masuk,3,0,3.143.0,2025-11-16 10:49:48+00:00,,,3.143.0,Dataset/dataset\OVO_googleplay_NOVEMBER_reviews.csv,topup
2739d94c-600f-4e28-b4fd-c6c5061a4834,Pengguna Google,https://play-lh.googleusercontent.com/EGemoI2NTXmTsBVtJqk8jxF9rh8ApRWfsIMQSt2uE4OcpQqbFu7f7NbTK05lx80nuSijCz7sc3a277R67g,aneh tiba tiba eror di suru ganti koneksi padahal udah pake wifi. Udah di uninstall terus di install masih sama kek gitu sedangkan uang nya udah di trf ke ovo,2,1,3.148.0,2025-12-05 16:07:34+00:00,,,3.148.0,Dataset/dataset\OVO_googleplay_DECEMBER_reviews.csv,transfer
270771e1-f434-4660-8274-9981fd6c3e4d,Pengguna Google,https://play-lh.googleusercontent.com/EGemoI2NTXmTsBVtJqk8jxF9rh8ApRWfsIMQSt2uE4OcpQqbFu7f7NbTK05lx80nuSijCz7sc3a277R67g,"sumpah anjir ovo setiap di top up malah keluar aplikasi dan harus log in mulu, setiap log in nunggu otp nya lama bgt sumpah ribet 🥲",1,0,,2025-10-10 14:54:06+00:00,,,,Dataset/dataset\OVO_googleplay_OCTOBER_reviews.csv,topup
78545ce3-24de-4f76-acb3-bd161c870002,Pengguna Google,https://play-lh.googleusercontent.com/EGemoI2NTXmTsBVtJqk8jxF9rh8ApRWfsIMQSt2uE4OcpQqbFu7f7NbTK05lx80nuSijCz7sc3a277R67g,"barusan login udah di blokir aja akunnya,sangat kecewa",1,0,1.60.0,2025-10-19 17:37:27+00:00,"Mohon maaf, Kak Rafli. GoPay selalu menjaga keamanan dompetmu dengan memblokir akun sementara apabila terdeteksi transaksi yang mencurigakan. Silakan laporkan dengan login ke aplikasi Gojek > ke Halaman Bantuan > cari artikel ""Saya tidak dapat menggunakan GoPay"" di kolom bantuan > isi form di artikel. ^Maura",2025-10-19 18:07:28,1.60.0,Dataset/dataset\GOPAY_googleplay_OCTOBER_reviews.csv,login
e2991bc3-79ed-4668-8535-759b53a94e35,Pengguna Google,https://play-lh.googleusercontent.com/EGemoI2NTXmTsBVtJqk8jxF9rh8ApRWfsIMQSt2uE4OcpQqbFu7f7NbTK05lx80nuSijCz7sc3a277R67g,memudahkan bertransaksi dan transfer uang,5,0,,2025-10-21 17:04:54+00:00,"Hi Kak. Terima kasih telah menggunakan ShopeePay. Mari cek aplikasi ShopeePay karena banyak fitur yang mempermudah keseharian kakak seperti pembelian pulsa, paket data, pembayaran tagihan listrik dan pembayaran lainnya. Jika kakak memiliki pertanyaan seputar ShopeePay, mohon DM kami di Instagram @ShopeePay_ID ya. Semoga harimu menyenangkan ^RJ",2025-10-22 10:03:29,,Dataset/dataset\SHOPEEPAY_googleplay_OCTOBER_reviews.csv,transfer
2accecd3-7dca-46d7-9f3d-6f26d6691c2f,Pengguna Google,https://play-lh.googleusercontent.com/EGemoI2NTXmTsBVtJqk8jxF9rh8ApRWfsIMQSt2uE4OcpQqbFu7f7NbTK05lx80nuSijCz7sc3a277R67g,"apa-apa mudah sekarang pakai aplikasi inii, semoga ga turun ya performanya ga sering error & bisa tf kemana pun tanpa admin 🤣",5,0,1.43.10,2025-11-26 22:09:21+00:00,"Hi Kak. Terima kasih telah menggunakan ShopeePay. Mari cek aplikasi ShopeePay karena banyak fitur yang mempermudah keseharian kakak seperti pembelian pulsa, paket data, pembayaran tagihan listrik dan pembayaran lainnya. Jika kakak memiliki pertanyaan seputar ShopeePay, mohon DM kami di Instagram @ShopeePay_ID ya. Semoga harimu menyenangkan ^RJ",2025-11-27 09:43:56,1.43.10,Dataset/dataset\SHOPEEPAY_googleplay_NOVEMBER_reviews.csv,transfer
a8505506-a47f-40c8-bb45-1de848923e19,Pengguna Google,https://play-lh.googleusercontent.com/EGemoI2NTXmTsBVtJqk8jxF9rh8ApRWfsIMQSt2uE4OcpQqbFu7f7NbTK05lx80nuSijCz7sc3a277R67g,"Udah lama nahan, akhirnya terpaksa kasih rating bintang 1 juga. Karena belum ada perubahan juga. Login lama sekali, kalau perlu pembayaran cashless, sangat memakan waktu & memalukan. Dikira jaringan tidak stabil, padahal memang aplikasinya yang sangat lambat. Tolong segera diperbaiki!",1,1155,3.2.0,2025-11-16 22:17:03+00:00,"Halo Sahabat @Stinika Musamma, mohon maaf atas ketidaknyamannya. Perihal kendala pada layanan Livin' by Mandiri, mohon untuk dapat mengirimkan email ke mandiricare@bankmandiri.co.id atau dapat menghubungi layanan mandiri 14000 agar dapat dilakukan pengecekan. Tks~Syarif",2025-11-16 22:21:58,3.2.0,Dataset/dataset\LIVIN_googleplay_NOVEMBER_reviews.csv,login
9e34b372-fa24-4fc2-baa0-c3fc7c331ed3,Pengguna Google,https://play-lh.googleusercontent.com/EGemoI2NTXmTsBVtJqk8jxF9rh8ApRWfsIMQSt2uE4OcpQqbFu7f7NbTK05lx80nuSijCz7sc3a277R67g,saya memberikan reting bintang 1 karena saya top up saldonya GK masuk karena akhir² sering eror emang aplikasi tidak guna anj saran saya cari aplikasi transaksi yang lain...,1,0,3.147.0,2025-11-16 08:18:45+00:00,,,3.147.0,Dataset/dataset\OVO_googleplay_NOVEMBER_reviews.csv,topup
40d9109c-f92e-4010-aa3b-e43a149ca3e3,Pengguna Google,https://play-lh.googleusercontent.com/EGemoI2NTXmTsBVtJqk8jxF9rh8ApRWfsIMQSt2uE4OcpQqbFu7f7NbTK05lx80nuSijCz7sc3a277R67g,saya sudah top up game di gopay yang pertama sudah masuk tapi saya top up lagi tidak masuk² pokok ny harus ganti!,2,0,,2025-11-18 20:08:36+00:00,"Hai Kak Zurfa, mohon maaf atas ketidaknyamanannya. Terkait hal tersebut, silakan laporkan melalui email ke customerservice@gopay.co.id dengan melampirkan kode psr-25-322-1351-42077 pada subject email dan ceritakan kembali detail permasalahannya agar tim kami bisa bantu cek lebih lanjut ya. ^Melisa",2025-11-18 20:51:50,,Dataset/dataset\GOPAY_googleplay_NOVEMBER_reviews.csv,topup
e4f6ceb8-11b7-475f-99b5-4e0a0dd57c1a,Pengguna Google,https://play-lh.googleusercontent.com/EGemoI2NTXmTsBVtJqk8jxF9rh8ApRWfsIMQSt2uE4OcpQqbFu7f7NbTK05lx80nuSijCz7sc3a277R67g,"TRANSFER UANG MALAH BIKIN SUSAH , RIBET , GA LAGI DAH",1,0,,2025-12-31 03:42:38+00:00,"Hi Kak Rikki, Mohon maaf atas ketidaknyamanannya terkait kendala transfer ShopeePay. Terkait kendala tersebut mohon menghubungi kami melalui DM ke Instagram @ShopeePay_ID yang bercentang biru, dengan menginformasikan detail dan bukti kendala untuk bantuan lebih lanjut. Semoga kendala kakak segera terselesaikan ya. ^CS",2025-12-31 11:25:57,,Dataset/dataset\SHOPEEPAY_googleplay_DECEMBER_reviews.csv,transfer
7a2ceaab-4656-4cff-b369-6ba6d344e34c,Pengguna Google,https://play-lh.googleusercontent.com/EGemoI2NTXmTsBVtJqk8jxF9rh8ApRWfsIMQSt2uE4OcpQqbFu7f7NbTK05lx80nuSijCz7sc3a277R67g,"saya tidak bisa chek out karna kendala verifikasi wajah,saya mau menonaktifkan nya di IOS tapi tidak ada fitur tersebut tolong dong shoope bantuan nya",1,0,,2025-11-26 14:57:50+00:00,"Hi Kak Asyifa. Mohon Maaf atas kendala tidak bisa menonaktifkan verifikasi wajah. Untuk fitur verifikasi wajah tidak dapat dinonaktifkan dan mohon pastikan data wajah telah sesuai dgn data KTP yg terdaftar pada ShopeePay agar sistem dpt memverifikasi kepemilikan akun. Untuk bantuan pengecekan, hubungi kami melalui DM ke Instagram @ShopeePay_ID. ^CS",2025-11-26 15:28:41,,Dataset/dataset\SHOPEEPAY_googleplay_NOVEMBER_reviews.csv,vermuk
f798f138-6cf5-4b49-922d-dae01c21b26a,Pengguna Google,https://play-lh.googleusercontent.com/EGemoI2NTXmTsBVtJqk8jxF9rh8ApRWfsIMQSt2uE4OcpQqbFu7f7NbTK05lx80nuSijCz7sc3a277R67g,lupa password nya gw gak bisa login pdhl ada uang buat makan di kosan,1,0,,2025-12-29 01:08:23+00:00,"Hai Sahabat @Ardiva Gnd, mohon maaf atas ketidaknyamanannya. Perihal kendala yang dialami agar dpt kami tindaklanjuti, mhn kesediaan Sahabat utk mengirimkan email ke mandiricare@bankmandiri.co.id dengan subject : Review - Nama lengkap Sahabat atau menghubungi layanan mandiri call 14000 ya. Tks~Tommy",2025-12-29 01:10:26,,Dataset/dataset\LIVIN_googleplay_DECEMBER_reviews.csv,login
d2cfdfd2-3689-4628-b04c-759d912ba9cf,Pengguna Google,https://play-lh.googleusercontent.com/EGemoI2NTXmTsBVtJqk8jxF9rh8ApRWfsIMQSt2uE4OcpQqbFu7f7NbTK05lx80nuSijCz7sc3a277R67g,hallo GOPAY benar2 saya merasa aman.. mau bertanya transfer dari Bank keRekening Gopay apakah boleh ? terimakasih..,5,0,1.60.0,2025-10-23 20:34:16+00:00,,,1.60.0,Dataset/dataset\GOPAY_googleplay_OCTOBER_reviews.csv,transfer
7a3f072a-604d-429e-8baf-51a0f894703d,Pengguna Google,https://play-lh.googleusercontent.com/EGemoI2NTXmTsBVtJqk8jxF9rh8ApRWfsIMQSt2uE4OcpQqbFu7f7NbTK05lx80nuSijCz7sc3a277R67g,limit spayleter di kasih.tapi sama sekali tdk bisa di gunakan untuk bayar dgn qris.percuma.mohon untuk versi terbaru ini lebih di permudah agar bsa membantu pengguna yg betul2 membutuhkan dana cepat/pembayaran praktis.,2,3,1.44.04,2025-12-08 21:14:55+00:00,"Hi Kak Agus. Mohon maaf atas kendala tidak dapat membayar QRIS menggunakan SPayLater. Saat ini belum semua Merchant dapat menerima pembayaran dengan SPayLater. Mohon menghubungi kami melalui DM ke Instagram @ShopeePay_ID yang bercentang biru, dengan menginformasikan detail kendalanya untuk bantuan lebih lanjut. ^EN",2025-12-09 11:57:09,1.44.04,Dataset/dataset\SHOPEEPAY_googleplay_DECEMBER_reviews.csv,qris
3b5c4e3b-75d6-466b-9d8c-648b6f854966,Pengguna Google,https://play-lh.googleusercontent.com/EGemoI2NTXmTsBVtJqk8jxF9rh8ApRWfsIMQSt2uE4OcpQqbFu7f7NbTK05lx80nuSijCz7sc3a277R67g,"Kenapa ya tiap bayar virtual account sekarang jadi kena biaya transaksi Rp.1000 ? Contoh mau bayar shopeepay, dari shopee nya uda kena admin sekian waktu bayar lewat virtual account juga masih kepotong biaya transaksi lagi? Top up dana juga bayar seribu, bukan masalah nominal. Tetapi sekarang apa apa dikenakan biaya transaksi lagi di luar aplikasi? Maaf bank sebelah aja bebas biaya transaksi mau topup dana maupun bayar virtual account lainnya 🙏",1,16,3.2.0,2025-12-12 20:36:06+00:00,"Halo Sahabat @Angelia Citra, mohon maaf atas ketidaknyamanannya. Terima kasih atas saran dan masukan yg diberikan, perihal tsb akan menjadi masukan bagi kami untuk pengembangan aplikasi kedepannya dan meningkatkan kualitas layanan Bank Mandiri demi kenyamanan nasabah ya. Tks~Alza",2025-12-12 20:39:24,3.2.0,Dataset/dataset\LIVIN_googleplay_DECEMBER_reviews.csv,topup
3e45a50a-1a7b-4d3c-a52c-b0d1f8d0f34d,Pengguna Google,https://play-lh.googleusercontent.com/EGemoI2NTXmTsBVtJqk8jxF9rh8ApRWfsIMQSt2uE4OcpQqbFu7f7NbTK05lx80nuSijCz7sc3a277R67g,"kok sering gangguan sekarang , mau top up greb driver gak bisa , isi pulsa juga gak bisa",3,1,3.146.0,2025-11-07 14:17:50+00:00,,,3.146.0,Dataset/dataset\OVO_googleplay_NOVEMBER_reviews.csv,topup
a014f743-124d-4656-8061-6841be0e0416,Pengguna Google,https://play-lh.googleusercontent.com/EGemoI2NTXmTsBVtJqk8jxF9rh8ApRWfsIMQSt2uE4OcpQqbFu7f7NbTK05lx80nuSijCz7sc3a277R67g,enk pake gopay gak lelet proses tf nya cepat,5,0,1.61.2,2025-10-27 08:09:22+00:00,,,1.61.2,Dataset/dataset\GOPAY_googleplay_OCTOBER_reviews.csv,transfer
a661895d-6bd0-4a88-aa12-429c6809965b,Pengguna Google,https://play-lh.googleusercontent.com/EGemoI2NTXmTsBVtJqk8jxF9rh8ApRWfsIMQSt2uE4OcpQqbFu7f7NbTK05lx80nuSijCz7sc3a277R67g,"apaan sih mksdnya TF pertama bisa berhasil...ini TF ke 2 mlhn ggl kaga masuk"" ada kslhan apaan sih tolong dong di bantu",2,1,3.149.0,2025-12-19 10:35:02+00:00,,,3.149.0,Dataset/dataset\OVO_googleplay_DECEMBER_reviews.csv,transfer
c7ab4e09-84e0-4d23-a09b-128dcb4100c2,Pengguna Google,https://play-lh.googleusercontent.com/EGemoI2NTXmTsBVtJqk8jxF9rh8ApRWfsIMQSt2uE4OcpQqbFu7f7NbTK05lx80nuSijCz7sc3a277R67g,"DUIT AKU ILANG8JUTA, GABISA LOGIN, JADI AKUN BARU GMN SOLUSINYA",1,0,3.135.0,2025-10-07 00:06:49+00:00,,,3.135.0,Dataset/dataset\OVO_googleplay_OCTOBER_reviews.csv,login
e8c114da-82a2-40c6-b815-d8259557ab17,Pengguna Google,https://play-lh.googleusercontent.com/EGemoI2NTXmTsBVtJqk8jxF9rh8ApRWfsIMQSt2uE4OcpQqbFu7f7NbTK05lx80nuSijCz7sc3a277R67g,"sangat membantu banget,dlm hal transfer, transaksi, bayar -bayar.sukses terus shopeepay",5,0,1.45.09,2025-12-26 08:17:40+00:00,"Hi Kak. Terima kasih telah menggunakan ShopeePay. Mari cek aplikasi ShopeePay karena banyak fitur yang mempermudah keseharian kakak seperti pembelian pulsa, paket data, pembayaran tagihan listrik dan pembayaran lainnya. Jika kakak memiliki pertanyaan seputar ShopeePay, mohon DM kami di Instagram @ShopeePay_ID ya. Semoga harimu menyenangkan ^RJ",2025-12-26 09:29:50,1.45.09,Dataset/dataset\SHOPEEPAY_googleplay_DECEMBER_reviews.csv,transfer
da4c72ab-ba40-42dd-9a2d-7e6de2875f84,Pengguna Google,https://play-lh.googleusercontent.com/EGemoI2NTXmTsBVtJqk8jxF9rh8ApRWfsIMQSt2uE4OcpQqbFu7f7NbTK05lx80nuSijCz7sc3a277R67g,"sangat cepat TF via bank jago, senag sekali",5,0,8.76.0,2025-11-06 00:27:48+00:00,,,8.76.0,Dataset/dataset\JAGO_googleplay_NOVEMBER_reviews.csv,transfer
cc8056ca-5790-413f-94f9-6ed4753f038b,Pengguna Google,https://play-lh.googleusercontent.com/EGemoI2NTXmTsBVtJqk8jxF9rh8ApRWfsIMQSt2uE4OcpQqbFu7f7NbTK05lx80nuSijCz7sc3a277R67g,"kenapa setiap malam mau transfer tidak bisa min, terimakasih min sudah bisa cepat direspon 🙏",5,0,,2025-12-23 01:58:51+00:00,"Hi Sahabat @Muhammad Tigor, mohon maaf atas ketidaknyamanannya. Mohon berkenan untuk mencoba kembali secara berkala dan menunggu 10-15 menit kedepan dikhawatirkan sedang proses pemeliharaan akhir hari rutin ya. Tks~Mandala",2025-12-23 02:02:25,,Dataset/dataset\LIVIN_googleplay_DECEMBER_reviews.csv,transfer
bef17efb-e505-4cd7-bdb5-111ef2b89b1a,Pengguna Google,https://play-lh.googleusercontent.com/EGemoI2NTXmTsBVtJqk8jxF9rh8ApRWfsIMQSt2uE4OcpQqbFu7f7NbTK05lx80nuSijCz7sc3a277R67g,"banyak potongan biaya admin sana sini. jika bukan karena masalah gaji di transfer ke livin, saya tidak mau menggunakannya 👎👎👎👎👎👎👎👎👎👎👎👎👎👎👎👎👎👎👎👎👎👎👎👎",1,0,3.2.0,2025-12-06 17:18:43+00:00,"Halo Sahabat @Kendall Stewart, mohon maaf atas ketidaknyamannya. Perihal kendala pada layanan Livin' by Mandiri, mohon untuk dapat mengirimkan email ke mandiricare@bankmandiri.co.id atau dapat menghubungi layanan mandiri 14000 agar dapat dilakukan pengecekan. Tks~Kale",2025-12-06 18:03:10,3.2.0,Dataset/dataset\LIVIN_googleplay_DECEMBER_reviews.csv,transfer
81e7f56f-f119-43b1-8961-b6d6b5388591,Pengguna Google,https://play-lh.googleusercontent.com/EGemoI2NTXmTsBVtJqk8jxF9rh8ApRWfsIMQSt2uE4OcpQqbFu7f7NbTK05lx80nuSijCz7sc3a277R67g,aplikasi gak jelas . milik BUMN masa seperti ini . sampai sakit mata verifikasi wajah . kedip beribu kali gak masuk . sinyal sudah bagus . lokasi jelas . tetap aja gak ada guna aplikasi ini,1,2,3.2.0,2025-11-24 13:45:33+00:00,"Halo Sahabat @Juragan Almira, mohon maaf atas ketidaknyamanannya. Perihal tsb akan menjadi masukan bagi kami untuk pengembangan aplikasi kedepannya dan meningkatkan kualitas layanan Bank Mandiri demi kenyamanan nasabah ya. Tks~Carissa",2025-11-24 14:00:17,3.2.0,Dataset/dataset\LIVIN_googleplay_NOVEMBER_reviews.csv,vermuk
300f24f5-744b-4f05-bd93-276e4bd882dc,Pengguna Google,https://play-lh.googleusercontent.com/EGemoI2NTXmTsBVtJqk8jxF9rh8ApRWfsIMQSt2uE4OcpQqbFu7f7NbTK05lx80nuSijCz7sc3a277R67g,tolong di optimalkan dong shopeepay nya uang ku disana susah mau TF di SeaBank,2,0,,2025-10-15 22:34:31+00:00,"Hi Kak Erika, Mohon maaf atas kendala tidak dapat melakukan transfer ke Bank. Mohon pastikan telah menggunakan aplikasi ShopeePay terbaru, data tujuan transfer sudah sesuai & silakan bisa coba berkala. Apabila masih berkendala mohon menghubungi kami melalui DM Instagram di @ShopeePay_ID untuk bantuan lebih lanjut. Semoga membantu ^CS",2025-10-16 11:22:18,,Dataset/dataset\SHOPEEPAY_googleplay_OCTOBER_reviews.csv,transfer
d5ff8ac8-08d3-4b06-a6b1-594835c46afe,Pengguna Google,https://play-lh.googleusercontent.com/EGemoI2NTXmTsBVtJqk8jxF9rh8ApRWfsIMQSt2uE4OcpQqbFu7f7NbTK05lx80nuSijCz7sc3a277R67g,bagus lebih murahkan top up game ya,4,0,1.64.1,2025-11-26 21:25:27+00:00,,,1.64.1,Dataset/dataset\GOPAY_googleplay_NOVEMBER_reviews.csv,topup
1095e0b8-ddf5-4983-9871-7295b7d192f6,Pengguna Google,https://play-lh.googleusercontent.com/EGemoI2NTXmTsBVtJqk8jxF9rh8ApRWfsIMQSt2uE4OcpQqbFu7f7NbTK05lx80nuSijCz7sc3a277R67g,saya baru instal lagi tapi kenapa saya tidak bisa login.? saya mohon tolong di perbaiki 🙏,1,0,1.62.0,2025-11-13 19:55:10+00:00,"Hai Kak Ayna, mohon maaf atas kendala yang kamu alami. Sebelum login, pastikan kamu sudah pakai GoPay versi terbaru & tidak ada kendala pada akun kamu, ya. Jika masih tidak bisa login, laporkan ke kami melalui email ke customerservice@gopay.co.id dan mencantumkan kode psr-25-317-1318-41245 pada subjek email. ^Maura",2025-11-13 20:18:48,1.62.0,Dataset/dataset\GOPAY_googleplay_NOVEMBER_reviews.csv,login
500eb03d-ef58-474b-9b41-f57ffb848488,Pengguna Google,https://play-lh.googleusercontent.com/EGemoI2NTXmTsBVtJqk8jxF9rh8ApRWfsIMQSt2uE4OcpQqbFu7f7NbTK05lx80nuSijCz7sc3a277R67g,aplikasi paling ribet nama saya bisa ga sesuai KTP kan aneh tau tau ga bisa login sudah hubungi pihak terkait ga ada kejelasan mau nabung aja di persulit,1,0,,2025-10-30 23:58:32+00:00,"Halo, Jagoan. Mohon maaf atas kendala yang terjadi ya. Kamu tidak perlu khawatir, kamu bisa menjelaskan detail kendala tersebut melalui email di tanya@jago.com atau call center 1500 746 untuk kami bantu tangani lebih lanjut. Terima kasih :)",2025-10-31 00:55:50,,Dataset/dataset\JAGO_googleplay_OCTOBER_reviews.csv,login
ddd8aa67-0c54-4909-9ae7-253d0a0bcc62,Pengguna Google,https://play-lh.googleusercontent.com/EGemoI2NTXmTsBVtJqk8jxF9rh8ApRWfsIMQSt2uE4OcpQqbFu7f7NbTK05lx80nuSijCz7sc3a277R67g,"sengaja kasih bintang 5,apk gak jelas,login aja gak bisa,gak ada solusi dari pihak bank jagonya, jangan instal apk ini rugiii.saya hapus apk bank jago, tolong data saya di jaga baik baik. trimsk",5,0,8.78.0,2025-12-08 02:35:12+00:00,,,8.78.0,Dataset/dataset\JAGO_googleplay_DECEMBER_reviews.csv,login
ef4750d2-cfe1-419f-a60a-fad8d664c67c,Pengguna Google,https://play-lh.googleusercontent.com/EGemoI2NTXmTsBVtJqk8jxF9rh8ApRWfsIMQSt2uE4OcpQqbFu7f7NbTK05lx80nuSijCz7sc3a277R67g,apaan potongan nya besar sampai 2k gila aja gw driver grab lah orng tf ny pas pasan sekali nya kepotong di saya memang aplikasi biadap,1,0,3.147.0,2025-11-27 16:16:26+00:00,,,3.147.0,Dataset/dataset\OVO_googleplay_NOVEMBER_reviews.csv,transfer
df520049-2d4a-45f6-b6b0-2e6d34dd0192,Pengguna Google,https://play-lh.googleusercontent.com/EGemoI2NTXmTsBVtJqk8jxF9rh8ApRWfsIMQSt2uE4OcpQqbFu7f7NbTK05lx80nuSijCz7sc3a277R67g,"Tolong di perbaiki untuk verifikasi wajahnya masa pake wajah sendiri gagal mulu padahal pencayaan udah jelas sampe kedip mata tengok kanan lah, dll. tetep aja gagal. 😌",1,0,3.1.0,2025-11-07 04:15:36+00:00,"Hi Sahabat @Rifal Fadhilah, mhn maaf atas ketidaknyamanannya. Sahabat dapat memastikan hal berikut: Pastikan pencahayaan baik dan wajah tidak terlalu dekat kamera. Apabila masih terkendala dapat mengirimkan email ke mandiricare@bankmandiri.co.id atau menghubungi mandiri call 14000 agar dapat dilakukan pengecekan.Tks~Mandala",2025-11-07 04:18:44,3.1.0,Dataset/dataset\LIVIN_googleplay_NOVEMBER_reviews.csv,vermuk
51c348ee-edbb-4787-a6e8-9c6085e15c5b,Pengguna Google,https://play-lh.googleusercontent.com/EGemoI2NTXmTsBVtJqk8jxF9rh8ApRWfsIMQSt2uE4OcpQqbFu7f7NbTK05lx80nuSijCz7sc3a277R67g,saya top up ke akun transaksi berhasil tetapi saldo tidak masuk akun ovo saya. sudah ajuka keluhan 4x sampe sekarang tidak ada perubahan. mohon kerja samanya dari OVO,2,0,3.144.0,2025-10-08 07:45:36+00:00,,,3.144.0,Dataset/dataset\OVO_googleplay_OCTOBER_reviews.csv,topup
3e0f4d82-0df9-48a1-bdcd-70192f8d487f,Pengguna Google,https://play-lh.googleusercontent.com/EGemoI2NTXmTsBVtJqk8jxF9rh8ApRWfsIMQSt2uE4OcpQqbFu7f7NbTK05lx80nuSijCz7sc3a277R67g,"woii min,gimana nii Saya top up gopay 900k belum masuk masuk dari tadi malemm,Udh hubungi cs Masi saja disuruh nungguu,kalau uang kecil ga masalah, masalah nya itu uang ga banyakk,,nyesel pake APK gopayy, sekarang jdi apk pencuriiiii!!!",1,0,1.60.0,2025-10-16 09:00:18+00:00,"Hai Kak Alfianto, mohon maaf atas ketidaknyamanannya. Jika kamu masih mengalami kendala, silakan laporkan melalui email ke customerservice@gopay.co.id dengan melampirkan kode psr-25-289-0256-00039 pada subject email dan cantumkan nomor laporan kamu sebelumnya pada email yang kamu kirimkan. Kami tunggu detail laporan kamu ya. ^Maura",2025-10-16 09:56:05,1.60.0,Dataset/dataset\GOPAY_googleplay_OCTOBER_reviews.csv,topup
b53566f6-ddf7-4fdb-9457-40936bddfda2,Pengguna Google,https://play-lh.googleusercontent.com/EGemoI2NTXmTsBVtJqk8jxF9rh8ApRWfsIMQSt2uE4OcpQqbFu7f7NbTK05lx80nuSijCz7sc3a277R67g,Parah sih ovo saya udh 2kali topup keterangan nya berhasil tapi saldo tidak masuk,5,0,3.144.0,2025-10-09 03:43:14+00:00,,,3.144.0,Dataset/dataset\OVO_googleplay_OCTOBER_reviews.csv,topup
f460dac5-83f3-45f2-b608-c89c5792f6da,Pengguna Google,https://play-lh.googleusercontent.com/EGemoI2NTXmTsBVtJqk8jxF9rh8ApRWfsIMQSt2uE4OcpQqbFu7f7NbTK05lx80nuSijCz7sc3a277R67g,"sistem sering error, bisa top up tapi gak bisa dipakai bagaimana ini manajemen OVO, jangan tidur aja kerjanya",1,1,3.146.0,2025-11-07 11:21:38+00:00,,,3.146.0,Dataset/dataset\OVO_googleplay_NOVEMBER_reviews.csv,topup
fb8370be-9081-44b3-a09b-8ff811e28be8,Pengguna Google,https://play-lh.googleusercontent.com/EGemoI2NTXmTsBVtJqk8jxF9rh8ApRWfsIMQSt2uE4OcpQqbFu7f7NbTK05lx80nuSijCz7sc3a277R67g,duit gua angus gara'udah mencet kode mau top up di Alfa pas sampe alfanya abangnya bilang gabisa lagi gada cas posisi dstu baru banget make gopay ehh udh Angus aja 100k gw,2,0,1.60.0,2025-10-17 09:09:24+00:00,"Hai Kak Raihan, mohon maaf atas ketidaknyamanannya. Terkait keluhan tersebut, silakan laporkan melalui email ke customerservice@gopay.co.id dengan melampirkan kode psr-25-290-0304-26047 pada subject email. Kami tunggu detail laporan kamu ya. ^Maura",2025-10-17 10:04:33,1.60.0,Dataset/dataset\GOPAY_googleplay_OCTOBER_reviews.csv,topup
6c840d01-e4f6-403e-992a-904fe2496c5e,Pengguna Google,https://play-lh.googleusercontent.com/EGemoI2NTXmTsBVtJqk8jxF9rh8ApRWfsIMQSt2uE4OcpQqbFu7f7NbTK05lx80nuSijCz7sc3a277R67g,ngeri setiap topup potongan terus...RAKUS satu hari 6 kali transaksi. di potong terus. DANA tidak banyak potongan transaksi.,1,0,3.148.0,2025-12-01 03:02:32+00:00,,,3.148.0,Dataset/dataset\OVO_googleplay_DECEMBER_reviews.csv,topup
d339a7b7-d871-455b-8355-3af6b36ac294,Pengguna Google,https://play-lh.googleusercontent.com/EGemoI2NTXmTsBVtJqk8jxF9rh8ApRWfsIMQSt2uE4OcpQqbFu7f7NbTK05lx80nuSijCz7sc3a277R67g,"makin di update makin buruk..aneh top up e-money saldo terpotong, tapi ga masuk ke kartu aneh.",1,0,,2025-11-04 05:42:11+00:00,"Halo Sahabat @Arjuna01 Cilegon , mohon maaf atas ketidaknyamanannya. Apabila terdapat kendala agar dapat kami tindaklanjuti, Sahabat dapat mengirimkan email ke mandiricare@bankmandiri.co.id atau menghubungi layanan mandiri call 14000 ya. Tks~Carlos",2025-11-04 05:47:02,,Dataset/dataset\LIVIN_googleplay_NOVEMBER_reviews.csv,topup
9f5983b6-372f-4097-86b2-531bbf64bf1c,Pengguna Google,https://play-lh.googleusercontent.com/EGemoI2NTXmTsBVtJqk8jxF9rh8ApRWfsIMQSt2uE4OcpQqbFu7f7NbTK05lx80nuSijCz7sc3a277R67g,"kesan pertama transfer ke rekening sendiri ,cepet memang ,mantul lah pokonya... 🤙🏻",5,0,1.59.0,2025-10-13 10:05:14+00:00,,,1.59.0,Dataset/dataset\GOPAY_googleplay_OCTOBER_reviews.csv,transfer
a9da5db1-2c5b-4c70-a7a4-4e09f551ff68,Pengguna Google,https://play-lh.googleusercontent.com/EGemoI2NTXmTsBVtJqk8jxF9rh8ApRWfsIMQSt2uE4OcpQqbFu7f7NbTK05lx80nuSijCz7sc3a277R67g,"SERING KLO TRANSFER KE REKENING SUKA GAGAL,,,UDH KE PENDING LAGI AMPE 2 HARI...ITU ORANG BUTUH DUIT NYA HARI ITU JUGA, JANGAN DISURUH NUNGGU 2 HARI....DASAR PE'A",1,0,3.144.0,2025-10-17 17:38:00+00:00,"Hai Kak, maaf ya. Terkait dengan kendala yang Kakak alami, mohon menghubungi tim kami melalui chat bantuan di aplikasi, melalui email di cs@ovo.id atau call center kami di 1500-696 agar dapat kami bantu pengecekan. Terima Kasih. -Mona
",2024-04-02 13:20:48,3.144.0,Dataset/dataset\OVO_googleplay_OCTOBER_reviews.csv,transfer
ef0d1a10-615c-42e9-8440-9d7afb7be0b5,Pengguna Google,https://play-lh.googleusercontent.com/EGemoI2NTXmTsBVtJqk8jxF9rh8ApRWfsIMQSt2uE4OcpQqbFu7f7NbTK05lx80nuSijCz7sc3a277R67g,"parah banget dah kapok top up di apk ini, saldo gw ketahan hampir seminggu dan sampai sekarang aja belum masuk. komplain ke cs jawabannya selalu sama harus menunggu karena masih di proses terus, yang seharusnya saldo dipakai buat kebutuhan jadi ketahan",1,2,1.60.0,2025-11-02 01:16:12+00:00,"Hai Kak Marwan, mohon maat atas ketidaknyamanannya. Jika kamu masih mengalami kendala, silakan laporkan melalui email ke customerservice@gopay.co.id dengan melampirkan kode psr-25-306-0607-00175 pada subject email dan cantumkan nomor laporan kamu sebelumnya pada email yang kamu kirimkan. Kami tunggu detail laporan kamu ya. ^Melisa",2025-11-02 13:07:08,1.60.0,Dataset/dataset\GOPAY_googleplay_NOVEMBER_reviews.csv,topup
2c69160c-cfd6-4440-834d-2f23fc872bb3,Pengguna Google,https://play-lh.googleusercontent.com/EGemoI2NTXmTsBVtJqk8jxF9rh8ApRWfsIMQSt2uE4OcpQqbFu7f7NbTK05lx80nuSijCz7sc3a277R67g,paylatternya hilang sendiri mau bangkrut tf kena biaya gak bgt apk 1 ini,1,0,,2025-11-21 22:10:38+00:00,,,,Dataset/dataset\OVO_googleplay_NOVEMBER_reviews.csv,transfer
b5832dbb-b04f-483c-a142-1bd56b390d40,Pengguna Google,https://play-lh.googleusercontent.com/EGemoI2NTXmTsBVtJqk8jxF9rh8ApRWfsIMQSt2uE4OcpQqbFu7f7NbTK05lx80nuSijCz7sc3a277R67g,ini knpa dari tgl 1 Desember 2025 kemarin sampai ini saya tidak bsa login sampai sekarang? padahal sudah saya uninstall dan di instal kembali,1,0,,2025-12-02 08:17:14+00:00,"Halo Sahabat @Yamaha Nmax, mohon maaf atas ketidaknyamanannya. Terkait kendala Sahabat mohon untuk dapat mengirimkan email ke mandiricare@bankmandiri.co.id atau dapat menghubungi Mandiri Call 14000 lalu tekan 2 agar dapat dilakukan pengecekan. Tks~Kila",2025-12-02 08:18:57,,Dataset/dataset\LIVIN_googleplay_DECEMBER_reviews.csv,login
1669b11b-7c5f-453c-8d6c-14ea9e67b269,Pengguna Google,https://play-lh.googleusercontent.com/EGemoI2NTXmTsBVtJqk8jxF9rh8ApRWfsIMQSt2uE4OcpQqbFu7f7NbTK05lx80nuSijCz7sc3a277R67g,ko gak ada barcode qris ya min,5,0,3.148.0,2025-12-08 12:00:33+00:00,,,3.148.0,Dataset/dataset\OVO_googleplay_DECEMBER_reviews.csv,qris
e56d0966-7a03-4bb4-b3cf-3ac64ce272b4,Pengguna Google,https://play-lh.googleusercontent.com/EGemoI2NTXmTsBVtJqk8jxF9rh8ApRWfsIMQSt2uE4OcpQqbFu7f7NbTK05lx80nuSijCz7sc3a277R67g,Jelek bet Duit Ilang dong udah di transfer malah stuck di proses TF mana belum sampe lagi ke nomor dana yang ku transfer awal nya tunggu 1 jam ehh enggak ada kabar lagi ya. mana udh ilang lagi duit saya. balikin dong,1,8,1.44.05,2025-12-13 06:24:16+00:00,"Hi Kak Gesta 19. Mohon maaf atas kendala transfer saldo ShopeePay ke DANA yang belum diterima dan pengembalian dana. Terkait kendala tersebut mohon menghubungi kami melalui DM ke Instagram @ShopeePay_ID yang bercentang biru, dgn melampirkan bukti transfer yang terkendala untuk bantuan lebih lanjut. Semoga kendala kakak segera terselesaikan ya. ^CS",2025-12-15 16:41:16,1.44.05,Dataset/dataset\SHOPEEPAY_googleplay_DECEMBER_reviews.csv,transfer
967aee4a-2e8c-42e9-bc16-d885e7978206,Pengguna Google,https://play-lh.googleusercontent.com/EGemoI2NTXmTsBVtJqk8jxF9rh8ApRWfsIMQSt2uE4OcpQqbFu7f7NbTK05lx80nuSijCz7sc3a277R67g,transfer dana lelet banget butuh waktu berhari hari apk gila tolol,1,0,1.44.04,2025-12-08 23:14:22+00:00,"Hi Kak Zeline. Mohon maaf mengenai kendala transfer ShopeePay ke DANA yang belum diterima. Untuk pengecekan lebih lanjut, mohon menghubungi kami melalui DM ke Instagram @ShopeePay_ID dengan melampirkan bukti transfer yang tertera nomor transaksi (Order SN), nominal, tanggal dan waktu transaksi. ^EN",2025-12-09 13:13:05,1.44.04,Dataset/dataset\SHOPEEPAY_googleplay_DECEMBER_reviews.csv,transfer
06db5e0c-ae59-4a84-8109-940e62195bb1,Pengguna Google,https://play-lh.googleusercontent.com/EGemoI2NTXmTsBVtJqk8jxF9rh8ApRWfsIMQSt2uE4OcpQqbFu7f7NbTK05lx80nuSijCz7sc3a277R67g,sekrng tf kelain lm proses mlulu,3,0,1.61.2,2025-11-01 22:28:49+00:00,"Hai Kak Hendra, pastikan nomor tujuan benar dan sudah cek halaman Riwayat. Jika setelah 2x24 jam di hari kerja (diluar Sabtu, Minggu, atau Libur) saldo belum bertambah, silakan lapor ke menu Bantuan > ketik 'Transfer saldo ke bank atau e-wallet belum diterima' dan cantumkan kode psr-25-305-1555-28432 pada bagian 'Ceritakan lebih lanjut'. ^Maura",2025-11-01 22:55:33,1.61.2,Dataset/dataset\GOPAY_googleplay_NOVEMBER_reviews.csv,transfer
802c51d9-839f-4129-a246-6051a39a1a7c,Pengguna Google,https://play-lh.googleusercontent.com/EGemoI2NTXmTsBVtJqk8jxF9rh8ApRWfsIMQSt2uE4OcpQqbFu7f7NbTK05lx80nuSijCz7sc3a277R67g,mau nulis nama aja ga bisa padahal baru mau login doang,1,0,,2025-11-15 14:14:37+00:00,,,,Dataset/dataset\OVO_googleplay_NOVEMBER_reviews.csv,login
3224fc3c-7f99-46dc-8609-44effc02d809,Pengguna Google,https://play-lh.googleusercontent.com/EGemoI2NTXmTsBVtJqk8jxF9rh8ApRWfsIMQSt2uE4OcpQqbFu7f7NbTK05lx80nuSijCz7sc3a277R67g,cocok buat top up dan beli pulsa atau ajeh data,4,0,1.60.0,2025-10-17 12:31:49+00:00,,,1.60.0,Dataset/dataset\GOPAY_googleplay_OCTOBER_reviews.csv,topup
477ad908-7913-4ee7-9202-88610e75404a,Pengguna Google,https://play-lh.googleusercontent.com/EGemoI2NTXmTsBVtJqk8jxF9rh8ApRWfsIMQSt2uE4OcpQqbFu7f7NbTK05lx80nuSijCz7sc3a277R67g,"apk anehh,gw mau top up promo 1Rp malah GK bisa,ada tulisan ""maaf kami mendeteksi adanya tidak kewajaran dalam transaksi"" apk aneh",1,0,1.59.0,2025-10-01 17:14:40+00:00,"Mohon maaf atas kendalanya, Kak @Hilal Saja. Terkait laporanmu, pastikan kode voucher yang dimasukkan sudah sesuai, ya. Jika masih tidak bisa, silakan laporkan hal ini melalui halaman Bantuan > ketik ""Tidak bisa menukarkan kode promo"" di kolom pencarian > pilih artikel dan lengkapi form-nya. Kami siap membantu. ^Melisa",2025-10-01 19:50:41,1.59.0,Dataset/dataset\GOPAY_googleplay_OCTOBER_reviews.csv,topup
c3e17908-b3e0-4d76-9cae-efd32e5fcea1,Pengguna Google,https://play-lh.googleusercontent.com/EGemoI2NTXmTsBVtJqk8jxF9rh8ApRWfsIMQSt2uE4OcpQqbFu7f7NbTK05lx80nuSijCz7sc3a277R67g,"kenapa transfer ke dana kadang bisa kadang tak bisa , macam sangkut gitu dia . tolong perbaiki please",2,0,3.2.0,2025-12-24 14:41:34+00:00,"Halo Sahabat @Wendy Novendra, mohon maaf atas ketidaknyamanannya. Apabila terdapat kendala agar dapat kami tindaklanjuti, Sahabat dapat mengirimkan email ke mandiricare@bankmandiri.co.id atau menghubungi layanan Mandiri Call 14000 ya. Tks~Alza",2025-12-24 14:47:49,3.2.0,Dataset/dataset\LIVIN_googleplay_DECEMBER_reviews.csv,transfer
71179456-2259-49a1-a29d-bd120ba995a2,Pengguna Google,https://play-lh.googleusercontent.com/EGemoI2NTXmTsBVtJqk8jxF9rh8ApRWfsIMQSt2uE4OcpQqbFu7f7NbTK05lx80nuSijCz7sc3a277R67g,"mantap, transfer no admin. ngisi adminnya murah. masalahnya cuma 1, penagihan gopaylaternya GA MANUSIAWI, ga ngedenger omongan orang, teror sana sini. cuma telat bayar 200rb an, tpi cara penagihannya udh kayak punya hutang 200 jt, sana sini di teror. DENDANYA JG FLAT 50RB + 30RB. fungsinya denda segede gitu apa ya? udh kena denda segede itu, masih aja sodara gw di teror. masih ga cukup itu denda? dateng aja sini ke rumah gw daripada lu teror orang yg ga tau apa-apa. KAPOK PAKE GOPAYLATER !!!",5,0,1.64.1,2025-11-25 19:13:39+00:00,,,1.64.1,Dataset/dataset\GOPAY_googleplay_NOVEMBER_reviews.csv,transfer
342db9d8-65ba-45a0-87e9-bc6bc99511ff,Pengguna Google,https://play-lh.googleusercontent.com/EGemoI2NTXmTsBVtJqk8jxF9rh8ApRWfsIMQSt2uE4OcpQqbFu7f7NbTK05lx80nuSijCz7sc3a277R67g,transfer nominal besar sangat amat lelet sekali,3,0,,2025-10-15 20:27:37+00:00,,,,Dataset/dataset\OVO_googleplay_OCTOBER_reviews.csv,transfer
51f12d6e-6a37-4048-bb45-382a2d88793d,Pengguna Google,https://play-lh.googleusercontent.com/EGemoI2NTXmTsBVtJqk8jxF9rh8ApRWfsIMQSt2uE4OcpQqbFu7f7NbTK05lx80nuSijCz7sc3a277R67g,Saya di Taiwan tiba tiba keluar dari akun mau login lagi gak bisa solusi ny bank mandiri,3,0,1.8.0,2025-12-08 04:33:59+00:00,"Terima kasih atas review yang telah diberikan Sahabat @Sundari Satu. Mohon maaf atas ketidaknyamanannya. Untuk menindaklanjuti kendala yang dialami, silakan menghubungi layanan mandiri call 14000. Tks~Tommy",2025-12-08 04:39:19,1.8.0,Dataset/dataset\LIVIN_googleplay_DECEMBER_reviews.csv,login
929fbba7-b661-47d6-be9b-25ae85adfa18,Pengguna Google,https://play-lh.googleusercontent.com/EGemoI2NTXmTsBVtJqk8jxF9rh8ApRWfsIMQSt2uE4OcpQqbFu7f7NbTK05lx80nuSijCz7sc3a277R67g,"aplikasi nya sangat mantapp, tapi sayang nya kalo transfer dan tarik tunai terbatas tidak bisa krim uang kecil",5,6,1.62.0,2025-11-06 01:50:51+00:00,,,1.62.0,Dataset/dataset\GOPAY_googleplay_NOVEMBER_reviews.csv,transfer
d6dc2dfb-a436-442e-93ee-4048ceb4165c,Pengguna Google,https://play-lh.googleusercontent.com/EGemoI2NTXmTsBVtJqk8jxF9rh8ApRWfsIMQSt2uE4OcpQqbFu7f7NbTK05lx80nuSijCz7sc3a277R67g,membantu sekali untuk transaksi transfer karna saya tinggal di gunung. makasih gopay.,5,0,1.56.1,2025-11-18 06:10:52+00:00,,,1.56.1,Dataset/dataset\GOPAY_googleplay_NOVEMBER_reviews.csv,transfer
e936b71b-55c2-443e-88ae-a84fb89269b2,Pengguna Google,https://play-lh.googleusercontent.com/EGemoI2NTXmTsBVtJqk8jxF9rh8ApRWfsIMQSt2uE4OcpQqbFu7f7NbTK05lx80nuSijCz7sc3a277R67g,sudah beberapa hari saya tidak bisa login. aplikasi tidak bisa di buka. kecewa seberat beratnya parah sih,1,0,,2025-11-19 17:21:23+00:00,"Hi Sahabat @Raptor Black, mohon maaf atas ketidaknyamanannya. Untuk perihal keluhan yang dialami, mohon untuk dapat mengirimkan email ke mandiricare@bankmandiri.co.id atau dapat menghubungi layanan mandiri 14000 agar dapat dilakukan pengecekan. Tks~Amar",2025-11-19 17:23:48,,Dataset/dataset\LIVIN_googleplay_NOVEMBER_reviews.csv,login
9aefa081-357e-4ee8-bedd-53024f3750e3,Pengguna Google,https://play-lh.googleusercontent.com/EGemoI2NTXmTsBVtJqk8jxF9rh8ApRWfsIMQSt2uE4OcpQqbFu7f7NbTK05lx80nuSijCz7sc3a277R67g,apk lol gua verifikasi wajah gak bisa terus tolol muak sama apknya,1,0,,2025-10-14 13:47:11+00:00,"Mohon maaf atas kendalanya, Kak Rifqi. Sebelum login, pastikan fitur Face ID/Sidik Jari sudah aktif dan pola atau kata sandi yang dimasukkan sudah benar. Untuk info lebih lanjut, kunjungi halaman bantuan login > klik ikon ""?"" > pilih ""Tidak bisa masuk ke akun GoPay"" > pilih artikel ""Saya tidak bisa masuk dengan Face ID/Sidik Jari"". ^Miko",2025-10-14 14:50:20,,Dataset/dataset\GOPAY_googleplay_OCTOBER_reviews.csv,vermuk
0ed6dfe7-1d60-43cf-b97a-33a5b4da6169,Pengguna Google,https://play-lh.googleusercontent.com/EGemoI2NTXmTsBVtJqk8jxF9rh8ApRWfsIMQSt2uE4OcpQqbFu7f7NbTK05lx80nuSijCz7sc3a277R67g,susah buat ganti nomor. mohon diperbaiki. saya tidak bisa login ovo krna nomor sudah TDK aktif. padahal email aktif,5,0,3.144.0,2025-10-14 14:02:31+00:00,,,3.144.0,Dataset/dataset\OVO_googleplay_OCTOBER_reviews.csv,login
5d5b776c-1285-4261-a690-64097fcc7f71,Pengguna Google,https://play-lh.googleusercontent.com/EGemoI2NTXmTsBVtJqk8jxF9rh8ApRWfsIMQSt2uE4OcpQqbFu7f7NbTK05lx80nuSijCz7sc3a277R67g,Alhamdulillah lancar walaupun kadang verifikasi wajah sering gagal dan pengambilan uang di Alfamart kalo pagi suka gak ada saldo .tetapi keseluruhan bagus sih,5,0,,2025-11-24 19:47:16+00:00,"Hi Kak. Terima kasih telah menggunakan ShopeePay. Mari cek aplikasi ShopeePay karena banyak fitur yang mempermudah keseharian kakak seperti pembelian pulsa, paket data, pembayaran tagihan listrik dan pembayaran lainnya. Jika kakak memiliki pertanyaan seputar ShopeePay, mohon DM kami di Instagram @ShopeePay_ID ya. Semoga harimu menyenangkan ^RJ",2025-11-25 09:43:50,,Dataset/dataset\SHOPEEPAY_googleplay_NOVEMBER_reviews.csv,vermuk
82c5121b-2ced-4180-99dd-b2933f97a922,Pengguna Google,https://play-lh.googleusercontent.com/EGemoI2NTXmTsBVtJqk8jxF9rh8ApRWfsIMQSt2uE4OcpQqbFu7f7NbTK05lx80nuSijCz7sc3a277R67g,"sangat buruk, saldo yang telah di transfer ke nomor gopay yang saya punya dari teman. ternya ga masuk saldo nya ke nomor gopay yang saya punya. sedang kan dari keterangan pihak DANA tranferan sukses.",1,0,1.64.1,2025-11-25 18:38:26+00:00,"Hai Kak Nasron, mohon maaf atas ketidaknyamanannya. Jika masih mengalami keluhan, silakan laporkan melalui email ke customerservice@gopay.co.id dengan melampirkan kode psr-25-329-1345-25270 pada subject email dan cantumkan nomor laporan sebelumnya serta ceritakan kembali detail permasalahannya. Kami tunggu detail laporan kamu ya. ^Miko",2025-11-25 20:45:37,1.64.1,Dataset/dataset\GOPAY_googleplay_NOVEMBER_reviews.csv,transfer
27bcaa74-f5c9-4992-9cd7-08a927b04cbb,Pengguna Google,https://play-lh.googleusercontent.com/EGemoI2NTXmTsBVtJqk8jxF9rh8ApRWfsIMQSt2uE4OcpQqbFu7f7NbTK05lx80nuSijCz7sc3a277R67g,gak bisa login hari ini ada apa ?,1,0,,2025-11-17 11:22:51+00:00,"Hai Kakak. Mohon maaf atas ketidaknyamanan dan kendala yang Kakak alami. Terkait kendala tersebut masih dalam penanganan oleh pihak terkait kami, minblu saranin Kakak dapat mencoba secara berkala ya.",2025-11-17 13:01:58,,Dataset/dataset\BLU_googleplay_NOVEMBER_reviews.csv,login
22ad745d-b3b4-4002-9480-bca7ccba4788,Pengguna Google,https://play-lh.googleusercontent.com/EGemoI2NTXmTsBVtJqk8jxF9rh8ApRWfsIMQSt2uE4OcpQqbFu7f7NbTK05lx80nuSijCz7sc3a277R67g,top up keterangan berhasil tp saldo tidak bertambah uda chat bantuan nunggu terus uda lebih dari 2x24 jam ada solusi ga?,1,0,1.42.03,2025-11-17 11:59:25+00:00,"Hi Kak hervi. Mohon maaf atas kendala Top Up ShopeePay yang belum diterima. Jika hingga saat ini Top Up masih belum diterima mohon menghubungi kami melalui DM ke Instagram @ShopeePay_ID yang bercentang biru, dengan melampirkan bukti bayar Top Up tersebut untuk bantuan lebih lanjut. Semoga kendala kakak segera terselesaikan ya. ^CS",2025-11-17 13:25:58,1.42.03,Dataset/dataset\SHOPEEPAY_googleplay_NOVEMBER_reviews.csv,topup
370f5cf1-ce5d-4956-82e1-7ac3f21ec97b,Pengguna Google,https://play-lh.googleusercontent.com/EGemoI2NTXmTsBVtJqk8jxF9rh8ApRWfsIMQSt2uE4OcpQqbFu7f7NbTK05lx80nuSijCz7sc3a277R67g,setiap buka aplikasi harus update terus... kalau trf ke sini potonganya gede.... 😩,1,0,3.141.0,2025-11-20 18:52:35+00:00,,,3.141.0,Dataset/dataset\OVO_googleplay_NOVEMBER_reviews.csv,transfer
5bb2deca-bd93-4845-85f4-fc290d0087a4,Pengguna Google,https://play-lh.googleusercontent.com/EGemoI2NTXmTsBVtJqk8jxF9rh8ApRWfsIMQSt2uE4OcpQqbFu7f7NbTK05lx80nuSijCz7sc3a277R67g,"so far untuk pembayaran qris lebih enak pakai shopeepay sih, banyak banget keuntungannya dari diskon prodak dll",5,0,1.44.04,2025-12-15 10:56:59+00:00,"Hi Kak Wahyu. Terima kasih atas review positif yang Kakak bagikan. Kami ikut senang jika Kakak puas dengan aplikasi ShopeePay. Jangan lupa untuk rutin cek aplikasi ShopeePay untuk mendapatkan promo menarik. Jika Kakak mengalami kendala, hubungi kami di DM Instagram @ShopeePay_ID. ^CS",2025-12-15 13:37:21,1.44.04,Dataset/dataset\SHOPEEPAY_googleplay_DECEMBER_reviews.csv,qris
176e2c02-b801-46e0-bd1d-11e14bdd9329,Pengguna Google,https://play-lh.googleusercontent.com/EGemoI2NTXmTsBVtJqk8jxF9rh8ApRWfsIMQSt2uE4OcpQqbFu7f7NbTK05lx80nuSijCz7sc3a277R67g,mantap pokok nya 👍👍👍👍👍👍gadak duanya transfer kmana aja Gratis,5,0,1.62.0,2025-11-08 14:55:40+00:00,,,1.62.0,Dataset/dataset\GOPAY_googleplay_NOVEMBER_reviews.csv,transfer
eb552198-0ca6-4f77-bcfc-1189b09949d7,Pengguna Google,https://play-lh.googleusercontent.com/EGemoI2NTXmTsBVtJqk8jxF9rh8ApRWfsIMQSt2uE4OcpQqbFu7f7NbTK05lx80nuSijCz7sc3a277R67g,"Kalian jangan mau pakek aplikasi ini kl ga mau terkendala terus pas topup maupun penarikan, aku lg umroh dan mau narik tunai karna atm bni ku ga bisa jd aku topup ke aplikasi ini rencana mau aku kirim ke bank ku yg satunya tp malah di persulit ga langsung dikirim malah di endapkan tdk langsung dikirim sangat mempersulit saat di negara orang, sdh chat ke cs dan shopee nya langsung tp masih di suruh nunggu 24jam abis itu masih di suruh ss ngisi formulir segala namun uang tetap tidak di proses👎🏻",1,0,,2025-11-05 08:29:19+00:00,"Hi Kak wilda. Mohon maaf atas kendala transfer ShopeePay ke rekening bank yang belum diterima. Terkait kendala tersebut mohon menghubungi kami melalui DM ke Instagram @ShopeePay_ID yang bercentang biru, dengan melampirkan bukti transfer yang terkendala untuk bantuan lebih lanjut. Semoga kendala kakak segera terselesaikan ya. ^CS",2025-11-05 13:27:00,,Dataset/dataset\SHOPEEPAY_googleplay_NOVEMBER_reviews.csv,topup
295c6f23-3994-4d5e-9e73-6a71f93b6cfa,Pengguna Google,https://play-lh.googleusercontent.com/EGemoI2NTXmTsBVtJqk8jxF9rh8ApRWfsIMQSt2uE4OcpQqbFu7f7NbTK05lx80nuSijCz7sc3a277R67g,kenapa ini udah diupdate gak bisa transaksi maupun top up,1,0,3.2.0,2025-11-23 00:05:40+00:00,"Hai Sahabat @aal 222, mohon maaf atas ketidaknyamanannya. Utk pengecekan lebih lanjut atas kendala yg dialami, kami persilakan mengirimkan pesan melalui layanan email kami di mandiricare@bankmandiri.co.id atau mandiri call 14000 ya. Tks~Tommy",2025-11-23 00:11:53,3.2.0,Dataset/dataset\LIVIN_googleplay_NOVEMBER_reviews.csv,topup
46f7eafc-f527-4e57-9bc0-18f77ca9373d,Pengguna Google,https://play-lh.googleusercontent.com/EGemoI2NTXmTsBVtJqk8jxF9rh8ApRWfsIMQSt2uE4OcpQqbFu7f7NbTK05lx80nuSijCz7sc3a277R67g,jujur saya kecewa saya merasa di bedakan dengan pengguna lain padahal saya hanya ingin login ke akun sya pake nomer telpon yang sama tapi kenapa setiap saya mencoba selalu di batalkan dengan alasan demi alasan ke amanan memang nya saya salah apa,2,1,1.42.03,2025-11-12 22:29:13+00:00,"Hi Kak Zulfa. Mohon maaf mengenai kendala tidak bisa login akun karena alasan keamanan. Kami siap membantu kakak untuk bantuan lebih lanjut, mohon menghubungi kami melalui DM ke Instagram @ShopeePay_ID dengan melampirkan foto/screenshot notifikasi kendala yang dialami. ^CS",2025-11-13 11:29:59,1.42.03,Dataset/dataset\SHOPEEPAY_googleplay_NOVEMBER_reviews.csv,login
78d991a7-895a-4868-855a-0f40748a7c1e,Pengguna Google,https://play-lh.googleusercontent.com/EGemoI2NTXmTsBVtJqk8jxF9rh8ApRWfsIMQSt2uE4OcpQqbFu7f7NbTK05lx80nuSijCz7sc3a277R67g,"Tolong.... kenapa kita TF kok di suruh upgrade ke go pay plus terus, kalau kita ngak mau kenapa..",1,0,1.60.0,2025-10-25 15:34:22+00:00,"Hai Kak Debby, mohon maaf atas ketidaknyamanannya. Dengan upgrade ke GoPay Plus, kamu bisa menikmati fitur tambahan yang mempermudah transaksi dan meningkatkan keamanan akunmu. Jika mengalami kendala saat proses upgrade, silakan kirim email ke customerservice@gopay.co.id dan cantumkan kode psr-25-298-0945-54650 di subject ya. ^Melisa",2025-10-25 16:46:04,1.60.0,Dataset/dataset\GOPAY_googleplay_OCTOBER_reviews.csv,transfer
3e1c30f2-0752-4106-b215-d27f12198a1e,Pengguna Google,https://play-lh.googleusercontent.com/EGemoI2NTXmTsBVtJqk8jxF9rh8ApRWfsIMQSt2uE4OcpQqbFu7f7NbTK05lx80nuSijCz7sc3a277R67g,Karena top up nya murah,5,0,1.62.0,2025-11-12 16:54:19+00:00,,,1.62.0,Dataset/dataset\GOPAY_googleplay_NOVEMBER_reviews.csv,topup
497f5aec-d19e-4ed6-8ee7-64d9b99a336b,Pengguna Google,https://play-lh.googleusercontent.com/EGemoI2NTXmTsBVtJqk8jxF9rh8ApRWfsIMQSt2uE4OcpQqbFu7f7NbTK05lx80nuSijCz7sc3a277R67g,semenjak adanya gopay hidup terasa semakan simpel klau buat tf/transaksi lainnya enak gk ribet2 jadinya,5,0,1.51.0,2025-10-01 00:42:01+00:00,,,1.51.0,Dataset/dataset\GOPAY_googleplay_OCTOBER_reviews.csv,transfer
0b7f1ef8-73a4-4a4d-b6e9-6efe369578a2,Pengguna Google,https://play-lh.googleusercontent.com/EGemoI2NTXmTsBVtJqk8jxF9rh8ApRWfsIMQSt2uE4OcpQqbFu7f7NbTK05lx80nuSijCz7sc3a277R67g,"halo ovo, kenapa minimal transfer sesama ovo harus 10k? padahal transaksi kecil dibawah 10k lebih sering dilakukan. gabisakah dibikin Rp. 1 aja gitu kalo ke sesama ovo?! jadi gabisa dipake buat transaksi di warung buat sekedar beli kopi sachet 1..",3,0,,2025-10-19 17:50:59+00:00,,,,Dataset/dataset\OVO_googleplay_OCTOBER_reviews.csv,transfer
1a011613-6d52-452e-91ee-2b1b1c1ccf25,Pengguna Google,https://play-lh.googleusercontent.com/EGemoI2NTXmTsBVtJqk8jxF9rh8ApRWfsIMQSt2uE4OcpQqbFu7f7NbTK05lx80nuSijCz7sc3a277R67g,"kalau kalian pakai gopay enak loh bisa top up game,dan bisa menjadi dompet mu",5,0,1.59.0,2025-10-05 18:24:29+00:00,,,1.59.0,Dataset/dataset\GOPAY_googleplay_OCTOBER_reviews.csv,topup
bb6d2311-6b76-43f1-907e-a54a5c4ca489,Pengguna Google,https://play-lh.googleusercontent.com/EGemoI2NTXmTsBVtJqk8jxF9rh8ApRWfsIMQSt2uE4OcpQqbFu7f7NbTK05lx80nuSijCz7sc3a277R67g,keren tapi aku belum tau cara top up menggunakan pulsa,5,0,1.60.0,2025-10-28 18:39:27+00:00,,,1.60.0,Dataset/dataset\GOPAY_googleplay_OCTOBER_reviews.csv,topup
16510004-fcc7-454a-90b2-6ad7a6c9325e,Pengguna Google,https://play-lh.googleusercontent.com/EGemoI2NTXmTsBVtJqk8jxF9rh8ApRWfsIMQSt2uE4OcpQqbFu7f7NbTK05lx80nuSijCz7sc3a277R67g,banyak membantu dalam pembayaran dan transfer jadi jauh lebih cepat,5,0,1.61.2,2025-11-04 18:46:54+00:00,,,1.61.2,Dataset/dataset\GOPAY_googleplay_NOVEMBER_reviews.csv,transfer
fc376bcb-5708-4ddd-a171-ba164ef9363d,Pengguna Google,https://play-lh.googleusercontent.com/EGemoI2NTXmTsBVtJqk8jxF9rh8ApRWfsIMQSt2uE4OcpQqbFu7f7NbTK05lx80nuSijCz7sc3a277R67g,tolong donk respon nya saya lakukan transaksi qris transaksi sukses tapi belom masuk mutasi penerima gimana ini di cek di bukti transaksi gak ada no RRN ATAU REFERENSI saya jadi susah cek itu transferan nya masuk engga nya ripuh gopay sekarang mah eror,1,0,,2025-11-30 00:56:42+00:00,"Hai Kak Doni, mohon maaf atas ketidaknyamanannya. Terkait hal tersebut, silakan laporkan melalui email ke customerservice@gopay.co.id dengan melampirkan kode psr-25-334-2344-27323 pada subject email dan ceritakan kembali detail permasalahannya agar tim kami bisa bantu cek lebih lanjut ya. ^Miko",2025-11-30 06:44:38,,Dataset/dataset\GOPAY_googleplay_NOVEMBER_reviews.csv,qris
0c231eee-0c24-40b4-becc-295bf172a706,Pengguna Google,https://play-lh.googleusercontent.com/EGemoI2NTXmTsBVtJqk8jxF9rh8ApRWfsIMQSt2uE4OcpQqbFu7f7NbTK05lx80nuSijCz7sc3a277R67g,"sy kecewa sy transfer ke teman ko belum masuk juga,, sy cek dah bener no nya,,apk apaan nih,tolong balikin lagi saldo gue",1,0,1.64.1,2025-11-30 17:46:56+00:00,"Hai Kak Kurnia, mohon maaf atas ketidaknyamanannya. Terkait keluhan tersebut, silakan laporkan melalui email ke customerservice@gopay.co.id dengan melampirkan kode psr-25-334-1121-44137 pada subject email. Kami tunggu detail laporan kamu ya. ^Maura",2025-11-30 18:21:52,1.64.1,Dataset/dataset\GOPAY_googleplay_NOVEMBER_reviews.csv,transfer
301a670e-6b3d-4dd4-a1bc-0f2675770454,Pengguna Google,https://play-lh.googleusercontent.com/EGemoI2NTXmTsBVtJqk8jxF9rh8ApRWfsIMQSt2uE4OcpQqbFu7f7NbTK05lx80nuSijCz7sc3a277R67g,hai kk ini kenapaa ovo gabisa pake qris ya? padahal biasanya bisa sekarang kok ga bisa ya,3,0,3.148.0,2025-11-30 17:04:39+00:00,,,3.148.0,Dataset/dataset\OVO_googleplay_NOVEMBER_reviews.csv,qris
94bc01a2-bbc1-4250-8a66-ea2afa6d37b7,Pengguna Google,https://play-lh.googleusercontent.com/EGemoI2NTXmTsBVtJqk8jxF9rh8ApRWfsIMQSt2uE4OcpQqbFu7f7NbTK05lx80nuSijCz7sc3a277R67g,"transfer ke bank udah 2 hari masih proses aja, gimana sih, kalo emang gak terkirim ya di gagalkan dong, jangan di gantung begitu uang orang, udah komplain lewat fitur bantuan tetap aja masih ga ada jawaban pastinya, taiikkk",1,2,3.144.0,2025-10-06 13:44:17+00:00,,,3.144.0,Dataset/dataset\OVO_googleplay_OCTOBER_reviews.csv,transfer
10b72837-5d3b-4db9-a3f8-9a33385d8783,Pengguna Google,https://play-lh.googleusercontent.com/EGemoI2NTXmTsBVtJqk8jxF9rh8ApRWfsIMQSt2uE4OcpQqbFu7f7NbTK05lx80nuSijCz7sc3a277R67g,Aplikasi bermasalah kadang saldo saya hilang beberapa ribu trs2an top up juga biaya nya sekian lebih mahal dari pada aplikasi shpipay...,2,0,3.140.0,2025-10-31 22:04:09+00:00,,,3.140.0,Dataset/dataset\OVO_googleplay_OCTOBER_reviews.csv,topup
07d2daf5-a616-485d-b285-8f997017e070,Pengguna Google,https://play-lh.googleusercontent.com/EGemoI2NTXmTsBVtJqk8jxF9rh8ApRWfsIMQSt2uE4OcpQqbFu7f7NbTK05lx80nuSijCz7sc3a277R67g,"aplikasi kaya lintah darat, top up kena cas, isi saldo kena cas juga, mending pake yg lain, gratis tis tis. Kalo ada aplikasi lain yg bagus ngapain pake ovo, bikin kantong bolong aja.",1,0,,2025-12-20 15:33:10+00:00,,,,Dataset/dataset\OVO_googleplay_DECEMBER_reviews.csv,topup
c8c0cfc5-1d2f-4826-b648-e3c1ac4cb73d,Pengguna Google,https://play-lh.googleusercontent.com/EGemoI2NTXmTsBVtJqk8jxF9rh8ApRWfsIMQSt2uE4OcpQqbFu7f7NbTK05lx80nuSijCz7sc3a277R67g,"aplikasi tolol mau top up lewat VA, ga ada no VA nya. mau minta bantuan CS dijawab ma robot,gak bsa ketik apa2, suru nunggu 2 jam.",1,0,1.60.0,2025-10-26 14:08:39+00:00,"Hai Kak Hartanto, mohon maaf atas ketidaknyamanannya. Jika masih mengalami keluhan, silakan laporkan melalui email ke customerservice@gopay.co.id dengan melampirkan kode psr-25-299-0741-34699 pada subject email dan cantumkan nomor laporan sebelumnya serta ceritakan kembali detail permasalahannya. Kami tunggu detail laporan kamu ya. ^Miko",2025-10-26 14:41:52,1.60.0,Dataset/dataset\GOPAY_googleplay_OCTOBER_reviews.csv,topup
51ba443b-0539-4ccb-b96d-15e249d06ca9,Pengguna Google,https://play-lh.googleusercontent.com/EGemoI2NTXmTsBVtJqk8jxF9rh8ApRWfsIMQSt2uE4OcpQqbFu7f7NbTK05lx80nuSijCz7sc3a277R67g,tidak bisa melakukan tf,1,0,3.148.0,2025-12-02 21:42:47+00:00,,,3.148.0,Dataset/dataset\OVO_googleplay_DECEMBER_reviews.csv,transfer
a8bce872-6706-46a9-bd20-7204854dbfee,Pengguna Google,https://play-lh.googleusercontent.com/EGemoI2NTXmTsBVtJqk8jxF9rh8ApRWfsIMQSt2uE4OcpQqbFu7f7NbTK05lx80nuSijCz7sc3a277R67g,"knp nih ovo kalo mau transfer harus disuruh update dulu ke ovo premier giliran mau update harus pake foto KTP dll kok ribet bgt sih . tolong dong jgn mempersulitt orang"" . payah nihh ga kayak aplikasih lain yg gampang dan mudah gak bertele tele. saya kaasih bintang 2 dulu kalo sistemnya udah mudah dan memuaskan saya baru saya kasih bintang 5 . segera di respon",2,1,3.146.0,2025-10-30 06:09:25+00:00,,,3.146.0,Dataset/dataset\OVO_googleplay_OCTOBER_reviews.csv,transfer
06711574-c9de-47fb-8bf7-189d7789c11d,Pengguna Google,https://play-lh.googleusercontent.com/EGemoI2NTXmTsBVtJqk8jxF9rh8ApRWfsIMQSt2uE4OcpQqbFu7f7NbTK05lx80nuSijCz7sc3a277R67g,"top up game lama ga masuk"" percuma CS ga guna ga ada solusi",1,0,1.60.0,2025-10-17 22:12:52+00:00,"Hai Kak Gandhi, mohon maaf atas ketidaknyamanannya. Terkait hal tersebut, silakan laporkan melalui email ke customerservice@gopay.co.id dengan melampirkan kode psr-25-290-1451-08660 pada subject email dan ceritakan kembali detail permasalahannya agar tim kami bisa bantu cek lebih lanjut ya. ^Melisa",2025-10-17 21:51:15,1.60.0,Dataset/dataset\GOPAY_googleplay_OCTOBER_reviews.csv,topup
75990a1d-a3f1-4dd8-a863-86a65aafd538,Pengguna Google,https://play-lh.googleusercontent.com/EGemoI2NTXmTsBVtJqk8jxF9rh8ApRWfsIMQSt2uE4OcpQqbFu7f7NbTK05lx80nuSijCz7sc3a277R67g,"pake gopay asyik sih,,bebas transfer ke mana aja tanpa hambatan.terus ada cashback lagi dan lagi.",5,0,1.61.2,2025-11-27 16:17:59+00:00,,,1.61.2,Dataset/dataset\GOPAY_googleplay_NOVEMBER_reviews.csv,transfer
3f9d7335-87ba-4cdd-88ae-a2e4f47282f1,Pengguna Google,https://play-lh.googleusercontent.com/EGemoI2NTXmTsBVtJqk8jxF9rh8ApRWfsIMQSt2uE4OcpQqbFu7f7NbTK05lx80nuSijCz7sc3a277R67g,"aplikasi penyakitan, masa mau tf lewat qriss gabisa.. tulisannya ""gak bisa lanjutin transaksi ini"" MOHON DI PERBAIKI.. JIKA TIDAK SAYA PINDAH SAJA KE DOMPET DIGITAL LAIN.",1,2,1.60.0,2025-10-10 17:43:24+00:00,"Hai Kak Jöseph, mohon maaf atas ketidaknyamanannya. Pastikan kamu menggunakan aplikasi GoPay versi terbaru dan posisi kode QR yang dipindai sudah sesuai. Jika masih berkendala, laporkan melalui email customerservice@gopay.co.id dan cantumkan kode psr-25-283-1518-22121 pada subject email yang kamu kirimkan ya. ^Miko",2025-10-10 22:18:40,1.60.0,Dataset/dataset\GOPAY_googleplay_OCTOBER_reviews.csv,transfer
52814db3-f0ed-4530-8200-a7728328e2de,Pengguna Google,https://play-lh.googleusercontent.com/EGemoI2NTXmTsBVtJqk8jxF9rh8ApRWfsIMQSt2uE4OcpQqbFu7f7NbTK05lx80nuSijCz7sc3a277R67g,mantap gopay is the best tanpa potongan biaya admin transfer ke bank mnpun,5,0,1.45.0,2025-10-22 01:54:18+00:00,,,1.45.0,Dataset/dataset\GOPAY_googleplay_OCTOBER_reviews.csv,transfer
685ad10e-6f13-45da-98b9-ce04103c3201,Pengguna Google,https://play-lh.googleusercontent.com/EGemoI2NTXmTsBVtJqk8jxF9rh8ApRWfsIMQSt2uE4OcpQqbFu7f7NbTK05lx80nuSijCz7sc3a277R67g,biaya TF selalu gratis,5,0,1.60.0,2025-10-30 07:33:06+00:00,,,1.60.0,Dataset/dataset\GOPAY_googleplay_OCTOBER_reviews.csv,transfer
da5415ab-d41b-425f-8333-f3a69477481e,Pengguna Google,https://play-lh.googleusercontent.com/EGemoI2NTXmTsBVtJqk8jxF9rh8ApRWfsIMQSt2uE4OcpQqbFu7f7NbTK05lx80nuSijCz7sc3a277R67g,"makin di update makin parah, qris pembayaran dlm proses tapi saldo terpotong, setelah beberapa hari di email pihak ovo 5 hari kerja GK masuk tanggal merah dan hari libur baru di proses transaksi yg pendingnya, bukan nya msuk saldo yg pending ke penerima malah GK masuk rupanya, dan setelah itu di email lagi pihak ovo menunggu lagi 5 hari kerja, sangat merugikan sekali menggunakan aplikasi ini GK kayak ewalet yg lain, yg lain ada TF bank gratisnya dan Nerima saldo dr bank lain pun GK ada admin. ⭐-",1,0,3.149.0,2025-12-19 17:31:10+00:00,,,3.149.0,Dataset/dataset\OVO_googleplay_DECEMBER_reviews.csv,qris
00381f58-591b-41a3-a1a1-a216aa928ec9,Pengguna Google,https://play-lh.googleusercontent.com/EGemoI2NTXmTsBVtJqk8jxF9rh8ApRWfsIMQSt2uE4OcpQqbFu7f7NbTK05lx80nuSijCz7sc3a277R67g,"bila tidak dapat lagi kartu gosok setelah transfer,hilangi logo transfer dapat koin hingga 50ribu nya,bikin salah paham saja",2,0,1.62.0,2025-11-17 06:02:28+00:00,,,1.62.0,Dataset/dataset\GOPAY_googleplay_NOVEMBER_reviews.csv,transfer
cbb76f76-f0f2-423c-8a4a-802d107277f4,Pengguna Google,https://play-lh.googleusercontent.com/EGemoI2NTXmTsBVtJqk8jxF9rh8ApRWfsIMQSt2uE4OcpQqbFu7f7NbTK05lx80nuSijCz7sc3a277R67g,"saya top up 205.000 pagi ini. di BJB Digi nya terpotong dan berhasil. tetapi, tidak masuk ke aplikasi ovo. tolong dibantu. saya kasih bintang 2 dulu. kalau sudah masuk, saya naikan",5,0,3.144.0,2025-10-01 17:41:44+00:00,,,3.144.0,Dataset/dataset\OVO_googleplay_OCTOBER_reviews.csv,topup
6982695d-2630-4c69-a438-4339f459a5cf,Pengguna Google,https://play-lh.googleusercontent.com/EGemoI2NTXmTsBVtJqk8jxF9rh8ApRWfsIMQSt2uE4OcpQqbFu7f7NbTK05lx80nuSijCz7sc3a277R67g,susah banget login nya .......................,2,0,3.2.0,2025-11-22 06:23:57+00:00,"Hai Sahabat @Agus Lukman, mohon maaf atas ketidaknyamanannya. Perihal tsb kami sarankan Sahabat melakukan force close kemudian restart device, pastikan jaringan stabil dan tidak menggunakan WiFi. Apabila masih terkendala dapat mengirimkan email ke mandiricare@bankmandiri.co.id atau menghubungi mandiri call 14000. Tks~Vacilla",2025-11-22 06:29:19,3.2.0,Dataset/dataset\LIVIN_googleplay_NOVEMBER_reviews.csv,login
40238a1e-4eb7-4bff-bdcf-81fe1976750a,Pengguna Google,https://play-lh.googleusercontent.com/EGemoI2NTXmTsBVtJqk8jxF9rh8ApRWfsIMQSt2uE4OcpQqbFu7f7NbTK05lx80nuSijCz7sc3a277R67g,"mau ganti device tapi gagal verifikasi wajah Mulu. giliran bisa masuk, trus masukin password, malah akun terblokir.",2,0,,2025-12-17 06:31:48+00:00,"Hai, Kak fajar. Maaf atas ketidaknyamanannya. Kami akan selalu berusaha memberikan yang terbaik demi kebutuhan perbankan Kakak. Terkait hal tersebut pastikan beberapa hal berikut, pastikan Kakak tidak memakai sunglasses, di tempat yang terang, tidak backlight, posisi wajah di dalam lingkaran dan pastikan aplikasi blu versi terupdate ya.
",2025-12-17 06:58:13,,Dataset/dataset\BLU_googleplay_DECEMBER_reviews.csv,vermuk
cab4f252-76ee-4be8-9285-cbf6a817bcbe,Pengguna Google,https://play-lh.googleusercontent.com/EGemoI2NTXmTsBVtJqk8jxF9rh8ApRWfsIMQSt2uE4OcpQqbFu7f7NbTK05lx80nuSijCz7sc3a277R67g,aplikasi Jelek. verifikasi wajah gak beres2,1,0,,2025-12-21 14:01:38+00:00,"Hai, Kak Adit. Maaf atas ketidaknyamanannya. Kami akan selalu berusaha memberikan yang terbaik demi kebutuhan perbankan Kakak. Terkait hal tersebut pastikan beberapa hal berikut, pastikan Kakak tidak memakai sunglasses, di tempat yang terang, tidak backlight, posisi wajah di dalam lingkaran dan pastikan aplikasi blu versi terupdate ya.",2025-12-21 15:08:06,,Dataset/dataset\BLU_googleplay_DECEMBER_reviews.csv,vermuk
b2ab4b45-2e22-450b-aa61-c021ed6a5c48,Pengguna Google,https://play-lh.googleusercontent.com/EGemoI2NTXmTsBVtJqk8jxF9rh8ApRWfsIMQSt2uE4OcpQqbFu7f7NbTK05lx80nuSijCz7sc3a277R67g,apknya sudah bagus mohon di stabilkan lagi apknya.... masa gak bisa login padahal internet kenceng..... mohon di baca kritikan saya..... supaya di perbaiki lagi terima kasih gopay....,5,6,1.62.0,2025-11-07 15:49:47+00:00,,,1.62.0,Dataset/dataset\GOPAY_googleplay_NOVEMBER_reviews.csv,login
994e4783-dae5-494f-baef-219dd98389ce,Pengguna Google,https://play-lh.googleusercontent.com/EGemoI2NTXmTsBVtJqk8jxF9rh8ApRWfsIMQSt2uE4OcpQqbFu7f7NbTK05lx80nuSijCz7sc3a277R67g,"saya tidak bisa login di aflikasi saya, apa kendalanya min.🙏🏼",5,0,,2025-12-26 08:23:14+00:00,,,,Dataset/dataset\OVO_googleplay_DECEMBER_reviews.csv,login
61625b00-1af8-410a-a5ad-0dc40b27def2,Pengguna Google,https://play-lh.googleusercontent.com/EGemoI2NTXmTsBVtJqk8jxF9rh8ApRWfsIMQSt2uE4OcpQqbFu7f7NbTK05lx80nuSijCz7sc3a277R67g,"berhati hati untuk menggunakan aplikasi ini, SDH di topup tp uang tdk masuk, kalau bisa g perlu terlalu banyak ngisi saldonya",1,1,3.144.0,2025-10-16 11:46:10+00:00,,,3.144.0,Dataset/dataset\OVO_googleplay_OCTOBER_reviews.csv,topup
6a9892de-0caf-40f3-aac3-2f599e887ec6,Pengguna Google,https://play-lh.googleusercontent.com/EGemoI2NTXmTsBVtJqk8jxF9rh8ApRWfsIMQSt2uE4OcpQqbFu7f7NbTK05lx80nuSijCz7sc3a277R67g,si jago login dan verifikasi recomendasi. semoga jago sukses,5,0,8.74.0,2025-10-11 15:21:16+00:00,,,8.74.0,Dataset/dataset\JAGO_googleplay_OCTOBER_reviews.csv,login
04d0a75f-cc7b-42c2-b262-9be953e9a41f,Pengguna Google,https://play-lh.googleusercontent.com/EGemoI2NTXmTsBVtJqk8jxF9rh8ApRWfsIMQSt2uE4OcpQqbFu7f7NbTK05lx80nuSijCz7sc3a277R67g,"SAYA BARU TOP UP 20K SAYA TIDUR BANGUN BANGUN SALDO SAYA SISA 3K, PADAHAL SAYA TIDAK PAKE UANG ITU KOK TIBA² HILANG APA KESEDOT YAH?",1,0,1.61.2,2025-11-04 07:27:36+00:00,"Hai Kak Febrian, mohon maaf atas ketidaknyamanannya. Terkait keluhan tersebut, silakan laporkan melalui email ke customerservice@gopay.co.id dengan melampirkan kode psr-25-308-0142-44764 pada subject email. Kami tunggu detail laporan kamu ya. ^Maura",2025-11-04 08:42:51,1.61.2,Dataset/dataset\GOPAY_googleplay_NOVEMBER_reviews.csv,topup
2d7cede4-59c1-40d4-9b79-538bd6f6c180,Pengguna Google,https://play-lh.googleusercontent.com/EGemoI2NTXmTsBVtJqk8jxF9rh8ApRWfsIMQSt2uE4OcpQqbFu7f7NbTK05lx80nuSijCz7sc3a277R67g,kwnap saya mau TF Kebang ko ganggu WAN Mulu gimana sih,1,0,,2025-11-27 10:39:11+00:00,"Hai Kak Sutrisno, mohon maaf atas ketidaknyamanannya. Terkait keluhan tersebut, silakan laporkan melalui email ke customerservice@gopay.co.id dengan melampirkan kode psr-25-331-0418-41957 pada subject email. Kami tunggu detail laporan kamu ya. ^Maura",2025-11-27 11:18:46,,Dataset/dataset\GOPAY_googleplay_NOVEMBER_reviews.csv,transfer
754dc6f2-b649-4d6d-82ef-8894dcfc30ef,Pengguna Google,https://play-lh.googleusercontent.com/EGemoI2NTXmTsBVtJqk8jxF9rh8ApRWfsIMQSt2uE4OcpQqbFu7f7NbTK05lx80nuSijCz7sc3a277R67g,"saya merasa kecewakan karna saya barusaja mengalami penipuan transaksi, transaksi yang saya sendri tidak lakukan saat saya melaporkannya malah saya di hubungi oleh bnyak costumer service saya menjadi bingung setiap costumer service menyuruh saya top up ulang agar dapat mengembalikan uang bagaimana caranya saya mau top up sedangkan semua uang saya habis raip di dalam gopay ini saya sebagai pengguna gopay sejak 2 tahun trakir baru kli ini saya sangat merasa kecewa oleh pelayan sepertinini",1,1,1.61.2,2025-11-14 22:28:28+00:00,"Hai Kak Muhammad, mohon maaf atas ketidaknyamanannya. Terkait keluhan tersebut, silakan laporkan melalui email ke customerservice@gopay.co.id dengan melampirkan kode psr-25-318-1539-38249 pada subject email. Kami tunggu detail laporan kamu ya. ^Maura",2025-11-14 22:39:43,1.61.2,Dataset/dataset\GOPAY_googleplay_NOVEMBER_reviews.csv,topup
ec32ec83-fd8b-497d-850c-07411588eb7d,Pengguna Google,https://play-lh.googleusercontent.com/EGemoI2NTXmTsBVtJqk8jxF9rh8ApRWfsIMQSt2uE4OcpQqbFu7f7NbTK05lx80nuSijCz7sc3a277R67g,"parah banget, jangan instal apk ini, rating aja udah 3.5 dari sekian komentar saya alami sendiri... saldo saya juga ngga bisa di ambil padahal sudah topup dan saya biarkan hilang ga papa... inti nya ovo udah terlalu jelek mending pindah ke apk lain yang ngga banyak adm tiap tf maupun topup",1,0,,2025-12-28 19:14:35+00:00,,,,Dataset/dataset\OVO_googleplay_DECEMBER_reviews.csv,topup
0a5ad350-6cdd-4449-bacd-5b17cc643ebd,Pengguna Google,https://play-lh.googleusercontent.com/EGemoI2NTXmTsBVtJqk8jxF9rh8ApRWfsIMQSt2uE4OcpQqbFu7f7NbTK05lx80nuSijCz7sc3a277R67g,sy kasih bintang 5 supaya bisa cepat di respon pesan email saya soal nya sy tidak bisa login di ovo,5,1,3.146.0,2025-11-04 09:16:13+00:00,,,3.146.0,Dataset/dataset\OVO_googleplay_NOVEMBER_reviews.csv,login
c447c1e3-0b9d-469f-acf8-8344f909cc60,Pengguna Google,https://play-lh.googleusercontent.com/EGemoI2NTXmTsBVtJqk8jxF9rh8ApRWfsIMQSt2uE4OcpQqbFu7f7NbTK05lx80nuSijCz7sc3a277R67g,Kenapa kalo bolak balik ganti akun pasti gk bisa top up,5,0,1.60.0,2025-11-06 14:06:31+00:00,,,1.60.0,Dataset/dataset\GOPAY_googleplay_NOVEMBER_reviews.csv,topup
b0bca00b-955c-4c68-afd4-1feb2c978de6,Pengguna Google,https://play-lh.googleusercontent.com/EGemoI2NTXmTsBVtJqk8jxF9rh8ApRWfsIMQSt2uE4OcpQqbFu7f7NbTK05lx80nuSijCz7sc3a277R67g,"buruk,tidak bisa transfer/tarik. di suruh upgrade ovo nabung,tpi malah perangkat tidak kompatibel",1,0,,2025-12-04 18:40:52+00:00,,,,Dataset/dataset\OVO_googleplay_DECEMBER_reviews.csv,transfer
785e16e9-05a9-48d3-bb21-173c26f862eb,Pengguna Google,https://play-lh.googleusercontent.com/EGemoI2NTXmTsBVtJqk8jxF9rh8ApRWfsIMQSt2uE4OcpQqbFu7f7NbTK05lx80nuSijCz7sc3a277R67g,aplikasi paling sat set transfer dan terima uang,5,0,,2025-10-20 14:36:50+00:00,,,,Dataset/dataset\GOPAY_googleplay_OCTOBER_reviews.csv,transfer
7f13dc4e-04bc-4f31-9067-9d8a4e561bc6,Pengguna Google,https://play-lh.googleusercontent.com/EGemoI2NTXmTsBVtJqk8jxF9rh8ApRWfsIMQSt2uE4OcpQqbFu7f7NbTK05lx80nuSijCz7sc3a277R67g,"harusnya kalo soal transfer itu ,yg bayar biaya adminnya si pengirim yg nanggung , jadi adminnya yg nanggung saya ,bagi saya walaupun 2 ribu rupiah begituh berarti , sebagai berprofesi ojol yg penghasilan nya gak nentu ,tolong lah kebijakan nya kalo transfer yg nanggung biaya admin si pengirim",1,0,3.144.0,2025-10-17 20:04:42+00:00,,,3.144.0,Dataset/dataset\OVO_googleplay_OCTOBER_reviews.csv,transfer
2d862e9b-f867-4ee8-8541-478ee2b54e36,Pengguna Google,https://play-lh.googleusercontent.com/EGemoI2NTXmTsBVtJqk8jxF9rh8ApRWfsIMQSt2uE4OcpQqbFu7f7NbTK05lx80nuSijCz7sc3a277R67g,biaya admin terlalu besar untuk melakukan top up,5,0,1.59.0,2025-10-06 10:47:16+00:00,,,1.59.0,Dataset/dataset\GOPAY_googleplay_OCTOBER_reviews.csv,topup
d9e341d6-64f2-4032-8350-cf4f2dcdbc13,Pengguna Google,https://play-lh.googleusercontent.com/EGemoI2NTXmTsBVtJqk8jxF9rh8ApRWfsIMQSt2uE4OcpQqbFu7f7NbTK05lx80nuSijCz7sc3a277R67g,"gimana gopay gak ada solusi saldo top Up saya belum masuk,Sudah 2 hari",1,0,1.61.2,2025-10-28 14:35:39+00:00,,,1.61.2,Dataset/dataset\GOPAY_googleplay_OCTOBER_reviews.csv,topup
0e9c7abc-fed4-45aa-9088-54bc650fcf0c,Pengguna Google,https://play-lh.googleusercontent.com/EGemoI2NTXmTsBVtJqk8jxF9rh8ApRWfsIMQSt2uE4OcpQqbFu7f7NbTK05lx80nuSijCz7sc3a277R67g,"Aplikasi dengan promo palsu, saya selalu menunggu dan login di jam yang dijanjikan sesuai ketentuan tetapi selalu gagal melakukan top up promo GGWDP1RUPIAH. dari jam 16:00, 16:30, 17:00, 17:00 semuanya gagal, admin penipu !!! percuma banyak notif promo tapi palsu semua. Semoga semua yang bersangkutan kena karma !",1,0,,2025-11-07 17:34:26+00:00,"Mohon maaf ya, Kak Mifta. Mengenai promo mengikuti syarat & ketentuan yang berlaku, pastikan kode voucher yang dimasukkan sudah sesuai. Jika masih tidak bisa, silakan laporkan hal ini melalui halaman Bantuan > ketik ""Tidak bisa menukarkan kode promo"" di kolom pencarian > pilih artikel dan lengkapi form-nya. Kami siap membantu. ^Miko",2025-11-07 19:14:33,,Dataset/dataset\GOPAY_googleplay_NOVEMBER_reviews.csv,login
6ac85211-e0f0-4788-ad9b-758e8bfcf67a,Pengguna Google,https://play-lh.googleusercontent.com/EGemoI2NTXmTsBVtJqk8jxF9rh8ApRWfsIMQSt2uE4OcpQqbFu7f7NbTK05lx80nuSijCz7sc3a277R67g,Bagaimana cara melakukan verifikasi wajah pada aplikasi gopay,2,0,1.60.0,2025-11-14 00:07:16+00:00,"Hai Kak @Tuppank, mohon maaf atas ketidaknyamanannya. Pastikan kamu mengambil foto selfie dengan pencahayaan yang baik dan wajah terlihat jelas. Jika masih berkendala, silakan laporkan detailnya melalui email ke customerservice@gopay.co.id dan cantumkan kode psr-25-318-0249-39015 pada subjek email. ^Melisa",2025-11-14 09:49:53,1.60.0,Dataset/dataset\GOPAY_googleplay_NOVEMBER_reviews.csv,vermuk
6c43d1a6-1bc7-4126-9264-aef3f56e90c7,Pengguna Google,https://play-lh.googleusercontent.com/EGemoI2NTXmTsBVtJqk8jxF9rh8ApRWfsIMQSt2uE4OcpQqbFu7f7NbTK05lx80nuSijCz7sc3a277R67g,"aplikasi ga jelas, mau login aj susah. otp udh masuk tpi kedaluwarsa padahal baru masuk.giliran coba lagi udh ga bisa, aneh",1,0,,2025-10-12 22:52:46+00:00,,,,Dataset/dataset\OVO_googleplay_OCTOBER_reviews.csv,login
a5dae631-0df7-402c-98fc-81b7778b0d0c,Pengguna Google,https://play-lh.googleusercontent.com/EGemoI2NTXmTsBVtJqk8jxF9rh8ApRWfsIMQSt2uE4OcpQqbFu7f7NbTK05lx80nuSijCz7sc3a277R67g,lemot banget klo mau login lama loading nyaa....pdahal sekelas e wallet aja apk nya ringan...ini kaya berat banget...heran...,2,0,3.2.0,2025-11-12 23:09:28+00:00,"Halo Sahabat @Muhamad Maulana, mohon maaf atas ketidaknyamanannya. Perihal tsb mohon kesediaannya menghubungi layanan mandiri call 14000 atau mengirimkan email ke mandiricare@bankmandiri.co.id agar dpt kami lakukan pengecekan lebih lanjut ya. Tks~Zafran",2025-11-12 23:16:23,3.2.0,Dataset/dataset\LIVIN_googleplay_NOVEMBER_reviews.csv,login
4e0d1967-8219-47fe-aa69-a1a714a0b5c4,Pengguna Google,https://play-lh.googleusercontent.com/EGemoI2NTXmTsBVtJqk8jxF9rh8ApRWfsIMQSt2uE4OcpQqbFu7f7NbTK05lx80nuSijCz7sc3a277R67g,"lemotnya minta ampun buat tf aja susahnya minta ampun,",1,0,8.75.0,2025-10-24 06:54:17+00:00,"Hai, Jagoan. Mohon maaf untuk kendala yang kamu alami. Terkait kendala tersebut, kamu bisa segera laporkan ke Tanya Jago di nomor 1500746/021-30000746 atau e-mail ke tanya@jago.com ya. Tidak perlu khawatir karena tim terkait kami akan segera membantu. Terima kasih.",2025-10-24 07:18:20,8.75.0,Dataset/dataset\JAGO_googleplay_OCTOBER_reviews.csv,transfer
b6eb662f-ab7b-4ab5-9a81-e745cf393630,Pengguna Google,https://play-lh.googleusercontent.com/EGemoI2NTXmTsBVtJqk8jxF9rh8ApRWfsIMQSt2uE4OcpQqbFu7f7NbTK05lx80nuSijCz7sc3a277R67g,"mau login lagi karena HP ke reset, eh malah gagal terus di verifikasi muka, udah seharian coba gagal terus, kecewa banget sihhhh",5,0,1.60.0,2025-10-25 09:04:43+00:00,"Mohon maaf atas kendalanya, Kak Bagas. Sebelum login, pastikan fitur Face ID/Sidik Jari sudah aktif dan pola atau kata sandi yang dimasukkan sudah benar. Untuk info lebih lanjut, kunjungi halaman bantuan login > klik ikon ""?"" > pilih ""Tidak bisa masuk ke akun GoPay"" > pilih artikel ""Saya tidak bisa masuk dengan Face ID/Sidik Jari"". ^Miko",2025-10-24 18:46:51,1.60.0,Dataset/dataset\GOPAY_googleplay_OCTOBER_reviews.csv,login
7d7ced1d-b840-4c57-805b-8506ff755f3c,Pengguna Google,https://play-lh.googleusercontent.com/EGemoI2NTXmTsBVtJqk8jxF9rh8ApRWfsIMQSt2uE4OcpQqbFu7f7NbTK05lx80nuSijCz7sc3a277R67g,aplikasi babi top up w ga masuk saldo udah kepotong katanya 60 hari kerja TAII Aplikasi Rampok,1,0,1.59.0,2025-10-21 11:00:39+00:00,"Hai Kak @labu Vespa, mohon maaf atas ketidaknyamanannya. Jika masih mengalami keluhan, silakan laporkan melalui email ke customerservice@gopay.co.id dengan melampirkan kode psr-25-294-0550-08219 pada subject email dan cantumkan nomor laporan sebelumnya serta ceritakan kembali detail permasalahannya. Kami tunggu detail laporan kamu ya. ^Miko",2025-10-21 12:50:18,1.59.0,Dataset/dataset\GOPAY_googleplay_OCTOBER_reviews.csv,topup
0d7f5892-ab20-4b9b-82a8-9a68319c4143,Pengguna Google,https://play-lh.googleusercontent.com/EGemoI2NTXmTsBVtJqk8jxF9rh8ApRWfsIMQSt2uE4OcpQqbFu7f7NbTK05lx80nuSijCz7sc3a277R67g,bagaimana saya top up driver pengemudi ovo kok nggak masuk kode pembayaranya,1,0,3.144.0,2025-10-01 17:54:50+00:00,,,3.144.0,Dataset/dataset\OVO_googleplay_OCTOBER_reviews.csv,topup
ff81126f-40fe-46e9-a54f-322fd8c52d03,Pengguna Google,https://play-lh.googleusercontent.com/EGemoI2NTXmTsBVtJqk8jxF9rh8ApRWfsIMQSt2uE4OcpQqbFu7f7NbTK05lx80nuSijCz7sc3a277R67g,"saya top up ngak masuk"" kenapa tu?",2,0,,2025-10-11 13:34:06+00:00,"Hai Kak @buddy song, pastikan nomor tujuan sudah benar, sudah cek halaman Riwayat, dan coba keluar dan masuk kembali ke aplikasi. Jika saldo masih belum masuk, silakan laporkan melalui menu Bantuan > ketik 'Top up GoPay saya belum masuk' > isi formulir dan cantumkan kode psr-25-284-0701-05338 pada bagian 'Ceritakan lebih lanjut'. ^Maura",2025-10-11 14:01:09,,Dataset/dataset\GOPAY_googleplay_OCTOBER_reviews.csv,topup
d204e87a-3217-4c34-bf31-fe70fb68a7e6,Pengguna Google,https://play-lh.googleusercontent.com/EGemoI2NTXmTsBVtJqk8jxF9rh8ApRWfsIMQSt2uE4OcpQqbFu7f7NbTK05lx80nuSijCz7sc3a277R67g,aplikasi yang sangat membantu bagi pengguna HandPhone bisa top up saldo dan isi pulsa data dll,5,0,1.59.0,2025-10-07 17:14:15+00:00,,,1.59.0,Dataset/dataset\GOPAY_googleplay_OCTOBER_reviews.csv,topup
b65183fd-687d-4cae-86fa-309857ab3c0e,Pengguna Google,https://play-lh.googleusercontent.com/EGemoI2NTXmTsBVtJqk8jxF9rh8ApRWfsIMQSt2uE4OcpQqbFu7f7NbTK05lx80nuSijCz7sc3a277R67g,RIBET AMAT. TRANSFER AJA HARUS KE OVO PREMIER. MANA GABISA VERIFIKASI OTOMATIS. KALO BLM BISA VERIFIKASI OTOMATIS DENGAN EMBEL² *CUMA BEBERAPA MENIT* TAPI DISURUH NUNGGU BER JAM JAM TOLOLLLLLLLLL GAUSAH MAKSA PREMIER² SEGALA!!!,1,0,3.144.0,2025-10-04 00:04:22+00:00,,,3.144.0,Dataset/dataset\OVO_googleplay_OCTOBER_reviews.csv,transfer
345ccd35-0d02-4a23-b614-e6774de90a37,Pengguna Google,https://play-lh.googleusercontent.com/EGemoI2NTXmTsBVtJqk8jxF9rh8ApRWfsIMQSt2uE4OcpQqbFu7f7NbTK05lx80nuSijCz7sc3a277R67g,gobl*k apk ribet susah buat top up,1,0,1.59.0,2025-10-11 19:12:25+00:00,"Hai Kak Huda, mohon maaf atas ketidaknyamanannya. Pastikan nomor tujuan valid dan sudah menggunakan aplikasi GoPay versi terbaru ya. Jika masih berkendala, silakan laporkan melalui email ke customerservice@gopay.co.id dan cantumkan kode psr-25-284-1300-37046 pada subjek email. ^Miko",2025-10-11 20:00:48,1.59.0,Dataset/dataset\GOPAY_googleplay_OCTOBER_reviews.csv,topup
67c40c09-8594-4cce-a858-c06636d354e2,Pengguna Google,https://play-lh.googleusercontent.com/EGemoI2NTXmTsBVtJqk8jxF9rh8ApRWfsIMQSt2uE4OcpQqbFu7f7NbTK05lx80nuSijCz7sc3a277R67g,bagus gratis tf,5,0,1.62.0,2025-11-16 09:09:10+00:00,,,1.62.0,Dataset/dataset\GOPAY_googleplay_NOVEMBER_reviews.csv,transfer
af4952a6-5423-40c1-a095-e0ee5d51c4e1,Pengguna Google,https://play-lh.googleusercontent.com/EGemoI2NTXmTsBVtJqk8jxF9rh8ApRWfsIMQSt2uE4OcpQqbFu7f7NbTK05lx80nuSijCz7sc3a277R67g,"awalnya gak ada masalah sama gopay, tapi karena saya transfer gagal, awalnya suruh nunggu 20 menit, lalu nunggu lagi 20 menit lagi, lalu disuruh nunggu lagi 15 menit sampai 1 jam lebih, disuruh nunggu sehari, biasanya aman aman aja, tapi sekarang tetiba ada masalah, padahal saya gak ada track record buruk di gopay, transaksi saya juga buat keperluan saya itupun saya transfer ke rekening bank saya, kecewa sama cs nya lelet, udah susah dihubungi main tutup masalah saya aja, ogah pake gopay lagi!",1,0,,2025-10-05 08:15:10+00:00,"Hai Kak Rie, mohon maaf atas ketidaknyamanannya. Jika kamu masih mengalami kendala, silakan laporkan melalui email ke customerservice@gopay.co.id dengan melampirkan kode psr-25-278-0153-25910 pada subject email dan cantumkan nomor laporan kamu sebelumnya pada email yang kamu kirimkan. Kami tunggu detail laporan kamu ya. ^Maura",2025-10-05 08:53:38,,Dataset/dataset\GOPAY_googleplay_OCTOBER_reviews.csv,transfer
18f0db9f-c075-4e38-a66d-e0339343fbea,Pengguna Google,https://play-lh.googleusercontent.com/EGemoI2NTXmTsBVtJqk8jxF9rh8ApRWfsIMQSt2uE4OcpQqbFu7f7NbTK05lx80nuSijCz7sc3a277R67g,maksud ovo ni apa ya saya sudah topup pesan sudah masuk saldo saya tidak masuk gmna ni pihak ovo,1,0,3.149.0,2025-12-09 04:38:37+00:00,,,3.149.0,Dataset/dataset\OVO_googleplay_DECEMBER_reviews.csv,topup
724127c2-7a38-491b-b116-27e97a681b93,Pengguna Google,https://play-lh.googleusercontent.com/EGemoI2NTXmTsBVtJqk8jxF9rh8ApRWfsIMQSt2uE4OcpQqbFu7f7NbTK05lx80nuSijCz7sc3a277R67g,kenapa saya saat ingin top up diamond selalu saja tidak bisa saat ingin membayar.alasannya ada aktivitas tidak wajar. apa maksudmu tidak wajar darimana. mohon cepat diperbaiki sekarang saya sangat tidak puas Dengan yang kalian lakukan,1,0,1.61.2,2025-11-04 18:04:53+00:00,"Mohon maaf, Kak @MakbarN Optional. Agar bisa menggunakan GoPay, pastikan saldo cukup, masukkan PIN GoPay yang benar, dan gunakan aplikasi terbaru. Jika masih bermasalah, laporkan melalui menu Bantuan > ketik ""Saya tidak dapat menggunakan GoPay"" > isi formulir dan cantumkan kode psr-25-308-1419-23880 di bagian ""Ceritakan lebih lanjut"". ^Miko",2025-11-04 21:19:43,1.61.2,Dataset/dataset\GOPAY_googleplay_NOVEMBER_reviews.csv,topup
8d7f83b2-d0c6-4b0c-a00f-e485e5a33942,Pengguna Google,https://play-lh.googleusercontent.com/EGemoI2NTXmTsBVtJqk8jxF9rh8ApRWfsIMQSt2uE4OcpQqbFu7f7NbTK05lx80nuSijCz7sc3a277R67g,jngn dowenloat ini apl sampah rugi lu kalok donloat gue aja yesel topup 100K gx masuk pdhl dh bener semua,1,0,3.145.0,2025-10-27 12:59:10+00:00,,,3.145.0,Dataset/dataset\OVO_googleplay_OCTOBER_reviews.csv,topup
f445088d-b4ed-47ab-a747-b7cef55e080e,Pengguna Google,https://play-lh.googleusercontent.com/EGemoI2NTXmTsBVtJqk8jxF9rh8ApRWfsIMQSt2uE4OcpQqbFu7f7NbTK05lx80nuSijCz7sc3a277R67g,"dapet voucher cashback 100%, pas top up saldo malah hilang vouchernya, padahal masa berlaku masih panjang sampai 31 Desember.",2,0,1.61.2,2025-11-04 17:22:20+00:00,"Hai Kak Toru, mohon maaf atas ketidaknyamanannya. Mengenai promo mengikuti syarat dan ketentuan yang berlaku ya. Apabila promo/voucher tersebut tidak digunakan & sudah melewati masa berlaku, maka secara otomatis akan hilang dari halaman 'My Voucher' kamu. Jika ada kendala lainnya, silakan kunjungi menu Bantuan di aplikasi GoPay kamu. ^Miko",2025-11-04 17:07:03,1.61.2,Dataset/dataset\GOPAY_googleplay_NOVEMBER_reviews.csv,topup
11c22ec6-047d-49f3-a9dc-9f190ae3ecad,Pengguna Google,https://play-lh.googleusercontent.com/EGemoI2NTXmTsBVtJqk8jxF9rh8ApRWfsIMQSt2uE4OcpQqbFu7f7NbTK05lx80nuSijCz7sc3a277R67g,"OVO EROR COK, UDAH LOGIN TIBA² LOGOUT GA BISA LOGIN LAGI",1,0,,2025-10-06 23:43:02+00:00,,,,Dataset/dataset\OVO_googleplay_OCTOBER_reviews.csv,login
844da01e-3a31-4caa-b0eb-fea7a0f6c7e2,Pengguna Google,https://play-lh.googleusercontent.com/EGemoI2NTXmTsBVtJqk8jxF9rh8ApRWfsIMQSt2uE4OcpQqbFu7f7NbTK05lx80nuSijCz7sc3a277R67g,"ngomong doang tf gratis tapi malam si suruh verifikasi gimana si ini boong baye anjir""",3,0,1.59.0,2025-10-04 11:41:32+00:00,"Mohon maaf, Kak Tio. Sebelum transfer, pastikan status upgrade GoPay Plus sudah 'Diterima' ya & setiap transfer saldo GoPay memiliki biaya admin, hal tersebut sudah menjadi kebijakan dari GoPay. Jika kamu memiliki pertanyaan atau kendala lainnya, silakan kunjungi menu Bantuan di aplikasi GoPay kamu atau email ke customerservice@gopay.co.id. ^Maura",2025-10-04 12:25:33,1.59.0,Dataset/dataset\GOPAY_googleplay_OCTOBER_reviews.csv,transfer
1e56d3fc-23f5-44fb-b886-792bd0b748ff,Pengguna Google,https://play-lh.googleusercontent.com/EGemoI2NTXmTsBVtJqk8jxF9rh8ApRWfsIMQSt2uE4OcpQqbFu7f7NbTK05lx80nuSijCz7sc3a277R67g,tolong di perbaiki saya tidak bisa verifikasi wajah selalu gagal,4,0,3.2.0,2025-12-18 17:36:35+00:00,"Halo Sahabat @putra affandi, mohon maaf atas ketidaknyamanannya. Mohon pastikan agar pencahayaan baik dan wajah tidak terlalu dekat dengan kamera. Apabila masih terkendala Sahabat dapat mengirimkan email ke mandiricare@bankmandiri.co.id atau menghubungi mandiri call 14000 agar dapat dilakukan pengecekan.Tks ~ Said",2025-12-18 17:39:30,3.2.0,Dataset/dataset\LIVIN_googleplay_DECEMBER_reviews.csv,vermuk
ef6fe24b-d99f-4d7f-acdb-277271331538,Pengguna Google,https://play-lh.googleusercontent.com/EGemoI2NTXmTsBVtJqk8jxF9rh8ApRWfsIMQSt2uE4OcpQqbFu7f7NbTK05lx80nuSijCz7sc3a277R67g,"mending pake aplikasi sioren deh, tf ke ewallet lain gratis tis tis tnpa potongan, eh pake gopay kirim ke ewallet lain dr apk nya di kena adm trus nyampe ke ewallet lain jg di potong,, huuhh",1,0,,2025-10-26 09:08:07+00:00,,,,Dataset/dataset\GOPAY_googleplay_OCTOBER_reviews.csv,transfer
e18990c3-1ab3-4d88-840e-75418b8cb228,Pengguna Google,https://play-lh.googleusercontent.com/EGemoI2NTXmTsBVtJqk8jxF9rh8ApRWfsIMQSt2uE4OcpQqbFu7f7NbTK05lx80nuSijCz7sc3a277R67g,TF dr dana selalu hilang,1,0,1.60.0,2025-10-14 21:53:55+00:00,"Hai Kak Ribut, pastikan nomor tujuan sudah benar, sudah cek halaman Riwayat, dan coba keluar dan masuk kembali ke aplikasi. Jika saldo masih belum masuk, silakan laporkan melalui menu Bantuan > ketik 'Top up GoPay saya belum masuk' > isi formulir dan cantumkan kode psr-25-287-1511-17846 pada bagian 'Ceritakan lebih lanjut'. ^Maura",2025-10-14 22:11:27,1.60.0,Dataset/dataset\GOPAY_googleplay_OCTOBER_reviews.csv,transfer
f40089cd-a7e4-41df-b456-64467e9193dc,Pengguna Google,https://play-lh.googleusercontent.com/EGemoI2NTXmTsBVtJqk8jxF9rh8ApRWfsIMQSt2uE4OcpQqbFu7f7NbTK05lx80nuSijCz7sc3a277R67g,"topup shopeepay 3 hari ga masuk masuk , parah sistemnya",1,0,1.44.04,2025-12-19 15:15:55+00:00,"Hi Kak Abdul. Mohon maaf atas kendala Top Up saldo ShopeePay yang belum diterima. Terkait kendala tersebut mohon menghubungi kami melalui DM ke Instagram @ShopeePay_ID yang bercentang biru, dengan melampirkan bukti bayar Top Up yang terkendala untuk bantuan lebih lanjut. Semoga kendala kakak segera terselesaikan ya. ^CS",2025-12-19 16:07:34,1.44.04,Dataset/dataset\SHOPEEPAY_googleplay_DECEMBER_reviews.csv,topup
9fb63147-f7d0-4e32-bea8-0dc731d11283,Pengguna Google,https://play-lh.googleusercontent.com/EGemoI2NTXmTsBVtJqk8jxF9rh8ApRWfsIMQSt2uE4OcpQqbFu7f7NbTK05lx80nuSijCz7sc3a277R67g,Bagus dompet digital tinggal pakai QRIS gk perlu ambil uang,5,0,1.60.0,2025-10-20 17:43:57+00:00,,,1.60.0,Dataset/dataset\GOPAY_googleplay_OCTOBER_reviews.csv,qris
9d776d66-7b02-4765-9dc8-7164ecc6cc1c,Pengguna Google,https://play-lh.googleusercontent.com/EGemoI2NTXmTsBVtJqk8jxF9rh8ApRWfsIMQSt2uE4OcpQqbFu7f7NbTK05lx80nuSijCz7sc3a277R67g,"Gajelas, pengenalan wajah cahaya dah normal tapi tetap gelap, kamera tidak getar tpi dibilang geter aplikasi sampah",1,0,2.7.0,2025-12-19 18:57:51+00:00,"Hai, Kak Aman. Maaf atas ketidaknyamanannya. Kami akan selalu berusaha memberikan yang terbaik demi kebutuhan perbankan Kakak. Terkait hal tersebut pastikan beberapa hal berikut, pastikan Kakak tidak memakai sunglasses, di tempat yang terang, tidak backlight, posisi wajah di dalam lingkaran dan pastikan aplikasi blu versi terupdate ya.",2025-12-19 20:00:33,2.7.0,Dataset/dataset\BLU_googleplay_DECEMBER_reviews.csv,vermuk
f9c806f2-f968-4df6-8857-b5759ffc6f4f,Pengguna Google,https://play-lh.googleusercontent.com/EGemoI2NTXmTsBVtJqk8jxF9rh8ApRWfsIMQSt2uE4OcpQqbFu7f7NbTK05lx80nuSijCz7sc3a277R67g,sangat membantu untuk sistem transfer uang dengan mudah dan cepat tanpa ribet dan admin nya yang rendah cukup memuaskan bisa menggunakan aplikasi ini :),5,3,1.61.2,2025-10-27 19:09:52+00:00,,,1.61.2,Dataset/dataset\GOPAY_googleplay_OCTOBER_reviews.csv,transfer
d1316c65-3d59-4db6-a3cb-55ff792da546,Pengguna Google,https://play-lh.googleusercontent.com/EGemoI2NTXmTsBVtJqk8jxF9rh8ApRWfsIMQSt2uE4OcpQqbFu7f7NbTK05lx80nuSijCz7sc3a277R67g,di banyakan bonus qris sama transfer grtis,5,0,8.78.0,2025-12-26 10:38:33+00:00,,,8.78.0,Dataset/dataset\JAGO_googleplay_DECEMBER_reviews.csv,qris
9c40515a-c37f-4ca8-a243-cf2a54331553,Pengguna Google,https://play-lh.googleusercontent.com/EGemoI2NTXmTsBVtJqk8jxF9rh8ApRWfsIMQSt2uE4OcpQqbFu7f7NbTK05lx80nuSijCz7sc3a277R67g,hallo min saya mau tanya dong saya abis kena tipu orang cuma saya sudah tf transaksi nya ada bisa tolong di bantu gak min tolong di bantu balas min,5,0,,2025-11-22 14:26:20+00:00,,,,Dataset/dataset\GOPAY_googleplay_NOVEMBER_reviews.csv,transfer
64babae9-9c4d-4670-8b86-7ea54cf52350,Pengguna Google,https://play-lh.googleusercontent.com/EGemoI2NTXmTsBVtJqk8jxF9rh8ApRWfsIMQSt2uE4OcpQqbFu7f7NbTK05lx80nuSijCz7sc3a277R67g,aplikasinya bagus sangat baik. Bisa transfer dengan cepat,4,0,1.62.0,2025-11-13 07:06:47+00:00,,,1.62.0,Dataset/dataset\GOPAY_googleplay_NOVEMBER_reviews.csv,transfer
d9743c80-46ee-48be-ab8c-528c0f048b15,Pengguna Google,https://play-lh.googleusercontent.com/EGemoI2NTXmTsBVtJqk8jxF9rh8ApRWfsIMQSt2uE4OcpQqbFu7f7NbTK05lx80nuSijCz7sc3a277R67g,gercep bgt transfer nya good job,5,0,1.60.0,2025-10-12 20:41:38+00:00,,,1.60.0,Dataset/dataset\GOPAY_googleplay_OCTOBER_reviews.csv,transfer
c3f0fede-9169-4ac1-867c-81df72dd2846,Pengguna Google,https://play-lh.googleusercontent.com/EGemoI2NTXmTsBVtJqk8jxF9rh8ApRWfsIMQSt2uE4OcpQqbFu7f7NbTK05lx80nuSijCz7sc3a277R67g,"heran saya sama aplikasi ovo ini , baru - baru sekarang ini susah banget untuk login dan ganti akun yg lama , verifikasinya gagal terus , maintance terus , cihh",1,0,,2025-11-12 11:53:59+00:00,,,,Dataset/dataset\OVO_googleplay_NOVEMBER_reviews.csv,login
d6fed9ac-1a6b-4261-a0dd-c9863a85d197,Pengguna Google,https://play-lh.googleusercontent.com/EGemoI2NTXmTsBVtJqk8jxF9rh8ApRWfsIMQSt2uE4OcpQqbFu7f7NbTK05lx80nuSijCz7sc3a277R67g,"kecewa sama gopay, transfer dari akun dana berhasil saldo terpotong, smentara akun gopay saldo masih belum masuk.",3,0,1.60.0,2025-10-14 01:56:34+00:00,"Hai Kak @Ayah Mama, pastikan nomor tujuan sudah benar, sudah cek halaman Riwayat, dan coba keluar dan masuk kembali ke aplikasi. Jika saldo masih belum masuk, silakan laporkan melalui menu Bantuan > ketik 'Top up GoPay saya belum masuk' > isi formulir dan cantumkan kode psr-25-287-0143-15423 pada bagian 'Ceritakan lebih lanjut'. ^Miko",2025-10-14 08:43:32,1.60.0,Dataset/dataset\GOPAY_googleplay_OCTOBER_reviews.csv,transfer
b280a831-7f21-4810-94b9-f5ade1fff640,Pengguna Google,https://play-lh.googleusercontent.com/EGemoI2NTXmTsBVtJqk8jxF9rh8ApRWfsIMQSt2uE4OcpQqbFu7f7NbTK05lx80nuSijCz7sc3a277R67g,"mau transfer susah sekali selalu gagal padahal saldo cukup, mau pake barcode juga gak bisa",1,3,3.149.0,2025-12-13 14:55:18+00:00,,,3.149.0,Dataset/dataset\OVO_googleplay_DECEMBER_reviews.csv,transfer
7fea4459-7e6b-40e6-9884-658c56c4d066,Pengguna Google,https://play-lh.googleusercontent.com/EGemoI2NTXmTsBVtJqk8jxF9rh8ApRWfsIMQSt2uE4OcpQqbFu7f7NbTK05lx80nuSijCz7sc3a277R67g,"masa mau tf malah suruh top up katanya ""gratissss""",1,1,1.64.0,2025-11-23 06:34:49+00:00,,,1.64.0,Dataset/dataset\GOPAY_googleplay_NOVEMBER_reviews.csv,topup
9dc44286-ad82-41ce-beb7-8844ca973ac5,Pengguna Google,https://play-lh.googleusercontent.com/EGemoI2NTXmTsBVtJqk8jxF9rh8ApRWfsIMQSt2uE4OcpQqbFu7f7NbTK05lx80nuSijCz7sc3a277R67g,susah isi pulsa dan transfer,1,0,3.144.0,2025-10-17 03:52:58+00:00,,,3.144.0,Dataset/dataset\OVO_googleplay_OCTOBER_reviews.csv,transfer
594ed083-1a02-4c96-ad99-ec6abe2cd810,Pengguna Google,https://play-lh.googleusercontent.com/EGemoI2NTXmTsBVtJqk8jxF9rh8ApRWfsIMQSt2uE4OcpQqbFu7f7NbTK05lx80nuSijCz7sc3a277R67g,"kenapa ovo jadi begini udah berapa kali isi pulsa atau transfer uang diproses terus saldo gak kembali uang gak terkirim,gak bisa klik pusat bantuan juga maksudnya apa kecewa banget padahal dulu ovo paling bagus dan terpercaya sekarang parah tolong diperbaiki dan kembalikan saldo kami",1,0,3.144.0,2025-10-10 05:18:06+00:00,,,3.144.0,Dataset/dataset\OVO_googleplay_OCTOBER_reviews.csv,transfer
b6b75e60-a450-4d20-98e9-642525b4ec27,Pengguna Google,https://play-lh.googleusercontent.com/EGemoI2NTXmTsBVtJqk8jxF9rh8ApRWfsIMQSt2uE4OcpQqbFu7f7NbTK05lx80nuSijCz7sc3a277R67g,"sumpah topup gak masuk udh beberapa hari, udah kirim laporan berkali kali ttp aja gk masuk saldonya. nyesel bgt anjir pake gopay, gak lagi lagideh gua pakeni apk",1,0,1.59.0,2025-10-19 14:26:21+00:00,"Hai Kak Nur, pastikan nomor tujuan sudah benar, sudah cek halaman Riwayat, dan coba keluar dan masuk kembali ke aplikasi. Jika saldo masih belum masuk, silakan laporkan melalui menu Bantuan > ketik 'Top up GoPay saya belum masuk' > isi formulir dan cantumkan kode psr-25-292-0757-26104 pada bagian 'Ceritakan lebih lanjut'. ^Melisa",2025-10-19 14:57:33,1.59.0,Dataset/dataset\GOPAY_googleplay_OCTOBER_reviews.csv,topup
2917df7b-31c2-407f-855b-033893a08f25,Pengguna Google,https://play-lh.googleusercontent.com/EGemoI2NTXmTsBVtJqk8jxF9rh8ApRWfsIMQSt2uE4OcpQqbFu7f7NbTK05lx80nuSijCz7sc3a277R67g,"saya gak pengen TF cuman waktu itu kepencet tapi mau saya batalin malah lupa,ehhh barusan malah otomatis transfer sendiri.di tunggu cara kembalikan uangnya secepatnya",1,1,1.60.0,2025-10-25 02:46:38+00:00,"Hai Kak Maditya, mohon maaf atas ketidaknyamanannya. Terkait keluhan tersebut, silakan laporkan melalui email ke customerservice@gopay.co.id dengan melampirkan kode psr-25-298-0025-53482 pada subject email. Kami tunggu detail laporan kamu ya. ^Maura",2025-10-25 07:26:00,1.60.0,Dataset/dataset\GOPAY_googleplay_OCTOBER_reviews.csv,transfer
a9ed72f6-f269-418a-92cb-eb25a33153d0,Pengguna Google,https://play-lh.googleusercontent.com/EGemoI2NTXmTsBVtJqk8jxF9rh8ApRWfsIMQSt2uE4OcpQqbFu7f7NbTK05lx80nuSijCz7sc3a277R67g,top up ml Sam ff murah lebih bagus lagi kalo lebih murah🗿,5,0,1.59.0,2025-10-17 15:55:17+00:00,,,1.59.0,Dataset/dataset\GOPAY_googleplay_OCTOBER_reviews.csv,topup
b8cc80c5-72cc-4799-9af2-5b4f62a83da7,Pengguna Google,https://play-lh.googleusercontent.com/EGemoI2NTXmTsBVtJqk8jxF9rh8ApRWfsIMQSt2uE4OcpQqbFu7f7NbTK05lx80nuSijCz7sc3a277R67g,kenapa saya tidak bisa terima transfer. atau saat saya dapat tiping ngak bisa masuk ke gopay saya ?,5,0,1.64.1,2025-11-26 19:09:47+00:00,,,1.64.1,Dataset/dataset\GOPAY_googleplay_NOVEMBER_reviews.csv,transfer
a6d44c13-ed57-4877-af31-64e78e18da05,Pengguna Google,https://play-lh.googleusercontent.com/EGemoI2NTXmTsBVtJqk8jxF9rh8ApRWfsIMQSt2uE4OcpQqbFu7f7NbTK05lx80nuSijCz7sc3a277R67g,"saya melakukan trf uang ke ewalet sudah 3 jam dana belum masuk-masuk aplikasi penipu, tolong kembalikan uang saya",1,0,1.45.09,2025-12-31 15:13:05+00:00,"Hi Kak Reinhard. Mohon maaf atas kendala transfer ShopeePay le ewallet yang belum diterima dan pengembalian dana. Terkait kendala tersebut mohon menghubungi kami melalui DM ke Instagram @ShopeePay_ID yang bercentang biru, dengan melampirkan bukti transfer yang terkendala untuk bantuan lebih lanjut. Semoga kendala kakak segera terselesaikan ya. ^CS",2025-12-31 16:49:23,1.45.09,Dataset/dataset\SHOPEEPAY_googleplay_DECEMBER_reviews.csv,transfer
e3f8ab87-f6d7-45d1-a209-585659f52c83,Pengguna Google,https://play-lh.googleusercontent.com/EGemoI2NTXmTsBVtJqk8jxF9rh8ApRWfsIMQSt2uE4OcpQqbFu7f7NbTK05lx80nuSijCz7sc3a277R67g,"gue punya dua akun ovo, dan sekarang klo mau transfer tuh harus update ke ovo premier sedangkan KTP gue udah dipake buat akun satunya, malah gak bisa transfer padahal lagi urgent banget",1,0,3.148.0,2025-12-03 20:49:54+00:00,,,3.148.0,Dataset/dataset\OVO_googleplay_DECEMBER_reviews.csv,transfer
f44dced5-b517-4dd3-8b86-1622303779bf,Pengguna Google,https://play-lh.googleusercontent.com/EGemoI2NTXmTsBVtJqk8jxF9rh8ApRWfsIMQSt2uE4OcpQqbFu7f7NbTK05lx80nuSijCz7sc3a277R67g,"livin by mandiri verifikasi wajah gagal terus, mending pindah ke BCA",1,1,3.2.0,2025-11-30 22:47:42+00:00,"Halo Sahabat @Doni Romdoni, mohon maaf atas ketidaknyamanannya. Jika terdapat kendala verifikasi wajah pada saat proses registrasi Livin, Sahabat dapat mencoba kembali dengan memastikan hal-hal sebagai berikut: Pastikan agar pencahayaan baik dan wajah tidak terlalu dekat dengan kamera. Tks~Charles",2025-11-30 22:51:48,3.2.0,Dataset/dataset\LIVIN_googleplay_NOVEMBER_reviews.csv,vermuk
0d0ebb21-6de3-4206-8231-b8d2aff4719f,Pengguna Google,https://play-lh.googleusercontent.com/EGemoI2NTXmTsBVtJqk8jxF9rh8ApRWfsIMQSt2uE4OcpQqbFu7f7NbTK05lx80nuSijCz7sc3a277R67g,"gopay kok jadi tipu tipu gini. gua udah top up ml wdp tapi gak masuk diamondnya. di info pembayarannya padahal udah ada transaksi berhasil di bayar. tapi pas login gak masuk. tolong kepada pihak gopay segera di atasi masalahnya. minimal balikin saldo gua tolong, soalnya saya udah top up tapi gak masuk ke ml nya. untuk kali ini gua kasih bintang 1",1,8,1.60.0,2025-10-10 15:52:56+00:00,"Hai Kak Revlian, kami mohon maaf atas kondisi yang Kakak alami. Terkait hal ini, dapat kami sampaikan bahwa ada pemeliharaan sistem yang mempengaruhi transaksi Kakak & saat ini sudah kembali normal. Berkenan untuk melakukan pengecekan kembali di akun tujuan secara berkala ya Kak. Mohon maaf atas ketidaknyamanannya. Salam hangat. ^Miko",2025-10-10 21:54:17,1.60.0,Dataset/dataset\GOPAY_googleplay_OCTOBER_reviews.csv,login
03140607-2b66-448b-989b-d59208bbb09e,Pengguna Google,https://play-lh.googleusercontent.com/EGemoI2NTXmTsBVtJqk8jxF9rh8ApRWfsIMQSt2uE4OcpQqbFu7f7NbTK05lx80nuSijCz7sc3a277R67g,"apasih baru top up, mau login malah keluar gk bisa anjingggg",1,0,3.144.0,2025-10-07 00:01:13+00:00,,,3.144.0,Dataset/dataset\OVO_googleplay_OCTOBER_reviews.csv,login
6157dd36-607e-4df2-9e14-0e04cd7b0400,Pengguna Google,https://play-lh.googleusercontent.com/EGemoI2NTXmTsBVtJqk8jxF9rh8ApRWfsIMQSt2uE4OcpQqbFu7f7NbTK05lx80nuSijCz7sc3a277R67g,topup ovo 75 ribu belum masuk ?,5,0,3.148.0,2025-11-28 08:31:44+00:00,,,3.148.0,Dataset/dataset\OVO_googleplay_NOVEMBER_reviews.csv,topup
542fcf40-214e-439a-9299-f24bdfca69b0,Pengguna Google,https://play-lh.googleusercontent.com/EGemoI2NTXmTsBVtJqk8jxF9rh8ApRWfsIMQSt2uE4OcpQqbFu7f7NbTK05lx80nuSijCz7sc3a277R67g,aplikasinya ribet kalo uda gmail yaudah harus nya kan langsung login ini malah ribet harus masukin kode Verifikasi menurut gw bending download aplikasi dana aja dari pada ovo gw reting aplikasi ini 0,1,0,,2025-10-31 13:32:36+00:00,,,,Dataset/dataset\OVO_googleplay_OCTOBER_reviews.csv,login
36684360-196e-4a1f-b075-d3bb72b8c96c,Pengguna Google,https://play-lh.googleusercontent.com/EGemoI2NTXmTsBVtJqk8jxF9rh8ApRWfsIMQSt2uE4OcpQqbFu7f7NbTK05lx80nuSijCz7sc3a277R67g,saldo ninggal 50 rb top up gopay driver potong 1000 kalo bca gratis top up...bank jadul,1,0,,2025-12-11 12:32:44+00:00,"Halo Sahabat @Irwan Santoso, mohon maaf atas ketidaknyamanannya. Terkait kendala Sahabat mohon untuk dapat mengirimkan email ke mandiricare@bankmandiri.co.id atau menghubungi Mandiri Call 14000 lalu tekan 2 agar dapat dilakukan pengecekan. Tks~Cira
",2025-12-11 12:34:51,,Dataset/dataset\LIVIN_googleplay_DECEMBER_reviews.csv,topup
07415763-4269-45bc-89e6-4c2f5f44a64f,Pengguna Google,https://play-lh.googleusercontent.com/EGemoI2NTXmTsBVtJqk8jxF9rh8ApRWfsIMQSt2uE4OcpQqbFu7f7NbTK05lx80nuSijCz7sc3a277R67g,"KLO dapat saya kasih bintangnya setengah untuk OVO, ini gmn tidak ikut persaingan digital yang mana semua pada gratis transferan lah ini masih diam membatu perbaiki Segera agar pelangganmu tidak kecewa dan bisa lebih banyak pengguna seperti Dana,shopepay,dan Gopay, dan bank digital lainnya (contohnya Seabank) memberikan gratis top up maupun transaksi lainnya",1,8,3.145.0,2025-10-22 01:03:02+00:00,,,3.145.0,Dataset/dataset\OVO_googleplay_OCTOBER_reviews.csv,topup
ccd4d9cc-5445-40d8-a3cd-b6b667fc4555,Pengguna Google,https://play-lh.googleusercontent.com/EGemoI2NTXmTsBVtJqk8jxF9rh8ApRWfsIMQSt2uE4OcpQqbFu7f7NbTK05lx80nuSijCz7sc3a277R67g,mantap banget gratis TF buat pengguna baru,5,0,,2025-10-11 23:29:20+00:00,,,,Dataset/dataset\GOPAY_googleplay_OCTOBER_reviews.csv,transfer
8d8c7fa4-6e35-419e-9cb0-0b66034629e9,Pengguna Google,https://play-lh.googleusercontent.com/EGemoI2NTXmTsBVtJqk8jxF9rh8ApRWfsIMQSt2uE4OcpQqbFu7f7NbTK05lx80nuSijCz7sc3a277R67g,apaansi orang mau login malah gagal login alasan keamanan apaan gw aja baru bikin akun dasar apk lebay banyak virusnya,1,0,1.44.04,2025-12-04 17:49:23+00:00,"Hi Kak nofal. Mohon maaf mengenai kendala tidak bisa login. Untuk bantuan lebih lanjut, mohon menghubungi kami melalui DM ke Instagram @ShopeePay_ID dengan melampirkan foto/screenshot notifikasi kendala yang dialami. Semoga kendala kakak segera terselesaikan ya. ^CS",2025-12-04 18:30:23,1.44.04,Dataset/dataset\SHOPEEPAY_googleplay_DECEMBER_reviews.csv,login
b96f8945-79a8-4ef1-9f74-7a60804eeced,Pengguna Google,https://play-lh.googleusercontent.com/EGemoI2NTXmTsBVtJqk8jxF9rh8ApRWfsIMQSt2uE4OcpQqbFu7f7NbTK05lx80nuSijCz7sc3a277R67g,"baru pertama pake Shopee pay transfer ke dana 7 jam belum masuk, kenapa ya?",5,0,,2025-12-04 05:24:18+00:00,"Hi Kak. Terima kasih telah menggunakan ShopeePay. Mari cek aplikasi ShopeePay karena banyak fitur yang mempermudah keseharian kakak seperti pembelian pulsa, paket data, pembayaran tagihan listrik dan pembayaran lainnya. Jika kakak memiliki pertanyaan seputar ShopeePay, mohon DM kami di Instagram @ShopeePay_ID ya. Semoga harimu menyenangkan ^RJ",2025-12-04 09:35:05,,Dataset/dataset\SHOPEEPAY_googleplay_DECEMBER_reviews.csv,transfer
47de4cc8-400f-4a75-8309-96a1840fc93a,Pengguna Google,https://play-lh.googleusercontent.com/EGemoI2NTXmTsBVtJqk8jxF9rh8ApRWfsIMQSt2uE4OcpQqbFu7f7NbTK05lx80nuSijCz7sc3a277R67g,"lemot banget mau login juga, tampilan harus di refresh apalah lama banget",1,0,2.4.0,2025-10-16 22:29:23+00:00,"Hai, Kak Mila. Maaf atas ketidaknyamanannya. Kami akan selalu berusaha memberikan yang terbaik demi memenuhi kebutuhan perbankan Kakak. Terkait kendala tersebut boleh infokan detail kendala serta kirimkan gambar kendalanya ke X @haloblu atau email haloblu@bcadigital.co.id agar kami bisa bantu lebih lanjut ya.",2025-10-16 23:55:32,2.4.0,Dataset/dataset\BLU_googleplay_OCTOBER_reviews.csv,login
3c1f04e2-6fca-4ac0-8980-13e829f99035,Pengguna Google,https://play-lh.googleusercontent.com/EGemoI2NTXmTsBVtJqk8jxF9rh8ApRWfsIMQSt2uE4OcpQqbFu7f7NbTK05lx80nuSijCz7sc3a277R67g,gk bisa login,1,0,8.79.0,2025-12-25 23:29:00+00:00,"Halo, Jagoan! Mohon maaf atas ketidaknyamanannya. Kami mengerti atas pengalaman kurang baik yang kamu alami. Untuk membantu kamu lebih lanjut, mohon menghubungi Tanya Jago di 1500746 / 021-30000746 atau email ke tanya@jago.com untuk kami cek lebih lanjut terkait kendala tersebut. Kami tunggu laporan dari kamu ya.",2025-12-26 00:33:45,8.79.0,Dataset/dataset\JAGO_googleplay_DECEMBER_reviews.csv,login
450a0f29-f9be-4be6-81f8-a922e584b06b,Pengguna Google,https://play-lh.googleusercontent.com/EGemoI2NTXmTsBVtJqk8jxF9rh8ApRWfsIMQSt2uE4OcpQqbFu7f7NbTK05lx80nuSijCz7sc3a277R67g,"Kenapa sekarang saldo gopay sering berkurang setiap saya isi top up,tolong jelaskan",4,0,1.62.0,2025-11-14 12:57:15+00:00,,,1.62.0,Dataset/dataset\GOPAY_googleplay_NOVEMBER_reviews.csv,topup
5e09e207-1b65-4eab-be1f-2199d16ebc0e,Pengguna Google,https://play-lh.googleusercontent.com/EGemoI2NTXmTsBVtJqk8jxF9rh8ApRWfsIMQSt2uE4OcpQqbFu7f7NbTK05lx80nuSijCz7sc3a277R67g,"woi , aplikasi cacat history transfer ga keluar , saldo ilang di no penerima tidak masuk.. balikin duit gw dasar apk maling",5,0,,2025-10-24 22:54:11+00:00,,,,Dataset/dataset\OVO_googleplay_OCTOBER_reviews.csv,transfer
891ee14e-06d6-4a46-beca-855569abaf5d,Pengguna Google,https://play-lh.googleusercontent.com/EGemoI2NTXmTsBVtJqk8jxF9rh8ApRWfsIMQSt2uE4OcpQqbFu7f7NbTK05lx80nuSijCz7sc3a277R67g,"setiap transaksi atau topup dipotong 2 rebu buat penetima pdahal pengirimnya juga kena biaya aplikasi pengurasan,pantes ga laku,,,lakunya katna ketulungan grab sja",1,0,3.149.0,2025-12-26 14:54:00+00:00,,,3.149.0,Dataset/dataset\OVO_googleplay_DECEMBER_reviews.csv,topup
61f7799b-2684-4920-8dc0-a40fb11f4c30,Pengguna Google,https://play-lh.googleusercontent.com/EGemoI2NTXmTsBVtJqk8jxF9rh8ApRWfsIMQSt2uE4OcpQqbFu7f7NbTK05lx80nuSijCz7sc3a277R67g,"GW SERING BANGET TRANSFER PAKE QR, SALDO KEPOTONG TAPI DUIT NYA KAGA MASUK, BEGITU JG PEMBELIAN PAKET DATA, SALDO KEPOTONG TAPI PAKETAN NYA KAGA MASUK...!! CUKUP 1 BINTANG AJA BUAT APLIKASI MERUGIKAN...!!",1,0,3.150.0,2025-12-28 15:08:05+00:00,,,3.150.0,Dataset/dataset\OVO_googleplay_DECEMBER_reviews.csv,transfer
fbe0cb8e-155c-4f61-ae54-c572df69d626,Pengguna Google,https://play-lh.googleusercontent.com/EGemoI2NTXmTsBVtJqk8jxF9rh8ApRWfsIMQSt2uE4OcpQqbFu7f7NbTK05lx80nuSijCz7sc3a277R67g,"setiap login masak suruh nunjukin lokasi sangat mengganggggu sekali ngk kayak dulu....kenapa nomer yang dimasukan salah padahal ada riwayat transfer kenomer yang katannya salah....jaringan bagus tapi muternya lama banget udah dicek nonton yt...apa gara"" update jadi jelek apknya....padahal udah lama pakai dari 2022an",1,0,,2025-11-06 06:02:32+00:00,"Halo, Jagoan! Mohon maaf apabila terdapat fitur atau layanan Jago yang belum sesuai harapan kamu. Kamu bisa menghubungi Tanya Jago di nomor 1500746 / 021-30000746 atau e-mail ke tanya@jago.com untuk kami bantu cek kendalanya lebih lanjut ya. Agent kami dengan senang hati membantu kamu.",2025-11-06 07:28:00,,Dataset/dataset\JAGO_googleplay_NOVEMBER_reviews.csv,login
d99b3141-2377-4dd1-a8d6-b7d2c06c0986,Pengguna Google,https://play-lh.googleusercontent.com/EGemoI2NTXmTsBVtJqk8jxF9rh8ApRWfsIMQSt2uE4OcpQqbFu7f7NbTK05lx80nuSijCz7sc3a277R67g,Login lama banget,1,1,3.0.0,2025-12-02 17:26:51+00:00,"Halo Sahabat @Erpan Gunawan, mohon maaf atas ketidaknyamanannya. Untuk perihal kendala pada layanan Livin' Merchant by Mandiri, disarankan melakukan force close pada aplikasi Livin' Merchant by Mandiri, kemudian restart device/handphone yg digunakan dan mencoba kembali secara berkala. Tks~Carlos",2025-12-02 17:31:54,3.0.0,Dataset/dataset\LIVIN_googleplay_DECEMBER_reviews.csv,login
2db9f096-b45e-4305-bf13-f37902326675,Pengguna Google,https://play-lh.googleusercontent.com/EGemoI2NTXmTsBVtJqk8jxF9rh8ApRWfsIMQSt2uE4OcpQqbFu7f7NbTK05lx80nuSijCz7sc3a277R67g,kenapa akun gopay saya sekarang gak bisa transfer sudah 1 bulan lebih akun gopay saya gak bisa transfer ke pengguna gopay lain saya sudah sering laporan tapi gak pernah di tanggapi akun gopay saya.,1,0,1.64.1,2025-11-29 15:48:27+00:00,"Hai Kak Ahmad, mohon maaf atas ketidaknyamanannya. Jika kamu masih mengalami kendala, silakan laporkan melalui email ke customerservice@gopay.co.id dengan melampirkan kode psr-25-333-0929-25632 pada subject email dan cantumkan nomor laporan kamu sebelumnya pada email yang kamu kirimkan. Kami tunggu detail laporan kamu ya. ^Maura",2025-11-29 16:29:34,1.64.1,Dataset/dataset\GOPAY_googleplay_NOVEMBER_reviews.csv,transfer
1358604e-bc03-4d8d-aeb9-3519db7f0044,Pengguna Google,https://play-lh.googleusercontent.com/EGemoI2NTXmTsBVtJqk8jxF9rh8ApRWfsIMQSt2uE4OcpQqbFu7f7NbTK05lx80nuSijCz7sc3a277R67g,pelayanan pengaduan sangat minim udah 2x top up ndak masuk tapi tidak ada penyelesaian,1,1,1.59.0,2025-10-06 10:10:18+00:00,"Hai Kak Wijanarko, mohon maaf atas ketidaknyamanannya. Jika kamu masih mengalami kendala, silakan laporkan melalui email ke customerservice@gopay.co.id dengan melampirkan kode psr-25-279-0507-25803 pada subject email dan cantumkan nomor laporan kamu sebelumnya pada email yang kamu kirimkan. Kami tunggu detail laporan kamu ya. ^Maura",2025-10-06 12:07:31,1.59.0,Dataset/dataset\GOPAY_googleplay_OCTOBER_reviews.csv,topup
ec0c3960-4c94-4930-b6c3-aef78efec791,Pengguna Google,https://play-lh.googleusercontent.com/EGemoI2NTXmTsBVtJqk8jxF9rh8ApRWfsIMQSt2uE4OcpQqbFu7f7NbTK05lx80nuSijCz7sc3a277R67g,min ini top up sekarang dah pakai admin seribu ya mau cpt naik haji atau gimna,1,2,3.2.0,2025-12-09 09:13:41+00:00,"Halo Sahabat  @Armen Singarimbun, mohon maaf atas ketidaknyamanannya. Terkait kendala yang dialami Sahabat tsb, mohon untuk dapat mengirimkan email ke mandiricare@bankmandiri.co.id atau menghubungi Mandiri Call 14000 lalu tekan 2 agar dapat dilakukan pengecekan. Tks~Vacilla",2025-12-09 09:16:36,3.2.0,Dataset/dataset\LIVIN_googleplay_DECEMBER_reviews.csv,topup
b5ff8988-fa5b-4ce0-970d-9f0ed57f2d2f,Pengguna Google,https://play-lh.googleusercontent.com/EGemoI2NTXmTsBVtJqk8jxF9rh8ApRWfsIMQSt2uE4OcpQqbFu7f7NbTK05lx80nuSijCz7sc3a277R67g,"saya sangat senang dengan aplikasi ini,tapi klau saya tidak punya cukup uang dan top up game sangat mahal",5,0,1.61.2,2025-11-03 13:46:04+00:00,,,1.61.2,Dataset/dataset\GOPAY_googleplay_NOVEMBER_reviews.csv,topup
e360dc18-529f-4a6b-b3b1-6e0f8186354b,Pengguna Google,https://play-lh.googleusercontent.com/EGemoI2NTXmTsBVtJqk8jxF9rh8ApRWfsIMQSt2uE4OcpQqbFu7f7NbTK05lx80nuSijCz7sc3a277R67g,"simple,cepat,gratis juga biaya tf",5,2,1.42.03,2025-11-01 14:53:45+00:00,"Hi Kak. Terima kasih telah menggunakan ShopeePay. Mari cek aplikasi ShopeePay karena banyak fitur yang mempermudah keseharian kakak seperti pembelian pulsa, paket data, pembayaran tagihan listrik dan pembayaran lainnya. Jika kakak memiliki pertanyaan seputar ShopeePay, mohon DM kami di Instagram @ShopeePay_ID ya. Semoga harimu menyenangkan ^RJ",2025-11-03 09:59:38,1.42.03,Dataset/dataset\SHOPEEPAY_googleplay_NOVEMBER_reviews.csv,transfer
a0991a2d-3233-4839-9d38-a12eda76aab8,Pengguna Google,https://play-lh.googleusercontent.com/EGemoI2NTXmTsBVtJqk8jxF9rh8ApRWfsIMQSt2uE4OcpQqbFu7f7NbTK05lx80nuSijCz7sc3a277R67g,biaya tf gratis,5,0,1.59.0,2025-10-06 12:10:00+00:00,,,1.59.0,Dataset/dataset\GOPAY_googleplay_OCTOBER_reviews.csv,transfer
a528529a-fd30-4ba0-b389-8eeecc7494a9,Pengguna Google,https://play-lh.googleusercontent.com/EGemoI2NTXmTsBVtJqk8jxF9rh8ApRWfsIMQSt2uE4OcpQqbFu7f7NbTK05lx80nuSijCz7sc3a277R67g,apk ngeleg banget buat bayar qris aja lambat,1,0,,2025-12-28 14:36:46+00:00,"Hi Kak Sahril Romadoni, mohon maaf atas kendala pembayaran scan QRIS. Kami sarankan untuk melakukan clear cache dengan cara masuk ke Pengaturan > Aplikasi > ShopeePay > Penyimpanan > Hapus cache. Pastikan internet Kakak dalam keadaan stabil. Jika ke depannya masih berkendala, Kakak dapat menghubungi kami di DM Instagram @ShopeePay_ID ya ^AS",2025-12-29 14:56:06,,Dataset/dataset\SHOPEEPAY_googleplay_DECEMBER_reviews.csv,qris
6a0bf634-f6fa-4e50-87fe-694055577a4b,Pengguna Google,https://play-lh.googleusercontent.com/EGemoI2NTXmTsBVtJqk8jxF9rh8ApRWfsIMQSt2uE4OcpQqbFu7f7NbTK05lx80nuSijCz7sc3a277R67g,saya pengguna ovo atas karmini. dengan pelayan yang tidak baik dari ovo. melakukan transfer saldo tidak berhasil tpi saldo kurang. sulosi tidak ada dari ovo.. saya tidak puas dengan pelayan ovo,1,0,3.149.0,2025-12-17 10:01:45+00:00,,,3.149.0,Dataset/dataset\OVO_googleplay_DECEMBER_reviews.csv,transfer
74f9e844-a60a-41ed-9843-d7ae33e0a78f,Pengguna Google,https://play-lh.googleusercontent.com/EGemoI2NTXmTsBVtJqk8jxF9rh8ApRWfsIMQSt2uE4OcpQqbFu7f7NbTK05lx80nuSijCz7sc3a277R67g,"nyoba download mau topup e wallet atau tf rek wajib lnjut gopay plus upload e ktp auto langsung auto uninstall takut disalahgunakan, paling males pake aplikasi yg bawa² ktp segala, terlalu riskan",1,0,1.60.0,2025-10-15 20:30:30+00:00,,,1.60.0,Dataset/dataset\GOPAY_googleplay_OCTOBER_reviews.csv,topup
f181831d-4e1b-4b05-8468-36be6870bd6b,Pengguna Google,https://play-lh.googleusercontent.com/EGemoI2NTXmTsBVtJqk8jxF9rh8ApRWfsIMQSt2uE4OcpQqbFu7f7NbTK05lx80nuSijCz7sc3a277R67g,kecewa bgt sma ovo . top up 2kali kena potongan 5rb . giliran mau TF ke bank gabisa . kecewa bgt . dlu juga pernh saldo tiba2 ilang . dikira bakal upgrade ternyata malah makin buruk,1,0,,2025-10-21 13:57:43+00:00,,,,Dataset/dataset\OVO_googleplay_OCTOBER_reviews.csv,topup
18be622a-6427-4193-9628-6b1bdb7655cc,Pengguna Google,https://play-lh.googleusercontent.com/EGemoI2NTXmTsBVtJqk8jxF9rh8ApRWfsIMQSt2uE4OcpQqbFu7f7NbTK05lx80nuSijCz7sc3a277R67g,apk sampah ga bisa bantu pengguna karna salah top up,1,0,,2025-10-14 21:39:10+00:00,"Hi Kak Ahmadi. Kami memahami mengenai kendala salah Top Up ShopeePay. Kakak tidak perlu khawatir, kami akan membantu melakukan konfirmasi kepada pihak penerima dana tersebut. Mohon hubungi kami melalui DM ke Instagram @ShopeePay_ID dengan melampirkan bukti kendala untuk pengecekan lebih lanjut mengenai kendala kakak. ^CS",2025-10-15 12:14:06,,Dataset/dataset\SHOPEEPAY_googleplay_OCTOBER_reviews.csv,topup
39216a60-5773-47c6-8502-51c93934f9be,Pengguna Google,https://play-lh.googleusercontent.com/EGemoI2NTXmTsBVtJqk8jxF9rh8ApRWfsIMQSt2uE4OcpQqbFu7f7NbTK05lx80nuSijCz7sc3a277R67g,gopay sangat membantu saya untuk TF sewaktu wakty,5,0,1.59.0,2025-10-06 06:17:04+00:00,,,1.59.0,Dataset/dataset\GOPAY_googleplay_OCTOBER_reviews.csv,transfer
96367f19-5055-4885-8624-c2278680f63c,Pengguna Google,https://play-lh.googleusercontent.com/EGemoI2NTXmTsBVtJqk8jxF9rh8ApRWfsIMQSt2uE4OcpQqbFu7f7NbTK05lx80nuSijCz7sc3a277R67g,top up lama apa apa lama ngga ada perubahan bahka top up bisa ga masuk,1,1,1.59.0,2025-10-10 15:38:20+00:00,"Hai Kak Vincent, kami mohon maaf atas kondisi yang Kakak alami. Terkait hal ini, dapat kami sampaikan bahwa ada pemeliharaan sistem yang mempengaruhi transaksi Kakak & saat ini sudah kembali normal. Berkenan untuk melakukan pengecekan kembali di akun tujuan secara berkala ya Kak. Mohon maaf atas ketidaknyamanannya. Salam hangat. ^Miko",2025-10-10 21:16:28,1.59.0,Dataset/dataset\GOPAY_googleplay_OCTOBER_reviews.csv,topup
76582857-64d5-4cf6-87e9-14aff666f6ea,Pengguna Google,https://play-lh.googleusercontent.com/EGemoI2NTXmTsBVtJqk8jxF9rh8ApRWfsIMQSt2uE4OcpQqbFu7f7NbTK05lx80nuSijCz7sc3a277R67g,"sangat buruk, biaya transfer mahal dibandingkan wallet lain, tidak fleksibel. tidak ada pemberitahuan jika saldo yang ditransfer akan otomatis terpotong, ini membuat sering kali pengguna yang tidak tau akan transfer nominal yang pas, padahal ada potongan otomatis, jika begitu pengguna harus transfer lagi dan kena potongan lagi, sangat memeras. lebih baik potongan ditaruh diawal",1,101,3.147.0,2025-11-11 01:00:26+00:00,,,3.147.0,Dataset/dataset\OVO_googleplay_NOVEMBER_reviews.csv,transfer
39d2e714-4650-4fe7-b65e-35595ee53c85,Pengguna Google,https://play-lh.googleusercontent.com/EGemoI2NTXmTsBVtJqk8jxF9rh8ApRWfsIMQSt2uE4OcpQqbFu7f7NbTK05lx80nuSijCz7sc3a277R67g,"Hanya di aplikasi ini login A+ cuma 6hari balik ke 1hari padahal reward tertinggi di 7hari cuma 100coin itu yang paling tinggi. hari 1-6 dapatnya 50coin, udah dapatnya dikit dikorupsi 1hari pula",3,0,,2025-10-09 11:36:03+00:00,,,,Dataset/dataset\GOPAY_googleplay_OCTOBER_reviews.csv,login
4d4b58a5-e004-415b-b9f7-841e247d50b8,Pengguna Google,https://play-lh.googleusercontent.com/EGemoI2NTXmTsBVtJqk8jxF9rh8ApRWfsIMQSt2uE4OcpQqbFu7f7NbTK05lx80nuSijCz7sc3a277R67g,cara login lupa password gimana,2,0,,2025-12-17 00:30:04+00:00,"Halo Sahabat @Abil Rastafara, dpt kami informasikan apabila yg dimaksud login menggunakan Sidik Jari / Face ID ketika melakukan kesalahan 3x di Livin' by Mandiri  maka akan muncul menu Lupa Password di bagian bawah dgn langkah sebagai berikut :- Pilih menu ""lupa password"" Tks~Charles",2025-12-17 00:32:58,,Dataset/dataset\LIVIN_googleplay_DECEMBER_reviews.csv,login
ae3b671c-b6e0-4998-8b65-93cf028619ea,Pengguna Google,https://play-lh.googleusercontent.com/EGemoI2NTXmTsBVtJqk8jxF9rh8ApRWfsIMQSt2uE4OcpQqbFu7f7NbTK05lx80nuSijCz7sc3a277R67g,"Setiap mau login pasti disuruh update dlu ke play store l, ga gitu juga kale pake segala update, aku juga pake apk DANA jarang disuruh update. Trus tiap habis top up dr bank kena potongan mulu skali2 dikasih gratis lah, aku bertahan pake OVO krn bisa transaksi via grab lebih mudah, hanya itu saja 😑🫤",2,30,3.148.0,2025-12-02 06:18:56+00:00,,,3.148.0,Dataset/dataset\OVO_googleplay_DECEMBER_reviews.csv,login
ac259dba-9c27-42bd-8264-b3f22807dbc6,Pengguna Google,https://play-lh.googleusercontent.com/EGemoI2NTXmTsBVtJqk8jxF9rh8ApRWfsIMQSt2uE4OcpQqbFu7f7NbTK05lx80nuSijCz7sc3a277R67g,ovo kenapa saldo saya hilang beberapa kali diovo mulai dari transaksi transfer 50 ribu ke bank jago terus transfer 137.500 ke bank jago dan history yang 137.500 ditanggal 1 November ini tidak ada kontollllll ovooooo!!!!,1,0,3.146.0,2025-11-01 01:40:42+00:00,,,3.146.0,Dataset/dataset\OVO_googleplay_NOVEMBER_reviews.csv,transfer
35bca1f4-5bac-4c27-a539-fe7ebbb1c038,Pengguna Google,https://play-lh.googleusercontent.com/EGemoI2NTXmTsBVtJqk8jxF9rh8ApRWfsIMQSt2uE4OcpQqbFu7f7NbTK05lx80nuSijCz7sc3a277R67g,knapa buat transaksi transfer ngk bisa pdhl tinggl masuk pin tapi ngk bisa,2,0,1.61.2,2025-11-04 17:39:51+00:00,"Hai Kak @Pecel Lele, sebelum transfer, pastikan status upgrade GoPay Plus sudah 'Diterima', nomor penerima valid dan tidak terblokir. Jika masih bermasalah, silakan kunjungi menu Bantuan di aplikasi GoPay atau email ke customerservice@gopay.co.id dan cantumkan kode psr-25-308-1415-06251 pada subjek email. ^Miko",2025-11-04 21:15:21,1.61.2,Dataset/dataset\GOPAY_googleplay_NOVEMBER_reviews.csv,transfer
78f81447-2236-43fe-85c5-f18d27fe897b,Pengguna Google,https://play-lh.googleusercontent.com/EGemoI2NTXmTsBVtJqk8jxF9rh8ApRWfsIMQSt2uE4OcpQqbFu7f7NbTK05lx80nuSijCz7sc3a277R67g,temen saya tf uang ke gopay tapi tidak masuk ke gopay saya sedangkan di temen saya saldonya sudah berkurang,1,0,,2025-11-04 12:00:44+00:00,"Hai Kak Nirmala, pastikan nomor tujuan sudah benar, sudah cek halaman Riwayat, dan coba keluar dan masuk kembali ke aplikasi. Jika saldo masih belum masuk, silakan laporkan melalui menu Bantuan > ketik 'Top up GoPay saya belum masuk' > isi formulir dan cantumkan kode psr-25-308-0508-39800 pada bagian 'Ceritakan lebih lanjut'. ^Maura",2025-11-04 12:08:46,,Dataset/dataset\GOPAY_googleplay_NOVEMBER_reviews.csv,transfer
d0239fd0-b995-4c98-b3c9-16bac42fa4bc,Pengguna Google,https://play-lh.googleusercontent.com/EGemoI2NTXmTsBVtJqk8jxF9rh8ApRWfsIMQSt2uE4OcpQqbFu7f7NbTK05lx80nuSijCz7sc3a277R67g,susah buat login,2,0,,2025-10-08 12:25:16+00:00,,,,Dataset/dataset\OVO_googleplay_OCTOBER_reviews.csv,login
4b62de00-621d-47b3-86df-47ea9f97a150,Pengguna Google,https://play-lh.googleusercontent.com/EGemoI2NTXmTsBVtJqk8jxF9rh8ApRWfsIMQSt2uE4OcpQqbFu7f7NbTK05lx80nuSijCz7sc3a277R67g,ga bisa transfer sama tarik dana gagal trus aneh,1,0,,2025-12-27 22:02:43+00:00,"Halo Sahabat @Muhammad Affandi Khoiri, mohon maaf atas ketidaknyamanannya. Terkait kendala transaksi Sahabat mohon untuk dapat mengirimkan email ke mandiricare@bankmandiri.co.id atau dapat menghubungi mandiri call 14000 agar dapat dilakukan pengecekan. Tks ~ Said",2025-12-27 22:06:06,,Dataset/dataset\LIVIN_googleplay_DECEMBER_reviews.csv,transfer
84e030a8-e576-4b28-b8ed-06b5d0517483,Pengguna Google,https://play-lh.googleusercontent.com/EGemoI2NTXmTsBVtJqk8jxF9rh8ApRWfsIMQSt2uE4OcpQqbFu7f7NbTK05lx80nuSijCz7sc3a277R67g,"saya cukup kecewa,kenapa proses top up saya belum dapat masuk ke ovo saya,padahal dari bukti transaksi nya telah terkirim, tetapi di saldo ovo saya belum bertambah.",2,1,3.144.0,2025-10-09 01:51:41+00:00,,,3.144.0,Dataset/dataset\OVO_googleplay_OCTOBER_reviews.csv,topup
db670d48-953e-425d-bb1a-4fd5e02bc3cf,Pengguna Google,https://play-lh.googleusercontent.com/EGemoI2NTXmTsBVtJqk8jxF9rh8ApRWfsIMQSt2uE4OcpQqbFu7f7NbTK05lx80nuSijCz7sc3a277R67g,"Aplikasi ga jelas bayangin mau bayar qris pake gopay malah lagi ga bisa transaksi,giliran mau tinjauan ke merapat gbsa ketik mending pindah ke si biru bulat",1,0,,2025-10-09 13:42:58+00:00,"Hai Kak @SHEZ Now, mohon maaf atas ketidaknyamanannya. Pastikan kamu menggunakan aplikasi GoPay versi terbaru dan posisi kode QR yang dipindai sudah sesuai. Jika masih berkendala, laporkan melalui email customerservice@gopay.co.id dan cantumkan kode psr-25-282-1511-57632 pada subject email yang kamu kirimkan ya. ^Melisa",2025-10-09 22:12:07,,Dataset/dataset\GOPAY_googleplay_OCTOBER_reviews.csv,qris
f213e3a6-29c8-4a9f-be57-98a3dd69eebc,Pengguna Google,https://play-lh.googleusercontent.com/EGemoI2NTXmTsBVtJqk8jxF9rh8ApRWfsIMQSt2uE4OcpQqbFu7f7NbTK05lx80nuSijCz7sc3a277R67g,sy GK bisa login karna no ku hilang... kurang bagu,1,0,3.148.0,2025-12-03 19:31:07+00:00,,,3.148.0,Dataset/dataset\OVO_googleplay_DECEMBER_reviews.csv,login
014b67a4-8074-4a3a-b76c-065125fdfba3,Pengguna Google,https://play-lh.googleusercontent.com/EGemoI2NTXmTsBVtJqk8jxF9rh8ApRWfsIMQSt2uE4OcpQqbFu7f7NbTK05lx80nuSijCz7sc3a277R67g,gila dari dana d potong 1k dr ovo kepotong 2k TF 11k masuk ke ovo 8k,1,0,3.143.0,2025-11-12 15:34:28+00:00,,,3.143.0,Dataset/dataset\OVO_googleplay_NOVEMBER_reviews.csv,transfer
01e96b51-fd3d-4bf6-9b30-473925d97b30,Pengguna Google,https://play-lh.googleusercontent.com/EGemoI2NTXmTsBVtJqk8jxF9rh8ApRWfsIMQSt2uE4OcpQqbFu7f7NbTK05lx80nuSijCz7sc3a277R67g,"kurang memuaskan,masak top up saldonya kepotong transfer pun masih kena biaya. parah",2,0,3.97.0,2025-12-13 00:43:38+00:00,"Hai Kak Juliants, maaf ya. Terkait dengan kendala yang Kakak alami, mohon menghubungi tim kami melalui chat bantuan di aplikasi, melalui email di cs@ovo.id atau call center kami di 1500-696 agar dapat kami bantu pengecekan. Terima Kasih. -Nisa",12/14/2023 1:19,3.97.0,Dataset/dataset\OVO_googleplay_DECEMBER_reviews.csv,topup
75b431a4-ba3b-4d6e-8126-afb168d88cf8,Pengguna Google,https://play-lh.googleusercontent.com/EGemoI2NTXmTsBVtJqk8jxF9rh8ApRWfsIMQSt2uE4OcpQqbFu7f7NbTK05lx80nuSijCz7sc3a277R67g,ribet amat mau login,1,0,8.74.0,2025-10-14 17:37:51+00:00,"Halo, Jagoan! Mohon maaf atas ketidaknyamanan yang Kakak alami. Supaya bisa membantu lebih lanjut, Kakak bisa menginformasikan detail keluhannya melalui email tanya@jago.com ya. Tim terkait kami dengan senang hati akan membantu Kakak menyelesaikan permasalahannya.",2025-10-14 18:00:23,8.74.0,Dataset/dataset\JAGO_googleplay_OCTOBER_reviews.csv,login
7966ed70-7d27-4468-9f39-8a926bcb3225,Pengguna Google,https://play-lh.googleusercontent.com/EGemoI2NTXmTsBVtJqk8jxF9rh8ApRWfsIMQSt2uE4OcpQqbFu7f7NbTK05lx80nuSijCz7sc3a277R67g,ovo tolol kenapa ga bisa bayar pake QRIS gagal mulu,1,0,3.144.0,2025-10-09 17:49:33+00:00,,,3.144.0,Dataset/dataset\OVO_googleplay_OCTOBER_reviews.csv,qris
d0398c09-1767-4e1b-b4f2-345580b4b739,Pengguna Google,https://play-lh.googleusercontent.com/EGemoI2NTXmTsBVtJqk8jxF9rh8ApRWfsIMQSt2uE4OcpQqbFu7f7NbTK05lx80nuSijCz7sc3a277R67g,"mau TF pake verifikasi muka malah makin nyusahin jadi bikin lama biasanya cuma masukin pin, padahal muka sndiri asli tapi sering gagal dikira muka gua kW kali",1,0,1.43.10,2025-11-27 11:22:26+00:00,"Hi Kak Desvin. Mohon maaf atas kendala gagal verifikasi wajah. Pastikan verifikasi wajah sesuai dgn data KTP yg terdaftar di ShopeePay agar sistem dpt memverifikasi kepemilikan akun. Silakan klik ShopeePay>Saya>Pengaturan>Upgrade ke ShopeePay Plus>Informasi Pribadi. Untuk bantuan pengecekan, hubungi kami melalui DM ke Instagram @ShopeePay_ID. ^CS",2025-11-27 13:20:22,1.43.10,Dataset/dataset\SHOPEEPAY_googleplay_NOVEMBER_reviews.csv,transfer
d97d832e-e669-4b52-87f4-6848a7c1ff65,Pengguna Google,https://play-lh.googleusercontent.com/EGemoI2NTXmTsBVtJqk8jxF9rh8ApRWfsIMQSt2uE4OcpQqbFu7f7NbTK05lx80nuSijCz7sc3a277R67g,memudah kan semua arusan yg berhubungan dgn transfer,5,0,1.62.0,2025-11-12 07:40:50+00:00,,,1.62.0,Dataset/dataset\GOPAY_googleplay_NOVEMBER_reviews.csv,transfer
a3a0fcc9-6efd-47dc-9ca5-9b3abf66d3af,Pengguna Google,https://play-lh.googleusercontent.com/EGemoI2NTXmTsBVtJqk8jxF9rh8ApRWfsIMQSt2uE4OcpQqbFu7f7NbTK05lx80nuSijCz7sc3a277R67g,"Daptar di shopee pay ribet, harus verifikasi wajah, tak seperti dana dana dan gopay, sangat mudah dan gampang menabung, juga mengirim/menerima transferan",4,0,1.43.10,2025-12-02 12:51:46+00:00,"Hi Kak Amir. Mohon maaf atas kendala terkait pendaftaran ShopeePay. Terkait kendala tersebut mohon menghubungi kami melalui DM ke Instagram @ShopeePay_ID yang bercentang biru, dengan menginformasikan detail dan bukti kendala untuk bantuan lebih lanjut. Semoga kendala kakak segera terselesaikan ya. ^CS",2025-12-02 15:11:40,1.43.10,Dataset/dataset\SHOPEEPAY_googleplay_DECEMBER_reviews.csv,vermuk
658809a1-cb0f-4e24-902d-e702f91b68b9,Pengguna Google,https://play-lh.googleusercontent.com/EGemoI2NTXmTsBVtJqk8jxF9rh8ApRWfsIMQSt2uE4OcpQqbFu7f7NbTK05lx80nuSijCz7sc3a277R67g,enak buat top up,4,0,1.60.0,2025-10-18 10:25:01+00:00,,,1.60.0,Dataset/dataset\GOPAY_googleplay_OCTOBER_reviews.csv,topup
f3a1e12d-6a90-45e8-b5c0-37f99d71e1a4,Pengguna Google,https://play-lh.googleusercontent.com/EGemoI2NTXmTsBVtJqk8jxF9rh8ApRWfsIMQSt2uE4OcpQqbFu7f7NbTK05lx80nuSijCz7sc3a277R67g,"upgrade sangat sulit, biaya topup nya harus nya tidak dipotong dari nominal.. ribet banget lu ovo",2,1,3.146.0,2025-11-10 21:55:54+00:00,,,3.146.0,Dataset/dataset\OVO_googleplay_NOVEMBER_reviews.csv,topup
a5663721-f37b-4703-95e7-22a26908d0cd,Pengguna Google,https://play-lh.googleusercontent.com/EGemoI2NTXmTsBVtJqk8jxF9rh8ApRWfsIMQSt2uE4OcpQqbFu7f7NbTK05lx80nuSijCz7sc3a277R67g,apk ga jelas orang mau bayar top up game malah transaksi tidak wajar ngelawak,1,0,1.61.2,2025-11-05 11:47:25+00:00,"Hai Kak @Achill, pastikan nomor tujuan sudah benar, sudah cek halaman Riwayat, dan coba keluar dan masuk kembali ke aplikasi. Jika saldo masih belum masuk, silakan laporkan melalui menu Bantuan > ketik 'Top up GoPay saya belum masuk' > isi formulir dan cantumkan kode psr-25-309-0844-43791 pada bagian 'Ceritakan lebih lanjut'. ^Melisa",2025-11-05 15:44:52,1.61.2,Dataset/dataset\GOPAY_googleplay_NOVEMBER_reviews.csv,topup
9bd19268-1f03-4618-a5d3-f1411ace3bf2,Pengguna Google,https://play-lh.googleusercontent.com/EGemoI2NTXmTsBVtJqk8jxF9rh8ApRWfsIMQSt2uE4OcpQqbFu7f7NbTK05lx80nuSijCz7sc3a277R67g,aplikasi GK jelas.. selalu gagal di sini saldo / tidak bisa menerima transfer dari bank lain,1,0,3.150.0,2025-12-22 14:26:05+00:00,,,3.150.0,Dataset/dataset\OVO_googleplay_DECEMBER_reviews.csv,transfer
0bc7c946-9035-49a1-8ed6-4df00e75a7de,Pengguna Google,https://play-lh.googleusercontent.com/EGemoI2NTXmTsBVtJqk8jxF9rh8ApRWfsIMQSt2uE4OcpQqbFu7f7NbTK05lx80nuSijCz7sc3a277R67g,saya knpa ga bisa login ya di shopeepay dan ada tulisan karena alesan keamanan jadi tidak di izinkan untuk login shopeepay,2,6,1.44.05,2025-12-22 05:41:18+00:00,"Hi Kak Derral. Mohon maaf atas kendala tidak bisa login akun ShopeePay. Pastikan menggunakan aplikasi resmi dan perangkat yang digunakan tidak dimodifikasi ya kak. Apabila masih terkendala, silakan menghubungi kami dengan melampirkan tangkapan layar kendalanya melalui Instagram @ShopeePay_ID yang bercentang biru. ^EN",2025-12-22 17:10:58,1.44.05,Dataset/dataset\SHOPEEPAY_googleplay_DECEMBER_reviews.csv,login
57d02480-3681-4cad-a5ee-d006d1bf397d,Pengguna Google,https://play-lh.googleusercontent.com/EGemoI2NTXmTsBVtJqk8jxF9rh8ApRWfsIMQSt2uE4OcpQqbFu7f7NbTK05lx80nuSijCz7sc3a277R67g,"tiba tiba terdapat notifikasi pembayaran langganan gagal sebesar 300ribu ke Google play, tapi waktu saya cari di google play hape saya baik hp utama atau kedua semuanya tidak langganan, saya cari di seluruh akun saya tetap tidak ada langganan. tetapi setiap hari tetap ada tagihan dan meningkat setiap saat,saya mencari solusi juga tidak ada hasil saya benar benar mohon bantuannya. saya jadi takut waktu saya topup uang saya akan langsung hilang",2,7,1.64.0,2025-11-29 22:38:06+00:00,"Hai Kak Akmal, mohon maaf atas ketidaknyamanannya. Jika kamu masih mengalami kendala, silakan laporkan melalui email ke customerservice@gopay.co.id dengan melampirkan kode psr-25-333-1537-54670 pada subject email dan cantumkan nomor laporan kamu sebelumnya pada email yang kamu kirimkan. Kami tunggu detail laporan kamu ya. ^Maura",2025-11-29 22:38:00,1.64.0,Dataset/dataset\GOPAY_googleplay_NOVEMBER_reviews.csv,topup
ad8f0ee6-0af4-4386-8d6e-30ff0c3b7541,Pengguna Google,https://play-lh.googleusercontent.com/EGemoI2NTXmTsBVtJqk8jxF9rh8ApRWfsIMQSt2uE4OcpQqbFu7f7NbTK05lx80nuSijCz7sc3a277R67g,sudah 3 hari gk bisa top up saldo sampah,1,0,3.146.0,2025-11-08 17:48:06+00:00,,,3.146.0,Dataset/dataset\OVO_googleplay_NOVEMBER_reviews.csv,topup
d256493c-6575-41ef-80a0-3a5bd306d2cf,Pengguna Google,https://play-lh.googleusercontent.com/EGemoI2NTXmTsBVtJqk8jxF9rh8ApRWfsIMQSt2uE4OcpQqbFu7f7NbTK05lx80nuSijCz7sc3a277R67g,kenapa ya sekarang TF ke dana JD ada biyaya ADM nya,4,0,3.2.0,2025-12-14 17:23:05+00:00,"Halo Sahabat @Umy Incess, mohon maaf atas ketidaknyamanannya. Terhitung tanggal 5 September 2025 untuk top up DANA di seluruh channel Bank Mandiri dikenakan biaya administrasi Rp1.000,- per transaksi yang akan dipotong langsung dari rekening Sahabat saat transaksi dilakukan. Tks~Irish",2025-12-14 17:35:12,3.2.0,Dataset/dataset\LIVIN_googleplay_DECEMBER_reviews.csv,transfer
f8d4a7ba-0354-4566-82f1-afba9c3f4b3c,Pengguna Google,https://play-lh.googleusercontent.com/EGemoI2NTXmTsBVtJqk8jxF9rh8ApRWfsIMQSt2uE4OcpQqbFu7f7NbTK05lx80nuSijCz7sc3a277R67g,"tolong bantun saya mebuka akun gopay saya, krn saya kmren dafdar makek ktp tmn, tapi no saya, pas mau masuk bisa mntk wajah, tolong pihak gopay bantun saya, mebuka gopay sayaa",5,0,1.59.0,2025-10-11 06:10:19+00:00,,,1.59.0,Dataset/dataset\GOPAY_googleplay_OCTOBER_reviews.csv,vermuk
40d54ee3-c80b-4368-8e35-11f8364c78ee,Pengguna Google,https://play-lh.googleusercontent.com/EGemoI2NTXmTsBVtJqk8jxF9rh8ApRWfsIMQSt2uE4OcpQqbFu7f7NbTK05lx80nuSijCz7sc3a277R67g,kebanyakan potong setiap kali top up,1,0,,2025-12-17 20:28:07+00:00,,,,Dataset/dataset\OVO_googleplay_DECEMBER_reviews.csv,topup
6bf6b7b9-25db-436c-9d35-d51370d0abcb,Pengguna Google,https://play-lh.googleusercontent.com/EGemoI2NTXmTsBVtJqk8jxF9rh8ApRWfsIMQSt2uE4OcpQqbFu7f7NbTK05lx80nuSijCz7sc3a277R67g,"enga bisa tf enga bisa belanja padahal udh update aplikasi,untung saldo nga banyak",1,0,,2025-11-04 15:18:00+00:00,"Hai Kak Siska, sebelum transfer, pastikan status upgrade GoPay Plus sudah 'Diterima', nomor penerima valid dan tidak terblokir. Jika masih bermasalah, silakan kunjungi menu Bantuan di aplikasi GoPay atau email ke customerservice@gopay.co.id dan cantumkan kode psr-25-308-1010-00798 pada subjek email. ^Miko",2025-11-04 17:10:16,,Dataset/dataset\GOPAY_googleplay_NOVEMBER_reviews.csv,transfer
d287e803-675d-4ac6-b572-a22716674be0,Pengguna Google,https://play-lh.googleusercontent.com/EGemoI2NTXmTsBVtJqk8jxF9rh8ApRWfsIMQSt2uE4OcpQqbFu7f7NbTK05lx80nuSijCz7sc3a277R67g,transfer ke bank lama ditambah tertulisnya gratis biaya admin ternyata nya ada biaya admin terselubung kecewa berat ternyata melebihi estimasi waktu yg ditentukan ditambah kurangnya informasi,1,4,1.43.10,2025-11-27 21:53:21+00:00,"Hi Kak Ahmad, Mohon maaf atas kendala adanya biaya admin saat transfer. Saat ini terdapat promo gratis admin transfer melalui aplikasi ShopeePay dan promo berlaku kirim uang ke bank min. Rp1,- dan kirim ke E-wallet/Virtual account min. Rp10.000,- ya. Untuk bantuan pengecekan, mohon menghubungi kami melalui DM Instagram di @ShopeePay_ID. ^CS",2025-11-28 11:02:58,1.43.10,Dataset/dataset\SHOPEEPAY_googleplay_NOVEMBER_reviews.csv,transfer
