reviewId,userName,userImage,content,score,thumbsUpCount,reviewCreatedVersion,at,replyContent,repliedAt,appVersion,source,keyword
37c7bb52-334d-4798-afad-08ee199707a9,Pengguna Google,https://play-lh.googleusercontent.com/EGemoI2NTXmTsBVtJqk8jxF9rh8ApRWfsIMQSt2uE4OcpQqbFu7f7NbTK05lx80nuSijCz7sc3a277R67g,aplikasi paling jelek suka transfer sendiri gajelas tanpa kita tau tiba-tiba saldo ngilang,1,1,1.59.0,2025-10-04 10:16:00+00:00,"Hai Kak Dhamzah, mohon maaf atas ketidaknyamanannya. Terkait keluhan tersebut, silakan laporkan melalui email ke customerservice@gopay.co.id dengan melampirkan kode psr-25-277-0413-53237 pada subject email. Kami tunggu detail laporan kamu ya. ^Maura",2025-10-04 11:14:00,1.59.0,Dataset/dataset\GOPAY_googleplay_OCTOBER_reviews.csv,transfer
349caf6b-cac7-4bd5-b39b-c90994f1766c,Pengguna Google,https://play-lh.googleusercontent.com/EGemoI2NTXmTsBVtJqk8jxF9rh8ApRWfsIMQSt2uE4OcpQqbFu7f7NbTK05lx80nuSijCz7sc3a277R67g,kode verif gk muncul padahal nomor aktif,1,0,1.42.03,2025-11-24 12:29:37+00:00,"Hi Kak Udin. Mohon maaf mengenai kendala tidak menerima kode verifikasi. Pastikan jaringan diponsel stabil/full, tdk memblokir nomor resmi Shopee. Bisa dicoba nyalakan lalu matikan mode pesawat untuk mereset jaringan, kemudian minta kirim ulang SMS/OTP suara, Jika masih terkendala mohon hubungi kami melalui DM ke Instagram @ShopeePay_ID. ^CS",2025-11-24 13:14:27,1.42.03,Dataset/dataset\SHOPEEPAY_googleplay_NOVEMBER_reviews.csv,vermuk
beacb7e9-11c9-445e-a366-0aaa9369b842,Pengguna Google,https://play-lh.googleusercontent.com/EGemoI2NTXmTsBVtJqk8jxF9rh8ApRWfsIMQSt2uE4OcpQqbFu7f7NbTK05lx80nuSijCz7sc3a277R67g,saya transfer ke no yg sudah di blokir apakah uang saya kembali lagi,1,0,3.1.0,2025-11-05 13:49:03+00:00,"Halo Sahabat @Romi Romi, mohon maaf atas ketidaknyamannya. Untuk perihal kendala pada layanan Livin' by Mandiri, mohon untuk dapat mengirimkan email ke mandiricare@bankmandiri.co.id atau dapat menghubungi layanan mandiri 14000 agar dapat dilakukan pengecekan. Tks~Irish",2025-11-05 13:55:19,3.1.0,Dataset/dataset\LIVIN_googleplay_NOVEMBER_reviews.csv,transfer
0558a8a4-ccbb-4ea2-8277-8d90ae7a7711,Pengguna Google,https://play-lh.googleusercontent.com/EGemoI2NTXmTsBVtJqk8jxF9rh8ApRWfsIMQSt2uE4OcpQqbFu7f7NbTK05lx80nuSijCz7sc3a277R67g,"ga bisa top up game udah hampir 1 bulan udah di lapor dia bilang udah di perbaiki ketika di coba lagi sama aja, alasannya ada aktivitas tidak wajar",1,0,1.64.0,2025-11-14 20:17:44+00:00,"Hai Kak Paisal, mohon maaf atas ketidaknyamanannya. Jika kamu masih mengalami kendala, silakan laporkan melalui email ke customerservice@gopay.co.id dengan melampirkan kode psr-25-318-1337-23995 pada subject email dan cantumkan nomor laporan kamu sebelumnya pada email yang kamu kirimkan. Kami tunggu detail laporan kamu ya. ^Maura",2025-11-14 20:37:31,1.64.0,Dataset/dataset\GOPAY_googleplay_NOVEMBER_reviews.csv,topup
4e7433bf-9bef-4d84-8ff5-a81891fcd56b,Pengguna Google,https://play-lh.googleusercontent.com/EGemoI2NTXmTsBVtJqk8jxF9rh8ApRWfsIMQSt2uE4OcpQqbFu7f7NbTK05lx80nuSijCz7sc3a277R67g,ribet bngt login doang harus pakai verifikasi mana akun google lama gw ilang,1,0,,2025-12-05 15:49:07+00:00,"Hi Kak Ruby. Mohon maaf atas kendala tidak bisa login akun. Terkait kendala tersebut mohon menghubungi kami melalui DM ke Instagram @ShopeePay_ID yang bercentang biru, dengan menginformasikan detail dan bukti kendala untuk bantuan lebih lanjut. Semoga kendala kakak segera terselesaikan ya. ^CS",2025-12-05 16:49:29,,Dataset/dataset\SHOPEEPAY_googleplay_DECEMBER_reviews.csv,login
21a679ed-e677-47cd-9b3f-e631467d209d,Pengguna Google,https://play-lh.googleusercontent.com/EGemoI2NTXmTsBVtJqk8jxF9rh8ApRWfsIMQSt2uE4OcpQqbFu7f7NbTK05lx80nuSijCz7sc3a277R67g,Mau login aja susahnya minta ampun.,1,0,,2025-11-23 15:48:49+00:00,"Hi Sahabat @Achmad Nurul, mhn maaf atas ketidaknyamanannya. Kami sarankan force close kemudian restart device/HP, jaringan dlm keadaan stabil & dipastikan tidak menggunakan WiFi. Apabila masih terkendala dpt mengirimkan email ke mandiricare@bankmandiri.co.id atau menghubungi mandiri call 14000 agar dilakukan pengecekan. Tks~Mandala",2025-11-23 16:04:23,,Dataset/dataset\LIVIN_googleplay_NOVEMBER_reviews.csv,login
d230a69e-4cad-46e3-82ec-6644e3d88d19,Pengguna Google,https://play-lh.googleusercontent.com/EGemoI2NTXmTsBVtJqk8jxF9rh8ApRWfsIMQSt2uE4OcpQqbFu7f7NbTK05lx80nuSijCz7sc3a277R67g,masih belum bisa QRIS tampil,4,0,8.75.0,2025-10-22 23:13:42+00:00,"Halo, Jagoan! Terima kasih telah menggunakan Bank Jago. Kami akan terus meningkatkan kualitas dan berinovasi untuk memenuhi kebutuhan finansial kamu. Jika kamu memiliki pertanyaan, kamu bisa hubungi kami via telepon di 1500 746/+62 21 3000 074 atau email ke tanya@jago.com. Agent kami akan segera membantumu.",2025-10-22 23:59:33,8.75.0,Dataset/dataset\JAGO_googleplay_OCTOBER_reviews.csv,qris
4835212c-1de7-41ed-bba0-a19fd97f6869,Pengguna Google,https://play-lh.googleusercontent.com/EGemoI2NTXmTsBVtJqk8jxF9rh8ApRWfsIMQSt2uE4OcpQqbFu7f7NbTK05lx80nuSijCz7sc3a277R67g,"baru tau kalo ada maksimal transfernya,rugi juga si pake aplikasi nya kalo gituh ,soalnya untuk cadangan TF kalo ada apa apa,ini malah bikin pusing mau bayar tagihan ngga bisaa,karna batas trasfer rugi rugi",1,4,3.148.0,2025-12-03 11:32:21+00:00,,,3.148.0,Dataset/dataset\OVO_googleplay_DECEMBER_reviews.csv,transfer
f0348504-4e50-4371-8832-f509cf49505e,Pengguna Google,https://play-lh.googleusercontent.com/EGemoI2NTXmTsBVtJqk8jxF9rh8ApRWfsIMQSt2uE4OcpQqbFu7f7NbTK05lx80nuSijCz7sc3a277R67g,kaga bisa tf malem,5,0,3.1.0,2025-11-06 00:57:35+00:00,"Hi Sahabat @M. Rasya, mohon maaf atas ketidaknyamanannya. Mohon berkenan untuk mencoba kembali secara berkala dan menunggu 10-15 menit kedepan dikhawatirkan sedang proses penarikan data akhir hari rutin ya. Tks~Mandala",2025-11-06 01:03:55,3.1.0,Dataset/dataset\LIVIN_googleplay_NOVEMBER_reviews.csv,transfer
e9e67aef-fb6e-4c86-aa17-5076eac875ca,Pengguna Google,https://play-lh.googleusercontent.com/EGemoI2NTXmTsBVtJqk8jxF9rh8ApRWfsIMQSt2uE4OcpQqbFu7f7NbTK05lx80nuSijCz7sc3a277R67g,"Sangat membantu , tetapi kami tidak bisa verifikasi , shelfi wajah , tanda kamera tidak bisa di klink",5,2,3.146.0,2025-11-01 12:01:34+00:00,,,3.146.0,Dataset/dataset\OVO_googleplay_NOVEMBER_reviews.csv,vermuk
028edf7e-e6c9-4145-957b-d98906131098,Pengguna Google,https://play-lh.googleusercontent.com/EGemoI2NTXmTsBVtJqk8jxF9rh8ApRWfsIMQSt2uE4OcpQqbFu7f7NbTK05lx80nuSijCz7sc3a277R67g,"topup saldo dari kemarin malam sampai sekarang blm masuk juga, gimana ini gaada tanggung jawabnya. laporan di Gmail ga ada respon sedangkan nomer pengaduan ga bisa di hubungi. #STOPPAKAIOVO",1,1,3.144.0,2025-10-07 21:58:06+00:00,,,3.144.0,Dataset/dataset\OVO_googleplay_OCTOBER_reviews.csv,topup
dfaea08d-1322-4626-b54b-deeb97d9b93a,Pengguna Google,https://play-lh.googleusercontent.com/EGemoI2NTXmTsBVtJqk8jxF9rh8ApRWfsIMQSt2uE4OcpQqbFu7f7NbTK05lx80nuSijCz7sc3a277R67g,"sudah lama terdaftar tiba-tiba suruh ganti pasword, sudah verifikasi ulang tinggal scan wajah susah amat udah berkali-kali ngedip sampe mata sakit tinggal muter dikit doang malah stuck kocak",1,0,3.1.0,2025-11-02 09:40:47+00:00,"Hai Sahabat @Azlan Kurnia Zaydan, mohon maaf atas ketidaknyamanannya. Terkait kendala yang dialami mohon untuk mengirimkan email ke mandiricare@bankmandiri.co.id atau menghubungi layanan mandiri call 14000 agar dapat dilakukan pengecekan ya. Tks~Divia",2025-11-02 09:43:30,3.1.0,Dataset/dataset\LIVIN_googleplay_NOVEMBER_reviews.csv,vermuk
80628351-2d6f-46d8-9e7a-6391cc74cd89,Pengguna Google,https://play-lh.googleusercontent.com/EGemoI2NTXmTsBVtJqk8jxF9rh8ApRWfsIMQSt2uE4OcpQqbFu7f7NbTK05lx80nuSijCz7sc3a277R67g,"sumpah cs nya ga bagus jelek, ada masalah susah banget buat laporan saya top up g masuk masuk, giliran buat laporan di suruh tunggu sampe beberapa jam kagak masuk",5,0,,2025-10-10 17:08:50+00:00,,,,Dataset/dataset\GOPAY_googleplay_OCTOBER_reviews.csv,topup
d78c572e-67f4-401d-949d-29ded029be29,Pengguna Google,https://play-lh.googleusercontent.com/EGemoI2NTXmTsBVtJqk8jxF9rh8ApRWfsIMQSt2uE4OcpQqbFu7f7NbTK05lx80nuSijCz7sc3a277R67g,"Buat livin, selanjutnya perbaiki bagian top up e-money. Terkhususnya top up dana. Ribet amat, nomor dana kagak kedetek mulu, aneh.",1,0,3.2.0,2025-12-12 14:17:35+00:00,"Halo Sahabat @Romando Gultom, mohon maaf atas ketidaknyamanannya. Apabila terdapat kendala agar dapat kami tindaklanjuti, Sahabat dapat mengirimkan email ke mandiricare@bankmandiri.co.id atau menghubungi layanan mandiri call 14000 ya. Tks~Carlos",2025-12-12 14:24:14,3.2.0,Dataset/dataset\LIVIN_googleplay_DECEMBER_reviews.csv,topup
79e7aa03-b5fd-4934-8f4b-6c9776aca5fb,Pengguna Google,https://play-lh.googleusercontent.com/EGemoI2NTXmTsBVtJqk8jxF9rh8ApRWfsIMQSt2uE4OcpQqbFu7f7NbTK05lx80nuSijCz7sc3a277R67g,banyak cashbacknya jadi makin seru buat top up🙀!!!!!!!,5,0,1.57.0,2025-10-15 21:08:55+00:00,,,1.57.0,Dataset/dataset\GOPAY_googleplay_OCTOBER_reviews.csv,topup
6611f840-1fda-4e3e-8d0d-bc5e9c3067f8,Pengguna Google,https://play-lh.googleusercontent.com/EGemoI2NTXmTsBVtJqk8jxF9rh8ApRWfsIMQSt2uE4OcpQqbFu7f7NbTK05lx80nuSijCz7sc3a277R67g,Tambahkan login pakai email yang terdaftar,2,0,1.60.0,2025-10-15 22:12:36+00:00,,,1.60.0,Dataset/dataset\GOPAY_googleplay_OCTOBER_reviews.csv,login
fa7329d8-5d78-40a2-a6e6-f21f65ad3c0d,Pengguna Google,https://play-lh.googleusercontent.com/EGemoI2NTXmTsBVtJqk8jxF9rh8ApRWfsIMQSt2uE4OcpQqbFu7f7NbTK05lx80nuSijCz7sc3a277R67g,lemot buffering padahal speedtest 50mbps. dan juga scanning kamera wajah yang tidak jelas terdeteksi,1,0,2.4.0,2025-10-23 03:04:30+00:00,"Hai, Kak Adisa. Maaf atas ketidaknyamanannya. Kami akan selalu berusaha memberikan yang terbaik demi kebutuhan perbankan Kakak. Terkait hal tersebut pastikan beberapa hal berikut, pastikan Kakak tidak memakai sunglasses, di tempat yang terang, tidak backlight, posisi wajah di dalam lingkaran dan pastikan aplikasi blu versi terupdate ya.",2025-10-23 03:12:09,2.4.0,Dataset/dataset\BLU_googleplay_OCTOBER_reviews.csv,vermuk
11ede919-2034-4192-840f-857d69231423,Pengguna Google,https://play-lh.googleusercontent.com/EGemoI2NTXmTsBVtJqk8jxF9rh8ApRWfsIMQSt2uE4OcpQqbFu7f7NbTK05lx80nuSijCz7sc3a277R67g,"apk khonthol gua top up malah gaada saldo nya thololll, balikin duit gua woyyyyyy",3,1,3.144.0,2025-10-02 22:07:39+00:00,,,3.144.0,Dataset/dataset\OVO_googleplay_OCTOBER_reviews.csv,topup
8f877df9-5a54-4b68-bc99-4ac97e8f8a7d,Pengguna Google,https://play-lh.googleusercontent.com/EGemoI2NTXmTsBVtJqk8jxF9rh8ApRWfsIMQSt2uE4OcpQqbFu7f7NbTK05lx80nuSijCz7sc3a277R67g,admin nya banya top up 50 ribu di ambil 2000 belum juga ngasi yang top up 2000 jadi 4000,1,0,3.144.0,2025-10-03 08:15:12+00:00,,,3.144.0,Dataset/dataset\OVO_googleplay_OCTOBER_reviews.csv,topup
c611f92c-9a23-4b13-8063-276d376eb1d8,Pengguna Google,https://play-lh.googleusercontent.com/EGemoI2NTXmTsBVtJqk8jxF9rh8ApRWfsIMQSt2uE4OcpQqbFu7f7NbTK05lx80nuSijCz7sc3a277R67g,"mengajujan tiket bantuan sampai saat ini belum ada jawaban,. tlp cs jawabannya maaf terus, saya menanyakan dana saya kenapa belum masuk sy transfer dari bank ke akun gopay saya,. ini salah dimana bank apa pihak gopay,.. sudah 7 hari telepon ke cs tapi jawabannya sama saja,. saya butuh solusi Karena dana yg sy transfer untuk pembayaran gopay pinjam. permasalahan seperti ini bagaimana solusinya??",1,0,1.61.2,2025-11-01 23:22:27+00:00,"Hai Kak Marcelina, mohon maat atas ketidaknyamanannya. Jika kamu masih mengalami kendala, silakan laporkan melalui email ke customerservice@gopay.co.id dengan melampirkan kode psr-25-306-0018-46351 pada subject email dan cantumkan nomor laporan kamu sebelumnya pada email yang kamu kirimkan. Kami tunggu detail laporan kamu ya. ^Melisa",2025-11-02 07:19:01,1.61.2,Dataset/dataset\GOPAY_googleplay_NOVEMBER_reviews.csv,transfer
9cf12971-a7cf-42e4-9bf7-7b0b191ad5c9,Pengguna Google,https://play-lh.googleusercontent.com/EGemoI2NTXmTsBVtJqk8jxF9rh8ApRWfsIMQSt2uE4OcpQqbFu7f7NbTK05lx80nuSijCz7sc3a277R67g,"Gak bisa login. alasan signal tidak terhubung atau terganggu, cek signal. pdahal signal gw stabil. aduuhh aduhh cacadnya",1,6,3.149.0,2025-12-19 17:40:20+00:00,,,3.149.0,Dataset/dataset\OVO_googleplay_DECEMBER_reviews.csv,login
ca064806-f090-447c-8cf0-e6a2f05bd804,Pengguna Google,https://play-lh.googleusercontent.com/EGemoI2NTXmTsBVtJqk8jxF9rh8ApRWfsIMQSt2uE4OcpQqbFu7f7NbTK05lx80nuSijCz7sc3a277R67g,KAK INI SAYA LUPA IMEL TOLONG SAYA GK BISA LOGIN DATA SAYA SUDAH VERIFIKASI LO ITU,5,0,1.40.06,2025-10-08 15:37:23+00:00,Hi Kak INDRAREAL. Mohon maaf atas kendala tidak bisa login karena lupa email. Jika lupa email silakan bisa ubah email mengikuti link ini https://help.shopee.co.id/portal/4/article/72639. Jika masih terkendala mohon menghubungi kami melalui DM ke Instagram @ShopeePay_ID yang bercentang biru untuk bantuan lebih lanjut. ^CS,2025-10-08 16:40:44,1.40.06,Dataset/dataset\SHOPEEPAY_googleplay_OCTOBER_reviews.csv,login
cb839452-dccc-4580-b964-97a2c9bb78ef,Pengguna Google,https://play-lh.googleusercontent.com/EGemoI2NTXmTsBVtJqk8jxF9rh8ApRWfsIMQSt2uE4OcpQqbFu7f7NbTK05lx80nuSijCz7sc3a277R67g,sumpah gopay mengecewakan bangett aku salah tf ke orang dan gopay gak jadi perantara buat aku hubungin orang itu,1,1,1.61.2,2025-11-29 08:08:26+00:00,"Hai Kak Rafael, mohon maaf atas ketidaknyamanannya. Jika masih mengalami keluhan, silakan laporkan melalui email ke customerservice@gopay.co.id dengan melampirkan kode psr-25-333-0209-58182 pada subject email dan cantumkan nomor laporan sebelumnya serta ceritakan kembali detail permasalahannya. Kami tunggu detail laporan kamu ya. ^Miko",2025-11-29 09:10:12,1.61.2,Dataset/dataset\GOPAY_googleplay_NOVEMBER_reviews.csv,transfer
02f1c77c-c2f2-4ba3-ba38-b8956cedc21f,Pengguna Google,https://play-lh.googleusercontent.com/EGemoI2NTXmTsBVtJqk8jxF9rh8ApRWfsIMQSt2uE4OcpQqbFu7f7NbTK05lx80nuSijCz7sc3a277R67g,saldo saya hilang tidak bertambah setelah topup dri bank lain,1,0,1.42.03,2025-11-08 08:20:35+00:00,"Hi Kak Farhan. Mohon maaf atas kendala Top Up saldo ShopeePay yang belum diterima. Terkait kendala tersebut mohon menghubungi kami melalui DM ke Instagram @ShopeePay_ID yang bercentang biru, dengan melampirkan bukti Bayar Top Up yang terkendala untuk bantuan lebih lanjut. Semoga kendala kakak segera terselesaikan ya. ^CS",2025-11-10 11:28:32,1.42.03,Dataset/dataset\SHOPEEPAY_googleplay_NOVEMBER_reviews.csv,topup
d3ccb6db-3b2e-4388-a612-cf79cc98cba5,Pengguna Google,https://play-lh.googleusercontent.com/EGemoI2NTXmTsBVtJqk8jxF9rh8ApRWfsIMQSt2uE4OcpQqbFu7f7NbTK05lx80nuSijCz7sc3a277R67g,ini gabisa qris gangguan kah,5,0,3.148.0,2025-11-25 12:19:38+00:00,,,3.148.0,Dataset/dataset\OVO_googleplay_NOVEMBER_reviews.csv,qris
4b45e8d5-928a-4879-a713-6fd5ffdfee8f,Pengguna Google,https://play-lh.googleusercontent.com/EGemoI2NTXmTsBVtJqk8jxF9rh8ApRWfsIMQSt2uE4OcpQqbFu7f7NbTK05lx80nuSijCz7sc3a277R67g,bisa tup up tidak bisa transfer setiap kali pengen transfer muncul notif akun terblokir trus saya login ulang berhasil masuk coba tf muncul lagi bisa top up ga bisa tf buat apaan coba?,1,2,2.5.0,2025-11-11 23:55:35+00:00,"Hai, Kak Rahmat. Maaf atas ketidaknyamanannya. Terkait kendala tersebut boleh kirimkan gambar kendalanya ke X @haloblu atau email haloblu@bcadigital.co.id agar kami bisa bantu lebih lanjut ya.",2025-11-12 00:48:17,2.5.0,Dataset/dataset\BLU_googleplay_NOVEMBER_reviews.csv,login
fed22372-b1e4-4ecd-9290-64be57910b87,Pengguna Google,https://play-lh.googleusercontent.com/EGemoI2NTXmTsBVtJqk8jxF9rh8ApRWfsIMQSt2uE4OcpQqbFu7f7NbTK05lx80nuSijCz7sc3a277R67g,"transfer, y cepat",5,0,1.41.06,2025-11-04 11:36:06+00:00,"Hi Kak Riyadi. Terima kasih untuk review positifnya. Untuk transaksi di ShopeePay aman karena dilengkapi dengan fitur keamanan seperti PIN, kode OTP, sidik jari hingga verifikasi wajah. Jika kakak memiliki pertanyaan atau kendala seputar ShopeePay, mohon DM kami di Instagram @ShopeePay_ID ya. Semoga harimu menyenangkan. ^CS",2025-11-04 13:17:16,1.41.06,Dataset/dataset\SHOPEEPAY_googleplay_NOVEMBER_reviews.csv,transfer
2560f7eb-381e-4521-8674-dfb30731e422,Pengguna Google,https://play-lh.googleusercontent.com/EGemoI2NTXmTsBVtJqk8jxF9rh8ApRWfsIMQSt2uE4OcpQqbFu7f7NbTK05lx80nuSijCz7sc3a277R67g,gk bisa login,5,0,3.98.0,2025-11-02 20:11:34+00:00,,,3.98.0,Dataset/dataset\OVO_googleplay_NOVEMBER_reviews.csv,login
e906a2cc-4306-4ed4-9a0e-6fb9b5a1e4be,Pengguna Google,https://play-lh.googleusercontent.com/EGemoI2NTXmTsBVtJqk8jxF9rh8ApRWfsIMQSt2uE4OcpQqbFu7f7NbTK05lx80nuSijCz7sc3a277R67g,"Transfer ke e-wallet prosesnya lama banget udah seharian belum masuk saldonya, masalah ini cukup kurang nyaman bagi saya tolong untuk lebih di perbaiki lagi",1,0,,2025-12-01 20:58:15+00:00,"Hi Kak Gilang. Mohon maaf atas kendala transfer ShopeePay ke E-wallet yang belum diterima. Terkait kendala tersebut mohon menghubungi kami melalui DM ke Instagram @ShopeePay_ID yang bercentang biru, dengan melampirkan bukti transfer yang terkendala untuk bantuan lebih lanjut. Semoga kendala kakak segera terselesaikan ya. ^CS",2025-12-02 13:56:19,,Dataset/dataset\SHOPEEPAY_googleplay_DECEMBER_reviews.csv,transfer
627d3f8a-26dd-4acd-9711-4620b869d67f,Pengguna Google,https://play-lh.googleusercontent.com/EGemoI2NTXmTsBVtJqk8jxF9rh8ApRWfsIMQSt2uE4OcpQqbFu7f7NbTK05lx80nuSijCz7sc3a277R67g,aplikasi oke tapi saya klik qris untuk bayar pake qris begitu klik qris muncul kode QR gak dikenal apa solusinya,5,0,,2025-10-04 19:01:57+00:00,,,,Dataset/dataset\GOPAY_googleplay_OCTOBER_reviews.csv,qris
6052c1b8-a461-4fb6-ad17-56d6859f586a,Pengguna Google,https://play-lh.googleusercontent.com/EGemoI2NTXmTsBVtJqk8jxF9rh8ApRWfsIMQSt2uE4OcpQqbFu7f7NbTK05lx80nuSijCz7sc3a277R67g,semoga kedepannya di tambahkan fitur opsi pembayaran atau top up saldo bisa lewat alfamart karena harus ada perantaranya kalo ga ewallet atau bank digital lain baru ke jago terus stockbit jadi ribet banget,5,0,8.74.0,2025-11-03 20:12:12+00:00,,,8.74.0,Dataset/dataset\JAGO_googleplay_NOVEMBER_reviews.csv,topup
c8c05e25-1ebf-4452-9153-8076af66a124,Pengguna Google,https://play-lh.googleusercontent.com/EGemoI2NTXmTsBVtJqk8jxF9rh8ApRWfsIMQSt2uE4OcpQqbFu7f7NbTK05lx80nuSijCz7sc3a277R67g,knpa ya kk tmn saya tf ke ovo tapi ga masuk saldonya padahal di dana nya suda berhasil tapi ga ada di ovo saldonya?? walaupun cmn 100 keatas jga itu uang kk kalo udh bgni gmna jdinya saya kecewa bgtt nyesel pake ovo,1,0,3.146.0,2025-11-03 21:41:07+00:00,,,3.146.0,Dataset/dataset\OVO_googleplay_NOVEMBER_reviews.csv,transfer
197af28f-8db5-4859-b811-c941a27f882c,Pengguna Google,https://play-lh.googleusercontent.com/EGemoI2NTXmTsBVtJqk8jxF9rh8ApRWfsIMQSt2uE4OcpQqbFu7f7NbTK05lx80nuSijCz7sc3a277R67g,"setiap mau bayar via Qris selalu muncul""Tidak dapat melakukan pembayaran melalui Qris karena alasan keamanan"". ini menyulitkan saya dalam membayar makanan atau lainnya. tolong di perbaiki",3,8,1.42.03,2025-11-08 11:40:28+00:00,"Hi Kak Robin, Mohon maaf mengenai kendala tidak bisa melakukan pembayaran QRIS. Mohon pastikan perangkat/aplikasi yang digunakan adalah versi resmi dan tidak dimodifikasi dan silakan bisa coba berkala. Untuk bantuan lebih lanjut, mohon menghubungi kami melalui DM Instagram di @ShopeePay_ID. ^CS",2025-11-10 15:47:35,1.42.03,Dataset/dataset\SHOPEEPAY_googleplay_NOVEMBER_reviews.csv,qris
ec7745e9-a7e4-4fc5-85b3-732b9c2e348b,Pengguna Google,https://play-lh.googleusercontent.com/EGemoI2NTXmTsBVtJqk8jxF9rh8ApRWfsIMQSt2uE4OcpQqbFu7f7NbTK05lx80nuSijCz7sc3a277R67g,ga bisa bisa transfer Kenapa yaa. ketika di klik mu mencet pi. ga bisa lanjut/tidak ada tamoila. isi pin,3,0,,2025-10-30 15:19:50+00:00,"Hai Kak Dicky, sebelum transfer, pastikan status upgrade GoPay Plus sudah 'Diterima', nomor penerima valid dan tidak terblokir. Jika masih bermasalah, silakan kunjungi menu Bantuan di aplikasi GoPay atau email ke customerservice@gopay.co.id dan cantumkan kode psr-25-303-1310-51869 pada subjek email. ^Melisa",2025-10-30 20:11:00,,Dataset/dataset\GOPAY_googleplay_OCTOBER_reviews.csv,transfer
2094a93b-13c3-4219-b230-08cadedf5db8,Pengguna Google,https://play-lh.googleusercontent.com/EGemoI2NTXmTsBVtJqk8jxF9rh8ApRWfsIMQSt2uE4OcpQqbFu7f7NbTK05lx80nuSijCz7sc3a277R67g,Gak usah banyakkan promo . Perbaiki kualitas aja . tf pending lama banget. Gak cuma sekali tf pending.,2,0,8.74.0,2025-10-09 10:18:36+00:00,"Halo, Jagoan. Mohon maaf atas kendala yang terjadi ya. Kamu tidak perlu khawatir, kamu bisa menjelaskan detail kendala tersebut melalui email di tanya@jago.com atau call center 1500 746 untuk kami bantu tangani lebih lanjut. Terima kasih :)",2025-10-09 10:41:06,8.74.0,Dataset/dataset\JAGO_googleplay_OCTOBER_reviews.csv,transfer
4b820b5f-a5b2-488b-8ee5-10fe483bc2ef,Pengguna Google,https://play-lh.googleusercontent.com/EGemoI2NTXmTsBVtJqk8jxF9rh8ApRWfsIMQSt2uE4OcpQqbFu7f7NbTK05lx80nuSijCz7sc3a277R67g,kok tidak bisa tf,5,0,1.40.06,2025-10-14 19:28:33+00:00,"Hi Kak. Terima kasih telah menggunakan ShopeePay. Mari cek aplikasi ShopeePay karena banyak fitur yang mempermudah keseharian kakak seperti pembelian pulsa, paket data, pembayaran tagihan listrik dan pembayaran lainnya. Jika kakak memiliki pertanyaan seputar ShopeePay, mohon DM kami di Instagram @ShopeePay_ID ya. Semoga harimu menyenangkan ^RJ",2025-10-15 09:27:54,1.40.06,Dataset/dataset\SHOPEEPAY_googleplay_OCTOBER_reviews.csv,transfer
b43d6d43-f2f4-493e-b4e2-a81735d31060,Pengguna Google,https://play-lh.googleusercontent.com/EGemoI2NTXmTsBVtJqk8jxF9rh8ApRWfsIMQSt2uE4OcpQqbFu7f7NbTK05lx80nuSijCz7sc3a277R67g,topup saldo blm juga terupdate,4,8,1.59.0,2025-10-06 07:35:45+00:00,"Mohon maaf Kak Endar, sebelumnya terjadi gangguan, sehingga saldo tidak terupdate setelah melakukan top up, namun saat ini sudah kembali normal. Jika membutuhkan bantuan lainnya, dapat menghubungi kami di menu Bantuan aplikasi GoPay / email ke customerservice@gopay.co.id. Hati-hati terhadap penipuan yg mengatasnamakan GoPay. Terima kasih.^Maura",2025-08-05 15:40:00,1.59.0,Dataset/dataset\GOPAY_googleplay_OCTOBER_reviews.csv,topup
c034ad73-1994-4a47-916d-2a3660a6c59d,Pengguna Google,https://play-lh.googleusercontent.com/EGemoI2NTXmTsBVtJqk8jxF9rh8ApRWfsIMQSt2uE4OcpQqbFu7f7NbTK05lx80nuSijCz7sc3a277R67g,kok pas login kok gk bsa pin dan pas tf gk bsa pin nya,2,0,1.61.2,2025-10-29 20:39:41+00:00,"Hai Kak Nova, jika lupa PIN, klik 'Lupa PIN' di halaman PIN atau di 'Pengaturan' GoPay > masukkan PIN baru sebanyak 2 kali > masukkan kode OTP dari SMS > PIN berhasil diganti. Jika masih berkendala, silakan laporkan melalui email ke customerservice@gopay.co.id dan cantumkan kode psr-25-302-1531-00204 pada subjek email. ^Melisa",2025-10-29 22:31:09,1.61.2,Dataset/dataset\GOPAY_googleplay_OCTOBER_reviews.csv,login
9bbf93ea-23a5-478c-9531-1e71f5d6d93a,Pengguna Google,https://play-lh.googleusercontent.com/EGemoI2NTXmTsBVtJqk8jxF9rh8ApRWfsIMQSt2uE4OcpQqbFu7f7NbTK05lx80nuSijCz7sc3a277R67g,pin bener tapi ga bisa login,1,0,8.77.1,2025-11-14 14:36:30+00:00,"Halo, Jagoan! Kami mohon maaf sekali ya atas kendala yang kamu alami. Apakah kamu berkenan menginformasikan detail kendala tersebut supaya bisa kami bantu cek lebih lanjut? Mohon untuk menghubungi kami melalui Tanya Jago di 1500 746/+62 21 3000 0746, atau melalui email ke tanya@jago.com. Kami tunggu laporannya ya.",2025-11-14 15:09:28,8.77.1,Dataset/dataset\JAGO_googleplay_NOVEMBER_reviews.csv,login
e47cb031-abc8-412e-95d1-224beae6a914,Pengguna Google,https://play-lh.googleusercontent.com/EGemoI2NTXmTsBVtJqk8jxF9rh8ApRWfsIMQSt2uE4OcpQqbFu7f7NbTK05lx80nuSijCz7sc3a277R67g,"aplikasi ewallet paling gajelas, komplain kendala top up gamasuk ribet anj",1,2,3.144.0,2025-10-21 10:13:28+00:00,,,3.144.0,Dataset/dataset\OVO_googleplay_OCTOBER_reviews.csv,topup
6b9abaf3-8dde-497a-ab2f-9ed98f17bca9,Pengguna Google,https://play-lh.googleusercontent.com/EGemoI2NTXmTsBVtJqk8jxF9rh8ApRWfsIMQSt2uE4OcpQqbFu7f7NbTK05lx80nuSijCz7sc3a277R67g,"adanya shopee pay sangat membantu saat beli memakai Qris, makasih",5,0,,2025-10-03 07:00:00+00:00,"Hi Kak. Terima kasih telah menggunakan ShopeePay. Mari cek aplikasi ShopeePay karena banyak fitur yang mempermudah keseharian kakak seperti pembelian pulsa, paket data, pembayaran tagihan listrik dan pembayaran lainnya. Jika kakak memiliki pertanyaan seputar ShopeePay, mohon DM kami di Instagram @ShopeePay_ID ya. Semoga harimu menyenangkan ^RJ",2025-10-03 09:16:36,,Dataset/dataset\SHOPEEPAY_googleplay_OCTOBER_reviews.csv,qris
d964f1be-ea95-4af6-9141-f6d923e86205,Pengguna Google,https://play-lh.googleusercontent.com/EGemoI2NTXmTsBVtJqk8jxF9rh8ApRWfsIMQSt2uE4OcpQqbFu7f7NbTK05lx80nuSijCz7sc3a277R67g,"aplikasi plin plan udah pernah buat aku mau login,TDK ada button login gimana tol",1,0,,2025-11-26 12:43:00+00:00,"Hi Sahabat @Valir Legend, mohon maaf atas ketidaknyamanannya. Perihal tsb kami sarankan Sahabat melakukan force close kemudian restart device, pastikan jaringan stabil dan tidak menggunakan WiFi. Apabila masih terkendala dapat mengirimkan email ke mandiricare@bankmandiri.co.id atau menghubungi mandiri call 14000. Tks~Carissa",2025-11-26 12:56:24,,Dataset/dataset\LIVIN_googleplay_NOVEMBER_reviews.csv,login
a08fdce8-2336-4daf-b17e-a72cc15201f9,Pengguna Google,https://play-lh.googleusercontent.com/EGemoI2NTXmTsBVtJqk8jxF9rh8ApRWfsIMQSt2uE4OcpQqbFu7f7NbTK05lx80nuSijCz7sc3a277R67g,"trima kasih buat pihak ovo ,awal kendala agak kesulitan buat hubungi pihak cs ovo atas kendala susah login dan pengubahan number yg sudah ga aktif, setelah terhubung syukur cepat dalam tangani masalah, et wktu awal nya d minta 3x24 jam namun tidak menunggu dlm 24jam malah sudah terselesaikan , dan lgsung d hubungi dr pihak ovo, terimakasih buat pelayanan ovo ♥️♥️♥️♥️",5,0,3.150.0,2025-12-28 00:47:47+00:00,,,3.150.0,Dataset/dataset\OVO_googleplay_DECEMBER_reviews.csv,login
b70f8a8c-9a1b-4980-9633-5b33503ede5d,Pengguna Google,https://play-lh.googleusercontent.com/EGemoI2NTXmTsBVtJqk8jxF9rh8ApRWfsIMQSt2uE4OcpQqbFu7f7NbTK05lx80nuSijCz7sc3a277R67g,praktis.. proses TF CPT,5,0,1.64.0,2025-11-23 14:37:02+00:00,,,1.64.0,Dataset/dataset\GOPAY_googleplay_NOVEMBER_reviews.csv,transfer
c480ef1f-1772-4044-8a7a-38ac0d0f0399,Pengguna Google,https://play-lh.googleusercontent.com/EGemoI2NTXmTsBVtJqk8jxF9rh8ApRWfsIMQSt2uE4OcpQqbFu7f7NbTK05lx80nuSijCz7sc3a277R67g,"sebenernya males pake aplikasi ovo klw gk terpaksa karena saya driver grab suka tarik tunai lewat ovo kena admin,gk kaya gopay tf kemana mana gratis mantap",1,0,3.146.0,2025-11-01 21:51:49+00:00,,,3.146.0,Dataset/dataset\OVO_googleplay_NOVEMBER_reviews.csv,transfer
12be4e87-14da-40d2-98fa-479cdac9be71,Pengguna Google,https://play-lh.googleusercontent.com/EGemoI2NTXmTsBVtJqk8jxF9rh8ApRWfsIMQSt2uE4OcpQqbFu7f7NbTK05lx80nuSijCz7sc3a277R67g,kenapa setiap pembayaran pakai qris selalu ada notif ada aktivitas tidak wajar,5,0,1.64.1,2025-11-26 12:01:42+00:00,,,1.64.1,Dataset/dataset\GOPAY_googleplay_NOVEMBER_reviews.csv,qris
c158a657-c92b-4222-a27a-025c23db9236,Pengguna Google,https://play-lh.googleusercontent.com/EGemoI2NTXmTsBVtJqk8jxF9rh8ApRWfsIMQSt2uE4OcpQqbFu7f7NbTK05lx80nuSijCz7sc3a277R67g,kenapa sya ga bsa top up daimen dari imo ke gopay,1,0,1.60.0,2025-10-10 15:51:42+00:00,"Hai Kak Ahmad, kami mohon maaf atas kondisi yang Kakak alami. Terkait hal ini, dapat kami sampaikan bahwa ada pemeliharaan sistem yang mempengaruhi transaksi Kakak & saat ini sudah kembali normal. Berkenan untuk melakukan pengecekan kembali di akun tujuan secara berkala ya Kak. Mohon maaf atas ketidaknyamanannya. Salam hangat. ^Miko",2025-10-10 21:53:08,1.60.0,Dataset/dataset\GOPAY_googleplay_OCTOBER_reviews.csv,topup
faef2fe8-ec7d-4eab-a710-776872931ded,Pengguna Google,https://play-lh.googleusercontent.com/EGemoI2NTXmTsBVtJqk8jxF9rh8ApRWfsIMQSt2uE4OcpQqbFu7f7NbTK05lx80nuSijCz7sc3a277R67g,Mudah untuk Top Up ..,4,0,1.62.0,2025-11-11 16:08:58+00:00,,,1.62.0,Dataset/dataset\GOPAY_googleplay_NOVEMBER_reviews.csv,topup
7e5fea84-2044-4f4a-8aec-b6a8f16b071a,Pengguna Google,https://play-lh.googleusercontent.com/EGemoI2NTXmTsBVtJqk8jxF9rh8ApRWfsIMQSt2uE4OcpQqbFu7f7NbTK05lx80nuSijCz7sc3a277R67g,"tiba tiba keluar sendiri, disuruh login lagi tapi malah ke daftar ulang, udah gitu gak bisa masuk berkali kali akhirnya malah keblokir, pertama kali ngalamin kek gini, lucu aja gitu, apk besar kok gini security nya",1,0,3.112.0,2025-10-06 23:40:49+00:00,,,3.112.0,Dataset/dataset\OVO_googleplay_OCTOBER_reviews.csv,login
f8599fb8-7df1-46e3-966f-f18cb31dd288,Pengguna Google,https://play-lh.googleusercontent.com/EGemoI2NTXmTsBVtJqk8jxF9rh8ApRWfsIMQSt2uE4OcpQqbFu7f7NbTK05lx80nuSijCz7sc3a277R67g,woi apk gajelas gabisa login harus ganti hp masa samsung a04e gasuport,1,0,3.1.0,2025-11-01 02:52:20+00:00,"Halo Sahabat @Ari Sanjaya, mohon maaf atas ketidaknyamannya. untuk perihal kendala pada layanan Livin' by Mandiri, mohon untuk dapat mengirimkan email ke mandiricare@bankmandiri.co.id atau dapat menghubungi layanan mandiri 14000 agar dapat dilakukan pengecekan. Tks~Mandala",2025-11-01 03:10:15,3.1.0,Dataset/dataset\LIVIN_googleplay_NOVEMBER_reviews.csv,login
01c4281a-b0ad-4b69-a972-49ce741cf83d,Pengguna Google,https://play-lh.googleusercontent.com/EGemoI2NTXmTsBVtJqk8jxF9rh8ApRWfsIMQSt2uE4OcpQqbFu7f7NbTK05lx80nuSijCz7sc3a277R67g,SCAN BARCODE VIA QRIS BLU DIGITAL TDK MERESPON SEJAK JUMAT MLM KMRN.MOHON DIPERBAIKI SYSTEM NYA,1,0,2.6.0,2025-11-28 23:50:21+00:00,"Hai, Kak Yohan. Maaf atas ketidaknyamanannya. Terkait kendala tersebut pastikan jaringan internet lancar dan stabil serta tidak menggunakan jaringan WiFi. Jika masih terkendala Kakak dapat kirimkan respons tampilan gambar kendalanya ke DM X @haloblu agar dapat kami bantu lebih lanjut ya.",2025-11-29 00:43:20,2.6.0,Dataset/dataset\BLU_googleplay_NOVEMBER_reviews.csv,qris
9dae2256-2a62-4fa9-a8b2-c23377813655,Pengguna Google,https://play-lh.googleusercontent.com/EGemoI2NTXmTsBVtJqk8jxF9rh8ApRWfsIMQSt2uE4OcpQqbFu7f7NbTK05lx80nuSijCz7sc3a277R67g,"mau login apk gopay, tapi email lupa password, dan hp nya pun sudah hilang , gimana ya min caranya 😭",4,0,1.60.0,2025-10-08 18:23:17+00:00,,,1.60.0,Dataset/dataset\GOPAY_googleplay_OCTOBER_reviews.csv,login
62fa3b35-690e-4f4d-8143-e7834c907d01,Pengguna Google,https://play-lh.googleusercontent.com/EGemoI2NTXmTsBVtJqk8jxF9rh8ApRWfsIMQSt2uE4OcpQqbFu7f7NbTK05lx80nuSijCz7sc3a277R67g,"top up ovo saya gak masuk, padahl udah berhasil dari pengirim nya babi memang ovo ni",1,0,,2025-10-07 07:46:37+00:00,,,,Dataset/dataset\OVO_googleplay_OCTOBER_reviews.csv,topup
caed79a5-4f63-45b3-bcec-d87e482033ae,Pengguna Google,https://play-lh.googleusercontent.com/EGemoI2NTXmTsBVtJqk8jxF9rh8ApRWfsIMQSt2uE4OcpQqbFu7f7NbTK05lx80nuSijCz7sc3a277R67g,ga bisa login ke hp baru beralasan wajah tidak kenali,5,0,1.26.20,2025-10-19 19:38:33+00:00,"Hi Kak. Terima kasih telah menggunakan ShopeePay. Mari cek aplikasi ShopeePay karena banyak fitur yang mempermudah keseharian kakak seperti pembelian pulsa, paket data, pembayaran tagihan listrik dan pembayaran lainnya. Jika kakak memiliki pertanyaan seputar ShopeePay, mohon DM kami di Instagram @ShopeePay_ID ya. Semoga harimu menyenangkan ^RJ",2025-10-20 09:26:21,1.26.20,Dataset/dataset\SHOPEEPAY_googleplay_OCTOBER_reviews.csv,login
a3fc9dd6-ce8e-4b0c-a03e-993d43f3a67f,Pengguna Google,https://play-lh.googleusercontent.com/EGemoI2NTXmTsBVtJqk8jxF9rh8ApRWfsIMQSt2uE4OcpQqbFu7f7NbTK05lx80nuSijCz7sc3a277R67g,sangat membantu untuk pembelian dan transfer via GoPay ataupun Qris,5,0,,2025-11-23 13:14:11+00:00,,,,Dataset/dataset\GOPAY_googleplay_NOVEMBER_reviews.csv,qris
45dacd70-91d4-43c4-ab4a-3b902d176def,Pengguna Google,https://play-lh.googleusercontent.com/EGemoI2NTXmTsBVtJqk8jxF9rh8ApRWfsIMQSt2uE4OcpQqbFu7f7NbTK05lx80nuSijCz7sc3a277R67g,"Topup ovo lewat mbanking, udah di bank nya ada biaya , diapk nya juga dipotong biaya topup, banyak bener, uninstall dah",1,0,,2025-11-26 17:51:54+00:00,,,,Dataset/dataset\OVO_googleplay_NOVEMBER_reviews.csv,topup
efefb559-1e60-4680-879e-50887d4835b7,Pengguna Google,https://play-lh.googleusercontent.com/EGemoI2NTXmTsBVtJqk8jxF9rh8ApRWfsIMQSt2uE4OcpQqbFu7f7NbTK05lx80nuSijCz7sc3a277R67g,bagus buat top up,5,0,1.43.10,2025-11-29 11:52:55+00:00,"Hi Kak. Terima kasih telah menggunakan ShopeePay. Mari cek aplikasi ShopeePay karena banyak fitur yang mempermudah keseharian kakak seperti pembelian pulsa, paket data, pembayaran tagihan listrik dan pembayaran lainnya. Jika kakak memiliki pertanyaan seputar ShopeePay, mohon DM kami di Instagram @ShopeePay_ID ya. Semoga harimu menyenangkan ^RJ",2025-12-01 09:56:36,1.43.10,Dataset/dataset\SHOPEEPAY_googleplay_NOVEMBER_reviews.csv,topup
705a8de6-948f-4168-937a-6ad2a8fe79cc,Pengguna Google,https://play-lh.googleusercontent.com/EGemoI2NTXmTsBVtJqk8jxF9rh8ApRWfsIMQSt2uE4OcpQqbFu7f7NbTK05lx80nuSijCz7sc3a277R67g,"transaksi menggunakan QRIS gagal tapi saldo kepotong, jadi saya harus bayar 2 kali, sudah mengajukan pengembalian dana/sanggah transaksi 3 hari belum ada refound",1,0,8.77.2,2025-11-20 20:52:43+00:00,"Halo, Jagoan! Mohon maaf atas ketidaknyamanan yang Kakak alami. Supaya bisa membantu lebih lanjut, Kakak bisa menginformasikan detail keluhannya melalui email tanya@jago.com ya. Tim terkait kami dengan senang hati akan membantu Kakak menyelesaikan permasalahannya.",2025-11-20 22:32:45,8.77.2,Dataset/dataset\JAGO_googleplay_NOVEMBER_reviews.csv,qris
7b6730e9-aaa6-4524-b31d-0c76947d4ce4,Pengguna Google,https://play-lh.googleusercontent.com/EGemoI2NTXmTsBVtJqk8jxF9rh8ApRWfsIMQSt2uE4OcpQqbFu7f7NbTK05lx80nuSijCz7sc3a277R67g,benerin qris nya,3,0,1.64.1,2025-11-26 18:05:45+00:00,,,1.64.1,Dataset/dataset\GOPAY_googleplay_NOVEMBER_reviews.csv,qris
8c630391-73e9-413c-8307-1e310506716b,Pengguna Google,https://play-lh.googleusercontent.com/EGemoI2NTXmTsBVtJqk8jxF9rh8ApRWfsIMQSt2uE4OcpQqbFu7f7NbTK05lx80nuSijCz7sc3a277R67g,"Ini ovo kenapa sih? Mangkin lama mangkin buruk management nya? Bukannya mangkin lama,mangkin bagus..Ini malah mangkin lama mangkin. buruk. Gagal Mulu verifikasi wajah (Update ke Premium).",1,1,3.144.0,2025-10-02 01:44:36+00:00,,,3.144.0,Dataset/dataset\OVO_googleplay_OCTOBER_reviews.csv,vermuk
21d054f0-f841-4662-806c-ef771693e425,Pengguna Google,https://play-lh.googleusercontent.com/EGemoI2NTXmTsBVtJqk8jxF9rh8ApRWfsIMQSt2uE4OcpQqbFu7f7NbTK05lx80nuSijCz7sc3a277R67g,"Pelayanan buruk. Akun saya terkena bug, saya ga lupa password, saya masukan password tapi tetap salah, udh ganti sandi baru malah gabisa login pake sandi baru. Trs maunya apa?",1,4,8.78.0,2025-12-15 09:35:52+00:00,"Halo, Jagoan! Mohon maaf atas ketidaknyamanan yang Kakak alami. Supaya bisa membantu lebih lanjut, Kakak bisa menginformasikan detail keluhannya melalui email tanya@jago.com ya. Tim terkait kami dengan senang hati akan membantu Kakak menyelesaikan permasalahannya.",2025-12-15 10:02:58,8.78.0,Dataset/dataset\JAGO_googleplay_DECEMBER_reviews.csv,login
278cd8b3-9db2-44b9-92d9-7922e4dc7ee0,Pengguna Google,https://play-lh.googleusercontent.com/EGemoI2NTXmTsBVtJqk8jxF9rh8ApRWfsIMQSt2uE4OcpQqbFu7f7NbTK05lx80nuSijCz7sc3a277R67g,tidak bisa login ke HP ini padahal aplikasi driver bisa vermuk di HP ini,1,0,1.60.0,2025-10-12 15:56:44+00:00,"Hai Kak Syaira, mohon maaf atas kendala yang kamu alami. Sebelum login, pastikan kamu sudah pakai GoPay versi terbaru & tidak ada kendala pada akun kamu, ya. Jika masih tidak bisa login, laporkan ke kami melalui email ke customerservice@gopay.co.id dan mencantumkan kode psr-25-285-0914-59199 pada subjek email. ^Maura",2025-10-12 16:15:07,1.60.0,Dataset/dataset\GOPAY_googleplay_OCTOBER_reviews.csv,login
882f4eea-803d-4f26-b960-437245f1dc26,Pengguna Google,https://play-lh.googleusercontent.com/EGemoI2NTXmTsBVtJqk8jxF9rh8ApRWfsIMQSt2uE4OcpQqbFu7f7NbTK05lx80nuSijCz7sc3a277R67g,katanya gratis saya tf kok tetap ada biaya admin,1,0,1.60.0,2025-10-28 18:57:15+00:00,"Hai Kak @Mbesuel, mohon maaf atas ketidaknyamanannya. Kami informasikan setiap transaksi/penarikan saldo GoPay memiliki biaya admin, hal tersebut sudah menjadi kebijakan dari GoPay ya. Jika kamu memiliki pertanyaan atau kendala lainnya, silakan kunjungi menu Bantuan di aplikasi GoPay kamu atau email ke customerservice@gopay.co.id. ^Melisa",2025-10-28 20:49:08,1.60.0,Dataset/dataset\GOPAY_googleplay_OCTOBER_reviews.csv,transfer
810c11f3-50d6-4c3f-8fb9-1510b2fb3c46,Pengguna Google,https://play-lh.googleusercontent.com/EGemoI2NTXmTsBVtJqk8jxF9rh8ApRWfsIMQSt2uE4OcpQqbFu7f7NbTK05lx80nuSijCz7sc3a277R67g,Sangat mudah digunakan bebas biyaya transfer. sangat sangat sangat membantu 👍👍👍. TOP BANK JAGO,5,0,8.76.0,2025-11-02 10:56:26+00:00,,,8.76.0,Dataset/dataset\JAGO_googleplay_NOVEMBER_reviews.csv,transfer
93013014-ebdb-464a-8aee-e3b0ff41ebaa,Pengguna Google,https://play-lh.googleusercontent.com/EGemoI2NTXmTsBVtJqk8jxF9rh8ApRWfsIMQSt2uE4OcpQqbFu7f7NbTK05lx80nuSijCz7sc3a277R67g,"up date terus, giliran Transfer ga masuk masuk potong sana sini",1,0,3.144.0,2025-10-06 10:41:24+00:00,,,3.144.0,Dataset/dataset\OVO_googleplay_OCTOBER_reviews.csv,transfer
2382f622-1f62-4b40-b44c-ce65a6d7e598,Pengguna Google,https://play-lh.googleusercontent.com/EGemoI2NTXmTsBVtJqk8jxF9rh8ApRWfsIMQSt2uE4OcpQqbFu7f7NbTK05lx80nuSijCz7sc3a277R67g,"tolong kok saya tidak bisa login dgn nomer saya saat masuk dan email yang terdaftar bukan email saya, jadi tidak bisa saya buka karena saya tidak tahu password nya",1,1,3.145.0,2025-10-28 17:13:37+00:00,,,3.145.0,Dataset/dataset\OVO_googleplay_OCTOBER_reviews.csv,login
67658c19-2f9d-4769-8c60-6da4462cb37b,Pengguna Google,https://play-lh.googleusercontent.com/EGemoI2NTXmTsBVtJqk8jxF9rh8ApRWfsIMQSt2uE4OcpQqbFu7f7NbTK05lx80nuSijCz7sc3a277R67g,sekarang QRIS udah gk bisa di pake apa emang ada gangguan aja ya?,5,0,3.1.0,2025-11-05 10:29:41+00:00,"Halo Sahabat @Samsul Mubarok, mohon maaf atas ketidaknyamannya. Perihal kendala pada layanan Livin' by Mandiri, mohon untuk dapat mengirimkan email ke mandiricare@bankmandiri.co.id atau dapat menghubungi layanan mandiri 14000 agar dapat dilakukan pengecekan. Tks~Celvin",2025-11-05 10:32:53,3.1.0,Dataset/dataset\LIVIN_googleplay_NOVEMBER_reviews.csv,qris
7730a91b-a847-4357-a3e0-9fbc53ee271d,Pengguna Google,https://play-lh.googleusercontent.com/EGemoI2NTXmTsBVtJqk8jxF9rh8ApRWfsIMQSt2uE4OcpQqbFu7f7NbTK05lx80nuSijCz7sc3a277R67g,"sebenernya lebih enak sih klo ada Livin ini,gak harus jauh2 ke bank klo mau kirim uang bisa lewat transfer cuma ya agak susahnya setiap bbrp bulan hrs upgrade Livin baru trs,kdang memori hp org gak muat klo hrs upgrade baru lagi harusnya sekali download udah lah ya cukup itu aja gt gak usah upgrade trs2an",5,734,3.2.0,2025-12-12 21:37:53+00:00,"Halo Sahabat @Cantik Rohmatu zhwa, mohon maaf atas ketidaknyamanannya. Terimakasih atas saran dan masukan yang diberikan, perihal tsb akan menjadi masukan bagi kami untuk pengembangan aplikasi kedepannya dan meningkatkan kualitas layanan Livin' by Mandiri. Tks~Raka",2025-12-12 21:44:58,3.2.0,Dataset/dataset\LIVIN_googleplay_DECEMBER_reviews.csv,transfer
46e2aee0-0497-458f-8e88-ce0a6967f2a3,Pengguna Google,https://play-lh.googleusercontent.com/EGemoI2NTXmTsBVtJqk8jxF9rh8ApRWfsIMQSt2uE4OcpQqbFu7f7NbTK05lx80nuSijCz7sc3a277R67g,Tf dikit aja adminnya gede bgt. mending aplikasi sebelah.,1,0,3.144.0,2025-10-16 19:26:56+00:00,,,3.144.0,Dataset/dataset\OVO_googleplay_OCTOBER_reviews.csv,transfer
e1acc9ea-e82a-4de0-897b-fa6ea19f6fbc,Pengguna Google,https://play-lh.googleusercontent.com/EGemoI2NTXmTsBVtJqk8jxF9rh8ApRWfsIMQSt2uE4OcpQqbFu7f7NbTK05lx80nuSijCz7sc3a277R67g,bagus bisa buat transfer atau nabung,5,0,1.62.0,2025-11-16 08:43:27+00:00,,,1.62.0,Dataset/dataset\GOPAY_googleplay_NOVEMBER_reviews.csv,transfer
3b25739b-d02e-403d-b349-d693253cb59b,Pengguna Google,https://play-lh.googleusercontent.com/EGemoI2NTXmTsBVtJqk8jxF9rh8ApRWfsIMQSt2uE4OcpQqbFu7f7NbTK05lx80nuSijCz7sc3a277R67g,"kenapa mau buat rekening malah ga bisa verifikasi muka,udh 1000 kali coba vermuk ttep aja ga bisa knapa ini",1,0,3.1.0,2025-11-17 12:20:41+00:00,"Hi Sahabat @Rido, mohon maaf atas ketidaknyamanannya. Untuk perihal kendala yang dialami, mohon untuk dapat mengirimkan email ke mandiricare@bankmandiri.co.id atau dapat menghubungi layanan mandiri 14000 agar dapat dilakukan pengecekan. Tks~Fatma",2025-11-17 13:28:15,3.1.0,Dataset/dataset\LIVIN_googleplay_NOVEMBER_reviews.csv,vermuk
9de0603b-2a43-4734-9322-dd6002179b9c,Pengguna Google,https://play-lh.googleusercontent.com/EGemoI2NTXmTsBVtJqk8jxF9rh8ApRWfsIMQSt2uE4OcpQqbFu7f7NbTK05lx80nuSijCz7sc3a277R67g,"saya transfer uang dari ovo ke bca pada tanggal 12 desemberr jam 3 pagi sampai hari ini 14 desemberr 2025 saldo belum masuk ,saldo di ovo berkurang namun saldo di rekening bca saya belum masuk ,sudah melakukan pengaduan lewat email tapi pelayanan lama dan sampai sekarang belum ada kejelasan .",1,0,3.149.0,2025-12-14 12:29:17+00:00,,,3.149.0,Dataset/dataset\OVO_googleplay_DECEMBER_reviews.csv,transfer
2763b646-911a-4e0c-8952-d8b50fe9256c,Pengguna Google,https://play-lh.googleusercontent.com/EGemoI2NTXmTsBVtJqk8jxF9rh8ApRWfsIMQSt2uE4OcpQqbFu7f7NbTK05lx80nuSijCz7sc3a277R67g,"aplikasi gk jelas penipu masa top up 100rb bisa hilang, dn dr tabungan simpan jg bisa hilang, di cek dr keuangan nya pun gk ada ... teman² jan terlalu nyaman memakai aplikasi ini, ini aplikasi penipu... aplikasi taik.... 😡😡😡😡😡😡😡",1,0,,2025-11-15 06:50:46+00:00,"Hai Kak Jhon, mohon menunggu terlebih dahulu maksimal 2x24 jam di hari kerja (diluar Sabtu, Minggu, atau Libur) dan cek saldo secara berkala ya. Jika masih berkendala, silakan laporkan melalui menu Bantuan dengan ketik ""Top up ke GoPay Tabungan belum masuk"" pada kolom pencarian. Kami siap membantu. ^Miko",2025-11-15 10:29:07,,Dataset/dataset\GOPAY_googleplay_NOVEMBER_reviews.csv,topup
1f716e34-6af7-4225-9020-ace6d89b671e,Pengguna Google,https://play-lh.googleusercontent.com/EGemoI2NTXmTsBVtJqk8jxF9rh8ApRWfsIMQSt2uE4OcpQqbFu7f7NbTK05lx80nuSijCz7sc3a277R67g,"KACAU GW TF KE BANK BLOM MASUK, MAU BIKIN LAPORAN KAGA BISAA OVO AJGGG",1,0,3.147.0,2025-11-18 07:15:20+00:00,,,3.147.0,Dataset/dataset\OVO_googleplay_NOVEMBER_reviews.csv,transfer
cb1394a9-2f0f-4d40-ab5c-4b6c8244960f,Pengguna Google,https://play-lh.googleusercontent.com/EGemoI2NTXmTsBVtJqk8jxF9rh8ApRWfsIMQSt2uE4OcpQqbFu7f7NbTK05lx80nuSijCz7sc3a277R67g,"transfer berhasil ke akun gopay saya tapi tidak masuk,tolong penjelasannya",3,0,1.64.1,2025-11-24 20:31:21+00:00,"Hai Kak Oktavianus, pastikan nomor tujuan sudah benar, sudah cek halaman Riwayat, dan coba keluar dan masuk kembali ke aplikasi. Jika saldo masih belum masuk, silakan laporkan melalui menu Bantuan > ketik 'Top up GoPay saya belum masuk' > isi formulir dan cantumkan kode psr-25-329-0657-44859 pada bagian 'Ceritakan lebih lanjut'. ^Melisa",2025-11-25 13:57:58,1.64.1,Dataset/dataset\GOPAY_googleplay_NOVEMBER_reviews.csv,transfer
47667821-b7bd-4346-9308-077354c7e732,Pengguna Google,https://play-lh.googleusercontent.com/EGemoI2NTXmTsBVtJqk8jxF9rh8ApRWfsIMQSt2uE4OcpQqbFu7f7NbTK05lx80nuSijCz7sc3a277R67g,gopay makin gak jelas kemarin tgl 24 nov 2025 tf 7jt dari shopeepay ke gopay dan transfer berhasil tetapi saldo sampai sekarang gak masuk masuk juga udah hubungi customer service tetap aja suruh nunggu terus gk ada kepastian.,1,0,,2025-11-26 08:06:57+00:00,"Hai Kak Haka, mohon maaf atas ketidaknyamanannya. Jika kamu masih mengalami kendala, silakan laporkan melalui email ke customerservice@gopay.co.id dengan melampirkan kode psr-25-330-0020-32022 pada subject email dan cantumkan nomor laporan kamu sebelumnya pada email yang kamu kirimkan. Kami tunggu detail laporan kamu ya. ^Maura",2025-11-26 07:20:37,,Dataset/dataset\GOPAY_googleplay_NOVEMBER_reviews.csv,transfer
b07df33a-f846-4c08-a087-cdbe3db1e525,Pengguna Google,https://play-lh.googleusercontent.com/EGemoI2NTXmTsBVtJqk8jxF9rh8ApRWfsIMQSt2uE4OcpQqbFu7f7NbTK05lx80nuSijCz7sc3a277R67g,"tolong kembalikan saldo ovo saya, masa top up tapi saldonya kosong terus",1,0,3.150.0,2025-12-28 16:34:23+00:00,,,3.150.0,Dataset/dataset\OVO_googleplay_DECEMBER_reviews.csv,topup
c1f1e8f1-43e5-4e8d-9703-3499570f1a16,Pengguna Google,https://play-lh.googleusercontent.com/EGemoI2NTXmTsBVtJqk8jxF9rh8ApRWfsIMQSt2uE4OcpQqbFu7f7NbTK05lx80nuSijCz7sc3a277R67g,gopay asu verivikasi wajah gua gak bisa gimana caranya gua mau login ke akun gua tapi gak bisa gimana woe mana ada saldonya lagi,1,2,1.60.0,2025-10-13 09:15:23+00:00,"Mohon maaf atas kendalanya, Kak Junior. Sebelum login, pastikan fitur Face ID/Sidik Jari sudah aktif dan pola atau kata sandi yang dimasukkan sudah benar. Untuk info lebih lanjut, kunjungi halaman bantuan login > klik ikon ""?"" > pilih ""Tidak bisa masuk ke akun GoPay"" > pilih artikel ""Saya tidak bisa masuk dengan Face ID/Sidik Jari"". ^Miko",2025-10-13 10:37:47,1.60.0,Dataset/dataset\GOPAY_googleplay_OCTOBER_reviews.csv,login
050b4aab-3111-439e-8ad0-1bab19fe2b8c,Pengguna Google,https://play-lh.googleusercontent.com/EGemoI2NTXmTsBVtJqk8jxF9rh8ApRWfsIMQSt2uE4OcpQqbFu7f7NbTK05lx80nuSijCz7sc3a277R67g,sangat rekomendasi sekali.. apalagi saya selalu driver gojek ... langsung terhubung dengan aplikasi... mantap.. TF 1 perak pun bisa ke bank ... mantap,5,0,1.61.2,2025-11-04 20:00:36+00:00,,,1.61.2,Dataset/dataset\GOPAY_googleplay_NOVEMBER_reviews.csv,transfer
c342c44d-4b9e-4749-b098-4c1fc0354fe2,Pengguna Google,https://play-lh.googleusercontent.com/EGemoI2NTXmTsBVtJqk8jxF9rh8ApRWfsIMQSt2uE4OcpQqbFu7f7NbTK05lx80nuSijCz7sc3a277R67g,kebiasaan nyangkut mulu kalau transfer sudah ke tiga kalinya terjadi,1,0,,2025-10-28 21:31:44+00:00,,,,Dataset/dataset\OVO_googleplay_OCTOBER_reviews.csv,transfer
dc83c664-b4d0-4ca5-a4a0-1f432d5b0ddf,Pengguna Google,https://play-lh.googleusercontent.com/EGemoI2NTXmTsBVtJqk8jxF9rh8ApRWfsIMQSt2uE4OcpQqbFu7f7NbTK05lx80nuSijCz7sc3a277R67g,ini ovo kenapa sih..ko gak bisa transfer atau pembayaran qris..ini cs nya mana.. gmna cara hubungi cs nya ovo sih !!!!!????????,1,0,,2025-12-27 14:16:57+00:00,,,,Dataset/dataset\OVO_googleplay_DECEMBER_reviews.csv,qris
0e96dabf-16df-42bf-a277-dc3ff420f2af,Pengguna Google,https://play-lh.googleusercontent.com/EGemoI2NTXmTsBVtJqk8jxF9rh8ApRWfsIMQSt2uE4OcpQqbFu7f7NbTK05lx80nuSijCz7sc3a277R67g,aku top up 105k lewat shopeepay disitu tulisannya gratis pas ku tf ga ada juga tulisan admin atau potongan nya jadi ku tf pas 105k tapi pas masuk ke gopay nya cuma 104k aku cek riwayat nya ga ada tercantum kalau di potong 1k dan tanpa pemberitahuan seakan akan aku emang tfnya 104k padahal di spay jelas tertulis aku tf 105k tanpa admin aku benci kali sumpah jd kurang uang nya apa salah nya jujur kalau emng ada admin yg tulis aja jngn di rekayasa gini sama topup dana juga berkurang 1k tp tertulis,1,1,,2025-11-12 00:16:09+00:00,"Hai Kak Ridho, mohon maaf atas ketidaknyamanannya. Kami informasikan setiap transaksi/penarikan saldo GoPay memiliki biaya admin, hal tersebut sudah menjadi kebijakan dari GoPay ya. Jika kamu memiliki pertanyaan atau kendala lainnya, silakan kunjungi menu Bantuan di aplikasi GoPay kamu atau email ke customerservice@gopay.co.id. ^Miko",2025-11-12 10:35:20,,Dataset/dataset\GOPAY_googleplay_NOVEMBER_reviews.csv,topup
0389b31f-8c87-463f-938a-000660367f0f,Pengguna Google,https://play-lh.googleusercontent.com/EGemoI2NTXmTsBVtJqk8jxF9rh8ApRWfsIMQSt2uE4OcpQqbFu7f7NbTK05lx80nuSijCz7sc3a277R67g,nda bisa masuk ke gopay Tampa peripikasih wajah,5,0,1.64.1,2025-11-26 20:00:37+00:00,,,1.64.1,Dataset/dataset\GOPAY_googleplay_NOVEMBER_reviews.csv,vermuk
69235d2b-6f4b-488b-beed-06de3e1fe3b5,Pengguna Google,https://play-lh.googleusercontent.com/EGemoI2NTXmTsBVtJqk8jxF9rh8ApRWfsIMQSt2uE4OcpQqbFu7f7NbTK05lx80nuSijCz7sc3a277R67g,kenapa setiap kali mau top up lewat virtual account.. tpi no virtual account nya gk keluar😒,4,0,1.61.2,2025-10-28 11:47:47+00:00,,,1.61.2,Dataset/dataset\GOPAY_googleplay_OCTOBER_reviews.csv,topup
529b1485-5788-4f95-aa03-d15104019d68,Pengguna Google,https://play-lh.googleusercontent.com/EGemoI2NTXmTsBVtJqk8jxF9rh8ApRWfsIMQSt2uE4OcpQqbFu7f7NbTK05lx80nuSijCz7sc3a277R67g,"aplikasi sialan, aku mau login ke akun yg satunya aja ribetnya minta ampun, mana aku tf ke gopay uang nya ga masuk lagi udah 3 hari lebih ku tunggu mana ada tanggung jawab nyaa, ga usah download temen-temen",1,0,1.60.0,2025-10-21 13:39:03+00:00,"Hai Kak Ratu, mohon maaf atas ketidaknyamanannya. Pastikan nomor tujuan transfer sudah benar dan sudah cek halaman Riwayat. Jika saldo belum juga bertambah, laporkan detailnya melalui email customerservice@gopay.co.id dan cantumkan kode psr-25-294-0752-10901 pada subject email yang kamu kirimkan ya. ^Melisa",2025-10-21 14:52:20,1.60.0,Dataset/dataset\GOPAY_googleplay_OCTOBER_reviews.csv,login
5e1b7088-5e2d-4033-8ef1-72f234b5c281,Pengguna Google,https://play-lh.googleusercontent.com/EGemoI2NTXmTsBVtJqk8jxF9rh8ApRWfsIMQSt2uE4OcpQqbFu7f7NbTK05lx80nuSijCz7sc3a277R67g,"baguss, tapi banyak beberapa transaksi yang tidak bisa transfer atau qris pakai gopay",5,0,1.64.0,2025-11-23 13:52:31+00:00,,,1.64.0,Dataset/dataset\GOPAY_googleplay_NOVEMBER_reviews.csv,qris
7b1e31fc-fcfe-4bdf-8b57-95cda42f12d9,Pengguna Google,https://play-lh.googleusercontent.com/EGemoI2NTXmTsBVtJqk8jxF9rh8ApRWfsIMQSt2uE4OcpQqbFu7f7NbTK05lx80nuSijCz7sc3a277R67g,"setiap top up saldo ilang, setiap dapat pembayaran nontunai langsung ilang, alasan utk pembayaran tagihan gopay, kan bangsaaat! di email ga di balas",1,0,1.58.0,2025-10-22 08:21:43+00:00,"Hai Kak Mikayla, mohon maaf atas ketidaknyamanannya. Terkait hal tersebut, silakan laporkan melalui email ke customerservice@gopay.co.id dengan melampirkan kode psr-25-295-0925-20569 pada subject email dan ceritakan kembali detail permasalahannya agar tim kami bisa bantu cek lebih lanjut ya. ^Melisa",2025-10-22 16:25:28,1.58.0,Dataset/dataset\GOPAY_googleplay_OCTOBER_reviews.csv,topup
367b2da2-830c-4fcd-9b58-962dba8d39d5,Pengguna Google,https://play-lh.googleusercontent.com/EGemoI2NTXmTsBVtJqk8jxF9rh8ApRWfsIMQSt2uE4OcpQqbFu7f7NbTK05lx80nuSijCz7sc3a277R67g,"mau top up atau mau ngirim suka di pending dan itu lama banget, banyak pengalaman jelek di apk ini kapok",1,0,,2025-12-25 22:25:51+00:00,"Hi Kak Abda, Mohon maaf atas ketidaknyamanannya. Saat ini apabila kakak memiliki kendala terkait Top Up atau transafer saldo ShopeePay yang belum diterima, kakak dapat menghubungi kami melalui DM ke IG @ShopeePay_ID, dengan melampirkan bukti kendala untuk bantuan lebih lanjut.  ^CS",2025-12-26 11:15:11,,Dataset/dataset\SHOPEEPAY_googleplay_DECEMBER_reviews.csv,topup
11b1f669-bff9-4e52-9b4c-967e28309462,Pengguna Google,https://play-lh.googleusercontent.com/EGemoI2NTXmTsBVtJqk8jxF9rh8ApRWfsIMQSt2uE4OcpQqbFu7f7NbTK05lx80nuSijCz7sc3a277R67g,"lemot banget laporannya... beli token liatrik lama masuk nomor tokennya, TF lama juga notifikasinya... payah.. uninstal aja",3,1,3.146.0,2025-10-31 16:39:19+00:00,,,3.146.0,Dataset/dataset\OVO_googleplay_OCTOBER_reviews.csv,transfer
1db7b9d8-8b30-42c2-b191-07e022892d14,Pengguna Google,https://play-lh.googleusercontent.com/EGemoI2NTXmTsBVtJqk8jxF9rh8ApRWfsIMQSt2uE4OcpQqbFu7f7NbTK05lx80nuSijCz7sc3a277R67g,"saya mau login lagi ke bank jago tp pasword nya lupa, pas mau ganti pasword baru harus ngirim kode verifikasi ke no hp. sedangkan, nomor hp saya yg lama sudah mati. gimana ini solusi nya?",5,0,8.78.0,2025-12-07 18:21:41+00:00,"Halo, Jagoan. Terima kasih atas penilaian yang sudah kamu berikan. Mohon maaf atas kendala yang kamu alami ya. Saya mengerti situasi sulit ini mengganggu kamu. Mohon kesediaannya mengirimkan email ke tanya@jago.com dengan melampirkan bukti foto/tangkapan layar kendala kamu. Agar dapat segera kami bantu.",2025-12-07 13:12:43,8.78.0,Dataset/dataset\JAGO_googleplay_DECEMBER_reviews.csv,login
23a9c374-1cb7-420b-a343-72b2efe6461a,Pengguna Google,https://play-lh.googleusercontent.com/EGemoI2NTXmTsBVtJqk8jxF9rh8ApRWfsIMQSt2uE4OcpQqbFu7f7NbTK05lx80nuSijCz7sc3a277R67g,Aplikasi apa ini mau top up game aja gak bisa alesan nya USER ID TIDAK DI TEMUKAN gw hapus aja lah,1,0,1.64.0,2025-11-21 17:28:21+00:00,"Hai Kak Syaputra, mohon maaf atas ketidaknyamanannya. Terkait keluhan tersebut, silakan laporkan melalui email ke customerservice@gopay.co.id dengan melampirkan kode psr-25-325-1044-14397 pada subject email. Kami tunggu detail laporan kamu ya. ^Maura",2025-11-21 17:44:19,1.64.0,Dataset/dataset\GOPAY_googleplay_NOVEMBER_reviews.csv,topup
b0580416-4403-46dc-a9af-a1274fad93b4,Pengguna Google,https://play-lh.googleusercontent.com/EGemoI2NTXmTsBVtJqk8jxF9rh8ApRWfsIMQSt2uE4OcpQqbFu7f7NbTK05lx80nuSijCz7sc3a277R67g,"Aplikasi sampah taik, top up 3jt gak masuk ke saldo. Emang Ewallet terbaik cuman dana dan Gopay, gak recomend mending uninstall!!!!",1,0,,2025-10-02 09:36:41+00:00,,,,Dataset/dataset\OVO_googleplay_OCTOBER_reviews.csv,topup
9cc8c006-f88f-40a5-bb15-162d0dfe0720,Pengguna Google,https://play-lh.googleusercontent.com/EGemoI2NTXmTsBVtJqk8jxF9rh8ApRWfsIMQSt2uE4OcpQqbFu7f7NbTK05lx80nuSijCz7sc3a277R67g,"Udah Lama pakai Ovo Barukali Ini jadi nyesel Sumpah Saya transfer Dari seabank ke ovo Di seabank nya berhasil,tapi diovonya nggak ada ,PLISSS JANGAN JADI APLIKASI DANA SUKA NYEDOT saldoOrng",1,0,3.144.0,2025-10-07 02:24:18+00:00,,,3.144.0,Dataset/dataset\OVO_googleplay_OCTOBER_reviews.csv,transfer
12e6c710-81a4-48bf-b5f7-2124788e529c,Pengguna Google,https://play-lh.googleusercontent.com/EGemoI2NTXmTsBVtJqk8jxF9rh8ApRWfsIMQSt2uE4OcpQqbFu7f7NbTK05lx80nuSijCz7sc3a277R67g,kenapa saya tidak bisa login akun diblokir sementara padahal ada saldonya,1,0,,2025-11-05 00:21:48+00:00,,,,Dataset/dataset\OVO_googleplay_NOVEMBER_reviews.csv,login
8dfbf8e6-c0cb-478b-ae1d-3872daae7eb1,Pengguna Google,https://play-lh.googleusercontent.com/EGemoI2NTXmTsBVtJqk8jxF9rh8ApRWfsIMQSt2uE4OcpQqbFu7f7NbTK05lx80nuSijCz7sc3a277R67g,"Saya kasih bintang 5 karena baru bisa cek, tapi kenapa Saat ini belum bisa transfer/ trnsaksi ke semua bank dll.",5,0,3.2.0,2025-12-31 16:11:47+00:00,"Halo Sahabat @siti Nafilah, mohon maaf atas ketidaknyamanannya. Terkait kendala Sahabat mohon untuk dapat mengirimkan email ke mandiricare@bankmandiri.co.id atau dapat menghubungi Mandiri Call 14000 lalu tekan 2 agar dapat dilakukan pengecekan. Tks~Amar",2025-12-31 16:13:53,3.2.0,Dataset/dataset\LIVIN_googleplay_DECEMBER_reviews.csv,transfer
19450c4a-d82b-4939-a09c-792e114e85d4,Pengguna Google,https://play-lh.googleusercontent.com/EGemoI2NTXmTsBVtJqk8jxF9rh8ApRWfsIMQSt2uE4OcpQqbFu7f7NbTK05lx80nuSijCz7sc3a277R67g,"Dgn Livin Mandiri ,sangat membantu kelancaran transksi berupa transfer dll...,semuanya jd mudah. Dgn adanya bantuan aplikasi Livin Mandiri segala urusan transaksi jd lebih mudah dan tdk menyita waktu.",5,0,3.1.0,2025-12-22 16:04:50+00:00,"Halo Sahabat @Tedjaningsih Karnamisastra, terima kasih atas review yang telah diberikan. Semoga terus menikmati kemudahan dan kenyamanan dalam menggunakan Livin' by Mandiri ya. Daftarkan transaksi secepat kilat pada menu Quick Pick untuk diakses pada halaman Login atau Beranda. Yuk coba sekarang. Tks~Irish",2025-12-22 16:14:18,3.1.0,Dataset/dataset\LIVIN_googleplay_DECEMBER_reviews.csv,transfer
c616ea5a-af53-47fb-bfc9-1310166cf4fc,Pengguna Google,https://play-lh.googleusercontent.com/EGemoI2NTXmTsBVtJqk8jxF9rh8ApRWfsIMQSt2uE4OcpQqbFu7f7NbTK05lx80nuSijCz7sc3a277R67g,aplikasi bodong top up 2000000 gak masuk sampai sekarang,1,1,1.60.0,2025-10-14 14:14:41+00:00,"Hai Kak Syauqil, mohon maaf atas ketidaknyamanan yang dialami. Dapat kami sampaikan bahwa saat ini terdapat pemeliharaan sistem sehingga transaksi Kakak terhambat sementara. Silakan Kakak untuk melakukan pengecekan secara berkala. Terima kasih. ^Melisa",2025-05-27 16:52:04,1.60.0,Dataset/dataset\GOPAY_googleplay_OCTOBER_reviews.csv,topup
30e7448f-d636-4712-b27f-d256be7ee863,Pengguna Google,https://play-lh.googleusercontent.com/EGemoI2NTXmTsBVtJqk8jxF9rh8ApRWfsIMQSt2uE4OcpQqbFu7f7NbTK05lx80nuSijCz7sc3a277R67g,"kenapa setiap mau login ada tulisan ""layanan tidak tersedia untuk sementara""",1,0,3.2.0,2025-11-21 05:38:52+00:00,"Hi Sahabat @Erica Bae, mohon maaf atas ketidaknyamannya. untuk perihal kendala pada layanan Livin' by Mandiri, mohon untuk dapat mengirimkan email ke mandiricare@bankmandiri.co.id atau dapat menghubungi layanan mandiri 14000 agar dapat dilakukan pengecekan. Tks~Mandala",2025-11-21 05:46:53,3.2.0,Dataset/dataset\LIVIN_googleplay_NOVEMBER_reviews.csv,login
413bcd5e-5e63-4f59-8fd9-1cf2083d2f0d,Pengguna Google,https://play-lh.googleusercontent.com/EGemoI2NTXmTsBVtJqk8jxF9rh8ApRWfsIMQSt2uE4OcpQqbFu7f7NbTK05lx80nuSijCz7sc3a277R67g,habis di update kok mala gak bisa di buat transaksi qris gini cok,1,0,3.146.0,2025-10-30 21:09:00+00:00,,,3.146.0,Dataset/dataset\OVO_googleplay_OCTOBER_reviews.csv,qris
db6e043e-5b9f-4b7c-b75f-dfcce8be4c8a,Pengguna Google,https://play-lh.googleusercontent.com/EGemoI2NTXmTsBVtJqk8jxF9rh8ApRWfsIMQSt2uE4OcpQqbFu7f7NbTK05lx80nuSijCz7sc3a277R67g,saya transfer gagal Mulu min tolongg lahhh,2,1,3.149.0,2025-12-10 08:32:31+00:00,,,3.149.0,Dataset/dataset\OVO_googleplay_DECEMBER_reviews.csv,transfer
f7c18093-2142-477e-a100-3d9dd52e9814,Pengguna Google,https://play-lh.googleusercontent.com/EGemoI2NTXmTsBVtJqk8jxF9rh8ApRWfsIMQSt2uE4OcpQqbFu7f7NbTK05lx80nuSijCz7sc3a277R67g,isi saldo udah masuk. pas transfer ga bisa karena KTP burem sedikit.. aplikasi ga Bagus,1,0,1.60.0,2025-10-12 12:31:18+00:00,"Hai Kak Gufron, mohon maaf atas ketidaknyamanannya. Terkait hal tersebut, silakan laporkan melalui email ke customerservice@gopay.co.id dengan melampirkan kode psr-25-285-0721-30535 pada subject email dan ceritakan kembali detail permasalahannya agar tim kami bisa bantu cek lebih lanjut ya. ^Melisa",2025-10-12 14:21:37,1.60.0,Dataset/dataset\GOPAY_googleplay_OCTOBER_reviews.csv,transfer
da819c3f-9434-46f3-a3c4-690bb11a0739,Pengguna Google,https://play-lh.googleusercontent.com/EGemoI2NTXmTsBVtJqk8jxF9rh8ApRWfsIMQSt2uE4OcpQqbFu7f7NbTK05lx80nuSijCz7sc3a277R67g,"apa apaan top up wdp ml ga masuk, terus kalo top up ml delay nya lama banget. ga recomend deh",1,0,1.60.0,2025-10-10 15:34:19+00:00,"Hai Kak Roy, kami mohon maaf atas kondisi yang Kakak alami. Terkait hal ini, dapat kami sampaikan bahwa ada pemeliharaan sistem yang mempengaruhi transaksi Kakak & saat ini sudah kembali normal. Berkenan untuk melakukan pengecekan kembali di akun tujuan secara berkala ya Kak. Mohon maaf atas ketidaknyamanannya. Salam hangat. ^Miko",2025-10-10 21:07:00,1.60.0,Dataset/dataset\GOPAY_googleplay_OCTOBER_reviews.csv,topup
364a4338-2751-4bdc-8167-00aedfeaa312,Pengguna Google,https://play-lh.googleusercontent.com/EGemoI2NTXmTsBVtJqk8jxF9rh8ApRWfsIMQSt2uE4OcpQqbFu7f7NbTK05lx80nuSijCz7sc3a277R67g,Saya senang dengan aplikasi GoPay karna utk transfer uang kebank mudah & jelas caranya.Terimakasih,5,0,1.60.0,2025-10-09 13:14:22+00:00,,,1.60.0,Dataset/dataset\GOPAY_googleplay_OCTOBER_reviews.csv,transfer
d4659f6c-8502-49ec-a15f-7f7863c05a0b,Pengguna Google,https://play-lh.googleusercontent.com/EGemoI2NTXmTsBVtJqk8jxF9rh8ApRWfsIMQSt2uE4OcpQqbFu7f7NbTK05lx80nuSijCz7sc3a277R67g,jelek saya mau login ke jago kalah gk bisa tolong di bantun,2,0,8.74.0,2025-10-06 14:41:26+00:00,"Halo, Jagoan! Mohon maaf atas kendala yang kamu alami ya. Saya mengerti situasi sulit ini mengganggu kamu. Mohon kesediaannya mengirimkan email ke tanya@jago.com dengan melampirkan bukti foto/tangkapan layar kendala kamu. Agar dapat segera kami bantu.",2025-10-06 15:15:34,8.74.0,Dataset/dataset\JAGO_googleplay_OCTOBER_reviews.csv,login
442af1bb-2a44-4eac-948f-acbe40dbb438,Pengguna Google,https://play-lh.googleusercontent.com/EGemoI2NTXmTsBVtJqk8jxF9rh8ApRWfsIMQSt2uE4OcpQqbFu7f7NbTK05lx80nuSijCz7sc3a277R67g,awas hati2 nih aplikasi bnyk erornya kmaren trakhir topup di Indomaret 820k GK masuk pdhl dr kwitansi Indomaret sukses komplain ke cs kt mesti nungu 1x48jam pdhl kt toupup krna LG butuh,1,0,,2025-10-01 16:03:44+00:00,"Hai Kak Eka, mohon maat atas ketidaknyamanannya. Jika kamu masih mengalami kendala, silakan laporkan melalui email ke customerservice@gopay.co.id dengan melampirkan kode psr-25-274-1245-21223 pada subject email dan cantumkan nomor laporan kamu sebelumnya pada email yang kamu kirimkan. Kami tunggu detail laporan kamu ya. ^Melisa",2025-10-01 19:45:27,,Dataset/dataset\GOPAY_googleplay_OCTOBER_reviews.csv,topup
9bf37e23-acea-41a4-a517-5cd392b8b99e,Pengguna Google,https://play-lh.googleusercontent.com/EGemoI2NTXmTsBVtJqk8jxF9rh8ApRWfsIMQSt2uE4OcpQqbFu7f7NbTK05lx80nuSijCz7sc3a277R67g,"verifikasi wajah ga jelas, perasaan cahaya udah terang + kepala dalam lingkaran, tetep aja gagal.",1,0,2.7.0,2025-12-26 03:29:29+00:00,"Hai, Kak Anam. Maaf atas ketidaknyamanannya. Kami akan selalu berusaha memberikan yang terbaik demi kebutuhan perbankan Kakak. Terkait hal tersebut pastikan beberapa hal berikut, pastikan Kakak tidak memakai sunglasses, di tempat yang terang, tidak backlight, posisi wajah di dalam lingkaran dan pastikan aplikasi blu versi terupdate ya.",2025-12-26 04:34:31,2.7.0,Dataset/dataset\BLU_googleplay_DECEMBER_reviews.csv,vermuk
e077ce21-2c3f-4141-9450-374b1bd31b6d,Pengguna Google,https://play-lh.googleusercontent.com/EGemoI2NTXmTsBVtJqk8jxF9rh8ApRWfsIMQSt2uE4OcpQqbFu7f7NbTK05lx80nuSijCz7sc3a277R67g,saya tidak bisa login mohon perbaiki lg,2,0,1.61.2,2025-11-03 13:03:55+00:00,"Hai Kak Fauzan, untuk login ke aplikasi GoPay, gunakan nomor HP yang terdaftar di akun Gojek-mu. Jika belum punya akun Gojek, kamu bisa daftar langsung di aplikasi GoPay, ya. Jika masih tidak bisa login, laporkan ke kami melalui email ke customerservice@gopay.co.id dan mencantumkan kode psr-25-307-0809-03815 pada subjek email.^Melisa",2025-11-03 15:09:14,1.61.2,Dataset/dataset\GOPAY_googleplay_NOVEMBER_reviews.csv,login
471ca4cd-3645-479e-b34a-7e6ecf7e606e,Pengguna Google,https://play-lh.googleusercontent.com/EGemoI2NTXmTsBVtJqk8jxF9rh8ApRWfsIMQSt2uE4OcpQqbFu7f7NbTK05lx80nuSijCz7sc3a277R67g,"maaf kasih bintang satu kesel banget tiap mau topup atau buka aplikasi selalu suruh update,tapi ga bisa keterangan ruang tidak cukup. padahal ruang tersedia banyak",1,0,3.1.0,2025-12-17 10:09:44+00:00,"Halo Sahabat @Daru Siwi, mohon maaf atas ketidaknyamanannya. Terkait kendala Sahabat mohon untuk dapat mengirimkan email ke mandiricare@bankmandiri.co.id atau menghubungi Mandiri Call 14000 lalu tekan 2 agar dapat dilakukan pengecekan. Tks~Cira

",2025-12-17 10:18:38,3.1.0,Dataset/dataset\LIVIN_googleplay_DECEMBER_reviews.csv,topup
435a7287-e4a4-4e19-a2f6-a24302d80607,Pengguna Google,https://play-lh.googleusercontent.com/EGemoI2NTXmTsBVtJqk8jxF9rh8ApRWfsIMQSt2uE4OcpQqbFu7f7NbTK05lx80nuSijCz7sc3a277R67g,kenapa gopay saya sudah tidak bisa topup pakai Indomaret???,3,0,1.64.1,2025-11-29 19:55:50+00:00,"Hai Kak Lucky, mohon maaf atas ketidaknyamanannya. Terkait keluhan tersebut, silakan laporkan melalui email ke customerservice@gopay.co.id dengan melampirkan kode psr-25-333-1307-25291 pada subject email. Kami tunggu detail laporan kamu ya. ^Maura",2025-11-29 20:07:31,1.64.1,Dataset/dataset\GOPAY_googleplay_NOVEMBER_reviews.csv,topup
0c5ea6f6-d1b6-41bf-a0a9-899d0fea95a2,Pengguna Google,https://play-lh.googleusercontent.com/EGemoI2NTXmTsBVtJqk8jxF9rh8ApRWfsIMQSt2uE4OcpQqbFu7f7NbTK05lx80nuSijCz7sc3a277R67g,"kenapa sering bermasalah sama QRIS,suka nge lag Mulu jadi susah digunakan",1,0,8.76.0,2025-11-08 14:32:32+00:00,"Halo, Jagoan. Mohon maaf atas kendala yang terjadi ya. Kamu tidak perlu khawatir, kamu bisa menjelaskan detail kendala tersebut melalui email di tanya@jago.com atau call center 1500 746 untuk kami bantu tangani lebih lanjut. Terima kasih :)",2025-11-08 15:05:59,8.76.0,Dataset/dataset\JAGO_googleplay_NOVEMBER_reviews.csv,qris
a82a0a9c-b228-46f5-a7bd-9b0731f58f2e,Pengguna Google,https://play-lh.googleusercontent.com/EGemoI2NTXmTsBVtJqk8jxF9rh8ApRWfsIMQSt2uE4OcpQqbFu7f7NbTK05lx80nuSijCz7sc3a277R67g,Transfer lebih mudah dan lebih cepat,5,0,1.60.0,2025-10-18 09:09:26+00:00,,,1.60.0,Dataset/dataset\GOPAY_googleplay_OCTOBER_reviews.csv,transfer
5d2ded9b-2854-4813-a101-c767f426112b,Pengguna Google,https://play-lh.googleusercontent.com/EGemoI2NTXmTsBVtJqk8jxF9rh8ApRWfsIMQSt2uE4OcpQqbFu7f7NbTK05lx80nuSijCz7sc3a277R67g,pengalaman sya saat top up game katanya saldo bakal balik bagi pengguna pertama gopay tapi saldo gw gabalik saat top up,1,0,,2025-11-08 12:38:47+00:00,"Hai Kak Rafki, mohon maaf atas ketidaknyamanannya. Mengenai promo mengikuti syarat dan ketentuan yang berlaku. Apabila cashback belum masuk, mohon menunggu 1x24 jam terlebih dahulu. Selengkapnya dapat cek pada menu Bantuan di aplikasi GoPay > ketik ""Cashback saya belum masuk"" di kolom pencarian. ^Maura",2025-11-08 13:28:15,,Dataset/dataset\GOPAY_googleplay_NOVEMBER_reviews.csv,topup
994505cf-7ab7-4eb6-87e9-66873620c537,Pengguna Google,https://play-lh.googleusercontent.com/EGemoI2NTXmTsBVtJqk8jxF9rh8ApRWfsIMQSt2uE4OcpQqbFu7f7NbTK05lx80nuSijCz7sc3a277R67g,"terlalu kapitalis,karena top up minimal 20.000, tidak bisa 10.000 kayak shopeepay,Gopay dll",1,0,3.149.0,2025-12-24 07:59:46+00:00,,,3.149.0,Dataset/dataset\OVO_googleplay_DECEMBER_reviews.csv,topup
0cd68b84-c0d3-45ff-acdb-d0a30ad917f8,Pengguna Google,https://play-lh.googleusercontent.com/EGemoI2NTXmTsBVtJqk8jxF9rh8ApRWfsIMQSt2uE4OcpQqbFu7f7NbTK05lx80nuSijCz7sc3a277R67g,"aplikasi bagus,bayar bayar,transfer cepat banyak bonus nya juga",5,0,1.41.06,2025-10-24 16:41:38+00:00,"Hi Kak Titin. Terima kasih untuk review positifnya. Untuk transaksi di ShopeePay aman karena dilengkapi dengan fitur keamanan seperti PIN, kode OTP, sidik jari hingga verifikasi wajah. Jika kakak memiliki pertanyaan atau kendala seputar ShopeePay, mohon DM kami di Instagram @ShopeePay_ID ya. Semoga harimu menyenangkan. ^CS",2025-10-24 17:34:07,1.41.06,Dataset/dataset\SHOPEEPAY_googleplay_OCTOBER_reviews.csv,transfer
77027606-e47a-4828-8541-1996f7be8774,Pengguna Google,https://play-lh.googleusercontent.com/EGemoI2NTXmTsBVtJqk8jxF9rh8ApRWfsIMQSt2uE4OcpQqbFu7f7NbTK05lx80nuSijCz7sc3a277R67g,sangat bagus dan cocok untuk top up atau beli geme,5,0,1.60.0,2025-10-14 04:02:13+00:00,,,1.60.0,Dataset/dataset\GOPAY_googleplay_OCTOBER_reviews.csv,topup
131e8baa-97bf-47b6-a673-16b405077a17,Pengguna Google,https://play-lh.googleusercontent.com/EGemoI2NTXmTsBVtJqk8jxF9rh8ApRWfsIMQSt2uE4OcpQqbFu7f7NbTK05lx80nuSijCz7sc3a277R67g,kenapa kok sekarang aplilasi ini sering gagal login gak seperti dulu,1,0,1.61.2,2025-11-05 12:17:28+00:00,"Hai Kak Agus, untuk login ke aplikasi GoPay, gunakan nomor HP yang terdaftar di akun Gojek-mu. Jika belum punya akun Gojek, kamu bisa daftar langsung di aplikasi GoPay, ya. Jika masih tidak bisa login, laporkan ke kami melalui email ke customerservice@gopay.co.id dan mencantumkan kode psr-25-310-0016-55623 pada subjek email.^Melisa",2025-11-06 07:17:04,1.61.2,Dataset/dataset\GOPAY_googleplay_NOVEMBER_reviews.csv,login
59c0c713-289f-43e5-90a8-8d3c7209f80f,Pengguna Google,https://play-lh.googleusercontent.com/EGemoI2NTXmTsBVtJqk8jxF9rh8ApRWfsIMQSt2uE4OcpQqbFu7f7NbTK05lx80nuSijCz7sc3a277R67g,"kenapa skrg aplikasi ovo buruk banget, jaringan bagus,buka aplikasi lain aman,tp kenapa stiap top up pulsa data GK bisa terus, alasan nya tidak ada jaringan terus,mohon perbaiki fiturnya,agar pengguna puas dn tidak kecewa.",2,15,3.146.0,2025-11-06 21:36:27+00:00,,,3.146.0,Dataset/dataset\OVO_googleplay_NOVEMBER_reviews.csv,topup
79eca3bf-7989-4e8d-8db9-ff9c8ed330a8,Pengguna Google,https://play-lh.googleusercontent.com/EGemoI2NTXmTsBVtJqk8jxF9rh8ApRWfsIMQSt2uE4OcpQqbFu7f7NbTK05lx80nuSijCz7sc3a277R67g,top up yg sangat murah sekali!!👍😎,5,0,1.62.0,2025-11-13 19:48:37+00:00,,,1.62.0,Dataset/dataset\GOPAY_googleplay_NOVEMBER_reviews.csv,topup
eca56dec-0fdd-44e3-9485-cc0ffef1aeee,Pengguna Google,https://play-lh.googleusercontent.com/EGemoI2NTXmTsBVtJqk8jxF9rh8ApRWfsIMQSt2uE4OcpQqbFu7f7NbTK05lx80nuSijCz7sc3a277R67g,selalu kesusahan mau top up e-wallet pdhl nomor sudah benar,2,0,3.2.0,2025-11-24 00:36:02+00:00,"Halo Sahabat @Ainun Nasihin, mohon maaf atas ketidaknyamannya. Perihal kendala pada layanan Livin' by Mandiri, mohon untuk dapat mengirimkan email ke mandiricare@bankmandiri.co.id atau dapat menghubungi layanan mandiri 14000 agar dapat dilakukan pengecekan. Tks~Ervan",2025-11-24 00:56:28,3.2.0,Dataset/dataset\LIVIN_googleplay_NOVEMBER_reviews.csv,topup
da14301f-d11b-46ca-bbf4-f61360e6ba5d,Pengguna Google,https://play-lh.googleusercontent.com/EGemoI2NTXmTsBVtJqk8jxF9rh8ApRWfsIMQSt2uE4OcpQqbFu7f7NbTK05lx80nuSijCz7sc3a277R67g,"sangat bagus dan mudah, mau top up murah juga,the best seller",5,0,1.59.0,2025-10-06 17:08:44+00:00,,,1.59.0,Dataset/dataset\GOPAY_googleplay_OCTOBER_reviews.csv,topup
f10222d6-d3c5-4138-8148-2af71633a006,Pengguna Google,https://play-lh.googleusercontent.com/EGemoI2NTXmTsBVtJqk8jxF9rh8ApRWfsIMQSt2uE4OcpQqbFu7f7NbTK05lx80nuSijCz7sc3a277R67g,"top up e toll mandiri pake gopay,saldo gopay terpotong tapi saldo e toll blm masuk.. mengecewakan",1,0,1.61.2,2025-11-09 17:46:51+00:00,"Hai Kak @Avatar 13, mohon maaf atas ketidaknyamanannya. Pastikan kamu memasukkan nomor kartu dengan benar dan sudah update saldo e-money. Apabila masih berkendala, silakan laporkan detailnya ke email customerservice@gopay.co.id dan mencantumkan kode psr-25-313-1116-23054 pada subjek email yang dikirimkan. ^Miko",2025-11-09 18:16:40,1.61.2,Dataset/dataset\GOPAY_googleplay_NOVEMBER_reviews.csv,topup
43bc80d2-bed4-41f5-aa3b-58b5105db6c7,Pengguna Google,https://play-lh.googleusercontent.com/EGemoI2NTXmTsBVtJqk8jxF9rh8ApRWfsIMQSt2uE4OcpQqbFu7f7NbTK05lx80nuSijCz7sc3a277R67g,"kendala terus, tiap hari Kendala mau bayar pakai qris kendala, mau top up e-money kendala, mau transfer kendala. tolong kalo kendala jangan setiap hari lah",1,0,1.64.0,2025-11-25 06:26:38+00:00,"Hai Kak Shopyan, sebelum transfer, pastikan status upgrade GoPay Plus sudah 'Diterima', nomor penerima valid dan tidak terblokir. Jika masih bermasalah, silakan kunjungi menu Bantuan di aplikasi GoPay atau email ke customerservice@gopay.co.id dan cantumkan kode psr-25-329-1059-39436 pada subjek email. ^Miko",2025-11-25 18:00:00,1.64.0,Dataset/dataset\GOPAY_googleplay_NOVEMBER_reviews.csv,qris
e0187095-94c0-44a8-9594-5e2532787030,Pengguna Google,https://play-lh.googleusercontent.com/EGemoI2NTXmTsBVtJqk8jxF9rh8ApRWfsIMQSt2uE4OcpQqbFu7f7NbTK05lx80nuSijCz7sc3a277R67g,"plis deh kalo semisalnya udah sebulan gak di-update,terus pas mau login tuh bisa kan nunggu nanti dupdate, inimah kekeh anjir kalo udah ada kata""update"" hrus bnget diupdate,buat gue kesel banget kalo lagi buru-buru",1,0,3.1.0,2025-12-18 10:53:52+00:00,"Halo Sahabat @th aisyah, mohon maaf atas ketidaknyamanannya. Terimakasih atas saran dan masukan yang diberikan, perihal tsb akan menjadi masukan bagi kami untuk pengembangan aplikasi kedepannya dan meningkatkan kualitas layanan Livin' by Mandiri. Tks~Kila",2025-12-18 10:56:08,3.1.0,Dataset/dataset\LIVIN_googleplay_DECEMBER_reviews.csv,login
a4288851-a806-4634-b274-45b7110d2d42,Pengguna Google,https://play-lh.googleusercontent.com/EGemoI2NTXmTsBVtJqk8jxF9rh8ApRWfsIMQSt2uE4OcpQqbFu7f7NbTK05lx80nuSijCz7sc3a277R67g,tgl 6 oktober 2025 tiba² akun ovo saya keluar dengan sendirinya . saya coba login lagi sesuai dengan tahapannya pada saat masukan kode security ulang malah dibilang salah dan gagal . mohon responnya untuk permasalahan ini,5,0,,2025-10-06 23:37:06+00:00,,,,Dataset/dataset\OVO_googleplay_OCTOBER_reviews.csv,login
41e845ff-2918-458b-ba8a-8e1c23a7a06d,Pengguna Google,https://play-lh.googleusercontent.com/EGemoI2NTXmTsBVtJqk8jxF9rh8ApRWfsIMQSt2uE4OcpQqbFu7f7NbTK05lx80nuSijCz7sc3a277R67g,parah topup saldo gak masuk mana gde topup nya. gimana ini pertanggung jawaban nya.. balikin uang saya topup sukses tapi saldo gak masuk ke akun..,1,0,3.144.0,2025-10-07 12:37:44+00:00,,,3.144.0,Dataset/dataset\OVO_googleplay_OCTOBER_reviews.csv,topup
7ae700a4-5124-44bb-9950-b6ae39f145ab,Pengguna Google,https://play-lh.googleusercontent.com/EGemoI2NTXmTsBVtJqk8jxF9rh8ApRWfsIMQSt2uE4OcpQqbFu7f7NbTK05lx80nuSijCz7sc3a277R67g,"saya top up gopay saya 2 juta 16 Nov 2025. sampai sekarang belum masuk. saya sdh kkirim email ke gopay, saya sudah datangi kantor BCA..sampai sekrang top up 2 juta ndak jelas posisinya",1,0,1.64.0,2025-11-23 07:32:29+00:00,"Hai Kak Intan, mohon maat atas ketidaknyamanannya. Jika kamu masih mengalami kendala, silakan laporkan melalui email ke customerservice@gopay.co.id dengan melampirkan kode psr-25-327-0234-09662 pada subject email dan cantumkan nomor laporan kamu sebelumnya pada email yang kamu kirimkan. Kami tunggu detail laporan kamu ya. ^Melisa",2025-11-23 09:34:15,1.64.0,Dataset/dataset\GOPAY_googleplay_NOVEMBER_reviews.csv,topup
329c57ff-2ae1-43c4-b2b6-04a03d5f5cb5,Pengguna Google,https://play-lh.googleusercontent.com/EGemoI2NTXmTsBVtJqk8jxF9rh8ApRWfsIMQSt2uE4OcpQqbFu7f7NbTK05lx80nuSijCz7sc3a277R67g,"knp sekarang aplikasinya jadi lemot, terus ke dua kalinya ngalamin tf dari bank lain ke bank jago gak langsung sampe. tolong di perhatikan lagi",2,0,8.76.0,2025-11-06 08:38:26+00:00,"Halo, Jagoan! Mohon maaf apabila terdapat fitur atau layanan Jago yang belum sesuai harapan kamu. Kamu bisa menghubungi Tanya Jago di nomor 1500746 / 021-30000746 atau e-mail ke tanya@jago.com untuk kami bantu cek kendalanya lebih lanjut ya. Agent kami dengan senang hati membantu kamu.",2025-11-06 09:00:18,8.76.0,Dataset/dataset\JAGO_googleplay_NOVEMBER_reviews.csv,transfer
84219921-2eef-4296-97ef-7d1171d4e455,Pengguna Google,https://play-lh.googleusercontent.com/EGemoI2NTXmTsBVtJqk8jxF9rh8ApRWfsIMQSt2uE4OcpQqbFu7f7NbTK05lx80nuSijCz7sc3a277R67g,"apa apaan nih ovo. tiba tiba error harus login ulang, udah masukin code sama pin malah akun di blokir gara gara aktivitas mencurigakan. 06/10/2025 jam 23.50",1,0,3.112.0,2025-10-06 23:55:19+00:00,,,3.112.0,Dataset/dataset\OVO_googleplay_OCTOBER_reviews.csv,login
851991a8-4f85-4e10-81ad-6daaa9bc6ec6,Pengguna Google,https://play-lh.googleusercontent.com/EGemoI2NTXmTsBVtJqk8jxF9rh8ApRWfsIMQSt2uE4OcpQqbFu7f7NbTK05lx80nuSijCz7sc3a277R67g,"ulasanny banyak yg sama ya kayak... 😁. tp jujur ini bagus kok, banyak gratis tf ke ewallet dan bank. baru coba 2 minggu sih sejauh ini belum ada kendala, cocok aku pke buat transaksi jajan tiap hari disini",5,1,1.44.04,2025-12-08 10:07:00+00:00,"Hi Kak Hani. Terima kasih untuk review positifnya. Untuk transaksi di ShopeePay aman karena dilengkapi dengan fitur keamanan seperti PIN, kode OTP, sidik jari hingga verifikasi wajah. Jika kakak memiliki pertanyaan atau kendala seputar ShopeePay, mohon DM kami di Instagram @ShopeePay_ID ya. Semoga harimu menyenangkan. ^CS",2025-12-08 13:47:12,1.44.04,Dataset/dataset\SHOPEEPAY_googleplay_DECEMBER_reviews.csv,transfer
f33cd28e-fa28-4f24-a78c-bd4d845a4b8f,Pengguna Google,https://play-lh.googleusercontent.com/EGemoI2NTXmTsBVtJqk8jxF9rh8ApRWfsIMQSt2uE4OcpQqbFu7f7NbTK05lx80nuSijCz7sc3a277R67g,susah banget di pakainya rewel aplikasinya mau login tidak bisa,1,0,,2025-12-15 05:03:54+00:00,"Hi Sahabat @Bayu Hilga,  mohon maaf atas ketidaknyamanannya. Terkait kendala Sahabat mohon untuk dapat mengirimkan email ke mandiricare@bankmandiri.co.id atau dapat menghubungi mandiri call 14000 agar dapat dilakukan pengecekan. Tks~Mandala",2025-12-15 05:22:12,,Dataset/dataset\LIVIN_googleplay_DECEMBER_reviews.csv,login
38c40446-2afa-413d-8cf0-b9b2c3d71c4f,Pengguna Google,https://play-lh.googleusercontent.com/EGemoI2NTXmTsBVtJqk8jxF9rh8ApRWfsIMQSt2uE4OcpQqbFu7f7NbTK05lx80nuSijCz7sc3a277R67g,mantap pelayanan cepat dan semua top up ada jadi transaksi lebih muda dan sangat membantu 👍,5,0,8.79.0,2025-12-20 16:44:00+00:00,,,8.79.0,Dataset/dataset\JAGO_googleplay_DECEMBER_reviews.csv,topup
cc571a51-9bbb-4dad-80db-4279172507e5,Pengguna Google,https://play-lh.googleusercontent.com/EGemoI2NTXmTsBVtJqk8jxF9rh8ApRWfsIMQSt2uE4OcpQqbFu7f7NbTK05lx80nuSijCz7sc3a277R67g,"transfer ke apk lain sudah tidak gratis lagi, maaf saya tinggalkan",1,0,8.78.0,2025-12-19 09:52:57+00:00,"Halo, Jagoan. Mohon maaf atas kendala yang terjadi ya. Kamu tidak perlu khawatir, kamu bisa menjelaskan detail kendala tersebut melalui email di tanya@jago.com atau call center 1500 746 untuk kami bantu tangani lebih lanjut. Terima kasih :)",2025-12-19 10:00:29,8.78.0,Dataset/dataset\JAGO_googleplay_DECEMBER_reviews.csv,transfer
29aeb664-43e7-408a-a87f-2d02f9e20040,Pengguna Google,https://play-lh.googleusercontent.com/EGemoI2NTXmTsBVtJqk8jxF9rh8ApRWfsIMQSt2uE4OcpQqbFu7f7NbTK05lx80nuSijCz7sc3a277R67g,sekarang mau top up wallet ada biaya admin,3,0,3.1.0,2025-11-06 06:29:20+00:00,"Halo Sahabat @sito 18, mohon maaf atas ketidaknyamanannya. Untuk perihal kendala pada layanan Livin' by Mandiri, mohon untuk dapat mengirimkan email ke mandiricare@bankmandiri.co.id atau dapat menghubungi layanan mandiri 14000 agar dapat dilakukan pengecekan. Tks~Nilam",2025-11-06 06:33:27,3.1.0,Dataset/dataset\LIVIN_googleplay_NOVEMBER_reviews.csv,topup
a2cdf76f-d01b-4756-a8b4-1239a55ba636,Pengguna Google,https://play-lh.googleusercontent.com/EGemoI2NTXmTsBVtJqk8jxF9rh8ApRWfsIMQSt2uE4OcpQqbFu7f7NbTK05lx80nuSijCz7sc3a277R67g,"aplikasi ini sangat membantu dan banyak jg hadiah2 dan diskon utk topup game, sejauh ini okelah",5,0,,2025-10-04 22:43:29+00:00,,,,Dataset/dataset\GOPAY_googleplay_OCTOBER_reviews.csv,topup
0b4724f6-4b01-4353-8817-3107cd47c69e,Pengguna Google,https://play-lh.googleusercontent.com/EGemoI2NTXmTsBVtJqk8jxF9rh8ApRWfsIMQSt2uE4OcpQqbFu7f7NbTK05lx80nuSijCz7sc3a277R67g,"ini kenapa saya mau tf salalu saldo kurang, padahal saldo pas dan sesuai",4,0,8.75.0,2025-10-19 18:30:26+00:00,"Halo, Jagoan. Mohon maaf atas kendala yang terjadi ya. Kamu tidak perlu khawatir, kamu bisa menjelaskan detail kendala tersebut melalui email di tanya@jago.com atau call center 1500 746 untuk kami bantu tangani lebih lanjut. Terima kasih :)",2025-10-19 19:13:48,8.75.0,Dataset/dataset\JAGO_googleplay_OCTOBER_reviews.csv,transfer
af0c85f0-b565-48fb-859a-871b2f30b23e,Pengguna Google,https://play-lh.googleusercontent.com/EGemoI2NTXmTsBVtJqk8jxF9rh8ApRWfsIMQSt2uE4OcpQqbFu7f7NbTK05lx80nuSijCz7sc3a277R67g,"Saya Sangat sangat kecewa kalau sudah begini, walaupun akun saya belum premium tapi saya selalu aktif apabila ingin melakukan transaksi lewat ewallet ovo.tapi pihak dari apk ovo nya jelek banget penanganan nya.lebih dari 20X saya coba berulang2 melakukan transaksi dan macam2 cara tapi tetap saja nihil dan zonk sampai sekarang.ovo sangat jelek.saya transaksi selalu gagal berterus terus semenjak 1 hari full.dari transfer sampai bayar merchant.isi pulsa.paket kuota,Dll.saya topup sudah ada potongan",1,10,3.147.0,2025-11-11 04:22:37+00:00,,,3.147.0,Dataset/dataset\OVO_googleplay_NOVEMBER_reviews.csv,topup
ac858424-dfef-45b2-9c3e-407a5695c83a,Pengguna Google,https://play-lh.googleusercontent.com/EGemoI2NTXmTsBVtJqk8jxF9rh8ApRWfsIMQSt2uE4OcpQqbFu7f7NbTK05lx80nuSijCz7sc3a277R67g,"penggunaan mudah dengan QRIS, tinggal scan",5,0,1.41.06,2025-10-25 08:16:15+00:00,"Hi Kak. Terima kasih telah menggunakan ShopeePay. Mari cek aplikasi ShopeePay karena banyak fitur yang mempermudah keseharian kakak seperti pembelian pulsa, paket data, pembayaran tagihan listrik dan pembayaran lainnya. Jika kakak memiliki pertanyaan seputar ShopeePay, mohon DM kami di Instagram @ShopeePay_ID ya. Semoga harimu menyenangkan ^RJ",2025-10-27 09:58:27,1.41.06,Dataset/dataset\SHOPEEPAY_googleplay_OCTOBER_reviews.csv,qris
c30f6d7f-5fd0-4589-a70e-01e19d144527,Pengguna Google,https://play-lh.googleusercontent.com/EGemoI2NTXmTsBVtJqk8jxF9rh8ApRWfsIMQSt2uE4OcpQqbFu7f7NbTK05lx80nuSijCz7sc3a277R67g,kenapa gbsa login sihhhh cape bgt w sama ovo tiba2 gbsa login dan ga dpt OTP !!! bkin kesel ajaaaaa sumpah !!!!,1,0,3.146.0,2025-11-08 23:03:50+00:00,,,3.146.0,Dataset/dataset\OVO_googleplay_NOVEMBER_reviews.csv,login
576ab21e-082e-404f-93c8-e7be5c25ae87,Pengguna Google,https://play-lh.googleusercontent.com/EGemoI2NTXmTsBVtJqk8jxF9rh8ApRWfsIMQSt2uE4OcpQqbFu7f7NbTK05lx80nuSijCz7sc3a277R67g,sering gagal mengunakan qris padahal sebelum pembaruan dan yg lama apa aja oke mohon di perbaiki,3,0,3.2.0,2025-11-22 01:09:32+00:00,"Halo Sahabat @Fahrur Rozi, mohon maaf atas ketidaknyamanannya. Kami mohon kesediaan Sahabat melakukan force close pada aplikasi terlebih dahulu, pastikan jaringan data yg digunakan stabil (tidak menggunakan jaringan wifi) dan kami persilakan Sahabat utk mencoba kembali secara berkala. Tks~Raka",2025-11-22 01:12:34,3.2.0,Dataset/dataset\LIVIN_googleplay_NOVEMBER_reviews.csv,qris
c8685a98-b8e6-45c9-abdd-b211c1b25f0d,Pengguna Google,https://play-lh.googleusercontent.com/EGemoI2NTXmTsBVtJqk8jxF9rh8ApRWfsIMQSt2uE4OcpQqbFu7f7NbTK05lx80nuSijCz7sc3a277R67g,"kenapa tiap verifikasi wajah gak jalan²,password sandi no atm tgl lahir no.hp pun bener tpi verif nya gak jalan²",2,0,,2025-12-06 21:43:55+00:00,"Halo Sahabat @Devi Babi, mohon maaf atas ketidaknyamannya. Perihal kendala pada layanan Livin' by Mandiri, mohon untuk dapat mengirimkan email ke mandiricare@bankmandiri.co.id atau dapat menghubungi layanan mandiri 14000 agar dapat dilakukan pengecekan. Tks~Kale",2025-12-06 22:36:55,,Dataset/dataset\LIVIN_googleplay_DECEMBER_reviews.csv,vermuk
98e90efa-4d98-418e-a1d0-d81a7219ee8b,Pengguna Google,https://play-lh.googleusercontent.com/EGemoI2NTXmTsBVtJqk8jxF9rh8ApRWfsIMQSt2uE4OcpQqbFu7f7NbTK05lx80nuSijCz7sc3a277R67g,mantap pokoknya. kload bintang 10 saya kasih. transfer gratis kemanapun. top up gratis kemanapun. tarik tunai gratis dimanapun. safety sangat terjamin.,5,0,8.79.0,2025-12-26 05:14:10+00:00,,,8.79.0,Dataset/dataset\JAGO_googleplay_DECEMBER_reviews.csv,topup
ab194a07-0ef1-45de-8c26-1a47cece4a01,Pengguna Google,https://play-lh.googleusercontent.com/EGemoI2NTXmTsBVtJqk8jxF9rh8ApRWfsIMQSt2uE4OcpQqbFu7f7NbTK05lx80nuSijCz7sc3a277R67g,aplikasi nya bagus dan murah buat top up sama isi token👍👍,5,0,1.61.2,2025-11-06 22:06:53+00:00,,,1.61.2,Dataset/dataset\GOPAY_googleplay_NOVEMBER_reviews.csv,topup
3c274936-7893-475d-8d71-c3f065e931b2,Pengguna Google,https://play-lh.googleusercontent.com/EGemoI2NTXmTsBVtJqk8jxF9rh8ApRWfsIMQSt2uE4OcpQqbFu7f7NbTK05lx80nuSijCz7sc3a277R67g,"semenjak tertaut ke superbank jadi jelek, gak bisa di pakai kalo gak verifikasi, apalagi nomor yang di pake kartunya hilang, ribet urusannya login superbank, harus aktivasi kartu lagi sedangkan gerainya jauh-jauh",1,0,,2025-11-25 05:57:22+00:00,,,,Dataset/dataset\OVO_googleplay_NOVEMBER_reviews.csv,login
81030396-2b86-4117-a66f-bde425dff142,Pengguna Google,https://play-lh.googleusercontent.com/EGemoI2NTXmTsBVtJqk8jxF9rh8ApRWfsIMQSt2uE4OcpQqbFu7f7NbTK05lx80nuSijCz7sc3a277R67g,"kenapa Livin gak bisa buat top up ,transfer dan lain nya , padahal saat ini butuh banget",2,0,3.1.0,2025-11-08 18:30:24+00:00,"Hi Sahabat @Rosiin Rosiin, mohon maaf atas ketidaknyamanannya. Untuk perihal keluhan yang dialami, mohon untuk dapat mengirimkan email ke mandiricare@bankmandiri.co.id atau dapat menghubungi layanan mandiri 14000 agar dapat dilakukan pengecekan. Tks~Amar",2025-11-08 18:31:49,3.1.0,Dataset/dataset\LIVIN_googleplay_NOVEMBER_reviews.csv,topup
5e65964e-a2e1-48ad-8a57-35061f2e1919,Pengguna Google,https://play-lh.googleusercontent.com/EGemoI2NTXmTsBVtJqk8jxF9rh8ApRWfsIMQSt2uE4OcpQqbFu7f7NbTK05lx80nuSijCz7sc3a277R67g,"aplikasi ga jelas, masa tf dalam jumlah sedikit aja sampe 2 hari masih dalam proses , sudah bikin laporan 2x tetap ngga ada pengaruh apa apa, lama bgt ngestuck muter muter doang , tolong segera di perbaiki , bahkan saat saya ngerate bintang 1 ini pun uang saya masih belum ter transfer!!! ga pernah se kecewa ini , pake aplikasi lain aja cepet kok di ovo bisa lama bgt sampe 2 hari lebih. tolong diperbaiki.",1,324,3.144.0,2025-10-06 04:00:27+00:00,,,3.144.0,Dataset/dataset\OVO_googleplay_OCTOBER_reviews.csv,transfer
7ab4fb74-a22a-4dea-b0c4-4b4b7241c7ea,Pengguna Google,https://play-lh.googleusercontent.com/EGemoI2NTXmTsBVtJqk8jxF9rh8ApRWfsIMQSt2uE4OcpQqbFu7f7NbTK05lx80nuSijCz7sc3a277R67g,selalu gagal saat verifikasi wajah padahal sudah melakukan dengan benar,1,0,1.60.0,2025-10-20 20:20:51+00:00,"Hai Kak Ade, mohon maaf atas ketidaknyamanannya. Pastikan kamu mengambil foto selfie dengan pencahayaan yang baik dan wajah terlihat jelas. Jika masih berkendala, silakan laporkan detailnya melalui email ke customerservice@gopay.co.id dan cantumkan kode psr-25-293-1347-05858 pada subjek email. ^Maura",2025-10-20 20:47:11,1.60.0,Dataset/dataset\GOPAY_googleplay_OCTOBER_reviews.csv,vermuk
a1db6684-8a5b-4839-9d7f-5266d9ae41a4,Pengguna Google,https://play-lh.googleusercontent.com/EGemoI2NTXmTsBVtJqk8jxF9rh8ApRWfsIMQSt2uE4OcpQqbFu7f7NbTK05lx80nuSijCz7sc3a277R67g,"transfer via bank lain sangat lama bangett,harus nunggu 2 hari lagi. maaf saya kasih bintang 1 dulu.🙏",1,0,,2025-11-03 11:29:45+00:00,,,,Dataset/dataset\OVO_googleplay_NOVEMBER_reviews.csv,transfer
de8dd212-d2fc-43e0-a149-bd77e9a1444a,Pengguna Google,https://play-lh.googleusercontent.com/EGemoI2NTXmTsBVtJqk8jxF9rh8ApRWfsIMQSt2uE4OcpQqbFu7f7NbTK05lx80nuSijCz7sc3a277R67g,Cara login Lagi ke livin gimana kalo hp nya ganti engga tau no kartu nya,5,0,3.2.0,2025-11-15 15:08:30+00:00,"Halo Sahabat @Sopian 1993, mohon maaf atas ketidaknyamanannya. Terkait kendala Sahabat mohon untuk dapat mengirimkan email ke mandiricare@bankmandiri.co.id atau dapat menghubungi mandiri call 14000 agar dapat dilakukan pengecekan. Tks~Momo",2025-11-15 15:15:24,3.2.0,Dataset/dataset\LIVIN_googleplay_NOVEMBER_reviews.csv,login
db370cf0-d5b2-46da-a05e-1cad5909ab7c,Pengguna Google,https://play-lh.googleusercontent.com/EGemoI2NTXmTsBVtJqk8jxF9rh8ApRWfsIMQSt2uE4OcpQqbFu7f7NbTK05lx80nuSijCz7sc3a277R67g,"ITILAH, BENER² NGABISIN DUIT INI MAH TOP UP 100rb BAYAR LEBIH DR 100rb, TAR MASUK KEPOTONG LG, UDAH GITU TF ADA BIAYA ADM EHH PAS MASUK KE YG DI TF MASIH DI POTONG LAGI MAMPUS AJA KALIAN.",1,0,,2025-10-21 19:27:58+00:00,"
Hai Kak Juminten, mohon maaf ya. Kami informasikan untuk transaksi top up saldo GoPay dikenakan biaya admin & untuk nominalnya sesuai metode pembayaran yang dipilih. Info selengkapnya silakan kunjungi menu Bantuan di aplikasi GoPay atau email ke customerservice@gopay.co.id. ^Maura",2025-10-21 19:39:35,,Dataset/dataset\GOPAY_googleplay_OCTOBER_reviews.csv,topup
a27cbfcb-1065-499d-8f59-b74bff5c050e,Pengguna Google,https://play-lh.googleusercontent.com/EGemoI2NTXmTsBVtJqk8jxF9rh8ApRWfsIMQSt2uE4OcpQqbFu7f7NbTK05lx80nuSijCz7sc3a277R67g,"tolong dong dri pihak gojek kalo mau verifikasi ktp jangan di persulit padahal udah verifikasi muk masih aja gagal,jadi susah kan mau transfer ke orang",1,0,1.61.1,2025-10-21 11:08:08+00:00,"Hai Kak Rizki, mohon maaf atas kendala yang dialami. Sebelum kamu mencoba upgrade ke GoPay Plus, pastikan dokumen serta foto selfie yang kamu kirim sudah sesuai dengan ketentuan GoPay. Jika kamu memiliki pertanyaan atau kendala lainnya, silakan kunjungi menu Bantuan di aplikasi GoPay kamu. ^Miko",2025-10-21 12:52:18,1.61.1,Dataset/dataset\GOPAY_googleplay_OCTOBER_reviews.csv,transfer
e8142766-9c18-4975-a9f7-aff0e9f5d988,Pengguna Google,https://play-lh.googleusercontent.com/EGemoI2NTXmTsBVtJqk8jxF9rh8ApRWfsIMQSt2uE4OcpQqbFu7f7NbTK05lx80nuSijCz7sc3a277R67g,knp nda bisa ke pake transaksi pake qris,1,0,1.62.0,2025-11-16 00:08:13+00:00,"Hai Kak Asrul, mohon maaf atas ketidaknyamanannya. Pastikan kamu menggunakan aplikasi GoPay versi terbaru dan posisi kode QR yang dipindai sudah sesuai. Jika masih berkendala, laporkan melalui email customerservice@gopay.co.id dan cantumkan kode psr-25-320-0136-17485 pada subject email yang kamu kirimkan ya. ^Melisa",2025-11-16 08:36:26,1.62.0,Dataset/dataset\GOPAY_googleplay_NOVEMBER_reviews.csv,qris
2988c182-1559-471e-889b-33422c9848f6,Pengguna Google,https://play-lh.googleusercontent.com/EGemoI2NTXmTsBVtJqk8jxF9rh8ApRWfsIMQSt2uE4OcpQqbFu7f7NbTK05lx80nuSijCz7sc3a277R67g,kok ga bisa tf ya ke e walet,3,0,3.2.0,2025-12-24 17:55:20+00:00,"Halo Sahabat @muhamad iqbal, mohon maaf atas ketidaknyamanannya. Terkait kendala Sahabat mohon untuk dapat mengirimkan email ke mandiricare@bankmandiri.co.id atau dapat menghubungi Mandiri Call 14000 lalu tekan 2 agar dapat dilakukan pengecekan. Tks~Amar",2025-12-24 17:57:03,3.2.0,Dataset/dataset\LIVIN_googleplay_DECEMBER_reviews.csv,transfer
4e118ba4-7b25-4598-a49e-c8c7a10fdcb0,Pengguna Google,https://play-lh.googleusercontent.com/EGemoI2NTXmTsBVtJqk8jxF9rh8ApRWfsIMQSt2uE4OcpQqbFu7f7NbTK05lx80nuSijCz7sc3a277R67g,"Akun OVO PREMIER sya sering suka tiba2 logout sndri. Mau masuk LOGIN lagi kenapa susah,. uda masukij nom9r terdaftat, OTP ud slesai,. minta pin buat transaksi. 1x masukan PIN, BENAR,. 2x UNTUK MASUKIN PIN yg sama, malah dipersulit gagal terus smpai akun sya terblokir . 🤬",3,2,3.144.0,2025-10-07 00:21:12+00:00,,,3.144.0,Dataset/dataset\OVO_googleplay_OCTOBER_reviews.csv,login
da7d3f5b-b34b-4965-bd2f-3ba74635e87b,Pengguna Google,https://play-lh.googleusercontent.com/EGemoI2NTXmTsBVtJqk8jxF9rh8ApRWfsIMQSt2uE4OcpQqbFu7f7NbTK05lx80nuSijCz7sc3a277R67g,error.. mau login aja ribet.. Hati-hati pake aplikasi ini..,1,0,3.149.0,2025-12-20 19:42:50+00:00,,,3.149.0,Dataset/dataset\OVO_googleplay_DECEMBER_reviews.csv,login
c803a8ed-d5c5-4443-8382-21dbbcdaf6e8,Pengguna Google,https://play-lh.googleusercontent.com/EGemoI2NTXmTsBVtJqk8jxF9rh8ApRWfsIMQSt2uE4OcpQqbFu7f7NbTK05lx80nuSijCz7sc3a277R67g,"gratis admin uy mantap la. aplikasi terbaik asli, tiap beli pakai qris atau ngga dpt cashback terus mantappp👍👍👍👍",5,1,1.42.03,2025-11-25 11:36:34+00:00,"Hi Kak Ryn. Terima kasih atas review positif yang Kakak bagikan. Kami ikut senang jika Kakak puas dengan aplikasi ShopeePay. Jangan lupa untuk rutin cek aplikasi ShopeePay untuk mendapatkan promo menarik. Jika Kakak mengalami kendala, hubungi kami di DM Instagram @ShopeePay_ID. ^CS",2025-11-18 18:17:34,1.42.03,Dataset/dataset\SHOPEEPAY_googleplay_NOVEMBER_reviews.csv,qris
f16b5775-d1b5-4fbc-9d18-4827388cbcfa,Pengguna Google,https://play-lh.googleusercontent.com/EGemoI2NTXmTsBVtJqk8jxF9rh8ApRWfsIMQSt2uE4OcpQqbFu7f7NbTK05lx80nuSijCz7sc3a277R67g,aplikasinya buat tap QRIS keluar² sendiri aneh,1,0,,2025-10-25 23:45:09+00:00,"Hai Kak Yunita, mohon maaf atas ketidaknyamanannya. Pastikan kamu menggunakan aplikasi GoPay versi terbaru dan posisi kode QR yang dipindai sudah sesuai. Jika masih berkendala, laporkan melalui email customerservice@gopay.co.id dan cantumkan kode psr-25-299-0046-31848 pada subject email yang kamu kirimkan ya. ^Miko",2025-10-26 07:46:45,,Dataset/dataset\GOPAY_googleplay_OCTOBER_reviews.csv,qris
6eecbc42-889a-459a-ba06-3aadfd65eb9e,Pengguna Google,https://play-lh.googleusercontent.com/EGemoI2NTXmTsBVtJqk8jxF9rh8ApRWfsIMQSt2uE4OcpQqbFu7f7NbTK05lx80nuSijCz7sc3a277R67g,"saya kecewa berat, app ini benar2 lebay. sya ganti hp,udh bs login, udah kasih otp baik dari pesan suara atau email, udah valid semua. Giliran sya mau transaksi, mau melakukan pembayaran diminta masukin otp yg dikirim via sms, katanya demi keamanan akun. Udah saya masukin otp dg benar, tapi pembayaran gagal. Disuruh coba metode lain, saya coba isi saldo. proses isi saldo lancar, tapi kenapa pas saya mau bayar dari saldo tetep gak bisa. Udah 3x hub cs hasilnya nihil. Ini bnr2 mmpersulit customer.",1,100,1.44.04,2025-11-30 15:14:52+00:00,"Hi Kak Lily, Mohon maaf atas kendala tidak bisa pembayaran menggunakan ShopeePay. Silakan coba kembali dalam 1x24 jam. Pastikan verifikasi wajah sesuai dengan KTP yang terdaftar di ShopeePay. Jika masih terkendala, silakan DM ke IG @ShopeePay_ID. ^EN",2025-12-01 15:18:34,1.44.04,Dataset/dataset\SHOPEEPAY_googleplay_NOVEMBER_reviews.csv,login
db1a15fe-8791-4d07-8ee7-fbb28b9fa1b5,Pengguna Google,https://play-lh.googleusercontent.com/EGemoI2NTXmTsBVtJqk8jxF9rh8ApRWfsIMQSt2uE4OcpQqbFu7f7NbTK05lx80nuSijCz7sc3a277R67g,"bagus..,bisa untuk transfer bank 🏦 juga....",4,0,1.44.05,2025-12-19 15:22:32+00:00,"Hi Kak Agus . Terima kasih untuk review positifnya. Untuk transaksi di ShopeePay aman karena dilengkapi dengan fitur keamanan seperti PIN, kode OTP, sidik jari hingga verifikasi wajah. Jika kakak memiliki pertanyaan atau kendala seputar ShopeePay, mohon DM kami di Instagram @ShopeePay_ID ya. Semoga harimu menyenangkan. ^CS",2025-12-19 16:09:20,1.44.05,Dataset/dataset\SHOPEEPAY_googleplay_DECEMBER_reviews.csv,transfer
dbc4e5b1-fcee-4f53-be98-d044fefca8de,Pengguna Google,https://play-lh.googleusercontent.com/EGemoI2NTXmTsBVtJqk8jxF9rh8ApRWfsIMQSt2uE4OcpQqbFu7f7NbTK05lx80nuSijCz7sc3a277R67g,"transfer ke bank tidak masuk masuk tapi saldo udah di potong,udah lebih dari 24 jam saya menunggu. cs nya pun gak ngerespon",1,0,3.144.0,2025-10-06 10:48:18+00:00,,,3.144.0,Dataset/dataset\OVO_googleplay_OCTOBER_reviews.csv,transfer
96ea7ef0-cea0-4783-9029-4429faf287aa,Pengguna Google,https://play-lh.googleusercontent.com/EGemoI2NTXmTsBVtJqk8jxF9rh8ApRWfsIMQSt2uE4OcpQqbFu7f7NbTK05lx80nuSijCz7sc3a277R67g,"bagusss, tapi kenapa kalo bayar lewat qris harus prem dulu....",5,0,,2025-10-30 16:43:26+00:00,,,,Dataset/dataset\GOPAY_googleplay_OCTOBER_reviews.csv,qris
13fbb10c-83a1-4533-800b-a0fa2a04a6a8,Pengguna Google,https://play-lh.googleusercontent.com/EGemoI2NTXmTsBVtJqk8jxF9rh8ApRWfsIMQSt2uE4OcpQqbFu7f7NbTK05lx80nuSijCz7sc3a277R67g,"Saya mau transfer saldo lewat shopeepay tapi harus verifikasi KTP, setelah saya verifikasi KTP tidak bisa katanya, karena sudah dipakai nomer lain, tapi saya tidak pernah memakai KTP saya untuk verifikasi sebelumnya, saya sudah lapor sejak lama tapi belum ada perubahan. mohonbantuannya☺️",2,4,1.42.03,2025-11-18 18:08:41+00:00,"Hi Kak Aqila. Mohon maaf atas kendala tidak bisa verifikasi ShopeePay karena KTP terdaftar di akun lain. Terkait kendala tersebut mohon menghubungi kami melalui DM ke Instagram @ShopeePay_ID yang bercentang biru, dengan melampirkan foto/screenshot notifikasi kendala yang dialami untuk bantuan lebih lanjut. ^CS",2025-11-19 11:08:33,1.42.03,Dataset/dataset\SHOPEEPAY_googleplay_NOVEMBER_reviews.csv,transfer
cd81d810-9465-4624-b4c8-55c258aa4ee4,Pengguna Google,https://play-lh.googleusercontent.com/EGemoI2NTXmTsBVtJqk8jxF9rh8ApRWfsIMQSt2uE4OcpQqbFu7f7NbTK05lx80nuSijCz7sc3a277R67g,gajelas setiap transfer sedang di proses masa sampe 2 hari lebih parah banget,1,0,3.144.0,2025-10-05 16:01:36+00:00,,,3.144.0,Dataset/dataset\OVO_googleplay_OCTOBER_reviews.csv,transfer
d8ad7315-0160-4d23-a42d-d8c385fa2445,Pengguna Google,https://play-lh.googleusercontent.com/EGemoI2NTXmTsBVtJqk8jxF9rh8ApRWfsIMQSt2uE4OcpQqbFu7f7NbTK05lx80nuSijCz7sc3a277R67g,"aplikasi busuk ,susah buat login",1,0,3.148.0,2025-12-03 10:33:56+00:00,,,3.148.0,Dataset/dataset\OVO_googleplay_DECEMBER_reviews.csv,login
d74096a5-abd0-439b-bbe1-53cef0bfb2f0,Pengguna Google,https://play-lh.googleusercontent.com/EGemoI2NTXmTsBVtJqk8jxF9rh8ApRWfsIMQSt2uE4OcpQqbFu7f7NbTK05lx80nuSijCz7sc3a277R67g,"APLIKASI GAJELAS CHAT CS CUMA BALASAN BOT , TRANSFER DIPERSULIT",1,0,1.59.0,2025-10-05 07:22:16+00:00,"Hai Kak Donny, mohon maaf atas ketidaknyamanannya. Jika kamu masih mengalami kendala, silakan laporkan melalui email ke customerservice@gopay.co.id dengan melampirkan kode psr-25-278-0048-55568 pada subject email dan cantumkan nomor laporan kamu sebelumnya pada email yang kamu kirimkan. Kami tunggu detail laporan kamu ya. ^Maura",2025-10-05 07:49:01,1.59.0,Dataset/dataset\GOPAY_googleplay_OCTOBER_reviews.csv,transfer
54729bda-68a9-4061-9497-4c6ecd860c91,Pengguna Google,https://play-lh.googleusercontent.com/EGemoI2NTXmTsBVtJqk8jxF9rh8ApRWfsIMQSt2uE4OcpQqbFu7f7NbTK05lx80nuSijCz7sc3a277R67g,iklan Transfer gratis dan top up tapi kenyataannya tetep bayar.....,1,0,1.42.03,2025-12-12 10:59:43+00:00,"Hi Kak lil, Mohon maaf atas kendala biaya admin transfer & Top Up. Saat ini terdapat Gratis admin transfer melalui aplikasi ShopeePay ya. Gratis Top Up dgn min  isi saldo Rp10.000,- sebanyak 20x/bulan melalui bank & 5x melalui minimarket/agent. Untuk bantuan pengecekan, mohon menghubungi kami melalui DM Instagram di @ShopeePay_ID. ^CS

",2025-12-12 14:43:15,1.42.03,Dataset/dataset\SHOPEEPAY_googleplay_DECEMBER_reviews.csv,topup
4efcb98f-d680-424a-ac4f-5bb5dd1cc560,Pengguna Google,https://play-lh.googleusercontent.com/EGemoI2NTXmTsBVtJqk8jxF9rh8ApRWfsIMQSt2uE4OcpQqbFu7f7NbTK05lx80nuSijCz7sc3a277R67g,"aku turunin bintangnya mau transfer gagal terus mau pencet pin ga bisa kebuka,padahal jaringan bagus dr kemarin ga bisa2,malah sekarang susah login parah parah,kl bisamah sekalian ga ada bintang satupun",1,5,1.61.2,2025-10-31 09:49:19+00:00,"Mohon maaf, Kak Iwan. Agar bisa menggunakan GoPay, pastikan saldo cukup, masukkan PIN GoPay yang benar, dan gunakan aplikasi terbaru. Jika masih bermasalah, laporkan melalui menu Bantuan > ketik ""Saya tidak dapat menggunakan GoPay"" > isi formulir dan cantumkan kode psr-25-303-1652-29230 di bagian ceritakan lebih lanjut. ^Melisa",2025-10-30 23:52:38,1.61.2,Dataset/dataset\GOPAY_googleplay_OCTOBER_reviews.csv,login
a551deb0-3278-4d59-811d-53d0ae0d5210,Pengguna Google,https://play-lh.googleusercontent.com/EGemoI2NTXmTsBVtJqk8jxF9rh8ApRWfsIMQSt2uE4OcpQqbFu7f7NbTK05lx80nuSijCz7sc3a277R67g,"tgl 27 saya top up gopay, saldo di rekening sudah terpotong, namun saldo tidak masuk ke gopay sudah 5 hari ini,sudah lapor ke cs namun sampai sekarang tidak ada penjelasan",1,0,1.61.2,2025-11-01 23:49:10+00:00,"Hai Kak Dimas, mohon maat atas ketidaknyamanannya. Jika kamu masih mengalami kendala, silakan laporkan melalui email ke customerservice@gopay.co.id dengan melampirkan kode psr-25-306-0032-45588 pada subject email dan cantumkan nomor laporan kamu sebelumnya pada email yang kamu kirimkan. Kami tunggu detail laporan kamu ya. ^Melisa",2025-11-02 07:33:02,1.61.2,Dataset/dataset\GOPAY_googleplay_NOVEMBER_reviews.csv,topup
0bc9cc0e-5d49-4204-8408-180f2ae410fd,Pengguna Google,https://play-lh.googleusercontent.com/EGemoI2NTXmTsBVtJqk8jxF9rh8ApRWfsIMQSt2uE4OcpQqbFu7f7NbTK05lx80nuSijCz7sc3a277R67g,norak banget sih sekarang kalau mau top up ada iklan asuransi yang menjebak....,3,0,3.2.0,2025-12-31 07:15:03+00:00,"Halo Sahabat @Ahmad baihaqi, mohon maaf atas ketidaknyamanannya. Terkait kendala Sahabat mohon untuk dapat mengirimkan email ke mandiricare@bankmandiri.co.id atau menghubungi Mandiri Call 14000 lalu tekan 2 agar dapat dilakukan pengecekan. Tks~Vika",2025-12-31 07:17:47,3.2.0,Dataset/dataset\LIVIN_googleplay_DECEMBER_reviews.csv,topup
35cf2f4e-b664-4f7b-871f-8fec5ec1fdec,Pengguna Google,https://play-lh.googleusercontent.com/EGemoI2NTXmTsBVtJqk8jxF9rh8ApRWfsIMQSt2uE4OcpQqbFu7f7NbTK05lx80nuSijCz7sc3a277R67g,aplikasi Gopay enak karena bisa top up daji GK keluar lagi,5,0,1.60.0,2025-10-11 20:02:57+00:00,,,1.60.0,Dataset/dataset\GOPAY_googleplay_OCTOBER_reviews.csv,topup
e5a54598-9717-4940-8378-4c320cbbb3bb,Pengguna Google,https://play-lh.googleusercontent.com/EGemoI2NTXmTsBVtJqk8jxF9rh8ApRWfsIMQSt2uE4OcpQqbFu7f7NbTK05lx80nuSijCz7sc3a277R67g,"ribet bener mau transfer, pake aplikasi kedua. toko sebelah cukup satu aplikasi semua kelar 😒",1,0,1.43.10,2025-12-01 17:31:22+00:00,"Hi Kak Adib, Mohon maaf atas ketidaknyamanannya terkait transfer ShopeePay. Untuk transfer ShopeePay bisa melalui aplikasi Shopee dan ShopeePay ya Kak. Apabila saat ini kakak memiliki kendala pada aplikasi ShopeePay, kakak dapat menghubungi kami melalui DM ke IG @ShopeePay_ID yang bercentang biru ya. ^CS",2025-12-02 15:17:19,1.43.10,Dataset/dataset\SHOPEEPAY_googleplay_DECEMBER_reviews.csv,transfer
aa40af16-5362-43d5-bdff-686d8b3b0c2a,Pengguna Google,https://play-lh.googleusercontent.com/EGemoI2NTXmTsBVtJqk8jxF9rh8ApRWfsIMQSt2uE4OcpQqbFu7f7NbTK05lx80nuSijCz7sc3a277R67g,"kenapa saat ingin transfer atau bayar lewat qris selalu ada aktifitas tidak wajar dan tidak terkirim, itu tidak 1bulan sekali malahan per-hari sampai perjam, tolong di perbaiki lagi,saya mau beli barang dan bayar lewat jadi terhalang gara gara masalah tsb",2,29,1.62.0,2025-11-09 11:06:11+00:00,"Hai Kak Rasyid, mohon maaf atas ketidaknyamanannya. Pastikan kamu menggunakan aplikasi GoPay versi terbaru dan posisi kode QR yang dipindai sudah sesuai. Jika masih berkendala, laporkan melalui email customerservice@gopay.co.id dan cantumkan kode psr-25-313-0900-08373 pada subject email yang kamu kirimkan ya. ^Miko",2025-11-09 16:00:23,1.62.0,Dataset/dataset\GOPAY_googleplay_NOVEMBER_reviews.csv,qris
b510865e-79a6-48a5-a833-961c6284131d,Pengguna Google,https://play-lh.googleusercontent.com/EGemoI2NTXmTsBVtJqk8jxF9rh8ApRWfsIMQSt2uE4OcpQqbFu7f7NbTK05lx80nuSijCz7sc3a277R67g,semakin parah login,1,0,,2025-11-25 14:22:05+00:00,"Hi Sahabat @CTunder Ex, mohon maaf atas ketidaknyamanannya. Perihal tsb kami sarankan Sahabat melakukan force close kemudian restart device, pastikan jaringan stabil dan tidak menggunakan WiFi. Apabila masih terkendala dapat mengirimkan email ke mandiricare@bankmandiri.co.id atau menghubungi mandiri call 14000. Tks~Celvin",2025-11-25 14:24:18,,Dataset/dataset\LIVIN_googleplay_NOVEMBER_reviews.csv,login
84f9f4b9-324a-4876-8929-b3e4686e4597,Pengguna Google,https://play-lh.googleusercontent.com/EGemoI2NTXmTsBVtJqk8jxF9rh8ApRWfsIMQSt2uE4OcpQqbFu7f7NbTK05lx80nuSijCz7sc3a277R67g,"parah TF ke bank aja 2 hari baru terkirim, padal 1 negara, 1 mata uang",1,0,,2025-11-06 17:23:27+00:00,"Hi Kak Rayya. Mohon maaf atas kendala transfer ShopeePay ke bank yang belum diterima. Terkait kendala tersebut mohon menghubungi kami melalui DM ke Instagram @ShopeePay_ID yang bercentang biru, dengan melampirkan bukti transfer yang terkendala untuk bantuan lebih lanjut. Semoga kendala kakak segera terselesaikan ya. ^CS",2025-11-06 18:06:51,,Dataset/dataset\SHOPEEPAY_googleplay_NOVEMBER_reviews.csv,transfer
7aa58e96-fff9-43a6-b17a-ba6041881213,Pengguna Google,https://play-lh.googleusercontent.com/EGemoI2NTXmTsBVtJqk8jxF9rh8ApRWfsIMQSt2uE4OcpQqbFu7f7NbTK05lx80nuSijCz7sc3a277R67g,Abis top up sldo mlah hilang... pakaai team bantuan gx di respon... kecew dgn gopay.. tidak bisa di andalkan team gopay,2,0,1.64.1,2025-11-26 05:10:02+00:00,"Hai Kak @torek De, mohon maaf atas ketidaknyamanannya. Jika kamu masih mengalami kendala, silakan laporkan melalui email ke customerservice@gopay.co.id dengan melampirkan kode psr-25-330-0014-32422 pada subject email dan cantumkan nomor laporan kamu sebelumnya pada email yang kamu kirimkan. Kami tunggu detail laporan kamu ya. ^Maura",2025-11-26 07:14:38,1.64.1,Dataset/dataset\GOPAY_googleplay_NOVEMBER_reviews.csv,topup
f536bf12-a0a7-4238-94f3-4b8cb02e6836,Pengguna Google,https://play-lh.googleusercontent.com/EGemoI2NTXmTsBVtJqk8jxF9rh8ApRWfsIMQSt2uE4OcpQqbFu7f7NbTK05lx80nuSijCz7sc3a277R67g,"bisa top up robux nih, menang 50rb free juga",5,0,1.45.09,2025-12-29 01:50:06+00:00,"Hi Kak. Terima kasih telah menggunakan ShopeePay. Mari cek aplikasi ShopeePay karena banyak fitur yang mempermudah keseharian kakak seperti pembelian pulsa, paket data, pembayaran tagihan listrik dan pembayaran lainnya. Jika kakak memiliki pertanyaan seputar ShopeePay, mohon DM kami di Instagram @ShopeePay_ID ya. Semoga harimu menyenangkan ^RJ",2025-12-29 10:09:28,1.45.09,Dataset/dataset\SHOPEEPAY_googleplay_DECEMBER_reviews.csv,topup
b06668f8-9a11-468e-bfb1-ad38955209c5,Pengguna Google,https://play-lh.googleusercontent.com/EGemoI2NTXmTsBVtJqk8jxF9rh8ApRWfsIMQSt2uE4OcpQqbFu7f7NbTK05lx80nuSijCz7sc3a277R67g,kenapa terkadang kalau mau TF qris pasti pembayaran tidak berhasil terus,3,0,3.1.0,2025-11-07 01:19:06+00:00,"Hi Sahabat @Yz Rzk, mohon maaf atas ketidaknyamanannya. Mohon berkenan untuk mencoba kembali secara berkala dan menunggu 10-15 menit kedepan dikhawatirkan sedang proses pemeliharaan akhir hari rutin ya. Tks~Mandala",2025-11-07 01:22:38,3.1.0,Dataset/dataset\LIVIN_googleplay_NOVEMBER_reviews.csv,qris
ae08abf9-2549-48fb-b640-f763b6bc645b,Pengguna Google,https://play-lh.googleusercontent.com/EGemoI2NTXmTsBVtJqk8jxF9rh8ApRWfsIMQSt2uE4OcpQqbFu7f7NbTK05lx80nuSijCz7sc3a277R67g,bisa gak min setiap buka apk jangan download mulu ini mau transfer pulsa aja lama amat,1,1,1.40.06,2025-10-17 19:38:05+00:00,"Hi Kak Alip. Mohon maaf atas kendala yang Kakak alami. Kami sarankan untuk melakukan clear cache dengan cara masuk ke Pengaturan>Aplikasi>ShopeePay>Penyimpanan>Hapus cache. Pastikan internet Kakak dalam keadaan stabil dan ketersediaan RAM dan Memori yang cukup. Jika kedepannya masih berkendala, silakan hubungi kami di DM Instagram @ShopeePay_ID ^CS",2025-10-20 14:06:26,1.40.06,Dataset/dataset\SHOPEEPAY_googleplay_OCTOBER_reviews.csv,transfer
64c0ffa7-421c-43dd-bfec-fa7e618207b4,Pengguna Google,https://play-lh.googleusercontent.com/EGemoI2NTXmTsBVtJqk8jxF9rh8ApRWfsIMQSt2uE4OcpQqbFu7f7NbTK05lx80nuSijCz7sc3a277R67g,"sebetulnya saya suka bank jago, cuman kenapa setiap buka aplikasi harus log in perasaan pas awal2 saya pakai cuman pakai pin saja. setelah login pun halaman nya tetep gabisa dipakai",1,2,8.73.0,2025-10-27 08:40:14+00:00,"Halo, Jagoan. Terima kasih atas penilaian yang sudah kamu berikan. Masukanmu menjadi input baik untuk Jago dalam memberikan layanan yang lebih baik lagi ke depannya. Jika ada yang ingin ditanyakan, kamu bisa mengirimkan email ke tanya@jago.com atau call center di 1500 746. Terima kasih :)",2025-10-27 09:02:28,8.73.0,Dataset/dataset\JAGO_googleplay_OCTOBER_reviews.csv,login
87edd28c-5a24-4a59-8d01-3ec9682dd898,Pengguna Google,https://play-lh.googleusercontent.com/EGemoI2NTXmTsBVtJqk8jxF9rh8ApRWfsIMQSt2uE4OcpQqbFu7f7NbTK05lx80nuSijCz7sc3a277R67g,"Livin ini super apps, banyak fiturnya yang keren keren tapi jadi berat, seharusnya yang gak perlu itu di hapuskan aja, kayak pantauan saham itu menguras data banget karena harus update tiap saat, orang buka aplikasi Bank itu buat Transfer, Top Up, Bayar udah itu, kayak game lah ini lah itu lah itu gak perlu sumpah GAK PERLU, makin kalian tambahin ini aplikasi fiturnya makin berat, dulu aku pakai livin terus tapi makin ke sini makin berat banget dan makin banyak fitur gak perlu makin banyak",1,9,3.2.0,2025-12-13 23:21:50+00:00,"Halo Sahabat @ Aditia Yoga , mohon maaf atas ketidaknyamanannya. Terimakasih atas saran dan masukan yang diberikan, perihal tsb akan menjadi masukan bagi kami untuk pengembangan aplikasi kedepannya dan meningkatkan kualitas layanan Livin' by Mandiri. Tks~Charles",2025-12-13 23:24:59,3.2.0,Dataset/dataset\LIVIN_googleplay_DECEMBER_reviews.csv,topup
e27556d6-6668-4e82-ab13-dfa98ad64874,Pengguna Google,https://play-lh.googleusercontent.com/EGemoI2NTXmTsBVtJqk8jxF9rh8ApRWfsIMQSt2uE4OcpQqbFu7f7NbTK05lx80nuSijCz7sc3a277R67g,top up ga masuk masuk padahal sudah terkirim,1,0,3.144.0,2025-10-07 21:04:07+00:00,,,3.144.0,Dataset/dataset\OVO_googleplay_OCTOBER_reviews.csv,topup
14449943-f051-406c-92ea-343faccaa641,Pengguna Google,https://play-lh.googleusercontent.com/EGemoI2NTXmTsBVtJqk8jxF9rh8ApRWfsIMQSt2uE4OcpQqbFu7f7NbTK05lx80nuSijCz7sc3a277R67g,top up nya lama saldo saya belum juga masuk udh 1 hari,1,0,,2025-10-09 19:24:58+00:00,,,,Dataset/dataset\OVO_googleplay_OCTOBER_reviews.csv,topup
b29e1762-7a52-479b-b38e-66e7907d48f7,Pengguna Google,https://play-lh.googleusercontent.com/EGemoI2NTXmTsBVtJqk8jxF9rh8ApRWfsIMQSt2uE4OcpQqbFu7f7NbTK05lx80nuSijCz7sc3a277R67g,Mantabb.. apk Gopay sangat mudah dan membantu dlm segala macam transaksi pembayaran. bnyk promo nya dan pot discount. Gratis biaya admin utk transfer ke semua bank.,5,0,1.60.0,2025-10-15 17:14:12+00:00,,,1.60.0,Dataset/dataset\GOPAY_googleplay_OCTOBER_reviews.csv,transfer
084a6dd1-f6cd-4c49-97f4-be192e68216a,Pengguna Google,https://play-lh.googleusercontent.com/EGemoI2NTXmTsBVtJqk8jxF9rh8ApRWfsIMQSt2uE4OcpQqbFu7f7NbTK05lx80nuSijCz7sc3a277R67g,gagal terus saat mau transfer ke akun briva,1,0,,2025-10-04 08:44:47+00:00,,,,Dataset/dataset\OVO_googleplay_OCTOBER_reviews.csv,transfer
299bf425-aa54-44ad-8fcb-4dfc39cd6cc4,Pengguna Google,https://play-lh.googleusercontent.com/EGemoI2NTXmTsBVtJqk8jxF9rh8ApRWfsIMQSt2uE4OcpQqbFu7f7NbTK05lx80nuSijCz7sc3a277R67g,ok mantap tf 1000 rupiah pun bisa,5,0,,2025-10-28 08:13:38+00:00,,,,Dataset/dataset\GOPAY_googleplay_OCTOBER_reviews.csv,transfer
b8daaeea-c7d7-47cb-929f-8855e6b392e2,Pengguna Google,https://play-lh.googleusercontent.com/EGemoI2NTXmTsBVtJqk8jxF9rh8ApRWfsIMQSt2uE4OcpQqbFu7f7NbTK05lx80nuSijCz7sc3a277R67g,stiap transfer ke e walet lain selalu gagal ... kalah jauh sama sebelah ribet apk ribet,2,0,,2025-10-20 13:59:18+00:00,,,,Dataset/dataset\OVO_googleplay_OCTOBER_reviews.csv,transfer
bcd4682b-0a6a-46bc-9c28-9e9d32f9877e,Pengguna Google,https://play-lh.googleusercontent.com/EGemoI2NTXmTsBVtJqk8jxF9rh8ApRWfsIMQSt2uE4OcpQqbFu7f7NbTK05lx80nuSijCz7sc3a277R67g,utk aplikasi ini ok sih tapi sayangnya program barunya yg disebutkan bahwa jika sudah upgrade ovo maka biaya transfer ke bank gratis tapi nyatanya tetep saja dikenakan biaya transfer jadi tolong jika ada program harus konkrit dan terbukti jangan asal sebut bilang free biaya admin tapi nyatanya,2,0,,2025-12-07 17:22:37+00:00,,,,Dataset/dataset\OVO_googleplay_DECEMBER_reviews.csv,transfer
b611f063-d2d6-4e62-a5e9-52d53d29d9a5,Pengguna Google,https://play-lh.googleusercontent.com/EGemoI2NTXmTsBVtJqk8jxF9rh8ApRWfsIMQSt2uE4OcpQqbFu7f7NbTK05lx80nuSijCz7sc3a277R67g,"Min mhon bntu akun ovo aku, kok gagal memproses, gk bisa transfer, tolong bantuanya Min🙏🙏",3,0,3.145.0,2025-10-25 11:28:55+00:00,,,3.145.0,Dataset/dataset\OVO_googleplay_OCTOBER_reviews.csv,transfer
c27401bf-c1d9-45f9-bac4-2cf588040282,Pengguna Google,https://play-lh.googleusercontent.com/EGemoI2NTXmTsBVtJqk8jxF9rh8ApRWfsIMQSt2uE4OcpQqbFu7f7NbTK05lx80nuSijCz7sc3a277R67g,kecewa berat top up 30jt malah akun gk bisa login trim kasih,1,1,,2025-11-13 20:45:23+00:00,"Hai Kak Ucok, mohon maaf atas kendala yang kamu alami. Sebelum login, pastikan kamu sudah pakai GoPay versi terbaru & tidak ada kendala pada akun kamu, ya. Jika masih tidak bisa login, laporkan ke kami melalui email ke customerservice@gopay.co.id dan mencantumkan kode psr-25-317-1458-54559 pada subjek email. ^Maura",2025-11-13 21:59:01,,Dataset/dataset\GOPAY_googleplay_NOVEMBER_reviews.csv,login
ec203fd5-5d11-4dbc-b644-8942db007da3,Pengguna Google,https://play-lh.googleusercontent.com/EGemoI2NTXmTsBVtJqk8jxF9rh8ApRWfsIMQSt2uE4OcpQqbFu7f7NbTK05lx80nuSijCz7sc3a277R67g,"kesell banget,tadi aku tf saldo dari akun lama ke akun baru,bisa masuk tapi gak bisa dibuat transaksi apapun karna ktpku sudah dipakai diakun lama,seharusnya klo gak bisa dibuat transaksi ya saldonya dibikin gak bisa masuk juga dong,kan sayang banget saldonya ngendep disitu gak bisa dipakai!! tadi mau jajan jadi zonk gak bisa beli apa² karna gak bisa buat transaksi,udah dm di ig nya tapi belum ada solusi yg aku pingin,aku gak mau ktpku di pindah sebab ada affiliatte nya yg aku mau dananya balik!",1,15,1.40.06,2025-10-03 15:01:39+00:00,"Hi Kak Izzah. Mohon maaf atas kendala tidak bisa transaksi karena KTP terhubung pada akun lama. Untuk bantuan lebih lanjut, mohon menghubungi kami melalui DM ke Instagram @ShopeePay_ID dengan melampirkan foto KTP dan tangkapan layar notifikasi kendala yang dialami. ^EN",2025-10-03 13:41:39,1.40.06,Dataset/dataset\SHOPEEPAY_googleplay_OCTOBER_reviews.csv,transfer
c0281740-bbce-42f4-9dbb-57ef704b2837,Pengguna Google,https://play-lh.googleusercontent.com/EGemoI2NTXmTsBVtJqk8jxF9rh8ApRWfsIMQSt2uE4OcpQqbFu7f7NbTK05lx80nuSijCz7sc3a277R67g,"tidak ada perbaikan... dan potongan mahal tidak seperti ewalet sebelah,, free transfer,, kebanyakan bug kebanyakan gagal tf..",1,0,,2025-12-16 10:20:37+00:00,,,,Dataset/dataset\OVO_googleplay_DECEMBER_reviews.csv,transfer
9dfab7ec-2a50-4ef9-beb3-123d7167cbbb,Pengguna Google,https://play-lh.googleusercontent.com/EGemoI2NTXmTsBVtJqk8jxF9rh8ApRWfsIMQSt2uE4OcpQqbFu7f7NbTK05lx80nuSijCz7sc3a277R67g,"lodingny cepat,gratis tf ke bank bnyak banget..nyesel ga download dr dulu",5,0,1.62.0,2025-11-16 02:24:31+00:00,,,1.62.0,Dataset/dataset\GOPAY_googleplay_NOVEMBER_reviews.csv,transfer
ebd325c6-6715-48f0-9fae-734898ab9d86,Pengguna Google,https://play-lh.googleusercontent.com/EGemoI2NTXmTsBVtJqk8jxF9rh8ApRWfsIMQSt2uE4OcpQqbFu7f7NbTK05lx80nuSijCz7sc3a277R67g,top up aja dipotong 1k qplikasi apa ini terlalu miskin apa gimana,1,0,3.144.0,2025-10-05 15:27:31+00:00,,,3.144.0,Dataset/dataset\OVO_googleplay_OCTOBER_reviews.csv,topup
7f7b97c0-29d2-49ef-aa3e-510c681dbb89,Pengguna Google,https://play-lh.googleusercontent.com/EGemoI2NTXmTsBVtJqk8jxF9rh8ApRWfsIMQSt2uE4OcpQqbFu7f7NbTK05lx80nuSijCz7sc3a277R67g,aplikasi ter aneh mendingan yg sebelah dsni tf dri virtual bank ke gopay malah ga dikasih nomor va aneh,1,0,,2025-10-26 21:14:05+00:00,"Hai Kak Dika, pastikan jumlah top up tidak melebihi batas limit transaksi bulanan dan jaringan internet stabil. Jika masih bermasalah, laporkan melalui menu Bantuan > ketik ""Mengapa saya tidak bisa top up GoPay?"" > isi formulir dan cantumkan kode psr-25-299-1440-55647 di bagian 'Ceritakan lebih lanjut'. ^Melisa",2025-10-26 21:41:05,,Dataset/dataset\GOPAY_googleplay_OCTOBER_reviews.csv,transfer
c2531c15-f241-4270-83fe-04bbaedb2ec7,Pengguna Google,https://play-lh.googleusercontent.com/EGemoI2NTXmTsBVtJqk8jxF9rh8ApRWfsIMQSt2uE4OcpQqbFu7f7NbTK05lx80nuSijCz7sc3a277R67g,login nya lama bet busetttt apalagi kalau di kasir.,1,1,,2025-12-23 17:38:59+00:00,"Halo Sahabat @Citra Ayu Lestari, mohon maaf atas ketidaknyamanannya. Terkait kendala Sahabat mohon untuk dapat mengirimkan email ke mandiricare@bankmandiri.co.id atau dapat menghubungi Mandiri Call 14000 lalu tekan 2 agar dapat dilakukan pengecekan. Tks~Amar",2025-12-23 17:42:39,,Dataset/dataset\LIVIN_googleplay_DECEMBER_reviews.csv,login
867dfce0-2e40-4e45-963a-3af09eb13f2a,Pengguna Google,https://play-lh.googleusercontent.com/EGemoI2NTXmTsBVtJqk8jxF9rh8ApRWfsIMQSt2uE4OcpQqbFu7f7NbTK05lx80nuSijCz7sc3a277R67g,"aplikasi apaan ada kendala tidak bisa teratasi udah 4 hari ga beres"" apk gimana ini gua udah top up ke alfa malah uangnya ga bisa di pakek, komplain hari pertama pertama suruh nunggu 1x24 jam hari ke 2 suruh nunggu 1x24 jam sampek seterus yg bilang aja kalau ga bisa gausah bertele² suruh verifikasi KTP udah di verifikasi tetep aja. orng mau benerin malah di lempar² ke admin lain terus suruh nunggu lama lagi",1,6,1.40.06,2025-10-17 00:25:36+00:00,"Hi Kak Putra. Mohon maaf atas kendala saldo ShopeePay tidak bisa digunakan. Kami siap memabntu, saat ini untuk kendala tersebut, mohon menghubungi kami melalui DM ke Instagram @ShopeePay_ID yang bercentang biru, dengan menginformasikan detail dan bukti kendala untuk bantuan lebih lanjut. Semoga kendala kakak segera terselesaikan ya. ^CS",2025-10-16 16:31:45,1.40.06,Dataset/dataset\SHOPEEPAY_googleplay_OCTOBER_reviews.csv,topup
4137079b-7a4b-4053-848d-e3f33da8b249,Pengguna Google,https://play-lh.googleusercontent.com/EGemoI2NTXmTsBVtJqk8jxF9rh8ApRWfsIMQSt2uE4OcpQqbFu7f7NbTK05lx80nuSijCz7sc3a277R67g,gratis biaya adm tf beda bank,5,0,8.79.0,2025-12-25 13:12:01+00:00,,,8.79.0,Dataset/dataset\JAGO_googleplay_DECEMBER_reviews.csv,transfer
bbcb125f-688a-4c26-bb78-f07a18ce9308,Pengguna Google,https://play-lh.googleusercontent.com/EGemoI2NTXmTsBVtJqk8jxF9rh8ApRWfsIMQSt2uE4OcpQqbFu7f7NbTK05lx80nuSijCz7sc3a277R67g,"aplikasi ini sangat membantu saya untuk membayar langsung untuk belanja ,transfer uang kemna aja dengan gratis",5,1,1.42.03,2025-11-07 03:52:16+00:00,"Hi Kak. Terima kasih telah menggunakan ShopeePay. Mari cek aplikasi ShopeePay karena banyak fitur yang mempermudah keseharian kakak seperti pembelian pulsa, paket data, pembayaran tagihan listrik dan pembayaran lainnya. Jika kakak memiliki pertanyaan seputar ShopeePay, mohon DM kami di Instagram @ShopeePay_ID ya. Semoga harimu menyenangkan ^RJ",2025-11-07 09:39:35,1.42.03,Dataset/dataset\SHOPEEPAY_googleplay_NOVEMBER_reviews.csv,transfer
c0859c23-30ee-4612-aedf-e027afe3c85d,Pengguna Google,https://play-lh.googleusercontent.com/EGemoI2NTXmTsBVtJqk8jxF9rh8ApRWfsIMQSt2uE4OcpQqbFu7f7NbTK05lx80nuSijCz7sc3a277R67g,"gmn udh kirim tapi blm masuk"" giliran di minta foto bukti tf ga bisa kirim apk aneh",1,0,1.60.0,2025-10-24 04:53:11+00:00,"Hai Kak Robi, mohon maaf atas ketidaknyamanannya. Terkait keluhan tersebut, silakan laporkan melalui email ke customerservice@gopay.co.id dengan melampirkan kode psr-25-297-0028-34676 pada subject email. Kami tunggu detail laporan kamu ya. ^Maura",2025-10-24 07:28:41,1.60.0,Dataset/dataset\GOPAY_googleplay_OCTOBER_reviews.csv,transfer
7cc92511-6479-410d-9c04-a43b74ca7520,Pengguna Google,https://play-lh.googleusercontent.com/EGemoI2NTXmTsBVtJqk8jxF9rh8ApRWfsIMQSt2uE4OcpQqbFu7f7NbTK05lx80nuSijCz7sc3a277R67g,ini gmn sy gabisa login krna masukin paswordssh bngt lodingnya lemot pdlhan snyal sy bagus2 aja,1,0,1.57.10,2025-12-31 04:19:30+00:00,"Hai, Kak Abi Fais. Maaf atas ketidaknyamanannya. Kami akan selalu terus memperbaiki sistem demi mencapai kepuasan para pengguna aplikasi blu. Terkait kendala tersebut pastikan Kakak menggunakan aplikasi blu versi terbaru, pastikan setting waktu di handphone menjadi otomatis, jaringan internet lancar dan stabil serta tidak menggunakan jaringan WiFi.",2025-12-31 05:13:16,1.57.10,Dataset/dataset\BLU_googleplay_DECEMBER_reviews.csv,login
9fdc1aa5-5416-4126-abc2-38ed05ac51ab,Pengguna Google,https://play-lh.googleusercontent.com/EGemoI2NTXmTsBVtJqk8jxF9rh8ApRWfsIMQSt2uE4OcpQqbFu7f7NbTK05lx80nuSijCz7sc3a277R67g,"keren ,,aman & nyaman..mudah transfer, simpel.👍",5,1,1.64.0,2025-11-18 22:36:41+00:00,,,1.64.0,Dataset/dataset\GOPAY_googleplay_NOVEMBER_reviews.csv,transfer
d52626e4-2613-4aec-9d59-ca995296c09a,Pengguna Google,https://play-lh.googleusercontent.com/EGemoI2NTXmTsBVtJqk8jxF9rh8ApRWfsIMQSt2uE4OcpQqbFu7f7NbTK05lx80nuSijCz7sc3a277R67g,apa apan nih Udah top up malah gak bisa apa apa untuk yang punya aplikasi coba di perjelas kenapa begini,1,0,3.149.0,2025-12-13 16:30:35+00:00,,,3.149.0,Dataset/dataset\OVO_googleplay_DECEMBER_reviews.csv,topup
1fea7fb1-b49e-4dde-8fda-23e261649d0d,Pengguna Google,https://play-lh.googleusercontent.com/EGemoI2NTXmTsBVtJqk8jxF9rh8ApRWfsIMQSt2uE4OcpQqbFu7f7NbTK05lx80nuSijCz7sc3a277R67g,"jujur aja risih, setiap transaksi hrs verifikasi wajah, maksa bgt lagi, tolong perbaiki dong, apk ini jadi ga nyaman di pake, jika terus seperti itu saya akan pindah ke aplikasi lain, udh di uninstall, masa sudah masukin pin ttp harus verifikasi wajah, ga jelass, saya risih",1,0,,2025-12-31 18:38:02+00:00,"Hi Kak Sidqiya. Mohon maaf atas kendala harus verifikasi wajah setiap transaksi. Demi keamanan akun pengguna, saat ini sistem ShopeePay dilengkapi fitur keamanan seperti PIN, kode OTP, sidik jari hingga verifikasi wajah. Jika terkendala dalam verifikasi wajah, mohon DM kami dengan melampirkan video kendalanya melalui Instagram @ShopeePay_ID. ^EN",2025-12-22 16:10:27,,Dataset/dataset\SHOPEEPAY_googleplay_DECEMBER_reviews.csv,vermuk
38d61a3b-e496-4648-b88a-323167116785,Pengguna Google,https://play-lh.googleusercontent.com/EGemoI2NTXmTsBVtJqk8jxF9rh8ApRWfsIMQSt2uE4OcpQqbFu7f7NbTK05lx80nuSijCz7sc3a277R67g,"respon nya lama , saya transfer ke bank 2 hari belum terkirim",1,0,3.150.0,2025-12-27 11:50:13+00:00,,,3.150.0,Dataset/dataset\OVO_googleplay_DECEMBER_reviews.csv,transfer
63700cc1-02f5-4158-bfdb-7d0e6199261f,Pengguna Google,https://play-lh.googleusercontent.com/EGemoI2NTXmTsBVtJqk8jxF9rh8ApRWfsIMQSt2uE4OcpQqbFu7f7NbTK05lx80nuSijCz7sc3a277R67g,TopUp Gopay Pakai Brimo. di Brimo sukses di Gopay gak masuk. saldo sangat dibutuhkan malah disuruh nunggu 2 hari kerja. kok lama gitu ya kenapa gak langsung di tanggapi. kalau gak butuh mah mendingan,1,0,,2025-10-31 11:05:59+00:00,"Hai Kak @Kongten Kreator, mohon maaf telah membuat Kakak khawatir atas transaksi yang sedang Kakak lakukan ya. Dapat kami sampaikan saat ini sedang ada pemeliharaan sistem sehingga transaksi Kakak terhambat sementara. Mohon agar Kakak dapat menunggu dan melakukan pengecekan berkala atas transaksinya ya Kak. Terima kasih. ^Miko",2025-10-31 14:41:55,,Dataset/dataset\GOPAY_googleplay_OCTOBER_reviews.csv,topup
4d6e64c7-29ee-463c-a59d-6b3bbfa0ccdf,Pengguna Google,https://play-lh.googleusercontent.com/EGemoI2NTXmTsBVtJqk8jxF9rh8ApRWfsIMQSt2uE4OcpQqbFu7f7NbTK05lx80nuSijCz7sc3a277R67g,"Jujur, ini bikin kesal. Sudah upgrade ke OVO Premier, semua data lengkap, tapi uang malah ditahan di OVO Nabung. Limit aneh: minimal transfer Rp2 juta? Serius? Saya cuma mau cairin saldo kecil tapi sistem ribet banget. Dari OVO pindah ke Superbank, disuruh aktivasi ini-itu, ujungnya tetap gak bisa dipakai. Tolong perbaiki sistemnya — jangan bikin pengguna merasa dipermainkan dengan uangnya sendiri.",1,0,,2025-11-02 10:11:08+00:00,,,,Dataset/dataset\OVO_googleplay_NOVEMBER_reviews.csv,transfer
e0e07b6a-9ddd-4ecf-8c04-041b4a138a11,Pengguna Google,https://play-lh.googleusercontent.com/EGemoI2NTXmTsBVtJqk8jxF9rh8ApRWfsIMQSt2uE4OcpQqbFu7f7NbTK05lx80nuSijCz7sc3a277R67g,mohon dibantu admin nama akun gopay saya tidak muncul saat mau top up,5,0,1.62.0,2025-11-28 20:20:21+00:00,,,1.62.0,Dataset/dataset\GOPAY_googleplay_NOVEMBER_reviews.csv,topup
cf2b840e-2c3b-4ded-8c23-70494fab3204,Pengguna Google,https://play-lh.googleusercontent.com/EGemoI2NTXmTsBVtJqk8jxF9rh8ApRWfsIMQSt2uE4OcpQqbFu7f7NbTK05lx80nuSijCz7sc3a277R67g,bego. tf ke bank ga bisa. tf ke sesama ovo ga bisa hari ini. kemarin kemarin bisa perasaan,1,0,,2025-12-11 08:29:06+00:00,,,,Dataset/dataset\OVO_googleplay_DECEMBER_reviews.csv,transfer
26fa7925-ad98-491a-89d9-f442a3c81d6f,Pengguna Google,https://play-lh.googleusercontent.com/EGemoI2NTXmTsBVtJqk8jxF9rh8ApRWfsIMQSt2uE4OcpQqbFu7f7NbTK05lx80nuSijCz7sc3a277R67g,dangkrik uang habis setelah top up gatau kesedot kemana diriwayat juga ga ada aneh luu,1,0,,2025-10-20 21:45:24+00:00,"Hi Kak Muhammad. Mohon maaf atas kendala saldo ShopeePay hilang dan tidak ada riwayat transaksi. Terkait kendala tersebut mohon menghubungi kami melalui DM ke Instagram @ShopeePay_ID yang bercentang biru, dengan menginformasikan detail dan bukti kendala untuk bantuan lebih lanjut. Semoga kendala kakak segera terselesaikan ya. ^CS",2025-10-21 10:56:35,,Dataset/dataset\SHOPEEPAY_googleplay_OCTOBER_reviews.csv,topup
ef06ac6a-7779-493f-b2b8-9e883a3a29b9,Pengguna Google,https://play-lh.googleusercontent.com/EGemoI2NTXmTsBVtJqk8jxF9rh8ApRWfsIMQSt2uE4OcpQqbFu7f7NbTK05lx80nuSijCz7sc3a277R67g,"banyak promo, proses transfer dan top up sangat mudah",5,0,1.64.0,2025-11-19 08:50:39+00:00,,,1.64.0,Dataset/dataset\GOPAY_googleplay_NOVEMBER_reviews.csv,topup
ea5d371e-6efb-4af3-8cde-b4eadd352398,Pengguna Google,https://play-lh.googleusercontent.com/EGemoI2NTXmTsBVtJqk8jxF9rh8ApRWfsIMQSt2uE4OcpQqbFu7f7NbTK05lx80nuSijCz7sc3a277R67g,"Mengapa gak bisa login ke mbanking mandiri yaa saya memang belum bikin kartu fisiknya tapi saya udah buka tabungan online tapi pas saya logout mau login lagi kok gak bisa, kok malah opsinya kembali keawal yaitu buka tabungan/login dengan debit atau kredit . lah saya kan gabisa ngakses rekening digitalnya dong gabisa transaksi online dong kalo gitu. Ini gimana tolong solusinya",2,45,3.2.0,2025-12-09 18:58:46+00:00,,,3.2.0,Dataset/dataset\LIVIN_googleplay_DECEMBER_reviews.csv,login
33817a2f-109b-4f39-8718-fcc5be76ff8d,Pengguna Google,https://play-lh.googleusercontent.com/EGemoI2NTXmTsBVtJqk8jxF9rh8ApRWfsIMQSt2uE4OcpQqbFu7f7NbTK05lx80nuSijCz7sc3a277R67g,kenapa sekarang ga bisa login pagi ini,3,0,,2025-12-25 12:39:40+00:00,"Halo Sahabat @Bilal Putrasafri, mohon maaf atas ketidaknyamanannya. Apabila terdapat kendala agar dapat kami tindaklanjuti, Sahabat dapat mengirimkan email ke mandiricare@bankmandiri.co.id atau menghubungi layanan Mandiri Call 14000 ya. Tks~Alza",2025-12-25 12:43:44,,Dataset/dataset\LIVIN_googleplay_DECEMBER_reviews.csv,login
f13f04b0-e318-4f90-ba6b-12e94254a3b3,Pengguna Google,https://play-lh.googleusercontent.com/EGemoI2NTXmTsBVtJqk8jxF9rh8ApRWfsIMQSt2uE4OcpQqbFu7f7NbTK05lx80nuSijCz7sc3a277R67g,biaya transfer jangan dibebankan ke penerima dong.. dibebankan ke pengirim aja.. kasian penerimanya,1,0,3.150.0,2025-12-30 18:01:29+00:00,,,3.150.0,Dataset/dataset\OVO_googleplay_DECEMBER_reviews.csv,transfer
151719dc-d07f-4e0d-aa6c-ffe7033c02b5,Pengguna Google,https://play-lh.googleusercontent.com/EGemoI2NTXmTsBVtJqk8jxF9rh8ApRWfsIMQSt2uE4OcpQqbFu7f7NbTK05lx80nuSijCz7sc3a277R67g,"BLU by BCA langsung Gercep,thanks sudah ada perbaikan jangan sampai susah login vermuk ,kan sudah ada sidik jari dan PIN mohon tidak berulangkali logout sendiri.",5,0,,2025-12-29 08:45:21+00:00,"Hai, Kak Achmad Solehudin. Maaf atas ketidaknyamanannya. Kami akan selalu berusaha memberikan yang terbaik demi kebutuhan perbankan Kakak. Pastikan Kakak menggunakan aplikasi blu versi terbaru Kak. Terima kasih atas saran dan masukan yang diberikan, kami akan selalu memperbaiki sistem demi mencapai kepuasan para pengguna aplikasi blu.",2025-12-29 09:18:14,,Dataset/dataset\BLU_googleplay_DECEMBER_reviews.csv,login
d283f6cc-0e00-42d4-997a-25140720e546,Pengguna Google,https://play-lh.googleusercontent.com/EGemoI2NTXmTsBVtJqk8jxF9rh8ApRWfsIMQSt2uE4OcpQqbFu7f7NbTK05lx80nuSijCz7sc3a277R67g,"gopay nya ngebug di login beberapa detik layar jadi hitam/putih gak bisa di apa-apain, ditunggu gak terjadi apa-apa di rilot/ulang sama saja. aku Nemu hal janggal saat aku mau ngapus ceceh apl ini gak ada nama apl/tulisan gopay dan itu kayak gak di anggap bekas ceceh. tolong Dev cepet benerin mau gunaiin apl ini malah ketemu bug );",1,4,1.59.0,2025-10-01 21:27:41+00:00,"Hai Kak Bima, mohon maaf atas ketidaknyamanannya. Pastikan kamu sudah menggunakan aplikasi GoPay versi terbaru, ya. Jika masih berkendala, silakan laporkan melalui halaman Bantuan > ketik ""Kendala tampilan dan notifikasi"" di kolom pencarian > pilih artikel dan lengkapi formulirnya. Kami siap membantu. ^Melisa",2025-10-01 23:38:57,1.59.0,Dataset/dataset\GOPAY_googleplay_OCTOBER_reviews.csv,login
b5d474da-59e0-400b-b78b-d8484961127d,Pengguna Google,https://play-lh.googleusercontent.com/EGemoI2NTXmTsBVtJqk8jxF9rh8ApRWfsIMQSt2uE4OcpQqbFu7f7NbTK05lx80nuSijCz7sc3a277R67g,"menggunakan aplikasi bank jago, pas mau keluar tidak ada minta konfirmasi. jadi status akun masih login dan kedua suka keluar masuk tiba tiba. kita udah call nomor center, tujuannya agar memperbaiki namun responnya seolah gak terima masukan. jangan defend kalau kasih masukan, karena tujuannya untuk kemajuan juga. Coba masuk ke BRI, BCA, BNI, nah liat bedanya pas login aplikasi",3,0,,2025-10-08 10:39:39+00:00,"Hai, Jagoan. Mohon maaf untuk kendala yang kamu alami. Terkait kendala tersebut, kamu bisa segera laporkan ke Tanya Jago di nomor 1500746/021-30000746 atau e-mail ke tanya@jago.com ya. Tidak perlu khawatir karena tim terkait kami akan segera membantu. Terima kasih.",2025-10-08 11:02:23,,Dataset/dataset\JAGO_googleplay_OCTOBER_reviews.csv,login
9e877e88-3673-4ec9-b713-cf64b8e17d60,Pengguna Google,https://play-lh.googleusercontent.com/EGemoI2NTXmTsBVtJqk8jxF9rh8ApRWfsIMQSt2uE4OcpQqbFu7f7NbTK05lx80nuSijCz7sc3a277R67g,"Entah kenapa update Aplikasi Gopay sekarang setiap Mau Pembayaran top up Game, Tertulis Erorr Atau Juga tulisan Kami mendeteksi aktivitas tidak wajar, Padahal Gua pakai Gopay Ngak Pernah Melakukan Hal Yang tidak wajar di dalam nya. jadi mohon Untuk Aplikasi Gopay nya segera di perbaiki Sedemikian lanjut.",1,10,1.62.0,2025-11-09 16:48:03+00:00,"Mohon maaf, Kak Dino. Agar bisa menggunakan GoPay, pastikan saldo cukup, masukkan PIN GoPay yang benar, dan gunakan aplikasi terbaru. Jika masih bermasalah, laporkan melalui menu Bantuan > ketik ""Saya tidak dapat menggunakan GoPay"" > isi formulir dan cantumkan kode psr-25-313-1045-58671 di bagian ""Ceritakan lebih lanjut"". ^Miko",2025-11-09 17:46:13,1.62.0,Dataset/dataset\GOPAY_googleplay_NOVEMBER_reviews.csv,topup
e10edfcf-10b6-4c92-9fab-7be6e41ac6b8,Pengguna Google,https://play-lh.googleusercontent.com/EGemoI2NTXmTsBVtJqk8jxF9rh8ApRWfsIMQSt2uE4OcpQqbFu7f7NbTK05lx80nuSijCz7sc3a277R67g,tidak bisa transfer...,5,0,1.45.09,2025-12-27 00:18:34+00:00,"Hi Kak. Terima kasih telah menggunakan ShopeePay. Mari cek aplikasi ShopeePay karena banyak fitur yang mempermudah keseharian kakak seperti pembelian pulsa, paket data, pembayaran tagihan listrik dan pembayaran lainnya. Jika kakak memiliki pertanyaan seputar ShopeePay, mohon DM kami di Instagram @ShopeePay_ID ya. Semoga harimu menyenangkan ^RJ",2025-12-29 09:53:56,1.45.09,Dataset/dataset\SHOPEEPAY_googleplay_DECEMBER_reviews.csv,transfer
6e45f1e4-c655-454a-b7d1-911db7c81cf9,Pengguna Google,https://play-lh.googleusercontent.com/EGemoI2NTXmTsBVtJqk8jxF9rh8ApRWfsIMQSt2uE4OcpQqbFu7f7NbTK05lx80nuSijCz7sc3a277R67g,"Pas topup game MLBB, item yg dibeli lama masuknya Mas/Mbak. Tolong diperbaiki & dipercepat lagi ya, jadi ketinggalan aja event top up😭. Udah 3x nih kyk gitu. Gatau awalnya dari kapan, tapi di aku awalnya dari tanggal 2 November mulai lama masuknya (±2-3 jam). Semangat & jangan lupa tebar senyum mas/mbak, walaupun banyak yg menganggap kalian itu ga berarti. Aku bakal tetap mendukung💪 Don't let your lifestyle be disrupted because of one person who doesn't know anything and can only curse at you.",1,39,1.62.0,2025-11-12 12:22:52+00:00,"Hai Kak Galih, mohon maaf atas ketidaknyamanannya. Terkait hal tersebut, silakan laporkan melalui email ke customerservice@gopay.co.id dengan melampirkan kode psr-25-316-0911-30253 pada subject email dan ceritakan kembali detail permasalahannya agar tim kami bisa bantu cek lebih lanjut ya. ^Miko",2025-11-12 16:11:46,1.62.0,Dataset/dataset\GOPAY_googleplay_NOVEMBER_reviews.csv,topup
9e905fab-460c-4239-9061-be1c08f87029,Pengguna Google,https://play-lh.googleusercontent.com/EGemoI2NTXmTsBVtJqk8jxF9rh8ApRWfsIMQSt2uE4OcpQqbFu7f7NbTK05lx80nuSijCz7sc3a277R67g,"transaksi lebih murah,cepat lagi terus ada gratis TF tanpa admin, jadi makin top buat bank jago",5,0,,2025-11-12 13:45:12+00:00,,,,Dataset/dataset\JAGO_googleplay_NOVEMBER_reviews.csv,transfer
5a7af84a-254a-482c-8386-e11532e744fe,Pengguna Google,https://play-lh.googleusercontent.com/EGemoI2NTXmTsBVtJqk8jxF9rh8ApRWfsIMQSt2uE4OcpQqbFu7f7NbTK05lx80nuSijCz7sc3a277R67g,top up dari bank bca ke ovo ga masuk parah nihh aplikasii,1,0,,2025-10-07 02:11:41+00:00,,,,Dataset/dataset\OVO_googleplay_OCTOBER_reviews.csv,topup
b0e1bec3-5d5d-4f57-99f2-7372b18f5017,Pengguna Google,https://play-lh.googleusercontent.com/EGemoI2NTXmTsBVtJqk8jxF9rh8ApRWfsIMQSt2uE4OcpQqbFu7f7NbTK05lx80nuSijCz7sc3a277R67g,menggunakan aplikasi jago sangat membantu untuk transfer antar bank dan tidak ada biaya admin dan menggunakan jago sangat mudah sekali,5,0,8.74.0,2025-10-16 14:52:54+00:00,,,8.74.0,Dataset/dataset\JAGO_googleplay_OCTOBER_reviews.csv,transfer
ab96a728-8b2f-410b-9efe-46f8eac0e8a4,Pengguna Google,https://play-lh.googleusercontent.com/EGemoI2NTXmTsBVtJqk8jxF9rh8ApRWfsIMQSt2uE4OcpQqbFu7f7NbTK05lx80nuSijCz7sc3a277R67g,Aplikasi paling terburuk nomor hp aktif tapi verifikasi kode OTP dialihkan kelink mempersulit. kode otp dari nomor hp tidak perlu pakai link langsung ja cantumkan seperti app lain. bahaya ini aplikasi pencuri nomor bisa jadi ini aplikasi maling bisa pula dipakai oleh orang lain. padahal kartu nomor blm digunakan keovo malah otp kegmail maling nomor tersebut. bagusan dana lagi tidak ribet otp nya angka nya jelas muncul nomor aktif. saya saranin jgn pakai aplikasi ini utk simpan TF uang berbahaya.,1,5,3.145.0,2025-10-24 20:54:18+00:00,,,3.145.0,Dataset/dataset\OVO_googleplay_OCTOBER_reviews.csv,transfer
5e669a49-1def-4483-bb6f-578c19a6b262,Pengguna Google,https://play-lh.googleusercontent.com/EGemoI2NTXmTsBVtJqk8jxF9rh8ApRWfsIMQSt2uE4OcpQqbFu7f7NbTK05lx80nuSijCz7sc3a277R67g,aplikasi nya bagus mau top up game mobile legend ga perlu ribet dan banyak harga murah,5,0,1.59.0,2025-10-04 15:29:06+00:00,,,1.59.0,Dataset/dataset\GOPAY_googleplay_OCTOBER_reviews.csv,topup
cd7c765c-1acb-465c-8bf6-5c69d61c0435,Pengguna Google,https://play-lh.googleusercontent.com/EGemoI2NTXmTsBVtJqk8jxF9rh8ApRWfsIMQSt2uE4OcpQqbFu7f7NbTK05lx80nuSijCz7sc3a277R67g,jelek lalu aplikasinya mau TF gagal Mulu apes pakai,1,0,3.1.0,2025-11-06 20:35:54+00:00,"Hi Sahabat @motion muda, mhn maaf ketidaknyamanannya. Terkait kendala Livin by Mandiri, kami sarankan melakukan force close kemudian restart device. Mhn pastikan jaringan yg digunakan stabil dan tdk menggunakan WiFi. Apabila masih kendala, dpt mengirimkan email ke mandiricare@bankmandiri.co.id atau menghubungi mandiri call 14000. Tks~Fatma",2025-11-06 20:38:27,3.1.0,Dataset/dataset\LIVIN_googleplay_NOVEMBER_reviews.csv,transfer
fc2bb658-e26e-4759-8868-b44412b8debd,Pengguna Google,https://play-lh.googleusercontent.com/EGemoI2NTXmTsBVtJqk8jxF9rh8ApRWfsIMQSt2uE4OcpQqbFu7f7NbTK05lx80nuSijCz7sc3a277R67g,tolong saya akun bang jago tidak bisa login saya mau ubah email sama nomor handphone karna handphone hilang,2,0,8.79.0,2025-12-26 02:12:41+00:00,"Halo, Jagoan! Mohon maaf atas ketidaknyamanannya. Kami mengerti atas pengalaman kurang baik yang kamu alami. Untuk membantu kamu lebih lanjut, mohon menghubungi Tanya Jago di 1500746 / 021-30000746 atau email ke tanya@jago.com untuk kami cek lebih lanjut terkait kendala tersebut. Kami tunggu laporan dari kamu ya.",2025-12-26 02:40:17,8.79.0,Dataset/dataset\JAGO_googleplay_DECEMBER_reviews.csv,login
4505a211-d1a7-4b0f-9b4e-153f618d40ca,Pengguna Google,https://play-lh.googleusercontent.com/EGemoI2NTXmTsBVtJqk8jxF9rh8ApRWfsIMQSt2uE4OcpQqbFu7f7NbTK05lx80nuSijCz7sc3a277R67g,menu transfer tiba-tiba hilang,2,0,3.150.0,2025-12-25 19:09:06+00:00,,,3.150.0,Dataset/dataset\OVO_googleplay_DECEMBER_reviews.csv,transfer
8ba993f1-6b31-45de-af50-18c57a633c2a,Pengguna Google,https://play-lh.googleusercontent.com/EGemoI2NTXmTsBVtJqk8jxF9rh8ApRWfsIMQSt2uE4OcpQqbFu7f7NbTK05lx80nuSijCz7sc3a277R67g,Ini aplikasinya bisa buat transfer ga sih sengaja ngasih bintang 5 biar ada yang jawab,5,0,,2025-11-02 15:44:19+00:00,,,,Dataset/dataset\OVO_googleplay_NOVEMBER_reviews.csv,transfer
cea90408-38ad-4b96-8458-a8995db5383e,Pengguna Google,https://play-lh.googleusercontent.com/EGemoI2NTXmTsBVtJqk8jxF9rh8ApRWfsIMQSt2uE4OcpQqbFu7f7NbTK05lx80nuSijCz7sc3a277R67g,"parah sih ini....!! setelah melunasi tagihan spaylater, dan akan menggunakan spaylater lagi untuk scan QRIS malah tidak bisa 🤦🏿",2,10,1.45.09,2025-12-22 11:10:54+00:00,"Hi kak Yoga Mei Wantara, mohon maaf atas ketidaknyamanannya terkait kendala Top Up kakak. Agar aku bisa bantu, aku saranin kakak buat infoin SS riwayat transaksi kakak ke DM sosial media resmi kita @Shopee_id yaa. Stay Safe^SM",2025-03-26 19:25:50,1.45.09,Dataset/dataset\SHOPEEPAY_googleplay_DECEMBER_reviews.csv,qris
5feeb60c-b4e5-4088-9e9c-f6c077bf8674,Pengguna Google,https://play-lh.googleusercontent.com/EGemoI2NTXmTsBVtJqk8jxF9rh8ApRWfsIMQSt2uE4OcpQqbFu7f7NbTK05lx80nuSijCz7sc3a277R67g,akun ovo saya hilang sendiri.. login lagi susah. knpa ndoro,4,0,3.144.0,2025-10-06 23:48:01+00:00,,,3.144.0,Dataset/dataset\OVO_googleplay_OCTOBER_reviews.csv,login
a89abbc5-11cf-490a-b861-d90cb24e3aaa,Pengguna Google,https://play-lh.googleusercontent.com/EGemoI2NTXmTsBVtJqk8jxF9rh8ApRWfsIMQSt2uE4OcpQqbFu7f7NbTK05lx80nuSijCz7sc3a277R67g,keren banget sumpah kalo mau transfer apa apa lebih mudah gopay,5,0,1.62.0,2025-11-15 21:27:49+00:00,,,1.62.0,Dataset/dataset\GOPAY_googleplay_NOVEMBER_reviews.csv,transfer
5b2e8ac1-ffab-4abe-a0c9-93451d654d48,Pengguna Google,https://play-lh.googleusercontent.com/EGemoI2NTXmTsBVtJqk8jxF9rh8ApRWfsIMQSt2uE4OcpQqbFu7f7NbTK05lx80nuSijCz7sc3a277R67g,login nya bikin lama betul apalagi kalau keluar masuk,1,0,3.1.0,2025-12-18 17:53:56+00:00,"Halo Sahabat @Rislan David, mohon maaf atas ketidaknyamanannya. Kami sarankan Sahabat melakukan force close aplikasi kemudian restart HP yg digunakan, jaringan yg digunakan dlm keadaan stabil dan dipastikan tdk menggunakan WiFi. Jika masih terkendala dpt mengirimkan email ke mandiricare@bankmandiri.co.id atau hubungi mandiri call 14000. Tks ~ Said",2025-12-18 17:57:10,3.1.0,Dataset/dataset\LIVIN_googleplay_DECEMBER_reviews.csv,login
cccf4b99-1629-4869-b968-1a1691f4c8d4,Pengguna Google,https://play-lh.googleusercontent.com/EGemoI2NTXmTsBVtJqk8jxF9rh8ApRWfsIMQSt2uE4OcpQqbFu7f7NbTK05lx80nuSijCz7sc3a277R67g,gimana saya mau daftar blu tapi cape banget selalu gagal dalam hal verifikasi muka padahal kamera sudah jelas sementara saya verif muka di e wallet aja cepat kenapa disini lama,2,0,2.7.0,2025-12-13 01:41:18+00:00,"Hai, Kak Ryan. Maaf atas ketidaknyamanannya. Kami akan selalu berusaha memberikan yang terbaik demi kebutuhan perbankan Kakak. Terkait hal tersebut pastikan beberapa hal berikut, pastikan Kakak tidak memakai sunglasses, di tempat yang terang, tidak backlight, posisi wajah di dalam lingkaran dan pastikan aplikasi blu versi terupdate ya.",2025-12-13 01:50:20,2.7.0,Dataset/dataset\BLU_googleplay_DECEMBER_reviews.csv,vermuk
00d5a600-33b8-4963-8d21-9ab96731d32f,Pengguna Google,https://play-lh.googleusercontent.com/EGemoI2NTXmTsBVtJqk8jxF9rh8ApRWfsIMQSt2uE4OcpQqbFu7f7NbTK05lx80nuSijCz7sc3a277R67g,"App sudah versi terbaru. Dan telah melakukan top up jg transfer berulang kali atpum transaksi tapi tidak ada bagian dalam app untuk mendapat reward yang dijanjikan dalam acara gosok hadiah, dan dalam permainan game yang mendapat tiket juga hadiah 5Rb ke atas apa lagi mau barang kayak tws, hape, motor. Di sumur harapan juga coin ribuan, kayak pajangan doang hadiah",2,16,1.62.0,2025-11-12 16:20:21+00:00,,,1.62.0,Dataset/dataset\GOPAY_googleplay_NOVEMBER_reviews.csv,topup
7f4083a4-8a91-42f9-92f8-254bcfa48d4a,Pengguna Google,https://play-lh.googleusercontent.com/EGemoI2NTXmTsBVtJqk8jxF9rh8ApRWfsIMQSt2uE4OcpQqbFu7f7NbTK05lx80nuSijCz7sc3a277R67g,"min, tadi saya top up 10 k di aplikasi nya sisa 3k tapi, saat berhasil top up uang 3k nya hilang kan harus nya jadi 13k",1,0,,2025-10-28 12:59:01+00:00,,,,Dataset/dataset\GOPAY_googleplay_OCTOBER_reviews.csv,topup
99e8fc34-9466-4dba-a917-8c1426080952,Pengguna Google,https://play-lh.googleusercontent.com/EGemoI2NTXmTsBVtJqk8jxF9rh8ApRWfsIMQSt2uE4OcpQqbFu7f7NbTK05lx80nuSijCz7sc3a277R67g,"perbaiki fitur transaksi antar bank, jika memang ada kendala atau masalah pada tujuan bank transfer, mohon diberikan notifikasi pada Bank tersebut sedang terjadi masalah atau maintenance. terimakasih",4,0,,2025-10-03 12:37:26+00:00,,,,Dataset/dataset\OVO_googleplay_OCTOBER_reviews.csv,transfer
d223adb6-6f72-473f-b0c2-fe8868041fdc,Pengguna Google,https://play-lh.googleusercontent.com/EGemoI2NTXmTsBVtJqk8jxF9rh8ApRWfsIMQSt2uE4OcpQqbFu7f7NbTK05lx80nuSijCz7sc3a277R67g,"tidak bisa login sudah verifikasi ktp dan verifikasi muka masih belum bisa login, keterangan ke dala login tapi sudah menghubungi admin tidak ada respon dan tidak diurus,SANGAT MENYESAL",1,1,8.78.0,2025-12-16 20:59:55+00:00,"Halo, Jagoan! Mohon maaf atas ketidaknyamanannya ya. Untuk kendala yang kamu alami, bisakah diinformasikan secara detail ke Tanya Jago di nomor 1500746 /+62 21 3000 0746 atau email ke tanya@jago.com. Kami dengan senang hati akan membantu kamu.",2025-12-16 22:42:44,8.78.0,Dataset/dataset\JAGO_googleplay_DECEMBER_reviews.csv,login
ad296d10-8471-412f-b1fd-455030452335,Pengguna Google,https://play-lh.googleusercontent.com/EGemoI2NTXmTsBVtJqk8jxF9rh8ApRWfsIMQSt2uE4OcpQqbFu7f7NbTK05lx80nuSijCz7sc3a277R67g,"dihp saya knp gk bisa login? cuma stak disitu... terus kalo dipencet lanjut, muncul tunggu 60mnt lagi? Akhirnya saya klo login harus pinjam hpp teman saya...",1,0,1.64.1,2025-11-25 18:54:46+00:00,"Hai Kak Zidane, mohon maaf atas kendalanya. Pastikan kamu sudah menggunakan aplikasi GoPay versi terbaru, ya. Jika masih berkendala, silakan laporkan melalui halaman Bantuan > ketik ""Kendala tampilan dan notifikasi"" di kolom pencarian > pilih artikel dan lengkapi formulirnya. Kami siap membantu. ^Miko",2025-11-25 18:51:22,1.64.1,Dataset/dataset\GOPAY_googleplay_NOVEMBER_reviews.csv,login
a16774d9-39f3-4117-bc45-8f27ee4a95ae,Pengguna Google,https://play-lh.googleusercontent.com/EGemoI2NTXmTsBVtJqk8jxF9rh8ApRWfsIMQSt2uE4OcpQqbFu7f7NbTK05lx80nuSijCz7sc3a277R67g,applikasi nya bgs dan bisa top up murah di sini,5,0,1.64.0,2025-11-18 21:17:42+00:00,,,1.64.0,Dataset/dataset\GOPAY_googleplay_NOVEMBER_reviews.csv,topup
0b2fa140-2d27-4625-aed0-504f415b6c7a,Pengguna Google,https://play-lh.googleusercontent.com/EGemoI2NTXmTsBVtJqk8jxF9rh8ApRWfsIMQSt2uE4OcpQqbFu7f7NbTK05lx80nuSijCz7sc3a277R67g,Brengsek berkali ngisi saldo.dari m banking ga nambah.komplain ga ada hasil. kapok transfer pakai ovo,1,1,3.146.0,2025-11-02 21:47:13+00:00,"Hai Kak, maaf ya. Terkait dengan kendala yang Kakak alami, mohon menghubungi tim kami melalui chat bantuan di aplikasi, melalui email di cs@ovo.id atau call center kami di 1500-696 agar dapat kami bantu pengecekan. Terima Kasih. -Dodi",2024-05-29 19:20:29,3.146.0,Dataset/dataset\OVO_googleplay_NOVEMBER_reviews.csv,transfer
b73d95fa-9aa0-4814-bc62-161b11bc1dc0,Pengguna Google,https://play-lh.googleusercontent.com/EGemoI2NTXmTsBVtJqk8jxF9rh8ApRWfsIMQSt2uE4OcpQqbFu7f7NbTK05lx80nuSijCz7sc3a277R67g,"tf ke allobank gk masuk masuk gimana ini ,status sedang diproses terus saldo sudah kepotong parahhhh",1,0,1.38.08,2025-10-25 21:30:43+00:00,"Hi Kak Smt Ryanto. Mohon maaf atas kendala transfer ShopeePay ke rekening bank yang belum diterima. Kami siap membantu kakak, terkait kendala tersebut mohon menghubungi kami melalui DM ke Instagram @ShopeePay_ID yang bercentang biru, dengan melampirkan bukti transfer untuk bantuan lebih lanjut. Semoga kendala kakak segera terselesaikan ya. ^CS",2025-10-27 12:06:22,1.38.08,Dataset/dataset\SHOPEEPAY_googleplay_OCTOBER_reviews.csv,transfer
162841e1-eb08-4e21-8e31-c60353a3f780,Pengguna Google,https://play-lh.googleusercontent.com/EGemoI2NTXmTsBVtJqk8jxF9rh8ApRWfsIMQSt2uE4OcpQqbFu7f7NbTK05lx80nuSijCz7sc3a277R67g,"masalah transfer aja di persulit,mau komplain ke sistem juga tidak bisa...50 rb sudah berhasil tapi merchant belum menerima saldo.tf 150 rb gak ada kejelasan masih tulisannya masih di proses tunggu 1x24 jam,tapi gak tau sampai kapan harus nunggu..gak jelas banget ini sistem ovo..pantas dapat 3.6 dari sekian juta pengguna..baru sadar dari 1 tahun pakai apk ini",1,23,3.148.0,2025-11-27 22:09:48+00:00,,,3.148.0,Dataset/dataset\OVO_googleplay_NOVEMBER_reviews.csv,transfer
1db8870e-a26b-422c-afb9-78f3f3c776c8,Pengguna Google,https://play-lh.googleusercontent.com/EGemoI2NTXmTsBVtJqk8jxF9rh8ApRWfsIMQSt2uE4OcpQqbFu7f7NbTK05lx80nuSijCz7sc3a277R67g,"aplikasi perbankan yang sangat mengecewakan, transfer nunggu sampe berjam² keterangan dalam proses trus... tidak hanya sekali aja ini berkali² tutup aja aplikasi nya klo tidak memungkinkan",1,5,8.74.0,2025-10-08 14:20:08+00:00,"Halo, Jagoan. Mohon maaf atas kendala yang terjadi ya. Kamu tidak perlu khawatir, kamu bisa menjelaskan detail kendala tersebut melalui email di tanya@jago.com atau call center 1500 746 untuk kami bantu tangani lebih lanjut. Terima kasih :)",2025-10-08 14:32:34,8.74.0,Dataset/dataset\JAGO_googleplay_OCTOBER_reviews.csv,transfer
91c55c9c-2ee7-4c6e-8414-fbd9fb4ce450,Pengguna Google,https://play-lh.googleusercontent.com/EGemoI2NTXmTsBVtJqk8jxF9rh8ApRWfsIMQSt2uE4OcpQqbFu7f7NbTK05lx80nuSijCz7sc3a277R67g,gara2 ganti hp pas masuk di hp baru susah masuk lagi pas deteksi wajah y gagal trus,4,0,3.2.0,2025-11-12 20:15:07+00:00,"Hi Sahabat @Rustandi 21, mohon maaf atas ketidaknyamannya. untuk perihal kendala pada layanan Livin' by Mandiri, mohon untuk dapat mengirimkan email ke mandiricare@bankmandiri.co.id atau dapat menghubungi layanan mandiri 14000 agar dapat dilakukan pengecekan. Tks~Mandala",2025-11-12 20:20:07,3.2.0,Dataset/dataset\LIVIN_googleplay_NOVEMBER_reviews.csv,vermuk
f6b20063-478c-4f4d-a6e8-563851f08c72,Pengguna Google,https://play-lh.googleusercontent.com/EGemoI2NTXmTsBVtJqk8jxF9rh8ApRWfsIMQSt2uE4OcpQqbFu7f7NbTK05lx80nuSijCz7sc3a277R67g,Murphy ketika saldo dibawah 10000 begitu di topup langsung saja jadi harga normal no murah + Murphy di promo pas waktu Pembelian langsung saja jadi harga normal alias non Murphy,1,0,1.52.0,2025-10-29 18:23:39+00:00,"Hai Kak Ruslan, mohon maaf atas ketidaknyamanannya. Mengenai promo mengikuti syarat dan ketentuan yang berlaku. Apabila kamu mengalami kendala, silakan laporkan melalui menu Bantuan di aplikasi GoPay agar tim kami bisa bantu cek ya. Kami tunggu detail permasalahannya. ^Melisa",2025-10-29 20:46:08,1.52.0,Dataset/dataset\GOPAY_googleplay_OCTOBER_reviews.csv,topup
63e464d7-6326-4074-bc0a-4cab28e01efd,Pengguna Google,https://play-lh.googleusercontent.com/EGemoI2NTXmTsBVtJqk8jxF9rh8ApRWfsIMQSt2uE4OcpQqbFu7f7NbTK05lx80nuSijCz7sc3a277R67g,"hy ,,kok top up ku gak masuk ya,di aplikasi statusnya ada,pas cek di mesin msh belum masuk,btw saya top up e money",2,0,1.59.0,2025-10-05 08:36:08+00:00,"Hai Kak Agus, pastikan nomor kartu yang dimasukkan sudah benar dan kamu sudah update saldo sesuai dengan ketentuan, ya. Jika masih bermasalah, laporkan melalui menu Bantuan > ketik ""Update saldo e-money tidak berhasil"" > isi formulir dan cantumkan kode psr-25-278-0211-39884 di bagian ""Ceritakan lebih lanjut"". ^Maura",2025-10-05 09:11:44,1.59.0,Dataset/dataset\GOPAY_googleplay_OCTOBER_reviews.csv,topup
4a80c1bc-79f1-4e3f-bcf5-6d7c8b9d447a,Pengguna Google,https://play-lh.googleusercontent.com/EGemoI2NTXmTsBVtJqk8jxF9rh8ApRWfsIMQSt2uE4OcpQqbFu7f7NbTK05lx80nuSijCz7sc3a277R67g,"sering maintenance biar meningkatkan kenyamanan pelanggan, pelanggan engga nyaman kalo sering maintenance Mulu, paling benci kalo dadakan pengen transfer malah ga bisa sering maintenance mulu",1,0,3.1.0,2025-11-04 00:00:44+00:00,"Hi Sahabat @Doni Ramdhani, mhn maaf atas ketidaknyamanannya dlm mengakses layanan Livin' by Mandiri. Saat ini Bank Mandiri sedang proses akhir hari rutin. Kami sarankan Sahabat dpt mencoba secara berkala. Jika msh terkendala dpt mengirimkan email ke mandiricare@bankmandiri.co.id atau dapat menghubungi layanan mandiri 14000. Tks~Charles",2025-11-04 00:11:50,3.1.0,Dataset/dataset\LIVIN_googleplay_NOVEMBER_reviews.csv,transfer
01cf594d-30e3-4507-b0f3-c1a0e7c22f21,Pengguna Google,https://play-lh.googleusercontent.com/EGemoI2NTXmTsBVtJqk8jxF9rh8ApRWfsIMQSt2uE4OcpQqbFu7f7NbTK05lx80nuSijCz7sc3a277R67g,top up game nya murah murah,4,0,1.60.0,2025-10-16 15:17:22+00:00,,,1.60.0,Dataset/dataset\GOPAY_googleplay_OCTOBER_reviews.csv,topup
0513bd56-121a-4752-8683-73c6353915c0,Pengguna Google,https://play-lh.googleusercontent.com/EGemoI2NTXmTsBVtJqk8jxF9rh8ApRWfsIMQSt2uE4OcpQqbFu7f7NbTK05lx80nuSijCz7sc3a277R67g,aplikasi nya bagus tapi aku ga punya pulsa aku pengen top up diamond ff gratis ya gopay,1,0,1.60.0,2025-10-14 13:06:49+00:00,,,1.60.0,Dataset/dataset\GOPAY_googleplay_OCTOBER_reviews.csv,topup
486e269c-3467-48ed-8b9e-ae96d6d94fc7,Pengguna Google,https://play-lh.googleusercontent.com/EGemoI2NTXmTsBVtJqk8jxF9rh8ApRWfsIMQSt2uE4OcpQqbFu7f7NbTK05lx80nuSijCz7sc3a277R67g,GOPAY MEMANG MANTAP!! BIKINYA MUDAH DAN SIMPLE GRATIS BIAYA TOP-UP SAMA GRATIS TRANSFER SANA SINI. GAK AKAN NYESEL KALAU DOWNLOAD GOPAY. AYO DOWNLOAD GOPAY SEKARANG!!!,5,0,1.62.0,2025-11-16 18:57:11+00:00,,,1.62.0,Dataset/dataset\GOPAY_googleplay_NOVEMBER_reviews.csv,transfer
6ed57787-2345-4cfb-8f3c-d3c6e2f9ddd3,Pengguna Google,https://play-lh.googleusercontent.com/EGemoI2NTXmTsBVtJqk8jxF9rh8ApRWfsIMQSt2uE4OcpQqbFu7f7NbTK05lx80nuSijCz7sc3a277R67g,Tolong kepada pihak ovo saya ini pengguna lama . Lama lama kok gak bisa tf ke orang ya pdhl saldo saya ada sekian kok kek ganguan terus,1,0,3.144.0,2025-10-15 18:56:24+00:00,,,3.144.0,Dataset/dataset\OVO_googleplay_OCTOBER_reviews.csv,transfer
f8b0369c-2541-413a-8e35-8d5767c34eb9,Pengguna Google,https://play-lh.googleusercontent.com/EGemoI2NTXmTsBVtJqk8jxF9rh8ApRWfsIMQSt2uE4OcpQqbFu7f7NbTK05lx80nuSijCz7sc3a277R67g,"tolong di perbarui lah. tf kaga bisa mulu, tf ke dana juga kaga bisa qris doang yang bisa masa dah",5,0,3.145.0,2025-10-27 11:50:17+00:00,,,3.145.0,Dataset/dataset\OVO_googleplay_OCTOBER_reviews.csv,qris
72afc30e-4c69-4b2e-959a-48864d816f9e,Pengguna Google,https://play-lh.googleusercontent.com/EGemoI2NTXmTsBVtJqk8jxF9rh8ApRWfsIMQSt2uE4OcpQqbFu7f7NbTK05lx80nuSijCz7sc3a277R67g,"aplikasi penipu, transaksi via qris berhasil tapi duitnya ga masuk. sampah",1,0,8.75.0,2025-10-28 11:50:23+00:00,"Halo, Jagoan! Mohon maaf atas kendala yang kamu alami ya. Saya mengerti situasi sulit ini mengganggu kamu. Mohon kesediaannya mengirimkan email ke tanya@jago.com dengan melampirkan bukti foto/tangkapan layar kendala kamu. Agar dapat segera kami bantu.",2025-10-28 12:08:25,8.75.0,Dataset/dataset\JAGO_googleplay_OCTOBER_reviews.csv,qris
b1e1bbab-c325-4196-bb97-90586b6f6d96,Pengguna Google,https://play-lh.googleusercontent.com/EGemoI2NTXmTsBVtJqk8jxF9rh8ApRWfsIMQSt2uE4OcpQqbFu7f7NbTK05lx80nuSijCz7sc3a277R67g,"Najis pakai aplikasi ini, baru pertama kali instal terus nyoba top up, langsung kena potongan. transfer juga kena potongan. Amit-amit ini apl ovo langsung gue unistal, mendingan pakai aplikasi sebelah gratis biaya top up & transfer + banyak diskon benefit dll.",1,0,3.78.1,2025-12-10 17:20:42+00:00,,,3.78.1,Dataset/dataset\OVO_googleplay_DECEMBER_reviews.csv,topup
1e8a8c4a-b9f0-4c90-b2d2-9c5fa5ee8d04,Pengguna Google,https://play-lh.googleusercontent.com/EGemoI2NTXmTsBVtJqk8jxF9rh8ApRWfsIMQSt2uE4OcpQqbFu7f7NbTK05lx80nuSijCz7sc3a277R67g,dari hari kemaren knpa Livin saya ga bisa login tolong kasih penjeladan,3,0,3.2.0,2025-12-22 11:55:57+00:00,"Hi Sahabat @Amat Tama, mohon maaf atas ketidaknyamanannya. Perihal kendala Livin' by Mandiri Sahabat dpt melakukan force close aplikasi, jaringan yg digunakan stabil. Apabila masih terkendala dapat mengirimkan email ke mandiricare@bankmandiri.co.id atau menghubungi mandiri call 14000 agar dpt dilakukan pengecekan. Tks~Vika",2025-12-22 12:02:57,3.2.0,Dataset/dataset\LIVIN_googleplay_DECEMBER_reviews.csv,login
858ac3dc-46a4-4b8c-a516-66ad0742cc89,Pengguna Google,https://play-lh.googleusercontent.com/EGemoI2NTXmTsBVtJqk8jxF9rh8ApRWfsIMQSt2uE4OcpQqbFu7f7NbTK05lx80nuSijCz7sc3a277R67g,ini kenapa ya apknya kog susah di gunakan.. padahal bulan kemarin masih bisa di gunakan lancar.. ini mau buat isi pulsa gak bisa . tulisannya internet terputus terus . udah berhari hari masih gitu aja. Alhamdulillah baca ulasan sebelum ini ada yang bilang saldonya ketahan. saldonya gak bisa di pake karna gangguan. jadinya aku gak jadi topup. padahal biasanya tiap bulan langsung topup banyak buat bayar ini itu. tp Alhamdulillah banget gak jadi topup aku. terimakasih ya Allah..,4,4,3.146.0,2025-11-08 03:08:39+00:00,,,3.146.0,Dataset/dataset\OVO_googleplay_NOVEMBER_reviews.csv,topup
5bef9b67-ca34-4c1a-87d6-c6d574cc84e1,Pengguna Google,https://play-lh.googleusercontent.com/EGemoI2NTXmTsBVtJqk8jxF9rh8ApRWfsIMQSt2uE4OcpQqbFu7f7NbTK05lx80nuSijCz7sc3a277R67g,woy akun ovo gua kenapa tiba2 ngga bisa login si,1,0,3.144.0,2025-10-07 00:02:59+00:00,,,3.144.0,Dataset/dataset\OVO_googleplay_OCTOBER_reviews.csv,login
5ec2f4f7-7c36-4ffa-b586-a983ee952763,Pengguna Google,https://play-lh.googleusercontent.com/EGemoI2NTXmTsBVtJqk8jxF9rh8ApRWfsIMQSt2uE4OcpQqbFu7f7NbTK05lx80nuSijCz7sc3a277R67g,aplikasi bego.... top up e money hilang gitu aja. jadi males pake nya. mana ga ada solusi lgi. ribet. csnya ribet. ga rekomended banget sih. mending uninstall aja,1,1,3.146.0,2025-11-02 10:16:44+00:00,,,3.146.0,Dataset/dataset\OVO_googleplay_NOVEMBER_reviews.csv,topup
443c66e8-ead7-4a34-aada-c88de25b5032,Pengguna Google,https://play-lh.googleusercontent.com/EGemoI2NTXmTsBVtJqk8jxF9rh8ApRWfsIMQSt2uE4OcpQqbFu7f7NbTK05lx80nuSijCz7sc3a277R67g,"apk sampah email ga di bales,gaada kemajuan top up jam 23:29 sampe skrng blm masuk ,kocakkk kocakkk 2x saya udh di giniin kirain bakal brubah taunya sama aja saldo tidak masuk keren ovo",1,0,,2025-10-07 18:58:29+00:00,,,,Dataset/dataset\OVO_googleplay_OCTOBER_reviews.csv,topup
dc168bce-ab37-461d-b460-17441360a8be,Pengguna Google,https://play-lh.googleusercontent.com/EGemoI2NTXmTsBVtJqk8jxF9rh8ApRWfsIMQSt2uE4OcpQqbFu7f7NbTK05lx80nuSijCz7sc3a277R67g,"ini 2 hp saya g bisa login,, dan saya malu didepan kadir tidak bisa membuka maupun login aplikasi,, hingga saya membuat antrian panjang karena aplikasi error,, untuk akun saya dan istri saya, parah ini aplikasi",1,1,2.7.0,2025-12-08 19:51:33+00:00,"Hai, Kak Reza. Maaf atas ketidaknyamanannya. Kami akan selalu terus memperbaiki sistem demi mencapai kepuasan para pengguna aplikasi blu. Untuk kendala sebelumnya sudah berhasil ditangani. Silakan Kakak dapat mencoba kembali ya.",2025-12-08 20:22:40,2.7.0,Dataset/dataset\BLU_googleplay_DECEMBER_reviews.csv,login
c287acf5-9056-4697-8692-5bfceb55418a,Pengguna Google,https://play-lh.googleusercontent.com/EGemoI2NTXmTsBVtJqk8jxF9rh8ApRWfsIMQSt2uE4OcpQqbFu7f7NbTK05lx80nuSijCz7sc3a277R67g,kocak qris nya black screen,1,0,1.45.09,2025-12-31 14:37:07+00:00,"Hi Kak Sunny_Gaming TV, Mohon maaf mengenai kendala tidak bisa menggunakan QR. Pastikan telah menggunakan aplikasi ShopeePay terbaru & lakukan clear cache. Apabila masih berkendala mohon menghubungi kami melalui DM Instagram di @ShopeePay_ID untuk bantuan lebih lanjut dgn melampirkan foto/screenshot notifikasi kendala. ^CS",2025-12-31 15:24:40,1.45.09,Dataset/dataset\SHOPEEPAY_googleplay_DECEMBER_reviews.csv,qris
c3dc6bab-520f-4da3-87a5-e69dc6a9f0d7,Pengguna Google,https://play-lh.googleusercontent.com/EGemoI2NTXmTsBVtJqk8jxF9rh8ApRWfsIMQSt2uE4OcpQqbFu7f7NbTK05lx80nuSijCz7sc3a277R67g,tabeł pin tdak terbuka jd tdk bisa login ke gopay,5,0,1.61.2,2025-11-04 13:18:25+00:00,,,1.61.2,Dataset/dataset\GOPAY_googleplay_NOVEMBER_reviews.csv,login
845df85d-7482-4768-99af-e8caf8a62dfb,Pengguna Google,https://play-lh.googleusercontent.com/EGemoI2NTXmTsBVtJqk8jxF9rh8ApRWfsIMQSt2uE4OcpQqbFu7f7NbTK05lx80nuSijCz7sc3a277R67g,transfer dari shopeepay ke ovo masa kepotong 2k anying. Orang dari shopeenya free transfer ewallet,1,0,,2025-11-23 12:01:27+00:00,,,,Dataset/dataset\OVO_googleplay_NOVEMBER_reviews.csv,transfer
cb89047d-1a00-458f-8603-07b6b89677b6,Pengguna Google,https://play-lh.googleusercontent.com/EGemoI2NTXmTsBVtJqk8jxF9rh8ApRWfsIMQSt2uE4OcpQqbFu7f7NbTK05lx80nuSijCz7sc3a277R67g,buat verifikasi wajah jadi susah bgt.padahal terang tapi tetep aja ngga bisa abis di update malah makin parah,1,0,2.7.20,2025-12-28 13:22:21+00:00,"Hai, Kak Ade. Maaf atas ketidaknyamanannya. Kami akan selalu berusaha memberikan yang terbaik demi kebutuhan perbankan Kakak. Terkait hal tersebut pastikan beberapa hal berikut, pastikan Kakak tidak memakai sunglasses, di tempat yang terang, tidak backlight, posisi wajah di dalam lingkaran dan pastikan aplikasi blu versi terupdate ya.",2025-12-28 13:52:18,2.7.20,Dataset/dataset\BLU_googleplay_DECEMBER_reviews.csv,vermuk
f945fc56-36b9-42d6-8542-f91a36bb51b4,Pengguna Google,https://play-lh.googleusercontent.com/EGemoI2NTXmTsBVtJqk8jxF9rh8ApRWfsIMQSt2uE4OcpQqbFu7f7NbTK05lx80nuSijCz7sc3a277R67g,Pembohong TF gratis,5,0,3.143.0,2025-12-13 13:54:34+00:00,,,3.143.0,Dataset/dataset\OVO_googleplay_DECEMBER_reviews.csv,transfer
b9a39f88-00ad-478a-9232-e555d2473352,Pengguna Google,https://play-lh.googleusercontent.com/EGemoI2NTXmTsBVtJqk8jxF9rh8ApRWfsIMQSt2uE4OcpQqbFu7f7NbTK05lx80nuSijCz7sc3a277R67g,sangat bagus gampang kemana mana tinggal qris ngga ribet juga,5,0,1.57.0,2025-10-03 10:12:43+00:00,,,1.57.0,Dataset/dataset\GOPAY_googleplay_OCTOBER_reviews.csv,qris
40740e60-0cb0-4013-8f58-bc617656aefd,Pengguna Google,https://play-lh.googleusercontent.com/EGemoI2NTXmTsBVtJqk8jxF9rh8ApRWfsIMQSt2uE4OcpQqbFu7f7NbTK05lx80nuSijCz7sc3a277R67g,enak untuk transfer dan pembayaran2,5,0,8.78.0,2025-12-07 18:21:08+00:00,,,8.78.0,Dataset/dataset\JAGO_googleplay_DECEMBER_reviews.csv,transfer
dad53170-a018-467b-a44f-5fc0d5c29571,Pengguna Google,https://play-lh.googleusercontent.com/EGemoI2NTXmTsBVtJqk8jxF9rh8ApRWfsIMQSt2uE4OcpQqbFu7f7NbTK05lx80nuSijCz7sc3a277R67g,kenapa ga bisa qris,4,0,1.61.2,2025-10-30 13:21:23+00:00,,,1.61.2,Dataset/dataset\GOPAY_googleplay_OCTOBER_reviews.csv,qris
4dad1305-7133-4c65-ae70-1206254f6d22,Pengguna Google,https://play-lh.googleusercontent.com/EGemoI2NTXmTsBVtJqk8jxF9rh8ApRWfsIMQSt2uE4OcpQqbFu7f7NbTK05lx80nuSijCz7sc3a277R67g,top up eror,1,0,1.61.2,2025-11-02 14:57:28+00:00,"Hai Kak Taufik, mohon maaf atas ketidaknyamanannya. Pastikan nomor tujuan valid dan sudah menggunakan aplikasi GoPay versi terbaru ya. Jika masih berkendala, silakan laporkan melalui email ke customerservice@gopay.co.id dan cantumkan kode psr-25-306-1028-58289 pada subjek email. ^Miko",2025-11-02 17:29:15,1.61.2,Dataset/dataset\GOPAY_googleplay_NOVEMBER_reviews.csv,topup
7ffaf82e-a5cf-4630-a771-cdb7c68211cf,Pengguna Google,https://play-lh.googleusercontent.com/EGemoI2NTXmTsBVtJqk8jxF9rh8ApRWfsIMQSt2uE4OcpQqbFu7f7NbTK05lx80nuSijCz7sc3a277R67g,"Link verfikasi yang dikirim lewat email, sampai sekarang dak ada dikirim, susah mau login padahal sudah buat akun sebelumnya",1,0,1.40.06,2025-10-04 01:20:40+00:00,Hi Kak Vitaliadi. Kami memahami kendala tidak bisa login karena tidak menerima link verifikasi. Silakan mengisi formulir kendala login pada link berikut https://help.shopee.co.id/portal/webform/c31731974d32419d9cb383a199424e0c. Pastikan kakak tidak dalam keadaan login pada akun manapun saat mengisi formulir tersebut. ^EN,2025-10-06 11:30:43,1.40.06,Dataset/dataset\SHOPEEPAY_googleplay_OCTOBER_reviews.csv,login
aedd1efe-2d78-438e-a2ed-50af49fd6f69,Pengguna Google,https://play-lh.googleusercontent.com/EGemoI2NTXmTsBVtJqk8jxF9rh8ApRWfsIMQSt2uE4OcpQqbFu7f7NbTK05lx80nuSijCz7sc3a277R67g,"kenapa saya punya uang pas di transfer tdak masuk, pdahal sudah terpotong tolong di perbaikannya",1,2,3.147.0,2025-11-10 09:52:16+00:00,,,3.147.0,Dataset/dataset\OVO_googleplay_NOVEMBER_reviews.csv,transfer
8adab09c-a410-429c-a731-33353c89f02e,Pengguna Google,https://play-lh.googleusercontent.com/EGemoI2NTXmTsBVtJqk8jxF9rh8ApRWfsIMQSt2uE4OcpQqbFu7f7NbTK05lx80nuSijCz7sc3a277R67g,Re-login terus di update aplikasi ini,3,0,8.70.1,2025-10-03 12:26:15+00:00,"Halo, Jagoan! Mohon maaf atas ketidaknyamanannya. Kami mengerti atas pengalaman kurang baik yang kamu alami. Untuk membantu kamu lebih lanjut, mohon menghubungi Tanya Jago di 1500746 / 021-30000746 atau email ke tanya@jago.com untuk kami cek lebih lanjut terkait kendala tersebut. Kami tunggu laporan dari kamu ya.",2025-10-03 14:04:02,8.70.1,Dataset/dataset\JAGO_googleplay_OCTOBER_reviews.csv,login
e275ebaa-862f-4a0b-879a-4b3237dcfa3b,Pengguna Google,https://play-lh.googleusercontent.com/EGemoI2NTXmTsBVtJqk8jxF9rh8ApRWfsIMQSt2uE4OcpQqbFu7f7NbTK05lx80nuSijCz7sc3a277R67g,"Topup langsung dipotong Rp. 2.000,- 🤬 Transparan dong sampaikan biaya topup sekian",1,0,3.148.0,2025-11-23 14:01:05+00:00,,,3.148.0,Dataset/dataset\OVO_googleplay_NOVEMBER_reviews.csv,topup
f806e95b-a450-46fe-96f8-84f44cc528b2,Pengguna Google,https://play-lh.googleusercontent.com/EGemoI2NTXmTsBVtJqk8jxF9rh8ApRWfsIMQSt2uE4OcpQqbFu7f7NbTK05lx80nuSijCz7sc3a277R67g,"Gak bisa transfer ke Dana atau copay , hanya bisa bank",2,0,3.146.0,2025-10-30 21:23:32+00:00,,,3.146.0,Dataset/dataset\OVO_googleplay_OCTOBER_reviews.csv,transfer
ed22295d-55a8-4606-bae7-27fed0069dcd,Pengguna Google,https://play-lh.googleusercontent.com/EGemoI2NTXmTsBVtJqk8jxF9rh8ApRWfsIMQSt2uE4OcpQqbFu7f7NbTK05lx80nuSijCz7sc3a277R67g,setiap mau bayar pake Qris selalu gangguan teknis kecewa dh lama pake GOPAY tapi kaya gini😭😭😭,1,1,,2025-11-17 01:27:42+00:00,,,,Dataset/dataset\GOPAY_googleplay_NOVEMBER_reviews.csv,qris
7a5d80b5-a2a0-4f8c-b06d-d377b3518fdd,Pengguna Google,https://play-lh.googleusercontent.com/EGemoI2NTXmTsBVtJqk8jxF9rh8ApRWfsIMQSt2uE4OcpQqbFu7f7NbTK05lx80nuSijCz7sc3a277R67g,"kenapa layar aplikasi tertutup ? info saldo,top-up,transfer dan penarikan tidak bisa terlihat di aplikasi..",1,0,3.149.0,2025-12-14 07:59:37+00:00,,,3.149.0,Dataset/dataset\OVO_googleplay_DECEMBER_reviews.csv,transfer
526f63f9-51a5-448f-899a-e9289111e0b3,Pengguna Google,https://play-lh.googleusercontent.com/EGemoI2NTXmTsBVtJqk8jxF9rh8ApRWfsIMQSt2uE4OcpQqbFu7f7NbTK05lx80nuSijCz7sc3a277R67g,Terpercaya aplikasi aman limit sampe 15 juta tf gratis biaya,4,0,1.60.0,2025-10-16 17:26:26+00:00,,,1.60.0,Dataset/dataset\GOPAY_googleplay_OCTOBER_reviews.csv,transfer
60b7c6e7-a51f-4e8d-ab7d-499f205c6cf4,Pengguna Google,https://play-lh.googleusercontent.com/EGemoI2NTXmTsBVtJqk8jxF9rh8ApRWfsIMQSt2uE4OcpQqbFu7f7NbTK05lx80nuSijCz7sc3a277R67g,masa baru top up langsung di potong 2k emang lol,1,0,3.144.0,2025-10-18 13:35:46+00:00,,,3.144.0,Dataset/dataset\OVO_googleplay_OCTOBER_reviews.csv,topup
d613e7cb-c525-45b5-a753-f0a1c9cdc610,Pengguna Google,https://play-lh.googleusercontent.com/EGemoI2NTXmTsBVtJqk8jxF9rh8ApRWfsIMQSt2uE4OcpQqbFu7f7NbTK05lx80nuSijCz7sc3a277R67g,top up 2 hari yang lalu tapi saldonya belum masuk²,1,0,,2025-10-19 14:56:48+00:00,"Hai Kak @someone, pastikan nomor tujuan sudah benar, sudah cek halaman Riwayat, dan coba keluar dan masuk kembali ke aplikasi. Jika saldo masih belum masuk, silakan laporkan melalui menu Bantuan > ketik 'Top up GoPay saya belum masuk' > isi formulir dan cantumkan kode psr-25-292-0829-45834 pada bagian 'Ceritakan lebih lanjut'. ^Maura",2025-10-19 15:29:51,,Dataset/dataset\GOPAY_googleplay_OCTOBER_reviews.csv,topup
68f4950e-20ec-45c8-aa61-7c3e25552362,Pengguna Google,https://play-lh.googleusercontent.com/EGemoI2NTXmTsBVtJqk8jxF9rh8ApRWfsIMQSt2uE4OcpQqbFu7f7NbTK05lx80nuSijCz7sc3a277R67g,"tolonglah aplikasinya banyak bug, mau pindah perangkat pakai deteksi wajah saja rumit",3,0,,2025-10-24 13:20:49+00:00,"Hai, Kak Nico. Maaf atas ketidaknyamanannya. Kami akan selalu berusaha memberikan yang terbaik demi kebutuhan perbankan Kakak. Terkait hal tersebut pastikan beberapa hal berikut, pastikan Kakak tidak memakai sunglasses, di tempat yang terang, tidak backlight, posisi wajah di dalam lingkaran dan pastikan aplikasi blu versi terupdate ya.",2025-10-24 13:57:34,,Dataset/dataset\BLU_googleplay_OCTOBER_reviews.csv,vermuk
b38f4b36-99b3-4960-b2e5-4c45f051ba3d,Pengguna Google,https://play-lh.googleusercontent.com/EGemoI2NTXmTsBVtJqk8jxF9rh8ApRWfsIMQSt2uE4OcpQqbFu7f7NbTK05lx80nuSijCz7sc3a277R67g,tolong saya pas mau top up udah ada kan saldo nya pas mau pembayaran selalu ada notifikasi terdeteksi ada yg gak wajar dan itu dah 3 hari gimana ni tolong🙏,4,2,1.60.0,2025-11-09 20:25:31+00:00,,,1.60.0,Dataset/dataset\GOPAY_googleplay_NOVEMBER_reviews.csv,topup
1459f283-1c2c-411f-a3b2-b999b242d032,Pengguna Google,https://play-lh.googleusercontent.com/EGemoI2NTXmTsBVtJqk8jxF9rh8ApRWfsIMQSt2uE4OcpQqbFu7f7NbTK05lx80nuSijCz7sc3a277R67g,aplikasi ribet. salah pencet mau top up pake bca pencatnya briva ga bisa dibatalin harus nunggu 24 jam. aplikasi macam apa ini,1,0,,2025-10-10 06:11:13+00:00,"Hai Kak Eko, mohon maaf ya. Kritik dan saran yang kamu berikan akan menjadi masukan bagi kami untuk terus meningkatkan kualitas layanan kami ke depannya. Jika kamu memiliki pertanyaan atau kendala lainnya, silakan kunjungi menu Bantuan di aplikasi GoPay kamu. ^Maura",2025-10-10 11:33:50,,Dataset/dataset\GOPAY_googleplay_OCTOBER_reviews.csv,topup
8ddaadda-c6c8-4c9a-8d0e-33032011270d,Pengguna Google,https://play-lh.googleusercontent.com/EGemoI2NTXmTsBVtJqk8jxF9rh8ApRWfsIMQSt2uE4OcpQqbFu7f7NbTK05lx80nuSijCz7sc3a277R67g,"Ovo sekarang sering sekali eror/gangguan .. beberapa kali gue topUp sering gak masuk , nyangkut !! paraabb , pantesan rating nye sekarang anjlok , kualitas pelayanan nye HANCUR sekarang .. gue make ovo dari awal terbit nih ovo , sekarang malah kaya gini sering nyangkut kalo topUp 😤😤 GUE KASIH TAU BUAT LU SEMUA OVO ITU UDH ANCUR, SERING EROR GANGGUAN, SELALU BERMASALAH, GUE UDH BERKALI KALI TF KE REKENING SELALU NYANGKUT, DAN HARUS NUNGGU 4-5 HARI, SERING KAYA GINI OVO, TTAAEEEEEEEEE",1,1,3.144.0,2025-10-05 22:28:59+00:00,,,3.144.0,Dataset/dataset\OVO_googleplay_OCTOBER_reviews.csv,topup
23bbe0e9-4b8a-4d65-b94a-8b618cbb6ed7,Pengguna Google,https://play-lh.googleusercontent.com/EGemoI2NTXmTsBVtJqk8jxF9rh8ApRWfsIMQSt2uE4OcpQqbFu7f7NbTK05lx80nuSijCz7sc3a277R67g,uninstall aja dehh.. top up 1jt gk masuk.. sudah 24 jam saldo gk nambah.. respon dari CS lambat banget...,1,1,3.144.0,2025-10-08 01:11:47+00:00,,,3.144.0,Dataset/dataset\OVO_googleplay_OCTOBER_reviews.csv,topup
403e332b-1a21-433a-8256-6765255c502b,Pengguna Google,https://play-lh.googleusercontent.com/EGemoI2NTXmTsBVtJqk8jxF9rh8ApRWfsIMQSt2uE4OcpQqbFu7f7NbTK05lx80nuSijCz7sc3a277R67g,aplikasi sering berhenti dan meminta login berulang ulang sesi selalu habis,1,0,,2025-11-06 07:07:41+00:00,"Hai, Kak Dejan Sanjaya. Maaf atas ketidaknyamanannya. Kami akan selalu berusaha memberikan yang terbaik demi memenuhi kebutuhan perbankan Kakak. Terkait kendala tersebut boleh infokan detail kendala serta kirimkan gambar kendalanya ke X @haloblu atau email haloblu@bcadigital.co.id agar kami bisa bantu lebih lanjut ya.",2025-11-06 07:35:37,,Dataset/dataset\BLU_googleplay_NOVEMBER_reviews.csv,login
9c151341-4f99-4d21-90af-ec022c6bcf93,Pengguna Google,https://play-lh.googleusercontent.com/EGemoI2NTXmTsBVtJqk8jxF9rh8ApRWfsIMQSt2uE4OcpQqbFu7f7NbTK05lx80nuSijCz7sc3a277R67g,"Transaksi QRIS udah 6 Hari tidak ada refund & tindakan lanjut oleh pihak GOPAY , Bagi kalian ingin simpan uang untuk kebutuhan bulanan jangan sekali-kali pakai gopay , kalau pakai nasibmu sama kek saya , duit beli minyak & gass pakai QRIS tx berhasil tapi saldo kaga masuk ke pihak merchant bagian feedback refund malah tangapan nya nunggu bulan depan ,keburu mati gw ajg !!!! APLIKASI NIPU CUSTOMER.",1,3,1.62.0,2025-11-10 14:57:15+00:00,"Hai Kak Daniel, mohon maaf atas ketidaknyamanannya. Jika masih mengalami keluhan, silakan laporkan melalui email ke customerservice@gopay.co.id dengan melampirkan kode psr-25-314-1409-10064 pada subject email dan cantumkan nomor laporan sebelumnya serta ceritakan kembali detail permasalahannya. Kami tunggu detail laporan kamu ya. ^Miko",2025-11-10 21:09:28,1.62.0,Dataset/dataset\GOPAY_googleplay_NOVEMBER_reviews.csv,qris
5b821a52-5f11-4cf5-a0fc-208d4c763b85,Pengguna Google,https://play-lh.googleusercontent.com/EGemoI2NTXmTsBVtJqk8jxF9rh8ApRWfsIMQSt2uE4OcpQqbFu7f7NbTK05lx80nuSijCz7sc3a277R67g,ko saya tidak bisa login,3,0,,2025-12-16 17:37:41+00:00,"Halo Sahabat @Nana Suarna, mohon maaf atas ketidaknyamanannya. Apabila terdapat kendala agar dapat kami tindaklanjuti, Sahabat dapat mengirimkan email ke mandiricare@bankmandiri.co.id atau menghubungi layanan Mandiri Call 14000 ya. Tks~Alza",2025-12-16 17:43:19,,Dataset/dataset\LIVIN_googleplay_DECEMBER_reviews.csv,login
5e66440b-5d27-4442-a353-230694a05ce0,Pengguna Google,https://play-lh.googleusercontent.com/EGemoI2NTXmTsBVtJqk8jxF9rh8ApRWfsIMQSt2uE4OcpQqbFu7f7NbTK05lx80nuSijCz7sc3a277R67g,"saya transfer ke bank seabank di proses lama terus saya buat laporan di suruh nunggu 24 jam setelah menunggu keterangan berubah selesai sedangkan bank penerima belum masuk saldo nya terus saya chat cs nya udah bla² tapi hasil nya gak ada belum ada keterangan kejelasan nya uang nya emang gak seberapa , tetapi kenyamanan transaksi nya patut di pertanyaan kan lagi",1,7,1.60.0,2025-10-25 06:04:08+00:00,"Hai Kak Yono, mohon maaf atas ketidaknyamanannya. Jika kamu masih mengalami kendala, silakan laporkan melalui email ke customerservice@gopay.co.id dengan melampirkan kode psr-25-298-0037-11319 pada subject email dan cantumkan nomor laporan kamu sebelumnya pada email yang kamu kirimkan. Kami tunggu detail laporan kamu ya. ^Maura",2025-10-25 07:37:19,1.60.0,Dataset/dataset\GOPAY_googleplay_OCTOBER_reviews.csv,transfer
90c042aa-1fb7-43c1-8efd-e2460f63d2c6,Pengguna Google,https://play-lh.googleusercontent.com/EGemoI2NTXmTsBVtJqk8jxF9rh8ApRWfsIMQSt2uE4OcpQqbFu7f7NbTK05lx80nuSijCz7sc3a277R67g,"ini gimana sih ovo saya transfer ke bank dari pagi sampai sore kok gak masuk2 sih dalam proses terus, parah nih aplikasi..",1,0,3.144.0,2025-10-05 17:14:59+00:00,,,3.144.0,Dataset/dataset\OVO_googleplay_OCTOBER_reviews.csv,transfer
7e94da6e-ff7a-4edc-a4c6-20d4138a73bf,Pengguna Google,https://play-lh.googleusercontent.com/EGemoI2NTXmTsBVtJqk8jxF9rh8ApRWfsIMQSt2uE4OcpQqbFu7f7NbTK05lx80nuSijCz7sc3a277R67g,tidak bisa bayar pakai qris yang udah di screenshot,4,0,,2025-10-05 10:52:02+00:00,"Hai Kak Nandri, mohon maaf atas ketidaknyamanannya. Laporan yang kamu sampaikan akan menjadi masukan bagi kami untuk terus meningkatkan kualitas layanan kami ke depannya. Jika kamu memiliki pertanyaan atau kendala lainnya, silakan kunjungi menu Bantuan di aplikasi GoPay kamu atau email ke customerservice@gopay.co.id. ^Melisa",2025-08-31 23:20:53,,Dataset/dataset\GOPAY_googleplay_OCTOBER_reviews.csv,qris
21baafe3-d517-4d2d-a861-a4ca0ccbf899,Pengguna Google,https://play-lh.googleusercontent.com/EGemoI2NTXmTsBVtJqk8jxF9rh8ApRWfsIMQSt2uE4OcpQqbFu7f7NbTK05lx80nuSijCz7sc3a277R67g,"ga guna pakek apk ini, masak transfer ke bank lain nunggu 1-2 hari kerja, perasaan pakek aplikasi transfer lainnya gk gini, bener"" lelet, mana setiap tf ada adminnya gk kaya yg lain pada gratis, apk pelit dan gk rekomend bgt buat di pakek😑😑",1,0,3.149.0,2025-12-12 14:26:11+00:00,,,3.149.0,Dataset/dataset\OVO_googleplay_DECEMBER_reviews.csv,transfer
0cce7570-0779-411e-bb1e-9312c54a6fd8,Pengguna Google,https://play-lh.googleusercontent.com/EGemoI2NTXmTsBVtJqk8jxF9rh8ApRWfsIMQSt2uE4OcpQqbFu7f7NbTK05lx80nuSijCz7sc3a277R67g,transfer gabisa bayar pake QRIS ga bisa terus saldo gua gimana? apk ga worth it pantesan rating jelek emng apk pencuri jangan pake ovo dah dari pada nyesell,1,0,3.147.0,2025-11-14 00:57:48+00:00,,,3.147.0,Dataset/dataset\OVO_googleplay_NOVEMBER_reviews.csv,qris
e8963562-350b-4c84-ba81-f7294552ea01,Pengguna Google,https://play-lh.googleusercontent.com/EGemoI2NTXmTsBVtJqk8jxF9rh8ApRWfsIMQSt2uE4OcpQqbFu7f7NbTK05lx80nuSijCz7sc3a277R67g,"aku mau TF gk bisa, harus d upgrade ke Gopay Plus,, d Upgrade malah banyak kendala, katanya nunggu 24 jam utk bisa selesai,,sudah lebih dr 24 jam tp tetap gk bisa²,, kok tetep pemeriksaan Dokumen aja gk selesai²,, padahal sy perlu uang sy (saldo) tp gk bisa TF atau tarik",1,0,,2025-10-04 13:36:32+00:00,"Hai Kak Rahman, mohon maaf atas ketidaknyamanannya. Sebelum kamu mencoba upgrade ke GoPay Plus, pastikan dokumen serta foto selfie yang kamu kirim sudah sesuai dengan ketentuan GoPay. Jika masih tidak bisa, silakan laporkan detailnya melalui email ke customerservice@gopay.co.id dan lampirkan kode psr-25-277-0709-58968 pada subject email ya. ^Maura",2025-10-04 14:10:06,,Dataset/dataset\GOPAY_googleplay_OCTOBER_reviews.csv,transfer
32dc51af-3a54-428a-8eaa-8c619053396d,Pengguna Google,https://play-lh.googleusercontent.com/EGemoI2NTXmTsBVtJqk8jxF9rh8ApRWfsIMQSt2uE4OcpQqbFu7f7NbTK05lx80nuSijCz7sc3a277R67g,apalah saya top up geme free firee yang 100diamong dengan harga 16k dan ada tulisan uang akan terjamin di kembalikan uang eh pas top up uang malah gak di balikin padahal di diamond nya ada tulisan gratis dan uang akan di kembalikan,1,1,1.60.0,2025-10-27 13:54:09+00:00,"Hai Kak Raden, mohon maaf atas ketidaknyamanannya. Mengenai promo mengikuti syarat dan ketentuan yang berlaku. Apabila cashback belum masuk, mohon menunggu 1x24 jam terlebih dahulu. Selengkapnya dapat cek pada menu Bantuan di aplikasi GoPay > ketik ""Cashback saya belum masuk"" di kolom pencarian. ^Maura",2025-10-27 14:15:37,1.60.0,Dataset/dataset\GOPAY_googleplay_OCTOBER_reviews.csv,topup
d0ecdb9e-7466-4f2a-ab12-f01cb81723be,Pengguna Google,https://play-lh.googleusercontent.com/EGemoI2NTXmTsBVtJqk8jxF9rh8ApRWfsIMQSt2uE4OcpQqbFu7f7NbTK05lx80nuSijCz7sc3a277R67g,sangat membantu saya dalam hal keuangan seperti cek saldo transfer serta memberikan kemudahan bagu saya,5,0,3.1.0,2025-12-23 11:11:31+00:00,"Halo Sahabat @Ardian Putra, terima kasih atas review yang telah diberikan. Semoga terus menikmati kemudahan dan kenyamanan dalam menggunakan Livin' by Mandiri ya. Daftarkan transaksi secepat kilat pada menu Quick Pick untuk diakses pada halaman Login atau Beranda. Yuk coba sekarang. Tks~Irish


",2025-12-23 11:16:06,3.1.0,Dataset/dataset\LIVIN_googleplay_DECEMBER_reviews.csv,transfer
ef17659d-c740-42dd-97b8-f801da8d48a0,Pengguna Google,https://play-lh.googleusercontent.com/EGemoI2NTXmTsBVtJqk8jxF9rh8ApRWfsIMQSt2uE4OcpQqbFu7f7NbTK05lx80nuSijCz7sc3a277R67g,belom bisa topup gratis,4,0,1.59.0,2025-10-27 20:32:42+00:00,,,1.59.0,Dataset/dataset\GOPAY_googleplay_OCTOBER_reviews.csv,topup
375410b6-572d-41a2-ace9-f3c1433f2dce,Pengguna Google,https://play-lh.googleusercontent.com/EGemoI2NTXmTsBVtJqk8jxF9rh8ApRWfsIMQSt2uE4OcpQqbFu7f7NbTK05lx80nuSijCz7sc3a277R67g,"dana masih ada 1 juta di ovo, ovonya g bisa login... parah ni apk, kemana mau protes buat balikin dananya...",1,0,3.144.0,2025-10-06 23:41:46+00:00,,,3.144.0,Dataset/dataset\OVO_googleplay_OCTOBER_reviews.csv,login
d9290d14-430f-48e9-aecf-048b777eb2f8,Pengguna Google,https://play-lh.googleusercontent.com/EGemoI2NTXmTsBVtJqk8jxF9rh8ApRWfsIMQSt2uE4OcpQqbFu7f7NbTK05lx80nuSijCz7sc3a277R67g,"saldo nyangkut 1.2 JT saldo sudah terpotong padahal TF ke rekening sendiri sudah dua hari masih proses kagak jelas, buruk memang ovo ini, dasar pencuri",1,0,3.145.0,2025-10-28 12:54:01+00:00,,,3.145.0,Dataset/dataset\OVO_googleplay_OCTOBER_reviews.csv,transfer
b8cd88e1-7ce9-4e48-bb98-0a2e963cac9f,Pengguna Google,https://play-lh.googleusercontent.com/EGemoI2NTXmTsBVtJqk8jxF9rh8ApRWfsIMQSt2uE4OcpQqbFu7f7NbTK05lx80nuSijCz7sc3a277R67g,"login nya muter muter,udah login 1 kali,sudah juga di setujui dari chrome,pas balik ke aplikasi nya, di suruh login lagi idah saya coba 15 kalo tapi tetep gak bisa login emang ngen.....",1,11,1.44.04,2025-12-07 22:33:02+00:00,"Hi Kak Mahmud. Mohon maaf atas kendala yang Kakak alami. Untuk kendala tersebut, kami sarankan menutup aplikasi/force close. Pastikan juga kondisi internet stabil serta ketersediaan memori dan RAM perangkat mencukupi. Jika kedepannya masih ada kendala, silakan hubungi kami di DM Instagram @ShopeePay_ID. Semoga membantu ^CS",2025-12-08 10:48:55,1.44.04,Dataset/dataset\SHOPEEPAY_googleplay_DECEMBER_reviews.csv,login
f1fddf1f-87e7-4a6f-8ea2-c9114a968b3c,Pengguna Google,https://play-lh.googleusercontent.com/EGemoI2NTXmTsBVtJqk8jxF9rh8ApRWfsIMQSt2uE4OcpQqbFu7f7NbTK05lx80nuSijCz7sc3a277R67g,"aplikasi rusak, topup bukannya masuk itemnya mlh hangus duitnya. udh dua kali duitku hangus di aplikasi ini, lapor ke cs nya sama aja ga balik duitku",1,0,1.62.0,2025-11-18 07:23:53+00:00,"Hai Kak Risma, mohon maaf atas ketidaknyamanannya. Jika kamu masih mengalami kendala, silakan laporkan melalui email ke customerservice@gopay.co.id dengan melampirkan kode psr-25-322-0048-14348 pada subject email dan cantumkan nomor laporan kamu sebelumnya pada email yang kamu kirimkan. Kami tunggu detail laporan kamu ya. ^Maura",2025-11-18 07:48:20,1.62.0,Dataset/dataset\GOPAY_googleplay_NOVEMBER_reviews.csv,topup
4ba603de-d1c6-41cc-860c-88bc897e8a16,Pengguna Google,https://play-lh.googleusercontent.com/EGemoI2NTXmTsBVtJqk8jxF9rh8ApRWfsIMQSt2uE4OcpQqbFu7f7NbTK05lx80nuSijCz7sc3a277R67g,"BOBROK BGT NIH APK ANDAI RATE BISA PAKE FOTO KU TUNJUKIN KE GA GUNAKAN NIH APK BAYANGIN AKU UDH PALTINUM. DPT CS PRIORITAS TAPI GA GNA!!! HARI INI AKU ADA MSLH TF DAN UDH DRI JAM 1 SEKARANG JAM 10 GA JLS PENDING PDHL. SALDO UDH KEPOTONG DRI TDI MLM CHAT CS GA GUNA GAADA KEJELASAN BIKIN EMOSI DOANG INI APK ""MEMPERSULIT PENGGUNA"" BUKAN MEMPERMUDAH!!!! TRANSAKSI PENDING SMPE 10 JAM. HEBAT KAN",1,0,,2025-11-27 10:00:48+00:00,"Hi Kak Vira. Mohon maaf atas kendala transfer saldo ShopeePay yang belum diterima. Terkait kendala tersebut mohon menghubungi kami melalui DM ke Instagram @ShopeePay_ID yang bercentang biru, dengan melampirkan bukti transfer yang terkendala untuk bantuan lebih lanjut. Semoga kendala kakak segera terselesaikan ya. ^CS",2025-11-27 13:44:12,,Dataset/dataset\SHOPEEPAY_googleplay_NOVEMBER_reviews.csv,transfer
2bd932f4-f3a8-45c5-957a-a97961583c72,Pengguna Google,https://play-lh.googleusercontent.com/EGemoI2NTXmTsBVtJqk8jxF9rh8ApRWfsIMQSt2uE4OcpQqbFu7f7NbTK05lx80nuSijCz7sc3a277R67g,kembali kan uang aku TF terkirim tapi di aplikasi ovo nya gak ada,1,0,,2025-10-07 19:45:48+00:00,,,,Dataset/dataset\OVO_googleplay_OCTOBER_reviews.csv,transfer
5d79bccc-1801-423e-812d-3ec2a4040d50,Pengguna Google,https://play-lh.googleusercontent.com/EGemoI2NTXmTsBVtJqk8jxF9rh8ApRWfsIMQSt2uE4OcpQqbFu7f7NbTK05lx80nuSijCz7sc3a277R67g,saya kehilangan uang saya saat melakukan transfer dari ovo ke bank di riwayat history ovonya juga tidak ada saya mencoba melapor ke formulir yang disediakan buttonnya tidak bisa ditekan Tolong perbaiki aplikasi ini dan kembalikan uang saya,1,0,3.145.0,2025-10-27 19:39:49+00:00,,,3.145.0,Dataset/dataset\OVO_googleplay_OCTOBER_reviews.csv,transfer
01f960a9-0567-46e1-8e54-6bee5941b580,Pengguna Google,https://play-lh.googleusercontent.com/EGemoI2NTXmTsBVtJqk8jxF9rh8ApRWfsIMQSt2uE4OcpQqbFu7f7NbTK05lx80nuSijCz7sc3a277R67g,transaksi qris dari pihak gopay berhasil dan sukses ke penyedia qris gak masuk saya mengalami sudah 2 kali tetapi tidak ada pengembalian dari pihak gopay. cs nya memberikan jwban yg ber ulang2 yg sulit di pahami !!!!,1,0,1.64.0,2025-11-19 18:40:42+00:00,"Hai Kak Adi, mohon maat atas ketidaknyamanannya. Jika kamu masih mengalami kendala, silakan laporkan melalui email ke customerservice@gopay.co.id dengan melampirkan kode psr-25-323-1243-37519 pada subject email dan cantumkan nomor laporan kamu sebelumnya pada email yang kamu kirimkan. Kami tunggu detail laporan kamu ya. ^Melisa",2025-11-19 19:43:44,1.64.0,Dataset/dataset\GOPAY_googleplay_NOVEMBER_reviews.csv,qris
f60b9111-420d-4319-9897-00e51da40217,Pengguna Google,https://play-lh.googleusercontent.com/EGemoI2NTXmTsBVtJqk8jxF9rh8ApRWfsIMQSt2uE4OcpQqbFu7f7NbTK05lx80nuSijCz7sc3a277R67g,akun saya tidak bisa login kembali. karena nomer HPnya sudah gak ada gak bisa dipake lagi gara gara hpnya kena maling. sarannya gimna dong biar bisa pake akun saya lagi. karena NIKnya udah terdaftar disituh,3,0,,2025-12-25 13:20:44+00:00,"Halo, Jagoan! Mohon maaf atas kendala yang kamu alami ya. Saya mengerti situasi sulit ini mengganggu kamu. Mohon kesediaannya mengirimkan email ke tanya@jago.com dengan melampirkan bukti foto/tangkapan layar kendala kamu. Agar dapat segera kami bantu.",2025-12-25 13:36:04,,Dataset/dataset\JAGO_googleplay_DECEMBER_reviews.csv,login
07464b36-739d-42dc-8cb0-9823a6f5002e,Pengguna Google,https://play-lh.googleusercontent.com/EGemoI2NTXmTsBVtJqk8jxF9rh8ApRWfsIMQSt2uE4OcpQqbFu7f7NbTK05lx80nuSijCz7sc3a277R67g,baru kali ini gua top up udah 24jam saldo gk masuk padahal Riwayat transaksi dari pengirim udah sukses,1,0,,2025-11-18 01:01:37+00:00,"Hai Kak @Dewek 123, pastikan nomor tujuan sudah benar, sudah cek halaman Riwayat, dan coba keluar dan masuk kembali ke aplikasi. Jika saldo masih belum masuk, silakan laporkan melalui menu Bantuan > ketik 'Top up GoPay saya belum masuk' > isi formulir dan cantumkan kode psr-25-322-0001-06620 pada bagian 'Ceritakan lebih lanjut'. ^Maura",2025-11-18 07:01:13,,Dataset/dataset\GOPAY_googleplay_NOVEMBER_reviews.csv,topup
8406374b-e672-4734-847f-0026090206b9,Pengguna Google,https://play-lh.googleusercontent.com/EGemoI2NTXmTsBVtJqk8jxF9rh8ApRWfsIMQSt2uE4OcpQqbFu7f7NbTK05lx80nuSijCz7sc3a277R67g,"payah baru hari top up shoopepay dri dana tpi saldo gamasuk masuk , dri dana nya udah sukses berhasil tpi saldo ke Shopeepay nya gak ada tolong perbaiki sistem nya jgn telat lambat,",4,5,1.45.09,2025-12-19 11:06:49+00:00,"Hi Kak Nm07. Mohon maaf atas kendala Top Up ShopeePay yang belum diterima. Jika hingga saat ini Top Up masih belum diterima mohon menghubungi kami melalui DM ke Instagram @ShopeePay_ID yang bercentang biru, dengan melampirkan bukti bayar Top Up tersebut untuk bantuan lebih lanjut. Semoga kendala kakak segera terselesaikan ya. ^CS",2025-12-19 13:51:50,1.45.09,Dataset/dataset\SHOPEEPAY_googleplay_DECEMBER_reviews.csv,topup
196739bf-3a09-474a-86d8-2fc6d86b3865,Pengguna Google,https://play-lh.googleusercontent.com/EGemoI2NTXmTsBVtJqk8jxF9rh8ApRWfsIMQSt2uE4OcpQqbFu7f7NbTK05lx80nuSijCz7sc3a277R67g,"aplikasi parah susah login,susah daftar.... hapus saja dari playstore",1,0,3.149.0,2025-12-12 18:14:38+00:00,,,3.149.0,Dataset/dataset\OVO_googleplay_DECEMBER_reviews.csv,login
1f772604-1982-4ead-8b41-21d9cc646e59,Pengguna Google,https://play-lh.googleusercontent.com/EGemoI2NTXmTsBVtJqk8jxF9rh8ApRWfsIMQSt2uE4OcpQqbFu7f7NbTK05lx80nuSijCz7sc3a277R67g,kereen suka pakai shopeepay serba grtis transfer nya,5,0,1.42.03,2025-11-13 16:13:34+00:00,"Hi Kak. Terima kasih telah menggunakan ShopeePay. Mari cek aplikasi ShopeePay karena banyak fitur yang mempermudah keseharian kakak seperti pembelian pulsa, paket data, pembayaran tagihan listrik dan pembayaran lainnya. Jika kakak memiliki pertanyaan seputar ShopeePay, mohon DM kami di Instagram @ShopeePay_ID ya. Semoga harimu menyenangkan ^RJ",2025-11-14 09:21:10,1.42.03,Dataset/dataset\SHOPEEPAY_googleplay_NOVEMBER_reviews.csv,transfer
b6d1c01a-c8cf-4ab9-9964-2375f04024c1,Pengguna Google,https://play-lh.googleusercontent.com/EGemoI2NTXmTsBVtJqk8jxF9rh8ApRWfsIMQSt2uE4OcpQqbFu7f7NbTK05lx80nuSijCz7sc3a277R67g,"terlalu gila potongan aplikasi ovo ini , ngirim ke bank kena potong , top up dari bank juga kena potong , masa kalah sama aplikasi dana sama gopay , gak pernah ada potongan sama sekali ,",1,0,3.147.0,2025-11-29 18:06:23+00:00,,,3.147.0,Dataset/dataset\OVO_googleplay_NOVEMBER_reviews.csv,topup
e0222645-04f5-4a81-8173-d10a436f0d42,Pengguna Google,https://play-lh.googleusercontent.com/EGemoI2NTXmTsBVtJqk8jxF9rh8ApRWfsIMQSt2uE4OcpQqbFu7f7NbTK05lx80nuSijCz7sc3a277R67g,ini gopay lagi ngebut ya kok saya top up 52 yang masuk cuman 50 doang padahal bayar ke kasirnya 53,4,0,1.64.1,2025-11-28 17:48:53+00:00,,,1.64.1,Dataset/dataset\GOPAY_googleplay_NOVEMBER_reviews.csv,topup
b16d51bd-9d02-437b-8862-cd3a1909367a,Pengguna Google,https://play-lh.googleusercontent.com/EGemoI2NTXmTsBVtJqk8jxF9rh8ApRWfsIMQSt2uE4OcpQqbFu7f7NbTK05lx80nuSijCz7sc3a277R67g,verivikasi wajah kaya tak susah nya minta ampun !!!!!,1,0,3.2.0,2025-12-12 21:30:32+00:00,"Hi Sahabat @YASIER Chanel, mohon maaf ketidaknyamanannya. Sahabat dpt mencoba kembali dgn memastikan pencahayaan baik dan wajah tdk terlalu dekat dgn kamera. Apabila masih kendala, dpt mengirimkan email ke mandiricare@bankmandiri.co.id atau menghubungi mandiri call 14000. Tks~Amar",2025-12-12 21:34:33,3.2.0,Dataset/dataset\LIVIN_googleplay_DECEMBER_reviews.csv,vermuk
e173c54a-8fb3-460a-a13c-ae7bde18cd7b,Pengguna Google,https://play-lh.googleusercontent.com/EGemoI2NTXmTsBVtJqk8jxF9rh8ApRWfsIMQSt2uE4OcpQqbFu7f7NbTK05lx80nuSijCz7sc3a277R67g,buruk untuk tf antar bank uang saya nyangkut pdhal mau dpake uangnya mlah dlam proses trus,1,0,1.25.08,2025-11-23 14:13:43+00:00,"Hi Kak Ketut sila. Mohon maaf atas kendala transfer ShopeePay ke rekening bank yang belum diterima. Terkait kendala tersebut mohon menghubungi kami melalui DM ke Instagram @ShopeePay_ID yang bercentang biru, dengan melampirkan bukti transfer yang terkendala untuk bantuan lebih lanjut. Semoga kendala kakak segera terselesaikan ya. ^CS",2025-11-24 14:39:50,1.25.08,Dataset/dataset\SHOPEEPAY_googleplay_NOVEMBER_reviews.csv,transfer
788ffa6d-495f-4468-8adb-d18ad5e03d01,Pengguna Google,https://play-lh.googleusercontent.com/EGemoI2NTXmTsBVtJqk8jxF9rh8ApRWfsIMQSt2uE4OcpQqbFu7f7NbTK05lx80nuSijCz7sc3a277R67g,"HALLO OVO Kenapa mudah sekali OVO Kena bajak hanya menanyakan nomor ovo dan akun ovo malah pindah tangan, saya mengalami hal tidak menyenangkan, oknum customer minta nomor ovo dengan dalih mau kasih tifs tapi malah akun saya dia ambil, harusnya ada verivikasi muka seperti gopay dan ada notifikasi ke email , sanggat mengecewakan dan laporan via emailpun gak ada jawaban",1,0,,2025-11-28 19:28:40+00:00,,,,Dataset/dataset\OVO_googleplay_NOVEMBER_reviews.csv,vermuk
cd7c06bd-37a4-4716-8a9b-f133736c8196,Pengguna Google,https://play-lh.googleusercontent.com/EGemoI2NTXmTsBVtJqk8jxF9rh8ApRWfsIMQSt2uE4OcpQqbFu7f7NbTK05lx80nuSijCz7sc3a277R67g,mau login aja Sush sistem eroro mulu,1,0,3.147.0,2025-11-15 23:00:22+00:00,,,3.147.0,Dataset/dataset\OVO_googleplay_NOVEMBER_reviews.csv,login
389e406f-d8f3-41ac-bba6-481fb93387ab,Pengguna Google,https://play-lh.googleusercontent.com/EGemoI2NTXmTsBVtJqk8jxF9rh8ApRWfsIMQSt2uE4OcpQqbFu7f7NbTK05lx80nuSijCz7sc3a277R67g,guys ada yang sama ga? saya pembayaran lewat qris tapi dalam proses terus sedangkan saldo saya sudah terpotong sudah saya cari caranya tapi tidak berhasil saldo saya tidak kembali sedangkan pembayaran saja masih proses belum berhasil. ada yang tau gimana caranya ngebalikin saldonya? saya jadi takut deh pakai aplikasi ovo,1,0,,2025-10-16 11:10:57+00:00,,,,Dataset/dataset\OVO_googleplay_OCTOBER_reviews.csv,qris
cc5a8443-7aad-4b90-995e-6dc3259bd9f6,Pengguna Google,https://play-lh.googleusercontent.com/EGemoI2NTXmTsBVtJqk8jxF9rh8ApRWfsIMQSt2uE4OcpQqbFu7f7NbTK05lx80nuSijCz7sc3a277R67g,apakah trouble tgl 2 NOV ? saya kirim transfer sejak tgl itu sampai sekarang belum terkirim? apakah ada solusi dari saldo saya ?,1,0,3.146.0,2025-11-04 10:31:32+00:00,,,3.146.0,Dataset/dataset\OVO_googleplay_NOVEMBER_reviews.csv,transfer
081a99e1-ccac-4eb5-b7f6-2aaeeeecdad4,Pengguna Google,https://play-lh.googleusercontent.com/EGemoI2NTXmTsBVtJqk8jxF9rh8ApRWfsIMQSt2uE4OcpQqbFu7f7NbTK05lx80nuSijCz7sc3a277R67g,"Kenapa baru semalam saya updet apk ovo nya malah jdi bug, padahal sbelum updet baik baik saja normal, skrg malah ngebug menu di atas sperti transfer dan lainy jdi gak muncul, tlong di perbaiki lgi buat para deloper ovo, jgan bentar bentar updet malah jdi rusak, mhon perhatianya deloper ovo, saya sgat kesal atas kejadian ini",1,74,3.150.0,2025-12-23 09:26:24+00:00,,,3.150.0,Dataset/dataset\OVO_googleplay_DECEMBER_reviews.csv,transfer
ad4306e1-95d3-4b35-a1dc-d80c49be2a6e,Pengguna Google,https://play-lh.googleusercontent.com/EGemoI2NTXmTsBVtJqk8jxF9rh8ApRWfsIMQSt2uE4OcpQqbFu7f7NbTK05lx80nuSijCz7sc3a277R67g,"gw TF kaga bisa bisa ,harus nunggu dulu gimana si gopay ,bego",1,0,1.61.2,2025-10-29 21:36:00+00:00,"Hai Kak Arya, sebelum transfer, pastikan status upgrade GoPay Plus sudah 'Diterima', nomor penerima valid dan tidak terblokir. Jika masih bermasalah, silakan kunjungi menu Bantuan di aplikasi GoPay atau email ke customerservice@gopay.co.id dan cantumkan kode psr-25-302-1537-18197 pada subjek email. ^Melisa",2025-10-29 22:37:28,1.61.2,Dataset/dataset\GOPAY_googleplay_OCTOBER_reviews.csv,transfer
9dc64bd6-42fe-4252-b8c6-a3eeca56fbc1,Pengguna Google,https://play-lh.googleusercontent.com/EGemoI2NTXmTsBVtJqk8jxF9rh8ApRWfsIMQSt2uE4OcpQqbFu7f7NbTK05lx80nuSijCz7sc3a277R67g,knapa si aplikasi nya ya kok asal melakukan pembayaran pke QRIS gak bisa,1,1,1.59.0,2025-10-08 02:56:21+00:00,"Hai Kak @Achiil Thenfight, maaf atas ketidaknyamanannya. Pastikan kamu menggunakan aplikasi GoPay versi terbaru dan kode QR yang dipindai berasal dari merchant yang menerima pembayaran melalui kode GoPay. Jika masih berkendala, laporkan melalui email ke customerservice@gopay.co.id dan cantumkan kode psr-25-281-0338-14695 pada subjek email. ^Maura",2025-10-08 10:38:21,1.59.0,Dataset/dataset\GOPAY_googleplay_OCTOBER_reviews.csv,qris
b2fb7364-bc0f-4ee9-8d77-11aee3b2ee2f,Pengguna Google,https://play-lh.googleusercontent.com/EGemoI2NTXmTsBVtJqk8jxF9rh8ApRWfsIMQSt2uE4OcpQqbFu7f7NbTK05lx80nuSijCz7sc3a277R67g,"apl ter tolol se dunia..top up kepotong,..trf apalagi...",1,0,3.150.0,2025-12-29 08:45:05+00:00,,,3.150.0,Dataset/dataset\OVO_googleplay_DECEMBER_reviews.csv,topup
07b05a9d-7028-4fc2-8f7b-06681bf1916b,Pengguna Google,https://play-lh.googleusercontent.com/EGemoI2NTXmTsBVtJqk8jxF9rh8ApRWfsIMQSt2uE4OcpQqbFu7f7NbTK05lx80nuSijCz7sc3a277R67g,"susah banget mau masuk akun sendiri, soalnya ribet udah kode otp , masih diminta verifikasi wajah,yg buat susah verifikasi wajah akun saya pake wajah orang tua saya , pokoknya ribet lah, mohon jgn terlalu sulit sulit lah buat masuk akun",1,8,1.40.06,2025-10-19 16:14:12+00:00,"Hi Kak Ragil. Mohon maaf atas kendala login akun menggunakan verifikasi wajah. Verifikasi wajah merupakan bagian dari sistem keamanan akun ya, Jika kakak terkendala saat proses login, mohon menghubungi kami melalui DM ke Instagram @ShopeePay_ID yang bercentang biru dengan melampirkan bukti foto kendala tersebut, Kami siap membantu. ^CS",2025-10-20 11:11:19,1.40.06,Dataset/dataset\SHOPEEPAY_googleplay_OCTOBER_reviews.csv,vermuk
c021159b-e508-44fb-9533-bbc58e087144,Pengguna Google,https://play-lh.googleusercontent.com/EGemoI2NTXmTsBVtJqk8jxF9rh8ApRWfsIMQSt2uE4OcpQqbFu7f7NbTK05lx80nuSijCz7sc3a277R67g,"Sebenarnya ovo masih banyak kurangnya gak bisa transaksi transfer saldo ke dana ,gopay kalo bisa pasti lebih menarik",5,0,3.148.0,2025-12-01 03:59:30+00:00,,,3.148.0,Dataset/dataset\OVO_googleplay_DECEMBER_reviews.csv,transfer
c7e846ea-292a-4bf4-9490-8da50eb8de52,Pengguna Google,https://play-lh.googleusercontent.com/EGemoI2NTXmTsBVtJqk8jxF9rh8ApRWfsIMQSt2uE4OcpQqbFu7f7NbTK05lx80nuSijCz7sc3a277R67g,gagal login kenala lagi ni aplikasi hadeh,1,0,3.149.0,2025-12-12 21:56:42+00:00,,,3.149.0,Dataset/dataset\OVO_googleplay_DECEMBER_reviews.csv,login
40ea2936-eb17-4bec-a3fa-c4193110ffca,Pengguna Google,https://play-lh.googleusercontent.com/EGemoI2NTXmTsBVtJqk8jxF9rh8ApRWfsIMQSt2uE4OcpQqbFu7f7NbTK05lx80nuSijCz7sc3a277R67g,tidak bisa tarik tunai dan tidak bisa transfer. kenapa aplikasi ini,1,0,3.146.0,2025-11-07 14:58:37+00:00,,,3.146.0,Dataset/dataset\OVO_googleplay_NOVEMBER_reviews.csv,transfer
f2ad68b1-d8a4-4384-a7ad-19236ed2f7d0,Pengguna Google,https://play-lh.googleusercontent.com/EGemoI2NTXmTsBVtJqk8jxF9rh8ApRWfsIMQSt2uE4OcpQqbFu7f7NbTK05lx80nuSijCz7sc3a277R67g,"ovo saya tolong balikin ke ovo cash saya belom daftar ovo nabung kenapa saldonya masuk ovo nabung ..ribet ..jadi gak bisa transaksi,aplikasi aneh gak bisa login lewat hp lain .harus download super bank dan verifikasi .udah kalo setiap transaksi pake admin mau login di hp lain susah ,,telpon cs nya udh habis banyak pulsa jawaban nya muter muter gak ceper di tangani ,di pesan email gak bisa gak di respon .pokok nya parah ni aplikasi kuno ..",1,15,3.149.0,2025-12-20 23:57:14+00:00,,,3.149.0,Dataset/dataset\OVO_googleplay_DECEMBER_reviews.csv,login
5d98d006-3dad-4340-8b2c-e0c371897db9,Pengguna Google,https://play-lh.googleusercontent.com/EGemoI2NTXmTsBVtJqk8jxF9rh8ApRWfsIMQSt2uE4OcpQqbFu7f7NbTK05lx80nuSijCz7sc3a277R67g,"payah lh livin. buat masuk pake verifikasi muka ajj susah bgt. mata org udah ngedip sampe sakit matapun gx bisa"". parah. HP udh bagus jg masih lemot",2,0,3.1.0,2025-11-05 15:42:46+00:00,"Halo Sahabat @Randy Andrandika, mohon maaf atas ketidaknyamannya. Untuk perihal kendala pada layanan Livin' by Mandiri, mohon untuk dapat mengirimkan email ke mandiricare@bankmandiri.co.id atau dapat menghubungi layanan mandiri 14000 agar dapat dilakukan pengecekan. Tks~Irish",2025-11-05 15:55:18,3.1.0,Dataset/dataset\LIVIN_googleplay_NOVEMBER_reviews.csv,vermuk
93117318-e02e-4e11-8615-8013d7287a3f,Pengguna Google,https://play-lh.googleusercontent.com/EGemoI2NTXmTsBVtJqk8jxF9rh8ApRWfsIMQSt2uE4OcpQqbFu7f7NbTK05lx80nuSijCz7sc3a277R67g,"ovo apk gajelas suka makan uang kita, malem di tf dari orang malah ga masuk masuk anehh",1,0,,2025-10-09 21:03:18+00:00,,,,Dataset/dataset\OVO_googleplay_OCTOBER_reviews.csv,transfer
406cf0d7-515b-4866-add2-2f929cccbd74,Pengguna Google,https://play-lh.googleusercontent.com/EGemoI2NTXmTsBVtJqk8jxF9rh8ApRWfsIMQSt2uE4OcpQqbFu7f7NbTK05lx80nuSijCz7sc3a277R67g,top up gem nya lumayan murah,5,0,1.62.0,2025-11-07 13:42:13+00:00,,,1.62.0,Dataset/dataset\GOPAY_googleplay_NOVEMBER_reviews.csv,topup
3908ab89-28ba-4867-86cc-780131d5eb82,Pengguna Google,https://play-lh.googleusercontent.com/EGemoI2NTXmTsBVtJqk8jxF9rh8ApRWfsIMQSt2uE4OcpQqbFu7f7NbTK05lx80nuSijCz7sc3a277R67g,susah scan qris,1,0,8.74.0,2025-10-08 19:11:06+00:00,"Halo, Jagoan. Mohon maaf atas kendala yang terjadi ya. Kamu tidak perlu khawatir, kamu bisa menjelaskan detail kendala tersebut melalui email di tanya@jago.com atau call center 1500 746 untuk kami bantu tangani lebih lanjut. Terima kasih :)",2025-10-08 20:05:06,8.74.0,Dataset/dataset\JAGO_googleplay_OCTOBER_reviews.csv,qris
c8fcedc9-edab-4b2c-910e-b01232b5f042,Pengguna Google,https://play-lh.googleusercontent.com/EGemoI2NTXmTsBVtJqk8jxF9rh8ApRWfsIMQSt2uE4OcpQqbFu7f7NbTK05lx80nuSijCz7sc3a277R67g,"top up ke ovo dari bca,,, terkirim tp ga masuk ke ovo,,, gmn ni ovo,,,,,,",1,0,,2025-10-08 08:07:02+00:00,,,,Dataset/dataset\OVO_googleplay_OCTOBER_reviews.csv,topup
d3dfce40-0871-47a9-8fb6-74a3010ab10d,Pengguna Google,https://play-lh.googleusercontent.com/EGemoI2NTXmTsBVtJqk8jxF9rh8ApRWfsIMQSt2uE4OcpQqbFu7f7NbTK05lx80nuSijCz7sc3a277R67g,"Saya pengguna OVO sdh hampir 5 tahun, selama ini kalau untuk transaksi tidak pernah ada kendala aman2 saja, yg bikin kesel itu kalau soal reward / cashback nya seringkali tidak dapat terutama cashback dengan alasan kuota( e wallet lain tdk sperti OVO ), Terus juga iklan di medsos besar2 gratis biaya transfer kemana saja yg gratis itu cuma antar pengguna OVO saja kalau ke bank atau e wallet lain biaya transfer nya paling mahal 2500/transaksi di banding Gopay dan shoope pay bahkan mereka gratis",2,11,3.146.0,2025-10-30 18:36:30+00:00,,,3.146.0,Dataset/dataset\OVO_googleplay_OCTOBER_reviews.csv,transfer
c1b1bab1-700f-415e-ac4b-a67e86838768,Pengguna Google,https://play-lh.googleusercontent.com/EGemoI2NTXmTsBVtJqk8jxF9rh8ApRWfsIMQSt2uE4OcpQqbFu7f7NbTK05lx80nuSijCz7sc3a277R67g,"maaf kak jaringan bagus, tpi topup nya ngga masuk, kasih bintang 1 dlu kalo udh dibenerin sya tambah lagi bintang nya.",1,0,1.64.0,2025-11-22 19:28:08+00:00,"Hai Kak @Covid, pastikan nomor tujuan sudah benar, sudah cek halaman Riwayat, dan coba keluar dan masuk kembali ke aplikasi. Jika saldo masih belum masuk, silakan laporkan melalui menu Bantuan > ketik 'Top up GoPay saya belum masuk' > isi formulir dan cantumkan kode psr-25-326-1239-37209 pada bagian 'Ceritakan lebih lanjut'. ^Maura",2025-11-22 19:39:42,1.64.0,Dataset/dataset\GOPAY_googleplay_NOVEMBER_reviews.csv,topup
16ab02f9-371f-477d-a38d-a4a29e69b866,Pengguna Google,https://play-lh.googleusercontent.com/EGemoI2NTXmTsBVtJqk8jxF9rh8ApRWfsIMQSt2uE4OcpQqbFu7f7NbTK05lx80nuSijCz7sc3a277R67g,"hati2 klw mau make ovo, transfer ke bank suka di pending , sampe berhari2.",1,0,3.148.0,2025-12-04 21:58:05+00:00,,,3.148.0,Dataset/dataset\OVO_googleplay_DECEMBER_reviews.csv,transfer
03060768-9c01-4d4d-a6ee-063075b613f5,Pengguna Google,https://play-lh.googleusercontent.com/EGemoI2NTXmTsBVtJqk8jxF9rh8ApRWfsIMQSt2uE4OcpQqbFu7f7NbTK05lx80nuSijCz7sc3a277R67g,tidak bisa menyelesaikan masalah salah transfer yang penerimanya tidak mau mengembalikan,1,0,1.60.0,2025-10-07 01:18:35+00:00,"Hai Kak Oki, sesuai Syarat & Ketentuan GoPay, jika terjadi kesalahan isi/transfer dan sudah berhasil, maka transaksi tidak dapat dibatalkan. Jika kamu memiliki pertanyaan atau kendala lainnya, silakan kunjungi menu Bantuan di aplikasi GoPay kamu atau email ke customerservice@gopay.co.id. ^Maura",2025-10-07 07:12:12,1.60.0,Dataset/dataset\GOPAY_googleplay_OCTOBER_reviews.csv,transfer
57a9a79f-7d9e-4022-8902-113328583ceb,Pengguna Google,https://play-lh.googleusercontent.com/EGemoI2NTXmTsBVtJqk8jxF9rh8ApRWfsIMQSt2uE4OcpQqbFu7f7NbTK05lx80nuSijCz7sc3a277R67g,aplikasi yg bagus untuk terima dan transfer uang,5,0,1.62.0,2025-11-10 07:12:04+00:00,,,1.62.0,Dataset/dataset\GOPAY_googleplay_NOVEMBER_reviews.csv,transfer
1cdd2071-97e0-4e93-9429-2bad4178e11b,Pengguna Google,https://play-lh.googleusercontent.com/EGemoI2NTXmTsBVtJqk8jxF9rh8ApRWfsIMQSt2uE4OcpQqbFu7f7NbTK05lx80nuSijCz7sc3a277R67g,bagus ... tapi sayang harus premium dlu KLO mau transfer,5,0,1.60.0,2025-10-24 14:40:25+00:00,,,1.60.0,Dataset/dataset\GOPAY_googleplay_OCTOBER_reviews.csv,transfer
c09a4599-a080-4fa3-abd9-11fea0759e31,Pengguna Google,https://play-lh.googleusercontent.com/EGemoI2NTXmTsBVtJqk8jxF9rh8ApRWfsIMQSt2uE4OcpQqbFu7f7NbTK05lx80nuSijCz7sc3a277R67g,sudah 2 x top up tidak masuk padahal sudah berhasil,1,0,3.146.0,2025-10-30 07:53:37+00:00,,,3.146.0,Dataset/dataset\OVO_googleplay_OCTOBER_reviews.csv,topup
62508f56-967e-4999-ac9b-00a0dfb044f3,Pengguna Google,https://play-lh.googleusercontent.com/EGemoI2NTXmTsBVtJqk8jxF9rh8ApRWfsIMQSt2uE4OcpQqbFu7f7NbTK05lx80nuSijCz7sc3a277R67g,gratis biaya top up,5,0,,2025-11-05 21:23:53+00:00,,,,Dataset/dataset\GOPAY_googleplay_NOVEMBER_reviews.csv,topup
e08e7392-7eed-43df-93b0-46b1c08838b1,Pengguna Google,https://play-lh.googleusercontent.com/EGemoI2NTXmTsBVtJqk8jxF9rh8ApRWfsIMQSt2uE4OcpQqbFu7f7NbTK05lx80nuSijCz7sc3a277R67g,sangat puas dengan aplikasi ini transaksinya sat-set langsung clear apalagi pas mau qris... sat-set juga abis saldonya,5,0,,2025-10-04 22:26:49+00:00,,,,Dataset/dataset\GOPAY_googleplay_OCTOBER_reviews.csv,qris
bea81678-9ec8-4386-9978-67b6c007bd68,Pengguna Google,https://play-lh.googleusercontent.com/EGemoI2NTXmTsBVtJqk8jxF9rh8ApRWfsIMQSt2uE4OcpQqbFu7f7NbTK05lx80nuSijCz7sc3a277R67g,TOP UP MASIH BELUM MASUK DENGAN NOMINAL BESAR ! JAWABAN CUSTOMER SERVICE MALAH TIDAK PROFESIONAL ! SUDAH SANGAT TIDAK DI REKOMENDASI KAN,1,0,3.144.0,2025-10-07 10:21:47+00:00,,,3.144.0,Dataset/dataset\OVO_googleplay_OCTOBER_reviews.csv,topup
d9b9873f-01bc-44a4-891e-a7fed44a6d85,Pengguna Google,https://play-lh.googleusercontent.com/EGemoI2NTXmTsBVtJqk8jxF9rh8ApRWfsIMQSt2uE4OcpQqbFu7f7NbTK05lx80nuSijCz7sc3a277R67g,"duit saya 2 juta transfer ke bank BCA saya gagal transfer, tapi uang nya belum kembali ke saldo ovo . parah . jangan download bahaya . gak aman .",1,0,,2025-11-04 15:20:14+00:00,,,,Dataset/dataset\OVO_googleplay_NOVEMBER_reviews.csv,transfer
f5abc48b-20c9-4a9f-acf0-dcd367db5f43,Pengguna Google,https://play-lh.googleusercontent.com/EGemoI2NTXmTsBVtJqk8jxF9rh8ApRWfsIMQSt2uE4OcpQqbFu7f7NbTK05lx80nuSijCz7sc3a277R67g,"sangat bagus dan membantu, TF ber juta2 ngga ada potongan",5,0,8.79.0,2025-12-19 01:09:41+00:00,,,8.79.0,Dataset/dataset\JAGO_googleplay_DECEMBER_reviews.csv,transfer
cc0b629d-7a32-468b-b736-7838a4e9df6c,Pengguna Google,https://play-lh.googleusercontent.com/EGemoI2NTXmTsBVtJqk8jxF9rh8ApRWfsIMQSt2uE4OcpQqbFu7f7NbTK05lx80nuSijCz7sc3a277R67g,kendala buruk saat transfer dari shopeepay ke dana sangat lama,1,0,1.45.09,2025-12-22 02:18:58+00:00,"Hi Kak Giesel. Mohon maaf mengenai kendala transfer ShopeePay ke DANA yang belum diterima. Untuk pengecekan lebih lanjut, mohon menghubungi kami melalui DM ke Instagram @ShopeePay_ID dengan melampirkan bukti transfer yang tertera nomor transaksi (Order SN), nominal, tanggal dan waktu transaksi. ^EN",2025-12-22 17:15:56,1.45.09,Dataset/dataset\SHOPEEPAY_googleplay_DECEMBER_reviews.csv,transfer
d24f0313-86e6-466f-ae4b-619dbdec837d,Pengguna Google,https://play-lh.googleusercontent.com/EGemoI2NTXmTsBVtJqk8jxF9rh8ApRWfsIMQSt2uE4OcpQqbFu7f7NbTK05lx80nuSijCz7sc3a277R67g,penipuan sudah mulai saya top up saldo gak masuk selalu masih peroses sampai sekarang janjinya cuma 1x24 jam semenjak gabung Dengan SUPER BANK aplikasi saya sering eror seperti ada mencoba mencuri data jangan pernah menabung di Super Bank 🙏,1,3,3.144.0,2025-10-20 20:38:11+00:00,,,3.144.0,Dataset/dataset\OVO_googleplay_OCTOBER_reviews.csv,topup
d244282f-ec3f-4f89-bbca-e6e36de3087b,Pengguna Google,https://play-lh.googleusercontent.com/EGemoI2NTXmTsBVtJqk8jxF9rh8ApRWfsIMQSt2uE4OcpQqbFu7f7NbTK05lx80nuSijCz7sc3a277R67g,"sekarang gopay gampang error saya dari kemarin top up Ndak bisa masuk trs harus pending tunggu sampe hari, mau beli pulsa juga gagal trs",1,0,1.62.0,2025-11-19 13:21:21+00:00,"Hai Kak Gading, mohon maaf atas ketidaknyamanannya. Terkait keluhan tersebut, silakan laporkan melalui email ke customerservice@gopay.co.id dengan melampirkan kode psr-25-323-0640-05230 pada subject email. Kami tunggu detail laporan kamu ya. ^Maura",2025-11-19 13:40:10,1.62.0,Dataset/dataset\GOPAY_googleplay_NOVEMBER_reviews.csv,topup
7b9d7bbb-dd9b-4c7f-acf9-3deedffbb4f9,Pengguna Google,https://play-lh.googleusercontent.com/EGemoI2NTXmTsBVtJqk8jxF9rh8ApRWfsIMQSt2uE4OcpQqbFu7f7NbTK05lx80nuSijCz7sc3a277R67g,parah baru banget download kaga bisa masuk terus udhe verifikasi muka kaga bisa juga gimna si adehh benerin lagi apknya mas / mba,1,0,,2025-10-16 23:20:13+00:00,"Hai, Kak Fajar. Maaf atas ketidaknyamanannya. Kami akan selalu berusaha memberikan yang terbaik demi memenuhi kebutuhan perbankan Kakak. Terkait kendala tersebut boleh infokan detail kendala serta kirimkan gambar kendalanya ke X @haloblu atau email haloblu@bcadigital.co.id agar kami bisa bantu lebih lanjut ya.",2025-10-16 23:44:27,,Dataset/dataset\BLU_googleplay_OCTOBER_reviews.csv,vermuk
ee6f783f-c7c8-482a-bb7d-2f14144c81a1,Pengguna Google,https://play-lh.googleusercontent.com/EGemoI2NTXmTsBVtJqk8jxF9rh8ApRWfsIMQSt2uE4OcpQqbFu7f7NbTK05lx80nuSijCz7sc3a277R67g,lama bet masuk ny top up ke game anjr,1,0,,2025-10-10 15:29:44+00:00,"Hai Kak @Ghensin Impact, kami mohon maaf atas kondisi yang Kakak alami. Terkait hal ini, dapat kami sampaikan bahwa ada pemeliharaan sistem yang mempengaruhi transaksi Kakak & saat ini sudah kembali normal. Berkenan untuk melakukan pengecekan kembali di akun tujuan secara berkala ya Kak. Mohon maaf atas ketidaknyamanannya. Salam hangat. ^Miko",2025-10-10 20:54:25,,Dataset/dataset\GOPAY_googleplay_OCTOBER_reviews.csv,topup
ed591831-5520-4e7f-b3ba-a97bb58de20f,Pengguna Google,https://play-lh.googleusercontent.com/EGemoI2NTXmTsBVtJqk8jxF9rh8ApRWfsIMQSt2uE4OcpQqbFu7f7NbTK05lx80nuSijCz7sc3a277R67g,sangat suka banyak gratis biaya admin .... lengkap dengan transfer ke virtual account,5,0,1.29.05,2025-11-19 23:32:28+00:00,"Hi Kak. Terima kasih telah menggunakan ShopeePay. Mari cek aplikasi ShopeePay karena banyak fitur yang mempermudah keseharian kakak seperti pembelian pulsa, paket data, pembayaran tagihan listrik dan pembayaran lainnya. Jika kakak memiliki pertanyaan seputar ShopeePay, mohon DM kami di Instagram @ShopeePay_ID ya. Semoga harimu menyenangkan ^RJ",2025-11-20 09:34:53,1.29.05,Dataset/dataset\SHOPEEPAY_googleplay_NOVEMBER_reviews.csv,transfer
b90d2ebe-7253-453b-ac59-4c1923dcc6f9,Pengguna Google,https://play-lh.googleusercontent.com/EGemoI2NTXmTsBVtJqk8jxF9rh8ApRWfsIMQSt2uE4OcpQqbFu7f7NbTK05lx80nuSijCz7sc3a277R67g,TOLONG ADAKAN FITUR HAPUS NO GOPAY ORANG LAIN DI BEKAS TRANSAKSI TRANSFER. terima kasih banyak...,3,0,1.60.0,2025-11-14 08:22:36+00:00,,,1.60.0,Dataset/dataset\GOPAY_googleplay_NOVEMBER_reviews.csv,transfer
dd69445f-2898-4faa-8be6-585db3f4ff38,Pengguna Google,https://play-lh.googleusercontent.com/EGemoI2NTXmTsBVtJqk8jxF9rh8ApRWfsIMQSt2uE4OcpQqbFu7f7NbTK05lx80nuSijCz7sc3a277R67g,kenapa saya tidak bisa menggunakan akun..akun saya ada saldonya dan tidak bisa login tertulis terhubung 2 perangkat..dan saya memindahkan akun keponsel kedua..tetapi tidak ada pemberitahuan dan tidak bisa login,1,0,,2025-10-28 17:53:15+00:00,"Halo, Jagoan. Mohon maaf atas kendala yang terjadi ya. Kamu tidak perlu khawatir, kamu bisa menjelaskan detail kendala tersebut melalui email di tanya@jago.com atau call center 1500 746 untuk kami bantu tangani lebih lanjut. Terima kasih :)",2025-10-28 18:00:42,,Dataset/dataset\JAGO_googleplay_OCTOBER_reviews.csv,login
