reviewId,userName,userImage,content,score,thumbsUpCount,reviewCreatedVersion,at,replyContent,repliedAt,appVersion,source,keyword
e42fd789-dcb3-45cd-9242-bc726e317cf7,Pengguna Google,https://play-lh.googleusercontent.com/EGemoI2NTXmTsBVtJqk8jxF9rh8ApRWfsIMQSt2uE4OcpQqbFu7f7NbTK05lx80nuSijCz7sc3a277R67g,ni apk knp kaga bisa buat login,4,0,1.60.0,2025-10-24 19:26:23+00:00,,,1.60.0,Dataset/dataset\GOPAY_googleplay_OCTOBER_reviews.csv,login
a408147f-3068-421f-b171-0e8965fa218b,Pengguna Google,https://play-lh.googleusercontent.com/EGemoI2NTXmTsBVtJqk8jxF9rh8ApRWfsIMQSt2uE4OcpQqbFu7f7NbTK05lx80nuSijCz7sc3a277R67g,babi gw mau top up malah ke pending dari pihak bang masalah akun ovo kek babi,1,0,,2025-10-16 21:11:01+00:00,,,,Dataset/dataset\OVO_googleplay_OCTOBER_reviews.csv,topup
dedc7c87-c6fa-4592-9bcd-eb8aea793863,Pengguna Google,https://play-lh.googleusercontent.com/EGemoI2NTXmTsBVtJqk8jxF9rh8ApRWfsIMQSt2uE4OcpQqbFu7f7NbTK05lx80nuSijCz7sc3a277R67g,tiba2 gk bisa transaksi pas cobak login ulang malah GK bisa katanya perbaikan sistem tpi udah mau satu bulan kecewa bgt,2,1,3.2.0,2025-11-22 15:58:05+00:00,"Halo Sahabat @Hgvhg Hxhff, mohon maaf atas ketidaknyamanannya. Untuk perihal kendala pada layanan Livin' by Mandiri, mohon untuk dapat mengirimkan email ke mandiricare@bankmandiri.co.id atau dapat menghubungi layanan mandiri 14000 agar dapat dilakukan pengecekan. Tks~Nilam",2025-11-22 16:05:22,3.2.0,Dataset/dataset\LIVIN_googleplay_NOVEMBER_reviews.csv,login
ffd45327-774c-4972-9561-a4e5a7721b69,Pengguna Google,https://play-lh.googleusercontent.com/EGemoI2NTXmTsBVtJqk8jxF9rh8ApRWfsIMQSt2uE4OcpQqbFu7f7NbTK05lx80nuSijCz7sc3a277R67g,"pas giliran mau bayar qris malah ovo nya ga bisa di pake, duit ada di situ semua maklum dari grab driver, harus pake ovo, nyusain..",5,0,3.149.0,2025-12-23 12:14:01+00:00,,,3.149.0,Dataset/dataset\OVO_googleplay_DECEMBER_reviews.csv,qris
385210d1-99db-4f71-8cd5-0deb30e0b015,Pengguna Google,https://play-lh.googleusercontent.com/EGemoI2NTXmTsBVtJqk8jxF9rh8ApRWfsIMQSt2uE4OcpQqbFu7f7NbTK05lx80nuSijCz7sc3a277R67g,"transfer ke e-wallet lain harusnya bisa gratis tanpa batas, atau diperbanyak misal 300 kali atau 500 kali, ini hanya 120 kali saja.",3,0,1.44.05,2025-12-22 17:01:23+00:00,"Hi Kak Valle, Mohon maaf atas kendala biaya admin saat transfer. Saat ini terdapat promo gratis admin transfer melalui aplikasi ShopeePay dgn kuota promo 120x, promo berlaku kirim uang ke bank min. Rp1,- & kirim ke E-wallet/Virtual account min. Rp10.000,-. Untuk bantuan pengecekan, mohon menghubungi kami melalui DM Instagram di @ShopeePay_ID. ^CS",2025-12-23 13:59:18,1.44.05,Dataset/dataset\SHOPEEPAY_googleplay_DECEMBER_reviews.csv,transfer
772eec57-1fb5-41db-b89d-81b892d39635,Pengguna Google,https://play-lh.googleusercontent.com/EGemoI2NTXmTsBVtJqk8jxF9rh8ApRWfsIMQSt2uE4OcpQqbFu7f7NbTK05lx80nuSijCz7sc3a277R67g,Bad experiences when selecting spending categories. Need to clear all data and re-login to update new categories,3,0,8.74.0,2025-10-11 11:00:14+00:00,"Hi, Jagoan! We apologize for the issue. I completely understand about your feeling and concern. To help further in solving your problem, please contact us directly by email at Tanya@jago.com or call us at 1500746/021-30000746.",2025-10-11 11:30:33,8.74.0,Dataset/dataset\JAGO_googleplay_OCTOBER_reviews.csv,login
df29b5f9-52e7-49f5-856c-cab85914b0f8,Pengguna Google,https://play-lh.googleusercontent.com/EGemoI2NTXmTsBVtJqk8jxF9rh8ApRWfsIMQSt2uE4OcpQqbFu7f7NbTK05lx80nuSijCz7sc3a277R67g,"Gak lagi deh pake gopay,,kapok setiap mau transaksi gangguan terus,,aneh padahal selalu ada updatetan tapi masih aja sama,,gak lagi deh intinya pake apk yang namanya GOPAY,,,,,GOPAY GAK GUNA,,,APK BANYAK GANGGUAN,, UPDATE TERUS APK LEMOT,,,, ADMIN NYA TELAT LIAT KEADAAN,,,INI APK APA YA??? TIAP TRANSAKSI GANGGUAN TERUS DITAMBAH GANGGUAN NYA GAK SEBENTAR MAU SAMPAI KAPAN GINI??? KIRAIN APK BAGUS BUAT TRANSFER RUPANYA GAK SESUAI EKSPEKTASI",1,2,1.60.0,2025-10-18 01:05:20+00:00,"Mohon maaf, Kak Febrian. Agar bisa menggunakan GoPay, pastikan saldo cukup, masukkan PIN GoPay yang benar, dan gunakan aplikasi terbaru. Jika masih bermasalah, laporkan melalui menu Bantuan > ketik ""Saya tidak dapat menggunakan GoPay"" > isi formulir dan cantumkan kode psr-25-291-0549-56625 di bagian ""Ceritakan lebih lanjut"". ^Miko",2025-10-18 12:50:16,1.60.0,Dataset/dataset\GOPAY_googleplay_OCTOBER_reviews.csv,transfer
b05b44f1-54e7-41cb-a198-932f344190ba,Pengguna Google,https://play-lh.googleusercontent.com/EGemoI2NTXmTsBVtJqk8jxF9rh8ApRWfsIMQSt2uE4OcpQqbFu7f7NbTK05lx80nuSijCz7sc3a277R67g,"pas transfer ke ovo dr bank ga ada biaya admin. begitu cek di aplikasi, dana yang masuk kepotong. ngirim 100rb kepotong juga. coba ngirim 10rb, tetep masuknya cuma 8rb. ternyata ada potongan admin 2k per transaksi di ovonya. wah ga mau andelin lagi jadi aplikasi pembayaran.",3,2,3.144.0,2025-10-06 03:30:52+00:00,,,3.144.0,Dataset/dataset\OVO_googleplay_OCTOBER_reviews.csv,transfer
ac930bab-dee7-4bb4-914a-b7da0592f4dc,Pengguna Google,https://play-lh.googleusercontent.com/EGemoI2NTXmTsBVtJqk8jxF9rh8ApRWfsIMQSt2uE4OcpQqbFu7f7NbTK05lx80nuSijCz7sc3a277R67g,TF gratis pulsa murah,5,0,1.61.2,2025-11-02 10:56:55+00:00,,,1.61.2,Dataset/dataset\GOPAY_googleplay_NOVEMBER_reviews.csv,transfer
134f6d43-2317-4bf2-9b6d-186ed04d91fd,Pengguna Google,https://play-lh.googleusercontent.com/EGemoI2NTXmTsBVtJqk8jxF9rh8ApRWfsIMQSt2uE4OcpQqbFu7f7NbTK05lx80nuSijCz7sc3a277R67g,setiap kali top up ada potongan zzz,1,0,3.148.0,2025-12-05 14:09:30+00:00,,,3.148.0,Dataset/dataset\OVO_googleplay_DECEMBER_reviews.csv,topup
688b1b8a-c6a8-40b8-b55b-e24dee014e93,Pengguna Google,https://play-lh.googleusercontent.com/EGemoI2NTXmTsBVtJqk8jxF9rh8ApRWfsIMQSt2uE4OcpQqbFu7f7NbTK05lx80nuSijCz7sc3a277R67g,mantap bisa tf gratis,5,0,1.60.0,2025-10-08 14:07:11+00:00,,,1.60.0,Dataset/dataset\GOPAY_googleplay_OCTOBER_reviews.csv,transfer
9f3c6b8a-fbca-40dd-8abb-5e2f42909aa1,Pengguna Google,https://play-lh.googleusercontent.com/EGemoI2NTXmTsBVtJqk8jxF9rh8ApRWfsIMQSt2uE4OcpQqbFu7f7NbTK05lx80nuSijCz7sc3a277R67g,knpa ni aplikasi g bisa transfer gagal mulu,1,0,,2025-11-03 10:27:15+00:00,,,,Dataset/dataset\OVO_googleplay_NOVEMBER_reviews.csv,transfer
cd5e461b-9460-49b1-8a75-b91ba79194b4,Pengguna Google,https://play-lh.googleusercontent.com/EGemoI2NTXmTsBVtJqk8jxF9rh8ApRWfsIMQSt2uE4OcpQqbFu7f7NbTK05lx80nuSijCz7sc3a277R67g,perbaiki di verifikasi wajah.... sangat susah.. susah... susah.. susah.. susah...susah... susah sekali.. kalo ga mau di bilang bank yg sangat jelek kwalitas nya....,1,0,3.1.0,2025-11-24 10:30:06+00:00,"Hai Sahabat @Andika Umbara, mohon maaf atas ketidaknyamanannya. Jika terkendala verifikasi wajah maka dpt mencoba kembali dgn dipastikan pencahayaan baik dan wajah tidak terlalu dekat dgn kamera. Jika masih terkendala dpt mengirimkan email ke mandiricare@bankmandiri.co.id atau menghubungi mandiri call 14000 agar dpt dilakukan pengecekan. Tks~Vika",2025-11-24 10:51:22,3.1.0,Dataset/dataset\LIVIN_googleplay_NOVEMBER_reviews.csv,vermuk
7727f62e-0f65-4ddc-a14f-d3910a3aeb46,Pengguna Google,https://play-lh.googleusercontent.com/EGemoI2NTXmTsBVtJqk8jxF9rh8ApRWfsIMQSt2uE4OcpQqbFu7f7NbTK05lx80nuSijCz7sc3a277R67g,"Mohon dibantu saya penerima transfer 3 juta dari bank BCA ke rekening bank jago saya, tapi dari kemaren saldonya belum masuk ke rekening bank jago saya, mohon ditangani",1,0,,2025-11-11 00:45:46+00:00,"Halo, Jagoan. Mohon maaf atas kendala yang terjadi ya. Kamu tidak perlu khawatir, kamu bisa menjelaskan detail kendala tersebut melalui email di tanya@jago.com atau call center 1500 746 untuk kami bantu tangani lebih lanjut. Terima kasih :)",2025-11-11 01:03:13,,Dataset/dataset\JAGO_googleplay_NOVEMBER_reviews.csv,transfer
e58cc00e-5256-4e23-ace6-c13b278a18a3,Pengguna Google,https://play-lh.googleusercontent.com/EGemoI2NTXmTsBVtJqk8jxF9rh8ApRWfsIMQSt2uE4OcpQqbFu7f7NbTK05lx80nuSijCz7sc3a277R67g,ini lama² apl nya buffering lama bgt. pdhl wifi buat buka apl/bank lain lancar² aja. cm mau tf aja butuh waktu 30 menit. gmn kl ada urgent/ mau qris. tolong dong segera diperbaiki. 30 MENIT CUMA BUAT TF. LOGIN 20 MENIT!,1,10,2.7.0,2025-12-20 06:34:14+00:00,"Hai, Kak Laurel. Maaf atas ketidaknyamanannya. Kami akan selalu terus memperbaiki sistem demi mencapai kepuasan para pengguna aplikasi blu. Terkait kendala tersebut pastikan Kakak menggunakan aplikasi blu versi terbaru, pastikan setting waktu di handphone menjadi otomatis, jaringan internet lancar dan stabil serta tidak menggunakan jaringan WiFi.",2025-12-20 06:46:33,2.7.0,Dataset/dataset\BLU_googleplay_DECEMBER_reviews.csv,login
575ea8bb-bf2a-4fe2-8663-110e4ef3af8c,Pengguna Google,https://play-lh.googleusercontent.com/EGemoI2NTXmTsBVtJqk8jxF9rh8ApRWfsIMQSt2uE4OcpQqbFu7f7NbTK05lx80nuSijCz7sc3a277R67g,"baru make gopay top up ga masuk 817.000 ,ah trauma aku ,apakah saldo bisa kembali?",1,0,,2025-10-20 00:36:37+00:00,"Hai Kak Laili, pastikan nomor tujuan sudah benar, sudah cek halaman Riwayat, dan coba keluar dan masuk kembali ke aplikasi. Jika saldo masih belum masuk, silakan laporkan melalui menu Bantuan > ketik 'Top up GoPay saya belum masuk' > isi formulir dan cantumkan kode psr-25-291-0635-38178 pada bagian 'Ceritakan lebih lanjut'. ^Miko",2025-10-18 13:35:58,,Dataset/dataset\GOPAY_googleplay_OCTOBER_reviews.csv,topup
249c9943-a58a-4405-8201-4858f5774abf,Pengguna Google,https://play-lh.googleusercontent.com/EGemoI2NTXmTsBVtJqk8jxF9rh8ApRWfsIMQSt2uE4OcpQqbFu7f7NbTK05lx80nuSijCz7sc3a277R67g,"mantap bgt, bayar makanan top up e wallet biaya 0",5,0,8.79.0,2025-12-23 17:48:23+00:00,,,8.79.0,Dataset/dataset\JAGO_googleplay_DECEMBER_reviews.csv,topup
5bdcee8f-5cad-40ac-b292-8c95cb38f2b3,Pengguna Google,https://play-lh.googleusercontent.com/EGemoI2NTXmTsBVtJqk8jxF9rh8ApRWfsIMQSt2uE4OcpQqbFu7f7NbTK05lx80nuSijCz7sc3a277R67g,"saya sangat kecewa dengan aplikasi Gopay sekarang. sudah lama saya pakai gopay dan percaya sama gopay..dulu tidak ada masalah setiap Minggu saya top up gopay tidak bermasalah, tetapi sekarang ini saya top up gopay bermasalah. sudah lewat 5 hari saya melakukan top up gopay melalui BRI link. saldo sampai sekarang belum juga masuk. saya melakukan top up dari tgl 31 Oktoberr - tgl 05 November sampai sekarang ini saldo saya juga belum masuk.. melapor kepihak cs nya berulang kali belum juga ada balasa",1,3,1.61.2,2025-11-05 14:10:45+00:00,"Hai Kak Sifiyah, mohon maat atas ketidaknyamanannya. Jika kamu masih mengalami kendala, silakan laporkan melalui email ke customerservice@gopay.co.id dengan melampirkan kode psr-25-310-0033-40855 pada subject email dan cantumkan nomor laporan kamu sebelumnya pada email yang kamu kirimkan. Kami tunggu detail laporan kamu ya. ^Melisa",2025-11-06 07:33:47,1.61.2,Dataset/dataset\GOPAY_googleplay_NOVEMBER_reviews.csv,topup
a95d800a-af0b-4697-83c1-982c2369856e,Pengguna Google,https://play-lh.googleusercontent.com/EGemoI2NTXmTsBVtJqk8jxF9rh8ApRWfsIMQSt2uE4OcpQqbFu7f7NbTK05lx80nuSijCz7sc3a277R67g,"Woiiiii @ovo_id ini kenapa ga bisa buat beli token n top up e-money, kasih pernyataan dong jangan seolah² kalian baik² saja, komen di batasin, dm ga dibls email ga di respon.",1,1,3.146.0,2025-11-08 18:01:02+00:00,,,3.146.0,Dataset/dataset\OVO_googleplay_NOVEMBER_reviews.csv,topup
7aafbc7a-a158-4ebf-a449-068eab9fc87c,Pengguna Google,https://play-lh.googleusercontent.com/EGemoI2NTXmTsBVtJqk8jxF9rh8ApRWfsIMQSt2uE4OcpQqbFu7f7NbTK05lx80nuSijCz7sc3a277R67g,ribet banget kudu verifikasi wajah.kalo harus masukin akun yang nyangkut di hp yang rusak,3,1,1.62.0,2025-11-13 10:15:33+00:00,"Hai Kak Amira, mohon maaf atas ketidaknyamanannya. Pastikan kamu mengambil foto selfie dengan pencahayaan yang baik dan wajah terlihat jelas. Jika masih berkendala, silakan laporkan detailnya melalui email ke customerservice@gopay.co.id dan cantumkan kode psr-25-317-0400-05510 pada subjek email. ^Melisa",2025-11-13 11:00:27,1.62.0,Dataset/dataset\GOPAY_googleplay_NOVEMBER_reviews.csv,vermuk
81582049-bfb1-4212-8881-b37fbfbbdc68,Pengguna Google,https://play-lh.googleusercontent.com/EGemoI2NTXmTsBVtJqk8jxF9rh8ApRWfsIMQSt2uE4OcpQqbFu7f7NbTK05lx80nuSijCz7sc3a277R67g,"Top up lewat mbanking, saldo sudah terpotong tapi saldo ovo tidak masuk.",1,0,,2025-11-03 09:02:38+00:00,,,,Dataset/dataset\OVO_googleplay_NOVEMBER_reviews.csv,topup
166eeafa-fb51-46a3-bfa4-68eecbdbb4e5,Pengguna Google,https://play-lh.googleusercontent.com/EGemoI2NTXmTsBVtJqk8jxF9rh8ApRWfsIMQSt2uE4OcpQqbFu7f7NbTK05lx80nuSijCz7sc3a277R67g,aplikasi terpayaaaaahhhhh lainnya bisa bgt lancar jaya ini mlah ga bsa masuk. trs kek mana kita mo transfer2 mo pke qris. kek ga ada perubahan aja ku liat pada bkin review jelek di livin. tlong lah bank bumn gausah bkin ribet penggunanya. gni trs ya pada pke bank lain.,1,1,3.2.0,2025-12-29 18:22:53+00:00,"Halo Sahabat @Ratih Dwi Nurani, mohon maaf atas ketidaknyamannya. Perihal kendala pada layanan Livin' by Mandiri, mohon untuk dapat mengirimkan email ke mandiricare@bankmandiri.co.id atau dapat menghubungi layanan mandiri 14000 agar dapat dilakukan pengecekan. Tks~Kale",2025-12-29 18:24:58,3.2.0,Dataset/dataset\LIVIN_googleplay_DECEMBER_reviews.csv,qris
88e10936-4c5c-4b45-8b68-f011145e5a4f,Pengguna Google,https://play-lh.googleusercontent.com/EGemoI2NTXmTsBVtJqk8jxF9rh8ApRWfsIMQSt2uE4OcpQqbFu7f7NbTK05lx80nuSijCz7sc3a277R67g,"*daftar akun - verifikasi = acc *terima transf bisa. *eh paw mau transf harus upgrade gopay-plus dan disuruh verif lagi dan ditolak ""eKTP tidak sesuai dgn data dukcapil"" *kenapa pas pertama di acc plok. *eKTP saya di acc DANA, OVO, SEABANK, LINKAJA DLL ko gopay ribet gini ya??? udh coba ke cs? sudah 3 cs saya hub'i dan solusi nya kembali ke Dukcapil #APLIKASIMACAMAPAINI",1,0,1.64.1,2025-11-25 13:42:47+00:00,"Hai Kak Wafa, mohon maaf atas ketidaknyamanannya. Jika masih mengalami keluhan, silakan laporkan melalui email ke customerservice@gopay.co.id dengan melampirkan kode psr-25-329-1147-01786 pada subject email dan cantumkan nomor laporan sebelumnya serta ceritakan kembali detail permasalahannya. Kami tunggu detail laporan kamu ya. ^Miko",2025-11-25 18:47:17,1.64.1,Dataset/dataset\GOPAY_googleplay_NOVEMBER_reviews.csv,vermuk
610043df-9513-498d-9f41-94d1ebbba3c2,Pengguna Google,https://play-lh.googleusercontent.com/EGemoI2NTXmTsBVtJqk8jxF9rh8ApRWfsIMQSt2uE4OcpQqbFu7f7NbTK05lx80nuSijCz7sc3a277R67g,gopay transfer ke ovo admin seribu tp sama ovo di potong lagi 2000 jadi kesimpulannya ovo lebih jelek dari gopay .,1,1,3.150.0,2025-12-30 12:30:17+00:00,,,3.150.0,Dataset/dataset\OVO_googleplay_DECEMBER_reviews.csv,transfer
83e3244a-2596-4bbe-abde-a1bd1f78e2b1,Pengguna Google,https://play-lh.googleusercontent.com/EGemoI2NTXmTsBVtJqk8jxF9rh8ApRWfsIMQSt2uE4OcpQqbFu7f7NbTK05lx80nuSijCz7sc3a277R67g,ga bisa pembayar lewat qris beli pulsa juga ga bisa ini gimna si pihak shopepay jadi ga nyaman untuk transaksi lainya,1,5,1.44.05,2025-12-30 16:32:46+00:00,"Hi Kak Abdul Azis. Mohon maaf mengenai kendala tidak dapat melakukan pembelian pulsa menggunakan QRIS. Untuk pengecekan lebih lanjut, mohon menghubungi kami melalui DM ke Instagram @ShopeePay_ID dengan melamprikan detail kendala yang dialami ya Kak agar dapat kami bantu pengecekan lebih lanjut. Kami akan membantu kendala yang Kakak alami. ^AS",2025-12-30 18:06:10,1.44.05,Dataset/dataset\SHOPEEPAY_googleplay_DECEMBER_reviews.csv,qris
5ce813c7-4ae0-4b69-9438-b08e43a75960,Pengguna Google,https://play-lh.googleusercontent.com/EGemoI2NTXmTsBVtJqk8jxF9rh8ApRWfsIMQSt2uE4OcpQqbFu7f7NbTK05lx80nuSijCz7sc3a277R67g,pakay aplikasi gopay mau transfer ke mana saja gampang dan praktis,5,0,1.60.0,2025-10-15 23:20:38+00:00,,,1.60.0,Dataset/dataset\GOPAY_googleplay_OCTOBER_reviews.csv,transfer
8f09c1de-159b-4676-a7b3-4f99745038a1,Pengguna Google,https://play-lh.googleusercontent.com/EGemoI2NTXmTsBVtJqk8jxF9rh8ApRWfsIMQSt2uE4OcpQqbFu7f7NbTK05lx80nuSijCz7sc3a277R67g,kok JD susah login yah..,1,0,,2025-11-17 09:39:53+00:00,"Hai Sahabat @Dhaniel Zurachouvfa, mohon maaf atas ketidaknyamanannya. Perihal tsb kami sarankan Sahabat melakukan force close kemudian restart device, pastikan jaringan stabil dan tidak menggunakan WiFi. Apabila masih terkendala dapat mengirimkan email ke mandiricare@bankmandiri.co.id atau menghubungi mandiri call 14000. Tks~Vacilla",2025-11-17 09:47:16,,Dataset/dataset\LIVIN_googleplay_NOVEMBER_reviews.csv,login
0f05ed41-98b8-42c4-a07d-eef1efff2a1b,Pengguna Google,https://play-lh.googleusercontent.com/EGemoI2NTXmTsBVtJqk8jxF9rh8ApRWfsIMQSt2uE4OcpQqbFu7f7NbTK05lx80nuSijCz7sc3a277R67g,"Aplikasi sudah bagus dan sesuai mudah digunakan dan dipahami untuk bayar melalui Qris/Transfer selalu lancar tidak pernah ada kendala, namun untuk login melalui biometrik kadang suka tidak terbaca dan selalu dialihkan login melalui Pin angka itu saja, selebihnya ini aplikasi yang cocok dan sangat berguna terus tingkatkan fitur aplikasi agar bisa lebih mudah digunakan, untuk Fee (biaya transfer ke bank lain) mohon untuk bisa ditingkatkan lagi",5,15,2.5.0,2025-11-18 20:26:02+00:00,"Hai, Kak Andi. Terima kasih atas saran dan masukan yang diberikan, kami akan selalu memperbaiki sistem demi mencapai kepuasan para pengguna aplikasi blu. Jika ada hal lain yang ingin ditanyakan, Kakak bisa langsung menghubungi X @haloblu atau email haloblu@bcadigital.co.id atau telepon 1500668 (layanan 24 jam).",2025-11-18 20:49:31,2.5.0,Dataset/dataset\BLU_googleplay_NOVEMBER_reviews.csv,login
de7a2b37-1cdd-4290-9b59-39e77518f97f,Pengguna Google,https://play-lh.googleusercontent.com/EGemoI2NTXmTsBVtJqk8jxF9rh8ApRWfsIMQSt2uE4OcpQqbFu7f7NbTK05lx80nuSijCz7sc3a277R67g,"menu komplit dan memudahkan transfer gratis, trimakasih",5,0,1.60.0,2025-10-24 21:57:30+00:00,,,1.60.0,Dataset/dataset\GOPAY_googleplay_OCTOBER_reviews.csv,transfer
51ddf27c-4650-41e5-bd3a-c1184bb64bdd,Pengguna Google,https://play-lh.googleusercontent.com/EGemoI2NTXmTsBVtJqk8jxF9rh8ApRWfsIMQSt2uE4OcpQqbFu7f7NbTK05lx80nuSijCz7sc3a277R67g,jadi ceritanya aku mau top up di roblox gk tau cara top up aku download aplikasi ini awal masuk langsung dapat saldo ada juga kode redeem tapi gk bisa di redeem cuman beberapa doang yang bisa dan saldonya masuk Alhamdulillah bisa top up Robux pertama pokoknya 4 jempol buat gopay,4,0,,2025-11-29 16:40:49+00:00,,,,Dataset/dataset\GOPAY_googleplay_NOVEMBER_reviews.csv,topup
85ab4882-5b4e-4d4a-8cf1-4c6fc7989231,Pengguna Google,https://play-lh.googleusercontent.com/EGemoI2NTXmTsBVtJqk8jxF9rh8ApRWfsIMQSt2uE4OcpQqbFu7f7NbTK05lx80nuSijCz7sc3a277R67g,"aplikasi busukkkkkk lagi buru2 malah adaaaa aja kendalanya, mau tf harus verifikasi segala, duit2 kita sendiri kok ribet bgt sih woyyy!!!!",1,1,3.148.0,2025-12-10 08:15:48+00:00,,,3.148.0,Dataset/dataset\OVO_googleplay_DECEMBER_reviews.csv,transfer
bce2ab91-3ba9-4dc5-a3ad-8e99799048c1,Pengguna Google,https://play-lh.googleusercontent.com/EGemoI2NTXmTsBVtJqk8jxF9rh8ApRWfsIMQSt2uE4OcpQqbFu7f7NbTK05lx80nuSijCz7sc3a277R67g,"Tolong dong, jangan melakukan penipuan berencana, ya bener sih transfer atau top up nya gratis ke semua tapi begitu yang di top up atau yang di transfer nyampe ke pelanggan, saldonya di potong, kan merugikan pelanggan, saya transfer 50rb di potong 2rb biaya admin bank CIMB Niaga, ternyata dari bank toh jadinya pelanggan Nerima 48rb doang, sama aja bohong bro, mana ada gratisnya, kirim doang gratis, nyampe nya di potong, ini mah penipuan berencana 🤣",1,0,,2025-11-20 05:31:42+00:00,"Hi Kak. Mohon maaf atas kendala Transfer/Top Up dikenakan biaya admin. Terkait kendala tersebut mohon menghubungi kami melalui DM ke Instagram @ShopeePay_ID yang bercentang biru, dengan menginformasikan detail dan bukti kendala untuk bantuan lebih lanjut. Semoga kendala kakak segera terselesaikan ya. ^CS",2025-11-20 11:21:18,,Dataset/dataset\SHOPEEPAY_googleplay_NOVEMBER_reviews.csv,topup
d58e8879-7e93-4c1b-a06f-0cc7b52462e4,Pengguna Google,https://play-lh.googleusercontent.com/EGemoI2NTXmTsBVtJqk8jxF9rh8ApRWfsIMQSt2uE4OcpQqbFu7f7NbTK05lx80nuSijCz7sc3a277R67g,saya kemarin topup wdp ml 3 yang masuk cuman 1 pas saya lapor ke gmail jawaban lama dan g ngerti ngerti udh saya kirim bukti masih tidak dibantu,1,0,1.62.0,2025-11-15 07:53:12+00:00,"Hai Kak Ezra, mohon maaf atas ketidaknyamanannya. Jika masih mengalami keluhan, silakan laporkan melalui email ke customerservice@gopay.co.id dengan melampirkan kode psr-25-319-0350-57760 pada subject email dan cantumkan nomor laporan sebelumnya serta ceritakan kembali detail permasalahannya. Kami tunggu detail laporan kamu ya. ^Miko",2025-11-15 10:51:29,1.62.0,Dataset/dataset\GOPAY_googleplay_NOVEMBER_reviews.csv,topup
d99411bd-3e30-4f76-b07a-429f54ec1862,Pengguna Google,https://play-lh.googleusercontent.com/EGemoI2NTXmTsBVtJqk8jxF9rh8ApRWfsIMQSt2uE4OcpQqbFu7f7NbTK05lx80nuSijCz7sc3a277R67g,tiap top up potongan 2000. mending gopay bebas TF ke semua e-wlt. atau dana cuma kena potongan 500. pantesan ovo kaga laku,1,0,3.147.0,2025-11-10 22:53:50+00:00,,,3.147.0,Dataset/dataset\OVO_googleplay_NOVEMBER_reviews.csv,topup
7b4289bd-f698-48a9-9a39-676cef81f2f1,Pengguna Google,https://play-lh.googleusercontent.com/EGemoI2NTXmTsBVtJqk8jxF9rh8ApRWfsIMQSt2uE4OcpQqbFu7f7NbTK05lx80nuSijCz7sc3a277R67g,"DUIT GUA BALIKIN , TRANSFER BERHASIL TAPI KE OVO GAK MASUK , UDAH NELPON CS NYA KATA NYA DITUNGGU MULU . JANGAN JADI MALING BERKEDOK APLIKASI , UDAH BANYAK UANG CUSTOMER HILANG",1,0,3.144.0,2025-10-08 10:35:28+00:00,,,3.144.0,Dataset/dataset\OVO_googleplay_OCTOBER_reviews.csv,transfer
c68da7c0-d558-4e16-a083-a320e5bbf22d,Pengguna Google,https://play-lh.googleusercontent.com/EGemoI2NTXmTsBVtJqk8jxF9rh8ApRWfsIMQSt2uE4OcpQqbFu7f7NbTK05lx80nuSijCz7sc3a277R67g,"kenapa verifikasi wajah tidak bisa teruss, tolong aplikasinya di update lagi yaaaaaaaaaaaaaa",1,0,3.2.0,2025-12-03 00:29:07+00:00,"Hai Sahabat @muhamad nashir, mohon maaf atas ketidaknyamanannya. Utk pengecekan lebih lanjut atas kendala yg dialami, kami persilakan mengirimkan pesan melalui layanan email kami di mandiricare@bankmandiri.co.id atau mandiri call 14000 ya. Tks~Tommy",2025-12-03 00:33:05,3.2.0,Dataset/dataset\LIVIN_googleplay_DECEMBER_reviews.csv,vermuk
6e3fcca5-ab6c-4310-81f9-e2039f179a9b,Pengguna Google,https://play-lh.googleusercontent.com/EGemoI2NTXmTsBVtJqk8jxF9rh8ApRWfsIMQSt2uE4OcpQqbFu7f7NbTK05lx80nuSijCz7sc3a277R67g,"GABISA LOGIN VERIFIKASI WAJAH GAGAL TERUS, UDAH GOPAY PLUS. MAU DI GOJEK ATAU GOPAY GAGAL.",1,0,1.59.0,2025-10-06 15:26:34+00:00,"Hai Kak Rizkulloh, mohon maaf atas ketidaknyamanannya. Pastikan kamu mengambil foto selfie dengan pencahayaan yang baik dan wajah terlihat jelas. Jika masih berkendala, silakan laporkan detailnya melalui email ke customerservice@gopay.co.id dan cantumkan kode psr-25-279-0849-09335 pada subjek email. ^Maura",2025-10-06 15:49:19,1.59.0,Dataset/dataset\GOPAY_googleplay_OCTOBER_reviews.csv,login
7bd2b11a-20b8-477d-a686-8942d96a3f46,Pengguna Google,https://play-lh.googleusercontent.com/EGemoI2NTXmTsBVtJqk8jxF9rh8ApRWfsIMQSt2uE4OcpQqbFu7f7NbTK05lx80nuSijCz7sc3a277R67g,Dan terjadi lagi setiap di top up saldo aja pasti ga bisa log in😠😠😭😭,1,4,1.40.06,2025-10-10 19:28:27+00:00,"Hi kak Minions banana, dan maaf ya kak udah bikin ga nyaman. Shopee selalu berupaya untuk meningkatkan pelayanan kepada pengguna maupun ke penjual yah kak dan akan selalu berusaha memberikan yang terbaik. utk kendala mengenai Shopee detailnya jangan sungkan buat DM aku di sosial media ya di @Shopee_ID . Sehat Selalu ^CK",2025-10-10 20:39:56,1.40.06,Dataset/dataset\SHOPEEPAY_googleplay_OCTOBER_reviews.csv,topup
d2e565d2-0063-42ba-a60c-0788cd5b33b0,Pengguna Google,https://play-lh.googleusercontent.com/EGemoI2NTXmTsBVtJqk8jxF9rh8ApRWfsIMQSt2uE4OcpQqbFu7f7NbTK05lx80nuSijCz7sc3a277R67g,verifikasi wajah sulitttt,1,0,3.2.0,2025-12-09 19:22:03+00:00,"Hi Sahabat @Kapal Api, mohon maaf ketidaknyamanannya. Sahabat dpt mencoba kembali dgn memastikan pencahayaan baik dan wajah tdk terlalu dekat dgn kamera. Apabila masih kendala, dpt mengirimkan email ke mandiricare@bankmandiri.co.id atau menghubungi mandiri call 14000. Tks~Amar",2025-12-09 19:24:06,3.2.0,Dataset/dataset\LIVIN_googleplay_DECEMBER_reviews.csv,vermuk
5906aee8-bc6d-4d5c-8ddb-2b1a7f6186bf,Pengguna Google,https://play-lh.googleusercontent.com/EGemoI2NTXmTsBVtJqk8jxF9rh8ApRWfsIMQSt2uE4OcpQqbFu7f7NbTK05lx80nuSijCz7sc3a277R67g,"Kak kenapa kl topup dr bank ke shipepay mesti nyangkut tu duit, hrus topup lagi biar duitnya masuk, pdhal jaringan bagus"" aja tu, tolong perbaiki lagi ya, sangat merugikan kl nyangkut"" gitu kak nyangkut tu ga masuk kak nominalnya, pdhal dr sana sudah ststus masuk tp di sopepay ga masuk + ga da notif",2,3,1.41.06,2025-10-28 11:32:48+00:00,"Hi Kak Salma. Mohon maaf atas kendala Top Up ShopeePay yang belum diterima. Terkait kendala tersebut mohon menghubungi kami melalui DM ke Instagram @ShopeePay_ID yang bercentang biru, dengan melampirkan bukti bayar Top Up yang terkendala untuk bantuan lebih lanjut. Semoga kendala kakak segera terselesaikan ya. ^CS",2025-10-28 13:35:37,1.41.06,Dataset/dataset\SHOPEEPAY_googleplay_OCTOBER_reviews.csv,topup
a63fbe37-9208-4249-959b-ab64792d1753,Pengguna Google,https://play-lh.googleusercontent.com/EGemoI2NTXmTsBVtJqk8jxF9rh8ApRWfsIMQSt2uE4OcpQqbFu7f7NbTK05lx80nuSijCz7sc3a277R67g,"tidak bisa login, dan nomor hp saya hanya dipakai untuk 1 akun saja, kenapa bilangnya no hp saya sudah ad yg pakai untuk login akun?",1,0,,2025-12-21 23:38:33+00:00,Hi Kak Josua. Kami memahami kendala tidak bisa login. Silakan mengisi formulir kendala login pada link berikut https://help.shopee.co.id/portal/webform/c31731974d32419d9cb383a199424e0c. Pastikan kakak tidak dalam keadaan login pada akun manapun saat mengisi formulir tersebut. ^EN,2025-12-22 16:17:06,,Dataset/dataset\SHOPEEPAY_googleplay_DECEMBER_reviews.csv,login
c1e172aa-894b-44d0-ac63-604536b49fd3,Pengguna Google,https://play-lh.googleusercontent.com/EGemoI2NTXmTsBVtJqk8jxF9rh8ApRWfsIMQSt2uE4OcpQqbFu7f7NbTK05lx80nuSijCz7sc3a277R67g,bagus tapi tolong banget bikin fitur blokir tf dari orang lain 😭🙏🏻🙏🏻🙏🏻🙏🏻🙏🏻🙏🏻🙏🏻,5,0,1.60.0,2025-10-18 20:59:45+00:00,,,1.60.0,Dataset/dataset\GOPAY_googleplay_OCTOBER_reviews.csv,transfer
112288fb-f5e1-4dea-8d3a-802624a84ead,Pengguna Google,https://play-lh.googleusercontent.com/EGemoI2NTXmTsBVtJqk8jxF9rh8ApRWfsIMQSt2uE4OcpQqbFu7f7NbTK05lx80nuSijCz7sc3a277R67g,ko akun saya tiba-tiba diblokir bagaimana dengan saldo nya dengan alasan aktivitas mencurigakan. mohon bertanggung jawab saya mau transfer tidak bisa,1,0,3.144.0,2025-10-06 23:44:09+00:00,,,3.144.0,Dataset/dataset\OVO_googleplay_OCTOBER_reviews.csv,transfer
0cf0b983-b97c-4219-a672-b62c22e2cc5b,Pengguna Google,https://play-lh.googleusercontent.com/EGemoI2NTXmTsBVtJqk8jxF9rh8ApRWfsIMQSt2uE4OcpQqbFu7f7NbTK05lx80nuSijCz7sc3a277R67g,ra iso tf ndeng,1,0,3.147.0,2025-11-15 08:01:16+00:00,,,3.147.0,Dataset/dataset\OVO_googleplay_NOVEMBER_reviews.csv,transfer
0c865bb1-e53e-4ee0-8688-275095aff991,Pengguna Google,https://play-lh.googleusercontent.com/EGemoI2NTXmTsBVtJqk8jxF9rh8ApRWfsIMQSt2uE4OcpQqbFu7f7NbTK05lx80nuSijCz7sc3a277R67g,30/10/2025 udah dua hari ini gopay tidak bisa di akses kenapa?? TF sama QRIS nya error muter muter mulu uang di dalam aplikasi di bisa di apa apa in pliiiiiiss fix bug,4,1,1.58.0,2025-10-31 12:43:39+00:00,,,1.58.0,Dataset/dataset\GOPAY_googleplay_OCTOBER_reviews.csv,qris
a1993d96-9016-48c4-ba1f-637c0739feea,Pengguna Google,https://play-lh.googleusercontent.com/EGemoI2NTXmTsBVtJqk8jxF9rh8ApRWfsIMQSt2uE4OcpQqbFu7f7NbTK05lx80nuSijCz7sc3a277R67g,gk fungsi gk tau knp padahal udah topup,1,0,1.61.2,2025-11-05 09:31:32+00:00,,,1.61.2,Dataset/dataset\GOPAY_googleplay_NOVEMBER_reviews.csv,topup
60eec031-d3d3-4bc3-af29-57739ada3a52,Pengguna Google,https://play-lh.googleusercontent.com/EGemoI2NTXmTsBVtJqk8jxF9rh8ApRWfsIMQSt2uE4OcpQqbFu7f7NbTK05lx80nuSijCz7sc3a277R67g,lmyan Kalo TF ke semua bank Gratis udah bagus ini Gak usah dirubah rubah Lagi Tar Pada Pindah Ke wallet lain ...,5,0,,2025-11-20 08:43:40+00:00,"Hi Kak. Terima kasih telah menggunakan ShopeePay. Mari cek aplikasi ShopeePay karena banyak fitur yang mempermudah keseharian kakak seperti pembelian pulsa, paket data, pembayaran tagihan listrik dan pembayaran lainnya. Jika kakak memiliki pertanyaan seputar ShopeePay, mohon DM kami di Instagram @ShopeePay_ID ya. Semoga harimu menyenangkan ^RJ",2025-11-20 09:34:32,,Dataset/dataset\SHOPEEPAY_googleplay_NOVEMBER_reviews.csv,transfer
360d4c75-5c48-46be-bba7-0b78eb51ae6f,Pengguna Google,https://play-lh.googleusercontent.com/EGemoI2NTXmTsBVtJqk8jxF9rh8ApRWfsIMQSt2uE4OcpQqbFu7f7NbTK05lx80nuSijCz7sc3a277R67g,buruk. setiap buka aplikasi mesti masukin kata sandi. buang2 waktu. padahal ewallet yg lain gak pake kata sandi. setiap top up biaya admin yg bayar penerima. harus nya yg bayar pengirim.👎,1,6,3.149.0,2025-12-20 17:44:46+00:00,,,3.149.0,Dataset/dataset\OVO_googleplay_DECEMBER_reviews.csv,topup
f7e0e2b2-70e4-44fb-84a5-4c6c79d07ba5,Pengguna Google,https://play-lh.googleusercontent.com/EGemoI2NTXmTsBVtJqk8jxF9rh8ApRWfsIMQSt2uE4OcpQqbFu7f7NbTK05lx80nuSijCz7sc3a277R67g,mohon maaf sy setiap mau login pasti langsung keluar lagi trs ada keterangan bug nya udah di laporkan tapi tetap ajatidak bisa,2,0,,2025-11-24 08:35:50+00:00,"Halo Sahabat @Rio Saputra, mohon maaf atas ketidaknyamannya. Perihal kendala pada layanan Livin' by Mandiri, mohon untuk dapat mengirimkan email ke mandiricare@bankmandiri.co.id atau dapat menghubungi layanan mandiri 14000 agar dapat dilakukan pengecekan. Tks~Ninis",2025-11-24 08:48:40,,Dataset/dataset\LIVIN_googleplay_NOVEMBER_reviews.csv,login
29512aa7-fd98-449c-b89c-576d6e1515bb,Pengguna Google,https://play-lh.googleusercontent.com/EGemoI2NTXmTsBVtJqk8jxF9rh8ApRWfsIMQSt2uE4OcpQqbFu7f7NbTK05lx80nuSijCz7sc3a277R67g,"ini gimana yah cuma pergantian no hp sampe ber hari"" blm kelar juga? udah Menuhin persyaratan telvon berkali"" selalu jawabannya gitu??? buang duit + buang"" waktu aja, KLO emg dah gak bisa bilang aja jadi orang gak buang"" pulsa, pulsa mah dah habis ratusan ribu tapi belom kelar juga parah KECEWA BERAT SIH.. katanya tinggal nunggu balasan email buat login tapi nyatanya sampai saat ini blm ada email masuk sama sekali😔 kerjaan saya terbengkalai cuma gegara ngurusin ini doang😭",1,4,8.75.0,2025-10-26 01:53:39+00:00,"Halo, Jagoan. Mohon maaf atas kendala yang terjadi ya. Kamu tidak perlu khawatir, kamu bisa menjelaskan detail kendala tersebut melalui email di tanya@jago.com atau call center 1500 746 untuk kami bantu tangani lebih lanjut. Terima kasih :)
",2025-10-26 02:57:46,8.75.0,Dataset/dataset\JAGO_googleplay_OCTOBER_reviews.csv,login
15426669-e002-4a44-a151-3d548ba5aeb6,Pengguna Google,https://play-lh.googleusercontent.com/EGemoI2NTXmTsBVtJqk8jxF9rh8ApRWfsIMQSt2uE4OcpQqbFu7f7NbTK05lx80nuSijCz7sc3a277R67g,"aplikasi nya gampang buat dipake dan ga ribet,tapi kenapa ya kalau abis top up di Alfa/Indomaret saldo nya agak lama masuknya padahal sinyal lumayan bgus,tapi gpp aplikasi ttp bagus dan nyaman dipake👍",5,103,1.62.0,2025-11-16 17:56:31+00:00,,,1.62.0,Dataset/dataset\GOPAY_googleplay_NOVEMBER_reviews.csv,topup
1ed24938-61d4-438a-9270-6f75489eb4bc,Pengguna Google,https://play-lh.googleusercontent.com/EGemoI2NTXmTsBVtJqk8jxF9rh8ApRWfsIMQSt2uE4OcpQqbFu7f7NbTK05lx80nuSijCz7sc3a277R67g,saya topup saldo ke shopeepay niatnya untuk dipakai belanja tetapi akun saya malah dikunci setelah saldo saya di terima shopee dan saya mau tarik lg saldonya tapi di persulit berbelit belit berhari hari gk ada penyelesaian dan gk ada hasil apa,1,0,,2025-11-05 11:37:29+00:00,"Hi Kak Ikadek. Mohon maaf atas kendala tidak bisa tarik dana dan akun terkunci. Kami siap membantu kakak, terkait kendala tersebut mohon menghubungi kami melalui DM ke Instagram @ShopeePay_ID yang bercentang biru, dengan menginformasikan detail dan bukti kendala untuk bantuan lebih lanjut. Semoga kendala kakak segera terselesaikan ya. ^CS",2025-11-05 13:17:59,,Dataset/dataset\SHOPEEPAY_googleplay_NOVEMBER_reviews.csv,topup
2ca3d3fd-ffd7-427b-a2ac-5d032978b81f,Pengguna Google,https://play-lh.googleusercontent.com/EGemoI2NTXmTsBVtJqk8jxF9rh8ApRWfsIMQSt2uE4OcpQqbFu7f7NbTK05lx80nuSijCz7sc3a277R67g,saldo ku kapan masuk udah di tf gak ada masuk ke pending terus parah ini ovo cs nya juga yang ngeladenin bot mulu parah ovo,1,0,3.149.0,2025-12-15 14:47:13+00:00,,,3.149.0,Dataset/dataset\OVO_googleplay_DECEMBER_reviews.csv,transfer
baad02ad-6470-4f84-9ef2-8a17b7fc658d,Pengguna Google,https://play-lh.googleusercontent.com/EGemoI2NTXmTsBVtJqk8jxF9rh8ApRWfsIMQSt2uE4OcpQqbFu7f7NbTK05lx80nuSijCz7sc3a277R67g,perasaan dulu gak kayak gini mau transfer tinggal transfer aja gak perlu upgrade segala ini malah makin ribet bukannya makin mudah Hadeh,1,0,,2025-10-22 05:04:03+00:00,,,,Dataset/dataset\OVO_googleplay_OCTOBER_reviews.csv,transfer
03eeaf9b-ffc2-491e-9594-cce7c38bfc0f,Pengguna Google,https://play-lh.googleusercontent.com/EGemoI2NTXmTsBVtJqk8jxF9rh8ApRWfsIMQSt2uE4OcpQqbFu7f7NbTK05lx80nuSijCz7sc3a277R67g,"kebanyakan perbaikan mau login gabisa ga ada perbedaan juga, jadi susah buat transaksi dll padahal sedang urgent",1,3,3.2.0,2025-11-19 11:42:06+00:00,"Halo Sahabat @Aziz Fikri, mohon maaf atas ketidaknyamannya. Perihal kendala pada layanan Livin' by Mandiri, mohon untuk dapat mengirimkan email ke mandiricare@bankmandiri.co.id atau dapat menghubungi layanan mandiri 14000 agar dapat dilakukan pengecekan. Tks~Cira

",2025-11-19 11:57:14,3.2.0,Dataset/dataset\LIVIN_googleplay_NOVEMBER_reviews.csv,login
f97468fd-6bbb-4c29-8e66-c9283f0e06c7,Pengguna Google,https://play-lh.googleusercontent.com/EGemoI2NTXmTsBVtJqk8jxF9rh8ApRWfsIMQSt2uE4OcpQqbFu7f7NbTK05lx80nuSijCz7sc3a277R67g,dikarenakan nomor hp hilang ga bisa login ga bisa masuk gimana mai dipakai,1,0,,2025-12-05 23:03:05+00:00,"Halo, Jagoan. Mohon maaf atas kendala login yang terjadi ya. Kamu tidak perlu khawatir, kamu bisa menjelaskan detail kendala tersebut melalui email di tanya@jago.com atau call center 1500 746 untuk kami bantu tangani lebih lanjut. Terima kasih :)",2025-12-06 02:33:29,,Dataset/dataset\JAGO_googleplay_DECEMBER_reviews.csv,login
316bd63e-78b7-4b1c-bd42-dbc04352fc4c,Pengguna Google,https://play-lh.googleusercontent.com/EGemoI2NTXmTsBVtJqk8jxF9rh8ApRWfsIMQSt2uE4OcpQqbFu7f7NbTK05lx80nuSijCz7sc3a277R67g,"ngga bisa login, sudah di instal ulang tetap ngga bisa",1,0,2.7.0,2025-12-08 19:46:22+00:00,"Hai, Kak Helmi. Maaf atas ketidaknyamanannya. Kami akan selalu terus memperbaiki sistem demi mencapai kepuasan para pengguna aplikasi blu. Untuk kendala sebelumnya sudah berhasil ditangani. Silakan Kakak dapat mencoba kembali ya.",2025-12-08 21:51:59,2.7.0,Dataset/dataset\BLU_googleplay_DECEMBER_reviews.csv,login
5e8da796-63ea-4a34-aa6f-361ce807a513,Pengguna Google,https://play-lh.googleusercontent.com/EGemoI2NTXmTsBVtJqk8jxF9rh8ApRWfsIMQSt2uE4OcpQqbFu7f7NbTK05lx80nuSijCz7sc3a277R67g,"sya awnya pakai gopay aman ,dan kemaren tgl 27 oktber sya top up 700.000 tp laporan berhsl tp sldo tidk ada masuk diakun sya ,dsruh nunggu 2x24jm ,dan nympe sekrng uang pun ngk ada masuk ,saya kecewa",2,0,1.61.2,2025-11-02 10:24:18+00:00,"Hai Kak @Terminal Phone, pastikan nomor tujuan sudah benar, sudah cek halaman Riwayat, dan coba keluar dan masuk kembali ke aplikasi. Jika saldo masih belum masuk, silakan laporkan melalui menu Bantuan > ketik 'Top up GoPay saya belum masuk' > isi formulir dan cantumkan kode psr-25-306-0707-29149 pada bagian 'Ceritakan lebih lanjut'. ^Melisa",2025-11-02 14:07:37,1.61.2,Dataset/dataset\GOPAY_googleplay_NOVEMBER_reviews.csv,topup
8a29fa43-d30e-4f73-a9c2-66cab7ce462c,Pengguna Google,https://play-lh.googleusercontent.com/EGemoI2NTXmTsBVtJqk8jxF9rh8ApRWfsIMQSt2uE4OcpQqbFu7f7NbTK05lx80nuSijCz7sc3a277R67g,"mau bikin ATM di bikin susah giliran udah di transfer ngg bisa buka apk livin nya, soal nya blom pnya Krtu nya gimana mau blikin lg uang nya",1,0,3.1.0,2025-11-10 23:13:32+00:00,"Halo Sahabat @Pluk Cok, mohon maaf atas ketidaknyamanannya. Untuk perihal kendala yang dialami, mohon untuk dapat mengirimkan email ke mandiricare@bankmandiri.co.id atau dapat menghubungi layanan mandiri 14000 agar dapat dilakukan pengecekan. Tks~Raka",2025-11-10 23:15:34,3.1.0,Dataset/dataset\LIVIN_googleplay_NOVEMBER_reviews.csv,transfer
91fc23a5-626b-4486-84a7-4401c43af340,Pengguna Google,https://play-lh.googleusercontent.com/EGemoI2NTXmTsBVtJqk8jxF9rh8ApRWfsIMQSt2uE4OcpQqbFu7f7NbTK05lx80nuSijCz7sc3a277R67g,"Baru pake lagi Ovo karena ada keperluan, masa iya potongan top up sampe 2000 parah, sementara aplikasi lain cuma 500 perak bahkan ada yg gak di potong sama sekali. Cukup deh langsung uninstall lagi aplikasi nya.",1,0,,2025-10-23 11:26:10+00:00,,,,Dataset/dataset\OVO_googleplay_OCTOBER_reviews.csv,topup
897772e2-bee3-4285-9da6-04ce9e75738c,Pengguna Google,https://play-lh.googleusercontent.com/EGemoI2NTXmTsBVtJqk8jxF9rh8ApRWfsIMQSt2uE4OcpQqbFu7f7NbTK05lx80nuSijCz7sc3a277R67g,"PARAH INI OVO UDAH 1x 24 JAM NUNGGU SALDO MASUK, MASIH TETAP TIDAK MASUK NGGAK ADA SALDONYA, PADAHAL SUDAH TOP UP TAPI NGGAK ADA MASUK2 JUGA..",1,0,3.146.0,2025-11-05 00:10:47+00:00,,,3.146.0,Dataset/dataset\OVO_googleplay_NOVEMBER_reviews.csv,topup
fa749d56-ba50-45ee-a6c6-fb0ca989f7dd,Pengguna Google,https://play-lh.googleusercontent.com/EGemoI2NTXmTsBVtJqk8jxF9rh8ApRWfsIMQSt2uE4OcpQqbFu7f7NbTK05lx80nuSijCz7sc3a277R67g,woy saya ga bisa login nih masalah nya di akun ovo ku ada saldonya,1,0,,2025-12-27 16:57:25+00:00,,,,Dataset/dataset\OVO_googleplay_DECEMBER_reviews.csv,login
951758ce-8e20-4b44-9f2c-8ebf0a04cce3,Pengguna Google,https://play-lh.googleusercontent.com/EGemoI2NTXmTsBVtJqk8jxF9rh8ApRWfsIMQSt2uE4OcpQqbFu7f7NbTK05lx80nuSijCz7sc3a277R67g,"saya buka aplikasi jago juga selalu jaringan terputus, mau transfer juga jaringan terputus, ini kenapa ya, apa akun kita di hack atau kenapa?",2,0,,2025-10-10 13:28:06+00:00,"Halo, Jagoan. Mohon maaf atas kendala yang terjadi ya. Kamu tidak perlu khawatir, kamu bisa menjelaskan detail kendala tersebut melalui email di tanya@jago.com atau call center 1500 746 untuk kami bantu tangani lebih lanjut. Terima kasih :)",2025-10-10 14:19:51,,Dataset/dataset\JAGO_googleplay_OCTOBER_reviews.csv,transfer
c937d8cf-72bc-4cde-9e3f-86cd1e838558,Pengguna Google,https://play-lh.googleusercontent.com/EGemoI2NTXmTsBVtJqk8jxF9rh8ApRWfsIMQSt2uE4OcpQqbFu7f7NbTK05lx80nuSijCz7sc3a277R67g,"setelah topup ga bisa di pake,,untung sedikit isinya..ngeri juga nih ovo,,gmna solusinya.?sudah di perbarui,,dan uninstal tetap aja ga bisa transaksi,,sudah info cs,,sudah email cs,,ga ada solusinya..",1,13,3.144.0,2025-10-01 23:37:07+00:00,,,3.144.0,Dataset/dataset\OVO_googleplay_OCTOBER_reviews.csv,topup
ad615407-015b-4d7a-a0f1-9128e13fb162,Pengguna Google,https://play-lh.googleusercontent.com/EGemoI2NTXmTsBVtJqk8jxF9rh8ApRWfsIMQSt2uE4OcpQqbFu7f7NbTK05lx80nuSijCz7sc3a277R67g,"aneh knapa saldoku 400rb sekian,, buat tf 152000 knapa sisa saldo jd 100rb sekian gmna nh..",2,0,1.42.03,2025-11-25 20:15:50+00:00,"Hi Kak Suratmo. Mohon maaf atas kendala saldo ShopeePay yang tidak sesuai. Terkait kendala tersebut mohon menghubungi kami melalui DM ke Instagram @ShopeePay_ID yang bercentang biru, dengan menginformasikan detail dan bukti kendala untuk bantuan lebih lanjut. Semoga kendala kakak segera terselesaikan ya. ^CS",2025-11-26 11:38:17,1.42.03,Dataset/dataset\SHOPEEPAY_googleplay_NOVEMBER_reviews.csv,transfer
db584d4d-d18c-4d7e-9bd7-bc6389550eca,Pengguna Google,https://play-lh.googleusercontent.com/EGemoI2NTXmTsBVtJqk8jxF9rh8ApRWfsIMQSt2uE4OcpQqbFu7f7NbTK05lx80nuSijCz7sc3a277R67g,"parah padahal saldo aku masih ada tiba"" terkeluar akun nya pas mau login malah gabisa gimana ini",1,0,,2025-10-07 00:09:11+00:00,,,,Dataset/dataset\OVO_googleplay_OCTOBER_reviews.csv,login
e78a1438-5330-4eae-9bf1-4e1bff02208f,Pengguna Google,https://play-lh.googleusercontent.com/EGemoI2NTXmTsBVtJqk8jxF9rh8ApRWfsIMQSt2uE4OcpQqbFu7f7NbTK05lx80nuSijCz7sc3a277R67g,saya sangat puas dengan FoPay karna sangat membantu saya disaat saya butuh transfer dan GoPaylah yg menjadi andalan saya terimakasih GoPay semoga jaya terus,5,0,1.60.0,2025-10-27 05:34:47+00:00,,,1.60.0,Dataset/dataset\GOPAY_googleplay_OCTOBER_reviews.csv,transfer
8c3b2444-bfc3-4c09-8cd4-159dfca58e12,Pengguna Google,https://play-lh.googleusercontent.com/EGemoI2NTXmTsBVtJqk8jxF9rh8ApRWfsIMQSt2uE4OcpQqbFu7f7NbTK05lx80nuSijCz7sc3a277R67g,sengaja ngasih bintang 5 supaya posisi nya diatas biar bisa dibaca org2 gedek x ama ovo akhir2 ni udah gg jelas top up lancar giliran tf ato semacam nya lelet x ngebug juga kek t4i,5,1,3.146.0,2025-11-03 23:14:18+00:00,,,3.146.0,Dataset/dataset\OVO_googleplay_NOVEMBER_reviews.csv,topup
8829ed79-5eab-4446-9704-c4aec7d314b8,Pengguna Google,https://play-lh.googleusercontent.com/EGemoI2NTXmTsBVtJqk8jxF9rh8ApRWfsIMQSt2uE4OcpQqbFu7f7NbTK05lx80nuSijCz7sc3a277R67g,OVO semakin di update malah tambah Gak bisa transfer kalo malam nyesal pake aplikasi Ovo ada saldo Gak bisa transfer ke rekening saya lagi harap segera di tangani kasus 🙏🙏,1,1,3.146.0,2025-10-30 03:52:02+00:00,,,3.146.0,Dataset/dataset\OVO_googleplay_OCTOBER_reviews.csv,transfer
fef6a02f-bdff-481d-8e75-8d2a7b5f4d32,Pengguna Google,https://play-lh.googleusercontent.com/EGemoI2NTXmTsBVtJqk8jxF9rh8ApRWfsIMQSt2uE4OcpQqbFu7f7NbTK05lx80nuSijCz7sc3a277R67g,"sangat kecewa. top up dari tanggal 29 sampai sekarang belum masuk juga udh info ke gopay bantuan, telepon cs , ke Gmail di suruh tunggu.mau nunggu sampai kapan ini udh seminggu sedangkan kebijakan di gopay di suruh nunggu 1x48 jam ini udh berapa jam, udh kejadian 2x kaya gini cuma yg sekarang ini yg paling lambat penyelesaiannya. amat sangat kecewa sekali pakai gopay kalau kaya gini",1,0,1.59.0,2025-10-06 14:03:52+00:00,"Hai Kak Haris, mohon maaf atas ketidaknyamanannya. Jika kamu masih mengalami kendala, silakan laporkan melalui email ke customerservice@gopay.co.id dengan melampirkan kode psr-25-279-0712-38030 pada subject email dan cantumkan nomor laporan kamu sebelumnya pada email yang kamu kirimkan. Kami tunggu detail laporan kamu ya. ^Maura",2025-10-06 14:12:43,1.59.0,Dataset/dataset\GOPAY_googleplay_OCTOBER_reviews.csv,topup
76dd228f-551c-4cdd-80ba-dceccfa1116d,Pengguna Google,https://play-lh.googleusercontent.com/EGemoI2NTXmTsBVtJqk8jxF9rh8ApRWfsIMQSt2uE4OcpQqbFu7f7NbTK05lx80nuSijCz7sc3a277R67g,knpa gakbisa transfer,5,0,,2025-11-18 00:40:48+00:00,,,,Dataset/dataset\OVO_googleplay_NOVEMBER_reviews.csv,transfer
d185e94d-da11-465a-881f-1bb695370a6f,Pengguna Google,https://play-lh.googleusercontent.com/EGemoI2NTXmTsBVtJqk8jxF9rh8ApRWfsIMQSt2uE4OcpQqbFu7f7NbTK05lx80nuSijCz7sc3a277R67g,"Sorry to say kecewa skrg sama mandiri. mau transfer ke e-commerce pake biaya admin 1500 per transaksi padahal bank tujuan itu mandiri misal transfer ke doku merchant. Trus fakta lain nih ya, biaya bulanan ditarik lebih besar dari bank lain. Kebijakan seperti apa ini mengecewakan sekaleeeeeee !!",2,19,3.2.0,2025-12-17 10:54:36+00:00,"Halo Sahabat @Leni Fitri, mohon maaf atas ketidaknyamanannya. Terkait kendala Sahabat mohon untuk dapat mengirimkan email ke mandiricare@bankmandiri.co.id atau dapat menghubungi Mandiri Call 14000 lalu tekan 2 agar dapat dilakukan pengecekan. Tks~Risa",2025-12-17 10:58:38,3.2.0,Dataset/dataset\LIVIN_googleplay_DECEMBER_reviews.csv,transfer
0841d2a5-c1c9-4c0a-b193-4ca9bc1445e1,Pengguna Google,https://play-lh.googleusercontent.com/EGemoI2NTXmTsBVtJqk8jxF9rh8ApRWfsIMQSt2uE4OcpQqbFu7f7NbTK05lx80nuSijCz7sc3a277R67g,top up pasti kena admin 👎🏼👎🏼👎🏼,2,0,1.45.09,2025-12-25 06:40:25+00:00,"Hi Kak Rahmat, mohon maaf atas kendala biaya admin Top Up. Saat ini terdapat kuota gratis isi saldo ShopeePay dengan minimum isi saldo Rp10.000,- sebanyak 20x dalam satu bulan melalui bank dan 5x melalui minimarket/agent Untuk bantuan pengecekan, mohon menghubungi kami melalui DM Instagram di @ShopeePay_ID. ^CS",2025-12-25 15:03:38,1.45.09,Dataset/dataset\SHOPEEPAY_googleplay_DECEMBER_reviews.csv,topup
18343003-6491-4c2b-8d17-98305f24edee,Pengguna Google,https://play-lh.googleusercontent.com/EGemoI2NTXmTsBVtJqk8jxF9rh8ApRWfsIMQSt2uE4OcpQqbFu7f7NbTK05lx80nuSijCz7sc3a277R67g,kak gimana solusinya akun shopeepay di batasi sehingga tidak bisa transfer uang dari saldo shopee pay,4,1,1.42.03,2025-11-05 20:06:48+00:00,"Hi Kak Al hanivah. Mohon maaf mengenai kendala akun ShopeePay yang dibatasi sehingga tidak bisa transfer. Untuk bantuan lebih lanjut, mohon menghubungi kami melalui DM ke Instagram @ShopeePay_ID dengan melampirkan foto/screenshot notifikasi kendala yang dialami. ^CS",2025-11-06 11:55:03,1.42.03,Dataset/dataset\SHOPEEPAY_googleplay_NOVEMBER_reviews.csv,transfer
9db42336-763c-4a15-b8ef-5abcfa0936c8,Pengguna Google,https://play-lh.googleusercontent.com/EGemoI2NTXmTsBVtJqk8jxF9rh8ApRWfsIMQSt2uE4OcpQqbFu7f7NbTK05lx80nuSijCz7sc3a277R67g,saya mau top up,5,0,1.61.2,2025-11-07 13:31:45+00:00,,,1.61.2,Dataset/dataset\GOPAY_googleplay_NOVEMBER_reviews.csv,topup
416e0da2-aa6c-4d29-850a-ba3c5c22b84d,Pengguna Google,https://play-lh.googleusercontent.com/EGemoI2NTXmTsBVtJqk8jxF9rh8ApRWfsIMQSt2uE4OcpQqbFu7f7NbTK05lx80nuSijCz7sc3a277R67g,aplikasi gak jelas abis tf ke bank tiba2 kena blok di telpon cs nya suruh tunggu sedang di cek team investigasi bla bla?? harus banyak yg speak up udh banyak kejadian kek gini!!!!! mana duit nya gak sedikit,1,8,1.64.0,2025-11-19 12:47:28+00:00,"Hai Kak Sendi, mohon maaf atas ketidaknyamanannya. Jika kamu masih mengalami kendala, silakan laporkan melalui email ke customerservice@gopay.co.id dengan melampirkan kode psr-25-323-0619-22464 pada subject email dan cantumkan nomor laporan kamu sebelumnya pada email yang kamu kirimkan. Kami tunggu detail laporan kamu ya. ^Maura",2025-11-19 13:19:29,1.64.0,Dataset/dataset\GOPAY_googleplay_NOVEMBER_reviews.csv,transfer
619b9422-0c7f-43fc-958f-11704aff7c34,Pengguna Google,https://play-lh.googleusercontent.com/EGemoI2NTXmTsBVtJqk8jxF9rh8ApRWfsIMQSt2uE4OcpQqbFu7f7NbTK05lx80nuSijCz7sc3a277R67g,sistem jelek saldo tertahan gara2 tidak bisa login sudah bikin laporan di gmail dan whatsapp tapi tidak ada tindak lanjut pokok nya buruk sekali,1,0,8.74.0,2025-10-12 14:17:25+00:00,"Halo, Jagoan! Mohon maaf apabila terdapat fitur atau layanan Jago yang belum sesuai harapan kamu. Kamu bisa menghubungi Tanya Jago di nomor 1500746 / 021-30000746 atau e-mail ke tanya@jago.com untuk kami bantu cek kendalanya lebih lanjut ya. Agent kami dengan senang hati membantu kamu.",2025-10-12 14:30:28,8.74.0,Dataset/dataset\JAGO_googleplay_OCTOBER_reviews.csv,login
ebfb0841-0036-4451-9f00-7a70658eaa86,Pengguna Google,https://play-lh.googleusercontent.com/EGemoI2NTXmTsBVtJqk8jxF9rh8ApRWfsIMQSt2uE4OcpQqbFu7f7NbTK05lx80nuSijCz7sc3a277R67g,"harus banget pake parenting ya pake nya? ID Aja terus yang mau lu ambil, mau bayar, ID, Mau transfer? ID lagi, alah jembot",4,0,1.45.09,2025-12-30 18:39:09+00:00,,,1.45.09,Dataset/dataset\SHOPEEPAY_googleplay_DECEMBER_reviews.csv,transfer
cb1e73fa-2f80-4e48-adc4-814b5353e0a3,Pengguna Google,https://play-lh.googleusercontent.com/EGemoI2NTXmTsBVtJqk8jxF9rh8ApRWfsIMQSt2uE4OcpQqbFu7f7NbTK05lx80nuSijCz7sc3a277R67g,"saya slalu menggunakan apk ini di setiap transaksi , tapi sekarang ini mengapa yaa saya sedang bermasalah karna di transfer dari bank lain ""seabank"" ini udah 5 x 24 jam dan gak ada respon sama sekali sedangkan uang tersebut mau saya pakai untuk bayar kost dan kebutuhan lainya , itu uang gaji saya bekerja selama 1 bulan dan alhasil sekarang gaada respon atau tindak lanjut untuk itu tolong dong ini gimana pertanggung jawabanya , gaada respon sama sekali masalahnya .",1,5,1.60.0,2025-10-10 13:29:20+00:00,"Hai Kak @Ruang Rasa Nusantara, mohon maaf atas ketidaknyamanannya. Jika kamu masih mengalami kendala, silakan laporkan melalui email ke customerservice@gopay.co.id dengan melampirkan kode psr-25-283-0830-37851 pada subject email dan cantumkan nomor laporan kamu sebelumnya pada email yang kamu kirimkan. Kami tunggu detail laporan kamu ya. ^Maura",2025-10-10 15:30:42,1.60.0,Dataset/dataset\GOPAY_googleplay_OCTOBER_reviews.csv,transfer
062302ba-6434-4c87-b49c-3f84777c93fd,Pengguna Google,https://play-lh.googleusercontent.com/EGemoI2NTXmTsBVtJqk8jxF9rh8ApRWfsIMQSt2uE4OcpQqbFu7f7NbTK05lx80nuSijCz7sc3a277R67g,"app yg bagus, dan mudah buat transfer kemana saja.",5,1,1.64.0,2025-11-21 20:54:50+00:00,,,1.64.0,Dataset/dataset\GOPAY_googleplay_NOVEMBER_reviews.csv,transfer
a6b02c2b-fb64-408e-a139-0f1f53cb0acd,Pengguna Google,https://play-lh.googleusercontent.com/EGemoI2NTXmTsBVtJqk8jxF9rh8ApRWfsIMQSt2uE4OcpQqbFu7f7NbTK05lx80nuSijCz7sc3a277R67g,Bagus tapi di sarankan untuk memperbaharui aplikasi ngakbisa jg buat tf,5,0,,2025-12-17 11:08:14+00:00,,,,Dataset/dataset\OVO_googleplay_DECEMBER_reviews.csv,transfer
2396ed7e-d4e5-4757-a81b-e2782f0b8459,Pengguna Google,https://play-lh.googleusercontent.com/EGemoI2NTXmTsBVtJqk8jxF9rh8ApRWfsIMQSt2uE4OcpQqbFu7f7NbTK05lx80nuSijCz7sc3a277R67g,"verifikasi muka sulit,",2,0,1.45.09,2025-12-25 17:38:46+00:00,"Hi Kak Arya. Maaf atas kendala verifikasi wajah. Pastikan verifikasi wajah telah sesuai dgn data KTP yg terdaftar pada ShopeePay agar sistem dpt memverifikasi kepemilikan akun. Silakan klik ShopeePay>Saya>Pengaturan>Upgrade ke ShopeePay Plus>Informasi Pribadi. Untuk bantuan pengecekan, hubungi kami melalui DM ke Instagram @ShopeePay_ID. ^CS",2025-12-26 11:46:02,1.45.09,Dataset/dataset\SHOPEEPAY_googleplay_DECEMBER_reviews.csv,vermuk
3b65ae6e-6a3c-4db7-b929-1bde1b1379e9,Pengguna Google,https://play-lh.googleusercontent.com/EGemoI2NTXmTsBVtJqk8jxF9rh8ApRWfsIMQSt2uE4OcpQqbFu7f7NbTK05lx80nuSijCz7sc3a277R67g,"mau top up game gagal terus voucher yang diberikan tidak valid terus, rugi jadinya",1,0,3.146.0,2025-11-09 23:35:59+00:00,"Hai Kak, mohon maaf atas ketidaknyamanannya, apabila ada keluhan atau pertanyaan mohon menghubungi tim kami melalui email di cs@ovo.id atau call center kami di 1500-696. Terima kasih. ^NK",2020-08-16 20:14:55,3.146.0,Dataset/dataset\OVO_googleplay_NOVEMBER_reviews.csv,topup
f78f09e9-56b2-4eee-b70c-53fae33df207,Pengguna Google,https://play-lh.googleusercontent.com/EGemoI2NTXmTsBVtJqk8jxF9rh8ApRWfsIMQSt2uE4OcpQqbFu7f7NbTK05lx80nuSijCz7sc3a277R67g,kocak saya top up 98ribu masuk. sedang kan saya top up 300ribu ngak masuk2. email saya ngak di tanggapi telpon saya di abaikan. mana admin nya ngk jelas lagi.,1,0,1.60.0,2025-11-01 14:51:10+00:00,"Hai Kak @Cungkring 23, mohon maaf atas ketidaknyamanannya. Jika masih mengalami keluhan, silakan laporkan melalui email ke customerservice@gopay.co.id dengan melampirkan kode psr-25-305-0855-04971 pada subject email dan cantumkan nomor laporan sebelumnya serta ceritakan kembali detail permasalahannya. Kami tunggu detail laporan kamu ya. ^Miko",2025-11-01 15:55:21,1.60.0,Dataset/dataset\GOPAY_googleplay_NOVEMBER_reviews.csv,topup
ea01b1dc-d0bd-451d-91c7-dc3bfdb53da7,Pengguna Google,https://play-lh.googleusercontent.com/EGemoI2NTXmTsBVtJqk8jxF9rh8ApRWfsIMQSt2uE4OcpQqbFu7f7NbTK05lx80nuSijCz7sc3a277R67g,"transfer duit dari shopee pay ke dana estimasi diterimanya 1 hari, lewat dc cakung apa begimana",1,0,1.43.10,2025-11-30 07:33:24+00:00,"Hi Kak Fadhil. Mohon maaf mengenai kendala transfer ShopeePay ke e-wallet yang belum diterima. Untuk pengecekan lebih lanjut, mohon menghubungi kami melalui DM ke Instagram @ShopeePay_ID dengan melampirkan bukti transfer yang tertera nomor transaksi (Order SN), nominal, tanggal dan waktu transaksi. ^EN",2025-12-01 14:19:33,1.43.10,Dataset/dataset\SHOPEEPAY_googleplay_NOVEMBER_reviews.csv,transfer
6b0b10b7-f21f-42c8-bf2d-86db5dca6c40,Pengguna Google,https://play-lh.googleusercontent.com/EGemoI2NTXmTsBVtJqk8jxF9rh8ApRWfsIMQSt2uE4OcpQqbFu7f7NbTK05lx80nuSijCz7sc3a277R67g,"Kenapa mau login dan ubah nomor lama jadi nomor baru di digagalin terus ya, sengaja kah? padahal jaringan bagus bagus aja tuh, tinggal lanjut verifikasi aja loh gagal terus, tolonglah kita kan jadi jengah, pusat bantuan pas daftar isi nomor biasa bisa bisa aja sedangkan pusat bantuan di tempat isi nomor baru gagal terus, ga mau nethink tapi udah nyoba pakai hp lain sama juga. buat emosi aja",1,0,,2025-11-23 16:16:40+00:00,,,,Dataset/dataset\OVO_googleplay_NOVEMBER_reviews.csv,login
49055128-d881-4099-af8a-792cc3f9f0eb,Pengguna Google,https://play-lh.googleusercontent.com/EGemoI2NTXmTsBVtJqk8jxF9rh8ApRWfsIMQSt2uE4OcpQqbFu7f7NbTK05lx80nuSijCz7sc3a277R67g,GoPay Transfer Puls Beri rating aplikasi ini,3,0,,2025-11-26 21:03:35+00:00,,,,Dataset/dataset\GOPAY_googleplay_NOVEMBER_reviews.csv,transfer
d6c6e874-1f2b-4b01-a0a8-ac2c479b4ddf,Pengguna Google,https://play-lh.googleusercontent.com/EGemoI2NTXmTsBVtJqk8jxF9rh8ApRWfsIMQSt2uE4OcpQqbFu7f7NbTK05lx80nuSijCz7sc3a277R67g,"transfer tidak masuk, di katakan berhasil 🤣. terlalu receh saldo saya kalian makan boss. admin BODOH!!! gk nyambung jawaban kau",1,0,1.64.0,2025-11-22 18:42:34+00:00,"Hai Kak Jack, mohon maaf atas ketidaknyamanannya. Pastikan nomor tujuan transfer sudah benar dan sudah cek halaman Riwayat. Jika saldo belum juga bertambah, laporkan detailnya melalui email customerservice@gopay.co.id dan cantumkan kode psr-25-326-0208-01224 pada subject email yang kamu kirimkan ya. ^Miko",2025-11-22 09:08:22,1.64.0,Dataset/dataset\GOPAY_googleplay_NOVEMBER_reviews.csv,transfer
06009e09-f45f-4080-804b-2bc939451819,Pengguna Google,https://play-lh.googleusercontent.com/EGemoI2NTXmTsBVtJqk8jxF9rh8ApRWfsIMQSt2uE4OcpQqbFu7f7NbTK05lx80nuSijCz7sc3a277R67g,"ada voucher, keterangandpet casback di gopay games, bayar udah ! casback kaga !!!! sumpah nyesel bgt top up gede. bukti nya ada !",1,1,1.60.0,2025-10-13 09:43:14+00:00,"Hai, Kak Ridjki. Sebelum membayar di Mitra Usaha, pastikan kode promo/voucher telah diaktifkan agar kamu bisa mendapatkan cashback. Jika cashback masih belum diterima, laporkan melalui halaman Bantuan > cari artikel ""Belum terima cashback setelah bertransaksi"" di kolom pencarian > isi form yang ada di artikel. Kami siap membantu kamu. ^Miko",2025-10-13 12:12:19,1.60.0,Dataset/dataset\GOPAY_googleplay_OCTOBER_reviews.csv,topup
2afec00d-983b-4b62-99ca-1982d3e0dac0,Pengguna Google,https://play-lh.googleusercontent.com/EGemoI2NTXmTsBVtJqk8jxF9rh8ApRWfsIMQSt2uE4OcpQqbFu7f7NbTK05lx80nuSijCz7sc3a277R67g,"aplikasi buruk, sudah top up 1jt aplikasi tidak bisa di buka anj",1,0,,2025-10-08 22:02:41+00:00,"Mohon maaf, Kak Achmad, jika tidak bisa masuk ke akun GoPay, pastikan sinyal untuk menerima SMS OTP dan jaringan internet bagus, lalu coba lagi dalam beberapa waktu. Jika masih tidak bisa, silakan laporkan detailnya melalui email ke customerservice@gopay.co.id dengan mencantumkan kode psr-25-282-1015-19346 pada subjek email. ^Miko",2025-10-09 17:15:42,,Dataset/dataset\GOPAY_googleplay_OCTOBER_reviews.csv,topup
b90639bd-714d-46cc-b976-6f3b0d5f6e88,Pengguna Google,https://play-lh.googleusercontent.com/EGemoI2NTXmTsBVtJqk8jxF9rh8ApRWfsIMQSt2uE4OcpQqbFu7f7NbTK05lx80nuSijCz7sc3a277R67g,"kenapa cuma ovo yg gk bsa transfer ke e-wallet lainnya, pdhal yg lain bisa buat transfer ke e-wallet lain.",2,0,,2025-10-15 11:34:01+00:00,,,,Dataset/dataset\OVO_googleplay_OCTOBER_reviews.csv,transfer
1006b09d-e96b-40ca-b594-93ef259c90ab,Pengguna Google,https://play-lh.googleusercontent.com/EGemoI2NTXmTsBVtJqk8jxF9rh8ApRWfsIMQSt2uE4OcpQqbFu7f7NbTK05lx80nuSijCz7sc3a277R67g,"login terganggu, salah pin dan ganti password sudah berhasil, giliran login paswordnya salah, fast respon langsung di fix sudah bisa login",5,0,8.78.0,2025-12-12 20:24:07+00:00,"Halo, Jagoan. Mohon maaf atas kendala yang terjadi ya. Kamu tidak perlu khawatir, kamu bisa menjelaskan detail kendala tersebut melalui email di tanya@jago.com atau call center 1500 746 untuk kami bantu tangani lebih lanjut. Terima kasih :)",2025-12-12 20:06:16,8.78.0,Dataset/dataset\JAGO_googleplay_DECEMBER_reviews.csv,login
a42790fd-e09f-4387-af35-08ebd57c6fac,Pengguna Google,https://play-lh.googleusercontent.com/EGemoI2NTXmTsBVtJqk8jxF9rh8ApRWfsIMQSt2uE4OcpQqbFu7f7NbTK05lx80nuSijCz7sc3a277R67g,ga bisa bayar pake qris selalu aktivitas gak wajar gjls,3,0,1.60.0,2025-10-20 21:25:02+00:00,"Hai Kak Rafi, maaf atas ketidaknyamanannya. Pastikan kamu menggunakan aplikasi GoPay versi terbaru dan kode QR yang dipindai berasal dari merchant yang menerima pembayaran melalui kode GoPay. Jika masih berkendala, laporkan melalui email ke customerservice@gopay.co.id dan cantumkan kode psr-25-293-1503-49257 pada subjek email. ^Maura",2025-10-20 22:03:55,1.60.0,Dataset/dataset\GOPAY_googleplay_OCTOBER_reviews.csv,qris
3baf2a26-9655-46e7-8f95-b609f2c1c7fa,Pengguna Google,https://play-lh.googleusercontent.com/EGemoI2NTXmTsBVtJqk8jxF9rh8ApRWfsIMQSt2uE4OcpQqbFu7f7NbTK05lx80nuSijCz7sc3a277R67g,"Gopay aku bayar pake qris, pembayaran lamaaa bngt, ga bisa dibatalin karena pilihan nya cuma info atau beranda. pas aku coba kedua kali sama ternyata. akhirnya kepotong dua² nya saldoku 😠",2,0,,2025-11-01 19:46:37+00:00,,,,Dataset/dataset\GOPAY_googleplay_NOVEMBER_reviews.csv,qris
21f18f7c-8f71-439b-8654-a17c44bd2ed6,Pengguna Google,https://play-lh.googleusercontent.com/EGemoI2NTXmTsBVtJqk8jxF9rh8ApRWfsIMQSt2uE4OcpQqbFu7f7NbTK05lx80nuSijCz7sc3a277R67g,saya tf dari dana ke gopay dari tgl 1november sampai sekarang saldo nya gak ada gimana .bantuan sma sekali tidak membantu,1,0,1.61.2,2025-11-05 08:47:47+00:00,"Hai Kak Abeh, mohon maat atas ketidaknyamanannya. Jika kamu masih mengalami kendala, silakan laporkan melalui email ke customerservice@gopay.co.id dengan melampirkan kode psr-25-309-0824-13389 pada subject email dan cantumkan nomor laporan kamu sebelumnya pada email yang kamu kirimkan. Kami tunggu detail laporan kamu ya. ^Melisa",2025-11-05 15:24:32,1.61.2,Dataset/dataset\GOPAY_googleplay_NOVEMBER_reviews.csv,transfer
efff8052-f644-4ce6-a0b4-a31c2109dd27,Pengguna Google,https://play-lh.googleusercontent.com/EGemoI2NTXmTsBVtJqk8jxF9rh8ApRWfsIMQSt2uE4OcpQqbFu7f7NbTK05lx80nuSijCz7sc3a277R67g,"seringkali top up e-money nominal 50.000 tidak bisa update saldo, padahal transaksi sdh berhasil. hialqng ssh uang saya",2,0,1.60.0,2025-10-15 20:54:10+00:00,,,1.60.0,Dataset/dataset\GOPAY_googleplay_OCTOBER_reviews.csv,topup
3af8fc6f-0549-4e7b-847d-79a5ccba5fce,Pengguna Google,https://play-lh.googleusercontent.com/EGemoI2NTXmTsBVtJqk8jxF9rh8ApRWfsIMQSt2uE4OcpQqbFu7f7NbTK05lx80nuSijCz7sc3a277R67g,ini apk makin gak bener saya udah top up eh gak masuk masuk tapi top up nya udah berhasil lihat di histori gak ada di notif gak gak jelas ni udah satu hari gak ada masuk,1,1,3.146.0,2025-11-02 16:51:44+00:00,,,3.146.0,Dataset/dataset\OVO_googleplay_NOVEMBER_reviews.csv,topup
9bd11167-88a6-4a8b-8385-396c239a755f,Pengguna Google,https://play-lh.googleusercontent.com/EGemoI2NTXmTsBVtJqk8jxF9rh8ApRWfsIMQSt2uE4OcpQqbFu7f7NbTK05lx80nuSijCz7sc3a277R67g,"kenapa layarnya putih, saldo dan menu top up lainnya ga nampak, please fix it",3,0,3.149.0,2025-12-09 07:15:58+00:00,,,3.149.0,Dataset/dataset\OVO_googleplay_DECEMBER_reviews.csv,topup
b68bf31d-e609-4a10-8c65-653da37c739c,Pengguna Google,https://play-lh.googleusercontent.com/EGemoI2NTXmTsBVtJqk8jxF9rh8ApRWfsIMQSt2uE4OcpQqbFu7f7NbTK05lx80nuSijCz7sc3a277R67g,"Ulasanku sama seperti orang lain yang ngasih bintang satu. Mau login susahnya minta ampun, mentok di logo atau tampilan highlight. Mohon segera diperbaiki.",1,2,2.4.0,2025-10-23 05:55:13+00:00,"Hai, Kak Muhammad Dzikron. Maaf atas ketidaknyamanannya. Kami akan selalu berusaha memberikan yang terbaik demi memenuhi kebutuhan perbankan Kakak. Terkait kendala tersebut boleh infokan detail kendala serta kirimkan gambar kendalanya ke X @haloblu atau email haloblu@bcadigital.co.id agar kami bisa bantu lebih lanjut ya.",2025-10-23 07:20:11,2.4.0,Dataset/dataset\BLU_googleplay_OCTOBER_reviews.csv,login
ff2579e4-1c31-4ceb-a6c9-18c1a3bbb012,Pengguna Google,https://play-lh.googleusercontent.com/EGemoI2NTXmTsBVtJqk8jxF9rh8ApRWfsIMQSt2uE4OcpQqbFu7f7NbTK05lx80nuSijCz7sc3a277R67g,"Lemot bangeett sihhhh muter2 nyari sinyalll padahal sinyal aman, buka mau tf dari tadi muyer muyerrrr",2,0,8.76.0,2025-11-06 19:09:02+00:00,"Halo, Jagoan. Mohon maaf atas kendala yang terjadi ya. Kamu tidak perlu khawatir, kamu bisa menjelaskan detail kendala tersebut melalui email di tanya@jago.com atau call center 1500 746 untuk kami bantu tangani lebih lanjut. Terima kasih :)",2025-11-06 20:08:49,8.76.0,Dataset/dataset\JAGO_googleplay_NOVEMBER_reviews.csv,transfer
79274f13-ecea-47b1-80db-94e81ad5cc4f,Pengguna Google,https://play-lh.googleusercontent.com/EGemoI2NTXmTsBVtJqk8jxF9rh8ApRWfsIMQSt2uE4OcpQqbFu7f7NbTK05lx80nuSijCz7sc3a277R67g,selamat sore bapak/ibu yang terhormat izin bertanya bapak/ibu ini teman saya tf ke saya senilai RP.50.000 pada hari minggu tanggal 16 oktober jam 01.57 WIB tapi belum masuk juga ke saya sampai sekarang mohon penjelasannya,1,0,3.2.0,2025-11-17 18:09:35+00:00,"Hi Sahabat @Cody Curtis, mohon maaf atas ketidaknyamannya. untuk perihal kendala pada layanan Livin' by Mandiri, mohon untuk dapat mengirimkan email ke mandiricare@bankmandiri.co.id atau dapat menghubungi layanan mandiri 14000 agar dapat dilakukan pengecekan. Tks~Mandala",2025-11-17 18:15:05,3.2.0,Dataset/dataset\LIVIN_googleplay_NOVEMBER_reviews.csv,transfer
e0b2f829-ca0e-47ff-8c4e-d58c8098bab2,Pengguna Google,https://play-lh.googleusercontent.com/EGemoI2NTXmTsBVtJqk8jxF9rh8ApRWfsIMQSt2uE4OcpQqbFu7f7NbTK05lx80nuSijCz7sc3a277R67g,Parah Woii Saldo Gw Udh Di TF Orang Tapi GK Masuk,1,0,3.147.0,2025-11-11 03:37:42+00:00,,,3.147.0,Dataset/dataset\OVO_googleplay_NOVEMBER_reviews.csv,transfer
186fae9b-65d2-4b73-9f29-35513245a76f,Pengguna Google,https://play-lh.googleusercontent.com/EGemoI2NTXmTsBVtJqk8jxF9rh8ApRWfsIMQSt2uE4OcpQqbFu7f7NbTK05lx80nuSijCz7sc3a277R67g,selalu error saat mau bayar atau transfer,1,0,,2025-11-10 06:16:54+00:00,"Hi Kak Azza, Mohon maaf mengenai kendala tidak bisa melakukan transaksi atau transfer. Mohon pastikan telah menggunakan aplikasi ShopeePay terbaru dan silakan bisa coba berkala. Apabila masih berkendala mohon menghubungi kami melalui DM Instagram di @ShopeePay_ID untuk bantuan lebih lanjut. Semoga kendala kakak segera terselesaikan ^CS",2025-11-10 10:59:24,,Dataset/dataset\SHOPEEPAY_googleplay_NOVEMBER_reviews.csv,transfer
9c45f38c-fcb9-4964-82d4-24ee3ce2f1ad,Pengguna Google,https://play-lh.googleusercontent.com/EGemoI2NTXmTsBVtJqk8jxF9rh8ApRWfsIMQSt2uE4OcpQqbFu7f7NbTK05lx80nuSijCz7sc3a277R67g,"iii baguss bgt, jadinya bisa di transfer mamaaa di hp sendri hihi",5,0,1.59.0,2025-10-05 14:32:56+00:00,,,1.59.0,Dataset/dataset\GOPAY_googleplay_OCTOBER_reviews.csv,transfer
73c415ab-43dd-4a95-8a33-b4353ed53141,Pengguna Google,https://play-lh.googleusercontent.com/EGemoI2NTXmTsBVtJqk8jxF9rh8ApRWfsIMQSt2uE4OcpQqbFu7f7NbTK05lx80nuSijCz7sc3a277R67g,saya top up game disini tapi pembayaran di katakan gagal padahal saldo sudah di kirim dan sekarang aplikasi malah meminta melakukan pembayaran ke 2 kalinya padahal saya sudah membayar nya tolong utuk pihak gopy utuk memperbaikinya.,2,21,1.61.2,2025-10-29 19:15:38+00:00,"Hai Kak Sari, mohon maaf atas ketidaknyamanannya. Terkait hal tersebut, silakan laporkan melalui email ke customerservice@gopay.co.id dengan melampirkan kode psr-25-302-1352-12359 pada subject email dan ceritakan kembali detail permasalahannya agar tim kami bisa bantu cek lebih lanjut ya. ^Melisa",2025-10-29 20:52:21,1.61.2,Dataset/dataset\GOPAY_googleplay_OCTOBER_reviews.csv,topup
d110c766-0f51-49ed-8682-29c34c5217d9,Pengguna Google,https://play-lh.googleusercontent.com/EGemoI2NTXmTsBVtJqk8jxF9rh8ApRWfsIMQSt2uE4OcpQqbFu7f7NbTK05lx80nuSijCz7sc3a277R67g,kenapa sering gangguan kalau mau tf ke dana,2,0,3.1.0,2025-12-11 19:32:57+00:00,"Halo Sahabat @Rendi 123, mohon maaf atas ketidaknyamanannya. Terkait kendala Sahabat mohon untuk dapat mengirimkan email ke mandiricare@bankmandiri.co.id atau dapat menghubungi Mandiri Call 14000 lalu tekan 2 agar dapat dilakukan pengecekan. Tks~Amar",2025-12-11 19:34:25,3.1.0,Dataset/dataset\LIVIN_googleplay_DECEMBER_reviews.csv,transfer
e6cf6683-9570-4ec6-a2af-8e377ba7b1d1,Pengguna Google,https://play-lh.googleusercontent.com/EGemoI2NTXmTsBVtJqk8jxF9rh8ApRWfsIMQSt2uE4OcpQqbFu7f7NbTK05lx80nuSijCz7sc3a277R67g,ko saya ada TF ke ovo blm masuk2 y,1,0,3.150.0,2025-12-24 19:39:34+00:00,,,3.150.0,Dataset/dataset\OVO_googleplay_DECEMBER_reviews.csv,transfer
abbf22c5-e717-4d3c-9e6b-ad12beac0831,Pengguna Google,https://play-lh.googleusercontent.com/EGemoI2NTXmTsBVtJqk8jxF9rh8ApRWfsIMQSt2uE4OcpQqbFu7f7NbTK05lx80nuSijCz7sc3a277R67g,"Min aku berhasil ngebuat temenku join Gopay min, karena di gopay top up nya murah² ketimbang aplikasi sebelah, kasi wdp gratis dong min 🤭.",5,0,,2025-11-18 19:21:53+00:00,,,,Dataset/dataset\GOPAY_googleplay_NOVEMBER_reviews.csv,topup
fd18e30f-c701-4437-8c41-be979c41b17d,Pengguna Google,https://play-lh.googleusercontent.com/EGemoI2NTXmTsBVtJqk8jxF9rh8ApRWfsIMQSt2uE4OcpQqbFu7f7NbTK05lx80nuSijCz7sc3a277R67g,suka bgt pake gopay transfer ke bank lain selalu dapet gratis admin pembayaran nya juga gampang,5,0,1.61.2,2025-11-01 17:29:54+00:00,,,1.61.2,Dataset/dataset\GOPAY_googleplay_NOVEMBER_reviews.csv,transfer
8d231f41-0b6a-4188-a570-6383a4484f03,Pengguna Google,https://play-lh.googleusercontent.com/EGemoI2NTXmTsBVtJqk8jxF9rh8ApRWfsIMQSt2uE4OcpQqbFu7f7NbTK05lx80nuSijCz7sc3a277R67g,sangat bagus untuk transfer jadi gampang,5,0,1.61.2,2025-11-01 16:06:15+00:00,,,1.61.2,Dataset/dataset\GOPAY_googleplay_NOVEMBER_reviews.csv,transfer
c0bb1c71-1393-4bfd-8684-b9c4d1d8c1b3,Pengguna Google,https://play-lh.googleusercontent.com/EGemoI2NTXmTsBVtJqk8jxF9rh8ApRWfsIMQSt2uE4OcpQqbFu7f7NbTK05lx80nuSijCz7sc3a277R67g,"Sangat membantu untuk transaksi maupun lihat transaksi, cuma sayang kadang-2 kalau login ke Livin gagal (jaga keamanan akun dan aktivitas Anda), Akhirnya Saya restart Hp.). Apakah ada yg lebih sefety, selain harus restart.",5,77,3.2.0,2025-12-14 10:56:59+00:00,"Halo Sahabat @sutejo teo, terima kasih atas review yang telah diberikan. Semoga terus menikmati kemudahan dan kenyamanan dalam menggunakan Livin’ by Mandiri ya. Daftarkan transaksi secepat kilat pada menu Quick Pick untuk diakses pada halaman Login atau Beranda. Yuk coba sekarang. Tks~Vika",2025-12-14 11:03:50,3.2.0,Dataset/dataset\LIVIN_googleplay_DECEMBER_reviews.csv,login
33b5722f-18d1-4b96-bebf-7861bc6a3220,Pengguna Google,https://play-lh.googleusercontent.com/EGemoI2NTXmTsBVtJqk8jxF9rh8ApRWfsIMQSt2uE4OcpQqbFu7f7NbTK05lx80nuSijCz7sc3a277R67g,plis shopee di metode pembayaran nya harus ada fitur Qris plissss biar kalo checkout ngak usah pake vitulacon🤭🙂‍↕️,5,0,,2025-11-06 19:08:07+00:00,"Hi Kak. Terima kasih telah menggunakan ShopeePay. Mari cek aplikasi ShopeePay karena banyak fitur yang mempermudah keseharian kakak seperti pembelian pulsa, paket data, pembayaran tagihan listrik dan pembayaran lainnya. Jika kakak memiliki pertanyaan seputar ShopeePay, mohon DM kami di Instagram @ShopeePay_ID ya. Semoga harimu menyenangkan ^RJ",2025-11-07 09:40:46,,Dataset/dataset\SHOPEEPAY_googleplay_NOVEMBER_reviews.csv,qris
814f4a4d-abc0-491a-b08b-7bed6ef71875,Pengguna Google,https://play-lh.googleusercontent.com/EGemoI2NTXmTsBVtJqk8jxF9rh8ApRWfsIMQSt2uE4OcpQqbFu7f7NbTK05lx80nuSijCz7sc3a277R67g,"tolong uang saya kembalikan ..y saya topup 1.450.000 dri tanggal 20 lewat brimo .di brimo berhasil ,tapi di gopay tidak masuk .. ini maksudnya gimana ya ?? itu hak saya tolong kembalikan",1,0,1.60.0,2025-10-22 19:13:13+00:00,"Hai Kak Risa, pastikan nomor tujuan sudah benar, sudah cek halaman Riwayat, dan coba keluar dan masuk kembali ke aplikasi. Jika saldo masih belum masuk, silakan laporkan melalui menu Bantuan > ketik 'Top up GoPay saya belum masuk' > isi formulir dan cantumkan kode psr-25-295-1439-20429 pada bagian 'Ceritakan lebih lanjut'. ^Miko",2025-10-22 21:39:31,1.60.0,Dataset/dataset\GOPAY_googleplay_OCTOBER_reviews.csv,topup
ab5c9b06-a5e4-475d-90af-5f1019b0a98b,Pengguna Google,https://play-lh.googleusercontent.com/EGemoI2NTXmTsBVtJqk8jxF9rh8ApRWfsIMQSt2uE4OcpQqbFu7f7NbTK05lx80nuSijCz7sc3a277R67g,saya kasih ★2 dulu tolong di baca kepada pihak shope saya kecewa karena sudah top up tetapi saldo tidak masuk,2,0,1.42.03,2025-11-10 22:55:57+00:00,"Hi Kak Stok Ress. Mohon maaf atas kendala Top Up ShopeePay yang belum diterima. Jika hingga saat ini Top Up masih belum diterima mohon menghubungi kami melalui DM ke Instagram @ShopeePay_ID yang bercentang biru, dengan melampirkan bukti bayar Top Up tersebut untuk bantuan lebih lanjut. Semoga kendala kakak segera terselesaikan ya. ^CS",2025-11-11 13:20:06,1.42.03,Dataset/dataset\SHOPEEPAY_googleplay_NOVEMBER_reviews.csv,topup
18b3d68a-0a84-4668-8ac5-e0b152fe45ff,Pengguna Google,https://play-lh.googleusercontent.com/EGemoI2NTXmTsBVtJqk8jxF9rh8ApRWfsIMQSt2uE4OcpQqbFu7f7NbTK05lx80nuSijCz7sc3a277R67g,"saya kecewa sekali ,, sudah top up gopay dari bri sudah menunjukan sukses tapi di gopay ga muncul di suruh nunggu 1 minggu katanya pengecekan tapi hasilnya nihil ,, bukan sekali doang tapi ini sering banget dan pelayananya bertele tele",1,4,1.61.2,2025-11-01 21:22:26+00:00,"Hai Kak Zella, mohon maaf atas ketidaknyamanannya. Jika kamu masih mengalami kendala, silakan laporkan melalui email ke customerservice@gopay.co.id dengan melampirkan kode psr-25-305-1508-31384 pada subject email dan cantumkan nomor laporan kamu sebelumnya pada email yang kamu kirimkan. Kami tunggu detail laporan kamu ya. ^Maura",2025-11-01 22:08:36,1.61.2,Dataset/dataset\GOPAY_googleplay_NOVEMBER_reviews.csv,topup
31be9c3b-af6b-4aa3-a8cc-80033ec5c25c,Pengguna Google,https://play-lh.googleusercontent.com/EGemoI2NTXmTsBVtJqk8jxF9rh8ApRWfsIMQSt2uE4OcpQqbFu7f7NbTK05lx80nuSijCz7sc3a277R67g,heh gw top up di roblox 65 kgk ada kodenya lawak stress kapan kodenya,1,0,1.60.0,2025-10-24 20:24:18+00:00,"Hai Kak Khalil, mohon maaf atas ketidaknyamanannya. Terkait hal tersebut, silakan laporkan melalui email ke customerservice@gopay.co.id dengan melampirkan kode psr-25-297-1455-55678 pada subject email dan ceritakan kembali detail permasalahannya agar tim kami bisa bantu cek lebih lanjut ya. ^Melisa",2025-10-24 21:56:04,1.60.0,Dataset/dataset\GOPAY_googleplay_OCTOBER_reviews.csv,topup
c4dd8519-97fe-4416-b78e-7d49e6f40cd9,Pengguna Google,https://play-lh.googleusercontent.com/EGemoI2NTXmTsBVtJqk8jxF9rh8ApRWfsIMQSt2uE4OcpQqbFu7f7NbTK05lx80nuSijCz7sc3a277R67g,"jelek bgt, transfer sering telat, history telat, aplikasi eror melulu, sekarang utk login aja susah",1,0,3.150.0,2025-12-27 05:47:34+00:00,,,3.150.0,Dataset/dataset\OVO_googleplay_DECEMBER_reviews.csv,login
631945f6-8475-4619-870d-358c585ddc67,Pengguna Google,https://play-lh.googleusercontent.com/EGemoI2NTXmTsBVtJqk8jxF9rh8ApRWfsIMQSt2uE4OcpQqbFu7f7NbTK05lx80nuSijCz7sc3a277R67g,aman nyaman simple tf ke semua jenis bank grtis,5,0,,2025-10-09 16:10:56+00:00,,,,Dataset/dataset\GOPAY_googleplay_OCTOBER_reviews.csv,transfer
70a3d076-ed44-4266-b3cf-2615a2cd77f8,Pengguna Google,https://play-lh.googleusercontent.com/EGemoI2NTXmTsBVtJqk8jxF9rh8ApRWfsIMQSt2uE4OcpQqbFu7f7NbTK05lx80nuSijCz7sc3a277R67g,sekadar masukan untuk top up aplikasi dompet digital jangan dikenakan biaya admin... jangan mau kalah dengan kompetitor lain nya...,1,0,3.2.0,2025-12-15 17:05:31+00:00,"Halo Sahabat @Liston Pangaribuan, mohon maaf atas ketidaknyamanannya.Terhitung mulai tanggal 1 November 2025 terdapat perubahan nomimal biaya transaksi fitur Top Up dan Bayar/VA melalui Livin' by Mandiri. Biaya Top Up e-Wallet : Rp1.500,- - Rp5.000,- serta Top Up Pulsa dan Paket Data: Rp2.000,-. Tks~Romi",2025-12-15 17:23:36,3.2.0,Dataset/dataset\LIVIN_googleplay_DECEMBER_reviews.csv,topup
596400f1-a40d-4ad3-97a1-407db288f33c,Pengguna Google,https://play-lh.googleusercontent.com/EGemoI2NTXmTsBVtJqk8jxF9rh8ApRWfsIMQSt2uE4OcpQqbFu7f7NbTK05lx80nuSijCz7sc3a277R67g,"ga bisa login diminta otp dari sms setelah di masukan otp layanan tdk tersedia , kalau layanan tdk tersedia ngapain disediain",1,0,3.2.0,2025-12-27 08:38:41+00:00,"Halo Sahabat @medi, mohon maaf atas ketidaknyamanannya. Terkait kendala Sahabat mohon untuk dapat mengirimkan email ke mandiricare@bankmandiri.co.id atau dapat menghubungi Mandiri Call 14000 lalu tekan 2 agar dapat dilakukan pengecekan. Tks~Momo",2025-12-27 08:42:52,3.2.0,Dataset/dataset\LIVIN_googleplay_DECEMBER_reviews.csv,login
dd3ff5b8-bb08-4f76-9a29-7599662b806d,Pengguna Google,https://play-lh.googleusercontent.com/EGemoI2NTXmTsBVtJqk8jxF9rh8ApRWfsIMQSt2uE4OcpQqbFu7f7NbTK05lx80nuSijCz7sc3a277R67g,"gila murah banget, transfer gratis, pulsa murah. terbaikkkkkkkk",5,0,1.61.2,2025-10-31 18:41:50+00:00,,,1.61.2,Dataset/dataset\GOPAY_googleplay_OCTOBER_reviews.csv,transfer
0abe3327-d161-444a-899b-7f0c318c9154,Pengguna Google,https://play-lh.googleusercontent.com/EGemoI2NTXmTsBVtJqk8jxF9rh8ApRWfsIMQSt2uE4OcpQqbFu7f7NbTK05lx80nuSijCz7sc3a277R67g,knapa gk bisa buat transfer bos,1,1,3.148.0,2025-11-25 20:36:00+00:00,"Hai Kak, mohon maaf atas ketidaknyamanannya. Apabila masih mengalami kendala silahkan menghubungi kami melalui email cs@ovo.id atau call center di 1500696 pada jam operasional kami 24 jam ya Kak. Terima kasih. ^MG",2022-02-03 17:35:43,3.148.0,Dataset/dataset\OVO_googleplay_NOVEMBER_reviews.csv,transfer
cf4d9c65-79aa-4dd4-899d-8b71d18a4b0e,Pengguna Google,https://play-lh.googleusercontent.com/EGemoI2NTXmTsBVtJqk8jxF9rh8ApRWfsIMQSt2uE4OcpQqbFu7f7NbTK05lx80nuSijCz7sc3a277R67g,"fitur tarik tunai, Bayer scan qris juga gk bisa.. sampaibhapus Dan instal ulang.sudah labor ke costume device juga seminggu lalu blm ada tanggapan",1,0,1.53.0,2025-11-23 09:54:59+00:00,"Hai Kak Setyo, sebelum transfer, pastikan status upgrade GoPay Plus sudah 'Diterima', nomor penerima valid dan tidak terblokir. Jika masih bermasalah, silakan kunjungi menu Bantuan di aplikasi GoPay atau email ke customerservice@gopay.co.id dan cantumkan kode psr-25-307-0131-04999 pada subjek email. ^Melisa",2025-11-03 08:31:14,1.53.0,Dataset/dataset\GOPAY_googleplay_NOVEMBER_reviews.csv,qris
cdcbcfb4-b020-4fb0-837e-e5ab7c9b58d7,Pengguna Google,https://play-lh.googleusercontent.com/EGemoI2NTXmTsBVtJqk8jxF9rh8ApRWfsIMQSt2uE4OcpQqbFu7f7NbTK05lx80nuSijCz7sc3a277R67g,min tolong la mo top up ae 2 hari ini kagak bisa,1,0,,2025-11-03 11:27:13+00:00,"Hai Kak Aji, pastikan jumlah top up tidak melebihi batas limit transaksi bulanan dan jaringan internet stabil. Jika masih bermasalah, laporkan melalui menu Bantuan > ketik ""Mengapa saya tidak bisa top up GoPay?"" > isi formulir dan cantumkan kode psr-25-307-0704-23720 di bagian 'Ceritakan lebih lanjut'. ^Melisa",2025-11-03 14:04:31,,Dataset/dataset\GOPAY_googleplay_NOVEMBER_reviews.csv,topup
abd3bae0-2d63-4da7-be02-138a23872cd2,Pengguna Google,https://play-lh.googleusercontent.com/EGemoI2NTXmTsBVtJqk8jxF9rh8ApRWfsIMQSt2uE4OcpQqbFu7f7NbTK05lx80nuSijCz7sc3a277R67g,"bikin kesal gak bisa transaksi, trs saya hapus dan instal lagi malah ga bisa login",2,0,1.61.2,2025-10-29 00:16:20+00:00,"Hai Kak Dwi, mohon maaf atas kendala yang kamu alami. Sebelum login, pastikan kamu sudah pakai GoPay versi terbaru & tidak ada kendala pada akun kamu, ya. Jika masih tidak bisa login, laporkan ke kami melalui email ke customerservice@gopay.co.id dan mencantumkan kode psr-25-302-2344-03486 pada subjek email. ^Maura",2025-10-29 06:44:12,1.61.2,Dataset/dataset\GOPAY_googleplay_OCTOBER_reviews.csv,login
797aa583-914f-44d8-bb28-3db2724ef577,Pengguna Google,https://play-lh.googleusercontent.com/EGemoI2NTXmTsBVtJqk8jxF9rh8ApRWfsIMQSt2uE4OcpQqbFu7f7NbTK05lx80nuSijCz7sc3a277R67g,top up gak masuk masuk,1,0,1.61.2,2025-11-02 03:06:07+00:00,"Hai Kak Takur, pastikan nomor tujuan sudah benar, sudah cek halaman Riwayat, dan coba keluar dan masuk kembali ke aplikasi. Jika saldo masih belum masuk, silakan laporkan melalui menu Bantuan > ketik 'Top up GoPay saya belum masuk' > isi formulir dan cantumkan kode psr-25-306-0623-03146 pada bagian 'Ceritakan lebih lanjut'. ^Melisa",2025-11-02 13:23:13,1.61.2,Dataset/dataset\GOPAY_googleplay_NOVEMBER_reviews.csv,topup
d150fa21-6814-4c8d-a914-aa35e872f852,Pengguna Google,https://play-lh.googleusercontent.com/EGemoI2NTXmTsBVtJqk8jxF9rh8ApRWfsIMQSt2uE4OcpQqbFu7f7NbTK05lx80nuSijCz7sc3a277R67g,"ribet banget pake livin, mau qeis aja susah, top up ewallet susah, niat bikin apk kagak??",1,1,,2025-12-05 01:47:57+00:00,"Sahabat @Indra Ksf, mohon menjaga kerahasiaan data perbankannya. Untuk kemudahan transaksi, gunakan aplikasi Livin' by Mandiri dan manfaatkan layanan WhatsApp MITA untuk mendapatkan informasi terbaru seputar layanan dan promo dari Bank Mandiri. Tks~Romi",2025-12-05 01:57:54,,Dataset/dataset\LIVIN_googleplay_DECEMBER_reviews.csv,topup
07732b95-3c92-4c44-b644-d9474ed88e9e,Pengguna Google,https://play-lh.googleusercontent.com/EGemoI2NTXmTsBVtJqk8jxF9rh8ApRWfsIMQSt2uE4OcpQqbFu7f7NbTK05lx80nuSijCz7sc3a277R67g,"Sudah beberapa kali mau bayar atau mau transfer tapi aplikasi tidak bisa di buka, stack di halaman masuk / putih aja di saat buka BCA dan aplikasi lain lancar. jadi takut klok semua uang di masuin disana trus mau di pakai ga ada yang bantu transfer dari orang terdekat. *tidak ada update di play store Tolong di perbaiki, ini aplikasi pembayaran. sering bgt customer mau bayar malah kerepotan apalagi kalo antri dan bikin customer malu",1,38,2.6.0,2025-12-08 19:58:38+00:00,"Hai, Kak Revina. Maaf atas ketidaknyamanannya. Kami akan selalu terus memperbaiki sistem demi mencapai kepuasan para pengguna aplikasi blu. Untuk kendala sebelumnya sudah berhasil ditangani. Silakan Kakak dapat mencoba kembali ya.",2025-12-08 20:14:33,2.6.0,Dataset/dataset\BLU_googleplay_DECEMBER_reviews.csv,transfer
71b81031-f8cd-436a-813c-6d3e4734fd3f,Pengguna Google,https://play-lh.googleusercontent.com/EGemoI2NTXmTsBVtJqk8jxF9rh8ApRWfsIMQSt2uE4OcpQqbFu7f7NbTK05lx80nuSijCz7sc3a277R67g,suka banget sama apl gopay...TF tanpa admin membantu sekali buat sy irt ...,5,0,1.61.2,2025-11-02 09:02:21+00:00,,,1.61.2,Dataset/dataset\GOPAY_googleplay_NOVEMBER_reviews.csv,transfer
23239faf-1ef9-408c-850f-05ad9c9efd39,Pengguna Google,https://play-lh.googleusercontent.com/EGemoI2NTXmTsBVtJqk8jxF9rh8ApRWfsIMQSt2uE4OcpQqbFu7f7NbTK05lx80nuSijCz7sc3a277R67g,min..kok saya ngga bisa lagi masukin akun jago saya ya..kalau saya gnti hp trus login dengn hp lain ngga bisa lagi mask nya mi..mohn untuk dibntu min,2,0,,2025-11-30 16:56:32+00:00,"Halo, Jagoan! Mohon maaf atas ketidaknyamanan yang Kakak alami. Supaya bisa membantu lebih lanjut, Kakak bisa menginformasikan detail keluhannya melalui email tanya@jago.com ya. Tim terkait kami dengan senang hati akan membantu Kakak menyelesaikan permasalahannya.",2025-11-30 17:06:21,,Dataset/dataset\JAGO_googleplay_NOVEMBER_reviews.csv,login
df630ef7-8b94-4a47-b974-a2cfca4711cf,Pengguna Google,https://play-lh.googleusercontent.com/EGemoI2NTXmTsBVtJqk8jxF9rh8ApRWfsIMQSt2uE4OcpQqbFu7f7NbTK05lx80nuSijCz7sc3a277R67g,Mau masuk ke gopay Verif Wajah gagal Mulu pdhl sudah ditempet yang terang . Mohon Solusinya ya masih ada saldo nya lumayan soalnya,2,0,1.61.2,2025-10-30 21:00:50+00:00,"Hai Kak Mila, mohon maaf atas ketidaknyamanannya. Pastikan kamu mengambil foto selfie dengan pencahayaan yang baik dan wajah terlihat jelas. Jika masih berkendala, silakan laporkan detailnya melalui email ke customerservice@gopay.co.id dan cantumkan kode psr-25-303-1427-44813 pada subjek email. ^Melisa",2025-10-30 21:27:52,1.61.2,Dataset/dataset\GOPAY_googleplay_OCTOBER_reviews.csv,vermuk
ed625ef6-8a28-43df-b671-7b18a24f80cf,Pengguna Google,https://play-lh.googleusercontent.com/EGemoI2NTXmTsBVtJqk8jxF9rh8ApRWfsIMQSt2uE4OcpQqbFu7f7NbTK05lx80nuSijCz7sc3a277R67g,kenapa sulit sekali login ada yang bisa di hubungi,2,0,3.146.0,2025-10-30 20:39:46+00:00,,,3.146.0,Dataset/dataset\OVO_googleplay_OCTOBER_reviews.csv,login
889c3565-ecb3-4010-8102-91cea919352d,Pengguna Google,https://play-lh.googleusercontent.com/EGemoI2NTXmTsBVtJqk8jxF9rh8ApRWfsIMQSt2uE4OcpQqbFu7f7NbTK05lx80nuSijCz7sc3a277R67g,"ovo buat saya bagus, tp kurang menarik, klo top up sllu ada adminnya, , beda dgn apk sebelah, sllu ada gratisnya,🙏",4,0,3.149.0,2025-12-15 15:59:23+00:00,"Hai Kak Hery, terima kasih sudah menjadikan OVO teman terbaik dalam bertransaksi😊💜 Yuk #pakeOVOaja. -Ria",9/23/2023 14:44,3.149.0,Dataset/dataset\OVO_googleplay_DECEMBER_reviews.csv,topup
ee7a1825-6519-496c-985a-5de98e06b669,Pengguna Google,https://play-lh.googleusercontent.com/EGemoI2NTXmTsBVtJqk8jxF9rh8ApRWfsIMQSt2uE4OcpQqbFu7f7NbTK05lx80nuSijCz7sc3a277R67g,saya ingin Transfer uang pake Gopay Transfer ini tapi paket saya mau habis Ng pp deh yang penting bisa Transfer uang sungguhan,5,0,,2025-10-21 13:53:55+00:00,,,,Dataset/dataset\GOPAY_googleplay_OCTOBER_reviews.csv,transfer
3c4264cd-e50e-4bae-8ef0-fa06603d3bac,Pengguna Google,https://play-lh.googleusercontent.com/EGemoI2NTXmTsBVtJqk8jxF9rh8ApRWfsIMQSt2uE4OcpQqbFu7f7NbTK05lx80nuSijCz7sc3a277R67g,Masa gabisa transfer ke ewalet lainnn? Stress,1,0,1.44.05,2025-12-14 19:20:12+00:00,"Hi Kak Anang , Mohon maaf atas kendala tidak bisa transfer ke e-wallet. Pastikan telah menggunakan aplikasi ShopeePay terbaru & lakukan clear cache. Jika masih berkendala mohon menghubungi kami melalui DM Instagram di @ShopeePay_ID untuk bantuan lebih lanjut dgn melampirkan foto/screenshot notifikasi kendala. Semoga kendala segera terselesaikan ^CS",2025-12-15 14:04:04,1.44.05,Dataset/dataset\SHOPEEPAY_googleplay_DECEMBER_reviews.csv,transfer
e1a8efae-f257-4f8e-8645-6c5b4ac5c655,Pengguna Google,https://play-lh.googleusercontent.com/EGemoI2NTXmTsBVtJqk8jxF9rh8ApRWfsIMQSt2uE4OcpQqbFu7f7NbTK05lx80nuSijCz7sc3a277R67g,males nya di atas jam 11 GK bisa transfer ewalet lain...paling males kalau ada urusan malem GK bisa dukung,2,0,1.52.0,2025-11-04 22:33:08+00:00,"Hai Kak Ipang, sebelum transfer, pastikan status upgrade GoPay Plus sudah 'Diterima', nomor penerima valid dan tidak terblokir. Jika masih bermasalah, silakan kunjungi menu Bantuan di aplikasi GoPay atau email ke customerservice@gopay.co.id dan cantumkan kode psr-25-308-1541-51129 pada subjek email. ^Miko",2025-11-04 22:42:09,1.52.0,Dataset/dataset\GOPAY_googleplay_NOVEMBER_reviews.csv,transfer
04f8f811-d4fc-4c5f-adf5-d21153bdca02,Pengguna Google,https://play-lh.googleusercontent.com/EGemoI2NTXmTsBVtJqk8jxF9rh8ApRWfsIMQSt2uE4OcpQqbFu7f7NbTK05lx80nuSijCz7sc3a277R67g,parah bngt gua TF blm masuk dari malam ini saldo udah kepotong tapi transfer blm berhasil status cuma dalam proses kapok pake ovo saldo dikit memang yg di ambil cuma jadi takut transaksi di ovo mana di Gmail ga ada balesan ovo payah bintang 1,1,0,3.148.0,2025-12-04 12:12:32+00:00,,,3.148.0,Dataset/dataset\OVO_googleplay_DECEMBER_reviews.csv,transfer
7bcb4560-418a-4fe5-88c0-2b89e01bedd2,Pengguna Google,https://play-lh.googleusercontent.com/EGemoI2NTXmTsBVtJqk8jxF9rh8ApRWfsIMQSt2uE4OcpQqbFu7f7NbTK05lx80nuSijCz7sc3a277R67g,"Halo shopee, saya ingin menyampaikan keluhan karna aplikasi shopeepay saya tidak bisa digunakan. Saya ingin login akun shopeepay saya dari shopee ke apk shopeepay, tapi proses nya selalu stuck di verifikasi wajah. Sangat menyayangkan kejadian ini karna sudah hampir terjadi selama satu bulan",1,11,1.43.10,2025-11-27 15:37:22+00:00,"Hi Kak cipss. Mohon maaf atas kendala tidak bisa login aplikasi ShopeePay.Kami siap membantu kakak, terkait kendala tersebut mohon menghubungi kami melalui DM ke Instagram @ShopeePay_ID yang bercentang biru, dgn melampirkan foto/screenshot notifikasi kendala yang dialami untuk bantuan lebih lanjut. Semoga kendala kakak segera terselesaikan ya. ^CS",2025-11-27 17:29:52,1.43.10,Dataset/dataset\SHOPEEPAY_googleplay_NOVEMBER_reviews.csv,login
a2b3d091-9e99-4b8b-ab8c-a574779cac39,Pengguna Google,https://play-lh.googleusercontent.com/EGemoI2NTXmTsBVtJqk8jxF9rh8ApRWfsIMQSt2uE4OcpQqbFu7f7NbTK05lx80nuSijCz7sc3a277R67g,KENAPA GA BISA TRANSFER VIRTUAL ACCOUNT SIH????,1,0,2.6.0,2025-11-24 13:11:13+00:00,"Hai, Kak ARIF. Maaf atas ketidaknyamanannya. Kami akan selalu berusaha memberikan yang terbaik demi memenuhi kebutuhan perbankan Kakak. Terkait kendala tersebut boleh infokan detail kendala serta kirimkan gambar kendalanya ke X @haloblu atau email haloblu@bcadigital.co.id agar kami bisa bantu lebih lanjut ya.",2025-11-24 13:59:02,2.6.0,Dataset/dataset\BLU_googleplay_NOVEMBER_reviews.csv,transfer
8351ee68-7ad4-41ac-ac32-111d2627dea8,Pengguna Google,https://play-lh.googleusercontent.com/EGemoI2NTXmTsBVtJqk8jxF9rh8ApRWfsIMQSt2uE4OcpQqbFu7f7NbTK05lx80nuSijCz7sc3a277R67g,Saya melakukan transfer ke bank tetapi status di proses terus chat lwat cs yg bales bot terus akhirnya uang saya tidak dapat digunakan kacauuu,1,0,1.64.0,2025-11-21 03:15:30+00:00,"Hai Kak Ade, mohon maaf atas ketidaknyamanannya. Jika masih mengalami keluhan, silakan laporkan melalui email ke customerservice@gopay.co.id dengan melampirkan kode psr-25-325-0131-58287 pada subject email dan cantumkan nomor laporan sebelumnya serta ceritakan kembali detail permasalahannya. Kami tunggu detail laporan kamu ya. ^Miko",2025-11-21 08:32:13,1.64.0,Dataset/dataset\GOPAY_googleplay_NOVEMBER_reviews.csv,transfer
b479192e-bf9b-440f-9208-22e40f5bbf44,Pengguna Google,https://play-lh.googleusercontent.com/EGemoI2NTXmTsBVtJqk8jxF9rh8ApRWfsIMQSt2uE4OcpQqbFu7f7NbTK05lx80nuSijCz7sc3a277R67g,kalau top up di gopay games langsung loadingnya pasti lama bgt,4,0,1.59.0,2025-10-12 15:24:31+00:00,,,1.59.0,Dataset/dataset\GOPAY_googleplay_OCTOBER_reviews.csv,topup
134a2482-3d5b-4e7e-a715-5ec1c6b422a4,Pengguna Google,https://play-lh.googleusercontent.com/EGemoI2NTXmTsBVtJqk8jxF9rh8ApRWfsIMQSt2uE4OcpQqbFu7f7NbTK05lx80nuSijCz7sc3a277R67g,"ada yg perlu di tingkatin dari aplikasi ini ka, transfer sering gak masuk tapi dari saldo dah terpotong , harus laporan terlebih dulu dan itu perlu waktu 2-3 hari tidak termasuk Sabtu / Minggu libur, tolong deh ka gercep perihal transfer karna kita kan butuh peputaran cepat apa LG kalau urgent",1,27,3.145.0,2025-10-27 11:36:59+00:00,,,3.145.0,Dataset/dataset\OVO_googleplay_OCTOBER_reviews.csv,transfer
9113f70e-bdd0-40d2-94b4-d7f1733def82,Pengguna Google,https://play-lh.googleusercontent.com/EGemoI2NTXmTsBVtJqk8jxF9rh8ApRWfsIMQSt2uE4OcpQqbFu7f7NbTK05lx80nuSijCz7sc3a277R67g,sy pengguna ovo..karena driver online....kalo bukan driver online...sy gak bakalan mau pake ini ..ovo...kinerjanya mengecewakan..sekali transfer selalau gantung....sudah gitu setiap transaksi dan top up kena biaya admin...besar lagii ...tolong buat admin ovo d perbaiki lagi,1,0,,2025-11-14 08:00:10+00:00,,,,Dataset/dataset\OVO_googleplay_NOVEMBER_reviews.csv,topup
9ead937b-7e3a-4d80-a0c3-2aeb440701d7,Pengguna Google,https://play-lh.googleusercontent.com/EGemoI2NTXmTsBVtJqk8jxF9rh8ApRWfsIMQSt2uE4OcpQqbFu7f7NbTK05lx80nuSijCz7sc3a277R67g,saran dong saya tf ke temen saya tapi dia pake apk dana .dan saya udah tf udah keluar resinya ko digopay saya tulisannya berasil dan sukses .tapi dah satu jam lebih masuk belom masuk juga sampe sekarang..izin sarannya,1,0,1.59.0,2025-10-05 05:28:09+00:00,"Hai Kak Angga, pastikan nomor tujuan benar dan sudah cek halaman Riwayat. Jika setelah 2x24 jam di hari kerja (diluar Sabtu, Minggu, atau Libur) saldo belum bertambah, silakan lapor ke menu Bantuan > ketik 'Transfer saldo ke bank atau e-wallet belum diterima' dan cantumkan kode psr-25-278-0016-40536 pada bagian 'Ceritakan lebih lanjut'. ^Maura",2025-10-05 07:16:45,1.59.0,Dataset/dataset\GOPAY_googleplay_OCTOBER_reviews.csv,transfer
27b80a51-e7fd-46e4-bdb5-6c35eebf6918,Pengguna Google,https://play-lh.googleusercontent.com/EGemoI2NTXmTsBVtJqk8jxF9rh8ApRWfsIMQSt2uE4OcpQqbFu7f7NbTK05lx80nuSijCz7sc3a277R67g,"apk ini ga rekomen ,masa transfer dari ovo kedana, bukti transfer sudah berhasil,tapi dana gaada masuk ,apk pencuri hati-hati ya kawan ini saya ga bohong baru saya alami kemarin",1,0,,2025-10-11 01:20:06+00:00,,,,Dataset/dataset\OVO_googleplay_OCTOBER_reviews.csv,transfer
1c5d2101-b4f0-4459-a464-c4ec9e3f7b44,Pengguna Google,https://play-lh.googleusercontent.com/EGemoI2NTXmTsBVtJqk8jxF9rh8ApRWfsIMQSt2uE4OcpQqbFu7f7NbTK05lx80nuSijCz7sc3a277R67g,kenapa saya tidak bisa melakukan transaksi transfer ya,5,0,3.2.0,2025-11-16 11:05:12+00:00,"Halo Sahabat @Cantika Dewi, mohon maaf atas ketidaknyamanannya. Terkait kendala transaksi Sahabat mohon untuk dapat mengirimkan email ke mandiricare@bankmandiri.co.id atau dapat menghubungi mandiri call 14000 agar dapat dilakukan pengecekan. Tks~Cira

",2025-11-16 11:18:48,3.2.0,Dataset/dataset\LIVIN_googleplay_NOVEMBER_reviews.csv,transfer
36343a13-756a-4923-bcf9-9dd25a4f70c7,Pengguna Google,https://play-lh.googleusercontent.com/EGemoI2NTXmTsBVtJqk8jxF9rh8ApRWfsIMQSt2uE4OcpQqbFu7f7NbTK05lx80nuSijCz7sc3a277R67g,"internet suka tiba-tiba terputus, padahal nyambung kuota masih banyak? kok bisa sih? perbaiki dong, ditambah gak bisa qris pay yang barcode cuman bisa scan, semoga nanti ada yah",3,0,,2025-12-05 16:11:41+00:00,"Halo, Jagoan! Mohon maaf atas ketidaknyamanan yang Kakak alami. Supaya bisa membantu lebih lanjut, Kakak bisa menginformasikan detail keluhannya melalui email tanya@jago.com ya. Tim terkait kami dengan senang hati akan membantu Kakak menyelesaikan permasalahannya.",2025-12-05 16:43:02,,Dataset/dataset\JAGO_googleplay_DECEMBER_reviews.csv,qris
37479335-5231-4d41-b262-26c7626cc593,Pengguna Google,https://play-lh.googleusercontent.com/EGemoI2NTXmTsBVtJqk8jxF9rh8ApRWfsIMQSt2uE4OcpQqbFu7f7NbTK05lx80nuSijCz7sc3a277R67g,"*Saya ingin secepatnya Fitur di Aplikasi Livin’ by versi lebih modern & terbaru banget Mandiri (Super Lengkap & Detail):* dll. 1. *Notifikasi Transaksi Real-time & Cerdas:* - Tambahkan *fitur notifikasi teks + suara (Smart Voice Alert)* untuk: - Transaksi masuk & keluar (transfer, pembayaran, top up, dll.) - Notifikasi saldo bertambah/berkurang secara real-time. - Suara notifikasi+teks bisa bawaan aplikasi livin by mandiri (misal: “Saldo masuk Rp500.000”). didalm aplikasi Fitur",5,0,2.2.0,2025-12-26 02:18:46+00:00,"Halo Sahabat @Hidayat Arip, mohon maaf atas ketidaknyamannya. Perihal kendala pada layanan Livin' by Mandiri, mohon untuk dapat mengirimkan email ke mandiricare@bankmandiri.co.id atau dapat menghubungi layanan mandiri 14000 agar dapat dilakukan pengecekan. Tks~Ervan",2025-12-26 02:21:15,2.2.0,Dataset/dataset\LIVIN_googleplay_DECEMBER_reviews.csv,topup
b467781a-e6ee-4192-84e0-4ebc22716c8a,Pengguna Google,https://play-lh.googleusercontent.com/EGemoI2NTXmTsBVtJqk8jxF9rh8ApRWfsIMQSt2uE4OcpQqbFu7f7NbTK05lx80nuSijCz7sc3a277R67g,"sy mau login ke akun sy, kirim otp via SMS tapi gk ada kode otp yang dikirim, gimana min lagi buru""",4,0,3.149.0,2025-12-15 14:10:05+00:00,,,3.149.0,Dataset/dataset\OVO_googleplay_DECEMBER_reviews.csv,login
55f478b5-b3b9-466a-b3bc-b29c802a2083,Pengguna Google,https://play-lh.googleusercontent.com/EGemoI2NTXmTsBVtJqk8jxF9rh8ApRWfsIMQSt2uE4OcpQqbFu7f7NbTK05lx80nuSijCz7sc3a277R67g,gabisa TF/transaksi padahal 1 bulan yang lalu masih bisa😡,1,0,,2025-11-05 08:30:14+00:00,"Hai Kak @Pppp Jj, mohon maaf atas ketidaknyamanannya. Pastikan nomor tujuan transfer sudah benar dan sudah cek halaman Riwayat. Jika saldo belum juga bertambah, laporkan detailnya melalui email customerservice@gopay.co.id dan cantumkan kode psr-25-309-0820-32065 pada subject email yang kamu kirimkan ya. ^Melisa",2025-11-05 15:20:41,,Dataset/dataset\GOPAY_googleplay_NOVEMBER_reviews.csv,transfer
3c1edea8-89b9-422e-a616-678a27fe1ad6,Pengguna Google,https://play-lh.googleusercontent.com/EGemoI2NTXmTsBVtJqk8jxF9rh8ApRWfsIMQSt2uE4OcpQqbFu7f7NbTK05lx80nuSijCz7sc3a277R67g,"bagus sih terlalu banyak potong, apalagi kalau transfer dari bank lain ada potongan ya g tinggi. padahal dari bank lain sudah ada admin ttp aja dari ovo dipotong.",1,0,3.150.0,2025-12-25 10:59:29+00:00,,,3.150.0,Dataset/dataset\OVO_googleplay_DECEMBER_reviews.csv,transfer
d9f37cae-878b-48b5-975e-6eccff401793,Pengguna Google,https://play-lh.googleusercontent.com/EGemoI2NTXmTsBVtJqk8jxF9rh8ApRWfsIMQSt2uE4OcpQqbFu7f7NbTK05lx80nuSijCz7sc3a277R67g,uang aku sering ke transfer sendiri ke apk premium anehhh luuu,1,0,1.61.2,2025-11-07 11:31:02+00:00,"Hai Kak @zharr, mohon maaf atas ketidaknyamanannya. Terkait keluhan tersebut, silakan laporkan melalui email ke customerservice@gopay.co.id dengan melampirkan kode psr-25-311-0818-52689 pada subject email. Kami tunggu detail laporan kamu ya. ^Maura",2025-11-07 15:18:57,1.61.2,Dataset/dataset\GOPAY_googleplay_NOVEMBER_reviews.csv,transfer
699798c0-f4a8-449b-8d39-62021e138d0c,Pengguna Google,https://play-lh.googleusercontent.com/EGemoI2NTXmTsBVtJqk8jxF9rh8ApRWfsIMQSt2uE4OcpQqbFu7f7NbTK05lx80nuSijCz7sc3a277R67g,"biaya transfer antar aplikasi banyak kali, dana maupun bank lain saat kebutuhan mendadak kepotong nya kita punya duit. tolong lahh hapus kan biaya adminnya",1,0,3.2.0,2025-12-01 18:51:06+00:00,"Halo Sahabat @Titi Sulistiowati, mohon maaf atas ketidaknyamanannya. Untuk perihal kendala yang dialami, mohon untuk dapat mengirimkan email ke mandiricare@bankmandiri.co.id atau dapat menghubungi layanan mandiri 14000 agar dapat dilakukan pengecekan. Tks~Raka

",2025-12-01 18:53:42,3.2.0,Dataset/dataset\LIVIN_googleplay_DECEMBER_reviews.csv,transfer
3f32c4cc-140c-468f-a837-e09ad6e567df,Pengguna Google,https://play-lh.googleusercontent.com/EGemoI2NTXmTsBVtJqk8jxF9rh8ApRWfsIMQSt2uE4OcpQqbFu7f7NbTK05lx80nuSijCz7sc3a277R67g,"kenapa ovo kayak gini, top up udah 1x24jam belum ada masuk.. tidak ada keterangan apapun.. tolong pelayanannya di perbaiki min",2,0,,2025-10-07 10:12:03+00:00,,,,Dataset/dataset\OVO_googleplay_OCTOBER_reviews.csv,topup
63d69939-cdab-4f74-b1fc-484ceec09098,Pengguna Google,https://play-lh.googleusercontent.com/EGemoI2NTXmTsBVtJqk8jxF9rh8ApRWfsIMQSt2uE4OcpQqbFu7f7NbTK05lx80nuSijCz7sc3a277R67g,"ampas Luh gua top up saldo ga masuk masuk kalo lu mau bangkrut jangan ambil saldo rakyat lah, 2 hari saldo ga masuk masuk",1,0,,2025-10-03 00:17:12+00:00,"Hai Kak @Bankai Sama, pastikan nomor tujuan sudah benar, sudah cek halaman Riwayat, dan coba keluar dan masuk kembali ke aplikasi. Jika saldo masih belum masuk, silakan laporkan melalui menu Bantuan > ketik 'Top up GoPay saya belum masuk' > isi formulir dan cantumkan kode psr-25-276-0939-21068 pada bagian 'Ceritakan lebih lanjut'. ^Miko",2025-10-03 16:40:08,,Dataset/dataset\GOPAY_googleplay_OCTOBER_reviews.csv,topup
fa294726-ff86-4f5f-8fb2-d3cd44999b7a,Pengguna Google,https://play-lh.googleusercontent.com/EGemoI2NTXmTsBVtJqk8jxF9rh8ApRWfsIMQSt2uE4OcpQqbFu7f7NbTK05lx80nuSijCz7sc3a277R67g,top up game 90k tp diamond ga masuk² duit udah terpotong dari aplikasi!!!,1,2,1.60.0,2025-10-10 15:27:42+00:00,"Hai Kak Alya, kami mohon maaf atas kondisi yang Kakak alami. Terkait hal ini, dapat kami sampaikan bahwa ada pemeliharaan sistem yang mempengaruhi transaksi Kakak & saat ini sudah kembali normal. Berkenan untuk melakukan pengecekan kembali di akun tujuan secara berkala ya Kak. Mohon maaf atas ketidaknyamanannya. Salam hangat. ^Miko",2025-10-10 20:45:39,1.60.0,Dataset/dataset\GOPAY_googleplay_OCTOBER_reviews.csv,topup
590ab1c1-40f7-40f0-b07a-e7f72bec68cc,Pengguna Google,https://play-lh.googleusercontent.com/EGemoI2NTXmTsBVtJqk8jxF9rh8ApRWfsIMQSt2uE4OcpQqbFu7f7NbTK05lx80nuSijCz7sc3a277R67g,"saya transfer dari aplikasi dana ke gopay tidak masuk, padahal di aplikasi dana proses berhasil dan saldo sudah terpotong tapi tetap tidak masuk. sudah 1x24jam belum ada masuk",1,2,1.60.0,2025-10-17 09:37:58+00:00,"Hai Kak Irroel, pastikan nomor tujuan sudah benar, sudah cek halaman Riwayat, dan coba keluar dan masuk kembali ke aplikasi. Jika saldo masih belum masuk, silakan laporkan melalui menu Bantuan > ketik 'Top up GoPay saya belum masuk' > isi formulir dan cantumkan kode psr-25-289-0246-36937 pada bagian 'Ceritakan lebih lanjut'. ^Maura",2025-10-16 09:46:45,1.60.0,Dataset/dataset\GOPAY_googleplay_OCTOBER_reviews.csv,transfer
dac091c5-cf1a-4581-a1b0-cd5187a96179,Pengguna Google,https://play-lh.googleusercontent.com/EGemoI2NTXmTsBVtJqk8jxF9rh8ApRWfsIMQSt2uE4OcpQqbFu7f7NbTK05lx80nuSijCz7sc3a277R67g,"applikasi financial nggak jelas ini. dikit2 kena potongan setiap transaksi, sampai top up saldo ke ovo kita aja kena potongan nya besar. apalagi ovo paylater nya, tiba2 limit 1 rupiah setelah membayar tagihan. nggak jelas sumpah. applikasi hina banget ini ovo. saya saranin nggak usah gunain ovo. nggak menguntungkan sama sekali.",1,1,3.149.0,2025-12-16 18:48:07+00:00,,,3.149.0,Dataset/dataset\OVO_googleplay_DECEMBER_reviews.csv,topup
9695b79e-a7a4-4c04-bdae-ab22d089ce9d,Pengguna Google,https://play-lh.googleusercontent.com/EGemoI2NTXmTsBVtJqk8jxF9rh8ApRWfsIMQSt2uE4OcpQqbFu7f7NbTK05lx80nuSijCz7sc3a277R67g,"Sengaja Saya kasi bintang 5 biar muncul di atas, ini apk gimana maksudnya ya masa mau login doang nunggu kode otp smpe 1 jam ga masuk² pdhal wifi lancar kartu aktif wa aktif ini system nya yang eror apa bagaimana benar-benar kecewa saya mending kalian kalo mau download apk ini pikir 1000x saya sendiri di kecewakan.",5,12,1.40.06,2025-10-13 12:07:55+00:00,"Hi Kak. Terima kasih telah menggunakan ShopeePay. Mari cek aplikasi ShopeePay karena banyak fitur yang mempermudah keseharian kakak seperti pembelian pulsa, paket data, pembayaran tagihan listrik dan pembayaran lainnya. Jika kakak memiliki pertanyaan seputar ShopeePay, mohon DM kami di Instagram @ShopeePay_ID ya. Semoga harimu menyenangkan ^RJ",2025-10-14 09:25:39,1.40.06,Dataset/dataset\SHOPEEPAY_googleplay_OCTOBER_reviews.csv,login
2883d741-59dc-489a-9a49-57188cfc027a,Pengguna Google,https://play-lh.googleusercontent.com/EGemoI2NTXmTsBVtJqk8jxF9rh8ApRWfsIMQSt2uE4OcpQqbFu7f7NbTK05lx80nuSijCz7sc3a277R67g,gak bisa top up anj,1,1,1.64.0,2025-11-19 22:37:48+00:00,"Hai Kak Afandi, pastikan jumlah top up tidak melebihi batas limit transaksi bulanan dan jaringan internet stabil. Jika masih bermasalah, laporkan melalui menu Bantuan > ketik ""Mengapa saya tidak bisa top up GoPay?"" > isi formulir dan cantumkan kode psr-25-323-1609-19383 di bagian 'Ceritakan lebih lanjut'. ^Melisa",2025-11-19 23:09:28,1.64.0,Dataset/dataset\GOPAY_googleplay_NOVEMBER_reviews.csv,topup
e97ff376-feb7-437a-ab5e-db3da9e07f7d,Pengguna Google,https://play-lh.googleusercontent.com/EGemoI2NTXmTsBVtJqk8jxF9rh8ApRWfsIMQSt2uE4OcpQqbFu7f7NbTK05lx80nuSijCz7sc3a277R67g,"SHOPEE KENAPA SEKARANG MAU TRANSFER AJA ADA MAKSIMAL GRATISNYA SIHH😭😭 aku kan suka mindahin saldo ke seabank dulu kalau mau co barang, soalnya biaya layanannya lebih murah. Terus kalau maksimalnya udah abis, harus bayar lebih gitu? meskipun cuma 1000, 2000 tapi itu sayang banget anjir shopee",1,12,1.41.06,2025-10-29 06:39:32+00:00,"Hi Kak Ike. Mohon maaf atas ketidaknyamanannya terkait kendala adanya biaya admin transfer ShopeePay ke rekening. Untuk kuota promo gratis admin akan diperbaharui setiap bulannya ya Kak. Untuk bantuan lebih lanjut,  mohon menghubungi kami melalui DM ke Instagram @ShopeePay_ID yang bercentang biru. ^CS",2025-10-29 10:49:33,1.41.06,Dataset/dataset\SHOPEEPAY_googleplay_OCTOBER_reviews.csv,transfer
42835599-7824-493f-91a0-5a383b6c66a3,Pengguna Google,https://play-lh.googleusercontent.com/EGemoI2NTXmTsBVtJqk8jxF9rh8ApRWfsIMQSt2uE4OcpQqbFu7f7NbTK05lx80nuSijCz7sc3a277R67g,saya kurangi bintang nya karna saya sudah di gagal transfer 500 ribu dan sampai sekarang dalam proses tidak pernah berhasil,3,0,1.40.06,2025-10-26 08:43:17+00:00,"Hi Kak Herwan, Mohon maaf mengenai kendala tidak bisa melakukan transfer selalu gagal. Mohon pastikan data tujuan transfer sudah sesuai dan silakan bisa coba berkala. Apabila masih berkendala mohon menghubungi kami melalui DM Instagram di @ShopeePay_ID untuk bantuan lebih lanjut. Semoga kendala kakak segera terselesaikan ^CS",2025-10-27 11:52:42,1.40.06,Dataset/dataset\SHOPEEPAY_googleplay_OCTOBER_reviews.csv,transfer
cfd525ae-7927-45b9-8900-9a6f60cf0e00,Pengguna Google,https://play-lh.googleusercontent.com/EGemoI2NTXmTsBVtJqk8jxF9rh8ApRWfsIMQSt2uE4OcpQqbFu7f7NbTK05lx80nuSijCz7sc3a277R67g,"Top up pending, proses 2 hari selain hari libur (sabtu minggu) dan saya terkendala di hari jum'at, jadi kemungkinan uang saya kembali hari selasa. Saya sampe cekcok sama nasabah gara gara top up pending, dan harus nombok, mana uang tinggal segitunya. parah banget ni gopay, sangat tidak disarankan. hati hati buat teman teman yang pakai gopay. Ngajukan keluhan juga responnya lama sekali, bener bener payahhh",1,17,1.60.0,2025-10-24 16:58:14+00:00,"Hai Kak Kelvin, mohon maaf atas ketidaknyamanannya. Jika masih mengalami keluhan, silakan laporkan melalui email ke customerservice@gopay.co.id dengan melampirkan kode psr-25-297-1237-29459 pada subject email dan cantumkan nomor laporan sebelumnya serta ceritakan kembali detail permasalahannya. Kami tunggu detail laporan kamu ya. ^Miko",2025-10-24 19:37:37,1.60.0,Dataset/dataset\GOPAY_googleplay_OCTOBER_reviews.csv,topup
509154b3-49b2-41c9-bfc0-ece2f5eab7cd,Pengguna Google,https://play-lh.googleusercontent.com/EGemoI2NTXmTsBVtJqk8jxF9rh8ApRWfsIMQSt2uE4OcpQqbFu7f7NbTK05lx80nuSijCz7sc3a277R67g,"sangat ribet buat komplain transaksi yg gak masuk,saya transaksi qris di merchant,saldo sudah kepotong tapi di merchant tidak masuk,komplain ke cs langsung,disuruh ke aplikasi gopay, sedangkan cs di aplikasi gopay robot,gak jelas sumpah cs gopay ini",1,3,1.60.0,2025-10-28 21:01:32+00:00,"Hai Kak Supri, mohon maaf atas ketidaknyamanannya. Terkait hal tersebut, silakan laporkan melalui email ke customerservice@gopay.co.id dengan melampirkan kode psr-25-301-1452-24407 pada subject email dan ceritakan kembali detail permasalahannya agar tim kami bisa bantu cek lebih lanjut ya. ^Melisa",2025-10-28 21:52:32,1.60.0,Dataset/dataset\GOPAY_googleplay_OCTOBER_reviews.csv,qris
8eabb5cc-618c-4157-a115-a49af943166c,Pengguna Google,https://play-lh.googleusercontent.com/EGemoI2NTXmTsBVtJqk8jxF9rh8ApRWfsIMQSt2uE4OcpQqbFu7f7NbTK05lx80nuSijCz7sc3a277R67g,"proses transfer sangat lama, dan pelayanan bobrok",2,0,1.61.2,2025-11-01 23:53:28+00:00,"Hai Kak Azmi, mohon maaf atas ketidaknyamanannya. Pastikan nomor tujuan transfer sudah benar dan sudah cek halaman Riwayat. Jika saldo belum juga bertambah, laporkan detailnya melalui email customerservice@gopay.co.id dan cantumkan kode psr-25-306-0041-12367 pada subject email yang kamu kirimkan ya. ^Melisa",2025-11-02 07:41:24,1.61.2,Dataset/dataset\GOPAY_googleplay_NOVEMBER_reviews.csv,transfer
706e611a-cd17-42e8-9304-ec5eb8ff419c,Pengguna Google,https://play-lh.googleusercontent.com/EGemoI2NTXmTsBVtJqk8jxF9rh8ApRWfsIMQSt2uE4OcpQqbFu7f7NbTK05lx80nuSijCz7sc3a277R67g,menurut ku gopay ini sangat bagus untuk transfer misal dana bisa gak butuh libet sat set selesai top up game pasukan Aidi langsung masuk apa lagi yang kurang DM gratis ada setiap bulan,5,3,1.60.0,2025-10-08 13:22:05+00:00,,,1.60.0,Dataset/dataset\GOPAY_googleplay_OCTOBER_reviews.csv,topup
e659cdcf-ea47-4aae-8efe-af9406088793,Pengguna Google,https://play-lh.googleusercontent.com/EGemoI2NTXmTsBVtJqk8jxF9rh8ApRWfsIMQSt2uE4OcpQqbFu7f7NbTK05lx80nuSijCz7sc3a277R67g,suka gabisa transfer atau qris,1,0,3.2.0,2025-12-23 20:51:06+00:00,"Halo Sahabat @wayan Abdinasshalihin, mohon maaf atas ketidaknyamanannya. Terkait kendala Sahabat mohon untuk dapat mengirimkan email ke mandiricare@bankmandiri.co.id atau dapat menghubungi Mandiri Call 14000 lalu tekan 2 agar dapat dilakukan pengecekan. Tks~Amar",2025-12-23 20:52:52,3.2.0,Dataset/dataset\LIVIN_googleplay_DECEMBER_reviews.csv,qris
16f687c9-d459-4812-b249-837e6c6d92c7,Pengguna Google,https://play-lh.googleusercontent.com/EGemoI2NTXmTsBVtJqk8jxF9rh8ApRWfsIMQSt2uE4OcpQqbFu7f7NbTK05lx80nuSijCz7sc3a277R67g,saya saya melakukan transfer dari akun ovo saya ke rek bank saya...tapi tidak ada masuk ke rekening bank..sebesar 1 juta padahal di ovo tertulis pengiriman berhasil.. itu gi mana ...uang saya kemana padahal di pihak bank tidak menerima pengiriman,1,0,3.144.0,2025-10-06 07:37:59+00:00,,,3.144.0,Dataset/dataset\OVO_googleplay_OCTOBER_reviews.csv,transfer
1b5708c0-a9d6-47e2-a7a3-33db8fe073fc,Pengguna Google,https://play-lh.googleusercontent.com/EGemoI2NTXmTsBVtJqk8jxF9rh8ApRWfsIMQSt2uE4OcpQqbFu7f7NbTK05lx80nuSijCz7sc3a277R67g,aplikasi ini sangat cocok buat kamu yg suka transfer ataupun top up,5,0,,2025-10-23 16:37:54+00:00,,,,Dataset/dataset\GOPAY_googleplay_OCTOBER_reviews.csv,topup
1aa9131d-3833-4484-a28b-e508de71ede4,Pengguna Google,https://play-lh.googleusercontent.com/EGemoI2NTXmTsBVtJqk8jxF9rh8ApRWfsIMQSt2uE4OcpQqbFu7f7NbTK05lx80nuSijCz7sc3a277R67g,top up g masuk masuk padahal udh nunggu 1x24 jam haduh,1,0,1.44.05,2025-12-20 01:16:05+00:00,"Hi Kak wawa, Mohon maaf atas kendala Top Up ShopeePay yang belum diterima. Mohon menunggu 1x24 jam sejak melakukan Top Up. Apabila sudah melebihi estimasi namun belum diterima, silakan menghubungi kami dengan melampirkan bukti yang tertera nomor telepon, nominal, tanggal & waktu transaksi melalui DM ke IG @ShopeePay_ID yang bercentang biru ya. ^EN",2025-12-22 11:32:58,1.44.05,Dataset/dataset\SHOPEEPAY_googleplay_DECEMBER_reviews.csv,topup
47ce2437-36b1-4efc-b8c8-74d1bcd5a875,Pengguna Google,https://play-lh.googleusercontent.com/EGemoI2NTXmTsBVtJqk8jxF9rh8ApRWfsIMQSt2uE4OcpQqbFu7f7NbTK05lx80nuSijCz7sc3a277R67g,apk.a mudah digunakan namun sayangnya semenjak update susah buat TF ke akun dana,5,0,3.2.0,2025-12-16 09:13:23+00:00,"Halo Sahabat @Panglima Loyo, mohon maaf atas ketidaknyamanannya. Terkait kendala Sahabat mohon untuk dapat mengirimkan email ke mandiricare@bankmandiri.co.id atau dapat menghubungi Mandiri Call 14000 lalu tekan 2 agar dapat dilakukan pengecekan. Tks~Risa",2025-12-16 09:20:35,3.2.0,Dataset/dataset\LIVIN_googleplay_DECEMBER_reviews.csv,transfer
5d4f174a-668b-4b70-a4c0-583abc7376d8,Pengguna Google,https://play-lh.googleusercontent.com/EGemoI2NTXmTsBVtJqk8jxF9rh8ApRWfsIMQSt2uE4OcpQqbFu7f7NbTK05lx80nuSijCz7sc3a277R67g,"udah tf di livin buat isi pulsa, tapi ga masuk terus di flip .. ayolah jangan loading gini udah percaya sama mandiri loh",3,0,3.2.0,2025-11-18 19:41:32+00:00,"Halo Sahabat @Indri Alfons, mohon maaf atas ketidaknyamannya. untuk perihal kendala pada layanan Livin' by Mandiri, mohon untuk dapat mengirimkan email ke mandiricare@bankmandiri.co.id atau dapat menghubungi layanan mandiri 14000 agar dapat dilakukan pengecekan. Tks~Charles",2025-11-18 19:49:08,3.2.0,Dataset/dataset\LIVIN_googleplay_NOVEMBER_reviews.csv,transfer
dd3be1f8-58ce-4a87-97a5-5e04f4889b7e,Pengguna Google,https://play-lh.googleusercontent.com/EGemoI2NTXmTsBVtJqk8jxF9rh8ApRWfsIMQSt2uE4OcpQqbFu7f7NbTK05lx80nuSijCz7sc3a277R67g,harus di uninstall dulu baru bisa login lagi,5,0,,2025-12-29 08:58:27+00:00,"Hai Sahabat @Fadhil&Asqa Gani, mohon maaf atas ketidaknyamanannya. Terkait kendala Sahabat mohon untuk dapat mengirimkan email ke mandiricare@bankmandiri.co.id atau dapat menghubungi Mandiri Call 14000 lalu tekan 2 agar dapat dilakukan pengecekan. Tks~Kila",2025-12-29 09:00:34,,Dataset/dataset\LIVIN_googleplay_DECEMBER_reviews.csv,login
77272488-9261-4faf-b9aa-f93ea0109888,Pengguna Google,https://play-lh.googleusercontent.com/EGemoI2NTXmTsBVtJqk8jxF9rh8ApRWfsIMQSt2uE4OcpQqbFu7f7NbTK05lx80nuSijCz7sc3a277R67g,"min kemarin tanggal 16 itu saya isi saldo 50000 tapi belom masuk selama 2 hari,dan saya laporan ke tempat saya top up itu udah terdeteksi masuk tapi belom masuk di saya,pas saya lapor ke cs gopay malah di minta in struk top up padahal struk nya ada di konter pulsa nya,gimana ini min",1,0,1.64.0,2025-11-18 20:49:43+00:00,"Hai Kak Eren, mohon maat atas ketidaknyamanannya. Jika kamu masih mengalami kendala, silakan laporkan melalui email ke customerservice@gopay.co.id dengan melampirkan kode XXXXXXX pada subject email dan cantumkan nomor laporan kamu sebelumnya pada email yang kamu kirimkan. Kami tunggu detail laporan kamu ya. ^Melisa",2025-11-18 21:27:44,1.64.0,Dataset/dataset\GOPAY_googleplay_NOVEMBER_reviews.csv,topup
2121d2ea-688b-4922-ab1e-c46e78af06d8,Pengguna Google,https://play-lh.googleusercontent.com/EGemoI2NTXmTsBVtJqk8jxF9rh8ApRWfsIMQSt2uE4OcpQqbFu7f7NbTK05lx80nuSijCz7sc3a277R67g,selalu gagal tf ke bank mna pun sebelumny bsa sekrg tdk,2,0,3.146.0,2025-11-04 15:27:39+00:00,,,3.146.0,Dataset/dataset\OVO_googleplay_NOVEMBER_reviews.csv,transfer
fb5ac2db-9ad7-4267-a226-884d3c1c4b93,Pengguna Google,https://play-lh.googleusercontent.com/EGemoI2NTXmTsBVtJqk8jxF9rh8ApRWfsIMQSt2uE4OcpQqbFu7f7NbTK05lx80nuSijCz7sc3a277R67g,"banyak promo yang menarik, kita dapat mengumpulkan gopay coins yang bisa dia pake untuk transaksi apapun dan bisa top up, cara mendapatkan mudah sekali",5,1,1.62.0,2025-11-23 21:53:08+00:00,,,1.62.0,Dataset/dataset\GOPAY_googleplay_NOVEMBER_reviews.csv,topup
d07086fb-f892-4925-beb6-376d240adbc0,Pengguna Google,https://play-lh.googleusercontent.com/EGemoI2NTXmTsBVtJqk8jxF9rh8ApRWfsIMQSt2uE4OcpQqbFu7f7NbTK05lx80nuSijCz7sc3a277R67g,TRANSFER KE BANK NYANGKUT 2 HARI GAK MASUK MASUK DAN PROSES ADMIN BERKELIT KELIT ....GOPAY SUDAH TERPOTONG PULA... BAHAYA KALO TRANSFER DENGAN NOMINAL BESAR.... GAK TAU DUIT DIKEMANAIN DULU ITU...,1,0,1.60.0,2025-10-27 05:12:36+00:00,"Hai Kak @sebait rasa, mohon maaf atas ketidaknyamanannya. Jika kamu masih mengalami kendala, silakan laporkan melalui email ke customerservice@gopay.co.id dengan melampirkan kode psr-25-300-2356-24847 pada subject email dan cantumkan nomor laporan kamu sebelumnya pada email yang kamu kirimkan. Kami tunggu detail laporan kamu ya. ^Maura",2025-10-27 06:56:33,1.60.0,Dataset/dataset\GOPAY_googleplay_OCTOBER_reviews.csv,transfer
945848b2-ecdb-47e4-8089-5ac1a99e1d4f,Pengguna Google,https://play-lh.googleusercontent.com/EGemoI2NTXmTsBVtJqk8jxF9rh8ApRWfsIMQSt2uE4OcpQqbFu7f7NbTK05lx80nuSijCz7sc3a277R67g,beli paket data dan transfer kemana pun tanpa biaya admin sama sekali,5,0,1.60.0,2025-10-24 18:55:10+00:00,,,1.60.0,Dataset/dataset\GOPAY_googleplay_OCTOBER_reviews.csv,transfer
92906119-e85c-41b1-afe0-0024f26d734c,Pengguna Google,https://play-lh.googleusercontent.com/EGemoI2NTXmTsBVtJqk8jxF9rh8ApRWfsIMQSt2uE4OcpQqbFu7f7NbTK05lx80nuSijCz7sc3a277R67g,mataku sakit pada saat memverifikasi wajah,2,0,1.42.03,2025-11-15 20:26:22+00:00,"Hi Kak Kinan, Mohon maaf atas ketidaknyamanannya terkait verifikasi wajah. Saat ini apabila kakak memiliki kendala dalam proses verifikasi wajah atau kendala pada aplikasi ShopeePay, kakak dapat menghubungi kami melalui DM ke IG @ShopeePay_ID yang bercentang biru ya. ^CS",2025-11-17 14:24:17,1.42.03,Dataset/dataset\SHOPEEPAY_googleplay_NOVEMBER_reviews.csv,vermuk
f0fbe257-34d6-46c3-895f-6cefd6d67905,Pengguna Google,https://play-lh.googleusercontent.com/EGemoI2NTXmTsBVtJqk8jxF9rh8ApRWfsIMQSt2uE4OcpQqbFu7f7NbTK05lx80nuSijCz7sc3a277R67g,susah bikin qris mercen,5,0,3.1.0,2025-11-10 19:30:41+00:00,"Halo Sahabat @Azka Agus mohon maaf atas ketidaknyamanannya, terkait kendala transaksi Sahabat @Azka Agus mohon untuk dapat mengirimkan email ke mandiricare@bankmandiri.co.id atau dapat menghubungi mandiri call 14000 agar dapat dilakukan pengecekan. Tks~Syarif",2025-11-10 19:34:59,3.1.0,Dataset/dataset\LIVIN_googleplay_NOVEMBER_reviews.csv,qris
2f6d2b19-9308-4f0e-8bae-f7d353ba3057,Pengguna Google,https://play-lh.googleusercontent.com/EGemoI2NTXmTsBVtJqk8jxF9rh8ApRWfsIMQSt2uE4OcpQqbFu7f7NbTK05lx80nuSijCz7sc3a277R67g,saat mau top up ada aktivitas ga wajar mulu dan lebih baik aplikasi dana dari gopay,2,0,1.62.0,2025-11-12 16:17:36+00:00,"Hai Kak Rafasya, mohon maaf atas ketidaknyamanannya. Pastikan nomor tujuan valid dan sudah menggunakan aplikasi GoPay versi terbaru ya. Jika masih berkendala, silakan laporkan melalui email ke customerservice@gopay.co.id dan cantumkan kode psr-25-316-0952-02201 pada subjek email. ^Miko",2025-11-12 16:52:18,1.62.0,Dataset/dataset\GOPAY_googleplay_NOVEMBER_reviews.csv,topup
7c5e17f6-9083-4f4b-b8fd-80337c801fa6,Pengguna Google,https://play-lh.googleusercontent.com/EGemoI2NTXmTsBVtJqk8jxF9rh8ApRWfsIMQSt2uE4OcpQqbFu7f7NbTK05lx80nuSijCz7sc3a277R67g,"tidak bisa login livin dengan kartu kredit, sedangkan untuk kartu debit kondisi terblokir. menyusahkan jika harus pergi ke cabang",1,0,,2025-12-08 17:41:36+00:00,Apabila masih terkendala Sahabat dapat mengirimkan email ke mandiricare@bankmandiri.co.id atau menghubungi mandiri call 14000 agar dapat dilakukan pengecekan. Tks~Romi,2025-12-08 17:47:11,,Dataset/dataset\LIVIN_googleplay_DECEMBER_reviews.csv,login
e1620111-b329-410c-88fc-74b22d476aad,Pengguna Google,https://play-lh.googleusercontent.com/EGemoI2NTXmTsBVtJqk8jxF9rh8ApRWfsIMQSt2uE4OcpQqbFu7f7NbTK05lx80nuSijCz7sc3a277R67g,respon ketika top up lama ketika promo rp1 top up game di jam 17:00 gak bisa ada aktivitas gak wajar di tunggu 14 menit pas mau bayar malah gak bisa males banget gw top up disini,1,1,1.61.2,2025-11-04 17:19:55+00:00,"Mohon maaf, Kak Ganesha. Agar bisa menggunakan GoPay, pastikan saldo cukup, masukkan PIN GoPay yang benar, dan gunakan aplikasi terbaru. Jika masih bermasalah, laporkan melalui menu Bantuan > ketik ""Saya tidak dapat menggunakan GoPay"" > isi formulir dan cantumkan kode psr-25-308-1052-43258 di bagian ""Ceritakan lebih lanjut"". ^Miko",2025-11-04 17:52:57,1.61.2,Dataset/dataset\GOPAY_googleplay_NOVEMBER_reviews.csv,topup
fbc7aa58-b3c7-4b81-a22a-8c77e74175ea,Pengguna Google,https://play-lh.googleusercontent.com/EGemoI2NTXmTsBVtJqk8jxF9rh8ApRWfsIMQSt2uE4OcpQqbFu7f7NbTK05lx80nuSijCz7sc3a277R67g,udah bagus banget gercep transfer nya tapi udah 2 hari ini mandek 2 juta ngg bisa tf kemana mana tolong di bantu,5,0,1.64.1,2025-11-27 08:35:33+00:00,,,1.64.1,Dataset/dataset\GOPAY_googleplay_NOVEMBER_reviews.csv,transfer
caacda0a-0289-46ca-b14c-4ea225fc92a4,Pengguna Google,https://play-lh.googleusercontent.com/EGemoI2NTXmTsBVtJqk8jxF9rh8ApRWfsIMQSt2uE4OcpQqbFu7f7NbTK05lx80nuSijCz7sc3a277R67g,"kmrn ok bget livin, tapi skrng apa² ada biaya adminnya 1.000. jadi mikir klau mau bayar shoppe, top up dana, dll pake livin karna ada biaya adminnya. sangat disayangkan sih👎👎👎",1,0,,2025-12-28 09:48:27+00:00,"Halo Sahabat @Iris Minaj, mohon maaf atas ketidaknyamanannya. Terimakasih atas saran dan masukan yang diberikan, perihal tsb akan menjadi masukan bagi kami untuk pengembangan aplikasi kedepannya dan meningkatkan kualitas layanan Livin' by Mandiri. Tks~Momo",2025-12-28 09:59:08,,Dataset/dataset\LIVIN_googleplay_DECEMBER_reviews.csv,topup
b476f956-aa65-44b2-af60-97beb4174b69,Pengguna Google,https://play-lh.googleusercontent.com/EGemoI2NTXmTsBVtJqk8jxF9rh8ApRWfsIMQSt2uE4OcpQqbFu7f7NbTK05lx80nuSijCz7sc3a277R67g,Error error transfer gagal mulu gimana sih,5,0,3.57.0,2025-12-17 00:31:13+00:00,"Hai Kak,
Mohon maaf atas ketidaknyamanannya. Apabila ada keluhan/pertanyaan mohon menghubungi tim kami melalui email di cs@ovo.id atau call center kami di 1500-696.
Terima kasih. ^YD",4/23/2022 15:00,3.57.0,Dataset/dataset\OVO_googleplay_DECEMBER_reviews.csv,transfer
c4ebc7f7-66dc-49a6-b32d-2d7a308ab326,Pengguna Google,https://play-lh.googleusercontent.com/EGemoI2NTXmTsBVtJqk8jxF9rh8ApRWfsIMQSt2uE4OcpQqbFu7f7NbTK05lx80nuSijCz7sc3a277R67g,gopay kenapa ya ga bisa buat tf padahal udh masuki. jumlah nominal tp ga bisa dipencet pliss deh aku udh lama pake gopay ga pernah kayak gini baru kali ini,3,0,1.39.0,2025-11-01 12:51:47+00:00,"Hai Kak Fitriane, sebelum transfer, pastikan status upgrade GoPay Plus sudah 'Diterima', nomor penerima valid dan tidak terblokir. Jika masih bermasalah, silakan kunjungi menu Bantuan di aplikasi GoPay atau email ke customerservice@gopay.co.id dan cantumkan kode psr-25-305-0842-29401 pada subjek email. ^Miko",2025-11-01 15:42:39,1.39.0,Dataset/dataset\GOPAY_googleplay_NOVEMBER_reviews.csv,transfer
e1fd3915-b0b1-4363-9691-6baa0db71a1c,Pengguna Google,https://play-lh.googleusercontent.com/EGemoI2NTXmTsBVtJqk8jxF9rh8ApRWfsIMQSt2uE4OcpQqbFu7f7NbTK05lx80nuSijCz7sc3a277R67g,cepat masuknya klo top up atau transfer 😊,5,0,1.62.0,2025-11-09 19:17:41+00:00,,,1.62.0,Dataset/dataset\GOPAY_googleplay_NOVEMBER_reviews.csv,topup
b7ac7d05-f404-4559-be2d-de62205e2e93,Pengguna Google,https://play-lh.googleusercontent.com/EGemoI2NTXmTsBVtJqk8jxF9rh8ApRWfsIMQSt2uE4OcpQqbFu7f7NbTK05lx80nuSijCz7sc3a277R67g,transfer lebih cepat,5,0,,2025-11-05 16:12:10+00:00,,,,Dataset/dataset\GOPAY_googleplay_NOVEMBER_reviews.csv,transfer
44847100-54ca-463c-b812-56c4b50a6341,Pengguna Google,https://play-lh.googleusercontent.com/EGemoI2NTXmTsBVtJqk8jxF9rh8ApRWfsIMQSt2uE4OcpQqbFu7f7NbTK05lx80nuSijCz7sc3a277R67g,Tiba-tiba ke log out sendiri dan ketika melakukan verifikasi wajah selalu gagal padahal sudah mengikuti arahan,1,0,2.7.10,2025-12-25 14:51:14+00:00,"Hai, Kak Dwi. Maaf atas ketidaknyamanannya. Kami akan selalu berusaha memberikan yang terbaik demi kebutuhan perbankan Kakak. Terkait hal tersebut pastikan beberapa hal berikut, pastikan Kakak tidak memakai sunglasses, di tempat yang terang, tidak backlight, posisi wajah di dalam lingkaran dan pastikan aplikasi blu versi terupdate ya.
",2025-12-25 14:57:43,2.7.10,Dataset/dataset\BLU_googleplay_DECEMBER_reviews.csv,vermuk
7758e639-6afa-498c-9786-36aa25119f87,Pengguna Google,https://play-lh.googleusercontent.com/EGemoI2NTXmTsBVtJqk8jxF9rh8ApRWfsIMQSt2uE4OcpQqbFu7f7NbTK05lx80nuSijCz7sc3a277R67g,"tiap top up saldo, malah saldo dipotong buat admin. anehhhhhhh",3,0,3.147.0,2025-11-17 11:24:24+00:00,,,3.147.0,Dataset/dataset\OVO_googleplay_NOVEMBER_reviews.csv,topup
fbd17af7-370a-499e-a368-388529405aa1,Pengguna Google,https://play-lh.googleusercontent.com/EGemoI2NTXmTsBVtJqk8jxF9rh8ApRWfsIMQSt2uE4OcpQqbFu7f7NbTK05lx80nuSijCz7sc3a277R67g,dah update ke premier tetap transfer gagal....?????,1,0,3.144.0,2025-10-15 17:21:21+00:00,,,3.144.0,Dataset/dataset\OVO_googleplay_OCTOBER_reviews.csv,transfer
14d38841-f7dd-42b3-891d-472a4bdbb9b3,Pengguna Google,https://play-lh.googleusercontent.com/EGemoI2NTXmTsBVtJqk8jxF9rh8ApRWfsIMQSt2uE4OcpQqbFu7f7NbTK05lx80nuSijCz7sc3a277R67g,top up saldo GO-PAY melalui dana dari tnggal 04.10.2025 sampai sekarang gak ada masuk kan aplikasi babi kayak gini udah 2 x kejadian kyak gini top up gk masuk mohon bantuan nya saldo saya tidak masuk,1,0,,2025-10-07 04:10:54+00:00,"Hai Kak Necis, pastikan nomor tujuan sudah benar, sudah cek halaman Riwayat, dan coba keluar dan masuk kembali ke aplikasi. Jika saldo masih belum masuk, silakan laporkan melalui menu Bantuan > ketik 'Top up GoPay saya belum masuk' > isi formulir dan cantumkan kode psr-25-280-0018-40780 pada bagian 'Ceritakan lebih lanjut'. ^Maura",2025-10-07 07:18:49,,Dataset/dataset\GOPAY_googleplay_OCTOBER_reviews.csv,topup
d13b72b9-c753-464e-8fee-dd4ec42b3e62,Pengguna Google,https://play-lh.googleusercontent.com/EGemoI2NTXmTsBVtJqk8jxF9rh8ApRWfsIMQSt2uE4OcpQqbFu7f7NbTK05lx80nuSijCz7sc3a277R67g,"jadi males pake livin lagi, apalagi kalau lg urgent buat TF ke orang mending pake BCA aja dah lebih lancar , bsi masih mending ....dari pada pake livin gila bikin orang naik darah serius ......",1,0,3.2.0,2025-11-17 12:15:27+00:00,"Halo Sahabat @Emis Sime, mohon maaf atas ketidaknyamannya. Apabila mengalami kendala transaksi melalui Livin' by Mandiri, mohon untuk dapat mengirimkan email ke mandiricare@bankmandiri.co.id atau dapat menghubungi layanan mandiri 14000 agar dapat dilakukan pengecekan. Tks~Vacilla",2025-11-17 12:19:04,3.2.0,Dataset/dataset\LIVIN_googleplay_NOVEMBER_reviews.csv,transfer
50b34ec2-a15d-4017-bbfb-f80e6983f5b7,Pengguna Google,https://play-lh.googleusercontent.com/EGemoI2NTXmTsBVtJqk8jxF9rh8ApRWfsIMQSt2uE4OcpQqbFu7f7NbTK05lx80nuSijCz7sc3a277R67g,"lagi jalan² ke mall ,ga bawa kartu atm biasanya Qris aja bs, ehhh gangguan ga bawa uang cash ya Allah nyesekkk x😭😭😭",1,0,3.2.0,2025-12-13 11:20:01+00:00,"Halo Sahabat @Tengku nina, mohon maaf atas ketidaknyamanannya. Terkait kendala Sahabat mohon untuk dapat mengirimkan email ke mandiricare@bankmandiri.co.id atau menghubungi Mandiri Call 14000 lalu tekan 2 agar dapat dilakukan pengecekan. Tks~Cira

",2025-12-13 11:24:50,3.2.0,Dataset/dataset\LIVIN_googleplay_DECEMBER_reviews.csv,qris
c8a5cc72-a4f4-460a-b32a-937006de63ac,Pengguna Google,https://play-lh.googleusercontent.com/EGemoI2NTXmTsBVtJqk8jxF9rh8ApRWfsIMQSt2uE4OcpQqbFu7f7NbTK05lx80nuSijCz7sc3a277R67g,terlalu ribet mau login masa sinyal bagus nggak bisa login,1,1,,2025-11-25 16:28:48+00:00,"Hai Kak Boy, untuk login ke aplikasi GoPay, gunakan nomor HP yang terdaftar di akun Gojek-mu. Jika belum punya akun Gojek, kamu bisa daftar langsung di aplikasi GoPay, ya. Jika masih tidak bisa login, laporkan ke kami melalui email ke customerservice@gopay.co.id dan mencantumkan kode psr-25-329-1326-38474 pada subjek email. ^Miko",2025-11-25 20:26:54,,Dataset/dataset\GOPAY_googleplay_NOVEMBER_reviews.csv,login
3fa07b76-b229-4374-9b23-a25d010ac341,Pengguna Google,https://play-lh.googleusercontent.com/EGemoI2NTXmTsBVtJqk8jxF9rh8ApRWfsIMQSt2uE4OcpQqbFu7f7NbTK05lx80nuSijCz7sc3a277R67g,"apilkasi ovo dungu mau transfer ke dana gak bisa padahal udah premium pakai KTP tolol nya minta ampun cuma rp 20000 gak bisa , udah minta bantuan pihak ovo HP gw eror ya terus dana sama gopay bisa tu saling transfer,",1,0,3.150.0,2025-12-20 15:32:36+00:00,,,3.150.0,Dataset/dataset\OVO_googleplay_DECEMBER_reviews.csv,transfer
0cb4980e-e471-4313-af9c-8adf1580dceb,Pengguna Google,https://play-lh.googleusercontent.com/EGemoI2NTXmTsBVtJqk8jxF9rh8ApRWfsIMQSt2uE4OcpQqbFu7f7NbTK05lx80nuSijCz7sc3a277R67g,"saya transfer ke seabank , tapi sampai skrg masih proses",5,0,3.148.0,2025-11-29 01:26:56+00:00,,,3.148.0,Dataset/dataset\OVO_googleplay_NOVEMBER_reviews.csv,transfer
cd9be189-75d9-4127-8d75-b6948219fff2,Pengguna Google,https://play-lh.googleusercontent.com/EGemoI2NTXmTsBVtJqk8jxF9rh8ApRWfsIMQSt2uE4OcpQqbFu7f7NbTK05lx80nuSijCz7sc3a277R67g,saya mau top up ke gopay dari saldo shopeepay saya kenapa gabisa trs mana harus verifikasi muka ngeluh ke cs suruh nunggu 1x24 jam saya udh tunggu eh malah masih gabisa dan respon nya juga kurang baik gbsa bikin saya tenang sampe saat ini saya masih blm bisa menggunakan untuk top up dan TF ke bank lain sudah di tiket kan tapi lama penanganannya sangat jelek banget pelayanan nya gabisa di andalkan saya lagi urgent mau pake malah gabisa,1,16,1.43.10,2025-11-28 19:46:20+00:00,"Hi Kak ikbal, Terima kasih telah menggunakan ShopeePay. Kami memahami kendala tidak bisa transfer ShopeePay. Pastikan verifikasi wajah sudah sesuai dengan KTP yang terdaftar di ShopeePay. Untuk melihat KTP yang terdaftar, dengan cara: klik ShopeePay > Saya > Pengaturan > Upgrade ke ShopeePay Plus > Informasi Pribadi. Selamat beraktivitas. ^EN
",2025-12-01 11:31:42,1.43.10,Dataset/dataset\SHOPEEPAY_googleplay_NOVEMBER_reviews.csv,topup
03814385-d8c1-4a86-82fe-25896b816ff1,Pengguna Google,https://play-lh.googleusercontent.com/EGemoI2NTXmTsBVtJqk8jxF9rh8ApRWfsIMQSt2uE4OcpQqbFu7f7NbTK05lx80nuSijCz7sc3a277R67g,"sekarang kok rumit mau login sll slah sandi ,lupa sandi juga balik lg kaya gt",1,0,8.75.0,2025-10-20 11:30:41+00:00,"Halo, Jagoan. Mohon maaf atas kendala yang terjadi ya. Kamu tidak perlu khawatir, kamu bisa menjelaskan detail kendala tersebut melalui email di tanya@jago.com atau call center 1500 746 untuk kami bantu tangani lebih lanjut. Terima kasih :)",2025-10-20 13:05:50,8.75.0,Dataset/dataset\JAGO_googleplay_OCTOBER_reviews.csv,login
4fbb30b0-71fa-45bd-bf8d-f403421cc795,Pengguna Google,https://play-lh.googleusercontent.com/EGemoI2NTXmTsBVtJqk8jxF9rh8ApRWfsIMQSt2uE4OcpQqbFu7f7NbTK05lx80nuSijCz7sc3a277R67g,"kebanyakan eror pas ada pembayaran mendesak tiba"" ga bisa buat tf aneh tlong cpt diperbaiki",3,1,3.146.0,2025-11-05 02:01:13+00:00,,,3.146.0,Dataset/dataset\OVO_googleplay_NOVEMBER_reviews.csv,transfer
16586c44-0d6d-4484-811b-1c4d9149dabe,Pengguna Google,https://play-lh.googleusercontent.com/EGemoI2NTXmTsBVtJqk8jxF9rh8ApRWfsIMQSt2uE4OcpQqbFu7f7NbTK05lx80nuSijCz7sc3a277R67g,lambat login saat perlu pembayaran qris,3,0,2.0.20,2025-10-28 15:33:43+00:00,"Hai, Kak Varni. Maaf atas ketidaknyamanannya. Kami akan selalu terus memperbaiki sistem demi mencapai kepuasan para pengguna aplikasi blu. Terkait kendala tersebut pastikan Kakak menggunakan blu versi terbaru, pastikan setting waktu di handphone menjadi otomatis, jaringan internet lancar dan stabil atau Kakak boleh switch jaringan pada handphone.",2025-10-28 16:54:29,2.0.20,Dataset/dataset\BLU_googleplay_OCTOBER_reviews.csv,login
6addc8e1-7075-4010-844d-829576811f99,Pengguna Google,https://play-lh.googleusercontent.com/EGemoI2NTXmTsBVtJqk8jxF9rh8ApRWfsIMQSt2uE4OcpQqbFu7f7NbTK05lx80nuSijCz7sc3a277R67g,login nya lama. tiap bulan kayaknya update terus. seharusnya tidak perlu update aplikasi tiap bulan,2,0,3.1.0,2025-12-15 19:58:51+00:00,"Halo Sahabat @Eka Pandu, mohon maaf atas ketidaknyamannya. Perihal kendala pada layanan Livin' by Mandiri, mohon untuk dapat mengirimkan email ke mandiricare@bankmandiri.co.id atau dapat menghubungi layanan mandiri 14000 agar dapat dilakukan pengecekan. Tks~Kale",2025-12-15 20:02:31,3.1.0,Dataset/dataset\LIVIN_googleplay_DECEMBER_reviews.csv,login
40ff3120-d2c9-4bc4-b349-0a8aec4f0915,Pengguna Google,https://play-lh.googleusercontent.com/EGemoI2NTXmTsBVtJqk8jxF9rh8ApRWfsIMQSt2uE4OcpQqbFu7f7NbTK05lx80nuSijCz7sc3a277R67g,parah sih nih aplikasi di riwayat transaksi transfer berhasil padahal belum masuk ke rekening yang di tuju!!melapor juga kayak di buat sulit!ampas,1,4,1.59.0,2025-10-07 14:02:12+00:00,"Hai Kak Surya, mohon maaf atas ketidaknyamanannya. Jika kamu masih mengalami kendala, silakan laporkan melalui email ke customerservice@gopay.co.id dengan melampirkan kode psr-25-280-0819-59519 pada subject email dan cantumkan nomor laporan kamu sebelumnya pada email yang kamu kirimkan. Kami tunggu detail laporan kamu ya. ^Maura",2025-10-07 15:20:04,1.59.0,Dataset/dataset\GOPAY_googleplay_OCTOBER_reviews.csv,transfer
ec15cb3f-137b-41ed-b60f-ab887ae29d7a,Pengguna Google,https://play-lh.googleusercontent.com/EGemoI2NTXmTsBVtJqk8jxF9rh8ApRWfsIMQSt2uE4OcpQqbFu7f7NbTK05lx80nuSijCz7sc3a277R67g,"uang jadi aman transfer ke setiap Bank no admin, tapi tolong kl transfer ke ewalet jg sama dong",5,0,1.62.0,2025-11-17 17:29:27+00:00,,,1.62.0,Dataset/dataset\GOPAY_googleplay_NOVEMBER_reviews.csv,transfer
8b69d7e1-487c-48eb-b1ce-35a8b5e487cb,Pengguna Google,https://play-lh.googleusercontent.com/EGemoI2NTXmTsBVtJqk8jxF9rh8ApRWfsIMQSt2uE4OcpQqbFu7f7NbTK05lx80nuSijCz7sc3a277R67g,tiap top up pasti aja gak masuk ke saldonya padahal dari bank sono nya udh terkirim tapi ke ovo nya gak masuk dasar aplikasi najis,1,0,3.144.0,2025-10-07 09:23:40+00:00,,,3.144.0,Dataset/dataset\OVO_googleplay_OCTOBER_reviews.csv,topup
c42bb3c8-16cf-4fc8-abde-4bdc666d48c4,Pengguna Google,https://play-lh.googleusercontent.com/EGemoI2NTXmTsBVtJqk8jxF9rh8ApRWfsIMQSt2uE4OcpQqbFu7f7NbTK05lx80nuSijCz7sc3a277R67g,"sulit bnget mau login doang, belibet",1,0,,2025-10-14 06:41:02+00:00,"Hi Kak Aulia. Mohon maaf atas kendala tidak bisa login. Pastikan password yang dimasukkan sudah sesuai dan nomor telepon masih aktif ya kak. Untuk bantunya lebih lanjut, mohon menghubungi kami melalui DM ke Instagram @ShopeePay_ID yang bercentang biru, dengan menginformasikan detail dan bukti kendala. Semoga kendala segera terselesaikan ya. ^CS",2025-10-14 11:08:39,,Dataset/dataset\SHOPEEPAY_googleplay_OCTOBER_reviews.csv,login
5589edc3-70c4-42c1-9ff2-a7ce1ecf94b1,Pengguna Google,https://play-lh.googleusercontent.com/EGemoI2NTXmTsBVtJqk8jxF9rh8ApRWfsIMQSt2uE4OcpQqbFu7f7NbTK05lx80nuSijCz7sc3a277R67g,terbaik apa lagi top up diamond ml. termurah,5,0,1.59.0,2025-10-06 10:19:12+00:00,,,1.59.0,Dataset/dataset\GOPAY_googleplay_OCTOBER_reviews.csv,topup
a5bdc8df-38bb-4994-916d-c114159c3b86,Pengguna Google,https://play-lh.googleusercontent.com/EGemoI2NTXmTsBVtJqk8jxF9rh8ApRWfsIMQSt2uE4OcpQqbFu7f7NbTK05lx80nuSijCz7sc3a277R67g,kenapa saya login nggak bisa ada kenndala di surih datang ke kanto cabbang terdekat,5,0,3.1.0,2025-11-07 09:27:22+00:00,"Hi Sahabat @Tedy okta Frastiawan, mohon maaf atas ketidaknyamanannya. Perihal tsb kami sarankan Sahabat melakukan force close kemudian restart device, pastikan jaringan stabil dan tidak menggunakan WiFi. Apabila masih terkendala dapat mengirimkan email ke mandiricare@bankmandiri.co.id atau menghubungi mandiri call 14000. Tks~Celvin",2025-11-07 09:41:52,3.1.0,Dataset/dataset\LIVIN_googleplay_NOVEMBER_reviews.csv,login
14df2aeb-3d76-4666-af11-5fee42d03720,Pengguna Google,https://play-lh.googleusercontent.com/EGemoI2NTXmTsBVtJqk8jxF9rh8ApRWfsIMQSt2uE4OcpQqbFu7f7NbTK05lx80nuSijCz7sc3a277R67g,transfer lama,1,0,,2025-11-16 13:07:01+00:00,,,,Dataset/dataset\OVO_googleplay_NOVEMBER_reviews.csv,transfer
0f7cf953-841e-4a37-b938-469f72fe78c0,Pengguna Google,https://play-lh.googleusercontent.com/EGemoI2NTXmTsBVtJqk8jxF9rh8ApRWfsIMQSt2uE4OcpQqbFu7f7NbTK05lx80nuSijCz7sc3a277R67g,"mau login aja susah bener, pake disuruh masukin email, tapi pas diketik cuman bisa satu huruf doang, alhasil ga bisa loginn..aplikasi sampahh",1,0,,2025-12-12 19:47:30+00:00,,,,Dataset/dataset\OVO_googleplay_DECEMBER_reviews.csv,login
6e6be128-a6e8-4e11-b1a9-ce829770b7c7,Pengguna Google,https://play-lh.googleusercontent.com/EGemoI2NTXmTsBVtJqk8jxF9rh8ApRWfsIMQSt2uE4OcpQqbFu7f7NbTK05lx80nuSijCz7sc3a277R67g,lancar jaya tanpa biaya admin pula kalau TF kemana-mana,5,0,1.41.06,2025-10-27 06:01:51+00:00,"Hi Kak. Terima kasih telah menggunakan ShopeePay. Mari cek aplikasi ShopeePay karena banyak fitur yang mempermudah keseharian kakak seperti pembelian pulsa, paket data, pembayaran tagihan listrik dan pembayaran lainnya. Jika kakak memiliki pertanyaan seputar ShopeePay, mohon DM kami di Instagram @ShopeePay_ID ya. Semoga harimu menyenangkan ^RJ",2025-10-27 10:08:48,1.41.06,Dataset/dataset\SHOPEEPAY_googleplay_OCTOBER_reviews.csv,transfer
bf2fc9a9-ecb0-4e72-8891-a2cce2bdf0cd,Pengguna Google,https://play-lh.googleusercontent.com/EGemoI2NTXmTsBVtJqk8jxF9rh8ApRWfsIMQSt2uE4OcpQqbFu7f7NbTK05lx80nuSijCz7sc3a277R67g,"top up permata bank/akun dana tidak bisa malah batal pas pakai gris sandi udah benar beberapa kali mencoba akhirnya menunggu satu jam ke depan,,,buruk banget simpan uang ke aplikasi ovo mending ke aplikasi dana sjaa bikin was was simpan duit di sini,,, terakhir simpan duit di sini kalau berhasil kekirim udah uninstall sjaa sya aplikasi ovo ini sangat buruk.",1,10,3.147.0,2025-11-15 00:04:02+00:00,,,3.147.0,Dataset/dataset\OVO_googleplay_NOVEMBER_reviews.csv,topup
b0ac0540-54c5-4727-b458-310547639028,Pengguna Google,https://play-lh.googleusercontent.com/EGemoI2NTXmTsBVtJqk8jxF9rh8ApRWfsIMQSt2uE4OcpQqbFu7f7NbTK05lx80nuSijCz7sc3a277R67g,masih blm canggih kartu esim aja ga bs buat dipake login livin krn esim di simcard esim pindah hp hrs login di sim biasa bisanyamasih blm canggih kartu esim aja ga bs buat dipake login livin krn esim di simcard esim pindah hp hrs login di sim biasa bisanya,1,0,3.2.0,2025-12-08 08:51:21+00:00,"Halo Sahabat @desy sari, mohon maaf atas ketidaknyamanannya. Terkait kendala yang dialami Sahabat mohon untuk dapat mengirimkan email ke mandiricare@bankmandiri.co.id atau dapat menghubungi mandiri call 14000 agar dapat dilakukan pengecekan. Tks~Carissa",2025-12-08 09:05:22,3.2.0,Dataset/dataset\LIVIN_googleplay_DECEMBER_reviews.csv,login
580f7606-7a30-4cd9-89d2-2ef5c0884137,Pengguna Google,https://play-lh.googleusercontent.com/EGemoI2NTXmTsBVtJqk8jxF9rh8ApRWfsIMQSt2uE4OcpQqbFu7f7NbTK05lx80nuSijCz7sc3a277R67g,System Login cukup RUMIT.,1,0,,2025-12-28 17:52:50+00:00,"Halo, Jagoan. Mohon maaf atas kendala yang terjadi ya. Kamu tidak perlu khawatir, kamu bisa menjelaskan detail kendala tersebut melalui email di tanya@jago.com atau call center 1500 746 untuk kami bantu tangani lebih lanjut. Terima kasih :)",2025-12-28 18:00:32,,Dataset/dataset\JAGO_googleplay_DECEMBER_reviews.csv,login
48140ff2-0ed4-4e83-8f81-c2998dc1c31f,Pengguna Google,https://play-lh.googleusercontent.com/EGemoI2NTXmTsBVtJqk8jxF9rh8ApRWfsIMQSt2uE4OcpQqbFu7f7NbTK05lx80nuSijCz7sc3a277R67g,"gila gila udah berapa hari mau transfer eror mulu ,woy kapan normal nya",1,0,3.149.0,2025-12-19 14:31:08+00:00,,,3.149.0,Dataset/dataset\OVO_googleplay_DECEMBER_reviews.csv,transfer
183bd628-4180-4fdf-9855-15081dd6025b,Pengguna Google,https://play-lh.googleusercontent.com/EGemoI2NTXmTsBVtJqk8jxF9rh8ApRWfsIMQSt2uE4OcpQqbFu7f7NbTK05lx80nuSijCz7sc3a277R67g,"saya lupa pin akun gopay saya, tapi susah sekali buat login ke akun gopay padahal sudah menggunakan otp whatsapp",3,1,,2025-11-08 17:38:55+00:00,"Hai Kak Abyansyah, mohon maaf atas ketidaknyamanannya. Jika kamu lupa PIN saat login, kamu bisa pilih 'Coba cara lain' > pilih metode verifikasi OTP via Whatsapp/ OTP via SMS. Jika kamu memiliki pertanyaan atau kendala lainnya, silakan kunjungi menu Bantuan di aplikasi GoPay kamu. ^Miko",2025-11-08 19:27:37,,Dataset/dataset\GOPAY_googleplay_NOVEMBER_reviews.csv,login
9da4fb47-1056-4967-8c39-fdf9080be6df,Pengguna Google,https://play-lh.googleusercontent.com/EGemoI2NTXmTsBVtJqk8jxF9rh8ApRWfsIMQSt2uE4OcpQqbFu7f7NbTK05lx80nuSijCz7sc3a277R67g,login nya gimna njinggg salah terus .sampe terblokir,1,0,3.148.0,2025-12-04 13:52:09+00:00,,,3.148.0,Dataset/dataset\OVO_googleplay_DECEMBER_reviews.csv,login
fd2a75b3-eb63-4ce1-af1f-41d623afbe13,Pengguna Google,https://play-lh.googleusercontent.com/EGemoI2NTXmTsBVtJqk8jxF9rh8ApRWfsIMQSt2uE4OcpQqbFu7f7NbTK05lx80nuSijCz7sc3a277R67g,sudah apkne gak tau betapa minimum saldonya mau tf gagal terus gak ada pemberi tahunya seblom tf,1,0,3.2.0,2025-11-29 11:28:20+00:00,"Halo Sahabat @Rizal Azis, mohon maaf atas ketidaknyamanannya. Terkait kendala Sahabat mohon untuk dapat mengirimkan email ke mandiricare@bankmandiri.co.id atau menghubungi Mandiri Call 14000 lalu tekan 2 agar dapat dilakukan pengecekan. Tks~Ninis",2025-11-29 11:30:07,3.2.0,Dataset/dataset\LIVIN_googleplay_NOVEMBER_reviews.csv,transfer
0e67466a-b08d-4d5b-9891-0a3d03203854,Pengguna Google,https://play-lh.googleusercontent.com/EGemoI2NTXmTsBVtJqk8jxF9rh8ApRWfsIMQSt2uE4OcpQqbFu7f7NbTK05lx80nuSijCz7sc3a277R67g,ini gimana sih ngelewatin verivikasi wajah udah segala hal gue lakuin selaluu salah tolol banget sekarang nih aplikasi,1,0,1.64.1,2025-11-27 19:40:21+00:00,"Hai Kak Rama, mohon maaf atas ketidaknyamanannya. Pastikan kamu mengambil foto selfie dengan pencahayaan yang baik dan wajah terlihat jelas. Jika masih berkendala, silakan laporkan detailnya melalui email ke customerservice@gopay.co.id dan cantumkan kode psr-25-331-1434-09199 pada subjek email. ^Melisa",2025-11-27 21:34:16,1.64.1,Dataset/dataset\GOPAY_googleplay_NOVEMBER_reviews.csv,vermuk
6e9ef1f2-6060-4bef-9b66-20838235cd82,Pengguna Google,https://play-lh.googleusercontent.com/EGemoI2NTXmTsBVtJqk8jxF9rh8ApRWfsIMQSt2uE4OcpQqbFu7f7NbTK05lx80nuSijCz7sc3a277R67g,"aplikasi ini sangat membantu saya untuk transfer , bayar tagihan dll ...terima kasih gopay",5,0,1.60.0,2025-10-25 21:42:35+00:00,,,1.60.0,Dataset/dataset\GOPAY_googleplay_OCTOBER_reviews.csv,transfer
c12f03f3-64f6-4d38-9c0b-831130cf9bc9,Pengguna Google,https://play-lh.googleusercontent.com/EGemoI2NTXmTsBVtJqk8jxF9rh8ApRWfsIMQSt2uE4OcpQqbFu7f7NbTK05lx80nuSijCz7sc3a277R67g,bagus top up FF murah,5,0,,2025-11-19 14:38:29+00:00,,,,Dataset/dataset\GOPAY_googleplay_NOVEMBER_reviews.csv,topup
838782a4-e920-446d-8c59-1bfae8e02d5f,Pengguna Google,https://play-lh.googleusercontent.com/EGemoI2NTXmTsBVtJqk8jxF9rh8ApRWfsIMQSt2uE4OcpQqbFu7f7NbTK05lx80nuSijCz7sc3a277R67g,saya sudah TF uang dri dana ke gopay tp saldonya blm masuk ke gopay padahal transaksi nya sudah berhasil dri DANA,1,0,1.60.0,2025-10-20 13:59:03+00:00,"Hai Kak Ikky, pastikan nomor tujuan sudah benar, sudah cek halaman Riwayat, dan coba keluar dan masuk kembali ke aplikasi. Jika saldo masih belum masuk, silakan laporkan melalui menu Bantuan > ketik 'Top up GoPay saya belum masuk' > isi formulir dan cantumkan kode psr-25-293-0913-36905 pada bagian 'Ceritakan lebih lanjut'. ^Melisa",2025-10-20 16:13:43,1.60.0,Dataset/dataset\GOPAY_googleplay_OCTOBER_reviews.csv,transfer
3edac328-1a51-44d6-8081-6cc10b3865be,Pengguna Google,https://play-lh.googleusercontent.com/EGemoI2NTXmTsBVtJqk8jxF9rh8ApRWfsIMQSt2uE4OcpQqbFu7f7NbTK05lx80nuSijCz7sc3a277R67g,"aplikasi nya suka error giliran di tf di butuhkan cepat malah ga succes"" aku udah nunggu selama 1x25jan masih ttp ga masuk...ga rekomendasi deh poko nya",1,0,,2025-10-18 06:18:21+00:00,"Hi Kak Alan. Mohon maaf atas kendala transfer ShopeePay yang belum diterima. Kami siap membantu, terkait kendala tersebut mohon menghubungi kami melalui DM ke Instagram @ShopeePay_ID yang bercentang biru, dengan melampirkan bukti transfer yang terkendala untuk bantuan lebih lanjut. Semoga kendala kakak segera terselesaikan ya. ^CS",2025-10-20 13:45:54,,Dataset/dataset\SHOPEEPAY_googleplay_OCTOBER_reviews.csv,transfer
cd3989c7-1ccc-41fa-98c2-0330961ba22c,Pengguna Google,https://play-lh.googleusercontent.com/EGemoI2NTXmTsBVtJqk8jxF9rh8ApRWfsIMQSt2uE4OcpQqbFu7f7NbTK05lx80nuSijCz7sc3a277R67g,"sudah top up uang belum masuk udah hampir 12 jam, saya kasih bintang 1 jika sudah masuk saya kasih bintang 4",1,0,3.144.0,2025-10-07 16:02:04+00:00,,,3.144.0,Dataset/dataset\OVO_googleplay_OCTOBER_reviews.csv,topup
1da96571-08fc-4c7c-a4d7-b28697504f48,Pengguna Google,https://play-lh.googleusercontent.com/EGemoI2NTXmTsBVtJqk8jxF9rh8ApRWfsIMQSt2uE4OcpQqbFu7f7NbTK05lx80nuSijCz7sc3a277R67g,lebih murah kalo top up ff mau pun ML,5,0,1.62.0,2025-11-09 14:12:53+00:00,,,1.62.0,Dataset/dataset\GOPAY_googleplay_NOVEMBER_reviews.csv,topup
4b1b5da1-262b-4813-9a7a-f280466f6822,Pengguna Google,https://play-lh.googleusercontent.com/EGemoI2NTXmTsBVtJqk8jxF9rh8ApRWfsIMQSt2uE4OcpQqbFu7f7NbTK05lx80nuSijCz7sc3a277R67g,top up tidak masuk. di hub respon suruh nnggu. dan nggu. mungkin uang g seberapa. tpi bagi saya pelayanan nomor 1 2x 24 jam. ni sudah 3 hari blom masuk,2,0,1.60.0,2025-10-09 18:20:03+00:00,"Hai Kak Wulan, pastikan nomor tujuan sudah benar, sudah cek halaman Riwayat, dan coba keluar dan masuk kembali ke aplikasi. Jika saldo masih belum masuk, silakan laporkan melalui menu Bantuan > ketik 'Top up GoPay saya belum masuk' > isi formulir dan cantumkan kode psr-25-283-2335-45352 pada bagian 'Ceritakan lebih lanjut'. ^Maura",2025-10-10 06:35:49,1.60.0,Dataset/dataset\GOPAY_googleplay_OCTOBER_reviews.csv,topup
92f9309e-a8e4-40ea-b2d4-128e4fb1c17c,Pengguna Google,https://play-lh.googleusercontent.com/EGemoI2NTXmTsBVtJqk8jxF9rh8ApRWfsIMQSt2uE4OcpQqbFu7f7NbTK05lx80nuSijCz7sc3a277R67g,mohon kendala saya kenapa tidak bisah transaksi yaa untuk sekarang jam 08:22 pm tepatnya hari Rabu. saya coba transaksi pakai QR ngga bisah pakai transaksi lewat via transfer bank juga ngga bisah mohon di perbaiki dong Depe loper nya terimakasih🙏,3,2,3.144.0,2025-10-08 19:23:49+00:00,,,3.144.0,Dataset/dataset\OVO_googleplay_OCTOBER_reviews.csv,transfer
8ca0a7b7-4acc-4f70-bf1f-7eea1db41acc,Pengguna Google,https://play-lh.googleusercontent.com/EGemoI2NTXmTsBVtJqk8jxF9rh8ApRWfsIMQSt2uE4OcpQqbFu7f7NbTK05lx80nuSijCz7sc3a277R67g,Kenapa gak ada notifikasi untuk tekan 'YA' Saat mau login?,4,0,8.70.1,2025-12-14 21:29:24+00:00,"Halo, Jagoan. Mohon maaf atas kendala yang terjadi ya. Kamu tidak perlu khawatir, kamu bisa menjelaskan detail kendala tersebut melalui email di tanya@jago.com atau call center 1500 746 untuk kami bantu tangani lebih lanjut. Terima kasih :)",2025-12-14 22:05:34,8.70.1,Dataset/dataset\JAGO_googleplay_DECEMBER_reviews.csv,login
b547ec4b-0548-44e8-8e20-2ed54c4f95b5,Pengguna Google,https://play-lh.googleusercontent.com/EGemoI2NTXmTsBVtJqk8jxF9rh8ApRWfsIMQSt2uE4OcpQqbFu7f7NbTK05lx80nuSijCz7sc3a277R67g,saya top up 420rb dari BPD Bali. sampai detik ini tidak ada masuk dana top up saya. kemana larinya uang itu? kemana saya bisa tuntut ini?,1,0,,2025-12-01 19:20:10+00:00,,,,Dataset/dataset\OVO_googleplay_DECEMBER_reviews.csv,topup
6cfd4527-abec-4385-ac31-55b50934f9f6,Pengguna Google,https://play-lh.googleusercontent.com/EGemoI2NTXmTsBVtJqk8jxF9rh8ApRWfsIMQSt2uE4OcpQqbFu7f7NbTK05lx80nuSijCz7sc3a277R67g,"sekarang makin bnyak kena biaya potongan, top up aja sekarang ada biaya admin. biasanya engga, payment shopee pun kena biaya admin pdahal dishopee udh kena biaya tambahan klo pembayaran via mandiri. kek nya 2 bulan lalu masih aman. aneh banget setiap pembelian online shop selalu kena potongan. bayangin aja klo dalam sebulan kita belanja dishopee 100x kena berapa itu. tolong lah perbaiki sistemnya kek semula. jgn dikit dikit kena potongan. asli males banget pengen ganti rekening!!!",1,0,3.1.0,2025-12-09 07:02:19+00:00,"Halo Sahabat @Emal Lisiyani, mohon maaf atas ketidaknyamanannya. Terima kasih atas saran dan masukan yang diberikan, perihal tsb akan menjadi masukan bagi kami untuk pengembangan aplikasi kedepannya dan meningkatkan kualitas layanan Livin’ by Mandiri. Tks~Vika",2025-12-09 07:07:19,3.1.0,Dataset/dataset\LIVIN_googleplay_DECEMBER_reviews.csv,topup
7ee28df2-1664-409f-8df9-22b5d84bd067,Pengguna Google,https://play-lh.googleusercontent.com/EGemoI2NTXmTsBVtJqk8jxF9rh8ApRWfsIMQSt2uE4OcpQqbFu7f7NbTK05lx80nuSijCz7sc3a277R67g,"ovo ini selalu memberikan informasi yang hoak ,katanya yang melakukan transfer atau pembayaran akan mendapatkan cashback ovo poin,tidak ada bukti yang mendapatkan hadiah itu,semuanya yang d infokan dr ovo ini hoak,saya SDH bertahun tahun mengunakan ovo entah transfer pembayaran dll ,itu saya setiap bulan 4 kali transaksi bahkan lebih d setiap bulannya,saya tidak pernah yang namanya dapat cashback,.jadi hati² jangan terlalu tergiyur mendapatkan informasi atau pesan seperti itu.",1,0,3.148.0,2025-12-07 14:32:18+00:00,,,3.148.0,Dataset/dataset\OVO_googleplay_DECEMBER_reviews.csv,transfer
a2b8d244-3d74-42dc-aa62-bde68c457aba,Pengguna Google,https://play-lh.googleusercontent.com/EGemoI2NTXmTsBVtJqk8jxF9rh8ApRWfsIMQSt2uE4OcpQqbFu7f7NbTK05lx80nuSijCz7sc3a277R67g,"Saya transfer dari bank jago ke dana eror 1. Transfer ke dana metode top up ewallet muncul keterangan yg intinya 'saldo tidak mencukupi' , tetapi saldo lebih dari cukup 2. Kemudian menggunakan metode debit card digital , hasilnya: Di dana terbilang transaksi gagal , tetapi di bank jago tertulis berhasil. Saldo awal 20k Menggunakan metode no 2 jadi tersisa 15k padahal saya niat top up dana 20k , kemudian saya ulangi lagi metode no 2 jadi tersisa 10k padahal saya mau top up dana 20k . lapor OJK",1,0,,2025-12-29 22:25:46+00:00,"Halo, Jagoan. Mohon maaf atas kendala yang terjadi ya. Kamu tidak perlu khawatir, kamu bisa menjelaskan detail kendala tersebut melalui email di tanya@jago.com atau call center 1500 746 untuk kami bantu tangani lebih lanjut. Terima kasih :)",2025-12-29 23:30:39,,Dataset/dataset\JAGO_googleplay_DECEMBER_reviews.csv,topup
e76f79e7-d56c-4c65-9a73-7594f8a53667,Pengguna Google,https://play-lh.googleusercontent.com/EGemoI2NTXmTsBVtJqk8jxF9rh8ApRWfsIMQSt2uE4OcpQqbFu7f7NbTK05lx80nuSijCz7sc3a277R67g,"Masih bintang 1, selalu loading pas mau login. Padahal jaringan internet ngebut. Aplikasi sudah diupdate.",1,1,3.2.0,2025-11-24 08:02:36+00:00,"Hai Sahabat @Muhammad Amri Yusuf, mohon maaf atas ketidaknyamanannya. Perihal tsb kami sarankan Sahabat melakukan force close kemudian restart device, pastikan jaringan stabil dan tidak menggunakan WiFi. Apabila masih terkendala dapat mengirimkan email ke mandiricare@bankmandiri.co.id atau menghubungi mandiri call 14000. Tks~Vacilla",2025-11-24 08:09:05,3.2.0,Dataset/dataset\LIVIN_googleplay_NOVEMBER_reviews.csv,login
dc96bd23-e512-49af-b4b6-a41ccf93b335,Pengguna Google,https://play-lh.googleusercontent.com/EGemoI2NTXmTsBVtJqk8jxF9rh8ApRWfsIMQSt2uE4OcpQqbFu7f7NbTK05lx80nuSijCz7sc3a277R67g,"bagus kok tapi tranfer berbayar ngk kayak aplikasi sebelah TDK ada biaya transfer,coba TDK ada biaya transper buat seperti aplikasi sebelah bahkn lebih dari itu bikin pasti lebih banyak pengguna apalagi di adakan Epen bonus cek in harian itu n bonus"" berhadiah lain",5,0,,2025-11-09 19:47:47+00:00,,,,Dataset/dataset\OVO_googleplay_NOVEMBER_reviews.csv,transfer
6d2b2cc6-4f45-4e62-96db-58e384695e6c,Pengguna Google,https://play-lh.googleusercontent.com/EGemoI2NTXmTsBVtJqk8jxF9rh8ApRWfsIMQSt2uE4OcpQqbFu7f7NbTK05lx80nuSijCz7sc3a277R67g,aplikasi taai terlalu miskiin masa topup 10k aja di potong 2k biyaya admin mu terlalu miskin aplikasi ovo saran aja yg top up 50k ke bawah jangan ada potongan kasian bolo,1,0,3.147.0,2025-11-16 21:30:10+00:00,,,3.147.0,Dataset/dataset\OVO_googleplay_NOVEMBER_reviews.csv,topup
a7a68688-f0f2-48b2-aaa3-335b701d5b90,Pengguna Google,https://play-lh.googleusercontent.com/EGemoI2NTXmTsBVtJqk8jxF9rh8ApRWfsIMQSt2uE4OcpQqbFu7f7NbTK05lx80nuSijCz7sc3a277R67g,"topup potongan 1rb, transfer potongan 2.500, beli token listrik ada adminnya juga 50rb jadi 53.500, udh gitu jarang ada promo. apa ngga berkaca sama E-Wallet lainnya kali yaa yg sering ada promo potongan beli pulsa dan bebas biaya admin transfer ke bank manapun🥹 semoga ada perbaikan",1,17,3.150.0,2025-12-24 04:33:02+00:00,,,3.150.0,Dataset/dataset\OVO_googleplay_DECEMBER_reviews.csv,topup
bce2bf02-c8c4-446f-97e2-a138f2761cf1,Pengguna Google,https://play-lh.googleusercontent.com/EGemoI2NTXmTsBVtJqk8jxF9rh8ApRWfsIMQSt2uE4OcpQqbFu7f7NbTK05lx80nuSijCz7sc3a277R67g,kelebihan uang yang sudah di transfer ke shope.. dari totalitas belanja belum di kembalikan,1,1,1.40.06,2025-10-01 19:11:20+00:00,"Hi Kak Linda, Mohon maaf atas kendala kelebihan dana yang belum dikembalikan. Mohon menghubungi kami melalui DM ke Instagram @ShopeePay_ID yang bercentang biru, dengan melampirkan detail kendala dan tangkapan layar kendalanya untuk bantuan lebih lanjut. ^EN",2025-10-02 11:21:12,1.40.06,Dataset/dataset\SHOPEEPAY_googleplay_OCTOBER_reviews.csv,transfer
ffdedee1-b64e-4f39-8f2d-326953da080d,Pengguna Google,https://play-lh.googleusercontent.com/EGemoI2NTXmTsBVtJqk8jxF9rh8ApRWfsIMQSt2uE4OcpQqbFu7f7NbTK05lx80nuSijCz7sc3a277R67g,"updatean sampah !!!,,,, makin update bukannya mempermudah malah bikin aplikasi susah dibuka dan digunakan. bisa ga si bikin apk yg bagus,,,, payah. berbulan-bulan begini, untuk login aja setengah mati nunggunya. tutup rekening aja lah ganti ke bank sebelah, yg mbankingnya lebih lancar",1,16,3.1.0,2025-11-02 20:00:34+00:00,"Halo Sahabat @Birham Maulana, mohon maaf atas ketidaknyamanannya. Untuk perihal kendala yang dialami, mohon untuk dapat mengirimkan email ke mandiricare@bankmandiri.co.id atau dapat menghubungi layanan mandiri 14000 agar dapat dilakukan pengecekan. Tks~Adrina",2025-11-02 20:06:48,3.1.0,Dataset/dataset\LIVIN_googleplay_NOVEMBER_reviews.csv,login
73198939-f5be-4154-92be-837249b29aca,Pengguna Google,https://play-lh.googleusercontent.com/EGemoI2NTXmTsBVtJqk8jxF9rh8ApRWfsIMQSt2uE4OcpQqbFu7f7NbTK05lx80nuSijCz7sc3a277R67g,"Disaat lg butuh saldo, dan saya ke warung topup via dana tetapi saldo blm masuk, di riwayat transaksi warung tersebut sudah berhasil. udah lapor ke cs disuruh nunggu 2 hari. tolong lah proses kyk gini jgn di buat ribet sampai lama nunggu nya",5,2,1.61.2,2025-10-31 11:02:56+00:00,,,1.61.2,Dataset/dataset\GOPAY_googleplay_OCTOBER_reviews.csv,topup
15b31303-2d8c-4c8a-b846-5102c93500e1,Pengguna Google,https://play-lh.googleusercontent.com/EGemoI2NTXmTsBVtJqk8jxF9rh8ApRWfsIMQSt2uE4OcpQqbFu7f7NbTK05lx80nuSijCz7sc3a277R67g,jangan mau pake ovo. transfer ke bank ga instan kayak ewallet yang lain. udh gitu cs nya diem kayak patung. di email diem aja,1,0,,2025-10-03 09:38:18+00:00,,,,Dataset/dataset\OVO_googleplay_OCTOBER_reviews.csv,transfer
6adfbccf-9fab-45a1-aa67-76fec83cb6a1,Pengguna Google,https://play-lh.googleusercontent.com/EGemoI2NTXmTsBVtJqk8jxF9rh8ApRWfsIMQSt2uE4OcpQqbFu7f7NbTK05lx80nuSijCz7sc3a277R67g,"makin di update makin susah buat transaksi, kok bisa² nya mau top up, saldo ada eeh ga bisa dan dikata ada aktivitas mencurigakan, sekalinya lapor penanganan nunggu 3 hari",2,0,1.61.2,2025-10-26 08:12:57+00:00,"Hai Kak Amier, mohon maaf atas ketidaknyamanannya. Jika masih mengalami keluhan, silakan laporkan melalui email ke customerservice@gopay.co.id dengan melampirkan kode psr-25-299-0300-15580 pada subject email dan cantumkan nomor laporan sebelumnya serta ceritakan kembali detail permasalahannya. Kami tunggu detail laporan kamu ya. ^Miko",2025-10-26 10:00:44,1.61.2,Dataset/dataset\GOPAY_googleplay_OCTOBER_reviews.csv,topup
fb531305-3c85-4321-8b3f-87fe61994897,Pengguna Google,https://play-lh.googleusercontent.com/EGemoI2NTXmTsBVtJqk8jxF9rh8ApRWfsIMQSt2uE4OcpQqbFu7f7NbTK05lx80nuSijCz7sc3a277R67g,transfer pendingnya lama,3,0,,2025-10-10 20:14:56+00:00,,,,Dataset/dataset\OVO_googleplay_OCTOBER_reviews.csv,transfer
c137c504-985a-44dd-9255-384760872498,Pengguna Google,https://play-lh.googleusercontent.com/EGemoI2NTXmTsBVtJqk8jxF9rh8ApRWfsIMQSt2uE4OcpQqbFu7f7NbTK05lx80nuSijCz7sc3a277R67g,tolong dong sy sebagai driver merasa keberatan karna tiap ada penumpang transfer driver kena potongan padahal penumpang hanya bayar 10000 RB.kalo gitu merugikan .kelewatan ni afk.,1,0,,2025-12-29 10:01:08+00:00,,,,Dataset/dataset\OVO_googleplay_DECEMBER_reviews.csv,transfer
d2893c57-7e87-4d22-8244-22697cbe5ba5,Pengguna Google,https://play-lh.googleusercontent.com/EGemoI2NTXmTsBVtJqk8jxF9rh8ApRWfsIMQSt2uE4OcpQqbFu7f7NbTK05lx80nuSijCz7sc3a277R67g,akun tiba2 di blokir.baru saya top up saldo 300 ribu untuk isi saldo grab driver saya,1,0,3.131.0,2025-10-09 11:19:48+00:00,,,3.131.0,Dataset/dataset\OVO_googleplay_OCTOBER_reviews.csv,topup
ca2013d7-824c-4faa-95b9-d85ec6be5a33,Pengguna Google,https://play-lh.googleusercontent.com/EGemoI2NTXmTsBVtJqk8jxF9rh8ApRWfsIMQSt2uE4OcpQqbFu7f7NbTK05lx80nuSijCz7sc3a277R67g,cuman mau transfer harus upgrade ke gopay pluss aneh dan kurang bermanfaat.,1,0,1.60.0,2025-10-12 11:33:05+00:00,"Hai Kak Christian, mohon maaf atas ketidaknyamanannya. Dengan upgrade ke GoPay Plus, kamu bisa menikmati fitur tambahan yang mempermudah transaksi dan meningkatkan keamanan akunmu. Jika mengalami kendala saat proses upgrade, silakan kirim email ke customerservice@gopay.co.id dan cantumkan kode psr-25-285-0719-45663 di subject ya. ^Melisa",2025-10-12 14:19:54,1.60.0,Dataset/dataset\GOPAY_googleplay_OCTOBER_reviews.csv,transfer
27b757a8-e02a-48e4-9b18-abc05b3e6a77,Pengguna Google,https://play-lh.googleusercontent.com/EGemoI2NTXmTsBVtJqk8jxF9rh8ApRWfsIMQSt2uE4OcpQqbFu7f7NbTK05lx80nuSijCz7sc3a277R67g,top up dana ke Gopay belum masuk,1,0,1.62.0,2025-11-14 07:59:15+00:00,"Hai Kak Arif, pastikan nomor tujuan sudah benar, sudah cek halaman Riwayat, dan coba keluar dan masuk kembali ke aplikasi. Jika saldo masih belum masuk, silakan laporkan melalui menu Bantuan > ketik 'Top up GoPay saya belum masuk' > isi formulir dan cantumkan kode psr-25-318-0739-06544 pada bagian 'Ceritakan lebih lanjut'. ^Miko",2025-11-14 14:39:19,1.62.0,Dataset/dataset\GOPAY_googleplay_NOVEMBER_reviews.csv,topup
b7e401bd-1aca-4cb0-bff7-895dd1efb6f2,Pengguna Google,https://play-lh.googleusercontent.com/EGemoI2NTXmTsBVtJqk8jxF9rh8ApRWfsIMQSt2uE4OcpQqbFu7f7NbTK05lx80nuSijCz7sc3a277R67g,tolong dong kenapa ovo seperti ini saya tf tapi saldonya tidak masuk tapi saldo saya sudah kosong tolong dong direfund,1,0,3.149.0,2025-12-17 12:09:51+00:00,,,3.149.0,Dataset/dataset\OVO_googleplay_DECEMBER_reviews.csv,transfer
1f7d4daf-8a43-4913-93b9-a02b9c5d5706,Pengguna Google,https://play-lh.googleusercontent.com/EGemoI2NTXmTsBVtJqk8jxF9rh8ApRWfsIMQSt2uE4OcpQqbFu7f7NbTK05lx80nuSijCz7sc3a277R67g,"saya top up di hari Kamis pada tanggal 27/11/2025 seharga rp85.000 di warung dan transaksi sukses, tetapi tidak masuk saldo yang saya beli walaupun sudah transaksi sukses dan tidak ada kesalahan selama transaksi juga sudah memasukan nomor yang benar, saya harus menunggu 48 jam kedepan ( 2 hari ) setelah 2 hari pada hari sabtu tanggal 29/11/2025 jam 5.00 lebih, dan belum masuk walaupun saya sudah melaporkannya di chat (laporan : saldo belum masuk/tidak masuk) dan di chat itu belum ada chat lanjut",1,0,,2025-11-29 05:31:22+00:00,"Hai Kak @Gojo, mohon maaf atas ketidaknyamanannya. Jika masih mengalami keluhan, silakan laporkan melalui email ke customerservice@gopay.co.id dengan melampirkan kode psr-25-333-0135-24850 pada subject email dan cantumkan nomor laporan sebelumnya serta ceritakan kembali detail permasalahannya. Kami tunggu detail laporan kamu ya. ^Miko",2025-11-29 08:35:40,,Dataset/dataset\GOPAY_googleplay_NOVEMBER_reviews.csv,topup
8ed9a047-128b-4d70-85ae-b9353197cbec,Pengguna Google,https://play-lh.googleusercontent.com/EGemoI2NTXmTsBVtJqk8jxF9rh8ApRWfsIMQSt2uE4OcpQqbFu7f7NbTK05lx80nuSijCz7sc3a277R67g,ngirim dari luar negeri ke bank jago kok gk bisa bisa sih error terus duh tolong perbaiki lah jadi susah kalau mau transfer ke indo,4,0,8.72.0,2025-11-28 22:15:55+00:00,"Halo, Jagoan! Mohon maaf apabila terdapat fitur atau layanan Jago yang belum sesuai harapan kamu. Kamu bisa menghubungi Tanya Jago di nomor 1500746 / 021-30000746 atau e-mail ke tanya@jago.com untuk kami bantu cek kendalanya lebih lanjut ya. Agent kami dengan senang hati membantu kamu.",2025-11-28 23:26:23,8.72.0,Dataset/dataset\JAGO_googleplay_NOVEMBER_reviews.csv,transfer
0e19bf89-42d0-448c-a5ad-5e9dfaa94d03,Pengguna Google,https://play-lh.googleusercontent.com/EGemoI2NTXmTsBVtJqk8jxF9rh8ApRWfsIMQSt2uE4OcpQqbFu7f7NbTK05lx80nuSijCz7sc3a277R67g,Ktp sudhdi gunakan akun lain bisa di login ke akun lain ga,1,0,1.60.0,2025-10-07 03:32:14+00:00,"Hai Kak Ega, kami informasikan untuk kartu identitas (eKTP atau Paspor) yang didaftarkan hanya bisa digunakan untuk 1 (satu) akun, ya. Sehingga tidak dapat digunakan untuk akun lainnya. Semoga informasinya membantu. Terima kasih ^Maura",2025-10-07 07:16:33,1.60.0,Dataset/dataset\GOPAY_googleplay_OCTOBER_reviews.csv,login
53503ab6-4154-4c04-9ab8-2abd7acd8ed3,Pengguna Google,https://play-lh.googleusercontent.com/EGemoI2NTXmTsBVtJqk8jxF9rh8ApRWfsIMQSt2uE4OcpQqbFu7f7NbTK05lx80nuSijCz7sc3a277R67g,transfer uang cepat,5,0,1.62.0,2025-11-14 22:49:17+00:00,,,1.62.0,Dataset/dataset\GOPAY_googleplay_NOVEMBER_reviews.csv,transfer
522efcd7-3a2b-4545-8a5f-a85cd1e8f477,Pengguna Google,https://play-lh.googleusercontent.com/EGemoI2NTXmTsBVtJqk8jxF9rh8ApRWfsIMQSt2uE4OcpQqbFu7f7NbTK05lx80nuSijCz7sc3a277R67g,mau transfer aja susah dan juga aplikasi lain ada promo tanpa biaya dmin,1,0,3.147.0,2025-11-23 00:36:09+00:00,,,3.147.0,Dataset/dataset\OVO_googleplay_NOVEMBER_reviews.csv,transfer
62a7a39c-29df-4561-bbdd-48d0a12d6da6,Pengguna Google,https://play-lh.googleusercontent.com/EGemoI2NTXmTsBVtJqk8jxF9rh8ApRWfsIMQSt2uE4OcpQqbFu7f7NbTK05lx80nuSijCz7sc3a277R67g,top up app 2x tertulis udah selesai nyata nya belum masuk🤬 mendingan dana,1,1,,2025-10-10 15:33:31+00:00,"Hai Kak Edi, pastikan nomor tujuan sudah benar, sudah cek halaman Riwayat, dan coba keluar dan masuk kembali ke aplikasi. Jika saldo masih belum masuk, silakan laporkan melalui menu Bantuan > ketik 'Top up GoPay saya belum masuk' > isi formulir dan cantumkan kode psr-25-283-1404-32465 pada bagian 'Ceritakan lebih lanjut'. ^Miko",2025-10-10 21:04:46,,Dataset/dataset\GOPAY_googleplay_OCTOBER_reviews.csv,topup
6a57725f-4103-460a-90db-5b76b7729772,Pengguna Google,https://play-lh.googleusercontent.com/EGemoI2NTXmTsBVtJqk8jxF9rh8ApRWfsIMQSt2uE4OcpQqbFu7f7NbTK05lx80nuSijCz7sc3a277R67g,shopeepay emang bener2 thebest gratis transfer transaksi aman mudah dan cepat,5,0,1.44.05,2025-12-14 17:26:29+00:00,"Hi Kak. Terima kasih telah menggunakan ShopeePay. Mari cek aplikasi ShopeePay karena banyak fitur yang mempermudah keseharian kakak seperti pembelian pulsa, paket data, pembayaran tagihan listrik dan pembayaran lainnya. Jika kakak memiliki pertanyaan seputar ShopeePay, mohon DM kami di Instagram @ShopeePay_ID ya. Semoga harimu menyenangkan ^RJ",2025-12-15 10:03:45,1.44.05,Dataset/dataset\SHOPEEPAY_googleplay_DECEMBER_reviews.csv,transfer
f9125ae2-4b5d-427b-9344-27f3f743a8ca,Pengguna Google,https://play-lh.googleusercontent.com/EGemoI2NTXmTsBVtJqk8jxF9rh8ApRWfsIMQSt2uE4OcpQqbFu7f7NbTK05lx80nuSijCz7sc3a277R67g,Apk nya bagus bisa top up gratis dan 100% uang kembali jadi gk rugi dan dapet uang gratis dari gopay,5,0,,2025-11-17 17:30:02+00:00,,,,Dataset/dataset\GOPAY_googleplay_NOVEMBER_reviews.csv,topup
4bdc9c28-7f7b-448c-afdc-c6e1198a12a0,Pengguna Google,https://play-lh.googleusercontent.com/EGemoI2NTXmTsBVtJqk8jxF9rh8ApRWfsIMQSt2uE4OcpQqbFu7f7NbTK05lx80nuSijCz7sc3a277R67g,"Di aplikasi tertera jelas gratis top up 20 x via M banking, namun di top ke 6 melalui M Banking sudah tergolong biaya admin dan di aplikasi jelas masih sisa 16 kuota gratis admim untuk top up shopeepay",5,7,1.40.06,2025-10-01 00:31:11+00:00,"Hi Kak Bernard. Mohon maaf terkait biaya admin top up ShopeePay. Untuk gratis biaya admin top up ShopeePay memiliki syarat & ketentuan sesuai link ini https://shopee.co.id/m/isi-saldo-shopeepay-gratis. Jika masih terkendala, silakan hubungi kami melalui DM ke Instagram @ShopeePay_ID dengan melampirkan bukti top up yang terpotong biaya admin. ^EN",2025-09-23 11:41:57,1.40.06,Dataset/dataset\SHOPEEPAY_googleplay_OCTOBER_reviews.csv,topup
2b864cc2-0bad-49ff-ba39-a8cab4e9b394,Pengguna Google,https://play-lh.googleusercontent.com/EGemoI2NTXmTsBVtJqk8jxF9rh8ApRWfsIMQSt2uE4OcpQqbFu7f7NbTK05lx80nuSijCz7sc3a277R67g,gopay gajelas lo gua login gabisa bisa,1,0,1.64.0,2025-11-23 20:01:41+00:00,"Hai Kak Muhammad, mohon maaf atas kendala yang kamu alami. Sebelum login, pastikan kamu sudah pakai GoPay versi terbaru & tidak ada kendala pada akun kamu, ya. Jika masih tidak bisa login, laporkan ke kami melalui email ke customerservice@gopay.co.id dan mencantumkan kode psr-25-327-1308-04312 pada subjek email. ^Maura",2025-11-23 20:08:14,1.64.0,Dataset/dataset\GOPAY_googleplay_NOVEMBER_reviews.csv,login
fa44067a-9238-40a9-b2b1-b319036bd941,Pengguna Google,https://play-lh.googleusercontent.com/EGemoI2NTXmTsBVtJqk8jxF9rh8ApRWfsIMQSt2uE4OcpQqbFu7f7NbTK05lx80nuSijCz7sc3a277R67g,"sy kecewa dgn ovo sy tf uang ke anak saya,unang terkirim tp di rekening anak sy ngk masuk",1,0,,2025-12-19 20:39:06+00:00,,,,Dataset/dataset\OVO_googleplay_DECEMBER_reviews.csv,transfer
b78ba9aa-6fd7-4285-b966-4da104a80544,Pengguna Google,https://play-lh.googleusercontent.com/EGemoI2NTXmTsBVtJqk8jxF9rh8ApRWfsIMQSt2uE4OcpQqbFu7f7NbTK05lx80nuSijCz7sc3a277R67g,tidak ada pilihan login padahal sudah pernah daftar..masa di suruh buka rekening baru,1,0,3.1.0,2025-11-10 21:50:21+00:00,"Halo Sahabat @Hafiz Mujahid Mustafa, mohon maaf atas ketidaknyamannya. Perihal kendala pada layanan Livin' by Mandiri, mohon untuk dapat mengirimkan email ke mandiricare@bankmandiri.co.id atau dapat menghubungi layanan mandiri 14000 agar dapat dilakukan pengecekan. Tks~Kale",2025-11-10 22:16:25,3.1.0,Dataset/dataset\LIVIN_googleplay_NOVEMBER_reviews.csv,login
e6335999-2250-41c2-acb9-3b1719f35af1,Pengguna Google,https://play-lh.googleusercontent.com/EGemoI2NTXmTsBVtJqk8jxF9rh8ApRWfsIMQSt2uE4OcpQqbFu7f7NbTK05lx80nuSijCz7sc3a277R67g,gak bisa transfer ke bank. ada gangguan di sistem tapi ngakunya baik-baik aja 😡,1,0,1.64.1,2025-11-27 01:59:59+00:00,,,1.64.1,Dataset/dataset\GOPAY_googleplay_NOVEMBER_reviews.csv,transfer
0207e7df-211e-4eab-a81e-204fdc212e23,Pengguna Google,https://play-lh.googleusercontent.com/EGemoI2NTXmTsBVtJqk8jxF9rh8ApRWfsIMQSt2uE4OcpQqbFu7f7NbTK05lx80nuSijCz7sc3a277R67g,tidak bisa di claim login harianya,1,0,,2025-10-28 19:39:09+00:00,"Hi Kak Faris. Mohon maaf mengenai kendala tidak bisa klaim cek-in harian. Untuk pengecekan, mohon hubungi kami melalui DM ke Instagram @ShopeePay_ID dengan menginformasikan detail dan bukti kendala untuk bantuan lebih lanjut. Semoga kendala kakak segera terselesaikan ya. ^CS",2025-10-29 10:37:47,,Dataset/dataset\SHOPEEPAY_googleplay_OCTOBER_reviews.csv,login
e9e93a30-2187-4bec-b0e9-a40f75509c23,Pengguna Google,https://play-lh.googleusercontent.com/EGemoI2NTXmTsBVtJqk8jxF9rh8ApRWfsIMQSt2uE4OcpQqbFu7f7NbTK05lx80nuSijCz7sc3a277R67g,top up kelamaan,2,0,,2025-10-09 09:58:13+00:00,"Hai Kak Dwi, pastikan nomor tujuan sudah benar, sudah cek halaman Riwayat, dan coba keluar dan masuk kembali ke aplikasi. Jika saldo masih belum masuk, silakan laporkan melalui menu Bantuan > ketik 'Top up GoPay saya belum masuk' > isi formulir dan cantumkan kode psr-25-282-1437-54441 pada bagian 'Ceritakan lebih lanjut'. ^Melisa",2025-10-09 21:38:06,,Dataset/dataset\GOPAY_googleplay_OCTOBER_reviews.csv,topup
9302b972-4811-4127-8843-cf80a6c8fa32,Pengguna Google,https://play-lh.googleusercontent.com/EGemoI2NTXmTsBVtJqk8jxF9rh8ApRWfsIMQSt2uE4OcpQqbFu7f7NbTK05lx80nuSijCz7sc3a277R67g,gimn cara top up nya ketika saya top up roblox tidak bisaa,4,0,,2025-11-03 12:43:00+00:00,,,,Dataset/dataset\GOPAY_googleplay_NOVEMBER_reviews.csv,topup
8d5a5965-5a8c-450e-be18-e94addbbc9fd,Pengguna Google,https://play-lh.googleusercontent.com/EGemoI2NTXmTsBVtJqk8jxF9rh8ApRWfsIMQSt2uE4OcpQqbFu7f7NbTK05lx80nuSijCz7sc3a277R67g,"lah kok tiba2 akun saya ke logout sendiri , pas mau login lagi kaya daftar baru lagi. masukan pin , pinnya udh bener ngirim otp ke wa , eh malah salah mulu masukin pinnya. ujung2nya ovo saya ke blokir. !!!! baru kali ini ngalamin kaya gini di ovo. tolong balas !!!",1,3,3.144.0,2025-10-06 23:38:59+00:00,,,3.144.0,Dataset/dataset\OVO_googleplay_OCTOBER_reviews.csv,login
a99bec57-5251-4559-9fd8-8bbb02de5e4e,Pengguna Google,https://play-lh.googleusercontent.com/EGemoI2NTXmTsBVtJqk8jxF9rh8ApRWfsIMQSt2uE4OcpQqbFu7f7NbTK05lx80nuSijCz7sc3a277R67g,ini aplikasi qo aneh banget ya login qo ga bisa,1,0,,2025-11-19 18:32:14+00:00,"Halo, Jagoan. Mohon maaf atas kendala yang terjadi ya. Kamu tidak perlu khawatir, kamu bisa menjelaskan detail kendala tersebut melalui email di tanya@jago.com atau call center 1500 746 untuk kami bantu tangani lebih lanjut. Terima kasih🙂",2025-11-19 19:14:23,,Dataset/dataset\JAGO_googleplay_NOVEMBER_reviews.csv,login
c240b8a9-8843-46ff-963e-3ed434f5bfcb,Pengguna Google,https://play-lh.googleusercontent.com/EGemoI2NTXmTsBVtJqk8jxF9rh8ApRWfsIMQSt2uE4OcpQqbFu7f7NbTK05lx80nuSijCz7sc3a277R67g,"tolong aplikasiny di buat lebih smooth dan responsif, ui-uxny terlalu berat, loadingnya terlalu lama. di menu e-wallet ketika mau top up DANA, setelah kita masukkan nomor tujuan tidak muncul nama rekening DANAny (nama alias akun rekening) tolong ditambahkan nama pemilik akun rekeningnya",2,1,2.7.20,2025-12-29 23:57:27+00:00,"Hai, Kak Aldi. Maaf atas ketidaknyamanannya. Terima kasih atas saran dan masukan yang diberikan, kami akan selalu memperbaiki sistem demi mencapai kepuasan para pengguna aplikasi blu. Terkait kendala tersebut pastikan Kakak menggunakan aplikasi blu versi terbaru dan jaringan internet lancar dan stabil serta tidak menggunakan jaringan WiFi.",2025-12-30 00:07:26,2.7.20,Dataset/dataset\BLU_googleplay_DECEMBER_reviews.csv,topup
75006cdc-70ce-4cbf-94d2-2f7e9daa0eda,Pengguna Google,https://play-lh.googleusercontent.com/EGemoI2NTXmTsBVtJqk8jxF9rh8ApRWfsIMQSt2uE4OcpQqbFu7f7NbTK05lx80nuSijCz7sc3a277R67g,ga ada tombol login blok,1,0,3.150.0,2025-12-25 22:25:48+00:00,,,3.150.0,Dataset/dataset\OVO_googleplay_DECEMBER_reviews.csv,login
046b1d1f-4ffd-4e05-b18b-378a6456033f,Pengguna Google,https://play-lh.googleusercontent.com/EGemoI2NTXmTsBVtJqk8jxF9rh8ApRWfsIMQSt2uE4OcpQqbFu7f7NbTK05lx80nuSijCz7sc3a277R67g,"jelek bgt aplikasi ini lelet bgt mana uang udh ke transfer banyak di situ, mau makan aja susah bener beli pakek aplikasi ini",1,2,3.145.0,2025-10-23 19:59:54+00:00,,,3.145.0,Dataset/dataset\OVO_googleplay_OCTOBER_reviews.csv,transfer
a8a5156d-1fd7-4571-8a23-d268494f9240,Pengguna Google,https://play-lh.googleusercontent.com/EGemoI2NTXmTsBVtJqk8jxF9rh8ApRWfsIMQSt2uE4OcpQqbFu7f7NbTK05lx80nuSijCz7sc3a277R67g,apk nya bagus tapi ada kendala di pembelian top up suka ngbug gk jelas jadi tolong di perbaiki,1,1,1.62.0,2025-11-17 09:30:57+00:00,"Hai Kak @Casper, mohon maaf atas ketidaknyamanannya. Terkait hal tersebut, silakan laporkan melalui email ke customerservice@gopay.co.id dengan melampirkan kode psr-25-321-0244-08400 pada subject email dan ceritakan kembali detail permasalahannya agar tim kami bisa bantu cek lebih lanjut ya. ^Melisa",2025-11-17 09:44:15,1.62.0,Dataset/dataset\GOPAY_googleplay_NOVEMBER_reviews.csv,topup
2e91b3fc-51ec-4308-a75b-4e091c42c6c0,Pengguna Google,https://play-lh.googleusercontent.com/EGemoI2NTXmTsBVtJqk8jxF9rh8ApRWfsIMQSt2uE4OcpQqbFu7f7NbTK05lx80nuSijCz7sc3a277R67g,tidak bisa login keterangan LAYANAN TIDAK TERSEDIA UNTUK SEMENTARA,1,0,,2025-11-10 18:08:18+00:00,"Halo Sahabat @Bby Queen, mohon maaf atas ketidaknyamannya. Perihal kendala pada layanan Livin' by Mandiri, mohon untuk dapat mengirimkan email ke mandiricare@bankmandiri.co.id atau dapat menghubungi layanan mandiri 14000 agar dapat dilakukan pengecekan. Tks~Syarif",2025-11-10 18:12:58,,Dataset/dataset\LIVIN_googleplay_NOVEMBER_reviews.csv,login
b734e7d9-ad8e-4b95-8be7-c333cf9e35e1,Pengguna Google,https://play-lh.googleusercontent.com/EGemoI2NTXmTsBVtJqk8jxF9rh8ApRWfsIMQSt2uE4OcpQqbFu7f7NbTK05lx80nuSijCz7sc3a277R67g,"nyesel si pake ni e wallet. setiap transaksi ad admin nya jir. cum. tf aja admin nya 2.500, yg paling gedeg adalah nerima tf an dari bank kesedot 1000 jir. jadi yg awalnya pas buat transaksi jadi kurang. harus di tambbahin lagi. pas dh di tambahin di potong 1000 lagi. ah males ah gw pindak e wallet lain aja",1,2,3.109.0,2025-12-10 06:44:02+00:00,"Hai Kak, mohon maaf atas kendala yang dialami, Terkait kendala Kakak bisa menghubungi tim kami melalui chat bantuan di aplikasi, melalui email di cs@ovo.id atau call center di 1500-696. Terima kasih. -Jaka
",6/4/2024 22:07,3.109.0,Dataset/dataset\OVO_googleplay_DECEMBER_reviews.csv,transfer
d90530a3-005c-4547-b3f0-aed5e508bdea,Pengguna Google,https://play-lh.googleusercontent.com/EGemoI2NTXmTsBVtJqk8jxF9rh8ApRWfsIMQSt2uE4OcpQqbFu7f7NbTK05lx80nuSijCz7sc3a277R67g,udah di update masih aja g bisa qris,1,0,,2025-11-10 10:57:49+00:00,,,,Dataset/dataset\OVO_googleplay_NOVEMBER_reviews.csv,qris
4500d04c-d81f-4756-99ab-14f08ea9bf50,Pengguna Google,https://play-lh.googleusercontent.com/EGemoI2NTXmTsBVtJqk8jxF9rh8ApRWfsIMQSt2uE4OcpQqbFu7f7NbTK05lx80nuSijCz7sc3a277R67g,Percuma di dowload gabisa melakukan pembayaran QRIS pake paylater,1,0,1.45.09,2025-12-27 15:01:02+00:00,"Hi Kak Rachman Suryo. Mohon maaf mengenai tidak dapat melakukan pembayaran QRIS dengan SPayLater. Saat ini pembayarn QRIS dapat dilakukan menggunakan ShopeePay dan SPayLater ya. Jika Kakak mengalami kendala, Kakak dapat menghubungi kami melalui DM ke Instagram @ShopeePay_ID yang bercentang biru untuk bantuan lebih lanjut. ^AS",2025-12-29 11:49:25,1.45.09,Dataset/dataset\SHOPEEPAY_googleplay_DECEMBER_reviews.csv,qris
70d2096d-e01c-4efd-9c37-3ee55939a2a0,Pengguna Google,https://play-lh.googleusercontent.com/EGemoI2NTXmTsBVtJqk8jxF9rh8ApRWfsIMQSt2uE4OcpQqbFu7f7NbTK05lx80nuSijCz7sc3a277R67g,"Saya kecewa saat saya ingin top up tapi tertulis ""ada aktivitas mencurigakan"" yg jelas-jelas saya gapernah transaksi ke pihak ketiga atau transaksi lainnya, memang gajelas ini gopay lama-lama makin mirip sama dana tapi lebih parah gopay saya ga mau transaksi kesini lgi dah soalnya udh ga berfungsi, perbaiki aplikasi mu",1,3,1.60.0,2025-11-01 13:15:41+00:00,"Mohon maaf, Kak Gara. Terkait laporanmu, pastikan sinyal internetmu stabil, aktifkan 'App Permission'/'Izinkan Aplikasi', lalu logout kemudian login kembali. Untuk kendala login lainnya, silakan mengakses halaman bantuan login pada aplikasi GoPay.^Maura",2025-05-26 11:47:22,1.60.0,Dataset/dataset\GOPAY_googleplay_NOVEMBER_reviews.csv,topup
972282c0-e58b-4167-be2e-1503d2387a83,Pengguna Google,https://play-lh.googleusercontent.com/EGemoI2NTXmTsBVtJqk8jxF9rh8ApRWfsIMQSt2uE4OcpQqbFu7f7NbTK05lx80nuSijCz7sc3a277R67g,sekarang fiturnya sedikit lemot ditambah top up e-wallet sekarang ada adminnya yah dulu selalu bebas top-up semenjak ada adminnya jadi ganti ke yang lain,2,0,3.1.0,2025-11-01 01:27:51+00:00,"Halo Sahabat @Sri Wahyuni, mohon maaf atas ketidaknyamanannya. Terimakasih atas saran dan masukan yang diberikan, perihal tsb akan menjadi masukan bagi kami untuk pengembangan aplikasi kedepannya dan meningkatkan kualitas layanan Livin' by Mandiri. Tks~Charles",2025-11-01 01:33:16,3.1.0,Dataset/dataset\LIVIN_googleplay_NOVEMBER_reviews.csv,topup
7b263044-4a28-4483-bcb1-c189ed588c9e,Pengguna Google,https://play-lh.googleusercontent.com/EGemoI2NTXmTsBVtJqk8jxF9rh8ApRWfsIMQSt2uE4OcpQqbFu7f7NbTK05lx80nuSijCz7sc3a277R67g,topup game murah 😆,5,0,1.59.0,2025-10-02 20:28:34+00:00,,,1.59.0,Dataset/dataset\GOPAY_googleplay_OCTOBER_reviews.csv,topup
bc065928-ae35-4cc1-930c-4e7d166a3430,Pengguna Google,https://play-lh.googleusercontent.com/EGemoI2NTXmTsBVtJqk8jxF9rh8ApRWfsIMQSt2uE4OcpQqbFu7f7NbTK05lx80nuSijCz7sc3a277R67g,memudahkan proses pembayaran. transfer kemana saja gratis,5,0,,2025-11-09 14:25:28+00:00,,,,Dataset/dataset\GOPAY_googleplay_NOVEMBER_reviews.csv,transfer
a66c2f1d-dc06-4071-a4db-d4640d645ca6,Pengguna Google,https://play-lh.googleusercontent.com/EGemoI2NTXmTsBVtJqk8jxF9rh8ApRWfsIMQSt2uE4OcpQqbFu7f7NbTK05lx80nuSijCz7sc3a277R67g,"Untuk pemberitahuan limit pemakaian tdk jelas dan saat mau transfer ke bank lain selalu gagal..dgn statement.""sabar tunggu beberapa saat""aplikasi sdh mulai meragukan..saldo di aplikasi ovo gk bisa di pindahkan ke bank lain...bikin penasaran..pdhl saldo cukup untuk transaksi..sekali lagi qrist nya juga mulai bermasalah..di cek akun anda di kunci...knp..bbrp kali di perbaharui ttap sama...",1,0,,2025-12-22 10:46:31+00:00,,,,Dataset/dataset\OVO_googleplay_DECEMBER_reviews.csv,transfer
4c2d7293-180e-4aa4-a4d5-f5c2c5bbaf8f,Pengguna Google,https://play-lh.googleusercontent.com/EGemoI2NTXmTsBVtJqk8jxF9rh8ApRWfsIMQSt2uE4OcpQqbFu7f7NbTK05lx80nuSijCz7sc3a277R67g,"dibuka gabisa dibuat login juga gabisa nunggu terus mana ada uangnya disana, HADEHHHHH",1,0,2.5.0,2025-11-17 12:27:54+00:00,"Hai Kak Bim Abimm, mohon maaf atas ketidaknyamanan dan kendala yang Kakak alami. Terkait kendala tersebut masih dalam penanganan oleh pihak terkait kami, kami saranin Kakak dapat mencoba secara berkala ya.",2025-11-17 12:50:21,2.5.0,Dataset/dataset\BLU_googleplay_NOVEMBER_reviews.csv,login
a2191ef4-77e0-4f4b-963b-da4c6e9c4c64,Pengguna Google,https://play-lh.googleusercontent.com/EGemoI2NTXmTsBVtJqk8jxF9rh8ApRWfsIMQSt2uE4OcpQqbFu7f7NbTK05lx80nuSijCz7sc3a277R67g,saya membuat ATM lewat online tidak ke kantor.. baru beberapa hari pemakaian sudah dipersulit buat login ulang.. menyebalkan. sudah menghubungi smpai pulsa habis 35rb buat tlp tetep aja gak bsa mengatasi. ni aplikasi kenape dah,1,4,3.2.0,2025-11-24 15:10:10+00:00,"alo Sahabat @Dya Tun, mohon maaf atas ketidaknyamanannya. Untuk perihal kendala yang dialami, mohon untuk dapat mengirimkan email ke mandiricare@bankmandiri.co.id atau dapat menghubungi layanan mandiri 14000 agar dapat dilakukan pengecekan. Tks~Raka",2025-11-24 15:13:47,3.2.0,Dataset/dataset\LIVIN_googleplay_NOVEMBER_reviews.csv,login
8d822227-3ce3-4ae8-9e91-7a8ab26109d3,Pengguna Google,https://play-lh.googleusercontent.com/EGemoI2NTXmTsBVtJqk8jxF9rh8ApRWfsIMQSt2uE4OcpQqbFu7f7NbTK05lx80nuSijCz7sc3a277R67g,tolong bantuanya admin saya top up gopay solda gak masuk ke akun gopay BENTAR berjumlah Rp.320.000..,5,0,1.60.0,2025-10-16 18:07:29+00:00,,,1.60.0,Dataset/dataset\GOPAY_googleplay_OCTOBER_reviews.csv,topup
09bd38bf-ac17-4b38-ba13-94b7853faf62,Pengguna Google,https://play-lh.googleusercontent.com/EGemoI2NTXmTsBVtJqk8jxF9rh8ApRWfsIMQSt2uE4OcpQqbFu7f7NbTK05lx80nuSijCz7sc3a277R67g,"pakai gopay makin senang dengan banyak promo harga murah seperti beli pulsa,saya beli pulsa M3 75 k cuma bayar 60 ,semoga kedepan sering promo harga murah nya buat pulsa dan kebutuhan lain nya semoga gopay makin bagus pelayanan nya,aplikasi berguna banget untuk top up apalagi banyak diskon bah auto download gak sih gak pake lama ,di awal bisa buat top up diamond 50 diamon cepetan hanya seribu dapat dari awal masuk..",5,7,1.59.0,2025-10-05 15:49:48+00:00,,,1.59.0,Dataset/dataset\GOPAY_googleplay_OCTOBER_reviews.csv,topup
b6c75ea8-87d3-4008-a98b-49cad896f7b2,Pengguna Google,https://play-lh.googleusercontent.com/EGemoI2NTXmTsBVtJqk8jxF9rh8ApRWfsIMQSt2uE4OcpQqbFu7f7NbTK05lx80nuSijCz7sc3a277R67g,klu ada topup jangan potong admin gede² donk,5,0,1.61.2,2025-10-27 10:36:52+00:00,,,1.61.2,Dataset/dataset\GOPAY_googleplay_OCTOBER_reviews.csv,topup
a3b09361-1c6a-4242-a4fb-74999c51e831,Pengguna Google,https://play-lh.googleusercontent.com/EGemoI2NTXmTsBVtJqk8jxF9rh8ApRWfsIMQSt2uE4OcpQqbFu7f7NbTK05lx80nuSijCz7sc3a277R67g,"Saran ya,saya udah daftar pakai pembayaran QRIS. Tolong dong jangan menunggu 24 jam untuk mencairkan uangnya, nggak semua toko buka 24 jam,uang itu juga di butuhkan sekarang atau hari ini juga waktu toko sudah tutup, jangan menunggu besok untuk mencairkan uangnya. dan 1 lagi, waktu jam 12 malam, uang hasil hari ini, hilang beberapa jam,... ke dua,kalo uang mau di cairkan, harus ada pilihan pencairan,misal pendapatan hari ini 535.000,mau di cairkan 500k, jangan semua di cairkan,biar nggak ganjil",4,7,1.42.03,2025-11-07 23:11:40+00:00,"Hi Kak Ali, Mohon maaf atas ketidaknyamanannya terkait pencairan dana Merchant. Terkait kendala tersebut mohon menghubungi kami melalui DM ke Instagram @ShopeePay_ID yang bercentang biru untuk bantuan lebih lanjut. Semoga kendala kakak segera terselesaikan ya. ^CS",2025-11-10 15:53:19,1.42.03,Dataset/dataset\SHOPEEPAY_googleplay_NOVEMBER_reviews.csv,qris
11e97f59-33fd-4abb-9e93-5e1b878657d2,Pengguna Google,https://play-lh.googleusercontent.com/EGemoI2NTXmTsBVtJqk8jxF9rh8ApRWfsIMQSt2uE4OcpQqbFu7f7NbTK05lx80nuSijCz7sc3a277R67g,Transfer ke bank manapun gratis 👍👍👍,5,0,1.60.0,2025-10-29 21:47:48+00:00,,,1.60.0,Dataset/dataset\GOPAY_googleplay_OCTOBER_reviews.csv,transfer
b7afc13e-516a-44c1-bebc-8ca171313ca9,Pengguna Google,https://play-lh.googleusercontent.com/EGemoI2NTXmTsBVtJqk8jxF9rh8ApRWfsIMQSt2uE4OcpQqbFu7f7NbTK05lx80nuSijCz7sc3a277R67g,"top up dr tgl 1 sebesar 4,149,000 sampai hari ini masih blm masuk juga, dan sudah buat laporan juga 2 hari yg lalu, tlp ke CS malahan disuruh nunggu lagi, bangsattt...duit gw itu kemana??? 🤬",1,0,1.59.0,2025-10-03 10:02:11+00:00,"Hai Kak Nisken, mohon maaf atas ketidaknyamanannya. Jika kamu masih mengalami kendala, silakan laporkan melalui email ke customerservice@gopay.co.id dengan melampirkan kode psr-25-276-1113-55867 pada subject email dan cantumkan nomor laporan kamu sebelumnya pada email yang kamu kirimkan. Kami tunggu detail laporan kamu ya. ^Maura",2025-10-03 18:14:00,1.59.0,Dataset/dataset\GOPAY_googleplay_OCTOBER_reviews.csv,topup
b5881829-d4d2-420e-a3fa-b5df0fad9d9b,Pengguna Google,https://play-lh.googleusercontent.com/EGemoI2NTXmTsBVtJqk8jxF9rh8ApRWfsIMQSt2uE4OcpQqbFu7f7NbTK05lx80nuSijCz7sc3a277R67g,transaksi qris sering gagal aplikasi bego,1,0,,2025-12-03 15:05:40+00:00,"Halo, Jagoan. Mohon maaf atas kendala yang terjadi ya. Kamu tidak perlu khawatir, kamu bisa menjelaskan detail kendala tersebut melalui email di tanya@jago.com atau call center 1500 746 untuk kami bantu tangani lebih lanjut. Terima kasih :)",2025-12-03 15:31:32,,Dataset/dataset\JAGO_googleplay_DECEMBER_reviews.csv,qris
f9fe973b-c6c5-4acf-851e-fce963b32d25,Pengguna Google,https://play-lh.googleusercontent.com/EGemoI2NTXmTsBVtJqk8jxF9rh8ApRWfsIMQSt2uE4OcpQqbFu7f7NbTK05lx80nuSijCz7sc3a277R67g,"Saldo top up ga masuk, pelayanan jelek mau online ataupun langsung datang ke kantor nya.",1,0,,2025-10-27 18:05:44+00:00,"Hai Kak @Pusat, pastikan nomor tujuan sudah benar, sudah cek halaman Riwayat, dan coba keluar dan masuk kembali ke aplikasi. Jika saldo masih belum masuk, silakan laporkan melalui menu Bantuan > ketik 'Top up GoPay saya belum masuk' > isi formulir dan cantumkan kode psr-25-300-1311-42457 pada bagian 'Ceritakan lebih lanjut'. ^Melisa",2025-10-27 20:11:51,,Dataset/dataset\GOPAY_googleplay_OCTOBER_reviews.csv,topup
ac514d1f-fbab-4d89-9085-5b933802ac53,Pengguna Google,https://play-lh.googleusercontent.com/EGemoI2NTXmTsBVtJqk8jxF9rh8ApRWfsIMQSt2uE4OcpQqbFu7f7NbTK05lx80nuSijCz7sc3a277R67g,TF cepet gk ribett,5,0,1.59.0,2025-10-18 21:20:52+00:00,,,1.59.0,Dataset/dataset\GOPAY_googleplay_OCTOBER_reviews.csv,transfer
35f2cfe0-1146-4812-a8c2-25500e527a36,Pengguna Google,https://play-lh.googleusercontent.com/EGemoI2NTXmTsBVtJqk8jxF9rh8ApRWfsIMQSt2uE4OcpQqbFu7f7NbTK05lx80nuSijCz7sc3a277R67g,sangat membantu dalam transaksi dan transfer secepat kilat,5,0,1.61.2,2025-11-04 14:14:04+00:00,,,1.61.2,Dataset/dataset\GOPAY_googleplay_NOVEMBER_reviews.csv,transfer
f2f47494-cfb1-47ec-88a9-195c9da26971,Pengguna Google,https://play-lh.googleusercontent.com/EGemoI2NTXmTsBVtJqk8jxF9rh8ApRWfsIMQSt2uE4OcpQqbFu7f7NbTK05lx80nuSijCz7sc3a277R67g,"Sebenarnya aplikasinya bagus, cuma. kalau aplikasinya dibiarkan lama ndk dibuka, kita harus login ulang. Nah, saat proses login itu kadang muncul bug yang buat susah atau tidak bisa masuk kembali. tolong dong di perbaiki bugnya ketika log in🙏",3,63,3.146.0,2025-11-01 15:53:30+00:00,,,3.146.0,Dataset/dataset\OVO_googleplay_NOVEMBER_reviews.csv,login
2d7c9082-5a5b-4494-8ee9-624fc92f77c0,Pengguna Google,https://play-lh.googleusercontent.com/EGemoI2NTXmTsBVtJqk8jxF9rh8ApRWfsIMQSt2uE4OcpQqbFu7f7NbTK05lx80nuSijCz7sc3a277R67g,"kocak pakai sistem apa ini APLIKASI saya udh ganti no hp setelah ganti dan login pake no hp baru harus verifikasi ktp lagi ,pas mau verifikasi gak bisa ,, dan tertulis ktp sudah terdaftar di akun lain ,,padahal udh ganti no hp",1,0,,2025-10-31 12:25:23+00:00,,,,Dataset/dataset\OVO_googleplay_OCTOBER_reviews.csv,login
57f65026-5eeb-4f72-aa4d-7617d0ba4aea,Pengguna Google,https://play-lh.googleusercontent.com/EGemoI2NTXmTsBVtJqk8jxF9rh8ApRWfsIMQSt2uE4OcpQqbFu7f7NbTK05lx80nuSijCz7sc3a277R67g,tolong dong aplikasinya di perbaiki top up sudah sukses tapi saldo blm ada masuk sudah berjam² nunggu tapi blm ada konfirmasi harusnya cepat di tanganin🤬🤬🤬,1,0,1.60.0,2025-10-16 02:43:50+00:00,"Hai Kak Vera, mohon maaf atas kendalanya. Mohon menunggu hingga 1x24 jam terlebih dahulu. Jika sudah 1x24 jam namun pulsa belum juga masuk, silakan laporkan melalui menu Bantuan di aplikasi GoPay dengan mengetik ""Pembelian Pulsa & Paket Data Belum Masuk"" pada kolom pencarian. Kami siap membantu. ^Maura",2025-10-16 07:14:21,1.60.0,Dataset/dataset\GOPAY_googleplay_OCTOBER_reviews.csv,topup
3aa6f3bc-d117-4315-b16e-29177d76964b,Pengguna Google,https://play-lh.googleusercontent.com/EGemoI2NTXmTsBVtJqk8jxF9rh8ApRWfsIMQSt2uE4OcpQqbFu7f7NbTK05lx80nuSijCz7sc3a277R67g,gopay ini kenapa sih pembayaran enggak pernah telat engga pernah nunggak transaksi sering pake gopay beli pulsa beli token listrik transfer giliran mau pinjam di tolak amit2 dah kesalahan nya dari mana ????????????................,1,0,1.59.0,2025-10-08 15:18:38+00:00,"Hai Kak Muhamad, mohon maaf atas kendala yang kamu alami terkait GoPay Pinjam. Agar masalahnya dapat segera kami bantu, silakan ceritakan lebih lanjut kepada kami melalui email ke support@findaya.com dan cantumkan kode psr-25-281-1007-48974 di subjek email, ya. ^Melisa",2025-10-08 17:07:55,1.59.0,Dataset/dataset\GOPAY_googleplay_OCTOBER_reviews.csv,transfer
6c376238-e3c0-4df8-a803-3eef290e0018,Pengguna Google,https://play-lh.googleusercontent.com/EGemoI2NTXmTsBVtJqk8jxF9rh8ApRWfsIMQSt2uE4OcpQqbFu7f7NbTK05lx80nuSijCz7sc3a277R67g,"Gua Top Saldo 10rb Langsung Masuk Cepet, Giliran Top Up 50rb Saldo Langsung Hilang Buat Laporan Di CS sama Agen Gak Di Respon Respon... Mantap👎",1,0,1.60.0,2025-10-17 18:33:03+00:00,"Hai Kak @BeeBee, mohon maat atas ketidaknyamanannya. Jika kamu masih mengalami kendala, silakan laporkan melalui email ke customerservice@gopay.co.id dengan melampirkan kode psr-25-290-1501-02769 pada subject email dan cantumkan nomor laporan kamu sebelumnya pada email yang kamu kirimkan. Kami tunggu detail laporan kamu ya. ^Melisa",2025-10-17 22:01:09,1.60.0,Dataset/dataset\GOPAY_googleplay_OCTOBER_reviews.csv,topup
d480518e-47d4-4ad9-9827-b72127a45513,Pengguna Google,https://play-lh.googleusercontent.com/EGemoI2NTXmTsBVtJqk8jxF9rh8ApRWfsIMQSt2uE4OcpQqbFu7f7NbTK05lx80nuSijCz7sc3a277R67g,pake qris aja gak bisa,1,1,1.62.0,2025-11-14 23:59:38+00:00,,,1.62.0,Dataset/dataset\GOPAY_googleplay_NOVEMBER_reviews.csv,qris
35bac1b6-6c01-4e84-bc93-f14f737151e3,Pengguna Google,https://play-lh.googleusercontent.com/EGemoI2NTXmTsBVtJqk8jxF9rh8ApRWfsIMQSt2uE4OcpQqbFu7f7NbTK05lx80nuSijCz7sc3a277R67g,potongan admin nya gede bgt shibal. mana gabisa kirim antar E-Wallet. buat top up pun ada admin 1rb dipotong pula sama ovonya 2rb. kikir kali ni aplikasi. nyesel gue iseng nyoba pake. bye bye. cukup sekali instal.,1,0,3.148.0,2025-12-04 06:53:14+00:00,,,3.148.0,Dataset/dataset\OVO_googleplay_DECEMBER_reviews.csv,topup
b29a94b2-9532-42f5-9f65-87d266cc66c9,Pengguna Google,https://play-lh.googleusercontent.com/EGemoI2NTXmTsBVtJqk8jxF9rh8ApRWfsIMQSt2uE4OcpQqbFu7f7NbTK05lx80nuSijCz7sc3a277R67g,apaansih livin mo bayar atau topup dikit-dikit pake admin dari dulu juga biasanya gratis,1,0,3.2.0,2025-12-25 07:50:18+00:00,"Halo Sahabat @Wahyudi Guntara, mohon maaf atas ketidaknyamanannya. Perihal tsb akan menjadi masukan bagi kami untuk meningkatkan kualitas layanan Bank Mandiri demi kenyamanan nasabah ya. Tks~Ninis",2025-12-25 07:53:51,3.2.0,Dataset/dataset\LIVIN_googleplay_DECEMBER_reviews.csv,topup
9fd44639-1800-4829-8b60-266d60c4fc37,Pengguna Google,https://play-lh.googleusercontent.com/EGemoI2NTXmTsBVtJqk8jxF9rh8ApRWfsIMQSt2uE4OcpQqbFu7f7NbTK05lx80nuSijCz7sc3a277R67g,"gila parah bener... akun gopay saya jadi tidak bisa di akses cuman perihal laporan topup 50.000 belum masuk malah jadi gak bisa di akses kayak begini. Nama udah besar, 50.000 uang nasabah di paling. keren !!!",1,0,,2025-11-14 15:27:57+00:00,"Mohon maaf, Kak Dede. Agar bisa menggunakan GoPay, pastikan saldo cukup, masukkan PIN GoPay yang benar, dan gunakan aplikasi terbaru. Jika masih bermasalah, laporkan melalui menu Bantuan > ketik ""Saya tidak dapat menggunakan GoPay"" > isi formulir dan cantumkan kode psr-25-318-0903-40667 di bagian ""Ceritakan lebih lanjut"". ^Miko",2025-11-14 16:03:53,,Dataset/dataset\GOPAY_googleplay_NOVEMBER_reviews.csv,topup
00d4af87-9a7a-4a66-917a-f45dc2735d76,Pengguna Google,https://play-lh.googleusercontent.com/EGemoI2NTXmTsBVtJqk8jxF9rh8ApRWfsIMQSt2uE4OcpQqbFu7f7NbTK05lx80nuSijCz7sc3a277R67g,ovo lagi gangguan kah tidak bisa transfer?,2,0,3.144.0,2025-10-04 20:56:25+00:00,,,3.144.0,Dataset/dataset\OVO_googleplay_OCTOBER_reviews.csv,transfer
427e043f-518a-45ae-82d1-a144d2d42fb5,Pengguna Google,https://play-lh.googleusercontent.com/EGemoI2NTXmTsBVtJqk8jxF9rh8ApRWfsIMQSt2uE4OcpQqbFu7f7NbTK05lx80nuSijCz7sc3a277R67g,transfer mudah layanan terbaik,5,0,1.64.1,2025-11-26 16:46:27+00:00,,,1.64.1,Dataset/dataset\GOPAY_googleplay_NOVEMBER_reviews.csv,transfer
286f69c1-3565-45f7-a5e6-116777f186b1,Pengguna Google,https://play-lh.googleusercontent.com/EGemoI2NTXmTsBVtJqk8jxF9rh8ApRWfsIMQSt2uE4OcpQqbFu7f7NbTK05lx80nuSijCz7sc3a277R67g,aplikasi ini sangat mudah digunakan dan cepat praktis untuk transfer qris dan lainnya,5,0,,2025-11-09 02:16:30+00:00,,,,Dataset/dataset\JAGO_googleplay_NOVEMBER_reviews.csv,qris
29b9295c-8f57-467a-ba4e-4c8a8325f396,Pengguna Google,https://play-lh.googleusercontent.com/EGemoI2NTXmTsBVtJqk8jxF9rh8ApRWfsIMQSt2uE4OcpQqbFu7f7NbTK05lx80nuSijCz7sc3a277R67g,tolong la ya saya top up 20.000 masa yang saya terima cuman 19.000 itu padahal uang nya mau saya buat beli robux lo gmn sih,5,0,,2025-10-23 15:56:57+00:00,,,,Dataset/dataset\OVO_googleplay_OCTOBER_reviews.csv,topup
94f439fa-193d-4d6f-a503-0b53af5d9e12,Pengguna Google,https://play-lh.googleusercontent.com/EGemoI2NTXmTsBVtJqk8jxF9rh8ApRWfsIMQSt2uE4OcpQqbFu7f7NbTK05lx80nuSijCz7sc3a277R67g,top up Saya tidak masuk ini gimana kak?,2,0,3.144.0,2025-10-07 00:21:47+00:00,,,3.144.0,Dataset/dataset\OVO_googleplay_OCTOBER_reviews.csv,topup
de9eaf96-dc4c-4866-b8d6-d43f34979698,Pengguna Google,https://play-lh.googleusercontent.com/EGemoI2NTXmTsBVtJqk8jxF9rh8ApRWfsIMQSt2uE4OcpQqbFu7f7NbTK05lx80nuSijCz7sc3a277R67g,"Meskipun gk upgrade masak sesama gopay gk bisa transfer tolol, shope ovo dana sesama aplikasi bisa tf meskipun gk upgrade lah ini sesama gopay aja harus upgrade dulu anjierrr",1,0,,2025-10-11 23:22:39+00:00,"Hai Kak Achmad, mohon maaf atas ketidaknyamanannya. Terkait hal tersebut, silakan laporkan melalui email ke customerservice@gopay.co.id dengan melampirkan kode psr-25-285-2335-53217 pada subject email dan ceritakan kembali detail permasalahannya agar tim kami bisa bantu cek lebih lanjut ya. ^Melisa",2025-10-12 06:36:00,,Dataset/dataset\GOPAY_googleplay_OCTOBER_reviews.csv,transfer
558c124e-d070-4a10-ad07-76e3777a28f1,Pengguna Google,https://play-lh.googleusercontent.com/EGemoI2NTXmTsBVtJqk8jxF9rh8ApRWfsIMQSt2uE4OcpQqbFu7f7NbTK05lx80nuSijCz7sc3a277R67g,"saya lupa nomor kartu hanya ingat nomor rekening email ,nomor hp semua aktif, apa ada saran supaya saya bisa kembali login ke Livin by mandiri ?",3,0,,2025-11-22 05:00:32+00:00,"Halo Sahabat @Candra Rizkikal, mohon maaf atas ketidaknyamannya. untuk perihal kendala pada layanan Livin' by Mandiri, mohon untuk dapat mengirimkan email ke mandiricare@bankmandiri.co.id atau dapat menghubungi layanan mandiri 14000 agar dapat dilakukan pengecekan. Tks~Charles",2025-11-22 05:05:45,,Dataset/dataset\LIVIN_googleplay_NOVEMBER_reviews.csv,login
fdaf8276-4c83-471e-a335-5a4cd3840e77,Pengguna Google,https://play-lh.googleusercontent.com/EGemoI2NTXmTsBVtJqk8jxF9rh8ApRWfsIMQSt2uE4OcpQqbFu7f7NbTK05lx80nuSijCz7sc3a277R67g,transaksi disini biaya nya mahal top up 5000 transfer 2500 lebih mahal drpd apk bank,2,0,3.145.0,2025-10-22 19:01:03+00:00,,,3.145.0,Dataset/dataset\OVO_googleplay_OCTOBER_reviews.csv,topup
c0b2c548-2033-4cee-a129-e332e4128351,Pengguna Google,https://play-lh.googleusercontent.com/EGemoI2NTXmTsBVtJqk8jxF9rh8ApRWfsIMQSt2uE4OcpQqbFu7f7NbTK05lx80nuSijCz7sc3a277R67g,Gopay sangat bagus dan tepat untuk transfer maupun transaksi,5,0,1.64.1,2025-11-30 13:14:15+00:00,,,1.64.1,Dataset/dataset\GOPAY_googleplay_NOVEMBER_reviews.csv,transfer
5517922e-664f-4c9d-bed0-6c72cfc04464,Pengguna Google,https://play-lh.googleusercontent.com/EGemoI2NTXmTsBVtJqk8jxF9rh8ApRWfsIMQSt2uE4OcpQqbFu7f7NbTK05lx80nuSijCz7sc3a277R67g,setiap transfer pasti sedang di proses terus hingga berhari hari gagal masuk,1,1,1.44.05,2025-12-13 14:04:56+00:00,"Hi Kak ARFA. Mohon maaf atas kendala transfer saldo ShopeePay yang gagal diterima. Terkait kendala tersebut mohon menghubungi kami melalui DM ke Instagram @ShopeePay_ID yang bercentang biru, dengan melampirkan bukti transfer yang terkendala untuk bantuan lebih lanjut. Semoga kendala kakak segera terselesaikan ya. ^CS",2025-12-15 15:26:06,1.44.05,Dataset/dataset\SHOPEEPAY_googleplay_DECEMBER_reviews.csv,transfer
d059f7d1-1f0b-4bea-851f-103269af6753,Pengguna Google,https://play-lh.googleusercontent.com/EGemoI2NTXmTsBVtJqk8jxF9rh8ApRWfsIMQSt2uE4OcpQqbFu7f7NbTK05lx80nuSijCz7sc3a277R67g,proses cepat dan relatif murah dibanding transfer bank,5,0,1.62.0,2025-11-14 13:51:23+00:00,,,1.62.0,Dataset/dataset\GOPAY_googleplay_NOVEMBER_reviews.csv,transfer
9f5c754a-6560-4648-ae0b-c54aea9b3cc8,Pengguna Google,https://play-lh.googleusercontent.com/EGemoI2NTXmTsBVtJqk8jxF9rh8ApRWfsIMQSt2uE4OcpQqbFu7f7NbTK05lx80nuSijCz7sc3a277R67g,"biasa nya aplikasi e money,semakin lama semakin ada kemajuan,ni ovo,semakin lama makin nggk jls setelah di updete,mkin timbul bug nya,setelah di updete tampilan dasar nya pun nggk kelihatan,mau top up atau pun tf hrus meraba2,kerna tampilan dasar nya nggk kelihatan,..cuma memutih doang😏🥺",1,8,3.150.0,2025-12-28 04:09:27+00:00,,,3.150.0,Dataset/dataset\OVO_googleplay_DECEMBER_reviews.csv,topup
a0f88709-4664-4938-a210-4773de000fbd,Pengguna Google,https://play-lh.googleusercontent.com/EGemoI2NTXmTsBVtJqk8jxF9rh8ApRWfsIMQSt2uE4OcpQqbFu7f7NbTK05lx80nuSijCz7sc3a277R67g,aplikasi gak jelas isi topup 2 hari belum masuk status terkirim saldo belum masuk aplikasi gak jelas gak ada pertanggungjawaban platform tidak bertanggung jawab rugi kita pakai platfrom ini gak ada tanggung jawabnya jangan mau pake platform ini,1,2,1.42.03,2025-11-22 22:08:50+00:00,"Hi Kak Hi dayat. Mohon maaf atas kendala Top Up ShopeePay yang belum diterima. Kami siap membantu kakak, terkait kendala tersebut mohon menghubungi kami melalui DM ke Instagram @ShopeePay_ID yang bercentang biru, dengan melampirkan bukti bayar yang terkendala untuk bantuan lebih lanjut. Semoga kendala kakak segera terselesaikan ya. ^CS",2025-11-24 15:42:20,1.42.03,Dataset/dataset\SHOPEEPAY_googleplay_NOVEMBER_reviews.csv,topup
54008f52-731c-40f7-bd4c-45e7270bf876,Pengguna Google,https://play-lh.googleusercontent.com/EGemoI2NTXmTsBVtJqk8jxF9rh8ApRWfsIMQSt2uE4OcpQqbFu7f7NbTK05lx80nuSijCz7sc3a277R67g,"tolong dong akun saya di livinn gabisa masuk, gmna cara mulihin akun nya, soalnya saya blm punya kartu kredit mandirinnya, mau login lagi ke Livin pun gabisa karna gatau no bank nya sama kode mm yy nya, tolong min biar bisa pulih lagi akun saya waktu itu ga sengaja ke riset hp nya, saya gatau lagi gmna cara mulihinnya semoga di sini ada jawaban nya🙏🙏🙏",5,0,3.2.0,2025-12-09 05:16:29+00:00,"Halo Sahabat @Gemoys f Mind, mohon maaf atas ketidaknyamanannya. Apabila terdapat kendala agar dapat kami tindaklanjuti, Sahabat dapat mengirimkan email ke mandiricare@bankmandiri.co.id atau menghubungi layanan mandiri call 14000 ya. Tks~Carlos

",2025-12-09 05:35:04,3.2.0,Dataset/dataset\LIVIN_googleplay_DECEMBER_reviews.csv,login
39a1813d-f79c-47be-8e42-a75063c2d2f0,Pengguna Google,https://play-lh.googleusercontent.com/EGemoI2NTXmTsBVtJqk8jxF9rh8ApRWfsIMQSt2uE4OcpQqbFu7f7NbTK05lx80nuSijCz7sc3a277R67g,"gimana cara ngatasin setiap top up ""aktivitas tidak wajar"" tolong jelasin itu karna apa?",1,0,1.62.0,2025-11-09 17:23:08+00:00,"Hai Kak @kyy Softspoken, mohon maaf atas ketidaknyamanannya. Pastikan nomor tujuan valid dan sudah menggunakan aplikasi GoPay versi terbaru ya. Jika masih berkendala, silakan laporkan melalui email ke customerservice@gopay.co.id dan cantumkan kode psr-25-313-1106-47955 pada subjek email. ^Miko",2025-11-09 18:07:03,1.62.0,Dataset/dataset\GOPAY_googleplay_NOVEMBER_reviews.csv,topup
15c4f488-736a-43dc-83b2-abc0d455331d,Pengguna Google,https://play-lh.googleusercontent.com/EGemoI2NTXmTsBVtJqk8jxF9rh8ApRWfsIMQSt2uE4OcpQqbFu7f7NbTK05lx80nuSijCz7sc3a277R67g,"kenapa gak bisa login ? trus ada tulisan ""layanan tidak tersedia untuk sementara"" mohon penjelasannya !",3,0,3.1.0,2025-11-06 13:47:11+00:00,"Hai Sahabat @Adam Cell, mohon maaf atas ketidaknyamanannya. Kendala Livin' by Mandiri fitur tidak tersedia. Sahabat mendatangi kantor cabang Bank Mandiri terdekat dengan membawa KTP asli, nomor rekening (optional) dan kartu mandiri debit. Tks~Rere
",2025-11-06 13:58:11,3.1.0,Dataset/dataset\LIVIN_googleplay_NOVEMBER_reviews.csv,login
cd2042fe-9626-4eb8-8d78-5e9d4b1f58d6,Pengguna Google,https://play-lh.googleusercontent.com/EGemoI2NTXmTsBVtJqk8jxF9rh8ApRWfsIMQSt2uE4OcpQqbFu7f7NbTK05lx80nuSijCz7sc3a277R67g,tanggapan terhadap komplain kendala top up saya tidak diberi kepastian dan uang 100.000 saya hilang entahlah kemana,1,0,1.40.06,2025-10-11 01:04:32+00:00,"Hi Kak Afif. Mohon maaf atas kendala Top Up ShopeePay yang belum diterima. Terkait kendala tersebut mohon menghubungi kami melalui DM ke Instagram @ShopeePay_ID yang bercentang biru, dengan menginformasikan detail dan bukti kendala untuk bantuan lebih lanjut. Semoga kendala kakak segera terselesaikan ya. ^CS",2025-10-13 14:34:03,1.40.06,Dataset/dataset\SHOPEEPAY_googleplay_OCTOBER_reviews.csv,topup
62b23e00-a7dc-4216-a123-2d36c0d9dddc,Pengguna Google,https://play-lh.googleusercontent.com/EGemoI2NTXmTsBVtJqk8jxF9rh8ApRWfsIMQSt2uE4OcpQqbFu7f7NbTK05lx80nuSijCz7sc3a277R67g,TF gagal terus semenjak di upgrade ke ovo nabung,4,0,3.146.0,2025-10-31 11:59:42+00:00,,,3.146.0,Dataset/dataset\OVO_googleplay_OCTOBER_reviews.csv,transfer
cf118219-96f0-4d82-a505-ac7f93afaf62,Pengguna Google,https://play-lh.googleusercontent.com/EGemoI2NTXmTsBVtJqk8jxF9rh8ApRWfsIMQSt2uE4OcpQqbFu7f7NbTK05lx80nuSijCz7sc3a277R67g,tida bisa transfer,1,0,1.43.10,2025-11-29 01:43:21+00:00,"Hai kak Yuda Maulana, maaf buat kamu ga nyaman terkait kendala yang kamu alami. Agar aku bisa bantu yuk infoin ke aku detail kendala kamu ke DM Social Media Twitter(X) @ShopeeCare ya. Sehat selalu ^GS",2025-11-29 02:53:26,1.43.10,Dataset/dataset\SHOPEEPAY_googleplay_NOVEMBER_reviews.csv,transfer
744f094c-6cfc-4a12-840e-8e1389873ab8,Pengguna Google,https://play-lh.googleusercontent.com/EGemoI2NTXmTsBVtJqk8jxF9rh8ApRWfsIMQSt2uE4OcpQqbFu7f7NbTK05lx80nuSijCz7sc3a277R67g,"JANGAN MAU BELI EMONEY MANDIRI GYUS, E MONEY SERING EROR, KADANG TIDAK BSA TERBACA DI TOL ATAU TIDAK MASUK SAAT DI TOP UP",1,0,,2025-12-10 17:51:59+00:00,"Halo Sahabat @nabila aditya, mohon maaf atas ketidaknyamanannya. Terkait kendala Sahabat mohon untuk dapat mengirimkan email ke mandiricare@bankmandiri.co.id atau dapat menghubungi Mandiri Call 14000 lalu tekan 2 agar dapat dilakukan pengecekan. Tks~Amar",2025-12-10 18:29:03,,Dataset/dataset\LIVIN_googleplay_DECEMBER_reviews.csv,topup
3a9377f4-9187-49a0-bc1e-8c524a5252f6,Pengguna Google,https://play-lh.googleusercontent.com/EGemoI2NTXmTsBVtJqk8jxF9rh8ApRWfsIMQSt2uE4OcpQqbFu7f7NbTK05lx80nuSijCz7sc3a277R67g,sering pending waktu top up ewallet. pendingnya seharian,1,0,1.44.05,2025-12-23 18:36:55+00:00,"Hi Kak ROBBY, Mohon maaf atas ketidaknyamanannya terkait kendala Top Up ke Ewallet yang pending. Saat ini apabila kakak memiliki kendala Transaksi yang belum diterima, kakak dapat menghubungi kami melalui DM ke IG @ShopeePay_ID yang bercentang biru ya, dengan melampirkan bukti transaksi yang terkendala untuk bantuan lebih lanjut. ^CS",2025-12-24 11:37:28,1.44.05,Dataset/dataset\SHOPEEPAY_googleplay_DECEMBER_reviews.csv,topup
d59bf71d-3144-40a0-8564-994e6b2728dc,Pengguna Google,https://play-lh.googleusercontent.com/EGemoI2NTXmTsBVtJqk8jxF9rh8ApRWfsIMQSt2uE4OcpQqbFu7f7NbTK05lx80nuSijCz7sc3a277R67g,bank apa ini mau login gak bisa suruh tanya jago sudah tanya jago respon lama Sampek sekarang masih belum bisa login Tolong pihak OJK soalnya uang udah ada didalam akun jago tapi gak bisa login mengecewakan sangat sangat mengecewakan,1,12,8.77.2,2025-11-16 12:40:39+00:00,"Halo, Jagoan! Mohon maaf apabila terdapat fitur atau layanan Jago yang belum sesuai harapan kamu. Kamu bisa menghubungi Tanya Jago di nomor 1500746 / 021-30000746 atau e-mail ke tanya@jago.com untuk kami bantu cek kendalanya lebih lanjut ya. Agent kami dengan senang hati membantu kamu.",2025-11-16 14:13:05,8.77.2,Dataset/dataset\JAGO_googleplay_NOVEMBER_reviews.csv,login
8d658b3e-40a6-49db-8e3e-80eb01e5f304,Pengguna Google,https://play-lh.googleusercontent.com/EGemoI2NTXmTsBVtJqk8jxF9rh8ApRWfsIMQSt2uE4OcpQqbFu7f7NbTK05lx80nuSijCz7sc3a277R67g,"etdah ini aplikasi kaga danta mau di pakai urgent kaga bisa susah banget mau make ini itu nya duh parah, mau transfer ke e-wallet perbaikan Mulu beli token kaga bisa Mulu emang ga jelas nih aplikasi!!",1,1,1.60.0,2025-10-13 00:16:09+00:00,"Hai Kak Anton, sebelum transfer, pastikan status upgrade GoPay Plus sudah 'Diterima', nomor penerima valid dan tidak terblokir. Jika masih bermasalah, silakan kunjungi menu Bantuan di aplikasi GoPay atau email ke customerservice@gopay.co.id dan cantumkan kode psr-25-286-0010-32304 pada subjek email. ^Miko",2025-10-13 07:10:48,1.60.0,Dataset/dataset\GOPAY_googleplay_OCTOBER_reviews.csv,transfer
a0287f31-d122-410e-839b-fbbfe92efad3,Pengguna Google,https://play-lh.googleusercontent.com/EGemoI2NTXmTsBVtJqk8jxF9rh8ApRWfsIMQSt2uE4OcpQqbFu7f7NbTK05lx80nuSijCz7sc3a277R67g,"tolong perbaiki system nya , saya tidak bisa buka atau login sudah 2 hari",1,0,3.149.0,2025-12-13 07:51:22+00:00,,,3.149.0,Dataset/dataset\OVO_googleplay_DECEMBER_reviews.csv,login
1804150f-ecc7-4312-b647-3d515919f64b,Pengguna Google,https://play-lh.googleusercontent.com/EGemoI2NTXmTsBVtJqk8jxF9rh8ApRWfsIMQSt2uE4OcpQqbFu7f7NbTK05lx80nuSijCz7sc3a277R67g,"Kenapa gak bisa top up diamond ff pake coin, ada tulisan ""aktivitas gak wajar""",3,1,,2025-11-07 15:57:01+00:00,"Hai Kak Rizki, mohon maaf atas ketidaknyamanannya. Pastikan saldo GoPay Coin yang kamu miliki cukup untuk melakukan pembayaran ya. Jika masih bermasalah, silakan kunjungi menu Bantuan di aplikasi GoPay atau email ke customerservice@gopay.co.id dan cantumkan kode psr-25-311-1158-18273 pada subjek email. ^Miko",2025-11-07 18:58:29,,Dataset/dataset\GOPAY_googleplay_NOVEMBER_reviews.csv,topup
95fca4db-bb31-437d-9bcd-4fc329bff5cb,Pengguna Google,https://play-lh.googleusercontent.com/EGemoI2NTXmTsBVtJqk8jxF9rh8ApRWfsIMQSt2uE4OcpQqbFu7f7NbTK05lx80nuSijCz7sc3a277R67g,"error melulu,payah mau tf janji ama orang jadi marah dianya",1,0,,2025-12-13 14:23:52+00:00,,,,Dataset/dataset\OVO_googleplay_DECEMBER_reviews.csv,transfer
2c50cc0b-3570-4c10-b525-07ed1970483c,Pengguna Google,https://play-lh.googleusercontent.com/EGemoI2NTXmTsBVtJqk8jxF9rh8ApRWfsIMQSt2uE4OcpQqbFu7f7NbTK05lx80nuSijCz7sc3a277R67g,Login nya lama padahal apklikasi sudah di update dan jaringan internet juga bagus,1,0,3.2.0,2025-11-24 12:49:00+00:00,"Halo Sahabat @Ago Sony, mohon maaf atas ketidaknyamannya. Perihal kendala pada layanan Livin' by Mandiri, mohon untuk dapat mengirimkan email ke mandiricare@bankmandiri.co.id atau dapat menghubungi layanan mandiri 14000 agar dapat dilakukan pengecekan. Tks~Cira

",2025-11-24 12:51:39,3.2.0,Dataset/dataset\LIVIN_googleplay_NOVEMBER_reviews.csv,login
4197ec21-b8cc-4b4a-be0d-ff645705579c,Pengguna Google,https://play-lh.googleusercontent.com/EGemoI2NTXmTsBVtJqk8jxF9rh8ApRWfsIMQSt2uE4OcpQqbFu7f7NbTK05lx80nuSijCz7sc3a277R67g,mantap bisa transfer ke mana2 gratis,5,0,1.60.0,2025-10-29 09:02:25+00:00,,,1.60.0,Dataset/dataset\GOPAY_googleplay_OCTOBER_reviews.csv,transfer
52519242-5742-4366-90ac-8f32d789a2c4,Pengguna Google,https://play-lh.googleusercontent.com/EGemoI2NTXmTsBVtJqk8jxF9rh8ApRWfsIMQSt2uE4OcpQqbFu7f7NbTK05lx80nuSijCz7sc3a277R67g,"Ribet nih aplikasi, login doang kaga bisa bisa, apk sampah. login akun sendiri udah kaya maling gua.",1,0,8.75.0,2025-10-24 00:58:46+00:00,"Halo, Jagoan. Mohon maaf atas kendala yang terjadi ya. Kamu tidak perlu khawatir, kamu bisa menjelaskan detail kendala tersebut melalui email di tanya@jago.com atau call center 1500 746 untuk kami bantu tangani lebih lanjut. Terima kasih :)",2025-10-24 01:23:46,8.75.0,Dataset/dataset\JAGO_googleplay_OCTOBER_reviews.csv,login
6948b2ea-dad5-4412-9e16-abcf893e4a75,Pengguna Google,https://play-lh.googleusercontent.com/EGemoI2NTXmTsBVtJqk8jxF9rh8ApRWfsIMQSt2uE4OcpQqbFu7f7NbTK05lx80nuSijCz7sc3a277R67g,"login lama, fitur terlalu ribet, tidak bisa transaksi 24 jam.",1,0,3.2.0,2025-12-08 01:46:37+00:00,"Hai Sahabat @Ilham Nur, mohon maaf atas ketidaknyamanannya. Perihal kendala yang dialami agar dpt kami tindaklanjuti, mhn kesediaan Sahabat utk mengirimkan email ke mandiricare@bankmandiri.co.id dengan subject : Review - Nama lengkap Sahabat atau menghubungi layanan mandiri call 14000 ya. Tks~Tommy",2025-12-08 02:10:50,3.2.0,Dataset/dataset\LIVIN_googleplay_DECEMBER_reviews.csv,login
ad2fe488-ae47-403b-8c37-98222385d4a0,Pengguna Google,https://play-lh.googleusercontent.com/EGemoI2NTXmTsBVtJqk8jxF9rh8ApRWfsIMQSt2uE4OcpQqbFu7f7NbTK05lx80nuSijCz7sc3a277R67g,aplikasi tolol top up mobile legend aja nggak masuk masuk diamond gw asu asu,1,1,,2025-10-10 15:24:09+00:00,"Hai Kak Mawan, kami mohon maaf atas kondisi yang Kakak alami. Terkait hal ini, dapat kami sampaikan bahwa ada pemeliharaan sistem yang mempengaruhi transaksi Kakak & saat ini sudah kembali normal. Berkenan untuk melakukan pengecekan kembali di akun tujuan secara berkala ya Kak. Mohon maaf atas ketidaknyamanannya. Salam hangat. ^Miko",2025-10-10 20:33:12,,Dataset/dataset\GOPAY_googleplay_OCTOBER_reviews.csv,topup
5d4de977-6f0f-4791-a1aa-d89662a4f016,Pengguna Google,https://play-lh.googleusercontent.com/EGemoI2NTXmTsBVtJqk8jxF9rh8ApRWfsIMQSt2uE4OcpQqbFu7f7NbTK05lx80nuSijCz7sc3a277R67g,"transaksi transfer gagal, suruh tunggu 1jam malah jadi 1x24jam gmna ini jelek banget",2,0,1.44.05,2025-12-23 21:46:38+00:00,"Hi Kak Andry, Mohon maaf atas kendala gagal melakukan transfer. Pastikan telah menggunakan aplikasi ShopeePay terbaru & lakukan clear cache. Apabila masih berkendala mohon menghubungi kami melalui DM Instagram di @ShopeePay_ID untuk bantuan lebih lanjut dgn melampirkan foto/screenshot notifikasi kendala. Semoga kendala segera terselesaikan ^CS",2025-12-24 11:28:40,1.44.05,Dataset/dataset\SHOPEEPAY_googleplay_DECEMBER_reviews.csv,transfer
3e73a530-9ef6-4549-98f4-f043addd5cc1,Pengguna Google,https://play-lh.googleusercontent.com/EGemoI2NTXmTsBVtJqk8jxF9rh8ApRWfsIMQSt2uE4OcpQqbFu7f7NbTK05lx80nuSijCz7sc3a277R67g,saya pernah daftar TPI g punya kartunya trus gmna cara login nya min selain datang ke cabang terdekat.,2,0,3.2.0,2025-11-13 10:54:02+00:00,"Halo Sahabat @Putra Sptra, mohon maaf atas ketidaknyamanannya. Perihal kendala pada layanan Livin’ by Mandiri, mohon untuk mengirimkan email ke mandiricare@bankmandiri.co.id atau dapat menghubungi layanan Mandiri Call 14000 agar dilakukan pengecekan. Tks~Danti",2025-11-13 10:58:37,3.2.0,Dataset/dataset\LIVIN_googleplay_NOVEMBER_reviews.csv,login
8679cbcd-6d80-49a0-b81a-9d492fa9973e,Pengguna Google,https://play-lh.googleusercontent.com/EGemoI2NTXmTsBVtJqk8jxF9rh8ApRWfsIMQSt2uE4OcpQqbFu7f7NbTK05lx80nuSijCz7sc3a277R67g,tf pake qris blm masuk tpi sukses pembayarnya bisa di bantu,5,0,,2025-11-18 00:37:34+00:00,,,,Dataset/dataset\GOPAY_googleplay_NOVEMBER_reviews.csv,qris
7db60dc0-e261-446b-b9f2-41ea2f2d739a,Pengguna Google,https://play-lh.googleusercontent.com/EGemoI2NTXmTsBVtJqk8jxF9rh8ApRWfsIMQSt2uE4OcpQqbFu7f7NbTK05lx80nuSijCz7sc3a277R67g,"susah amat saya mau transfer tinggal pencet nomor pin nya aja..cuman ini nomor angka nya gak muncul"" sudah 1 hari lebih saya gak bisa juga...awal bagus skrng makin aneh mau tf aja susah padahal tinggal pencet pin doang...cuman keliatan gambar blank aja putih,sampai saya nunggu satu hari sampai sakrng gtu juga gak bisa...busettt...",3,12,1.61.2,2025-10-26 15:36:05+00:00,"Hai Kak @Bron Channel, mohon maaf atas ketidaknyamanannya. Pastikan kamu sudah menggunakan aplikasi GoPay versi terbaru, ya. Jika masih berkendala, silakan laporkan melalui halaman Bantuan > ketik ""Kendala tampilan dan notifikasi"" di kolom pencarian > pilih artikel dan lengkapi formulirnya. Kami siap membantu. ^Melisa",2025-10-26 16:14:35,1.61.2,Dataset/dataset\GOPAY_googleplay_OCTOBER_reviews.csv,transfer
f1655c7e-1447-4e66-b604-04bd2b7d1e6f,Pengguna Google,https://play-lh.googleusercontent.com/EGemoI2NTXmTsBVtJqk8jxF9rh8ApRWfsIMQSt2uE4OcpQqbFu7f7NbTK05lx80nuSijCz7sc3a277R67g,katanya kalo upgrade jd gopay tabungan gratis top up via VA eh.. tau nya sama aj boong gratis 5x /bulan doank dan mo pake bank apapun ya totalnya 5x. NYESEL UDA UPGRADE JD TABUNGAN !! Mo d tutup tabungannya eh ada saldo mininal 😤😤 emg bisa aj caramu ngelabuhi org,1,0,,2025-11-25 04:01:50+00:00,,,,Dataset/dataset\GOPAY_googleplay_NOVEMBER_reviews.csv,topup
7d9ceaf7-5c09-4b35-98f0-43052d03af80,Pengguna Google,https://play-lh.googleusercontent.com/EGemoI2NTXmTsBVtJqk8jxF9rh8ApRWfsIMQSt2uE4OcpQqbFu7f7NbTK05lx80nuSijCz7sc3a277R67g,sekarang eror top up game,3,1,,2025-11-24 23:59:56+00:00,,,,Dataset/dataset\GOPAY_googleplay_NOVEMBER_reviews.csv,topup
3f0cad86-68c1-4346-818b-26c69822b6cf,Pengguna Google,https://play-lh.googleusercontent.com/EGemoI2NTXmTsBVtJqk8jxF9rh8ApRWfsIMQSt2uE4OcpQqbFu7f7NbTK05lx80nuSijCz7sc3a277R67g,top up game jadi gratis,5,0,,2025-12-08 16:02:18+00:00,"Hi Kak. Terima kasih telah menggunakan ShopeePay. Mari cek aplikasi ShopeePay karena banyak fitur yang mempermudah keseharian kakak seperti pembelian pulsa, paket data, pembayaran tagihan listrik dan pembayaran lainnya. Jika kakak memiliki pertanyaan seputar ShopeePay, mohon DM kami di Instagram @ShopeePay_ID ya. Semoga harimu menyenangkan ^RJ",2025-12-09 09:33:59,,Dataset/dataset\SHOPEEPAY_googleplay_DECEMBER_reviews.csv,topup
5f159667-c541-44e4-b9d6-e3f3c833ed77,Pengguna Google,https://play-lh.googleusercontent.com/EGemoI2NTXmTsBVtJqk8jxF9rh8ApRWfsIMQSt2uE4OcpQqbFu7f7NbTK05lx80nuSijCz7sc3a277R67g,"transfer sudah 3 hari belum selesai uang gak sampai, saldo tidak kembali..hati2 dengan e-walet ini",2,0,1.40.06,2025-10-04 05:49:34+00:00,"Hi Kak agis. Mohon maaf mengenai kendala transfer ShopeePay yang belum diterima dan saldo belum kembali. Untuk pengecekan lebih lanjut, mohon menghubungi kami melalui DM ke Instagram @ShopeePay_ID dengan melampirkan bukti transfer yang tertera nomor transaksi (Order SN), nominal, tanggal dan waktu transaksi. ^EN",2025-10-06 11:53:29,1.40.06,Dataset/dataset\SHOPEEPAY_googleplay_OCTOBER_reviews.csv,transfer
11780dbd-521d-4935-82ea-a9584b95d5c6,Pengguna Google,https://play-lh.googleusercontent.com/EGemoI2NTXmTsBVtJqk8jxF9rh8ApRWfsIMQSt2uE4OcpQqbFu7f7NbTK05lx80nuSijCz7sc3a277R67g,parah beuh 2 hari gak bisa transfer parah gagal terus heran makin sini makin parah habis sabarku saat ini,1,0,3.145.0,2025-10-24 23:37:53+00:00,,,3.145.0,Dataset/dataset\OVO_googleplay_OCTOBER_reviews.csv,transfer
56f9b330-8f68-41da-b6ba-1415de570373,Pengguna Google,https://play-lh.googleusercontent.com/EGemoI2NTXmTsBVtJqk8jxF9rh8ApRWfsIMQSt2uE4OcpQqbFu7f7NbTK05lx80nuSijCz7sc3a277R67g,kenapa kalo saya mau tf pas mau tekan bayar balik lagi balik lagi ga bisa,2,1,1.62.0,2025-11-09 00:47:08+00:00,"Hai Kak Sachrizal, sebelum transfer, pastikan status upgrade GoPay Plus sudah 'Diterima', nomor penerima valid dan tidak terblokir. Jika masih bermasalah, silakan kunjungi menu Bantuan di aplikasi GoPay atau email ke customerservice@gopay.co.id dan cantumkan kode psr-25-313-0543-38752 pada subjek email. ^Miko",2025-11-09 12:43:57,1.62.0,Dataset/dataset\GOPAY_googleplay_NOVEMBER_reviews.csv,transfer
e14a5d7a-4d65-4a71-bb3f-ee559df12aa1,Pengguna Google,https://play-lh.googleusercontent.com/EGemoI2NTXmTsBVtJqk8jxF9rh8ApRWfsIMQSt2uE4OcpQqbFu7f7NbTK05lx80nuSijCz7sc3a277R67g,jelek banget mau transfer harus verifikasi muka tapi gagal mulu,1,0,1.44.04,2025-12-02 14:48:43+00:00,"Hi Kak Al. Maaf atas kendala gagal verifikasi wajah saat transfer. Pastikan verifikasi wajah telah sesuai dgn data KTP yg terdaftar di ShopeePay agar sistem dpt memverifikasi kepemilikan akun. Silakan klik ShopeePay>Saya>Pengaturan>Upgrade ke ShopeePay Plus>Informasi Pribadi. Untuk bantuan, hubungi kami melalui DM ke Instagram @ShopeePay_ID. ^CS",2025-12-02 15:37:57,1.44.04,Dataset/dataset\SHOPEEPAY_googleplay_DECEMBER_reviews.csv,transfer
9e7db067-d1b3-4c89-9c8a-ba5a92792abf,Pengguna Google,https://play-lh.googleusercontent.com/EGemoI2NTXmTsBVtJqk8jxF9rh8ApRWfsIMQSt2uE4OcpQqbFu7f7NbTK05lx80nuSijCz7sc3a277R67g,pembayaran qris suka gagal refund nya lama harus ini harus itu.,1,0,,2025-11-06 12:31:36+00:00,"Hai Sahabat @Saepudin Nn, mohon maaf atas ketidaknyamanannya. Perihal tsb akan menjadi masukan bagi kami untuk pengembangan aplikasi kedepannya dan meningkatkan kualitas layanan Bank Mandiri demi kenyamanan nasabah. Utk kendala yg dialami, mohon mengirimkan email ke mandiricare@bankmandiri.co.id atau menghubungi mandiri call 14000. Tks~Vika",2025-11-06 12:34:49,,Dataset/dataset\LIVIN_googleplay_NOVEMBER_reviews.csv,qris
090670e5-9b1b-477f-95bd-bd9ae36a28f6,Pengguna Google,https://play-lh.googleusercontent.com/EGemoI2NTXmTsBVtJqk8jxF9rh8ApRWfsIMQSt2uE4OcpQqbFu7f7NbTK05lx80nuSijCz7sc3a277R67g,"saya udah pake apk ini sudah lumayan cukup lama, saya setiap hri selalu di tf bca ke gopay saya, dan baru kali ini uang saya berkurang setelah di tf ke gopay saya mohon atas tanggung jawab nya ya, walaupun nominal sedikit tapi saya bingung takut uang saya tambah berkurang🙏",3,0,1.57.0,2025-10-01 10:58:12+00:00,"Hai Kak Angelina, pastikan nomor tujuan sudah benar, sudah cek halaman Riwayat, dan coba keluar dan masuk kembali ke aplikasi. Jika saldo masih belum masuk, silakan laporkan melalui menu Bantuan > ketik 'Top up GoPay saya belum masuk' > isi formulir dan cantumkan kode psr-25-274-0820-39028 pada bagian 'Ceritakan lebih lanjut'. ^Maura",2025-10-01 15:20:50,1.57.0,Dataset/dataset\GOPAY_googleplay_OCTOBER_reviews.csv,transfer
02867c45-5ef7-451a-83e0-25fccf078b8a,Pengguna Google,https://play-lh.googleusercontent.com/EGemoI2NTXmTsBVtJqk8jxF9rh8ApRWfsIMQSt2uE4OcpQqbFu7f7NbTK05lx80nuSijCz7sc3a277R67g,temen saya tf dari dana ke gopay saya di status dana nya berhasil tapi di gopay blm masuk juga sampe sekarang Tolong penjelasannya,3,0,1.61.2,2025-11-01 17:11:11+00:00,"Hai Kak Mizwar, pastikan nomor tujuan sudah benar, sudah cek halaman Riwayat, dan coba keluar dan masuk kembali ke aplikasi. Jika saldo masih belum masuk, silakan laporkan melalui menu Bantuan > ketik 'Top up GoPay saya belum masuk' > isi formulir dan cantumkan kode psr-25-305-1159-39573 pada bagian 'Ceritakan lebih lanjut'. ^Maura",2025-11-01 18:59:44,1.61.2,Dataset/dataset\GOPAY_googleplay_NOVEMBER_reviews.csv,transfer
334c28c5-98bb-4545-8894-4d2ffb1df2ad,Pengguna Google,https://play-lh.googleusercontent.com/EGemoI2NTXmTsBVtJqk8jxF9rh8ApRWfsIMQSt2uE4OcpQqbFu7f7NbTK05lx80nuSijCz7sc3a277R67g,"koneksi jaringan kenapa terputus, gak bisa login",1,0,8.78.0,2025-12-05 16:02:22+00:00,"Halo, Jagoan. Mohon maaf atas kendala yang terjadi ya. Kamu tidak perlu khawatir, kamu bisa menjelaskan detail kendala tersebut melalui email di tanya@jago.com atau call center 1500 746 untuk kami bantu tangani lebih lanjut. Terima kasih :)",2025-12-05 16:41:33,8.78.0,Dataset/dataset\JAGO_googleplay_DECEMBER_reviews.csv,login
24a5f925-ffb5-4dac-8599-7b746806a3ac,Pengguna Google,https://play-lh.googleusercontent.com/EGemoI2NTXmTsBVtJqk8jxF9rh8ApRWfsIMQSt2uE4OcpQqbFu7f7NbTK05lx80nuSijCz7sc3a277R67g,"qris transaksi gagal, tapi ke debit proses refund ribet",1,0,3.1.0,2025-11-17 12:18:57+00:00,"Halo Sahabat @Ian, mohon maaf atas ketidaknyamannya. Untuk perihal kendala pada layanan Livin' by Mandiri, mohon untuk dapat mengirimkan email ke mandiricare@bankmandiri.co.id atau dapat menghubungi layanan mandiri 14000 agar dapat dilakukan pengecekan. Tks~Irish",2025-11-17 12:34:43,3.1.0,Dataset/dataset\LIVIN_googleplay_NOVEMBER_reviews.csv,qris
6f465ed0-7950-4b1b-ae12-00cdd8746f39,Pengguna Google,https://play-lh.googleusercontent.com/EGemoI2NTXmTsBVtJqk8jxF9rh8ApRWfsIMQSt2uE4OcpQqbFu7f7NbTK05lx80nuSijCz7sc3a277R67g,"kak tolong di bantu aku transfer ovo ke bri, di aplikasi ovo berhasil (sukses) tapi di rekening BRI tidak masuk mohon bantuan dan solusi nya 🙏🏻",2,0,3.132.0,2025-11-04 12:30:54+00:00,,,3.132.0,Dataset/dataset\OVO_googleplay_NOVEMBER_reviews.csv,transfer
0c76a33b-cc12-4d63-bead-fe38e950389d,Pengguna Google,https://play-lh.googleusercontent.com/EGemoI2NTXmTsBVtJqk8jxF9rh8ApRWfsIMQSt2uE4OcpQqbFu7f7NbTK05lx80nuSijCz7sc3a277R67g,"proses verifikasinyaaa lama betulll, suruh nunjukin muka ajaa sampe pegel tangan megang hpnya",1,0,2.3.0,2025-10-02 16:51:08+00:00,"Hai, Kak Anggun. Maaf atas ketidaknyamanannya. Kami akan selalu berusaha memberikan yang terbaik demi kebutuhan perbankan Kakak. Terkait hal tersebut pastikan beberapa hal berikut, pastikan Kakak tidak memakai sunglasses, di tempat yang terang, tidak backlight, posisi wajah di dalam lingkaran dan pastikan aplikasi blu versi terupdate ya.",2025-10-02 17:09:12,2.3.0,Dataset/dataset\BLU_googleplay_OCTOBER_reviews.csv,vermuk
2809ec51-53d5-457f-82ed-e169014f453c,Pengguna Google,https://play-lh.googleusercontent.com/EGemoI2NTXmTsBVtJqk8jxF9rh8ApRWfsIMQSt2uE4OcpQqbFu7f7NbTK05lx80nuSijCz7sc3a277R67g,Aplikasi yang sangat bagus untuk membantu mengatasi berbagai jenis keluhan tentang masalah transfer gratis ke bank manapun dan gratis juga ke ewalet apapun tp sayang klo top UP ewalet trus pending masuk nya lama harus nunggu 24 jam nunggu pelanggan kabur dulu baru ada keputusan masuk atau gagal suka kesel juga klo kaya gitu,5,7,1.44.05,2025-12-17 08:38:22+00:00,"Hi Kak. Terima kasih telah menggunakan ShopeePay. Mari cek aplikasi ShopeePay karena banyak fitur yang mempermudah keseharian kakak seperti pembelian pulsa, paket data, pembayaran tagihan listrik dan pembayaran lainnya. Jika kakak memiliki pertanyaan seputar ShopeePay, mohon DM kami di Instagram @ShopeePay_ID ya. Semoga harimu menyenangkan ^RJ",2025-12-17 09:48:53,1.44.05,Dataset/dataset\SHOPEEPAY_googleplay_DECEMBER_reviews.csv,topup
