reviewId,userName,userImage,content,score,thumbsUpCount,reviewCreatedVersion,at,replyContent,repliedAt,appVersion,source,keyword
dd4a3976-9c47-4700-959a-485b0e668f75,Pengguna Google,https://play-lh.googleusercontent.com/EGemoI2NTXmTsBVtJqk8jxF9rh8ApRWfsIMQSt2uE4OcpQqbFu7f7NbTK05lx80nuSijCz7sc3a277R67g,"yang terhormat pihak gopay,tolong dibantu saya tidak bisa login,sudah 2 minggu.saya pakai hp samsung j2prime",5,0,1.62.0,2025-11-12 00:18:13+00:00,,,1.62.0,Dataset/dataset\GOPAY_googleplay_NOVEMBER_reviews.csv,login
444f575a-238a-4d9c-9231-c2861211faa1,Pengguna Google,https://play-lh.googleusercontent.com/EGemoI2NTXmTsBVtJqk8jxF9rh8ApRWfsIMQSt2uE4OcpQqbFu7f7NbTK05lx80nuSijCz7sc3a277R67g,berguna untuk top up dan dll,5,0,1.60.0,2025-10-30 13:32:10+00:00,,,1.60.0,Dataset/dataset\GOPAY_googleplay_OCTOBER_reviews.csv,topup
0b93700a-c14f-46d9-8fee-b4c5b0a73298,Pengguna Google,https://play-lh.googleusercontent.com/EGemoI2NTXmTsBVtJqk8jxF9rh8ApRWfsIMQSt2uE4OcpQqbFu7f7NbTK05lx80nuSijCz7sc3a277R67g,sangat amat mudah di gunakan dan juga free admin TF ke semua bank..best banget lahh,5,0,1.62.0,2025-11-13 15:25:10+00:00,,,1.62.0,Dataset/dataset\GOPAY_googleplay_NOVEMBER_reviews.csv,transfer
f2bedf85-b0b9-4e32-9a3e-0475741fd097,Pengguna Google,https://play-lh.googleusercontent.com/EGemoI2NTXmTsBVtJqk8jxF9rh8ApRWfsIMQSt2uE4OcpQqbFu7f7NbTK05lx80nuSijCz7sc3a277R67g,top up e money 50rb tgl 6 Nov 25 gopay kepotong sampai sekarang tgl 9 Nov saldo e money ga nambah... hati2 yg mau topup e money dari aplikasi ini,2,0,1.61.2,2025-11-09 18:32:26+00:00,"Hai Kak Yakup, mohon maaf atas ketidaknyamanannya. Terkait keluhan tersebut, silakan laporkan melalui email ke customerservice@gopay.co.id dengan melampirkan kode psr-25-314-2352-35528 pada subject email. Kami tunggu detail laporan kamu ya. ^Maura",2025-11-10 06:52:42,1.61.2,Dataset/dataset\GOPAY_googleplay_NOVEMBER_reviews.csv,topup
f461a617-2eef-4ee2-8675-88f3f7d6b300,Pengguna Google,https://play-lh.googleusercontent.com/EGemoI2NTXmTsBVtJqk8jxF9rh8ApRWfsIMQSt2uE4OcpQqbFu7f7NbTK05lx80nuSijCz7sc3a277R67g,di tf ndak masuk2,1,0,1.41.06,2025-10-28 16:13:55+00:00,"Hi Kak. Mohon maaf atas kendala transfer yang belum diterima. Terkait kendala tersebut mohon menghubungi kami melalui DM ke Instagram @ShopeePay_ID yang bercentang biru, dengan melampirkan bukti transfer yang berkendala untuk bantuan lebih lanjut. Semoga kendala kakak segera terselesaikan ya. ^CS",2025-10-28 17:13:15,1.41.06,Dataset/dataset\SHOPEEPAY_googleplay_OCTOBER_reviews.csv,transfer
2e1be1c2-37de-4417-8016-e28944405c55,Pengguna Google,https://play-lh.googleusercontent.com/EGemoI2NTXmTsBVtJqk8jxF9rh8ApRWfsIMQSt2uE4OcpQqbFu7f7NbTK05lx80nuSijCz7sc3a277R67g,ribet banget harus vermuk tiap kali transfer!! saya sehari bisa transfer 5 - 8 kali masa tiap transfer mesti vermuk mulu.!!!,1,0,,2025-12-16 19:28:23+00:00,"Hi Kak, Mohon maaf atas kendala verifikasi wajah saat melakukan transfer. Verifikasi wajah merupakan bagian dari sistem keamanan akun dan akan muncul saat pindah device kemudian terdapat aktivitas seperti pembayaran/checkout dll, silakan menghubungi kami melalui DM Instagram di @ShopeePay_ID untuk bantuan lebih lanjut. ^CS",2025-12-17 11:44:54,,Dataset/dataset\SHOPEEPAY_googleplay_DECEMBER_reviews.csv,transfer
bde02078-548c-472a-9468-3a469c0c89b7,Pengguna Google,https://play-lh.googleusercontent.com/EGemoI2NTXmTsBVtJqk8jxF9rh8ApRWfsIMQSt2uE4OcpQqbFu7f7NbTK05lx80nuSijCz7sc3a277R67g,"qlo belum siap bikin wallet atau aplikasi jangan bikin , jadi ngeroptin orang, mau login aja susah amat!!!",1,0,8.76.0,2025-11-02 19:21:42+00:00,"Halo, Jagoan! Kami mohon maaf sekali ya atas kendala yang kamu alami. Apakah kamu berkenan menginformasikan detail kendala tersebut supaya bisa kami bantu cek lebih lanjut? Mohon untuk menghubungi kami melalui Tanya Jago di 1500 746/+62 21 3000 0746, atau melalui email ke tanya@jago.com. Kami tunggu laporannya ya.",2025-11-02 19:38:26,8.76.0,Dataset/dataset\JAGO_googleplay_NOVEMBER_reviews.csv,login
354bfdcd-7ede-43b6-bb38-1f7c7ce6718b,Pengguna Google,https://play-lh.googleusercontent.com/EGemoI2NTXmTsBVtJqk8jxF9rh8ApRWfsIMQSt2uE4OcpQqbFu7f7NbTK05lx80nuSijCz7sc3a277R67g,nomor kartu saya hilang tidak bisa login dan tidak ada solusi buat kirim ke email,1,1,8.77.3,2025-11-24 23:19:59+00:00,"Halo, Jagoan! Mohon maaf atas ketidaknyamanan yang Kakak alami. Supaya bisa membantu lebih lanjut, Kakak bisa menginformasikan detail keluhannya melalui email tanya@jago.com ya. Tim terkait kami dengan senang hati akan membantu Kakak menyelesaikan permasalahannya.",2025-11-25 05:56:35,8.77.3,Dataset/dataset\JAGO_googleplay_NOVEMBER_reviews.csv,login
8a2cbde7-61ba-4e96-8044-4605bcbd0ea9,Pengguna Google,https://play-lh.googleusercontent.com/EGemoI2NTXmTsBVtJqk8jxF9rh8ApRWfsIMQSt2uE4OcpQqbFu7f7NbTK05lx80nuSijCz7sc3a277R67g,"saya punya koin 5.550 mau di tuker ke paket data tapi kagak bisa knpa min mohon di perbaiki,malah muncul go pulsa erorr padahal minggu lalu bisa kok sekarang kagak bisa min. saya kasih bintang 2 aja dulu,kalo udah di perbaiki baru saya kasih bintang 5,alah Sekarang gua mau top up dm ff yang erorr editttt....",2,3,1.62.0,2025-11-14 00:32:55+00:00,"Hai Kak Marquez, mohon maaf atas ketidaknyamanannya. Pastikan nomor handphone tujuan valid dan PIN GoPay yang dimasukkan benar. Jika masih berkendala, silakan laporkan melalui menu Bantuan dengan ketik ""Tidak bisa melakukan pembelian GoPulsa"" pada kolom pencarian. Kami siap membantu. ^Miko",2025-10-03 16:50:41,1.62.0,Dataset/dataset\GOPAY_googleplay_NOVEMBER_reviews.csv,topup
55c26a5f-4cbf-4b34-9b99-8fc3d6fecce1,Pengguna Google,https://play-lh.googleusercontent.com/EGemoI2NTXmTsBVtJqk8jxF9rh8ApRWfsIMQSt2uE4OcpQqbFu7f7NbTK05lx80nuSijCz7sc3a277R67g,"keamanan tebel bngtt, ga prnah kebobolann tapi begitu lupa sandi kemungkinan gabisa login lagi krna keamanan nya tebel bgt😭",4,0,1.45.09,2025-12-28 12:18:41+00:00,"Hi Kak, kami memahami terkait kendala lupa PIN ShopeePay. Kakak dapat mengubah PIN ShopeePay dengan mengikuti panduan pada link ini https://help.shopee.co.id/portal/4/article/73097 ya. Pastikan nomor telepon terdaftar masih aktif untuk menerima kode OTP. Apabila masih terkendala, silakan hubungi kami melalui DM ke Instagram @ShopeePay_ID. ^AS",2025-12-29 15:15:42,1.45.09,Dataset/dataset\SHOPEEPAY_googleplay_DECEMBER_reviews.csv,login
e90cd056-3a44-4011-aac4-917f5bb579bf,Pengguna Google,https://play-lh.googleusercontent.com/EGemoI2NTXmTsBVtJqk8jxF9rh8ApRWfsIMQSt2uE4OcpQqbFu7f7NbTK05lx80nuSijCz7sc3a277R67g,"knpa ya akun gopay sya tiap transaksi selalu gagal, ad tulisan ada aktivitas tidak wajar pdahal biasa na bisa transaksi pembelian pulsa, pket data atau top up tlg ya",1,0,,2025-10-06 16:29:45+00:00,"Hai Kak Abdi, mohon maaf atas ketidaknyamanannya. Terkait hal tersebut, silakan laporkan melalui email ke customerservice@gopay.co.id dengan melampirkan kode psr-25-279-1035-30672 pada subject email dan ceritakan kembali detail permasalahannya agar tim kami bisa bantu cek lebih lanjut ya. ^Melisa",2025-10-06 17:35:40,,Dataset/dataset\GOPAY_googleplay_OCTOBER_reviews.csv,topup
81827424-3cc2-4fbf-a9c4-810806aaa37c,Pengguna Google,https://play-lh.googleusercontent.com/EGemoI2NTXmTsBVtJqk8jxF9rh8ApRWfsIMQSt2uE4OcpQqbFu7f7NbTK05lx80nuSijCz7sc3a277R67g,gopay bener bener ya saya udah 2 kali top up Buat saldo gopay beneran ga masuk masuk saldo nya tolong tanggung jawab nya dari pihak gopay setelah saya Klik menu bantuan tidak diproses sama sekali masalah saya lalu saldo saya ini dikemanakan,1,0,1.60.0,2025-10-19 13:07:31+00:00,"Hai Kak Hosea, mohon maat atas ketidaknyamanannya. Jika kamu masih mengalami kendala, silakan laporkan melalui email ke customerservice@gopay.co.id dengan melampirkan kode psr-25-292-0658-04721 pada subject email dan cantumkan nomor laporan kamu sebelumnya pada email yang kamu kirimkan. Kami tunggu detail laporan kamu ya. ^Melisa",2025-10-19 13:58:10,1.60.0,Dataset/dataset\GOPAY_googleplay_OCTOBER_reviews.csv,topup
e1ff2e1c-225f-4839-965a-a1f61c107bb4,Pengguna Google,https://play-lh.googleusercontent.com/EGemoI2NTXmTsBVtJqk8jxF9rh8ApRWfsIMQSt2uE4OcpQqbFu7f7NbTK05lx80nuSijCz7sc3a277R67g,"makin kesini makin gak jelas, dasar hp gua ilang email gua lupa, gimana gua mau login, harus nya adain vermuk atau masukan password.",1,1,3.145.0,2025-10-27 02:05:53+00:00,,,3.145.0,Dataset/dataset\OVO_googleplay_OCTOBER_reviews.csv,login
8d10f19d-e7f2-48c5-8986-58a5231a0f22,Pengguna Google,https://play-lh.googleusercontent.com/EGemoI2NTXmTsBVtJqk8jxF9rh8ApRWfsIMQSt2uE4OcpQqbFu7f7NbTK05lx80nuSijCz7sc3a277R67g,muka udah sesuai ngk bisa login kocak nomer hp nya pun udah ada,1,0,1.62.0,2025-11-16 18:23:12+00:00,"Mohon maaf atas kendalanya, Kak @Jp Badag. Sebelum login, pastikan fitur Face ID/Sidik Jari sudah aktif dan pola atau kata sandi yang dimasukkan sudah benar. Untuk info lebih lanjut, kunjungi halaman bantuan login > klik ikon ""?"" > pilih ""Tidak bisa masuk ke akun GoPay"" > pilih artikel ""Saya tidak bisa masuk dengan Face ID/Sidik Jari"". ^Miko",2025-11-16 21:23:08,1.62.0,Dataset/dataset\GOPAY_googleplay_NOVEMBER_reviews.csv,login
cd98503a-b39a-4080-890c-5700c66daf36,Pengguna Google,https://play-lh.googleusercontent.com/EGemoI2NTXmTsBVtJqk8jxF9rh8ApRWfsIMQSt2uE4OcpQqbFu7f7NbTK05lx80nuSijCz7sc3a277R67g,dulu bagus kok sekarang MAKIN HANCUR APLIKASI INI... 3 HARI GW COBA BUKA MAU TOP UP gk bisa2 .. asli aplikasi RUSAK !!!!,1,0,,2025-10-31 16:39:18+00:00,,,,Dataset/dataset\OVO_googleplay_OCTOBER_reviews.csv,topup
34a363ff-01e9-4f97-b632-ea79a57a4f45,Pengguna Google,https://play-lh.googleusercontent.com/EGemoI2NTXmTsBVtJqk8jxF9rh8ApRWfsIMQSt2uE4OcpQqbFu7f7NbTK05lx80nuSijCz7sc3a277R67g,kenapa tiap saya tutup aplikasi bank jago dan mau buka lagi saya diminta login lagi ya? sebelumnya hanya butuh finger print saya aja.,1,0,8.79.0,2025-12-25 05:45:24+00:00,"Halo, Jagoan. Mohon maaf atas kendala yang terjadi ya. Kamu tidak perlu khawatir, kamu bisa menjelaskan detail kendala tersebut melalui email di tanya@jago.com atau call center 1500 746 untuk kami bantu tangani lebih lanjut. Terima kasih :)",2025-12-25 06:15:10,8.79.0,Dataset/dataset\JAGO_googleplay_DECEMBER_reviews.csv,login
33818bc2-b4b0-45ce-b9fa-3e7397668e90,Pengguna Google,https://play-lh.googleusercontent.com/EGemoI2NTXmTsBVtJqk8jxF9rh8ApRWfsIMQSt2uE4OcpQqbFu7f7NbTK05lx80nuSijCz7sc3a277R67g,aku menyesal pakai OVO.. resiko kehilangan uang sangat tinggi kalau hilang nomor HP atau email..proses login sulit padahal akun sudah premier.. buat kalian jangan pakai OVO,1,0,3.147.0,2025-11-23 17:02:27+00:00,,,3.147.0,Dataset/dataset\OVO_googleplay_NOVEMBER_reviews.csv,login
0271b4f5-bb04-463c-af89-5abc935c527c,Pengguna Google,https://play-lh.googleusercontent.com/EGemoI2NTXmTsBVtJqk8jxF9rh8ApRWfsIMQSt2uE4OcpQqbFu7f7NbTK05lx80nuSijCz7sc3a277R67g,"TOLONG DONG JANGAN NGERUGI'IN PENGGUNAA , SAYA BAYAR DI TOKO QRIS SALDO SUDAH DI POTONG NOTIFIKASI MASIH PROSES AJA , SEKARANG SAYA BAYAR CASH DI TOKO SAYA TINGGAL PULANG NTAR SALDO OVO YG MASIH PROSES MALAH MASUK KE TOKO JADI SAYA BAYAR 2 KALI , SAMA AJA ANDA MERUGIKAN SAYA , DI KIRIM LAPORAN TIDAK ANDA CEK DAN RESPON JUGA KETERLALUAN.",1,0,3.146.0,2025-10-30 01:22:07+00:00,,,3.146.0,Dataset/dataset\OVO_googleplay_OCTOBER_reviews.csv,qris
981337e2-02d1-4390-8f85-7ab32881361b,Pengguna Google,https://play-lh.googleusercontent.com/EGemoI2NTXmTsBVtJqk8jxF9rh8ApRWfsIMQSt2uE4OcpQqbFu7f7NbTK05lx80nuSijCz7sc3a277R67g,sdah top up tapi gak masuk,1,0,3.131.0,2025-10-16 06:31:08+00:00,,,3.131.0,Dataset/dataset\OVO_googleplay_OCTOBER_reviews.csv,topup
7b590550-ac2f-44f6-89c5-4da19147ea41,Pengguna Google,https://play-lh.googleusercontent.com/EGemoI2NTXmTsBVtJqk8jxF9rh8ApRWfsIMQSt2uE4OcpQqbFu7f7NbTK05lx80nuSijCz7sc3a277R67g,"transfer saya tertunda min, tolong kembalikan saldo nya min, atau apalah yang penting jangan di proses Mulu.",1,0,3.148.0,2025-12-17 09:03:43+00:00,,,3.148.0,Dataset/dataset\OVO_googleplay_DECEMBER_reviews.csv,transfer
539c51bb-381f-49d7-8b21-8b49a7a80fd4,Pengguna Google,https://play-lh.googleusercontent.com/EGemoI2NTXmTsBVtJqk8jxF9rh8ApRWfsIMQSt2uE4OcpQqbFu7f7NbTK05lx80nuSijCz7sc3a277R67g,"semua oke , tapi cuma satu yang kurang yaitu belum bisa menerima transfer dari luar negeri.",5,0,8.74.0,2025-11-08 18:13:32+00:00,,,8.74.0,Dataset/dataset\JAGO_googleplay_NOVEMBER_reviews.csv,transfer
7ffa3906-b4a1-4560-9e10-453a3ee2d77f,Pengguna Google,https://play-lh.googleusercontent.com/EGemoI2NTXmTsBVtJqk8jxF9rh8ApRWfsIMQSt2uE4OcpQqbFu7f7NbTK05lx80nuSijCz7sc3a277R67g,masa gw top up gk masuk masuk parah nih,2,0,,2025-12-05 17:50:19+00:00,,,,Dataset/dataset\OVO_googleplay_DECEMBER_reviews.csv,topup
7bae2d5a-eae1-4c9f-99d5-1b775206bd9c,Pengguna Google,https://play-lh.googleusercontent.com/EGemoI2NTXmTsBVtJqk8jxF9rh8ApRWfsIMQSt2uE4OcpQqbFu7f7NbTK05lx80nuSijCz7sc3a277R67g,mau bayar lewat qris kok gangguan teknis terus ya berhari-hari gak ada perbaikan kah?,1,1,1.64.1,2025-11-29 13:12:54+00:00,,,1.64.1,Dataset/dataset\GOPAY_googleplay_NOVEMBER_reviews.csv,qris
9665190d-4a02-465c-963c-0672a0260c24,Pengguna Google,https://play-lh.googleusercontent.com/EGemoI2NTXmTsBVtJqk8jxF9rh8ApRWfsIMQSt2uE4OcpQqbFu7f7NbTK05lx80nuSijCz7sc3a277R67g,sangat mudah pendataftanya langsung bisa TF tanpa harus premium,5,0,1.59.0,2025-10-01 19:57:58+00:00,,,1.59.0,Dataset/dataset\GOPAY_googleplay_OCTOBER_reviews.csv,transfer
ff8623a8-c95d-4339-b99f-ec327e38bf6a,Pengguna Google,https://play-lh.googleusercontent.com/EGemoI2NTXmTsBVtJqk8jxF9rh8ApRWfsIMQSt2uE4OcpQqbFu7f7NbTK05lx80nuSijCz7sc3a277R67g,saya top up isi saldo kok sampai sekarang belum masuk apa maksud ovo ini walaupun sedikit berharga Sma saya,2,0,3.144.0,2025-10-01 18:59:07+00:00,,,3.144.0,Dataset/dataset\OVO_googleplay_OCTOBER_reviews.csv,topup
b4d32633-8c9f-40dd-9117-bb7305cb587a,Pengguna Google,https://play-lh.googleusercontent.com/EGemoI2NTXmTsBVtJqk8jxF9rh8ApRWfsIMQSt2uE4OcpQqbFu7f7NbTK05lx80nuSijCz7sc3a277R67g,woii dm gue gak masuk padahal sudah tf hilang saldo gw 27.000,1,0,,2025-10-10 15:31:35+00:00,"Hai Kak @Streetzy, kami mohon maaf atas kondisi yang Kakak alami. Terkait hal ini, dapat kami sampaikan bahwa ada pemeliharaan sistem yang mempengaruhi transaksi Kakak & saat ini sudah kembali normal. Berkenan untuk melakukan pengecekan kembali di akun tujuan secara berkala ya Kak. Mohon maaf atas ketidaknyamanannya. Salam hangat. ^Miko",2025-10-10 20:59:39,,Dataset/dataset\GOPAY_googleplay_OCTOBER_reviews.csv,transfer
f80aee52-c434-46e0-b4e4-14c45ce77bf8,Pengguna Google,https://play-lh.googleusercontent.com/EGemoI2NTXmTsBVtJqk8jxF9rh8ApRWfsIMQSt2uE4OcpQqbFu7f7NbTK05lx80nuSijCz7sc3a277R67g,verifikasi wajah gagal gagal capek kedap kedip,3,0,3.2.0,2025-11-23 21:05:41+00:00,"Halo Sahabat @Kadrodin Didik, mohon maaf atas ketidaknyamanannya. Apabila terdapat kendala agar dapat kami tindaklanjuti, Sahabat dapat mengirimkan email ke mandiricare@bankmandiri.co.id atau menghubungi layanan mandiri call 14000 ya. Tks~Carlos",2025-11-23 21:07:59,3.2.0,Dataset/dataset\LIVIN_googleplay_NOVEMBER_reviews.csv,vermuk
da07b186-4b37-42af-a9d1-f9ff96f1c90e,Pengguna Google,https://play-lh.googleusercontent.com/EGemoI2NTXmTsBVtJqk8jxF9rh8ApRWfsIMQSt2uE4OcpQqbFu7f7NbTK05lx80nuSijCz7sc3a277R67g,gsk bisa login selalu dalam perbaikan sudah nunggu seminggu tpi sama aja tetap dalam perbaikan,1,1,3.2.0,2025-12-11 12:11:37+00:00,"Hi Sahabat @Indah Andah Rini, mhn maaf ketidaknyamanannya. Terkait kendala Livin by Mandiri, kami sarankan melakukan force close kemudian restart device. Mhn pastikan jaringan yg digunakan stabil dan tdk menggunakan WiFi. Apabila masih kendala, dpt mengirimkan email ke mandiricare@bankmandiri.co.id atau menghubungi mandiri call 14000. Tks~Fatma",2025-12-11 12:19:53,3.2.0,Dataset/dataset\LIVIN_googleplay_DECEMBER_reviews.csv,login
87122733-3426-40d2-b245-87b3922d7bb5,Pengguna Google,https://play-lh.googleusercontent.com/EGemoI2NTXmTsBVtJqk8jxF9rh8ApRWfsIMQSt2uE4OcpQqbFu7f7NbTK05lx80nuSijCz7sc3a277R67g,"setelah saya update malah tidak bisa dipakai topup, saldo di m-banking sudah terpotong, tapi tidak ada dana yang masuk, saya tunggu dua jam, lalu saya coba top up lagi, tetep tidak ada dana yang masuk, sedangkan saldo m-banking tetap terpotong, bagaimana ini, mohon bantuannya...",5,3,,2025-12-01 16:54:57+00:00,"Hi Kak . Kami mohon maaf mengenai kendala top up ShopeePay yang belum diterima. Jika hingga saat ini top up kakak masih belum diterima, mohon menghubungi kami melalui DM ke Instagram @ShopeePay_ID untuk pengecekan dengan melampirkan bukti top up yang dimaksud ya. ^KS",2025-06-11 11:28:55,,Dataset/dataset\SHOPEEPAY_googleplay_DECEMBER_reviews.csv,topup
8fcdf78b-8c85-4459-a9ff-7140e0a2768c,Pengguna Google,https://play-lh.googleusercontent.com/EGemoI2NTXmTsBVtJqk8jxF9rh8ApRWfsIMQSt2uE4OcpQqbFu7f7NbTK05lx80nuSijCz7sc3a277R67g,"saya mau tanya kak, kartu saya 2025 jadi gak bisa login ke livin lagi, bagai mana caranya agar bisa login lagi ya",3,0,1.8.0,2025-11-08 14:17:32+00:00,"Hai Sahabat @Rendi Ardiyanto, mohon maaf atas ketidaknyamanannya. Apabila terdapat kendala agar dapat kami tindaklanjuti, Sahabat dapat mengirimkan email ke mandiricare@bankmandiri.co.id atau menghubungi layanan mandiri call 14000 ya. Tks~Kila",2025-11-08 14:19:19,1.8.0,Dataset/dataset\LIVIN_googleplay_NOVEMBER_reviews.csv,login
c88c2d3b-6020-4684-9b01-1110497920dc,Pengguna Google,https://play-lh.googleusercontent.com/EGemoI2NTXmTsBVtJqk8jxF9rh8ApRWfsIMQSt2uE4OcpQqbFu7f7NbTK05lx80nuSijCz7sc3a277R67g,"tiba² akun gw ke blokir, baru aja top up. apk ta*k.serakah",1,0,3.144.0,2025-10-06 23:48:41+00:00,,,3.144.0,Dataset/dataset\OVO_googleplay_OCTOBER_reviews.csv,topup
380681ad-06f7-4978-af06-5f7187c5fc86,Pengguna Google,https://play-lh.googleusercontent.com/EGemoI2NTXmTsBVtJqk8jxF9rh8ApRWfsIMQSt2uE4OcpQqbFu7f7NbTK05lx80nuSijCz7sc3a277R67g,operasional tidak optimal di persulit untuk transfer ke aplikasi dana atau top up dana TERLEBIH PAJAKNYA SEPERTI PEJABAT TIKUS KANTOR INDONESIA SERBA KENA PAJAK KETIKA BERTRANSAKSI,2,0,3.1.0,2025-11-08 00:38:58+00:00,"Halo Sahabat @Jodi M7, mohon maaf atas ketidaknyamanannya. Terimakasih atas saran dan masukan yang diberikan, perihal tsb akan menjadi masukan bagi kami untuk pengembangan aplikasi kedepannya dan meningkatkan kualitas layanan Livin' by Mandiri. Tks~Charles",2025-11-08 00:44:37,3.1.0,Dataset/dataset\LIVIN_googleplay_NOVEMBER_reviews.csv,topup
06dbd127-974b-4987-a9a8-a2d0b5cde6cd,Pengguna Google,https://play-lh.googleusercontent.com/EGemoI2NTXmTsBVtJqk8jxF9rh8ApRWfsIMQSt2uE4OcpQqbFu7f7NbTK05lx80nuSijCz7sc3a277R67g,gak jelas mau verif muka trs aja bilang ponsel bergoyang.. gaje lu blu,1,0,2.7.20,2025-12-27 18:40:14+00:00,"Hai, Kak asih. Maaf atas ketidaknyamanannya. Kami akan selalu berusaha memberikan yang terbaik kebutuhan perbankan Kakak. Mohon pastikan perangkat sudah update versi terbaru dan jika ada hal lain yang ingin ditanyakan, Kakak bisa langsung menghubungi X @haloblu atau email haloblu@bcadigital.co.id atau telepon 1500668 (layanan 24 jam).",2025-12-27 19:10:09,2.7.20,Dataset/dataset\BLU_googleplay_DECEMBER_reviews.csv,vermuk
aed01428-54eb-448d-aa88-8a8eaed9151a,Pengguna Google,https://play-lh.googleusercontent.com/EGemoI2NTXmTsBVtJqk8jxF9rh8ApRWfsIMQSt2uE4OcpQqbFu7f7NbTK05lx80nuSijCz7sc3a277R67g,terlalu banyak potongan setiap kali transfer ke ini itu tidak seperti dana gopay dan shopeepay yang gratis biaya transfer,1,0,,2025-10-10 14:58:33+00:00,,,,Dataset/dataset\OVO_googleplay_OCTOBER_reviews.csv,transfer
7b1e0973-b260-4fcd-a792-1d6fef3a20de,Pengguna Google,https://play-lh.googleusercontent.com/EGemoI2NTXmTsBVtJqk8jxF9rh8ApRWfsIMQSt2uE4OcpQqbFu7f7NbTK05lx80nuSijCz7sc3a277R67g,"gak bisa login , layanan TDK tersedia utk sementara mohon diperbaiki segera yah",1,1,3.2.0,2025-11-26 13:38:00+00:00,"Hi Sahabat @IRFANSYAH, mohon maaf atas ketidaknyamanannya. Perihal tsb kami sarankan dapat mengirimkan email ke mandiricare@bankmandiri.co.id atau menghubungi mandiri call 14000. Tks~Carissa",2025-11-26 13:43:22,3.2.0,Dataset/dataset\LIVIN_googleplay_NOVEMBER_reviews.csv,login
1ec9e53c-5682-4bbc-bd41-e2ae8039d266,Pengguna Google,https://play-lh.googleusercontent.com/EGemoI2NTXmTsBVtJqk8jxF9rh8ApRWfsIMQSt2uE4OcpQqbFu7f7NbTK05lx80nuSijCz7sc3a277R67g,transfer berhasil tapi saldo ga masuk,1,0,3.144.0,2025-10-11 06:48:05+00:00,,,3.144.0,Dataset/dataset\OVO_googleplay_OCTOBER_reviews.csv,transfer
f134d336-2dc7-4ea5-ace0-a88f627ad2a3,Pengguna Google,https://play-lh.googleusercontent.com/EGemoI2NTXmTsBVtJqk8jxF9rh8ApRWfsIMQSt2uE4OcpQqbFu7f7NbTK05lx80nuSijCz7sc3a277R67g,ko ga bisa transfer sungguh kapok,1,0,3.149.0,2025-12-13 09:17:21+00:00,,,3.149.0,Dataset/dataset\OVO_googleplay_DECEMBER_reviews.csv,transfer
1288dea4-7884-479a-9d77-2a2b3ed9eca4,Pengguna Google,https://play-lh.googleusercontent.com/EGemoI2NTXmTsBVtJqk8jxF9rh8ApRWfsIMQSt2uE4OcpQqbFu7f7NbTK05lx80nuSijCz7sc3a277R67g,"Hati hati lakukan transfer via shopee krn uangnya lama masuk..... saya transfer dari tgl 31 OKT sampe saat ini tgl 01 nov belum masuk...... Dengan alasan yg tidak masuk akal ""ada perbaikan sistem bank tujuan transfer""",1,10,1.42.03,2025-11-01 07:45:16+00:00,"Hi Kak Maurien. Mohon maaf atas kendala transfer yang belum diterima. Kami siap membantu kakak, terkait kendala tersebut mohon menghubungi kami melalui DM ke Instagram @ShopeePay_ID yang bercentang biru, dengan melampirkan bukti transfer yang terkendala untuk bantuan lebih lanjut. Semoga kendala kakak segera terselesaikan ya. ^CS",2025-11-03 15:50:26,1.42.03,Dataset/dataset\SHOPEEPAY_googleplay_NOVEMBER_reviews.csv,transfer
9dd1b582-1546-4469-8cc8-a5e96606189e,Pengguna Google,https://play-lh.googleusercontent.com/EGemoI2NTXmTsBVtJqk8jxF9rh8ApRWfsIMQSt2uE4OcpQqbFu7f7NbTK05lx80nuSijCz7sc3a277R67g,tidak bisa login stak di otp,1,0,3.1.0,2025-11-11 20:51:13+00:00,"Halo Sahabat @Mang Ijai, mohon maaf atas ketidaknyamannya. Perihal kendala pada layanan Livin' by Mandiri, mohon untuk dapat mengirimkan email ke mandiricare@bankmandiri.co.id atau dapat menghubungi layanan mandiri 14000 agar dapat dilakukan pengecekan. Tks~Syarif",2025-11-11 20:52:28,3.1.0,Dataset/dataset\LIVIN_googleplay_NOVEMBER_reviews.csv,login
ac090034-ba7f-4c92-bba2-2fb359c39588,Pengguna Google,https://play-lh.googleusercontent.com/EGemoI2NTXmTsBVtJqk8jxF9rh8ApRWfsIMQSt2uE4OcpQqbFu7f7NbTK05lx80nuSijCz7sc3a277R67g,"topup dari BCA ga masuk ke shopee di bca udah berhasil, kejadian udah 2x nih topup shopeepay ga masuk pertama kali dari seabank yang notabene nya dari bank mereka sendiri terus kedua ini dari BCA, penanganan nya bertele tele, disuruh nunggu 1x24 jam udah nunggu disuruh nunggu lagi 1x24 jam. pokoknya kapok pake shopepay.",2,0,,2025-11-02 07:28:04+00:00,"Hi Kak AM. Mohon maaf atas kendala Top Up ShopeePay yang belum diterima. Kami siap membantu jika hingga saat ini Top Up masih belum diterima mohon menghubungi kami melalui DM ke Instagram @ShopeePay_ID yang bercentang biru, dengan melampirkan bukti bayar Top Up tersebut untuk bantuan lebih lanjut. Semoga kendala kakak segera terselesaikan ya. ^CS",2025-11-03 11:11:34,,Dataset/dataset\SHOPEEPAY_googleplay_NOVEMBER_reviews.csv,topup
65e4ec34-7a35-476c-a864-7db36c20e09e,Pengguna Google,https://play-lh.googleusercontent.com/EGemoI2NTXmTsBVtJqk8jxF9rh8ApRWfsIMQSt2uE4OcpQqbFu7f7NbTK05lx80nuSijCz7sc3a277R67g,praktis untuk melakukan qris,5,0,1.52.0,2025-10-04 10:18:11+00:00,,,1.52.0,Dataset/dataset\GOPAY_googleplay_OCTOBER_reviews.csv,qris
3ef905f7-dfc1-4819-966f-71964f0f762d,Pengguna Google,https://play-lh.googleusercontent.com/EGemoI2NTXmTsBVtJqk8jxF9rh8ApRWfsIMQSt2uE4OcpQqbFu7f7NbTK05lx80nuSijCz7sc3a277R67g,kalo bukan driver grab udah dihapus aja nih apl dikit² biaya admin dikit² kepotong disaat bank/e-walet lain udah pada gratis tf gratis top up cuma yg 1 ini dipalakin terus tuh duit,1,0,3.144.0,2025-10-15 19:57:22+00:00,,,3.144.0,Dataset/dataset\OVO_googleplay_OCTOBER_reviews.csv,topup
66cecf62-d2d6-422a-856e-75410b37b09d,Pengguna Google,https://play-lh.googleusercontent.com/EGemoI2NTXmTsBVtJqk8jxF9rh8ApRWfsIMQSt2uE4OcpQqbFu7f7NbTK05lx80nuSijCz7sc3a277R67g,"Gimana sih, aplikasi tiba-tiba gak bisa dibuka padahal lagi mau bayar di kasir terpaksa tarik tunai pakai kartu, abis itu ada update setelah di update malah akun ke blokir terus reset password scan wajah malah gak bisa, katanya hp jangan goyang padahal hp disandarkan ditembok gak dipegang gak goyang malah tetap gak bisa, maunya apa sih, kalo emang udah gak bisa digunakan lagi ya udah saya uninstall aja gimana????!!!!!",1,14,2.7.10,2025-12-19 20:29:23+00:00,"Hai, Kak Ricard. Maaf atas ketidaknyamanannya. Kami akan selalu berusaha memberikan yang terbaik demi kebutuhan perbankan Kakak. Terkait hal tersebut pastikan beberapa hal berikut, pastikan Kakak tidak memakai sunglasses, di tempat yang terang, tidak backlight, posisi wajah di dalam lingkaran dan pastikan aplikasi blu versi terupdate ya.",2025-12-19 21:00:24,2.7.10,Dataset/dataset\BLU_googleplay_DECEMBER_reviews.csv,vermuk
883a095f-2f70-41b8-8f9f-8dc70dbf060c,Pengguna Google,https://play-lh.googleusercontent.com/EGemoI2NTXmTsBVtJqk8jxF9rh8ApRWfsIMQSt2uE4OcpQqbFu7f7NbTK05lx80nuSijCz7sc3a277R67g,"Sulitnya login , gak bisa di klik link verifikasinya bahkan ke alamat gak valid kacau",1,1,3.150.0,2025-12-29 11:04:59+00:00,,,3.150.0,Dataset/dataset\OVO_googleplay_DECEMBER_reviews.csv,login
3c656e8e-7eca-456c-b842-045e46046a2e,Pengguna Google,https://play-lh.googleusercontent.com/EGemoI2NTXmTsBVtJqk8jxF9rh8ApRWfsIMQSt2uE4OcpQqbFu7f7NbTK05lx80nuSijCz7sc3a277R67g,ewallet ovo taii kikir bgtt tf kena admin pas saldo masuk msih kena sedot 2k haus duit lu,1,0,3.34.0,2025-12-14 09:08:39+00:00,,,3.34.0,Dataset/dataset\OVO_googleplay_DECEMBER_reviews.csv,transfer
5170123a-134d-4362-ad00-6df8df0aff4e,Pengguna Google,https://play-lh.googleusercontent.com/EGemoI2NTXmTsBVtJqk8jxF9rh8ApRWfsIMQSt2uE4OcpQqbFu7f7NbTK05lx80nuSijCz7sc3a277R67g,Tolong saya top up dari dana ke gopay 9.700.000 belum masuk sampai sekarang dari pihak dana sudah mengkonfirmasi bahwa sudah terkirim,1,0,,2025-11-04 16:04:03+00:00,"Hai Kak Jean, mohon maaf atas ketidaknyamanannya. Jika masih mengalami keluhan, silakan laporkan melalui email ke customerservice@gopay.co.id dengan melampirkan kode psr-25-308-1021-49047 pada subject email dan cantumkan nomor laporan sebelumnya serta ceritakan kembali detail permasalahannya. Kami tunggu detail laporan kamu ya. ^Miko",2025-11-04 17:22:03,,Dataset/dataset\GOPAY_googleplay_NOVEMBER_reviews.csv,topup
1925204f-2caf-4cba-8363-efbb769b76ab,Pengguna Google,https://play-lh.googleusercontent.com/EGemoI2NTXmTsBVtJqk8jxF9rh8ApRWfsIMQSt2uE4OcpQqbFu7f7NbTK05lx80nuSijCz7sc3a277R67g,Sekarang koinnya kok jadi sedikit.. kalau beli pakai Qris dapatnya koin aja..,5,0,1.44.05,2025-12-15 05:17:30+00:00,"Hi Kak. Terima kasih telah menggunakan ShopeePay. Mari cek aplikasi ShopeePay karena banyak fitur yang mempermudah keseharian kakak seperti pembelian pulsa, paket data, pembayaran tagihan listrik dan pembayaran lainnya. Jika kakak memiliki pertanyaan seputar ShopeePay, mohon DM kami di Instagram @ShopeePay_ID ya. Semoga harimu menyenangkan ^RJ",2025-12-15 10:14:55,1.44.05,Dataset/dataset\SHOPEEPAY_googleplay_DECEMBER_reviews.csv,qris
432b7855-4fa2-4d33-a023-3fc1486ebc3b,Pengguna Google,https://play-lh.googleusercontent.com/EGemoI2NTXmTsBVtJqk8jxF9rh8ApRWfsIMQSt2uE4OcpQqbFu7f7NbTK05lx80nuSijCz7sc3a277R67g,"cuma pindah hp jdi GK bisa transfer,, aplikasi payahhh,, haruss update TPI GK bisa jg lol",1,0,3.145.0,2025-10-25 12:46:47+00:00,,,3.145.0,Dataset/dataset\OVO_googleplay_OCTOBER_reviews.csv,transfer
48ce9900-cfc3-4869-bd4a-6f54adfc9356,Pengguna Google,https://play-lh.googleusercontent.com/EGemoI2NTXmTsBVtJqk8jxF9rh8ApRWfsIMQSt2uE4OcpQqbFu7f7NbTK05lx80nuSijCz7sc3a277R67g,baru kali ini ada aplikasi yg gratis transfer bukan hanya ke bank aja tapi ke e wallet jga.. sangat rekomen bngt poko'a mempermudah semua transaksi..,5,0,8.76.0,2025-11-15 08:48:39+00:00,,,8.76.0,Dataset/dataset\JAGO_googleplay_NOVEMBER_reviews.csv,transfer
62a9fcf4-734f-42a7-8504-6ce0396e7510,Pengguna Google,https://play-lh.googleusercontent.com/EGemoI2NTXmTsBVtJqk8jxF9rh8ApRWfsIMQSt2uE4OcpQqbFu7f7NbTK05lx80nuSijCz7sc3a277R67g,"Aku suka sama tampilannya , gk bosenin. Disini bisa bikin beberp kntong jdi bisa sisihin uang utk macem"" kebutuhan. gratis TF , klo bisa gratis TF nya di tmbh tiap bulan.",4,3,8.78.0,2025-12-10 08:05:57+00:00,"Halo, Jagoan! Terima kasih telah memilih Bank Jago dan selamat menjelajahi fitur-fiturnya ya. Yuk ikuti terus social media kami untuk tahu informasi promo dan update terbaru dari kami. Jika ada hal lain yang ingin ditanyakan, jangan ragu-ragu untuk menghubungi Tanya Jago di nomor 1500746 / 021-30000746 atau e-mail ke tanya@jago.com",2025-12-10 08:46:06,8.78.0,Dataset/dataset\JAGO_googleplay_DECEMBER_reviews.csv,transfer
b4ba7c3a-3cc7-419e-8066-e83964dfaf5d,Pengguna Google,https://play-lh.googleusercontent.com/EGemoI2NTXmTsBVtJqk8jxF9rh8ApRWfsIMQSt2uE4OcpQqbFu7f7NbTK05lx80nuSijCz7sc3a277R67g,Mau tf aja susahnyaaaaaaaaaaaaaa!!!,1,0,,2025-10-25 15:59:10+00:00,,,,Dataset/dataset\OVO_googleplay_OCTOBER_reviews.csv,transfer
fb572987-fa9d-43a5-899f-91221cd18ffa,Pengguna Google,https://play-lh.googleusercontent.com/EGemoI2NTXmTsBVtJqk8jxF9rh8ApRWfsIMQSt2uE4OcpQqbFu7f7NbTK05lx80nuSijCz7sc3a277R67g,top up di gopay murah + harga nya murah untuk dompet kita,4,0,1.62.0,2025-11-07 17:41:13+00:00,,,1.62.0,Dataset/dataset\GOPAY_googleplay_NOVEMBER_reviews.csv,topup
1bfcd33b-1af8-4578-ac7e-749952a5c197,Pengguna Google,https://play-lh.googleusercontent.com/EGemoI2NTXmTsBVtJqk8jxF9rh8ApRWfsIMQSt2uE4OcpQqbFu7f7NbTK05lx80nuSijCz7sc3a277R67g,"mau login tanpa no kartu tidak bisa,padahal livin layanan on line,kenapa login tidak pake no rek atau no hp aja biar mudah,hubungi layanan 14000 ribu cuma buang pulsa aja,cuma bisa pengaduan dan cek doank,tetep aja harus kebank,tidak kaya sebelah cs itu bisa selesaikan masalah bukan cuma cek aja😁",1,1,3.1.0,2025-11-04 11:54:20+00:00,"Halo Sahabat @Dodi altaf (banfot), mohon maaf atas ketidaknyamanannya. Perihal kendala pada layanan Livin' by Mandiri Sahabat dapat mengirimkan email ke mandiricare@bankmandiri.co.id atau dapat menghubungi layanan mandiri call 14000 agar dapat dilakukan pengecekan. Tks ~ Said
",2025-11-10 22:55:18,3.1.0,Dataset/dataset\LIVIN_googleplay_NOVEMBER_reviews.csv,login
594c123f-5c9f-48bd-9a9c-e0fb92d45e63,Pengguna Google,https://play-lh.googleusercontent.com/EGemoI2NTXmTsBVtJqk8jxF9rh8ApRWfsIMQSt2uE4OcpQqbFu7f7NbTK05lx80nuSijCz7sc3a277R67g,"gajelas mau top up weekly mobile legend eror mulu, transaksi jugansering eror",1,1,1.60.0,2025-10-27 18:09:53+00:00,"Hai Kak Windra, mohon maaf atas ketidaknyamanannya. Terkait hal tersebut, silakan laporkan melalui email ke customerservice@gopay.co.id dengan melampirkan kode psr-25-300-1314-26142 pada subject email dan ceritakan kembali detail permasalahannya agar tim kami bisa bantu cek lebih lanjut ya. ^Melisa",2025-10-27 20:14:34,1.60.0,Dataset/dataset\GOPAY_googleplay_OCTOBER_reviews.csv,topup
08c30a60-d1ea-46eb-b6c5-75aae1a8fe1c,Pengguna Google,https://play-lh.googleusercontent.com/EGemoI2NTXmTsBVtJqk8jxF9rh8ApRWfsIMQSt2uE4OcpQqbFu7f7NbTK05lx80nuSijCz7sc3a277R67g,ovi gimana nih transfer suka pending parahnya sekarang duit ga balik lagi,1,0,3.146.0,2025-11-04 14:41:53+00:00,,,3.146.0,Dataset/dataset\OVO_googleplay_NOVEMBER_reviews.csv,transfer
525f5ba4-30c9-4b5d-ab55-118c655c18e2,Pengguna Google,https://play-lh.googleusercontent.com/EGemoI2NTXmTsBVtJqk8jxF9rh8ApRWfsIMQSt2uE4OcpQqbFu7f7NbTK05lx80nuSijCz7sc3a277R67g,"aplikasi ga beres sama kaya dana. saya melakukan pembayaran Qris ke merchant BCA, prosesnya lama, saldo saya mah udh kepotong, pas pembayaran udah berhasil, uang nya masih belum masuk ke merchant BCA, buat laporannya ribet, call centernya juga bertele-tele, cuman ngabisin pulsa doang, saya tuh cuman pengen tau aja, pembayaran yang saya kirim udh sukses, tpi uangnya belum masuk ke merchant, terus ini saya transfer kemana, uang ini lari kemana !?",1,3,3.144.0,2025-10-17 13:26:39+00:00,,,3.144.0,Dataset/dataset\OVO_googleplay_OCTOBER_reviews.csv,qris
fe7b5a52-3ca2-4512-8f4f-2fde0aa393f8,Pengguna Google,https://play-lh.googleusercontent.com/EGemoI2NTXmTsBVtJqk8jxF9rh8ApRWfsIMQSt2uE4OcpQqbFu7f7NbTK05lx80nuSijCz7sc3a277R67g,"bank BRI sukses transfer ke Mandiri/Livin by mandiri.. tapi dana tidak ma suk ke Livin Mandiri,, mohon bantuan nya.. kenapa bisa begini",5,0,3.1.0,2025-11-03 02:22:12+00:00,"Halo Sahabat @Purnama Ningsih, mohon maaf atas ketidaknyamanannya. Utk perihal kendala tsb kami persilakan Sahabat dpt konfirmasi kpd pihak pengirim dana agar pihak pengirim dana melakukan pelaporan kpd pihak bank pengirim dana. Dikarenakan Bank Mandiri hanya sbg penerima yg bersifat pasif. Tks~Carlos",2025-11-03 02:26:28,3.1.0,Dataset/dataset\LIVIN_googleplay_NOVEMBER_reviews.csv,transfer
f01adbb2-5063-4bae-ab8a-45e8c2b83414,Pengguna Google,https://play-lh.googleusercontent.com/EGemoI2NTXmTsBVtJqk8jxF9rh8ApRWfsIMQSt2uE4OcpQqbFu7f7NbTK05lx80nuSijCz7sc3a277R67g,"tolong di proses untuk komplain saya, top up dari m banking sudah di tunggu lebih dari 48 jam tidak juga selesai. tolong evaluasi tim yang menangani hal seperti ini.",1,1,1.61.2,2025-10-31 12:58:05+00:00,"Hai Kak Erick, mohon maaf telah membuat Kakak khawatir atas transaksi yang sedang Kakak lakukan ya. Dapat kami sampaikan saat ini sedang ada pemeliharaan sistem sehingga transaksi Kakak terhambat sementara. Mohon agar Kakak dapat menunggu dan melakukan pengecekan berkala atas transaksinya ya Kak. Terima kasih. ^Miko",2025-10-31 15:21:29,1.61.2,Dataset/dataset\GOPAY_googleplay_OCTOBER_reviews.csv,topup
acb078ca-fb48-4212-b7f1-58fccf320486,Pengguna Google,https://play-lh.googleusercontent.com/EGemoI2NTXmTsBVtJqk8jxF9rh8ApRWfsIMQSt2uE4OcpQqbFu7f7NbTK05lx80nuSijCz7sc3a277R67g,eror mulu deh heran buru2 mau tf login aja susah,1,0,2.7.20,2025-12-28 17:24:31+00:00,"Hai, Kak Silvia. Maaf atas ketidaknyamanannya. Terkait kendala tersebut boleh kirimkan gambar kendalanya ke X @haloblu atau email haloblu@bcadigital.co.id agar kami bisa bantu lebih lanjut ya.",2025-12-28 18:02:50,2.7.20,Dataset/dataset\BLU_googleplay_DECEMBER_reviews.csv,login
181bda38-70eb-423b-809b-d35817938284,Pengguna Google,https://play-lh.googleusercontent.com/EGemoI2NTXmTsBVtJqk8jxF9rh8ApRWfsIMQSt2uE4OcpQqbFu7f7NbTK05lx80nuSijCz7sc3a277R67g,"topup gopay tabungan bank jago dr bank mandiri terlalu rumit, di aplikasi gopay tertulis gratis, tp di aplikasi livin bank bymadiri masih terkena biaya",2,0,1.64.1,2025-11-30 11:18:06+00:00,,,1.64.1,Dataset/dataset\GOPAY_googleplay_NOVEMBER_reviews.csv,topup
17f2976c-fa3a-4c60-8b01-cdc3b1cdb146,Pengguna Google,https://play-lh.googleusercontent.com/EGemoI2NTXmTsBVtJqk8jxF9rh8ApRWfsIMQSt2uE4OcpQqbFu7f7NbTK05lx80nuSijCz7sc3a277R67g,"hati hati buat kalian , jangan top up gede gede di aplikasi shopee/shopeepay .kasian saya top up 1 juta lebih sudah 3 hari sampe sekarang blum masuk cs tidak bisa membatu ,team terkait hanya bisa ngasih waktu estimasi aja ga ada penyelesaian",1,0,,2025-12-21 21:14:25+00:00,"Hi Kak Syamsul, Mohon maaf atas kendala Top Up ShopeePay yang belum diterima. Mohon menunggu 1x24 jam sejak melakukan Top Up. Apabila sudah melebihi estimasi namun belum diterima, silakan menghubungi kami dengan melampirkan bukti yang tertera nomor telepon, nominal, tanggal & waktu transaksi melalui DM ke IG @ShopeePay_ID yang bercentang biru. ^EN",2025-12-22 15:51:21,,Dataset/dataset\SHOPEEPAY_googleplay_DECEMBER_reviews.csv,topup
505653b3-30c2-4f9a-a874-78590447c30d,Pengguna Google,https://play-lh.googleusercontent.com/EGemoI2NTXmTsBVtJqk8jxF9rh8ApRWfsIMQSt2uE4OcpQqbFu7f7NbTK05lx80nuSijCz7sc3a277R67g,"Disini, nama saat saya menerima maupun mengirim sesuatu pasti menggunakan nama yg ada di KTP, mengapa tidak di adakan opsi ""Tambahkan nama lain"" saja? Nama yang ada di KTP pun akan tetap bisa digunakan jika begitu. Karena saya aktif menerima dan mengirim uang di dunia maya (comission art, top up, dll.), identitas asli saya jadi terbongkar...",4,45,1.62.0,2025-11-11 23:20:11+00:00,,,1.62.0,Dataset/dataset\GOPAY_googleplay_NOVEMBER_reviews.csv,topup
24322bda-4342-4f25-92c3-53666e46e674,Pengguna Google,https://play-lh.googleusercontent.com/EGemoI2NTXmTsBVtJqk8jxF9rh8ApRWfsIMQSt2uE4OcpQqbFu7f7NbTK05lx80nuSijCz7sc3a277R67g,"buat admin aplikasi gopay, tadi pagi saudara saya TF lewat aplikasi dana ke gopay saya dan transaksi berhasil tapi saldo belum masuk k gopay",5,0,1.61.2,2025-10-31 14:26:46+00:00,,,1.61.2,Dataset/dataset\GOPAY_googleplay_OCTOBER_reviews.csv,transfer
5214eda4-7dc7-4cc4-8b94-8f43c9614a72,Pengguna Google,https://play-lh.googleusercontent.com/EGemoI2NTXmTsBVtJqk8jxF9rh8ApRWfsIMQSt2uE4OcpQqbFu7f7NbTK05lx80nuSijCz7sc3a277R67g,bagus sih untuk transfer gratis walaupun limit 2jt uda Oke banget sih kalo menurut gua,5,1,1.62.0,2025-11-11 03:35:13+00:00,,,1.62.0,Dataset/dataset\GOPAY_googleplay_NOVEMBER_reviews.csv,transfer
d71f7acd-e4c0-47f2-9384-4d69eda28102,Pengguna Google,https://play-lh.googleusercontent.com/EGemoI2NTXmTsBVtJqk8jxF9rh8ApRWfsIMQSt2uE4OcpQqbFu7f7NbTK05lx80nuSijCz7sc3a277R67g,"Dari semua apk e money, ini paling buruk, biaya top up dari bank ga ngotak, sedangkan dana the best gada potongan., ga lagi lagi pakai ovo, perampok njir",1,0,,2025-10-08 19:06:02+00:00,,,,Dataset/dataset\OVO_googleplay_OCTOBER_reviews.csv,topup
a508818b-4e1e-4547-81dc-9a00303794a5,Pengguna Google,https://play-lh.googleusercontent.com/EGemoI2NTXmTsBVtJqk8jxF9rh8ApRWfsIMQSt2uE4OcpQqbFu7f7NbTK05lx80nuSijCz7sc3a277R67g,"ini kenapa sekarang pembayaran metode seabank gak ada ya.padahal enak yg kemarin2 pembayaran metode seabank ada lebih enak,jadi gak boleh balik top up,dari seabank.tolong segera kembalikan metode pembayaran seabanknya min.",2,3,1.42.03,2025-11-05 07:20:07+00:00,"Hi Kak yuzira 86. Mohon maaf atas kendala terkait metode bayar SeaBank. Saat ini pada aplikasi ShopeePay sudah tersedia metode bayar SeaBank. kakak perlu menghubungkan ShopeePay dengan SeaBank terlebih dahulu. Untuk bantuan pengecekan, mohon menghubungi kami melalui DM ke Instagram @ShopeePay_ID yang bercentang biru. ^CS",2025-11-05 14:15:03,1.42.03,Dataset/dataset\SHOPEEPAY_googleplay_NOVEMBER_reviews.csv,topup
5f21ec6c-c12b-4f1b-818f-a5819a09d6cf,Pengguna Google,https://play-lh.googleusercontent.com/EGemoI2NTXmTsBVtJqk8jxF9rh8ApRWfsIMQSt2uE4OcpQqbFu7f7NbTK05lx80nuSijCz7sc3a277R67g,apk bagus sangat gampang login nya walaupun ga ada no henpon,5,0,1.61.2,2025-11-05 19:01:40+00:00,,,1.61.2,Dataset/dataset\GOPAY_googleplay_NOVEMBER_reviews.csv,login
6056293a-a2fd-408a-8f32-6c5adca49fc4,Pengguna Google,https://play-lh.googleusercontent.com/EGemoI2NTXmTsBVtJqk8jxF9rh8ApRWfsIMQSt2uE4OcpQqbFu7f7NbTK05lx80nuSijCz7sc3a277R67g,Gak bisa login sama sekali,1,0,8.74.0,2025-10-23 02:56:15+00:00,"Halo, Jagoan! Kami mohon maaf sekali ya atas kendala yang kamu alami. Apakah kamu berkenan menginformasikan detail kendala tersebut supaya bisa kami bantu cek lebih lanjut? Mohon untuk menghubungi kami melalui Tanya Jago di 1500 746/+62 21 3000 0746, atau melalui email ke tanya@jago.com. Kami tunggu laporannya ya.",2025-10-23 03:06:39,8.74.0,Dataset/dataset\JAGO_googleplay_OCTOBER_reviews.csv,login
5f7e11ca-2a81-491d-a7b6-721ed576e931,Pengguna Google,https://play-lh.googleusercontent.com/EGemoI2NTXmTsBVtJqk8jxF9rh8ApRWfsIMQSt2uE4OcpQqbFu7f7NbTK05lx80nuSijCz7sc3a277R67g,"top up dari bank lain ke ovo gratis ,tapi kalau ada uang masuk ke ovo ,ovo motong 1000 dari saldo yg masuk, biaya admin 2500 tiap kali transaksi ke bank lain ,tdk bisa TF ke e wallet lain sperti dana atau shopee pay dan gopay hanya bisa ke sesama ovo. pengalaman pakai ovo tdk memuaskan dan menyesal",1,0,3.144.0,2025-11-03 05:34:26+00:00,,,3.144.0,Dataset/dataset\OVO_googleplay_NOVEMBER_reviews.csv,topup
3d4c90b6-9724-489f-909c-ac60c1519d13,Pengguna Google,https://play-lh.googleusercontent.com/EGemoI2NTXmTsBVtJqk8jxF9rh8ApRWfsIMQSt2uE4OcpQqbFu7f7NbTK05lx80nuSijCz7sc3a277R67g,"payah shopepay pembayaran lewat Qris gagal melulu,,pembayaran gagal hub cs shope,, ribet tdk seperti apk",1,0,1.40.06,2025-10-02 04:29:54+00:00,Hi Kak Joi. Mohon maaf terkait pembayaran melalui QRIS yang selalu gagal. Pastikan merchant masih aktif. SIlakan mencoba pembayaran menggunakan metode bayar yang berbeda. Silakan menghubungi kami dengan melampirkan detail kendala dan tangkapan layar kendalanya melalui DM Instagram @ShopeePay_ID ya. Kami akan membantu kendala yang kakak alami. ^EN,2025-10-02 11:45:42,1.40.06,Dataset/dataset\SHOPEEPAY_googleplay_OCTOBER_reviews.csv,qris
36f30d3d-fdc1-47c0-9464-5531d90c486c,Pengguna Google,https://play-lh.googleusercontent.com/EGemoI2NTXmTsBVtJqk8jxF9rh8ApRWfsIMQSt2uE4OcpQqbFu7f7NbTK05lx80nuSijCz7sc3a277R67g,"yaallah baru nyoba pake ovo top up dari apk dana lancar jaya tuh duit masuk ke ovo, krna niat buat pembayaran wifi biar gampang. eh taunya gabisa. mau d top up lagi dari ovo ke dana gagal mulu. het dah duit ku itu. gimana ini, padahal cara nya udah bner sue banget ini apk",1,0,3.148.0,2025-12-03 17:29:02+00:00,,,3.148.0,Dataset/dataset\OVO_googleplay_DECEMBER_reviews.csv,topup
a4745951-7dcb-48b0-acf4-e0a9f54f5c02,Pengguna Google,https://play-lh.googleusercontent.com/EGemoI2NTXmTsBVtJqk8jxF9rh8ApRWfsIMQSt2uE4OcpQqbFu7f7NbTK05lx80nuSijCz7sc3a277R67g,"akhir akhir ini jelek banget sih livin selalu susah kalau buka dan tulisannya belum berhasil terhubung,pake wifi sama pake data juga ttp ga bisa di buka.. mana lagi urgent juga mau tf.. adeuh bisa tolong lebih di perbaiki ga sih sistemnya",2,4,3.1.0,2025-11-12 04:15:03+00:00,"Hi Sahabat @ Nurul Nieasha , mohon maaf atas ketidaknyamanannya. Mohon berkenan untuk mencoba kembali secara berkala dan menunggu 10-15 menit kedepan dikhawatirkan sedang proses penarikan data akhir hari rutin ya. Tks~Charles",2025-11-12 04:16:41,3.1.0,Dataset/dataset\LIVIN_googleplay_NOVEMBER_reviews.csv,transfer
df4456b9-c4e3-4727-b905-e6cf9f9ac1b2,Pengguna Google,https://play-lh.googleusercontent.com/EGemoI2NTXmTsBVtJqk8jxF9rh8ApRWfsIMQSt2uE4OcpQqbFu7f7NbTK05lx80nuSijCz7sc3a277R67g,min .. kenapa sya login pake nomer handphone nga bisa VERIFIKASI nya nga bisa bisa ..,3,4,1.40.06,2025-10-18 16:03:54+00:00,"Hi Kak Adisugianto. Mohon maaf mengenai kendala tidak bisa login ke aplikasi menggunakan nomor telepon. Agar dapat kami cek lebih lanjut, mohon menghubungi kami melalui DM Instagram @ShopeePay_ID ya dengan menginformasikan detail dan bukti kendala. Kami akan membantu kendala yang kakak alami ^CS",2025-10-20 13:40:43,1.40.06,Dataset/dataset\SHOPEEPAY_googleplay_OCTOBER_reviews.csv,login
c7ce824e-10bf-46bd-a683-447950d33a2d,Pengguna Google,https://play-lh.googleusercontent.com/EGemoI2NTXmTsBVtJqk8jxF9rh8ApRWfsIMQSt2uE4OcpQqbFu7f7NbTK05lx80nuSijCz7sc3a277R67g,ini kenapa ya padahal top up gopay disini gratis tiba membayar melalui aplikasi mandiri harus bayar admin sangat menyesal sekali lihatnya,1,0,,2025-11-03 07:49:04+00:00,"Halo Sahabat @Rivaldo Siregar, mohon maaf atas ketidaknyamannya. Perihal kendala pada layanan Livin' by Mandiri, mohon untuk dapat mengirimkan email ke mandiricare@bankmandiri.co.id atau dapat menghubungi layanan mandiri 14000 agar dapat dilakukan pengecekan. Tks~Cira

",2025-11-03 07:50:48,,Dataset/dataset\LIVIN_googleplay_NOVEMBER_reviews.csv,topup
5f1c3d98-de91-4bec-99e8-794182121e54,Pengguna Google,https://play-lh.googleusercontent.com/EGemoI2NTXmTsBVtJqk8jxF9rh8ApRWfsIMQSt2uE4OcpQqbFu7f7NbTK05lx80nuSijCz7sc3a277R67g,aneh saya top up saldo tengah malam kok ga masuk apalah,1,0,3.2.0,2025-11-15 00:28:19+00:00,"Halo Sahabat @adek, mohon maaf atas ketidaknyamanannya. Untuk perihal kendala yang dialami, mohon untuk dapat mengirimkan email ke mandiricare@bankmandiri.co.id atau dapat menghubungi layanan mandiri 14000 agar dapat dilakukan pengecekan. Tks~Raka",2025-11-15 00:31:04,3.2.0,Dataset/dataset\LIVIN_googleplay_NOVEMBER_reviews.csv,topup
5441461a-533f-40e0-8698-8a279a97faf2,Pengguna Google,https://play-lh.googleusercontent.com/EGemoI2NTXmTsBVtJqk8jxF9rh8ApRWfsIMQSt2uE4OcpQqbFu7f7NbTK05lx80nuSijCz7sc3a277R67g,ganguan terus tiap hari qris gak bisa aneh tf admin besar,1,0,3.147.0,2025-11-16 21:17:32+00:00,,,3.147.0,Dataset/dataset\OVO_googleplay_NOVEMBER_reviews.csv,qris
00d9490c-4ab5-4d87-8fb6-5d58a7a10e1c,Pengguna Google,https://play-lh.googleusercontent.com/EGemoI2NTXmTsBVtJqk8jxF9rh8ApRWfsIMQSt2uE4OcpQqbFu7f7NbTK05lx80nuSijCz7sc3a277R67g,"loading selalu lama, nyusahin sekarang aplikasi ini lemot tidak seperti aplikasi m banking lain yang cepat dan tidak perlu menunggu lama untuk masuk ke aplikasi apalagi saat login kayaknya aplikasi ini doang yang lamanya minta ampun.",1,0,,2025-10-22 21:00:13+00:00,"Hai, Kak Rayy. Maaf atas ketidaknyamanannya. Kami akan selalu terus memperbaiki sistem demi mencapai kepuasan para pengguna aplikasi blu. Terkait kendala tersebut pastikan Kakak menggunakan aplikasi blu versi terbaru, pastikan setting waktu di handphone menjadi otomatis, jaringan internet lancar dan stabil serta tidak menggunakan jaringan WiFi.",2025-10-22 21:58:49,,Dataset/dataset\BLU_googleplay_OCTOBER_reviews.csv,login
a129d216-9b49-43c5-b1bd-f7505e82e84e,Pengguna Google,https://play-lh.googleusercontent.com/EGemoI2NTXmTsBVtJqk8jxF9rh8ApRWfsIMQSt2uE4OcpQqbFu7f7NbTK05lx80nuSijCz7sc3a277R67g,"untuk kalian yang belum pernah download aplikasi ini sebaiknya jangan pernah pake aplikasi ini, karena ini bukan apk pembayaran melainkan apk perampokan, saya sudah melakukan pembayaran dengan qris menggunakan ovo dan status sudah berhasil tapi dari pihak merchant belum menerima pembayaran tersebut, dab sudah di refund tapi dari pihak ovo tidak ada itikat baik untuk melakukan pengembalian saldo, jadi apk ini sudah A1 APLIKSAI PERAMPOKAN",5,68,3.148.0,2025-12-03 13:20:07+00:00,,,3.148.0,Dataset/dataset\OVO_googleplay_DECEMBER_reviews.csv,qris
3e32c3cd-0236-4058-b8b8-97dfe85285e8,Pengguna Google,https://play-lh.googleusercontent.com/EGemoI2NTXmTsBVtJqk8jxF9rh8ApRWfsIMQSt2uE4OcpQqbFu7f7NbTK05lx80nuSijCz7sc3a277R67g,"mau top up game malah dipersulit malah muter Loading gak jelas padahal sinyal bagus kalo buka apk lain,malah kehalang layar hitam yang ada riwayat transaksi lahh,info terbaru syarat dan ketentuan kebijakan privasi dan cookie setting",1,8,1.64.1,2025-11-29 20:40:32+00:00,"Hai Kak Ahmad, mohon maaf atas ketidaknyamanannya. Terkait keluhan tersebut, silakan laporkan melalui email ke customerservice@gopay.co.id dengan melampirkan kode psr-25-333-1344-10151 pada subject email. Kami tunggu detail laporan kamu ya. ^Maura",2025-11-29 20:44:16,1.64.1,Dataset/dataset\GOPAY_googleplay_NOVEMBER_reviews.csv,topup
47c7dc5b-d1f0-4c87-ab70-b56c9dd3bbd4,Pengguna Google,https://play-lh.googleusercontent.com/EGemoI2NTXmTsBVtJqk8jxF9rh8ApRWfsIMQSt2uE4OcpQqbFu7f7NbTK05lx80nuSijCz7sc3a277R67g,kalau transfer ke akun lain tidak bisa menggunakan nomor harus pake QRIS tolong di benahin lagi biar pengguna tidak kesulitan,3,1,1.43.10,2025-12-01 08:31:50+00:00,"Hi Kak ALF. Mohon maaf atas kendala tidak bisa transfer sesama ShopeePay menggunakan nomor telepon. Agar dapat kami cek lebih lanjut, mohon menghubungi kami dengan melampirkan detail kendala dan tangkapan layar kendalanya melalui DM Instagram @ShopeePay_ID ya. Kami akan membantu kendala yang kakak alami ^EN",2025-12-01 15:40:13,1.43.10,Dataset/dataset\SHOPEEPAY_googleplay_DECEMBER_reviews.csv,qris
35236bab-9e9e-4080-ab76-22d1054a9b46,Pengguna Google,https://play-lh.googleusercontent.com/EGemoI2NTXmTsBVtJqk8jxF9rh8ApRWfsIMQSt2uE4OcpQqbFu7f7NbTK05lx80nuSijCz7sc3a277R67g,mantap aplikasi nya top up muraahhhh!,5,0,1.60.0,2025-10-27 16:37:27+00:00,,,1.60.0,Dataset/dataset\GOPAY_googleplay_OCTOBER_reviews.csv,topup
f327ebc8-9131-4b15-b10d-9e84ebba3d16,Pengguna Google,https://play-lh.googleusercontent.com/EGemoI2NTXmTsBVtJqk8jxF9rh8ApRWfsIMQSt2uE4OcpQqbFu7f7NbTK05lx80nuSijCz7sc3a277R67g,kenapa akun ovo gw ngga bisa login dan malah di blokir aneh mana ada saldonya lagi,1,1,3.144.0,2025-10-07 00:04:21+00:00,,,3.144.0,Dataset/dataset\OVO_googleplay_OCTOBER_reviews.csv,login
5015b93e-e9f6-4fdf-b59b-ad6128e24bb6,Pengguna Google,https://play-lh.googleusercontent.com/EGemoI2NTXmTsBVtJqk8jxF9rh8ApRWfsIMQSt2uE4OcpQqbFu7f7NbTK05lx80nuSijCz7sc3a277R67g,baguss bgtt aku masih bintang⭐⭐⭐⭐⭐ lima soal nya bisa top up beli pulsa lampu pokoknya lain nyaa dehh,5,0,1.60.0,2025-10-27 16:27:22+00:00,,,1.60.0,Dataset/dataset\GOPAY_googleplay_OCTOBER_reviews.csv,topup
4185ef1f-45ae-428e-a0da-e02275ccf6b6,Pengguna Google,https://play-lh.googleusercontent.com/EGemoI2NTXmTsBVtJqk8jxF9rh8ApRWfsIMQSt2uE4OcpQqbFu7f7NbTK05lx80nuSijCz7sc3a277R67g,lama bgt kalo mau tf ke orang kadang ga berhasil terus,3,0,3.147.0,2025-11-16 10:52:10+00:00,,,3.147.0,Dataset/dataset\OVO_googleplay_NOVEMBER_reviews.csv,transfer
523ea70a-174d-43fd-aabb-194d01d57c5e,Pengguna Google,https://play-lh.googleusercontent.com/EGemoI2NTXmTsBVtJqk8jxF9rh8ApRWfsIMQSt2uE4OcpQqbFu7f7NbTK05lx80nuSijCz7sc3a277R67g,"kenapa tidak bisa transfer bank,sudah saya hapus instal lagi tetap tidak bisa, tidak bisa beli pulsa semuanya , tolong di perbaiki kalo topup bisa bagaimana sih",1,1,3.147.0,2025-11-09 13:14:26+00:00,,,3.147.0,Dataset/dataset\OVO_googleplay_NOVEMBER_reviews.csv,topup
92962845-67c6-4002-a22f-0413db1caf9a,Pengguna Google,https://play-lh.googleusercontent.com/EGemoI2NTXmTsBVtJqk8jxF9rh8ApRWfsIMQSt2uE4OcpQqbFu7f7NbTK05lx80nuSijCz7sc3a277R67g,"saya tidak bisa melakukan tarik tunai dan tf minta upgred ke gopay plus, saya upgred ditolak karena pernah terdaftar, saya lapor dari kemarin sampai sekarang masih belum bisa tarik tunai dan tf sementara saya membutuhkan banget saldo yang ada di akun gopay saya.. butuh mendesak tolong akun saya secepatnya di upgred ke gopay plus",2,8,1.61.2,2025-11-01 11:06:56+00:00,"Hai Kak @Gx303, mohon maaf atas ketidaknyamanannya. Sebelum mencoba upgrade ke GoPay Plus, pastikan dokumen serta foto selfie yang kamu kirim sudah sesuai dengan ketentuan GoPay. Jika masih tidak bisa, silakan laporkan detailnya melalui email ke customerservice@gopay.co.id dan lampirkan kode psr-25-304-0928-39705 pada subject email ya. ^Maura",2025-10-31 16:29:09,1.61.2,Dataset/dataset\GOPAY_googleplay_NOVEMBER_reviews.csv,transfer
aa6180ec-206f-47fe-ba21-7360a346e1dd,Pengguna Google,https://play-lh.googleusercontent.com/EGemoI2NTXmTsBVtJqk8jxF9rh8ApRWfsIMQSt2uE4OcpQqbFu7f7NbTK05lx80nuSijCz7sc3a277R67g,"apk lemot, tf aja lama",1,0,1.57.0,2025-10-09 18:30:54+00:00,"Hai Kak @Cukil Insaff, mohon maaf atas ketidaknyamanannya. Pastikan nomor tujuan transfer sudah benar dan sudah cek halaman Riwayat. Jika saldo belum juga bertambah, laporkan detailnya melalui email customerservice@gopay.co.id dan cantumkan kode psr-25-283-1148-26772 pada subject email yang kamu kirimkan ya. ^Miko",2025-10-10 18:48:42,1.57.0,Dataset/dataset\GOPAY_googleplay_OCTOBER_reviews.csv,transfer
db41b5ac-2350-4826-b323-69b73f260ebf,Pengguna Google,https://play-lh.googleusercontent.com/EGemoI2NTXmTsBVtJqk8jxF9rh8ApRWfsIMQSt2uE4OcpQqbFu7f7NbTK05lx80nuSijCz7sc3a277R67g,"aplikasi rasis, Karna wajah says gelap saja gk bisa verifikasi wajah",1,0,2.4.0,2025-10-27 17:19:26+00:00,"Hai, Kak Iqbal. Maaf atas ketidaknyamanannya. Terkait kendala tersebut boleh kirimkan gambar kendalanya ke X @haloblu atau email haloblu@bcadigital.co.id agar kami bisa bantu lebih lanjut ya.
",2025-10-27 17:39:58,2.4.0,Dataset/dataset\BLU_googleplay_OCTOBER_reviews.csv,vermuk
0bb3c469-9da8-4803-9a40-69c23d1fabbe,Pengguna Google,https://play-lh.googleusercontent.com/EGemoI2NTXmTsBVtJqk8jxF9rh8ApRWfsIMQSt2uE4OcpQqbFu7f7NbTK05lx80nuSijCz7sc3a277R67g,"ini kenapa error mulu disuruh hidupin lokasi dan sudah diberikan izin tetapi tetap saja masih ditanya jadinya tidak bisa login, udah bisa sekarang",5,0,2.5.0,2025-11-10 21:53:38+00:00,"Hai, Kak Reyhan. Maaf atas ketidaknyamanannya. Kami akan selalu berusaha memberikan yang terbaik demi memenuhi kebutuhan perbankan Kakak. Terkait kendala tersebut boleh infokan detail kendala serta kirimkan gambar kendalanya ke X @haloblu atau email haloblu@bcadigital.co.id agar kami bisa bantu lebih lanjut ya",2025-11-10 23:08:04,2.5.0,Dataset/dataset\BLU_googleplay_NOVEMBER_reviews.csv,login
a8fe3069-1e1e-4eb4-8caa-f154e023b98c,Pengguna Google,https://play-lh.googleusercontent.com/EGemoI2NTXmTsBVtJqk8jxF9rh8ApRWfsIMQSt2uE4OcpQqbFu7f7NbTK05lx80nuSijCz7sc3a277R67g,"Aku Gak bisa Transfer dan Tarik Tunai karena harus upgrade ke Ovo Premier stelah dilakukan prosedur nya, tetap gak bisa. gimana caranya biar aplikasi ovo ini bisa Transfer dan Tarik tunai dll",1,1,3.144.0,2025-10-07 21:30:37+00:00,,,3.144.0,Dataset/dataset\OVO_googleplay_OCTOBER_reviews.csv,transfer
1f3f64d2-cbab-4528-8122-18f61ac44a8e,Pengguna Google,https://play-lh.googleusercontent.com/EGemoI2NTXmTsBVtJqk8jxF9rh8ApRWfsIMQSt2uE4OcpQqbFu7f7NbTK05lx80nuSijCz7sc3a277R67g,"Aje gile keren banget aplikasi shoppe pay sangat membantu pas dana darurat!! Asli berguna banget di saat transaksi transfer kemana saja biasa gratis biaya,serta aplikasi bisa membeli seperti pulsa,pembelian token listrik serta pembayaran PBB.Alhamdulillah semenjak pakai aplikasi shoppe pay saya tidak harus keluar rumah dan banyak promo-promo menarik yang diberikan shoppe pay.Aplikasinya tidak lemot,leg maupun berputar-putar.",5,46,1.42.03,2025-11-19 01:20:13+00:00,"Hi Kak. Terima kasih telah menggunakan ShopeePay. Mari cek aplikasi ShopeePay karena banyak fitur yang mempermudah keseharian kakak seperti pembelian pulsa, paket data, pembayaran tagihan listrik dan pembayaran lainnya. Jika kakak memiliki pertanyaan seputar ShopeePay, mohon DM kami di Instagram @ShopeePay_ID ya. Semoga harimu menyenangkan ^RJ",2025-11-19 09:18:40,1.42.03,Dataset/dataset\SHOPEEPAY_googleplay_NOVEMBER_reviews.csv,transfer
f948a7ed-beac-486e-a15c-53d30109713d,Pengguna Google,https://play-lh.googleusercontent.com/EGemoI2NTXmTsBVtJqk8jxF9rh8ApRWfsIMQSt2uE4OcpQqbFu7f7NbTK05lx80nuSijCz7sc3a277R67g,saya top up lewT atm bca tgl 6 hari ini blm masuk juga saya driver biar pun cuma 50 berharga buat saya tolong masa abis topup tiba2 logut sndri eror aneh,1,0,3.144.0,2025-10-08 10:34:42+00:00,"Hai Kak Soleh, mohon maaf atas ketidaknyamanannya. Apabila ada keluhan atau pertanyaan mohon menghubungi tim kami melalui email di cs@ovo.id atau call center kami di 1500-696. Terima kasih. ^PD",2020-12-05 21:19:29,3.144.0,Dataset/dataset\OVO_googleplay_OCTOBER_reviews.csv,topup
63a8ebf9-e674-424e-a332-9884f07f7591,Pengguna Google,https://play-lh.googleusercontent.com/EGemoI2NTXmTsBVtJqk8jxF9rh8ApRWfsIMQSt2uE4OcpQqbFu7f7NbTK05lx80nuSijCz7sc3a277R67g,"mau login bermasalah mulu, saya sampe minta perusahaannya yg perbaiki tetap aja tidak ada perubahan heran mana gaji saya gak bisa diambil didalam rekening",1,0,,2025-11-21 17:25:04+00:00,"Halo Sahabat @Aldi Official, mohon maaf atas ketidaknyamanannya. Apabila terdapat kendala agar dapat kami tindaklanjuti, Sahabat dapat mengirimkan email ke mandiricare@bankmandiri.co.id atau menghubungi layanan mandiri call 14000 ya. Tks~Carlos",2025-11-21 17:27:18,,Dataset/dataset\LIVIN_googleplay_NOVEMBER_reviews.csv,login
7ae9f831-cd4f-4e67-9550-74a9f731c628,Pengguna Google,https://play-lh.googleusercontent.com/EGemoI2NTXmTsBVtJqk8jxF9rh8ApRWfsIMQSt2uE4OcpQqbFu7f7NbTK05lx80nuSijCz7sc3a277R67g,apk rusak gak bisa beli pulsa gak bisa TF.,1,1,3.150.0,2025-12-30 09:22:58+00:00,,,3.150.0,Dataset/dataset\OVO_googleplay_DECEMBER_reviews.csv,transfer
f60ba91e-ec6c-4e2a-9e3b-215344d5e093,Pengguna Google,https://play-lh.googleusercontent.com/EGemoI2NTXmTsBVtJqk8jxF9rh8ApRWfsIMQSt2uE4OcpQqbFu7f7NbTK05lx80nuSijCz7sc3a277R67g,"gimana sih ini saldo saya kok hilang padahal saya gk top up apa""",1,0,3.100.0,2025-11-15 21:52:16+00:00,"Hai Kak, maaf ya. Terkait kendala loginnya aku sarankan Kakak bisa mencoba login kembali secara berkala ya Kak. Pastikan sinyal dalam keadaan stabil ya.

Makasih udah menggunakan layanan OVO ya Kak, semoga infonya bisa membantu. -El",2024-02-04 09:30:57,3.100.0,Dataset/dataset\OVO_googleplay_NOVEMBER_reviews.csv,topup
5743a909-34bd-4f6c-b39f-a2b19ca09a5b,Pengguna Google,https://play-lh.googleusercontent.com/EGemoI2NTXmTsBVtJqk8jxF9rh8ApRWfsIMQSt2uE4OcpQqbFu7f7NbTK05lx80nuSijCz7sc3a277R67g,kenapa setelah di perbarui mlah tidak bisa login,1,0,3.2.0,2025-12-14 17:58:04+00:00,"Halo Sahabat @Kuatno Ompong, mohon maaf atas ketidaknyamannya. Untuk perihal kendala pada layanan Livin' by Mandiri, mohon untuk dapat mengirimkan email ke mandiricare@bankmandiri.co.id atau dapat menghubungi layanan mandiri 14000 dengan tekan 2 agar dapat dilakukan pengecekan. Tks~Irish",2025-12-14 18:00:33,3.2.0,Dataset/dataset\LIVIN_googleplay_DECEMBER_reviews.csv,login
037c8892-04a0-43dc-acec-cbfa3d6fbcf9,Pengguna Google,https://play-lh.googleusercontent.com/EGemoI2NTXmTsBVtJqk8jxF9rh8ApRWfsIMQSt2uE4OcpQqbFu7f7NbTK05lx80nuSijCz7sc3a277R67g,apk ini buruk banget saya transfer ke bank lain tapi udh 2 hari masih proses lama bangettt. kembalikan saldonya,1,1,3.146.0,2025-11-06 13:54:56+00:00,,,3.146.0,Dataset/dataset\OVO_googleplay_NOVEMBER_reviews.csv,transfer
67499542-ace0-4da0-8922-b9c6271ebbad,Pengguna Google,https://play-lh.googleusercontent.com/EGemoI2NTXmTsBVtJqk8jxF9rh8ApRWfsIMQSt2uE4OcpQqbFu7f7NbTK05lx80nuSijCz7sc3a277R67g,teman saya transfer tapi uang gak masukk,2,0,3.2.0,2025-11-25 18:40:10+00:00,"Halo Sahabat @Isma, mohon maaf atas ketidaknyamannya. Perihal kendala pada layanan Livin' by Mandiri, mohon untuk dapat mengirimkan email ke mandiricare@bankmandiri.co.id atau dapat menghubungi layanan mandiri 14000 agar dapat dilakukan pengecekan. Tks~Abrar",2025-11-25 18:42:40,3.2.0,Dataset/dataset\LIVIN_googleplay_NOVEMBER_reviews.csv,transfer
45ffb1d1-1526-4c45-ba81-a18b139071c3,Pengguna Google,https://play-lh.googleusercontent.com/EGemoI2NTXmTsBVtJqk8jxF9rh8ApRWfsIMQSt2uE4OcpQqbFu7f7NbTK05lx80nuSijCz7sc3a277R67g,"jelek bgt buat transaksi pake qris, lamaaaa",1,0,2.7.20,2025-12-30 19:02:15+00:00,"Hai, Kak Putri Rahayu. Maaf atas ketidaknyamanannya. Kami akan selalu terus memperbaiki sistem demi mencapai kepuasan para pengguna aplikasi blu. Terkait kendala tersebut pastikan Kakak menggunakan aplikasi blu versi terbaru, pastikan setting waktu di handphone menjadi otomatis, jaringan internet lancar dan stabil serta tidak menggunakan WiFi.",2025-12-30 19:44:35,2.7.20,Dataset/dataset\BLU_googleplay_DECEMBER_reviews.csv,qris
37638d59-8f64-4161-bd9a-0d180ada9271,Pengguna Google,https://play-lh.googleusercontent.com/EGemoI2NTXmTsBVtJqk8jxF9rh8ApRWfsIMQSt2uE4OcpQqbFu7f7NbTK05lx80nuSijCz7sc3a277R67g,"akun sudah terdaftat, tapi tidak bisa login, Payah",3,0,8.78.0,2025-12-12 16:27:14+00:00,"Halo, Jagoan. Mohon maaf atas kendala yang terjadi ya. Kamu tidak perlu khawatir, kamu bisa menjelaskan detail kendala tersebut melalui email di tanya@jago.com atau call center 1500 746 untuk kami bantu tangani lebih lanjut. Terima kasih :)",2025-12-12 17:38:17,8.78.0,Dataset/dataset\JAGO_googleplay_DECEMBER_reviews.csv,login
d6beec49-56fa-4fe3-b013-850f297c4469,Pengguna Google,https://play-lh.googleusercontent.com/EGemoI2NTXmTsBVtJqk8jxF9rh8ApRWfsIMQSt2uE4OcpQqbFu7f7NbTK05lx80nuSijCz7sc3a277R67g,Suka pake shopeepay. Gratis transfer kemana2. Tiap hari checkin dpt koin. Thank you,5,0,1.45.09,2025-12-26 08:02:32+00:00,"Hi Kak. Terima kasih telah menggunakan ShopeePay. Mari cek aplikasi ShopeePay karena banyak fitur yang mempermudah keseharian kakak seperti pembelian pulsa, paket data, pembayaran tagihan listrik dan pembayaran lainnya. Jika kakak memiliki pertanyaan seputar ShopeePay, mohon DM kami di Instagram @ShopeePay_ID ya. Semoga harimu menyenangkan ^RJ",2025-12-26 09:26:44,1.45.09,Dataset/dataset\SHOPEEPAY_googleplay_DECEMBER_reviews.csv,transfer
7360e866-24e2-4de1-ba74-1c65f9ff3fb0,Pengguna Google,https://play-lh.googleusercontent.com/EGemoI2NTXmTsBVtJqk8jxF9rh8ApRWfsIMQSt2uE4OcpQqbFu7f7NbTK05lx80nuSijCz7sc3a277R67g,sangat membantu dlm bertransaksi n transfer jual beli,4,0,1.39.07,2025-10-02 09:50:18+00:00,"Hi Kak Faruk, Terima kasih telah memberikan penilaian yang baik. Kami senang jika fitur pada aplikasi ShopeePay dapat membantu transaksi kakak. Jangan sampai ketinggalan juga untuk promo-promo menarik dari ShopeePay yang ada di Instagram kami @ShopeePay_ID ya. Selamat berbelanja dengan ShopeePay. ^EN",2025-10-02 11:55:36,1.39.07,Dataset/dataset\SHOPEEPAY_googleplay_OCTOBER_reviews.csv,transfer
a2440569-3b00-4290-a98f-04402855bf7d,Pengguna Google,https://play-lh.googleusercontent.com/EGemoI2NTXmTsBVtJqk8jxF9rh8ApRWfsIMQSt2uE4OcpQqbFu7f7NbTK05lx80nuSijCz7sc3a277R67g,"pencuri, saya topup malah ga masuk2 !!!",1,0,,2025-10-04 05:50:42+00:00,"Hai Kak Rafhi, pastikan nomor tujuan sudah benar, sudah cek halaman Riwayat, dan coba keluar dan masuk kembali ke aplikasi. Jika saldo masih belum masuk, silakan laporkan melalui menu Bantuan > ketik 'Top up GoPay saya belum masuk' > isi formulir dan cantumkan kode psr-25-277-2351-23854 pada bagian 'Ceritakan lebih lanjut'. ^Maura",2025-10-04 06:51:30,,Dataset/dataset\GOPAY_googleplay_OCTOBER_reviews.csv,topup
a30955fe-9691-494c-99cc-f2f67ed9451a,Pengguna Google,https://play-lh.googleusercontent.com/EGemoI2NTXmTsBVtJqk8jxF9rh8ApRWfsIMQSt2uE4OcpQqbFu7f7NbTK05lx80nuSijCz7sc3a277R67g,sekarang aplikasi ini sangat tidak membantu bahkan bikin uang hilang sudah melakukan transfer dan saldo terpotong tpi masih belum masuk ke rekening tujuan mohon ditinjau kembali admin kita cari uang gak semudah membalikkan telapak tangan,1,5,3.144.0,2025-10-03 00:58:39+00:00,,,3.144.0,Dataset/dataset\OVO_googleplay_OCTOBER_reviews.csv,transfer
84f99f6c-846c-4d66-a7e1-dca6fdef441f,Pengguna Google,https://play-lh.googleusercontent.com/EGemoI2NTXmTsBVtJqk8jxF9rh8ApRWfsIMQSt2uE4OcpQqbFu7f7NbTK05lx80nuSijCz7sc3a277R67g,"penggunaan mudah, free biaya TF dan topup wallet",5,0,8.74.0,2025-10-06 14:23:11+00:00,,,8.74.0,Dataset/dataset\JAGO_googleplay_OCTOBER_reviews.csv,topup
fa3101e8-0061-4de0-bceb-cbeb512fb2ef,Pengguna Google,https://play-lh.googleusercontent.com/EGemoI2NTXmTsBVtJqk8jxF9rh8ApRWfsIMQSt2uE4OcpQqbFu7f7NbTK05lx80nuSijCz7sc3a277R67g,"kenapa sekarang gopay TF 10,000 malah tinggal 9,000?",2,0,1.62.0,2025-11-17 13:05:30+00:00,"Hai Kak Aswar, mohon maaf atas ketidaknyamanannya. Terkait hal tersebut, silakan laporkan melalui email ke customerservice@gopay.co.id dengan melampirkan kode psr-25-321-0721-31705 pada subject email dan ceritakan kembali detail permasalahannya agar tim kami bisa bantu cek lebih lanjut ya. ^Melisa",2025-11-17 14:21:37,1.62.0,Dataset/dataset\GOPAY_googleplay_NOVEMBER_reviews.csv,transfer
4c30d045-45fb-424a-b09b-fc0fdb3f108a,Pengguna Google,https://play-lh.googleusercontent.com/EGemoI2NTXmTsBVtJqk8jxF9rh8ApRWfsIMQSt2uE4OcpQqbFu7f7NbTK05lx80nuSijCz7sc3a277R67g,"nice app, apalagi buat transfer nomor 1 pokoknya",5,0,1.59.0,2025-10-23 18:00:49+00:00,,,1.59.0,Dataset/dataset\GOPAY_googleplay_OCTOBER_reviews.csv,transfer
ba7b91d0-4ec4-44f1-9f54-be9fdb921607,Pengguna Google,https://play-lh.googleusercontent.com/EGemoI2NTXmTsBVtJqk8jxF9rh8ApRWfsIMQSt2uE4OcpQqbFu7f7NbTK05lx80nuSijCz7sc3a277R67g,"ini kenapa ya habis update saya mau top up wdp di gopay games, malah ga ada pilihan wdpnya, ini kok makin banyak update malah makin banyak bug sama error jaringan ya",1,2,1.62.0,2025-11-10 16:06:58+00:00,"Mohon maaf atas kendalanya, Kak Hakum. Terkait laporanmu, pastikan kode voucher yang dimasukkan sudah sesuai, ya. Jika masih tidak bisa, silakan laporkan hal ini melalui halaman Bantuan > ketik ""Tidak bisa menukarkan kode promo"" di kolom pencarian > pilih artikel dan lengkapi form-nya. Kami siap membantu. ^Miko",2025-05-11 17:24:35,1.62.0,Dataset/dataset\GOPAY_googleplay_NOVEMBER_reviews.csv,topup
5e94d8b6-d97c-4f2e-8542-3318089ac3ca,Pengguna Google,https://play-lh.googleusercontent.com/EGemoI2NTXmTsBVtJqk8jxF9rh8ApRWfsIMQSt2uE4OcpQqbFu7f7NbTK05lx80nuSijCz7sc3a277R67g,mari bergabung masukan kode ==>>PASCQSXKN aplikasi sangat bermanfaat bisa transaksi pulsa data Token PLN tagihan indhome dan lain lain ada qris untk menerima atau membayar. transfer ke walet atau bank serba cepat free.,5,0,1.42.03,2025-11-29 14:14:27+00:00,"Hi Kak Henry P. Terima kasih untuk review positifnya. Untuk transaksi di ShopeePay aman karena dilengkapi dengan fitur keamanan seperti PIN, kode OTP, sidik jari hingga verifikasi wajah. Jika kakak memiliki pertanyaan atau kendala seputar ShopeePay, mohon DM kami di Instagram @ShopeePay_ID ya. Semoga harimu menyenangkan. ^CS",2025-10-15 16:08:54,1.42.03,Dataset/dataset\SHOPEEPAY_googleplay_NOVEMBER_reviews.csv,qris
a13aad29-bc5f-4dbe-b9bd-94bdec9fcdac,Pengguna Google,https://play-lh.googleusercontent.com/EGemoI2NTXmTsBVtJqk8jxF9rh8ApRWfsIMQSt2uE4OcpQqbFu7f7NbTK05lx80nuSijCz7sc3a277R67g,top up gratis jir,5,0,1.62.0,2025-11-10 21:21:03+00:00,,,1.62.0,Dataset/dataset\GOPAY_googleplay_NOVEMBER_reviews.csv,topup
a98a01a8-ced3-4bc2-a643-1686cf1b95c2,Pengguna Google,https://play-lh.googleusercontent.com/EGemoI2NTXmTsBVtJqk8jxF9rh8ApRWfsIMQSt2uE4OcpQqbFu7f7NbTK05lx80nuSijCz7sc3a277R67g,"Saya top up e walet gopay sebesar 3,6jt sampai sekarang belum masuk2 bukti transaksi ada yang ada suruh lapor dan lapor suruh nunggu nelpon cs udh habis pulsa 100 lebih GK ada kepastian",1,0,1.62.0,2025-11-11 19:00:51+00:00,"Hai Kak @Perantau Sumsel, pastikan nomor tujuan sudah benar, sudah cek halaman Riwayat, dan coba keluar dan masuk kembali ke aplikasi. Jika saldo masih belum masuk, silakan laporkan melalui menu Bantuan > ketik 'Top up GoPay saya belum masuk' > isi formulir dan cantumkan kode psr-25-314-1422-35165 pada bagian 'Ceritakan lebih lanjut'. ^Miko",2025-11-10 21:22:58,1.62.0,Dataset/dataset\GOPAY_googleplay_NOVEMBER_reviews.csv,topup
68ac3da8-d255-4e0a-a6c8-6087a8e32db1,Pengguna Google,https://play-lh.googleusercontent.com/EGemoI2NTXmTsBVtJqk8jxF9rh8ApRWfsIMQSt2uE4OcpQqbFu7f7NbTK05lx80nuSijCz7sc3a277R67g,kenapa akun saya tidak bisa di login kan kembali padahal baru saja saya isi saldo,1,0,,2025-12-30 19:24:52+00:00,"Hi Kak mat sapu23. Mohon maaf mengenai kendala tidak bisa login akun. Untuk bantuan lebih lanjut, mohon menghubungi kami melalui DM ke Instagram @ShopeePay_ID dengan melampirkan foto/screenshot notifikasi kendala yang dialami. ^CS",2025-12-31 11:58:52,,Dataset/dataset\SHOPEEPAY_googleplay_DECEMBER_reviews.csv,login
108f3429-f4f4-495b-b916-d7654da0b6c1,Pengguna Google,https://play-lh.googleusercontent.com/EGemoI2NTXmTsBVtJqk8jxF9rh8ApRWfsIMQSt2uE4OcpQqbFu7f7NbTK05lx80nuSijCz7sc3a277R67g,transfer ke bank lain sangat cepat,5,0,3.1.0,2025-12-16 11:44:09+00:00,"Halo Sahabat @ERNA SEREH, terima kasih atas review yang telah diberikan. Semoga terus menikmati kemudahan dan kenyamanan dalam menggunakan Livin' by Mandiri ya. Daftarkan transaksi secepat kilat pada menu Quick Pick untuk diakses pada halaman Login atau Beranda. Yuk coba sekarang. Tks~Risa",2025-12-16 11:46:13,3.1.0,Dataset/dataset\LIVIN_googleplay_DECEMBER_reviews.csv,transfer
e1b011da-f4c0-4226-bc3b-db8257854960,Pengguna Google,https://play-lh.googleusercontent.com/EGemoI2NTXmTsBVtJqk8jxF9rh8ApRWfsIMQSt2uE4OcpQqbFu7f7NbTK05lx80nuSijCz7sc3a277R67g,"baru kali ini OTP aplikasi selalu minta 3x, baru muncul notifnya di hp, mana bayar pakai pulsa lagi, jadi setiap transaksi bayar pulsa hampir Rp2000, kalau transaksi gagal ya nambah hampir Rp2000 lagi, terus kalau nggak ada pulsa nggak bisa request OTP, dan beli paket sms all operator nggak berfungsi, karena OTP termasuk sms premium yang berbayar Rp550-650 per request. Sudah pusing bayar kuota bulanan, ditambah pusing top up pulsa 👎",1,4,,2025-12-08 21:19:55+00:00,"Hai, Kakak. Maaf atas ketidaknyamanannya. Kami akan selalu memperbaiki sistem demi mencapai kepuasan para pengguna aplikasi blu. Untuk biaya SMS kode OTP tergantung dari kebijakan provider, pastikan sinyal stabil agar dapat menerima kode OTP.",2025-12-08 22:15:12,,Dataset/dataset\BLU_googleplay_DECEMBER_reviews.csv,topup
5f6b5b43-a47b-4d3c-b4b7-12804e4666a0,Pengguna Google,https://play-lh.googleusercontent.com/EGemoI2NTXmTsBVtJqk8jxF9rh8ApRWfsIMQSt2uE4OcpQqbFu7f7NbTK05lx80nuSijCz7sc3a277R67g,"masih tidak bisa login di hp baru, gangguan mulu notifnya... sulig nih bank jomblo",1,0,,2025-12-10 21:51:58+00:00,"Halo Sahabat @Kadek Suwariyati, mohon maaf atas ketidaknyamanannya. Untuk perihal kendala yang dialami, mohon untuk dapat mengirimkan email ke mandiricare@bankmandiri.co.id atau dapat menghubungi layanan mandiri 14000 agar dapat dilakukan pengecekan. Tks~Raka",2025-12-10 21:54:02,,Dataset/dataset\LIVIN_googleplay_DECEMBER_reviews.csv,login
f7d0c3f0-68d9-4ee1-ad39-b6ce37f5e6af,Pengguna Google,https://play-lh.googleusercontent.com/EGemoI2NTXmTsBVtJqk8jxF9rh8ApRWfsIMQSt2uE4OcpQqbFu7f7NbTK05lx80nuSijCz7sc3a277R67g,gopay lg eror kah kok g bs login,4,0,,2025-10-29 20:52:37+00:00,,,,Dataset/dataset\GOPAY_googleplay_OCTOBER_reviews.csv,login
3536f20d-7ec9-4e1b-b028-0b17574bd275,Pengguna Google,https://play-lh.googleusercontent.com/EGemoI2NTXmTsBVtJqk8jxF9rh8ApRWfsIMQSt2uE4OcpQqbFu7f7NbTK05lx80nuSijCz7sc3a277R67g,ngk bsa login bego,1,0,3.144.0,2025-10-01 07:22:05+00:00,,,3.144.0,Dataset/dataset\OVO_googleplay_OCTOBER_reviews.csv,login
8ddd413e-9bde-4b6e-96a1-c96f2e1d98be,Pengguna Google,https://play-lh.googleusercontent.com/EGemoI2NTXmTsBVtJqk8jxF9rh8ApRWfsIMQSt2uE4OcpQqbFu7f7NbTK05lx80nuSijCz7sc3a277R67g,Transaksi mudah dan bebas biaya transfer top 👍,4,0,,2025-10-27 22:47:31+00:00,,,,Dataset/dataset\GOPAY_googleplay_OCTOBER_reviews.csv,transfer
c1d74ce0-34dc-4984-937c-bbd2012d12fb,Pengguna Google,https://play-lh.googleusercontent.com/EGemoI2NTXmTsBVtJqk8jxF9rh8ApRWfsIMQSt2uE4OcpQqbFu7f7NbTK05lx80nuSijCz7sc3a277R67g,bintang 2 dulu sb terima TF sering lambat apk ovo ini. kalo cepat Saya tambah bintangnya,2,0,,2025-11-23 06:57:20+00:00,,,,Dataset/dataset\OVO_googleplay_NOVEMBER_reviews.csv,transfer
66051a38-918a-494a-b463-626dff3e65de,Pengguna Google,https://play-lh.googleusercontent.com/EGemoI2NTXmTsBVtJqk8jxF9rh8ApRWfsIMQSt2uE4OcpQqbFu7f7NbTK05lx80nuSijCz7sc3a277R67g,"Sangat2 membantu mempermudah transaksi elektronik,,dapet koin setiap hari bisa untuk beli kuota atau pulsa mantap pokoknya dan jg ada gratis tf jdi nga mikirin biaya administrasi walau banyak TF ke bank mana saja",5,78,1.61.2,2025-11-03 06:44:03+00:00,,,1.61.2,Dataset/dataset\GOPAY_googleplay_NOVEMBER_reviews.csv,transfer
32f1547b-3abf-430f-8f74-0e941499ea16,Pengguna Google,https://play-lh.googleusercontent.com/EGemoI2NTXmTsBVtJqk8jxF9rh8ApRWfsIMQSt2uE4OcpQqbFu7f7NbTK05lx80nuSijCz7sc3a277R67g,"utk transaksi transfer jelek, dana sering pending .chat cs nya suruh nunggu di batalin ga bisa, tolong perbaiki sistem nya agar cepat menyelesaikan masalah para costumernya",1,0,,2025-12-15 20:08:40+00:00,"Hi Kak Lodi, Mohon maaf atas ketidaknyamanannya terkait kendala transfer ShopeePay pending dan pembatalan. Saat ini apabila kakak memiliki kendala Transfer ShopeePay yang masih belum diterima, kakak dapat menghubungi kami melalui DM ke IG @ShopeePay_ID, dengan melampirkan bukti transfer yang terkendala untuk bantuan lebih lanjut. ^CS",2025-12-16 11:36:29,,Dataset/dataset\SHOPEEPAY_googleplay_DECEMBER_reviews.csv,transfer
cc025652-508f-4731-ac03-6d4e1b6f1954,Pengguna Google,https://play-lh.googleusercontent.com/EGemoI2NTXmTsBVtJqk8jxF9rh8ApRWfsIMQSt2uE4OcpQqbFu7f7NbTK05lx80nuSijCz7sc3a277R67g,transfer cepat sekali,5,0,1.64.0,2025-11-29 17:23:44+00:00,,,1.64.0,Dataset/dataset\GOPAY_googleplay_NOVEMBER_reviews.csv,transfer
dac709ab-4a75-4f13-87f2-d2f6b142d394,Pengguna Google,https://play-lh.googleusercontent.com/EGemoI2NTXmTsBVtJqk8jxF9rh8ApRWfsIMQSt2uE4OcpQqbFu7f7NbTK05lx80nuSijCz7sc3a277R67g,"admin, tolong login nya di perbaiki",5,0,3.2.0,2025-11-15 22:15:10+00:00,"Halo Sahabat @Muhammad. Agung Zulfandi, mohon maaf atas ketidaknyamannya. Perihal kendala pada layanan Livin' by Mandiri, mohon untuk dapat mengirimkan email ke mandiricare@bankmandiri.co.id atau dapat menghubungi layanan mandiri 14000 agar dapat dilakukan pengecekan. Tks~Ervan",2025-11-15 23:04:58,3.2.0,Dataset/dataset\LIVIN_googleplay_NOVEMBER_reviews.csv,login
95bc9b44-5153-4b6f-8af1-2a4ef9e15b47,Pengguna Google,https://play-lh.googleusercontent.com/EGemoI2NTXmTsBVtJqk8jxF9rh8ApRWfsIMQSt2uE4OcpQqbFu7f7NbTK05lx80nuSijCz7sc3a277R67g,"laporan saya kok ga di tanggapi dengan baik ya, sampai sekarang saya ga bisa login ovo nya karena nomor saya hilang, mau pembaruan nomor tapi gagal terus layanannya sangat buruk sudah berkali-kali telfon call center tapi hanya di jawab tunggu tapi sampai sekarang tidak ada kejelasan",1,7,3.144.0,2025-10-10 12:15:07+00:00,,,3.144.0,Dataset/dataset\OVO_googleplay_OCTOBER_reviews.csv,login
cac802f5-d4c5-4b81-84db-fe43a2c45ef1,Pengguna Google,https://play-lh.googleusercontent.com/EGemoI2NTXmTsBVtJqk8jxF9rh8ApRWfsIMQSt2uE4OcpQqbFu7f7NbTK05lx80nuSijCz7sc3a277R67g,apakah betul ini gopay aplikasi terpercaya? karna spp saya top up gopay 1.350.000 pada tanggal 19-11-2025 pukul 12:37:47. sampai saat ini masih belum sampai ke akun gopay nya.,1,3,1.64.0,2025-11-21 19:01:15+00:00,"Hai Kak Wandi, mohon maaf atas ketidaknyamanan yang dialami. Dapat kami sampaikan bahwa saat ini terdapat pemeliharaan sistem sehingga transaksi Kakak terhambat sementara. Silakan Kakak untuk melakukan pengecekan secara berkala. Terima kasih. ^Maura",2025-05-15 17:18:16,1.64.0,Dataset/dataset\GOPAY_googleplay_NOVEMBER_reviews.csv,topup
92fd53cb-eb2e-4865-8a86-cc2809fd93e4,Pengguna Google,https://play-lh.googleusercontent.com/EGemoI2NTXmTsBVtJqk8jxF9rh8ApRWfsIMQSt2uE4OcpQqbFu7f7NbTK05lx80nuSijCz7sc3a277R67g,"Dari kemaren transfer gamasuk masuk, ada pusat bantuan ga konek terus aneh hadeuh ga ada solusi sama sekali ni ovo",2,0,3.149.0,2025-12-13 23:17:22+00:00,,,3.149.0,Dataset/dataset\OVO_googleplay_DECEMBER_reviews.csv,transfer
3b2afeed-3fc3-44b5-b7f6-77efa63c7d15,Pengguna Google,https://play-lh.googleusercontent.com/EGemoI2NTXmTsBVtJqk8jxF9rh8ApRWfsIMQSt2uE4OcpQqbFu7f7NbTK05lx80nuSijCz7sc3a277R67g,ovo parah...stelah top up 1 juta.. tiba2 forclose.. dan mau masuk akun di persusah..ini maunya gmna ovo,1,0,,2025-10-06 23:51:11+00:00,,,,Dataset/dataset\OVO_googleplay_OCTOBER_reviews.csv,topup
3f29b9f7-1e5a-4edf-bbf3-da050a306ca8,Pengguna Google,https://play-lh.googleusercontent.com/EGemoI2NTXmTsBVtJqk8jxF9rh8ApRWfsIMQSt2uE4OcpQqbFu7f7NbTK05lx80nuSijCz7sc3a277R67g,KOCAK. HATI HATI GUYS KALAU MAU TF DI SINI/ TOP UP. MASA TERIMA UANG/TOPUP BISA MAU TARIK HARUS MINTA KONFIRMASI KTP. LOL,1,0,1.64.0,2025-11-18 21:02:16+00:00,,,1.64.0,Dataset/dataset\GOPAY_googleplay_NOVEMBER_reviews.csv,topup
d4ab1196-a062-480f-b677-0c3f70b8f31d,Pengguna Google,https://play-lh.googleusercontent.com/EGemoI2NTXmTsBVtJqk8jxF9rh8ApRWfsIMQSt2uE4OcpQqbFu7f7NbTK05lx80nuSijCz7sc3a277R67g,"mau login ga bisa woi😵, memori masih banyak, jaringan juga kuat, stepnya udah sampai kode otp habis itu keluar sendiri dari apk. udah beberapa Minggu seperti ini.😾",1,0,,2025-11-26 18:05:25+00:00,"Halo Sahabat @Andina Risda Khaulla, mohon maaf atas ketidaknyamannya. Perihal kendala pada layanan Livin' by Mandiri, mohon untuk dapat mengirimkan email ke mandiricare@bankmandiri.co.id atau dapat menghubungi layanan mandiri 14000 agar dapat dilakukan pengecekan. Tks~Abrar",2025-11-26 18:10:20,,Dataset/dataset\LIVIN_googleplay_NOVEMBER_reviews.csv,login
9747a91e-9a08-434d-bcec-f1ac0fef9627,Pengguna Google,https://play-lh.googleusercontent.com/EGemoI2NTXmTsBVtJqk8jxF9rh8ApRWfsIMQSt2uE4OcpQqbFu7f7NbTK05lx80nuSijCz7sc3a277R67g,"SAYA TOP UP SALDO, BELUM JUGA MASUK, PAYAH!!! DARI HARI JUM'AT TANGGAL 19 DESEMBER 2025, PUKUL 01:29 HINGGA SAAT INI TANGGAL 21 DESEMBER 2025. CHAT COSTUMER SERVICE NYA JAWABANYAN BEGITU MULU.. KECEWA DENGAN SHOPEE PAY.. DARI PADA TOP UP,MENDING PEMBAYARAN COD SAJA, LEBIH JELAS...",1,0,1.44.05,2025-12-21 00:53:04+00:00,"Hi Kak Dedy, Mohon maaf atas kendala Top Up ShopeePay yang belum diterima. Silakan menghubungi kami dengan melampirkan bukti yang tertera nomor telepon, nominal, tanggal & waktu transaksi melalui DM ke IG @ShopeePay_ID yang bercentang biru ya. ^EN",2025-12-22 14:16:36,1.44.05,Dataset/dataset\SHOPEEPAY_googleplay_DECEMBER_reviews.csv,topup
409349e6-0c4a-4fe8-b991-4eb71ecc02d1,Pengguna Google,https://play-lh.googleusercontent.com/EGemoI2NTXmTsBVtJqk8jxF9rh8ApRWfsIMQSt2uE4OcpQqbFu7f7NbTK05lx80nuSijCz7sc3a277R67g,apk nya bagus untuk transfer,5,0,1.60.0,2025-10-20 12:11:23+00:00,,,1.60.0,Dataset/dataset\GOPAY_googleplay_OCTOBER_reviews.csv,transfer
5f750004-048e-4490-a89c-e8f863b883ee,Pengguna Google,https://play-lh.googleusercontent.com/EGemoI2NTXmTsBVtJqk8jxF9rh8ApRWfsIMQSt2uE4OcpQqbFu7f7NbTK05lx80nuSijCz7sc3a277R67g,Top up tapcash karena ada promo udh seharian belum masuk juga padahal status udh berhasil tapi di cek saldo ga nambah. Chat cs malah kendala jaringan terus padahal jaringan lancar aja. Nominalnya sih emang ga seberapa tapi namanya duit ya tetep duit.,1,1,1.08.02,2025-10-26 04:57:31+00:00,"Hi Kak Reza. Mohon maaf atas kendala Top Up Tapcash yang diterima. Kami siap membantu kakak, terkait kendala tersebut mohon menghubungi kami melalui DM ke Instagram @ShopeePay_ID yang bercentang biru, dengan melampirkan bukti bayar Top Up untuk bantuan lebih lanjut. Semoga kendala kakak segera terselesaikan ya. ^CS",2025-10-27 11:55:12,1.08.02,Dataset/dataset\SHOPEEPAY_googleplay_OCTOBER_reviews.csv,topup
a5431b94-834c-4129-b3fd-db308b72bce7,Pengguna Google,https://play-lh.googleusercontent.com/EGemoI2NTXmTsBVtJqk8jxF9rh8ApRWfsIMQSt2uE4OcpQqbFu7f7NbTK05lx80nuSijCz7sc3a277R67g,"aplikasi bodoh , akun saya susah login terus , sudah coba berapa kali , terus saja susah login , sudah di uninstall terus install lagi , masih tetap saja susah login , udah coba berapa kali , harus nunggu lagi , aplikasi payah",1,4,1.59.0,2025-11-13 11:38:08+00:00,"Hai Kak Seftyan, untuk login ke aplikasi GoPay, gunakan nomor HP yang terdaftar di akun Gojek-mu. Jika belum punya akun Gojek, kamu bisa daftar langsung di aplikasi GoPay, ya. Jika masih tidak bisa login, laporkan ke kami melalui email ke customerservice@gopay.co.id dan mencantumkan kode psr-25-317-0645-26155 pada subjek email.^Melisa",2025-11-13 13:45:34,1.59.0,Dataset/dataset\GOPAY_googleplay_NOVEMBER_reviews.csv,login
7dc22895-743d-4da7-a9b1-c942ee55a499,Pengguna Google,https://play-lh.googleusercontent.com/EGemoI2NTXmTsBVtJqk8jxF9rh8ApRWfsIMQSt2uE4OcpQqbFu7f7NbTK05lx80nuSijCz7sc3a277R67g,Aplikasi udah bagus cuma proses login akun perifikasi wajah nya ga guna udah kedip kedip juga masih ga bisa,4,0,3.2.0,2025-12-07 20:38:57+00:00,"Halo Sahabat @Haikal Muzaqi , mohon maaf atas ketidaknyamanannya. Terimakasih atas saran dan masukan yang diberikan, perihal tsb akan menjadi masukan bagi kami untuk pengembangan aplikasi kedepannya dan meningkatkan kualitas layanan Livin' by Mandiri. Tks~Charles",2025-12-07 21:01:12,3.2.0,Dataset/dataset\LIVIN_googleplay_DECEMBER_reviews.csv,login
ca2e29cb-d978-4dfd-8b25-0e93365320d9,Pengguna Google,https://play-lh.googleusercontent.com/EGemoI2NTXmTsBVtJqk8jxF9rh8ApRWfsIMQSt2uE4OcpQqbFu7f7NbTK05lx80nuSijCz7sc3a277R67g,aplikasi ini bagus juga bisa transfer ke bank manapun,5,0,1.62.0,2025-11-12 18:50:10+00:00,,,1.62.0,Dataset/dataset\GOPAY_googleplay_NOVEMBER_reviews.csv,transfer
48be05f0-bdf4-458e-af34-a91a4d56e945,Pengguna Google,https://play-lh.googleusercontent.com/EGemoI2NTXmTsBVtJqk8jxF9rh8ApRWfsIMQSt2uE4OcpQqbFu7f7NbTK05lx80nuSijCz7sc3a277R67g,gopay benr bener aman pas top up dana bisa dapet lebih lagi memang 👍👍,5,0,,2025-11-07 17:00:51+00:00,,,,Dataset/dataset\GOPAY_googleplay_NOVEMBER_reviews.csv,topup
c472ef74-091b-4f33-8925-2a852fa0f901,Pengguna Google,https://play-lh.googleusercontent.com/EGemoI2NTXmTsBVtJqk8jxF9rh8ApRWfsIMQSt2uE4OcpQqbFu7f7NbTK05lx80nuSijCz7sc3a277R67g,GOPAY SAMPAHH Qris selalu error,1,1,1.64.0,2025-11-23 11:59:34+00:00,"Hai Kak Dahya, mohon maaf atas ketidaknyamanannya. Pastikan kamu menggunakan aplikasi GoPay versi terbaru dan posisi kode QR yang dipindai sudah sesuai. Jika masih berkendala, laporkan melalui email customerservice@gopay.co.id dan cantumkan kode psr-25-327-0535-20872 pada subject email yang kamu kirimkan ya. ^Melisa",2025-11-23 12:35:32,1.64.0,Dataset/dataset\GOPAY_googleplay_NOVEMBER_reviews.csv,qris
101a27b5-3542-4ff0-b784-8519cd1f72b8,Pengguna Google,https://play-lh.googleusercontent.com/EGemoI2NTXmTsBVtJqk8jxF9rh8ApRWfsIMQSt2uE4OcpQqbFu7f7NbTK05lx80nuSijCz7sc3a277R67g,ovo byr pake qris gagal trus.,1,0,,2025-10-23 10:51:51+00:00,,,,Dataset/dataset\OVO_googleplay_OCTOBER_reviews.csv,qris
502e495b-a63b-4aa1-b05c-af7315820eeb,Pengguna Google,https://play-lh.googleusercontent.com/EGemoI2NTXmTsBVtJqk8jxF9rh8ApRWfsIMQSt2uE4OcpQqbFu7f7NbTK05lx80nuSijCz7sc3a277R67g,"saya punya masalah dengan aku saya, hp saya hilang saya minta penutupan akun dan tf sisa saldo saya yang ada di aplikasi ovo tapi cs ovo tidak menanggapi",1,0,,2025-10-03 09:33:13+00:00,,,,Dataset/dataset\OVO_googleplay_OCTOBER_reviews.csv,transfer
4685a76d-0045-41f0-87a9-60df3dae62e6,Pengguna Google,https://play-lh.googleusercontent.com/EGemoI2NTXmTsBVtJqk8jxF9rh8ApRWfsIMQSt2uE4OcpQqbFu7f7NbTK05lx80nuSijCz7sc3a277R67g,"kalau kerja yg jujur dong ,saya dapat transfer dari gopay ke ovo kok blm masuk ini kan uang orang harus yg amanah dong",1,0,3.145.0,2025-10-27 19:14:18+00:00,,,3.145.0,Dataset/dataset\OVO_googleplay_OCTOBER_reviews.csv,transfer
9ef6c95e-26ac-4293-9ea7-2010cb88bd97,Pengguna Google,https://play-lh.googleusercontent.com/EGemoI2NTXmTsBVtJqk8jxF9rh8ApRWfsIMQSt2uE4OcpQqbFu7f7NbTK05lx80nuSijCz7sc3a277R67g,"Padahal di aplikasi lain grtais transfer ke semua e-wallet,. begitu di tf ke ovo malah dipotong si ovo ini Rp2000, kocak bener ni ovo uninstal aja dah, gak jelas bangke",1,0,3.146.0,2025-10-31 15:12:23+00:00,,,3.146.0,Dataset/dataset\OVO_googleplay_OCTOBER_reviews.csv,transfer
82af5aa5-02d8-4f70-817e-15bcb8d98cac,Pengguna Google,https://play-lh.googleusercontent.com/EGemoI2NTXmTsBVtJqk8jxF9rh8ApRWfsIMQSt2uE4OcpQqbFu7f7NbTK05lx80nuSijCz7sc3a277R67g,Emang bagus banget. Saya mula-mula belajar top up dari teman. eh setelah itu belajar sendiri dan keterusan. Terus upgrade dan update main bagus yah. Thankyou.,5,0,1.59.0,2025-10-05 12:20:47+00:00,,,1.59.0,Dataset/dataset\GOPAY_googleplay_OCTOBER_reviews.csv,topup
d4cb29ef-def1-473b-9371-3ed547f722e2,Pengguna Google,https://play-lh.googleusercontent.com/EGemoI2NTXmTsBVtJqk8jxF9rh8ApRWfsIMQSt2uE4OcpQqbFu7f7NbTK05lx80nuSijCz7sc3a277R67g,ovo kok selalu error ya.kok gak bs top up grab driver y,1,0,3.146.0,2025-11-08 18:43:26+00:00,,,3.146.0,Dataset/dataset\OVO_googleplay_NOVEMBER_reviews.csv,topup
cb11a681-45db-430d-a5c5-40c6cab51eae,Pengguna Google,https://play-lh.googleusercontent.com/EGemoI2NTXmTsBVtJqk8jxF9rh8ApRWfsIMQSt2uE4OcpQqbFu7f7NbTK05lx80nuSijCz7sc3a277R67g,"jelek aku mau transfer uang, mau terima uang harus pakek shopeepay plus semua",1,0,,2025-11-12 04:34:59+00:00,"Hi Kak Ahsan, mohon maaf atas kendala transfer & menerima dana ShopeePay. Untuk menerima transfer tdk memerlukan verifikasi ShopeePay jika limit masih tersedia, Namun untuk transfer/tarik dana membutuhkan verifikasi identitas ShopeePay. Silakan pelajari lebih lanjut di https://help.shopee.co.id/portal/4/article/72961 . Semoga membantu. ^CS",2025-11-12 11:11:57,,Dataset/dataset\SHOPEEPAY_googleplay_NOVEMBER_reviews.csv,transfer
02eac62a-02dd-47e3-8fff-c9debe333c00,Pengguna Google,https://play-lh.googleusercontent.com/EGemoI2NTXmTsBVtJqk8jxF9rh8ApRWfsIMQSt2uE4OcpQqbFu7f7NbTK05lx80nuSijCz7sc3a277R67g,mudah dan sangat membantu dalam transfer,5,0,1.44.04,2025-12-06 22:00:07+00:00,"Hi Kak. Terima kasih telah menggunakan ShopeePay. Mari cek aplikasi ShopeePay karena banyak fitur yang mempermudah keseharian kakak seperti pembelian pulsa, paket data, pembayaran tagihan listrik dan pembayaran lainnya. Jika kakak memiliki pertanyaan seputar ShopeePay, mohon DM kami di Instagram @ShopeePay_ID ya. Semoga harimu menyenangkan ^RJ",2025-12-08 09:51:39,1.44.04,Dataset/dataset\SHOPEEPAY_googleplay_DECEMBER_reviews.csv,transfer
62bb5c11-0b12-43b1-99c0-4c9493a1ae2e,Pengguna Google,https://play-lh.googleusercontent.com/EGemoI2NTXmTsBVtJqk8jxF9rh8ApRWfsIMQSt2uE4OcpQqbFu7f7NbTK05lx80nuSijCz7sc3a277R67g,top TF banyak gratisan,5,0,1.58.0,2025-10-03 22:28:42+00:00,,,1.58.0,Dataset/dataset\GOPAY_googleplay_OCTOBER_reviews.csv,transfer
d906a96d-5c31-4430-b4f7-fd90905291a6,Pengguna Google,https://play-lh.googleusercontent.com/EGemoI2NTXmTsBVtJqk8jxF9rh8ApRWfsIMQSt2uE4OcpQqbFu7f7NbTK05lx80nuSijCz7sc3a277R67g,potong admin top up tiadakam,3,0,,2025-12-04 04:35:47+00:00,,,,Dataset/dataset\OVO_googleplay_DECEMBER_reviews.csv,topup
2459e666-ad84-437a-9dcf-402ebb80df00,Pengguna Google,https://play-lh.googleusercontent.com/EGemoI2NTXmTsBVtJqk8jxF9rh8ApRWfsIMQSt2uE4OcpQqbFu7f7NbTK05lx80nuSijCz7sc3a277R67g,tolong buka blokir ovo saya .saya gk bisa login gk bisa tarik saldo saya,5,0,3.145.0,2025-10-25 14:53:09+00:00,,,3.145.0,Dataset/dataset\OVO_googleplay_OCTOBER_reviews.csv,login
92cd0115-7494-415e-9bbd-9d7cc60231ea,Pengguna Google,https://play-lh.googleusercontent.com/EGemoI2NTXmTsBVtJqk8jxF9rh8ApRWfsIMQSt2uE4OcpQqbFu7f7NbTK05lx80nuSijCz7sc3a277R67g,"sering eror saat sdg dibutuhkan penting, dan sulit utk pengaduan ... ribet pusing ujungnya merugikan sy , niat mau topup saldo grab driver utk bayar tagihan sewa molis jd terhambat ... ah knp grab hrs pakai ovo sih bukan yang lain",1,0,3.147.0,2025-11-06 22:14:44+00:00,,,3.147.0,Dataset/dataset\OVO_googleplay_NOVEMBER_reviews.csv,topup
d20de550-317c-40da-82f6-60748a4efcc9,Pengguna Google,https://play-lh.googleusercontent.com/EGemoI2NTXmTsBVtJqk8jxF9rh8ApRWfsIMQSt2uE4OcpQqbFu7f7NbTK05lx80nuSijCz7sc3a277R67g,transfer kemana saja tanpa biaya admin,5,0,1.42.03,2025-11-15 14:28:02+00:00,"Hi Kak. Terima kasih telah menggunakan ShopeePay. Mari cek aplikasi ShopeePay karena banyak fitur yang mempermudah keseharian kakak seperti pembelian pulsa, paket data, pembayaran tagihan listrik dan pembayaran lainnya. Jika kakak memiliki pertanyaan seputar ShopeePay, mohon DM kami di Instagram @ShopeePay_ID ya. Semoga harimu menyenangkan ^RJ",2025-11-17 09:57:10,1.42.03,Dataset/dataset\SHOPEEPAY_googleplay_NOVEMBER_reviews.csv,transfer
2903d024-0f82-44dc-b398-d5200b9516bc,Pengguna Google,https://play-lh.googleusercontent.com/EGemoI2NTXmTsBVtJqk8jxF9rh8ApRWfsIMQSt2uE4OcpQqbFu7f7NbTK05lx80nuSijCz7sc3a277R67g,"tidak bisa transfer ke bank, padahal sudah lapor pihak shopee",1,1,1.41.06,2025-10-27 12:00:36+00:00,"Hi Kak Siti, Mohon maaf mengenai kendala atas kendala tidak bisa transfer ke rekening bank. Mohon pastikan telah menggunakan aplikasi ShopeePay terbaru dan silakan bisa coba berkala. Apabila masih berkendala mohon menghubungi kami melalui DM Instagram di @ShopeePay_ID untuk bantuan lebih lanjut. Semoga kendala kakak segera terselesaikan ^CS",2025-10-27 13:28:44,1.41.06,Dataset/dataset\SHOPEEPAY_googleplay_OCTOBER_reviews.csv,transfer
27b8edeb-1574-4a66-ae20-953d6914786a,Pengguna Google,https://play-lh.googleusercontent.com/EGemoI2NTXmTsBVtJqk8jxF9rh8ApRWfsIMQSt2uE4OcpQqbFu7f7NbTK05lx80nuSijCz7sc3a277R67g,kenapa tidak bisa top up games?,3,0,1.61.2,2025-11-05 15:38:03+00:00,,,1.61.2,Dataset/dataset\GOPAY_googleplay_NOVEMBER_reviews.csv,topup
03522737-4045-460b-aa63-c53e1048d848,Pengguna Google,https://play-lh.googleusercontent.com/EGemoI2NTXmTsBVtJqk8jxF9rh8ApRWfsIMQSt2uE4OcpQqbFu7f7NbTK05lx80nuSijCz7sc3a277R67g,"aplikasi ga jelas, saldo saya ga bisa buat apa2 top up ga bisa, tarik tunai ga bisa, tranfer kg ga bisa, komplain juga ga gubris, terus dikemanain tu saldo saya , hampir 6 bulan aku pake gopay, transaksi rata2 8jt perbulan, eh sekarang . maaf2 aja jangan sampai aku lapor ke pusat, kalo ga segera balikin saldo saya . parah nya lagi aku login sudah ga bisa. terima kasih ya?? saya akan laporkan",1,0,,2025-10-31 18:43:11+00:00,"Hai Kak @kuri kuluman, mohon maaf atas ketidaknyamanannya. Jika kamu masih mengalami kendala, silakan laporkan melalui email ke customerservice@gopay.co.id dengan melampirkan kode psr-25-304-1207-27368 pada subject email dan cantumkan nomor laporan kamu sebelumnya pada email yang kamu kirimkan. Kami tunggu detail laporan kamu ya. ^Maura",2025-10-31 19:07:33,,Dataset/dataset\GOPAY_googleplay_OCTOBER_reviews.csv,login
88d95d70-ada8-4bbb-8c74-fd8ffc9229fd,Pengguna Google,https://play-lh.googleusercontent.com/EGemoI2NTXmTsBVtJqk8jxF9rh8ApRWfsIMQSt2uE4OcpQqbFu7f7NbTK05lx80nuSijCz7sc3a277R67g,"bergunaa sekalii, kalau top up game, tidak ada biaya tambahan",5,0,1.61.2,2025-11-07 18:51:46+00:00,,,1.61.2,Dataset/dataset\GOPAY_googleplay_NOVEMBER_reviews.csv,topup
1d4d46a8-3e86-4ac5-8b22-3c938dbe8859,Pengguna Google,https://play-lh.googleusercontent.com/EGemoI2NTXmTsBVtJqk8jxF9rh8ApRWfsIMQSt2uE4OcpQqbFu7f7NbTK05lx80nuSijCz7sc3a277R67g,dengan gopay semuanya jadi mudah bertransaksi.. transfer kebank manapun senuanya gratis tanpa biaya adm..,5,0,1.49.1,2025-10-01 06:30:03+00:00,,,1.49.1,Dataset/dataset\GOPAY_googleplay_OCTOBER_reviews.csv,transfer
a85b2332-8ce5-4ee8-9f01-b1c170889a09,Pengguna Google,https://play-lh.googleusercontent.com/EGemoI2NTXmTsBVtJqk8jxF9rh8ApRWfsIMQSt2uE4OcpQqbFu7f7NbTK05lx80nuSijCz7sc3a277R67g,kemarin nyoba bayar tagihan wifi agak lelet masuknya..tapi pas cek di aplikasi shopee taunya sudah selesai..bayar listrik juga sama agak eror padahal udah kepotong saldo tapi cek di aplikasi pln malah gagal & sudah kadaluwarsa padahal transaksi sudah berhasil..sekarang mau tf uang malah gak bisa..haduh banyak bugnya,1,22,1.42.03,2025-11-20 19:07:30+00:00,"Hi Kak Neng. Mohon maaf atas kendala pembayaran PLN gagal terverifikasi dan tidak bisa transfer. Terkait kendala tersebut mohon menghubungi kami melalui DM ke Instagram @ShopeePay_ID yang bercentang biru, dengan menginformasikan detail dan bukti kendala untuk bantuan lebih lanjut. Semoga kendala kakak segera terselesaikan ya. ^CS",2025-11-21 11:17:41,1.42.03,Dataset/dataset\SHOPEEPAY_googleplay_NOVEMBER_reviews.csv,transfer
261c0258-0744-4683-8a6a-6e803357b9ab,Pengguna Google,https://play-lh.googleusercontent.com/EGemoI2NTXmTsBVtJqk8jxF9rh8ApRWfsIMQSt2uE4OcpQqbFu7f7NbTK05lx80nuSijCz7sc3a277R67g,baru juga pake shopeepay saldo saya 2juta tertahan gak bisa di transfer dan gak bisa buat berbelanja online. sudah laporan ke pihak cs berteletele suruh nunggu 24jam pas sudah 24 jam suruh nunggu 3hari pas udah 3 hari belum bener bener juga sekarang disuruh nunggu lagi.katanya lagi dikerjakan olih tim. semua bukti sudah saya kasih apapun yang pihak shopepay minta saya kasih buktinya tapi tetep saja saldo saya tertahan gak bisa tf gak bisa belanja di shopee,1,0,,2025-10-30 01:11:37+00:00,"Hi Kak Gugun. Mohon maaf atas kendala saldo ShopeePay tidak bisa dilakukan transfer dan transaksi belanja. Kami siap membantu kakak, mohon menghubungi kami melalui DM ke Instagram @ShopeePay_ID yang bercentang biru, dengan menginformasikan detail dan bukti kendala untuk bantuan lebih lanjut. Semoga kendala kakak segera terselesaikan ya. ^CS",2025-10-30 10:55:12,,Dataset/dataset\SHOPEEPAY_googleplay_OCTOBER_reviews.csv,transfer
4fb20a57-a900-4665-a5c1-1ccdf3d8b527,Pengguna Google,https://play-lh.googleusercontent.com/EGemoI2NTXmTsBVtJqk8jxF9rh8ApRWfsIMQSt2uE4OcpQqbFu7f7NbTK05lx80nuSijCz7sc3a277R67g,"tolong dong login jngn cuman lewat nomer hp doang, bisa lewat email lebih enak, masa udah 2025 masih aja lewat no hp loginnya, emailkan ga sembarwngan pakai juga itu privasi pribadi, kalo nomer hpkan ada yang srwaktu nomer ke blokir & hp ilang, tolonglag beri service yang baikk , jngn kalah sama aplikasi lain",5,0,,2025-11-21 06:01:04+00:00,,,,Dataset/dataset\OVO_googleplay_NOVEMBER_reviews.csv,login
4ca5f02d-c6ce-49f4-87d8-ed51c85339b4,Pengguna Google,https://play-lh.googleusercontent.com/EGemoI2NTXmTsBVtJqk8jxF9rh8ApRWfsIMQSt2uE4OcpQqbFu7f7NbTK05lx80nuSijCz7sc3a277R67g,sangat membantu tf ke mana aja bisa,4,0,1.59.0,2025-10-04 03:35:48+00:00,,,1.59.0,Dataset/dataset\GOPAY_googleplay_OCTOBER_reviews.csv,transfer
5db6c087-88a9-4c42-829d-ded28952ca1d,Pengguna Google,https://play-lh.googleusercontent.com/EGemoI2NTXmTsBVtJqk8jxF9rh8ApRWfsIMQSt2uE4OcpQqbFu7f7NbTK05lx80nuSijCz7sc3a277R67g,"Akun Gopartner sudah terhubung Gopay, tapi tidak bisa transfer. Jadinya malah kacau gak bisa tarik saldo Driver. FITUR INI BELUM SIAP!!!",5,0,1.60.0,2025-10-29 15:02:57+00:00,"Hai Kak Helmi, terima kasih atas ulasannya dan mohon maaf untuk kendalanya. Laporan yang Anda sampaikan akan menjadi masukan bagi kami untuk terus meningkatkan kualitas layanan kami ke depannya. Jika Anda memiliki pertanyaan atau kendala lainnya, silakan kunjungi menu Bantuan di aplikasi GoPartner Anda. ^Ve",2024-01-23 06:41:46,1.60.0,Dataset/dataset\GOPAY_googleplay_OCTOBER_reviews.csv,transfer
fe713e3e-13fb-40c1-9999-264fec6cd632,Pengguna Google,https://play-lh.googleusercontent.com/EGemoI2NTXmTsBVtJqk8jxF9rh8ApRWfsIMQSt2uE4OcpQqbFu7f7NbTK05lx80nuSijCz7sc3a277R67g,"seluruh pembayaran, dan menerima transferan pakai admin semua, sangat tidak wort it aplikasi ini ! jangan download aplikasi ini , masih banyak aplikasi lain yg bisa membantu kita dalam persoalan transfer atau pembayaran dan dalam pembelian apapun.",1,6,3.145.0,2025-10-22 04:04:51+00:00,,,3.145.0,Dataset/dataset\OVO_googleplay_OCTOBER_reviews.csv,transfer
ea9b6fc3-344d-43bb-8dcc-9ff2c56a1ebf,Pengguna Google,https://play-lh.googleusercontent.com/EGemoI2NTXmTsBVtJqk8jxF9rh8ApRWfsIMQSt2uE4OcpQqbFu7f7NbTK05lx80nuSijCz7sc3a277R67g,ko susah banget si buat scan muka doang padahal saya sudah pas in ke lingkaran masih aja tidak dikenali tolong perbaiki lagi y dn saya mohon maaf sekali saya kasi b1 terlebih dahulu nanti kalau sudah dibenarkan saya kasi b5,1,0,2.5.0,2025-11-11 14:17:48+00:00,"Hai, Kakak. Maaf atas ketidaknyamanannya. Kami akan selalu berusaha memberikan yang terbaik demi memenuhi kebutuhan perbankan Kakak. Terkait kendala tersebut boleh infokan detail kendala serta kirimkan gambar kendalanya ke X @haloblu atau email haloblu@bcadigital.co.id agar kami bisa bantu lebih lanjut ya.
",2025-11-11 15:05:22,2.5.0,Dataset/dataset\BLU_googleplay_NOVEMBER_reviews.csv,vermuk
ab900aa5-738d-4a43-bfe3-2ea3793a34db,Pengguna Google,https://play-lh.googleusercontent.com/EGemoI2NTXmTsBVtJqk8jxF9rh8ApRWfsIMQSt2uE4OcpQqbFu7f7NbTK05lx80nuSijCz7sc3a277R67g,Gak bisa login kembali,1,0,3.146.0,2025-11-09 23:34:41+00:00,,,3.146.0,Dataset/dataset\OVO_googleplay_NOVEMBER_reviews.csv,login
6940e340-b801-4588-a795-5d4b48da92b7,Pengguna Google,https://play-lh.googleusercontent.com/EGemoI2NTXmTsBVtJqk8jxF9rh8ApRWfsIMQSt2uE4OcpQqbFu7f7NbTK05lx80nuSijCz7sc3a277R67g,"makin hari"" makin enggak jelas aplikasi nya saya driver ojol saya isi saldo harus top up di Ovo . jadi ketika ovo gangguan kita rugi . tolong perbaiki Jagan ambil persenan ajak",2,0,,2025-11-07 14:00:56+00:00,,,,Dataset/dataset\OVO_googleplay_NOVEMBER_reviews.csv,topup
0e34e479-0ec6-4f4f-8f00-a168774c7164,Pengguna Google,https://play-lh.googleusercontent.com/EGemoI2NTXmTsBVtJqk8jxF9rh8ApRWfsIMQSt2uE4OcpQqbFu7f7NbTK05lx80nuSijCz7sc3a277R67g,"plis dr by livin, di perjelas, bru saja saya TF ke bank lain, tranferan gagal, tp saldo saya terpotong sebesar nominal tranferan saya, tolong di solusinya, nnt saya tambah bintang nya",1,0,3.1.0,2025-11-07 01:36:31+00:00,"Hi Sahabat @Erwinsyah ayahbilqis,  mohon maaf atas ketidaknyamannya. untuk perihal kendala pada layanan Livin' by Mandiri, mohon untuk dapat mengirimkan email ke mandiricare@bankmandiri.co.id atau dapat menghubungi layanan mandiri 14000 agar dapat dilakukan pengecekan. Tks~Mandala",2025-11-07 01:55:09,3.1.0,Dataset/dataset\LIVIN_googleplay_NOVEMBER_reviews.csv,transfer
98e4ae95-2cba-4b58-8427-b6677a3d9af2,Pengguna Google,https://play-lh.googleusercontent.com/EGemoI2NTXmTsBVtJqk8jxF9rh8ApRWfsIMQSt2uE4OcpQqbFu7f7NbTK05lx80nuSijCz7sc3a277R67g,feenya lebih tinggi klo mau tarik tunai atau tf. klo bank lain cuma 2500 ini blu feenya 3500 mending cari yg laen sih menurut ku,1,0,2.6.0,2025-12-15 17:11:02+00:00,"Hai, Kak Favian. Maaf atas ketidaknyamanannya. Untuk transfer ke Bank lain bisa bebas biaya menggunakan BI-FAST atau LLG sesuai dengan kuota bluLoyalty dan untuk tarik tunai atau setor juga bisa bebas biaya menggunakan kuota bluLoyalty. Tingkatin terus saldo Kakak agar semakin banyak mendapatkan kuota bluLoyalty ya Kak.",2025-12-16 00:43:01,2.6.0,Dataset/dataset\BLU_googleplay_DECEMBER_reviews.csv,transfer
b234148f-bb3f-4fd8-aa8d-238655c20c7f,Pengguna Google,https://play-lh.googleusercontent.com/EGemoI2NTXmTsBVtJqk8jxF9rh8ApRWfsIMQSt2uE4OcpQqbFu7f7NbTK05lx80nuSijCz7sc3a277R67g,"Blu kenapa tidak bisa di buka,padahal saya Bru aja transfer,gimana ini",1,0,2.5.0,2025-11-17 11:44:13+00:00,"Hai, Kak Han. Maaf atas ketidaknyamanannya. Terkait kendala tersebut masih dalam penanganan oleh pihak terkait kami, minblu saranin Kakak dapat mencoba secara berkala ya.",2025-11-17 12:53:15,2.5.0,Dataset/dataset\BLU_googleplay_NOVEMBER_reviews.csv,transfer
359d874e-a1d8-45a2-aac6-a474a20abfb3,Pengguna Google,https://play-lh.googleusercontent.com/EGemoI2NTXmTsBVtJqk8jxF9rh8ApRWfsIMQSt2uE4OcpQqbFu7f7NbTK05lx80nuSijCz7sc3a277R67g,apa nihhh waktu mau login harus diupdate duluu sihhh maaf cuman kasih 1 bintang tapii memang kesel bgt gue anjirrr masakan harus diupdate batu bisa login sihh ngga jelasssssss,1,0,3.144.0,2025-10-21 05:52:51+00:00,,,3.144.0,Dataset/dataset\OVO_googleplay_OCTOBER_reviews.csv,login
7f1bcae6-5972-4832-8867-ae5faae1d2de,Pengguna Google,https://play-lh.googleusercontent.com/EGemoI2NTXmTsBVtJqk8jxF9rh8ApRWfsIMQSt2uE4OcpQqbFu7f7NbTK05lx80nuSijCz7sc3a277R67g,buat byr dan transfer jd praktis,5,0,1.57.0,2025-11-02 10:55:18+00:00,,,1.57.0,Dataset/dataset\GOPAY_googleplay_NOVEMBER_reviews.csv,transfer
f92f01c8-5c0b-4c5a-8cec-862011acd928,Pengguna Google,https://play-lh.googleusercontent.com/EGemoI2NTXmTsBVtJqk8jxF9rh8ApRWfsIMQSt2uE4OcpQqbFu7f7NbTK05lx80nuSijCz7sc3a277R67g,"tidak bisa tf 5k, pas naik ojek. jadi dgn iklas bayar 10k😭😭",1,0,3.150.0,2025-12-31 22:00:44+00:00,,,3.150.0,Dataset/dataset\OVO_googleplay_DECEMBER_reviews.csv,transfer
abe5ac64-18bc-4025-8683-2d7e4685a20a,Pengguna Google,https://play-lh.googleusercontent.com/EGemoI2NTXmTsBVtJqk8jxF9rh8ApRWfsIMQSt2uE4OcpQqbFu7f7NbTK05lx80nuSijCz7sc3a277R67g,"saya kasih bintang 1 , ini aplikasi sangat buruk saya berhari - hari nunggu uang top up belum masuk sampe saat ini",1,0,3.148.0,2025-12-07 02:52:54+00:00,,,3.148.0,Dataset/dataset\OVO_googleplay_DECEMBER_reviews.csv,topup
674a77fe-b18c-4fe5-8a96-f9252ebac8fc,Pengguna Google,https://play-lh.googleusercontent.com/EGemoI2NTXmTsBVtJqk8jxF9rh8ApRWfsIMQSt2uE4OcpQqbFu7f7NbTK05lx80nuSijCz7sc3a277R67g,"sebenarnya biaya admin berapa, masa transaksi ada 2 biaya admin padahal ke top up ewalet. Dan harus update trus perbulannya. Capek capek",2,0,3.2.0,2025-12-25 15:54:15+00:00,"Halo Sahabat @Fitra Hardyanto, mohon maaf atas ketidaknyamannya. Perihal kendala pada layanan Livin' by Mandiri, mohon untuk dapat mengirimkan email ke mandiricare@bankmandiri.co.id atau dapat menghubungi layanan mandiri 14000 agar dapat dilakukan pengecekan. Tks~Abrar",2025-12-25 15:59:40,3.2.0,Dataset/dataset\LIVIN_googleplay_DECEMBER_reviews.csv,topup
7ed65af0-6901-422f-87f2-c3d4b5482126,Pengguna Google,https://play-lh.googleusercontent.com/EGemoI2NTXmTsBVtJqk8jxF9rh8ApRWfsIMQSt2uE4OcpQqbFu7f7NbTK05lx80nuSijCz7sc3a277R67g,tidak bisa verifikasi wajah gagal mulu,2,0,,2025-12-12 12:53:00+00:00,,,,Dataset/dataset\LIVIN_googleplay_DECEMBER_reviews.csv,vermuk
b513e447-ba58-411b-80f6-0e7fe9412053,Pengguna Google,https://play-lh.googleusercontent.com/EGemoI2NTXmTsBVtJqk8jxF9rh8ApRWfsIMQSt2uE4OcpQqbFu7f7NbTK05lx80nuSijCz7sc3a277R67g,karena aku top up ff gak masuk,1,0,1.62.0,2025-11-18 21:33:03+00:00,"Hai Kak Anugrah, mohon maaf atas ketidaknyamanan yang dialami. Dapat kami sampaikan bahwa saat ini terdapat pemeliharaan sistem sehingga Top up games kamu terhambat. Silakan kamu dapat melakukan pengecekan secara berkala. Terima kasih. ^Melisa",2025-11-18 23:08:18,1.62.0,Dataset/dataset\GOPAY_googleplay_NOVEMBER_reviews.csv,topup
e9e75968-4da5-4e25-a8cd-c5d9f33d2cb0,Pengguna Google,https://play-lh.googleusercontent.com/EGemoI2NTXmTsBVtJqk8jxF9rh8ApRWfsIMQSt2uE4OcpQqbFu7f7NbTK05lx80nuSijCz7sc3a277R67g,"gajelas banget, saya top up wdp ga masuk"", padahal udah nunggu 1 jam lebih",1,0,1.59.0,2025-10-10 18:33:25+00:00,"Hai Kak Nisa, kami mohon maaf atas kondisi yang Kakak alami. Terkait hal ini, dapat kami sampaikan bahwa ada pemeliharaan sistem yang mempengaruhi transaksi Kakak & saat ini sudah kembali normal. Berkenan untuk melakukan pengecekan kembali di akun tujuan secara berkala ya Kak. Mohon maaf atas ketidaknyamanannya. Salam hangat. ^Miko",2025-10-10 22:29:55,1.59.0,Dataset/dataset\GOPAY_googleplay_OCTOBER_reviews.csv,topup
ead52b18-3163-4884-a95c-62f6665d1b09,Pengguna Google,https://play-lh.googleusercontent.com/EGemoI2NTXmTsBVtJqk8jxF9rh8ApRWfsIMQSt2uE4OcpQqbFu7f7NbTK05lx80nuSijCz7sc3a277R67g,bagus kalo tf bisa gratis,5,0,1.61.2,2025-11-01 13:39:28+00:00,,,1.61.2,Dataset/dataset\GOPAY_googleplay_NOVEMBER_reviews.csv,transfer
45aa94df-e628-488a-a7fa-57c106d8dabd,Pengguna Google,https://play-lh.googleusercontent.com/EGemoI2NTXmTsBVtJqk8jxF9rh8ApRWfsIMQSt2uE4OcpQqbFu7f7NbTK05lx80nuSijCz7sc3a277R67g,"gj setiap scan qris gabisa, malah tulisan ""aktifitas tidak wajar""",1,1,1.60.0,2025-10-31 06:20:59+00:00,"Hai Kak Haifa, mohon maaf atas ketidaknyamanannya. Pastikan kamu menggunakan aplikasi GoPay versi terbaru dan posisi kode QR yang dipindai sudah sesuai. Jika masih berkendala, laporkan melalui email customerservice@gopay.co.id dan cantumkan kode psr-25-304-0230-17060 pada subject email yang kamu kirimkan ya. ^Miko",2025-10-31 09:30:29,1.60.0,Dataset/dataset\GOPAY_googleplay_OCTOBER_reviews.csv,qris
182a095f-d5c8-4f86-bc1b-81ca2339e858,Pengguna Google,https://play-lh.googleusercontent.com/EGemoI2NTXmTsBVtJqk8jxF9rh8ApRWfsIMQSt2uE4OcpQqbFu7f7NbTK05lx80nuSijCz7sc3a277R67g,jelek banget login aja di persulit,1,0,3.148.0,2025-11-27 02:10:11+00:00,,,3.148.0,Dataset/dataset\OVO_googleplay_NOVEMBER_reviews.csv,login
418f2670-d969-4046-85f9-4d74bfc80856,Pengguna Google,https://play-lh.googleusercontent.com/EGemoI2NTXmTsBVtJqk8jxF9rh8ApRWfsIMQSt2uE4OcpQqbFu7f7NbTK05lx80nuSijCz7sc3a277R67g,aplikasi kampungan... transfer bank sering sangkut... bikin susah orang aja..,1,0,,2025-11-08 13:29:30+00:00,"Hai Kak Muhammad, Laporan yang kamu sampaikan akan menjadi masukan bagi kami untuk terus meningkatkan kualitas layanan kami ke depannya. Apabila masih terdapat kendala transfer yang belum berhasil, silakan lapor ke menu Bantuan > ketik 'Transfer saldo ke bank atau e-wallet belum diterima'. Terima kasih ^Maura",2025-11-08 13:45:02,,Dataset/dataset\GOPAY_googleplay_NOVEMBER_reviews.csv,transfer
dff19fe4-7853-4081-802b-de422062b656,Pengguna Google,https://play-lh.googleusercontent.com/EGemoI2NTXmTsBVtJqk8jxF9rh8ApRWfsIMQSt2uE4OcpQqbFu7f7NbTK05lx80nuSijCz7sc3a277R67g,"aplikasi bang pas lupa password , masuki no hp dan email dan nik disini lancar jaya tapi pas verifikasi wajah ok tiba tiba stack keluar sendiri tiba tiba ulang lagi ulang lagi dan muncul pemberitahuan di email, kok bug gak dihilangi ,kecewa berat lalu cs tanya jago lama juga balas pesan sampai 6jam baru di balas😡😑",1,0,,2025-10-10 15:09:12+00:00,"Halo, Jagoan. Mohon maaf atas kendala yang terjadi ya. Kamu tidak perlu khawatir, kamu bisa menjelaskan detail kendala tersebut melalui email di tanya@jago.com atau call center 1500 746 untuk kami bantu tangani lebih lanjut. Terima kasih :)",2025-10-10 20:48:02,,Dataset/dataset\JAGO_googleplay_OCTOBER_reviews.csv,vermuk
ad792dd4-9af1-430d-ba75-0a036645044c,Pengguna Google,https://play-lh.googleusercontent.com/EGemoI2NTXmTsBVtJqk8jxF9rh8ApRWfsIMQSt2uE4OcpQqbFu7f7NbTK05lx80nuSijCz7sc3a277R67g,"makin ke sini ki makin parah, top up masuk tapi saldo ga masuk, buat laporan respon berhari-hari.",4,0,3.144.0,2025-10-08 07:58:47+00:00,,,3.144.0,Dataset/dataset\OVO_googleplay_OCTOBER_reviews.csv,topup
0b6a0b71-ba90-46e1-98ce-33111f1be1cd,Pengguna Google,https://play-lh.googleusercontent.com/EGemoI2NTXmTsBVtJqk8jxF9rh8ApRWfsIMQSt2uE4OcpQqbFu7f7NbTK05lx80nuSijCz7sc3a277R67g,"Ga bisa di tf ntah kenapa tulisannya Saldo tidak cukup, padahal udah jelas contoh di tulisannya 50.000, saya mau kirim berapapun ga bisa, apa apaan ini",1,3,8.74.0,2025-10-07 18:55:06+00:00,"Halo, Jagoan. Mohon maaf atas kendala yang terjadi ya. Kamu tidak perlu khawatir, kamu bisa menjelaskan detail kendala tersebut melalui email di tanya@jago.com atau call center 1500 746 untuk kami bantu tangani lebih lanjut. Terima kasih :)",2025-10-07 19:04:13,8.74.0,Dataset/dataset\JAGO_googleplay_OCTOBER_reviews.csv,transfer
63666598-c24d-4c61-b441-9b97a7a7c8b1,Pengguna Google,https://play-lh.googleusercontent.com/EGemoI2NTXmTsBVtJqk8jxF9rh8ApRWfsIMQSt2uE4OcpQqbFu7f7NbTK05lx80nuSijCz7sc3a277R67g,woi kocak napa sih padahal pin gua udah benar di jago kok malah salah aneh sistem nya gua pake pw juga udh bener malah salah pas login hadehh,1,0,,2025-10-01 05:26:58+00:00,"Halo, Jagoan. Mohon maaf atas kendala yang terjadi ya. Kamu tidak perlu khawatir, kamu bisa menjelaskan detail kendala tersebut melalui email di tanya@jago.com atau call center 1500 746 untuk kami bantu tangani lebih lanjut. Terima kasih :)",2025-10-01 05:53:43,,Dataset/dataset\JAGO_googleplay_OCTOBER_reviews.csv,login
b92c832a-bd14-4564-a8fe-d2ba2cb2dd74,Pengguna Google,https://play-lh.googleusercontent.com/EGemoI2NTXmTsBVtJqk8jxF9rh8ApRWfsIMQSt2uE4OcpQqbFu7f7NbTK05lx80nuSijCz7sc3a277R67g,kenapa di android 6.0.1 lemot banget. gk bisa transfer atau pembayaran.,1,0,1.58.0,2025-10-31 06:16:36+00:00,"Hai Kak Indra, sebelum transfer, pastikan status upgrade GoPay Plus sudah 'Diterima', nomor penerima valid dan tidak terblokir. Jika masih bermasalah, silakan kunjungi menu Bantuan di aplikasi GoPay atau email ke customerservice@gopay.co.id dan cantumkan kode psr-25-304-0226-03984 pada subjek email. ^Miko",2025-10-31 09:27:25,1.58.0,Dataset/dataset\GOPAY_googleplay_OCTOBER_reviews.csv,transfer
c38f298a-4bf3-4925-a684-0f927d93a123,Pengguna Google,https://play-lh.googleusercontent.com/EGemoI2NTXmTsBVtJqk8jxF9rh8ApRWfsIMQSt2uE4OcpQqbFu7f7NbTK05lx80nuSijCz7sc3a277R67g,"bahaya ini aplikasi ,saya tf ke dana uang gak masuk masuk",1,0,,2025-11-16 10:49:11+00:00,"Hai Kak @Man Zor, mohon maaf atas ketidaknyamanannya. Pastikan nomor tujuan transfer sudah benar dan sudah cek halaman Riwayat. Jika saldo belum juga bertambah, laporkan detailnya melalui email customerservice@gopay.co.id dan cantumkan kode psr-25-320-0537-33213 pada subject email yang kamu kirimkan ya. ^Melisa",2025-11-16 12:37:39,,Dataset/dataset\GOPAY_googleplay_NOVEMBER_reviews.csv,transfer
4bd4e8e0-24cf-47fe-b609-f1ceb96e7c0f,Pengguna Google,https://play-lh.googleusercontent.com/EGemoI2NTXmTsBVtJqk8jxF9rh8ApRWfsIMQSt2uE4OcpQqbFu7f7NbTK05lx80nuSijCz7sc3a277R67g,"top up bayar, tarik tunai bayar. Tidak ada untungnya sama sekali. Beda sama aplikasi sebelah.",1,0,3.141.0,2025-10-10 15:32:10+00:00,,,3.141.0,Dataset/dataset\OVO_googleplay_OCTOBER_reviews.csv,topup
ba82266f-6971-46f4-bcf4-4525b179b707,Pengguna Google,https://play-lh.googleusercontent.com/EGemoI2NTXmTsBVtJqk8jxF9rh8ApRWfsIMQSt2uE4OcpQqbFu7f7NbTK05lx80nuSijCz7sc3a277R67g,"tolong ini apknya stuck di suruh buat klik qris, udah klik qris dan ok tetap aja stuck. apk ga bener, nyesal naruh duit sini",1,2,3.144.0,2025-10-16 18:08:05+00:00,,,3.144.0,Dataset/dataset\OVO_googleplay_OCTOBER_reviews.csv,qris
3dba300e-882d-4a74-a415-50f83fcc24d6,Pengguna Google,https://play-lh.googleusercontent.com/EGemoI2NTXmTsBVtJqk8jxF9rh8ApRWfsIMQSt2uE4OcpQqbFu7f7NbTK05lx80nuSijCz7sc3a277R67g,tolong dong ini saya top up dari kemarin belum masuk sampai sekarang. gimana ini,5,0,1.61.2,2025-11-01 13:47:06+00:00,,,1.61.2,Dataset/dataset\GOPAY_googleplay_NOVEMBER_reviews.csv,topup
e9ad423f-ab27-485c-b66d-565fde094abc,Pengguna Google,https://play-lh.googleusercontent.com/EGemoI2NTXmTsBVtJqk8jxF9rh8ApRWfsIMQSt2uE4OcpQqbFu7f7NbTK05lx80nuSijCz7sc3a277R67g,"baru download,dan udah topup.malah aplikasinya keluar terus😡😡😡😡,ga bisa buka apa2 diaplikasinya",1,2,1.59.0,2025-10-02 13:13:58+00:00,"Hai, Kak Azka. Mengenai kendala tersebut, silakan untuk clear cache aplikasi dan gunakan aplikasi GoPay versi terbaru. Jika masih berkendala, laporkan melalui email ke customerservice@gopay.co.id dan cantumkan kode psr-25-275-1506-08923 pada subjek email. Kami tunggu detail permasalahannya. ^Melisa",2025-10-02 22:06:19,1.59.0,Dataset/dataset\GOPAY_googleplay_OCTOBER_reviews.csv,topup
6bd65167-3277-469e-bbce-8a19d52be933,Pengguna Google,https://play-lh.googleusercontent.com/EGemoI2NTXmTsBVtJqk8jxF9rh8ApRWfsIMQSt2uE4OcpQqbFu7f7NbTK05lx80nuSijCz7sc3a277R67g,"ga butuh fitur auto logout ga guna yang aktif terus, ganggu banget yang punya dua perangkat jadi login berkali-kali dan setiap login harus verifikasi menggunakan video call lagi.",1,8,8.77.2,2025-11-17 02:56:28+00:00,"Halo, Jagoan! Mohon maaf atas ketidaknyamanan yang Kakak alami. Supaya bisa membantu lebih lanjut, Kakak bisa menginformasikan detail keluhannya melalui email tanya@jago.com ya. Tim terkait kami dengan senang hati akan membantu Kakak menyelesaikan permasalahannya.",2025-11-17 03:45:05,8.77.2,Dataset/dataset\JAGO_googleplay_NOVEMBER_reviews.csv,login
c381243e-5170-4759-af84-03e27e0bc87f,Pengguna Google,https://play-lh.googleusercontent.com/EGemoI2NTXmTsBVtJqk8jxF9rh8ApRWfsIMQSt2uE4OcpQqbFu7f7NbTK05lx80nuSijCz7sc3a277R67g,saya kasih bintang lima agar segera di perbaiki sistem nya . aplikasi nya sangat buruk saya TF dari ovo ke rekening dari kemaren sampai hari ini GK masuk2 . pusing saya mikirin duit 7jt sampai sekarang blum masuk,5,0,3.144.0,2025-10-15 14:15:21+00:00,,,3.144.0,Dataset/dataset\OVO_googleplay_OCTOBER_reviews.csv,transfer
c169178e-273f-4e0c-9535-5c50428b79d0,Pengguna Google,https://play-lh.googleusercontent.com/EGemoI2NTXmTsBVtJqk8jxF9rh8ApRWfsIMQSt2uE4OcpQqbFu7f7NbTK05lx80nuSijCz7sc3a277R67g,Atas nama Dhoni isnianto merasa di rugikan karna sudah 4x24 jam saldo top up belum masuk dengan nominal 689.000 sejak tanggal 25 November... mohon di tindak lanjuti kalau nggak saya mengadukan ke KOMINFO.,1,1,1.64.1,2025-11-30 02:28:17+00:00,"Hai Kak Dhony, mohon maaf atas ketidaknyamanannya. Jika masih mengalami keluhan, silakan laporkan melalui email ke customerservice@gopay.co.id dengan melampirkan kode psr-25-334-0004-48418 pada subject email dan cantumkan nomor laporan sebelumnya serta ceritakan kembali detail permasalahannya. Kami tunggu detail laporan kamu ya. ^Miko",2025-11-30 07:05:14,1.64.1,Dataset/dataset\GOPAY_googleplay_NOVEMBER_reviews.csv,topup
f93446c6-d5aa-40cd-bc24-81d7e0bcc6eb,Pengguna Google,https://play-lh.googleusercontent.com/EGemoI2NTXmTsBVtJqk8jxF9rh8ApRWfsIMQSt2uE4OcpQqbFu7f7NbTK05lx80nuSijCz7sc3a277R67g,"KTP ASLI, MUKA ASLI, DAFTAR GOPAY PLUS DI TOLAK BERKALI KALI!! APLIKASI BOBROK!!!",1,0,1.61.2,2025-11-02 14:02:39+00:00,"Hai Kak Difa, mohon maaf atas ketidaknyamanannya. Sebelum kamu mencoba upgrade ke GoPay Plus, pastikan dokumen serta foto selfie yang kamu kirim sudah sesuai dengan ketentuan GoPay. Jika masih tidak bisa, silakan laporkan detailnya melalui email ke customerservice@gopay.co.id dan lampirkan kode psr-25-306-0749-19836 pada subject email ya. ^Melisa",2025-11-02 14:49:31,1.61.2,Dataset/dataset\GOPAY_googleplay_NOVEMBER_reviews.csv,vermuk
343098c9-e5aa-4363-a032-d2ca8ba3124b,Pengguna Google,https://play-lh.googleusercontent.com/EGemoI2NTXmTsBVtJqk8jxF9rh8ApRWfsIMQSt2uE4OcpQqbFu7f7NbTK05lx80nuSijCz7sc3a277R67g,"ini kenapa nga bisa top up dana!!!, dari kemarin masih aja gitu, padahal udh update, udh dikaitkan akun dana nya masih aja ga bisaaaaa!!!.",5,0,3.2.0,2025-12-28 11:44:50+00:00,"Halo Sahabat @Andrean Alvaro Putra, mohon maaf atas ketidaknyamanannya. Terkait kendala Sahabat mohon untuk dapat mengirimkan email ke mandiricare@bankmandiri.co.id atau menghubungi Mandiri Call 14000 lalu tekan 2 agar dapat dilakukan pengecekan. Tks~Cira
",2025-12-28 11:55:14,3.2.0,Dataset/dataset\LIVIN_googleplay_DECEMBER_reviews.csv,topup
d990abba-53ee-4700-bc18-f4e6348adc33,Pengguna Google,https://play-lh.googleusercontent.com/EGemoI2NTXmTsBVtJqk8jxF9rh8ApRWfsIMQSt2uE4OcpQqbFu7f7NbTK05lx80nuSijCz7sc3a277R67g,nih apk tolol banget udah top up tp g masuk di shopeepay maksudnya apa? jd top up dua kali anjng maksud gue jaringan gue bangus ya bisa² nya di top up g masuk trus duit nya berenti di mana anjng kata gue,1,0,,2025-10-27 07:39:32+00:00,"Hi Kak Fioni. Mohon maaf atas kendala Top Up ShopeePay yang belum diterima. Kami siap membantu kakak, terkait kendala tersebut mohon menghubungi kami melalui DM ke Instagram @ShopeePay_ID yang bercentang biru, dengan melampirkan bukti bayar Top Up yang terkendala untuk bantuan lebih lanjut. Semoga kendala kakak segera terselesaikan ya. ^CS",2025-10-27 11:08:46,,Dataset/dataset\SHOPEEPAY_googleplay_OCTOBER_reviews.csv,topup
0c30199d-316f-4e25-ad96-39ff1e1d9227,Pengguna Google,https://play-lh.googleusercontent.com/EGemoI2NTXmTsBVtJqk8jxF9rh8ApRWfsIMQSt2uE4OcpQqbFu7f7NbTK05lx80nuSijCz7sc3a277R67g,potongan top up sampai 2 ribu pertransaksi gila ini aplikasi terlalu...,2,0,3.149.0,2025-12-23 18:44:40+00:00,,,3.149.0,Dataset/dataset\OVO_googleplay_DECEMBER_reviews.csv,topup
da3a8510-8806-4521-b4a4-2cdc91fa7196,Pengguna Google,https://play-lh.googleusercontent.com/EGemoI2NTXmTsBVtJqk8jxF9rh8ApRWfsIMQSt2uE4OcpQqbFu7f7NbTK05lx80nuSijCz7sc3a277R67g,bisa mengirim hadiah dan bisa top up banyak game dan murah murah harga yah wort id banget,5,0,1.60.0,2025-10-31 13:17:20+00:00,,,1.60.0,Dataset/dataset\GOPAY_googleplay_OCTOBER_reviews.csv,topup
d313c32e-6e53-4ee0-9acd-532333248650,Pengguna Google,https://play-lh.googleusercontent.com/EGemoI2NTXmTsBVtJqk8jxF9rh8ApRWfsIMQSt2uE4OcpQqbFu7f7NbTK05lx80nuSijCz7sc3a277R67g,"top up gagal terus aktivitas tidak wajar, apa coba",1,0,1.61.2,2025-11-04 16:58:30+00:00,"Hai Kak Roger, mohon maaf atas ketidaknyamanannya. Pastikan nomor tujuan valid dan sudah menggunakan aplikasi GoPay versi terbaru ya. Jika masih berkendala, silakan laporkan melalui email ke customerservice@gopay.co.id dan cantumkan kode psr-25-308-1038-50954 pada subjek email. ^Miko",2025-11-04 17:39:38,1.61.2,Dataset/dataset\GOPAY_googleplay_NOVEMBER_reviews.csv,topup
232d532a-1d51-41b1-ab7e-64efcf022e43,Pengguna Google,https://play-lh.googleusercontent.com/EGemoI2NTXmTsBVtJqk8jxF9rh8ApRWfsIMQSt2uE4OcpQqbFu7f7NbTK05lx80nuSijCz7sc3a277R67g,bagus. apa transfer dana ke gopay bisa,4,0,1.60.0,2025-10-29 18:38:12+00:00,,,1.60.0,Dataset/dataset\GOPAY_googleplay_OCTOBER_reviews.csv,transfer
3e7ac670-0007-4b4a-8f83-dbda42ca4b00,Pengguna Google,https://play-lh.googleusercontent.com/EGemoI2NTXmTsBVtJqk8jxF9rh8ApRWfsIMQSt2uE4OcpQqbFu7f7NbTK05lx80nuSijCz7sc3a277R67g,saya topup 20.000 yang masuk cuma 19.000,1,0,1.59.0,2025-10-02 12:24:59+00:00,"Hai Kak Aris, pastikan nomor tujuan sudah benar, sudah cek halaman Riwayat, dan coba keluar dan masuk kembali ke aplikasi. Jika saldo masih belum masuk, silakan laporkan melalui menu Bantuan > ketik 'Top up GoPay saya belum masuk' > isi formulir dan cantumkan kode psr-25-275-1503-38897 pada bagian 'Ceritakan lebih lanjut'. ^Melisa",2025-10-02 22:03:47,1.59.0,Dataset/dataset\GOPAY_googleplay_OCTOBER_reviews.csv,topup
16ed0014-09c8-4002-aab9-2a68b6842b33,Pengguna Google,https://play-lh.googleusercontent.com/EGemoI2NTXmTsBVtJqk8jxF9rh8ApRWfsIMQSt2uE4OcpQqbFu7f7NbTK05lx80nuSijCz7sc3a277R67g,"akun dibajak saldo hilang, ketika melapor ke bank jago masalah untuk pengembalian dana, akun saya malah diblokir, tidak bisa login lagi",1,0,8.74.0,2025-10-15 08:35:05+00:00,"Hai, Jagoan. Mohon maaf untuk kendala yang kamu alami. Terkait kendala tersebut, kamu bisa segera laporkan ke Tanya Jago di nomor 1500746/021-30000746 atau e-mail ke tanya@jago.com ya. Tidak perlu khawatir karena tim terkait kami akan segera membantu. Terima kasih.",2025-10-15 10:07:55,8.74.0,Dataset/dataset\JAGO_googleplay_OCTOBER_reviews.csv,login
5b0f6d43-9c62-450d-b655-999bbb6ac1b7,Pengguna Google,https://play-lh.googleusercontent.com/EGemoI2NTXmTsBVtJqk8jxF9rh8ApRWfsIMQSt2uE4OcpQqbFu7f7NbTK05lx80nuSijCz7sc3a277R67g,"apaan nih. masa iya beberapa transfer pending gini. palingnlambat 2 hari lagi. terus musti gmn? gini amat. kurang cepet pelayanan, kalah sama apkikasi lain. nyesel",1,1,3.145.0,2025-10-27 11:57:22+00:00,,,3.145.0,Dataset/dataset\OVO_googleplay_OCTOBER_reviews.csv,transfer
a034b945-903d-4c9a-b964-f612b6828d4f,Pengguna Google,https://play-lh.googleusercontent.com/EGemoI2NTXmTsBVtJqk8jxF9rh8ApRWfsIMQSt2uE4OcpQqbFu7f7NbTK05lx80nuSijCz7sc3a277R67g,Alhamdulillah akhirnya saya bisa transfer dengan mudah terimakasih Gopay,5,0,,2025-11-10 19:13:13+00:00,,,,Dataset/dataset\GOPAY_googleplay_NOVEMBER_reviews.csv,transfer
91a3b5ae-a472-4e66-b94c-4dbf98d4fae3,Pengguna Google,https://play-lh.googleusercontent.com/EGemoI2NTXmTsBVtJqk8jxF9rh8ApRWfsIMQSt2uE4OcpQqbFu7f7NbTK05lx80nuSijCz7sc3a277R67g,bagus tapi top up lama,5,0,1.62.0,2025-11-17 20:44:56+00:00,,,1.62.0,Dataset/dataset\GOPAY_googleplay_NOVEMBER_reviews.csv,topup
9f73b4c1-f104-440b-a37c-3476a3277256,Pengguna Google,https://play-lh.googleusercontent.com/EGemoI2NTXmTsBVtJqk8jxF9rh8ApRWfsIMQSt2uE4OcpQqbFu7f7NbTK05lx80nuSijCz7sc3a277R67g,"Transfer ke Rekening lain, saldo berkurang,tapi tidak masuk ke penerima,ada notifikasi transfer tidak berhasil. Sudah 1 Minggu uang tidak kembali dan aplikasi tidak bisa di pakai. Bagus aplikasi lama.",5,1,3.2.0,2025-12-12 13:52:06+00:00,"Halo Sahabat @Sahabat Alesha, mohon maaf atas ketidaknyamanannya. Terkait kendala Sahabat mohon untuk dapat mengirimkan email ke mandiricare@bankmandiri.co.id atau menghubungi Mandiri Call 14000 lalu tekan 2 agar dapat dilakukan pengecekan. Tks~Danti",2025-12-12 13:57:35,3.2.0,Dataset/dataset\LIVIN_googleplay_DECEMBER_reviews.csv,transfer
97df7112-56f7-4222-9c23-53e3a3061cdb,Pengguna Google,https://play-lh.googleusercontent.com/EGemoI2NTXmTsBVtJqk8jxF9rh8ApRWfsIMQSt2uE4OcpQqbFu7f7NbTK05lx80nuSijCz7sc3a277R67g,"mulai dri jam 12 mlm sampai pagi , pelayanan ovo sangat buruk , sdra sy tf jam 3 pagi , keterangan nya sudah masuk , tapi saldo nya masih kosong , di tambah lagi biaya admin nya 2500, sangat mengecewakan",1,0,3.148.0,2025-11-28 17:56:24+00:00,,,3.148.0,Dataset/dataset\OVO_googleplay_NOVEMBER_reviews.csv,transfer
584fed12-9ff3-4517-98cb-ceb24bef863f,Pengguna Google,https://play-lh.googleusercontent.com/EGemoI2NTXmTsBVtJqk8jxF9rh8ApRWfsIMQSt2uE4OcpQqbFu7f7NbTK05lx80nuSijCz7sc3a277R67g,saya kan ovo belum premium ya.tp klw mau topup gak keluar nama nya .biasanya keluar selalu tolong di perbaiki lagi kek dulu,1,0,3.149.0,2025-12-18 18:32:10+00:00,,,3.149.0,Dataset/dataset\OVO_googleplay_DECEMBER_reviews.csv,topup
9e0757da-de56-40f2-b308-6b4217e5402c,Pengguna Google,https://play-lh.googleusercontent.com/EGemoI2NTXmTsBVtJqk8jxF9rh8ApRWfsIMQSt2uE4OcpQqbFu7f7NbTK05lx80nuSijCz7sc3a277R67g,bagus banget apk nya dan sopan bngt karena harga pulsa dan top up game sangat terjangkau,5,0,1.60.0,2025-10-14 12:30:00+00:00,,,1.60.0,Dataset/dataset\GOPAY_googleplay_OCTOBER_reviews.csv,topup
2204ee52-b8fd-44bc-a9bf-a782faa125b6,Pengguna Google,https://play-lh.googleusercontent.com/EGemoI2NTXmTsBVtJqk8jxF9rh8ApRWfsIMQSt2uE4OcpQqbFu7f7NbTK05lx80nuSijCz7sc3a277R67g,"aplikasi Scammer sebelum kita top Up pulsa murah, pas sudah top up harga jadi berubah semula, tidak jelaa merugikan",1,0,,2025-10-22 00:37:47+00:00,"Hai Kak Teuku, mohon maaf atas ketidaknyamanannya. Mengenai promo mengikuti syarat dan ketentuan yang berlaku. Apabila kamu mengalami kendala, silakan laporkan melalui menu Bantuan di aplikasi GoPay agar tim kami bisa bantu cek ya. Kami tunggu detail permasalahannya. ^Melisa",2025-10-22 16:08:04,,Dataset/dataset\GOPAY_googleplay_OCTOBER_reviews.csv,topup
beaabd3e-a3df-4eb7-9b47-0f6279ca77f8,Pengguna Google,https://play-lh.googleusercontent.com/EGemoI2NTXmTsBVtJqk8jxF9rh8ApRWfsIMQSt2uE4OcpQqbFu7f7NbTK05lx80nuSijCz7sc3a277R67g,Woy ovo knp hari ini ga bisa di akses makin jelek aja ga bisa transfer ke bank,1,0,3.146.0,2025-10-31 09:39:22+00:00,"Hai Kak, maaf ya. Terkait dengan kendala yang Kakak alami, mohon menghubungi tim kami melalui chat bantuan di aplikasi, melalui email di cs@ovo.id atau call center kami di 1500-696 agar dapat kami bantu pengecekan. Terima Kasih. ^HR",2023-03-21 16:37:44,3.146.0,Dataset/dataset\OVO_googleplay_OCTOBER_reviews.csv,transfer
2b9ad6b4-3ed9-42d2-9ce6-58f37b586d5b,Pengguna Google,https://play-lh.googleusercontent.com/EGemoI2NTXmTsBVtJqk8jxF9rh8ApRWfsIMQSt2uE4OcpQqbFu7f7NbTK05lx80nuSijCz7sc3a277R67g,aplikasi nya sangat bagus bisa buat teransfer bang mana. pun dan saat mengirim pun sangat cepat dan tidak ada dilai sedikit pun bagus sih ini buat ngirim ke bank mana pun saat masuk aplikasi nya pun tidak dilai tidak ada mines nya pun aplikasi ini untuk semua orang harus download aplikasi ini yang sangat bagus dan fitur nya pun moderen dan sangat bagus buat transfer ke bank dan ngirim ke bng mana pun tidak ada admin dan di aplikasi ini pun tidak ada iklan bagus sekali aplikasi ini kedepannya ma,5,0,1.44.04,2025-12-17 21:45:29+00:00,"Hi Kak. Terima kasih telah menggunakan ShopeePay. Mari cek aplikasi ShopeePay karena banyak fitur yang mempermudah keseharian kakak seperti pembelian pulsa, paket data, pembayaran tagihan listrik dan pembayaran lainnya. Jika kakak memiliki pertanyaan seputar ShopeePay, mohon DM kami di Instagram @ShopeePay_ID ya. Semoga harimu menyenangkan ^RJ",2025-12-18 09:46:06,1.44.04,Dataset/dataset\SHOPEEPAY_googleplay_DECEMBER_reviews.csv,transfer
7e30de41-2940-4d18-ac42-56c8c70ad261,Pengguna Google,https://play-lh.googleusercontent.com/EGemoI2NTXmTsBVtJqk8jxF9rh8ApRWfsIMQSt2uE4OcpQqbFu7f7NbTK05lx80nuSijCz7sc3a277R67g,"makin demen pake shopee pay fitur lengkap, tampilan makin bagus dan smooth dan tentunya karna kuota free tf makin banyak.",5,1,1.42.03,2025-11-07 04:04:15+00:00,"Hi Kak. Terima kasih telah menggunakan ShopeePay. Mari cek aplikasi ShopeePay karena banyak fitur yang mempermudah keseharian kakak seperti pembelian pulsa, paket data, pembayaran tagihan listrik dan pembayaran lainnya. Jika kakak memiliki pertanyaan seputar ShopeePay, mohon DM kami di Instagram @ShopeePay_ID ya. Semoga harimu menyenangkan ^RJ",2025-11-07 09:40:23,1.42.03,Dataset/dataset\SHOPEEPAY_googleplay_NOVEMBER_reviews.csv,transfer
7c3255c0-3096-4030-ba9a-8f8b1a2ccf2f,Pengguna Google,https://play-lh.googleusercontent.com/EGemoI2NTXmTsBVtJqk8jxF9rh8ApRWfsIMQSt2uE4OcpQqbFu7f7NbTK05lx80nuSijCz7sc3a277R67g,"tulisan TF ke akun e-walet lain gratis 120x, kebank juga beberapa kali. tapi tetep aja kena 1000. bukan masalah nominal, tp kejujuran. kalau bayar ya bayar ga masalah, orang TF 200 kan JD kurang seribu gimana.",1,1,1.44.04,2025-12-28 15:21:35+00:00,"Hi Kak, mohon maaf atas kendala biaya admin transaksi transfer dana ShoepePay. Untuk promo gratis biaya admin bisa didapatkan melalui aplikai ShopeePay, informasi lebih lanjut dapat dilihat pada https://shopee.co.id/m/transfer-ke-bank. Jika terdapat kendala silakan hubungi kami melalui DM ke Instagram @ShopeePay_ID untuk bantuan lebih lanjut. ^AS",2025-12-29 14:40:14,1.44.04,Dataset/dataset\SHOPEEPAY_googleplay_DECEMBER_reviews.csv,transfer
7e60c3dc-36d2-4b6a-9878-152a5ad98b9f,Pengguna Google,https://play-lh.googleusercontent.com/EGemoI2NTXmTsBVtJqk8jxF9rh8ApRWfsIMQSt2uE4OcpQqbFu7f7NbTK05lx80nuSijCz7sc3a277R67g,"cakepp bngtt, makasih yaa ewallet pertama aku.. bisa qris, saldo 0 rupiah, gratis biaya admin, aku juga pake seabank lohh, banyak cashback nyaa yayyy🥳🫶🏻",5,0,1.42.03,2025-11-13 18:48:14+00:00,"Hi Kak. Terima kasih telah menggunakan ShopeePay. Mari cek aplikasi ShopeePay karena banyak fitur yang mempermudah keseharian kakak seperti pembelian pulsa, paket data, pembayaran tagihan listrik dan pembayaran lainnya. Jika kakak memiliki pertanyaan seputar ShopeePay, mohon DM kami di Instagram @ShopeePay_ID ya. Semoga harimu menyenangkan ^RJ",2025-11-14 09:22:13,1.42.03,Dataset/dataset\SHOPEEPAY_googleplay_NOVEMBER_reviews.csv,qris
3b3d5ad8-8494-41c1-b7ec-c9168825a797,Pengguna Google,https://play-lh.googleusercontent.com/EGemoI2NTXmTsBVtJqk8jxF9rh8ApRWfsIMQSt2uE4OcpQqbFu7f7NbTK05lx80nuSijCz7sc3a277R67g,"ini gimana to? aku mau top up perdana kok gk bisa2,malah di suruh install lagi.. install lagi.. install lagi,. upgrade ...upgrade. mau pakek ewallet malah runyem gini!",2,0,,2025-12-05 21:39:18+00:00,"Hi Kak ada. Mohon maaf mengenai kendala tidak bisa Top Up. Untuk bantuan lebih lanjut, mohon menghubungi kami melalui DM ke Instagram @ShopeePay_ID dengan melampirkan foto/screenshot notifikasi kendala yang dialami. Semoga kendala kakak segera terselesaikan ya. ^CS",2025-12-08 17:03:58,,Dataset/dataset\SHOPEEPAY_googleplay_DECEMBER_reviews.csv,topup
57994c48-b0b0-45b1-92d0-d3079be09791,Pengguna Google,https://play-lh.googleusercontent.com/EGemoI2NTXmTsBVtJqk8jxF9rh8ApRWfsIMQSt2uE4OcpQqbFu7f7NbTK05lx80nuSijCz7sc3a277R67g,saya mau transfer ke bank lain malah pending teruss,1,0,3.147.0,2025-11-16 01:48:28+00:00,,,3.147.0,Dataset/dataset\OVO_googleplay_NOVEMBER_reviews.csv,transfer
52356d66-30c7-4104-99d9-38ae0e5f2764,Pengguna Google,https://play-lh.googleusercontent.com/EGemoI2NTXmTsBVtJqk8jxF9rh8ApRWfsIMQSt2uE4OcpQqbFu7f7NbTK05lx80nuSijCz7sc3a277R67g,"Tolong hapuskan fitur verifikasi muka untuk transaksi, cukup verifikasi biometrik saja. karena pembayaran semakin lama.",3,4,1.44.05,2025-12-21 17:44:49+00:00,"Hi Kak Diky. Mohon maaf terkait ingin menghapus fitur verifikasi wajah saat transaksi Demi keamanan akun pengguna, saat ini sistem ShopeePay dilengkapi fitur keamanan seperti PIN, kode OTP, sidik jari hingga verifikasi wajah. Jika terkendala, mohon DM kami dengan melampirkan video kendalanya melalui Instagram @ShopeePay_ID. ^EN",2025-12-22 15:43:49,1.44.05,Dataset/dataset\SHOPEEPAY_googleplay_DECEMBER_reviews.csv,vermuk
9e31f828-3e38-4158-bce7-2d1159e9ca80,Pengguna Google,https://play-lh.googleusercontent.com/EGemoI2NTXmTsBVtJqk8jxF9rh8ApRWfsIMQSt2uE4OcpQqbFu7f7NbTK05lx80nuSijCz7sc3a277R67g,kalau ada layanan top up saldo driver ojol ini lebih mantap,4,0,,2025-10-03 06:51:35+00:00,Hi Kak Gunawan. Kami memahami terkait ingin adanya fitur top up saldo driver. Terima kasih atas sarannya akan kami terima dan jadikan masukan agar lebih baik lagi kedepannya. Selamat beraktivitas kembali. ^EN,2025-10-03 11:19:48,,Dataset/dataset\SHOPEEPAY_googleplay_OCTOBER_reviews.csv,topup
77949844-fbf2-481f-b6bc-e0629df220ef,Pengguna Google,https://play-lh.googleusercontent.com/EGemoI2NTXmTsBVtJqk8jxF9rh8ApRWfsIMQSt2uE4OcpQqbFu7f7NbTK05lx80nuSijCz7sc3a277R67g,baru tau ovo seburuk ini..nyesel gua pilih ovo..masa top up saya ga masuk2..padahal dari pihak brilink sudah sukses terkirim...,5,0,3.147.0,2025-11-09 13:56:20+00:00,,,3.147.0,Dataset/dataset\OVO_googleplay_NOVEMBER_reviews.csv,topup
fe23172e-0fc3-4840-b80b-5e25fd4a1585,Pengguna Google,https://play-lh.googleusercontent.com/EGemoI2NTXmTsBVtJqk8jxF9rh8ApRWfsIMQSt2uE4OcpQqbFu7f7NbTK05lx80nuSijCz7sc3a277R67g,diskon saat aku top up sangat murah 🤭,5,0,,2025-12-04 19:56:20+00:00,"Hi Kak. Terima kasih telah menggunakan ShopeePay. Mari cek aplikasi ShopeePay karena banyak fitur yang mempermudah keseharian kakak seperti pembelian pulsa, paket data, pembayaran tagihan listrik dan pembayaran lainnya. Jika kakak memiliki pertanyaan seputar ShopeePay, mohon DM kami di Instagram @ShopeePay_ID ya. Semoga harimu menyenangkan ^RJ",2025-12-05 09:36:26,,Dataset/dataset\SHOPEEPAY_googleplay_DECEMBER_reviews.csv,topup
44ee4cae-125a-41dd-a14c-dd9b580d7ef8,Pengguna Google,https://play-lh.googleusercontent.com/EGemoI2NTXmTsBVtJqk8jxF9rh8ApRWfsIMQSt2uE4OcpQqbFu7f7NbTK05lx80nuSijCz7sc3a277R67g,"saya mau transfer dan bayar qr tapi lost connection terus, padahal untuk membuka apk dan juga bank yg lain lancar² aja. sedikit kecewa, karena menyebabkan transaksi terhambat",3,0,8.75.0,2025-10-24 10:33:18+00:00,"Hai, Jagoan. Mohon maaf untuk kendala yang kamu alami. Terkait kendala tersebut, kamu bisa segera laporkan ke Tanya Jago di nomor 1500746/021-30000746 atau e-mail ke tanya@jago.com ya. Tidak perlu khawatir karena tim terkait kami akan segera membantu. Terima kasih.",2025-10-24 13:04:47,8.75.0,Dataset/dataset\JAGO_googleplay_OCTOBER_reviews.csv,transfer
d212c62c-8a5d-4e50-b5b7-e49c470c8df4,Pengguna Google,https://play-lh.googleusercontent.com/EGemoI2NTXmTsBVtJqk8jxF9rh8ApRWfsIMQSt2uE4OcpQqbFu7f7NbTK05lx80nuSijCz7sc3a277R67g,kenapa saya top up tidak masuk dannuang tidak kembali juga ini gopay parah banget si,1,0,1.45.0,2025-10-22 13:27:00+00:00,"Hai Kak Andi, pastikan nomor tujuan sudah benar, sudah cek halaman Riwayat, dan coba keluar dan masuk kembali ke aplikasi. Jika saldo masih belum masuk, silakan laporkan melalui menu Bantuan > ketik 'Top up GoPay saya belum masuk' > isi formulir dan cantumkan kode psr-25-295-1353-10685 pada bagian 'Ceritakan lebih lanjut'. ^Miko",2025-10-22 20:53:24,1.45.0,Dataset/dataset\GOPAY_googleplay_OCTOBER_reviews.csv,topup
c699ddee-b753-4df3-803c-079fad0f7deb,Pengguna Google,https://play-lh.googleusercontent.com/EGemoI2NTXmTsBVtJqk8jxF9rh8ApRWfsIMQSt2uE4OcpQqbFu7f7NbTK05lx80nuSijCz7sc3a277R67g,"sangat susah untuk transfer ke orang lain harus pakai gopay plus yang pake ktp padahal tertulis untuk 3+,ga usah susah susah ngirim harus pake gopay plus pake ktp",4,0,1.60.0,2025-10-26 20:47:10+00:00,,,1.60.0,Dataset/dataset\GOPAY_googleplay_OCTOBER_reviews.csv,transfer
f7e2912f-a7d6-4bbe-9234-c918e187beb9,Pengguna Google,https://play-lh.googleusercontent.com/EGemoI2NTXmTsBVtJqk8jxF9rh8ApRWfsIMQSt2uE4OcpQqbFu7f7NbTK05lx80nuSijCz7sc3a277R67g,ya allah bantu saya kk kenapa ini akun saya tidak bisa menverfikasi wajah saya dan tidak bisa mentransfer padahal dulu baik-baik saja tapi kenapa sekarang saya mau transaksi kok tidak bisa sih kk mohon bantuannya kk,3,1,1.40.06,2025-10-04 18:45:18+00:00,"Hi Kak nurzalfadini, Mohon maaf atas kendala tidak bisa transaksi dan verifikasi wajah. Silakan mencoba kembali dalam waktu 1x24 jam. Pastikan verifikasi wajah sudah sesuai dengan KTP yang terdaftar di ShopeePay. Apabila masih terkendala, kakak dapat menghubungi kami melalui DM ke IG @ShopeePay_ID yang bercentang biru ya. ^EN",2025-10-06 13:22:46,1.40.06,Dataset/dataset\SHOPEEPAY_googleplay_OCTOBER_reviews.csv,vermuk
b270c089-a1fa-4fc8-a2fa-2125b6481c8e,Pengguna Google,https://play-lh.googleusercontent.com/EGemoI2NTXmTsBVtJqk8jxF9rh8ApRWfsIMQSt2uE4OcpQqbFu7f7NbTK05lx80nuSijCz7sc3a277R67g,"aplikasi kurang detail, saldo masuk dan saldo keluar, ngak ada tampilan nya sudah keluar berapa, kayak top up ewallet di situ tulisan gratis, klo Shopee pay ke GO-PAY kena admin 1.000 coba di kasi keterangan tampilan kena biaya berapa klo top up dari Shopee pay ke GO-PAY, OVO, DANA, jadi klo orang minta kirim duit biar ngak bingung, contohnya minta kirim 20 ribu ke GO-PAY klo kita kirim 20 ribu yg Terima cuma 19 ribu, semoga bisa di pahami oleh pihak Shopee pay dan di perbaiki lagi",1,31,1.43.10,2025-11-30 01:32:05+00:00,"Hi Kak Sugi. Mohon maaf atas kendala biaya admin transfer ShopeePay. Untuk transfer melalui aplikasi ShopeePay tidak dikenakan biaya admin. Informasinya dapat dicek pada link ini https://shopee.co.id/m/transfer-ke-bank-ShopeePayApp. Jika terkendala, silakan hubungi kami melalui DM ke IG @ShopeePay_ID untuk pengecekan lebih lanjut. ^EN",2025-12-01 14:10:29,1.43.10,Dataset/dataset\SHOPEEPAY_googleplay_NOVEMBER_reviews.csv,topup
c79e8fd6-8255-4a37-9a85-f700a37cf861,Pengguna Google,https://play-lh.googleusercontent.com/EGemoI2NTXmTsBVtJqk8jxF9rh8ApRWfsIMQSt2uE4OcpQqbFu7f7NbTK05lx80nuSijCz7sc3a277R67g,suka banget topup di aplikasi ini,5,0,1.64.0,2025-11-21 18:21:36+00:00,,,1.64.0,Dataset/dataset\GOPAY_googleplay_NOVEMBER_reviews.csv,topup
80b5df7b-51a7-45f2-878f-c79aca85b7b9,Pengguna Google,https://play-lh.googleusercontent.com/EGemoI2NTXmTsBVtJqk8jxF9rh8ApRWfsIMQSt2uE4OcpQqbFu7f7NbTK05lx80nuSijCz7sc3a277R67g,shopepay aku gak bisa login🙁jadi aku uninstal aja,1,0,,2025-11-23 08:33:54+00:00,"Hi Kak Den. Mohon maaf mengenai kendala tidak bisa akun ShopeePay. Untuk bantuan lebih lanjut, mohon menghubungi kami melalui DM ke Instagram @ShopeePay_ID dengan melampirkan foto/screenshot notifikasi kendala yang dialami. ^CS",2025-11-24 14:58:23,,Dataset/dataset\SHOPEEPAY_googleplay_NOVEMBER_reviews.csv,login
db8aafee-4e09-4dba-9e4f-5efe9fc52f1d,Pengguna Google,https://play-lh.googleusercontent.com/EGemoI2NTXmTsBVtJqk8jxF9rh8ApRWfsIMQSt2uE4OcpQqbFu7f7NbTK05lx80nuSijCz7sc3a277R67g,"parah sih pas mau top up pulsa saldonya kepotong, lah pulsanya ngga masuk sama sekali. aneh 👎",1,3,1.41.06,2025-11-02 11:34:02+00:00,"Hi Kak Maple. Mohon maaf atas kendala Top Up pulsa yang belum diterima. Terkait kendala tersebut mohon menghubungi kami melalui DM ke Instagram @ShopeePay_ID yang bercentang biru, dengan melampirkan bukti bayar untuk bantuan lebih lanjut. Semoga kendala kakak segera terselesaikan ya. ^CS",2025-11-03 15:04:21,1.41.06,Dataset/dataset\SHOPEEPAY_googleplay_NOVEMBER_reviews.csv,topup
e5440862-1b4e-4f1c-abbe-0de10ed3eb5c,Pengguna Google,https://play-lh.googleusercontent.com/EGemoI2NTXmTsBVtJqk8jxF9rh8ApRWfsIMQSt2uE4OcpQqbFu7f7NbTK05lx80nuSijCz7sc3a277R67g,kok transfer estimasi nya kok 1 hari ya...,2,0,1.42.03,2025-11-05 12:53:45+00:00,Hi Kak Syaiful. Mohon maaf atas kendala estimasi transfer saldo ShopeePay yang lama. Terkait kendala tersebut mohon menghubungi kami melalui DM ke Instagram @ShopeePay_ID yang bercentang biru untuk bantuan lebih lanjut. ^CS,2025-11-05 13:10:03,1.42.03,Dataset/dataset\SHOPEEPAY_googleplay_NOVEMBER_reviews.csv,transfer
7f279acf-c32d-485a-88dd-c9158c9ba0b1,Pengguna Google,https://play-lh.googleusercontent.com/EGemoI2NTXmTsBVtJqk8jxF9rh8ApRWfsIMQSt2uE4OcpQqbFu7f7NbTK05lx80nuSijCz7sc3a277R67g,tidak bisa login sudah d coba beberapa kali juga.,2,0,3.2.0,2025-11-24 14:06:10+00:00,"Halo Sahabat @Cctv-Merauke Oyi, mohon maaf atas ketidaknyamannya. Perihal kendala pada layanan Livin' by Mandiri, mohon untuk dapat mengirimkan email ke mandiricare@bankmandiri.co.id atau dapat menghubungi layanan mandiri 14000 agar dapat dilakukan pengecekan. Tks~Ninis",2025-11-24 14:22:30,3.2.0,Dataset/dataset\LIVIN_googleplay_NOVEMBER_reviews.csv,login
b1f51f87-eb81-4ff2-8dac-3fef5a7cf298,Pengguna Google,https://play-lh.googleusercontent.com/EGemoI2NTXmTsBVtJqk8jxF9rh8ApRWfsIMQSt2uE4OcpQqbFu7f7NbTK05lx80nuSijCz7sc3a277R67g,WOY KENAPA GABISA LOGIN SI!!!!! TULISANNYA LAYANAN TIDAK TERSEDIA TERUS!!!!!,1,0,,2025-12-31 07:24:56+00:00,"Halo Sahabat @Muhammadyasar arzaqi, mohon maaf atas ketidaknyamanannya. Terkait kendala Sahabat mohon untuk dapat mengirimkan email ke mandiricare@bankmandiri.co.id atau menghubungi Mandiri Call 14000 lalu tekan 2 agar dapat dilakukan pengecekan. Tks~Ninis",2025-12-31 07:27:49,,Dataset/dataset\LIVIN_googleplay_DECEMBER_reviews.csv,login
197cebe3-18ca-4bb6-a709-e3b5e1be8101,Pengguna Google,https://play-lh.googleusercontent.com/EGemoI2NTXmTsBVtJqk8jxF9rh8ApRWfsIMQSt2uE4OcpQqbFu7f7NbTK05lx80nuSijCz7sc3a277R67g,tidak bisa login terus gtau knp,1,0,3.144.0,2025-10-06 23:27:29+00:00,,,3.144.0,Dataset/dataset\OVO_googleplay_OCTOBER_reviews.csv,login
04741a45-6e2d-48a7-af4b-018227e16601,Pengguna Google,https://play-lh.googleusercontent.com/EGemoI2NTXmTsBVtJqk8jxF9rh8ApRWfsIMQSt2uE4OcpQqbFu7f7NbTK05lx80nuSijCz7sc3a277R67g,kenapa yaa pass mau beli pake ada tulisan ada aktivitas mencurigakan padahal baru login tolong min,3,0,1.60.0,2025-10-19 11:55:27+00:00,"Hai Kak Rizky, mohon maaf atas ketidaknyamanannya. Terkait hal tersebut, silakan laporkan melalui email ke customerservice@gopay.co.id dengan melampirkan kode psr-25-292-0606-46182 pada subject email dan ceritakan kembali detail permasalahannya agar tim kami bisa bantu cek lebih lanjut ya. ^Melisa",2025-10-19 13:06:53,1.60.0,Dataset/dataset\GOPAY_googleplay_OCTOBER_reviews.csv,login
4499fd4d-d4e1-424c-95c9-1b21620710dd,Pengguna Google,https://play-lh.googleusercontent.com/EGemoI2NTXmTsBVtJqk8jxF9rh8ApRWfsIMQSt2uE4OcpQqbFu7f7NbTK05lx80nuSijCz7sc3a277R67g,suka aja bnyk top up game,5,0,1.62.0,2025-11-15 07:44:02+00:00,,,1.62.0,Dataset/dataset\GOPAY_googleplay_NOVEMBER_reviews.csv,topup
e5f79fb2-cdc8-4d33-8c49-a85a021a1194,Pengguna Google,https://play-lh.googleusercontent.com/EGemoI2NTXmTsBVtJqk8jxF9rh8ApRWfsIMQSt2uE4OcpQqbFu7f7NbTK05lx80nuSijCz7sc3a277R67g,apk gk berguna org top up ga dimasukin,1,0,3.144.0,2025-10-07 05:55:37+00:00,,,3.144.0,Dataset/dataset\OVO_googleplay_OCTOBER_reviews.csv,topup
a55a3dd5-b2cc-4f97-bb43-ad1b329f5f47,Pengguna Google,https://play-lh.googleusercontent.com/EGemoI2NTXmTsBVtJqk8jxF9rh8ApRWfsIMQSt2uE4OcpQqbFu7f7NbTK05lx80nuSijCz7sc3a277R67g,susah banget verifikasi wajah,1,0,3.1.0,2025-11-10 13:20:05+00:00,"Hai Sahabat @Coba Coba, mohon maaf atas ketidaknyamanannya. Jika terkendala verifikasi wajah maka dpt mencoba kembali dgn dipastikan pencahayaan baik dan wajah tidak terlalu dekat dgn kamera. Jika masih terkendala dpt mengirimkan email ke mandiricare@bankmandiri.co.id atau menghubungi mandiri call 14000 agar dpt dilakukan pengecekan. Tks~Vika",2025-11-10 13:22:55,3.1.0,Dataset/dataset\LIVIN_googleplay_NOVEMBER_reviews.csv,vermuk
0c9c89ae-395a-4434-8297-b575f92eba5e,Pengguna Google,https://play-lh.googleusercontent.com/EGemoI2NTXmTsBVtJqk8jxF9rh8ApRWfsIMQSt2uE4OcpQqbFu7f7NbTK05lx80nuSijCz7sc3a277R67g,top up belum masuk . ganggua terus gopay,2,0,1.60.0,2025-10-27 09:14:20+00:00,"Hai Kak Udin, pastikan nomor tujuan sudah benar, sudah cek halaman Riwayat, dan coba keluar dan masuk kembali ke aplikasi. Jika saldo masih belum masuk, silakan laporkan melalui menu Bantuan > ketik 'Top up GoPay saya belum masuk' > isi formulir dan cantumkan kode psr-25-300-0243-27540 pada bagian 'Ceritakan lebih lanjut'. ^Maura",2025-10-27 09:43:34,1.60.0,Dataset/dataset\GOPAY_googleplay_OCTOBER_reviews.csv,topup
46627dc4-53cf-4818-a25a-8f6b278e6a7b,Pengguna Google,https://play-lh.googleusercontent.com/EGemoI2NTXmTsBVtJqk8jxF9rh8ApRWfsIMQSt2uE4OcpQqbFu7f7NbTK05lx80nuSijCz7sc3a277R67g,"jangan pernah download apk ini, gila gabisa di apa apain ini duit kalo udh msuk kesini, termasuk penipuan gasihhh duit masuk gabisa di TF hadeh",1,0,,2025-12-07 05:57:35+00:00,,,,Dataset/dataset\OVO_googleplay_DECEMBER_reviews.csv,transfer
a22c56e5-9535-4d06-a714-8676e5c7688a,Pengguna Google,https://play-lh.googleusercontent.com/EGemoI2NTXmTsBVtJqk8jxF9rh8ApRWfsIMQSt2uE4OcpQqbFu7f7NbTK05lx80nuSijCz7sc3a277R67g,"aplikasi sampah,suka error,qris suka gagal",1,1,3.1.0,2025-11-05 22:35:35+00:00,"Hai Sahabat @ Ekil Yan , mohon maaf atas ketidaknyamanannya. Saat ini Livin' by Mandiri terpantau normal, apabila mengalami kendala Sahabat dapat force close aplikasi dan mencoba kembali secara berkala ya. Tks~Charles",2025-11-05 22:38:35,3.1.0,Dataset/dataset\LIVIN_googleplay_NOVEMBER_reviews.csv,qris
8e8cd8c4-f44f-4b54-85e1-b5d751d8110b,Pengguna Google,https://play-lh.googleusercontent.com/EGemoI2NTXmTsBVtJqk8jxF9rh8ApRWfsIMQSt2uE4OcpQqbFu7f7NbTK05lx80nuSijCz7sc3a277R67g,"aplikasi babbbii ilang duit gue disini , mana duit orang lagi , transfer dilaporan berhasil tapi nggak masuk , hubungi cs disuruh nunggu 2 hari , ini udah 3 hari nggak ada kejelasan , emang aplikasi arahnya nipu ini",1,0,,2025-11-05 11:58:27+00:00,,,,Dataset/dataset\OVO_googleplay_NOVEMBER_reviews.csv,transfer
dff70120-a247-469f-9cf2-1e043c745c91,Pengguna Google,https://play-lh.googleusercontent.com/EGemoI2NTXmTsBVtJqk8jxF9rh8ApRWfsIMQSt2uE4OcpQqbFu7f7NbTK05lx80nuSijCz7sc3a277R67g,"setiap mau login selalu belum terhubung,belom kelar kelar update nya",1,0,3.2.0,2025-11-28 16:11:07+00:00,"Halo Sahabat @Akhmad Syafiq, mohon maaf atas ketidaknyamanannya. Apabila terdapat kendala agar dapat kami tindaklanjuti, Sahabat dapat mengirimkan email ke mandiricare@bankmandiri.co.id atau menghubungi layanan Mandiri Call 14000 ya. Tks~Alza",2025-11-28 16:12:32,3.2.0,Dataset/dataset\LIVIN_googleplay_NOVEMBER_reviews.csv,login
aae43863-7f68-40b3-812d-6d22c816d71e,Pengguna Google,https://play-lh.googleusercontent.com/EGemoI2NTXmTsBVtJqk8jxF9rh8ApRWfsIMQSt2uE4OcpQqbFu7f7NbTK05lx80nuSijCz7sc3a277R67g,Bisa transaksi cepat dengan GoPay dan juga adanya fitur transfer tanpa minimal dan ini memberikan kemudahan bagi user. Terimakasih GoPay,5,0,,2025-10-01 10:23:41+00:00,,,,Dataset/dataset\GOPAY_googleplay_OCTOBER_reviews.csv,transfer
cd9382dd-5522-462b-a160-ea7f3827bfaf,Pengguna Google,https://play-lh.googleusercontent.com/EGemoI2NTXmTsBVtJqk8jxF9rh8ApRWfsIMQSt2uE4OcpQqbFu7f7NbTK05lx80nuSijCz7sc3a277R67g,kenapa tidak bisa login. padahal saya daftar lewat bibit,2,0,8.74.0,2025-10-09 22:36:56+00:00,"Halo, Jagoan! Mohon maaf atas ketidaknyamanan yang Kakak alami. Supaya bisa membantu lebih lanjut, Kakak bisa menginformasikan detail keluhannya melalui email tanya@jago.com ya. Tim terkait kami dengan senang hati akan membantu Kakak menyelesaikan permasalahannya.",2025-10-10 00:53:08,8.74.0,Dataset/dataset\JAGO_googleplay_OCTOBER_reviews.csv,login
889804a0-4fba-49d3-b586-588cfaec51d0,Pengguna Google,https://play-lh.googleusercontent.com/EGemoI2NTXmTsBVtJqk8jxF9rh8ApRWfsIMQSt2uE4OcpQqbFu7f7NbTK05lx80nuSijCz7sc3a277R67g,"kenapa selalu begini, Transfer ke bank gagal, dalam alasan terkendala, udah sering, udah lapor juga belom di respon.. jika dana yg tertunda belom di kembalikan juga ini nama nya Pembodohan dan penipuan.",1,1,,2025-10-19 11:26:53+00:00,,,,Dataset/dataset\OVO_googleplay_OCTOBER_reviews.csv,transfer
2ba39edb-97d2-411c-a130-8a543b5f4551,Pengguna Google,https://play-lh.googleusercontent.com/EGemoI2NTXmTsBVtJqk8jxF9rh8ApRWfsIMQSt2uE4OcpQqbFu7f7NbTK05lx80nuSijCz7sc3a277R67g,gk login lagi karena jaringan,1,1,3.1.0,2025-11-01 11:05:47+00:00,"Halo Sahabat @Rahman Devan, terima kasih atas review yang telah diberikan. Semoga terus menikmati kemudahan dan kenyamanan dalam menggunakan Livin' by Mandiri ya. Daftarkan transaksi secepat kilat pada menu Quick Pick untuk diakses pada halaman Login atau Beranda. Yuk coba sekarang. Tks~Ninis",2025-11-01 11:07:29,3.1.0,Dataset/dataset\LIVIN_googleplay_NOVEMBER_reviews.csv,login
17aabe4b-2a43-4fcb-84b0-4ca7df8009c3,Pengguna Google,https://play-lh.googleusercontent.com/EGemoI2NTXmTsBVtJqk8jxF9rh8ApRWfsIMQSt2uE4OcpQqbFu7f7NbTK05lx80nuSijCz7sc3a277R67g,aplikasi Taaaiiiii.... transfer udah dipotong tambah potongan lagi 2rb duit 53rb sisa 49rb goooobblllooook tolooooolllll.,1,0,3.144.0,2025-10-09 10:02:39+00:00,,,3.144.0,Dataset/dataset\OVO_googleplay_OCTOBER_reviews.csv,transfer
b33a68a6-c9ec-4047-97c6-eb9b4f0732ef,Pengguna Google,https://play-lh.googleusercontent.com/EGemoI2NTXmTsBVtJqk8jxF9rh8ApRWfsIMQSt2uE4OcpQqbFu7f7NbTK05lx80nuSijCz7sc3a277R67g,gunanya Qris buat apa kalo gak bisa di gunain ngebug mulu,1,0,,2025-11-03 14:04:25+00:00,"Hai Kak Ivluan, mohon maaf atas ketidaknyamanannya. Pastikan kamu menggunakan aplikasi GoPay versi terbaru dan posisi kode QR yang dipindai sudah sesuai. Jika masih berkendala, laporkan melalui email customerservice@gopay.co.id dan cantumkan kode psr-25-307-1158-17481 pada subject email yang kamu kirimkan ya. ^Miko",2025-11-03 18:58:42,,Dataset/dataset\GOPAY_googleplay_NOVEMBER_reviews.csv,qris
08dc3edf-e669-4f6c-874c-30959d8b50fd,Pengguna Google,https://play-lh.googleusercontent.com/EGemoI2NTXmTsBVtJqk8jxF9rh8ApRWfsIMQSt2uE4OcpQqbFu7f7NbTK05lx80nuSijCz7sc3a277R67g,"aplikasi burik, top up harus kena potongan padahal nominalnya di pas in malah kena potong alhasil top up lagi dan masih kena potongan. Kalau gak lagi ke Pepet download apk ini gak akan pernah mau ku download, lebih bagus e wallet yang lain",1,16,3.148.0,2025-11-27 13:39:51+00:00,,,3.148.0,Dataset/dataset\OVO_googleplay_NOVEMBER_reviews.csv,topup
338b9615-ee2f-4d68-8022-c95217d6ee40,Pengguna Google,https://play-lh.googleusercontent.com/EGemoI2NTXmTsBVtJqk8jxF9rh8ApRWfsIMQSt2uE4OcpQqbFu7f7NbTK05lx80nuSijCz7sc3a277R67g,Gopay sangat bagus mudah buat anak anak yg suka top up game mantap,1,0,,2025-11-04 22:39:08+00:00,,,,Dataset/dataset\GOPAY_googleplay_NOVEMBER_reviews.csv,topup
57f8086a-a279-4b65-812c-c190525e7df0,Pengguna Google,https://play-lh.googleusercontent.com/EGemoI2NTXmTsBVtJqk8jxF9rh8ApRWfsIMQSt2uE4OcpQqbFu7f7NbTK05lx80nuSijCz7sc3a277R67g,"Aplikasi sangat mudah digunakan, dan sangat membantu dlm hal pembayaran, pembelian dan transfer uang. Terima kasih",5,2,1.62.0,2025-11-10 07:09:14+00:00,,,1.62.0,Dataset/dataset\GOPAY_googleplay_NOVEMBER_reviews.csv,transfer
4cdd707f-7ddd-41b0-a5d1-8533f9986ef2,Pengguna Google,https://play-lh.googleusercontent.com/EGemoI2NTXmTsBVtJqk8jxF9rh8ApRWfsIMQSt2uE4OcpQqbFu7f7NbTK05lx80nuSijCz7sc3a277R67g,Sudah gopay plus tiba tiba jadi reguler.. disuruh upgrade ulang ngga bisa pakai ktp kita lagi.. alhasil duit yang ada tidak bisa transfer sudah hubungi chat bantuan cuma both saja.. ngga recommended buat top up duit.. ntr ngga bisa ditarik,1,56,1.64.1,2025-11-25 09:47:43+00:00,"Hai Kak Sakura, mohon maaf atas ketidaknyamanannya. Jika masih mengalami keluhan, silakan laporkan melalui email ke customerservice@gopay.co.id dengan melampirkan kode psr-25-329-1114-16124 pada subject email dan cantumkan nomor laporan sebelumnya serta ceritakan kembali detail permasalahannya. Kami tunggu detail laporan kamu ya. ^Miko",2025-11-25 18:14:30,1.64.1,Dataset/dataset\GOPAY_googleplay_NOVEMBER_reviews.csv,topup
93407c57-aac6-4d2c-8f05-6562fdfa5285,Pengguna Google,https://play-lh.googleusercontent.com/EGemoI2NTXmTsBVtJqk8jxF9rh8ApRWfsIMQSt2uE4OcpQqbFu7f7NbTK05lx80nuSijCz7sc3a277R67g,apalah ini perbaikan Mulu saya mau login nga bisa bisa anjir apalah nyusahin mending hapus saja kalau begini terus nga selesai selesai perbaikannya,1,0,3.2.0,2025-12-18 08:35:38+00:00,"Hai Sahabat @Riswan, mohon maaf atas ketidaknyamanannya. Terkait kendala Sahabat mohon untuk dapat mengirimkan email ke mandiricare@bankmandiri.co.id atau dapat menghubungi Mandiri Call 14000 lalu tekan 2 agar dapat dilakukan pengecekan. Tks~Kila",2025-12-18 08:39:00,3.2.0,Dataset/dataset\LIVIN_googleplay_DECEMBER_reviews.csv,login
cf7a2a00-fc85-40cd-bbb3-86f73bda0843,Pengguna Google,https://play-lh.googleusercontent.com/EGemoI2NTXmTsBVtJqk8jxF9rh8ApRWfsIMQSt2uE4OcpQqbFu7f7NbTK05lx80nuSijCz7sc3a277R67g,ternyata mandiri pakai sistim saldo mengendap. dan ada fee nya juga kalau mau TF ke bank lain sekalipun kita TF nya pakai BI PAST. bikin kurang nyaman pakainya . masak kalah sama si hijau sama si Oren dan si unggu. yg selalu gratisan walau kita TF kemanapun. semoga kedepannya si mandiri bisa toleransi sama rakyat jelata. simpan 1jta bukanya jadi nambah malah jadi kurang /bulanya jadi malas simpan uwang di sini.,1,3,3.2.0,2025-11-23 23:36:09+00:00,"Halo Sahabat @Iw an, mohon maaf atas ketidaknyamannya. Perihal kendala pada layanan Livin' by Mandiri, mohon untuk dapat mengirimkan email ke mandiricare@bankmandiri.co.id atau dapat menghubungi layanan mandiri 14000 agar dapat dilakukan pengecekan. Tks~Ervan",2025-11-23 23:38:15,3.2.0,Dataset/dataset\LIVIN_googleplay_NOVEMBER_reviews.csv,transfer
328f7ace-c3d1-4bec-98fc-63a842606a00,Pengguna Google,https://play-lh.googleusercontent.com/EGemoI2NTXmTsBVtJqk8jxF9rh8ApRWfsIMQSt2uE4OcpQqbFu7f7NbTK05lx80nuSijCz7sc3a277R67g,"habis di updet malah gak bisa pake pembayaran Qris hadeh, dari kmaren tiap mau pake selalu ganguan",1,1,1.60.0,2025-10-14 16:29:15+00:00,"Hai Kak @Game Skuy, maaf atas ketidaknyamanannya. Pastikan kamu menggunakan aplikasi GoPay versi terbaru dan kode QR yang dipindai berasal dari merchant yang menerima pembayaran melalui kode GoPay. Jika masih berkendala, laporkan melalui email ke customerservice@gopay.co.id dan cantumkan kode psr-25-287-1005-06191 pada subjek email. ^Maura",2025-10-14 17:05:12,1.60.0,Dataset/dataset\GOPAY_googleplay_OCTOBER_reviews.csv,qris
56799588-e576-4e67-8e76-47b86f514836,Pengguna Google,https://play-lh.googleusercontent.com/EGemoI2NTXmTsBVtJqk8jxF9rh8ApRWfsIMQSt2uE4OcpQqbFu7f7NbTK05lx80nuSijCz7sc3a277R67g,"gopay bagus banget buat bayar/beli pln,pulsa,paket data dan dll tapi agak sedikit lelet pas rekam qris nya tolong di perbaiki ya",5,0,1.62.0,2025-11-16 06:11:17+00:00,,,1.62.0,Dataset/dataset\GOPAY_googleplay_NOVEMBER_reviews.csv,qris
eed41f60-145a-4931-a8e8-4b8d5d644063,Pengguna Google,https://play-lh.googleusercontent.com/EGemoI2NTXmTsBVtJqk8jxF9rh8ApRWfsIMQSt2uE4OcpQqbFu7f7NbTK05lx80nuSijCz7sc3a277R67g,EROR TIDAK BISA TRANSFER TAPI UNTUK CEKOUT DAN FOOD MASIH BISA PENANGANAN LAMA !,1,0,1.42.03,2025-11-13 12:37:04+00:00,"Hi Kak Capri, Mohon maaf mengenai kendala tidak bisa transfer ke bank. Mohon pastikan telah menggunakan aplikasi ShopeePay terbaru dan silakan bisa coba berkala. Apabila masih berkendala mohon menghubungi kami melalui DM Instagram di @ShopeePay_ID untuk bantuan lebih lanjut. Semoga kendala kakak segera terselesaikan ^CS",2025-11-12 11:32:11,1.42.03,Dataset/dataset\SHOPEEPAY_googleplay_NOVEMBER_reviews.csv,transfer
cc2e81f2-d5d6-4c26-9948-efc06f9b4ee2,Pengguna Google,https://play-lh.googleusercontent.com/EGemoI2NTXmTsBVtJqk8jxF9rh8ApRWfsIMQSt2uE4OcpQqbFu7f7NbTK05lx80nuSijCz7sc3a277R67g,"hari ini tgl 10 okt 25, jam 23.12 kurang lebih waktu diatas, saya gak bisa menggunakan akun saya, saya login, masuk, bru bbrp detik langsung keluar paksa, dah disuruh menghubungi tanya jago, wah padahal saya udah lvl gold loh, hati2 ajalah mending yg jelas2 aja, catatan ya, ini akun saya pakai terus, bukan baru login ulang, dan di hp pakean trus gak pindah2, jd jangan berpikir palingan lupa pass bla bla bla, tanya jago lewat email dan telpon ngabisin pulsa, gak ada solusi, gk dihub cs",1,8,8.74.0,2025-10-12 10:07:44+00:00,"Halo, Jagoan! Mohon maaf atas ketidaknyamanan yang Kakak alami. Supaya bisa membantu lebih lanjut, Kakak bisa menginformasikan detail keluhannya melalui email tanya@jago.com ya. Tim terkait kami dengan senang hati akan membantu Kakak menyelesaikan permasalahannya.",2025-10-12 21:57:20,8.74.0,Dataset/dataset\JAGO_googleplay_OCTOBER_reviews.csv,login
bf6c3d0e-9752-4608-a18f-71b4f80a04ac,Pengguna Google,https://play-lh.googleusercontent.com/EGemoI2NTXmTsBVtJqk8jxF9rh8ApRWfsIMQSt2uE4OcpQqbFu7f7NbTK05lx80nuSijCz7sc3a277R67g,"Gopay ini terlalu membuat aku kesal. ketika aku sedang top up diamond Free Fire, lama sekali masuk dan sudah tiga hari ini aku tunggu. ini namanya merugikan penggunanya, dan saldo ku habis karena top up nya tidak masuk, dan gopay ini sangat tidak benar bekerja.",2,0,,2025-11-20 04:36:49+00:00,"Hai Kak Rahma, mohon maaf atas ketidaknyamanannya. Jika masih mengalami keluhan, silakan laporkan melalui email ke customerservice@gopay.co.id dengan melampirkan kode psr-25-324-0242-03696 pada subject email dan cantumkan nomor laporan sebelumnya serta ceritakan kembali detail permasalahannya. Kami tunggu detail laporan kamu ya. ^Miko",2025-11-20 09:42:15,,Dataset/dataset\GOPAY_googleplay_NOVEMBER_reviews.csv,topup
4eb97711-27a5-4533-b8ad-53e08b5280e5,Pengguna Google,https://play-lh.googleusercontent.com/EGemoI2NTXmTsBVtJqk8jxF9rh8ApRWfsIMQSt2uE4OcpQqbFu7f7NbTK05lx80nuSijCz7sc3a277R67g,"respon lambat, saya ajukan laporan perihal saya topup tapcash, saldo gopay sudah terpotong tapi saldo tapcash belum masuk/bertambah. saya menunggu lanjutan laporan sampai sekarang belum ada respon lagi lambat",1,1,1.62.0,2025-11-12 19:06:40+00:00,"Hai Kak Dila, mohon maaf atas ketidaknyamanannya. Jika kamu masih mengalami kendala, silakan laporkan melalui email ke customerservice@gopay.co.id dengan melampirkan kode psr-25-316-1236-25623 pada subject email dan cantumkan nomor laporan kamu sebelumnya pada email yang kamu kirimkan. Kami tunggu detail laporan kamu ya. ^Maura",2025-11-12 19:36:31,1.62.0,Dataset/dataset\GOPAY_googleplay_NOVEMBER_reviews.csv,topup
22f96c3a-2c85-4f8a-bec8-ea6cdb56ff65,Pengguna Google,https://play-lh.googleusercontent.com/EGemoI2NTXmTsBVtJqk8jxF9rh8ApRWfsIMQSt2uE4OcpQqbFu7f7NbTK05lx80nuSijCz7sc3a277R67g,"Mantap aplikasi ini, gercep & terpercaya, bayar tagihan apa aja bisa mulai dari tagihan listrik, air, internet & transfer ke Bank juga bisa tanpa kena biaya admin, keren.. 👍",5,1,1.59.0,2025-10-02 06:26:10+00:00,,,1.59.0,Dataset/dataset\GOPAY_googleplay_OCTOBER_reviews.csv,transfer
7beebe1d-d53e-4af0-88e5-06c149dbc49b,Pengguna Google,https://play-lh.googleusercontent.com/EGemoI2NTXmTsBVtJqk8jxF9rh8ApRWfsIMQSt2uE4OcpQqbFu7f7NbTK05lx80nuSijCz7sc3a277R67g,aplikasi ngga jelas masa mau transfer aja ribet gabisa di klik aneh,1,0,,2025-11-18 19:11:54+00:00,,,,Dataset/dataset\OVO_googleplay_NOVEMBER_reviews.csv,transfer
9ca8a8d4-9474-484a-aa76-5ccbc31f9c41,Pengguna Google,https://play-lh.googleusercontent.com/EGemoI2NTXmTsBVtJqk8jxF9rh8ApRWfsIMQSt2uE4OcpQqbFu7f7NbTK05lx80nuSijCz7sc3a277R67g,"ahir² ini tiap kli login pasti sering kluar sendiri, pdhl apk nya udh saya update, tolong dong di perbaiki, masa harus bolak balik trus tiap mau transaksi",1,0,1.60.0,2025-10-28 01:11:26+00:00,"Mohon maaf, Kak Anwar. Terkait laporanmu, pastikan sinyal internetmu stabil, aktifkan 'App Permission'/'Izinkan Aplikasi', lalu logout kemudian login kembali. Untuk kendala login lainnya, silakan mengakses halaman bantuan login pada aplikasi GoPay. ^Maura",2025-10-28 06:28:32,1.60.0,Dataset/dataset\GOPAY_googleplay_OCTOBER_reviews.csv,login
a416d642-0f09-42a2-a6bb-5063054680bc,Pengguna Google,https://play-lh.googleusercontent.com/EGemoI2NTXmTsBVtJqk8jxF9rh8ApRWfsIMQSt2uE4OcpQqbFu7f7NbTK05lx80nuSijCz7sc3a277R67g,"saya sedang buru buru pergi, saat ingin login gopay dengan scan ulang wajah, padahal wajah sudah benar dan sinyal lancar tapi hanya loading terus, dan tiba tiba muncul notif silakan coba lagi dalam 60 menit, posisi saya yang buru buru malah di suruh nunggu 60 menit, gemana ga saya kasih bintang 1 coba",1,29,1.59.0,2025-10-06 09:04:53+00:00,"Hai Kak Bintang, mohon maaf atas ketidaknyamanannya. Pastikan kamu mengambil foto selfie dengan pencahayaan yang baik dan wajah terlihat jelas. Jika masih berkendala, silakan laporkan detailnya melalui email ke customerservice@gopay.co.id dan cantumkan kode psr-25-279-0211-10368 pada subjek email. ^Melisa",2025-10-06 09:11:17,1.59.0,Dataset/dataset\GOPAY_googleplay_OCTOBER_reviews.csv,login
48b11f7d-8c56-4df9-8498-7df41f318f05,Pengguna Google,https://play-lh.googleusercontent.com/EGemoI2NTXmTsBVtJqk8jxF9rh8ApRWfsIMQSt2uE4OcpQqbFu7f7NbTK05lx80nuSijCz7sc3a277R67g,ada masalah login,1,0,3.2.0,2025-11-29 11:21:21+00:00,"Halo Sahabat @Muhamad Farid Dzikri Shufi, mohon maaf atas ketidaknyamannya. Untuk perihal kendala pada layanan Livin' by Mandiri, mohon untuk dapat mengirimkan email ke mandiricare@bankmandiri.co.id atau dapat menghubungi layanan mandiri 14000 dengan tekan 2 agar dapat dilakukan pengecekan. Tks~Irish",2025-11-29 11:26:48,3.2.0,Dataset/dataset\LIVIN_googleplay_NOVEMBER_reviews.csv,login
8c0965b6-ae0d-454a-87d9-fe7b53d37d72,Pengguna Google,https://play-lh.googleusercontent.com/EGemoI2NTXmTsBVtJqk8jxF9rh8ApRWfsIMQSt2uE4OcpQqbFu7f7NbTK05lx80nuSijCz7sc3a277R67g,penyakit. transfer lama bnerr lahhh,1,0,1.42.03,2025-11-20 09:28:15+00:00,"Hi Kak Ruuhan. Mohon maaf atas kendala transfer saldo ShopeePay yang terlalu lama. Terkait kendala tersebut mohon menghubungi kami melalui DM ke Instagram @ShopeePay_ID yang bercentang biru, dengan melampirkan bukti transfer yang terkendala untuk bantuan lebih lanjut. Semoga kendala kakak segera terselesaikan ya. ^CS",2025-11-20 10:46:03,1.42.03,Dataset/dataset\SHOPEEPAY_googleplay_NOVEMBER_reviews.csv,transfer
b4110af4-0692-4f14-afe0-4d0a2bd5680d,Pengguna Google,https://play-lh.googleusercontent.com/EGemoI2NTXmTsBVtJqk8jxF9rh8ApRWfsIMQSt2uE4OcpQqbFu7f7NbTK05lx80nuSijCz7sc3a277R67g,"scan qris sering gagal, notif shopefood sering gak muncul (kasihan driver), aplikasi lemot, idk perbaiki dulu aja aplikasinya biar kalo scan qris cepet dan gak bikin malu kalo bayar qris pake shopepay soalnya lemot",1,55,1.42.03,2025-11-07 20:47:10+00:00,"Hi Kak Dino, Mohon maaf mengenai kendala tidak bisa melakukan pembayaran QRIS dan notif ShopeeFood tidak muncul. Terkait kendala tersebut mohon menghubungi kami melalui DM ke Instagram @ShopeePay_ID yang bercentang biru untuk bantuan lebih lanjut. Semoga kendala kakak segera terselesaikan ya. ^CS",2025-11-10 15:56:23,1.42.03,Dataset/dataset\SHOPEEPAY_googleplay_NOVEMBER_reviews.csv,qris
dc270503-716c-41e3-85ce-0e12c890d11d,Pengguna Google,https://play-lh.googleusercontent.com/EGemoI2NTXmTsBVtJqk8jxF9rh8ApRWfsIMQSt2uE4OcpQqbFu7f7NbTK05lx80nuSijCz7sc3a277R67g,"saldo nya nyangkut di merchant gopay pdhal mau transfer ke dana ,malah nyangkut gajelas pdahl transaksi berhasil,cuma di dana ga masuk,kacauwwwwww",1,0,1.60.0,2025-10-09 20:08:47+00:00,"Hai Kak Dul, mohon maaf atas ketidaknyamanannya. Terkait keluhan tersebut, silakan laporkan melalui email ke customerservice@gopay.co.id dengan melampirkan kode psr-25-283-2343-51344 pada subject email. Kami tunggu detail laporan kamu ya. ^Maura",2025-10-10 06:43:57,1.60.0,Dataset/dataset\GOPAY_googleplay_OCTOBER_reviews.csv,transfer
f8e0b0a8-4f4c-4af3-8b36-067420bb56b4,Pengguna Google,https://play-lh.googleusercontent.com/EGemoI2NTXmTsBVtJqk8jxF9rh8ApRWfsIMQSt2uE4OcpQqbFu7f7NbTK05lx80nuSijCz7sc3a277R67g,tidak bisa melakukan transfer dari bank ke ovo,1,0,3.144.0,2025-10-09 05:19:11+00:00,,,3.144.0,Dataset/dataset\OVO_googleplay_OCTOBER_reviews.csv,transfer
cb370d44-a83f-4a7e-8340-6993e30b1501,Pengguna Google,https://play-lh.googleusercontent.com/EGemoI2NTXmTsBVtJqk8jxF9rh8ApRWfsIMQSt2uE4OcpQqbFu7f7NbTK05lx80nuSijCz7sc3a277R67g,"gapaham sama shopee ini uda sminggu tiap cek spaylater dan spinjam ga muncul, tiap diklik layar putih pusat bantuan, shopee mater dan bberapa pilihan lain jg tiap di klik hanya layar putih, bolak balik di refresh, update, login logout, hapus cance jg ga bisa bisa. parah banget sumpah bikin orang susah dan panik aja",1,14,1.44.04,2025-12-01 15:52:15+00:00,Hi Kak Selvi. Mohon maaf mengenai kendala tidak bisa menggunakan SPayLater dan SPinjam. Pastikan telah menggunakan versi aplikasi ShopeePay yang terbaru. Kakak juga dapat melakukan pengecekan pada link ini untuk panduan pembayaran jika berkendala melalui aplikasi: https://help.shopee.co.id/portal/4/article/72336. Semoga membantu ^EN,2025-12-01 18:30:49,1.44.04,Dataset/dataset\SHOPEEPAY_googleplay_DECEMBER_reviews.csv,login
53b0cf6f-312a-41af-b5e2-20e060c8ca15,Pengguna Google,https://play-lh.googleusercontent.com/EGemoI2NTXmTsBVtJqk8jxF9rh8ApRWfsIMQSt2uE4OcpQqbFu7f7NbTK05lx80nuSijCz7sc3a277R67g,"min ini kenapa yaa setiap saya verifikasi wajah, selalu bermasalah",4,0,1.62.0,2025-11-14 06:30:46+00:00,,,1.62.0,Dataset/dataset\GOPAY_googleplay_NOVEMBER_reviews.csv,vermuk
977c358a-4992-46a9-9848-acbc57c8807e,Pengguna Google,https://play-lh.googleusercontent.com/EGemoI2NTXmTsBVtJqk8jxF9rh8ApRWfsIMQSt2uE4OcpQqbFu7f7NbTK05lx80nuSijCz7sc3a277R67g,transfer ke sea bank dari kemarin sampai skrg blm masuk2. di apk sebelah ga sampai 5 detik langsung masuk. kemanakah uang saya ???,1,0,3.144.0,2025-10-06 07:27:29+00:00,,,3.144.0,Dataset/dataset\OVO_googleplay_OCTOBER_reviews.csv,transfer
c3c7a8af-0812-4fbf-9efe-dd87e166f1b7,Pengguna Google,https://play-lh.googleusercontent.com/EGemoI2NTXmTsBVtJqk8jxF9rh8ApRWfsIMQSt2uE4OcpQqbFu7f7NbTK05lx80nuSijCz7sc3a277R67g,"untuk tf ke dompet digital jgn di kenain biaya admin dong, dompet digital app yang lain ga di kenain biaya admin masa di sini kena biaya admin",1,0,1.60.0,2025-10-26 23:19:43+00:00,,,1.60.0,Dataset/dataset\GOPAY_googleplay_OCTOBER_reviews.csv,transfer
6917deb3-c0da-428c-80b7-0d9a261f9d47,Pengguna Google,https://play-lh.googleusercontent.com/EGemoI2NTXmTsBVtJqk8jxF9rh8ApRWfsIMQSt2uE4OcpQqbFu7f7NbTK05lx80nuSijCz7sc3a277R67g,"hai kak, kenapa saldo saya tidak di kembalikan padahal kan saya top up ff yang 100dm, harusnya kan dikembalikan karena ada tulisan dana 100% dikembangkan, tetapi kenapa saldo saya tidak di kembalikan mohon ya Kakak 🤗🤗🤗🤗",3,0,,2025-10-25 20:10:11+00:00,"Hai, Kak Ade. Sebelum membayar di Mitra Usaha, pastikan kode promo telah diaktifkan agar kamu bisa mendapatkan cashback. Jika cashback masih belum diterima, laporkan melalui halaman Bantuan > cari artikel ""Belum terima cashback setelah bertransaksi"" di kolom pencarian > isi form yang ada di artikel. Kami siap membantu kamu. ^Melisa",2025-10-25 21:17:07,,Dataset/dataset\GOPAY_googleplay_OCTOBER_reviews.csv,topup
6e3104a2-b28e-4e53-aa4a-3871f3bfd859,Pengguna Google,https://play-lh.googleusercontent.com/EGemoI2NTXmTsBVtJqk8jxF9rh8ApRWfsIMQSt2uE4OcpQqbFu7f7NbTK05lx80nuSijCz7sc3a277R67g,jangan donlot dijamin nyesel.. CS low respon masalah pun g selesai jgn samape topup saldo pokony jgn anjirrr sumpah klo dbilangin lu pd ah,1,0,,2025-10-20 15:50:48+00:00,"Halo, Jagoan. Mohon maaf atas kendala yang terjadi ya. Kamu tidak perlu khawatir, kamu bisa menjelaskan detail kendala tersebut melalui email di tanya@jago.com atau call center 1500 746 untuk kami bantu tangani lebih lanjut. Terima kasih :)",2025-10-20 16:00:43,,Dataset/dataset\JAGO_googleplay_OCTOBER_reviews.csv,topup
6a395d17-a17f-4596-8ae7-7c92771f1890,Pengguna Google,https://play-lh.googleusercontent.com/EGemoI2NTXmTsBVtJqk8jxF9rh8ApRWfsIMQSt2uE4OcpQqbFu7f7NbTK05lx80nuSijCz7sc3a277R67g,"peringatan buat teman jangan sekali kali pake ovo, jelek sekali ovo sya top up dana sda berhasil tapi di ovo blum masuk masuk sampai sekarang",1,0,3.149.0,2025-12-21 04:44:01+00:00,,,3.149.0,Dataset/dataset\OVO_googleplay_DECEMBER_reviews.csv,topup
a213f1de-f861-4cc3-9919-044981188078,Pengguna Google,https://play-lh.googleusercontent.com/EGemoI2NTXmTsBVtJqk8jxF9rh8ApRWfsIMQSt2uE4OcpQqbFu7f7NbTK05lx80nuSijCz7sc3a277R67g,knpa setiap topup atau tf selalu di potong sy bayar cicilan yg uang nya pas2an jadi tdk bisa karna banyak potongan ... tf ada potongan topup ada potongan bikin ribet,1,0,3.144.0,2025-10-10 09:44:15+00:00,,,3.144.0,Dataset/dataset\OVO_googleplay_OCTOBER_reviews.csv,topup
fb4b0418-28a3-45e3-930d-4ae86795c645,Pengguna Google,https://play-lh.googleusercontent.com/EGemoI2NTXmTsBVtJqk8jxF9rh8ApRWfsIMQSt2uE4OcpQqbFu7f7NbTK05lx80nuSijCz7sc3a277R67g,"dapat di percaya dan di andalkan, pokoknya kalau mau top up game,pulsa atau apapun ada harga murah di gopay, di jamin dehh ga bakal nyesell",5,0,,2025-11-02 18:02:51+00:00,,,,Dataset/dataset\GOPAY_googleplay_NOVEMBER_reviews.csv,topup
cad50c17-2597-452d-ba95-76416f66e6bd,Pengguna Google,https://play-lh.googleusercontent.com/EGemoI2NTXmTsBVtJqk8jxF9rh8ApRWfsIMQSt2uE4OcpQqbFu7f7NbTK05lx80nuSijCz7sc3a277R67g,"orang transfer uang berarti lagi penting aplikasi ini bukan membantu, uang hilang saya kirim uang ke bank di bank gak masuk uang di ovo hilang bukti transfer pun gak ada hilang begitu aja macam mana ni hoiiii",1,0,,2025-11-01 01:37:28+00:00,,,,Dataset/dataset\OVO_googleplay_NOVEMBER_reviews.csv,transfer
b2a4f5aa-959b-4e50-b3da-f00d018e53f6,Pengguna Google,https://play-lh.googleusercontent.com/EGemoI2NTXmTsBVtJqk8jxF9rh8ApRWfsIMQSt2uE4OcpQqbFu7f7NbTK05lx80nuSijCz7sc3a277R67g,kenapa ni akun gopay ku hilang pas mau login lagi gk bisa,2,1,1.62.0,2025-11-18 16:57:24+00:00,"Hai Kak Langit, untuk login ke aplikasi GoPay, gunakan nomor HP yang terdaftar di akun Gojek-mu. Jika belum punya akun Gojek, kamu bisa daftar langsung di aplikasi GoPay, ya. Jika masih tidak bisa login, laporkan ke kami melalui email ke customerservice@gopay.co.id dan mencantumkan kode psr-25-322-1031-23428 pada subjek email.^Melisa",2025-11-18 17:31:36,1.62.0,Dataset/dataset\GOPAY_googleplay_NOVEMBER_reviews.csv,login
aea410ef-d19b-41a9-93ff-eec2de10ecda,Pengguna Google,https://play-lh.googleusercontent.com/EGemoI2NTXmTsBVtJqk8jxF9rh8ApRWfsIMQSt2uE4OcpQqbFu7f7NbTK05lx80nuSijCz7sc3a277R67g,"nih ovo ngeselin sumpah..!!! aku mau transfer, eh menu transfer nya GK ada....!!!",2,0,,2025-12-14 11:39:07+00:00,,,,Dataset/dataset\OVO_googleplay_DECEMBER_reviews.csv,transfer
5a5ca1ab-52ce-4c45-9737-860b984de0cb,Pengguna Google,https://play-lh.googleusercontent.com/EGemoI2NTXmTsBVtJqk8jxF9rh8ApRWfsIMQSt2uE4OcpQqbFu7f7NbTK05lx80nuSijCz7sc3a277R67g,"jago syariah 20x gratis TF & topup ewallet, 3x gratis tarik tunai di ATM bersama. cukup worth it. minusnya belum bisa bayar qris indo/Alfa.",5,0,8.74.0,2025-10-23 19:55:35+00:00,,,8.74.0,Dataset/dataset\JAGO_googleplay_OCTOBER_reviews.csv,qris
33acbe17-919d-4d30-adc8-4ac0ab9dad3a,Pengguna Google,https://play-lh.googleusercontent.com/EGemoI2NTXmTsBVtJqk8jxF9rh8ApRWfsIMQSt2uE4OcpQqbFu7f7NbTK05lx80nuSijCz7sc3a277R67g,"kenapa dr kmrin livin ga bisa dbuka,kl mau login selalu balik ke layar hp awal,ga bisa buka livin smpe hari ini",4,0,3.2.0,2025-11-19 11:15:27+00:00,"Halo Sahabat @Nur Indah, mohon maaf atas ketidaknyamanannya. Apabila terdapat kendala agar dapat kami tindaklanjuti, Sahabat dapat mengirimkan email ke mandiricare@bankmandiri.co.id atau menghubungi layanan Mandiri Call 14000 ya. Tks~Alza",2025-11-19 11:19:06,3.2.0,Dataset/dataset\LIVIN_googleplay_NOVEMBER_reviews.csv,login
f1bc7ee1-69d6-4c18-8b20-63f879e4fa4e,Pengguna Google,https://play-lh.googleusercontent.com/EGemoI2NTXmTsBVtJqk8jxF9rh8ApRWfsIMQSt2uE4OcpQqbFu7f7NbTK05lx80nuSijCz7sc3a277R67g,"kemarin TF k rekening bank BCA,ttpi belum sampai pe sekarang.. tpi saldo dh ke potong. n tadi dh TLP k CS nya tunggu selama 3 hari 'hri libur ga d hitung'",1,0,3.144.0,2025-10-04 12:09:46+00:00,,,3.144.0,Dataset/dataset\OVO_googleplay_OCTOBER_reviews.csv,transfer
64ca65e1-fdb9-4670-98b2-2e1f64171c9a,Pengguna Google,https://play-lh.googleusercontent.com/EGemoI2NTXmTsBVtJqk8jxF9rh8ApRWfsIMQSt2uE4OcpQqbFu7f7NbTK05lx80nuSijCz7sc3a277R67g,kenapa susah banget login,5,0,3.149.0,2025-12-10 13:06:04+00:00,,,3.149.0,Dataset/dataset\OVO_googleplay_DECEMBER_reviews.csv,login
3672f721-42e1-49e8-a211-8c130b8a2c85,Pengguna Google,https://play-lh.googleusercontent.com/EGemoI2NTXmTsBVtJqk8jxF9rh8ApRWfsIMQSt2uE4OcpQqbFu7f7NbTK05lx80nuSijCz7sc3a277R67g,"Saya mau memperbarui email saya, tapi kode verifikasi nya terkirim sangat lambat. Saya tunggu 10 menit lebih sampai sesi login nya habis masih gak ke kirim. Tolong di perbaiki!",2,0,,2025-11-09 19:37:08+00:00,"Halo, Jagoan. Mohon maaf atas kendala yang terjadi ya. Kamu tidak perlu khawatir, kamu bisa menjelaskan detail kendala tersebut melalui email di tanya@jago.com atau call center 1500 746 untuk kami bantu tangani lebih lanjut. Terima kasih :)",2025-11-09 20:24:48,,Dataset/dataset\JAGO_googleplay_NOVEMBER_reviews.csv,login
cb56e196-909b-4472-ada2-2f86deafdea1,Pengguna Google,https://play-lh.googleusercontent.com/EGemoI2NTXmTsBVtJqk8jxF9rh8ApRWfsIMQSt2uE4OcpQqbFu7f7NbTK05lx80nuSijCz7sc3a277R67g,"apa² bayar, gua top up 50k kena admin 1k okelah, eh tapi pas saldo sampe cuma 48k. Tarik tunai admin, transfer ke bank admin, aplikasi kikir k*nt*l",1,1,3.145.0,2025-10-26 07:48:52+00:00,,,3.145.0,Dataset/dataset\OVO_googleplay_OCTOBER_reviews.csv,topup
4746748b-eb34-42fd-ac95-d8c955e06f27,Pengguna Google,https://play-lh.googleusercontent.com/EGemoI2NTXmTsBVtJqk8jxF9rh8ApRWfsIMQSt2uE4OcpQqbFu7f7NbTK05lx80nuSijCz7sc3a277R67g,aneh bayar qris sllu gagal,1,0,1.41.06,2025-11-04 14:10:13+00:00,"Hi Kak Muhammad, Mohon maaf mengenai kendala tidak bisa melakukan pembayaran dengan QRIS. Mohon pastikan telah menggunakan aplikasi ShopeePay terbaru dan silakan bisa coba berkala. Apabila masih berkendala mohon menghubungi kami melalui DM Instagram di @ShopeePay_ID untuk bantuan lebih lanjut. Semoga kendala kakak segera terselesaikan ^CS",2025-11-04 15:07:32,1.41.06,Dataset/dataset\SHOPEEPAY_googleplay_NOVEMBER_reviews.csv,qris
ed3ff67f-b4ed-4a2e-938e-d688a514531b,Pengguna Google,https://play-lh.googleusercontent.com/EGemoI2NTXmTsBVtJqk8jxF9rh8ApRWfsIMQSt2uE4OcpQqbFu7f7NbTK05lx80nuSijCz7sc3a277R67g,"login aja susah, sudah masukan nomor kartu dan verifikasi nomor hp, malah gangguan. niat buat aplikasi apa main2 doang si????",1,0,3.1.0,2025-11-12 10:11:31+00:00,"Halo Sahabat @Abay Fariddas, mohon maaf atas ketidaknyamanannya. Untuk perihal kendala pada layanan Livin' by Mandiri, mohon untuk dapat mengirimkan email ke mandiricare@bankmandiri.co.id atau dapat menghubungi layanan mandiri 14000 agar dapat dilakukan pengecekan. Tks~Nilam",2025-11-12 10:13:30,3.1.0,Dataset/dataset\LIVIN_googleplay_NOVEMBER_reviews.csv,login
1c080022-3b6b-4298-9cd7-c8b9fe29a9c9,Pengguna Google,https://play-lh.googleusercontent.com/EGemoI2NTXmTsBVtJqk8jxF9rh8ApRWfsIMQSt2uE4OcpQqbFu7f7NbTK05lx80nuSijCz7sc3a277R67g,"knp ni Livin ga bisa dibuka aplikasinya loading terus pas mau login, udah saya hapus trus install ulang malah pas masukin pas di tanggal lahirnya ngestuck disana trus keluar sendiri, helpp",2,0,3.1.0,2025-11-02 23:16:18+00:00,"Halo Sahabat @Siti Arnila, mohon maaf atas ketidaknyamanannya. Mohon berkenan untuk mencoba kembali secara berkala dikhawatirkan sedang proses pemeliharaan sistem ya. Tks~Carlos",2025-11-02 23:27:36,3.1.0,Dataset/dataset\LIVIN_googleplay_NOVEMBER_reviews.csv,login
7882d91c-55c5-41de-a1f0-077c4260c0f1,Pengguna Google,https://play-lh.googleusercontent.com/EGemoI2NTXmTsBVtJqk8jxF9rh8ApRWfsIMQSt2uE4OcpQqbFu7f7NbTK05lx80nuSijCz7sc3a277R67g,suka trouble kalo sinyal lagi jelek. tak segercepp app e-money yg lain pembayaran menggunakan lazada dpet diskon 10k. tapi pembayaran d lakukan 3x baru brhasil 🥲 top up menggunakan mbanking kena biaya admin 1000,4,2,1.61.2,2025-11-04 06:48:11+00:00,,,1.61.2,Dataset/dataset\GOPAY_googleplay_NOVEMBER_reviews.csv,topup
bbf93b8e-35ff-4adc-82ac-c144b3f56a3c,Pengguna Google,https://play-lh.googleusercontent.com/EGemoI2NTXmTsBVtJqk8jxF9rh8ApRWfsIMQSt2uE4OcpQqbFu7f7NbTK05lx80nuSijCz7sc3a277R67g,lelet geng klau mau tf apk nya gak jelas bikin org nunggu,1,0,1.60.0,2025-10-30 17:32:41+00:00,"Hai Kak Alan, mohon maaf atas ketidaknyamanannya. Pastikan kamu sudah menggunakan aplikasi GoPay versi terbaru, ya. Jika masih berkendala, silakan laporkan melalui halaman Bantuan > ketik ""Kendala tampilan dan notifikasi"" di kolom pencarian > pilih artikel dan lengkapi formulirnya. Kami siap membantu. ^Melisa",2025-10-30 23:55:12,1.60.0,Dataset/dataset\GOPAY_googleplay_OCTOBER_reviews.csv,transfer
a10d69a6-5c73-4f85-b440-213bd73059ea,Pengguna Google,https://play-lh.googleusercontent.com/EGemoI2NTXmTsBVtJqk8jxF9rh8ApRWfsIMQSt2uE4OcpQqbFu7f7NbTK05lx80nuSijCz7sc3a277R67g,verifikasi wajah stuck di wajah kedepan muluh. bisa nggak sih verifikasi kayak gini di hapus aja bikin orang susah login aja,3,0,2.3.0,2025-10-10 15:50:16+00:00,"Hai, Kak Josh. Maaf atas ketidaknyamanannya. Kami akan selalu berusaha memberikan yang terbaik demi kebutuhan perbankan Kakak. Terkait hal tersebut pastikan beberapa hal berikut, pastikan Kakak tidak memakai sunglasses, di tempat yang terang, tidak backlight, posisi wajah di dalam lingkaran dan pastikan aplikasi blu versi terupdate ya.",2025-10-10 16:57:06,2.3.0,Dataset/dataset\BLU_googleplay_OCTOBER_reviews.csv,login
c327e60d-01cd-4353-8fdb-64c0ea3c1219,Pengguna Google,https://play-lh.googleusercontent.com/EGemoI2NTXmTsBVtJqk8jxF9rh8ApRWfsIMQSt2uE4OcpQqbFu7f7NbTK05lx80nuSijCz7sc3a277R67g,transfer LBH cepat dgn gopay,5,0,1.60.0,2025-10-21 13:49:12+00:00,,,1.60.0,Dataset/dataset\GOPAY_googleplay_OCTOBER_reviews.csv,transfer
c7915582-d9bb-4662-b38c-72c286a8e895,Pengguna Google,https://play-lh.googleusercontent.com/EGemoI2NTXmTsBVtJqk8jxF9rh8ApRWfsIMQSt2uE4OcpQqbFu7f7NbTK05lx80nuSijCz7sc3a277R67g,"aplikasi ga jelas, say top up saldo tapi ga masuk2 udah 2 hari ditunggu ga masuk juga hubungin CS ga ada gunanya, pokoknya ini aplikasi bikin saya rugi, suka ngambil saldo orang",1,0,1.44.05,2025-12-20 10:19:19+00:00,"Hi Kak Romanz, Mohon maaf atas kendala Top Up ShopeePay yang belum diterima. Mohon melampirkan bukti yang tertera nomor telepon, nominal, tanggal & waktu transaksi melalui DM ke IG @ShopeePay_ID yang bercentang biru ya. ^EN",2025-12-22 12:13:51,1.44.05,Dataset/dataset\SHOPEEPAY_googleplay_DECEMBER_reviews.csv,topup
8a98c93f-c6e7-447b-a381-5b19ca1de184,Pengguna Google,https://play-lh.googleusercontent.com/EGemoI2NTXmTsBVtJqk8jxF9rh8ApRWfsIMQSt2uE4OcpQqbFu7f7NbTK05lx80nuSijCz7sc3a277R67g,saya sdh transfer Shopee Pay Rp 500.000.tgl 15 Nov '25.kok belum masuk saldonya,5,0,1.42.03,2025-11-17 05:33:59+00:00,"Hi Kak. Terima kasih telah menggunakan ShopeePay. Mari cek aplikasi ShopeePay karena banyak fitur yang mempermudah keseharian kakak seperti pembelian pulsa, paket data, pembayaran tagihan listrik dan pembayaran lainnya. Jika kakak memiliki pertanyaan seputar ShopeePay, mohon DM kami di Instagram @ShopeePay_ID ya. Semoga harimu menyenangkan ^RJ",2025-11-17 10:00:44,1.42.03,Dataset/dataset\SHOPEEPAY_googleplay_NOVEMBER_reviews.csv,transfer
f01b6d21-fbb9-49d1-81c7-3e761ab1b334,Pengguna Google,https://play-lh.googleusercontent.com/EGemoI2NTXmTsBVtJqk8jxF9rh8ApRWfsIMQSt2uE4OcpQqbFu7f7NbTK05lx80nuSijCz7sc3a277R67g,kenapa pas daftar online tidak bisa verifikasi wajah?,1,0,,2025-12-23 15:03:26+00:00,"Hai Sahabat @Misih Khoiriah, mohon maaf atas ketidaknyamanannya. Terkait kendala Sahabat mohon untuk dapat mengirimkan email ke mandiricare@bankmandiri.co.id atau menghubungi Mandiri Call 14000 lalu tekan 2 agar dapat dilakukan pengecekan. Tks~Divia",2025-12-23 15:05:37,,Dataset/dataset\LIVIN_googleplay_DECEMBER_reviews.csv,vermuk
d2adf778-9a37-4347-b5cc-6b28869d8913,Pengguna Google,https://play-lh.googleusercontent.com/EGemoI2NTXmTsBVtJqk8jxF9rh8ApRWfsIMQSt2uE4OcpQqbFu7f7NbTK05lx80nuSijCz7sc3a277R67g,"gak bisa TF kemana pun , qris juga tidak bisa apalah , eror udah lama gak di bener benerin , udah chat admin mandiri di wa tetep gak ada jawaban yang pasti , bot nya kurang pinter",1,3,3.2.0,2025-12-05 01:06:05+00:00,"Halo Sahabat @Devano Dyas Syahputra, mohon maaf atas ketidaknyamanannya. Kami mohon kesediaan Sahabat melakukan force close pada aplikasi terlebih dahulu, pastikan jaringan data yg digunakan stabil (tidak menggunakan jaringan Wifi) dan kami persilakan Sahabat utk mencoba kembali secara berkala. Tks~Raka",2025-12-05 01:20:52,3.2.0,Dataset/dataset\LIVIN_googleplay_DECEMBER_reviews.csv,qris
d5250723-617a-47d5-aba8-fa323a442899,Pengguna Google,https://play-lh.googleusercontent.com/EGemoI2NTXmTsBVtJqk8jxF9rh8ApRWfsIMQSt2uE4OcpQqbFu7f7NbTK05lx80nuSijCz7sc3a277R67g,fitur2nya sangat sangat terbatas tidak seperti aplikasi sebelah dan transfer bank berbayar,2,2,3.145.0,2025-10-30 20:17:28+00:00,,,3.145.0,Dataset/dataset\OVO_googleplay_OCTOBER_reviews.csv,transfer
673625fd-281e-46df-b0fd-4f05c577ce74,Pengguna Google,https://play-lh.googleusercontent.com/EGemoI2NTXmTsBVtJqk8jxF9rh8ApRWfsIMQSt2uE4OcpQqbFu7f7NbTK05lx80nuSijCz7sc3a277R67g,ini aplikasi ternyata bisa top up diamond ff,5,0,1.62.0,2025-11-08 19:10:44+00:00,,,1.62.0,Dataset/dataset\GOPAY_googleplay_NOVEMBER_reviews.csv,topup
3963dec9-2223-4180-b484-a33e664de0ba,Pengguna Google,https://play-lh.googleusercontent.com/EGemoI2NTXmTsBVtJqk8jxF9rh8ApRWfsIMQSt2uE4OcpQqbFu7f7NbTK05lx80nuSijCz7sc3a277R67g,tidak bisa masuk livin pada saat verifikasi wajah anehkan,1,0,,2025-12-11 15:43:04+00:00,"Hai Sahabat @Iwan Juve, mohon maaf atas ketidaknyamanannya. Terkait terkendala verifikasi wajah, mohon untuk dapat mengirimkan email ke mandiricare@bankmandiri.co.id atau menghubungi Mandiri Call 14000 lalu tekan 2 agar dapat dilakukan pengecekan. Tks~Vacilla",2025-12-11 16:01:05,,Dataset/dataset\LIVIN_googleplay_DECEMBER_reviews.csv,vermuk
b36b2b4d-a8b2-4850-977a-8165faadd38b,Pengguna Google,https://play-lh.googleusercontent.com/EGemoI2NTXmTsBVtJqk8jxF9rh8ApRWfsIMQSt2uE4OcpQqbFu7f7NbTK05lx80nuSijCz7sc3a277R67g,"apk parah sih menurut saya..saya transfer ke bank lwt apk ini namun di notifnya berhasil tp di saldonya tidak masuk rekening bank tujuan..setelah saya komplain saldonya di refund, namun2 tiba2 hilang..dan riwayat ada transfer yg saya sendiri tidak pernah melakukan transferan tsb..",1,5,1.62.0,2025-11-16 05:40:42+00:00,"Hai Kak Agus, mohon maaf atas ketidaknyamanannya. Terkait hal tersebut, silakan laporkan melalui email ke customerservice@gopay.co.id dengan melampirkan kode psr-25-320-0254-45609 pada subject email dan ceritakan kembali detail permasalahannya agar tim kami bisa bantu cek lebih lanjut ya. ^Melisa",2025-11-16 09:54:53,1.62.0,Dataset/dataset\GOPAY_googleplay_NOVEMBER_reviews.csv,transfer
57069592-43fe-4229-86e9-5fce88032514,Pengguna Google,https://play-lh.googleusercontent.com/EGemoI2NTXmTsBVtJqk8jxF9rh8ApRWfsIMQSt2uE4OcpQqbFu7f7NbTK05lx80nuSijCz7sc3a277R67g,"mau login aja sinyal terputus padahal bagus, cek buka Ig buka yt bisa, emang dasar aplikasi nya aja rusak, beda sama bank2 lain",1,0,,2025-12-17 16:41:24+00:00,"Hai, Jagoan! Mohon maaf untuk ketidaknyamanan terkait kendala yang kamu alami. Hal ini akan menjadi perhatian dan masukan agar Bank Jago lebih baik ke depannya. Silakan hubungi Tanya Jago di 1500746/+62 21 3000 0746, atau menghubungi melalui email ke tanya@jago.com. Dengan senang hati kami akan membantu menyelesaikan masalah dan kendala kamu. :)",2025-12-17 17:04:41,,Dataset/dataset\JAGO_googleplay_DECEMBER_reviews.csv,login
f989310c-385b-4fdb-b08b-c8f5a216e2a9,Pengguna Google,https://play-lh.googleusercontent.com/EGemoI2NTXmTsBVtJqk8jxF9rh8ApRWfsIMQSt2uE4OcpQqbFu7f7NbTK05lx80nuSijCz7sc3a277R67g,"SAYA INGIN MENGAJUKAN MASALAH TERKAIT QRIS NIH SAYA PAKAI QRIS KOK GAGAL MULUK YA APA ADA MASALAH DI APK NYA KAH,TOLONG DIPERBAIKI LAGI SAYA INGIN BELI MINUMAN DI TEMPAT MESIN GAGAL MULUK TOLONG SEKALI LAGI DI PERBAIKI APK NYA SEKIAN TERIMA KASIH",1,0,3.1.0,2025-11-02 15:27:28+00:00,"Halo Sahabat @Hamda Faturrahman, mohon maaf atas ketidaknyamanannya. Terkait kendala transaksi Sahabat, mohon untuk dapat mengirimkan email ke mandiricare@bankmandiri.co.id atau menghubungi Mandiri Call 14000 agar dilakukan pengecekan. Tks~Danti",2025-11-02 15:31:51,3.1.0,Dataset/dataset\LIVIN_googleplay_NOVEMBER_reviews.csv,qris
a7b2a064-d7a0-4564-8385-01d01c85f725,Pengguna Google,https://play-lh.googleusercontent.com/EGemoI2NTXmTsBVtJqk8jxF9rh8ApRWfsIMQSt2uE4OcpQqbFu7f7NbTK05lx80nuSijCz7sc3a277R67g,fitur hadiah di perbaiki soalnya tulisan anda gak bisa claim hadiah di karenakan limit di suruh nungguin sampai kapan gw scan qris di event mpl gopay game gagal terus......,5,2,1.60.0,2025-10-21 03:44:05+00:00,,,1.60.0,Dataset/dataset\GOPAY_googleplay_OCTOBER_reviews.csv,qris
8442137e-b1cc-4e8b-8fc8-26a9036d4a18,Pengguna Google,https://play-lh.googleusercontent.com/EGemoI2NTXmTsBVtJqk8jxF9rh8ApRWfsIMQSt2uE4OcpQqbFu7f7NbTK05lx80nuSijCz7sc3a277R67g,Qris sering eror.. aplikasi burik,1,0,,2025-12-25 19:20:00+00:00,,,,Dataset/dataset\OVO_googleplay_DECEMBER_reviews.csv,qris
ce1aae16-4520-427a-9b52-3a4616f46e75,Pengguna Google,https://play-lh.googleusercontent.com/EGemoI2NTXmTsBVtJqk8jxF9rh8ApRWfsIMQSt2uE4OcpQqbFu7f7NbTK05lx80nuSijCz7sc3a277R67g,daftar transfer yg ke dana tiba2 hilang semuanya.,1,0,3.2.0,2025-12-11 19:02:35+00:00,"Hai Sahabat @Aji Bahriyan, mohon maaf atas ketidaknyamanannya. Utk pengecekan lebih lanjut atas kendala yg dialami, kami persilakan mengirimkan pesan melalui layanan email kami di mandiricare@bankmandiri.co.id atau mandiri call 14000 ya. Tks~Tommy",2025-12-11 19:12:49,3.2.0,Dataset/dataset\LIVIN_googleplay_DECEMBER_reviews.csv,transfer
ae940831-d87c-4462-bf76-c831702862c3,Pengguna Google,https://play-lh.googleusercontent.com/EGemoI2NTXmTsBVtJqk8jxF9rh8ApRWfsIMQSt2uE4OcpQqbFu7f7NbTK05lx80nuSijCz7sc3a277R67g,sering x mengalami pending utk transfer ke bank lain dan top up e-wallet.,1,0,1.40.06,2025-10-19 13:59:50+00:00,"Hi Kak bambank. Mohon maaf atas transfer ke rekening bank dan Top Up e-wallet pending. Terkait kendala tersebut mohon menghubungi kami melalui DM ke Instagram @ShopeePay_ID yang bercentang biru, dengan menginformasikan detail dan bukti kendala untuk bantuan lebih lanjut. Semoga kendala kakak segera terselesaikan ya. ^CS",2025-10-20 11:33:38,1.40.06,Dataset/dataset\SHOPEEPAY_googleplay_OCTOBER_reviews.csv,topup
4d6dae51-782c-4bef-8dd4-ae4347a94cee,Pengguna Google,https://play-lh.googleusercontent.com/EGemoI2NTXmTsBVtJqk8jxF9rh8ApRWfsIMQSt2uE4OcpQqbFu7f7NbTK05lx80nuSijCz7sc3a277R67g,"ini kenapa sih mau beli paket, token listrik, bahkan bayar paylater malah gambar putih mulu. udah on/off data, hapus cache, hapus data, restart hp nggak ngaruh. aplikasinya tetep warna putih ga bisa login. ayolah benerin aplikasinya, ntar saya bisa2 kena jatuh tempo gara2 appnya busuk ga bisa bayar",2,15,1.45.09,2025-12-29 19:21:55+00:00,"Hi Kak Fahira. Mohon maaf atas kendala terkait tidak dapat melakukan transaksi pembayaran dan pembelian. Kami sarankan menutup aplikasi (Force Close) dan cek kembali secara berkala aplikasi ShopeePay ya. Pastikan internet dalam keadaan stabil. Jika ke depannya masih berkendala, mohon hubungi kami di DM Instagram @ShopeePay_ID. Semoga membantu. ^AS",2025-12-30 11:36:03,1.45.09,Dataset/dataset\SHOPEEPAY_googleplay_DECEMBER_reviews.csv,login
bab7935e-afea-406c-a937-aabd920ca9dc,Pengguna Google,https://play-lh.googleusercontent.com/EGemoI2NTXmTsBVtJqk8jxF9rh8ApRWfsIMQSt2uE4OcpQqbFu7f7NbTK05lx80nuSijCz7sc3a277R67g,sangat bgus gratis transfer cepat dan mudah,5,0,1.64.1,2025-11-28 02:01:07+00:00,,,1.64.1,Dataset/dataset\GOPAY_googleplay_NOVEMBER_reviews.csv,transfer
f68a1235-e910-4e1f-9e7b-adbe8f3979bd,Pengguna Google,https://play-lh.googleusercontent.com/EGemoI2NTXmTsBVtJqk8jxF9rh8ApRWfsIMQSt2uE4OcpQqbFu7f7NbTK05lx80nuSijCz7sc3a277R67g,"anehh setiap kali topup berkurang trs 1rb pdhl udh ada admin juga 1rb tp ttp aja dipotong saldo yg di tfr ke shopeepay, gini ya isi saldo shopeepay 10rb admin 1rb jdi 11rb nah yang masuk ke shopeepay itu hanya 9rb. anehh aja bisa d potong lg pdhl udh ada admin!",3,3,1.42.03,2025-11-11 10:19:39+00:00,"Hi Kak Mia, mohon maaf atas kendala biaya admin Top Up ShopeePay. Saat ini terdapat kuota gratis isi saldo ShopeePay dengan minimum isi saldo Rp10.000,- sebanyak 20x dalam satu bulan melalui bank dan 5x melalui minimarket/agent. Untuk bantuan pengecekan, mohon menghubungi kami melalui DM Instagram di @ShopeePay_ID. ^CS",2025-11-11 11:19:58,1.42.03,Dataset/dataset\SHOPEEPAY_googleplay_NOVEMBER_reviews.csv,topup
e8b4105c-d873-4ef2-91b9-d23b4c6d6cea,Pengguna Google,https://play-lh.googleusercontent.com/EGemoI2NTXmTsBVtJqk8jxF9rh8ApRWfsIMQSt2uE4OcpQqbFu7f7NbTK05lx80nuSijCz7sc3a277R67g,"Transfer nya enak di tidak dikenakan biaya admin, cuma kemarin saya topup saldo sebesar 101.500 belum kunjung masuk juga hingga saat ini. Disuruh menunggu terus, padahal saya membutuhkan uang tersebut. Kenapa yaaa kok saldonya belum masuk juga, walaupun hanya uang 100.000 tapi saya membutuhkan uangnya, mohon untuk bantuannya agar saldonya bisa segera masuk ke akun shopee pay saya. Terimakasih",3,10,1.42.03,2025-11-22 12:55:40+00:00,"Hi Kak Rivaldo. Mohon maaf atas kendala Top Up ShopeePay yang belum diterima. Jika hingga saat ini Top Up masih belum diterima mohon menghubungi kami melalui DM ke Instagram @ShopeePay_ID yang bercentang biru, dengan melampirkan bukti bayar Top Up tersebut untuk bantuan lebih lanjut. Semoga kendala kakak segera terselesaikan ya. ^CS",2025-11-24 16:05:28,1.42.03,Dataset/dataset\SHOPEEPAY_googleplay_NOVEMBER_reviews.csv,topup
e09e8dff-3578-401c-8846-90160dbd6d42,Pengguna Google,https://play-lh.googleusercontent.com/EGemoI2NTXmTsBVtJqk8jxF9rh8ApRWfsIMQSt2uE4OcpQqbFu7f7NbTK05lx80nuSijCz7sc3a277R67g,"banyak promo top up nya mantap murah murah. tapi paket data nya mahal mahal. diupdate bukannya tambah bagus malah tambah rusak saya udah nyelesain tugas kasih makan 7 hari terus saya klaim hadiah gopay coinsnya,tapi gk masuk ke akun saya,adahal udah saya claims tapi gk masuk udah itu aja keluhan saya terimakasih semoga dibaca",5,9,1.60.0,2025-10-12 04:31:47+00:00,,,1.60.0,Dataset/dataset\GOPAY_googleplay_OCTOBER_reviews.csv,topup
35665057-fdc8-4e92-b50f-f0b12a0ec033,Pengguna Google,https://play-lh.googleusercontent.com/EGemoI2NTXmTsBVtJqk8jxF9rh8ApRWfsIMQSt2uE4OcpQqbFu7f7NbTK05lx80nuSijCz7sc3a277R67g,gmna ini topup kouta slah nmor dan trkirim ke nmor lain,4,0,1.60.0,2025-10-15 18:06:59+00:00,,,1.60.0,Dataset/dataset\GOPAY_googleplay_OCTOBER_reviews.csv,topup
915d4dcf-6345-458d-9be4-56f2f7b4d71f,Pengguna Google,https://play-lh.googleusercontent.com/EGemoI2NTXmTsBVtJqk8jxF9rh8ApRWfsIMQSt2uE4OcpQqbFu7f7NbTK05lx80nuSijCz7sc3a277R67g,"kok sekarang OVO error yah, tidak bisa di liat saldonya kita berapa cuman layar putih😢bagaimana kita mau ba transfer, tulisannya tidak ada muncul😭",2,0,3.150.0,2025-12-31 14:09:54+00:00,,,3.150.0,Dataset/dataset\OVO_googleplay_DECEMBER_reviews.csv,transfer
9901e4e1-876d-4191-a9af-4ac2c90aad74,Pengguna Google,https://play-lh.googleusercontent.com/EGemoI2NTXmTsBVtJqk8jxF9rh8ApRWfsIMQSt2uE4OcpQqbFu7f7NbTK05lx80nuSijCz7sc3a277R67g,"aplikasi sampah!!! percuma update terus, tp transfer aja masak harus nunggu 2 hari kerja, tp saldonya sudah terpotong. balikin woy duit gua",1,0,3.149.0,2025-12-13 10:27:26+00:00,,,3.149.0,Dataset/dataset\OVO_googleplay_DECEMBER_reviews.csv,transfer
b68014c7-5545-4c18-ba57-67eaa67b5b51,Pengguna Google,https://play-lh.googleusercontent.com/EGemoI2NTXmTsBVtJqk8jxF9rh8ApRWfsIMQSt2uE4OcpQqbFu7f7NbTK05lx80nuSijCz7sc3a277R67g,Isi 20rb masuk duit 19rb langsung di potong 1rb mending alih ke DANA topUp gratis !!!,1,0,1.46.1,2025-11-04 12:12:04+00:00,"Hai Kak Adjuhri, mohon maaf ya. Kami informasikan untuk transaksi top up saldo GoPay dikenakan biaya admin & untuk nominalnya sesuai metode pembayaran yang dipilih. Info selengkapnya silakan kunjungi menu Bantuan di aplikasi GoPay atau email ke customerservice@gopay.co.id. ^Maura",2025-11-04 12:38:06,1.46.1,Dataset/dataset\GOPAY_googleplay_NOVEMBER_reviews.csv,topup
3870b148-e38d-434a-8177-11fc1c3ec2ed,Pengguna Google,https://play-lh.googleusercontent.com/EGemoI2NTXmTsBVtJqk8jxF9rh8ApRWfsIMQSt2uE4OcpQqbFu7f7NbTK05lx80nuSijCz7sc3a277R67g,"Cara efektif buat transfer uang, bayar tagihan listrik,pdam ,wifi , beli pulsa,paket data , komplit pokoknya.",5,8,1.61.2,2025-11-03 08:09:45+00:00,,,1.61.2,Dataset/dataset\GOPAY_googleplay_NOVEMBER_reviews.csv,transfer
10765fec-fbd5-43e3-89e8-24964895c437,Pengguna Google,https://play-lh.googleusercontent.com/EGemoI2NTXmTsBVtJqk8jxF9rh8ApRWfsIMQSt2uE4OcpQqbFu7f7NbTK05lx80nuSijCz7sc3a277R67g,tidak bisa top up saldo grab driver sudah 3hari,1,0,3.146.0,2025-11-08 20:43:29+00:00,,,3.146.0,Dataset/dataset\OVO_googleplay_NOVEMBER_reviews.csv,topup
10467394-d131-4fe5-9f4f-6af3c9a72702,Pengguna Google,https://play-lh.googleusercontent.com/EGemoI2NTXmTsBVtJqk8jxF9rh8ApRWfsIMQSt2uE4OcpQqbFu7f7NbTK05lx80nuSijCz7sc3a277R67g,"baru buat akun melalui mitra bank jago, pas nyoba login ke bank jagonya gak bisa, koneksi terputus terus dan gak nge load sama sekali, anehh padahal mau jadi pelanggan baru tapi udah kecewa sama aplikasinya",1,3,8.74.0,2025-10-09 16:18:28+00:00,"Halo, Jagoan. Mohon maaf atas kendala yang terjadi ya. Kamu tidak perlu khawatir, kamu bisa menjelaskan detail kendala tersebut melalui email di tanya@jago.com atau call center 1500 746 untuk kami bantu tangani lebih lanjut. Terima kasih :)",2025-10-09 19:09:10,8.74.0,Dataset/dataset\JAGO_googleplay_OCTOBER_reviews.csv,login
c6ecaca3-76e1-4e63-a1a2-b7e1e59a98da,Pengguna Google,https://play-lh.googleusercontent.com/EGemoI2NTXmTsBVtJqk8jxF9rh8ApRWfsIMQSt2uE4OcpQqbFu7f7NbTK05lx80nuSijCz7sc3a277R67g,transfer ke ewalet yg lain estimasi 24jam asu,1,0,1.42.03,2025-11-11 23:18:59+00:00,"Hi Kak Ade. Mohon maaf atas kendala transfer saldo ShopeePay ke E-wallet lain yang terlalu lama. Terkait kendala tersebut mohon menghubungi kami melalui DM ke Instagram @ShopeePay_ID yang bercentang biru, dengan melampirkan bukti transfer yang terkendala untuk bantuan lebih lanjut. Semoga kendala kakak segera terselesaikan ya. ^CS",2025-11-12 11:15:13,1.42.03,Dataset/dataset\SHOPEEPAY_googleplay_NOVEMBER_reviews.csv,transfer
9b387d2a-f91e-444c-9927-9ae2fd28a9d4,Pengguna Google,https://play-lh.googleusercontent.com/EGemoI2NTXmTsBVtJqk8jxF9rh8ApRWfsIMQSt2uE4OcpQqbFu7f7NbTK05lx80nuSijCz7sc3a277R67g,"katanya gratis transfer ke semua e walet.. tapi pas kita transfer 100 rb, masuknya 99 rb, transfer 15 rb masuknya 14.. bohong banget anda.. lebih bagus kasih liat aja di situ jumlah pemotongannya..",1,0,1.44.05,2025-12-16 08:23:58+00:00,"Hi Kak lilik. Mohon maaf atas kendala adanya biaya admin saat transfer ke e-wallet. Terkait kendala tersebut mohon menghubungi kami melalui DM ke Instagram @ShopeePay_ID yang bercentang biru, dengan menginformasikan detail dan bukti kendala untuk bantuan lebih lanjut. Semoga kendala kakak segera terselesaikan ya. ^CS",2025-12-16 11:07:20,1.44.05,Dataset/dataset\SHOPEEPAY_googleplay_DECEMBER_reviews.csv,transfer
3a2ace37-1ad7-4f0c-9f85-99d99ee7f5c3,Pengguna Google,https://play-lh.googleusercontent.com/EGemoI2NTXmTsBVtJqk8jxF9rh8ApRWfsIMQSt2uE4OcpQqbFu7f7NbTK05lx80nuSijCz7sc3a277R67g,"knp sekarang kalau top up dana ada biaya admin nya ya, padahal di bank lain nggak loh, kecewa sih",4,0,3.2.0,2025-11-30 09:28:20+00:00,"Halo Sahabat @Wanda Julia Sandra, mohon maaf atas ketidaknyamanannya. Terkait kendala Sahabat mohon untuk dapat mengirimkan email ke mandiricare@bankmandiri.co.id atau menghubungi Mandiri Call 14000 lalu tekan 2 agar dapat dilakukan pengecekan. Tks~Ninis",2025-11-30 09:52:39,3.2.0,Dataset/dataset\LIVIN_googleplay_NOVEMBER_reviews.csv,topup
faac1057-9704-4221-b902-3920490b5dff,Pengguna Google,https://play-lh.googleusercontent.com/EGemoI2NTXmTsBVtJqk8jxF9rh8ApRWfsIMQSt2uE4OcpQqbFu7f7NbTK05lx80nuSijCz7sc3a277R67g,enak sih kalo transfer lebih mudah tetapi tiap kali buka harus upgrade,1,0,3.2.0,2025-12-31 06:24:27+00:00,"Halo Sahabat @Rini Raka, mohon maaf atas ketidaknyamanannya. Terkait kendala Sahabat mohon untuk dapat mengirimkan email ke mandiricare@bankmandiri.co.id atau menghubungi Mandiri Call 14000 lalu tekan 2 agar dapat dilakukan pengecekan. Tks~Danti",2025-12-31 06:27:13,3.2.0,Dataset/dataset\LIVIN_googleplay_DECEMBER_reviews.csv,transfer
54bd5fb4-7715-42ad-b73e-e1a27569d01a,Pengguna Google,https://play-lh.googleusercontent.com/EGemoI2NTXmTsBVtJqk8jxF9rh8ApRWfsIMQSt2uE4OcpQqbFu7f7NbTK05lx80nuSijCz7sc3a277R67g,"apk ovo harus nya d hilang kan admin nya.... mendingan dana enak TF dri bank masuk nya ttp,ini apa an ovo d TF dr bank malah ada potongan admin nya...mau tf dri ovo ada admin nya jga...payah apk ovo",2,0,3.86.0,2025-11-16 18:37:27+00:00,,,3.86.0,Dataset/dataset\OVO_googleplay_NOVEMBER_reviews.csv,transfer
785a3a21-0afa-4e7c-a4ec-3f1d2c8a42f5,Pengguna Google,https://play-lh.googleusercontent.com/EGemoI2NTXmTsBVtJqk8jxF9rh8ApRWfsIMQSt2uE4OcpQqbFu7f7NbTK05lx80nuSijCz7sc3a277R67g,"lama bngtt loading buat lupakan pasword nya dan untuk login nya juga lama loading Mulu ngestuck di situ Mulu kecewa, ada duit saya di situ :v",3,0,8.77.3,2025-11-27 13:59:27+00:00,"Halo, Jagoan. Mohon maaf atas kendala yang terjadi ya. Kamu tidak perlu khawatir, kamu bisa menjelaskan detail kendala tersebut melalui email di tanya@jago.com atau call center 1500 746 untuk kami bantu tangani lebih lanjut. Terima kasih :)",2025-11-27 14:01:17,8.77.3,Dataset/dataset\JAGO_googleplay_NOVEMBER_reviews.csv,login
57c5955f-0bf4-4770-89bb-844eac6aa4e4,Pengguna Google,https://play-lh.googleusercontent.com/EGemoI2NTXmTsBVtJqk8jxF9rh8ApRWfsIMQSt2uE4OcpQqbFu7f7NbTK05lx80nuSijCz7sc3a277R67g,saya sudah top up untuk di akun istri saya untuk keadaan daruratnya namun saldonya tidak muncul. ketika saya buat laporan malah disuruh tunggu 2 hari kedepan padahal istri saya sudah sangat butuh saldo tersebut untuk biaya daruratnya. saya tidak tau lagi harus mengajukan keluhan dimana lagi.,5,1,1.62.0,2025-11-15 21:52:57+00:00,"Hai Kak @Back You, mohon maaf atas ketidaknyamanannya. Jika kamu masih mengalami kendala, silakan laporkan melalui email ke customerservice@gopay.co.id dengan melampirkan kode psr-25-317-1113-55222 pada subject email dan cantumkan nomor laporan kamu sebelumnya pada email yang kamu kirimkan. Kami tunggu detail laporan kamu ya. ^Maura",2025-11-13 18:14:00,1.62.0,Dataset/dataset\GOPAY_googleplay_NOVEMBER_reviews.csv,topup
1725c7f4-64a2-4e23-ae95-30fdfa7f5d21,Pengguna Google,https://play-lh.googleusercontent.com/EGemoI2NTXmTsBVtJqk8jxF9rh8ApRWfsIMQSt2uE4OcpQqbFu7f7NbTK05lx80nuSijCz7sc3a277R67g,"saya transfer, si penerima belum menerima dananya, saldo saya udah kepotong, Uda telfon call center, lama suruh nunggu 5 hari, saya minta refund secepatnya",1,0,3.147.0,2025-11-21 14:40:43+00:00,,,3.147.0,Dataset/dataset\OVO_googleplay_NOVEMBER_reviews.csv,transfer
6ed0c46e-27c7-4376-9e46-a13dc160e05e,Pengguna Google,https://play-lh.googleusercontent.com/EGemoI2NTXmTsBVtJqk8jxF9rh8ApRWfsIMQSt2uE4OcpQqbFu7f7NbTK05lx80nuSijCz7sc3a277R67g,"pantesan reting 3,6 jelek banget ini aplikasi selalu gagal kalau mau transfer. dan biaya nya mahal banget.",1,0,,2025-11-27 21:28:52+00:00,,,,Dataset/dataset\OVO_googleplay_NOVEMBER_reviews.csv,transfer
ce54a8eb-d3d2-4bc6-bb96-9785292f217f,Pengguna Google,https://play-lh.googleusercontent.com/EGemoI2NTXmTsBVtJqk8jxF9rh8ApRWfsIMQSt2uE4OcpQqbFu7f7NbTK05lx80nuSijCz7sc3a277R67g,"Selamat pagi kak, saya top up ke gopay ko lom masuk2 y 298.600,dari hari pemberitahuan berhasil tp ko lom masuk ya kak,,, apa ada gangguan dari gopay nya 🙏 kasih yg terbaik untuk pelanggan gopay pelayanan nya di tambah lagi supaya para pelanggan tidak kecewa admin",5,0,1.61.2,2025-11-01 09:57:51+00:00,,,1.61.2,Dataset/dataset\GOPAY_googleplay_NOVEMBER_reviews.csv,topup
dae42625-7bc9-47f3-bfe4-1442b2f7c684,Pengguna Google,https://play-lh.googleusercontent.com/EGemoI2NTXmTsBVtJqk8jxF9rh8ApRWfsIMQSt2uE4OcpQqbFu7f7NbTK05lx80nuSijCz7sc3a277R67g,sangat membantu sekali buat urusan transfer,4,0,1.62.0,2025-11-15 10:51:50+00:00,,,1.62.0,Dataset/dataset\GOPAY_googleplay_NOVEMBER_reviews.csv,transfer
302cf6f8-b3ff-428c-84ef-50b75aab1038,Pengguna Google,https://play-lh.googleusercontent.com/EGemoI2NTXmTsBVtJqk8jxF9rh8ApRWfsIMQSt2uE4OcpQqbFu7f7NbTK05lx80nuSijCz7sc3a277R67g,udah daftar ini itu malah pas login malah jaringan terputus mulu.. gimna ini,1,0,,2025-10-09 16:43:48+00:00,"Halo, Jagoan! Mohon maaf atas ketidaknyamanan yang Kakak alami. Supaya bisa membantu lebih lanjut, Kakak bisa menginformasikan detail keluhannya melalui email tanya@jago.com ya. Tim terkait kami dengan senang hati akan membantu Kakak menyelesaikan permasalahannya.",2025-10-10 00:02:54,,Dataset/dataset\JAGO_googleplay_OCTOBER_reviews.csv,login
2e82efb1-ff0f-45b2-ae96-df6f56d852f9,Pengguna Google,https://play-lh.googleusercontent.com/EGemoI2NTXmTsBVtJqk8jxF9rh8ApRWfsIMQSt2uE4OcpQqbFu7f7NbTK05lx80nuSijCz7sc3a277R67g,"Update lagi dong apk nya kalo bisa pindah ke hp lain jangan verifikasi wajah, susah mau transaksi di hp lain klo hp 1 nya hilang. padahal udah pakai wajah kita juga tetap aj ga bisa masuk",1,0,,2025-10-16 16:11:37+00:00,"Mohon maaf atas kendalanya, Kak Elsa. Sebelum login, pastikan fitur Face ID/Sidik Jari sudah aktif dan pola atau kata sandi yang dimasukkan sudah benar. Untuk info lebih lanjut, kunjungi halaman bantuan login > klik ikon ""?"" > pilih ""Tidak bisa masuk ke akun GoPay"" > pilih artikel ""Saya tidak bisa masuk dengan Face ID/Sidik Jari"". ^Miko",2025-10-16 19:33:40,,Dataset/dataset\GOPAY_googleplay_OCTOBER_reviews.csv,vermuk
957d02aa-4b6f-4015-8dd0-0c282c52aec3,Pengguna Google,https://play-lh.googleusercontent.com/EGemoI2NTXmTsBVtJqk8jxF9rh8ApRWfsIMQSt2uE4OcpQqbFu7f7NbTK05lx80nuSijCz7sc3a277R67g,ribet banyak masalah kalo mau transaksi qris,1,0,3.146.0,2025-11-01 13:11:17+00:00,,,3.146.0,Dataset/dataset\OVO_googleplay_NOVEMBER_reviews.csv,qris
04e3c00e-8a6c-480f-8c73-a0846c1652d3,Pengguna Google,https://play-lh.googleusercontent.com/EGemoI2NTXmTsBVtJqk8jxF9rh8ApRWfsIMQSt2uE4OcpQqbFu7f7NbTK05lx80nuSijCz7sc3a277R67g,"kebanyakan promonya fiktif, dan syarat ketentuan super ribet, dan paling ngeselin itu aplikasinya yang ribet banget mau cari transaksi atau transfer aja susahnya minta ampun, Ohiya enak cuman di awal² free transfer tapi sisanya nggak, kalau mau cari app bank digital mending yqngvalin aja yang lebih ok.",1,0,,2025-11-25 17:28:32+00:00,"Hai, Kak Asrial. Maaf atas ketidaknyamanannya. Kami akan selalu berusaha memberikan yang terbaik kebutuhan perbankan Kakak. Mohon pastikan perangkat sudah update versi terbaru dan jika ada kendala silakan mengirimkan bukti kendala atau bisa langsung menghubungi X @haloblu atau email haloblu@bcadigital.co.id atau telepon 1500668 (layanan 24 jam).",2025-11-25 17:56:38,,Dataset/dataset\BLU_googleplay_NOVEMBER_reviews.csv,transfer
9a9cb718-2796-43bf-b4a5-986a7bea8346,Pengguna Google,https://play-lh.googleusercontent.com/EGemoI2NTXmTsBVtJqk8jxF9rh8ApRWfsIMQSt2uE4OcpQqbFu7f7NbTK05lx80nuSijCz7sc3a277R67g,parah login nya ovo,5,0,3.148.0,2025-12-08 13:51:17+00:00,,,3.148.0,Dataset/dataset\OVO_googleplay_DECEMBER_reviews.csv,login
38d8da24-a138-4139-a5f5-17a0a28ec0c3,Pengguna Google,https://play-lh.googleusercontent.com/EGemoI2NTXmTsBVtJqk8jxF9rh8ApRWfsIMQSt2uE4OcpQqbFu7f7NbTK05lx80nuSijCz7sc3a277R67g,menjijikan kenapa status menunggunya terlalu lama padahal uangnya kalau memang nggak mau transaksinya masih dibutuhkan makin makin menjijikan dari tadi malam sampai sekarang top up saya belum masuk masuk katanya tunggu 3 hari orang butuhnya sekarang aplikasi anjinggggggggggg nggak usah bikin aplikasi yang merugikan orang babiiiiii,1,1,,2025-10-24 12:05:42+00:00,"Hai Kak Lusi, pastikan nomor tujuan sudah benar, sudah cek halaman Riwayat, dan coba keluar dan masuk kembali ke aplikasi. Jika saldo masih belum masuk, silakan laporkan melalui menu Bantuan > ketik 'Top up GoPay saya belum masuk' > isi formulir dan cantumkan kode psr-25-297-0551-26829 pada bagian 'Ceritakan lebih lanjut'. ^Maura",2025-10-24 12:51:39,,Dataset/dataset\GOPAY_googleplay_OCTOBER_reviews.csv,topup
6368f760-65aa-4691-adb7-e1d1729a9dd2,Pengguna Google,https://play-lh.googleusercontent.com/EGemoI2NTXmTsBVtJqk8jxF9rh8ApRWfsIMQSt2uE4OcpQqbFu7f7NbTK05lx80nuSijCz7sc3a277R67g,"2 bulan lalu nyoba aplikasi ini, top up saldo 150rb ternyata di potong 1000,, langsung deh waktu itu gua hapus,, barusan gua nyoba lagi ternyata masih ke dulu,, suka boong,, top up di potong 1000,, yaudah langsung gua hapus, babaiii,, pindah ke oren ma mbak nana",1,0,,2025-10-30 19:05:17+00:00,"Hai Kak @Penghuni Utara, Kami informasikan untuk transaksi top up saldo GoPay dikenakan biaya admin sesuai metode pembayaran yang dipilih. Info selengkapnya silakan kunjungi menu Bantuan di aplikasi GoPay atau email ke customerservice@gopay.co.id. ^Melisa",2025-10-30 21:08:51,,Dataset/dataset\GOPAY_googleplay_OCTOBER_reviews.csv,topup
59b07cd1-d61d-458d-ac1d-ea87939b8973,Pengguna Google,https://play-lh.googleusercontent.com/EGemoI2NTXmTsBVtJqk8jxF9rh8ApRWfsIMQSt2uE4OcpQqbFu7f7NbTK05lx80nuSijCz7sc3a277R67g,"makin ga jelas, banyak banget bugnya dan yang paling ga jelas pas top up menggunakan virtual account, nomor VA nya ga keluar samsek",4,5,1.61.2,2025-10-29 09:56:44+00:00,,,1.61.2,Dataset/dataset\GOPAY_googleplay_OCTOBER_reviews.csv,topup
e2af711d-9eff-45f9-8e5c-77f53a8ccae9,Pengguna Google,https://play-lh.googleusercontent.com/EGemoI2NTXmTsBVtJqk8jxF9rh8ApRWfsIMQSt2uE4OcpQqbFu7f7NbTK05lx80nuSijCz7sc3a277R67g,"Transfer GA MASUK, HISTORY GA ADA, SALDO KEPOTONG, INI APK PARAH",1,0,3.144.0,2025-11-03 10:06:33+00:00,,,3.144.0,Dataset/dataset\OVO_googleplay_NOVEMBER_reviews.csv,transfer
79fc355f-12e2-4c67-9930-e9284cb0d7cb,Pengguna Google,https://play-lh.googleusercontent.com/EGemoI2NTXmTsBVtJqk8jxF9rh8ApRWfsIMQSt2uE4OcpQqbFu7f7NbTK05lx80nuSijCz7sc3a277R67g,"e wallet tersampah, dah fee gede dikit² ada masalah mulu tiap transfer",1,0,,2025-11-25 14:49:33+00:00,,,,Dataset/dataset\OVO_googleplay_NOVEMBER_reviews.csv,transfer
aab39a27-77e4-4430-88da-fb8e7c336414,Pengguna Google,https://play-lh.googleusercontent.com/EGemoI2NTXmTsBVtJqk8jxF9rh8ApRWfsIMQSt2uE4OcpQqbFu7f7NbTK05lx80nuSijCz7sc3a277R67g,"saya sampai mengemis akibat dr transfer yg terproses tp tak terkirim, padahal uang uang saya,tp memohon seolah saya ini pengemis. berikut isi chat saya kepadan agen,. ya Allah bukan balasan sperti ini yang saya harapkan pak buk, dari kemarin saya menunggu, saya membutuhkan uang itu pak buk, tolong batalakan saja transfer yang terproses tanpa ada kepastian,",1,0,1.59.0,2025-10-02 11:36:20+00:00,"Hai Kak Kiki, mohon maaf atas ketidaknyamanannya. Pastikan nomor tujuan transfer sudah benar dan sudah cek halaman Riwayat. Jika saldo belum juga bertambah, laporkan detailnya melalui email customerservice@gopay.co.id dan cantumkan kode psr-25-275-1457-46885 pada subject email yang kamu kirimkan ya. ^Melisa",2025-10-02 21:57:53,1.59.0,Dataset/dataset\GOPAY_googleplay_OCTOBER_reviews.csv,transfer
ef33f8b0-e628-4c4b-ad3f-70703965dd30,Pengguna Google,https://play-lh.googleusercontent.com/EGemoI2NTXmTsBVtJqk8jxF9rh8ApRWfsIMQSt2uE4OcpQqbFu7f7NbTK05lx80nuSijCz7sc3a277R67g,sangat mudah buwat transaksi/transfer 👍,5,0,1.43.10,2025-11-28 12:22:48+00:00,"Hi Kak nur. Terima kasih untuk review positifnya. Untuk transaksi di ShopeePay aman karena dilengkapi dengan fitur keamanan seperti PIN, kode OTP, sidik jari hingga verifikasi wajah. Jika kakak memiliki pertanyaan atau kendala seputar ShopeePay, mohon DM kami di Instagram @ShopeePay_ID ya. Semoga harimu menyenangkan. ^CS",2025-11-28 13:31:48,1.43.10,Dataset/dataset\SHOPEEPAY_googleplay_NOVEMBER_reviews.csv,transfer
b3b6b7ae-ce00-49d7-8f82-4d8dcb14f819,Pengguna Google,https://play-lh.googleusercontent.com/EGemoI2NTXmTsBVtJqk8jxF9rh8ApRWfsIMQSt2uE4OcpQqbFu7f7NbTK05lx80nuSijCz7sc3a277R67g,"ko saya transfer ke akun dana saya melalui gopay di proses smpai 24jam si, apk apan nih nga becus",1,0,1.61.2,2025-11-01 22:27:59+00:00,"Hai Kak @chim 733, pastikan nomor tujuan benar dan sudah cek halaman Riwayat. Jika setelah 2x24 jam di hari kerja (diluar Sabtu, Minggu, atau Libur) saldo belum bertambah, silakan lapor ke menu Bantuan > ketik 'Transfer saldo ke bank atau e-wallet belum diterima' dan cantumkan kode psr-25-305-1553-19740 pada bagian 'Ceritakan lebih lanjut'. ^Maura",2025-11-01 22:53:25,1.61.2,Dataset/dataset\GOPAY_googleplay_NOVEMBER_reviews.csv,transfer
7aa01605-303f-4930-bf97-d674f80ce052,Pengguna Google,https://play-lh.googleusercontent.com/EGemoI2NTXmTsBVtJqk8jxF9rh8ApRWfsIMQSt2uE4OcpQqbFu7f7NbTK05lx80nuSijCz7sc3a277R67g,"kntol dikit"" KTP dikit"" KTP jadi gimana ini buat yang belum punya KTP ha? ga bisa tf ke dana lagi harus KTP kntol gua belum pnya KTP ajg KNTL",1,0,1.41.06,2025-10-20 19:20:40+00:00,"Hi Kak Ragha. Mohon maaf atas kendala tdk bisa transfer karena belum memiliki KTP. Untuk dpt melakukan transfer membutuhkan verifikasi identitas untuk keamanan data akun & kakak bisa menggunakan dana tersebut untuk transaksi belanja jika tdk memiliki KTP. Untuk bantuan lebih lanjut, mohon menghubungi kami melalui DM ke Instagram @ShopeePay_ID. ^CS",2025-10-21 11:47:40,1.41.06,Dataset/dataset\SHOPEEPAY_googleplay_OCTOBER_reviews.csv,transfer
d9611835-247b-4d44-b415-8988f8631739,Pengguna Google,https://play-lh.googleusercontent.com/EGemoI2NTXmTsBVtJqk8jxF9rh8ApRWfsIMQSt2uE4OcpQqbFu7f7NbTK05lx80nuSijCz7sc3a277R67g,apk ribet mau transfer aja harus upgare upgrade upgrade kocak,1,0,3.150.0,2025-12-24 13:58:47+00:00,,,3.150.0,Dataset/dataset\OVO_googleplay_DECEMBER_reviews.csv,transfer
7b6b515b-9c69-4f2a-b7fb-d47ac82dc14e,Pengguna Google,https://play-lh.googleusercontent.com/EGemoI2NTXmTsBVtJqk8jxF9rh8ApRWfsIMQSt2uE4OcpQqbFu7f7NbTK05lx80nuSijCz7sc3a277R67g,Terlalu sering terjadi kendala Masalah transfer bank atau pembayaran lainnya..laporan ke cs pun percuma..lambat sekali penanganannya.,1,0,3.111.0,2025-11-08 08:14:05+00:00,"Hai Kak, maaf ya. Terkait dengan kendala yang Kakak alami, mohon menghubungi tim kami melalui chat bantuan di aplikasi, melalui email di cs@ovo.id atau call center kami di 1500-696 agar dapat kami bantu pengecekan 🙏. Terima Kasih. -Dimas",2024-09-15 05:21:49,3.111.0,Dataset/dataset\OVO_googleplay_NOVEMBER_reviews.csv,transfer
cbacb3c6-0d9a-465e-b1c1-5d474af46375,Pengguna Google,https://play-lh.googleusercontent.com/EGemoI2NTXmTsBVtJqk8jxF9rh8ApRWfsIMQSt2uE4OcpQqbFu7f7NbTK05lx80nuSijCz7sc3a277R67g,"transfer uang ke e-wallet, keterangan nya gratis tapi tetap terpotong biaya admin setelah masuk ke e-wallet tujuan, kalo memang ada biaya admin ga perlu di sembunyikan",1,2,1.42.03,2025-11-20 22:28:05+00:00,"Hi Kak Robi, Mohon maaf atas kendala adanya biaya admin saat transfer. Promo gratis admin transfer melalui aplikasi ShopeePay dgn kuota promo 120x, promo berlaku kirim uang ke bank min. Rp1,- & kirim ke E-wallet/Virtual account min. Rp10.000,- . Untuk bantuan pengecekan, mohon menghubungi kami melalui DM Instagram di @ShopeePay_ID. ^CS",2025-11-21 11:00:27,1.42.03,Dataset/dataset\SHOPEEPAY_googleplay_NOVEMBER_reviews.csv,transfer
9faaa766-49ed-4d5b-84fc-8c930545fc45,Pengguna Google,https://play-lh.googleusercontent.com/EGemoI2NTXmTsBVtJqk8jxF9rh8ApRWfsIMQSt2uE4OcpQqbFu7f7NbTK05lx80nuSijCz7sc3a277R67g,"mohon maaf, top up pulsa yang tertunda saldo yg hilang nya apakah akan kembali otomatis?",4,0,3.2.0,2025-11-21 07:26:08+00:00,"Halo Sahabat @rama salehudin, mohon maaf atas ketidaknyamannya. Perihal kendala pada layanan Livin' by Mandiri, mohon untuk dapat mengirimkan email ke mandiricare@bankmandiri.co.id atau dapat menghubungi layanan mandiri 14000 agar dapat dilakukan pengecekan. Tks~Vika",2025-11-21 07:30:08,3.2.0,Dataset/dataset\LIVIN_googleplay_NOVEMBER_reviews.csv,topup
a030dc45-d922-41da-9380-b2e48b5807c5,Pengguna Google,https://play-lh.googleusercontent.com/EGemoI2NTXmTsBVtJqk8jxF9rh8ApRWfsIMQSt2uE4OcpQqbFu7f7NbTK05lx80nuSijCz7sc3a277R67g,"Makin Kesini Makin Susah, Pas Lagi Butuh Banget Tiba-tiba Gk bisa kirim Atau Top up.",1,0,3.2.0,2025-12-13 00:08:10+00:00,"Halo Sahabat @KeniZio, mohon maaf atas ketidaknyamanannya. Untuk perihal kendala Livin' by Mandiri yang dialami, mohon untuk dapat mengirimkan email ke mandiricare@bankmandiri.co.id atau dapat menghubungi layanan mandiri 14000 agar dapat dilakukan pengecekan. Tks~Romi",2025-12-13 00:30:17,3.2.0,Dataset/dataset\LIVIN_googleplay_DECEMBER_reviews.csv,topup
4fee6edf-3636-4499-8c21-58fc8069e51c,Pengguna Google,https://play-lh.googleusercontent.com/EGemoI2NTXmTsBVtJqk8jxF9rh8ApRWfsIMQSt2uE4OcpQqbFu7f7NbTK05lx80nuSijCz7sc3a277R67g,buat top up sering gangguan,2,0,3.1.0,2025-11-08 23:25:58+00:00,"Mohon maaf atas ketidaknyamanannya dalam mengakses layanan Livin' by Mandiri, saat ini Bank Mandiri sedang proses akhir hari rutin. Kami sarankan Sahabat dapat mencobanya secara berkala,apabila masih terkendala Sahabat dapat mengirimkan email ke mandiricare@bankmandiri.co.id atau dapat menghubungi layanan mandiri 14000/ Tks~Syarif",2025-11-08 23:41:58,3.1.0,Dataset/dataset\LIVIN_googleplay_NOVEMBER_reviews.csv,topup
