reviewId,userName,userImage,content,score,thumbsUpCount,reviewCreatedVersion,at,replyContent,repliedAt,appVersion,source,keyword
49737537-b424-49c8-b7b7-a6a58b7469c0,Pengguna Google,https://play-lh.googleusercontent.com/EGemoI2NTXmTsBVtJqk8jxF9rh8ApRWfsIMQSt2uE4OcpQqbFu7f7NbTK05lx80nuSijCz7sc3a277R67g,"Tolong Di Perbaiki lagi lah, Setiap Saya Mau Top up E-Wallet selalu bermasalah nomor tidak di temukan. Padahal saya mau top up ke E-Wallet sendiri bermasalah. tolong di perbaiki",2,3,3.2.0,2025-11-27 22:58:05+00:00,"Halo Sahabat @Dika Samosir, mohon maaf atas ketidaknyamannya. Perihal kendala pada layanan Livin' by Mandiri, mohon untuk dapat mengirimkan email ke mandiricare@bankmandiri.co.id atau dapat menghubungi layanan mandiri 14000 agar dapat dilakukan pengecekan. Tks~Ervan",2025-11-27 23:06:48,3.2.0,Dataset/dataset\LIVIN_googleplay_NOVEMBER_reviews.csv,topup
3e78eebe-bc68-490c-8290-5fef53ddcc8b,Pengguna Google,https://play-lh.googleusercontent.com/EGemoI2NTXmTsBVtJqk8jxF9rh8ApRWfsIMQSt2uE4OcpQqbFu7f7NbTK05lx80nuSijCz7sc3a277R67g,"aplikasi nya sangat bagus pendaftaran sangat mudah,jadi memudahkan kita transfer uang ke bank manapun👍👍👍",5,0,1.60.0,2025-10-26 12:31:28+00:00,,,1.60.0,Dataset/dataset\GOPAY_googleplay_OCTOBER_reviews.csv,transfer
aa5a09bd-9078-4ac4-af10-a09c74707327,Pengguna Google,https://play-lh.googleusercontent.com/EGemoI2NTXmTsBVtJqk8jxF9rh8ApRWfsIMQSt2uE4OcpQqbFu7f7NbTK05lx80nuSijCz7sc3a277R67g,"wifi normal, data pun normal, untuk login saja sangat menguji kesabaran extra",1,0,1.59.0,2025-10-08 20:27:21+00:00,"Hai Kak Ririn, untuk login ke aplikasi GoPay, gunakan nomor HP yang terdaftar di akun Gojek-mu. Jika belum punya akun Gojek, kamu bisa daftar langsung di aplikasi GoPay, ya. Jika masih tidak bisa login, laporkan ke kami melalui email ke customerservice@gopay.co.id dan mencantumkan kode psr-25-282-0931-34021 pada subjek email. ^Miko",2025-10-09 16:31:55,1.59.0,Dataset/dataset\GOPAY_googleplay_OCTOBER_reviews.csv,login
9b0936fb-45c5-47b2-aab5-4da28a5ea679,Pengguna Google,https://play-lh.googleusercontent.com/EGemoI2NTXmTsBVtJqk8jxF9rh8ApRWfsIMQSt2uE4OcpQqbFu7f7NbTK05lx80nuSijCz7sc3a277R67g,"keren bgt ini bank, transfer gratis ke semua bank.. terbaik",5,0,,2025-11-08 07:51:30+00:00,,,,Dataset/dataset\JAGO_googleplay_NOVEMBER_reviews.csv,transfer
3b2eb8b0-90f3-4d66-8d57-20afc45c147e,Pengguna Google,https://play-lh.googleusercontent.com/EGemoI2NTXmTsBVtJqk8jxF9rh8ApRWfsIMQSt2uE4OcpQqbFu7f7NbTK05lx80nuSijCz7sc3a277R67g,aplikasinya bagus. cuma sayang untuk top up nya terbatas hanya 40 jt aja. semoga nanti d tambah limitnya,5,6,1.42.03,2025-11-24 18:59:30+00:00,"Hi Kak. Terima kasih telah menggunakan ShopeePay. Mari cek aplikasi ShopeePay karena banyak fitur yang mempermudah keseharian kakak seperti pembelian pulsa, paket data, pembayaran tagihan listrik dan pembayaran lainnya. Jika kakak memiliki pertanyaan seputar ShopeePay, mohon DM kami di Instagram @ShopeePay_ID ya. Semoga harimu menyenangkan ^RJ",2025-11-25 09:41:41,1.42.03,Dataset/dataset\SHOPEEPAY_googleplay_NOVEMBER_reviews.csv,topup
cebbebe0-3cfd-406f-b741-bb4610acf934,Pengguna Google,https://play-lh.googleusercontent.com/EGemoI2NTXmTsBVtJqk8jxF9rh8ApRWfsIMQSt2uE4OcpQqbFu7f7NbTK05lx80nuSijCz7sc3a277R67g,"Terlalu ketat keamanan nya pake biometric sidik jari, pin, harus verifikasi muka tiap mau bayar, kadang malu kalau di tempat umum, berasa lagi verif pinjol",3,2,1.42.03,2025-11-06 19:16:30+00:00,"Hi Kak RR Rizkulloh, mohon maaf atas kendala verifikasi wajah saat melakukan transaksi. Verifikasi wajah merupakan bagian dari sistem keamanan akun dan akan muncul saat pindah device kemudian terdapat aktivitas seperti pembayaran/checkout dll, silakan menghubungi kami melalui DM Instagram di @ShopeePay_ID untuk bantuan lebih lanjut. ^CS",2025-11-07 11:18:22,1.42.03,Dataset/dataset\SHOPEEPAY_googleplay_NOVEMBER_reviews.csv,vermuk
35d29ba9-4c04-41c3-988f-68ac90a07028,Pengguna Google,https://play-lh.googleusercontent.com/EGemoI2NTXmTsBVtJqk8jxF9rh8ApRWfsIMQSt2uE4OcpQqbFu7f7NbTK05lx80nuSijCz7sc3a277R67g,kecewa team shopee ya lambat buat nyelesaikan masalah saya top up gopay saldo gopay tidak masuk di shope ya udah berhasil nomor gopay udah bener bikin laporan di shope malah disuruh nunggu 1x24jam teros gak ada selesai selesai ya,1,2,1.43.10,2025-11-26 12:58:04+00:00,"Hi Kak Fadhil. Mohon maaf atas kendala Top Up ShopeePay dari Gopay yang belum diterima. Jika hingga saat ini Top Up masih belum diterima mohon menghubungi kami melalui DM ke Instagram @ShopeePay_ID yang bercentang biru, dengan melampirkan bukti bayar Top Up tersebut untuk bantuan lebih lanjut. Semoga kendala kakak segera terselesaikan ya. ^CS",2025-11-26 13:29:45,1.43.10,Dataset/dataset\SHOPEEPAY_googleplay_NOVEMBER_reviews.csv,topup
2601c5e6-5d41-4e44-a742-1dcda4f20493,Pengguna Google,https://play-lh.googleusercontent.com/EGemoI2NTXmTsBVtJqk8jxF9rh8ApRWfsIMQSt2uE4OcpQqbFu7f7NbTK05lx80nuSijCz7sc3a277R67g,Ini kekmana sih mbut mau pake qris aja harus ada aplikasi lagi apa apaan apk kek gni jadi mles pake ovo padahal buat jualan akun,1,0,3.145.0,2025-10-22 08:53:35+00:00,,,3.145.0,Dataset/dataset\OVO_googleplay_OCTOBER_reviews.csv,qris
190e9635-7158-4c26-abf8-c9434f22bb9c,Pengguna Google,https://play-lh.googleusercontent.com/EGemoI2NTXmTsBVtJqk8jxF9rh8ApRWfsIMQSt2uE4OcpQqbFu7f7NbTK05lx80nuSijCz7sc3a277R67g,vermuk muka gagal terus!!!!!,1,0,,2025-11-29 00:16:49+00:00,"Hai Sahabat @Thomas W Christiyanto, mohon maaf atas ketidaknyamanannya. Untuk kendala yg dialami kami persilakan force close aplikasi terlebih dahulu jaringan yg digunakan stabil dan mencoba kembali secara berkala ya. Tks~Charles",2025-11-29 02:15:26,,Dataset/dataset\LIVIN_googleplay_NOVEMBER_reviews.csv,vermuk
0ccea3ef-41c5-4c9d-9756-dd5f21e7a5a6,Pengguna Google,https://play-lh.googleusercontent.com/EGemoI2NTXmTsBVtJqk8jxF9rh8ApRWfsIMQSt2uE4OcpQqbFu7f7NbTK05lx80nuSijCz7sc3a277R67g,kak kok topup gue belum2 masuk2 kak padahal udah sukses kak,5,0,3.144.0,2025-10-09 10:43:23+00:00,,,3.144.0,Dataset/dataset\OVO_googleplay_OCTOBER_reviews.csv,topup
80a78450-11ad-4eb3-a83d-7c1f02b06e53,Pengguna Google,https://play-lh.googleusercontent.com/EGemoI2NTXmTsBVtJqk8jxF9rh8ApRWfsIMQSt2uE4OcpQqbFu7f7NbTK05lx80nuSijCz7sc3a277R67g,"terkendala susah login cuman muter muter doang, mau melakukan pembayaran dan tarik tunai tanpa kartu jadi susah karna aplikasi gk bisa dibuka, kejadian nya udah cukup sering juga, mohon untuk segera diperbaiki.",1,11,3.2.0,2025-11-24 12:46:11+00:00,"Halo Sahabat @Muhammad Ridwan Rohmatulloh, mohon maaf atas ketidaknyamanannya. Terkait kendala Sahabat mohon untuk dapat mengirimkan email ke mandiricare@bankmandiri.co.id atau dapat menghubungi mandiri call 14000 agar dapat dilakukan pengecekan. Tks~Momo",2025-11-24 12:50:11,3.2.0,Dataset/dataset\LIVIN_googleplay_NOVEMBER_reviews.csv,login
d4c7d90c-ecad-4948-8858-b26267b98c86,Pengguna Google,https://play-lh.googleusercontent.com/EGemoI2NTXmTsBVtJqk8jxF9rh8ApRWfsIMQSt2uE4OcpQqbFu7f7NbTK05lx80nuSijCz7sc3a277R67g,gak bisa bayar top up game,1,0,1.62.0,2025-11-08 17:23:22+00:00,"Mohon maaf, Kak Mario. Agar bisa menggunakan GoPay, pastikan saldo cukup, masukkan PIN GoPay yang benar, dan gunakan aplikasi terbaru. Jika masih bermasalah, laporkan melalui menu Bantuan > ketik ""Saya tidak dapat menggunakan GoPay"" > isi formulir dan cantumkan kode psr-25-311-1611-58785 di bagian ""Ceritakan lebih lanjut"". ^Miko",2025-11-08 17:56:17,1.62.0,Dataset/dataset\GOPAY_googleplay_NOVEMBER_reviews.csv,topup
74c34a5d-3187-4c25-a0b7-0e70f66a9825,Pengguna Google,https://play-lh.googleusercontent.com/EGemoI2NTXmTsBVtJqk8jxF9rh8ApRWfsIMQSt2uE4OcpQqbFu7f7NbTK05lx80nuSijCz7sc3a277R67g,PARAH gw trnsferke rekening nominal kecil bisa. giliran gw transfer nominal lumayan besar .. ga di proses .. nunggu seharian .. smpe skrg uang gw 3.6 kga tu kejelsnnya. udh hubungi cs tp respongg ngsi jwaban apa,5,0,3.149.0,2025-12-12 08:21:09+00:00,,,3.149.0,Dataset/dataset\OVO_googleplay_DECEMBER_reviews.csv,transfer
293e0a8a-1695-44fd-82ff-ef249204e545,Pengguna Google,https://play-lh.googleusercontent.com/EGemoI2NTXmTsBVtJqk8jxF9rh8ApRWfsIMQSt2uE4OcpQqbFu7f7NbTK05lx80nuSijCz7sc3a277R67g,aku mau top up pake Indosat bisa GK?,4,0,1.62.0,2025-11-08 11:26:17+00:00,,,1.62.0,Dataset/dataset\GOPAY_googleplay_NOVEMBER_reviews.csv,topup
9e9822c8-de74-4b4c-9e63-89ec3755cb7b,Pengguna Google,https://play-lh.googleusercontent.com/EGemoI2NTXmTsBVtJqk8jxF9rh8ApRWfsIMQSt2uE4OcpQqbFu7f7NbTK05lx80nuSijCz7sc3a277R67g,"top up menggunakan Bank pakai biaya admin dan transfer pakai biaya admin, termasuk mahal daripada e wallet yang lain dalam penggunaan",1,0,3.148.0,2025-11-25 03:51:08+00:00,,,3.148.0,Dataset/dataset\OVO_googleplay_NOVEMBER_reviews.csv,topup
4ea9f6eb-19d5-400e-b1e2-6f8fb4e59ed7,Pengguna Google,https://play-lh.googleusercontent.com/EGemoI2NTXmTsBVtJqk8jxF9rh8ApRWfsIMQSt2uE4OcpQqbFu7f7NbTK05lx80nuSijCz7sc3a277R67g,mantep buat bayar dan tf pulsanya juga murah,5,0,1.60.0,2025-10-16 14:45:38+00:00,,,1.60.0,Dataset/dataset\GOPAY_googleplay_OCTOBER_reviews.csv,transfer
7b0c5baf-22c7-43fa-a67b-35390394eeed,Pengguna Google,https://play-lh.googleusercontent.com/EGemoI2NTXmTsBVtJqk8jxF9rh8ApRWfsIMQSt2uE4OcpQqbFu7f7NbTK05lx80nuSijCz7sc3a277R67g,"baru-baru ini sering ada peringatan malware alias stop g bisa lanjut buka aplikasi living (HP hrs direstart). sangat ribet saat mau digunakan, utamanya bayar non tunai atau transfer",4,0,3.2.0,2025-12-14 20:29:39+00:00,"Hi Sahabat @Rus Yanto, mohon maaf atas ketidaknyamanannya. Untuk perihal kendala yang dialami, mohon untuk dapat mengirimkan email ke mandiricare@bankmandiri.co.id atau dapat menghubungi layanan mandiri 14000 agar dapat dilakukan pengecekan. Tks~Fatma",2025-12-14 20:33:26,3.2.0,Dataset/dataset\LIVIN_googleplay_DECEMBER_reviews.csv,transfer
ef131e56-abd5-4d53-9cea-1562c088c128,Pengguna Google,https://play-lh.googleusercontent.com/EGemoI2NTXmTsBVtJqk8jxF9rh8ApRWfsIMQSt2uE4OcpQqbFu7f7NbTK05lx80nuSijCz7sc3a277R67g,sangaaaaaaaaaat buruk bukan karena cepat pengiriman namun pada saat dapat transfer dari e walet lain atau menerima dana dari manapun dipotong 1000 sampai 2500 kemudian pada saat transfer ke luar potongannya 2500 haaaaaaaiiii jurig banget iniiiii..,1,7,3.148.0,2025-11-29 16:15:49+00:00,,,3.148.0,Dataset/dataset\OVO_googleplay_NOVEMBER_reviews.csv,transfer
18c2e9a1-fc8f-4b47-8db2-a80f571bd7ac,Pengguna Google,https://play-lh.googleusercontent.com/EGemoI2NTXmTsBVtJqk8jxF9rh8ApRWfsIMQSt2uE4OcpQqbFu7f7NbTK05lx80nuSijCz7sc3a277R67g,min.. minta tolong saya penarikan 2.000.000 saya sdh tf ke ovo dr jam 5 sore dan sekarang jam 5 pagi blm masuk ke ovo.. minta secepatnya di kembalikan... soalnya urgent mau saya gunakan uangnya Terima kasih..,1,0,3.150.0,2025-12-30 05:12:24+00:00,,,3.150.0,Dataset/dataset\OVO_googleplay_DECEMBER_reviews.csv,transfer
2912451a-a734-4dd5-a86a-74941beb5b64,Pengguna Google,https://play-lh.googleusercontent.com/EGemoI2NTXmTsBVtJqk8jxF9rh8ApRWfsIMQSt2uE4OcpQqbFu7f7NbTK05lx80nuSijCz7sc3a277R67g,semakin kesini semakin nggak jelas aplikasi ini tidak bisa penanganan cepat.. uang tf 3jt lnyap begitu saja tlvon cs malah kebnyakan drma ini itu... saya saranin mnding pke ewallet yang lain dah disini semakin ancur sering eror pula,1,0,3.150.0,2025-12-25 12:58:00+00:00,,,3.150.0,Dataset/dataset\OVO_googleplay_DECEMBER_reviews.csv,transfer
c5977141-7862-4f3c-8332-05abb2c19841,Pengguna Google,https://play-lh.googleusercontent.com/EGemoI2NTXmTsBVtJqk8jxF9rh8ApRWfsIMQSt2uE4OcpQqbFu7f7NbTK05lx80nuSijCz7sc3a277R67g,"top up ga masuk masuk padahal udah sukses,saldo ga bertambah l! parah !",1,0,3.144.0,2025-10-08 08:57:22+00:00,,,3.144.0,Dataset/dataset\OVO_googleplay_OCTOBER_reviews.csv,topup
90335e06-f18a-44a3-be40-43a75db1d8c0,Pengguna Google,https://play-lh.googleusercontent.com/EGemoI2NTXmTsBVtJqk8jxF9rh8ApRWfsIMQSt2uE4OcpQqbFu7f7NbTK05lx80nuSijCz7sc3a277R67g,aplikasi gak guna baru juga top up mau bayar pake qris gak bisa lol pembayaran gagal Mulu huss,1,0,3.148.0,2025-12-06 22:15:15+00:00,,,3.148.0,Dataset/dataset\OVO_googleplay_DECEMBER_reviews.csv,qris
b24aa452-58c3-4cb3-aa9b-a261e574b07d,Pengguna Google,https://play-lh.googleusercontent.com/EGemoI2NTXmTsBVtJqk8jxF9rh8ApRWfsIMQSt2uE4OcpQqbFu7f7NbTK05lx80nuSijCz7sc3a277R67g,kok bwat scan bayar pke qris sering gagal tolong diperbaikin👌aplikasi nya bagus mempermudah,5,0,3.1.0,2025-11-07 12:31:47+00:00,"Halo Sahabat @Angga Candra, mohon maaf atas ketidaknyamannya. Perihal kendala pada layanan Livin' by Mandiri, mohon untuk dapat mengirimkan email ke mandiricare@bankmandiri.co.id atau dapat menghubungi layanan mandiri 14000 agar dapat dilakukan pengecekan. Tks~Cira
",2025-11-07 12:38:38,3.1.0,Dataset/dataset\LIVIN_googleplay_NOVEMBER_reviews.csv,qris
b872aed2-1357-4e17-9be5-4308d87b9c68,Pengguna Google,https://play-lh.googleusercontent.com/EGemoI2NTXmTsBVtJqk8jxF9rh8ApRWfsIMQSt2uE4OcpQqbFu7f7NbTK05lx80nuSijCz7sc3a277R67g,"kecewa sekali proses transaksi top up sangat lama, saya sudah menunggu sejam setengah bahkan lebih tetapi hasilnya masih saja transaksi di proses, padahal saya melakukan transaksinya pada pukul 20:11 tetapi saat ini pukul 21.57 belum juga di proses",3,8,1.64.0,2025-11-18 21:57:58+00:00,"Hai Kak Andika, pastikan nomor tujuan sudah benar, sudah cek halaman Riwayat, dan coba keluar dan masuk kembali ke aplikasi. Jika saldo masih belum masuk, silakan laporkan melalui menu Bantuan > ketik 'Top up GoPay saya belum masuk' > isi formulir dan cantumkan kode psr-25-322-1614-52724 pada bagian 'Ceritakan lebih lanjut'. ^Melisa",2025-11-18 23:15:06,1.64.0,Dataset/dataset\GOPAY_googleplay_NOVEMBER_reviews.csv,topup
656ef923-b55a-4c88-9795-a56cf37b4347,Pengguna Google,https://play-lh.googleusercontent.com/EGemoI2NTXmTsBVtJqk8jxF9rh8ApRWfsIMQSt2uE4OcpQqbFu7f7NbTK05lx80nuSijCz7sc3a277R67g,"aplikasi btidal bekerja dengan baik, respon lambat dan sering gagal saat akan bertransaksi/transfer.",1,0,1.45.09,2025-12-25 18:49:22+00:00,"Hi Kak wifqy, Mohon maaf atas kendala gagal transfer/transaksi. Pastikan telah menggunakan aplikasi ShopeePay terbaru & lakukan clear cache. Apabila masih berkendala mohon menghubungi kami melalui DM Instagram di @ShopeePay_ID untuk bantuan lebih lanjut dgn melampirkan foto/screenshot notifikasi kendala. Semoga kendala segera terselesaikan ^CS",2025-12-26 11:43:26,1.45.09,Dataset/dataset\SHOPEEPAY_googleplay_DECEMBER_reviews.csv,transfer
3dd80b04-83f4-46ae-9f2b-4287ff4d16b4,Pengguna Google,https://play-lh.googleusercontent.com/EGemoI2NTXmTsBVtJqk8jxF9rh8ApRWfsIMQSt2uE4OcpQqbFu7f7NbTK05lx80nuSijCz7sc3a277R67g,"ga ada event"" seru ga kaya gopay ada event top up dll",1,0,3.148.0,2025-12-11 20:38:28+00:00,,,3.148.0,Dataset/dataset\OVO_googleplay_DECEMBER_reviews.csv,topup
e6baa1b0-3584-4f11-a860-e1a545f8f1f6,Pengguna Google,https://play-lh.googleusercontent.com/EGemoI2NTXmTsBVtJqk8jxF9rh8ApRWfsIMQSt2uE4OcpQqbFu7f7NbTK05lx80nuSijCz7sc3a277R67g,aku mau login dgn no hp kok susah? pdhl jaringanku bagud,1,0,,2025-11-06 14:03:31+00:00,"Hi Kak Nur Hayanti123. Mohon maaf mengenai kendala tidak bisa login. Kami sarankan untuk melakukan clear cache dgn cara masuk ke Pengaturan>Aplikasi>ShopeePay>Penyimpanan>Hapus cache dan Pastikan internet Kakak dalam keadaan stabil, Untuk bantuan pengecekan, mohon menghubungi kami melalui DM Instagram @ShopeePay_ID. Kami siap membantu kakak. ^CS",2025-11-06 15:47:57,,Dataset/dataset\SHOPEEPAY_googleplay_NOVEMBER_reviews.csv,login
9b9d66cc-d70a-45a2-8f96-6cf6aa5f1c02,Pengguna Google,https://play-lh.googleusercontent.com/EGemoI2NTXmTsBVtJqk8jxF9rh8ApRWfsIMQSt2uE4OcpQqbFu7f7NbTK05lx80nuSijCz7sc3a277R67g,knp sih kok gak bisa pake qris dari tadi,2,0,1.25.08,2025-12-15 08:07:55+00:00,"Hi Kak Berlian, Mohon maaf atas kendala tidak bisa menggunakan QRIS. Pastikan telah menggunakan aplikasi ShopeePay terbaru & lakukan clear cache. Apabila masih berkendala mohon menghubungi kami melalui DM Instagram di @ShopeePay_ID untuk bantuan lebih lanjut dgn melampirkan foto/screenshot notifikasi kendala. Semoga kendala segera terselesaikan ^CS",2025-12-15 12:38:06,1.25.08,Dataset/dataset\SHOPEEPAY_googleplay_DECEMBER_reviews.csv,qris
c1075e1b-b3fd-4c25-aea4-841d3c55660c,Pengguna Google,https://play-lh.googleusercontent.com/EGemoI2NTXmTsBVtJqk8jxF9rh8ApRWfsIMQSt2uE4OcpQqbFu7f7NbTK05lx80nuSijCz7sc3a277R67g,bagus bisa transfer kemana aja,5,0,1.60.0,2025-10-19 17:48:15+00:00,,,1.60.0,Dataset/dataset\GOPAY_googleplay_OCTOBER_reviews.csv,transfer
11a2d202-f591-4bad-91d9-255d92212101,Pengguna Google,https://play-lh.googleusercontent.com/EGemoI2NTXmTsBVtJqk8jxF9rh8ApRWfsIMQSt2uE4OcpQqbFu7f7NbTK05lx80nuSijCz7sc3a277R67g,kenapa gagal saya melakukan transaksi qris,5,0,1.42.03,2025-11-25 22:50:53+00:00,"Hi Kak. Terima kasih telah menggunakan ShopeePay. Mari cek aplikasi ShopeePay karena banyak fitur yang mempermudah keseharian kakak seperti pembelian pulsa, paket data, pembayaran tagihan listrik dan pembayaran lainnya. Jika kakak memiliki pertanyaan seputar ShopeePay, mohon DM kami di Instagram @ShopeePay_ID ya. Semoga harimu menyenangkan ^RJ",2025-11-26 09:42:02,1.42.03,Dataset/dataset\SHOPEEPAY_googleplay_NOVEMBER_reviews.csv,qris
5934436d-c737-4811-b461-c9338941bb76,Pengguna Google,https://play-lh.googleusercontent.com/EGemoI2NTXmTsBVtJqk8jxF9rh8ApRWfsIMQSt2uE4OcpQqbFu7f7NbTK05lx80nuSijCz7sc3a277R67g,aplikasi nya bagus buat top up banyak promo nya terimakasih GOPAY❤️❤️,5,0,1.59.0,2025-10-03 19:41:50+00:00,,,1.59.0,Dataset/dataset\GOPAY_googleplay_OCTOBER_reviews.csv,topup
a7b170c1-99c0-4fb1-bacd-384be26553e9,Pengguna Google,https://play-lh.googleusercontent.com/EGemoI2NTXmTsBVtJqk8jxF9rh8ApRWfsIMQSt2uE4OcpQqbFu7f7NbTK05lx80nuSijCz7sc3a277R67g,"mau login gk bisa"" pdhal lg urgent gmn sii ini",1,0,,2025-11-17 11:34:37+00:00,Hai Kak Amalia. Mohon maaf atas ketidaknyamanan dan kendala yang Kakak alami. Sebelumnya sempat terjadi kendala namun saat ini sudah berjalan normal. Silakan Kakak dapat mencoba kembali ya.,2025-11-17 13:22:32,,Dataset/dataset\BLU_googleplay_NOVEMBER_reviews.csv,login
b68cf552-2cde-43df-a95f-c996328793ab,Pengguna Google,https://play-lh.googleusercontent.com/EGemoI2NTXmTsBVtJqk8jxF9rh8ApRWfsIMQSt2uE4OcpQqbFu7f7NbTK05lx80nuSijCz7sc3a277R67g,"saya kasih bintang tiga karena saya terpikat iklan gopay yang bilang bahwa top up wdp mobile legend di gopay akan mendapatkan cashback 100%, tapi nyatanya saya tidak mendapatkan cashback tersebut, padahal saya sudah mengikuti s&k dan saya merasa tertipu",3,0,1.62.0,2025-11-07 18:50:20+00:00,"Hai, Kak Eris. Sebelum membayar di Mitra Usaha, pastikan kode promo/voucher telah diaktifkan agar kamu bisa mendapatkan cashback. Jika cashback masih belum diterima, laporkan melalui halaman Bantuan > cari artikel ""Belum terima cashback setelah bertransaksi"" di kolom pencarian > isi form yang ada di artikel. Kami siap membantu kamu. ^Miko",2025-11-07 19:28:45,1.62.0,Dataset/dataset\GOPAY_googleplay_NOVEMBER_reviews.csv,topup
b602b097-692c-4eaa-b160-c773ec9405fa,Pengguna Google,https://play-lh.googleusercontent.com/EGemoI2NTXmTsBVtJqk8jxF9rh8ApRWfsIMQSt2uE4OcpQqbFu7f7NbTK05lx80nuSijCz7sc3a277R67g,"ini gimana sih.. saya daftar ke akun bank jago malah ditolak alasan nya karena nik sudah terdaftar di akun jago lain.. terus login ke gopay daftar lagi gak bisa.. alasan sam saja seperti itu, masuk ke aplikasi bank jago lewat gopay gak bisa aduhhh dipersulit",1,3,8.78.0,2025-12-05 08:13:13+00:00,"Halo, Jagoan! Mohon maaf atas ketidaknyamanannya ya. Untuk kendala yang kamu alami, bisakah diinformasikan secara detail ke Tanya Jago di nomor 1500746 /+62 21 3000 0746 atau email ke tanya@jago.com? Kami dengan senang hati akan membantu kamu. :)",2025-12-05 08:34:24,8.78.0,Dataset/dataset\JAGO_googleplay_DECEMBER_reviews.csv,login
78b40360-128e-4149-91e6-69b0f046429d,Pengguna Google,https://play-lh.googleusercontent.com/EGemoI2NTXmTsBVtJqk8jxF9rh8ApRWfsIMQSt2uE4OcpQqbFu7f7NbTK05lx80nuSijCz7sc3a277R67g,sangat membantu dalam hal transfer dan belanja,5,0,1.58.0,2025-11-05 19:44:27+00:00,,,1.58.0,Dataset/dataset\GOPAY_googleplay_NOVEMBER_reviews.csv,transfer
7df9ed4d-a881-4b0d-aea2-fb8aafff548a,Pengguna Google,https://play-lh.googleusercontent.com/EGemoI2NTXmTsBVtJqk8jxF9rh8ApRWfsIMQSt2uE4OcpQqbFu7f7NbTK05lx80nuSijCz7sc3a277R67g,Alhamdulillah transfer lancar,5,0,1.42.03,2025-11-03 19:33:40+00:00,"Hi Kak. Terima kasih telah menggunakan ShopeePay. Mari cek aplikasi ShopeePay karena banyak fitur yang mempermudah keseharian kakak seperti pembelian pulsa, paket data, pembayaran tagihan listrik dan pembayaran lainnya. Jika kakak memiliki pertanyaan seputar ShopeePay, mohon DM kami di Instagram @ShopeePay_ID ya. Semoga harimu menyenangkan ^RJ",2025-11-04 09:47:38,1.42.03,Dataset/dataset\SHOPEEPAY_googleplay_NOVEMBER_reviews.csv,transfer
b0ff3bde-78e5-4cca-bfc9-8420917f1064,Pengguna Google,https://play-lh.googleusercontent.com/EGemoI2NTXmTsBVtJqk8jxF9rh8ApRWfsIMQSt2uE4OcpQqbFu7f7NbTK05lx80nuSijCz7sc3a277R67g,kenapa buat tf gk bisa ini,1,0,1.44.05,2025-12-12 15:29:40+00:00,"Hi Kak Diyanto, Mohon maaf atas kendala tidak bisa transfer. Pastikan telah menggunakan aplikasi ShopeePay terbaru & lakukan clear cache. Apabila masih berkendala mohon menghubungi kami melalui DM Instagram di @ShopeePay_ID untuk bantuan lebih lanjut dgn melampirkan foto/screenshot notifikasi kendala. Semoga kendala segera terselesaikan ^CS",2025-12-12 17:26:15,1.44.05,Dataset/dataset\SHOPEEPAY_googleplay_DECEMBER_reviews.csv,transfer
b5546424-791b-4721-b764-fba4fee11c65,Pengguna Google,https://play-lh.googleusercontent.com/EGemoI2NTXmTsBVtJqk8jxF9rh8ApRWfsIMQSt2uE4OcpQqbFu7f7NbTK05lx80nuSijCz7sc3a277R67g,"MOHON SEGERA PERBAIKI STATUS NORMAL AKUN SAYA, CUMA GARA GARA LOGIN DI HANDPHONE BARU, JADI TIDAK BISA MEMBAYAR SEMUA TAGIHAN 😮‍💨😮‍💨😮‍💨",5,0,,2025-11-27 11:16:25+00:00,"Hi Kak Cahaya. Mohon maaf atas kendala tidak bisa melakukan pembayaran tagihan. Terkait kendala tersebut mohon menghubungi kami melalui DM ke Instagram @ShopeePay_ID yang bercentang biru, dengan menginformasikan detail dan bukti kendala untuk bantuan lebih lanjut. Semoga kendala kakak segera terselesaikan ya. ^CS",2025-11-27 13:17:02,,Dataset/dataset\SHOPEEPAY_googleplay_NOVEMBER_reviews.csv,login
39b15ada-7782-4f7a-9464-7ee4e116bbae,Pengguna Google,https://play-lh.googleusercontent.com/EGemoI2NTXmTsBVtJqk8jxF9rh8ApRWfsIMQSt2uE4OcpQqbFu7f7NbTK05lx80nuSijCz7sc3a277R67g,Halo gopay tambahin lagi dong kuota gratis topup salod via Alfamart dan Indomaret sebanyak 5 X sebulan dengan minimal Rp50.000 nya.,5,0,,2025-10-09 13:05:59+00:00,,,,Dataset/dataset\GOPAY_googleplay_OCTOBER_reviews.csv,topup
a2fc11bc-7ab7-4f12-b5d5-c4ae2a66c909,Pengguna Google,https://play-lh.googleusercontent.com/EGemoI2NTXmTsBVtJqk8jxF9rh8ApRWfsIMQSt2uE4OcpQqbFu7f7NbTK05lx80nuSijCz7sc3a277R67g,"ini rating tiba tiba naik drastis, bayar orang ya? problem transfer masih belum selesai dari kemaren, bukannya fix problem malah bayar orang buat bom rating 5",1,4,1.60.0,2025-10-11 22:46:07+00:00,"Hai Kak Ryan, mohon maaf atas ketidaknyamanannya. Jika masih mengalami keluhan, silakan laporkan melalui email ke customerservice@gopay.co.id dengan melampirkan kode psr-25-284-1618-36687 pada subject email dan cantumkan nomor laporan sebelumnya serta ceritakan kembali detail permasalahannya. Kami tunggu detail laporan kamu ya. ^Miko",2025-10-11 23:20:17,1.60.0,Dataset/dataset\GOPAY_googleplay_OCTOBER_reviews.csv,transfer
4caec183-e873-4b2c-bb6b-2b84ea077f25,Pengguna Google,https://play-lh.googleusercontent.com/EGemoI2NTXmTsBVtJqk8jxF9rh8ApRWfsIMQSt2uE4OcpQqbFu7f7NbTK05lx80nuSijCz7sc3a277R67g,"terlalu banyak gangguan pdhl lagi di butuhin, mau tf atau qris ganguan udh nyoba di beberapa tempat tetep sama aja hedeh",1,0,3.146.0,2025-11-09 01:16:48+00:00,,,3.146.0,Dataset/dataset\OVO_googleplay_NOVEMBER_reviews.csv,qris
f6224082-83ed-4af4-b7e0-550c6ff64b30,Pengguna Google,https://play-lh.googleusercontent.com/EGemoI2NTXmTsBVtJqk8jxF9rh8ApRWfsIMQSt2uE4OcpQqbFu7f7NbTK05lx80nuSijCz7sc3a277R67g,"aplikasi tolol .. top up sukses tapi saldo tidak masuk .. udah saldo hilang gak kembali,mau nutup akun pun di persulit .. CS nya pun slow respon .",1,0,,2025-10-07 19:00:57+00:00,,,,Dataset/dataset\OVO_googleplay_OCTOBER_reviews.csv,topup
665436cc-c2f3-4847-9f8f-ee64ec2dfe36,Pengguna Google,https://play-lh.googleusercontent.com/EGemoI2NTXmTsBVtJqk8jxF9rh8ApRWfsIMQSt2uE4OcpQqbFu7f7NbTK05lx80nuSijCz7sc3a277R67g,ketika saya logout terus saya mau transfer fer saya harus upgrade ke gopay plus padahal sebelumnya saya sudah login mohon di perbaiki lagi ya gopay tadi nya bintang 1 gapapa deh jadi lima,5,0,,2025-10-30 17:12:41+00:00,,,,Dataset/dataset\GOPAY_googleplay_OCTOBER_reviews.csv,login
1ece272b-89bb-4585-a18f-9dd75020144c,Pengguna Google,https://play-lh.googleusercontent.com/EGemoI2NTXmTsBVtJqk8jxF9rh8ApRWfsIMQSt2uE4OcpQqbFu7f7NbTK05lx80nuSijCz7sc3a277R67g,kenapa saya tidak bsa login ke akun saya min?,2,0,3.144.0,2025-10-06 23:42:11+00:00,,,3.144.0,Dataset/dataset\OVO_googleplay_OCTOBER_reviews.csv,login
03593512-6e69-4a3c-9a7b-2694aaffc099,Pengguna Google,https://play-lh.googleusercontent.com/EGemoI2NTXmTsBVtJqk8jxF9rh8ApRWfsIMQSt2uE4OcpQqbFu7f7NbTK05lx80nuSijCz7sc3a277R67g,admin transfer mahal bangat pertama hanya 2500 transfer ke bank apapun sekarang sudah 6500 parahh,1,0,3.2.0,2025-11-19 18:19:13+00:00,"Hai Sahabat @Endi Senen, mohon maaf atas ketidaknyamanannya. Perihal kendala yang dialami agar dpt kami tindaklanjuti, mhn kesediaan Sahabat utk mengirimkan email ke mandiricare@bankmandiri.co.id dengan subject : Review - Nama lengkap Sahabat atau menghubungi layanan mandiri call 14000 ya. Tks~Tommy",2025-11-19 18:24:56,3.2.0,Dataset/dataset\LIVIN_googleplay_NOVEMBER_reviews.csv,transfer
669381ce-7d1b-4de4-856f-572a41f69a4d,Pengguna Google,https://play-lh.googleusercontent.com/EGemoI2NTXmTsBVtJqk8jxF9rh8ApRWfsIMQSt2uE4OcpQqbFu7f7NbTK05lx80nuSijCz7sc3a277R67g,top up roblox gada yah,4,0,,2025-10-13 13:12:26+00:00,,,,Dataset/dataset\GOPAY_googleplay_OCTOBER_reviews.csv,topup
fb546c2a-2dd2-482b-8268-7ef6ac2f43f2,Pengguna Google,https://play-lh.googleusercontent.com/EGemoI2NTXmTsBVtJqk8jxF9rh8ApRWfsIMQSt2uE4OcpQqbFu7f7NbTK05lx80nuSijCz7sc3a277R67g,Gagal login terus Hadeuh.......,2,0,3.2.0,2025-11-20 06:29:34+00:00,"Halo Sahabat @ronal hermansyah, mohon maaf atas ketidaknyamanannya. Terkait kendala Sahabat mohon untuk dapat mengirimkan email ke mandiricare@bankmandiri.co.id atau dapat menghubungi mandiri call 14000 agar dapat dilakukan pengecekan. Tks~Momo",2025-11-20 06:30:51,3.2.0,Dataset/dataset\LIVIN_googleplay_NOVEMBER_reviews.csv,login
a1a7d434-a0b1-4e51-9434-8f0f5f860dd6,Pengguna Google,https://play-lh.googleusercontent.com/EGemoI2NTXmTsBVtJqk8jxF9rh8ApRWfsIMQSt2uE4OcpQqbFu7f7NbTK05lx80nuSijCz7sc3a277R67g,saya transfer dari gopay ke linkaja.. keterangan di proses gak ada respon dari live chat nya.. tolong admin gopay dibantu proses,1,0,,2025-10-10 13:35:40+00:00,"Hai Kak @Jangan Kepo, mohon maaf atas ketidaknyamanannya. Jika kamu masih mengalami kendala, silakan laporkan melalui email ke customerservice@gopay.co.id dengan melampirkan kode psr-25-283-0831-50804 pada subject email dan cantumkan nomor laporan kamu sebelumnya pada email yang kamu kirimkan. Kami tunggu detail laporan kamu ya. ^Maura",2025-10-10 15:31:55,,Dataset/dataset\GOPAY_googleplay_OCTOBER_reviews.csv,transfer
c414191c-0730-443d-bdcd-21a48c3829ef,Pengguna Google,https://play-lh.googleusercontent.com/EGemoI2NTXmTsBVtJqk8jxF9rh8ApRWfsIMQSt2uE4OcpQqbFu7f7NbTK05lx80nuSijCz7sc3a277R67g,"Parah paling sering kehilangan duit pas transaksi/transfer, tidak terkirim/ keterangan di proses, saldo tdk di kembalikan. Aplikasi pencuri",1,0,3.117.0,2025-11-21 15:26:40+00:00,"Hai Kak, maaf ya. Terkait dengan kendala yang Kakak alami, mohon menghubungi tim kami melalui chat bantuan di aplikasi, melalui email di cs@ovo.id atau call center kami di 1500-696 agar dapat kami bantu pengecekan. Terima Kasih. -Ali",2024-09-19 14:57:32,3.117.0,Dataset/dataset\OVO_googleplay_NOVEMBER_reviews.csv,transfer
32b9b023-0e19-4830-8fda-1865ab1c8cd5,Pengguna Google,https://play-lh.googleusercontent.com/EGemoI2NTXmTsBVtJqk8jxF9rh8ApRWfsIMQSt2uE4OcpQqbFu7f7NbTK05lx80nuSijCz7sc3a277R67g,Gopay bermasalah tolong di perbaiki saya tidak bisa login,5,0,1.60.0,2025-10-19 06:05:11+00:00,,,1.60.0,Dataset/dataset\GOPAY_googleplay_OCTOBER_reviews.csv,login
49982588-d37e-458f-bb6e-2028e1f24f5b,Pengguna Google,https://play-lh.googleusercontent.com/EGemoI2NTXmTsBVtJqk8jxF9rh8ApRWfsIMQSt2uE4OcpQqbFu7f7NbTK05lx80nuSijCz7sc3a277R67g,boleh bertanya kenapa kartu rekening saya belum di antar antar?apa perlu di isi dulu saldonya? kalo emang perlu di isi dulu baru diantar minimal berapa topup nya?,3,0,3.2.0,2025-12-21 18:13:41+00:00,"Halo Sahabat @Febri Roandre, mohon maaf atas ketidaknyamannya. Perihal kendala pada layanan Livin' by Mandiri, mohon untuk dapat mengirimkan email ke mandiricare@bankmandiri.co.id atau dapat menghubungi layanan mandiri 14000 agar dapat dilakukan pengecekan. Tks~Kale",2025-12-21 18:18:21,3.2.0,Dataset/dataset\LIVIN_googleplay_DECEMBER_reviews.csv,topup
be74066f-c211-4ab4-a054-a95ced396c3f,Pengguna Google,https://play-lh.googleusercontent.com/EGemoI2NTXmTsBVtJqk8jxF9rh8ApRWfsIMQSt2uE4OcpQqbFu7f7NbTK05lx80nuSijCz7sc3a277R67g,saya seneng sekali karna ada gopay. transfer kris belanja jadi mudah.. trimakasih gopay.,5,0,1.64.1,2025-11-27 16:41:28+00:00,,,1.64.1,Dataset/dataset\GOPAY_googleplay_NOVEMBER_reviews.csv,transfer
722d5459-71c5-4824-a82f-fec5f677b63e,Pengguna Google,https://play-lh.googleusercontent.com/EGemoI2NTXmTsBVtJqk8jxF9rh8ApRWfsIMQSt2uE4OcpQqbFu7f7NbTK05lx80nuSijCz7sc3a277R67g,saldo yang biasa aku pake buat topup,5,0,1.38.08,2025-12-02 21:03:30+00:00,"Hi Kak. Terima kasih telah menggunakan ShopeePay. Mari cek aplikasi ShopeePay karena banyak fitur yang mempermudah keseharian kakak seperti pembelian pulsa, paket data, pembayaran tagihan listrik dan pembayaran lainnya. Jika kakak memiliki pertanyaan seputar ShopeePay, mohon DM kami di Instagram @ShopeePay_ID ya. Semoga harimu menyenangkan ^RJ",2025-12-03 10:27:00,1.38.08,Dataset/dataset\SHOPEEPAY_googleplay_DECEMBER_reviews.csv,topup
f39a16f6-6130-4a97-9450-d5710710ed54,Pengguna Google,https://play-lh.googleusercontent.com/EGemoI2NTXmTsBVtJqk8jxF9rh8ApRWfsIMQSt2uE4OcpQqbFu7f7NbTK05lx80nuSijCz7sc3a277R67g,ini blu kenapa error ya gabisa login terus padahal udah di instal ulang,1,0,2.7.0,2025-12-08 19:21:10+00:00,Hai Kak Ichan. Mohon maaf atas ketidaknyamanan dan kendala yang Kakak alami. Kami akan selalu berusaha memberikan yang terbaik kebutuhan perbankan Kakak. Sebelumnya sempat terjadi kendala namun saat ini sudah berjalan normal. Silakan Kakak dapat mencoba kembali ya.,2025-12-09 06:51:29,2.7.0,Dataset/dataset\BLU_googleplay_DECEMBER_reviews.csv,login
d395721a-caf3-4301-b4de-56b2d8071a5f,Pengguna Google,https://play-lh.googleusercontent.com/EGemoI2NTXmTsBVtJqk8jxF9rh8ApRWfsIMQSt2uE4OcpQqbFu7f7NbTK05lx80nuSijCz7sc3a277R67g,"uda tf dri wallet tapi saldo ga masuk. gada solusi apapun cuman di suru refresh trs. dri cs nya gada solusi, uda hampir 1minggu lebih uang ga balik",1,0,1.60.0,2025-10-23 10:11:49+00:00,"Hai Kak Rizka, mohon maaf atas ketidaknyamanannya. Jika kamu masih mengalami kendala, silakan laporkan melalui email ke customerservice@gopay.co.id dengan melampirkan kode psr-25-296-0454-36863 pada subject email dan cantumkan nomor laporan kamu sebelumnya pada email yang kamu kirimkan. Kami tunggu detail laporan kamu ya. ^Maura",2025-10-23 11:54:42,1.60.0,Dataset/dataset\GOPAY_googleplay_OCTOBER_reviews.csv,transfer
5bfa2eaa-6ad9-403c-8681-0df503059dd0,Pengguna Google,https://play-lh.googleusercontent.com/EGemoI2NTXmTsBVtJqk8jxF9rh8ApRWfsIMQSt2uE4OcpQqbFu7f7NbTK05lx80nuSijCz7sc3a277R67g,saya tidak bisa scan qris pakai poto tersimpan di album sedangkan aplikasi yang lain bisa tolong dibantu,3,1,1.59.0,2025-10-03 17:15:46+00:00,"Hai Kak Yayan, mohon maaf atas ketidaknyamanannya. Pastikan kamu menggunakan aplikasi GoPay versi terbaru dan posisi kode QR yang dipindai sudah sesuai. Jika masih berkendala, laporkan melalui email customerservice@gopay.co.id dan cantumkan kode psr-25-277-0956-22424 pada subject email yang kamu kirimkan ya. ^Miko",2025-10-04 16:57:53,1.59.0,Dataset/dataset\GOPAY_googleplay_OCTOBER_reviews.csv,qris
d1fbf713-68d1-48e0-8b45-6adc4b71b976,Pengguna Google,https://play-lh.googleusercontent.com/EGemoI2NTXmTsBVtJqk8jxF9rh8ApRWfsIMQSt2uE4OcpQqbFu7f7NbTK05lx80nuSijCz7sc3a277R67g,"aplikasi apa ini, saldo ga masuk pas chat cs nya malah di suruh top up pas di top up nyuruh top up lagi nampak kali miskin nya malak org yg biasa",1,0,3.123.0,2025-10-07 22:08:12+00:00,,,3.123.0,Dataset/dataset\OVO_googleplay_OCTOBER_reviews.csv,topup
1c3a7925-441a-4f63-a301-80a83b2a5be5,Pengguna Google,https://play-lh.googleusercontent.com/EGemoI2NTXmTsBVtJqk8jxF9rh8ApRWfsIMQSt2uE4OcpQqbFu7f7NbTK05lx80nuSijCz7sc3a277R67g,"Lagi-lagi transfer Gantung, tidak jelas terkirim atau gagal, saldo padahal sudah terpotong.",1,5,3.146.0,2025-11-05 20:08:15+00:00,"Hai Kak, mohon maaf atas ketidaknyamanannya. Apabila ada keluhan/pertanyaan mohon menghubungi tim kami melalui chat bantuan di aplikasi, melalui email di cs@ovo.id atau call center di nomor 1500 696. Kami akan senantiasa membantu kendala Kakak saat ini ya.
Terima Kasih. -Caca",2023-07-11 06:19:22,3.146.0,Dataset/dataset\OVO_googleplay_NOVEMBER_reviews.csv,transfer
4419bb66-e43f-4f84-9d7c-b0218f9af89c,Pengguna Google,https://play-lh.googleusercontent.com/EGemoI2NTXmTsBVtJqk8jxF9rh8ApRWfsIMQSt2uE4OcpQqbFu7f7NbTK05lx80nuSijCz7sc3a277R67g,"biaya topup 1200, dipake di mall sistem gangguang saldo gk cukup padahal saldo lebih",2,0,3.148.0,2025-11-23 12:56:19+00:00,,,3.148.0,Dataset/dataset\OVO_googleplay_NOVEMBER_reviews.csv,topup
c601df9f-a3a5-40dd-bb49-f06096e6f856,Pengguna Google,https://play-lh.googleusercontent.com/EGemoI2NTXmTsBVtJqk8jxF9rh8ApRWfsIMQSt2uE4OcpQqbFu7f7NbTK05lx80nuSijCz7sc3a277R67g,abis update mau login malah ke blokir,1,0,3.2.0,2025-11-12 20:29:35+00:00,"Halo Sahabat @Arya Agung, mohon maaf atas ketidaknyamannya. Perihal kendala pada layanan Livin' by Mandiri, mohon untuk dapat mengirimkan email ke mandiricare@bankmandiri.co.id atau dapat menghubungi layanan mandiri 14000 agar dapat dilakukan pengecekan. Tks~Kale",2025-11-12 20:31:37,3.2.0,Dataset/dataset\LIVIN_googleplay_NOVEMBER_reviews.csv,login
87b680ee-9fed-4dea-96f9-dc216a0aa608,Pengguna Google,https://play-lh.googleusercontent.com/EGemoI2NTXmTsBVtJqk8jxF9rh8ApRWfsIMQSt2uE4OcpQqbFu7f7NbTK05lx80nuSijCz7sc3a277R67g,transfer gratis,5,0,1.40.06,2025-10-18 18:35:45+00:00,"Hi Kak. Terima kasih telah menggunakan ShopeePay. Mari cek aplikasi ShopeePay karena banyak fitur yang mempermudah keseharian kakak seperti pembelian pulsa, paket data, pembayaran tagihan listrik dan pembayaran lainnya. Jika kakak memiliki pertanyaan seputar ShopeePay, mohon DM kami di Instagram @ShopeePay_ID ya. Semoga harimu menyenangkan ^RJ",2025-10-20 09:28:23,1.40.06,Dataset/dataset\SHOPEEPAY_googleplay_OCTOBER_reviews.csv,transfer
aae655b7-d609-4757-9f12-9f98ee4a1bfc,Pengguna Google,https://play-lh.googleusercontent.com/EGemoI2NTXmTsBVtJqk8jxF9rh8ApRWfsIMQSt2uE4OcpQqbFu7f7NbTK05lx80nuSijCz7sc3a277R67g,apk apa sihh ini tolol bgt mau tf aja gagal teruss,5,0,3.148.0,2025-12-01 01:41:15+00:00,,,3.148.0,Dataset/dataset\OVO_googleplay_DECEMBER_reviews.csv,transfer
b84db7d2-3a83-45a9-b7d2-43ef4c8bc976,Pengguna Google,https://play-lh.googleusercontent.com/EGemoI2NTXmTsBVtJqk8jxF9rh8ApRWfsIMQSt2uE4OcpQqbFu7f7NbTK05lx80nuSijCz7sc3a277R67g,sekarang susah banget buat melakukan transfer tidak kaya dulu sat set super berat segera perbaiki kalau tidak saya tidak akan nabung di bank ini sumpah susahnya minta ampun mengecewakan,1,0,8.75.0,2025-11-12 20:58:28+00:00,"Halo, Jagoan. Mohon maaf atas kendala yang terjadi ya. Kamu tidak perlu khawatir, kamu bisa menjelaskan detail kendala tersebut melalui email di tanya@jago.com atau call center 1500 746 untuk kami bantu tangani lebih lanjut. Terima kasih :)",2025-11-12 21:37:02,8.75.0,Dataset/dataset\JAGO_googleplay_NOVEMBER_reviews.csv,transfer
f6d28852-13a0-46f5-b541-266d2af0fe2d,Pengguna Google,https://play-lh.googleusercontent.com/EGemoI2NTXmTsBVtJqk8jxF9rh8ApRWfsIMQSt2uE4OcpQqbFu7f7NbTK05lx80nuSijCz7sc3a277R67g,"saya topup dari seabank 500k nyangkut g masuk d ovo padahal berhasil, telpn abis 100rb pulsa, email berkali kali. lambat bgt penanganannya, tidak ada kemudahan sama sekali klo udah ngurus masalah d ovo semua lama lemot layanan payah najis ko bisa kalian bikin aplikasi busuk kaya begini. sampe hari ini duit gw blom masuk. payah cuatomeraervis payah layanan aduan payah.",1,1,3.144.0,2025-10-08 20:17:50+00:00,,,3.144.0,Dataset/dataset\OVO_googleplay_OCTOBER_reviews.csv,topup
466db0b9-9e93-48e7-b795-21c7fd80c969,Pengguna Google,https://play-lh.googleusercontent.com/EGemoI2NTXmTsBVtJqk8jxF9rh8ApRWfsIMQSt2uE4OcpQqbFu7f7NbTK05lx80nuSijCz7sc3a277R67g,transfer uang sering nyangkut,1,0,,2025-10-08 10:57:11+00:00,,,,Dataset/dataset\OVO_googleplay_OCTOBER_reviews.csv,transfer
8de42875-4c6d-4450-8030-09fa82b0da29,Pengguna Google,https://play-lh.googleusercontent.com/EGemoI2NTXmTsBVtJqk8jxF9rh8ApRWfsIMQSt2uE4OcpQqbFu7f7NbTK05lx80nuSijCz7sc3a277R67g,"Sesi login nya knp cepet bgt sih ah bikin ribet tiap buka aplikasi harus login dulu, loginnya pun ribet!!! Jaman udah canggih masih aja pilih yg ribet!!!",1,0,,2025-12-12 00:12:19+00:00,"Halo, Jagoan! Mohon maaf atas ketidaknyamanan yang Kakak alami. Supaya bisa membantu lebih lanjut, Kakak bisa menginformasikan detail keluhannya melalui email tanya@jago.com ya. Tim terkait kami dengan senang hati akan membantu Kakak menyelesaikan permasalahannya.",2025-12-12 00:41:03,,Dataset/dataset\JAGO_googleplay_DECEMBER_reviews.csv,login
0a0c333a-878c-44ae-9d1f-bbea7fad62d0,Pengguna Google,https://play-lh.googleusercontent.com/EGemoI2NTXmTsBVtJqk8jxF9rh8ApRWfsIMQSt2uE4OcpQqbFu7f7NbTK05lx80nuSijCz7sc3a277R67g,"setres ni lama lama klo gini mulu, napa sih tiap urgent mau login akun malah ada peringatan ""masalah teknis"" , dari dulu gini mulu, udah gonta ganti jaringan, hapus data hapus aplikasi. Masih aja tetep kayak ginii edit: karena dev nya fast respon, rating yang tdi nya 1 jdi 5☺️",5,205,1.60.0,2025-10-25 15:00:55+00:00,"Hai Kak Rijal, mohon maaf atas ketidaknyamanan yang dialami. Dapat kami sampaikan bahwa saat ini terdapat pemeliharaan sistem sehingga saat ini kamu belum dapat masuk ke aplikasi GoPay/Gojek untuk sementara ya. Silakan Kakak untuk melakukan pengecekan secara berkala. Terima kasih. ^Melisa",2025-09-11 14:42:28,1.60.0,Dataset/dataset\GOPAY_googleplay_OCTOBER_reviews.csv,login
1c45f304-841c-430f-8cc0-194f6667019a,Pengguna Google,https://play-lh.googleusercontent.com/EGemoI2NTXmTsBVtJqk8jxF9rh8ApRWfsIMQSt2uE4OcpQqbFu7f7NbTK05lx80nuSijCz7sc3a277R67g,"Top up dari bank jago gratis, giliran masuk dipotong ,aneh",1,0,,2025-10-06 11:56:11+00:00,,,,Dataset/dataset\OVO_googleplay_OCTOBER_reviews.csv,topup
06e06399-642a-451d-a8d2-d63a6c5215ab,Pengguna Google,https://play-lh.googleusercontent.com/EGemoI2NTXmTsBVtJqk8jxF9rh8ApRWfsIMQSt2uE4OcpQqbFu7f7NbTK05lx80nuSijCz7sc3a277R67g,"ShopeePay Over All dah bagus, gratis top up 5x di ****maret, free TF ke dompet digital or bank laen, kurang bagusnya kenapa biaya layanan belanja di shopee malah lebih mahal dibanding pake seabank, saya jadi lebih sering belanja pake seabank daah.",5,4,1.40.06,2025-11-15 07:57:06+00:00,"Hi Kak. Terima kasih telah menggunakan ShopeePay. Mari cek aplikasi ShopeePay karena banyak fitur yang mempermudah keseharian kakak seperti pembelian pulsa, paket data, pembayaran tagihan listrik dan pembayaran lainnya. Jika kakak memiliki pertanyaan seputar ShopeePay, mohon DM kami di Instagram @ShopeePay_ID ya. Semoga harimu menyenangkan ^RJ",2025-11-17 10:01:01,1.40.06,Dataset/dataset\SHOPEEPAY_googleplay_NOVEMBER_reviews.csv,topup
e7f0aa02-f022-4287-854f-1b7be3d20aa6,Pengguna Google,https://play-lh.googleusercontent.com/EGemoI2NTXmTsBVtJqk8jxF9rh8ApRWfsIMQSt2uE4OcpQqbFu7f7NbTK05lx80nuSijCz7sc3a277R67g,Kenapa dari pagi tidak bisa login? Saya mau segera transaksi urgent. Tolong dong ovo perbaikin,1,0,,2025-11-03 15:10:42+00:00,,,,Dataset/dataset\OVO_googleplay_NOVEMBER_reviews.csv,login
9ed8eefa-de67-4e09-b6ea-14ec265c76ee,Pengguna Google,https://play-lh.googleusercontent.com/EGemoI2NTXmTsBVtJqk8jxF9rh8ApRWfsIMQSt2uE4OcpQqbFu7f7NbTK05lx80nuSijCz7sc3a277R67g,setelah update tidak bisa transfer,1,0,,2025-12-09 03:49:54+00:00,,,,Dataset/dataset\OVO_googleplay_DECEMBER_reviews.csv,transfer
2fd4365a-b436-4e9e-b8fd-f0e3dbf2470b,Pengguna Google,https://play-lh.googleusercontent.com/EGemoI2NTXmTsBVtJqk8jxF9rh8ApRWfsIMQSt2uE4OcpQqbFu7f7NbTK05lx80nuSijCz7sc3a277R67g,"isi saldo lancar, giliran mau transfer uang pura2 lemot. macam org ditagih hutang pura2 lupa",3,0,1.44.05,2025-12-24 16:23:43+00:00,"Hi Kak, Mohon maaf atas ketidaknyamanannya terkait kendala transfer ShopeePay. Saat ini apabila kakak memiliki kendala Transfer ShopeePay yang belum diterima, kakak dapat menghubungi kami melalui DM ke IG @ShopeePay_ID yang bercentang biru ya, dengan melampirkan bukti transfer yang terkendala untuk bantuan lebih lanjut. ^CS",2025-12-24 17:14:09,1.44.05,Dataset/dataset\SHOPEEPAY_googleplay_DECEMBER_reviews.csv,transfer
a7f21504-0e78-4d4e-be2e-2e3fe2acda65,Pengguna Google,https://play-lh.googleusercontent.com/EGemoI2NTXmTsBVtJqk8jxF9rh8ApRWfsIMQSt2uE4OcpQqbFu7f7NbTK05lx80nuSijCz7sc3a277R67g,Gimana ini ko udah sehari tf an ga masuk saldo .?,1,1,3.144.0,2025-10-15 10:55:07+00:00,,,3.144.0,Dataset/dataset\OVO_googleplay_OCTOBER_reviews.csv,transfer
d5983cb0-c37e-4414-97ad-aa43c4ee5b8b,Pengguna Google,https://play-lh.googleusercontent.com/EGemoI2NTXmTsBVtJqk8jxF9rh8ApRWfsIMQSt2uE4OcpQqbFu7f7NbTK05lx80nuSijCz7sc3a277R67g,"Jujurly aplikasi ini jelek, gopay tuh kan dompet digital kan ya., masa' akun regulernya kagak bisa dipake buat transfer ke sesama gopay sih, aneh!! anak aku yang masih smp dan sma gitu gimana mau upgrade ke plus kalo cuma KTP aja yang jadi satu2nya syarat, kasih opsi lain juga donk..",1,33,1.61.2,2025-10-31 17:03:38+00:00,"Mohon maaf, Kak Erny. Sebelum transfer, pastikan status upgrade GoPay Plus sudah 'Diterima', ya. Namun, laporan yang disampaikan akan menjadi masukan bagi kami untuk terus meningkatkan kualitas layanan ke depannya. Jika ada pertanyaan lainnya, silakan kunjungi menu Bantuan di aplikasi GoPay atau email ke customerservice@gopay.co.id. ^Maura",2025-10-31 17:24:28,1.61.2,Dataset/dataset\GOPAY_googleplay_OCTOBER_reviews.csv,transfer
fc4fcf55-5e0a-4f49-804e-0573f7cc6033,Pengguna Google,https://play-lh.googleusercontent.com/EGemoI2NTXmTsBVtJqk8jxF9rh8ApRWfsIMQSt2uE4OcpQqbFu7f7NbTK05lx80nuSijCz7sc3a277R67g,aplikasi rakus kita topup udah ada biaya admin eh malah kena potongan lagi dua kali bayar admin parah,5,0,3.149.0,2025-12-13 12:20:25+00:00,,,3.149.0,Dataset/dataset\OVO_googleplay_DECEMBER_reviews.csv,topup
6b6fd46c-8a81-4763-a153-b60386b059e0,Pengguna Google,https://play-lh.googleusercontent.com/EGemoI2NTXmTsBVtJqk8jxF9rh8ApRWfsIMQSt2uE4OcpQqbFu7f7NbTK05lx80nuSijCz7sc3a277R67g,Transaksi Qris kebanyakan gagal jadi bikin malu kalo lagi bayar² di toko offline... setelah di update malah makin error..!! parah mandiri.. skrg stiap Susah mau buka aplikasi pun sll sedang perbaikan... nyesel banget pake mandiri..!!,1,5,3.1.0,2025-11-06 23:05:36+00:00,"Mohon maaf atas ketidaknyamanannya dalam mengakses layanan Livin' by Mandiri, saat ini Bank Mandiri sedang proses akhir hari rutin. Kami sarankan Sahabat dapat mencobanya secara berkala,apabila masih terkendala Sahabat dapat mengirimkan email ke mandiricare@bankmandiri.co.id atau dapat menghubungi layanan mandiri 14000/ Tks~Syarif",2025-11-06 23:15:39,3.1.0,Dataset/dataset\LIVIN_googleplay_NOVEMBER_reviews.csv,qris
026857e3-78b0-4b12-9db5-6dac40bdddfe,Pengguna Google,https://play-lh.googleusercontent.com/EGemoI2NTXmTsBVtJqk8jxF9rh8ApRWfsIMQSt2uE4OcpQqbFu7f7NbTK05lx80nuSijCz7sc3a277R67g,saya dua kali salah transfer gara-gara tampilan akun yg di beranda tampil dan terima karena tampilannya sama sekedar masukan di buat list saja biar mudah.,1,5,1.64.1,2025-11-26 11:31:19+00:00,,,1.64.1,Dataset/dataset\GOPAY_googleplay_NOVEMBER_reviews.csv,transfer
39628fc3-c45a-4bbc-949f-740623afe7cf,Pengguna Google,https://play-lh.googleusercontent.com/EGemoI2NTXmTsBVtJqk8jxF9rh8ApRWfsIMQSt2uE4OcpQqbFu7f7NbTK05lx80nuSijCz7sc3a277R67g,"Halo kak ini blu kenapa gabisa di buka yaa? saya baru TF uang lagi tlong di bantu, nanti ditambah LG bintangnya",5,0,2.7.0,2025-12-15 06:00:46+00:00,"Hai, Kak Muhammad Robi. Maaf atas ketidaknyamanannya. Kami akan selalu berusaha memberikan yang terbaik demi memenuhi kebutuhan perbankan Kakak. Terkait kendala tersebut boleh infokan detail kendala serta kirimkan gambar kendalanya ke X @haloblu atau email haloblu@bcadigital.co.id agar kami bisa bantu lebih lanjut ya.",2025-12-15 06:58:58,2.7.0,Dataset/dataset\BLU_googleplay_DECEMBER_reviews.csv,transfer
55cffea3-4cd7-41ae-952a-2c382de1a262,Pengguna Google,https://play-lh.googleusercontent.com/EGemoI2NTXmTsBVtJqk8jxF9rh8ApRWfsIMQSt2uE4OcpQqbFu7f7NbTK05lx80nuSijCz7sc3a277R67g,saat belanja dg livin sangat terbantu dan transaksi lain juga tf cepat,5,0,3.2.0,2025-12-13 19:56:21+00:00,"Hai Sahabat @Amril Nurman, terima kasih telah menggunakan Livin' by Mandiri. Sahabat dapat mencoba fitur tarik tunai tanpa kartu pada ATM Bank Mandiri & ATM Merah Putih ex Bank Mandiri melalui Livin' by Mandiri. Bisa create banyak token untuk berbagai keperluan. ~Tommy",2025-12-13 20:02:32,3.2.0,Dataset/dataset\LIVIN_googleplay_DECEMBER_reviews.csv,transfer
89f0ed03-956c-4b9e-83c0-60970df84206,Pengguna Google,https://play-lh.googleusercontent.com/EGemoI2NTXmTsBVtJqk8jxF9rh8ApRWfsIMQSt2uE4OcpQqbFu7f7NbTK05lx80nuSijCz7sc3a277R67g,"Sangat membantu untuk bertransaksi, hanya saja Susah login di awal pertama, bikin kesel..jaringan udah baik TPI kok susah betul login..mohon agar segera di perbaikij. Terima kasih",3,2,3.2.0,2025-12-20 02:59:39+00:00,"Halo Sahabat @Muh Mordiawan, mohon maaf atas ketidaknyamannya. Perihal kendala pada layanan Livin' by Mandiri, mohon untuk dapat mengirimkan email ke mandiricare@bankmandiri.co.id atau dapat menghubungi layanan mandiri 14000 agar dapat dilakukan pengecekan. Tks~Ervan",2025-12-20 03:16:55,3.2.0,Dataset/dataset\LIVIN_googleplay_DECEMBER_reviews.csv,login
6ec57cd8-98e0-4d12-98df-cf98a95782cc,Pengguna Google,https://play-lh.googleusercontent.com/EGemoI2NTXmTsBVtJqk8jxF9rh8ApRWfsIMQSt2uE4OcpQqbFu7f7NbTK05lx80nuSijCz7sc3a277R67g,"knapa saya ga bisa login? setiap login ada keterangan kendala sistem pdhl udh smpe tahap yg kode otp masuk, tolong perbaiki",3,2,3.2.0,2025-11-30 13:02:19+00:00,"Halo Sahabat @Zahra Syurgawi, mohon maaf atas ketidaknyamanannya. Terkait kendala Sahabat mohon untuk dapat mengirimkan email ke mandiricare@bankmandiri.co.id atau dapat menghubungi Mandiri Call 14000 lalu tekan 2 agar dapat dilakukan pengecekan. Tks~Momo",2025-11-30 13:28:14,3.2.0,Dataset/dataset\LIVIN_googleplay_NOVEMBER_reviews.csv,login
d3e63db5-38b7-424a-91d0-1bdfa26f0660,Pengguna Google,https://play-lh.googleusercontent.com/EGemoI2NTXmTsBVtJqk8jxF9rh8ApRWfsIMQSt2uE4OcpQqbFu7f7NbTK05lx80nuSijCz7sc3a277R67g,"Ini apk keren, sy bandingkan dgn e wallet lainya pake hp kentang yg android 5, apk ini ttp lancar jaya, loading cepet dan enteng sekali, tampilan UI jg simpel. Apk yg laen kebanyakan ribet dgn pop up yg justru ngeganggu dan bikin hp nge lag. Sy pke transfer kmana mana jg oke. Sukses terus GoPay.",5,72,1.59.0,2025-10-05 04:54:17+00:00,,,1.59.0,Dataset/dataset\GOPAY_googleplay_OCTOBER_reviews.csv,transfer
db1549f7-0303-408d-84ea-29cb171e6fcc,Pengguna Google,https://play-lh.googleusercontent.com/EGemoI2NTXmTsBVtJqk8jxF9rh8ApRWfsIMQSt2uE4OcpQqbFu7f7NbTK05lx80nuSijCz7sc3a277R67g,"topup emoney mandiri pada tgl 9/11/2025 ,sebesar 200k idr ,tapi tidak masuk,saya cat pusat bantuan harus nunggu 1x24 jam...., sampai sekarang saya hubungi pusat bantuan ga ada solusi,yang jadi pertanyaan kemanakah duit saya yg 200k lebih....apakah ada manipulasi disistem ini",1,0,1.62.0,2025-11-17 17:12:31+00:00,"Hai Kak @poco kia, mohon maaf atas ketidaknyamanannya. Jika masih mengalami keluhan, silakan laporkan melalui email ke customerservice@gopay.co.id dengan melampirkan kode psr-25-321-1147-39804 pada subject email dan cantumkan nomor laporan sebelumnya serta ceritakan kembali detail permasalahannya. Kami tunggu detail laporan kamu ya. ^Miko",2025-11-17 18:48:01,1.62.0,Dataset/dataset\GOPAY_googleplay_NOVEMBER_reviews.csv,topup
3db66072-3981-4db4-95a9-f5e9bd829525,Pengguna Google,https://play-lh.googleusercontent.com/EGemoI2NTXmTsBVtJqk8jxF9rh8ApRWfsIMQSt2uE4OcpQqbFu7f7NbTK05lx80nuSijCz7sc3a277R67g,"gimana sih top up weekly diamond jam 16:05 sampe sekarang gak masuk masuk, bikin laporan gak bisa, DM IG yg balas BOT",1,0,1.60.0,2025-10-10 18:29:36+00:00,"Hai Kak Zaiwuly, kami mohon maaf atas kondisi yang Kakak alami. Terkait hal ini, dapat kami sampaikan bahwa ada pemeliharaan sistem yang mempengaruhi transaksi Kakak & saat ini sudah kembali normal. Berkenan untuk melakukan pengecekan kembali di akun tujuan secara berkala ya Kak. Mohon maaf atas ketidaknyamanannya. Salam hangat. ^Miko",2025-10-10 22:28:04,1.60.0,Dataset/dataset\GOPAY_googleplay_OCTOBER_reviews.csv,topup
d64e2c1a-1b07-4b8d-a469-866375ce5faf,Pengguna Google,https://play-lh.googleusercontent.com/EGemoI2NTXmTsBVtJqk8jxF9rh8ApRWfsIMQSt2uE4OcpQqbFu7f7NbTK05lx80nuSijCz7sc3a277R67g,"perbiki lg tolong. gabisa terus topup game, selalu muncul peringatan padahal akun ini punya ku ga prnah dipake kemana² . setiap mau topup ada aja kendalanya",3,7,1.64.1,2025-11-28 17:09:25+00:00,"Hai Kak Eka, mohon maaf atas ketidaknyamanannya. Terkait hal tersebut, silakan laporkan melalui email ke customerservice@gopay.co.id dengan melampirkan kode psr-25-332-1052-23990 pada subject email dan ceritakan kembali detail permasalahannya agar tim kami bisa bantu cek lebih lanjut ya. ^Melisa",2025-11-28 17:52:30,1.64.1,Dataset/dataset\GOPAY_googleplay_NOVEMBER_reviews.csv,topup
6ab7537b-afd7-452d-9bbe-7ee36aaa229e,Pengguna Google,https://play-lh.googleusercontent.com/EGemoI2NTXmTsBVtJqk8jxF9rh8ApRWfsIMQSt2uE4OcpQqbFu7f7NbTK05lx80nuSijCz7sc3a277R67g,Mudah di gunakan & gratis topup,5,0,1.40.06,2025-10-12 22:50:27+00:00,"Hi Kak. Terima kasih telah menggunakan ShopeePay. Mari cek aplikasi ShopeePay karena banyak fitur yang mempermudah keseharian kakak seperti pembelian pulsa, paket data, pembayaran tagihan listrik dan pembayaran lainnya. Jika kakak memiliki pertanyaan seputar ShopeePay, mohon DM kami di Instagram @ShopeePay_ID ya. Semoga harimu menyenangkan ^RJ",2025-10-13 10:12:39,1.40.06,Dataset/dataset\SHOPEEPAY_googleplay_OCTOBER_reviews.csv,topup
0fb1c76b-d2ab-43dd-b28d-01e62e519144,Pengguna Google,https://play-lh.googleusercontent.com/EGemoI2NTXmTsBVtJqk8jxF9rh8ApRWfsIMQSt2uE4OcpQqbFu7f7NbTK05lx80nuSijCz7sc3a277R67g,ternyata gagal memuat ovo paket pulsa kenapa salah terus lagi jangan makanya berusaha tolong awas dimana astaghfirullah nabung bisa hidup atau transfer bisa hidup atau tarik tunai hidup itulah benar,5,0,3.126.0,2025-11-09 11:59:26+00:00,,,3.126.0,Dataset/dataset\OVO_googleplay_NOVEMBER_reviews.csv,transfer
27eba808-a473-4ab9-9b6f-f4330d76ddc6,Pengguna Google,https://play-lh.googleusercontent.com/EGemoI2NTXmTsBVtJqk8jxF9rh8ApRWfsIMQSt2uE4OcpQqbFu7f7NbTK05lx80nuSijCz7sc3a277R67g,"ini gmn si, saya beli voucher shopee food deals g bisa d pake. mna ongkir nya jd 2x lipat. nyampenya jg lama hampir 2 jam, gk jls bngt! sy topup jg kena potong katanya g ada biaya admin. jelas² penipuan ini. TOLONG YANG MAU INSTAL APK INI DIPIKIR DULU UDH BNYK YG KECEWA PAKAI APK INI!!!",1,0,,2025-12-07 21:01:24+00:00,"Hi Kak Selfi. Mohon maaf atas kendala voucher ShopeeFood Deals tidak bisa digunakan dan adanya biaya admin Top Up. Terkait kendala tersebut mohon menghubungi kami melalui DM ke Instagram @ShopeePay_ID yang bercentang biru, dengan menginformasikan detail dan bukti kendala untuk bantuan lebih lanjut. Semoga kendala kakak segera terselesaikan ya. ^CS",2025-12-08 11:02:18,,Dataset/dataset\SHOPEEPAY_googleplay_DECEMBER_reviews.csv,topup
582d498d-a7b8-48a4-8048-ad274d507ec5,Pengguna Google,https://play-lh.googleusercontent.com/EGemoI2NTXmTsBVtJqk8jxF9rh8ApRWfsIMQSt2uE4OcpQqbFu7f7NbTK05lx80nuSijCz7sc3a277R67g,aku kan mau login gopay baru aku nunggu kode otp tapi udah 1 jam aku nunggu tapi aku ga dapet kode nya,1,0,1.61.2,2025-10-31 14:30:27+00:00,"Mohon maaf, Kak Abdul. Saat login, tunggu 30 detik untuk menerima kode OTP. Setelah itu, klik 'Kirim ulang kode OTP' untuk minta kode OTP baru. Jika kamu masih tidak bisa login, silakan laporkan melalui email ke customerservice@gopay.co.id dengan mencantumkan kode psr-25-304-0842-32929 di subjek email. ^Miko",2025-10-31 15:42:52,1.61.2,Dataset/dataset\GOPAY_googleplay_OCTOBER_reviews.csv,login
9decdd79-b472-4bb8-93f6-206b575c00ce,Pengguna Google,https://play-lh.googleusercontent.com/EGemoI2NTXmTsBVtJqk8jxF9rh8ApRWfsIMQSt2uE4OcpQqbFu7f7NbTK05lx80nuSijCz7sc3a277R67g,"ewallet terbaik, gratis tranfer ke semua Bank, admin top up cuma 1k tanpa ada potongan, tetep begini ya gopay dan terus tingkatkan kualitasnya, juga banyakkk promonya",5,6,1.61.2,2025-11-07 13:15:12+00:00,,,1.61.2,Dataset/dataset\GOPAY_googleplay_NOVEMBER_reviews.csv,topup
d186510d-afd7-474f-b7ea-f0984fc42230,Pengguna Google,https://play-lh.googleusercontent.com/EGemoI2NTXmTsBVtJqk8jxF9rh8ApRWfsIMQSt2uE4OcpQqbFu7f7NbTK05lx80nuSijCz7sc3a277R67g,"balikin uang saya , saya top up 1.5jt tp gak masuk gimana ini uang saya , makin kesini makin aneh",5,0,3.146.0,2025-11-02 14:57:25+00:00,,,3.146.0,Dataset/dataset\OVO_googleplay_NOVEMBER_reviews.csv,topup
ac79be54-7366-4525-96c3-e43616f03e04,Pengguna Google,https://play-lh.googleusercontent.com/EGemoI2NTXmTsBVtJqk8jxF9rh8ApRWfsIMQSt2uE4OcpQqbFu7f7NbTK05lx80nuSijCz7sc3a277R67g,sering trouble. ga bisa tf ke rek,1,1,3.144.0,2025-10-01 11:38:04+00:00,,,3.144.0,Dataset/dataset\OVO_googleplay_OCTOBER_reviews.csv,transfer
d32b0891-c512-4d6f-9075-cc690dbfb599,Pengguna Google,https://play-lh.googleusercontent.com/EGemoI2NTXmTsBVtJqk8jxF9rh8ApRWfsIMQSt2uE4OcpQqbFu7f7NbTK05lx80nuSijCz7sc3a277R67g,Bank jago terlalu ribet..masak saya ga bisa login di perangkat sendiri. perangkat saya dibatasi. udah jelas2 perangkat peribadi saya sendiri. Uda telpon cs tapi tidak ada penyelesaian. yg ada habis pulsa aja. tolong profesional sikik pihak jago dalam menyelesaikan masalah biar orang bisa rame pake jago. apa guna nya coba ngelapor tapi Maslah tidak bisa diselesaikan? sudah detail kali saya jelaskan melalui telpon cs dan email tapi tetap sama tidak ada penyelesaian sama sekali.,1,0,,2025-12-26 20:37:19+00:00,"Halo, Jagoan! Mohon maaf atas ketidaknyamanannya ya. Untuk kendala yang kamu alami, bisakah diinformasikan secara detail ke Tanya Jago di nomor 1500746 /+62 21 3000 0746 atau email ke tanya@jago.com? Kami dengan senang hati akan membantu kamu. :)",2025-12-27 14:02:52,,Dataset/dataset\JAGO_googleplay_DECEMBER_reviews.csv,login
0eb36cf4-8efc-4cb1-979d-6331c2dddd8d,Pengguna Google,https://play-lh.googleusercontent.com/EGemoI2NTXmTsBVtJqk8jxF9rh8ApRWfsIMQSt2uE4OcpQqbFu7f7NbTK05lx80nuSijCz7sc3a277R67g,sementara aman walaupun banyak potongan. tolong lengkapi dgn TF antar e-walet,4,2,3.147.0,2025-11-22 02:04:34+00:00,,,3.147.0,Dataset/dataset\OVO_googleplay_NOVEMBER_reviews.csv,transfer
7b4c6d73-07d3-4fdb-819c-c78a27be7044,Pengguna Google,https://play-lh.googleusercontent.com/EGemoI2NTXmTsBVtJqk8jxF9rh8ApRWfsIMQSt2uE4OcpQqbFu7f7NbTK05lx80nuSijCz7sc3a277R67g,"selalu ada gangguan saat mau transfer uang ke bank lain, pantesan nilai buruk",1,0,3.144.0,2025-10-10 14:04:21+00:00,,,3.144.0,Dataset/dataset\OVO_googleplay_OCTOBER_reviews.csv,transfer
077570e8-a0dd-4482-bca7-47ce45157d19,Pengguna Google,https://play-lh.googleusercontent.com/EGemoI2NTXmTsBVtJqk8jxF9rh8ApRWfsIMQSt2uE4OcpQqbFu7f7NbTK05lx80nuSijCz7sc3a277R67g,apk nya sangat bagus sekali transfer lebih mudah dn melakukan transaksi pun jdi lbih simple,5,1,1.61.2,2025-11-02 02:31:05+00:00,,,1.61.2,Dataset/dataset\GOPAY_googleplay_NOVEMBER_reviews.csv,transfer
26b855ad-964f-464a-a6dd-58d86fe905a8,Pengguna Google,https://play-lh.googleusercontent.com/EGemoI2NTXmTsBVtJqk8jxF9rh8ApRWfsIMQSt2uE4OcpQqbFu7f7NbTK05lx80nuSijCz7sc3a277R67g,"hp kereset dan gak bisa login, karna belum punya kartunya dan daftar online, tolong bantu saya😭",5,0,3.2.0,2025-12-08 21:44:49+00:00,"Halo Sahabat @Ifnia Nurida, mohon maaf atas ketidaknyamannya. Untuk perihal kendala pada layanan Livin' by Mandiri, mohon untuk dapat mengirimkan email ke mandiricare@bankmandiri.co.id atau dapat menghubungi layanan mandiri 14000 agar dapat dilakukan pengecekan. Tks~Charles",2025-12-08 21:47:59,3.2.0,Dataset/dataset\LIVIN_googleplay_DECEMBER_reviews.csv,login
7199ad33-17b7-404f-8b3a-839f237406a6,Pengguna Google,https://play-lh.googleusercontent.com/EGemoI2NTXmTsBVtJqk8jxF9rh8ApRWfsIMQSt2uE4OcpQqbFu7f7NbTK05lx80nuSijCz7sc3a277R67g,"BENER BENER EWALLET BIKIN NYUSAHIN, TRANSFER KE POTONG TOP UP KEPOTONG UDH GITU 2K KEPOTONG NYA BENER BENER DAH EWALLET GA WORTH IT BUAT DIPKEE!! UDH PLING BNR YNG SBLH!!!",1,0,3.145.0,2025-10-26 11:22:41+00:00,,,3.145.0,Dataset/dataset\OVO_googleplay_OCTOBER_reviews.csv,topup
f98c9c59-622f-48f2-9363-39ab83cf0a50,Pengguna Google,https://play-lh.googleusercontent.com/EGemoI2NTXmTsBVtJqk8jxF9rh8ApRWfsIMQSt2uE4OcpQqbFu7f7NbTK05lx80nuSijCz7sc3a277R67g,"cash back nya tida masuk saat saya melakukan top up wdp pada gopay game, padahal pada saat konfirmasi pembelian voucher cash back nya sudah terpasang. saat di laporkan pihak gopay menyatakan akun saya melakukan pelanggaran, padahal akunya baru pertama kali di gunakan. parah banget gopay nya 👎👎",1,0,,2025-11-20 08:21:46+00:00,"Hai, Kak Syarah. Sebelum membayar di Mitra Usaha, pastikan kode promo/voucher telah diaktifkan agar kamu bisa mendapatkan cashback. Jika cashback masih belum diterima, laporkan melalui halaman Bantuan > cari artikel ""Belum terima cashback setelah bertransaksi"" di kolom pencarian > isi form yang ada di artikel. Kami siap membantu kamu. ^Miko",2025-11-20 10:18:20,,Dataset/dataset\GOPAY_googleplay_NOVEMBER_reviews.csv,topup
e65984f9-5756-45eb-a143-b3afdc03c946,Pengguna Google,https://play-lh.googleusercontent.com/EGemoI2NTXmTsBVtJqk8jxF9rh8ApRWfsIMQSt2uE4OcpQqbFu7f7NbTK05lx80nuSijCz7sc3a277R67g,sudah 2x transfer status masih dalam proses tapi saldo sudah terpotong... sehari ditungguin ga masuk2 ke rekening tujuan... tapi status berhasil saldo terpotong tp tidak masuk ke rekening tujuan....,1,0,,2025-10-02 11:14:20+00:00,,,,Dataset/dataset\OVO_googleplay_OCTOBER_reviews.csv,transfer
ea08ffe8-bc5d-45fb-aefc-2d01f5e76aec,Pengguna Google,https://play-lh.googleusercontent.com/EGemoI2NTXmTsBVtJqk8jxF9rh8ApRWfsIMQSt2uE4OcpQqbFu7f7NbTK05lx80nuSijCz7sc3a277R67g,"tolong dong ini chat cs dimana gimana hubungi nya saya mau daftar, pas daftar, akun saya udah terdaftar giliran login di cek ngga ada dilanjutin daftar nya malah gabisa.",2,0,8.79.0,2025-12-18 00:44:04+00:00,"Halo, Jagoan. Mohon maaf atas kendala yang terjadi ya. Kamu tidak perlu khawatir, kamu bisa menjelaskan detail kendala tersebut melalui email di tanya@jago.com atau call center 1500 746 untuk kami bantu tangani lebih lanjut. Terima kasih :)",2025-12-18 01:04:16,8.79.0,Dataset/dataset\JAGO_googleplay_DECEMBER_reviews.csv,login
9bc0e759-2014-49f5-8b39-10e4e271ed98,Pengguna Google,https://play-lh.googleusercontent.com/EGemoI2NTXmTsBVtJqk8jxF9rh8ApRWfsIMQSt2uE4OcpQqbFu7f7NbTK05lx80nuSijCz7sc3a277R67g,"Aduh payah, mau login kode otp ke email-nya pun ngga masuk masuk, di coba berkali kali malah suruh coba lagi 60 menit hadeh hadeh.",1,2,1.64.0,2025-11-25 03:06:38+00:00,"Mohon maaf, Kak Mentari. Saat login, tunggu 30 detik untuk menerima kode OTP. Setelah itu, klik 'Kirim ulang kode OTP' untuk minta kode OTP baru. Jika kamu masih tidak bisa login, silakan laporkan melalui email ke customerservice@gopay.co.id dengan mencantumkan kode psr-25-329-1052-50648 di subjek email. ^Miko",2025-11-25 17:53:12,1.64.0,Dataset/dataset\GOPAY_googleplay_NOVEMBER_reviews.csv,login
9d1b29aa-0c62-4afd-a143-b6f86b444181,Pengguna Google,https://play-lh.googleusercontent.com/EGemoI2NTXmTsBVtJqk8jxF9rh8ApRWfsIMQSt2uE4OcpQqbFu7f7NbTK05lx80nuSijCz7sc3a277R67g,"banyak kemudahan pakai gopay, hanya saja utk tarik tunai di Indomaret di tempat saya kota Bandar Lampung tidak bisa ,ada saja alasannya padahal saya tertarik karena iklan yg selalu muncul tarik tunai gratis, klo top up memang bisa dilayani, berbeda di Alfamart mau tarik tunai atau top up dilayani, bagaimana ini GO-PAY antara promo dan kondisi di lapangan berbeda",4,6,1.61.2,2025-11-22 10:13:27+00:00,,,1.61.2,Dataset/dataset\GOPAY_googleplay_NOVEMBER_reviews.csv,topup
ef3dccec-375c-4e7d-8259-465c8dfb6810,Pengguna Google,https://play-lh.googleusercontent.com/EGemoI2NTXmTsBVtJqk8jxF9rh8ApRWfsIMQSt2uE4OcpQqbFu7f7NbTK05lx80nuSijCz7sc3a277R67g,sangat buruk saya kasih bintang satu aja lah biaya ADM mahal mana susah kalu mau komplen saya transfer dari Ovo ke bank dua hari gak masuk2 terus saldo Yo terpotong d saldo ovo di bank tujuan gak masuk,1,0,3.147.0,2025-11-17 19:58:40+00:00,,,3.147.0,Dataset/dataset\OVO_googleplay_NOVEMBER_reviews.csv,transfer
0b5dd3d6-9d1d-4154-88e4-3d750827d2c4,Pengguna Google,https://play-lh.googleusercontent.com/EGemoI2NTXmTsBVtJqk8jxF9rh8ApRWfsIMQSt2uE4OcpQqbFu7f7NbTK05lx80nuSijCz7sc3a277R67g,Aplikasi Tolol delay Mulu kalau habis TOP UP lama masuk saldo nya,1,0,1.61.2,2025-11-01 18:44:51+00:00,"Hai Kak Sahepudin, pastikan nomor tujuan sudah benar, sudah cek halaman Riwayat, dan coba keluar dan masuk kembali ke aplikasi. Jika saldo masih belum masuk, silakan laporkan melalui menu Bantuan > ketik 'Top up GoPay saya belum masuk' > isi formulir dan cantumkan kode psr-25-305-1208-36922 pada bagian 'Ceritakan lebih lanjut'. ^Maura",2025-11-01 19:08:42,1.61.2,Dataset/dataset\GOPAY_googleplay_NOVEMBER_reviews.csv,topup
b7f6f52e-ca67-40da-a827-628bf05c37a6,Pengguna Google,https://play-lh.googleusercontent.com/EGemoI2NTXmTsBVtJqk8jxF9rh8ApRWfsIMQSt2uE4OcpQqbFu7f7NbTK05lx80nuSijCz7sc3a277R67g,"sering gangguan setiap mau topup, padahal buru-buru",2,0,,2025-10-29 09:53:46+00:00,,,,Dataset/dataset\OVO_googleplay_OCTOBER_reviews.csv,topup
b825125d-88bc-4db4-9a5e-49b3d0f9f0b9,Pengguna Google,https://play-lh.googleusercontent.com/EGemoI2NTXmTsBVtJqk8jxF9rh8ApRWfsIMQSt2uE4OcpQqbFu7f7NbTK05lx80nuSijCz7sc3a277R67g,bagus tapi saat top up bisa gak masuk kalo top up nya dikit,5,0,1.54.0,2025-10-03 10:45:06+00:00,,,1.54.0,Dataset/dataset\GOPAY_googleplay_OCTOBER_reviews.csv,topup
f14d3f4d-9b56-4ba0-a9b2-eaa189d3ce1d,Pengguna Google,https://play-lh.googleusercontent.com/EGemoI2NTXmTsBVtJqk8jxF9rh8ApRWfsIMQSt2uE4OcpQqbFu7f7NbTK05lx80nuSijCz7sc3a277R67g,lebih mudah untuk transfer ke bank,5,0,3.1.0,2025-12-14 06:19:58+00:00,"Halo Sahabat @ Fajar Acung , terima kasih atas review yang telah diberikan. Semoga terus menikmati kemudahan dan kenyamanan dalam menggunakan Livin' by Mandiri ya. Daftarkan transaksi secepat kilat pada menu Quick Pick untuk diakses pada halaman Login atau Beranda. Yuk coba sekarang. Tks~Charles",2025-12-14 06:43:49,3.1.0,Dataset/dataset\LIVIN_googleplay_DECEMBER_reviews.csv,transfer
cf19e638-ac9b-402d-a383-dba486663bc3,Pengguna Google,https://play-lh.googleusercontent.com/EGemoI2NTXmTsBVtJqk8jxF9rh8ApRWfsIMQSt2uE4OcpQqbFu7f7NbTK05lx80nuSijCz7sc3a277R67g,dompet digital paling bagus. banyak promo menarik dan murah. top up game paling rekomendasi. bintang 5,5,0,1.57.0,2025-11-01 15:01:28+00:00,,,1.57.0,Dataset/dataset\GOPAY_googleplay_NOVEMBER_reviews.csv,topup
a828cc13-dc15-4e22-856c-40b3c4c341a6,Pengguna Google,https://play-lh.googleusercontent.com/EGemoI2NTXmTsBVtJqk8jxF9rh8ApRWfsIMQSt2uE4OcpQqbFu7f7NbTK05lx80nuSijCz7sc3a277R67g,"setelah ganti hp jadi tidak bisa login maupun daftar kembali, bantuan nya gak membantu, responnya tetap balik ke situ lagi, dan masih tetap tidak bisa login",1,3,3.145.0,2025-10-29 21:36:27+00:00,,,3.145.0,Dataset/dataset\OVO_googleplay_OCTOBER_reviews.csv,login
dc6b7c4e-29e0-43d6-bf11-86c0b9a6e5a9,Pengguna Google,https://play-lh.googleusercontent.com/EGemoI2NTXmTsBVtJqk8jxF9rh8ApRWfsIMQSt2uE4OcpQqbFu7f7NbTK05lx80nuSijCz7sc3a277R67g,LUPA SANDI DAN TIDAK ADA JAWABAN. DI SURUH KE PELAYANAN LUPA SANDI GILIRAN VERIFIKASI WAJAH SELALU KEMBALI KE MENU UTAMA APK TOLOL,1,0,8.74.0,2025-10-15 11:56:23+00:00,"Hai, Jagoan. Mohon maaf untuk kendala yang kamu alami. Terkait kendala tersebut, kamu bisa segera laporkan ke Tanya Jago di nomor 1500746/021-30000746 atau e-mail ke tanya@jago.com ya. Tidak perlu khawatir karena tim terkait kami akan segera membantu. Terima kasih.",2025-10-15 15:13:26,8.74.0,Dataset/dataset\JAGO_googleplay_OCTOBER_reviews.csv,vermuk
b836a07d-894d-4003-bbc0-9baacba9fcca,Pengguna Google,https://play-lh.googleusercontent.com/EGemoI2NTXmTsBVtJqk8jxF9rh8ApRWfsIMQSt2uE4OcpQqbFu7f7NbTK05lx80nuSijCz7sc3a277R67g,"sangat membantu terutama membayar tagihan bulanan, seperti listrik, air, internet, bpjs, serta transfer uang",5,0,,2025-11-11 16:43:56+00:00,"Hi Kak. Terima kasih untuk review positifnya. Untuk transaksi di ShopeePay aman karena dilengkapi dengan fitur keamanan seperti PIN, kode OTP, sidik jari hingga verifikasi wajah. Jika kakak memiliki pertanyaan atau kendala seputar ShopeePay, mohon DM kami di Instagram @ShopeePay_ID ya. Semoga harimu menyenangkan. ^CS",2025-11-11 17:06:16,,Dataset/dataset\SHOPEEPAY_googleplay_NOVEMBER_reviews.csv,transfer
50208184-4c0a-4f6b-b265-7f134779dd3f,Pengguna Google,https://play-lh.googleusercontent.com/EGemoI2NTXmTsBVtJqk8jxF9rh8ApRWfsIMQSt2uE4OcpQqbFu7f7NbTK05lx80nuSijCz7sc3a277R67g,setiap gw mau top up erorr 😹,1,0,1.61.2,2025-10-30 21:17:32+00:00,"Hai Kak Erlin, pastikan jumlah top up tidak melebihi batas limit transaksi bulanan dan jaringan internet stabil. Jika masih bermasalah, laporkan melalui menu Bantuan > ketik ""Mengapa saya tidak bisa top up GoPay?"" > isi formulir dan cantumkan kode psr-25-303-1651-15299 di bagian 'Ceritakan lebih lanjut'. ^Melisa",2025-10-30 23:51:21,1.61.2,Dataset/dataset\GOPAY_googleplay_OCTOBER_reviews.csv,topup
4338c635-f3d9-49e2-b46b-2799e4ecb809,Pengguna Google,https://play-lh.googleusercontent.com/EGemoI2NTXmTsBVtJqk8jxF9rh8ApRWfsIMQSt2uE4OcpQqbFu7f7NbTK05lx80nuSijCz7sc3a277R67g,transfer dari ovo ke Bank BCA lama skali prosesnya masa harus tunggu 2 hari kerja? sangat jelek! di email juga tidak respon,1,0,3.144.0,2025-10-14 10:33:55+00:00,,,3.144.0,Dataset/dataset\OVO_googleplay_OCTOBER_reviews.csv,transfer
36c8dfa6-a90c-4a3a-a24a-35ecdbb3ae79,Pengguna Google,https://play-lh.googleusercontent.com/EGemoI2NTXmTsBVtJqk8jxF9rh8ApRWfsIMQSt2uE4OcpQqbFu7f7NbTK05lx80nuSijCz7sc3a277R67g,"pasti dan selalu setiap ada kendala di OVO yang jadi korban itu pengguna,entah saldonya yg hilang dan merugi,kenapa akhir akhir ini ovo selalu error ya pada saat top up saldo dan mengirim saldo.,alhasil saldo gak masuk masuk dan harus mengiklaskan saldonya hilang secara cuma cuma tanpa ada kejelasan yang pasti.entah sudah beberapa kali menemui kendala seperti ini.dan saldo hilang entah kemana.",1,6,3.144.0,2025-10-07 09:41:36+00:00,,,3.144.0,Dataset/dataset\OVO_googleplay_OCTOBER_reviews.csv,topup
54607f03-4702-4e04-8c61-b3b039783907,Pengguna Google,https://play-lh.googleusercontent.com/EGemoI2NTXmTsBVtJqk8jxF9rh8ApRWfsIMQSt2uE4OcpQqbFu7f7NbTK05lx80nuSijCz7sc3a277R67g,buat transfer harus verifikasi dulu,4,0,1.42.03,2025-11-23 22:10:44+00:00,"Hi Kak Anis, mohon maaf atas kendala transfer membutuhkan verifikasi. Untuk dapat melakukan transfer/tarik dana membutuhkan verifikasi identitas ShopeePay terlebih dahulu. Silakan pelajari lebih lanjut di https://help.shopee.co.id/portal/4/article/72961 . Mohon hubungi kami melalui DM Instagram di @ShopeePay_ID untuk bantuan lebih lanjut. ^CS",2025-11-24 11:30:00,1.42.03,Dataset/dataset\SHOPEEPAY_googleplay_NOVEMBER_reviews.csv,transfer
5804775e-8492-4687-879a-9bd0f4ac21e2,Pengguna Google,https://play-lh.googleusercontent.com/EGemoI2NTXmTsBVtJqk8jxF9rh8ApRWfsIMQSt2uE4OcpQqbFu7f7NbTK05lx80nuSijCz7sc3a277R67g,"tdk bs trx di atas jam 12 malam, saya mau trf VA utk pembelanjaan alfagift (app) gabisa keterangannya trx tdk bs diproses.. mohon utk dipermudah pembayaran mbankingnya. sdh sering seperti ini menghambat trx",2,0,3.1.0,2025-11-12 00:28:21+00:00,"Hi Sahabat @cantika, mohon maaf atas ketidaknyamanannya. Mohon berkenan untuk mencoba kembali secara berkala dan menunggu 10-15 menit kedepan dikhawatirkan sedang proses penarikan data akhir hari rutin ya. Tks~Charles",2025-11-12 00:29:15,3.1.0,Dataset/dataset\LIVIN_googleplay_NOVEMBER_reviews.csv,transfer
41953210-5919-49cd-a99d-8908157147fa,Pengguna Google,https://play-lh.googleusercontent.com/EGemoI2NTXmTsBVtJqk8jxF9rh8ApRWfsIMQSt2uE4OcpQqbFu7f7NbTK05lx80nuSijCz7sc3a277R67g,"admin tolong keluarin email saya yang lama dong, terkait kendala di login jadi dirubah ke email yang baru, soalnya saya lupa password saya harap semoga respon saya dibalas",3,0,,2025-11-06 22:55:10+00:00,"Halo, Jagoan! Mohon maaf atas ketidaknyamanan yang Kakak alami. Supaya bisa membantu lebih lanjut, Kakak bisa menginformasikan detail keluhannya melalui email tanya@jago.com ya. Tim terkait kami dengan senang hati akan membantu Kakak menyelesaikan permasalahannya.",2025-11-07 01:36:42,,Dataset/dataset\JAGO_googleplay_NOVEMBER_reviews.csv,login
839eb9cf-6b1d-4b2d-9823-0d7f4c033054,Pengguna Google,https://play-lh.googleusercontent.com/EGemoI2NTXmTsBVtJqk8jxF9rh8ApRWfsIMQSt2uE4OcpQqbFu7f7NbTK05lx80nuSijCz7sc3a277R67g,sangat bagus mengirim uang sangat cepat dan kalo pakek. dan kalo pake kode qris di gopey merchant limit 10 juta lagi boleh kirim uang dari aplikasi touch and goe ewallet malaisiya lagi dengan cepat masuk,5,28,1.61.2,2025-10-29 15:55:04+00:00,,,1.61.2,Dataset/dataset\GOPAY_googleplay_OCTOBER_reviews.csv,qris
6cbf7500-a690-425d-90e4-be1a1617782c,Pengguna Google,https://play-lh.googleusercontent.com/EGemoI2NTXmTsBVtJqk8jxF9rh8ApRWfsIMQSt2uE4OcpQqbFu7f7NbTK05lx80nuSijCz7sc3a277R67g,e-walet macam ap in mau login aja susah,1,0,3.144.0,2025-10-02 23:43:07+00:00,,,3.144.0,Dataset/dataset\OVO_googleplay_OCTOBER_reviews.csv,login
23332a8b-c1e3-4c4f-b57e-5a086fc9b54e,Pengguna Google,https://play-lh.googleusercontent.com/EGemoI2NTXmTsBVtJqk8jxF9rh8ApRWfsIMQSt2uE4OcpQqbFu7f7NbTK05lx80nuSijCz7sc3a277R67g,"kenapa setelah update mau jadi lambat, internet juga bagus, habis update GK bisa digunakan mau transfer loading terus menerus",3,1,1.62.0,2025-11-07 17:13:21+00:00,"Hai Kak Vanesa, sebelum transfer, pastikan status upgrade GoPay Plus sudah 'Diterima', nomor penerima valid dan tidak terblokir. Jika masih bermasalah, silakan kunjungi menu Bantuan di aplikasi GoPay atau email ke customerservice@gopay.co.id dan cantumkan kode psr-25-311-1203-42187 pada subjek email. ^Miko",2025-11-07 19:03:54,1.62.0,Dataset/dataset\GOPAY_googleplay_NOVEMBER_reviews.csv,transfer
e1bd2e30-e2a8-4f43-ae02-9d0c243a2623,Pengguna Google,https://play-lh.googleusercontent.com/EGemoI2NTXmTsBVtJqk8jxF9rh8ApRWfsIMQSt2uE4OcpQqbFu7f7NbTK05lx80nuSijCz7sc3a277R67g,"status pencairan dari dompet tunai grab berhasil. masa saldo nya tidak masuk sudah 1x24 jam. asaat ada kendala sangat sulit buat melakukan pelaporan. harus menunggu lama dan tidak ada kejelasan dalam penanganan, aplikasi sebesar ini masa live chat saja tidak ada, cs email juga sama saja respon gak jelas. saya check di aplikasi ovo masa uang saya di transfer ke ovo nabung.. heiiii saya gak ada ya transfer ke ovo nabung. invest kok pakai uang nasabah tanpa izin lagi dan lagi.. ovo merugikan!!!!",1,1,3.144.0,2025-10-07 00:14:02+00:00,,,3.144.0,Dataset/dataset\OVO_googleplay_OCTOBER_reviews.csv,transfer
d9aeba8d-2968-4ca0-9cff-24bab903289d,Pengguna Google,https://play-lh.googleusercontent.com/EGemoI2NTXmTsBVtJqk8jxF9rh8ApRWfsIMQSt2uE4OcpQqbFu7f7NbTK05lx80nuSijCz7sc3a277R67g,pergantian no hp aja dipersulit padahal seperti aplikasi lain aja hanya ktp dan scan wajah juga cukup !!!,1,0,,2025-10-13 19:35:40+00:00,"Halo, Jagoan! Mohon maaf apabila terdapat fitur atau layanan Jago yang belum sesuai harapan kamu. Kamu bisa menghubungi Tanya Jago di nomor 1500746 / 021-30000746 atau e-mail ke tanya@jago.com untuk kami bantu cek kendalanya lebih lanjut ya. Agent kami dengan senang hati membantu kamu.",2025-10-13 23:54:18,,Dataset/dataset\JAGO_googleplay_OCTOBER_reviews.csv,vermuk
04f1dd6f-5e9e-4d16-a6f6-be926e44f2a0,Pengguna Google,https://play-lh.googleusercontent.com/EGemoI2NTXmTsBVtJqk8jxF9rh8ApRWfsIMQSt2uE4OcpQqbFu7f7NbTK05lx80nuSijCz7sc3a277R67g,tepat janji bila ada promo dan gratis transfer makin mantap udah ada fitur QRIS nya tapi sekarang versi 8.75.0 27/10/2025 aplikasi nya suka nge lag,5,2,8.75.0,2025-10-27 21:06:20+00:00,"Halo Jagoan! Terima kasih telah memlilih Bank Jago. Bagi kami kenyamanan dan keamanan kamu adalah yang paling utama. Kami akan terus melakukan pengembangan dan memberikan pelayanan yang terbaik untuk kamu. Jika ada hal lain yang ingin ditanyakan, silakan menghubungi Tanya Jago di nomor 1500746 / 021-30000746 atau e-mail ke tanya@jago.com.",2022-06-28 07:41:16,8.75.0,Dataset/dataset\JAGO_googleplay_OCTOBER_reviews.csv,qris
38e2c9a1-89dc-446a-9356-78b8065af6ee,Pengguna Google,https://play-lh.googleusercontent.com/EGemoI2NTXmTsBVtJqk8jxF9rh8ApRWfsIMQSt2uE4OcpQqbFu7f7NbTK05lx80nuSijCz7sc3a277R67g,"halo saya pengguna baru atm mandiri baru, ketika saya mengunduh aplikasi livin dan ingin login akses. setelah beberapa tahap sampai mengatur sandi aplikasi dan mengatur pin perbankan tiba2 aplikasi mental dan saya coba ulangi sampai pada tahap mengisi tanggal tahun bulan lahir tidak bisa lanjut ketahap berikutnya dan mendapat notif di dalam aplikasi livin by mandiri ""proses belum dapat dilanjutkan, yuk buka akses kartu mandiri di atm mandiri terdekat atau hubungi call senter mandiri 14000""",1,0,,2025-11-20 19:06:04+00:00,"Halo Sahabat @agil fajar, mohon maaf atas ketidaknyamannya. Perihal kendala pada layanan Livin' by Mandiri, mohon untuk dapat mengirimkan email ke mandiricare@bankmandiri.co.id atau dapat menghubungi layanan mandiri 14000 agar dapat dilakukan pengecekan. Tks~Ervan",2025-11-20 19:07:37,,Dataset/dataset\LIVIN_googleplay_NOVEMBER_reviews.csv,login
f4b086d3-4324-47ac-8bc1-e7d96070fd3a,Pengguna Google,https://play-lh.googleusercontent.com/EGemoI2NTXmTsBVtJqk8jxF9rh8ApRWfsIMQSt2uE4OcpQqbFu7f7NbTK05lx80nuSijCz7sc3a277R67g,"gue kecewa top up e-money, tulisan nya sukses tapi di e-money nya nggak ada tolong lah kembalikan saldo saya",1,0,1.62.0,2025-11-08 17:02:12+00:00,"Hai Kak Nauval, mohon maaf atas ketidaknyamanannya. Pastikan kamu memasukkan nomor kartu dengan benar dan sudah update saldo e-money. Apabila masih berkendala, silakan laporkan detailnya ke email customerservice@gopay.co.id dan mencantumkan kode psr-25-312-1029-24785 pada subjek email yang dikirimkan. ^Miko",2025-11-08 17:29:41,1.62.0,Dataset/dataset\GOPAY_googleplay_NOVEMBER_reviews.csv,topup
52c0b506-f6e5-40a7-a605-a851efc8330c,Pengguna Google,https://play-lh.googleusercontent.com/EGemoI2NTXmTsBVtJqk8jxF9rh8ApRWfsIMQSt2uE4OcpQqbFu7f7NbTK05lx80nuSijCz7sc3a277R67g,"saya habis restart hp download LG Livin tetapi susah buat verifikasi wajah hadeeeeh, bagaimana ini dah 2jam ga bisa vermuk(verifikasi wajah) tolong di perbaiki lah apknya",1,0,2.2.0,2025-12-01 20:56:32+00:00,"Halo Sahabat @Siswoyo Driver, mohon maaf atas ketidaknyamannya. untuk perihal kendala pada layanan Livin' by Mandiri, mohon untuk dapat mengirimkan email ke mandiricare@bankmandiri.co.id atau dapat menghubungi layanan mandiri 14000 agar dapat dilakukan pengecekan. Tks~Charles",2025-12-01 20:59:56,2.2.0,Dataset/dataset\LIVIN_googleplay_DECEMBER_reviews.csv,vermuk
4ea61954-6434-404d-a6e9-684bb5918ee3,Pengguna Google,https://play-lh.googleusercontent.com/EGemoI2NTXmTsBVtJqk8jxF9rh8ApRWfsIMQSt2uE4OcpQqbFu7f7NbTK05lx80nuSijCz7sc3a277R67g,mantap go pay bs transfer dgn cepat dan sangat mudah pemakaiannya keman saja.,5,0,,2025-10-20 19:25:10+00:00,,,,Dataset/dataset\GOPAY_googleplay_OCTOBER_reviews.csv,transfer
b455fce4-140f-4c97-bb5d-12565bccc996,Pengguna Google,https://play-lh.googleusercontent.com/EGemoI2NTXmTsBVtJqk8jxF9rh8ApRWfsIMQSt2uE4OcpQqbFu7f7NbTK05lx80nuSijCz7sc3a277R67g,sekarang di persulit scan wajah nya mending aplikasi dana daripada gopay lebih jelas dan akurat ngga terlalu ribet.,2,0,1.64.1,2025-11-26 10:23:22+00:00,"Hai Kak Seno, mohon maaf atas ketidaknyamanannya. Pastikan kamu mengambil foto selfie dengan pencahayaan yang baik dan wajah terlihat jelas. Jika masih berkendala, silakan laporkan detailnya melalui email ke customerservice@gopay.co.id dan cantumkan kode psr-25-330-0352-56867 pada subjek email. ^Maura",2025-11-26 10:53:02,1.64.1,Dataset/dataset\GOPAY_googleplay_NOVEMBER_reviews.csv,vermuk
e845b463-29e7-41e5-a367-641237af5777,Pengguna Google,https://play-lh.googleusercontent.com/EGemoI2NTXmTsBVtJqk8jxF9rh8ApRWfsIMQSt2uE4OcpQqbFu7f7NbTK05lx80nuSijCz7sc3a277R67g,"top up dan transferan mudah dan cepat,,,",5,0,1.60.0,2025-10-21 23:49:37+00:00,,,1.60.0,Dataset/dataset\GOPAY_googleplay_OCTOBER_reviews.csv,topup
18e5e7c0-3f4c-4f1b-a200-d4efe910f50f,Pengguna Google,https://play-lh.googleusercontent.com/EGemoI2NTXmTsBVtJqk8jxF9rh8ApRWfsIMQSt2uE4OcpQqbFu7f7NbTK05lx80nuSijCz7sc3a277R67g,aplikasi yang sangat membantu buat TF maupun tarik tunai.bahkan bnyak fitur2 lainnya.pokoknya pakai shopeepay ga akan nyesel,5,0,,2025-10-30 20:31:45+00:00,"Hi Kak. Terima kasih telah menggunakan ShopeePay. Mari cek aplikasi ShopeePay karena banyak fitur yang mempermudah keseharian kakak seperti pembelian pulsa, paket data, pembayaran tagihan listrik dan pembayaran lainnya. Jika kakak memiliki pertanyaan seputar ShopeePay, mohon DM kami di Instagram @ShopeePay_ID ya. Semoga harimu menyenangkan ^RJ",2025-10-31 09:16:32,,Dataset/dataset\SHOPEEPAY_googleplay_OCTOBER_reviews.csv,transfer
2fba257f-3f17-47dc-8c21-05745eade72c,Pengguna Google,https://play-lh.googleusercontent.com/EGemoI2NTXmTsBVtJqk8jxF9rh8ApRWfsIMQSt2uE4OcpQqbFu7f7NbTK05lx80nuSijCz7sc3a277R67g,tf dana ke shope payy di dana udah kekirim tapi shope pay gak nambah padahal nomer udah bener trus pas hubungin customer serviss di kasih janji palsuu doang apk lawa,1,0,,2025-12-08 19:09:53+00:00,"Hi Kak Alam, Mohon maaf atas kendala Top Up ShopeePay yang belum diterima. Mohon menunggu 1x24 jam sejak melakukan Top Up. Apabila sudah melebihi estimasi namun belum diterima, silakan menghubungi kami dengan melampirkan bukti yang tertera nomor telepon, nominal, tanggal & waktu transaksi melalui DM ke IG @ShopeePay_ID yang bercentang biru ya. ^EN",2025-12-09 12:04:53,,Dataset/dataset\SHOPEEPAY_googleplay_DECEMBER_reviews.csv,transfer
e64d28aa-6b12-4199-bf6b-d2b8418b2df2,Pengguna Google,https://play-lh.googleusercontent.com/EGemoI2NTXmTsBVtJqk8jxF9rh8ApRWfsIMQSt2uE4OcpQqbFu7f7NbTK05lx80nuSijCz7sc3a277R67g,aplikasi GK guna udah dua kali transfer ke gopay uang nya ngk masuk di cs ngk bisa di hubungi hati hati bagi yang lain nanti bernasip yang sama,1,0,,2025-10-28 12:49:29+00:00,"Hai Kak Dona, pastikan nomor tujuan sudah benar, sudah cek halaman Riwayat, dan coba keluar dan masuk kembali ke aplikasi. Jika saldo masih belum masuk, silakan laporkan melalui menu Bantuan > ketik 'Top up GoPay saya belum masuk' > isi formulir dan cantumkan kode psr-25-301-0618-15753 pada bagian 'Ceritakan lebih lanjut'. ^Maura",2025-10-28 13:18:21,,Dataset/dataset\GOPAY_googleplay_OCTOBER_reviews.csv,transfer
eb2fb2a3-39a5-4209-b739-52aa0d285849,Pengguna Google,https://play-lh.googleusercontent.com/EGemoI2NTXmTsBVtJqk8jxF9rh8ApRWfsIMQSt2uE4OcpQqbFu7f7NbTK05lx80nuSijCz7sc3a277R67g,uang saya hilang TF qris karna gangguan cuma 30k aja ribet amat urus ny dari tgl 21 sampe skrg gak ada balik padahal laporan sudah lengkap sama bukti ny...gmn klo jutaan Jd bagi pengguna ovo mending buang aja pakai ewallet lain aja yg lebih amanah,1,0,3.147.0,2025-11-24 18:19:37+00:00,,,3.147.0,Dataset/dataset\OVO_googleplay_NOVEMBER_reviews.csv,qris
52333a55-76fe-4b35-a2dd-77e08b9437ff,Pengguna Google,https://play-lh.googleusercontent.com/EGemoI2NTXmTsBVtJqk8jxF9rh8ApRWfsIMQSt2uE4OcpQqbFu7f7NbTK05lx80nuSijCz7sc3a277R67g,susah bangget buat login ilang dah saldo saya,1,0,3.147.0,2025-11-13 22:37:14+00:00,,,3.147.0,Dataset/dataset\OVO_googleplay_NOVEMBER_reviews.csv,login
38d0dd5a-2cad-4ad4-aad2-2b22776b9082,Pengguna Google,https://play-lh.googleusercontent.com/EGemoI2NTXmTsBVtJqk8jxF9rh8ApRWfsIMQSt2uE4OcpQqbFu7f7NbTK05lx80nuSijCz7sc3a277R67g,aplikasinya enteng dan simple buat qris,5,0,1.44.05,2025-12-23 05:53:48+00:00,"Hi Kak. Terima kasih telah menggunakan ShopeePay. Mari cek aplikasi ShopeePay karena banyak fitur yang mempermudah keseharian kakak seperti pembelian pulsa, paket data, pembayaran tagihan listrik dan pembayaran lainnya. Jika kakak memiliki pertanyaan seputar ShopeePay, mohon DM kami di Instagram @ShopeePay_ID ya. Semoga harimu menyenangkan ^RJ",2025-12-23 09:36:22,1.44.05,Dataset/dataset\SHOPEEPAY_googleplay_DECEMBER_reviews.csv,qris
6413115e-8c0e-47bd-82c6-d07ec7b08da3,Pengguna Google,https://play-lh.googleusercontent.com/EGemoI2NTXmTsBVtJqk8jxF9rh8ApRWfsIMQSt2uE4OcpQqbFu7f7NbTK05lx80nuSijCz7sc3a277R67g,awal-awal saya pakai aplikasi ini mudah karena bisa pakai QR untuk pembayaran di toko namun akhirnya saya tahu bahwa aplikasi ini kualitasnya sangat-sangat benar-benar buruk ketika saya ingin menarik saldo ataupun transfer saya harus upgrade premiere sedangkan prosesnya itu benar-benar menyulitkan sehingga saldo saya stuck di dalam 😤😤😤😤,1,0,,2025-11-08 20:04:54+00:00,,,,Dataset/dataset\OVO_googleplay_NOVEMBER_reviews.csv,transfer
2d64a54a-f968-4743-8c25-310eb6f04f13,Pengguna Google,https://play-lh.googleusercontent.com/EGemoI2NTXmTsBVtJqk8jxF9rh8ApRWfsIMQSt2uE4OcpQqbFu7f7NbTK05lx80nuSijCz7sc3a277R67g,2x ada yg tf ke Ovo tapi saldo 0 terus tampilan saldo tidak muncul,1,0,3.150.0,2025-12-27 15:09:59+00:00,,,3.150.0,Dataset/dataset\OVO_googleplay_DECEMBER_reviews.csv,transfer
20ed1f34-797d-4b7f-9ee6-80f5135d58aa,Pengguna Google,https://play-lh.googleusercontent.com/EGemoI2NTXmTsBVtJqk8jxF9rh8ApRWfsIMQSt2uE4OcpQqbFu7f7NbTK05lx80nuSijCz7sc3a277R67g,gopay saya sudah limit 40 jt. nah pas ada yg transfer blum masuk. itu kira2 saldo masuk apa hilang ya tolong dibantu saya butuh uang itu,1,0,1.61.2,2025-11-01 12:42:35+00:00,,,1.61.2,Dataset/dataset\GOPAY_googleplay_NOVEMBER_reviews.csv,transfer
b1e60273-4f32-4a52-af15-b5559bd52fde,Pengguna Google,https://play-lh.googleusercontent.com/EGemoI2NTXmTsBVtJqk8jxF9rh8ApRWfsIMQSt2uE4OcpQqbFu7f7NbTK05lx80nuSijCz7sc3a277R67g,"Cara efektif buat transfer uang, bayar tagihan listrik,pdam, wifi, beli pulsa paket data, komplit ,pokoknya",5,1,1.62.0,2025-11-14 05:06:10+00:00,,,1.62.0,Dataset/dataset\GOPAY_googleplay_NOVEMBER_reviews.csv,transfer
2512e913-bce6-4ac5-a99c-ba401b9bf48a,Pengguna Google,https://play-lh.googleusercontent.com/EGemoI2NTXmTsBVtJqk8jxF9rh8ApRWfsIMQSt2uE4OcpQqbFu7f7NbTK05lx80nuSijCz7sc3a277R67g,permisi ini kenapa setiap mau login lemot sekali astaga sangat menyebalkan tolong di optimalkan lagi untuk koneksinya,1,1,3.2.0,2025-11-19 18:18:44+00:00,"Halo Sahabat @Dhit Zyy, mohon maaf atas ketidaknyamannya. Perihal kendala pada layanan Livin' by Mandiri, mohon untuk dapat mengirimkan email ke mandiricare@bankmandiri.co.id atau dapat menghubungi layanan mandiri 14000 agar dapat dilakukan pengecekan. Tks~Abrar",2025-11-19 18:23:23,3.2.0,Dataset/dataset\LIVIN_googleplay_NOVEMBER_reviews.csv,login
20623cbb-7855-4893-a2d5-28ed87707949,Pengguna Google,https://play-lh.googleusercontent.com/EGemoI2NTXmTsBVtJqk8jxF9rh8ApRWfsIMQSt2uE4OcpQqbFu7f7NbTK05lx80nuSijCz7sc3a277R67g,lebih gampang transfer,5,0,1.60.0,2025-10-19 04:36:00+00:00,,,1.60.0,Dataset/dataset\GOPAY_googleplay_OCTOBER_reviews.csv,transfer
abc8bb86-52be-48b8-b229-d5aeb64842ff,Pengguna Google,https://play-lh.googleusercontent.com/EGemoI2NTXmTsBVtJqk8jxF9rh8ApRWfsIMQSt2uE4OcpQqbFu7f7NbTK05lx80nuSijCz7sc3a277R67g,ada sapa dengan ovo topup gak masuk masuk biasanya cepat ini pending mulu gak masuk masuk,3,0,,2025-11-07 20:47:18+00:00,,,,Dataset/dataset\OVO_googleplay_NOVEMBER_reviews.csv,topup
ebba2be7-b4dd-4e57-b84d-fabbdd8c7ab4,Pengguna Google,https://play-lh.googleusercontent.com/EGemoI2NTXmTsBVtJqk8jxF9rh8ApRWfsIMQSt2uE4OcpQqbFu7f7NbTK05lx80nuSijCz7sc3a277R67g,kenapa tidak bisa pembayaran qris,1,0,1.41.06,2025-10-27 23:35:30+00:00,"Hi Kak Rizal, Mohon maaf mengenai kendala tidak bisa transaksi pembayaran dengan QRIS. Mohon pastikan telah menggunakan aplikasi ShopeePay terbaru dan silakan bisa coba berkala. Apabila masih berkendala mohon menghubungi kami melalui DM Instagram di @ShopeePay_ID untuk bantuan lebih lanjut. Semoga kendala kakak segera terselesaikan ^CS",2025-10-28 11:01:36,1.41.06,Dataset/dataset\SHOPEEPAY_googleplay_OCTOBER_reviews.csv,qris
5941d963-ff5b-4697-b1ec-9fb7f10ecb29,Pengguna Google,https://play-lh.googleusercontent.com/EGemoI2NTXmTsBVtJqk8jxF9rh8ApRWfsIMQSt2uE4OcpQqbFu7f7NbTK05lx80nuSijCz7sc3a277R67g,"wah pdhl saya dh punya akun d sini, tapi ga ada pilihan buat login, cuma bisa bikin akun baru doank",2,0,2.5.0,2025-10-29 08:42:16+00:00,"Hai, Kak Aliyah. Maaf atas ketidaknyamanannya. Terkait kendala tersebut Kakak bisa masuk dengan mengklik ""Yuk Mulai"" dan memasukkan nomor handphone Kakak yang telah terdaftar di rekening blu dan memasukkan kode OTP yang Kakak terima. Lalu ikuti sampai login berhasil ya Kak.",2025-10-29 09:33:18,2.5.0,Dataset/dataset\BLU_googleplay_OCTOBER_reviews.csv,login
dcb5cfd1-e5f1-42fe-a4fc-d4f4d7d6285c,Pengguna Google,https://play-lh.googleusercontent.com/EGemoI2NTXmTsBVtJqk8jxF9rh8ApRWfsIMQSt2uE4OcpQqbFu7f7NbTK05lx80nuSijCz7sc3a277R67g,"Tolong bikin fitur hapus akun penerima,Kenapa nama akun penerima tidak bisa trhapus atau riwayat transaksi nama penerima, seharusnya bisa biar lebih aman, jangan save otomatis dn ga bisa dhapus takut Tf berikutnya salah klik pilihan rugi nantinya",4,4,1.62.0,2025-11-11 05:27:32+00:00,,,1.62.0,Dataset/dataset\GOPAY_googleplay_NOVEMBER_reviews.csv,transfer
1aa6c6da-1e3a-485b-8ddc-194286e159db,Pengguna Google,https://play-lh.googleusercontent.com/EGemoI2NTXmTsBVtJqk8jxF9rh8ApRWfsIMQSt2uE4OcpQqbFu7f7NbTK05lx80nuSijCz7sc3a277R67g,mengapa aplikasi livin mandiri saya TDK bisa transfer uang dan pulsa mohon bantuannya.,3,0,3.2.0,2025-12-09 18:26:01+00:00,"Halo Sahabat @Risal Saldi, mohon maaf atas ketidaknyamanannya. Terkait kendala Sahabat mohon untuk dapat mengirimkan email ke mandiricare@bankmandiri.co.id atau dapat menghubungi Mandiri Call 14000 lalu tekan 2 agar dapat dilakukan pengecekan. Tks~Amar",2025-12-09 18:29:46,3.2.0,Dataset/dataset\LIVIN_googleplay_DECEMBER_reviews.csv,transfer
420ac358-0a9f-43b1-b952-3a0bd15a889a,Pengguna Google,https://play-lh.googleusercontent.com/EGemoI2NTXmTsBVtJqk8jxF9rh8ApRWfsIMQSt2uE4OcpQqbFu7f7NbTK05lx80nuSijCz7sc3a277R67g,"ini komplain nya dimana selain call center? - terjadi kendala / masalah, dapat transferan, tetapi belum menerima saldo/saldo nya belum masuk ke rekening ovo, sedangkan transaksi berhasil di transfer / terkirim, terimakasih",1,3,3.144.0,2025-10-07 01:02:46+00:00,,,3.144.0,Dataset/dataset\OVO_googleplay_OCTOBER_reviews.csv,transfer
a0b5357c-4e5c-4d8b-a76b-a531b7df510d,Pengguna Google,https://play-lh.googleusercontent.com/EGemoI2NTXmTsBVtJqk8jxF9rh8ApRWfsIMQSt2uE4OcpQqbFu7f7NbTK05lx80nuSijCz7sc3a277R67g,gini nih aplikasi Livin susah login klau krtu dah ga k pto ss ini tolong jgn d persulit,1,0,,2025-12-31 16:33:52+00:00,"Halo Sahabat @Kurnia Kurnia, mohon maaf atas ketidaknyamanannya. Terkait kendala Sahabat mohon untuk dapat mengirimkan email ke mandiricare@bankmandiri.co.id atau menghubungi Mandiri Call 14000 lalu tekan 2 agar dapat dilakukan pengecekan. Tks~Cira",2025-12-31 16:36:41,,Dataset/dataset\LIVIN_googleplay_DECEMBER_reviews.csv,login
2db9702d-415e-40f3-86bb-ab9254ec5df0,Pengguna Google,https://play-lh.googleusercontent.com/EGemoI2NTXmTsBVtJqk8jxF9rh8ApRWfsIMQSt2uE4OcpQqbFu7f7NbTK05lx80nuSijCz7sc3a277R67g,aku dapat uang ku kembali saat top up dan di awal download aku dapat koin gratis 51 rupiah,5,0,1.59.0,2025-10-02 07:04:28+00:00,,,1.59.0,Dataset/dataset\GOPAY_googleplay_OCTOBER_reviews.csv,topup
81898308-972c-4366-8e77-f221419415b9,Pengguna Google,https://play-lh.googleusercontent.com/EGemoI2NTXmTsBVtJqk8jxF9rh8ApRWfsIMQSt2uE4OcpQqbFu7f7NbTK05lx80nuSijCz7sc3a277R67g,"apk kaga jls anjg duit gua kesedot mulu,tf 100 kesedot 200,beli paketan 5rb kesedot 60rb",1,1,1.62.0,2025-11-18 03:51:35+00:00,"Hai Kak Kevin, mohon maaf atas ketidaknyamanannya. Terkait keluhan tersebut, silakan laporkan melalui email ke customerservice@gopay.co.id dengan melampirkan kode psr-25-322-0007-25726 pada subject email. Kami tunggu detail laporan kamu ya. ^Maura",2025-11-18 07:07:33,1.62.0,Dataset/dataset\GOPAY_googleplay_NOVEMBER_reviews.csv,transfer
50209237-65ff-46d3-ae56-e642b59bce3d,Pengguna Google,https://play-lh.googleusercontent.com/EGemoI2NTXmTsBVtJqk8jxF9rh8ApRWfsIMQSt2uE4OcpQqbFu7f7NbTK05lx80nuSijCz7sc3a277R67g,susah banget Qris nya kadang gagal.,1,0,,2025-10-07 16:00:47+00:00,,,,Dataset/dataset\OVO_googleplay_OCTOBER_reviews.csv,qris
0031bd50-c3de-4581-991b-fae71a2d2cf9,Pengguna Google,https://play-lh.googleusercontent.com/EGemoI2NTXmTsBVtJqk8jxF9rh8ApRWfsIMQSt2uE4OcpQqbFu7f7NbTK05lx80nuSijCz7sc3a277R67g,"bagaimana ini kok tiba-tiba gak bisa di pakai sudah 2 hari OVOku, sudah di update tapi masih saja tidak bisa di gunakan top up grab driver 🤦‍♂️ padahal sangat membantu.",2,2,3.146.0,2025-11-09 10:11:22+00:00,,,3.146.0,Dataset/dataset\OVO_googleplay_NOVEMBER_reviews.csv,topup
44a382c8-a8af-49e2-b662-6206812c9482,Pengguna Google,https://play-lh.googleusercontent.com/EGemoI2NTXmTsBVtJqk8jxF9rh8ApRWfsIMQSt2uE4OcpQqbFu7f7NbTK05lx80nuSijCz7sc3a277R67g,kenapa akhir-akhir ini akun gopay saya susah bila mau di top up. mohon penjelasannya,5,0,1.64.1,2025-11-30 18:10:56+00:00,,,1.64.1,Dataset/dataset\GOPAY_googleplay_NOVEMBER_reviews.csv,topup
4c176b4e-ff37-4e4a-9189-bd3b8170e32d,Pengguna Google,https://play-lh.googleusercontent.com/EGemoI2NTXmTsBVtJqk8jxF9rh8ApRWfsIMQSt2uE4OcpQqbFu7f7NbTK05lx80nuSijCz7sc3a277R67g,"jelek,,,masa transfer sampe 3 hari ga masuk2. parahhhhhh",1,1,3.144.0,2025-10-19 09:03:49+00:00,,,3.144.0,Dataset/dataset\OVO_googleplay_OCTOBER_reviews.csv,transfer
0dfac306-57f2-45a2-8935-13345427c54e,Pengguna Google,https://play-lh.googleusercontent.com/EGemoI2NTXmTsBVtJqk8jxF9rh8ApRWfsIMQSt2uE4OcpQqbFu7f7NbTK05lx80nuSijCz7sc3a277R67g,padahal hp ga goyang pas verifikasi wajah . tapi tulisan hp goyang terus gak jelas,1,0,,2025-10-02 12:57:06+00:00,"Hai, Kak Tasya. Maaf atas ketidaknyamanannya. Kami akan selalu berusaha memberikan yang terbaik demi kebutuhan perbankan Kakak. Terkait hal tersebut pastikan beberapa hal berikut, pastikan Kakak tidak memakai sunglasses, di tempat yang terang, tidak backlight, posisi wajah di dalam lingkaran dan pastikan aplikasi blu versi terupdate ya.",2025-10-02 14:08:01,,Dataset/dataset\BLU_googleplay_OCTOBER_reviews.csv,vermuk
f48123ea-d313-41a6-a0bf-ff6f0d10c5dd,Pengguna Google,https://play-lh.googleusercontent.com/EGemoI2NTXmTsBVtJqk8jxF9rh8ApRWfsIMQSt2uE4OcpQqbFu7f7NbTK05lx80nuSijCz7sc3a277R67g,"pertama kali make jago, gabisa nunjukin qr code buat qris, cuma bisa ngescan doang",2,0,8.76.0,2025-11-06 19:16:21+00:00,"Halo, Jagoan. Mohon maaf atas kendala yang terjadi ya. Kamu tidak perlu khawatir, kamu bisa menjelaskan detail kendala tersebut melalui email di tanya@jago.com atau call center 1500 746 untuk kami bantu tangani lebih lanjut. Terima kasih :)",2025-11-06 20:08:58,8.76.0,Dataset/dataset\JAGO_googleplay_NOVEMBER_reviews.csv,qris
9af579b3-d2ae-4304-97aa-c2b95c95e041,Pengguna Google,https://play-lh.googleusercontent.com/EGemoI2NTXmTsBVtJqk8jxF9rh8ApRWfsIMQSt2uE4OcpQqbFu7f7NbTK05lx80nuSijCz7sc3a277R67g,"buat bayar qris pending mulu heran, yg lain lancar-lancar aja laporan k ovo juga ribet",1,0,,2025-10-18 12:10:32+00:00,,,,Dataset/dataset\OVO_googleplay_OCTOBER_reviews.csv,qris
94d8cccb-0bd2-479b-ad58-a9727019a72e,Pengguna Google,https://play-lh.googleusercontent.com/EGemoI2NTXmTsBVtJqk8jxF9rh8ApRWfsIMQSt2uE4OcpQqbFu7f7NbTK05lx80nuSijCz7sc3a277R67g,"bahaya nih,. masa jaringan ada,. tapi tak bisa transfer,. ?? muter² teruss,... koneksi terputus, koneksi internet terhubung,. gitu² aja terus.",2,1,8.76.0,2025-11-08 19:54:05+00:00,"Halo, Jagoan. Mohon maaf atas kendala yang terjadi ya. Kamu tidak perlu khawatir, kamu bisa menjelaskan detail kendala tersebut melalui email di tanya@jago.com atau call center 1500 746 untuk kami bantu tangani lebih lanjut. Terima kasih :)",2025-11-08 21:46:48,8.76.0,Dataset/dataset\JAGO_googleplay_NOVEMBER_reviews.csv,transfer
92a3fa79-01a3-4d4e-b49c-ebb9b225af55,Pengguna Google,https://play-lh.googleusercontent.com/EGemoI2NTXmTsBVtJqk8jxF9rh8ApRWfsIMQSt2uE4OcpQqbFu7f7NbTK05lx80nuSijCz7sc3a277R67g,"Dengan pengalaman di aplikasi yang banyak ditemui dan sangat membantu dalam perihal transfer, beli pulsa,bayar ini bayar itu 👍👍",5,0,,2025-11-09 19:36:53+00:00,,,,Dataset/dataset\GOPAY_googleplay_NOVEMBER_reviews.csv,transfer
3b6d5d3d-b980-40e8-8e01-72d09f5a448d,Pengguna Google,https://play-lh.googleusercontent.com/EGemoI2NTXmTsBVtJqk8jxF9rh8ApRWfsIMQSt2uE4OcpQqbFu7f7NbTK05lx80nuSijCz7sc3a277R67g,aplikasi gak guna tf pending CS juga gak ada balesan mending hapus aja aplikasinya,1,0,,2025-12-08 21:27:08+00:00,"Hi Kak Ryu. Mohon maaf mengenai kendala transfer ShopeePay kyang belum diterima. Untuk pengecekan lebih lanjut, mohon menghubungi kami melalui DM ke Instagram @ShopeePay_ID dengan melampirkan bukti transfer yang tertera nomor transaksi (Order SN), nominal, tanggal dan waktu transaksi. ^EN",2025-12-09 11:42:32,,Dataset/dataset\SHOPEEPAY_googleplay_DECEMBER_reviews.csv,transfer
247ec5dd-0e13-42cd-aa7e-bfe0886ef2d6,Pengguna Google,https://play-lh.googleusercontent.com/EGemoI2NTXmTsBVtJqk8jxF9rh8ApRWfsIMQSt2uE4OcpQqbFu7f7NbTK05lx80nuSijCz7sc3a277R67g,"knp lemooot bngt si makin kesini livin...trnyt udah bnyk complaint, smpi malu mau bnyr pki qris berkali kali keluar masuk,tlng perbaiki!!",1,1,3.1.0,2025-11-05 20:14:57+00:00,"Halo Sahabat @Titi Azis, mohon maaf atas ketidaknyamanannya. Apabila terdapat kendala agar dapat kami tindaklanjuti, Sahabat dapat mengirimkan email ke mandiricare@bankmandiri.co.id atau menghubungi layanan mandiri call 14000 ya. Tks~Gala",2025-11-05 20:17:55,3.1.0,Dataset/dataset\LIVIN_googleplay_NOVEMBER_reviews.csv,qris
a2c47ebc-516a-4955-9838-354c7e86ab3b,Pengguna Google,https://play-lh.googleusercontent.com/EGemoI2NTXmTsBVtJqk8jxF9rh8ApRWfsIMQSt2uE4OcpQqbFu7f7NbTK05lx80nuSijCz7sc3a277R67g,Susah amat cih login dari aplikasi baru..😡😡,1,0,3.1.0,2025-11-03 13:00:03+00:00,"Halo Sahabat @Kirana Kayla, mohon maaf atas ketidaknyamannya. Perihal kendala pada layanan Livin' by Mandiri, mohon untuk dapat mengirimkan email ke mandiricare@bankmandiri.co.id atau dapat menghubungi layanan mandiri 14000 agar dapat dilakukan pengecekan. Tks~Ninis",2025-11-03 13:04:16,3.1.0,Dataset/dataset\LIVIN_googleplay_NOVEMBER_reviews.csv,login
a1302ac7-f3af-4633-8606-17cdbf060714,Pengguna Google,https://play-lh.googleusercontent.com/EGemoI2NTXmTsBVtJqk8jxF9rh8ApRWfsIMQSt2uE4OcpQqbFu7f7NbTK05lx80nuSijCz7sc3a277R67g,"kacauuuuu, saldo ngendap, gabisa transfer gabisa qris gabisa ambil saldo, kacau parah. ini ada keperluan penting untuk pembayaran, udah sering terjadi kaya gini. ini nya kacau",1,3,8.75.0,2025-10-22 14:29:30+00:00,"Halo, Jagoan. Mohon maaf atas kendala yang terjadi ya. Kamu tidak perlu khawatir, kamu bisa menjelaskan detail kendala tersebut melalui email di tanya@jago.com atau call center 1500 746 untuk kami bantu tangani lebih lanjut. Terima kasih :)",2025-10-22 14:31:19,8.75.0,Dataset/dataset\JAGO_googleplay_OCTOBER_reviews.csv,qris
20b9fdc8-312e-4c73-8541-d4316a9e5f8c,Pengguna Google,https://play-lh.googleusercontent.com/EGemoI2NTXmTsBVtJqk8jxF9rh8ApRWfsIMQSt2uE4OcpQqbFu7f7NbTK05lx80nuSijCz7sc3a277R67g,"Tiap TOP UP OVO dr bank Jago kena Admin 2000, padahal dr Jago nya free admin. Invest di Bareksa Via OVO aja udah kena admin 1000. hadeh",1,0,3.148.0,2025-11-30 16:41:40+00:00,"Hai Kak, mohon maaf atas ketidaknyamanannya. Apabila ada keluhan atau pertanyaan mengenai aplikasi OVO, mohon menghubungi tim kami melalui email di cs@ovo.id atau call center kami di 1500-696. Terima kasih. ^TM
",2022-06-19 22:22:08,3.148.0,Dataset/dataset\OVO_googleplay_NOVEMBER_reviews.csv,topup
f8ca3840-90ee-426f-b86f-2b926e3a1788,Pengguna Google,https://play-lh.googleusercontent.com/EGemoI2NTXmTsBVtJqk8jxF9rh8ApRWfsIMQSt2uE4OcpQqbFu7f7NbTK05lx80nuSijCz7sc3a277R67g,"trf ke spay kena admin seribu, dr spay keterima nya udh kepotong juga seribu, jadi dr gopay ke spay kepotong 2 ribu",3,1,1.60.0,2025-10-25 22:22:06+00:00,"Hai Kak Ricky, mohon maaf atas ketidaknyamanannya. Kami informasikan setiap transaksi/penarikan saldo GoPay memiliki biaya admin, hal tersebut sudah menjadi kebijakan dari GoPay ya. Apabila pada e-wallet yang dituju dipotong admin kembali silakan bisa lakukan pelaporan ke e-wallet tersebut ya. Terima kasih ^Melisa",2025-10-25 23:07:53,1.60.0,Dataset/dataset\GOPAY_googleplay_OCTOBER_reviews.csv,transfer
c4af0aa7-3ac2-4d8f-9877-5b34bbad2727,Pengguna Google,https://play-lh.googleusercontent.com/EGemoI2NTXmTsBVtJqk8jxF9rh8ApRWfsIMQSt2uE4OcpQqbFu7f7NbTK05lx80nuSijCz7sc3a277R67g,"aplikasi yang mudah di akses dan bisa transfer gratis, sangat recommended",5,0,1.44.05,2025-12-17 08:16:23+00:00,"Hi Kak. Terima kasih telah menggunakan ShopeePay. Mari cek aplikasi ShopeePay karena banyak fitur yang mempermudah keseharian kakak seperti pembelian pulsa, paket data, pembayaran tagihan listrik dan pembayaran lainnya. Jika kakak memiliki pertanyaan seputar ShopeePay, mohon DM kami di Instagram @ShopeePay_ID ya. Semoga harimu menyenangkan ^RJ",2025-12-17 09:50:21,1.44.05,Dataset/dataset\SHOPEEPAY_googleplay_DECEMBER_reviews.csv,transfer
68150461-2dd7-421c-bb96-f977e4fba2d8,Pengguna Google,https://play-lh.googleusercontent.com/EGemoI2NTXmTsBVtJqk8jxF9rh8ApRWfsIMQSt2uE4OcpQqbFu7f7NbTK05lx80nuSijCz7sc3a277R67g,"bisa ga ya biaya top up nya dipisah, niat hati top up 100 yang masuk malah kurang",4,0,3.147.0,2025-11-25 07:42:00+00:00,,,3.147.0,Dataset/dataset\OVO_googleplay_NOVEMBER_reviews.csv,topup
d074dadc-f04b-4c3d-9305-7e895462958c,Pengguna Google,https://play-lh.googleusercontent.com/EGemoI2NTXmTsBVtJqk8jxF9rh8ApRWfsIMQSt2uE4OcpQqbFu7f7NbTK05lx80nuSijCz7sc3a277R67g,pembayaran QRIS dengan GoPay Later belum bisa dilakukan,3,1,1.60.0,2025-10-29 14:05:46+00:00,"Hai Kak Yoga, mohon maaf atas kendala yang kamu alami terkait GoPay Pinjam. Agar masalahnya dapat segera kami bantu, silakan ceritakan lebih lanjut kepada kami melalui email ke support@findaya.com dan cantumkan kode psr-25-302-0953-40299 di subjek email, ya. ^Melisa",2025-10-29 16:50:37,1.60.0,Dataset/dataset\GOPAY_googleplay_OCTOBER_reviews.csv,qris
ba70c332-ce0d-457f-abba-ecf421b61adc,Pengguna Google,https://play-lh.googleusercontent.com/EGemoI2NTXmTsBVtJqk8jxF9rh8ApRWfsIMQSt2uE4OcpQqbFu7f7NbTK05lx80nuSijCz7sc3a277R67g,"E WALLET BOBROK MAU QRIS SUSAH, KALOUDAH TENGAH MALEM GABISA TF KE E WALLET, GUA DARI KEMAREN TF KE E WALLET SALDO NYA BELOM MASUK² UDAH 2 HARI. MENDING DI HAPUS AJA INI E WALLET MERUGIKANNN!!!",2,0,,2025-11-10 00:48:27+00:00,"Hai Kak Raihan, pastikan nomor tujuan benar dan sudah cek halaman Riwayat. Jika setelah 2x24 jam di hari kerja (diluar Sabtu, Minggu, atau Libur) saldo belum bertambah, silakan lapor ke menu Bantuan > ketik 'Transfer saldo ke bank atau e-wallet belum diterima' dan cantumkan kode psr-25-314-0115-46862 pada bagian 'Ceritakan lebih lanjut'. ^Maura",2025-11-10 08:15:53,,Dataset/dataset\GOPAY_googleplay_NOVEMBER_reviews.csv,qris
b7cf67c7-570d-400e-aa94-5da33933f322,Pengguna Google,https://play-lh.googleusercontent.com/EGemoI2NTXmTsBVtJqk8jxF9rh8ApRWfsIMQSt2uE4OcpQqbFu7f7NbTK05lx80nuSijCz7sc3a277R67g,Saya top up lewat bca mobile keterangan masuk berhasil di ovo malah saldo gak nambah gak jelas ovo lama2 responnya pun gak ada saldo gak balik2 kecewa padahal lagi butuh banget malah saldo gak masuk2 sering banget kejadian kyak gini cs pun gak cepat tanggap kayak aplikasi lain.,1,4,3.149.0,2025-12-09 04:52:28+00:00,"Hai Kak, mohon maaf atas ketidaknyamanannya. Apabila ada keluhan atau pertanyaan mohon menghubungi tim kami melalui email di cs@ovo.id atau call center kami di 1500-696. Terima kasih. ^RP
",1/22/2022 6:37,3.149.0,Dataset/dataset\OVO_googleplay_DECEMBER_reviews.csv,topup
3939734e-dae4-4043-8c9a-cf4c1c4c6d01,Pengguna Google,https://play-lh.googleusercontent.com/EGemoI2NTXmTsBVtJqk8jxF9rh8ApRWfsIMQSt2uE4OcpQqbFu7f7NbTK05lx80nuSijCz7sc3a277R67g,"update juga kayak percuma, mau login aja sdh setengah jam tetap gak bisa muncul menu loginnya, mengecewakan 😫😫😖",3,0,3.2.0,2025-12-10 09:36:18+00:00,"Halo Sahabat @Qomariyah Anisa, mohon maaf atas ketidaknyamanannya. Terkait kendala Sahabat mohon untuk dapat mengirimkan email ke mandiricare@bankmandiri.co.id atau dapat menghubungi Mandiri Call 14000 lalu tekan 2 agar dapat dilakukan pengecekan. Tks~Risa",2025-12-10 09:39:14,3.2.0,Dataset/dataset\LIVIN_googleplay_DECEMBER_reviews.csv,login
eac5c6e4-71be-4673-ba40-006d94f86ee3,Pengguna Google,https://play-lh.googleusercontent.com/EGemoI2NTXmTsBVtJqk8jxF9rh8ApRWfsIMQSt2uE4OcpQqbFu7f7NbTK05lx80nuSijCz7sc3a277R67g,saya gunakan qris kenapa hanya loading dan diproses sudah seminggu,1,0,3.117.0,2025-12-17 16:29:59+00:00,,,3.117.0,Dataset/dataset\OVO_googleplay_DECEMBER_reviews.csv,qris
81463b32-249c-4ca0-afd8-3e782260ad61,Pengguna Google,https://play-lh.googleusercontent.com/EGemoI2NTXmTsBVtJqk8jxF9rh8ApRWfsIMQSt2uE4OcpQqbFu7f7NbTK05lx80nuSijCz7sc3a277R67g,"jadi ngeribetin banget, bisa gak kalo ada fitur top up dari ewalet, makin susah bagi sebagian orang buat check out",1,0,,2025-12-12 17:57:55+00:00,"Hi Kak pante. Kami memahami terkait Top Up ShopeePay melalui ewallet. Untuk mengisi saldo silakan pilih Isi Saldo>pilih metode pembayaran yang diinginkan>pilih ikon Konfirmasi dan selesaikan tahapan pembayaran. Info lebih lanjut klik https://help.shopee.co.id/portal/4/article/71831 . Untuk bantuan, mohon DM kami di Instagram @ShopeePay_ID ya. ^CS",2025-12-15 17:58:05,,Dataset/dataset\SHOPEEPAY_googleplay_DECEMBER_reviews.csv,topup
bcb18a26-db37-4309-b45d-0e06f231d3e1,Pengguna Google,https://play-lh.googleusercontent.com/EGemoI2NTXmTsBVtJqk8jxF9rh8ApRWfsIMQSt2uE4OcpQqbFu7f7NbTK05lx80nuSijCz7sc3a277R67g,Transfer bebas biaya,5,0,1.61.2,2025-11-06 05:38:48+00:00,,,1.61.2,Dataset/dataset\GOPAY_googleplay_NOVEMBER_reviews.csv,transfer
42fe0c1a-9c9e-4dcc-ab79-975999fba139,Pengguna Google,https://play-lh.googleusercontent.com/EGemoI2NTXmTsBVtJqk8jxF9rh8ApRWfsIMQSt2uE4OcpQqbFu7f7NbTK05lx80nuSijCz7sc3a277R67g,"bisa nabung dan topup game, pulsa, paket data, hemat saldo nya",5,1,1.60.0,2025-10-21 20:48:23+00:00,,,1.60.0,Dataset/dataset\GOPAY_googleplay_OCTOBER_reviews.csv,topup
f67e7e5c-303f-4189-8a07-ba66eaeb13a3,Pengguna Google,https://play-lh.googleusercontent.com/EGemoI2NTXmTsBVtJqk8jxF9rh8ApRWfsIMQSt2uE4OcpQqbFu7f7NbTK05lx80nuSijCz7sc3a277R67g,"ngga bisa top up game, juga banyak bug",1,128,1.62.0,2025-11-15 15:34:04+00:00,"Hai Kak Fahri, mohon maaf atas ketidaknyamanannya. Terkait keluhan tersebut, silakan laporkan melalui email ke customerservice@gopay.co.id dengan melampirkan kode psr-25-319-0843-38814 pada subject email. Kami tunggu detail laporan kamu ya. ^Maura",2025-11-15 15:43:44,1.62.0,Dataset/dataset\GOPAY_googleplay_NOVEMBER_reviews.csv,topup
fd2aa7a8-26cf-488e-932e-74855fc1acc9,Pengguna Google,https://play-lh.googleusercontent.com/EGemoI2NTXmTsBVtJqk8jxF9rh8ApRWfsIMQSt2uE4OcpQqbFu7f7NbTK05lx80nuSijCz7sc3a277R67g,gabguss banyak bug transfer masih 2500 di elawalet lain gratis,1,0,3.144.0,2025-10-06 08:47:33+00:00,,,3.144.0,Dataset/dataset\OVO_googleplay_OCTOBER_reviews.csv,transfer
4d1bfb25-deb2-44b7-a961-482eab089aa6,Pengguna Google,https://play-lh.googleusercontent.com/EGemoI2NTXmTsBVtJqk8jxF9rh8ApRWfsIMQSt2uE4OcpQqbFu7f7NbTK05lx80nuSijCz7sc3a277R67g,"aplikasi tolol , akun tiba"" ke logout sendiri mana pas login gak bisa padahal udah bener id sama sandi eh Mala di blokir sementara, najisss aplikasi gak jelas",1,0,,2025-10-11 19:01:11+00:00,"Halo, Jagoan. Mohon maaf atas kendala yang terjadi ya. Kamu tidak perlu khawatir, kamu bisa menjelaskan detail kendala tersebut melalui email di tanya@jago.com atau call center 1500 746 untuk kami bantu tangani lebih lanjut. Terima kasih :)",2025-10-11 20:26:06,,Dataset/dataset\JAGO_googleplay_OCTOBER_reviews.csv,login
590da25d-a462-48ef-a769-441475d2f06e,Pengguna Google,https://play-lh.googleusercontent.com/EGemoI2NTXmTsBVtJqk8jxF9rh8ApRWfsIMQSt2uE4OcpQqbFu7f7NbTK05lx80nuSijCz7sc3a277R67g,ka saya gak bisa login knapa ya ka?,5,0,,2025-12-28 14:40:58+00:00,,,,Dataset/dataset\JAGO_googleplay_DECEMBER_reviews.csv,login
3b44d3c9-717e-49e7-b52f-5e1d2695b2f7,Pengguna Google,https://play-lh.googleusercontent.com/EGemoI2NTXmTsBVtJqk8jxF9rh8ApRWfsIMQSt2uE4OcpQqbFu7f7NbTK05lx80nuSijCz7sc3a277R67g,mantap bisa top up dan jajan di indomaret,5,0,1.60.0,2025-10-10 20:36:13+00:00,,,1.60.0,Dataset/dataset\GOPAY_googleplay_OCTOBER_reviews.csv,topup
2760298f-79ad-4528-b7ed-aee2aa31ef1a,Pengguna Google,https://play-lh.googleusercontent.com/EGemoI2NTXmTsBVtJqk8jxF9rh8ApRWfsIMQSt2uE4OcpQqbFu7f7NbTK05lx80nuSijCz7sc3a277R67g,dari beberapa minuman ngk bisa login,1,0,,2025-11-01 18:22:43+00:00,"Hi Sahabat @Faizur Rahim 31, mhn maaf ketidaknyamanannya. Terkait kendala Livin by Mandiri, kami sarankan melakukan force close kemudian restart device. Mhn pastikan jaringan yg digunakan stabil dan tdk menggunakan WiFi. Apabila masih kendala, dpt mengirimkan email ke mandiricare@bankmandiri.co.id atau menghubungi mandiri call 14000. Tks~Fatma

",2025-11-01 18:33:37,,Dataset/dataset\LIVIN_googleplay_NOVEMBER_reviews.csv,login
633ac844-9b32-4cd0-a27a-c6dd0825257e,Pengguna Google,https://play-lh.googleusercontent.com/EGemoI2NTXmTsBVtJqk8jxF9rh8ApRWfsIMQSt2uE4OcpQqbFu7f7NbTK05lx80nuSijCz7sc3a277R67g,bisa top up murah di gopay,5,0,1.64.1,2025-11-23 13:07:37+00:00,,,1.64.1,Dataset/dataset\GOPAY_googleplay_NOVEMBER_reviews.csv,topup
caeb8eb6-d18c-48ce-a3fa-25196b80f509,Pengguna Google,https://play-lh.googleusercontent.com/EGemoI2NTXmTsBVtJqk8jxF9rh8ApRWfsIMQSt2uE4OcpQqbFu7f7NbTK05lx80nuSijCz7sc3a277R67g,"lama lama tambah gk jelas bgt anjir susah bgt mo transfer duid kaga bisa"" mulu",2,0,,2025-11-20 13:10:59+00:00,"Hi Kak azizah, Mohon maaf mengenai kendala tidak bisa transfer ShopeePay. Mohon pastikan telah menggunakan aplikasi ShopeePay terbaru dan silakan bisa coba berkala. Apabila masih berkendala mohon menghubungi kami melalui DM Instagram di @ShopeePay_ID untuk bantuan lebih lanjut. Semoga kendala kakak segera terselesaikan. ^CS",2025-11-20 14:15:33,,Dataset/dataset\SHOPEEPAY_googleplay_NOVEMBER_reviews.csv,transfer
462ea003-5b87-40ca-8195-6054a7342c15,Pengguna Google,https://play-lh.googleusercontent.com/EGemoI2NTXmTsBVtJqk8jxF9rh8ApRWfsIMQSt2uE4OcpQqbFu7f7NbTK05lx80nuSijCz7sc3a277R67g,"Aplikasi bagus memudahkan segala urusan, bisa buat topup token bayar² qris dan belanjaan online dengan prosesnya mudah",5,0,,2025-12-11 17:59:24+00:00,"Halo Sahabat @Tanwiruddin, terima kasih atas review yang telah diberikan. Semoga terus menikmati kemudahan dan kenyamanan dalam menggunakan Livin by Mandiri ya. Daftarkan transaksi secepat kilat pada menu Quick Pick untuk diakses pada halaman Login atau Beranda. Yuk coba sekarang. Tks~Raka",2025-12-11 18:24:14,,Dataset/dataset\LIVIN_googleplay_DECEMBER_reviews.csv,qris
7908dc8b-129b-46f2-b928-e5206a9609bc,Pengguna Google,https://play-lh.googleusercontent.com/EGemoI2NTXmTsBVtJqk8jxF9rh8ApRWfsIMQSt2uE4OcpQqbFu7f7NbTK05lx80nuSijCz7sc3a277R67g,"apk yang memudahkan transaksi, gratis transfer jugaa, pokok enak banget buat transaksi online. ada fitur langsung kirim bukti ke org yang di tuju, jadi gk usah download bukti lagi. Cobain dehh",5,4,1.60.0,2025-10-20 11:37:03+00:00,,,1.60.0,Dataset/dataset\GOPAY_googleplay_OCTOBER_reviews.csv,transfer
1c6ce699-fb2d-4281-a129-7c9dca837695,Pengguna Google,https://play-lh.googleusercontent.com/EGemoI2NTXmTsBVtJqk8jxF9rh8ApRWfsIMQSt2uE4OcpQqbFu7f7NbTK05lx80nuSijCz7sc3a277R67g,"TRANSFER TGL 4 OKT JAM 10 MALAM, BLM MASUK,, ADMIN 2500, CM DIKASI SARAN AJA.. HADEEHHH GA BNER",1,0,3.144.0,2025-10-05 14:04:55+00:00,,,3.144.0,Dataset/dataset\OVO_googleplay_OCTOBER_reviews.csv,transfer
50aefacb-578a-4f30-bbc0-fa13a0cdf1b9,Pengguna Google,https://play-lh.googleusercontent.com/EGemoI2NTXmTsBVtJqk8jxF9rh8ApRWfsIMQSt2uE4OcpQqbFu7f7NbTK05lx80nuSijCz7sc3a277R67g,"kenapa buka Livin koq sekarang susah sekali lemot buka loding terus mental keluar gitu,jadi susah buat transaksi,apa lagi sekarang transaksi harus TF jadi susah jadinya Livin saja susah dibuka🤦🏼‍♀️ mohon segera diperbaiki ya",4,0,3.1.0,2025-11-04 06:41:59+00:00,"Halo Sahabat @Wibri Susilowati, mohon maaf atas ketidaknyamannya. Untuk perihal kendala pada layanan Livin' by Mandiri, mohon untuk dapat mengirimkan email ke mandiricare@bankmandiri.co.id atau dapat menghubungi layanan mandiri 14000 agar dapat dilakukan pengecekan. Tks~Irish",2025-11-04 06:43:16,3.1.0,Dataset/dataset\LIVIN_googleplay_NOVEMBER_reviews.csv,transfer
0cbcead8-5e89-4c00-8b94-9e0d16d263f4,Pengguna Google,https://play-lh.googleusercontent.com/EGemoI2NTXmTsBVtJqk8jxF9rh8ApRWfsIMQSt2uE4OcpQqbFu7f7NbTK05lx80nuSijCz7sc3a277R67g,ovo aku percaya sejak dulu kok aqir2 ini ndelogok mau TF kok gagal terus... kurang puas PO dengan potongan stiap transaksi 1000nya.,3,0,3.149.0,2025-12-19 07:42:09+00:00,,,3.149.0,Dataset/dataset\OVO_googleplay_DECEMBER_reviews.csv,transfer
0dc64424-fdd1-4f88-8660-975e83d2b56d,Pengguna Google,https://play-lh.googleusercontent.com/EGemoI2NTXmTsBVtJqk8jxF9rh8ApRWfsIMQSt2uE4OcpQqbFu7f7NbTK05lx80nuSijCz7sc3a277R67g,gopay saya jadi sulit transaksi padahal sinyal stabil tf dikit tapi tetep tidak bisa transaksi,1,0,,2025-11-02 13:44:02+00:00,"Hai Kak Reni, mohon maaf atas ketidaknyamanannya. Terkait hal tersebut, silakan laporkan melalui email ke customerservice@gopay.co.id dengan melampirkan kode psr-25-306-0745-17023 pada subject email dan ceritakan kembali detail permasalahannya agar tim kami bisa bantu cek lebih lanjut ya. ^Melisa",2025-11-02 14:45:39,,Dataset/dataset\GOPAY_googleplay_NOVEMBER_reviews.csv,transfer
9426c9dd-d520-4e6b-b82d-95c98648ba61,Pengguna Google,https://play-lh.googleusercontent.com/EGemoI2NTXmTsBVtJqk8jxF9rh8ApRWfsIMQSt2uE4OcpQqbFu7f7NbTK05lx80nuSijCz7sc3a277R67g,gk jls baru daftar tiba tiba keluar terus gk bisa login,3,0,,2025-12-23 22:25:52+00:00,"Hi Kak Muhammad. Mohon maaf atas kendala tidak bisa login setelah pendaftaran akun. Terkait kendala tersebut mohon menghubungi kami melalui DM ke Instagram @ShopeePay_ID yang bercentang biru, dengan menginformasikan detail dan bukti kendala untuk bantuan lebih lanjut. Semoga kendala kakak segera terselesaikan ya. ^CS",2025-12-24 11:07:26,,Dataset/dataset\SHOPEEPAY_googleplay_DECEMBER_reviews.csv,login
ca891c05-c2b9-4438-9269-bafbbfca626e,Pengguna Google,https://play-lh.googleusercontent.com/EGemoI2NTXmTsBVtJqk8jxF9rh8ApRWfsIMQSt2uE4OcpQqbFu7f7NbTK05lx80nuSijCz7sc3a277R67g,kenapa saya mau login ga bisa udah coba pake wifi tetap aja loding terus sampe 1jam loding ga masuk masuk,1,0,1.64.1,2025-11-29 13:33:45+00:00,,,1.64.1,Dataset/dataset\GOPAY_googleplay_NOVEMBER_reviews.csv,login
4a917a48-c861-4a42-af01-c8568a79e84c,Pengguna Google,https://play-lh.googleusercontent.com/EGemoI2NTXmTsBVtJqk8jxF9rh8ApRWfsIMQSt2uE4OcpQqbFu7f7NbTK05lx80nuSijCz7sc3a277R67g,tolong buat qris nya kadang bisa kadang engga,5,0,1.62.0,2025-11-11 18:38:48+00:00,,,1.62.0,Dataset/dataset\GOPAY_googleplay_NOVEMBER_reviews.csv,qris
aa3288d7-97c4-4a44-bfee-300184a5ae62,Pengguna Google,https://play-lh.googleusercontent.com/EGemoI2NTXmTsBVtJqk8jxF9rh8ApRWfsIMQSt2uE4OcpQqbFu7f7NbTK05lx80nuSijCz7sc3a277R67g,"aplikasinya bagus, aman, dan bisa top up game juga",5,0,1.64.0,2025-11-22 19:32:31+00:00,,,1.64.0,Dataset/dataset\GOPAY_googleplay_NOVEMBER_reviews.csv,topup
11d6f848-bba4-4290-95c1-b28be031fd82,Pengguna Google,https://play-lh.googleusercontent.com/EGemoI2NTXmTsBVtJqk8jxF9rh8ApRWfsIMQSt2uE4OcpQqbFu7f7NbTK05lx80nuSijCz7sc3a277R67g,beli pke qris gak msuk smpe 8 jam udh ke potong saldo alhasil harus bayar lgi karna orng nya gamau tauu harus msuk saat itu jugaa menyusahkan sekali harus lapor tunggu 1 x 24 jam ini bukn soal nominal ini soal kalian bikin aplikasi jelek sekali mnding tutup aja aplikasi seperti ini di hpus kan dari play store gakk bener klo ada bintang mines 5 ini sangt cocok untun aplikasi ini,1,2,3.144.0,2025-10-08 15:07:09+00:00,,,3.144.0,Dataset/dataset\OVO_googleplay_OCTOBER_reviews.csv,qris
22713985-c6c0-4ed7-aed9-b36778c1e28f,Pengguna Google,https://play-lh.googleusercontent.com/EGemoI2NTXmTsBVtJqk8jxF9rh8ApRWfsIMQSt2uE4OcpQqbFu7f7NbTK05lx80nuSijCz7sc3a277R67g,aplikasinya lagi kenapa.. aq tekan login tp gak bs... uangku ada d stu smua... tolong dong,4,0,2.5.0,2025-11-17 11:34:07+00:00,Hai Kak Sugeng. Mohon maaf atas ketidaknyamanan dan kendala yang Kakak alami. Sebelumnya sempat terjadi kendala namun saat ini sudah berjalan normal. Silakan Kakak dapat mencoba kembali ya.,2025-11-17 13:21:12,2.5.0,Dataset/dataset\BLU_googleplay_NOVEMBER_reviews.csv,login
b4384721-e677-4b52-8480-3a5dfdcf396f,Pengguna Google,https://play-lh.googleusercontent.com/EGemoI2NTXmTsBVtJqk8jxF9rh8ApRWfsIMQSt2uE4OcpQqbFu7f7NbTK05lx80nuSijCz7sc3a277R67g,"astaghfirullah gimana ini kakk masa gak bisa transfer si, udah berbagai cara di lakuin masi aja gak bisa, gimana ini hahhhh, sumpah kecewa bgt😡",1,0,3.147.0,2025-11-17 14:45:25+00:00,,,3.147.0,Dataset/dataset\OVO_googleplay_NOVEMBER_reviews.csv,transfer
e556504b-b540-49d0-bf16-a74e3b292600,Pengguna Google,https://play-lh.googleusercontent.com/EGemoI2NTXmTsBVtJqk8jxF9rh8ApRWfsIMQSt2uE4OcpQqbFu7f7NbTK05lx80nuSijCz7sc3a277R67g,sangat susah buat verif wajah bikin orang jengkel doang ini aplikasi,1,0,,2025-11-05 21:48:22+00:00,"Halo Sahabat @Azka Syahreza, mohon maaf atas ketidaknyamanannya. Mohon pastikan agar pencahayaan baik dan wajah tidak terlalu dekat dengan kamera. Apabila masih terkendala Sahabat dapat mengirimkan email ke mandiricare@bankmandiri.co.id atau menghubungi mandiri call 14000 agar dapat dilakukan pengecekan.Tks ~ Said",2025-11-05 21:59:51,,Dataset/dataset\LIVIN_googleplay_NOVEMBER_reviews.csv,vermuk
519c543d-6a5d-4840-94de-f9bfb4ae6dcf,Pengguna Google,https://play-lh.googleusercontent.com/EGemoI2NTXmTsBVtJqk8jxF9rh8ApRWfsIMQSt2uE4OcpQqbFu7f7NbTK05lx80nuSijCz7sc3a277R67g,kenapa saya selalu gagal login,5,0,2.3.0,2025-10-03 11:34:25+00:00,"Hai, Kak Muhamad. Maaf atas ketidaknyamanannya. Terkait kendala tersebut boleh kirimkan gambar kendalanya ke X @haloblu atau email haloblu@bcadigital.co.id agar kami bisa bantu lebih lanjut ya.",2025-10-03 12:09:33,2.3.0,Dataset/dataset\BLU_googleplay_OCTOBER_reviews.csv,login
c3571f69-0897-498d-afcd-d215bc970b88,Pengguna Google,https://play-lh.googleusercontent.com/EGemoI2NTXmTsBVtJqk8jxF9rh8ApRWfsIMQSt2uE4OcpQqbFu7f7NbTK05lx80nuSijCz7sc3a277R67g,sudah dua kali pembayaran topup ke merchant melalui pembayaran qris status berhasil tapi saldo tidak diterima merchant tolong diperbaiki bukan uang sedikit klaim bikin laporan pun susah tidak bisa di klik kirim payah,1,5,3.149.0,2025-12-12 07:31:32+00:00,,,3.149.0,Dataset/dataset\OVO_googleplay_DECEMBER_reviews.csv,qris
6dee0a63-d1b3-4013-a8fb-c37a7225b451,Pengguna Google,https://play-lh.googleusercontent.com/EGemoI2NTXmTsBVtJqk8jxF9rh8ApRWfsIMQSt2uE4OcpQqbFu7f7NbTK05lx80nuSijCz7sc3a277R67g,dulu suka pake aplikasi ini makin kesini biaya potongan top up makin gede potongan admin tuk beli token juga makin besar... padahal apa2 pake aplikasi ini😡😡,3,1,3.145.0,2025-10-26 10:40:30+00:00,,,3.145.0,Dataset/dataset\OVO_googleplay_OCTOBER_reviews.csv,topup
bac70b86-8d40-4d05-ae0d-fc2a0b624e88,Pengguna Google,https://play-lh.googleusercontent.com/EGemoI2NTXmTsBVtJqk8jxF9rh8ApRWfsIMQSt2uE4OcpQqbFu7f7NbTK05lx80nuSijCz7sc3a277R67g,kenapa ovo jadi burik gini saya udah transfer tapi uangnya ga masuk masuk,2,0,3.146.0,2025-10-31 17:30:29+00:00,,,3.146.0,Dataset/dataset\OVO_googleplay_OCTOBER_reviews.csv,transfer
6c3edd84-abf4-412b-b8e2-62aceb117ca3,Pengguna Google,https://play-lh.googleusercontent.com/EGemoI2NTXmTsBVtJqk8jxF9rh8ApRWfsIMQSt2uE4OcpQqbFu7f7NbTK05lx80nuSijCz7sc3a277R67g,"Bagaimana cara login jika nomor HP yang LAMA SUDAH TIDAK AKTIF, DAN HP JUGA GANTI BARU, Saya masukkan Email keterangan EMAIL SUDAH TERDAFTAR, Nomor hp lama sudah tidak aktif, Terimakasih",5,0,2.5.0,2025-11-16 20:34:53+00:00,"Hai, Kak Robbi. Terima kasih atas ulasannya. Jika nomor handphone Kakak masih terhubung dengan WhatsApp, Kakak bisa request OTP yang dikirimkan ke WhatsApp untuk login ke blu. Namun jika sudah tidak terhubung dengan WhatsApp, minblu saranin Kakak menghubungi haloblu 1500668 untuk pembuatan laporan ubah nomor handphone ya.",2025-11-16 21:04:28,2.5.0,Dataset/dataset\BLU_googleplay_NOVEMBER_reviews.csv,login
45561478-fcd1-42b4-bd7b-d002aa4498a4,Pengguna Google,https://play-lh.googleusercontent.com/EGemoI2NTXmTsBVtJqk8jxF9rh8ApRWfsIMQSt2uE4OcpQqbFu7f7NbTK05lx80nuSijCz7sc3a277R67g,"aplikasi nya sering ngelag, apalagi pas mau ke bagian kantong dan transaksi, pasti selalu muncul layar putih dan tidak ada koneksi internet, padahal sudah pakai wifi tapi masih selalu muncul layar putih, pada akhirnya saya harus klik menu hp saya dan login ulang, parah sih.",1,4,8.78.0,2025-12-23 17:24:46+00:00,"Halo, Jagoan. Mohon maaf atas kendala yang terjadi ya. Kamu tidak perlu khawatir, kamu bisa menjelaskan detail kendala tersebut melalui email di tanya@jago.com atau call center 1500 746 untuk kami bantu tangani lebih lanjut. Terima kasih :)",2025-12-23 17:32:16,8.78.0,Dataset/dataset\JAGO_googleplay_DECEMBER_reviews.csv,login
e61aa663-9b34-4ec8-bcba-d4396b6b6b23,Pengguna Google,https://play-lh.googleusercontent.com/EGemoI2NTXmTsBVtJqk8jxF9rh8ApRWfsIMQSt2uE4OcpQqbFu7f7NbTK05lx80nuSijCz7sc3a277R67g,"ini gimana pusat bantu an gak respon,uang sudah di transfer tapi belum masuk rekening gimana min",1,2,3.146.0,2025-11-05 18:06:42+00:00,,,3.146.0,Dataset/dataset\OVO_googleplay_NOVEMBER_reviews.csv,transfer
2f784845-c27b-42a2-bd6f-7fd9f9b28c58,Pengguna Google,https://play-lh.googleusercontent.com/EGemoI2NTXmTsBVtJqk8jxF9rh8ApRWfsIMQSt2uE4OcpQqbFu7f7NbTK05lx80nuSijCz7sc3a277R67g,"sy top up gopay ga masuk"" padahal udh berhasil terkirim dari ewalet dana sampai skarang udh livechat blm ada respon",4,0,1.60.0,2025-10-16 11:55:25+00:00,,,1.60.0,Dataset/dataset\GOPAY_googleplay_OCTOBER_reviews.csv,topup
5a2f27d0-9be0-4d54-a07c-0d4afc1598d2,Pengguna Google,https://play-lh.googleusercontent.com/EGemoI2NTXmTsBVtJqk8jxF9rh8ApRWfsIMQSt2uE4OcpQqbFu7f7NbTK05lx80nuSijCz7sc3a277R67g,transfer saya kok belum masuk ke rekening bank lain pending terus dan masih belum ada pengembalian saldo,2,0,8.72.0,2025-10-12 16:15:48+00:00,"Halo, Jagoan. Mohon maaf atas kendala yang terjadi ya. Kamu tidak perlu khawatir, kamu bisa menjelaskan detail kendala tersebut melalui email di tanya@jago.com atau call center 1500 746 untuk kami bantu tangani lebih lanjut. Terima kasih :)",2025-10-12 16:30:13,8.72.0,Dataset/dataset\JAGO_googleplay_OCTOBER_reviews.csv,transfer
f14dc0bd-b8f9-4cc0-8aba-da398da582c7,Pengguna Google,https://play-lh.googleusercontent.com/EGemoI2NTXmTsBVtJqk8jxF9rh8ApRWfsIMQSt2uE4OcpQqbFu7f7NbTK05lx80nuSijCz7sc3a277R67g,"ini aplikasi e-wallet emang serakah,kalau bukan karna akun grab driver yang harus pake ovo gua ga bakalan pake ini e-wallet,mau top up dari bank kena admin eh di aplikasinya juga kepotong, mau transfer juga sama dari ovo nya kepotong pas masuk rekening juga sama kepotong, yg lain ngasih gratis transfer,gratis tarik tunai ini masih sibuk sama potongan administrasi,aplikasi e-wallet dablek emang 🤬🤬🤬👎👎👎",1,0,,2025-10-16 01:25:55+00:00,,,,Dataset/dataset\OVO_googleplay_OCTOBER_reviews.csv,topup
65fc252c-97cb-455d-b231-add3410fa986,Pengguna Google,https://play-lh.googleusercontent.com/EGemoI2NTXmTsBVtJqk8jxF9rh8ApRWfsIMQSt2uE4OcpQqbFu7f7NbTK05lx80nuSijCz7sc3a277R67g,sangat enak dan bagus untuk ber transaksi di tambah cepet sampe transaksinya mau pun top up gopay atau membeli sesuatu 👍👍👍,5,0,,2025-11-27 06:55:33+00:00,,,,Dataset/dataset\GOPAY_googleplay_NOVEMBER_reviews.csv,topup
6fdfb449-6e81-4c69-bda2-de4148dd7323,Pengguna Google,https://play-lh.googleusercontent.com/EGemoI2NTXmTsBVtJqk8jxF9rh8ApRWfsIMQSt2uE4OcpQqbFu7f7NbTK05lx80nuSijCz7sc3a277R67g,tolong cepat di perbaiki..livin saya tidak bisa login,1,0,3.2.0,2025-12-04 17:34:03+00:00,"Hi Sahabat @Amin Mulyadi, mohon maaf atas ketidaknyamanannya. Terimakasih atas saran dan masukan yang diberikan, perihal tsb akan menjadi masukan bagi kami untuk pengembangan aplikasi kedepannya dan meningkatkan kualitas layanan Livin' by Mandiri. Tks~Mandala",2025-12-04 17:39:39,3.2.0,Dataset/dataset\LIVIN_googleplay_DECEMBER_reviews.csv,login
b18225d2-0e8f-4276-b2d5-b6eeb63b9a4f,Pengguna Google,https://play-lh.googleusercontent.com/EGemoI2NTXmTsBVtJqk8jxF9rh8ApRWfsIMQSt2uE4OcpQqbFu7f7NbTK05lx80nuSijCz7sc3a277R67g,"mantep bet ni aplikasi, transfer pke qris mlh dpt bonus langsung wkwkw terimakasih bank jago i love u💝🥳",5,0,,2025-12-27 10:17:39+00:00,,,,Dataset/dataset\JAGO_googleplay_DECEMBER_reviews.csv,qris
753497aa-6483-4f00-9cce-2361d24c6aca,Pengguna Google,https://play-lh.googleusercontent.com/EGemoI2NTXmTsBVtJqk8jxF9rh8ApRWfsIMQSt2uE4OcpQqbFu7f7NbTK05lx80nuSijCz7sc3a277R67g,jelek tiap topup game gagal terus,1,0,,2025-11-11 14:06:28+00:00,,,,Dataset/dataset\GOPAY_googleplay_NOVEMBER_reviews.csv,topup
e9d979dd-5f76-4dbd-a234-5d0ce26d4863,Pengguna Google,https://play-lh.googleusercontent.com/EGemoI2NTXmTsBVtJqk8jxF9rh8ApRWfsIMQSt2uE4OcpQqbFu7f7NbTK05lx80nuSijCz7sc3a277R67g,teruntuk go pay aplikasinya udah bagus tetapi kenapa saat saya top up ADP mobile legends diamond nya tidak masuk padahal saldo nya sudah berkurang dan struk pembayaran nya selesai padahal id sudah tepat,2,1,1.59.0,2025-10-10 15:29:07+00:00,"Hai Kak @Uzer Pro, kami mohon maaf atas kondisi yang Kakak alami. Terkait hal ini, dapat kami sampaikan bahwa ada pemeliharaan sistem yang mempengaruhi transaksi Kakak & saat ini sudah kembali normal. Berkenan untuk melakukan pengecekan kembali di akun tujuan secara berkala ya Kak. Mohon maaf atas ketidaknyamanannya. Salam hangat. ^Miko",2025-10-10 20:53:21,1.59.0,Dataset/dataset\GOPAY_googleplay_OCTOBER_reviews.csv,topup
c2e8ec0b-b109-4f13-96f2-d5baf3aa19b3,Pengguna Google,https://play-lh.googleusercontent.com/EGemoI2NTXmTsBVtJqk8jxF9rh8ApRWfsIMQSt2uE4OcpQqbFu7f7NbTK05lx80nuSijCz7sc3a277R67g,aplikasi nya bagus ni buat top up,5,0,1.64.0,2025-11-19 13:11:58+00:00,,,1.64.0,Dataset/dataset\GOPAY_googleplay_NOVEMBER_reviews.csv,topup
423ee830-5f29-4ae1-9396-581027ae0a5c,Pengguna Google,https://play-lh.googleusercontent.com/EGemoI2NTXmTsBVtJqk8jxF9rh8ApRWfsIMQSt2uE4OcpQqbFu7f7NbTK05lx80nuSijCz7sc3a277R67g,"aplikasi terjelek yang pernah ada, mempersulit customer, udah admin nya gede disetiap transaksi top up dll di potong semua, aplikasi sering update tapi malah makin jelek, ini lagi gangguan kocak!",1,0,,2025-11-07 14:33:33+00:00,,,,Dataset/dataset\OVO_googleplay_NOVEMBER_reviews.csv,topup
4743a7cb-36fc-4f58-b503-e6d1416be26a,Pengguna Google,https://play-lh.googleusercontent.com/EGemoI2NTXmTsBVtJqk8jxF9rh8ApRWfsIMQSt2uE4OcpQqbFu7f7NbTK05lx80nuSijCz7sc3a277R67g,"ga jelas tolol,top up sering banget ga masuk",1,0,3.144.0,2025-10-17 19:32:47+00:00,,,3.144.0,Dataset/dataset\OVO_googleplay_OCTOBER_reviews.csv,topup
19a6562a-f4a0-4f1b-bafc-c68717e7c029,Pengguna Google,https://play-lh.googleusercontent.com/EGemoI2NTXmTsBVtJqk8jxF9rh8ApRWfsIMQSt2uE4OcpQqbFu7f7NbTK05lx80nuSijCz7sc3a277R67g,"saya transfer uang gagal, saldo udah ke potong mending yang lain gak usah pakai aplikasi ini dah buruk banget responnya cs",1,0,,2025-10-02 14:59:09+00:00,,,,Dataset/dataset\OVO_googleplay_OCTOBER_reviews.csv,transfer
a4e25f91-3189-4da1-970d-96776afd42a3,Pengguna Google,https://play-lh.googleusercontent.com/EGemoI2NTXmTsBVtJqk8jxF9rh8ApRWfsIMQSt2uE4OcpQqbFu7f7NbTK05lx80nuSijCz7sc3a277R67g,"aku tahu disini banyak promo dan diskon mau belanja top up disini murah. tapi kenapa pas pake kode promo gk bisa di beli? padahal sudah sesuai ketentuan promonya. aku gk tahu lagi harus gimana cara mau ambil promonya, padahal ada notif ""kode promo terpakai"" tinggal klik beli aja loading terus GK selesai selesai. padahal udah berharap😮‍💨",2,3,1.60.0,2025-10-15 18:45:58+00:00,"Mohon maaf atas kendalanya, Kak Regond. Terkait laporanmu, pastikan kode voucher yang dimasukkan sudah sesuai, ya. Jika masih tidak bisa, silakan laporkan hal ini melalui halaman Bantuan > ketik ""Tidak bisa menukarkan kode promo"" di kolom pencarian > pilih artikel dan lengkapi form-nya. Kami siap membantu. ^Melisa",2025-10-15 22:52:23,1.60.0,Dataset/dataset\GOPAY_googleplay_OCTOBER_reviews.csv,topup
2a294c93-5abf-4f00-a6a7-7ea45971bae1,Pengguna Google,https://play-lh.googleusercontent.com/EGemoI2NTXmTsBVtJqk8jxF9rh8ApRWfsIMQSt2uE4OcpQqbFu7f7NbTK05lx80nuSijCz7sc3a277R67g,kenapa setiap transaksi di ovo kena admint trus siih😯 terima transeferan kena potongan admin...byr & transfer kena admint juga...apa gk ada gratis transaksi nya gitu di ovo ini...rugi dong tiap transaksi di potong admint trus mah Boss😯 klw terus selalu di potong admint tiap transaksi di ovo baik itu trima transfer atau byr lwt ovo selalu kena admint lebih baik saya uinstal tidak pakai ovo lagi MERUGIKAN😯,1,0,3.148.0,2025-11-30 04:39:53+00:00,,,3.148.0,Dataset/dataset\OVO_googleplay_NOVEMBER_reviews.csv,transfer
20efa0e1-171c-4716-9698-0bd86747a023,Pengguna Google,https://play-lh.googleusercontent.com/EGemoI2NTXmTsBVtJqk8jxF9rh8ApRWfsIMQSt2uE4OcpQqbFu7f7NbTK05lx80nuSijCz7sc3a277R67g,"sudah lebih baik loading aplikasinya, kurang qris tap aja",5,0,2.5.0,2025-11-03 09:51:45+00:00,"Hai, Kak Febrianto. Maaf atas ketidaknyamanannya. Terima kasih atas saran dan masukan yang diberikan, kami akan selalu memperbaiki sistem demi mencapai kepuasan para pengguna aplikasi blu. Jika ada hal lain yang ingin ditanyakan, Kakak bisa langsung menghubungi X @haloblu atau email haloblu@bcadigital.co.id atau telepon 1500668 (layanan 24 jam).",2025-11-03 10:20:08,2.5.0,Dataset/dataset\BLU_googleplay_NOVEMBER_reviews.csv,qris
296a4424-2ad1-433f-82f0-e327c38edd9b,Pengguna Google,https://play-lh.googleusercontent.com/EGemoI2NTXmTsBVtJqk8jxF9rh8ApRWfsIMQSt2uE4OcpQqbFu7f7NbTK05lx80nuSijCz7sc3a277R67g,"Secara keseluruhan lumayan bagus,,tapi menurut saya masih kurang simple,dan kekurangan yang sangat terasa bagi saya adalah,,ketika transfer dana kerekening lain atau walet lain,tidak ada nama pemilik rekening atau waletnya penerima transferanya,jadi sering membuat saya ragu. sejauh ini,ini yang paling terasa kurang bagus nya aplikasi ini,,kepada developer di harapkan untuk memperbaiki ini secepatnya juga,tks",4,1,2.3.0,2025-10-02 20:13:18+00:00,"Hai, Kakak. Maaf atas ketidaknyamanannya. Terima kasih atas saran dan masukan yang diberikan, kami akan selalu memperbaiki sistem demi mencapai kepuasan para pengguna aplikasi blu. Jika ada hal lain yang ingin ditanyakan, Kakak bisa langsung menghubungi X @haloblu atau email haloblu@bcadigital.co.id atau telepon 1500668 (layanan 24 jam).",2025-10-02 21:22:46,2.3.0,Dataset/dataset\BLU_googleplay_OCTOBER_reviews.csv,transfer
ebe25c9c-47a5-4099-8771-3ae60d3abf76,Pengguna Google,https://play-lh.googleusercontent.com/EGemoI2NTXmTsBVtJqk8jxF9rh8ApRWfsIMQSt2uE4OcpQqbFu7f7NbTK05lx80nuSijCz7sc3a277R67g,proses transfer begitu lama dan customer gopay pun lama dalam menangani keluhan customer,1,0,,2025-11-28 13:40:48+00:00,"Hai Kak Delvi, mohon maat atas ketidaknyamanannya. Jika kamu masih mengalami kendala, silakan laporkan melalui email ke customerservice@gopay.co.id dengan melampirkan kode psr-25-332-0734-59785 pada subject email dan cantumkan nomor laporan kamu sebelumnya pada email yang kamu kirimkan. Kami tunggu detail laporan kamu ya. ^Melisa",2025-11-28 14:35:08,,Dataset/dataset\GOPAY_googleplay_NOVEMBER_reviews.csv,transfer
baaaada7-5721-41f1-be16-307761fbb871,Pengguna Google,https://play-lh.googleusercontent.com/EGemoI2NTXmTsBVtJqk8jxF9rh8ApRWfsIMQSt2uE4OcpQqbFu7f7NbTK05lx80nuSijCz7sc3a277R67g,"top up lewat ATM bri, sudah 48 jam, tidak masuk, dan tidak ada tanggapan",1,1,1.64.0,2025-11-23 23:02:37+00:00,"Hai Kak Satiek, mohon maaf atas ketidaknyamanannya. Jika kamu masih mengalami kendala, silakan laporkan melalui email ke customerservice@gopay.co.id dengan melampirkan kode psr-25-327-1608-16464 pada subject email dan cantumkan nomor laporan kamu sebelumnya pada email yang kamu kirimkan. Kami tunggu detail laporan kamu ya. ^Maura",2025-11-23 23:08:22,1.64.0,Dataset/dataset\GOPAY_googleplay_NOVEMBER_reviews.csv,topup
e9af3ef2-8efc-4f53-854e-0a852b3bdc6d,Pengguna Google,https://play-lh.googleusercontent.com/EGemoI2NTXmTsBVtJqk8jxF9rh8ApRWfsIMQSt2uE4OcpQqbFu7f7NbTK05lx80nuSijCz7sc3a277R67g,aplikasi nya bagus banget loh ayo gunakan aplikasi ini untuk transfer atau untuk yang ayo buruan,5,0,1.64.1,2025-11-27 04:06:53+00:00,,,1.64.1,Dataset/dataset\GOPAY_googleplay_NOVEMBER_reviews.csv,transfer
8a51d777-27d4-4b6c-8331-927cf722e1f8,Pengguna Google,https://play-lh.googleusercontent.com/EGemoI2NTXmTsBVtJqk8jxF9rh8ApRWfsIMQSt2uE4OcpQqbFu7f7NbTK05lx80nuSijCz7sc3a277R67g,"Kepada developer GOPAY, saya mohon agar bisa transfer berapa pun mata uang (min 1000 - max Sesuai ketentuan)",5,0,,2025-11-28 13:10:21+00:00,,,,Dataset/dataset\GOPAY_googleplay_NOVEMBER_reviews.csv,transfer
b184732f-85de-4736-9844-0d490c6f1606,Pengguna Google,https://play-lh.googleusercontent.com/EGemoI2NTXmTsBVtJqk8jxF9rh8ApRWfsIMQSt2uE4OcpQqbFu7f7NbTK05lx80nuSijCz7sc3a277R67g,transfer ke dana di proses terlalu lama,1,0,1.44.05,2025-12-22 11:17:13+00:00,"Hi Kak Arjun. Mohon maaf mengenai kendala transfer ShopeePay ke DANA yang belum diterima. Untuk pengecekan lebih lanjut, mohon menghubungi kami melalui DM ke Instagram @ShopeePay_ID dengan melampirkan bukti transfer yang tertera nomor transaksi (Order SN), nominal, tanggal dan waktu transaksi. ^EN",2025-12-22 18:08:51,1.44.05,Dataset/dataset\SHOPEEPAY_googleplay_DECEMBER_reviews.csv,transfer
6386e061-d43b-48ca-bd22-a8554bd1069a,Pengguna Google,https://play-lh.googleusercontent.com/EGemoI2NTXmTsBVtJqk8jxF9rh8ApRWfsIMQSt2uE4OcpQqbFu7f7NbTK05lx80nuSijCz7sc3a277R67g,"makin ga enk lama gw kayak gk bisa apa , gk bisa top up games dan top up dana",2,0,1.61.2,2025-10-30 19:10:52+00:00,"Hai Kak Throtin, mohon maaf atas ketidaknyamanannya. Terkait hal tersebut, silakan laporkan melalui email ke customerservice@gopay.co.id dengan melampirkan kode psr-25-303-1410-13173 pada subject email dan ceritakan kembali detail permasalahannya agar tim kami bisa bantu cek lebih lanjut ya. ^Melisa",2025-10-30 21:10:20,1.61.2,Dataset/dataset\GOPAY_googleplay_OCTOBER_reviews.csv,topup
803b5666-62ae-4906-945a-50b0dc53544d,Pengguna Google,https://play-lh.googleusercontent.com/EGemoI2NTXmTsBVtJqk8jxF9rh8ApRWfsIMQSt2uE4OcpQqbFu7f7NbTK05lx80nuSijCz7sc3a277R67g,login sudah masukan email no ktp masih disuruh call...padahal nomer ada ktp juga ada .....,1,0,8.73.0,2025-10-24 10:16:34+00:00,"Hai, Jagoan. Mohon maaf untuk kendala yang kamu alami. Terkait kendala tersebut, kamu bisa segera laporkan ke Tanya Jago di nomor 1500746/021-30000746 atau e-mail ke tanya@jago.com ya. Tidak perlu khawatir karena tim terkait kami akan segera membantu. Terima kasih.",2025-10-24 12:08:33,8.73.0,Dataset/dataset\JAGO_googleplay_OCTOBER_reviews.csv,login
cb9d67ca-3798-4d55-9e35-fc207acfba5a,Pengguna Google,https://play-lh.googleusercontent.com/EGemoI2NTXmTsBVtJqk8jxF9rh8ApRWfsIMQSt2uE4OcpQqbFu7f7NbTK05lx80nuSijCz7sc3a277R67g,semoga akun ovo ku bisa Untu transaksi jual beli pulsa dan melakukan transaksi transfer ke bank lain..KLO sudah bisa saya kasih bintang 5. terimakasih,4,0,3.147.0,2025-11-09 11:50:53+00:00,,,3.147.0,Dataset/dataset\OVO_googleplay_NOVEMBER_reviews.csv,transfer
0dde1f2c-3bd3-45f1-a5eb-a32ba9868869,Pengguna Google,https://play-lh.googleusercontent.com/EGemoI2NTXmTsBVtJqk8jxF9rh8ApRWfsIMQSt2uE4OcpQqbFu7f7NbTK05lx80nuSijCz7sc3a277R67g,satu2nya aplikasi setiap mau transaksi atau transfer pasti lebih nyak gagalnya daripada berhasilnya,1,0,3.150.0,2025-12-24 10:42:35+00:00,,,3.150.0,Dataset/dataset\OVO_googleplay_DECEMBER_reviews.csv,transfer
6fe1f8bf-bce6-4156-ac4f-d0347f443a1e,Pengguna Google,https://play-lh.googleusercontent.com/EGemoI2NTXmTsBVtJqk8jxF9rh8ApRWfsIMQSt2uE4OcpQqbFu7f7NbTK05lx80nuSijCz7sc3a277R67g,apk kek taii udh topup gabisa di pake maksudnya apa coba,1,0,3.150.0,2025-12-26 01:17:51+00:00,"Hai Kak, mohon maaf atas ketidaknyamanannya. Terkait dengan kendalanya, mohon menghubungi melalui chat bantuan di aplikasi, email di cs@ovo.id atau call center di nomor 1500 696 pada jam operasional kami 24 jam ya Kak. Terima kasih. ^NV",12/7/2022 22:43,3.150.0,Dataset/dataset\OVO_googleplay_DECEMBER_reviews.csv,topup
0db6b644-92dc-4ccf-9b32-30e13dc067b9,Pengguna Google,https://play-lh.googleusercontent.com/EGemoI2NTXmTsBVtJqk8jxF9rh8ApRWfsIMQSt2uE4OcpQqbFu7f7NbTK05lx80nuSijCz7sc3a277R67g,"aplikasi terbaik untuk transaksi, transfer kemana aja",5,0,,2025-12-31 14:18:12+00:00,"Hi Kak Dinda . Terima kasih untuk review positifnya. Untuk transaksi di ShopeePay aman karena dilengkapi dengan fitur keamanan seperti PIN, kode OTP, sidik jari hingga verifikasi wajah. Jika kakak memiliki pertanyaan atau kendala seputar ShopeePay, mohon DM kami di Instagram @ShopeePay_ID ya. Semoga harimu menyenangkan. ^CS",2025-12-31 15:31:31,,Dataset/dataset\SHOPEEPAY_googleplay_DECEMBER_reviews.csv,transfer
00d0cd9d-16bc-4726-8d5c-f252449ab6a9,Pengguna Google,https://play-lh.googleusercontent.com/EGemoI2NTXmTsBVtJqk8jxF9rh8ApRWfsIMQSt2uE4OcpQqbFu7f7NbTK05lx80nuSijCz7sc3a277R67g,pengiriman mutasi dan transfer dengan mudah tanpa biaya,5,0,1.62.0,2025-11-22 15:37:08+00:00,,,1.62.0,Dataset/dataset\GOPAY_googleplay_NOVEMBER_reviews.csv,transfer
665209e9-7b04-4662-999f-138604ed731d,Pengguna Google,https://play-lh.googleusercontent.com/EGemoI2NTXmTsBVtJqk8jxF9rh8ApRWfsIMQSt2uE4OcpQqbFu7f7NbTK05lx80nuSijCz7sc3a277R67g,"sangat memudahkan untuk transfer kemana saja, tidak ada biaya admin dan masih banyak keuntungan lain nya, yukk instal Shopee pay sekarang jugaaa 😍😍",5,1,1.45.09,2025-12-27 17:39:14+00:00,"Hi Kak. Terima kasih telah menggunakan ShopeePay. Mari cek aplikasi ShopeePay karena banyak fitur yang mempermudah keseharian kakak seperti pembelian pulsa, paket data, pembayaran tagihan listrik dan pembayaran lainnya. Jika kakak memiliki pertanyaan seputar ShopeePay, mohon DM kami di Instagram @ShopeePay_ID ya. Semoga harimu menyenangkan ^RJ",2025-12-29 09:54:55,1.45.09,Dataset/dataset\SHOPEEPAY_googleplay_DECEMBER_reviews.csv,transfer
47b0f3bf-031a-49ce-8674-763de122d399,Pengguna Google,https://play-lh.googleusercontent.com/EGemoI2NTXmTsBVtJqk8jxF9rh8ApRWfsIMQSt2uE4OcpQqbFu7f7NbTK05lx80nuSijCz7sc3a277R67g,sering crash login lama di A55 padahal,3,0,3.1.0,2025-11-06 14:14:29+00:00,"Hi Sahabat @Idik Sodikin, mohon maaf atas ketidaknyamanannya. Perihal tsb kami sarankan Sahabat melakukan force close kemudian restart device, pastikan jaringan stabil dan tidak menggunakan WiFi. Apabila masih terkendala dapat mengirimkan email ke mandiricare@bankmandiri.co.id atau menghubungi mandiri call 14000. Tks~Carissa",2025-11-06 14:16:22,3.1.0,Dataset/dataset\LIVIN_googleplay_NOVEMBER_reviews.csv,login
d75e9a31-56c7-4bc6-ba90-d0480932dfb7,Pengguna Google,https://play-lh.googleusercontent.com/EGemoI2NTXmTsBVtJqk8jxF9rh8ApRWfsIMQSt2uE4OcpQqbFu7f7NbTK05lx80nuSijCz7sc3a277R67g,gua mo transfer malah gabisa monyettt katanya gagal memproses terjadi kesalahan nyesel gua download,1,0,3.144.0,2025-10-09 13:31:46+00:00,,,3.144.0,Dataset/dataset\OVO_googleplay_OCTOBER_reviews.csv,transfer
c8b8bc7b-5eff-4f00-8662-4b8de4814335,Pengguna Google,https://play-lh.googleusercontent.com/EGemoI2NTXmTsBVtJqk8jxF9rh8ApRWfsIMQSt2uE4OcpQqbFu7f7NbTK05lx80nuSijCz7sc3a277R67g,bagi ku gopay adalah aplikasi yang paling bagus dan mantap untuk top up dan lain lain. cocok juga buat makan makan enak dan harga murah lagi buruan download gopay sekarang juga,5,0,,2025-10-06 18:11:16+00:00,,,,Dataset/dataset\GOPAY_googleplay_OCTOBER_reviews.csv,topup
222a67f9-34cf-403e-926c-16b0239c0b5b,Pengguna Google,https://play-lh.googleusercontent.com/EGemoI2NTXmTsBVtJqk8jxF9rh8ApRWfsIMQSt2uE4OcpQqbFu7f7NbTK05lx80nuSijCz7sc3a277R67g,"setiap kali di kritik nyalahin pengguna HP belum terupdate lah inilah itulah, padahal gua pake HP bukan 1 doang kali, setiap login harus scan wajah, harus buka mulut lah hadap kanan lah, aplikasi ribet jaringan harus stabil sistem lelet, pas keluar belum tentu dapet sinyal bagus, cocok untuk transaksi rumahan untuk di lapangan kurang rekomen karena sinyal harus stabil, padahal gua pake bank lain lancar aja",1,0,,2025-12-13 23:22:55+00:00,"Hai, Kakak. Maaf atas ketidaknyamanannya. Terima kasih atas saran dan masukan yang diberikan, kami akan selalu memperbaiki sistem demi mencapai kepuasan para pengguna aplikasi blu. Jika ada hal lain yang ingin ditanyakan, Kakak bisa langsung menghubungi X @haloblu atau email haloblu@bcadigital.co.id atau telepon 1500668 (layanan 24 jam).",2025-12-14 00:00:54,,Dataset/dataset\BLU_googleplay_DECEMBER_reviews.csv,login
32b2ad76-3f68-47db-aa14-2533c132a136,Pengguna Google,https://play-lh.googleusercontent.com/EGemoI2NTXmTsBVtJqk8jxF9rh8ApRWfsIMQSt2uE4OcpQqbFu7f7NbTK05lx80nuSijCz7sc3a277R67g,udh top up diamon TPI GK masuk,1,0,1.62.0,2025-11-14 09:41:39+00:00,"Hai Kak @Gabut Sekali, mohon maaf atas ketidaknyamanannya. Terkait hal tersebut, silakan laporkan melalui email ke customerservice@gopay.co.id dengan melampirkan kode psr-25-318-0746-31142 pada subject email dan ceritakan kembali detail permasalahannya agar tim kami bisa bantu cek lebih lanjut ya. ^Miko",2025-11-14 14:46:46,1.62.0,Dataset/dataset\GOPAY_googleplay_NOVEMBER_reviews.csv,topup
444211fa-ef98-4ac6-8708-08364880b8ac,Pengguna Google,https://play-lh.googleusercontent.com/EGemoI2NTXmTsBVtJqk8jxF9rh8ApRWfsIMQSt2uE4OcpQqbFu7f7NbTK05lx80nuSijCz7sc3a277R67g,"Jelek, aplikasi rusak, mau tranksaksi tiba2 lemot padahal jaringan bagus bisa streaming, ini transfer ribet, lemot",1,8,8.74.0,2025-10-19 10:06:19+00:00,"Hai, Jagoan. Mohon maaf untuk kendala yang kamu alami. Terkait kendala tersebut, kamu bisa segera laporkan ke Tanya Jago di nomor 1500746/021-30000746 atau e-mail ke tanya@jago.com ya. Tidak perlu khawatir karena tim terkait kami akan segera membantu. Terima kasih.",2025-10-19 10:33:26,8.74.0,Dataset/dataset\JAGO_googleplay_OCTOBER_reviews.csv,transfer
35e870be-2af6-442d-8b23-e105f316552f,Pengguna Google,https://play-lh.googleusercontent.com/EGemoI2NTXmTsBVtJqk8jxF9rh8ApRWfsIMQSt2uE4OcpQqbFu7f7NbTK05lx80nuSijCz7sc3a277R67g,saya ga seneng setiap tf dari dana ke sini selalu kepotong 2rb dari pihak ovonya dan ga dimasukin ke riwayat transaksi aplikasi ovonya,1,0,,2025-11-02 22:12:41+00:00,,,,Dataset/dataset\OVO_googleplay_NOVEMBER_reviews.csv,transfer
2d673de4-43d0-4955-ac84-ab43f3203ba0,Pengguna Google,https://play-lh.googleusercontent.com/EGemoI2NTXmTsBVtJqk8jxF9rh8ApRWfsIMQSt2uE4OcpQqbFu7f7NbTK05lx80nuSijCz7sc3a277R67g,saya penguna indriver potongan nya gila parah ongkos dari castamer 10 RB TF 11 rb jadi ke saya nya 9 k bukan nya saya untung malah jadi rugi 🤦🏼‍♀️,1,0,,2025-12-30 16:01:19+00:00,,,,Dataset/dataset\OVO_googleplay_DECEMBER_reviews.csv,transfer
47d1be5e-9039-4f81-a89f-30217fbc3a6a,Pengguna Google,https://play-lh.googleusercontent.com/EGemoI2NTXmTsBVtJqk8jxF9rh8ApRWfsIMQSt2uE4OcpQqbFu7f7NbTK05lx80nuSijCz7sc3a277R67g,"Tolong... dong untuk gopay pet bug nya diperbaiki, soalnya klw mau nge-reset waktunya bikin di hari Minggu aja biar senin nya mulai dari awal lagi, kalau ada sebagian yg ketinggalan login atau lupa. masak iya saya Uda kasih makan kucing senin sampai kamis, ehh malah hilang pas login hari Jumat. capek dong ulang² terus... klw gak niat kasih gopay coin gak papa yg penting jgn dipermainkan kayak gini. udah sering kejadian kayak gini, di reward+ juga pernah. tapi yg paling ngeselin di gopay pet.",5,8,1.59.0,2025-10-03 00:18:31+00:00,,,1.59.0,Dataset/dataset\GOPAY_googleplay_OCTOBER_reviews.csv,login
9a22816b-9624-4e45-b55b-9cd3383e9c43,Pengguna Google,https://play-lh.googleusercontent.com/EGemoI2NTXmTsBVtJqk8jxF9rh8ApRWfsIMQSt2uE4OcpQqbFu7f7NbTK05lx80nuSijCz7sc3a277R67g,login y error terus,4,0,3.148.0,2025-12-02 07:36:45+00:00,,,3.148.0,Dataset/dataset\OVO_googleplay_DECEMBER_reviews.csv,login
548146db-edef-4b28-83fe-4fafa27d14e7,Pengguna Google,https://play-lh.googleusercontent.com/EGemoI2NTXmTsBVtJqk8jxF9rh8ApRWfsIMQSt2uE4OcpQqbFu7f7NbTK05lx80nuSijCz7sc3a277R67g,"transfer sudah lebih dari 1hari belum masuk jg.status masih di proses trs..kirim keluhan di pusat bantuan tp ga bisa di kirim..tolong segera di transfer uang saya,krn saya butuh uangnya segera",1,0,3.144.0,2025-10-03 11:29:59+00:00,,,3.144.0,Dataset/dataset\OVO_googleplay_OCTOBER_reviews.csv,transfer
69de94ef-9a38-4df7-90e0-9cf6bacc0257,Pengguna Google,https://play-lh.googleusercontent.com/EGemoI2NTXmTsBVtJqk8jxF9rh8ApRWfsIMQSt2uE4OcpQqbFu7f7NbTK05lx80nuSijCz7sc3a277R67g,"Berulang ulang ferevikasi wajah saat daftar gagal terus, belum bisa di pakai aplikasi livinnya",1,0,,2025-11-24 18:24:24+00:00,"Halo Sahabat @kaspul sutun, mohon maaf atas ketidaknyamanannya. Apabila terdapat kendala agar dapat kami tindaklanjuti, Sahabat dapat mengirimkan email ke mandiricare@bankmandiri.co.id atau menghubungi layanan Mandiri Call 14000 ya. Tks~Alza",2025-11-24 18:26:54,,Dataset/dataset\LIVIN_googleplay_NOVEMBER_reviews.csv,vermuk
6bff99a7-61f0-40ab-a448-a311a4614fdc,Pengguna Google,https://play-lh.googleusercontent.com/EGemoI2NTXmTsBVtJqk8jxF9rh8ApRWfsIMQSt2uE4OcpQqbFu7f7NbTK05lx80nuSijCz7sc3a277R67g,"mau login masukin email, tpi cuma bisa diketik 1 huruf aja",1,0,3.149.0,2025-12-21 16:45:37+00:00,,,3.149.0,Dataset/dataset\OVO_googleplay_DECEMBER_reviews.csv,login
7f3148a1-6996-4095-8098-926258001ae0,Pengguna Google,https://play-lh.googleusercontent.com/EGemoI2NTXmTsBVtJqk8jxF9rh8ApRWfsIMQSt2uE4OcpQqbFu7f7NbTK05lx80nuSijCz7sc3a277R67g,ga bisa memverifikasi wajah sulit untuk memverifikasi wajah sudah coba berulang ulang kali tetap tidak bisa sudah mengikuti arahan aplikasi tapi tetap tidak bisa tolong diperbaiki untuk stage verifikasi wajah karna beberapa teman saya juga mengalami kejadian yang sama. terima kasih,3,0,3.1.0,2025-11-08 06:24:15+00:00,"Halo Sahabat @Rangga Rangga Tirta, mohon maaf atas ketidaknyamanannya. Mohon pastikan agar pencahayaan baik dan wajah tidak terlalu dekat dengan kamera. Apabila masih terkendala Sahabat dapat mengirimkan email ke mandiricare@bankmandiri.co.id atau menghubungi mandiri call 14000 agar dapat dilakukan pengecekan.Tks ~ Said
",2025-11-10 23:19:42,3.1.0,Dataset/dataset\LIVIN_googleplay_NOVEMBER_reviews.csv,vermuk
1c0518e0-c462-4686-9a7d-068bad5c351c,Pengguna Google,https://play-lh.googleusercontent.com/EGemoI2NTXmTsBVtJqk8jxF9rh8ApRWfsIMQSt2uE4OcpQqbFu7f7NbTK05lx80nuSijCz7sc3a277R67g,"saldo shopeepay aku sering banget tiba' berkurang, padahal ngga payment apapun, baru tadi kejadian baru top up shopeepay udah langsung berkurang, gimana si",3,1,,2025-10-04 19:09:22+00:00,"Hi Kak. Mohon maaf atas kendala saldo yang terpotong. Kakak dapat melihat riwayat transaksi ShopeePay dengan cara klik menu ""Riwayat"" pada aplikasi ShopeePay. Apabila masih terkendala, mohon menghubungi kami melalui DM ke Instagram @ShopeePay_ID dengan melampirkan bukti yang tertera nomor transaksi, nominal, tanggal dan waktu transaksi. ^EN",2025-10-06 13:18:46,,Dataset/dataset\SHOPEEPAY_googleplay_OCTOBER_reviews.csv,topup
bb40a058-83e3-4c54-a199-107da9466814,Pengguna Google,https://play-lh.googleusercontent.com/EGemoI2NTXmTsBVtJqk8jxF9rh8ApRWfsIMQSt2uE4OcpQqbFu7f7NbTK05lx80nuSijCz7sc3a277R67g,"tolong lah ini knp gw top up wdp ml gk masuk padahal status transaksi berhasil biasa nya lancar"" aja gmn ni gopay",1,0,1.60.0,2025-10-10 15:21:06+00:00,"Hai Kak Wawan, kami mohon maaf atas kondisi yang Kakak alami. Terkait hal ini, dapat kami sampaikan bahwa ada pemeliharaan sistem yang mempengaruhi transaksi Kakak & saat ini sudah kembali normal. Berkenan untuk melakukan pengecekan kembali di akun tujuan secara berkala ya Kak. Mohon maaf atas ketidaknyamanannya. Salam hangat. ^Miko",2025-10-10 20:29:21,1.60.0,Dataset/dataset\GOPAY_googleplay_OCTOBER_reviews.csv,topup
7baae991-33c0-4013-bf03-a240d1923614,Pengguna Google,https://play-lh.googleusercontent.com/EGemoI2NTXmTsBVtJqk8jxF9rh8ApRWfsIMQSt2uE4OcpQqbFu7f7NbTK05lx80nuSijCz7sc3a277R67g,mantap kk ku bantu lama untuk top up dana gratis ya kk ku,5,0,1.44.05,2025-12-20 17:07:49+00:00,"Hi Kak. Terima kasih telah menggunakan ShopeePay. Mari cek aplikasi ShopeePay karena banyak fitur yang mempermudah keseharian kakak seperti pembelian pulsa, paket data, pembayaran tagihan listrik dan pembayaran lainnya. Jika kakak memiliki pertanyaan seputar ShopeePay, mohon DM kami di Instagram @ShopeePay_ID ya. Semoga harimu menyenangkan ^RJ",2025-12-22 09:57:10,1.44.05,Dataset/dataset\SHOPEEPAY_googleplay_DECEMBER_reviews.csv,topup
c4ed6b3c-605d-4bef-83b0-0941538e4950,Pengguna Google,https://play-lh.googleusercontent.com/EGemoI2NTXmTsBVtJqk8jxF9rh8ApRWfsIMQSt2uE4OcpQqbFu7f7NbTK05lx80nuSijCz7sc3a277R67g,"jujur pas gw mau top up ada kendala ""aktivitas gak wajar,jadi lagi di cek dulu.silahkan coba lagi nanti, ya"" trus pas mau masukin kode voucher gak bisa udh coba berkali kali Mlah gk memenuhi syarat.gmn sih 😮‍💨",1,1,1.61.2,2025-11-02 12:32:38+00:00,"Hai Kak @Ilz_zam`, mohon maaf atas ketidaknyamanannya. Terkait hal tersebut, silakan laporkan melalui email ke customerservice@gopay.co.id dengan melampirkan kode psr-25-306-0741-01293 pada subject email dan ceritakan kembali detail permasalahannya agar tim kami bisa bantu cek lebih lanjut ya. ^Melisa",2025-11-02 14:41:11,1.61.2,Dataset/dataset\GOPAY_googleplay_NOVEMBER_reviews.csv,topup
86a3437a-309d-44e3-b506-5d935f63d176,Pengguna Google,https://play-lh.googleusercontent.com/EGemoI2NTXmTsBVtJqk8jxF9rh8ApRWfsIMQSt2uE4OcpQqbFu7f7NbTK05lx80nuSijCz7sc3a277R67g,Dengan menggunakan shopee pay transfer belanja mudah.,5,0,1.45.09,2025-12-27 13:09:59+00:00,"Hi Kak. Terima kasih telah menggunakan ShopeePay. Mari cek aplikasi ShopeePay karena banyak fitur yang mempermudah keseharian kakak seperti pembelian pulsa, paket data, pembayaran tagihan listrik dan pembayaran lainnya. Jika kakak memiliki pertanyaan seputar ShopeePay, mohon DM kami di Instagram @ShopeePay_ID ya. Semoga harimu menyenangkan ^RJ",2025-12-29 09:52:52,1.45.09,Dataset/dataset\SHOPEEPAY_googleplay_DECEMBER_reviews.csv,transfer
35e49094-76fd-4b1f-b037-06443f5a5951,Pengguna Google,https://play-lh.googleusercontent.com/EGemoI2NTXmTsBVtJqk8jxF9rh8ApRWfsIMQSt2uE4OcpQqbFu7f7NbTK05lx80nuSijCz7sc3a277R67g,seharian nunggu mau tf ga bisa2,2,0,1.61.2,2025-10-28 17:30:22+00:00,"Hai Kak @Padi, sebelum transfer, pastikan status upgrade GoPay Plus sudah 'Diterima', nomor penerima valid dan tidak terblokir. Jika masih bermasalah, silakan kunjungi menu Bantuan di aplikasi GoPay atau email ke customerservice@gopay.co.id dan cantumkan kode psr-25-301-1327-57870 pada subjek email. ^Melisa",2025-10-28 20:28:06,1.61.2,Dataset/dataset\GOPAY_googleplay_OCTOBER_reviews.csv,transfer
603586b1-d4d6-475a-8132-288da05a8311,Pengguna Google,https://play-lh.googleusercontent.com/EGemoI2NTXmTsBVtJqk8jxF9rh8ApRWfsIMQSt2uE4OcpQqbFu7f7NbTK05lx80nuSijCz7sc3a277R67g,top up blm masuk dari mlm aneh,1,0,,2025-10-26 20:14:54+00:00,"Hi Kak Aisyah. Mohon maaf atas kendala Top Up ShopeePay yang belum diterima. Jika hingga saat ini Top Up masih belum diterima mohon menghubungi kami melalui DM ke Instagram @ShopeePay_ID yang bercentang biru, dengan melampirkan bukti bayar Top Up tersebut untuk bantuan lebih lanjut. Semoga kendala kakak segera terselesaikan ya. ^CS",2025-10-27 11:26:26,,Dataset/dataset\SHOPEEPAY_googleplay_OCTOBER_reviews.csv,topup
e34fcafe-ffc3-40d9-ac33-a02bcdc46e76,Pengguna Google,https://play-lh.googleusercontent.com/EGemoI2NTXmTsBVtJqk8jxF9rh8ApRWfsIMQSt2uE4OcpQqbFu7f7NbTK05lx80nuSijCz7sc3a277R67g,"tiba tiba bgt saya udah terdaftar padahal baru pertama kali iniii mau daftr jadi nasabah sedangkan kalo daftar lewat mbanking pun harus pake verifikasi wajah, saya shock bgt kata CS nya di apk ini udh terdaftar udh punya rekening udh punya kartunya bahkan pdhl saya sama sekali ga pernah daftar mandiri di livin atau pun bikin kartu. Gila ya mandiri ga aman bgt",1,4,3.2.0,2025-11-25 08:20:17+00:00,"Halo Sahabat @Lestari, mohon maaf atas ketidaknyamannya. Perihal kendala pada layanan Livin' by Mandiri, mohon untuk dapat menghubungi layanan mandiri 14000 agar dapat dilakukan pengecekan. Tks~Rere",2025-11-25 08:35:13,3.2.0,Dataset/dataset\LIVIN_googleplay_NOVEMBER_reviews.csv,vermuk
c9c3e22b-4b16-4de9-88f3-a30b3752c94d,Pengguna Google,https://play-lh.googleusercontent.com/EGemoI2NTXmTsBVtJqk8jxF9rh8ApRWfsIMQSt2uE4OcpQqbFu7f7NbTK05lx80nuSijCz7sc3a277R67g,Estimasi waktu transfer tidak akurat. Status masih diproses meski sudah melewati jam yang dijanjikan. Ini sangat menyulitkan dan membuat pengguna stres. Mohon ShopeePay lebih bertanggung jawab dengan estimasi dan sistemnya. Sangat mengecewakan tidak direkomendasikan untuk transfer ke dana. ga sesuai iklan aplikasinya wkwkwkwkwk kocak🫣🥴,3,8,1.44.05,2025-12-24 18:12:17+00:00,"Hi Kak Lintang. Mohon maaf atas kendala transfer saldo ShopeePay ke DANA yang masih dalam proses. Terkait kendala tersebut mohon menghubungi kami melalui DM ke Instagram @ShopeePay_ID yang bercentang biru, dengan melampirkan bukti transfer yang terkendala untuk bantuan lebih lanjut. Semoga kendala kakak segera terselesaikan ya. ^CS",2025-12-25 13:54:48,1.44.05,Dataset/dataset\SHOPEEPAY_googleplay_DECEMBER_reviews.csv,transfer
0524c8c3-955a-4d11-a82f-cd9e87b319c8,Pengguna Google,https://play-lh.googleusercontent.com/EGemoI2NTXmTsBVtJqk8jxF9rh8ApRWfsIMQSt2uE4OcpQqbFu7f7NbTK05lx80nuSijCz7sc3a277R67g,apk sampah mau top up di susah susahin,1,2,1.41.06,2025-10-25 17:24:15+00:00,"Hi Kak Muhammad . Mohon maaf atas kendala tidak bisa Top Up. Terkait kendala tersebut mohon menghubungi kami melalui DM ke Instagram @ShopeePay_ID yang bercentang biru, dengan menginformasikan detail dan bukti kendala untuk bantuan lebih lanjut. Semoga kendala kakak segera terselesaikan ya. ^CS",2025-10-27 12:11:35,1.41.06,Dataset/dataset\SHOPEEPAY_googleplay_OCTOBER_reviews.csv,topup
e0f736ac-5ed1-4574-b2c7-2b189922e8e0,Pengguna Google,https://play-lh.googleusercontent.com/EGemoI2NTXmTsBVtJqk8jxF9rh8ApRWfsIMQSt2uE4OcpQqbFu7f7NbTK05lx80nuSijCz7sc3a277R67g,"kalo tf ke rekening bank gede amat admin nya buset beda sama dana, tidak recomend sekali 👎👎👎",1,0,3.150.0,2025-12-23 20:26:51+00:00,,,3.150.0,Dataset/dataset\OVO_googleplay_DECEMBER_reviews.csv,transfer
accbba6e-8b15-4f72-b804-8417a9cd9c5e,Pengguna Google,https://play-lh.googleusercontent.com/EGemoI2NTXmTsBVtJqk8jxF9rh8ApRWfsIMQSt2uE4OcpQqbFu7f7NbTK05lx80nuSijCz7sc3a277R67g,gratis top up 25× perbulan,5,0,1.42.03,2025-12-01 00:13:23+00:00,"Hi Kak. Terima kasih telah menggunakan ShopeePay. Mari cek aplikasi ShopeePay karena banyak fitur yang mempermudah keseharian kakak seperti pembelian pulsa, paket data, pembayaran tagihan listrik dan pembayaran lainnya. Jika kakak memiliki pertanyaan seputar ShopeePay, mohon DM kami di Instagram @ShopeePay_ID ya. Semoga harimu menyenangkan ^RJ",2025-12-01 10:09:42,1.42.03,Dataset/dataset\SHOPEEPAY_googleplay_DECEMBER_reviews.csv,topup
2eb93b0d-2318-4d10-bf38-572d074e5490,Pengguna Google,https://play-lh.googleusercontent.com/EGemoI2NTXmTsBVtJqk8jxF9rh8ApRWfsIMQSt2uE4OcpQqbFu7f7NbTK05lx80nuSijCz7sc3a277R67g,cepat dan gampang top up dan pengirimannya hemat biaya..,5,1,1.62.0,2025-11-11 02:59:17+00:00,,,1.62.0,Dataset/dataset\GOPAY_googleplay_NOVEMBER_reviews.csv,topup
df6ab2e5-e116-43d8-a95c-6080bd16f6bf,Pengguna Google,https://play-lh.googleusercontent.com/EGemoI2NTXmTsBVtJqk8jxF9rh8ApRWfsIMQSt2uE4OcpQqbFu7f7NbTK05lx80nuSijCz7sc3a277R67g,Transfer ke bank lain gratis yang terbarunya gratis transfer ke virtual account,5,0,1.62.0,2025-11-15 11:44:13+00:00,,,1.62.0,Dataset/dataset\GOPAY_googleplay_NOVEMBER_reviews.csv,transfer
be52a164-2f9c-42b9-a543-721d16bbfe02,Pengguna Google,https://play-lh.googleusercontent.com/EGemoI2NTXmTsBVtJqk8jxF9rh8ApRWfsIMQSt2uE4OcpQqbFu7f7NbTK05lx80nuSijCz7sc3a277R67g,"lama lama tidak jelas susah login, padahal jaringan bagus",1,0,3.149.0,2025-12-20 13:51:05+00:00,,,3.149.0,Dataset/dataset\OVO_googleplay_DECEMBER_reviews.csv,login
d741b2a1-b49c-4fc7-a0d8-8fa8957c6349,Pengguna Google,https://play-lh.googleusercontent.com/EGemoI2NTXmTsBVtJqk8jxF9rh8ApRWfsIMQSt2uE4OcpQqbFu7f7NbTK05lx80nuSijCz7sc3a277R67g,sekarang klo top up atau bayar bayar ada adminnya,1,0,3.2.0,2025-11-26 07:36:24+00:00,"Halo Sahabat @Febrian04 ayudi, mohon maaf atas ketidaknyamanannya. Terkait kendala Sahabat mohon untuk dapat mengirimkan email ke mandiricare@bankmandiri.co.id atau menghubungi Mandiri Call 14000 lalu tekan 2 agar dapat dilakukan pengecekan. Tks~Danti",2025-11-26 07:40:20,3.2.0,Dataset/dataset\LIVIN_googleplay_NOVEMBER_reviews.csv,topup
56cb86c6-3851-4f62-8cd7-7c96bc1079c4,Pengguna Google,https://play-lh.googleusercontent.com/EGemoI2NTXmTsBVtJqk8jxF9rh8ApRWfsIMQSt2uE4OcpQqbFu7f7NbTK05lx80nuSijCz7sc3a277R67g,"Ampas banget, saya transfer dari Shopeepay ke e-wallet lain tapi tidak masuk saldonya",3,1,1.44.04,2025-12-10 21:14:21+00:00,"Hi Kak Zikrix. Terima kasih atas review positif yang Kakak bagikan. Kami ikut senang jika Kakak puas dengan aplikasi ShopeePay. Jangan lupa untuk rutin cek aplikasi ShopeePay untuk mendapatkan promo menarik. Jika Kakak mengalami kendala, hubungi kami di DM Instagram @ShopeePay_ID. ^CS",2025-10-29 10:33:31,1.44.04,Dataset/dataset\SHOPEEPAY_googleplay_DECEMBER_reviews.csv,transfer
99a34ee9-9e5b-44eb-bd05-9a15e1ee7c17,Pengguna Google,https://play-lh.googleusercontent.com/EGemoI2NTXmTsBVtJqk8jxF9rh8ApRWfsIMQSt2uE4OcpQqbFu7f7NbTK05lx80nuSijCz7sc3a277R67g,"kaga bisa ngirim foto? saya top up ml beli wdp yang 3 kali tapi yang masuk cuman 1 kali saja gimana ya gopay, rugi 2 kali lipat saya top up di gopay mohon di respon yaaa",1,0,,2025-10-18 11:00:41+00:00,"Hai Kak Satya, mohon maaf atas ketidaknyamanannya. Jika masih mengalami keluhan, silakan laporkan melalui email ke customerservice@gopay.co.id dengan melampirkan kode psr-25-291-0823-35865 pada subject email dan cantumkan nomor laporan sebelumnya serta ceritakan kembali detail permasalahannya. Kami tunggu detail laporan kamu ya. ^Miko",2025-10-18 15:23:50,,Dataset/dataset\GOPAY_googleplay_OCTOBER_reviews.csv,topup
bd859038-7f9c-4022-b023-19c29a452c43,Pengguna Google,https://play-lh.googleusercontent.com/EGemoI2NTXmTsBVtJqk8jxF9rh8ApRWfsIMQSt2uE4OcpQqbFu7f7NbTK05lx80nuSijCz7sc3a277R67g,tidak bisa transfer,5,0,1.22.0,2025-10-18 23:05:41+00:00,,,1.22.0,Dataset/dataset\GOPAY_googleplay_OCTOBER_reviews.csv,transfer
6d85d504-10f2-4895-9150-3d7b19dd139a,Pengguna Google,https://play-lh.googleusercontent.com/EGemoI2NTXmTsBVtJqk8jxF9rh8ApRWfsIMQSt2uE4OcpQqbFu7f7NbTK05lx80nuSijCz7sc3a277R67g,min tolong min kalok mau login jangan ada verifikasi wajah min 🙏,4,0,1.64.1,2025-11-30 18:55:03+00:00,,,1.64.1,Dataset/dataset\GOPAY_googleplay_NOVEMBER_reviews.csv,login
2362a7bb-db83-4e28-aff0-58e0339e4641,Pengguna Google,https://play-lh.googleusercontent.com/EGemoI2NTXmTsBVtJqk8jxF9rh8ApRWfsIMQSt2uE4OcpQqbFu7f7NbTK05lx80nuSijCz7sc3a277R67g,saya topup dari DANA ke gopay gak masuk2 saldo nya. sedangkan sttus di DANA berhasil terkirim.,1,2,1.60.0,2025-10-18 12:44:26+00:00,"Hai Kak Rey, pastikan nomor tujuan sudah benar, sudah cek halaman Riwayat, dan coba keluar dan masuk kembali ke aplikasi. Jika saldo masih belum masuk, silakan laporkan melalui menu Bantuan > ketik 'Top up GoPay saya belum masuk' > isi formulir dan cantumkan kode psr-25-291-0841-35768 pada bagian 'Ceritakan lebih lanjut'. ^Miko",2025-10-18 15:41:48,1.60.0,Dataset/dataset\GOPAY_googleplay_OCTOBER_reviews.csv,topup
6332a8cb-b229-4308-967e-f4ff62dc8d2e,Pengguna Google,https://play-lh.googleusercontent.com/EGemoI2NTXmTsBVtJqk8jxF9rh8ApRWfsIMQSt2uE4OcpQqbFu7f7NbTK05lx80nuSijCz7sc3a277R67g,"saya top up lewat link aja sampe skrg blm masuk"" hadehh",1,0,1.61.2,2025-11-02 18:09:20+00:00,"Hai Kak Kurawa, pastikan nomor tujuan sudah benar, sudah cek halaman Riwayat, dan coba keluar dan masuk kembali ke aplikasi. Jika saldo masih belum masuk, silakan laporkan melalui menu Bantuan > ketik 'Top up GoPay saya belum masuk' > isi formulir dan cantumkan kode psr-25-306-1411-24750 pada bagian 'Ceritakan lebih lanjut'. ^Miko",2025-11-02 21:11:33,1.61.2,Dataset/dataset\GOPAY_googleplay_NOVEMBER_reviews.csv,topup
f262f4ca-8442-4af3-be00-edce6be4f650,Pengguna Google,https://play-lh.googleusercontent.com/EGemoI2NTXmTsBVtJqk8jxF9rh8ApRWfsIMQSt2uE4OcpQqbFu7f7NbTK05lx80nuSijCz7sc3a277R67g,"gopay aplikasi Cacat TF udh sehari blum masuk ""kapok pake gopay lagi butuhnya malah saldo ga masuk tolol",1,0,1.64.1,2025-11-27 23:52:05+00:00,"Hai Kak Karina, mohon maaf atas ketidaknyamanannya. Pastikan nomor tujuan transfer sudah benar dan sudah cek halaman Riwayat. Jika saldo belum juga bertambah, laporkan detailnya melalui email customerservice@gopay.co.id dan cantumkan kode psr-25-331-1611-39128 pada subject email yang kamu kirimkan ya. ^Melisa",2025-11-27 23:11:48,1.64.1,Dataset/dataset\GOPAY_googleplay_NOVEMBER_reviews.csv,transfer
bab742a0-c6ba-4a69-a4ab-121e579fe66c,Pengguna Google,https://play-lh.googleusercontent.com/EGemoI2NTXmTsBVtJqk8jxF9rh8ApRWfsIMQSt2uE4OcpQqbFu7f7NbTK05lx80nuSijCz7sc3a277R67g,"tgl 12 Desember 2025 saya Tf ke akun bank saya namun saldo belum juga masuk"" sial banget rasanya ovo ini bukanya sat set malah suruh nunggu 2hari kerja",1,0,3.107.0,2025-12-12 06:20:47+00:00,,,3.107.0,Dataset/dataset\OVO_googleplay_DECEMBER_reviews.csv,transfer
5a3859bb-1137-404c-90ea-c7e1fe114046,Pengguna Google,https://play-lh.googleusercontent.com/EGemoI2NTXmTsBVtJqk8jxF9rh8ApRWfsIMQSt2uE4OcpQqbFu7f7NbTK05lx80nuSijCz7sc3a277R67g,"ini saya transfer uang, tapi tidak terkirim dan sudah 1 hari saldo ngak kembali. padahal urgen dan saldo pas""n, kalau memang ngak bisa transfer dan ada masalah sistem tolong di beritahukan lebih biar tidak melakukan transaksi. ini harus menunggu lagi pengembalian saldo padahal uang sangat sudah di butuh kan.",3,42,1.61.2,2025-10-29 07:56:19+00:00,"Hai Kak Fajar, mohon maaf atas ketidaknyamanannya. Terkait keluhan tersebut, silakan laporkan melalui email ke customerservice@gopay.co.id dengan melampirkan kode psr-25-302-0116-02545 pada subject email. Kami tunggu detail laporan kamu ya. ^Maura",2025-10-29 08:16:07,1.61.2,Dataset/dataset\GOPAY_googleplay_OCTOBER_reviews.csv,transfer
82fdd280-7f0c-44c7-b8b8-b3cd0789ced7,Pengguna Google,https://play-lh.googleusercontent.com/EGemoI2NTXmTsBVtJqk8jxF9rh8ApRWfsIMQSt2uE4OcpQqbFu7f7NbTK05lx80nuSijCz7sc3a277R67g,"Versi 1.62.0 jelek banget. Setiap login pake nomor hp pasti gagal mulu langsung blank putih dibagian masukin pin. Coba pake akun google, bisa masuk tapi pas mau bayar pulsa/data blank juga dibagian masukin pin. Udah coba hapus chace, data sampai hapus aplikasi tapi tetap aja begitu. Terus juga dibagian keamanan kenapa udah nyalain lokasi tapi tidak terdeteksi. Jadi yang asalnya persentase 75% sekarang cuma 50% aja. Benerinlah mau beli pulsa aja susah amat! Cepet update!",1,0,,2025-11-11 15:25:04+00:00,"Hai Kak Dani, mohon maaf atas kendala yang kamu alami. Sebelum login, pastikan kamu sudah pakai GoPay versi terbaru & tidak ada kendala pada akun kamu, ya. Jika masih tidak bisa login, laporkan ke kami melalui email ke customerservice@gopay.co.id dan mencantumkan kode psr-25-315-1010-53664 pada subjek email. ^Maura",2025-11-11 17:11:32,,Dataset/dataset\GOPAY_googleplay_NOVEMBER_reviews.csv,login
57a577f0-82cf-4a3c-8eba-a8c09221867c,Pengguna Google,https://play-lh.googleusercontent.com/EGemoI2NTXmTsBVtJqk8jxF9rh8ApRWfsIMQSt2uE4OcpQqbFu7f7NbTK05lx80nuSijCz7sc3a277R67g,"halo min, saya sudah mempunyai akun bank jago cukup lama untuk jadi rdn stock bit. Namun saya terdapat kendala dimana hp saya rusak dan tidak bisa untuk recovery data. Satu satunya yg bisa saya akses adalah email yg tertaut di bank jago karena no hp yg tertaut tdk dapat dibuka krn hpnya rusak total. Mohon kebijakannya min. karena saya sebelumnya sudh melalui verif wajah dan kode email namun diminta juga untuk kode yg terkirim di no hp jd tdk bisa login.",1,5,8.75.0,2025-11-04 14:17:20+00:00,"Hai, Jagoan. Mohon maaf untuk kendala yang kamu alami. Terkait kendala tersebut, kamu bisa segera laporkan ke Tanya Jago di nomor 1500746 / 021-30000746 atau e-mail ke tanya@jago.com ya. Tidak perlu khawatir karena tim terkait kami akan segera membantu. Terimakasih.",2025-11-05 13:54:19,8.75.0,Dataset/dataset\JAGO_googleplay_NOVEMBER_reviews.csv,login
8cc39b30-16a2-4df1-821e-99e96e244beb,Pengguna Google,https://play-lh.googleusercontent.com/EGemoI2NTXmTsBVtJqk8jxF9rh8ApRWfsIMQSt2uE4OcpQqbFu7f7NbTK05lx80nuSijCz7sc3a277R67g,"aplikasi yang paling aneh yg pernah saya pakai, daftar susah, login susah ,, kocak kocak",1,0,8.74.0,2025-10-09 15:58:24+00:00,"Halo, Jagoan. Mohon maaf atas kendala yang terjadi ya. Kamu tidak perlu khawatir, kamu bisa menjelaskan detail kendala tersebut melalui email di tanya@jago.com atau call center 1500 746 untuk kami bantu tangani lebih lanjut. Terima kasih :)",2025-10-09 18:33:09,8.74.0,Dataset/dataset\JAGO_googleplay_OCTOBER_reviews.csv,login
82d173a0-c140-46cf-9024-f8e861b030d3,Pengguna Google,https://play-lh.googleusercontent.com/EGemoI2NTXmTsBVtJqk8jxF9rh8ApRWfsIMQSt2uE4OcpQqbFu7f7NbTK05lx80nuSijCz7sc3a277R67g,"saya tf 100k ke bank lain masa harus nunggu 2 hari, saya ke pusat bantuan malah gabisa, NYESEL PAKE APLIKASI INI!",1,0,3.144.0,2025-10-06 01:01:35+00:00,,,3.144.0,Dataset/dataset\OVO_googleplay_OCTOBER_reviews.csv,transfer
731ad0ed-774c-44fd-aff6-ef38a5f880df,Pengguna Google,https://play-lh.googleusercontent.com/EGemoI2NTXmTsBVtJqk8jxF9rh8ApRWfsIMQSt2uE4OcpQqbFu7f7NbTK05lx80nuSijCz7sc3a277R67g,e wallet paling buruk yg pernah sy pakai. TF kepotong top up kepotong bayar QRIS sering gagal nya,1,0,3.147.0,2025-11-20 05:21:22+00:00,,,3.147.0,Dataset/dataset\OVO_googleplay_NOVEMBER_reviews.csv,qris
977fa133-3909-4b29-9e89-51b9e9a7b957,Pengguna Google,https://play-lh.googleusercontent.com/EGemoI2NTXmTsBVtJqk8jxF9rh8ApRWfsIMQSt2uE4OcpQqbFu7f7NbTK05lx80nuSijCz7sc3a277R67g,"sebelum'a alhamdulillah lacar, cm bru merhatiin kl topup knp ad admin lg y, n powercash'a kok jd ilang d menu",5,0,3.2.0,2025-12-25 20:13:49+00:00,"Halo Sahabat @ollie za, mohon maaf atas ketidaknyamanannya. Apabila terdapat kendala agar dapat kami tindaklanjuti, Sahabat dapat mengirimkan email ke mandiricare@bankmandiri.co.id atau menghubungi layanan Mandiri Call 14000 ya. Tks~Alza",2025-12-25 20:17:55,3.2.0,Dataset/dataset\LIVIN_googleplay_DECEMBER_reviews.csv,topup
f51a61ea-7465-4750-859d-4c0d9e9fdfac,Pengguna Google,https://play-lh.googleusercontent.com/EGemoI2NTXmTsBVtJqk8jxF9rh8ApRWfsIMQSt2uE4OcpQqbFu7f7NbTK05lx80nuSijCz7sc3a277R67g,"selalu ke logout sendiri, harus login dari awal dan masukin kode otp lagi setiap mau masuk aplikasi. hadehhh tolong diperbaiki",1,0,8.76.0,2025-11-11 18:46:47+00:00,"Halo, Jagoan. Mohon maaf atas kendala yang terjadi ya. Kamu tidak perlu khawatir, kamu bisa menjelaskan detail kendala tersebut melalui email di tanya@jago.com atau call center 1500 746 untuk kami bantu tangani lebih lanjut. Terima kasih :)",2025-11-11 19:28:14,8.76.0,Dataset/dataset\JAGO_googleplay_NOVEMBER_reviews.csv,login
0ec8b312-4e7d-4e52-8b3d-43701284c6df,Pengguna Google,https://play-lh.googleusercontent.com/EGemoI2NTXmTsBVtJqk8jxF9rh8ApRWfsIMQSt2uE4OcpQqbFu7f7NbTK05lx80nuSijCz7sc3a277R67g,qris payment tidak bisa kebaca. tolong ditindak lanjuti,1,0,8.76.0,2025-11-02 17:13:06+00:00,"Halo, Jagoan. Mohon maaf atas kendala yang terjadi ya. Kamu tidak perlu khawatir, kamu bisa menjelaskan detail kendala tersebut melalui email di tanya@jago.com atau call center 1500 746 untuk kami bantu tangani lebih lanjut. Terima kasih :)",2025-11-02 17:38:56,8.76.0,Dataset/dataset\JAGO_googleplay_NOVEMBER_reviews.csv,qris
b2e4b034-c404-4dee-8029-cfb8f83afa83,Pengguna Google,https://play-lh.googleusercontent.com/EGemoI2NTXmTsBVtJqk8jxF9rh8ApRWfsIMQSt2uE4OcpQqbFu7f7NbTK05lx80nuSijCz7sc3a277R67g,"siapin pitur mode siluman untuk transfer, pendaftaran tanpa nomor dan mode pemulihan akun verifikasi wajah eKTP, untuk mulai meninggal layanan google",1,0,,2025-10-28 06:11:52+00:00,,,,Dataset/dataset\OVO_googleplay_OCTOBER_reviews.csv,transfer
354a45b2-84de-4410-9c17-9f33d695ba8a,Pengguna Google,https://play-lh.googleusercontent.com/EGemoI2NTXmTsBVtJqk8jxF9rh8ApRWfsIMQSt2uE4OcpQqbFu7f7NbTK05lx80nuSijCz7sc3a277R67g,"tempat penyimpanan uang Tarik ,simpan ,transfer aman",5,0,1.64.0,2025-11-20 21:05:58+00:00,,,1.64.0,Dataset/dataset\GOPAY_googleplay_NOVEMBER_reviews.csv,transfer
a96b6b51-56c9-499f-9d14-bed02fb01417,Pengguna Google,https://play-lh.googleusercontent.com/EGemoI2NTXmTsBVtJqk8jxF9rh8ApRWfsIMQSt2uE4OcpQqbFu7f7NbTK05lx80nuSijCz7sc3a277R67g,mau login masu tapi no saya sudah tida aktip.apakah masih bisa login,1,0,8.77.3,2025-12-09 18:26:54+00:00,"Halo, Jagoan. Mohon maaf atas kendala yang terjadi ya. Kamu tidak perlu khawatir, kamu bisa menjelaskan detail kendala tersebut melalui email di tanya@jago.com atau call center 1500 746 untuk kami bantu tangani lebih lanjut. Terima kasih :)",2025-12-09 19:37:55,8.77.3,Dataset/dataset\JAGO_googleplay_DECEMBER_reviews.csv,login
75882310-9f6d-431f-a571-2899ac5f93e6,Pengguna Google,https://play-lh.googleusercontent.com/EGemoI2NTXmTsBVtJqk8jxF9rh8ApRWfsIMQSt2uE4OcpQqbFu7f7NbTK05lx80nuSijCz7sc3a277R67g,error ga bisa bayar pake qris,1,0,1.64.0,2025-11-20 16:30:40+00:00,"Hai Kak Reqzy, mohon maaf atas ketidaknyamanannya. Pastikan kamu menggunakan aplikasi GoPay versi terbaru dan posisi kode QR yang dipindai sudah sesuai. Jika masih berkendala, laporkan melalui email customerservice@gopay.co.id dan cantumkan kode psr-25-324-1040-08890 pada subject email yang kamu kirimkan ya. ^Melisa",2025-11-20 17:40:16,1.64.0,Dataset/dataset\GOPAY_googleplay_NOVEMBER_reviews.csv,qris
796f5275-26e7-44a4-9ffd-3ec3ed7f13bb,Pengguna Google,https://play-lh.googleusercontent.com/EGemoI2NTXmTsBVtJqk8jxF9rh8ApRWfsIMQSt2uE4OcpQqbFu7f7NbTK05lx80nuSijCz7sc3a277R67g,aku top up games g masuk masuk gimana aplikasi nya kecewa berat,5,0,1.60.0,2025-11-10 20:26:52+00:00,,,1.60.0,Dataset/dataset\GOPAY_googleplay_NOVEMBER_reviews.csv,topup
e4b7a305-4b28-480f-af3c-8971b1c9dcec,Pengguna Google,https://play-lh.googleusercontent.com/EGemoI2NTXmTsBVtJqk8jxF9rh8ApRWfsIMQSt2uE4OcpQqbFu7f7NbTK05lx80nuSijCz7sc3a277R67g,"INI APLIKASI GK RECOMENDED SUMPAHH JANGAN DOWNLOAD , DUIT GW ILANG DI APLIKASI INI . GILIRAN TOP UP CEPET , TAPI GILIRAN TRANSFER KE BANK GANGGUAN ENTAH KEMANA DUIT NYA .",1,0,3.147.0,2025-11-22 09:54:28+00:00,,,3.147.0,Dataset/dataset\OVO_googleplay_NOVEMBER_reviews.csv,topup
d545981b-dd5c-4abc-b4a4-4dd6268fc84b,Pengguna Google,https://play-lh.googleusercontent.com/EGemoI2NTXmTsBVtJqk8jxF9rh8ApRWfsIMQSt2uE4OcpQqbFu7f7NbTK05lx80nuSijCz7sc3a277R67g,"mau lu apa deh ovo gajelas bgt kocak. uda biaya topup gak free, topup 20 cm masuk 17k, 18k. gitu mulu dari dulu ga ada perbaikan, bikin emosi anjir. uda milih makanan di grab lama hitung²an ama diskon uda lama begitu mau payment selalu gacukup tu saldo karna potongan saldo banyak bgt. ga dijelasin lg tu saldo yg kepotong kemana? sangat zero responsible nih OVO. kalo mau dipotong lagi gausa pake biaya admin topup lawak lo. apu aja nih aplikasi makin lama makin downgrade",1,0,,2025-10-11 14:49:34+00:00,,,,Dataset/dataset\OVO_googleplay_OCTOBER_reviews.csv,topup
24a22886-fa44-4fed-a61a-f7fb46beb33b,Pengguna Google,https://play-lh.googleusercontent.com/EGemoI2NTXmTsBVtJqk8jxF9rh8ApRWfsIMQSt2uE4OcpQqbFu7f7NbTK05lx80nuSijCz7sc3a277R67g,aplikasi tolol gua tf ga sampe sampe,1,0,1.60.0,2025-11-01 21:06:05+00:00,"Hai Kak Agi, mohon maaf atas ketidaknyamanannya. Terkait keluhan tersebut, silakan laporkan melalui email ke customerservice@gopay.co.id dengan melampirkan kode psr-25-305-1505-47623 pada subject email. Kami tunggu detail laporan kamu ya. ^Maura",2025-11-01 22:05:52,1.60.0,Dataset/dataset\GOPAY_googleplay_NOVEMBER_reviews.csv,transfer
5dab7742-51f2-46fe-94cc-85a05d0bd738,Pengguna Google,https://play-lh.googleusercontent.com/EGemoI2NTXmTsBVtJqk8jxF9rh8ApRWfsIMQSt2uE4OcpQqbFu7f7NbTK05lx80nuSijCz7sc3a277R67g,bagus sih bisa transfer gratis ke bank lain,5,0,1.62.0,2025-11-09 14:39:46+00:00,,,1.62.0,Dataset/dataset\GOPAY_googleplay_NOVEMBER_reviews.csv,transfer
72533384-9ef6-452b-a40a-1878de53d8ef,Pengguna Google,https://play-lh.googleusercontent.com/EGemoI2NTXmTsBVtJqk8jxF9rh8ApRWfsIMQSt2uE4OcpQqbFu7f7NbTK05lx80nuSijCz7sc3a277R67g,bagus buat top up,5,0,1.59.0,2025-10-10 19:23:54+00:00,,,1.59.0,Dataset/dataset\GOPAY_googleplay_OCTOBER_reviews.csv,topup
37739438-ba7a-45aa-a09f-78c9de681481,Pengguna Google,https://play-lh.googleusercontent.com/EGemoI2NTXmTsBVtJqk8jxF9rh8ApRWfsIMQSt2uE4OcpQqbFu7f7NbTK05lx80nuSijCz7sc3a277R67g,gopay memudahkan urusan transfer saya pada sehari²,5,0,,2025-11-12 17:05:17+00:00,,,,Dataset/dataset\GOPAY_googleplay_NOVEMBER_reviews.csv,transfer
f72fc3ae-db9f-40f2-9641-b27c36c103d9,Pengguna Google,https://play-lh.googleusercontent.com/EGemoI2NTXmTsBVtJqk8jxF9rh8ApRWfsIMQSt2uE4OcpQqbFu7f7NbTK05lx80nuSijCz7sc3a277R67g,sebab apa mau agred. foto ktp ssh banget di ulangi trs nggak ada benarnya benr ini ssh banget makanya klau aku mau transfer ssh,2,1,3.147.0,2025-11-11 20:33:54+00:00,,,3.147.0,Dataset/dataset\OVO_googleplay_NOVEMBER_reviews.csv,transfer
7454fd67-4dcc-412b-ae6f-a6972fd13d4a,Pengguna Google,https://play-lh.googleusercontent.com/EGemoI2NTXmTsBVtJqk8jxF9rh8ApRWfsIMQSt2uE4OcpQqbFu7f7NbTK05lx80nuSijCz7sc3a277R67g,memudahkan transfer uang,4,0,1.60.0,2025-10-29 06:10:41+00:00,,,1.60.0,Dataset/dataset\GOPAY_googleplay_OCTOBER_reviews.csv,transfer
f9042bef-ab8d-4064-814d-7833ed44ebd5,Pengguna Google,https://play-lh.googleusercontent.com/EGemoI2NTXmTsBVtJqk8jxF9rh8ApRWfsIMQSt2uE4OcpQqbFu7f7NbTK05lx80nuSijCz7sc3a277R67g,payah mau TF ke e wallet ada tulisan ada yang salah maaf ada gangguan Mulu hadeh 👎udh 3 hari pepek gangguan Mulu ini gua mau TF anj,1,0,8.75.0,2025-10-24 00:39:08+00:00,"Halo, Jagoan. Mohon maaf atas kendala yang terjadi ya. Kamu tidak perlu khawatir, kamu bisa menjelaskan detail kendala tersebut melalui email di tanya@jago.com atau call center 1500 746 untuk kami bantu tangani lebih lanjut. Terima kasih :)",2025-10-24 03:27:43,8.75.0,Dataset/dataset\JAGO_googleplay_OCTOBER_reviews.csv,transfer
0a5c8ded-ed84-4c18-9db8-3d76997fb1ea,Pengguna Google,https://play-lh.googleusercontent.com/EGemoI2NTXmTsBVtJqk8jxF9rh8ApRWfsIMQSt2uE4OcpQqbFu7f7NbTK05lx80nuSijCz7sc3a277R67g,"Ini aplikasi gembel bngt pembayaran QRIS masih dlm proses bisa sampe 1 hari gak selesai²,udh gitu kita buat laporan untuk bantuan masalah ke cs dipersulit,percuma ada 1x24 jika ada kendala transaksi gagal/dlm proses uang akan kembali otomatis itu BOHONG. Sampai saat ini duit gua gk di refund sama sekali.",1,35,3.149.0,2025-12-13 21:52:43+00:00,,,3.149.0,Dataset/dataset\OVO_googleplay_DECEMBER_reviews.csv,qris
8fdd7972-6f60-47c7-bd1f-247a40541dcb,Pengguna Google,https://play-lh.googleusercontent.com/EGemoI2NTXmTsBVtJqk8jxF9rh8ApRWfsIMQSt2uE4OcpQqbFu7f7NbTK05lx80nuSijCz7sc3a277R67g,"maaf saya turunkan bintang. Di versi ini verifikasi scan wajah nya jadi susah, gagal terus padahal sudah sesuai petunjuk, kamera dan jaringan juga gak ada masalah. Jadi gak bisa login ke aplikasi deh",3,10,2.5.0,2025-11-13 21:04:12+00:00,"Hai, Kakak. Maaf atas ketidaknyamanannya. Kami akan selalu berusaha memberikan yang terbaik demi memenuhi kebutuhan perbankan Kakak. Terkait kendala tersebut boleh infokan detail kendala serta kirimkan gambar kendalanya ke X @haloblu atau email haloblu@bcadigital.co.id agar kami bisa bantu lebih lanjut ya.",2025-11-13 21:22:28,2.5.0,Dataset/dataset\BLU_googleplay_NOVEMBER_reviews.csv,login
a83b485d-2d06-4765-9050-95aea0f10f95,Pengguna Google,https://play-lh.googleusercontent.com/EGemoI2NTXmTsBVtJqk8jxF9rh8ApRWfsIMQSt2uE4OcpQqbFu7f7NbTK05lx80nuSijCz7sc3a277R67g,"tolong ditindak lanjuti dong, ini saya tf belum masuk ke rekening tujuan dari kemarin. nominal nya lumayan status di proses terus",3,0,1.60.0,2025-10-28 12:56:15+00:00,"Hai Kak Deaneta, pastikan rekening tujuan benar dan sudah cek halaman Riwayat. Jika setelah 2x24 jam di hari kerja (diluar Sabtu, Minggu, atau Libur) saldo belum bertambah, silakan lapor ke menu Bantuan > ketik 'Transfer saldo ke bank atau e-wallet belum diterima' dan cantumkan kode psr-25-301-0623-25728 pada bagian 'Ceritakan lebih lanjut'. ^Maura",2025-10-28 13:24:24,1.60.0,Dataset/dataset\GOPAY_googleplay_OCTOBER_reviews.csv,transfer
e7ea16d1-74e7-45dc-8337-ff69ef11e089,Pengguna Google,https://play-lh.googleusercontent.com/EGemoI2NTXmTsBVtJqk8jxF9rh8ApRWfsIMQSt2uE4OcpQqbFu7f7NbTK05lx80nuSijCz7sc3a277R67g,seminggu gak bisa login gara² gagal verifikasi.,1,0,,2025-10-25 13:11:39+00:00,"Hai Kak Tofik, mohon maaf atas kendala yang kamu alami. Sebelum login, pastikan kamu sudah pakai GoPay versi terbaru & tidak ada kendala pada akun kamu, ya. Jika masih tidak bisa login, laporkan ke kami melalui email ke customerservice@gopay.co.id dan mencantumkan kode psr-25-298-0638-54808 pada subjek email. ^Maura",2025-10-25 13:39:01,,Dataset/dataset\GOPAY_googleplay_OCTOBER_reviews.csv,login
790b96a1-7333-49b1-b44b-b2f800df7990,Pengguna Google,https://play-lh.googleusercontent.com/EGemoI2NTXmTsBVtJqk8jxF9rh8ApRWfsIMQSt2uE4OcpQqbFu7f7NbTK05lx80nuSijCz7sc3a277R67g,"saya melakukan top up dana untuk akun RDN melalui aplikasi livin tanggal 11 desember 2025 dan menjual saham tanggal 12 - 12 - 2025, namun sampai saat ini dana top up dan hasil penjualan saham tersebut masih belum masuk ke akun RDN, bahkan saldo RDN saya Minus , bisa tolong jelaskan apa masalah nya atau kemana harus membuat laporan?",5,0,3.2.0,2025-12-12 15:16:09+00:00,"Terima kasih atas review yang telah diberikan Sahabat @Materi Excel dan CPNS. Mohon maaf atas ketidaknyamanannya. Untuk menindaklanjuti kendala yang dialami, silakan menghubungi layanan mandiri call 14000. Tks~Tommy",2025-12-12 15:18:50,3.2.0,Dataset/dataset\LIVIN_googleplay_DECEMBER_reviews.csv,topup
c47da2bf-2c64-4398-a96f-8f2d41c4f0ab,Pengguna Google,https://play-lh.googleusercontent.com/EGemoI2NTXmTsBVtJqk8jxF9rh8ApRWfsIMQSt2uE4OcpQqbFu7f7NbTK05lx80nuSijCz7sc3a277R67g,"aplikasi bagus...tapi sayang ga bisa transfer ke ewallet sperti dana,gopay atu lainnya...bisanya cm transfer ke sesama ovo dan transfer ke bank.......jdi agak mnyulitnya.....mnding pakai aplikasi yg lain.......",1,6,3.149.0,2025-12-26 17:41:06+00:00,,,3.149.0,Dataset/dataset\OVO_googleplay_DECEMBER_reviews.csv,transfer
1eead2b4-d55d-427d-a903-b9e9c172422d,Pengguna Google,https://play-lh.googleusercontent.com/EGemoI2NTXmTsBVtJqk8jxF9rh8ApRWfsIMQSt2uE4OcpQqbFu7f7NbTK05lx80nuSijCz7sc3a277R67g,kenapa tiba2 living tidak bisa login. tolong smua sdh mengikut persaratan mohon impo..sgera,5,0,3.2.0,2025-11-18 13:14:45+00:00,"Halo Sahabat @Unangthea Depok, mohon maaf atas ketidaknyamannya. Perihal kendala pada layanan Livin' by Mandiri, mohon untuk dapat mengirimkan email ke mandiricare@bankmandiri.co.id atau dapat menghubungi layanan mandiri 14000 agar dapat dilakukan pengecekan. Tks~Ninis",2025-11-18 13:18:27,3.2.0,Dataset/dataset\LIVIN_googleplay_NOVEMBER_reviews.csv,login
48d4fe00-bce6-4452-92f7-7658423e3f68,Pengguna Google,https://play-lh.googleusercontent.com/EGemoI2NTXmTsBVtJqk8jxF9rh8ApRWfsIMQSt2uE4OcpQqbFu7f7NbTK05lx80nuSijCz7sc3a277R67g,"aplikasi top up game terbagus, terbaik, dompet digital aman kejamin g kena hack, keamanan ketat, wes mantap pokok e",5,0,1.61.2,2025-11-03 19:35:59+00:00,,,1.61.2,Dataset/dataset\GOPAY_googleplay_NOVEMBER_reviews.csv,topup
ef3118ea-9697-46d5-a801-bf921c6c75e4,Pengguna Google,https://play-lh.googleusercontent.com/EGemoI2NTXmTsBVtJqk8jxF9rh8ApRWfsIMQSt2uE4OcpQqbFu7f7NbTK05lx80nuSijCz7sc3a277R67g,"top up saldo, dari dana ke shopeepay saldo dari dana terpotong tetapi tidak masuk ke shopeepay, kinerja di nilai lalai dan lelet prosesnya. saya rubah bintang 5 jika cepat di proses dan saldo saya kembali",1,9,1.44.05,2025-12-19 19:01:47+00:00,"Hi Kak, Mohon maaf atas kendala Top Up ShopeePay yang belum diterima. Mohon menunggu 1x24 jam sejak melakukan Top Up. Apabila sudah melebihi estimasi namun belum diterima, silakan menghubungi kami dengan melampirkan bukti yang tertera nomor telepon, nominal, tanggal & waktu transaksi melalui DM ke IG @ShopeePay_ID yang bercentang biru ya. ^EN",2025-12-22 11:46:52,1.44.05,Dataset/dataset\SHOPEEPAY_googleplay_DECEMBER_reviews.csv,topup
c40a921c-89b9-4e1a-8142-adf3d3dc3f56,Pengguna Google,https://play-lh.googleusercontent.com/EGemoI2NTXmTsBVtJqk8jxF9rh8ApRWfsIMQSt2uE4OcpQqbFu7f7NbTK05lx80nuSijCz7sc3a277R67g,transaksi yank cepat dan gratis biaya transfer pokok nya top lah aplikasi Bank jago ini tidak usah di ragukan,5,0,,2025-12-19 13:43:15+00:00,,,,Dataset/dataset\JAGO_googleplay_DECEMBER_reviews.csv,transfer
c353c4cf-0cd8-4de3-b8a7-0a1252eac1c1,Pengguna Google,https://play-lh.googleusercontent.com/EGemoI2NTXmTsBVtJqk8jxF9rh8ApRWfsIMQSt2uE4OcpQqbFu7f7NbTK05lx80nuSijCz7sc3a277R67g,aplikasi pelit dari 2019 make ovo sampe skrg g pernah dapet apa apa kalo pake gopay baru juga berapa bulan udh dpt pinjaman 😅 ovo pinjaman ada tapi ribet harus pake segala macem 😅 mahal kalo tf untung ada superbank jadi tf gratis pake ovo karena ada aplikasi grab doang ovo cuma jadi tempat transit uang doang hehe,1,0,3.141.0,2025-10-08 15:54:21+00:00,,,3.141.0,Dataset/dataset\OVO_googleplay_OCTOBER_reviews.csv,transfer
170bfca2-cb8f-4d2a-87b8-089bf23732b6,Pengguna Google,https://play-lh.googleusercontent.com/EGemoI2NTXmTsBVtJqk8jxF9rh8ApRWfsIMQSt2uE4OcpQqbFu7f7NbTK05lx80nuSijCz7sc3a277R67g,livin tidak bisa login,3,0,3.2.0,2025-12-14 07:38:59+00:00,"Halo Sahabat @Tri Joko, mohon maaf atas ketidaknyamanannya. Terkait kendala Sahabat mohon untuk dapat mengirimkan email ke mandiricare@bankmandiri.co.id atau menghubungi Mandiri Call 14000 lalu tekan 2 agar dapat dilakukan pengecekan. Tks~Cira

",2025-12-14 07:47:49,3.2.0,Dataset/dataset\LIVIN_googleplay_DECEMBER_reviews.csv,login
b7d33706-d326-40fc-be54-7bcc6aeca136,Pengguna Google,https://play-lh.googleusercontent.com/EGemoI2NTXmTsBVtJqk8jxF9rh8ApRWfsIMQSt2uE4OcpQqbFu7f7NbTK05lx80nuSijCz7sc3a277R67g,aplikasi yang menguntungkan buat saya yang seharian buat usaha yang harus di bayar dengan transfer.gopay memang mantap,5,0,1.60.0,2025-10-12 17:07:01+00:00,,,1.60.0,Dataset/dataset\GOPAY_googleplay_OCTOBER_reviews.csv,transfer
35b3cd42-6fdc-4dcb-b3c1-1104a0037125,Pengguna Google,https://play-lh.googleusercontent.com/EGemoI2NTXmTsBVtJqk8jxF9rh8ApRWfsIMQSt2uE4OcpQqbFu7f7NbTK05lx80nuSijCz7sc3a277R67g,"qris dibatasi 4 kali, gausah install",1,0,,2025-10-01 16:15:24+00:00,,,,Dataset/dataset\OVO_googleplay_OCTOBER_reviews.csv,qris
2481de0c-45d5-4a56-af72-166c7a879c66,Pengguna Google,https://play-lh.googleusercontent.com/EGemoI2NTXmTsBVtJqk8jxF9rh8ApRWfsIMQSt2uE4OcpQqbFu7f7NbTK05lx80nuSijCz7sc3a277R67g,2 jam nunggu proses transfer tapi uang tidak terkirima minta pengembalian dana di tolak,1,0,,2025-10-01 14:33:30+00:00,"Hai Kak Ibam, mohon maaf atas ketidaknyamanannya. Jika kamu masih mengalami kendala, silakan laporkan melalui email ke customerservice@gopay.co.id dengan melampirkan kode psr-25-274-0844-54929 pada subject email dan cantumkan nomor laporan kamu sebelumnya pada email yang kamu kirimkan. Kami tunggu detail laporan kamu ya. ^Maura",2025-10-01 15:45:06,,Dataset/dataset\GOPAY_googleplay_OCTOBER_reviews.csv,transfer
7c309b19-418f-46d3-8c53-8d6500562966,Pengguna Google,https://play-lh.googleusercontent.com/EGemoI2NTXmTsBVtJqk8jxF9rh8ApRWfsIMQSt2uE4OcpQqbFu7f7NbTK05lx80nuSijCz7sc3a277R67g,"aplikasi tolol masa aku top up free fire pake gopay coins gak bisa, padahal sebelumnya bisa tapi sekarang dah gak bisa memang gak jujur, tolong di benerin Mimin gopay😡",1,0,1.39.0,2025-11-23 05:06:11+00:00,"Hai Kak @Mata, mohon maaf atas ketidaknyamanannya. Terkait hal tersebut, silakan laporkan melalui email ke customerservice@gopay.co.id dengan melampirkan kode psr-25-327-0109-21037 pada subject email dan ceritakan kembali detail permasalahannya agar tim kami bisa bantu cek lebih lanjut ya. ^Melisa",2025-11-23 08:09:30,1.39.0,Dataset/dataset\GOPAY_googleplay_NOVEMBER_reviews.csv,topup
77aa0237-540b-447c-acf7-87cb945dfd6f,Pengguna Google,https://play-lh.googleusercontent.com/EGemoI2NTXmTsBVtJqk8jxF9rh8ApRWfsIMQSt2uE4OcpQqbFu7f7NbTK05lx80nuSijCz7sc3a277R67g,"Aplikasi busuk, login juga susah apk nya lemot, pemeliharaan terus",1,0,3.1.0,2025-11-03 23:06:41+00:00,"Halo Sahabat @Reza Rizky Ananda, mohon maaf atas ketidaknyamanannya dalam mengakses layanan Livin' by Mandiri bahwa saat ini Bank Mandiri sedang pemeliharaan akhir hari rutin. Kami sarankan Sahabat dapat bertransaksi kembali secara berkala ya. Tks~Carlos",2025-11-03 23:24:32,3.1.0,Dataset/dataset\LIVIN_googleplay_NOVEMBER_reviews.csv,login
5ba91ff7-f850-4002-b1da-dcebfd288eae,Pengguna Google,https://play-lh.googleusercontent.com/EGemoI2NTXmTsBVtJqk8jxF9rh8ApRWfsIMQSt2uE4OcpQqbFu7f7NbTK05lx80nuSijCz7sc3a277R67g,top up sy blm ada yg masuk mohon pencerahan nya,5,0,3.144.0,2025-10-07 08:41:23+00:00,,,3.144.0,Dataset/dataset\OVO_googleplay_OCTOBER_reviews.csv,topup
4f29a4aa-c08b-4fbb-af92-959954265013,Pengguna Google,https://play-lh.googleusercontent.com/EGemoI2NTXmTsBVtJqk8jxF9rh8ApRWfsIMQSt2uE4OcpQqbFu7f7NbTK05lx80nuSijCz7sc3a277R67g,ini gimana buat bayar gak bisa buat transfer gak bisa kocak amat,1,0,1.42.03,2025-11-19 17:54:18+00:00,"Hi Kak Ramz. Mohon maaf mengenai kendala tidak bisa melakukan transaksi dan transfer ShopeePay. Untuk bantuan lebih lanjut, mohon menghubungi kami melalui DM ke Instagram @ShopeePay_ID dengan melampirkan foto/screenshot notifikasi kendala yang dialami. ^CS",2025-11-19 18:14:50,1.42.03,Dataset/dataset\SHOPEEPAY_googleplay_NOVEMBER_reviews.csv,transfer
b18e550a-d116-4aec-8b12-ad34ca4bdf35,Pengguna Google,https://play-lh.googleusercontent.com/EGemoI2NTXmTsBVtJqk8jxF9rh8ApRWfsIMQSt2uE4OcpQqbFu7f7NbTK05lx80nuSijCz7sc3a277R67g,Gokil masa iya dari ovo transfer ke superbank kena biaya 2500 padahal kan group holdings,2,0,3.150.0,2025-12-21 10:25:27+00:00,,,3.150.0,Dataset/dataset\OVO_googleplay_DECEMBER_reviews.csv,transfer
d3f7bdf9-97d6-43cd-85d8-53c27c5cd6ef,Pengguna Google,https://play-lh.googleusercontent.com/EGemoI2NTXmTsBVtJqk8jxF9rh8ApRWfsIMQSt2uE4OcpQqbFu7f7NbTK05lx80nuSijCz7sc3a277R67g,kalau ud jam 11 malam gk bisa buat tf,1,0,3.2.0,2025-12-18 23:58:14+00:00,"Hi Sahabat @chandra Hermawan, mhn maaf atas ketidaknyamanannya dlm mengakses layanan Livin' by Mandiri. Saat ini Bank Mandiri sedang proses akhir hari rutin. Kami sarankan Sahabat dpt mencoba secara berkala. Jika msh terkendala dpt mengirimkan email ke mandiricare@bankmandiri.co.id atau dapat menghubungi layanan mandiri 14000. Tks~Charles",2025-12-19 00:08:48,3.2.0,Dataset/dataset\LIVIN_googleplay_DECEMBER_reviews.csv,transfer
ec47325b-f562-450c-9a3b-636abb65038a,Pengguna Google,https://play-lh.googleusercontent.com/EGemoI2NTXmTsBVtJqk8jxF9rh8ApRWfsIMQSt2uE4OcpQqbFu7f7NbTK05lx80nuSijCz7sc3a277R67g,"saya pakai qris tulisannya berhasil, tapi di aplikasi gojek tidak ada riwayat transaksi, di aplikasi gopay riwayat transaksi berhasil dan gak masuk di qris tersebut",1,4,1.62.0,2025-11-09 07:48:42+00:00,"Hai Kak @PLAGIAT GODER, mohon maaf atas ketidaknyamanannya. Terkait hal tersebut, silakan laporkan melalui email ke customerservice@gopay.co.id dengan melampirkan kode psr-25-313-0720-33061 pada subject email dan ceritakan kembali detail permasalahannya agar tim kami bisa bantu cek lebih lanjut ya. ^Miko",2025-11-09 14:20:56,1.62.0,Dataset/dataset\GOPAY_googleplay_NOVEMBER_reviews.csv,qris
58872ee6-1822-4430-a34a-c05a1f0cb154,Pengguna Google,https://play-lh.googleusercontent.com/EGemoI2NTXmTsBVtJqk8jxF9rh8ApRWfsIMQSt2uE4OcpQqbFu7f7NbTK05lx80nuSijCz7sc3a277R67g,"tolong lahh, kalau topup trus dibuat cashback nya ya di tepatin dong, jgn nanti org udh berharap ada cashback malahan engga ada, dahlah duit kalau di sini main asal potong aja, kalau memng ada ga ada promo gausah buat ada promo, kan jdi rugi org kekgini, manatau dia butuh duit itu, buat, kawan, jangan pernah tergiur sama promo"" / cashback"" disini kalau mau topup Krn itu semua nya palsu belaka aja itu. hati'",1,3,1.62.0,2025-11-10 13:30:59+00:00,"Hai Kak Rani, mohon maaf atas ketidaknyamanannya. Mengenai promo mengikuti syarat dan ketentuan yang berlaku. Apabila cashback belum masuk, mohon menunggu 1x24 jam terlebih dahulu. Selengkapnya dapat cek pada menu Bantuan di aplikasi GoPay > ketik ""Cashback saya belum masuk"" di kolom pencarian. ^Maura",2025-11-10 13:49:38,1.62.0,Dataset/dataset\GOPAY_googleplay_NOVEMBER_reviews.csv,topup
e6c45ba1-0a75-4fdf-9fd5-88f0ada9745c,Pengguna Google,https://play-lh.googleusercontent.com/EGemoI2NTXmTsBVtJqk8jxF9rh8ApRWfsIMQSt2uE4OcpQqbFu7f7NbTK05lx80nuSijCz7sc3a277R67g,"kak kok saya tranfer dana saldo gak kirim tapi saldo akun shopeepay hilang ya kak gak kesana nya, tapi saldo gak kembali, notif transfer tanda berhasil gak ada? apakah shoopepay jadi penipu sekarang? gak ada notif, tanda pembayaran seperti biasanya,pemberitahuan gak ada berhasil/gagal gak ada, plis shopee kembali saldo saya mau 406k lebih itu nyari nya gak gampang ya, pihak shopee sekarang perbaiki bug ini ini merugikan semua orang kejadian pukul 16.58 perkiraan kejadian: tolong ya!!",5,3,1.45.09,2025-12-30 17:05:42+00:00,"Hi Kak. Terima kasih telah menggunakan ShopeePay. Mari cek aplikasi ShopeePay karena banyak fitur yang mempermudah keseharian kakak seperti pembelian pulsa, paket data, pembayaran tagihan listrik dan pembayaran lainnya. Jika kakak memiliki pertanyaan seputar ShopeePay, mohon DM kami di Instagram @ShopeePay_ID ya. Semoga harimu menyenangkan ^RJ",2025-12-31 09:12:55,1.45.09,Dataset/dataset\SHOPEEPAY_googleplay_DECEMBER_reviews.csv,transfer
67cde6d1-a77f-4786-b6ab-ccb4db321d9a,Pengguna Google,https://play-lh.googleusercontent.com/EGemoI2NTXmTsBVtJqk8jxF9rh8ApRWfsIMQSt2uE4OcpQqbFu7f7NbTK05lx80nuSijCz7sc3a277R67g,"aplikasi bagus ,bisa tf,topup,bayar VA dan pembayaran lainya",5,0,8.74.0,2025-10-11 11:58:35+00:00,,,8.74.0,Dataset/dataset\JAGO_googleplay_OCTOBER_reviews.csv,topup
d23212bd-a7af-47f6-9150-7c76f81c5537,Pengguna Google,https://play-lh.googleusercontent.com/EGemoI2NTXmTsBVtJqk8jxF9rh8ApRWfsIMQSt2uE4OcpQqbFu7f7NbTK05lx80nuSijCz7sc3a277R67g,saldo qris saya pencairan ny terkendala padahal udh di benerin sama customer service udh telpon mandiri call tetep saldo gak cair wkwkwkwk sudah ahk kapok pake mandiri bye,1,0,,2025-11-19 22:44:09+00:00,"Hi Sahabat @Deny Supriatnha, Terima kasih atas review yang telah diberikan. Mohon maaf atas ketidaknyamanannya. Untuk menindaklanjuti kendala yang dialami, silakan menghubungi Merchant Helpdesk HiYokke 14021, atau WhatsApp ke 0811-40-14021 atau e-mail ke hiyokke@yokke.co.id. Tks~Mandala",2025-11-19 22:48:43,,Dataset/dataset\LIVIN_googleplay_NOVEMBER_reviews.csv,qris
f2954221-8248-49e6-84c8-7d03afd51542,Pengguna Google,https://play-lh.googleusercontent.com/EGemoI2NTXmTsBVtJqk8jxF9rh8ApRWfsIMQSt2uE4OcpQqbFu7f7NbTK05lx80nuSijCz7sc3a277R67g,"disini tu saya jualan saldo,TF ke aplikasi dana biaya adminya 1000,,gila bener ni aplikasi,trusjam 23.00 TF dana udah di tutup ,padahal abangan jam segitu pada mau top up,,lemahhhh njirrrr",1,0,1.61.2,2025-10-30 00:08:36+00:00,"Mohon maaf atas ketidaknyamanannya, Kak Hengki. Terkait ulasanmu, kami selalu berupaya untuk memberlakukan tarif yang terjangkau bagi seluruh pelanggan agar dapat selalu menjaga kualitas layanan terbaik. Kami harap kamu senantiasa nyaman dalam menggunakan layanan GoPay. Jika ada kendala lain silakan hubungi kami di menu Bantuan. ^Maura",2025-10-30 06:54:42,1.61.2,Dataset/dataset\GOPAY_googleplay_OCTOBER_reviews.csv,topup
b715bc4e-0408-47d9-afd9-b4f4c8619621,Pengguna Google,https://play-lh.googleusercontent.com/EGemoI2NTXmTsBVtJqk8jxF9rh8ApRWfsIMQSt2uE4OcpQqbFu7f7NbTK05lx80nuSijCz7sc3a277R67g,"ovo parah, cuma top up 10k beda wallet juga, potongan admin nya 2000",1,0,3.145.0,2025-10-24 17:56:54+00:00,,,3.145.0,Dataset/dataset\OVO_googleplay_OCTOBER_reviews.csv,topup
6e0a5baf-fbdf-4f60-b284-bd78abaa6426,Pengguna Google,https://play-lh.googleusercontent.com/EGemoI2NTXmTsBVtJqk8jxF9rh8ApRWfsIMQSt2uE4OcpQqbFu7f7NbTK05lx80nuSijCz7sc3a277R67g,"ini gopay sumpah dah.. kecewa banget saya sama gopay,lagi urgent urgent nya,duit cuma ada di gopay..tapi ga bisa login.. bener bener bikin ga nyaman",1,1,1.61.2,2025-10-28 19:14:38+00:00,,,1.61.2,Dataset/dataset\GOPAY_googleplay_OCTOBER_reviews.csv,login
c855d456-bf21-4635-96b1-3d3c05ad84d0,Pengguna Google,https://play-lh.googleusercontent.com/EGemoI2NTXmTsBVtJqk8jxF9rh8ApRWfsIMQSt2uE4OcpQqbFu7f7NbTK05lx80nuSijCz7sc3a277R67g,"teruntuk bank jago, tolong ya fitur transfer itu gak usah ditumpuk pakai masukin sandi, kalau mau pakai lebih baik pakai pin, kenapa harus ada pin segala sandi dll. contoh apk yg lain mempermudah penggunaan, kalau mau tf sandi lupa ribet bisa kekunci akunnya, memperlambat pekerjaan!! tolong dibenahi jangan update versi apk saja, fikirkan itu!!! soalnya gara-gara ini saya jadi kehilangan akun jago saya dan itu ada isinya lumayan banyak!!",1,41,8.77.3,2025-11-20 19:18:55+00:00,"Halo, Jagoan. Mohon maaf atas kendala yang terjadi ya. Kamu tidak perlu khawatir, kamu bisa menjelaskan detail kendala tersebut melalui email di tanya@jago.com atau call center 1500 746 untuk kami bantu tangani lebih lanjut. Terima kasih :)",2025-11-20 19:40:06,8.77.3,Dataset/dataset\JAGO_googleplay_NOVEMBER_reviews.csv,transfer
904d2e0f-3b68-478e-b93f-3a8fea8064ef,Pengguna Google,https://play-lh.googleusercontent.com/EGemoI2NTXmTsBVtJqk8jxF9rh8ApRWfsIMQSt2uE4OcpQqbFu7f7NbTK05lx80nuSijCz7sc3a277R67g,"Mantap lur.... Cepat prosesnya, pnjamannya juga gercep dah 3x pinjam lancar terus. Semuanya dah saya pake dari beli pulsa, paket data, token, belanja di shopee, transfer ke bank, isi saldo di Indomaret pokoknya mak nyus dah. kalo gagal transaksi dikembalikan uangnya otomatis.",5,26,1.42.03,2025-11-10 12:22:21+00:00,"Hi Kak. Terima kasih telah menggunakan ShopeePay. Mari cek aplikasi ShopeePay karena banyak fitur yang mempermudah keseharian kakak seperti pembelian pulsa, paket data, pembayaran tagihan listrik dan pembayaran lainnya. Jika kakak memiliki pertanyaan seputar ShopeePay, mohon DM kami di Instagram @ShopeePay_ID ya. Semoga harimu menyenangkan ^RJ",2025-11-10 09:54:07,1.42.03,Dataset/dataset\SHOPEEPAY_googleplay_NOVEMBER_reviews.csv,transfer
6561f04b-8c2c-4b11-abb1-0d9bbc0748a8,Pengguna Google,https://play-lh.googleusercontent.com/EGemoI2NTXmTsBVtJqk8jxF9rh8ApRWfsIMQSt2uE4OcpQqbFu7f7NbTK05lx80nuSijCz7sc3a277R67g,tolong diperbaiki masa transfer dari ovo ke bank bca ampe skrng blom msuk dah lebih dari 3 hari!!!....,1,1,3.146.0,2025-11-03 15:49:19+00:00,,,3.146.0,Dataset/dataset\OVO_googleplay_NOVEMBER_reviews.csv,transfer
e8cca996-592c-47f4-b6d9-f7ca12f9697b,Pengguna Google,https://play-lh.googleusercontent.com/EGemoI2NTXmTsBVtJqk8jxF9rh8ApRWfsIMQSt2uE4OcpQqbFu7f7NbTK05lx80nuSijCz7sc3a277R67g,ini cuman dari mu di foto verifikasi tapi ko fhotonya hitam gthu ya jadi muka pun ga kelihatan jadinya verifikasi gagal terus mohon fibperbaiki lagi ya..b4 deh...,4,0,3.146.0,2025-11-09 13:26:21+00:00,,,3.146.0,Dataset/dataset\OVO_googleplay_NOVEMBER_reviews.csv,vermuk
907745ae-a84e-44f9-888a-40bb25193975,Pengguna Google,https://play-lh.googleusercontent.com/EGemoI2NTXmTsBVtJqk8jxF9rh8ApRWfsIMQSt2uE4OcpQqbFu7f7NbTK05lx80nuSijCz7sc3a277R67g,"saya mau tanya,kenapa setelah verifikasi wajah kembali ke awal lagi?",3,0,3.2.0,2025-11-26 10:19:17+00:00,"Hai Sahabat @Ferry Sakhi, mohon maaf atas ketidaknyamanannya. Jika terkendala verifikasi wajah maka dpt mencoba kembali dgn dipastikan pencahayaan baik dan wajah tidak terlalu dekat dgn kamera. Jika masih terkendala dpt mengirimkan email ke mandiricare@bankmandiri.co.id atau menghubungi mandiri call 14000 agar dpt dilakukan pengecekan. Tks~Carissa",2025-11-26 10:27:52,3.2.0,Dataset/dataset\LIVIN_googleplay_NOVEMBER_reviews.csv,vermuk
1c4bd679-add9-43ab-9171-69268e2ca810,Pengguna Google,https://play-lh.googleusercontent.com/EGemoI2NTXmTsBVtJqk8jxF9rh8ApRWfsIMQSt2uE4OcpQqbFu7f7NbTK05lx80nuSijCz7sc3a277R67g,"aplikasi bank digital terburuk yang pernah ada, aplikasi bank digital lain kalau verifikasi sekali atau dua kali langsung bisa, ini udah coba berkali2 ganti pencahayaan, ganti lampu, ganti background, gak bisa2 buat login doang gara-gara ganti hp baru, butuh verifikasi yang sangat lama, untung aplikasi di hp lama masih bisa dibuka kutarik semua uangku dari ini aplikasi",1,18,2.6.0,2025-11-25 23:17:39+00:00,"Hai, Kak Zylva Rider. Maaf atas ketidaknyamanannya. Kami akan selalu berusaha memberikan yang terbaik demi kebutuhan perbankan Kakak. Terkait hal tersebut pastikan beberapa hal berikut, pastikan Kakak tidak memakai sunglasses, di tempat yang terang, tidak backlight, posisi wajah di dalam lingkaran dan pastikan aplikasi blu versi terupdate ya.",2025-11-25 23:59:45,2.6.0,Dataset/dataset\BLU_googleplay_NOVEMBER_reviews.csv,login
c9776e3b-dacd-4f18-9f31-9d124ecaf843,Pengguna Google,https://play-lh.googleusercontent.com/EGemoI2NTXmTsBVtJqk8jxF9rh8ApRWfsIMQSt2uE4OcpQqbFu7f7NbTK05lx80nuSijCz7sc3a277R67g,"sekarang biaya admin mandiri mahal mau transfer isi top up atau bayar belanja online mesti kena admin,, g ada yg free biaya admin semua kena,,",1,0,3.1.0,2025-11-22 22:29:12+00:00,"Hai Sahabat @Ana Noviana, mohon maaf atas ketidaknyamanannya. Utk pengecekan lebih lanjut atas kendala yg dialami, kami persilakan mengirimkan pesan melalui layanan email kami di mandiricare@bankmandiri.co.id atau mandiri call 14000 ya. Tks~Tommy",2025-11-22 22:34:18,3.1.0,Dataset/dataset\LIVIN_googleplay_NOVEMBER_reviews.csv,topup
6f4e1b26-c391-4290-a07e-16bac0037eb7,Pengguna Google,https://play-lh.googleusercontent.com/EGemoI2NTXmTsBVtJqk8jxF9rh8ApRWfsIMQSt2uE4OcpQqbFu7f7NbTK05lx80nuSijCz7sc3a277R67g,"Thank you min,gw selalu dapet diskon pas top up ml😘😘",5,0,,2025-11-19 10:48:14+00:00,,,,Dataset/dataset\GOPAY_googleplay_NOVEMBER_reviews.csv,topup
a71151ad-cc21-4062-b9be-cf2573454155,Pengguna Google,https://play-lh.googleusercontent.com/EGemoI2NTXmTsBVtJqk8jxF9rh8ApRWfsIMQSt2uE4OcpQqbFu7f7NbTK05lx80nuSijCz7sc3a277R67g,"untuk pegawai gopay, aplikasi apa ini, akun aku kok bisa di loginin orang nomernya juga kok sama ya?? ,sistemnya mohon di perbarui agar nomer sama GK bisa login dj akun yang sama!!!",1,0,1.62.0,2025-11-10 11:33:59+00:00,"Hai Kak Kiandra, mohon maaf atas ketidaknyamanannya. Terkait keluhan tersebut, silakan laporkan melalui email ke customerservice@gopay.co.id dengan melampirkan kode psr-25-314-0437-28838 pada subject email. Kami tunggu detail laporan kamu ya. ^Maura",2025-11-10 11:37:34,1.62.0,Dataset/dataset\GOPAY_googleplay_NOVEMBER_reviews.csv,login
d630877c-8c20-4e40-9ce7-5940162f3753,Pengguna Google,https://play-lh.googleusercontent.com/EGemoI2NTXmTsBVtJqk8jxF9rh8ApRWfsIMQSt2uE4OcpQqbFu7f7NbTK05lx80nuSijCz7sc3a277R67g,GAJELAS TIBATIBA AKUNNYA KEKUNCI DAN GABISA LOGIN PADAHAL SEBELUMNYA TU AKUN UDAH JADI.,1,0,8.77.3,2025-11-25 15:59:37+00:00,"Halo, Jagoan. Mohon maaf atas kendala yang terjadi ya. Kamu tidak perlu khawatir, kamu bisa menjelaskan detail kendala tersebut melalui email di tanya@jago.com atau call center 1500 746 untuk kami bantu tangani lebih lanjut. Terima kasih🙂",2025-11-25 16:23:55,8.77.3,Dataset/dataset\JAGO_googleplay_NOVEMBER_reviews.csv,login
48e23f19-58da-4730-8a2f-0906f991eeec,Pengguna Google,https://play-lh.googleusercontent.com/EGemoI2NTXmTsBVtJqk8jxF9rh8ApRWfsIMQSt2uE4OcpQqbFu7f7NbTK05lx80nuSijCz7sc3a277R67g,apkny bgus bisa buat top up game dll,5,0,1.60.0,2025-10-24 22:05:44+00:00,,,1.60.0,Dataset/dataset\GOPAY_googleplay_OCTOBER_reviews.csv,topup
65d09afd-31e0-408a-8500-616e382ef980,Pengguna Google,https://play-lh.googleusercontent.com/EGemoI2NTXmTsBVtJqk8jxF9rh8ApRWfsIMQSt2uE4OcpQqbFu7f7NbTK05lx80nuSijCz7sc3a277R67g,sulit login,1,0,3.2.0,2025-11-21 15:23:10+00:00,"Hai Sahabat @arty qusaini, mohon maaf atas ketidaknyamanannya. Utk pengecekan lebih lanjut atas kendala yg dialami, kami persilakan mengirimkan pesan melalui layanan email kami di mandiricare@bankmandiri.co.id atau mandiri call 14000 ya. Tks~Tommy",2025-11-21 15:28:16,3.2.0,Dataset/dataset\LIVIN_googleplay_NOVEMBER_reviews.csv,login
674c8fef-51f6-45c1-bb6a-7d376582292f,Pengguna Google,https://play-lh.googleusercontent.com/EGemoI2NTXmTsBVtJqk8jxF9rh8ApRWfsIMQSt2uE4OcpQqbFu7f7NbTK05lx80nuSijCz7sc3a277R67g,kenapa transfer saya ke BCA Gagal terus kalo ada gangguan tolong kabari ini sangat menganggu aktifitas saya!,1,0,3.149.0,2025-12-18 15:28:29+00:00,,,3.149.0,Dataset/dataset\OVO_googleplay_DECEMBER_reviews.csv,transfer
66fcc1c9-412c-46f1-9182-974efd239f20,Pengguna Google,https://play-lh.googleusercontent.com/EGemoI2NTXmTsBVtJqk8jxF9rh8ApRWfsIMQSt2uE4OcpQqbFu7f7NbTK05lx80nuSijCz7sc3a277R67g,"saya transfer ke bank, sudah lebih dari 24jam belum juga masuk dan status masih dalam proses terus ewalet lain ga begini",1,0,,2025-11-17 12:48:37+00:00,,,,Dataset/dataset\OVO_googleplay_NOVEMBER_reviews.csv,transfer
388f4615-786c-4c80-8c14-1585091935b3,Pengguna Google,https://play-lh.googleusercontent.com/EGemoI2NTXmTsBVtJqk8jxF9rh8ApRWfsIMQSt2uE4OcpQqbFu7f7NbTK05lx80nuSijCz7sc3a277R67g,"busett,,gw TT uang dari mandiri ke ovo,biayanya 2500,dipotongnya dari ovo,bukan dari mandiri.udah itu gw nyoba TF dari ovo ke seabank kirain gratis,taunya dipotong juga dari ovo,bukan dari seabank..busettt tau gini gw gbkln bikin akun ovo.. mending make aplk dana.. buang"" duit doang ni aplk,ngerugiin yg make. otw uninstall,karna mau ditutup akunnya,agak ribet.",1,0,,2025-12-03 09:20:27+00:00,,,,Dataset/dataset\OVO_googleplay_DECEMBER_reviews.csv,transfer
6ec8caee-deed-482b-a582-10d8f7b16c75,Pengguna Google,https://play-lh.googleusercontent.com/EGemoI2NTXmTsBVtJqk8jxF9rh8ApRWfsIMQSt2uE4OcpQqbFu7f7NbTK05lx80nuSijCz7sc3a277R67g,transfer ke bank sangat menyulitkan,2,0,3.149.0,2025-12-16 02:18:51+00:00,,,3.149.0,Dataset/dataset\OVO_googleplay_DECEMBER_reviews.csv,transfer
749af827-cad0-4a9a-a720-2dc255d7f782,Pengguna Google,https://play-lh.googleusercontent.com/EGemoI2NTXmTsBVtJqk8jxF9rh8ApRWfsIMQSt2uE4OcpQqbFu7f7NbTK05lx80nuSijCz7sc3a277R67g,hallo bank jago saya mengalami kendala login karenakan nomor saya hilang saya chat email gk ada solusi,1,0,,2025-10-04 21:36:35+00:00,"Halo, Jagoan! Mohon maaf atas ketidaknyamanan yang Kakak alami. Supaya bisa membantu lebih lanjut, Kakak bisa menginformasikan detail keluhannya melalui email tanya@jago.com ya. Tim terkait kami dengan senang hati akan membantu Kakak menyelesaikan permasalahannya.",2025-10-04 22:10:28,,Dataset/dataset\JAGO_googleplay_OCTOBER_reviews.csv,login
5b638c79-6980-4b54-9e7d-314e0d333e4b,Pengguna Google,https://play-lh.googleusercontent.com/EGemoI2NTXmTsBVtJqk8jxF9rh8ApRWfsIMQSt2uE4OcpQqbFu7f7NbTK05lx80nuSijCz7sc3a277R67g,"ovo aplikasi yg sering merugikan,dana masuk atau keluar status sukses tp tdk sampai pada rekening tujuan.baru sja ada transfer masuk dr pengirim sudah sukses, saldo sudah terpotong tapi tdk ada seperakpun uang masuk kerekening ovo saya. aplikasi ini sudah berkali2 merugikan saya.",1,15,3.147.0,2025-11-21 21:16:26+00:00,,,3.147.0,Dataset/dataset\OVO_googleplay_NOVEMBER_reviews.csv,transfer
eba0c54d-26d0-4ded-a2c9-0c7bd71ebba4,Pengguna Google,https://play-lh.googleusercontent.com/EGemoI2NTXmTsBVtJqk8jxF9rh8ApRWfsIMQSt2uE4OcpQqbFu7f7NbTK05lx80nuSijCz7sc3a277R67g,"sering banget gangguan,, mau tf ga bisa, topup wallet ga bisa,, bayar qris ga bisa,, suruh nunggu beberapa menit sampe 1 jam belum bisa juga",3,1,3.2.0,2025-12-11 01:40:33+00:00,"Hi Sahabat @Devita Sari Ningrum, mohon maaf atas ketidaknyamanannya. Mohon berkenan untuk mencoba kembali secara berkala dan menunggu 10-15 menit kedepan dikhawatirkan sedang proses pemeliharaan akhir hari rutin ya. Tks~Mandala",2025-12-11 01:43:10,3.2.0,Dataset/dataset\LIVIN_googleplay_DECEMBER_reviews.csv,qris
0e2971c8-a401-4d61-9002-ab43d38b48ff,Pengguna Google,https://play-lh.googleusercontent.com/EGemoI2NTXmTsBVtJqk8jxF9rh8ApRWfsIMQSt2uE4OcpQqbFu7f7NbTK05lx80nuSijCz7sc3a277R67g,top up ml lebih hemat dan murahh,5,0,1.60.0,2025-10-21 17:16:18+00:00,,,1.60.0,Dataset/dataset\GOPAY_googleplay_OCTOBER_reviews.csv,topup
3535a95a-a895-4941-b222-b4225e7d3ce9,Pengguna Google,https://play-lh.googleusercontent.com/EGemoI2NTXmTsBVtJqk8jxF9rh8ApRWfsIMQSt2uE4OcpQqbFu7f7NbTK05lx80nuSijCz7sc3a277R67g,mantap top up pulsa murah²,5,0,1.61.1,2025-11-16 11:09:26+00:00,,,1.61.1,Dataset/dataset\GOPAY_googleplay_NOVEMBER_reviews.csv,topup
58acfd4d-5b56-45bf-9deb-4322866bed85,Pengguna Google,https://play-lh.googleusercontent.com/EGemoI2NTXmTsBVtJqk8jxF9rh8ApRWfsIMQSt2uE4OcpQqbFu7f7NbTK05lx80nuSijCz7sc3a277R67g,pada saat verifikasi wajah mengapa susah sekali padahal sudah mengikuti arahan yang di berikan,1,0,3.2.0,2025-12-11 01:14:19+00:00,"Hi Sahabat @Anak Pingitan, mohon maaf atas ketidaknyamanannya. Terkait kendala Sahabat mohon untuk dapat mengirimkan email ke mandiricare@bankmandiri.co.id atau dapat menghubungi mandiri call 14000 agar dapat dilakukan pengecekan. Tks~Mandala",2025-12-11 01:17:31,3.2.0,Dataset/dataset\LIVIN_googleplay_DECEMBER_reviews.csv,vermuk
52025cac-7173-48a5-9a0b-06f98db44f14,Pengguna Google,https://play-lh.googleusercontent.com/EGemoI2NTXmTsBVtJqk8jxF9rh8ApRWfsIMQSt2uE4OcpQqbFu7f7NbTK05lx80nuSijCz7sc3a277R67g,"ovo asu tidak berguna sama sekali udah top up tapi saldonya tidak masuk"" padahal sdh berhasil teransaksi nya tutup aja akun ovo nggak berguna ini",1,0,3.144.0,2025-10-07 11:57:42+00:00,,,3.144.0,Dataset/dataset\OVO_googleplay_OCTOBER_reviews.csv,topup
007deea5-2a3a-43a4-bb1e-11caa068e9d9,Pengguna Google,https://play-lh.googleusercontent.com/EGemoI2NTXmTsBVtJqk8jxF9rh8ApRWfsIMQSt2uE4OcpQqbFu7f7NbTK05lx80nuSijCz7sc3a277R67g,"dari akun dana,transfer ke ovo uangnya terkirim,tapi begitu di cek saldo ovo masih tetap kosong,,padahal saya udah 3 kali transfer,tapi uangnya hilang semua,,jangan pernah kalian download apk ini ,nyesal kalian nanti ,apk ini penipu",2,0,,2025-11-03 10:04:32+00:00,,,,Dataset/dataset\OVO_googleplay_NOVEMBER_reviews.csv,transfer
90ee5a62-6146-4966-81ed-4449b02759a8,Pengguna Google,https://play-lh.googleusercontent.com/EGemoI2NTXmTsBVtJqk8jxF9rh8ApRWfsIMQSt2uE4OcpQqbFu7f7NbTK05lx80nuSijCz7sc3a277R67g,semua urusan transfer jadi mudah dengan gopay,5,0,1.61.2,2025-10-31 17:32:56+00:00,,,1.61.2,Dataset/dataset\GOPAY_googleplay_OCTOBER_reviews.csv,transfer
6c76e2cf-0eb9-4167-9a6e-cdaccc4cda50,Pengguna Google,https://play-lh.googleusercontent.com/EGemoI2NTXmTsBVtJqk8jxF9rh8ApRWfsIMQSt2uE4OcpQqbFu7f7NbTK05lx80nuSijCz7sc3a277R67g,"kenapa si saya saat verifikasi gagal di verif wajah, baru aja kebuka kamera eh langsung ke close san mental ke masukan pin kaya awal hadeh, gagal Mulu kayanya aplikasi servernya deh yg lagi down",1,0,8.76.0,2025-11-09 17:30:07+00:00,"Halo, Jagoan. Mohon maaf atas kendala yang terjadi ya. Kamu tidak perlu khawatir, kamu bisa menjelaskan detail kendala tersebut melalui email di tanya@jago.com atau call center 1500 746 untuk kami bantu tangani lebih lanjut. Terima kasih :)",2025-11-09 17:43:31,8.76.0,Dataset/dataset\JAGO_googleplay_NOVEMBER_reviews.csv,vermuk
