reviewId,userName,userImage,content,score,thumbsUpCount,reviewCreatedVersion,at,replyContent,repliedAt,appVersion,source,keyword
13eea7a6-e74e-4fee-af57-0b2cc47692f8,Pengguna Google,https://play-lh.googleusercontent.com/EGemoI2NTXmTsBVtJqk8jxF9rh8ApRWfsIMQSt2uE4OcpQqbFu7f7NbTK05lx80nuSijCz7sc3a277R67g,ini kenapa udh login masuk setelah keluar nanti kapan masuk lagi login lagi .padahal udh set biometrik .gak jelas amat ya,5,0,8.74.0,2025-10-15 14:18:11+00:00,,,8.74.0,Dataset/dataset\JAGO_googleplay_OCTOBER_reviews.csv,login
c2e11867-0b99-43d5-aed4-5511e0e9bc6e,Pengguna Google,https://play-lh.googleusercontent.com/EGemoI2NTXmTsBVtJqk8jxF9rh8ApRWfsIMQSt2uE4OcpQqbFu7f7NbTK05lx80nuSijCz7sc3a277R67g,"mau tf gabisa entah apa kendalanya, lg urgent bgt. tolong diperbaiki sistemny. setiap hari selalu ada update apa yg d update sistem kadang eror. jaringan stabil dan bagus juga ttep gabisa. apalah bukanny mempermudah malah sulit",1,8,3.2.0,2025-12-16 19:42:55+00:00,"Halo Sahabat @Hilaria Leoni, mohon maaf atas ketidaknyamanannya. Apabila terdapat kendala agar dapat kami tindaklanjuti, Sahabat dapat mengirimkan email ke mandiricare@bankmandiri.co.id atau menghubungi layanan Mandiri Call 14000 ya. Tks~Alza",2025-12-16 19:53:02,3.2.0,Dataset/dataset\LIVIN_googleplay_DECEMBER_reviews.csv,transfer
aebecd00-918e-40e0-a145-e31422a48c82,Pengguna Google,https://play-lh.googleusercontent.com/EGemoI2NTXmTsBVtJqk8jxF9rh8ApRWfsIMQSt2uE4OcpQqbFu7f7NbTK05lx80nuSijCz7sc3a277R67g,ini aplikasi transfer dan bayar kebutuhan lainnya ini bagus,5,0,1.59.0,2025-10-15 18:25:28+00:00,,,1.59.0,Dataset/dataset\GOPAY_googleplay_OCTOBER_reviews.csv,transfer
d417dfd7-b977-4f17-9a83-9de5f1a01a9b,Pengguna Google,https://play-lh.googleusercontent.com/EGemoI2NTXmTsBVtJqk8jxF9rh8ApRWfsIMQSt2uE4OcpQqbFu7f7NbTK05lx80nuSijCz7sc3a277R67g,"saya top up game mobile legends tadi sebesar 27.000 tapi uang sudah di ambil sementara diamond nya belum masuk,Kecewaaaa!!!",1,0,1.60.0,2025-10-10 15:35:09+00:00,"Hai Kak Anas, kami mohon maaf atas kondisi yang Kakak alami. Terkait hal ini, dapat kami sampaikan bahwa ada pemeliharaan sistem yang mempengaruhi transaksi Kakak & saat ini sudah kembali normal. Berkenan untuk melakukan pengecekan kembali di akun tujuan secara berkala ya Kak. Mohon maaf atas ketidaknyamanannya. Salam hangat. ^Miko",2025-10-10 21:11:40,1.60.0,Dataset/dataset\GOPAY_googleplay_OCTOBER_reviews.csv,topup
de5982d1-c6ee-4589-8b2e-f95dcd98dd05,Pengguna Google,https://play-lh.googleusercontent.com/EGemoI2NTXmTsBVtJqk8jxF9rh8ApRWfsIMQSt2uE4OcpQqbFu7f7NbTK05lx80nuSijCz7sc3a277R67g,ko gak bisa transfer yah udah aktiv tapi tidak bisa di top up,5,0,2.3.0,2025-10-08 18:44:05+00:00,"Hai, Kak Wahyu. Maaf atas ketidaknyamanannya. Kami akan selalu berusaha memberikan yang terbaik demi memenuhi kebutuhan perbankan Kakak. Terkait kendala tersebut boleh infokan detail kendala serta kirimkan gambar kendalanya ke X @haloblu atau email haloblu@bcadigital.co.id agar kami bisa bantu lebih lanjut ya.",2025-10-08 19:13:48,2.3.0,Dataset/dataset\BLU_googleplay_OCTOBER_reviews.csv,topup
d8aa98b4-2bad-4086-8b80-7720cad180db,Pengguna Google,https://play-lh.googleusercontent.com/EGemoI2NTXmTsBVtJqk8jxF9rh8ApRWfsIMQSt2uE4OcpQqbFu7f7NbTK05lx80nuSijCz7sc3a277R67g,"aku baru banget top up gopay, tiba-tiba ada transaksi TF ke bank jago anj. aku bahkan ga punya bank jago, balikin duit ku anj",1,0,8.76.0,2025-11-11 13:59:03+00:00,"Halo, Jagoan. Mohon maaf atas kendala yang terjadi ya. Kamu tidak perlu khawatir, kamu bisa menjelaskan detail kendala tersebut melalui email di tanya@jago.com atau call center 1500 746 untuk kami bantu tangani lebih lanjut. Terima kasih :)",2025-11-11 14:56:09,8.76.0,Dataset/dataset\JAGO_googleplay_NOVEMBER_reviews.csv,topup
81aef571-6495-4786-8ae2-fc74adff22aa,Pengguna Google,https://play-lh.googleusercontent.com/EGemoI2NTXmTsBVtJqk8jxF9rh8ApRWfsIMQSt2uE4OcpQqbFu7f7NbTK05lx80nuSijCz7sc3a277R67g,susah verifikasi wajah,1,0,3.2.0,2025-11-28 11:04:20+00:00,,,3.2.0,Dataset/dataset\LIVIN_googleplay_NOVEMBER_reviews.csv,vermuk
7e97effa-7a9a-48a1-ae31-1c50660410a9,Pengguna Google,https://play-lh.googleusercontent.com/EGemoI2NTXmTsBVtJqk8jxF9rh8ApRWfsIMQSt2uE4OcpQqbFu7f7NbTK05lx80nuSijCz7sc3a277R67g,"Transfer masih dalam proses trs padahal saldo sudah kepotong jdi males pake ovo,tolong itikad baik nya saya menunggu transfer an berhasil",1,0,3.147.0,2025-11-16 02:55:11+00:00,,,3.147.0,Dataset/dataset\OVO_googleplay_NOVEMBER_reviews.csv,transfer
da7dc805-ca4f-46b1-b665-6732f9629372,Pengguna Google,https://play-lh.googleusercontent.com/EGemoI2NTXmTsBVtJqk8jxF9rh8ApRWfsIMQSt2uE4OcpQqbFu7f7NbTK05lx80nuSijCz7sc3a277R67g,parah login buat ganti HP susah amat sekarang ribet banget,1,0,3.149.0,2025-12-08 16:22:59+00:00,,,3.149.0,Dataset/dataset\OVO_googleplay_DECEMBER_reviews.csv,login
4e7e403c-82dc-453c-bc6f-ab3f953007d5,Pengguna Google,https://play-lh.googleusercontent.com/EGemoI2NTXmTsBVtJqk8jxF9rh8ApRWfsIMQSt2uE4OcpQqbFu7f7NbTK05lx80nuSijCz7sc3a277R67g,bos ini kenapa nomor saya tidak bisa login.padahal sinyal bagus.nomor juga sudah benar,2,0,1.62.0,2025-11-11 23:06:59+00:00,"Hai Kak @Sangkuriang Sang, kami mohon maaf atas kondisi yang Kakak alami. Terkait hal ini, dapat kami sampaikan bahwa sebelumnya ada pemeliharaan sistem, namun saat ini sudah kembali normal. Silakan Kakak bisa relogin dan update aplikasi ke versi terbaru ya. Mohon maaf atas ketidaknyamanannya. Salam hangat. ^Miko",2025-11-12 09:17:27,1.62.0,Dataset/dataset\GOPAY_googleplay_NOVEMBER_reviews.csv,login
ae8e6b71-ce06-4f3f-a47e-880fa4c9bf9a,Pengguna Google,https://play-lh.googleusercontent.com/EGemoI2NTXmTsBVtJqk8jxF9rh8ApRWfsIMQSt2uE4OcpQqbFu7f7NbTK05lx80nuSijCz7sc3a277R67g,"masa top up e wallet ke dana aja harus nunggu 2x 24 jam kaya nunggu kerja polisi aja, kalo sistem masih lambat uji coba lagi aja lah ga usah ngebet upgrade",1,0,1.44.04,2025-12-09 09:41:25+00:00,"Hi Kak Aisyah. Mohon maaf mengenai kendala transfer ShopeePay ke DANA yang belum diterima. Untuk pengecekan lebih lanjut, mohon menghubungi kami melalui DM ke Instagram @ShopeePay_ID dengan melampirkan bukti transfer yang tertera nomor transaksi (Order SN), nominal, tanggal dan waktu transaksi. ^EN",2025-12-09 14:05:03,1.44.04,Dataset/dataset\SHOPEEPAY_googleplay_DECEMBER_reviews.csv,topup
e57affeb-3fea-4937-95a1-ea6d6379e16f,Pengguna Google,https://play-lh.googleusercontent.com/EGemoI2NTXmTsBVtJqk8jxF9rh8ApRWfsIMQSt2uE4OcpQqbFu7f7NbTK05lx80nuSijCz7sc3a277R67g,Udh login di-update ga bisa masuk,1,0,2.5.0,2025-10-29 13:06:26+00:00,"Hai, Kak Choerul. Maaf atas ketidaknyamanannya. Kami akan selalu berusaha memberikan yang terbaik demi memenuhi kebutuhan perbankan Kakak. Terkait kendala tersebut boleh infokan detail kendala serta kirimkan gambar kendalanya ke X @haloblu atau email haloblu@bcadigital.co.id agar kami bisa bantu lebih lanjut ya.",2025-10-29 14:00:06,2.5.0,Dataset/dataset\BLU_googleplay_OCTOBER_reviews.csv,login
be27d247-f669-4d9a-a0f3-33ef881d19cb,Pengguna Google,https://play-lh.googleusercontent.com/EGemoI2NTXmTsBVtJqk8jxF9rh8ApRWfsIMQSt2uE4OcpQqbFu7f7NbTK05lx80nuSijCz7sc3a277R67g,"habis update ngak bisa login, 3x salah sandi dan password... padahal isi bener",1,1,8.78.0,2025-11-28 09:26:50+00:00,"Halo, Jagoan. Mohon maaf atas kendala yang terjadi ya. Kamu tidak perlu khawatir, kamu bisa menjelaskan detail kendala tersebut melalui email di tanya@jago.com atau call center 1500 746 untuk kami bantu tangani lebih lanjut. Terima kasih :)",2025-11-28 09:30:47,8.78.0,Dataset/dataset\JAGO_googleplay_NOVEMBER_reviews.csv,login
2f47647a-2e86-4fb1-bdeb-defedf3384f5,Pengguna Google,https://play-lh.googleusercontent.com/EGemoI2NTXmTsBVtJqk8jxF9rh8ApRWfsIMQSt2uE4OcpQqbFu7f7NbTK05lx80nuSijCz7sc3a277R67g,"saldo cukup, mo tf gaga2 mulu",2,0,3.147.0,2025-11-15 19:11:39+00:00,,,3.147.0,Dataset/dataset\OVO_googleplay_NOVEMBER_reviews.csv,transfer
e76b90ee-6281-46de-a62e-dde3a5750dcc,Pengguna Google,https://play-lh.googleusercontent.com/EGemoI2NTXmTsBVtJqk8jxF9rh8ApRWfsIMQSt2uE4OcpQqbFu7f7NbTK05lx80nuSijCz7sc3a277R67g,gopay saya tidak bisa pake transfer padahal sudah upgrade plus,1,1,1.64.1,2025-11-27 14:55:57+00:00,"Hai Kak Ega, sebelum transfer, pastikan status upgrade GoPay Plus sudah 'Diterima', nomor penerima valid dan tidak terblokir. Jika masih bermasalah, silakan kunjungi menu Bantuan di aplikasi GoPay atau email ke customerservice@gopay.co.id dan cantumkan kode psr-25-331-1024-36178 pada subjek email. ^Melisa",2025-11-27 17:24:44,1.64.1,Dataset/dataset\GOPAY_googleplay_NOVEMBER_reviews.csv,transfer
9a0d0671-32db-4b08-b739-b60962168ad0,Pengguna Google,https://play-lh.googleusercontent.com/EGemoI2NTXmTsBVtJqk8jxF9rh8ApRWfsIMQSt2uE4OcpQqbFu7f7NbTK05lx80nuSijCz7sc3a277R67g,apk rusak gw mau top up ga bisa² anying malah ada peringatan aktivitas tidak wajar tolol udah 5 hari ga bener bener cuih,1,0,1.64.0,2025-11-24 00:13:26+00:00,"Hai Kak @Luk Man, mohon maaf atas ketidaknyamanannya. Terkait hal tersebut, silakan laporkan melalui email ke customerservice@gopay.co.id dengan melampirkan kode psr-25-328-0101-30976 pada subject email dan ceritakan kembali detail permasalahannya agar tim kami bisa bantu cek lebih lanjut ya. ^Melisa",2025-11-24 08:01:38,1.64.0,Dataset/dataset\GOPAY_googleplay_NOVEMBER_reviews.csv,topup
7bc0af35-a2c2-4c39-8f0c-927df744194d,Pengguna Google,https://play-lh.googleusercontent.com/EGemoI2NTXmTsBVtJqk8jxF9rh8ApRWfsIMQSt2uE4OcpQqbFu7f7NbTK05lx80nuSijCz7sc3a277R67g,ribet login harus pakai kartunya dulu nyesel daftar di sini,1,0,3.2.0,2025-11-23 17:38:50+00:00,"Hi Sahabat @Jaya Syahputra, mohon maaf atas ketidaknyamannya. untuk perihal kendala pada layanan Livin' by Mandiri, mohon untuk dapat mengirimkan email ke mandiricare@bankmandiri.co.id atau dapat menghubungi layanan mandiri 14000 agar dapat dilakukan pengecekan. Tks~Mandala",2025-11-23 17:42:18,3.2.0,Dataset/dataset\LIVIN_googleplay_NOVEMBER_reviews.csv,login
374eb29e-7ca3-47f8-9606-8c0d9b96b114,Pengguna Google,https://play-lh.googleusercontent.com/EGemoI2NTXmTsBVtJqk8jxF9rh8ApRWfsIMQSt2uE4OcpQqbFu7f7NbTK05lx80nuSijCz7sc3a277R67g,"Baru juga mau daftar tetapi dikatakan bahwa nomer anda sudah memiliki akun , ketika mencoba login ada notifikasi ""maaf kami tidak dapat memverifikasi akun anda karena masalah keamanan, silahkan hubungi custamer service "". Aneh banget padahal baru juga mau daftar 😅😅",1,0,,2025-10-17 02:53:14+00:00,"Hi Kak Terra. Mohon maaf atas kendala tidak bisa login aplikasi ShopeePay. Terkait kendala tersebut mohon menghubungi kami melalui DM ke Instagram @ShopeePay_ID yang bercentang biru, dengan menginformasikan detail dan bukti kendala untuk bantuan lebih lanjut. Semoga kendala kakak segera terselesaikan ya. ^CS",2025-10-17 11:19:17,,Dataset/dataset\SHOPEEPAY_googleplay_OCTOBER_reviews.csv,login
e74ac16a-cf2f-4679-9901-173f8c75ae73,Pengguna Google,https://play-lh.googleusercontent.com/EGemoI2NTXmTsBVtJqk8jxF9rh8ApRWfsIMQSt2uE4OcpQqbFu7f7NbTK05lx80nuSijCz7sc3a277R67g,"ini aplikasi udh hampir gak ada kelebihan nya sih. gratis transfer ke bank gk ada, suka masalah jaringan. kalo dibanding sama gopay jauh bener dah.",1,0,3.147.0,2025-12-06 22:37:28+00:00,,,3.147.0,Dataset/dataset\OVO_googleplay_DECEMBER_reviews.csv,transfer
eb0b0807-5150-4785-82c4-1496c09e9b3e,Pengguna Google,https://play-lh.googleusercontent.com/EGemoI2NTXmTsBVtJqk8jxF9rh8ApRWfsIMQSt2uE4OcpQqbFu7f7NbTK05lx80nuSijCz7sc3a277R67g,ovo kadang gagal transfer kebank,5,0,,2025-12-24 13:31:23+00:00,,,,Dataset/dataset\OVO_googleplay_DECEMBER_reviews.csv,transfer
5c5c5863-2112-4eeb-b791-0e4b52204b5d,Pengguna Google,https://play-lh.googleusercontent.com/EGemoI2NTXmTsBVtJqk8jxF9rh8ApRWfsIMQSt2uE4OcpQqbFu7f7NbTK05lx80nuSijCz7sc3a277R67g,"apk egk jls,udh dua hari egk bisa transfer",1,0,3.144.0,2025-10-02 23:36:30+00:00,,,3.144.0,Dataset/dataset\OVO_googleplay_OCTOBER_reviews.csv,transfer
e6275446-12b4-4ff4-8624-6a13302b5f48,Pengguna Google,https://play-lh.googleusercontent.com/EGemoI2NTXmTsBVtJqk8jxF9rh8ApRWfsIMQSt2uE4OcpQqbFu7f7NbTK05lx80nuSijCz7sc3a277R67g,udah top up tapi ngga ada saldonya parah,1,0,3.146.0,2025-11-07 21:10:57+00:00,,,3.146.0,Dataset/dataset\OVO_googleplay_NOVEMBER_reviews.csv,topup
23e37f92-7dae-4026-85cd-258d03aa15fd,Pengguna Google,https://play-lh.googleusercontent.com/EGemoI2NTXmTsBVtJqk8jxF9rh8ApRWfsIMQSt2uE4OcpQqbFu7f7NbTK05lx80nuSijCz7sc3a277R67g,Ini apa memang gak punya sistem untuk transfer ke e-wallet lain seperti Dana atau bagaimana?,3,0,,2025-10-14 06:56:53+00:00,,,,Dataset/dataset\OVO_googleplay_OCTOBER_reviews.csv,transfer
e5cf76fc-ac65-494a-944e-6eb233a3b8d9,Pengguna Google,https://play-lh.googleusercontent.com/EGemoI2NTXmTsBVtJqk8jxF9rh8ApRWfsIMQSt2uE4OcpQqbFu7f7NbTK05lx80nuSijCz7sc3a277R67g,"kenapa skrg kalo transfer ada adminnya ya? padahal ke sesama bank bca mana adminnya gede bgt lagii, katanya bebas biaya admin tapi mana malah di upgrd jadi ada biaya adminnya!!!!! jadi males nabung disitu",1,1,2.3.0,2025-10-01 20:17:26+00:00,"Hai, Kak Virindya. Maaf atas ketidaknyamanannya. Untuk transfer ke BCA gratis melalui layanan BI-FAST Kak. Kakak juga bisa menggunakan bebas biaya transfer BI-FAST atau LLG ke bank lain sesuai dengan level bluLoyalty yang Kakak miliki ya.",2025-10-01 21:08:10,2.3.0,Dataset/dataset\BLU_googleplay_OCTOBER_reviews.csv,transfer
c02c0d39-4e57-473e-95fa-a61329d0dae7,Pengguna Google,https://play-lh.googleusercontent.com/EGemoI2NTXmTsBVtJqk8jxF9rh8ApRWfsIMQSt2uE4OcpQqbFu7f7NbTK05lx80nuSijCz7sc3a277R67g,topup saldo tapi ga masuk ke Spay. sedangkan saldo di bank udah kepotong,1,0,1.44.05,2025-12-14 11:45:57+00:00,"Hi Kak ALFAH. Mohon maaf atas kendala Top Up ShopeePay yang belum diterima. Jika hingga saat ini Top Up masih belum diterima mohon menghubungi kami melalui DM ke Instagram @ShopeePay_ID yang bercentang biru, dengan melampirkan bukti bayar Top Up tersebut untuk bantuan lebih lanjut. Semoga kendala kakak segera terselesaikan ya. ^CS",2025-12-15 14:33:46,1.44.05,Dataset/dataset\SHOPEEPAY_googleplay_DECEMBER_reviews.csv,topup
36bd4da5-a0eb-4aa1-825a-e14504199285,Pengguna Google,https://play-lh.googleusercontent.com/EGemoI2NTXmTsBVtJqk8jxF9rh8ApRWfsIMQSt2uE4OcpQqbFu7f7NbTK05lx80nuSijCz7sc3a277R67g,aplikasi ke hapus pas dowlod lagi ngk bisa2 di karnakan gagal pada bagian verifikasi foto wajah udah 1 minggu ngk kebuka2 tolong di bantu.,2,1,3.2.0,2025-12-10 18:34:26+00:00,"Hai Sahabat @Hary Shorenk, mohon maaf atas ketidaknyamanannya. Jika terkendala verifikasi wajah maka dpt mencoba kembali dgn dipastikan pencahayaan baik dan wajah tidak terlalu dekat dgn kamera. Jika masih terkendala dpt mengirimkan email ke mandiricare@bankmandiri.co.id atau menghubungi mandiri call 14000 agar dpt dilakukan pengecekan. Tks~Abrar",2025-12-10 18:42:17,3.2.0,Dataset/dataset\LIVIN_googleplay_DECEMBER_reviews.csv,vermuk
eeffcd52-eafb-4e81-b9e9-6263504fb009,Pengguna Google,https://play-lh.googleusercontent.com/EGemoI2NTXmTsBVtJqk8jxF9rh8ApRWfsIMQSt2uE4OcpQqbFu7f7NbTK05lx80nuSijCz7sc3a277R67g,gila baru top up masuk saat itu juga akun di blokir kembalikan saldo saya,1,1,1.54.0,2025-10-05 10:22:10+00:00,"Mohon maaf, Kak Asep. GoPay selalu menjaga keamanan dompetmu dengan memblokir akun sementara apabila terdeteksi transaksi yang mencurigakan. Silakan laporkan dengan login ke aplikasi Gojek > ke Halaman Bantuan > cari artikel ""Saya tidak dapat menggunakan GoPay"" di kolom bantuan > isi form di artikel. ^Maura",2025-10-05 11:26:07,1.54.0,Dataset/dataset\GOPAY_googleplay_OCTOBER_reviews.csv,topup
cdaa9257-15f6-41b3-b74a-4814f1d19c2d,Pengguna Google,https://play-lh.googleusercontent.com/EGemoI2NTXmTsBVtJqk8jxF9rh8ApRWfsIMQSt2uE4OcpQqbFu7f7NbTK05lx80nuSijCz7sc3a277R67g,apakah tf ke bank bank lain gratis,1,1,,2025-10-15 03:14:35+00:00,"Hai, Kak Esma Relina. Terima kasih atas ulasannya. Untuk transfer ke BCA gratis melalui layanan BI-FAST kok Kak. Kakak juga bisa gunakan bebas biaya transfer BI-FAST atau LLG ke bank lain sesuai dengan level bluLoyalty yang Kakak miliki. Info lengkap bisa Kakak cek melalui link berikut: https://blubybcadigital.id/bluloyalty ya. 😊",2025-10-15 03:56:24,,Dataset/dataset\BLU_googleplay_OCTOBER_reviews.csv,transfer
485c596a-21ad-4afe-a149-42f902ac2350,Pengguna Google,https://play-lh.googleusercontent.com/EGemoI2NTXmTsBVtJqk8jxF9rh8ApRWfsIMQSt2uE4OcpQqbFu7f7NbTK05lx80nuSijCz7sc3a277R67g,ni aplikasi penipu.. sengja di cntumin no rek yng ngga jlas.. jdi pas ke tf slah ngga bisa di blik kin.. sungguh licikkk aplikasi ini keji apliksi ini njissss se najisss najis nya....,1,0,,2025-11-19 09:14:20+00:00,"Hai Kak Anto, sesuai Syarat & Ketentuan GoPay, jika terjadi kesalahan isi/transfer dan sudah berhasil, maka transaksi tidak dapat dibatalkan. Jika kamu memiliki pertanyaan atau kendala lainnya, silakan kunjungi menu Bantuan di aplikasi GoPay kamu atau email ke customerservice@gopay.co.id. ^Maura",2025-11-19 11:23:12,,Dataset/dataset\GOPAY_googleplay_NOVEMBER_reviews.csv,transfer
42697be7-cd26-4a29-81b1-eb8c7750db77,Pengguna Google,https://play-lh.googleusercontent.com/EGemoI2NTXmTsBVtJqk8jxF9rh8ApRWfsIMQSt2uE4OcpQqbFu7f7NbTK05lx80nuSijCz7sc3a277R67g,SADIS. bikin gue ketar ketir. ewallet paling jahanam. gue transfer Rp. 1.600.000 ke OVO belum masuk. rusak nih aplikasi,1,1,3.144.0,2025-10-01 12:34:27+00:00,,,3.144.0,Dataset/dataset\OVO_googleplay_OCTOBER_reviews.csv,transfer
321063e0-f03c-4db8-8955-81bd743c6937,Pengguna Google,https://play-lh.googleusercontent.com/EGemoI2NTXmTsBVtJqk8jxF9rh8ApRWfsIMQSt2uE4OcpQqbFu7f7NbTK05lx80nuSijCz7sc3a277R67g,gratiss TF,5,0,1.38.08,2025-10-11 12:48:18+00:00,"Hi Kak. Terima kasih telah menggunakan ShopeePay. Mari cek aplikasi ShopeePay karena banyak fitur yang mempermudah keseharian kakak seperti pembelian pulsa, paket data, pembayaran tagihan listrik dan pembayaran lainnya. Jika kakak memiliki pertanyaan seputar ShopeePay, mohon DM kami di Instagram @ShopeePay_ID ya. Semoga harimu menyenangkan ^RJ",2025-10-13 10:06:59,1.38.08,Dataset/dataset\SHOPEEPAY_googleplay_OCTOBER_reviews.csv,transfer
6ec4293c-91eb-4afe-882e-04240562f6ca,Pengguna Google,https://play-lh.googleusercontent.com/EGemoI2NTXmTsBVtJqk8jxF9rh8ApRWfsIMQSt2uE4OcpQqbFu7f7NbTK05lx80nuSijCz7sc3a277R67g,aplikasi babi sya tf ke ovo malah gak masuk masuk,1,0,3.145.0,2025-10-28 14:24:00+00:00,,,3.145.0,Dataset/dataset\OVO_googleplay_OCTOBER_reviews.csv,transfer
501ab8ca-4798-4e29-bdac-c6b30c12fce9,Pengguna Google,https://play-lh.googleusercontent.com/EGemoI2NTXmTsBVtJqk8jxF9rh8ApRWfsIMQSt2uE4OcpQqbFu7f7NbTK05lx80nuSijCz7sc3a277R67g,kenapa ya gopay saya gak bisa gunakan qris,1,0,,2025-11-02 14:16:13+00:00,"Hai Kak Edi, mohon maaf atas ketidaknyamanannya. Pastikan kamu menggunakan aplikasi GoPay versi terbaru dan posisi kode QR yang dipindai sudah sesuai. Jika masih berkendala, laporkan melalui email customerservice@gopay.co.id dan cantumkan kode psr-25-306-0753-23782 pada subject email yang kamu kirimkan ya. ^Melisa",2025-11-02 14:53:40,,Dataset/dataset\GOPAY_googleplay_NOVEMBER_reviews.csv,qris
6a11c3c6-89a8-4511-ad8f-80a473715b6f,Pengguna Google,https://play-lh.googleusercontent.com/EGemoI2NTXmTsBVtJqk8jxF9rh8ApRWfsIMQSt2uE4OcpQqbFu7f7NbTK05lx80nuSijCz7sc3a277R67g,mohon gratis admin untuk top up :),4,0,1.42.03,2025-11-20 20:23:07+00:00,"Hi Kak Jawir 1414, mohon maaf atas kendala biaya admin Top Up. Saat ini terdapat kuota gratis isi saldo ShopeePay dengan minimum isi saldo Rp10.000,- sebanyak 20x dalam satu bulan melalui bank dan 5x melalui minimarket/agent Untuk bantuan pengecekan, mohon menghubungi kami melalui DM Instagram di @ShopeePay_ID. ^CS",2025-11-21 11:08:30,1.42.03,Dataset/dataset\SHOPEEPAY_googleplay_NOVEMBER_reviews.csv,topup
fe22bb6b-61c4-4b81-9723-5760de0d5f70,Pengguna Google,https://play-lh.googleusercontent.com/EGemoI2NTXmTsBVtJqk8jxF9rh8ApRWfsIMQSt2uE4OcpQqbFu7f7NbTK05lx80nuSijCz7sc3a277R67g,Ribet susah mau Transfer atau bayar,1,0,3.2.0,2025-12-15 12:51:14+00:00,"Hai Sahabat @Lutfi rahmat, mohon maaf atas ketidaknyamanannya. Terkait kendala Sahabat mohon untuk dapat mengirimkan email ke mandiricare@bankmandiri.co.id atau dapat menghubungi Mandiri Call 14000 lalu tekan 2 agar dapat dilakukan pengecekan. Tks~Kila",2025-12-15 12:52:22,3.2.0,Dataset/dataset\LIVIN_googleplay_DECEMBER_reviews.csv,transfer
1226abcb-5587-47c8-8413-624977e7ca24,Pengguna Google,https://play-lh.googleusercontent.com/EGemoI2NTXmTsBVtJqk8jxF9rh8ApRWfsIMQSt2uE4OcpQqbFu7f7NbTK05lx80nuSijCz7sc3a277R67g,mantap bisa top up bisa isi pulsa,5,0,,2025-10-04 19:28:52+00:00,,,,Dataset/dataset\GOPAY_googleplay_OCTOBER_reviews.csv,topup
9f851e5d-615e-4fbb-a001-bc8da3ff788b,Pengguna Google,https://play-lh.googleusercontent.com/EGemoI2NTXmTsBVtJqk8jxF9rh8ApRWfsIMQSt2uE4OcpQqbFu7f7NbTK05lx80nuSijCz7sc3a277R67g,blang putih semua topup juga susah masuk. buruk sekali kecewa berat,1,0,3.149.0,2025-12-14 19:12:44+00:00,,,3.149.0,Dataset/dataset\OVO_googleplay_DECEMBER_reviews.csv,topup
1c67590b-e1c5-49fd-a0a5-d030ec0327fa,Pengguna Google,https://play-lh.googleusercontent.com/EGemoI2NTXmTsBVtJqk8jxF9rh8ApRWfsIMQSt2uE4OcpQqbFu7f7NbTK05lx80nuSijCz7sc3a277R67g,susah kali mau tarik tunai di shopeepay ini bolak balik verifikasi muka sudah 2 kali selalu gagal apa maksudnya ini min,1,0,1.41.06,2025-12-04 13:13:51+00:00,"Hi Kak Muhammad. Maaf atas kendala gagal verifikasi wajah saat tarik tunai. Pastikan verifikasi wajah telah sesuai dgn KTP yg terdaftar diShopeePay agar sistem dpt memverifikasi kepemilikan akun. Silakan klik ShopeePay>Saya>Pengaturan>Upgrade ke ShopeePay Plus>Informasi Pribadi. Untuk bantuan, hubungi kami melalui DM ke Instagram @ShopeePay_ID. ^CS",2025-12-04 14:17:15,1.41.06,Dataset/dataset\SHOPEEPAY_googleplay_DECEMBER_reviews.csv,vermuk
8da40063-54a0-4e6a-b0bd-b92fee10d5be,Pengguna Google,https://play-lh.googleusercontent.com/EGemoI2NTXmTsBVtJqk8jxF9rh8ApRWfsIMQSt2uE4OcpQqbFu7f7NbTK05lx80nuSijCz7sc3a277R67g,mantap aplikasi nya sangat membantu untuk transfer uang buat belanja dll,5,0,1.64.0,2025-11-15 21:02:15+00:00,,,1.64.0,Dataset/dataset\GOPAY_googleplay_NOVEMBER_reviews.csv,transfer
6f50974d-2d08-44b6-8f7d-055cdb1d03be,Pengguna Google,https://play-lh.googleusercontent.com/EGemoI2NTXmTsBVtJqk8jxF9rh8ApRWfsIMQSt2uE4OcpQqbFu7f7NbTK05lx80nuSijCz7sc3a277R67g,mantap cuman 1 jam masalah top up FREE FIRE saya langsung di tangani terimah kasih devoloper gopay catatan: (jangan lagi terjadi masalah di bagian proses trnasaksi),5,0,,2025-11-18 22:11:55+00:00,,,,Dataset/dataset\GOPAY_googleplay_NOVEMBER_reviews.csv,topup
60bdce5c-232c-489f-bba8-fcf35df3302e,Pengguna Google,https://play-lh.googleusercontent.com/EGemoI2NTXmTsBVtJqk8jxF9rh8ApRWfsIMQSt2uE4OcpQqbFu7f7NbTK05lx80nuSijCz7sc3a277R67g,top up dari atm bri sudah 24 jam tidak masuk2 nunggu sampai kapan ?,1,0,1.42.03,2025-11-25 12:08:25+00:00,"Hi Kak. Mohon maaf atas kendala Top Up ShopeePay yang belum diterima. Jika hingga saat ini Top Up masih belum diterima mohon menghubungi kami melalui DM ke Instagram @ShopeePay_ID yang bercentang biru, dengan melampirkan bukti bayar Top Up tersebut untuk bantuan lebih lanjut. Semoga kendala kakak segera terselesaikan ya. ^CS",2025-11-25 13:38:28,1.42.03,Dataset/dataset\SHOPEEPAY_googleplay_NOVEMBER_reviews.csv,topup
396eef6f-8e38-4bd9-93c4-2a31c07a3f73,Pengguna Google,https://play-lh.googleusercontent.com/EGemoI2NTXmTsBVtJqk8jxF9rh8ApRWfsIMQSt2uE4OcpQqbFu7f7NbTK05lx80nuSijCz7sc3a277R67g,kasih saldo 100k dong mau top up epep,5,0,1.60.0,2025-10-14 22:48:47+00:00,,,1.60.0,Dataset/dataset\GOPAY_googleplay_OCTOBER_reviews.csv,topup
45136282-b842-42a4-8ee1-f84f141aeeab,Pengguna Google,https://play-lh.googleusercontent.com/EGemoI2NTXmTsBVtJqk8jxF9rh8ApRWfsIMQSt2uE4OcpQqbFu7f7NbTK05lx80nuSijCz7sc3a277R67g,"Biaya Admin mahal dibandingkan dengan kompetitor, sering error ga jelas kl melakukan transaksi transfer.",3,0,3.146.0,2025-11-07 17:01:24+00:00,,,3.146.0,Dataset/dataset\OVO_googleplay_NOVEMBER_reviews.csv,transfer
0fd1e361-1df8-4915-9597-942e6c2f142f,Pengguna Google,https://play-lh.googleusercontent.com/EGemoI2NTXmTsBVtJqk8jxF9rh8ApRWfsIMQSt2uE4OcpQqbFu7f7NbTK05lx80nuSijCz7sc3a277R67g,sangat membantu ketika atm jauh jadi bisa menggunakan qris shopeepay. untuk tingkat keamanan saldo nasabah terus dijaga yah,5,3,1.40.06,2025-10-02 07:05:26+00:00,"Hi Kak. Terima kasih telah menggunakan ShopeePay. Mari cek aplikasi ShopeePay karena banyak fitur yang mempermudah keseharian kakak seperti pembelian pulsa, paket data, pembayaran tagihan listrik dan pembayaran lainnya. Jika kakak memiliki pertanyaan seputar ShopeePay, mohon DM kami di Instagram @ShopeePay_ID ya. Semoga harimu menyenangkan ^RJ",2025-10-02 09:41:21,1.40.06,Dataset/dataset\SHOPEEPAY_googleplay_OCTOBER_reviews.csv,qris
cc845676-f262-45c6-b1c3-fdd1fc27d61a,Pengguna Google,https://play-lh.googleusercontent.com/EGemoI2NTXmTsBVtJqk8jxF9rh8ApRWfsIMQSt2uE4OcpQqbFu7f7NbTK05lx80nuSijCz7sc3a277R67g,kacau sistem nya dah tf ke aplikasi dana aja pending nya lama berhari hari nominal gak gede juga,1,0,1.41.06,2025-10-29 05:24:57+00:00,"Hi Kak Angga. Mohon maaf atas kendala transfer ShopeePay ke DANA yang masih dalam proses. Kami siap membantu kakak, terkait kendala tersebut mohon menghubungi kami melalui DM ke Instagram @ShopeePay_ID yang bercentang biru, dgn melampirkan bukti transfer yang berkendala untuk bantuan lebih lanjut. Semoga kendala kakak segera terselesaikan ya. ^CS",2025-10-29 10:58:37,1.41.06,Dataset/dataset\SHOPEEPAY_googleplay_OCTOBER_reviews.csv,transfer
d8a11f8e-ebc5-4e54-ac43-1700b6401d14,Pengguna Google,https://play-lh.googleusercontent.com/EGemoI2NTXmTsBVtJqk8jxF9rh8ApRWfsIMQSt2uE4OcpQqbFu7f7NbTK05lx80nuSijCz7sc3a277R67g,"uang baru di TF dari PT malah tiba' mengurang, mana gada keterangannya pula 👎🏻",3,0,3.2.0,2025-11-30 01:31:24+00:00,"Halo Sahabat @Nurmlsarist 0805, mohon maaf atas ketidaknyamanannya. Apabila terdapat kendala agar dapat kami tindaklanjuti, Sahabat dapat mengirimkan email ke mandiricare@bankmandiri.co.id atau menghubungi layanan mandiri call 14000 ya. Tks~Carlos",2025-11-30 01:33:12,3.2.0,Dataset/dataset\LIVIN_googleplay_NOVEMBER_reviews.csv,transfer
05c2975d-1a7d-4f6a-9542-9eddb6e4b60f,Pengguna Google,https://play-lh.googleusercontent.com/EGemoI2NTXmTsBVtJqk8jxF9rh8ApRWfsIMQSt2uE4OcpQqbFu7f7NbTK05lx80nuSijCz7sc3a277R67g,"Transfer terkurang Rp. 5005 tanpa ada Resi, jumlah transfer menjadi tidak sesuai",5,0,3.2.0,2025-12-22 11:41:13+00:00,"Halo Sahabat @Wenzst, mohon maaf atas ketidaknyamanannya. Terkait kendala Livin' by Mandiri yang dialami tsb, mohon untuk dapat mengirimkan email ke mandiricare@bankmandiri.co.id atau menghubungi Mandiri Call 14000 lalu tekan 2 agar dapat dilakukan pengecekan. Tks~Vacilla",2025-12-22 11:44:26,3.2.0,Dataset/dataset\LIVIN_googleplay_DECEMBER_reviews.csv,transfer
9c79c21f-0f48-48f9-8ecf-9910571e4e7a,Pengguna Google,https://play-lh.googleusercontent.com/EGemoI2NTXmTsBVtJqk8jxF9rh8ApRWfsIMQSt2uE4OcpQqbFu7f7NbTK05lx80nuSijCz7sc3a277R67g,"kecewa banget udah top up gopay pengen top up epep tapi gabisa, udah masukin id yg bener tapi usernya nggak ditemukan🥲",4,0,1.59.0,2025-11-21 14:37:41+00:00,,,1.59.0,Dataset/dataset\GOPAY_googleplay_NOVEMBER_reviews.csv,topup
4fb65b90-2e31-4a0e-ab4b-b77e8736be76,Pengguna Google,https://play-lh.googleusercontent.com/EGemoI2NTXmTsBVtJqk8jxF9rh8ApRWfsIMQSt2uE4OcpQqbFu7f7NbTK05lx80nuSijCz7sc3a277R67g,"masa gabisa login email yg udah jelas2 kedaftar ovo di grabnya sama, tapi pas dibuat login aplikasi ini gabisa emailnya, udah berkali-kali juga sama",1,0,3.149.0,2025-12-20 13:30:54+00:00,,,3.149.0,Dataset/dataset\OVO_googleplay_DECEMBER_reviews.csv,login
a6a98fe4-27b1-4beb-ae65-57964a3558fd,Pengguna Google,https://play-lh.googleusercontent.com/EGemoI2NTXmTsBVtJqk8jxF9rh8ApRWfsIMQSt2uE4OcpQqbFu7f7NbTK05lx80nuSijCz7sc3a277R67g,"apk gak jelas sering eror sumpah sistem apk transfer terburukk, lebih oke pake dana nyoba pake gopay sistem nya kacauu banyak erorrr",1,0,1.61.2,2025-11-05 23:14:54+00:00,"Hai Kak Angga, sebelum transfer, pastikan status upgrade GoPay Plus sudah 'Diterima', nomor penerima valid dan tidak terblokir. Jika masih bermasalah, silakan kunjungi menu Bantuan di aplikasi GoPay atau email ke customerservice@gopay.co.id dan cantumkan kode psr-25-310-0928-12976 pada subjek email. ^Maura",2025-11-06 16:28:19,1.61.2,Dataset/dataset\GOPAY_googleplay_NOVEMBER_reviews.csv,transfer
eade597a-8f18-494e-bac5-18ca8aa1542a,Pengguna Google,https://play-lh.googleusercontent.com/EGemoI2NTXmTsBVtJqk8jxF9rh8ApRWfsIMQSt2uE4OcpQqbFu7f7NbTK05lx80nuSijCz7sc3a277R67g,susah login harus kotak Katik fitur ini lah itu lah,1,0,2.5.0,2025-11-05 16:28:30+00:00,"Hai, Kakak. Maaf atas ketidaknyamanannya. Kami akan selalu berusaha memberikan yang terbaik kebutuhan perbankan Kakak. Mohon pastikan aplikasi sudah update versi terbaru dan jika ada hal lain yang ingin ditanyakan, Kakak bisa langsung menghubungi X @haloblu atau email haloblu@bcadigital.co.id atau telepon 1500668 (layanan 24 jam).",2025-11-05 17:05:41,2.5.0,Dataset/dataset\BLU_googleplay_NOVEMBER_reviews.csv,login
3862f0ad-a56e-44d8-8820-8e30ec2ed810,Pengguna Google,https://play-lh.googleusercontent.com/EGemoI2NTXmTsBVtJqk8jxF9rh8ApRWfsIMQSt2uE4OcpQqbFu7f7NbTK05lx80nuSijCz7sc3a277R67g,ada yg transfer ke akun Gopay saya cuman uang nya gak masuk takut ahh pake Gopay mah ternyata udah sering ke jadian,2,0,1.61.2,2025-10-31 09:29:57+00:00,"Hai Kak Sanma, mohon maaf atas ketidaknyamanannya. Pastikan nomor tujuan transfer sudah benar dan sudah cek halaman Riwayat. Jika saldo belum juga bertambah, laporkan detailnya melalui email customerservice@gopay.co.id dan cantumkan kode psr-25-304-0354-43229 pada subject email yang kamu kirimkan ya. ^Miko",2025-10-31 10:55:07,1.61.2,Dataset/dataset\GOPAY_googleplay_OCTOBER_reviews.csv,transfer
49185afb-2bc2-47e0-b481-e3d52c98cc72,Pengguna Google,https://play-lh.googleusercontent.com/EGemoI2NTXmTsBVtJqk8jxF9rh8ApRWfsIMQSt2uE4OcpQqbFu7f7NbTK05lx80nuSijCz7sc3a277R67g,kgk jelas ini ovo lama lama cuman gara2 offline gue malah di blokir akun gila EMG malah ada saldo buat top up kilometer malah di blokir malah suruh apdete lgi udh tau HBS uninstall suruh apdete lgi adeh,1,0,3.144.0,2025-10-07 00:06:21+00:00,,,3.144.0,Dataset/dataset\OVO_googleplay_OCTOBER_reviews.csv,topup
caaeb85f-ef96-4f46-8d6b-b7c6f34b6dfb,Pengguna Google,https://play-lh.googleusercontent.com/EGemoI2NTXmTsBVtJqk8jxF9rh8ApRWfsIMQSt2uE4OcpQqbFu7f7NbTK05lx80nuSijCz7sc3a277R67g,tolong diperbaiki dan disetujui kalau misalnya top up ke aplikasi lain contohnya gopay dsb pada sore hari atau malam hari tolong di lancarkan dan jangan di batasi,1,0,3.1.0,2025-11-02 19:33:08+00:00,"Halo Sahabat @Muhammad Rizky, mohon maaf atas ketidaknyamannya. Perihal kendala pada layanan Livin' by Mandiri, mohon untuk dapat mengirimkan email ke mandiricare@bankmandiri.co.id atau dapat menghubungi layanan mandiri 14000 agar dapat dilakukan pengecekan. Tks~Kale",2025-11-02 19:36:06,3.1.0,Dataset/dataset\LIVIN_googleplay_NOVEMBER_reviews.csv,topup
4a320174-ea7a-4a11-b7f6-974ec961e327,Pengguna Google,https://play-lh.googleusercontent.com/EGemoI2NTXmTsBVtJqk8jxF9rh8ApRWfsIMQSt2uE4OcpQqbFu7f7NbTK05lx80nuSijCz7sc3a277R67g,kk bagiamana cara saya lupa no hp saya SDH lama hilang dan saya mu login kmbli TPI TDK ada no hp ny tlong di bntu kk cra bsa login kmbli,5,0,3.147.0,2025-11-21 02:04:44+00:00,,,3.147.0,Dataset/dataset\OVO_googleplay_NOVEMBER_reviews.csv,login
a3204f3c-2af3-437f-9402-c0ff4005c79a,Pengguna Google,https://play-lh.googleusercontent.com/EGemoI2NTXmTsBVtJqk8jxF9rh8ApRWfsIMQSt2uE4OcpQqbFu7f7NbTK05lx80nuSijCz7sc3a277R67g,"jangan download OVO, klo ada pun mending uninstal aja guys, duit yg gw tf nyangkut dan ilang gk balik2...!! pas nanya ke yg lain, ternyata temen2 gw juga sama kek begitu.",1,0,,2025-10-26 07:00:35+00:00,,,,Dataset/dataset\OVO_googleplay_OCTOBER_reviews.csv,transfer
d70d1ad5-0559-4ced-a945-2bd63169fa2f,Pengguna Google,https://play-lh.googleusercontent.com/EGemoI2NTXmTsBVtJqk8jxF9rh8ApRWfsIMQSt2uE4OcpQqbFu7f7NbTK05lx80nuSijCz7sc3a277R67g,NGE BUG NIH APK NYA.. MASA GA TAMPILAN SALDO PUTIH SEMUA . GA KELIATAN MENU TRANSFER NYA NOMINAL NYA,1,0,3.149.0,2025-12-15 09:50:18+00:00,,,3.149.0,Dataset/dataset\OVO_googleplay_DECEMBER_reviews.csv,transfer
3b9d615d-6bd8-45b8-a2ad-f98478e45e37,Pengguna Google,https://play-lh.googleusercontent.com/EGemoI2NTXmTsBVtJqk8jxF9rh8ApRWfsIMQSt2uE4OcpQqbFu7f7NbTK05lx80nuSijCz7sc3a277R67g,tf ke ewallet aja lama,1,0,1.44.05,2025-12-15 16:26:20+00:00,"Hi Kak Arviani, Mohon maaf atas ketidaknyamanannya terkait kendala transfer ShopeePay ke e-wallet. Saat ini apabila kakak memiliki kendala Transfer ShopeePay yang belum diterima, kakak dapat menghubungi kami melalui DM ke IG @ShopeePay_ID yang bercentang biru ya, dengan melampirkan bukti transfer yang terkendala untuk bantuan lebih lanjut. ^CS",2025-12-16 14:07:08,1.44.05,Dataset/dataset\SHOPEEPAY_googleplay_DECEMBER_reviews.csv,transfer
ff3609d5-0e1b-46c1-b6b6-770c1cfffd89,Pengguna Google,https://play-lh.googleusercontent.com/EGemoI2NTXmTsBVtJqk8jxF9rh8ApRWfsIMQSt2uE4OcpQqbFu7f7NbTK05lx80nuSijCz7sc3a277R67g,semakin menurun aplikasi gopay transaksi online dari tanggal 28 Oktober 2025 melalui Qris sebesar 1jta dana terpotong tapi kata merchant belom terima dana dari pihak merchant minta kode qris RRN gak bisa dikasih...peringatan keras buat pengguna gopay jangan pakai app gopay kalau uang kalian tidak mau hilang,1,0,1.61.2,2025-11-09 20:12:37+00:00,,,1.61.2,Dataset/dataset\GOPAY_googleplay_NOVEMBER_reviews.csv,qris
1d4cdaa7-cb8b-4523-aae9-a44077e21859,Pengguna Google,https://play-lh.googleusercontent.com/EGemoI2NTXmTsBVtJqk8jxF9rh8ApRWfsIMQSt2uE4OcpQqbFu7f7NbTK05lx80nuSijCz7sc3a277R67g,repot banget kalau mau QRIS harus scan wajah dulu. bikin malu aja. Padahal udh masukin PIN masih aja harus scan wajah,1,0,,2025-10-05 17:29:09+00:00,"Hi Kak Khoirulrofiq. Mohon maaf atas kendala harus verifikasi wajah setiap transaksi. Verifikasi wajah diperlukan untuk menjaga keamanan akun pengguna. Pastikan wajah sudah sesuai dengan KTP yang terdaftar di ShopeePay. Jika terkendala dalam verifikasi wajah, mohon DM kami dengan melampirkan video kendalanya melalui Instagram @ShopeePay_ID. ^EN",2025-10-06 14:39:04,,Dataset/dataset\SHOPEEPAY_googleplay_OCTOBER_reviews.csv,qris
59b792e8-7d33-422f-932f-3905af57ef6d,Pengguna Google,https://play-lh.googleusercontent.com/EGemoI2NTXmTsBVtJqk8jxF9rh8ApRWfsIMQSt2uE4OcpQqbFu7f7NbTK05lx80nuSijCz7sc3a277R67g,buat login aja sulit ga kayak mbanking atau e wallet lain .. proses laporan dan lain lain serba lambat ya maklum juga sih bank kecil pelayanannya jelas beda sama bank bank besar kayak BRI ataupun BCA .. ya kapok intinya make ini bank,1,0,8.74.0,2025-10-17 12:42:14+00:00,"Halo, Jagoan. Mohon maaf atas kendala yang terjadi ya. Kamu tidak perlu khawatir, kamu bisa menjelaskan detail kendala tersebut melalui email di tanya@jago.com atau call center 1500 746 untuk kami bantu tangani lebih lanjut. Terima kasih :)",2025-10-17 13:00:57,8.74.0,Dataset/dataset\JAGO_googleplay_OCTOBER_reviews.csv,login
a1418ce5-7905-4c6e-bb78-8f3df86d0909,Pengguna Google,https://play-lh.googleusercontent.com/EGemoI2NTXmTsBVtJqk8jxF9rh8ApRWfsIMQSt2uE4OcpQqbFu7f7NbTK05lx80nuSijCz7sc3a277R67g,transfer ke bank apapun mudah banget,5,0,1.60.0,2025-10-11 13:16:58+00:00,,,1.60.0,Dataset/dataset\GOPAY_googleplay_OCTOBER_reviews.csv,transfer
75aa4818-5748-4073-ba3e-f26e93bf8694,Pengguna Google,https://play-lh.googleusercontent.com/EGemoI2NTXmTsBVtJqk8jxF9rh8ApRWfsIMQSt2uE4OcpQqbFu7f7NbTK05lx80nuSijCz7sc3a277R67g,"sebenernya udah bagus, cuma klo mau tf ke cimb niaga pasti gangguan, trus klo mau beli pulsa atau bayar PLN bacaannya koneksi internet terputus padahal kuota ada wifi juga lancar",2,1,3.146.0,2025-11-09 18:00:17+00:00,,,3.146.0,Dataset/dataset\OVO_googleplay_NOVEMBER_reviews.csv,transfer
aee7af68-ea59-4066-8409-1e2808327fe5,Pengguna Google,https://play-lh.googleusercontent.com/EGemoI2NTXmTsBVtJqk8jxF9rh8ApRWfsIMQSt2uE4OcpQqbFu7f7NbTK05lx80nuSijCz7sc3a277R67g,"IT NYA TOLOL, MASA UDAH VERIFIKASI MUKA MALAH DI SURUH VERIFIKASI LAGI, UDAH DI VERIFIKASI LAGI DI SURUH LAGI, TERUS AJA DI ULANG ULANG KAGA DI PROSES",1,0,1.41.06,2025-10-30 01:17:12+00:00,"Hi Kak Mini Harti. Maaf atas kendala verifikasi wajah. Pastikan verifikasi wajah telah sesuai dgn data KTP yg terdaftar pada ShopeePay agar sistem dpt memverifikasi kepemilikan akun. Silakan klik ShopeePay>Saya>Pengaturan>Upgrade ke ShopeePay Plus>Informasi Pribadi. Untuk bantuan pengecekan, hubungi kami melalui DM ke Instagram @ShopeePay_ID ^CS",2025-10-30 11:12:03,1.41.06,Dataset/dataset\SHOPEEPAY_googleplay_OCTOBER_reviews.csv,vermuk
6960a8c6-a847-4b94-a83d-6bc8f5a9148a,Pengguna Google,https://play-lh.googleusercontent.com/EGemoI2NTXmTsBVtJqk8jxF9rh8ApRWfsIMQSt2uE4OcpQqbFu7f7NbTK05lx80nuSijCz7sc3a277R67g,baru kali ini saya kasih bintang 3 masak mau top up ke dana ada adminnya sekarang mau bayar jga sekarang pakai admin kmarin Kmarin gratis aja ko sekarang ada aminnya lama lama pindah ke kubu seblah ni,3,0,3.2.0,2025-12-31 09:41:57+00:00,"Hai Sahabat @Khairul Imam, mohon maaf atas ketidaknyamanannya. Terhitung 1 November 2025 terdapat perubahan nominal biaya transaksi biller Top Up dan Bayar/VA pada Livin' by Mandiri. Kami memahami penyesuaian ini menimbulkan ketidaknyamanan, namun hal ini dilakukan utk menjaga kualitas layanan digital melalui Livin’ by Mandiri. Tks~Divia",2025-12-31 09:48:51,3.2.0,Dataset/dataset\LIVIN_googleplay_DECEMBER_reviews.csv,topup
0c564dd5-6c86-4a20-817a-38dbd6409226,Pengguna Google,https://play-lh.googleusercontent.com/EGemoI2NTXmTsBVtJqk8jxF9rh8ApRWfsIMQSt2uE4OcpQqbFu7f7NbTK05lx80nuSijCz7sc3a277R67g,tidak ada pilihan top up KSM lagi?,1,0,3.2.0,2025-11-26 18:53:37+00:00,"Halo Sahabat @Martindo Dodik, mohon maaf atas ketidaknyamanannya. Terkait kendala Sahabat mohon untuk dapat mengirimkan email ke mandiricare@bankmandiri.co.id atau dapat menghubungi Mandiri Call 14000 lalu tekan 2 agar dapat dilakukan pengecekan. Tks~Carlos",2025-11-26 18:59:16,3.2.0,Dataset/dataset\LIVIN_googleplay_NOVEMBER_reviews.csv,topup
911605e5-5265-4691-9cdc-d46e00276519,Pengguna Google,https://play-lh.googleusercontent.com/EGemoI2NTXmTsBVtJqk8jxF9rh8ApRWfsIMQSt2uE4OcpQqbFu7f7NbTK05lx80nuSijCz7sc3a277R67g,ini gimana syaa mau login sinyal terputus terus dan ga bisa masukin email sama nik ktp mohon bantuanya,1,0,8.74.0,2025-10-09 17:05:14+00:00,"Halo, Jagoan. Mohon maaf atas kendala yang terjadi ya. Kamu tidak perlu khawatir, kamu bisa menjelaskan detail kendala tersebut melalui email di tanya@jago.com atau call center 1500 746 untuk kami bantu tangani lebih lanjut. Terima kasih :)",2025-10-09 17:31:53,8.74.0,Dataset/dataset\JAGO_googleplay_OCTOBER_reviews.csv,login
e7930a69-98aa-415b-8526-163db5d823ec,Pengguna Google,https://play-lh.googleusercontent.com/EGemoI2NTXmTsBVtJqk8jxF9rh8ApRWfsIMQSt2uE4OcpQqbFu7f7NbTK05lx80nuSijCz7sc3a277R67g,Dari awal gapernah salah sih bikin qris di gopay merchant emng banyak benefitnya,5,0,,2025-11-11 13:31:57+00:00,,,,Dataset/dataset\GOPAY_googleplay_NOVEMBER_reviews.csv,qris
83710d54-6852-433b-9016-da0d4f56c85c,Pengguna Google,https://play-lh.googleusercontent.com/EGemoI2NTXmTsBVtJqk8jxF9rh8ApRWfsIMQSt2uE4OcpQqbFu7f7NbTK05lx80nuSijCz7sc3a277R67g,saya top up 301000 belum masuk masuk saldonya gimana min?? ovo semakin lama bikin saya geram lg butuh² nya malah saldo ga masuk,1,0,3.144.0,2025-10-07 07:52:59+00:00,,,3.144.0,Dataset/dataset\OVO_googleplay_OCTOBER_reviews.csv,topup
87df1d03-d809-4f5a-a555-a5eae628e485,Pengguna Google,https://play-lh.googleusercontent.com/EGemoI2NTXmTsBVtJqk8jxF9rh8ApRWfsIMQSt2uE4OcpQqbFu7f7NbTK05lx80nuSijCz7sc3a277R67g,"apk rusak....saya beberapa kali mencyba untuk login..Mlah tidak bisa ktanya untuk ke Amanan anda tidak dapat login,kan lolot",1,0,,2025-12-27 08:01:28+00:00,"Hi Kak. Mohon maaf mengenai kendala login ke aplikasi. Agar dapat kami cek lebih lanjut, mohon menghubungi kami melalui DM Instagram @ShopeePay_ID ya. Kami akan membantu kendala yang Kakak alami ^AS",2025-12-29 13:23:14,,Dataset/dataset\SHOPEEPAY_googleplay_DECEMBER_reviews.csv,login
35188716-5a4c-43ca-84ce-90e23657a7f1,Pengguna Google,https://play-lh.googleusercontent.com/EGemoI2NTXmTsBVtJqk8jxF9rh8ApRWfsIMQSt2uE4OcpQqbFu7f7NbTK05lx80nuSijCz7sc3a277R67g,"hapus ovo nabungnya, update bukanya bagus malah nyusahin gw top up 40k sisa 38k mau transfer ke bank adminnya 2500 abis lama lama",1,0,3.144.0,2025-10-09 08:17:30+00:00,,,3.144.0,Dataset/dataset\OVO_googleplay_OCTOBER_reviews.csv,topup
e2dd86c0-3040-49bb-bb11-3793982bfb95,Pengguna Google,https://play-lh.googleusercontent.com/EGemoI2NTXmTsBVtJqk8jxF9rh8ApRWfsIMQSt2uE4OcpQqbFu7f7NbTK05lx80nuSijCz7sc3a277R67g,"lemot banget buat transfer, harus nunggu 24jam, ngga jelas",1,0,1.44.05,2025-12-12 14:38:02+00:00,"Hi Kak Habibah. Mohon maaf atas kendala transfer saldo ShopeePay. Jika saat ini transfer saldo masih belum diterima, mohon menghubungi kami melalui DM ke Instagram @ShopeePay_ID yang bercentang biru, dengan melampirkan bukti transfer yang terkendala untuk bantuan lebih lanjut. Semoga kendala kakak segera terselesaikan ya. ^CS",2025-12-12 17:29:29,1.44.05,Dataset/dataset\SHOPEEPAY_googleplay_DECEMBER_reviews.csv,transfer
dc9f37ca-144f-44db-8f86-cdf6d51385b1,Pengguna Google,https://play-lh.googleusercontent.com/EGemoI2NTXmTsBVtJqk8jxF9rh8ApRWfsIMQSt2uE4OcpQqbFu7f7NbTK05lx80nuSijCz7sc3a277R67g,"lancar banten beli paket data, token listrik, top up game semua sesuai ekspetasi makasih",5,0,1.60.0,2025-10-15 07:19:40+00:00,,,1.60.0,Dataset/dataset\GOPAY_googleplay_OCTOBER_reviews.csv,topup
c4991fb6-6256-4945-9f67-e0253ee573ff,Pengguna Google,https://play-lh.googleusercontent.com/EGemoI2NTXmTsBVtJqk8jxF9rh8ApRWfsIMQSt2uE4OcpQqbFu7f7NbTK05lx80nuSijCz7sc3a277R67g,"Kelebihanny ada kantong2ny yg bs lgs transfer ke penerima, jd ngatur keuangan lebih mudah",5,1,8.75.0,2025-10-28 15:18:42+00:00,,,8.75.0,Dataset/dataset\JAGO_googleplay_OCTOBER_reviews.csv,transfer
3d7f17fe-5581-47e0-b388-d0067f0f8cea,Pengguna Google,https://play-lh.googleusercontent.com/EGemoI2NTXmTsBVtJqk8jxF9rh8ApRWfsIMQSt2uE4OcpQqbFu7f7NbTK05lx80nuSijCz7sc3a277R67g,Selama ini saya puas pakai bank jago.gak ada masalah. sekarang saya mau login pun susah. mohon bantuannya bos. nomor yg terdaftar di bank jago kartu SIM nya sudah tidak ada. saya mau login ke nomor yg lama itu. mohon bantuannya bos,5,0,8.76.0,2025-11-13 02:35:49+00:00,"Halo Jagoan! Mohon maaf atas kendala yang kamu alami. Terkait kendala tersebut, silakan hubungi Tanya Jago melalui email di tanya@jago.com dengan melampirkan foto atau tangkapan layar kendala kamu atau hubungi kami via telepon di 1500 746/+62 21 3000 0746. Agent kami akan segera membantu kamu.",2022-07-27 19:46:28,8.76.0,Dataset/dataset\JAGO_googleplay_NOVEMBER_reviews.csv,login
c0b9a053-64b0-4d32-a056-c99f4a597141,Pengguna Google,https://play-lh.googleusercontent.com/EGemoI2NTXmTsBVtJqk8jxF9rh8ApRWfsIMQSt2uE4OcpQqbFu7f7NbTK05lx80nuSijCz7sc3a277R67g,"tidak bisa menyelesaikan masalah konsumen...gopay saya tidak bisa transfer,,dri kemaren smpai sekarang tidak ada solusinya dri gopay",1,0,1.61.2,2025-11-03 07:58:16+00:00,"Hai Kak Novhes, sebelum transfer, pastikan status upgrade GoPay Plus sudah 'Diterima', nomor penerima valid dan tidak terblokir. Jika masih bermasalah, silakan kunjungi menu Bantuan di aplikasi GoPay atau email ke customerservice@gopay.co.id dan cantumkan kode psr-25-307-0155-51136 pada subjek email. ^Melisa",2025-11-03 08:56:04,1.61.2,Dataset/dataset\GOPAY_googleplay_NOVEMBER_reviews.csv,transfer
d7244c6d-1d48-4c6b-b87b-7518365c50d1,Pengguna Google,https://play-lh.googleusercontent.com/EGemoI2NTXmTsBVtJqk8jxF9rh8ApRWfsIMQSt2uE4OcpQqbFu7f7NbTK05lx80nuSijCz7sc3a277R67g,"hati² Sama aplikasi ini gua TF dri gopay ke bank blom masuk sampe sekarang alesan nya proses ,udah mau seminggu ,duit ga balik² bukan masalah no minal tapi cara kerja nya no rekomen banget pokok nya aplikasi ini,hati²",1,0,1.59.0,2025-10-08 21:41:28+00:00,"Hai Kak Rifky, pastikan nomor tujuan benar dan sudah cek halaman Riwayat. Jika setelah 2x24 jam di hari kerja (diluar Sabtu, Minggu, atau Libur) saldo belum bertambah, silakan lapor ke menu Bantuan > ketik 'Transfer saldo ke bank atau e-wallet belum diterima' dan cantumkan kode psr-25-282-0959-19872 pada bagian 'Ceritakan lebih lanjut'. ^Miko",2025-10-09 16:59:36,1.59.0,Dataset/dataset\GOPAY_googleplay_OCTOBER_reviews.csv,transfer
a69ba4b0-c2bc-401f-91cf-cb2183333108,Pengguna Google,https://play-lh.googleusercontent.com/EGemoI2NTXmTsBVtJqk8jxF9rh8ApRWfsIMQSt2uE4OcpQqbFu7f7NbTK05lx80nuSijCz7sc3a277R67g,"gara gara hp keriset, abis tu gk bisa login lagi. sudah masukin kode OTP ttep gk bisa lanjut.. solusinya dong.",1,0,,2025-12-01 18:08:14+00:00,"Halo Sahabat @Haya Alinsan, mohon maaf atas ketidaknyamannya. Untuk perihal kendala pada layanan Livin' by Mandiri, mohon untuk dapat mengirimkan email ke mandiricare@bankmandiri.co.id atau dapat menghubungi layanan mandiri 14000 agar dapat dilakukan pengecekan. Tks~Charles",2025-12-01 18:10:28,,Dataset/dataset\LIVIN_googleplay_DECEMBER_reviews.csv,login
29e35e84-131a-4c31-a254-b4595bc15029,Pengguna Google,https://play-lh.googleusercontent.com/EGemoI2NTXmTsBVtJqk8jxF9rh8ApRWfsIMQSt2uE4OcpQqbFu7f7NbTK05lx80nuSijCz7sc3a277R67g,sangat bagus untuk membeli pulsa top up game dan lain lain,5,0,1.61.2,2025-11-05 20:46:14+00:00,,,1.61.2,Dataset/dataset\GOPAY_googleplay_NOVEMBER_reviews.csv,topup
a10f744b-5d0c-47fd-9305-aa9584825f98,Pengguna Google,https://play-lh.googleusercontent.com/EGemoI2NTXmTsBVtJqk8jxF9rh8ApRWfsIMQSt2uE4OcpQqbFu7f7NbTK05lx80nuSijCz7sc3a277R67g,sangat bagus untuk transaksi dan top up game,5,0,1.61.2,2025-10-30 22:43:59+00:00,,,1.61.2,Dataset/dataset\GOPAY_googleplay_OCTOBER_reviews.csv,topup
0208baa8-526f-48ac-8d20-0588de4b779e,Pengguna Google,https://play-lh.googleusercontent.com/EGemoI2NTXmTsBVtJqk8jxF9rh8ApRWfsIMQSt2uE4OcpQqbFu7f7NbTK05lx80nuSijCz7sc3a277R67g,"apaa siii? aku top up ML terus mau masukin kode voucher nya ga valid, padahal belum di pake apapun, mau ke pusat bantuan cuma layar putih semua, balikin uang aku.",1,1,3.146.0,2025-11-03 14:07:47+00:00,,,3.146.0,Dataset/dataset\OVO_googleplay_NOVEMBER_reviews.csv,topup
582130fc-05a0-4099-aacb-9b984f8304a4,Pengguna Google,https://play-lh.googleusercontent.com/EGemoI2NTXmTsBVtJqk8jxF9rh8ApRWfsIMQSt2uE4OcpQqbFu7f7NbTK05lx80nuSijCz7sc3a277R67g,tidak bisa login katanya layanan tidak tersedia mohon diperbaiki,1,0,3.1.0,2025-11-02 13:47:40+00:00,"Halo Sahabat @Fahrul Khuzy, mohon maaf atas ketidaknyamanannya. Terkait kendala Sahabat mohon untuk dapat mengirimkan email ke mandiricare@bankmandiri.co.id atau dapat menghubungi mandiri call 14000 agar dapat dilakukan pengecekan. Tks~Momo",2025-11-02 13:57:22,3.1.0,Dataset/dataset\LIVIN_googleplay_NOVEMBER_reviews.csv,login
a5ed7200-11ae-4be7-926d-3e3f64634269,Pengguna Google,https://play-lh.googleusercontent.com/EGemoI2NTXmTsBVtJqk8jxF9rh8ApRWfsIMQSt2uE4OcpQqbFu7f7NbTK05lx80nuSijCz7sc3a277R67g,"gimana ya min, saya top up di gopay dan ada voucher cashback 100℅ tapi pas udah beli kenapa cashback malah ga masuk, ini gimana? bahkan di history ga ada ini kenapa. kecewa berat.",4,1,1.54.0,2025-11-16 16:48:12+00:00,,,1.54.0,Dataset/dataset\GOPAY_googleplay_NOVEMBER_reviews.csv,topup
152b95e3-9845-459a-a7f0-dadd344957cb,Pengguna Google,https://play-lh.googleusercontent.com/EGemoI2NTXmTsBVtJqk8jxF9rh8ApRWfsIMQSt2uE4OcpQqbFu7f7NbTK05lx80nuSijCz7sc3a277R67g,Apa²an ini uang yg ngendap 25rb yg awal ny 10rb. qris sering eror saldo nyangkut di kembalikan lagi 10 hari krja gila.. sistem culas ini nama nya,1,0,3.2.0,2025-11-24 19:38:24+00:00,"Hai Sahabat @David Yuki, mohon maaf atas ketidaknyamanannya. Perihal kendala yang dialami agar dpt kami tindaklanjuti, mhn kesediaan Sahabat utk mengirimkan email ke mandiricare@bankmandiri.co.id dengan subject : Review - Nama lengkap Sahabat atau menghubungi layanan mandiri call 14000 ya. Tks~Tommy
",2025-11-24 19:44:02,3.2.0,Dataset/dataset\LIVIN_googleplay_NOVEMBER_reviews.csv,qris
c73e489e-a5ef-4fa5-9fca-c8c7ec5d3fea,Pengguna Google,https://play-lh.googleusercontent.com/EGemoI2NTXmTsBVtJqk8jxF9rh8ApRWfsIMQSt2uE4OcpQqbFu7f7NbTK05lx80nuSijCz7sc3a277R67g,"mohon perbaiki dibagian verifikasi wajah saat login akun, saya yakin sekali itu ada yang error",1,2,1.60.0,2025-10-12 20:21:12+00:00,"Hai Kak Windra, mohon maaf atas ketidaknyamanannya. Pastikan kamu mengambil foto selfie dengan pencahayaan yang baik dan wajah terlihat jelas. Jika masih berkendala, silakan laporkan detailnya melalui email ke customerservice@gopay.co.id dan cantumkan kode psr-25-285-1429-36497 pada subjek email. ^Maura",2025-10-12 21:29:41,1.60.0,Dataset/dataset\GOPAY_googleplay_OCTOBER_reviews.csv,login
1edfce37-e7ef-4622-a04c-fadef34dcbbe,Pengguna Google,https://play-lh.googleusercontent.com/EGemoI2NTXmTsBVtJqk8jxF9rh8ApRWfsIMQSt2uE4OcpQqbFu7f7NbTK05lx80nuSijCz7sc3a277R67g,dari tadi mau qris ngga bisa2...kembali terus,1,0,1.60.0,2025-10-14 12:50:52+00:00,"Hai Kak Dewi, mohon maaf atas ketidaknyamanannya. Pastikan kamu menggunakan aplikasi GoPay versi terbaru dan posisi kode QR yang dipindai sudah sesuai. Jika masih berkendala, laporkan melalui email customerservice@gopay.co.id dan cantumkan kode psr-25-287-0734-54271 pada subject email yang kamu kirimkan ya. ^Miko",2025-10-14 14:35:09,1.60.0,Dataset/dataset\GOPAY_googleplay_OCTOBER_reviews.csv,qris
786b12ad-f59f-4807-bafe-e31d6f11b339,Pengguna Google,https://play-lh.googleusercontent.com/EGemoI2NTXmTsBVtJqk8jxF9rh8ApRWfsIMQSt2uE4OcpQqbFu7f7NbTK05lx80nuSijCz7sc3a277R67g,ini kenapa ya setiap mau pake Qris selalu Force Close,1,0,,2025-10-06 01:12:10+00:00,"Mohon maaf, Kak @Akun Google. Terkait laporanmu, pastikan sinyal internetmu stabil, aktifkan 'App Permission'/'Izinkan Aplikasi', lalu logout kemudian login kembali. Apabila masih berkendala saat scan QRIS silakan untuk menghubungi kami melalui email customerservice@gopay.co.id. Terima kasih ^Maura",2025-10-06 07:35:20,,Dataset/dataset\GOPAY_googleplay_OCTOBER_reviews.csv,qris
793dce15-9cb4-43a8-ae77-0c6d95558272,Pengguna Google,https://play-lh.googleusercontent.com/EGemoI2NTXmTsBVtJqk8jxF9rh8ApRWfsIMQSt2uE4OcpQqbFu7f7NbTK05lx80nuSijCz7sc3a277R67g,"isi saldo,transfer tarif plg mahal...spay gratis,gopay plg 1rbu,dana 1rbu,ovo???gak deh",1,0,3.144.0,2025-10-08 12:31:38+00:00,,,3.144.0,Dataset/dataset\OVO_googleplay_OCTOBER_reviews.csv,transfer
93f8112a-9e52-4a2d-9dd4-c41c0e2abba5,Pengguna Google,https://play-lh.googleusercontent.com/EGemoI2NTXmTsBVtJqk8jxF9rh8ApRWfsIMQSt2uE4OcpQqbFu7f7NbTK05lx80nuSijCz7sc3a277R67g,ga bisa verifikasi wajah berkedip sampe mata perih tetep aja ga kebaca,1,0,,2025-11-07 20:59:02+00:00,"Hi Sahabat @hello nad, mhn maaf ketidaknyamanannya. Sahabat dpt mencoba kembali dgn memastikan pencahayaan baik dan wajah tdk terlalu dekat dgn kamera. Apabila masih kendala, dpt mengirimkan email ke mandiricare@bankmandiri.co.id atau menghubungi mandiri call 14000. Tks~Amar",2025-11-07 21:01:14,,Dataset/dataset\LIVIN_googleplay_NOVEMBER_reviews.csv,vermuk
4094c671-c78d-40ce-a693-ade111b906a3,Pengguna Google,https://play-lh.googleusercontent.com/EGemoI2NTXmTsBVtJqk8jxF9rh8ApRWfsIMQSt2uE4OcpQqbFu7f7NbTK05lx80nuSijCz7sc3a277R67g,nih ovo update melulu saya mau nabung malah g kompatibel? kan aneh dh kaya game berat padahal nih aplikasi buat bayar dan transfer,2,0,3.147.0,2025-12-14 22:12:26+00:00,,,3.147.0,Dataset/dataset\OVO_googleplay_DECEMBER_reviews.csv,transfer
4dc2785b-d648-4f66-a16b-4083e080cf2a,Pengguna Google,https://play-lh.googleusercontent.com/EGemoI2NTXmTsBVtJqk8jxF9rh8ApRWfsIMQSt2uE4OcpQqbFu7f7NbTK05lx80nuSijCz7sc3a277R67g,"kapok make gopay 400 rban top up ga masuk sekali ke cs udah full bukti, nunggu 2 hari kerja setelahnya disuruh nunggu 2 hari kerja lagi. keren banget gopay ga lagi lagi gw make kalo hobinya nahan duit nafkah orang, pasti nanti dibales ke cs gmail aja UDAH LENGKAP BUKTINYA PROSES? GA ADA",1,0,1.62.0,2025-11-18 17:05:26+00:00,"Hai Kak Kevin, mohon maat atas ketidaknyamanannya. Jika kamu masih mengalami kendala, silakan laporkan melalui email ke customerservice@gopay.co.id dengan melampirkan kode psr-25-322-1034-02305 pada subject email dan cantumkan nomor laporan kamu sebelumnya pada email yang kamu kirimkan. Kami tunggu detail laporan kamu ya. ^Melisa",2025-11-18 17:34:07,1.62.0,Dataset/dataset\GOPAY_googleplay_NOVEMBER_reviews.csv,topup
b3a98d57-fc81-4561-b521-a58b52c7cf4b,Pengguna Google,https://play-lh.googleusercontent.com/EGemoI2NTXmTsBVtJqk8jxF9rh8ApRWfsIMQSt2uE4OcpQqbFu7f7NbTK05lx80nuSijCz7sc3a277R67g,"saya top up saldo 700 rb udah 2 hari belum masuk2, aplikasi penipu, balikin duit saya. tolong dong orang lagi susah jangan di bikin tambah susah. balikin uang saya.",1,2,3.147.0,2025-11-09 10:31:41+00:00,,,3.147.0,Dataset/dataset\OVO_googleplay_NOVEMBER_reviews.csv,topup
35ae83f1-d8ec-43ce-803e-034e2282d1af,Pengguna Google,https://play-lh.googleusercontent.com/EGemoI2NTXmTsBVtJqk8jxF9rh8ApRWfsIMQSt2uE4OcpQqbFu7f7NbTK05lx80nuSijCz7sc3a277R67g,saya top up pake vocher cashback mlah ga masuk cashbacknya haram ni,1,1,1.60.0,2025-10-17 18:13:58+00:00,"Hai, Kak Resky. Sebelum membayar di Mitra Usaha, pastikan kode promo telah diaktifkan agar kamu bisa mendapatkan cashback. Jika cashback masih belum diterima, laporkan melalui halaman Bantuan > cari artikel ""Belum terima cashback setelah bertransaksi"" di kolom pencarian > isi form yang ada di artikel. Kami siap membantu kamu. ^Melisa",2025-10-17 21:55:23,1.60.0,Dataset/dataset\GOPAY_googleplay_OCTOBER_reviews.csv,topup
a840b317-2d65-4437-9dd8-fa9c43c978b0,Pengguna Google,https://play-lh.googleusercontent.com/EGemoI2NTXmTsBVtJqk8jxF9rh8ApRWfsIMQSt2uE4OcpQqbFu7f7NbTK05lx80nuSijCz7sc3a277R67g,Kenapa ya kok mau upgred ke premium tidak bisa selalu kembali ke beranda klo begini kan g bisa transfer ke bank lain,1,1,3.147.0,2025-11-10 18:14:57+00:00,,,3.147.0,Dataset/dataset\OVO_googleplay_NOVEMBER_reviews.csv,transfer
e8b2cbea-1cf4-45fa-9094-521db2624c25,Pengguna Google,https://play-lh.googleusercontent.com/EGemoI2NTXmTsBVtJqk8jxF9rh8ApRWfsIMQSt2uE4OcpQqbFu7f7NbTK05lx80nuSijCz7sc3a277R67g,"maaf saya kasih bintang 7 karna ovo ini luar biasa sampe tdk ada gratis admin tdk seperti e wallet lain , misalkan mau top up atau tf dari ovo ke mana pun meski harus ada admin",5,0,,2025-11-30 11:30:40+00:00,,,,Dataset/dataset\OVO_googleplay_NOVEMBER_reviews.csv,topup
d2b7eeaf-6cfc-4d0f-a09f-fa0d55ec6433,Pengguna Google,https://play-lh.googleusercontent.com/EGemoI2NTXmTsBVtJqk8jxF9rh8ApRWfsIMQSt2uE4OcpQqbFu7f7NbTK05lx80nuSijCz7sc3a277R67g,"Akun jago selalu keluar otomatis setiap login, memberatkan user untuk bertransaksi dengan fleksible",1,0,,2025-10-02 15:42:04+00:00,"Halo, Jagoan! Mohon maaf atas ketidaknyamanannya. Kami mengerti atas pengalaman kurang baik yang kamu alami. Untuk membantu kamu lebih lanjut, mohon menghubungi Tanya Jago di 1500746 / 021-30000746 atau email ke tanya@jago.com untuk kami cek lebih lanjut terkait kendala tersebut. Kami tunggu laporan dari kamu ya.",2025-10-02 16:06:54,,Dataset/dataset\JAGO_googleplay_OCTOBER_reviews.csv,login
e48a1d28-518b-4227-819b-110bc0bcaf67,Pengguna Google,https://play-lh.googleusercontent.com/EGemoI2NTXmTsBVtJqk8jxF9rh8ApRWfsIMQSt2uE4OcpQqbFu7f7NbTK05lx80nuSijCz7sc3a277R67g,untuk payment lewat qris yg dari gallery slalu error ngga masuk. aneh ini wallet ..jauh beda lancarnya SMA Dana Dan Ovo,1,0,1.51.0,2025-11-04 00:50:18+00:00,"Hai Kak Agung, maaf atas ketidaknyamanannya. Pastikan kamu menggunakan aplikasi GoPay versi terbaru dan kode QR yang dipindai berasal dari merchant yang menerima pembayaran melalui kode GoPay. Jika masih berkendala, laporkan melalui email ke customerservice@gopay.co.id dan cantumkan kode psr-25-308-0102-51983 pada subjek email. ^Maura",2025-11-04 08:02:57,1.51.0,Dataset/dataset\GOPAY_googleplay_NOVEMBER_reviews.csv,qris
bec22320-a151-4b51-a33a-221947ac7b35,Pengguna Google,https://play-lh.googleusercontent.com/EGemoI2NTXmTsBVtJqk8jxF9rh8ApRWfsIMQSt2uE4OcpQqbFu7f7NbTK05lx80nuSijCz7sc3a277R67g,tlong di bantu agar bisa masuk ke akun ovo saya . dengan cara pakai wajah atau pin ......... sebab setiap saya login langsung di minta kode otp sedangkan nomor ny sudah hilang . mhon di bantu pas login jangan di ahlikan ke whatsap.atau sms . karna nomor ny tidak aktf lagi mohon di proses secepatnya,5,17,3.149.0,2025-12-14 17:03:19+00:00,"Hai Kak, maaf ya. Terkait dengan kendala yang Kakak alami, mohon menghubungi tim kami melalui chat bantuan di aplikasi, melalui email di cs@ovo.id atau call center kami di 1500-696 agar dapat kami bantu pengecekan. Terima kasih. -Susi",12/30/2023 20:57,3.149.0,Dataset/dataset\OVO_googleplay_DECEMBER_reviews.csv,login
816ef413-65ec-40ef-9771-a4a264f240d8,Pengguna Google,https://play-lh.googleusercontent.com/EGemoI2NTXmTsBVtJqk8jxF9rh8ApRWfsIMQSt2uE4OcpQqbFu7f7NbTK05lx80nuSijCz7sc3a277R67g,akun lama tidak login sekali ingin login malah d batasi dan tidak bisa d gunakan lagi harus ganti laen,1,5,1.44.05,2025-12-20 19:29:23+00:00,"Hi Kak Indri. Mohon maaf atas kendala akun yang dibatasi dan tidak bisa login. Untuk pengajuan pemulihan akun, silakan isi formulir melalui link ini https://help.shopee.co.id/portal/webform/8c1e0bcd89b148f78c7f20c43ae03d09. Pastikan kakak melengkapi data yang diminta pada formulir tersebut. ^EN",2025-12-22 13:49:08,1.44.05,Dataset/dataset\SHOPEEPAY_googleplay_DECEMBER_reviews.csv,login
5074bf87-579d-4a2f-a33d-19dd071cc8a4,Pengguna Google,https://play-lh.googleusercontent.com/EGemoI2NTXmTsBVtJqk8jxF9rh8ApRWfsIMQSt2uE4OcpQqbFu7f7NbTK05lx80nuSijCz7sc3a277R67g,Setiap top up dipotong trus mana potongannya gede lagi,1,0,,2025-10-10 15:01:45+00:00,,,,Dataset/dataset\OVO_googleplay_OCTOBER_reviews.csv,topup
f25719fe-ca40-49b9-93be-cd0ba6300ad2,Pengguna Google,https://play-lh.googleusercontent.com/EGemoI2NTXmTsBVtJqk8jxF9rh8ApRWfsIMQSt2uE4OcpQqbFu7f7NbTK05lx80nuSijCz7sc3a277R67g,spaylater tidak bisa digunakan untuk merchant dan qris,1,0,1.39.07,2025-10-01 01:28:00+00:00,"Hi Kak. Mohon maaf atas kendala tidak dapat menggunakan SPayLater untuk pembayaran QRIS. Saat ini belum semua Merchant dapat menerima pembayaran dengan SPayLater. Mohon menghubungi kami melalui DM ke Instagram @ShopeePay_ID yang bercentang biru, dengan menginformasikan detail kendalanya untuk bantuan lebih lanjut. ^EN",2025-10-01 11:27:23,1.39.07,Dataset/dataset\SHOPEEPAY_googleplay_OCTOBER_reviews.csv,qris
ed09842c-460b-4ae5-9cca-4e737038f3ee,Pengguna Google,https://play-lh.googleusercontent.com/EGemoI2NTXmTsBVtJqk8jxF9rh8ApRWfsIMQSt2uE4OcpQqbFu7f7NbTK05lx80nuSijCz7sc3a277R67g,"transfer/transaksi aman dan simple, ok lah bagus dan proses gak ribet 🎀",5,0,,2025-10-12 10:29:27+00:00,,,,Dataset/dataset\JAGO_googleplay_OCTOBER_reviews.csv,transfer
d774e5e3-ae1f-469f-83fb-9f25cfc6745a,Pengguna Google,https://play-lh.googleusercontent.com/EGemoI2NTXmTsBVtJqk8jxF9rh8ApRWfsIMQSt2uE4OcpQqbFu7f7NbTK05lx80nuSijCz7sc3a277R67g,"kenapa ketika top up ovo ga masuk, sumpah kecewa bgt sma ovo kita top up dari ewallet ga masuk2, adakah cs ovo yg bisa di hubungi?",1,0,3.147.0,2025-11-19 03:15:04+00:00,,,3.147.0,Dataset/dataset\OVO_googleplay_NOVEMBER_reviews.csv,topup
2d6ca501-dba1-434d-b92e-e0c2655ea64b,Pengguna Google,https://play-lh.googleusercontent.com/EGemoI2NTXmTsBVtJqk8jxF9rh8ApRWfsIMQSt2uE4OcpQqbFu7f7NbTK05lx80nuSijCz7sc3a277R67g,"aplikasinya lemot,loading ya lama,aplikasinya blum siap...sekali mau bayar pake qris blu,loadingnya lama,ujung ujungnya bayar pake aplikasi lain cepat...jadinya malas pake blu...",3,0,1.47.10,2025-10-16 07:48:31+00:00,"Hai Kak Cun Khong. Maaf atas ketidaknyamanannya. Kami akan selalu terus memperbaiki sistem demi mencapai kepuasan para pengguna aplikasi blu. Terkait kendala tersebut pastikan Kakak menggunakan blu versi terbaru, pastikan setting waktu di handphone menjadi otomatis, jaringan internet lancar dan stabil atau Kakak boleh switch jaringan pada handphone",2025-10-16 07:56:56,1.47.10,Dataset/dataset\BLU_googleplay_OCTOBER_reviews.csv,qris
8a817623-150b-47ed-bb36-454959e6b613,Pengguna Google,https://play-lh.googleusercontent.com/EGemoI2NTXmTsBVtJqk8jxF9rh8ApRWfsIMQSt2uE4OcpQqbFu7f7NbTK05lx80nuSijCz7sc3a277R67g,aplikasi paymet terbusuk awal mah potongan menggiurkan dah di isi saldo malah berubah harganya mana scan qris doang juga susah,1,0,,2025-11-24 14:16:40+00:00,"Hai Kak, mohon maaf atas ketidaknyamanannya. Pastikan kamu menggunakan aplikasi GoPay versi terbaru dan posisi kode QR yang dipindai sudah sesuai. Jika masih berkendala, laporkan melalui email customerservice@gopay.co.id dan cantumkan kode psr-25-328-1027-03450 pada subject email yang kamu kirimkan ya. ^Miko",2025-11-24 17:27:12,,Dataset/dataset\GOPAY_googleplay_NOVEMBER_reviews.csv,qris
8948d113-f651-4387-ad76-42c4607de585,Pengguna Google,https://play-lh.googleusercontent.com/EGemoI2NTXmTsBVtJqk8jxF9rh8ApRWfsIMQSt2uE4OcpQqbFu7f7NbTK05lx80nuSijCz7sc3a277R67g,"Aplikasi keren. beli pulsa, top up gampang tinggal klik doang kelar",5,0,1.64.1,2025-11-26 06:07:50+00:00,,,1.64.1,Dataset/dataset\GOPAY_googleplay_NOVEMBER_reviews.csv,topup
f84958b9-b76c-4d65-992b-f9c8ae4dde71,Pengguna Google,https://play-lh.googleusercontent.com/EGemoI2NTXmTsBVtJqk8jxF9rh8ApRWfsIMQSt2uE4OcpQqbFu7f7NbTK05lx80nuSijCz7sc3a277R67g,"topup ke dana malah di proses terus gk masuk masuk , chat ke admin nyah malah suruh nunggu gak jelas",2,1,1.44.05,2025-12-15 03:55:27+00:00,"Hi Kak Vikih. Mohon maaf atas kendala transfer ShopeePay ke DANA yang belum diterima. Terkait kendala tersebut mohon menghubungi kami melalui DM ke Instagram @ShopeePay_ID yang bercentang biru, dengan melampirkan bukti transfer yang terkendala untuk bantuan lebih lanjut. Semoga kendala kakak segera terselesaikan ya. ^CS",2025-12-15 13:50:33,1.44.05,Dataset/dataset\SHOPEEPAY_googleplay_DECEMBER_reviews.csv,topup
f9492513-7311-45b8-b692-7a5d188217fe,Pengguna Google,https://play-lh.googleusercontent.com/EGemoI2NTXmTsBVtJqk8jxF9rh8ApRWfsIMQSt2uE4OcpQqbFu7f7NbTK05lx80nuSijCz7sc3a277R67g,Uang di tahan sudah 3 hari bukti transfer jelas ada sudah di kirimkan ke email dan live chat gopay tapi sampai sekarang tidak ada kejelasan nya yang ada hanya BOT aja yang respon pesan saya kocak emang,1,0,1.59.0,2025-10-29 10:07:57+00:00,"Hai Kak Novel, mohon maaf atas ketidaknyamanannya. Jika kamu masih mengalami kendala, silakan laporkan melalui email ke customerservice@gopay.co.id dengan melampirkan kode psr-25-302-0349-29809 pada subject email dan cantumkan nomor laporan kamu sebelumnya pada email yang kamu kirimkan. Kami tunggu detail laporan kamu ya. ^Maura",2025-10-29 10:49:34,1.59.0,Dataset/dataset\GOPAY_googleplay_OCTOBER_reviews.csv,transfer
a6a16bb6-0d25-47df-8e49-8364015f1a76,Pengguna Google,https://play-lh.googleusercontent.com/EGemoI2NTXmTsBVtJqk8jxF9rh8ApRWfsIMQSt2uE4OcpQqbFu7f7NbTK05lx80nuSijCz7sc3a277R67g,"gopay applikasi yg memudahkan pembayaran tagihan, dan transfer ke semua Bank dan e- walet. pertahankan kwalitas yg ada, dan tngkat kan segala layanan demi ke amanan dan kenyamanan pengguna",5,0,1.59.0,2025-10-01 10:05:15+00:00,,,1.59.0,Dataset/dataset\GOPAY_googleplay_OCTOBER_reviews.csv,transfer
1edba4e0-2f87-4150-b87a-58b503dae162,Pengguna Google,https://play-lh.googleusercontent.com/EGemoI2NTXmTsBVtJqk8jxF9rh8ApRWfsIMQSt2uE4OcpQqbFu7f7NbTK05lx80nuSijCz7sc3a277R67g,kecewa sama ovo sekarang biasanya walaupun tidak premium saat transfer ke ovo tidak premium masih ada atas nama nya ini sekarang sudah tidak ada sudah di ganti dengan nomor tolong makin kesini malah kayak mau di jelekin ovo ini,1,0,3.150.0,2025-12-20 14:23:50+00:00,,,3.150.0,Dataset/dataset\OVO_googleplay_DECEMBER_reviews.csv,transfer
ad39c2d2-bf16-4493-a00a-da96e9c996f4,Pengguna Google,https://play-lh.googleusercontent.com/EGemoI2NTXmTsBVtJqk8jxF9rh8ApRWfsIMQSt2uE4OcpQqbFu7f7NbTK05lx80nuSijCz7sc3a277R67g,dulu bagus bisa di gunain sekarang jadi apk tolol . jangan nyimpan uang di apk ini entar uang nya gak bisa di gunain alias tertahan . mending pake gopay atau apk dana aja .... Klo apk ovo yang sekarang banyak masalah . gangguan lah . lagi ada perbaikan sistem lah . BLA BLA BLA .banyak banget masalah nya ... aku sekarang gunain apk yang lain . walau pake hp baru gak ada masalah . asal sandi dan nomor hp bener ato verifikasi wajah . lebih gampang dan gak ribet kalo ovo banyak bangeeeet dan ribet,1,0,,2025-11-08 00:31:52+00:00,,,,Dataset/dataset\OVO_googleplay_NOVEMBER_reviews.csv,vermuk
f7c3cc43-0ec6-4786-ab3a-0cc5f9a80b63,Pengguna Google,https://play-lh.googleusercontent.com/EGemoI2NTXmTsBVtJqk8jxF9rh8ApRWfsIMQSt2uE4OcpQqbFu7f7NbTK05lx80nuSijCz7sc3a277R67g,"Udah sangat bagus hanya saja, sepertinya akan lebih menarik jika waktu scan Qris ada bunyinya kayak apk biru, kayak cennut gitu, atau apalah bunyinya, jadi waktu kita mau bayar pakai qris si penjual tau kalo kita udah proses scan",5,0,,2025-12-29 11:56:33+00:00,"Hi Kak. Terima kasih telah menggunakan ShopeePay. Mari cek aplikasi ShopeePay karena banyak fitur yang mempermudah keseharian kakak seperti pembelian pulsa, paket data, pembayaran tagihan listrik dan pembayaran lainnya. Jika kakak memiliki pertanyaan seputar ShopeePay, mohon DM kami di Instagram @ShopeePay_ID ya. Semoga harimu menyenangkan ^RJ",2025-12-30 09:02:49,,Dataset/dataset\SHOPEEPAY_googleplay_DECEMBER_reviews.csv,qris
febd7073-45a5-46cb-b137-9611b16fce4c,Pengguna Google,https://play-lh.googleusercontent.com/EGemoI2NTXmTsBVtJqk8jxF9rh8ApRWfsIMQSt2uE4OcpQqbFu7f7NbTK05lx80nuSijCz7sc3a277R67g,susah mau transfer uang gangguan ga jelas dari segi apanya ga ada costumer servis nya lagi parah nih aplikasi rusak gunanya apa update Mulu kalo transfer aja ga bisa,1,0,3.2.0,2025-12-23 22:13:34+00:00,"Halo Sahabat @Syahrul Mujib, mohon maaf atas ketidaknyamanannya. Terkait kendala Sahabat mohon untuk dapat mengirimkan email ke mandiricare@bankmandiri.co.id atau dapat menghubungi Mandiri Call 14000 lalu tekan 2 agar dapat dilakukan pengecekan. Tks~Amar",2025-12-23 22:16:59,3.2.0,Dataset/dataset\LIVIN_googleplay_DECEMBER_reviews.csv,transfer
ff987790-d276-48ec-a762-76c2b526a28a,Pengguna Google,https://play-lh.googleusercontent.com/EGemoI2NTXmTsBVtJqk8jxF9rh8ApRWfsIMQSt2uE4OcpQqbFu7f7NbTK05lx80nuSijCz7sc3a277R67g,Saya top up 2 jt dari BCA mobile masa sudah seminggu belum jg masuk sistem keamanan seperti apa ini gopay kacau,1,0,1.64.0,2025-11-23 12:14:53+00:00,"Hai Kak Ahmad, pastikan nomor tujuan sudah benar, sudah cek halaman Riwayat, dan coba keluar dan masuk kembali ke aplikasi. Jika saldo masih belum masuk, silakan laporkan melalui menu Bantuan > ketik 'Top up GoPay saya belum masuk' > isi formulir dan cantumkan kode psr-25-327-0540-19863 pada bagian 'Ceritakan lebih lanjut'. ^Melisa",2025-11-23 12:40:28,1.64.0,Dataset/dataset\GOPAY_googleplay_NOVEMBER_reviews.csv,topup
e300fa30-89a1-466e-869e-8fd58dc53f8f,Pengguna Google,https://play-lh.googleusercontent.com/EGemoI2NTXmTsBVtJqk8jxF9rh8ApRWfsIMQSt2uE4OcpQqbFu7f7NbTK05lx80nuSijCz7sc3a277R67g,banyak banyakin promo diskon untuk topup game ya,4,0,,2025-11-05 17:05:39+00:00,"Hi Kak Muhammad. Terima kasih telah menggunakan ShopeePay. Untuk promo diskon Top Up Game jangan lupa untuk rutin cek aplikasi ShopeePay untuk mendapatkan promo menarik. Jika Kakak mengalami kendala, hubungi kami di DM Instagram @ShopeePay_ID. ^CS",2025-11-05 18:08:23,,Dataset/dataset\SHOPEEPAY_googleplay_NOVEMBER_reviews.csv,topup
097ad0b0-b58b-45be-841d-a25e3db2544e,Pengguna Google,https://play-lh.googleusercontent.com/EGemoI2NTXmTsBVtJqk8jxF9rh8ApRWfsIMQSt2uE4OcpQqbFu7f7NbTK05lx80nuSijCz7sc3a277R67g,sekarang udah jelek. keseringan nyangkut klo topup ke e wallet lain/pembelian pulsa. saldo nya slalu nyangkut gatau nyangkut kemana!!,1,0,1.43.10,2025-11-28 09:42:48+00:00,"Hi Kak Debiyanti. Mohon maaf atas kendala transfer ke e-wallet dan pembelian pulsa yang belum diterima. Terkait kendala tersebut mohon menghubungi kami melalui DM ke Instagram @ShopeePay_ID yang bercentang biru, dengan melampirkan bukti transfer/bayar yang terkendala untuk bantuan lebih lanjut. Semoga kendala kakak segera terselesaikan ya. ^CS",2025-11-28 10:42:29,1.43.10,Dataset/dataset\SHOPEEPAY_googleplay_NOVEMBER_reviews.csv,topup
a96b75cc-10ba-4a4d-8305-d179ac9b2c13,Pengguna Google,https://play-lh.googleusercontent.com/EGemoI2NTXmTsBVtJqk8jxF9rh8ApRWfsIMQSt2uE4OcpQqbFu7f7NbTK05lx80nuSijCz7sc3a277R67g,"aplikasi ini memberi banyak kemudahan dalam pembayaran setiap transaksi keuangan saya seperti belanja, transfer, pembelian paket internet dll",5,1,1.43.10,2025-11-27 00:51:30+00:00,"Hi Kak. Terima kasih telah menggunakan ShopeePay. Mari cek aplikasi ShopeePay karena banyak fitur yang mempermudah keseharian kakak seperti pembelian pulsa, paket data, pembayaran tagihan listrik dan pembayaran lainnya. Jika kakak memiliki pertanyaan seputar ShopeePay, mohon DM kami di Instagram @ShopeePay_ID ya. Semoga harimu menyenangkan ^RJ",2025-11-27 09:42:17,1.43.10,Dataset/dataset\SHOPEEPAY_googleplay_NOVEMBER_reviews.csv,transfer
22d2cd5b-1d91-41e8-b3b4-a04904f78af3,Pengguna Google,https://play-lh.googleusercontent.com/EGemoI2NTXmTsBVtJqk8jxF9rh8ApRWfsIMQSt2uE4OcpQqbFu7f7NbTK05lx80nuSijCz7sc3a277R67g,tolong tambahkan fitur login masak pilihannya cuman mulai daftar akun sedangkan sebelumnya udah ada,1,0,2.7.20,2025-12-31 14:04:48+00:00,"Hai, Kak Ruth. Maaf atas ketidaknyamanannya. Kami akan selalu berusaha memberikan yang terbaik demi memenuhi kebutuhan perbankan Kakak. Terkait kendala tersebut boleh infokan detail kendala serta kirimkan gambar kendalanya ke X @haloblu atau email haloblu@bcadigital.co.id agar kami bisa bantu lebih lanjut ya.",2025-12-31 15:03:36,2.7.20,Dataset/dataset\BLU_googleplay_DECEMBER_reviews.csv,login
2aede679-6770-4888-9551-bbd35a4832fd,Pengguna Google,https://play-lh.googleusercontent.com/EGemoI2NTXmTsBVtJqk8jxF9rh8ApRWfsIMQSt2uE4OcpQqbFu7f7NbTK05lx80nuSijCz7sc3a277R67g,"Dari sekian banyak fitur, tapi salah satu fitur yang paling esensial ga ada yaitu nyimpen nomor orang2 yang sudah pernah kita transfer. Yang ada yang cuma baru2 ini transfer aja. Padahal fitur simpel & mendadar lho ini, ah payah 👎🏼. Sudah gitu sekarang semua transaksi, mau top up apa pun dikasi fee, halah, dulu ga ada. Ada fee pun itu dari aplikasi bersangkutan bukan di livin nya",2,16,3.1.0,2025-11-08 20:20:55+00:00,"Halo Sahabat @Adysta Abitama A, mohon maaf atas ketidaknyamanannya. Perihal tsb mohon kesediaannya menghubungi layanan mandiri call 14000 atau mengirimkan email ke mandiricare@bankmandiri.co.id agar dpt kami lakukan pengecekan lebih lanjut ya. Tks~Zafran",2025-11-08 20:26:22,3.1.0,Dataset/dataset\LIVIN_googleplay_NOVEMBER_reviews.csv,topup
2c54bf45-4744-4466-9a2c-35de834ec9b3,Pengguna Google,https://play-lh.googleusercontent.com/EGemoI2NTXmTsBVtJqk8jxF9rh8ApRWfsIMQSt2uE4OcpQqbFu7f7NbTK05lx80nuSijCz7sc3a277R67g,APALAH AKU GBSA LOGIN PAKE NOMER KU SENDIRI,1,0,1.43.10,2025-12-03 11:59:53+00:00,"Hi Kak Luky. Mohon maaf mengenai kendala tidak bisa login akun dengan nomor telepon. Untuk bantuan lebih lanjut, mohon menghubungi kami melalui DM ke Instagram @ShopeePay_ID dengan melampirkan foto/screenshot notifikasi kendala yang dialami. ^CS",2025-12-03 13:56:18,1.43.10,Dataset/dataset\SHOPEEPAY_googleplay_DECEMBER_reviews.csv,login
deab12d7-4a59-4aa9-aabf-0d582f6f3ca1,Pengguna Google,https://play-lh.googleusercontent.com/EGemoI2NTXmTsBVtJqk8jxF9rh8ApRWfsIMQSt2uE4OcpQqbFu7f7NbTK05lx80nuSijCz7sc3a277R67g,lumayanlah buat transfer,5,0,,2025-11-10 06:50:01+00:00,"Hi Kak. Terima kasih telah menggunakan ShopeePay. Mari cek aplikasi ShopeePay karena banyak fitur yang mempermudah keseharian kakak seperti pembelian pulsa, paket data, pembayaran tagihan listrik dan pembayaran lainnya. Jika kakak memiliki pertanyaan seputar ShopeePay, mohon DM kami di Instagram @ShopeePay_ID ya. Semoga harimu menyenangkan ^RJ",2025-11-10 10:06:26,,Dataset/dataset\SHOPEEPAY_googleplay_NOVEMBER_reviews.csv,transfer
7a24e585-a709-4c46-859b-8f0e1516b2ef,Pengguna Google,https://play-lh.googleusercontent.com/EGemoI2NTXmTsBVtJqk8jxF9rh8ApRWfsIMQSt2uE4OcpQqbFu7f7NbTK05lx80nuSijCz7sc3a277R67g,aplikasi bodong tiba tiba keluar dari apk trus disuru login ulang eh pas login uang yg di dalam hangus,1,0,3.144.0,2025-10-07 02:08:24+00:00,,,3.144.0,Dataset/dataset\OVO_googleplay_OCTOBER_reviews.csv,login
bc591714-974a-46ff-b6f7-d1af00a00b3d,Pengguna Google,https://play-lh.googleusercontent.com/EGemoI2NTXmTsBVtJqk8jxF9rh8ApRWfsIMQSt2uE4OcpQqbFu7f7NbTK05lx80nuSijCz7sc3a277R67g,"GOPAY BUSUK BANGET KUALITASNYA! TIAP MASUK HARUS LOGIN DULU, NGEREPOTIN! MAU BAYAR SESUATU GA BISA! TINGKATIN DONG PELAYANAN LO! BUSUK BANGET, NYUSAHIN PENGGUNA!",1,0,1.64.0,2025-11-19 14:12:46+00:00,"Mohon maaf, Kak Rahmat. Agar bisa menggunakan GoPay, pastikan saldo cukup, masukkan PIN GoPay yang benar, dan gunakan aplikasi terbaru. Jika masih bermasalah, laporkan melalui menu Bantuan > ketik ""Saya tidak dapat menggunakan GoPay"" > isi formulir dan cantumkan kode psr-25-323-0906-08422 di bagian ""Ceritakan lebih lanjut"". ^Miko",2025-11-19 16:06:17,1.64.0,Dataset/dataset\GOPAY_googleplay_NOVEMBER_reviews.csv,login
cd1bc99b-f949-40db-8b73-3915a3c0e7c8,Pengguna Google,https://play-lh.googleusercontent.com/EGemoI2NTXmTsBVtJqk8jxF9rh8ApRWfsIMQSt2uE4OcpQqbFu7f7NbTK05lx80nuSijCz7sc3a277R67g,pengenalan wajah ga bisa bisa payah ampe pegel ni mata kedip kedip Mulu,1,0,3.2.0,2025-12-15 16:03:23+00:00,"Halo Sahabat @ludi sidik, mohon maaf atas ketidaknyamannya. Perihal kendala pada layanan Livin' by Mandiri, mohon untuk dapat mengirimkan email ke mandiricare@bankmandiri.co.id atau dapat menghubungi layanan mandiri 14000 agar dapat dilakukan pengecekan. Tks~Kale",2025-12-15 16:07:01,3.2.0,Dataset/dataset\LIVIN_googleplay_DECEMBER_reviews.csv,vermuk
a8366378-5dba-4a17-b9d5-72b47ae74a11,Pengguna Google,https://play-lh.googleusercontent.com/EGemoI2NTXmTsBVtJqk8jxF9rh8ApRWfsIMQSt2uE4OcpQqbFu7f7NbTK05lx80nuSijCz7sc3a277R67g,Maaf saya ada kendala saat mau login layar hp tidak mau di ketik waktu masukan sandi,5,0,,2025-12-23 17:11:06+00:00,"Hai Sahabat @Risky Bungkol, mohon maaf atas ketidaknyamanannya. Terkait kendala Sahabat mohon untuk dapat mengirimkan email ke mandiricare@bankmandiri.co.id atau menghubungi Mandiri Call 14000 lalu tekan 2 agar dapat dilakukan pengecekan. Tks~Divia",2025-12-23 17:17:23,,Dataset/dataset\LIVIN_googleplay_DECEMBER_reviews.csv,login
e281963e-d18f-4060-aafc-9570d3b741b2,Pengguna Google,https://play-lh.googleusercontent.com/EGemoI2NTXmTsBVtJqk8jxF9rh8ApRWfsIMQSt2uE4OcpQqbFu7f7NbTK05lx80nuSijCz7sc3a277R67g,mau login pakai perangkat baru susahnya minta ampun.!! vermuk berkali-kali gagal terus... tolong dong perbaiki,1,0,,2025-11-19 21:41:45+00:00,"Halo, Jagoan! Mohon maaf atas ketidaknyamanan yang Kakak alami. Supaya bisa membantu lebih lanjut, Kakak bisa menginformasikan detail keluhannya melalui email tanya@jago.com ya. Tim terkait kami dengan senang hati akan membantu Kakak menyelesaikan permasalahannya.",2025-11-19 22:03:32,,Dataset/dataset\JAGO_googleplay_NOVEMBER_reviews.csv,login
7ecf0b83-e460-435e-ab61-ccc659492c31,Pengguna Google,https://play-lh.googleusercontent.com/EGemoI2NTXmTsBVtJqk8jxF9rh8ApRWfsIMQSt2uE4OcpQqbFu7f7NbTK05lx80nuSijCz7sc3a277R67g,tidak bisa transfer ke gopay saat main game uang,5,0,,2025-11-18 12:36:12+00:00,,,,Dataset/dataset\GOPAY_googleplay_NOVEMBER_reviews.csv,transfer
03c3e96c-b095-4cc3-a413-b375f263edf2,Pengguna Google,https://play-lh.googleusercontent.com/EGemoI2NTXmTsBVtJqk8jxF9rh8ApRWfsIMQSt2uE4OcpQqbFu7f7NbTK05lx80nuSijCz7sc3a277R67g,"saya sebel ,knp ya pas top up ,gk ada masuk uang sama sekali, untung gk sampe ratusan ribu",3,0,3.2.0,2025-12-11 18:07:52+00:00,"Terima kasih atas review yang telah diberikan Sahabat @Muhamad Haidar Ibadurahman. Mohon maaf atas ketidaknyamanannya. Untuk menindaklanjuti kendala yang dialami, silakan menghubungi layanan mandiri call 14000. Tks~Tommy",2025-12-11 18:10:19,3.2.0,Dataset/dataset\LIVIN_googleplay_DECEMBER_reviews.csv,topup
574e78dd-b718-48cb-86a8-035f0b9f6a59,Pengguna Google,https://play-lh.googleusercontent.com/EGemoI2NTXmTsBVtJqk8jxF9rh8ApRWfsIMQSt2uE4OcpQqbFu7f7NbTK05lx80nuSijCz7sc3a277R67g,login nya harus pake sms ga bisa pake whatsapp,1,0,3.2.0,2025-12-29 13:05:18+00:00,"Halo Sahabat @holes05_official, mohon maaf atas ketidaknyamanannya. Terkait kendala Sahabat mohon untuk dapat mengirimkan email ke mandiricare@bankmandiri.co.id atau menghubungi Mandiri Call 14000 lalu tekan 2 agar dapat dilakukan pengecekan. Tks~Vika",2025-12-29 13:17:05,3.2.0,Dataset/dataset\LIVIN_googleplay_DECEMBER_reviews.csv,login
0adefae8-993c-4a12-a36c-bae86f490eb2,Pengguna Google,https://play-lh.googleusercontent.com/EGemoI2NTXmTsBVtJqk8jxF9rh8ApRWfsIMQSt2uE4OcpQqbFu7f7NbTK05lx80nuSijCz7sc3a277R67g,gabisa nge tf kalo gapunya ktp🥲,3,0,1.60.0,2025-11-02 15:15:56+00:00,,,1.60.0,Dataset/dataset\GOPAY_googleplay_NOVEMBER_reviews.csv,transfer
97da6359-67a6-47f4-b9e3-9f1542672608,Pengguna Google,https://play-lh.googleusercontent.com/EGemoI2NTXmTsBVtJqk8jxF9rh8ApRWfsIMQSt2uE4OcpQqbFu7f7NbTK05lx80nuSijCz7sc3a277R67g,transfer cepat dan gratis biaya admin,5,0,1.33.10,2025-10-21 16:07:50+00:00,"Hi Kak. Terima kasih telah menggunakan ShopeePay. Mari cek aplikasi ShopeePay karena banyak fitur yang mempermudah keseharian kakak seperti pembelian pulsa, paket data, pembayaran tagihan listrik dan pembayaran lainnya. Jika kakak memiliki pertanyaan seputar ShopeePay, mohon DM kami di Instagram @ShopeePay_ID ya. Semoga harimu menyenangkan ^RJ",2025-10-22 09:49:18,1.33.10,Dataset/dataset\SHOPEEPAY_googleplay_OCTOBER_reviews.csv,transfer
033ee846-3c2c-4728-b0f9-526617ee4b37,Pengguna Google,https://play-lh.googleusercontent.com/EGemoI2NTXmTsBVtJqk8jxF9rh8ApRWfsIMQSt2uE4OcpQqbFu7f7NbTK05lx80nuSijCz7sc3a277R67g,selamat sore saya re instal ulang g bisa verifikasi wajah mohon arahannya,5,0,3.2.0,2025-12-16 16:03:21+00:00,"Halo Sahabat @febry p, mohon maaf atas ketidaknyamannya. Untuk perihal kendala pada layanan Livin' by Mandiri, mohon untuk dapat mengirimkan email ke mandiricare@bankmandiri.co.id atau dapat menghubungi layanan mandiri 14000 dengan tekan 2 agar dapat dilakukan pengecekan. Tks~Irish",2025-12-16 16:28:41,3.2.0,Dataset/dataset\LIVIN_googleplay_DECEMBER_reviews.csv,vermuk
a8da2bd1-ee51-430f-8d97-e4e41ad9f968,Pengguna Google,https://play-lh.googleusercontent.com/EGemoI2NTXmTsBVtJqk8jxF9rh8ApRWfsIMQSt2uE4OcpQqbFu7f7NbTK05lx80nuSijCz7sc3a277R67g,"apalah gw top up game yg ad voucher cashback 100%, tapi GK di kembaliin duit gw aww, padahal udh sama, sama requirements nya",2,0,1.59.0,2025-10-05 21:22:17+00:00,"Hai, Kak Noffan. Sebelum membayar di Mitra Usaha, pastikan kode promo/voucher telah diaktifkan agar kamu bisa mendapatkan cashback. Jika cashback masih belum diterima, laporkan melalui halaman Bantuan > cari artikel ""Belum terima cashback setelah bertransaksi"" di kolom pencarian > isi form yang ada di artikel. Kami siap membantu kamu. ^Miko",2025-10-05 22:44:06,1.59.0,Dataset/dataset\GOPAY_googleplay_OCTOBER_reviews.csv,topup
a39ce645-85fc-4da2-a700-3aea7d691afd,Pengguna Google,https://play-lh.googleusercontent.com/EGemoI2NTXmTsBVtJqk8jxF9rh8ApRWfsIMQSt2uE4OcpQqbFu7f7NbTK05lx80nuSijCz7sc3a277R67g,sya tf ke gopay udh sejam lebih gak masuk masuk..chat ke cs malah d sruh nunggu 1x 24jam.. org butuh duit nya malah d sruh nunggu... baru x ini memuakkan lht shpe pay,1,0,1.44.04,2025-12-05 12:39:51+00:00,"Hi Kak Devi. Mohon maaf atas kendala transfer ShopeePay ke GoPay yang belum diterima. Terkait kendala tersebut mohon menghubungi kami melalui DM ke Instagram @ShopeePay_ID yang bercentang biru, dengan melampirkan bukti transfer yang terkendala untuk bantuan lebih lanjut. Semoga kendala kakak segera terselesaikan ya. ^CS",2025-12-05 13:43:56,1.44.04,Dataset/dataset\SHOPEEPAY_googleplay_DECEMBER_reviews.csv,transfer
90261a0a-4f15-4733-8fb5-ea53e023a44a,Pengguna Google,https://play-lh.googleusercontent.com/EGemoI2NTXmTsBVtJqk8jxF9rh8ApRWfsIMQSt2uE4OcpQqbFu7f7NbTK05lx80nuSijCz7sc3a277R67g,"app yg sangat enak dipakai dan banyak keuntungan yg didapatkan dalam app ini seperti transfer dana, bayar tagihan, pesan makanan, main game sambil dapat coins..",5,3,1.60.0,2025-10-12 07:29:14+00:00,,,1.60.0,Dataset/dataset\GOPAY_googleplay_OCTOBER_reviews.csv,transfer
d4b95411-9aa4-4bf8-9399-a9dcaee3af76,Pengguna Google,https://play-lh.googleusercontent.com/EGemoI2NTXmTsBVtJqk8jxF9rh8ApRWfsIMQSt2uE4OcpQqbFu7f7NbTK05lx80nuSijCz7sc3a277R67g,"livin saya ngebug nih min, udah tambah transfer baru mau pencet lanjutkan malah diam aja ga gerak ga ada notif gangguan, jadi kalo mau bayar makan jadi susah",2,0,,2025-12-14 22:46:16+00:00,"Hi Sahabat @Ahmad Rasya, mohon maaf atas ketidaknyamanannya. Terkait kendala Sahabat mohon untuk dapat mengirimkan email ke mandiricare@bankmandiri.co.id atau dapat menghubungi mandiri call 14000 agar dapat dilakukan pengecekan. Tks~Mandala",2025-12-14 22:51:11,,Dataset/dataset\LIVIN_googleplay_DECEMBER_reviews.csv,transfer
9b421ca0-0d06-4c00-9765-1d3a5b8ad964,Pengguna Google,https://play-lh.googleusercontent.com/EGemoI2NTXmTsBVtJqk8jxF9rh8ApRWfsIMQSt2uE4OcpQqbFu7f7NbTK05lx80nuSijCz7sc3a277R67g,Gopay selalu dapat dibanggakan disaat dibutuhkan baik transfer maupun transaksi perbankan lainnya.,5,0,1.61.2,2025-10-29 09:06:57+00:00,,,1.61.2,Dataset/dataset\GOPAY_googleplay_OCTOBER_reviews.csv,transfer
b2bfd0c6-9a87-410b-a0f3-77210fb8769e,Pengguna Google,https://play-lh.googleusercontent.com/EGemoI2NTXmTsBVtJqk8jxF9rh8ApRWfsIMQSt2uE4OcpQqbFu7f7NbTK05lx80nuSijCz7sc3a277R67g,"waktu login di suruh selfi udah selfi mlh gabisa bisa , udah gitu di ganti paswod berkali kali yang beda masih aja gabisa emng gila ni apk",1,0,3.1.0,2025-11-12 21:28:36+00:00,"Halo Sahabat @Imam Art, mohon maaf atas ketidaknyamanannya. Perihal tsb mohon kesediaannya menghubungi layanan mandiri call 14000 atau mengirimkan email ke mandiricare@bankmandiri.co.id agar dpt kami lakukan pengecekan lebih lanjut ya. Tks~Zafran",2025-11-12 21:31:45,3.1.0,Dataset/dataset\LIVIN_googleplay_NOVEMBER_reviews.csv,login
46772897-3ed6-44d8-901f-61230b4581a6,Pengguna Google,https://play-lh.googleusercontent.com/EGemoI2NTXmTsBVtJqk8jxF9rh8ApRWfsIMQSt2uE4OcpQqbFu7f7NbTK05lx80nuSijCz7sc3a277R67g,"mau upgrade ovo malah gak bisa gmna sih , orang udh top up gk bsa transfer uang nya SCAM",1,0,3.148.0,2025-11-27 22:34:42+00:00,,,3.148.0,Dataset/dataset\OVO_googleplay_NOVEMBER_reviews.csv,topup
2e5078d6-4245-4f2f-a028-b49b3da2886e,Pengguna Google,https://play-lh.googleusercontent.com/EGemoI2NTXmTsBVtJqk8jxF9rh8ApRWfsIMQSt2uE4OcpQqbFu7f7NbTK05lx80nuSijCz7sc3a277R67g,ini bisa topup game,5,0,1.62.0,2025-11-16 20:07:33+00:00,,,1.62.0,Dataset/dataset\GOPAY_googleplay_NOVEMBER_reviews.csv,topup
d3b2700a-e5e6-4938-bbf8-d07b5a1c2467,Pengguna Google,https://play-lh.googleusercontent.com/EGemoI2NTXmTsBVtJqk8jxF9rh8ApRWfsIMQSt2uE4OcpQqbFu7f7NbTK05lx80nuSijCz7sc3a277R67g,kendala Mulu transfer gagal tapi saldo nya ga kembali,1,0,3.144.0,2025-10-08 11:12:19+00:00,,,3.144.0,Dataset/dataset\OVO_googleplay_OCTOBER_reviews.csv,transfer
41b7bb22-38d3-4c2c-b274-8e8e9bbd4351,Pengguna Google,https://play-lh.googleusercontent.com/EGemoI2NTXmTsBVtJqk8jxF9rh8ApRWfsIMQSt2uE4OcpQqbFu7f7NbTK05lx80nuSijCz7sc3a277R67g,sudah eror kahh... berulang kali saya top up .. selalu tidak bisa..... sudah mulai gk aman ini..kalo kaya gini mahh,1,0,3.144.0,2025-10-11 18:53:14+00:00,,,3.144.0,Dataset/dataset\OVO_googleplay_OCTOBER_reviews.csv,topup
da47f8f4-a4ae-4977-8238-ebaf9ff960f0,Pengguna Google,https://play-lh.googleusercontent.com/EGemoI2NTXmTsBVtJqk8jxF9rh8ApRWfsIMQSt2uE4OcpQqbFu7f7NbTK05lx80nuSijCz7sc3a277R67g,tolong dong kalo login akun pake deteksi wajah kek,5,0,,2025-12-18 21:27:01+00:00,"Hai, Kakak. Terima kasih atas ulasannya. Untuk login dengan Face ID bisa Kakak aktifkan dari aplikasi blu dengan cara klik ikon profil yang ada di kiri atas dashboard aplikasi blu, tap “Aktifkan Login [Biometrik]” untuk mengaktifkan/menonaktifkan fitur login biometrik.",2025-12-18 21:59:43,,Dataset/dataset\BLU_googleplay_DECEMBER_reviews.csv,login
0348f95f-631d-4435-bd02-beebfaa5509e,Pengguna Google,https://play-lh.googleusercontent.com/EGemoI2NTXmTsBVtJqk8jxF9rh8ApRWfsIMQSt2uE4OcpQqbFu7f7NbTK05lx80nuSijCz7sc3a277R67g,tolong bantu untuk buka top up grab driver...!!!,5,0,,2025-11-06 16:16:45+00:00,,,,Dataset/dataset\OVO_googleplay_NOVEMBER_reviews.csv,topup
348981f2-cea5-490c-8bc6-6fb83d5ec070,Pengguna Google,https://play-lh.googleusercontent.com/EGemoI2NTXmTsBVtJqk8jxF9rh8ApRWfsIMQSt2uE4OcpQqbFu7f7NbTK05lx80nuSijCz7sc3a277R67g,"hadehhhh mau login akun malah gak bisa katanya lagi di perbaiki tapi mana sampe sekarang belum di perbaiki juga, udah berbulan bulan",1,0,3.2.0,2025-12-08 21:05:22+00:00,"Halo Sahabat @Sein Soom, mohon maaf atas ketidaknyamanannya. Terkait kendala Sahabat mohon untuk dapat mengirimkan email ke mandiricare@bankmandiri.co.id atau dapat menghubungi Mandiri Call 14000 lalu tekan 2 agar dapat dilakukan pengecekan. Tks~Amar",2025-12-08 21:06:35,3.2.0,Dataset/dataset\LIVIN_googleplay_DECEMBER_reviews.csv,login
89fe9a00-7ce6-4f00-82e1-2674593a4460,Pengguna Google,https://play-lh.googleusercontent.com/EGemoI2NTXmTsBVtJqk8jxF9rh8ApRWfsIMQSt2uE4OcpQqbFu7f7NbTK05lx80nuSijCz7sc3a277R67g,tf gratis terus,5,0,8.72.0,2025-11-12 12:03:27+00:00,,,8.72.0,Dataset/dataset\JAGO_googleplay_NOVEMBER_reviews.csv,transfer
83492b69-d378-455c-b741-bf61a5777b34,Pengguna Google,https://play-lh.googleusercontent.com/EGemoI2NTXmTsBVtJqk8jxF9rh8ApRWfsIMQSt2uE4OcpQqbFu7f7NbTK05lx80nuSijCz7sc3a277R67g,kocak Topup Dari E Wallet lain Udah Ada Adminnya masuk dishopeepay juga kena potongan enak banget ya setiap topup dipotong,2,0,1.40.06,2025-10-13 22:45:51+00:00,"Hi Kak Abdul, mohon maaf atas kendala biaya admin Top Up. Saat ini terdapat kuota gratis isi saldo ShopeePay dengan minimum isi saldo Rp10.000,- sebanyak 20x dalam satu bulan melalui bank dan 5x melalui minimarket/agent Untuk bantuan pengecekan, mohon menghubungi kami melalui DM Instagram di @ShopeePay_ID. ^CS


",2025-10-14 13:11:49,1.40.06,Dataset/dataset\SHOPEEPAY_googleplay_OCTOBER_reviews.csv,topup
6626282c-ab66-4da4-970d-d540331c54a0,Pengguna Google,https://play-lh.googleusercontent.com/EGemoI2NTXmTsBVtJqk8jxF9rh8ApRWfsIMQSt2uE4OcpQqbFu7f7NbTK05lx80nuSijCz7sc3a277R67g,"ga bisa transfer ke bank lain maupun ke ewalet padahal udah pake go plus udah masukin pin 2 kali malah tidak dapat di proses pin anda sudah dipakai di akun ini, malahan transfer enakan dulu ga kayak sekarang makin ribet aja",1,0,,2025-10-02 10:11:51+00:00,"Hai Kak Lukman, sebelum transfer, pastikan status upgrade GoPay Plus sudah 'Diterima', nomor penerima valid dan tidak terblokir. Jika masih bermasalah, silakan kunjungi menu Bantuan di aplikasi GoPay atau email ke customerservice@gopay.co.id dan cantumkan kode psr-25-274-0029-08736 pada subjek email. ^Maura",2025-10-01 07:29:16,,Dataset/dataset\GOPAY_googleplay_OCTOBER_reviews.csv,transfer
ac3c290b-3098-4a2f-a648-a531b57e4ef1,Pengguna Google,https://play-lh.googleusercontent.com/EGemoI2NTXmTsBVtJqk8jxF9rh8ApRWfsIMQSt2uE4OcpQqbFu7f7NbTK05lx80nuSijCz7sc3a277R67g,yuk pakai gopay grts TF ke bank apa saja,4,0,1.64.0,2025-11-19 13:58:00+00:00,,,1.64.0,Dataset/dataset\GOPAY_googleplay_NOVEMBER_reviews.csv,transfer
76198f7b-db67-4588-93cd-fddee44be40f,Pengguna Google,https://play-lh.googleusercontent.com/EGemoI2NTXmTsBVtJqk8jxF9rh8ApRWfsIMQSt2uE4OcpQqbFu7f7NbTK05lx80nuSijCz7sc3a277R67g,"membantu bangettt,semuanya gratis admin😍,gratis top up,cinta deh pokoknya",5,0,1.45.09,2025-12-26 09:21:59+00:00,"Hi Kak Kimtae . Terima kasih atas review positif yang Kakak bagikan. Kami ikut senang jika Kakak puas dengan aplikasi ShopeePay. Jangan lupa untuk rutin cek aplikasi ShopeePay untuk mendapatkan promo menarik. Jika Kakak mengalami kendala, hubungi kami di DM Instagram @ShopeePay_ID. ^CS",2025-12-26 10:46:09,1.45.09,Dataset/dataset\SHOPEEPAY_googleplay_DECEMBER_reviews.csv,topup
70acf32f-e5de-42eb-994d-84f15477793d,Pengguna Google,https://play-lh.googleusercontent.com/EGemoI2NTXmTsBVtJqk8jxF9rh8ApRWfsIMQSt2uE4OcpQqbFu7f7NbTK05lx80nuSijCz7sc3a277R67g,indomaret sama alfamart sering kali gamau isi top up wilayah cirebon kabupaten,5,0,1.60.0,2025-10-31 18:49:18+00:00,,,1.60.0,Dataset/dataset\GOPAY_googleplay_OCTOBER_reviews.csv,topup
7b83f4c6-9645-4c89-903f-c170bad68701,Pengguna Google,https://play-lh.googleusercontent.com/EGemoI2NTXmTsBVtJqk8jxF9rh8ApRWfsIMQSt2uE4OcpQqbFu7f7NbTK05lx80nuSijCz7sc3a277R67g,"aplkasi kagak jelas, mau top up saldo grab driver aja ada kendala segala macam, tolong dipercapat min duit pengembaliannya, kalo sistemya eror tolong di non aktifan ormabyarannya kenapa",1,1,3.145.0,2025-10-28 12:14:40+00:00,,,3.145.0,Dataset/dataset\OVO_googleplay_OCTOBER_reviews.csv,topup
a4dd6988-fcbe-40f0-a961-d46d85ae9a87,Pengguna Google,https://play-lh.googleusercontent.com/EGemoI2NTXmTsBVtJqk8jxF9rh8ApRWfsIMQSt2uE4OcpQqbFu7f7NbTK05lx80nuSijCz7sc3a277R67g,gak ada kejelasan topup saldo di pending 1 hari,1,0,1.45.09,2025-12-30 05:18:23+00:00,"Hi Kak Robby Prayitno, kami mohon maaf mengenai kendala top up ShopeePay yang belum diterima. Jika hingga saat ini top up kakak masih belum diterima, mohon menghubungi kami melalui DM ke Instagram @ShopeePay_ID untuk pengecekan. Kami akan membantu kendala kakak lebih lanjut ya. ^AS",2025-12-30 11:04:42,1.45.09,Dataset/dataset\SHOPEEPAY_googleplay_DECEMBER_reviews.csv,topup
75fc8ff3-a630-4d75-92bf-cd5da7f3760b,Pengguna Google,https://play-lh.googleusercontent.com/EGemoI2NTXmTsBVtJqk8jxF9rh8ApRWfsIMQSt2uE4OcpQqbFu7f7NbTK05lx80nuSijCz7sc3a277R67g,Jago...?? Emank jago-nya transfer Gratis kemana aja.,5,0,8.76.0,2025-11-24 06:41:00+00:00,,,8.76.0,Dataset/dataset\JAGO_googleplay_NOVEMBER_reviews.csv,transfer
b78caac3-a6de-474b-996c-16ba52af005e,Pengguna Google,https://play-lh.googleusercontent.com/EGemoI2NTXmTsBVtJqk8jxF9rh8ApRWfsIMQSt2uE4OcpQqbFu7f7NbTK05lx80nuSijCz7sc3a277R67g,"tolong di perbaiki, saya tidak bisa menggunakan fitur transfer.dan selalu gagal",3,0,,2025-10-30 18:21:47+00:00,,,,Dataset/dataset\OVO_googleplay_OCTOBER_reviews.csv,transfer
63c522a2-1e88-44c1-b252-67afb768786f,Pengguna Google,https://play-lh.googleusercontent.com/EGemoI2NTXmTsBVtJqk8jxF9rh8ApRWfsIMQSt2uE4OcpQqbFu7f7NbTK05lx80nuSijCz7sc3a277R67g,"sy transfer ovo hari Jum, at tgl 21 nopember 2025 dari grab dompet tunai grab ke ovo cash sebesar 38rb , di akun grab ad nominalnya masuk 38rb ,tp di akun ovo cash sy ga ada history nya , sy dah coba menghubungi pusat bantuan ovo , tp hasil sampe sekarang nihil, ga ad jawaban dari pihak ovo., ilang g tuh duit sy 38rb , uang itu sangat berarti bagi sy ., sy kecewa banget sama ovo Krn ga ad jawaban sampai sekarang.",1,0,3.147.0,2025-11-23 03:19:20+00:00,,,3.147.0,Dataset/dataset\OVO_googleplay_NOVEMBER_reviews.csv,transfer
7322eda7-b525-465a-b908-cba8a10f8250,Pengguna Google,https://play-lh.googleusercontent.com/EGemoI2NTXmTsBVtJqk8jxF9rh8ApRWfsIMQSt2uE4OcpQqbFu7f7NbTK05lx80nuSijCz7sc3a277R67g,pembayaran dengan QRIS tidak dapat dilakukan,4,0,1.64.0,2025-11-24 11:16:13+00:00,,,1.64.0,Dataset/dataset\GOPAY_googleplay_NOVEMBER_reviews.csv,qris
6a3f571e-15d4-4d56-b36a-bca0c2ff7139,Pengguna Google,https://play-lh.googleusercontent.com/EGemoI2NTXmTsBVtJqk8jxF9rh8ApRWfsIMQSt2uE4OcpQqbFu7f7NbTK05lx80nuSijCz7sc3a277R67g,aplikasi apa ini kenapa setiap saya login ke akun OVO saya selalu warna putih dan ga keliatan sama sekali nominal uang yang di akun saya,1,0,,2025-12-31 12:36:05+00:00,,,,Dataset/dataset\OVO_googleplay_DECEMBER_reviews.csv,login
278317e0-e193-4c13-a9be-755355663b4b,Pengguna Google,https://play-lh.googleusercontent.com/EGemoI2NTXmTsBVtJqk8jxF9rh8ApRWfsIMQSt2uE4OcpQqbFu7f7NbTK05lx80nuSijCz7sc3a277R67g,"transfer saldo kepotong, tapi gaknyampe.. kudu nunggu 2 hari konyolll",3,0,3.149.0,2025-12-12 22:31:32+00:00,,,3.149.0,Dataset/dataset\OVO_googleplay_DECEMBER_reviews.csv,transfer
a9f29ba3-fc8a-4e83-8487-f98cb1f3687a,Pengguna Google,https://play-lh.googleusercontent.com/EGemoI2NTXmTsBVtJqk8jxF9rh8ApRWfsIMQSt2uE4OcpQqbFu7f7NbTK05lx80nuSijCz7sc3a277R67g,"aplikasi terburuk, transfer aja harus nunggu 1 hari, padahal cuman 11 ribu aneh. kecewa",1,0,,2025-10-23 07:41:37+00:00,"Hi Kak dicky, Mohon maaf atas ketidaknyamanannya terkait estimasi proses transfer ShopeePay yang lama. Saat ini apabila kakak memiliki kendala transfer ShopeePay yang belum diterima atau kendal pada aplikasi ShopeePay, kakak dapat menghubungi kami melalui DM ke IG @ShopeePay_ID yang bercentang biru ya. Kami siap membantu kendala kakak. ^CS",2025-10-23 10:42:51,,Dataset/dataset\SHOPEEPAY_googleplay_OCTOBER_reviews.csv,transfer
5ea5a1c0-8b76-408a-97ea-335df738024c,Pengguna Google,https://play-lh.googleusercontent.com/EGemoI2NTXmTsBVtJqk8jxF9rh8ApRWfsIMQSt2uE4OcpQqbFu7f7NbTK05lx80nuSijCz7sc3a277R67g,"Saya kehilangan akun, dan tidak bisa kembali login ke akun saya Sudah ikuti semua perintah dari ""bantuan"" jago Namun percuma, respon sangat lama, ga ada penyelesaian Untung tidak banyak dana saya disini",1,0,,2025-12-28 21:05:16+00:00,"Halo, Jagoan. Mohon maaf atas kendala yang terjadi ya. Kamu tidak perlu khawatir, kamu bisa menjelaskan detail kendala tersebut melalui email di tanya@jago.com atau call center 1500 746 untuk kami bantu tangani lebih lanjut. Terima kasih :)",2025-12-28 21:37:06,,Dataset/dataset\JAGO_googleplay_DECEMBER_reviews.csv,login
0cd0a24e-aee0-4784-97fb-417b8afe1562,Pengguna Google,https://play-lh.googleusercontent.com/EGemoI2NTXmTsBVtJqk8jxF9rh8ApRWfsIMQSt2uE4OcpQqbFu7f7NbTK05lx80nuSijCz7sc3a277R67g,"aplikasi bagus untuk keuangan, akan tetapi saya hanya ingin aplikasi ini ditambahkan fitur transfer ke e wallet lain seperti gopay,dana,dll",4,1,3.146.0,2025-11-06 15:36:48+00:00,,,3.146.0,Dataset/dataset\OVO_googleplay_NOVEMBER_reviews.csv,transfer
85cdf817-e141-408e-befa-93c00bda4e87,Pengguna Google,https://play-lh.googleusercontent.com/EGemoI2NTXmTsBVtJqk8jxF9rh8ApRWfsIMQSt2uE4OcpQqbFu7f7NbTK05lx80nuSijCz7sc3a277R67g,kok gak bisa login? saya kepepet mau payment gak bisa.,3,0,2.7.0,2025-12-08 19:21:56+00:00,Hai Kak Ananda. Mohon maaf atas ketidaknyamanan dan kendala yang Kakak alami. Kami akan selalu berusaha memberikan yang terbaik kebutuhan perbankan Kakak. Sebelumnya sempat terjadi kendala namun saat ini sudah berjalan normal. Silakan Kakak dapat mencoba kembali ya.,2025-12-09 06:52:45,2.7.0,Dataset/dataset\BLU_googleplay_DECEMBER_reviews.csv,login
4734d9ad-b719-4281-a46c-376b6253a253,Pengguna Google,https://play-lh.googleusercontent.com/EGemoI2NTXmTsBVtJqk8jxF9rh8ApRWfsIMQSt2uE4OcpQqbFu7f7NbTK05lx80nuSijCz7sc3a277R67g,kenapa harus login lagi,1,0,,2025-12-04 10:30:21+00:00,"Halo Sahabat @Asraf, mohon maaf atas ketidaknyamanannya. Terkait kendala Sahabat mohon untuk dapat mengirimkan email ke mandiricare@bankmandiri.co.id atau menghubungi Mandiri Call 14000 lalu tekan 2 agar dapat dilakukan pengecekan. Tks~Vika",2025-12-04 10:51:07,,Dataset/dataset\LIVIN_googleplay_DECEMBER_reviews.csv,login
e992aa42-de8d-493e-9891-166529f6e6c8,Pengguna Google,https://play-lh.googleusercontent.com/EGemoI2NTXmTsBVtJqk8jxF9rh8ApRWfsIMQSt2uE4OcpQqbFu7f7NbTK05lx80nuSijCz7sc3a277R67g,semakin mudah namun top up dari game bisa berkurang,4,0,1.61.2,2025-11-01 20:25:23+00:00,,,1.61.2,Dataset/dataset\GOPAY_googleplay_NOVEMBER_reviews.csv,topup
d0afbea5-a7a9-404e-be93-e0051dc58451,Pengguna Google,https://play-lh.googleusercontent.com/EGemoI2NTXmTsBVtJqk8jxF9rh8ApRWfsIMQSt2uE4OcpQqbFu7f7NbTK05lx80nuSijCz7sc3a277R67g,saya tidak bisa login nomor HP sudah tidak aktif apakah masih bisa di bantu agar bisa login kembali,1,0,8.78.0,2025-12-17 01:49:22+00:00,"Halo, Jagoan! Mohon maaf atas kendala dan ketidaknyamanan kamu ya. Saya mengerti kesulitan yang kamu hadapi terkait kendala ini. Agar bisa membantu lebih lanjut, mohon untuk hubungi email kami di tanya@jago.com atau melalui telpon di 1500 746/+62 21 3000 0746. Secepatnya akan kami cek dan tangani :)",2025-12-17 02:03:04,8.78.0,Dataset/dataset\JAGO_googleplay_DECEMBER_reviews.csv,login
ab35ab98-2373-4ba8-914c-84064d2d56fe,Pengguna Google,https://play-lh.googleusercontent.com/EGemoI2NTXmTsBVtJqk8jxF9rh8ApRWfsIMQSt2uE4OcpQqbFu7f7NbTK05lx80nuSijCz7sc3a277R67g,aplikasi gajelas gabisa transfer! nyesel simpan duit Di gopay saldo ngendap GA bisa di gunakan untuk keperluan lain!!,1,0,1.61.2,2025-11-02 01:17:42+00:00,"Hai Kak Demi, sebelum transfer, pastikan status upgrade GoPay Plus sudah 'Diterima', nomor penerima valid dan tidak terblokir. Jika masih bermasalah, silakan kunjungi menu Bantuan di aplikasi GoPay atau email ke customerservice@gopay.co.id dan cantumkan kode psr-25-304-0417-13895 pada subjek email. ^Miko",2025-10-31 11:17:40,1.61.2,Dataset/dataset\GOPAY_googleplay_NOVEMBER_reviews.csv,transfer
7a720138-ea1b-48b2-b669-59159f2e300f,Pengguna Google,https://play-lh.googleusercontent.com/EGemoI2NTXmTsBVtJqk8jxF9rh8ApRWfsIMQSt2uE4OcpQqbFu7f7NbTK05lx80nuSijCz7sc3a277R67g,"paling gesit dan paling murah,,selama ini pakai goPay aman bgt dan banyak koin gratisan. tolong buat develofer bug nya diperbaiki, pada saat Qris lewat galeri ponsel susah terdeteksinya, dan harus dicoba lebih dari 5 kali baru bisa.",5,353,1.64.1,2025-11-26 00:06:17+00:00,,,1.64.1,Dataset/dataset\GOPAY_googleplay_NOVEMBER_reviews.csv,qris
95992411-95fa-4afc-87cd-744ee23fa9a5,Pengguna Google,https://play-lh.googleusercontent.com/EGemoI2NTXmTsBVtJqk8jxF9rh8ApRWfsIMQSt2uE4OcpQqbFu7f7NbTK05lx80nuSijCz7sc3a277R67g,"yang punya saya kenapa ya?? pas mau top up transaksi nya selalu gagal,tolong di perbaikin lagi🙏🏼",3,0,1.57.0,2025-11-23 08:45:39+00:00,"Hai Kak Ade, mohon maaf atas ketidaknyamanannya. Terkait hal tersebut, silakan laporkan melalui email ke customerservice@gopay.co.id dengan melampirkan kode psr-25-327-0242-24062 pada subject email dan ceritakan kembali detail permasalahannya agar tim kami bisa bantu cek lebih lanjut ya. ^Melisa",2025-11-23 09:42:48,1.57.0,Dataset/dataset\GOPAY_googleplay_NOVEMBER_reviews.csv,topup
e0401232-17a4-4b9b-b560-30fe1e3c2404,Pengguna Google,https://play-lh.googleusercontent.com/EGemoI2NTXmTsBVtJqk8jxF9rh8ApRWfsIMQSt2uE4OcpQqbFu7f7NbTK05lx80nuSijCz7sc3a277R67g,kenapa pas saya top up game bacaan nyaa ada tinda kan yang ngga pantess saya bingung apaa yaa perasaan ngga pernah dehh tolong yaa di perbaiki lagii,5,0,1.61.2,2025-11-05 20:26:00+00:00,,,1.61.2,Dataset/dataset\GOPAY_googleplay_NOVEMBER_reviews.csv,topup
e7ee142e-d2f3-4875-9a7d-27504b3692ac,Pengguna Google,https://play-lh.googleusercontent.com/EGemoI2NTXmTsBVtJqk8jxF9rh8ApRWfsIMQSt2uE4OcpQqbFu7f7NbTK05lx80nuSijCz7sc3a277R67g,"mohon maaf sy punya kendala sy tidak bisa login ke gopay pin login salah trus no kartu dan email verifikasi ilang ,saya sudah coba hubungi no pusat gopay tapi no tidak bs di hubungi.,, mohon bantuan nya atas kendala sya di gopay terkait lupa pin login.,",4,1,1.60.0,2025-10-13 12:11:30+00:00,,,1.60.0,Dataset/dataset\GOPAY_googleplay_OCTOBER_reviews.csv,login
61d4bd06-acb4-46f7-bd5b-2df976939484,Pengguna Google,https://play-lh.googleusercontent.com/EGemoI2NTXmTsBVtJqk8jxF9rh8ApRWfsIMQSt2uE4OcpQqbFu7f7NbTK05lx80nuSijCz7sc3a277R67g,aplikasi busuk tf lama bgt estimasinya sampe 1 hari,1,0,1.44.04,2025-12-07 21:23:52+00:00,"Hi Kak ROBBY, Mohon maaf atas ketidaknyamanannya terkait kendala transfer ShopeePay. Saat ini apabila kakak memiliki kendala Transfer ShopeePay yang belum diterima, kakak dapat menghubungi kami melalui DM ke IG @ShopeePay_ID yang bercentang biru ya, dengan melampirkan bukti transfer yang terkendala untuk bantuan lebih lanjut. ^CS",2025-12-08 10:52:40,1.44.04,Dataset/dataset\SHOPEEPAY_googleplay_DECEMBER_reviews.csv,transfer
2069c095-5611-497e-a90c-a85f97809fb5,Pengguna Google,https://play-lh.googleusercontent.com/EGemoI2NTXmTsBVtJqk8jxF9rh8ApRWfsIMQSt2uE4OcpQqbFu7f7NbTK05lx80nuSijCz7sc3a277R67g,makin kesini makin sisah login kalo mau bayar atau tf nungguinnya kelamaan. tolong diperbaiki,2,0,3.1.0,2025-11-20 15:58:02+00:00,,,3.1.0,Dataset/dataset\LIVIN_googleplay_NOVEMBER_reviews.csv,login
82c2e096-e9fa-45b3-ac66-39a744e0acd6,Pengguna Google,https://play-lh.googleusercontent.com/EGemoI2NTXmTsBVtJqk8jxF9rh8ApRWfsIMQSt2uE4OcpQqbFu7f7NbTK05lx80nuSijCz7sc3a277R67g,jelek sering gangguan.kita lagi butuh tf cepet malah eror,1,0,3.147.0,2025-11-20 01:51:01+00:00,,,3.147.0,Dataset/dataset\OVO_googleplay_NOVEMBER_reviews.csv,transfer
c5689e03-c388-4031-92fb-71a8297def39,Pengguna Google,https://play-lh.googleusercontent.com/EGemoI2NTXmTsBVtJqk8jxF9rh8ApRWfsIMQSt2uE4OcpQqbFu7f7NbTK05lx80nuSijCz7sc3a277R67g,"gopay ini gimana...masak saya TF mau ke sesama gopay malah yang d utamakan DANA jadi saya malah salah kirim ke DANA, secara logika yang diutamakan harusnya itu sesama,ini malah yg lain...",3,0,1.61.2,2025-11-04 19:00:47+00:00,,,1.61.2,Dataset/dataset\GOPAY_googleplay_NOVEMBER_reviews.csv,transfer
ab147cee-cf22-4f82-ae61-981a6888e20a,Pengguna Google,https://play-lh.googleusercontent.com/EGemoI2NTXmTsBVtJqk8jxF9rh8ApRWfsIMQSt2uE4OcpQqbFu7f7NbTK05lx80nuSijCz7sc3a277R67g,"plisssss adminnya gedeee bgttttt kaget setiap transsaksi dipotonggg,top up uang dari shopeepay ke ovo juga dipotonggg 😫😫😫😫😫😫😫",1,0,,2025-12-04 07:52:17+00:00,,,,Dataset/dataset\OVO_googleplay_DECEMBER_reviews.csv,topup
7bc1517c-eb12-4cb8-8130-4395cda9c444,Pengguna Google,https://play-lh.googleusercontent.com/EGemoI2NTXmTsBVtJqk8jxF9rh8ApRWfsIMQSt2uE4OcpQqbFu7f7NbTK05lx80nuSijCz7sc3a277R67g,sudah satu tahun rekening saya tidak dipakai. karena hp lama saya rusak dan nggk bisa login. suruh verifikasi dihp yg rusak. ini susah jadinya. untung saldo nya LG kosong.,1,0,,2025-11-18 12:13:35+00:00,"Hai, Jagoan. Mohon maaf untuk kendala yang kamu alami. Terkait kendala tersebut, kamu bisa segera laporkan ke Tanya Jago di nomor 1500746/021-30000746 atau e-mail ke tanya@jago.com ya. Tidak perlu khawatir karena tim terkait kami akan segera membantu. Terima kasih.",2025-11-18 12:32:54,,Dataset/dataset\JAGO_googleplay_NOVEMBER_reviews.csv,login
ec9d5b94-cf39-4740-acd8-5c68df10fa07,Pengguna Google,https://play-lh.googleusercontent.com/EGemoI2NTXmTsBVtJqk8jxF9rh8ApRWfsIMQSt2uE4OcpQqbFu7f7NbTK05lx80nuSijCz7sc3a277R67g,sangat bagus buat transfer👏,5,0,1.62.0,2025-11-17 23:13:26+00:00,,,1.62.0,Dataset/dataset\GOPAY_googleplay_NOVEMBER_reviews.csv,transfer
4904d7d4-b553-4414-ab25-0db9216ce6cc,Pengguna Google,https://play-lh.googleusercontent.com/EGemoI2NTXmTsBVtJqk8jxF9rh8ApRWfsIMQSt2uE4OcpQqbFu7f7NbTK05lx80nuSijCz7sc3a277R67g,NAJIS AMIT AMIT. RIBET NYAH NAUDZUBILAH MINDAZALIK. MAU TRANSFER AJA RIBET. NAJIS NAJIS NAJIS SERIBU NAJIS,1,0,3.145.0,2025-10-25 19:01:19+00:00,,,3.145.0,Dataset/dataset\OVO_googleplay_OCTOBER_reviews.csv,transfer
cc8345c3-6848-4a10-9673-c13d14dd5c55,Pengguna Google,https://play-lh.googleusercontent.com/EGemoI2NTXmTsBVtJqk8jxF9rh8ApRWfsIMQSt2uE4OcpQqbFu7f7NbTK05lx80nuSijCz7sc3a277R67g,tidak bisa buat tf.....padahal saya udah yop up 500 ribu,1,0,3.148.0,2025-12-05 06:40:55+00:00,,,3.148.0,Dataset/dataset\OVO_googleplay_DECEMBER_reviews.csv,transfer
a183a689-2fc2-4a55-877b-d85d3b9759ff,Pengguna Google,https://play-lh.googleusercontent.com/EGemoI2NTXmTsBVtJqk8jxF9rh8ApRWfsIMQSt2uE4OcpQqbFu7f7NbTK05lx80nuSijCz7sc3a277R67g,"transfer ke bank di proses mulu udah lebih dari 24 jam saldo kembali juga ngga anehh amat, seenggaknya saldo balik lagi kek parah nih",1,0,3.144.0,2025-10-05 20:51:30+00:00,,,3.144.0,Dataset/dataset\OVO_googleplay_OCTOBER_reviews.csv,transfer
3d1856e4-bf7c-407b-b720-805f455e7d58,Pengguna Google,https://play-lh.googleusercontent.com/EGemoI2NTXmTsBVtJqk8jxF9rh8ApRWfsIMQSt2uE4OcpQqbFu7f7NbTK05lx80nuSijCz7sc3a277R67g,"kecewa saya, di tanggal 24 kemarin saya top up saldo lewat brimo, saldo saya sudah terpotong tapi di aplikasi gopay tidak ada saldo nya, minta cs untuk melakukan pengembalian saldo di suruh tunggu dua hari kerja tapi saldo masih belum kembali, sampai sekarang laporan saya di gopay masih belum di proses kembali, kecewa saya, pikir pikir lagi deh klo mau top up ke gopay buat temen2",1,7,1.64.1,2025-11-27 11:22:03+00:00,"Hai Kak Seno, mohon maaf atas ketidaknyamanannya. Jika kamu masih mengalami kendala, silakan laporkan melalui email ke customerservice@gopay.co.id dengan melampirkan kode psr-25-331-0517-22168 pada subject email dan cantumkan nomor laporan kamu sebelumnya pada email yang kamu kirimkan. Kami tunggu detail laporan kamu ya. ^Maura",2025-11-27 12:17:27,1.64.1,Dataset/dataset\GOPAY_googleplay_NOVEMBER_reviews.csv,topup
d9a949a0-7f55-4430-9662-2a2abf2e1119,Pengguna Google,https://play-lh.googleusercontent.com/EGemoI2NTXmTsBVtJqk8jxF9rh8ApRWfsIMQSt2uE4OcpQqbFu7f7NbTK05lx80nuSijCz7sc3a277R67g,cocok untuk nabung jangka panjang..uang aman..transaksi sedikit lelet .semua fitur lengkap walau agak rumit .blm ada qris tapny nih..mhn untuk dilengkapi biar nyaman tk pindah rekening untuk bayar transfortasi dll,5,1,,2025-12-11 17:56:19+00:00,"Hai, Kak Kamilyasari. Terima kasih atas ulasannya. Semoga blu bisa selalu memberikan yang terbaik untuk memenuhi semua kebutuhan perbankan Kakak. Selamat menikmati kemudahan bertransaksi menggunakan blu ya. 😊",2025-12-11 18:06:31,,Dataset/dataset\BLU_googleplay_DECEMBER_reviews.csv,qris
da55f6de-fee5-4be1-a359-8cdb1aca25f3,Pengguna Google,https://play-lh.googleusercontent.com/EGemoI2NTXmTsBVtJqk8jxF9rh8ApRWfsIMQSt2uE4OcpQqbFu7f7NbTK05lx80nuSijCz7sc3a277R67g,mengecekan PGN top up ewalt aja ga bisa padahal nomor sudah bner,2,0,8.77.3,2025-11-24 22:02:59+00:00,"Halo, Jagoan! Mohon maaf atas ketidaknyamanannya ya. Untuk kendala yang kamu alami, bisakah diinformasikan secara detail ke Tanya Jago di nomor 1500746 /+62 21 3000 0746 atau email ke tanya@jago.com? Kami dengan senang hati akan membantu kamu. :)",2025-11-24 23:32:29,8.77.3,Dataset/dataset\JAGO_googleplay_NOVEMBER_reviews.csv,topup
6579d97f-e92a-49b8-ac64-d258ae4adea7,Pengguna Google,https://play-lh.googleusercontent.com/EGemoI2NTXmTsBVtJqk8jxF9rh8ApRWfsIMQSt2uE4OcpQqbFu7f7NbTK05lx80nuSijCz7sc3a277R67g,maaf saya salah kirim TF,5,0,1.60.0,2025-10-23 11:08:03+00:00,,,1.60.0,Dataset/dataset\GOPAY_googleplay_OCTOBER_reviews.csv,transfer
a0c6495e-6739-4c9e-8c87-4768c29b2502,Pengguna Google,https://play-lh.googleusercontent.com/EGemoI2NTXmTsBVtJqk8jxF9rh8ApRWfsIMQSt2uE4OcpQqbFu7f7NbTK05lx80nuSijCz7sc3a277R67g,"JANGAN PERNAH DOWNLOAD APLIKASI OVO!!! SAYA TOP UP SALDO DI TOKO TERDEKAT BELUM MASUK"" PADAHAL DI PEMBERITAHUAN YANG TRANSFER SUDAH BERHASIL. TAPI SAYA BELUM MENERIMA SALDO. DAN SAYA DISINI MERASA DIRUGIKAN BANGET🔥🔥🔥",1,0,,2025-12-03 12:14:00+00:00,,,,Dataset/dataset\OVO_googleplay_DECEMBER_reviews.csv,topup
c093204c-d0f9-4dd4-82d4-ed78c2fc94af,Pengguna Google,https://play-lh.googleusercontent.com/EGemoI2NTXmTsBVtJqk8jxF9rh8ApRWfsIMQSt2uE4OcpQqbFu7f7NbTK05lx80nuSijCz7sc3a277R67g,aplikasi idiot baru pertama kali pake gkbisa buat bayar krna susah upgrade ovo premier gagal mlu mana udah top up lumayan sialan,1,0,3.144.0,2025-10-03 13:10:44+00:00,,,3.144.0,Dataset/dataset\OVO_googleplay_OCTOBER_reviews.csv,topup
ea7c928c-c57a-48bf-8d2d-f2fb3afe2ad8,Pengguna Google,https://play-lh.googleusercontent.com/EGemoI2NTXmTsBVtJqk8jxF9rh8ApRWfsIMQSt2uE4OcpQqbFu7f7NbTK05lx80nuSijCz7sc3a277R67g,ovo kok jelek ya??GK bisa login ..,1,0,3.147.0,2025-11-18 07:19:20+00:00,,,3.147.0,Dataset/dataset\OVO_googleplay_NOVEMBER_reviews.csv,login
4ac3fdb0-3912-4b29-9eeb-cb45793d5ad9,Pengguna Google,https://play-lh.googleusercontent.com/EGemoI2NTXmTsBVtJqk8jxF9rh8ApRWfsIMQSt2uE4OcpQqbFu7f7NbTK05lx80nuSijCz7sc3a277R67g,"tgl 20 tahun 2025, ada Masalah apa dengan Livin Mandiri? 2 hari lalu logout sendiri dari aplikasi, setalah tu hari ini mau login kok ngk bisa?lawak bener ni permasalahan di livin, makin ngk jelas aja ni Livin mandiri",1,0,1.4.0,2025-11-20 22:51:48+00:00,"Halo Sahabat @Arfin 123, mohon maaf atas ketidaknyamannya. Perihal kendala pada layanan Livin' by Mandiri, mohon untuk dapat mengirimkan email ke mandiricare@bankmandiri.co.id atau dapat menghubungi layanan mandiri 14000 agar dapat dilakukan pengecekan. Tks~Kale",2025-11-20 22:52:59,1.4.0,Dataset/dataset\LIVIN_googleplay_NOVEMBER_reviews.csv,login
d868eb17-c9c1-408f-9a61-6eef8507d069,Pengguna Google,https://play-lh.googleusercontent.com/EGemoI2NTXmTsBVtJqk8jxF9rh8ApRWfsIMQSt2uE4OcpQqbFu7f7NbTK05lx80nuSijCz7sc3a277R67g,"Udah 1 minggu Top up Shoopepay, saldo bank udah berkurang, sementara uangnya belum masuk juga... Udah buat laporan ke CS Shoope. hanya disuruh menunggu... Ntah harus tunggu sampai kapan.",4,1,1.44.05,2025-12-09 23:07:01+00:00,"Hi Kak OY_ Shidqia. Mohon maaf atas kendala Top Up saldo ShopeePay yang belum diterima. Terkait kendala tersebut mohon menghubungi kami melalui DM ke Instagram @ShopeePay_ID yang bercentang biru, dengan melampirkan bukti bayar Top Up yang terkendala untuk bantuan lebih lanjut. Semoga kendala kakak segera terselesaikan ya. ^CS",2025-12-10 10:57:33,1.44.05,Dataset/dataset\SHOPEEPAY_googleplay_DECEMBER_reviews.csv,topup
9aa2136a-70f4-4f29-a00d-533ba9ae35f1,Pengguna Google,https://play-lh.googleusercontent.com/EGemoI2NTXmTsBVtJqk8jxF9rh8ApRWfsIMQSt2uE4OcpQqbFu7f7NbTK05lx80nuSijCz7sc3a277R67g,"udh top up ovo 50k, ada history topup nya 50k, pas di cek saldo nya 0 rupiah",1,0,3.147.0,2025-11-22 13:21:09+00:00,,,3.147.0,Dataset/dataset\OVO_googleplay_NOVEMBER_reviews.csv,topup
4d478c23-3f47-4250-8d11-ae7dbc0d521b,Pengguna Google,https://play-lh.googleusercontent.com/EGemoI2NTXmTsBVtJqk8jxF9rh8ApRWfsIMQSt2uE4OcpQqbFu7f7NbTK05lx80nuSijCz7sc3a277R67g,saya ingin login ke akun jago saya tapi nomer HP nya sudah tidak ada untuk masuk otp sangat susah. apakah ada solusi tlpn call jago tidak bisa di hubungi. mohon solusi,5,0,8.77.3,2025-11-20 09:33:14+00:00,,,8.77.3,Dataset/dataset\JAGO_googleplay_NOVEMBER_reviews.csv,login
c8701ee2-73bb-4465-b6b8-29ee41674722,Pengguna Google,https://play-lh.googleusercontent.com/EGemoI2NTXmTsBVtJqk8jxF9rh8ApRWfsIMQSt2uE4OcpQqbFu7f7NbTK05lx80nuSijCz7sc3a277R67g,"Parah, bolak-balik hadap kanan hadap kiri tetap ajah nggak bisa login... Kalau belum siap, jangan di publish nih aplikasinya kenapa cuma bikin ribet hidup orang lain cuma untuk login doank....",1,6,2.2.0,2025-10-29 12:33:05+00:00,"Hai, Kak Muadzin. Maaf atas ketidaknyamanannya. Kami akan selalu berusaha memberikan yang terbaik demi kebutuhan perbankan Kakak. Terkait hal tersebut pastikan beberapa hal berikut, pastikan Kakak tidak memakai sunglasses, di tempat yang terang, tidak backlight, posisi wajah di dalam lingkaran dan pastikan aplikasi blu versi terupdate ya.",2025-10-29 12:56:50,2.2.0,Dataset/dataset\BLU_googleplay_OCTOBER_reviews.csv,login
bfdfb6a5-0326-4a74-bed3-5369a7b46802,Pengguna Google,https://play-lh.googleusercontent.com/EGemoI2NTXmTsBVtJqk8jxF9rh8ApRWfsIMQSt2uE4OcpQqbFu7f7NbTK05lx80nuSijCz7sc3a277R67g,sekrang sering banget gabisa buat transfer mohon perbaikannya,5,0,3.2.0,2025-12-17 18:59:58+00:00,,,3.2.0,Dataset/dataset\LIVIN_googleplay_DECEMBER_reviews.csv,transfer
9a04b40c-64f1-41bb-8c9a-626615e5af74,Pengguna Google,https://play-lh.googleusercontent.com/EGemoI2NTXmTsBVtJqk8jxF9rh8ApRWfsIMQSt2uE4OcpQqbFu7f7NbTK05lx80nuSijCz7sc3a277R67g,"sudah 2 minggu ini ngga bisa transaksi Qris??? baca Qris bisa tp ketika mau klik pembayaran, aplikasi ngeLAG??? Ampun dah",2,0,3.2.0,2025-11-18 22:52:22+00:00,"Halo Sahabat @Pongky Setiawan, mohon maaf atas ketidaknyamanannya. Untuk perihal kendala pada layanan Livin' by Mandiri, disarankan melakukan force close pada aplikasi Livin' by Mandiri, kemudian restart device/handphone yg digunakan dan mencoba kembali secara berkala. Tks~Arief",2025-11-19 22:44:52,3.2.0,Dataset/dataset\LIVIN_googleplay_NOVEMBER_reviews.csv,qris
a9a076d4-eab1-4bdf-8a31-7b4c22934de8,Pengguna Google,https://play-lh.googleusercontent.com/EGemoI2NTXmTsBVtJqk8jxF9rh8ApRWfsIMQSt2uE4OcpQqbFu7f7NbTK05lx80nuSijCz7sc3a277R67g,saya tidak bisa login,3,0,3.1.0,2025-11-09 04:03:48+00:00,"Hi Sahabat @Syahputra Arby, mohon maaf atas ketidaknyamanannya. Terkait kendala pada layanan Livin' by Mandiri, kami sarankan Sahabat melakukan force close aplikasi kemudian restart device/handphone yg digunakan, jaringan yg digunakan dlm keadaan stabil dan dipastikan tidak menggunakan WiFi. Tks~Syarif",2025-11-09 04:15:39,3.1.0,Dataset/dataset\LIVIN_googleplay_NOVEMBER_reviews.csv,login
c4dab402-3ca7-418a-ba64-64fb3a286ebd,Pengguna Google,https://play-lh.googleusercontent.com/EGemoI2NTXmTsBVtJqk8jxF9rh8ApRWfsIMQSt2uE4OcpQqbFu7f7NbTK05lx80nuSijCz7sc3a277R67g,"tidak pernah sekecewa ini pakai jago, perkara saya daftarin ortu pakai device saya, device saya langsung dibatasi. sudah minta solusi, saya juga sudah dihubungi pihak jago dan dimintai dokumen untuk pengkinian data tetap saja solusinya hanya disuruh login pakai device lain. kocak bgt lah, iya saya bisa login pakai device suami saya, tp saya jadi tidak bisa transaksi setiap saat jika suami kerja. dikira setiap orang punya device lebih dari satu apa. ga guna bgt ada tim tanya jago apalah itu",1,0,,2025-10-29 00:43:16+00:00,"Halo, Jagoan! Mohon maaf atas ketidaknyamanan. Kami akan terus memperbaiki dan meningkatkan layanan perbankan kami. Mohon kesediaannya untuk menginformasikan secara detail kendala yang dialami dengan menghubungi kami melalui Tanya Jago di 1500 746/+62 21 3000 0746, atau email ke tanya@jago.com. Kami tunggu ya.",2025-10-29 02:22:40,,Dataset/dataset\JAGO_googleplay_OCTOBER_reviews.csv,login
f394d3d7-06fb-4304-9aa5-87bf23b005e1,Pengguna Google,https://play-lh.googleusercontent.com/EGemoI2NTXmTsBVtJqk8jxF9rh8ApRWfsIMQSt2uE4OcpQqbFu7f7NbTK05lx80nuSijCz7sc3a277R67g,"apknya eror setiap top up pasti ada kendala ,meresahkan banget padahal lagi butuh. apk jelek",1,0,1.44.05,2025-12-18 22:34:46+00:00,"Hi Kak Reza. Mohon maaf atas kendala Top Up. Terkait kendala tersebut mohon menghubungi kami melalui DM ke Instagram @ShopeePay_ID yang bercentang biru, dengan menginformasikan detail dan bukti kendala untuk bantuan lebih lanjut. Semoga kendala kakak segera terselesaikan ya. ^CS",2025-12-19 15:04:15,1.44.05,Dataset/dataset\SHOPEEPAY_googleplay_DECEMBER_reviews.csv,topup
8518ad6a-0cc7-4e79-b400-64a042db4666,Pengguna Google,https://play-lh.googleusercontent.com/EGemoI2NTXmTsBVtJqk8jxF9rh8ApRWfsIMQSt2uE4OcpQqbFu7f7NbTK05lx80nuSijCz7sc3a277R67g,pertahankan yg ini.kecepatan ok..tak ada loading..tanpa bug.nyaman dipakeny..saran siapin qris tap agar bisa dipake untuk bayar bis dan angkutan kota jg agar bisa di pake bayar parkir,5,0,,2025-12-08 04:51:48+00:00,"Hai, Kakak. Terima kasih atas saran dan masukan yang diberikan. Semoga blu bisa selalu memberikan yang terbaik untuk memenuhi semua kebutuhan perbankan Kakak. Jika ada kendala atau hal lain yang ingin ditanyakan, Kakak bisa langsung menghubungi X @haloblu atau email haloblu@bcadigital.co.id atau telepon 1500668 (layanan 24 jam).",2025-12-08 05:06:03,,Dataset/dataset\BLU_googleplay_DECEMBER_reviews.csv,qris
142dca88-c8f5-4012-a84a-8d78ab59c991,Pengguna Google,https://play-lh.googleusercontent.com/EGemoI2NTXmTsBVtJqk8jxF9rh8ApRWfsIMQSt2uE4OcpQqbFu7f7NbTK05lx80nuSijCz7sc3a277R67g,"keren banget praktis , bayar ini itu gampang , transfer sana sini juga cepet masuknya , pertahankan ya shopee udah bagus banget",5,3,1.40.06,2025-10-21 16:02:09+00:00,"Hi Kak. Terima kasih telah menggunakan ShopeePay. Mari cek aplikasi ShopeePay karena banyak fitur yang mempermudah keseharian kakak seperti pembelian pulsa, paket data, pembayaran tagihan listrik dan pembayaran lainnya. Jika kakak memiliki pertanyaan seputar ShopeePay, mohon DM kami di Instagram @ShopeePay_ID ya. Semoga harimu menyenangkan ^RJ",2025-10-22 10:05:50,1.40.06,Dataset/dataset\SHOPEEPAY_googleplay_OCTOBER_reviews.csv,transfer
ee92ff35-76be-405e-9718-2e27c84ed707,Pengguna Google,https://play-lh.googleusercontent.com/EGemoI2NTXmTsBVtJqk8jxF9rh8ApRWfsIMQSt2uE4OcpQqbFu7f7NbTK05lx80nuSijCz7sc3a277R67g,pihak gopay ini gimana saya udah top up game di gopay tapi sampe sekarang juga belom masuk² kecewa berat udah lama make gopay tapi kayak gini tolong di perbaikin lagi,1,0,1.62.0,2025-11-18 21:02:32+00:00,"Hai Kak Rangga, mohon maaf atas ketidaknyamanan yang dialami. Dapat kami sampaikan bahwa saat ini terdapat pemeliharaan sistem sehingga Top up games kamu terhambat. Silakan kamu dapat melakukan pengecekan secara berkala. Terima kasih. ^Melisa",2025-11-18 21:32:43,1.62.0,Dataset/dataset\GOPAY_googleplay_NOVEMBER_reviews.csv,topup
3b074954-e1b9-4f18-a82e-6f232d772579,Pengguna Google,https://play-lh.googleusercontent.com/EGemoI2NTXmTsBVtJqk8jxF9rh8ApRWfsIMQSt2uE4OcpQqbFu7f7NbTK05lx80nuSijCz7sc3a277R67g,"Menu paylater ga bisa, top up dana ga bisa... nambah beban aja nih aplikasi",1,0,3.2.0,2025-11-29 23:10:54+00:00,"Halo Sahabat @Anson Crawford, dapat diinformasikan untuk saat ini layanan Paylater melalui Livin' by Mandiri sudah tidak tersedia ya. Sahabat dapat melakukan pembayaran menggunakan sumber dana lainnya. Tks~Raka",2025-11-29 23:12:19,3.2.0,Dataset/dataset\LIVIN_googleplay_NOVEMBER_reviews.csv,topup
bb335fe8-493b-400c-be3b-28033b866583,Pengguna Google,https://play-lh.googleusercontent.com/EGemoI2NTXmTsBVtJqk8jxF9rh8ApRWfsIMQSt2uE4OcpQqbFu7f7NbTK05lx80nuSijCz7sc3a277R67g,Muantap dah pokoknya dah aplikasinya cuy bisa krim duit jadi lebih cepat apa lagi pas juga top up game di aplikasi ini👍🏻,5,0,1.64.1,2025-11-27 14:17:40+00:00,,,1.64.1,Dataset/dataset\GOPAY_googleplay_NOVEMBER_reviews.csv,topup
975e49da-9836-4dd9-8194-2778116cde89,Pengguna Google,https://play-lh.googleusercontent.com/EGemoI2NTXmTsBVtJqk8jxF9rh8ApRWfsIMQSt2uE4OcpQqbFu7f7NbTK05lx80nuSijCz7sc3a277R67g,"buruk, topup ga nyampe2",1,0,,2025-11-02 17:14:12+00:00,"Hai Kak Dede, pastikan nomor tujuan sudah benar, sudah cek halaman Riwayat, dan coba keluar dan masuk kembali ke aplikasi. Jika saldo masih belum masuk, silakan laporkan melalui menu Bantuan > ketik 'Top up GoPay saya belum masuk' > isi formulir dan cantumkan kode psr-25-306-1108-49055 pada bagian 'Ceritakan lebih lanjut'. ^Miko",2025-11-02 18:08:58,,Dataset/dataset\GOPAY_googleplay_NOVEMBER_reviews.csv,topup
64be08d7-35f5-4493-93ec-31f6d7936db5,Pengguna Google,https://play-lh.googleusercontent.com/EGemoI2NTXmTsBVtJqk8jxF9rh8ApRWfsIMQSt2uE4OcpQqbFu7f7NbTK05lx80nuSijCz7sc3a277R67g,bagus bnget mempermudah pengguna ketika mau melakukan pembayaran qris saat belanja nggak perlu membuka shopee terlebih dahulu,5,0,1.44.05,2025-12-24 21:11:07+00:00,"Hi Kak Risla . Terima kasih untuk review positifnya. Untuk transaksi di ShopeePay aman karena dilengkapi dengan fitur keamanan seperti PIN, kode OTP, sidik jari hingga verifikasi wajah. Jika kakak memiliki pertanyaan atau kendala seputar ShopeePay, mohon DM kami di Instagram @ShopeePay_ID ya. Semoga harimu menyenangkan. ^CS",2025-12-25 13:28:01,1.44.05,Dataset/dataset\SHOPEEPAY_googleplay_DECEMBER_reviews.csv,qris
09a7de09-9b98-4ba2-b30b-3d4fc88e97ad,Pengguna Google,https://play-lh.googleusercontent.com/EGemoI2NTXmTsBVtJqk8jxF9rh8ApRWfsIMQSt2uE4OcpQqbFu7f7NbTK05lx80nuSijCz7sc3a277R67g,"hello .. kenapa sekarang ada serba adminnya ? Top up dana ada biayanya skrg.. sebelumnya juga gratiss .. bayar VA jg ada adminnya .. apa apa kok biaya admin muluk,, nggak kayak sebelumnya. jujur kecewa sihhh",1,0,3.2.0,2025-12-14 06:39:26+00:00,"Hai Sahabat @Muhammad Syaiful Anwar, mohon maaf atas ketidaknyamanannya. Terkait kendala Sahabat mohon untuk dapat mengirimkan email ke mandiricare@bankmandiri.co.id atau menghubungi Mandiri Call 14000 lalu tekan 2 agar dapat dilakukan pengecekan. Tks~Cira",2025-12-14 06:43:25,3.2.0,Dataset/dataset\LIVIN_googleplay_DECEMBER_reviews.csv,topup
91d7b758-ef4e-4c70-849c-eca2a67abf93,Pengguna Google,https://play-lh.googleusercontent.com/EGemoI2NTXmTsBVtJqk8jxF9rh8ApRWfsIMQSt2uE4OcpQqbFu7f7NbTK05lx80nuSijCz7sc3a277R67g,awal nya bagus cepat tapi ko banyak bug nya buat tf ke bank lain mohon perbaiki secepat nya,3,0,3.147.0,2025-11-14 01:18:57+00:00,,,3.147.0,Dataset/dataset\OVO_googleplay_NOVEMBER_reviews.csv,transfer
026991a6-d891-4fae-a64f-b0ad2788af37,Pengguna Google,https://play-lh.googleusercontent.com/EGemoI2NTXmTsBVtJqk8jxF9rh8ApRWfsIMQSt2uE4OcpQqbFu7f7NbTK05lx80nuSijCz7sc3a277R67g,"Saya transfer ke aplikasi DANA ...., uang belum masuk masuk.... sedangkan Saldo di Gopay sudah terpotong... ingin laporan complain....ke cs gopay ..tidak ada menu chat nya ??",3,0,1.62.0,2025-11-08 19:41:19+00:00,"Hai Kak Yanuar, mohon maaf atas ketidaknyamanannya. Jika masih mengalami keluhan, silakan laporkan melalui email ke customerservice@gopay.co.id dengan melampirkan kode psr-25-312-1532-01896 pada subject email dan cantumkan nomor laporan sebelumnya serta ceritakan kembali detail permasalahannya. Kami tunggu detail laporan kamu ya. ^Miko",2025-11-08 22:32:22,1.62.0,Dataset/dataset\GOPAY_googleplay_NOVEMBER_reviews.csv,transfer
dc42c60c-7493-4c0e-9a41-2ddcbd6bd425,Pengguna Google,https://play-lh.googleusercontent.com/EGemoI2NTXmTsBVtJqk8jxF9rh8ApRWfsIMQSt2uE4OcpQqbFu7f7NbTK05lx80nuSijCz7sc3a277R67g,"terlalu bnyak gangguan , TF eror teruss",1,0,3.144.0,2025-10-16 09:09:17+00:00,,,3.144.0,Dataset/dataset\OVO_googleplay_OCTOBER_reviews.csv,transfer
a0236d70-41b0-40b0-8758-3b5266a6893e,Pengguna Google,https://play-lh.googleusercontent.com/EGemoI2NTXmTsBVtJqk8jxF9rh8ApRWfsIMQSt2uE4OcpQqbFu7f7NbTK05lx80nuSijCz7sc3a277R67g,verifikasi wajah susah,1,0,3.2.0,2025-12-01 18:34:42+00:00,"Halo Sahabat @Ivan Proprty, mohon maaf atas ketidaknyamanannya. Apabila terdapat kendala agar dapat kami tindaklanjuti, Sahabat dapat mengirimkan email ke mandiricare@bankmandiri.co.id atau menghubungi layanan Mandiri Call 14000 ya. Tks~Alza",2025-12-01 19:13:27,3.2.0,Dataset/dataset\LIVIN_googleplay_DECEMBER_reviews.csv,vermuk
8e49715a-7c05-4a16-94b4-3d812ca96593,Pengguna Google,https://play-lh.googleusercontent.com/EGemoI2NTXmTsBVtJqk8jxF9rh8ApRWfsIMQSt2uE4OcpQqbFu7f7NbTK05lx80nuSijCz7sc3a277R67g,ovo sangat parah.. top up 1 juta proses hampir 12 jam merchant belum menerima saldo .. tapi keterangan berhasil..,1,1,3.146.0,2025-10-31 20:41:09+00:00,,,3.146.0,Dataset/dataset\OVO_googleplay_OCTOBER_reviews.csv,topup
36535d2e-4fca-4ac5-85a1-910863d9b5f0,Pengguna Google,https://play-lh.googleusercontent.com/EGemoI2NTXmTsBVtJqk8jxF9rh8ApRWfsIMQSt2uE4OcpQqbFu7f7NbTK05lx80nuSijCz7sc3a277R67g,"memang is thebeas lah gopay, transfer pun tidak ada masalah dan lancar banget, semoga di update seterusnya makin bagus dan tidak bikin kecewa",5,0,1.60.0,2025-10-10 08:59:30+00:00,,,1.60.0,Dataset/dataset\GOPAY_googleplay_OCTOBER_reviews.csv,transfer
19331249-22d0-418f-9ba1-63e645c2a95e,Pengguna Google,https://play-lh.googleusercontent.com/EGemoI2NTXmTsBVtJqk8jxF9rh8ApRWfsIMQSt2uE4OcpQqbFu7f7NbTK05lx80nuSijCz7sc3a277R67g,setelah di hapus dan di doenliada kembali sudah tdk bisa login,1,0,3.2.0,2025-11-21 19:44:11+00:00,"Halo Sahabat @PETRUS PATOLAN ANT V OPS, mohon maaf atas ketidaknyamannya. Perihal kendala pada layanan Livin' by Mandiri, mohon untuk dapat mengirimkan email ke mandiricare@bankmandiri.co.id atau dapat menghubungi layanan mandiri 14000 agar dapat dilakukan pengecekan. Tks~Abrar",2025-11-21 19:50:34,3.2.0,Dataset/dataset\LIVIN_googleplay_NOVEMBER_reviews.csv,login
caadc280-a608-4a15-8ba1-f6a5640474e2,Pengguna Google,https://play-lh.googleusercontent.com/EGemoI2NTXmTsBVtJqk8jxF9rh8ApRWfsIMQSt2uE4OcpQqbFu7f7NbTK05lx80nuSijCz7sc3a277R67g,gimana saya mau top up untuk Snack,5,0,,2025-11-01 17:05:10+00:00,,,,Dataset/dataset\GOPAY_googleplay_NOVEMBER_reviews.csv,topup
32aad4f4-f789-42f0-83a7-fcc5f74fbe2d,Pengguna Google,https://play-lh.googleusercontent.com/EGemoI2NTXmTsBVtJqk8jxF9rh8ApRWfsIMQSt2uE4OcpQqbFu7f7NbTK05lx80nuSijCz7sc3a277R67g,akun logout sendiri login kembali ga bisq,1,0,,2025-11-11 19:36:24+00:00,"Hai Kak @Pinzz, kami mohon maaf atas kondisi yang Kakak alami. Terkait hal ini, dapat kami sampaikan bahwa sebelumnya ada pemeliharaan sistem, namun saat ini sudah kembali normal. Silakan Kakak bisa relogin dan update aplikasi ke versi terbaru ya. Mohon maaf atas ketidaknyamanannya. Salam hangat. ^Miko",2025-11-12 08:05:53,,Dataset/dataset\GOPAY_googleplay_NOVEMBER_reviews.csv,login
8a74f747-6e36-4be9-81c7-4e637bbefde5,Pengguna Google,https://play-lh.googleusercontent.com/EGemoI2NTXmTsBVtJqk8jxF9rh8ApRWfsIMQSt2uE4OcpQqbFu7f7NbTK05lx80nuSijCz7sc3a277R67g,"sudah di tf kok belum masuk"" knph ya",1,0,,2025-10-08 06:27:48+00:00,,,,Dataset/dataset\OVO_googleplay_OCTOBER_reviews.csv,transfer
07641e8e-9e5f-4680-89d2-967dad21fa31,Pengguna Google,https://play-lh.googleusercontent.com/EGemoI2NTXmTsBVtJqk8jxF9rh8ApRWfsIMQSt2uE4OcpQqbFu7f7NbTK05lx80nuSijCz7sc3a277R67g,topup udah 2 hari lebih gak masuk,1,0,,2025-10-29 15:23:34+00:00,"Hai Kak @dindin, pastikan nomor tujuan sudah benar, sudah cek halaman Riwayat, dan coba keluar dan masuk kembali ke aplikasi. Jika saldo masih belum masuk, silakan laporkan melalui menu Bantuan > ketik 'Top up GoPay saya belum masuk' > isi formulir dan cantumkan kode psr-25-302-1305-47537 pada bagian 'Ceritakan lebih lanjut'. ^Melisa",2025-10-29 20:06:01,,Dataset/dataset\GOPAY_googleplay_OCTOBER_reviews.csv,topup
f96df64f-39a4-49b2-8730-15ecb1d30eae,Pengguna Google,https://play-lh.googleusercontent.com/EGemoI2NTXmTsBVtJqk8jxF9rh8ApRWfsIMQSt2uE4OcpQqbFu7f7NbTK05lx80nuSijCz7sc3a277R67g,please deh ini aplikasi nya di perbaiki dong...gw pernah transfer ke tmn gw..pas gw kasih tau ke tmn gw gk masuk duit nya..tmn aku Smpai ss sldo nya benar gk Nerima TF an dri gw..di konfirmasi lh ke Cs nya..dia bilang itu udh berhasil..dan tmn gw gk Nerima tu TF an..parah bgt sih uang gw Tah nyangkut dmna..,1,0,3.141.0,2025-10-20 11:50:16+00:00,,,3.141.0,Dataset/dataset\OVO_googleplay_OCTOBER_reviews.csv,transfer
8c5ba587-b371-4884-95b7-0e933d50458a,Pengguna Google,https://play-lh.googleusercontent.com/EGemoI2NTXmTsBVtJqk8jxF9rh8ApRWfsIMQSt2uE4OcpQqbFu7f7NbTK05lx80nuSijCz7sc3a277R67g,"saya kemarin malam pembelian melalui qris 95000, udah kepotong tp gak masuk ke merchandisenya, dan tidak ada notifikasi di inboxnya. trs bagapimana mau complain kalo gak ada bukti. akhirnya hilang 95 ribu. aplikasi ovo ribet mending pake dana aja enak anti pending. dan gak ribet.",1,5,3.144.0,2025-10-16 10:47:49+00:00,,,3.144.0,Dataset/dataset\OVO_googleplay_OCTOBER_reviews.csv,qris
12bbe3ea-4cd5-4793-9c8d-d4e97ef203d6,Pengguna Google,https://play-lh.googleusercontent.com/EGemoI2NTXmTsBVtJqk8jxF9rh8ApRWfsIMQSt2uE4OcpQqbFu7f7NbTK05lx80nuSijCz7sc3a277R67g,"kenapa livin saya susah login, selalu ada notif pelayan tidak tersedia untuk sementara",1,0,3.2.0,2025-12-31 05:55:39+00:00,"Halo Sahabat @siti hawa, mohon maaf atas ketidaknyamannya. Perihal kendala pada layanan Livin' by Mandiri, mohon untuk dapat mengirimkan email ke mandiricare@bankmandiri.co.id atau dapat menghubungi layanan mandiri 14000 agar dapat dilakukan pengecekan. Tks~Kale",2025-12-31 05:57:15,3.2.0,Dataset/dataset\LIVIN_googleplay_DECEMBER_reviews.csv,login
1d079023-a72f-4e0b-b3cb-952523d253f3,Pengguna Google,https://play-lh.googleusercontent.com/EGemoI2NTXmTsBVtJqk8jxF9rh8ApRWfsIMQSt2uE4OcpQqbFu7f7NbTK05lx80nuSijCz7sc3a277R67g,"aplikasi sampah, tidak bis login",1,0,3.1.0,2025-11-09 07:29:42+00:00,"Halo Sahabat @Yayan Harliyanto, mohon maaf atas ketidaknyamanannya. Perihal tsb mohon kesediaannya menghubungi layanan mandiri call 14000 atau mengirimkan email ke mandiricare@bankmandiri.co.id agar dpt kami lakukan pengecekan lebih lanjut ya. Tks~Azura",2025-11-09 09:08:55,3.1.0,Dataset/dataset\LIVIN_googleplay_NOVEMBER_reviews.csv,login
28fa9e10-d2ac-49c8-a963-3a8fe3d769a7,Pengguna Google,https://play-lh.googleusercontent.com/EGemoI2NTXmTsBVtJqk8jxF9rh8ApRWfsIMQSt2uE4OcpQqbFu7f7NbTK05lx80nuSijCz7sc3a277R67g,wah ini bgs buat top up robux😊,5,0,1.62.0,2025-11-14 15:20:57+00:00,,,1.62.0,Dataset/dataset\GOPAY_googleplay_NOVEMBER_reviews.csv,topup
096582d6-432e-43f0-b880-35b6102d4d58,Pengguna Google,https://play-lh.googleusercontent.com/EGemoI2NTXmTsBVtJqk8jxF9rh8ApRWfsIMQSt2uE4OcpQqbFu7f7NbTK05lx80nuSijCz7sc3a277R67g,"habis top up gak bisa dibuka woey, ada updetan ya gw updet dulu lah, wah masih sama gak bisa dibuka, nih developernya niat gak sih? apa pengen jadi DPR (Dewan Perampok Rakyat)!?",1,1,1.62.0,2025-11-05 18:40:10+00:00,"Mohon maaf, Kak Lakeisha, jika tidak bisa masuk ke akun GoPay, pastikan sinyal untuk menerima SMS OTP dan jaringan internet bagus, lalu coba lagi dalam beberapa waktu. Jika masih tidak bisa, silakan laporkan detailnya melalui email ke customerservice@gopay.co.id dengan mencantumkan kode psr-25-308-1705-43488 pada subjek email. ^Miko",2025-11-04 00:05:51,1.62.0,Dataset/dataset\GOPAY_googleplay_NOVEMBER_reviews.csv,topup
18d1928a-5213-465b-acab-b0e22d38356f,Pengguna Google,https://play-lh.googleusercontent.com/EGemoI2NTXmTsBVtJqk8jxF9rh8ApRWfsIMQSt2uE4OcpQqbFu7f7NbTK05lx80nuSijCz7sc3a277R67g,BELUM ADA SOLUSI ATAS tiket pengaduan yang sedang berjalan mengenai kendala login di nomor 1121124. tidak akan merubah bintang sebelum ada tindakan uang tertahan gabisa login.,1,0,,2025-11-25 16:50:57+00:00,"Halo, Jagoan. Mohon maaf atas kendala yang terjadi ya. Kamu tidak perlu khawatir, kamu bisa menjelaskan detail kendala tersebut melalui email di tanya@jago.com atau call center 1500 746 untuk kami bantu tangani lebih lanjut. Terima kasih :)",2025-11-25 17:01:47,,Dataset/dataset\JAGO_googleplay_NOVEMBER_reviews.csv,login
50683e84-13be-49c5-90b5-c356d5fdee1a,Pengguna Google,https://play-lh.googleusercontent.com/EGemoI2NTXmTsBVtJqk8jxF9rh8ApRWfsIMQSt2uE4OcpQqbFu7f7NbTK05lx80nuSijCz7sc3a277R67g,"saya coba login di hp yg kedua, masih bisa masuk sih cuma ini loading nya lama bgt dari semalem kirain emang lagi maintenance aja pas dibuka pagi nya tetep aja masih loading, ini mau transfer2 jadi nggak bisa sayang bgt saldonya... tolong ya ini saya harus gimana apa karena login nya di device baru? tapi saya coba di device lama juga sama aja loading lama juga. mohon bantuannya",1,42,8.75.0,2025-10-23 11:07:32+00:00,"Halo, Jagoan. Mohon maaf atas kendala yang terjadi ya. Kamu tidak perlu khawatir, kamu bisa menjelaskan detail kendala tersebut melalui email di tanya@jago.com atau call center 1500 746 untuk kami bantu tangani lebih lanjut. Terima kasih :)",2025-10-23 12:50:29,8.75.0,Dataset/dataset\JAGO_googleplay_OCTOBER_reviews.csv,login
971e7906-9911-4428-93e8-9504e21ab402,Pengguna Google,https://play-lh.googleusercontent.com/EGemoI2NTXmTsBVtJqk8jxF9rh8ApRWfsIMQSt2uE4OcpQqbFu7f7NbTK05lx80nuSijCz7sc3a277R67g,apa apaan tf ke bank sama ke e wallet lain error terus,1,0,1.41.06,2025-10-27 17:43:14+00:00,"Hi Kak Abi, Mohon maaf mengenai kendala tidak bisa melakukan transfer ke bank/e-wallet. Mohon pastikan telah menggunakan aplikasi ShopeePay terbaru dan silakan bisa coba berkala. Apabila masih berkendala mohon menghubungi kami melalui DM Instagram di @ShopeePay_ID untuk bantuan lebih lanjut. Semoga kendala kakak segera terselesaikan ^CS",2025-10-28 11:28:48,1.41.06,Dataset/dataset\SHOPEEPAY_googleplay_OCTOBER_reviews.csv,transfer
5dee1977-e221-40e6-ab19-7591bad2c09c,Pengguna Google,https://play-lh.googleusercontent.com/EGemoI2NTXmTsBVtJqk8jxF9rh8ApRWfsIMQSt2uE4OcpQqbFu7f7NbTK05lx80nuSijCz7sc3a277R67g,Kenapa ga bisa up grade ke ovo primer sdh berkali kali menghubungi pusat bantuan/telp yg kena pulsa 10rb cuma 3menit....tidak ada respon dari pihak ovo.pinjam gran modal narik by ovo bunganya terlalu besar.....1.500.000 jadi pembayarannya 1.900.000.baca yg teliti kalau memakai ovo .tiap hari ditelponin....emang tidak dapat orderan dari grab.ovo pake judul gran modal narik.kalau ga dapet orderan ditelponin tiap me it.aplikasi ga jelas dan sangat merugikan driver tiap hari disuruh top up.,1,0,3.123.0,2025-10-13 15:27:41+00:00,"Hai Kak Dimas, mohon maaf ya. Terkait kendala yang Kakak alami silakan untuk menghubungi melalui chat bantuan di aplikasi, melalui email di cs@ovo.id atau call center di nomor 1500 696 ya agar dapat kami bantu proses. Terima kasih. -Ria",2023-07-03 09:07:36,3.123.0,Dataset/dataset\OVO_googleplay_OCTOBER_reviews.csv,topup
3a528332-ee37-445f-b7b2-66f6cefb084f,Pengguna Google,https://play-lh.googleusercontent.com/EGemoI2NTXmTsBVtJqk8jxF9rh8ApRWfsIMQSt2uE4OcpQqbFu7f7NbTK05lx80nuSijCz7sc3a277R67g,payah untuk verifikasi muka aja susah banget padahal bukan pengguna baru untuk mbanking tapi verifikasi wajah nya susah sekali,1,0,2.2.0,2025-11-30 23:00:11+00:00,"Halo Sahabat @Muhammad Riskal, mohon maaf atas ketidaknyamanannya. Untuk perihal kendala yang dialami, mohon untuk dapat mengirimkan email ke mandiricare@bankmandiri.co.id atau dapat menghubungi layanan mandiri 14000 agar dapat dilakukan pengecekan. Tks~Raka",2025-11-30 23:14:04,2.2.0,Dataset/dataset\LIVIN_googleplay_NOVEMBER_reviews.csv,vermuk
8b3b86eb-c049-4566-b4f2-9d7889d84890,Pengguna Google,https://play-lh.googleusercontent.com/EGemoI2NTXmTsBVtJqk8jxF9rh8ApRWfsIMQSt2uE4OcpQqbFu7f7NbTK05lx80nuSijCz7sc3a277R67g,APLIKASI TERJELEK MAU TOP UP BUAT SETOR COD MALAH GAK MASUK SAMPAI SEKARANG JANGAN MAU LAGI PAKAI GOPAY,1,0,1.61.2,2025-11-02 15:12:45+00:00,"Hai Kak Zabuza, pastikan nomor tujuan sudah benar, sudah cek halaman Riwayat, dan coba keluar dan masuk kembali ke aplikasi. Jika saldo masih belum masuk, silakan laporkan melalui menu Bantuan > ketik 'Top up GoPay saya belum masuk' > isi formulir dan cantumkan kode psr-25-306-1032-59838 pada bagian 'Ceritakan lebih lanjut'. ^Miko",2025-11-02 17:33:19,1.61.2,Dataset/dataset\GOPAY_googleplay_NOVEMBER_reviews.csv,topup
ae9b4490-6f70-43b7-8223-81079376be05,Pengguna Google,https://play-lh.googleusercontent.com/EGemoI2NTXmTsBVtJqk8jxF9rh8ApRWfsIMQSt2uE4OcpQqbFu7f7NbTK05lx80nuSijCz7sc3a277R67g,parah saya guntal ganti password terus dan enggak bisa untuk transaksi transfer 🥲🥲🥹,2,0,2.4.0,2025-10-19 22:48:28+00:00,"Hai, Kak Weni Ningsi. Maaf atas ketidaknyamanannya. Mohon infokan lebih detail maksud ubah password berkala apakah lupa password atau lainnya, kemudian untuk kendala transfer mohon kirimkan tampilan saat kendala tersebut terjadi, bisa langsung menghubungi X @haloblu atau email haloblu@bcadigital.co.id atau telepon 1500668 (layanan 24 jam).",2025-10-19 23:15:50,2.4.0,Dataset/dataset\BLU_googleplay_OCTOBER_reviews.csv,transfer
c288a85a-dc1d-4bde-a304-4157861b7788,Pengguna Google,https://play-lh.googleusercontent.com/EGemoI2NTXmTsBVtJqk8jxF9rh8ApRWfsIMQSt2uE4OcpQqbFu7f7NbTK05lx80nuSijCz7sc3a277R67g,"dari tadi malam saya top up rp 207000 ,sampai sekarang belum masuk masuk.",1,0,3.144.0,2025-10-07 16:11:34+00:00,,,3.144.0,Dataset/dataset\OVO_googleplay_OCTOBER_reviews.csv,topup
b1691551-67bf-4f28-b085-a4220870d6df,Pengguna Google,https://play-lh.googleusercontent.com/EGemoI2NTXmTsBVtJqk8jxF9rh8ApRWfsIMQSt2uE4OcpQqbFu7f7NbTK05lx80nuSijCz7sc3a277R67g,"tidak bisa login, tolong beri penjelasan jika adanya maintenance, dan tidak menyediakan call center pada tampilan awal, sangat buruk!!",1,2,3.144.0,2025-10-06 23:40:10+00:00,,,3.144.0,Dataset/dataset\OVO_googleplay_OCTOBER_reviews.csv,login
39be3ae4-7857-41d2-a6ac-25da289c7374,Pengguna Google,https://play-lh.googleusercontent.com/EGemoI2NTXmTsBVtJqk8jxF9rh8ApRWfsIMQSt2uE4OcpQqbFu7f7NbTK05lx80nuSijCz7sc3a277R67g,"masa udh top up kartu flash blm masuk, terus katanya promo eh malah ada admin 1.500 jelek ini aplikasi nya org butuh malah kyk gitu",1,0,,2025-11-28 07:16:31+00:00,,,,Dataset/dataset\GOPAY_googleplay_NOVEMBER_reviews.csv,topup
fbec5d14-72d4-4802-bfb1-321f0acc62e2,Pengguna Google,https://play-lh.googleusercontent.com/EGemoI2NTXmTsBVtJqk8jxF9rh8ApRWfsIMQSt2uE4OcpQqbFu7f7NbTK05lx80nuSijCz7sc3a277R67g,bagus aplikasi nya paling agak panik pas aku top up MLBB Diamon nya delay lumayan lama gamasuk masuk,4,0,1.60.0,2025-10-10 15:13:08+00:00,,,1.60.0,Dataset/dataset\GOPAY_googleplay_OCTOBER_reviews.csv,topup
f4f07e97-2536-4ebe-a608-d810f7addae3,Pengguna Google,https://play-lh.googleusercontent.com/EGemoI2NTXmTsBVtJqk8jxF9rh8ApRWfsIMQSt2uE4OcpQqbFu7f7NbTK05lx80nuSijCz7sc3a277R67g,"Gak Bisa Masuk, Pas Mau Masuk Silakan Coba Lagi Koneksi Internet terputus, Gila Pake Wifi Kenceng Ini, 😭😭 gmn nih harus login nya?",1,0,,2025-10-06 15:54:48+00:00,"Halo, Jagoan. Mohon maaf atas kendala yang terjadi ya. Kamu tidak perlu khawatir, kamu bisa menjelaskan detail kendala tersebut melalui email di tanya@jago.com atau call center 1500 746 untuk kami bantu tangani lebih lanjut. Terima kasih :)",2025-10-06 16:41:25,,Dataset/dataset\JAGO_googleplay_OCTOBER_reviews.csv,login
7cb24fdd-9eef-4c54-a48e-dacd4e666288,Pengguna Google,https://play-lh.googleusercontent.com/EGemoI2NTXmTsBVtJqk8jxF9rh8ApRWfsIMQSt2uE4OcpQqbFu7f7NbTK05lx80nuSijCz7sc3a277R67g,duit orang gak tau nyangkut kemana wehh.gw top up shoppe dr gopay.ehh gak tau kemana .no bener padahal .dah lapor tapi duit gak kembali.dibeneri weh ..kayak gini gw kapok,2,0,1.59.0,2025-10-02 16:22:09+00:00,"Hai Kak @NURIFRAME, mohon maaf atas ketidaknyamanannya. Pastikan nomor tujuan transfer sudah benar dan sudah cek halaman Riwayat. Jika saldo belum juga bertambah, laporkan detailnya melalui email customerservice@gopay.co.id dan cantumkan kode psr-25-275-1530-13832 pada subject email yang kamu kirimkan ya. ^Melisa",2025-10-02 22:30:21,1.59.0,Dataset/dataset\GOPAY_googleplay_OCTOBER_reviews.csv,topup
094cc8c1-fd95-4e9b-b02b-4834df510722,Pengguna Google,https://play-lh.googleusercontent.com/EGemoI2NTXmTsBVtJqk8jxF9rh8ApRWfsIMQSt2uE4OcpQqbFu7f7NbTK05lx80nuSijCz7sc3a277R67g,"Gimana saya login akun syaa gak bisa, verif wajah berkali kali tp gagal",1,0,8.73.0,2025-10-02 11:15:37+00:00,"Hai, Jagoan. Mohon maaf untuk kendala yang kamu alami. Terkait kendala tersebut, kamu bisa segera laporkan ke Tanya Jago di nomor 1500746/021-30000746 atau e-mail ke tanya@jago.com ya. Tidak perlu khawatir karena tim terkait kami akan segera membantu. Terima kasih.",2025-10-02 13:40:07,8.73.0,Dataset/dataset\JAGO_googleplay_OCTOBER_reviews.csv,login
b9d50def-7548-483d-b6af-307a375ce87c,Pengguna Google,https://play-lh.googleusercontent.com/EGemoI2NTXmTsBVtJqk8jxF9rh8ApRWfsIMQSt2uE4OcpQqbFu7f7NbTK05lx80nuSijCz7sc3a277R67g,"apalah, topup 20k gada biaya admin tapi masuk nya 18k. itu mah 2k nya yg dijadiin biaya admin",5,0,,2025-10-17 14:13:17+00:00,,,,Dataset/dataset\GOPAY_googleplay_OCTOBER_reviews.csv,topup
22dc22cd-cff8-4b66-a481-0b121d03fa51,Pengguna Google,https://play-lh.googleusercontent.com/EGemoI2NTXmTsBVtJqk8jxF9rh8ApRWfsIMQSt2uE4OcpQqbFu7f7NbTK05lx80nuSijCz7sc3a277R67g,"smua nya bagus, sebih baik dri server sebelah. gopay lebih simple dan gk ribet transfer atau terima. tapi saran dong buat program investasi EMAS, biar sambil nabung.",5,3,1.59.0,2025-10-09 17:50:49+00:00,,,1.59.0,Dataset/dataset\GOPAY_googleplay_OCTOBER_reviews.csv,transfer
531defbc-5f9d-4774-b111-831b05e7eed4,Pengguna Google,https://play-lh.googleusercontent.com/EGemoI2NTXmTsBVtJqk8jxF9rh8ApRWfsIMQSt2uE4OcpQqbFu7f7NbTK05lx80nuSijCz7sc3a277R67g,"Aku pakai bank jago syariah, makasih banyak ya bank jago udah lahir di dunia ini😭🫰🏻makasih banyak aku pake ini udah hampir mau setahun aman aman aja, dan gada biaya admin nya terus mau transfer juga gada biaya admin nya, dapet kartu fisik nya juga gratis. bintang 5 buat bank jago, semoga abis dipuji gada masalah ya kalo bisa update terus ke lebih baik 🌟🌟🌟🌟🌟",5,2,8.70.1,2025-10-01 11:50:46+00:00,,,8.70.1,Dataset/dataset\JAGO_googleplay_OCTOBER_reviews.csv,transfer
45eca7ef-ba8c-4414-a4e8-1b0cb28cccfd,Pengguna Google,https://play-lh.googleusercontent.com/EGemoI2NTXmTsBVtJqk8jxF9rh8ApRWfsIMQSt2uE4OcpQqbFu7f7NbTK05lx80nuSijCz7sc3a277R67g,"Akhirnya masuk juga top up-nya, kirain udah nyasar ke alam semesta sebelah 😅. Makasih udah diperbaiki ya, tapi next time jangan bikin pengguna olahraga jantung dulu baru beres 😆. Semangat terus timnya, semoga sistemnya nggak “rebahan” lagi pas jam rame 🙌, nih bintang nya gw balikin!",5,112,1.60.0,2025-10-11 10:20:45+00:00,"Hai Kak Abdi, kami mohon maaf atas kondisi yang Kakak alami. Terkait hal ini, dapat kami sampaikan bahwa ada pemeliharaan sistem yang mempengaruhi transaksi Kakak & saat ini sudah kembali normal. Berkenan untuk melakukan pengecekan kembali di akun tujuan secara berkala ya Kak. Mohon maaf atas ketidaknyamanannya. Salam hangat. ^Miko",2025-10-10 20:38:37,1.60.0,Dataset/dataset\GOPAY_googleplay_OCTOBER_reviews.csv,topup
729e9de8-0b5b-48ac-a55b-e5bc9a8896c0,Pengguna Google,https://play-lh.googleusercontent.com/EGemoI2NTXmTsBVtJqk8jxF9rh8ApRWfsIMQSt2uE4OcpQqbFu7f7NbTK05lx80nuSijCz7sc3a277R67g,"saya tidak bisa login kembali di apk livin by mandiri dan pada saat pembuatan rekening ketika itu saya wmembuatnya secara online tetapi pihak livin tidak memberikan saya kartu fisik via email,, dan akhirnya saya tidak bisa kembali login di aplikasi ini",1,0,3.1.0,2025-12-08 09:58:21+00:00,"Halo Sahabat @Paisal Rahman, mohon maaf atas ketidaknyamanannya. Terkait kendala Sahabat mohon untuk dapat mengirimkan email ke mandiricare@bankmandiri.co.id atau dapat menghubungi Mandiri Call 14000 lalu tekan 2 agar dapat dilakukan pengecekan. Tks~Momo",2025-12-08 10:00:49,3.1.0,Dataset/dataset\LIVIN_googleplay_DECEMBER_reviews.csv,login
807f5596-f032-4550-9eae-b880166e6741,Pengguna Google,https://play-lh.googleusercontent.com/EGemoI2NTXmTsBVtJqk8jxF9rh8ApRWfsIMQSt2uE4OcpQqbFu7f7NbTK05lx80nuSijCz7sc3a277R67g,"disaat aplikasi mau dipakai buat tranfer dan topup, sering error, dan ini tidak hanya sekali dua kali tapi sering, bagian yang terkait tolong ini di perbaiki.",1,10,3.147.0,2025-11-08 08:07:31+00:00,,,3.147.0,Dataset/dataset\OVO_googleplay_NOVEMBER_reviews.csv,topup
c9a4ad38-317c-4d17-85f3-64907f1652ba,Pengguna Google,https://play-lh.googleusercontent.com/EGemoI2NTXmTsBVtJqk8jxF9rh8ApRWfsIMQSt2uE4OcpQqbFu7f7NbTK05lx80nuSijCz7sc3a277R67g,transfer makin lebih mudah dan ekonomis,5,0,1.60.0,2025-10-16 21:31:05+00:00,,,1.60.0,Dataset/dataset\GOPAY_googleplay_OCTOBER_reviews.csv,transfer
b765cfb4-569e-4b06-9ee1-d67ecf450b1b,Pengguna Google,https://play-lh.googleusercontent.com/EGemoI2NTXmTsBVtJqk8jxF9rh8ApRWfsIMQSt2uE4OcpQqbFu7f7NbTK05lx80nuSijCz7sc3a277R67g,jelek apk nya malah gagal login gara2 vermuk udah diterangin masih aja gagal payaaaaaaah,1,0,2.7.20,2025-12-31 17:47:46+00:00,"Hai, Kak Dudu. Maaf atas ketidaknyamanannya. Kami akan selalu berusaha memberikan yang terbaik demi kebutuhan perbankan Kakak. Terkait hal tersebut pastikan beberapa hal berikut, pastikan Kakak tidak memakai sunglasses, di tempat yang terang, tidak backlight, posisi wajah di dalam lingkaran dan pastikan aplikasi blu versi terupdate ya.",2025-12-31 19:09:12,2.7.20,Dataset/dataset\BLU_googleplay_DECEMBER_reviews.csv,login
7fcea62c-561a-4322-a405-c251f13fe828,Pengguna Google,https://play-lh.googleusercontent.com/EGemoI2NTXmTsBVtJqk8jxF9rh8ApRWfsIMQSt2uE4OcpQqbFu7f7NbTK05lx80nuSijCz7sc3a277R67g,"tolong update Dark Mode dong, bosen gini² aja dan lebih di percepat lagi loadingnya apalagi kalo buka QRIS beuh lumayan lama tuh",5,0,8.74.0,2025-10-27 08:46:03+00:00,"Hai, Jagoan! Terima kasih sudah memberikan ulasan dan sudah memilih Bank Jago sebagai bank digital kamu. Semoga Bank Jago bisa semakin mempermudah transaksi perbankan kamu. Jika kamu memerlukan informasi seputar Bank Jago, silakan hubungi Tanya Jago di 1500746/+62 21 3000 0746, atau melalui email ke tanya@jago.com. Dengan senang hati akan membantu.",2023-10-11 06:42:33,8.74.0,Dataset/dataset\JAGO_googleplay_OCTOBER_reviews.csv,qris
20600d48-37b5-44bc-b7cb-c44e4a613136,Pengguna Google,https://play-lh.googleusercontent.com/EGemoI2NTXmTsBVtJqk8jxF9rh8ApRWfsIMQSt2uE4OcpQqbFu7f7NbTK05lx80nuSijCz7sc3a277R67g,sayaa membeli pulsaa selalu murah dan topup diamen selaluterjaminn,5,0,1.59.0,2025-11-06 19:14:40+00:00,,,1.59.0,Dataset/dataset\GOPAY_googleplay_NOVEMBER_reviews.csv,topup
ec748e54-dec9-4f87-846d-51e45dc4a4a1,Pengguna Google,https://play-lh.googleusercontent.com/EGemoI2NTXmTsBVtJqk8jxF9rh8ApRWfsIMQSt2uE4OcpQqbFu7f7NbTK05lx80nuSijCz7sc3a277R67g,"saya TF uang ke bank gak masuk², sudah 2 hari dana tidak dikembalikan, mungkin gopay sudah jadi haram",1,0,1.59.0,2025-10-02 08:01:36+00:00,"Hai Kak Rijawati, mohon maaf atas ketidaknyamanannya. Jika masih mengalami keluhan, silakan laporkan melalui email ke customerservice@gopay.co.id dengan melampirkan kode psr-25-275-0833-51020 pada subject email dan cantumkan nomor laporan sebelumnya serta ceritakan kembali detail permasalahannya. Kami tunggu detail laporan kamu ya. ^Miko",2025-10-02 15:34:03,1.59.0,Dataset/dataset\GOPAY_googleplay_OCTOBER_reviews.csv,transfer
1bac4419-00e2-4950-a9f2-26f7bf082c7e,Pengguna Google,https://play-lh.googleusercontent.com/EGemoI2NTXmTsBVtJqk8jxF9rh8ApRWfsIMQSt2uE4OcpQqbFu7f7NbTK05lx80nuSijCz7sc3a277R67g,gk bisa top up,5,0,3.145.0,2025-10-28 08:43:55+00:00,,,3.145.0,Dataset/dataset\OVO_googleplay_OCTOBER_reviews.csv,topup
da780e36-18dd-481b-83ab-1f1c820a36a9,Pengguna Google,https://play-lh.googleusercontent.com/EGemoI2NTXmTsBVtJqk8jxF9rh8ApRWfsIMQSt2uE4OcpQqbFu7f7NbTK05lx80nuSijCz7sc3a277R67g,jelek sekali kadang gak bisa buat transfer terus penanganan nya lama,1,2,1.62.0,2025-11-14 03:01:58+00:00,"Hai Kak Batara, mohon maaf atas ketidaknyamanannya. Pastikan nomor tujuan transfer sudah benar dan sudah cek halaman Riwayat. Jika saldo belum juga bertambah, laporkan detailnya melalui email customerservice@gopay.co.id dan cantumkan kode psr-25-318-0320-15938 pada subject email yang kamu kirimkan ya. ^Melisa",2025-11-14 10:20:24,1.62.0,Dataset/dataset\GOPAY_googleplay_NOVEMBER_reviews.csv,transfer
cf7e2981-a435-4a26-bc98-80df115dce27,Pengguna Google,https://play-lh.googleusercontent.com/EGemoI2NTXmTsBVtJqk8jxF9rh8ApRWfsIMQSt2uE4OcpQqbFu7f7NbTK05lx80nuSijCz7sc3a277R67g,"gak jelas ini ! kenapa saya gak bisa login ? email atau no tlp sudah benar, sandi juga sudah betul padahal baru daftar",3,0,8.74.0,2025-10-17 19:46:38+00:00,"Halo, Jagoan! Mohon maaf atas ketidaknyamanannya. Kami mengerti atas pengalaman kurang baik yang kamu alami. Untuk membantu kamu lebih lanjut, mohon menghubungi Tanya Jago di 1500746 / 021-30000746 atau email ke tanya@jago.com untuk kami cek lebih lanjut terkait kendala tersebut. Kami tunggu laporan dari kamu ya.",2025-10-17 20:20:54,8.74.0,Dataset/dataset\JAGO_googleplay_OCTOBER_reviews.csv,login
fe6473e9-fdfe-477f-bc22-b8268370b956,Pengguna Google,https://play-lh.googleusercontent.com/EGemoI2NTXmTsBVtJqk8jxF9rh8ApRWfsIMQSt2uE4OcpQqbFu7f7NbTK05lx80nuSijCz7sc3a277R67g,"aplikasi aneh,masa transfer lewat qr ga bisa bisa,ga kaya aplikasi lain,ini aplikasi e wallet paling aneh,udah mahal gabisa apa apa",1,4,3.150.0,2025-12-25 11:00:14+00:00,,,3.150.0,Dataset/dataset\OVO_googleplay_DECEMBER_reviews.csv,transfer
05eabde8-ce89-4c8d-9650-e3e7bfd7c18a,Pengguna Google,https://play-lh.googleusercontent.com/EGemoI2NTXmTsBVtJqk8jxF9rh8ApRWfsIMQSt2uE4OcpQqbFu7f7NbTK05lx80nuSijCz7sc3a277R67g,"ku kasih bintang 1 dulu, melakukan QRIS terima eh pas udah dibayar transaksi sudah tertulis berhasil dan saldo sudah terpotong, namun saldo yg harusnya masuk ke penerima masih belum masuk. mau buat laporan malah gagal mulu waktu dikirim. semoga cepat di atasi masa duit ngilang gitu aja dikira nyarinya gampang, terima kasih",1,1,,2025-10-19 08:45:33+00:00,,,,Dataset/dataset\OVO_googleplay_OCTOBER_reviews.csv,qris
affdc20d-8f94-45fe-b65b-18334af5ae03,Pengguna Google,https://play-lh.googleusercontent.com/EGemoI2NTXmTsBVtJqk8jxF9rh8ApRWfsIMQSt2uE4OcpQqbFu7f7NbTK05lx80nuSijCz7sc3a277R67g,transfer cepat dan mudah digunakan,4,0,1.45.09,2025-12-28 05:56:15+00:00,"Hi Kak Main Basuki Rahmat, terima kasih telah menggunakan aplikasi ShopeePay. Kami senang jika menggunakan aplikasi ShopeePay dapat membantu Kakak. Jangan sampai ketinggalan juga untuk promo-promo menarik dari ShopeePay yang ada di Instagram kami @ShopeePay_ID ya. Selamat bertransaksi menggunakan ShopeePay. ^AS",2025-12-29 18:05:06,1.45.09,Dataset/dataset\SHOPEEPAY_googleplay_DECEMBER_reviews.csv,transfer
1af71dd3-4a56-4219-ab4d-bd5109551060,Pengguna Google,https://play-lh.googleusercontent.com/EGemoI2NTXmTsBVtJqk8jxF9rh8ApRWfsIMQSt2uE4OcpQqbFu7f7NbTK05lx80nuSijCz7sc3a277R67g,"Sangat bagus,saya transaksi di gopay untuk top up FC gak masuk point nya tapi di kembaliin uangnya atau dananya",5,0,,2025-10-05 10:38:32+00:00,,,,Dataset/dataset\GOPAY_googleplay_OCTOBER_reviews.csv,topup
329770da-bca1-43ec-b63e-99e8f50c7273,Pengguna Google,https://play-lh.googleusercontent.com/EGemoI2NTXmTsBVtJqk8jxF9rh8ApRWfsIMQSt2uE4OcpQqbFu7f7NbTK05lx80nuSijCz7sc3a277R67g,MAU LOGIN GA BISA. PARAH BANGET,1,0,,2025-12-17 17:26:29+00:00,,,,Dataset/dataset\OVO_googleplay_DECEMBER_reviews.csv,login
46350ce7-cd94-45c2-b650-7a136d4d7206,Pengguna Google,https://play-lh.googleusercontent.com/EGemoI2NTXmTsBVtJqk8jxF9rh8ApRWfsIMQSt2uE4OcpQqbFu7f7NbTK05lx80nuSijCz7sc3a277R67g,"Kecewa berat sih gara gara uang yang aku tf ke penipu lewat qris yg ngarah kesini eh ngga mau direfund sama ni gopay, dah laporan sana sini juga buat buktiin beneran ditipu, bukti juga udah jelas banget, ga rekomen sih ni aturan dari situnya yang programnya gabisa dikembalikan uang yang udah ditransfer, penipuan apapun ngga ditanggung hahaha",1,0,1.57.0,2025-11-21 14:29:27+00:00,"Hai Kak Santoso, mohon maaf atas ketidaknyamanannya. Jika masih mengalami keluhan, silakan laporkan melalui email ke customerservice@gopay.co.id dengan melampirkan kode psr-25-325-0814-43978 pada subject email dan cantumkan nomor laporan sebelumnya serta ceritakan kembali detail permasalahannya. Kami tunggu detail laporan kamu ya. ^Miko",2025-11-21 15:14:56,1.57.0,Dataset/dataset\GOPAY_googleplay_NOVEMBER_reviews.csv,qris
8dd3d46f-4268-44de-baa5-ce75dc04bc66,Pengguna Google,https://play-lh.googleusercontent.com/EGemoI2NTXmTsBVtJqk8jxF9rh8ApRWfsIMQSt2uE4OcpQqbFu7f7NbTK05lx80nuSijCz7sc3a277R67g,sulit untuk login dan keluar kata.PROSES BELUM DAPAT DI LANJUTKAN..gitu terus🥲,1,4,3.2.0,2025-11-19 16:27:59+00:00,"Halo Sahabat @Bajol88 Wedos88, mohon maaf atas ketidaknyamannya. Perihal kendala pada layanan Livin' by Mandiri, mohon untuk dapat mengirimkan email ke mandiricare@bankmandiri.co.id atau dapat menghubungi layanan mandiri 14000 agar dapat dilakukan pengecekan. Tks~Cira

",2025-11-19 16:51:22,3.2.0,Dataset/dataset\LIVIN_googleplay_NOVEMBER_reviews.csv,login
4d38267c-2340-48d5-9fec-2e545634478c,Pengguna Google,https://play-lh.googleusercontent.com/EGemoI2NTXmTsBVtJqk8jxF9rh8ApRWfsIMQSt2uE4OcpQqbFu7f7NbTK05lx80nuSijCz7sc3a277R67g,buat login susah mau masuk aplikasi nya dgn note perbaikan sistem trus parahhh,2,1,3.2.0,2025-12-21 03:24:20+00:00,"Halo Sahabat @Siti Mahmudah, mohon maaf atas ketidaknyamanannya. Kami mohon kesediaan Sahabat melakukan force close pada aplikasi terlebih dahulu, pastikan jaringan data yg digunakan stabil (tidak menggunakan jaringan Wifi) dan kami persilakan Sahabat utk mencoba kembali secara berkala. Tks~Raka",2025-12-21 03:26:20,3.2.0,Dataset/dataset\LIVIN_googleplay_DECEMBER_reviews.csv,login
07545904-dec7-413d-9353-41aecd96eff2,Pengguna Google,https://play-lh.googleusercontent.com/EGemoI2NTXmTsBVtJqk8jxF9rh8ApRWfsIMQSt2uE4OcpQqbFu7f7NbTK05lx80nuSijCz7sc3a277R67g,knpa fitur pinjamannya blm bisa digunakan pdhal sudah sering transki paje qris,1,0,8.79.0,2025-12-31 19:37:37+00:00,"Halo, Jagoan. Mohon maaf atas kendala yang terjadi ya. Kamu tidak perlu khawatir, kamu bisa menjelaskan detail kendala tersebut melalui email di tanya@jago.com atau call center 1500 746 untuk kami bantu tangani lebih lanjut. Terima kasih🙂",2025-12-31 20:07:51,8.79.0,Dataset/dataset\JAGO_googleplay_DECEMBER_reviews.csv,qris
8c32c8c9-1525-467f-9c99-15de5f8400c3,Pengguna Google,https://play-lh.googleusercontent.com/EGemoI2NTXmTsBVtJqk8jxF9rh8ApRWfsIMQSt2uE4OcpQqbFu7f7NbTK05lx80nuSijCz7sc3a277R67g,kenapa saya nggk bisa login lagi ke akun ovo saya,2,0,,2025-12-31 04:12:12+00:00,,,,Dataset/dataset\OVO_googleplay_DECEMBER_reviews.csv,login
0952ed30-7770-400f-9f8e-894c10d348f6,Pengguna Google,https://play-lh.googleusercontent.com/EGemoI2NTXmTsBVtJqk8jxF9rh8ApRWfsIMQSt2uE4OcpQqbFu7f7NbTK05lx80nuSijCz7sc3a277R67g,"Mempermudah dalam melakukan pembayaran atau tagihan apapun mulai dari isi pulsa, token listrik, tagihan BPJS, dan juga pembayaran lainnya. Saat akan melakukan payment di shopee dan ketika harus mengisi dulu ShopeePay nya kita tidak harus keluar dulu dari akun tapi sudah ada aplikasi ShopeePay yang sangat membantu dalam top up saldo ShopeePay. Good banget deh pokoknya 👍👍👍",5,0,,2025-11-14 21:41:39+00:00,"Hi Kak. Terima kasih telah menggunakan ShopeePay. Mari cek aplikasi ShopeePay karena banyak fitur yang mempermudah keseharian kakak seperti pembelian pulsa, paket data, pembayaran tagihan listrik dan pembayaran lainnya. Jika kakak memiliki pertanyaan seputar ShopeePay, mohon DM kami di Instagram @ShopeePay_ID ya. Semoga harimu menyenangkan ^RJ",2025-11-17 09:55:38,,Dataset/dataset\SHOPEEPAY_googleplay_NOVEMBER_reviews.csv,topup
536d7843-ea9b-4c48-9730-4d3401e111d5,Pengguna Google,https://play-lh.googleusercontent.com/EGemoI2NTXmTsBVtJqk8jxF9rh8ApRWfsIMQSt2uE4OcpQqbFu7f7NbTK05lx80nuSijCz7sc3a277R67g,saya ingin bertanya kenapa saya top up saldo e-moneynya sebesar Rp 500 rb dan enggak masuk masuk padahal saldo GO-PAY saya sudah berkurang senilai Rp 500 rb dan udah ada bukti setruk nya berhasil tapi saldo e-moneynya enggak bertambah,1,0,1.61.2,2025-11-03 18:12:42+00:00,"Hai Kak Irawan, mohon maaf atas ketidaknyamanannya. Pastikan kamu memasukkan nomor kartu dengan benar dan sudah update saldo e-money. Apabila masih berkendala, silakan laporkan detailnya ke email customerservice@gopay.co.id dan mencantumkan kode psr-25-307-1413-43862 pada subjek email yang dikirimkan. ^Miko",2025-11-03 21:13:55,1.61.2,Dataset/dataset\GOPAY_googleplay_NOVEMBER_reviews.csv,topup
09919824-b171-4195-9ee8-775aab5a114c,Pengguna Google,https://play-lh.googleusercontent.com/EGemoI2NTXmTsBVtJqk8jxF9rh8ApRWfsIMQSt2uE4OcpQqbFu7f7NbTK05lx80nuSijCz7sc3a277R67g,"mau tf atau bayar 2 bulan terakhir ini sering lemot harus di force close baru buka lagi dari awal, kadang gabisa tf sama sekali. tolong perbaiki.",1,0,,2025-11-18 14:01:54+00:00,"Halo, Jagoan. Mohon maaf atas kendala yang terjadi ya. Kamu tidak perlu khawatir, kamu bisa menjelaskan detail kendala tersebut melalui email di tanya@jago.com atau call center 1500 746 untuk kami bantu tangani lebih lanjut. Terima kasih🙂",2025-11-18 14:36:31,,Dataset/dataset\JAGO_googleplay_NOVEMBER_reviews.csv,transfer
e5bcd18e-c026-4a96-8c88-bb6ac4be2234,Pengguna Google,https://play-lh.googleusercontent.com/EGemoI2NTXmTsBVtJqk8jxF9rh8ApRWfsIMQSt2uE4OcpQqbFu7f7NbTK05lx80nuSijCz7sc3a277R67g,"Yang bener saja ""saya belanja online di shopee biasanya gak kena biaya,itu kan mandiri ke mandiri transfer nya,skrg ada tambahan biaya,makin gak jelas aja",1,1,3.1.0,2025-11-19 18:12:10+00:00,"Halo Sahabat @DERRY, mohon maaf atas ketidaknyamanannya. Terima kasih atas saran dan masukan yg diberikan, perihal tsb akan menjadi masukan bagi kami untuk pengembangan aplikasi kedepannya dan meningkatkan kualitas layanan Bank Mandiri demi kenyamanan nasabah ya. Tks~Alza",2025-11-19 18:14:16,3.1.0,Dataset/dataset\LIVIN_googleplay_NOVEMBER_reviews.csv,transfer
84572a6a-7e18-4a02-a7d1-ddb9c531927c,Pengguna Google,https://play-lh.googleusercontent.com/EGemoI2NTXmTsBVtJqk8jxF9rh8ApRWfsIMQSt2uE4OcpQqbFu7f7NbTK05lx80nuSijCz7sc3a277R67g,"ya'Allah mudah-mudahan saldo saya segera di kembalikan😭top up shopeepay dari kemarin gak ada masuk mana nominalnya lumayan besar kalau buat orang kaya aku,tolong min segera proses pengajuan saya di cs center 😭",2,0,,2025-10-09 14:58:58+00:00,"Hi Kak Iyong. Mohon maaf atas kendala Top Up ShopeePay yang belum diterima. Jika hingga saat ini saldo masih belum diterima, mohon menghubungi kami melalui DM ke Instagram @ShopeePay_ID yang bercentang biru, dengan menginformasikan detail dan bukti kendala untuk bantuan lebih lanjut. Semoga kendala kakak segera terselesaikan ya. ^CS",2025-10-09 15:27:45,,Dataset/dataset\SHOPEEPAY_googleplay_OCTOBER_reviews.csv,topup
c33e7d26-cec1-4ba3-a4c4-573663cf8770,Pengguna Google,https://play-lh.googleusercontent.com/EGemoI2NTXmTsBVtJqk8jxF9rh8ApRWfsIMQSt2uE4OcpQqbFu7f7NbTK05lx80nuSijCz7sc3a277R67g,kenapa gak bisa login aku cuma salah nomer terus harus nunggu 1jam tapi setelah dua jam masih gak bisa ini gmn sihhh,1,0,1.62.0,2025-11-06 18:51:45+00:00,"Hai Kak @vario led, mohon maaf atas kendala yang kamu alami. Sebelum login, pastikan kamu sudah pakai GoPay versi terbaru & tidak ada kendala pada akun kamu, ya. Jika masih tidak bisa login, laporkan ke kami melalui email ke customerservice@gopay.co.id dan mencantumkan kode psr-25-311-0226-42509 pada subjek email. ^Maura",2025-11-07 09:26:49,1.62.0,Dataset/dataset\GOPAY_googleplay_NOVEMBER_reviews.csv,login
06e6873c-15b8-47e8-b390-38419c8f70d9,Pengguna Google,https://play-lh.googleusercontent.com/EGemoI2NTXmTsBVtJqk8jxF9rh8ApRWfsIMQSt2uE4OcpQqbFu7f7NbTK05lx80nuSijCz7sc3a277R67g,"beli pulsa , token PLN murah & bs TF gratis tanpa biaya admin.. pokoknya mantap 👍",5,0,1.60.0,2025-10-24 07:41:20+00:00,,,1.60.0,Dataset/dataset\GOPAY_googleplay_OCTOBER_reviews.csv,transfer
25c2ffff-b913-44e3-b615-67b2ea178abd,Pengguna Google,https://play-lh.googleusercontent.com/EGemoI2NTXmTsBVtJqk8jxF9rh8ApRWfsIMQSt2uE4OcpQqbFu7f7NbTK05lx80nuSijCz7sc3a277R67g,"potongan jadi 2 ribu,mau beli pulsa transfer dari shoope malah kepotong, yang jadi 79k, ini malah merugikan orang. kalau mau transfer kena 2.000 lagi, padahal mau transfer kembali tapi harus kena potongan setidaknya kasih potongan yang kecil, ya walaupun 2 ribu kecil tetapi jadi susah kalau mau transfer uang itupun kena potongan juga",3,0,,2025-12-22 12:26:58+00:00,,,,Dataset/dataset\OVO_googleplay_DECEMBER_reviews.csv,transfer
7e38db7a-d95e-4cb9-be09-4680190a38e2,Pengguna Google,https://play-lh.googleusercontent.com/EGemoI2NTXmTsBVtJqk8jxF9rh8ApRWfsIMQSt2uE4OcpQqbFu7f7NbTK05lx80nuSijCz7sc3a277R67g,aplikasi nya bagus buat top up game juga murah,5,0,,2025-10-21 16:53:36+00:00,,,,Dataset/dataset\GOPAY_googleplay_OCTOBER_reviews.csv,topup
779fa1f6-b257-4d22-9722-e4e32ba2df1d,Pengguna Google,https://play-lh.googleusercontent.com/EGemoI2NTXmTsBVtJqk8jxF9rh8ApRWfsIMQSt2uE4OcpQqbFu7f7NbTK05lx80nuSijCz7sc3a277R67g,"kenapa setiap saya mau login pasti ada kesalahan terus,padahal password sudah saya ganti tapi kok tetap ada kesalahan",1,0,,2025-12-29 21:43:00+00:00,"Halo, Jagoan. Mohon maaf atas kendala yang terjadi ya. Kamu tidak perlu khawatir, kamu bisa menjelaskan detail kendala tersebut melalui email di tanya@jago.com atau call center 1500 746 untuk kami bantu tangani lebih lanjut. Terima kasih :)",2025-12-29 22:05:20,,Dataset/dataset\JAGO_googleplay_DECEMBER_reviews.csv,login
25b73bb7-b010-4d9c-a619-d185f37e7758,Pengguna Google,https://play-lh.googleusercontent.com/EGemoI2NTXmTsBVtJqk8jxF9rh8ApRWfsIMQSt2uE4OcpQqbFu7f7NbTK05lx80nuSijCz7sc3a277R67g,"saran JEK klo topup gopay free ngg usah byar jadi cs bnyak yg mau transaksi buat gofood, goride, gosend, gomaart. atau ngg khusus driver gojek aja free. apalgi driver gojek dapat tagihan tunai dari orderan aplikasih gopartner udh kena Potongna 20%, biaya aplikasih dan top up gopay driver juga kena biaya jadi males ngambil orderan tagihan tunai.coba di fikir lgi JEK.",3,0,1.64.1,2025-11-28 08:13:54+00:00,"Hai Kak @TV CREATOR, mohon maaf atas ketidaknyamanannya. Laporan yang kamu sampaikan akan menjadi masukan bagi kami untuk terus meningkatkan kualitas layanan kami ke depannya. Jika kamu memiliki pertanyaan atau kendala lainnya, silakan kunjungi menu Bantuan di aplikasi GoPay atau email ke customerservice@gopay.co.id. ^Maura",2025-11-28 08:38:15,1.64.1,Dataset/dataset\GOPAY_googleplay_NOVEMBER_reviews.csv,topup
0a86281a-0358-4ece-ab5a-14186730d32d,Pengguna Google,https://play-lh.googleusercontent.com/EGemoI2NTXmTsBVtJqk8jxF9rh8ApRWfsIMQSt2uE4OcpQqbFu7f7NbTK05lx80nuSijCz7sc3a277R67g,"gopay semakin lama semakin gak jelas, 2 kali top up masih dengan kasus yg sama top up lama ka masuk, tolong dari pihak gopay jgn ke gini lah, ini orang top up pun sampai ber hari"" gak masuk di saldo gopay, dan juga kalau di chat hanya di beri jawaban (ya atau tidak)",1,1,1.60.0,2025-10-20 11:22:23+00:00,"Hai Kak, mohon maaf atas ketidaknyamanannya. Jika kamu masih mengalami kendala, melalui email ke customerservice@gojek.com dengan melampirkan kode psr-25-293-0855-48494 pada subject email dan cantumkan nomor laporan kamu sebelumnya pada email yang kamu kirimkan. Kami tunggu detail laporan kamu ya. ^Melisa",2025-10-20 15:55:54,1.60.0,Dataset/dataset\GOPAY_googleplay_OCTOBER_reviews.csv,topup
2ce892dd-9014-4e7c-a6fc-252ccd252cb3,Pengguna Google,https://play-lh.googleusercontent.com/EGemoI2NTXmTsBVtJqk8jxF9rh8ApRWfsIMQSt2uE4OcpQqbFu7f7NbTK05lx80nuSijCz7sc3a277R67g,"tolong developer app ini di tingkatkan lagi proses loading sangat lama, kalau butuh bayar Qris cepat suka bikin kesel,",3,0,3.2.0,2025-12-24 20:28:48+00:00,"Halo Sahabat @Yusuf Ma, mohon maaf atas ketidaknyamanannya. Terkait kendala Sahabat mohon untuk dapat mengirimkan email ke mandiricare@bankmandiri.co.id atau dapat menghubungi Mandiri Call 14000 lalu tekan 2 agar dapat dilakukan pengecekan. Tks~Amar",2025-12-24 20:30:15,3.2.0,Dataset/dataset\LIVIN_googleplay_DECEMBER_reviews.csv,qris
ceee5804-1384-4a79-b1c0-3f78cceeeef9,Pengguna Google,https://play-lh.googleusercontent.com/EGemoI2NTXmTsBVtJqk8jxF9rh8ApRWfsIMQSt2uE4OcpQqbFu7f7NbTK05lx80nuSijCz7sc3a277R67g,gopay koq ga bisa transfer,1,1,1.64.0,2025-11-21 22:13:49+00:00,"Hai Kak Johar, sebelum transfer, pastikan status upgrade GoPay Plus sudah 'Diterima', nomor penerima valid dan tidak terblokir. Jika masih bermasalah, silakan kunjungi menu Bantuan di aplikasi GoPay atau email ke customerservice@gopay.co.id dan cantumkan kode psr-25-325-1537-59310 pada subjek email. ^Maura",2025-11-21 22:38:08,1.64.0,Dataset/dataset\GOPAY_googleplay_NOVEMBER_reviews.csv,transfer
87196363-b008-4d92-ac92-8a533597174a,Pengguna Google,https://play-lh.googleusercontent.com/EGemoI2NTXmTsBVtJqk8jxF9rh8ApRWfsIMQSt2uE4OcpQqbFu7f7NbTK05lx80nuSijCz7sc3a277R67g,"aplikasi Abal""! saya sudah transfer ke qr tapi di qr nya tidak masuk sedangkan di aplikasi gopay itu sudah berhasil dan saldo saya berkurang.dasar aplikasi haus saldo!!!! boikot gopay, boikot gopay boikot gopay!!!",1,0,,2025-10-26 11:09:05+00:00,"Hai Kak Lionel, mohon maaf atas ketidaknyamanannya. Terkait hal tersebut, silakan laporkan melalui email ke customerservice@gopay.co.id dengan melampirkan kode psr-25-299-0441-40371 pada subject email dan ceritakan kembali detail permasalahannya agar tim kami bisa bantu cek lebih lanjut ya. ^Miko",2025-10-26 11:41:51,,Dataset/dataset\GOPAY_googleplay_OCTOBER_reviews.csv,transfer
27e7c704-b77b-4f03-a711-01b4d57a64fc,Pengguna Google,https://play-lh.googleusercontent.com/EGemoI2NTXmTsBVtJqk8jxF9rh8ApRWfsIMQSt2uE4OcpQqbFu7f7NbTK05lx80nuSijCz7sc3a277R67g,gagal transfer trus dari shoppy ke bank,1,1,1.40.06,2025-10-08 08:19:38+00:00,"Hi Kak dawer, mohon maaf mengenai kendala tidak dapat melakukan transfer ke Bank. Mohon pastikan data tujuan penerima sudah sesuai dan silakan bisa coba berkala, apabila masih berkendala mohon menghubungi kami melalui DM Instagram di @ShopeePay_ID yang bercentang biru untuk bantuan lebih lanjut. Semoga kendala kakak segera terselesaikan ^CS",2025-10-08 10:47:50,1.40.06,Dataset/dataset\SHOPEEPAY_googleplay_OCTOBER_reviews.csv,transfer
34bfd6a0-2fdb-41cb-8924-7446587c4f4b,Pengguna Google,https://play-lh.googleusercontent.com/EGemoI2NTXmTsBVtJqk8jxF9rh8ApRWfsIMQSt2uE4OcpQqbFu7f7NbTK05lx80nuSijCz7sc3a277R67g,"makin kesini makin bobrok nih apk , gangguan terus mana lama diperbaiki nya , dr jam 12 siang sampe sore ini mau transaksi pembayaran sampe transfer ke atm sendiri gak bisa² TOLONG LAH DIPERBAIKI CEPATT!!!!",1,4,3.149.0,2025-12-19 17:16:17+00:00,,,3.149.0,Dataset/dataset\OVO_googleplay_DECEMBER_reviews.csv,transfer
58d80e2f-0a0e-40a8-9485-806e44de4e20,Pengguna Google,https://play-lh.googleusercontent.com/EGemoI2NTXmTsBVtJqk8jxF9rh8ApRWfsIMQSt2uE4OcpQqbFu7f7NbTK05lx80nuSijCz7sc3a277R67g,kok gabisa login,1,0,,2025-11-14 12:00:15+00:00,,,,Dataset/dataset\OVO_googleplay_NOVEMBER_reviews.csv,login
b28cf472-62a0-4bb4-b620-5b20d820dcb9,Pengguna Google,https://play-lh.googleusercontent.com/EGemoI2NTXmTsBVtJqk8jxF9rh8ApRWfsIMQSt2uE4OcpQqbFu7f7NbTK05lx80nuSijCz7sc3a277R67g,"top up saldo ke Shopee pey gak masuk"" udah lapor ke cs jawaban nya ga jelas tolong min bantu prosesnya",1,0,1.44.04,2025-12-09 09:30:36+00:00,"Hi Kak ibnu, Mohon maaf atas kendala Top Up ShopeePay yang belum diterima. Mohon menunggu 1x24 jam sejak melakukan Top Up. Apabila sudah melebihi estimasi namun belum diterima, silakan menghubungi kami dengan melampirkan bukti yang tertera nomor telepon, nominal, tanggal & waktu transaksi melalui DM ke IG @ShopeePay_ID yang bercentang biru ya. ^EN",2025-12-09 14:01:32,1.44.04,Dataset/dataset\SHOPEEPAY_googleplay_DECEMBER_reviews.csv,topup
f17381c9-062f-46be-b4b4-3333936b198e,Pengguna Google,https://play-lh.googleusercontent.com/EGemoI2NTXmTsBVtJqk8jxF9rh8ApRWfsIMQSt2uE4OcpQqbFu7f7NbTK05lx80nuSijCz7sc3a277R67g,"gopay maling saldo masa transfer dari bri berhasil ke gopay ga masuk, live chat ga ada penyelesaian, masalahnya di mana,sudah 5 hari",1,0,1.61.2,2025-11-03 12:33:20+00:00,"Hai Kak, pastikan nomor tujuan sudah benar, sudah cek halaman Riwayat, dan coba keluar dan masuk kembali ke aplikasi. Jika saldo masih belum masuk, silakan laporkan melalui menu Bantuan > ketik 'Top up GoPay saya belum masuk' > isi formulir dan cantumkan kode psr-25-307-0800-12947 pada bagian 'Ceritakan lebih lanjut'. ^Melisa",2025-11-03 15:00:19,1.61.2,Dataset/dataset\GOPAY_googleplay_NOVEMBER_reviews.csv,transfer
d01cf817-1947-4bbd-a2fc-7bf26dcf85d1,Pengguna Google,https://play-lh.googleusercontent.com/EGemoI2NTXmTsBVtJqk8jxF9rh8ApRWfsIMQSt2uE4OcpQqbFu7f7NbTK05lx80nuSijCz7sc3a277R67g,"mohon perbaikin lagi donggg apk nya, masaaa saya tf dari e wallet lain gak masuk sih",3,0,1.41.06,2025-10-23 19:08:39+00:00,"Hi Kak jeaa. Mohon maaf atas kendala transfer ke ShopeePay dari e-wallet lain yang belum diterima. Terkait kendala tersebut mohon menghubungi kami melalui DM ke Instagram @ShopeePay_ID yang bercentang biru, dengan menginformasikan detail dan bukti kendala untuk bantuan lebih lanjut. Semoga kendala kakak segera terselesaikan ya. ^CS",2025-10-24 13:29:33,1.41.06,Dataset/dataset\SHOPEEPAY_googleplay_OCTOBER_reviews.csv,transfer
49040f06-e881-4650-9289-bc3e6502a30b,Pengguna Google,https://play-lh.googleusercontent.com/EGemoI2NTXmTsBVtJqk8jxF9rh8ApRWfsIMQSt2uE4OcpQqbFu7f7NbTK05lx80nuSijCz7sc3a277R67g,fitur qris selalu gangguan di gopay saya,2,0,1.64.0,2025-11-25 21:59:46+00:00,"Hai Kak Syarif, mohon maaf atas ketidaknyamanannya. Pastikan kamu menggunakan aplikasi GoPay versi terbaru dan posisi kode QR yang dipindai sudah sesuai. Jika masih berkendala, laporkan melalui email customerservice@gopay.co.id dan cantumkan kode psr-25-329-1600-40301 pada subject email yang kamu kirimkan ya. ^Miko",2025-11-25 23:00:54,1.64.0,Dataset/dataset\GOPAY_googleplay_NOVEMBER_reviews.csv,qris
82480117-c175-4601-84b9-dbf1cf1c67a1,Pengguna Google,https://play-lh.googleusercontent.com/EGemoI2NTXmTsBVtJqk8jxF9rh8ApRWfsIMQSt2uE4OcpQqbFu7f7NbTK05lx80nuSijCz7sc3a277R67g,"TOLONG LAH JGN DI PERSULIT, SAYA PENGGUNA SETIA JAGO, SAAT INI MENGALAMI KENDALANYA DI VERIFIKASI WAJAH YANG TERLALU SULIT MENDETEKSI WAJAH, KONEKSI JARINGAN STABIL, PENCAHAYAAN SUDAH CUKUP BAIK, TETAPI TIDAK ADA RESPONSIF, KALO MAU VERIFIKASI WAJAH ITU TOLONG DI KASIH TIMER , MASA HARUS BERJAM JAM NUNGGU VERIFIKASI WAJAH KAGA TERDETEKSI, SY REDMI NOTE 4X, ANDROID 6, TOLONG SEGERA UPDATE FIX NYA DONK MIN, UDAH EMAIL JUGA TETAP MASIH KESULITAN DI VERIFIKASI WAJAH, BERSIFAT: URGENT!!!!!",1,0,8.74.0,2025-10-08 12:57:53+00:00,"Hai, Jagoan. Mohon maaf untuk kendala yang kamu alami. Terkait kendala tersebut, kamu bisa segera laporkan ke Tanya Jago di nomor 1500746/021-30000746 atau e-mail ke tanya@jago.com ya. Tidak perlu khawatir karena tim terkait kami akan segera membantu. Terima kasih.",2025-10-08 13:08:07,8.74.0,Dataset/dataset\JAGO_googleplay_OCTOBER_reviews.csv,vermuk
9eeec60a-5022-4747-aeb8-0391756cd741,Pengguna Google,https://play-lh.googleusercontent.com/EGemoI2NTXmTsBVtJqk8jxF9rh8ApRWfsIMQSt2uE4OcpQqbFu7f7NbTK05lx80nuSijCz7sc3a277R67g,"gua kesel pake ovo mau TF dana ajah selalu registrasi ulang kTp udh dua kali bgtu mlu, emang register KTP gak ckup sekali, developer nya kasih tau itu please gua punya akun 2 ovo dengan no tlp yg berbeda masa satu no 1 KTP 1 akun gak smua orang hp nya 1 gua hp nya ada 2 masing masing ada grab ada ovo jdi stop ribetin pengguna, mau transfer jadi susah jdi mles top up ovo",1,0,,2025-11-30 11:41:27+00:00,,,,Dataset/dataset\OVO_googleplay_NOVEMBER_reviews.csv,topup
89a5b34e-29c4-4bc8-a6b4-549b9bebffcb,Pengguna Google,https://play-lh.googleusercontent.com/EGemoI2NTXmTsBVtJqk8jxF9rh8ApRWfsIMQSt2uE4OcpQqbFu7f7NbTK05lx80nuSijCz7sc3a277R67g,Proses verifikasi wajah lama dan gagal terus dicoba,1,0,2.5.0,2025-11-13 18:41:23+00:00,"Hai, Kak Firdausi. Maaf atas ketidaknyamanannya. Kami akan selalu berusaha memberikan yang terbaik demi memenuhi kebutuhan perbankan Kakak. Terkait kendala tersebut boleh infokan detail kendala serta kirimkan gambar kendalanya ke X @haloblu atau email haloblu@bcadigital.co.id agar kami bisa bantu lebih lanjut ya.",2025-11-13 19:12:44,2.5.0,Dataset/dataset\BLU_googleplay_NOVEMBER_reviews.csv,vermuk
577f20b3-9b2f-4ce8-a3d5-8c488c1910db,Pengguna Google,https://play-lh.googleusercontent.com/EGemoI2NTXmTsBVtJqk8jxF9rh8ApRWfsIMQSt2uE4OcpQqbFu7f7NbTK05lx80nuSijCz7sc3a277R67g,saya suka bgt sama fiturnya dengan kemudahan dan kelancaran nya dan pembayaran pun secepat kilat top up dan TF gratis semenjak gw instal ni aplikasi gw GK pernah uninstall ni karena gw suka,5,1,1.62.0,2025-11-13 07:06:02+00:00,"Hai, Kak Nedy. Mengenai kendala tersebut, silakan untuk clear cache aplikasi dan gunakan aplikasi GoPay versi terbaru. Jika masih berkendala, laporkan melalui email ke customerservice@gopay.co.id dan cantumkan kode psr-25-136-1042-05595 pada subjek email. Kami tunggu detail permasalahannya. ^Melisa",2025-05-16 17:42:14,1.62.0,Dataset/dataset\GOPAY_googleplay_NOVEMBER_reviews.csv,topup
7e54c807-1fd5-4adf-8323-225722440bd6,Pengguna Google,https://play-lh.googleusercontent.com/EGemoI2NTXmTsBVtJqk8jxF9rh8ApRWfsIMQSt2uE4OcpQqbFu7f7NbTK05lx80nuSijCz7sc3a277R67g,"Dengan berat hati saya memberi bintang 1. karena proses perubahan nomor hape lama sekali repsonnya. Hingga saya tulis ulasan ini, sudah genap 7 hari permohonan saya terkait perubahan nomor handphone belum terselesaikan, sehingga sampai sekarang saya blm bisa login. Jadi ragu untuk melanjutkan menggunakan aplikasi Jago",1,0,,2025-10-25 21:10:08+00:00,"Halo, Jagoan. Mohon maaf atas kendala yang terjadi ya. Kamu tidak perlu khawatir, kamu bisa menjelaskan detail kendala tersebut melalui email di tanya@jago.com atau call center 1500 746 untuk kami bantu tangani lebih lanjut. Terima kasih :)
",2025-10-25 22:27:28,,Dataset/dataset\JAGO_googleplay_OCTOBER_reviews.csv,login
3cf42aef-1459-45f8-ad16-ff60f7c5ce12,Pengguna Google,https://play-lh.googleusercontent.com/EGemoI2NTXmTsBVtJqk8jxF9rh8ApRWfsIMQSt2uE4OcpQqbFu7f7NbTK05lx80nuSijCz7sc3a277R67g,"ovo kenapa sih akhir-akhir ini ga bisa transfer gangguan trs, dulu biasa ny cepat",3,0,3.149.0,2025-12-17 12:00:43+00:00,,,3.149.0,Dataset/dataset\OVO_googleplay_DECEMBER_reviews.csv,transfer
241ff886-8bc0-465a-8e36-04347d8553dc,Pengguna Google,https://play-lh.googleusercontent.com/EGemoI2NTXmTsBVtJqk8jxF9rh8ApRWfsIMQSt2uE4OcpQqbFu7f7NbTK05lx80nuSijCz7sc3a277R67g,"Udah mau 2 mnggu mau login gak bisa""... Saldo gak ke baca,,, tolong di perbaiki,,",1,0,,2025-11-19 06:17:16+00:00,"Halo Sahabat @Cataleya Angel, mohon maaf atas ketidaknyamanannya. Perihal kendala pada layanan Livin’ by Mandiri, mohon untuk mengirimkan email ke mandiricare@bankmandiri.co.id atau dapat menghubungi layanan Mandiri Call 14000 agar dilakukan pengecekan. Tks~Danti",2025-11-19 06:19:40,,Dataset/dataset\LIVIN_googleplay_NOVEMBER_reviews.csv,login
ab965aef-a56f-4338-9207-c795c62e93ea,Pengguna Google,https://play-lh.googleusercontent.com/EGemoI2NTXmTsBVtJqk8jxF9rh8ApRWfsIMQSt2uE4OcpQqbFu7f7NbTK05lx80nuSijCz7sc3a277R67g,bagus lah pokok nya ada top up gratis nanti saldo bisa balik,5,0,1.60.0,2025-11-03 19:13:55+00:00,,,1.60.0,Dataset/dataset\GOPAY_googleplay_NOVEMBER_reviews.csv,topup
6cd6ae6a-a4ee-4f7f-a11d-96d8d20bc98b,Pengguna Google,https://play-lh.googleusercontent.com/EGemoI2NTXmTsBVtJqk8jxF9rh8ApRWfsIMQSt2uE4OcpQqbFu7f7NbTK05lx80nuSijCz7sc3a277R67g,"penipuan, di top up game itu katanya uang kembali mana, mana kembalinya bagi teman teman jangan pernah pakai lagi aplikasi penipuan ini katanya dijamin ehh tau-taunya kena tipu",1,0,1.58.0,2025-10-29 07:01:24+00:00,"Hai Kak Riel, mohon maaf atas ketidaknyamanannya. Mengenai promo mengikuti syarat dan ketentuan yang berlaku. Apabila cashback belum masuk, mohon menunggu 1x24 jam terlebih dahulu. Selengkapnya dapat cek pada menu Bantuan di aplikasi GoPay > ketik ""Cashback saya belum masuk"" di kolom pencarian. ^Maura",2025-10-29 07:12:02,1.58.0,Dataset/dataset\GOPAY_googleplay_OCTOBER_reviews.csv,topup
df89933a-1dbb-4e2b-8662-2fb9a3784bfc,Pengguna Google,https://play-lh.googleusercontent.com/EGemoI2NTXmTsBVtJqk8jxF9rh8ApRWfsIMQSt2uE4OcpQqbFu7f7NbTK05lx80nuSijCz7sc3a277R67g,"aplikasi mudah digunakan, beli paket data, pulsa, token listrik semua murah di gopay, transaksi pembayaran juga banyak geratis nya, gak kena biyaya admin,bayar angsuran, transfer ke bank pun juga mudah, pokok nya gopay sangat membantu& sangat mudah untuk di gunakan, banyak yg menarik di aplikasi gopay, riwud , bonos dll, gopay bisa buat pembayaran di shopiy, topup ke perangkat tv berbayar, contoh nya seperti resifer k-pision, indopison, Nex parabola, juga bisa topup saldo dana, transfer ke dana",5,122,1.60.0,2025-11-10 09:02:39+00:00,,,1.60.0,Dataset/dataset\GOPAY_googleplay_NOVEMBER_reviews.csv,topup
baf387c4-3573-4ea6-b89b-ac3e75c60c6b,Pengguna Google,https://play-lh.googleusercontent.com/EGemoI2NTXmTsBVtJqk8jxF9rh8ApRWfsIMQSt2uE4OcpQqbFu7f7NbTK05lx80nuSijCz7sc3a277R67g,"anehh pas pembayaran qris pake ovo lemot banget udh 2 hari baru berhasil kan jadi double bayar, minta solusi ke CS ga ada tanggepan sama sekali.",1,0,3.132.0,2025-12-18 07:05:08+00:00,,,3.132.0,Dataset/dataset\OVO_googleplay_DECEMBER_reviews.csv,qris
8ce38be4-2bf9-490d-b886-b1ef8ae29141,Pengguna Google,https://play-lh.googleusercontent.com/EGemoI2NTXmTsBVtJqk8jxF9rh8ApRWfsIMQSt2uE4OcpQqbFu7f7NbTK05lx80nuSijCz7sc3a277R67g,"TOLONG DONG DI PERBAIKI LAGI SISTEM NYA SETIAP MAU QRIS ATAU TRANSAKSI SELALU ADA "" HARUS TERHUBUNG"" SETIAP MAU MELAKUKAN TRANSAKSI. TOLONG DI PERBAIKI LAGI APALGI YG JARANG PEGANG CHAS JADI MALU BUAT NUNGGU AGAR TRANSAKSI. TOLONG ADMINYA LEBIH DI PERBAIKI LAGI AGAR PENGGUNA YG LAIN NYAMAN KE APK LIVING MANDIRI INI🙏",1,0,3.2.0,2025-12-02 00:32:21+00:00,"Halo Sahabat @Irfan Kustiana, mohon maaf atas ketidaknyamannya. Perihal kendala pada layanan Livin' by Mandiri, mohon untuk dapat mengirimkan email ke mandiricare@bankmandiri.co.id atau dapat menghubungi layanan mandiri 14000 agar dapat dilakukan pengecekan. Tks~Kale",2025-12-02 02:02:19,3.2.0,Dataset/dataset\LIVIN_googleplay_DECEMBER_reviews.csv,qris
0d802e24-045f-4163-8e87-75715c46b31b,Pengguna Google,https://play-lh.googleusercontent.com/EGemoI2NTXmTsBVtJqk8jxF9rh8ApRWfsIMQSt2uE4OcpQqbFu7f7NbTK05lx80nuSijCz7sc3a277R67g,transfer ke e wallet ga masuk masuk gajelas,1,0,1.41.06,2025-10-30 21:30:43+00:00,"Hi Kak Zidane. Mohon maaf atas kendala transfer ke E-Wallet yang belum diterima. Terkait kendala tersebut mohon menghubungi kami melalui DM ke Instagram @ShopeePay_ID yang bercentang biru, dengan melampirkan bukti transfer untuk bantuan lebih lanjut. Semoga kendala kakak segera terselesaikan ya. ^CS",2025-10-31 11:38:47,1.41.06,Dataset/dataset\SHOPEEPAY_googleplay_OCTOBER_reviews.csv,transfer
f8d9c5dc-20c0-4a2f-bf03-88363721b361,Pengguna Google,https://play-lh.googleusercontent.com/EGemoI2NTXmTsBVtJqk8jxF9rh8ApRWfsIMQSt2uE4OcpQqbFu7f7NbTK05lx80nuSijCz7sc3a277R67g,"top up udah 1 jam lebih ga masuk"" woiii",1,0,,2025-10-01 21:51:10+00:00,"Hi Kak Maszzdimaa, Mohon maaf terkait Top Up ShopeePay yang belum diterima. Mohon menunggu 1x24 jam sejak melakukan Top Up. Apabila sudah melebihi estimasi namun belum diterima, silakan menghubungi kami dengan melampirkan bukti yang tertera nomor telepon, nominal, tanggal & waktu transaksi melalui DM ke IG @ShopeePay_ID yang bercentang biru. ^EN",2025-10-02 11:35:58,,Dataset/dataset\SHOPEEPAY_googleplay_OCTOBER_reviews.csv,topup
63f2dbef-d70b-4f87-b44a-ac08f6397e51,Pengguna Google,https://play-lh.googleusercontent.com/EGemoI2NTXmTsBVtJqk8jxF9rh8ApRWfsIMQSt2uE4OcpQqbFu7f7NbTK05lx80nuSijCz7sc3a277R67g,"BISAA GAA SII BUATT APK TUHH YANGG AMANNN SAYA UDAH TOP UP GA MASUK TERUS LOHH SAYA NGAJUIN KE CS NYA MALAH LEMPAR JAWABAN GAJELASS BANGETT APK NYAAA,TOLONG DONGG INII UANGG SAYA GIMANAA BISA BALIKINN GAA BURIQQ BANGETT APK NYA",1,0,3.148.0,2025-12-04 23:50:59+00:00,,,3.148.0,Dataset/dataset\OVO_googleplay_DECEMBER_reviews.csv,topup
d70a80fc-d261-4111-ae0c-88b3c11c9508,Pengguna Google,https://play-lh.googleusercontent.com/EGemoI2NTXmTsBVtJqk8jxF9rh8ApRWfsIMQSt2uE4OcpQqbFu7f7NbTK05lx80nuSijCz7sc3a277R67g,"Padahal dulu top up dana gratis, sekarang pake admin, terus top up ke gopay, dari gopaynya udah pake jatah gratis top up, eh mandirinya malah nambahin admin lagi",3,0,3.1.0,2025-11-03 10:53:51+00:00,"Halo Sahabat @Octaviaaa Akun 1, mohon maaf atas ketidaknyamanannya. Untuk perihal kendala pada layanan Livin' by Mandiri, mohon untuk dapat mengirimkan email ke mandiricare@bankmandiri.co.id atau dapat menghubungi layanan mandiri 14000 agar dapat dilakukan pengecekan. Tks~Nilam",2025-11-03 10:55:59,3.1.0,Dataset/dataset\LIVIN_googleplay_NOVEMBER_reviews.csv,topup
f5e78f0c-e6c5-456a-8226-e2da7ad46026,Pengguna Google,https://play-lh.googleusercontent.com/EGemoI2NTXmTsBVtJqk8jxF9rh8ApRWfsIMQSt2uE4OcpQqbFu7f7NbTK05lx80nuSijCz7sc3a277R67g,kalo topup geme kenapa kok sering ketukar sendiri id nya padahal udah bener ditunggu sampek lama kok gk masuk id udah bener malah ditukar gimanasih,1,0,1.64.0,2025-11-22 12:44:15+00:00,"Hai Kak @Cuyu Speed, mohon maaf atas ketidaknyamanannya. Terkait hal tersebut, silakan laporkan melalui email ke customerservice@gopay.co.id dengan melampirkan kode psr-25-326-0656-49272 pada subject email dan ceritakan kembali detail permasalahannya agar tim kami bisa bantu cek lebih lanjut ya. ^Miko",2025-11-22 13:57:06,1.64.0,Dataset/dataset\GOPAY_googleplay_NOVEMBER_reviews.csv,topup
e91a2068-d986-426a-bdee-347af6490c24,Pengguna Google,https://play-lh.googleusercontent.com/EGemoI2NTXmTsBVtJqk8jxF9rh8ApRWfsIMQSt2uE4OcpQqbFu7f7NbTK05lx80nuSijCz7sc3a277R67g,alhamdulillah kebantu banget sma Shopee pay tf tf jdi mudah dan cepat sekali.. .. jazakumullAh ya Shopee semoga makin ke sini makin ga ada yg ribet2 dan makin aman ya,5,0,1.44.05,2025-12-12 08:19:27+00:00,"Hi Kak. Terima kasih telah menggunakan ShopeePay. Mari cek aplikasi ShopeePay karena banyak fitur yang mempermudah keseharian kakak seperti pembelian pulsa, paket data, pembayaran tagihan listrik dan pembayaran lainnya. Jika kakak memiliki pertanyaan seputar ShopeePay, mohon DM kami di Instagram @ShopeePay_ID ya. Semoga harimu menyenangkan ^RJ",2025-12-12 09:35:38,1.44.05,Dataset/dataset\SHOPEEPAY_googleplay_DECEMBER_reviews.csv,transfer
e52a9880-1219-4658-97a6-04c41e373e64,Pengguna Google,https://play-lh.googleusercontent.com/EGemoI2NTXmTsBVtJqk8jxF9rh8ApRWfsIMQSt2uE4OcpQqbFu7f7NbTK05lx80nuSijCz7sc3a277R67g,ga bisa login verifikasi wajah berkedip ratusan kali ga bisa huh,1,1,3.2.0,2025-12-08 16:59:46+00:00,"Halo Sahabat @RA Jr, mohon maaf atas ketidaknyamannya. Perihal kendala pada layanan Livin' by Mandiri, mohon untuk dapat mengirimkan email ke mandiricare@bankmandiri.co.id atau dapat menghubungi layanan mandiri 14000 agar dapat dilakukan pengecekan. Tks~Romi",2025-12-08 17:13:07,3.2.0,Dataset/dataset\LIVIN_googleplay_DECEMBER_reviews.csv,login
9321bd5d-6b50-4468-878d-581c6c782984,Pengguna Google,https://play-lh.googleusercontent.com/EGemoI2NTXmTsBVtJqk8jxF9rh8ApRWfsIMQSt2uE4OcpQqbFu7f7NbTK05lx80nuSijCz7sc3a277R67g,wah gila gopay se bagus ini bisa top up diamon dengan harga yang murah banget😙😙,5,0,,2025-10-26 21:20:18+00:00,,,,Dataset/dataset\GOPAY_googleplay_OCTOBER_reviews.csv,topup
8029bb6f-5497-4682-9cb5-8b80b61398c5,Pengguna Google,https://play-lh.googleusercontent.com/EGemoI2NTXmTsBVtJqk8jxF9rh8ApRWfsIMQSt2uE4OcpQqbFu7f7NbTK05lx80nuSijCz7sc3a277R67g,"baru kali ini mau top up google play dari shopeepay saldo hilang 10 ribu, pelayanan pusat bantuan sangat mengecewakan. sudah banyak kirim screenshot, dan saldo akhir namun ya begitu saldo awal 12 ribu belum balik. cukup tahu aja ini aplikasi.",3,10,1.45.09,2025-12-26 20:28:47+00:00,"Hi Kak. Mohon maaf atas ketidaknyamanannya mengenai Top Up Google Play. Agar dapat kami cek lebih lanjut, mohon menghubungi kami dengan melampirkan detail kendala dan tangkapan layar kendalanya melalui DM Instagram @ShopeePay_ID ya. Kami akan membantu kendala yang Kakak alami ^AS",2025-12-29 13:51:30,1.45.09,Dataset/dataset\SHOPEEPAY_googleplay_DECEMBER_reviews.csv,topup
3d06dfe6-3aae-4efc-be6b-6401fa1cfdb0,Pengguna Google,https://play-lh.googleusercontent.com/EGemoI2NTXmTsBVtJqk8jxF9rh8ApRWfsIMQSt2uE4OcpQqbFu7f7NbTK05lx80nuSijCz7sc3a277R67g,ini enak top up ff mantap,5,0,1.61.2,2025-10-30 21:59:03+00:00,,,1.61.2,Dataset/dataset\GOPAY_googleplay_OCTOBER_reviews.csv,topup
2a16b2f4-51ab-4627-86d6-c2c667980025,Pengguna Google,https://play-lh.googleusercontent.com/EGemoI2NTXmTsBVtJqk8jxF9rh8ApRWfsIMQSt2uE4OcpQqbFu7f7NbTK05lx80nuSijCz7sc3a277R67g,"sebenarnya bagus sih layanannya, tapi waktu saya top up e-money dari gopay ke kartu mandiri, saldo malah hilang dan tidak ditindaklanjuti",5,0,1.59.0,2025-10-07 15:27:59+00:00,"Hai Kak Samuel, mohon maaf atas ketidaknyamanannya. Pastikan kamu memasukkan nomor kartu dengan benar dan sudah update saldo e-money. Apabila masih berkendala, silakan laporkan detailnya ke email customerservice@gopay.co.id dan mencantumkan kode psr-25-275-0905-37613 pada subjek email yang dikirimkan. ^Miko",2025-10-02 16:05:56,1.59.0,Dataset/dataset\GOPAY_googleplay_OCTOBER_reviews.csv,topup
439a0bdc-75eb-45a2-923d-c5f55dfec965,Pengguna Google,https://play-lh.googleusercontent.com/EGemoI2NTXmTsBVtJqk8jxF9rh8ApRWfsIMQSt2uE4OcpQqbFu7f7NbTK05lx80nuSijCz7sc3a277R67g,"gemes banget tbtb gak bisa dibuka , refresh sendiri ,pernah bayar qris sampe 2 kali ,ngeselin",2,0,1.61.2,2025-11-09 09:29:50+00:00,"Hai Kak Velcya, mohon maaf atas kendalanya. Pastikan kamu sudah menggunakan aplikasi GoPay versi terbaru, ya. Jika masih berkendala, silakan laporkan melalui halaman Bantuan > ketik ""Kendala tampilan dan notifikasi"" di kolom pencarian > pilih artikel dan lengkapi formulirnya. Kami siap membantu. ^Miko",2025-11-09 15:02:03,1.61.2,Dataset/dataset\GOPAY_googleplay_NOVEMBER_reviews.csv,qris
8f2c96a4-1817-49d9-886c-9ab433058e22,Pengguna Google,https://play-lh.googleusercontent.com/EGemoI2NTXmTsBVtJqk8jxF9rh8ApRWfsIMQSt2uE4OcpQqbFu7f7NbTK05lx80nuSijCz7sc3a277R67g,"saya melakukan pembayaran qris di jago succes sedang seller tidak menerima.., saya cs jago saya hub, dan seller juga.., namun g da solusi, dua kalu ke debet pula,, akhirnya saya takut.., saya keluarin semua saldo pakai aplikasi lain.. aja ngeri..",1,4,8.74.0,2025-10-18 07:00:33+00:00,"Halo, Jagoan. Mohon maaf atas kendala yang terjadi ya. Kamu tidak perlu khawatir, kamu bisa menjelaskan detail kendala tersebut melalui email di tanya@jago.com atau call center 1500 746 untuk kami bantu tangani lebih lanjut. Terima kasih :)",2025-10-18 07:42:05,8.74.0,Dataset/dataset\JAGO_googleplay_OCTOBER_reviews.csv,qris
5d243361-7ee1-488a-a7ec-e05110d7e9c9,Pengguna Google,https://play-lh.googleusercontent.com/EGemoI2NTXmTsBVtJqk8jxF9rh8ApRWfsIMQSt2uE4OcpQqbFu7f7NbTK05lx80nuSijCz7sc3a277R67g,gopay sekarang ko tambah jelek yaa. mau transfer pake gris aja ga bisa. bilangnya gangguan mas gangguan Uda berapa minggu,2,0,1.64.0,2025-11-23 19:29:34+00:00,"Hai Kak Andre, maaf atas ketidaknyamanannya. Pastikan kamu menggunakan aplikasi GoPay versi terbaru dan kode QR yang dipindai berasal dari merchant yang menerima pembayaran melalui kode GoPay. Jika masih berkendala, laporkan melalui email ke customerservice@gopay.co.id dan cantumkan kode psr-25-327-1241-14355 pada subjek email. ^Maura",2025-11-23 19:41:26,1.64.0,Dataset/dataset\GOPAY_googleplay_NOVEMBER_reviews.csv,transfer
909f0733-5058-43f9-b402-2ed9be1b8ebc,Pengguna Google,https://play-lh.googleusercontent.com/EGemoI2NTXmTsBVtJqk8jxF9rh8ApRWfsIMQSt2uE4OcpQqbFu7f7NbTK05lx80nuSijCz7sc3a277R67g,"kemarin enjoy,enak,mudah menggunakannya .tapi sekarang kecewa.kmrin sore baru isi saldo 420rb.baru untuk transaksi TF 104rb.tiba tiba bangun tidur cek mau TF saldo tinggal 9rbuan.setelah dicek ada transaksi yg mencurigakan dan tidak pernah saya melakukannya.sudah laporan,sudah mengisi formulir tapi hasil nol saldo tidak bisa dikembalikan.kecewa sangat saya",1,8,1.59.0,2025-10-05 19:42:04+00:00,"Hai Kak Tuti, mohon maaf atas ketidaknyamanannya. Jika masih mengalami keluhan, silakan laporkan melalui email ke customerservice@gopay.co.id dengan melampirkan kode psr-25-278-1528-30200 pada subject email dan cantumkan nomor laporan sebelumnya serta ceritakan kembali detail permasalahannya. Kami tunggu detail laporan kamu ya. ^Miko",2025-10-05 22:28:44,1.59.0,Dataset/dataset\GOPAY_googleplay_OCTOBER_reviews.csv,transfer
b74abe90-29e7-45f6-aa9d-fe5e65a58ad5,Pengguna Google,https://play-lh.googleusercontent.com/EGemoI2NTXmTsBVtJqk8jxF9rh8ApRWfsIMQSt2uE4OcpQqbFu7f7NbTK05lx80nuSijCz7sc3a277R67g,"aplikasi ini sangat jelekk, saya top up Gopay ga masuk' mohon di perbaiki lagi ya anjinggg",1,0,1.60.0,2025-10-29 06:16:55+00:00,"Hai Kak Eris, pastikan nomor tujuan sudah benar, sudah cek halaman Riwayat, dan coba keluar dan masuk kembali ke aplikasi. Jika saldo masih belum masuk, silakan laporkan melalui menu Bantuan > ketik 'Top up GoPay saya belum masuk' > isi formulir dan cantumkan kode psr-25-302-0003-12117 pada bagian 'Ceritakan lebih lanjut'. ^Maura",2025-10-29 07:03:21,1.60.0,Dataset/dataset\GOPAY_googleplay_OCTOBER_reviews.csv,topup
1b37a7bb-bd0b-4461-8724-32faee6e8977,Pengguna Google,https://play-lh.googleusercontent.com/EGemoI2NTXmTsBVtJqk8jxF9rh8ApRWfsIMQSt2uE4OcpQqbFu7f7NbTK05lx80nuSijCz7sc3a277R67g,udah top up saldo tapi elum masuk saldonya lama banget,1,0,1.60.0,2025-10-15 23:47:20+00:00,"Hai Kak Zakky, pastikan nomor tujuan sudah benar, sudah cek halaman Riwayat, dan coba keluar dan masuk kembali ke aplikasi. Jika saldo masih belum masuk, silakan laporkan melalui menu Bantuan > ketik 'Top up GoPay saya belum masuk' > isi formulir dan cantumkan kode psr-25-289-2303-12017 pada bagian 'Ceritakan lebih lanjut'. ^Maura",2025-10-16 06:03:19,1.60.0,Dataset/dataset\GOPAY_googleplay_OCTOBER_reviews.csv,topup
e317e2cc-ca74-4a2c-969a-5c262d2c37c9,Pengguna Google,https://play-lh.googleusercontent.com/EGemoI2NTXmTsBVtJqk8jxF9rh8ApRWfsIMQSt2uE4OcpQqbFu7f7NbTK05lx80nuSijCz7sc3a277R67g,the best emang kalau TF atau minta,5,0,1.60.0,2025-10-21 11:27:32+00:00,,,1.60.0,Dataset/dataset\GOPAY_googleplay_OCTOBER_reviews.csv,transfer
69709354-22b1-42b7-bbc7-ceac9eca3add,Pengguna Google,https://play-lh.googleusercontent.com/EGemoI2NTXmTsBVtJqk8jxF9rh8ApRWfsIMQSt2uE4OcpQqbFu7f7NbTK05lx80nuSijCz7sc3a277R67g,lemot bed dah lo mau transfer gagal mulu,4,0,1.60.0,2025-10-22 14:18:21+00:00,,,1.60.0,Dataset/dataset\GOPAY_googleplay_OCTOBER_reviews.csv,transfer
a73f6d1c-c147-462c-acca-cd1419ebd2e8,Pengguna Google,https://play-lh.googleusercontent.com/EGemoI2NTXmTsBVtJqk8jxF9rh8ApRWfsIMQSt2uE4OcpQqbFu7f7NbTK05lx80nuSijCz7sc3a277R67g,"Gak logout malah logout sendiri.... Mau login, sdh ngisi sesuai petunjuk, bolak balik muter terus... Di suruh selfie, bikin passwordnya, pinya...balik lagi verifikasi wajah... Muter aja terus gak masuk-masuk.... Ampun2... 🥵🥵🥵",1,2,3.2.0,2025-11-28 18:36:41+00:00,"Halo Sahabat @irham ibnifahrizal, mohon maaf atas ketidaknyamannya. Perihal kendala pada layanan Livin' by Mandiri, mohon untuk dapat mengirimkan email ke mandiricare@bankmandiri.co.id atau dapat menghubungi layanan mandiri 14000 agar dapat dilakukan pengecekan. Tks~Kale",2025-11-28 18:41:13,3.2.0,Dataset/dataset\LIVIN_googleplay_NOVEMBER_reviews.csv,login
e44a47fe-976d-4711-87a1-81aa57f06485,Pengguna Google,https://play-lh.googleusercontent.com/EGemoI2NTXmTsBVtJqk8jxF9rh8ApRWfsIMQSt2uE4OcpQqbFu7f7NbTK05lx80nuSijCz7sc3a277R67g,"aplikasi nya mengecewakan, uang saya tidak bisa di ambil atau di transfer, saya udh 2x update aplikasi ini dan upload berkas saya tapi di tolak dengan alasan ID sudah pernah di gunakan padahal sebelumnya aman saja, dan pernah juga akun gopay saya keluar alias log out sendiri dan daftar ulang padahal saldo saya masih ada di gopay sebelum nya, udh rugi sih tapi aku masih percaya itu error tapi lama kelamaan Kok gak bisa ngambil uang atau transfer ya? tolong lah admin kami ini pengguna biasa",1,23,1.64.1,2025-11-25 19:34:06+00:00,"Hai Kak Ayub, mohon maaf atas ketidaknyamanannya. Jika masih mengalami keluhan, silakan laporkan melalui email ke customerservice@gopay.co.id dengan melampirkan kode psr-25-329-1347-53981 pada subject email dan cantumkan nomor laporan sebelumnya serta ceritakan kembali detail permasalahannya. Kami tunggu detail laporan kamu ya. ^Miko",2025-11-25 20:48:07,1.64.1,Dataset/dataset\GOPAY_googleplay_NOVEMBER_reviews.csv,transfer
63cadff1-ebd0-4ae6-a7cb-c8fd39204aac,Pengguna Google,https://play-lh.googleusercontent.com/EGemoI2NTXmTsBVtJqk8jxF9rh8ApRWfsIMQSt2uE4OcpQqbFu7f7NbTK05lx80nuSijCz7sc3a277R67g,"susah amat mau verifikasi wajah aja mohon berkedip,sampe pegel mata,",1,0,3.1.0,2025-11-07 18:18:31+00:00,"Hai Sahabat @MUSLIM AJA, mohon maaf atas ketidaknyamanannya. Perihal verifikasi wajah tsb silakan dapat mencoba kembali secara berkala dgn dipastikan utk pencahayaan baik, tidak terlalu dekat dgn kamera dan jaringan yg digunakan stabil. Tks~Divia",2025-11-06 19:48:16,3.1.0,Dataset/dataset\LIVIN_googleplay_NOVEMBER_reviews.csv,vermuk
de7760f6-e62b-4a6d-900e-80874ded903f,Pengguna Google,https://play-lh.googleusercontent.com/EGemoI2NTXmTsBVtJqk8jxF9rh8ApRWfsIMQSt2uE4OcpQqbFu7f7NbTK05lx80nuSijCz7sc3a277R67g,tadi pagi sy login ke aplikasinya bisa kok dari siang Sampek sore aplikasinya tidak bisa login dan sayangnya uang buat anak aku bayar skolah masih disana bisa dibantu,2,1,8.75.0,2025-10-28 13:54:43+00:00,"Halo, Jagoan. Mohon maaf atas kendala yang terjadi ya. Kamu tidak perlu khawatir, kamu bisa menjelaskan detail kendala tersebut melalui email di tanya@jago.com atau call center 1500 746 untuk kami bantu tangani lebih lanjut. Terima kasih :)
",2025-10-28 15:27:47,8.75.0,Dataset/dataset\JAGO_googleplay_OCTOBER_reviews.csv,login
fa9bdbe1-60cd-4664-a3d9-5670c98a1b2d,Pengguna Google,https://play-lh.googleusercontent.com/EGemoI2NTXmTsBVtJqk8jxF9rh8ApRWfsIMQSt2uE4OcpQqbFu7f7NbTK05lx80nuSijCz7sc3a277R67g,murah banget top up di ep ep dapet diskon pokok nya murah banget,5,0,,2025-11-06 07:45:00+00:00,,,,Dataset/dataset\GOPAY_googleplay_NOVEMBER_reviews.csv,topup
66e38f6c-8dbb-48e4-a144-64e8b61dd7a8,Pengguna Google,https://play-lh.googleusercontent.com/EGemoI2NTXmTsBVtJqk8jxF9rh8ApRWfsIMQSt2uE4OcpQqbFu7f7NbTK05lx80nuSijCz7sc3a277R67g,saya top up gem kenpa tidak bisa ya makanya saya beri bintang 2,2,0,1.59.0,2025-11-02 11:51:58+00:00,"Hai Kak Sutarjo, mohon maaf atas ketidaknyamanannya. Terkait hal tersebut, silakan laporkan melalui email ke customerservice@gopay.co.id dengan melampirkan kode psr-25-306-0724-02905 pada subject email dan ceritakan kembali detail permasalahannya agar tim kami bisa bantu cek lebih lanjut ya. ^Melisa",2025-11-02 14:24:11,1.59.0,Dataset/dataset\GOPAY_googleplay_NOVEMBER_reviews.csv,topup
27f9e9f1-7865-4709-8b7b-f18d6097e6c1,Pengguna Google,https://play-lh.googleusercontent.com/EGemoI2NTXmTsBVtJqk8jxF9rh8ApRWfsIMQSt2uE4OcpQqbFu7f7NbTK05lx80nuSijCz7sc3a277R67g,"sia sia donwlod apk ini, g bisa login, padahal kode otp sudah sesuai derkali kali ttp g bisa login shiball",1,1,1.42.03,2025-11-07 15:46:50+00:00,"Hi Kak. Mohon maaf mengenai kendala tidak bisa login aplikasi ShopeePay. Agar dapat kami cek lebih lanjut, mohon menghubungi kami melalui DM Instagram @ShopeePay_ID ya dengan melampirkan foto/screenshot notifikasi kendala yang dialami. Kami akan membantu kendala yang kakak alami. ^CS",2025-11-07 17:53:48,1.42.03,Dataset/dataset\SHOPEEPAY_googleplay_NOVEMBER_reviews.csv,login
4a317548-f676-4c14-a8f2-f8093b93e7c6,Pengguna Google,https://play-lh.googleusercontent.com/EGemoI2NTXmTsBVtJqk8jxF9rh8ApRWfsIMQSt2uE4OcpQqbFu7f7NbTK05lx80nuSijCz7sc3a277R67g,jelek qris blm berhasil saldo nya udh ke potong,1,1,3.147.0,2025-11-19 11:31:01+00:00,,,3.147.0,Dataset/dataset\OVO_googleplay_NOVEMBER_reviews.csv,qris
e9735a52-5b30-4dc6-a606-d5cb0f6040a3,Pengguna Google,https://play-lh.googleusercontent.com/EGemoI2NTXmTsBVtJqk8jxF9rh8ApRWfsIMQSt2uE4OcpQqbFu7f7NbTK05lx80nuSijCz7sc3a277R67g,"bisa gak di menu transaksi transfer struknya bisa di print, ada edit print sama edit ongkos jasanya juga",5,1,3.2.0,2025-11-27 08:04:27+00:00,"Halo Sahabat @deden ruslan, mohon maaf atas ketidaknyamanannya. Terimakasih atas saran dan masukan yang diberikan, perihal tsb akan menjadi masukan bagi kami untuk pengembangan aplikasi kedepannya dan meningkatkan kualitas layanan Livin' by Mandiri. Tks~Kila",2025-11-27 08:11:07,3.2.0,Dataset/dataset\LIVIN_googleplay_NOVEMBER_reviews.csv,transfer
3b3d2632-850d-40c2-a144-13bb28e2c05c,Pengguna Google,https://play-lh.googleusercontent.com/EGemoI2NTXmTsBVtJqk8jxF9rh8ApRWfsIMQSt2uE4OcpQqbFu7f7NbTK05lx80nuSijCz7sc3a277R67g,"kecewa dgn aplikasi ini saya TF ke dana dan transaksi berhasil,tapi saldo nggak masuk masuk",1,1,1.60.0,2025-10-11 20:35:36+00:00,"Hai Kak Kholid, pastikan nomor tujuan benar dan sudah cek halaman Riwayat. Jika setelah 2x24 jam di hari kerja (diluar Sabtu, Minggu, atau Libur) saldo belum bertambah, silakan lapor ke menu Bantuan > ketik 'Transfer saldo ke bank atau e-wallet belum diterima' dan cantumkan kode psr-25-284-1510-09084 pada bagian 'Ceritakan lebih lanjut'. ^Miko",2025-10-11 22:10:23,1.60.0,Dataset/dataset\GOPAY_googleplay_OCTOBER_reviews.csv,transfer
ca1e5b2e-4643-46c7-92af-5cf5dbb7a88d,Pengguna Google,https://play-lh.googleusercontent.com/EGemoI2NTXmTsBVtJqk8jxF9rh8ApRWfsIMQSt2uE4OcpQqbFu7f7NbTK05lx80nuSijCz7sc3a277R67g,udah keren tapi kalo bisa kasih top up untuk COC dong terimakasih,4,0,,2025-10-01 18:20:37+00:00,,,,Dataset/dataset\GOPAY_googleplay_OCTOBER_reviews.csv,topup
2e6c2030-499d-4c05-92ff-13f8a5681460,Pengguna Google,https://play-lh.googleusercontent.com/EGemoI2NTXmTsBVtJqk8jxF9rh8ApRWfsIMQSt2uE4OcpQqbFu7f7NbTK05lx80nuSijCz7sc3a277R67g,"Sampah, selalu error tiba2 kluar dri akun disuruh login ulang.. Giliran udh login ulang mlah gagal trs, eh karna keseringan login mlah kna blokir.. Sampahh, mna live chat nya cma modal bot lgi..",1,2,3.144.0,2025-10-06 23:53:30+00:00,,,3.144.0,Dataset/dataset\OVO_googleplay_OCTOBER_reviews.csv,login
20cddcbe-7980-416a-a524-c9840b00e825,Pengguna Google,https://play-lh.googleusercontent.com/EGemoI2NTXmTsBVtJqk8jxF9rh8ApRWfsIMQSt2uE4OcpQqbFu7f7NbTK05lx80nuSijCz7sc3a277R67g,keren. transfer super cepat. ada profit investasi nya. aman dan sangat berkualitas. memudahkan belanja dengan banyak promo. terima kasih shopee dan shopeepay,5,1,1.42.03,2025-12-01 02:56:34+00:00,"Hi Kak. Terima kasih telah menggunakan ShopeePay. Mari cek aplikasi ShopeePay karena banyak fitur yang mempermudah keseharian kakak seperti pembelian pulsa, paket data, pembayaran tagihan listrik dan pembayaran lainnya. Jika kakak memiliki pertanyaan seputar ShopeePay, mohon DM kami di Instagram @ShopeePay_ID ya. Semoga harimu menyenangkan ^RJ",2025-12-01 10:01:44,1.42.03,Dataset/dataset\SHOPEEPAY_googleplay_DECEMBER_reviews.csv,transfer
d98a6be5-d81e-4a35-8a64-99aeedd58304,Pengguna Google,https://play-lh.googleusercontent.com/EGemoI2NTXmTsBVtJqk8jxF9rh8ApRWfsIMQSt2uE4OcpQqbFu7f7NbTK05lx80nuSijCz7sc3a277R67g,uang saya dari dana TF ke gopay gak masuk padahal transaksi berhasil,2,0,1.61.2,2025-10-25 19:23:14+00:00,"Hai Kak Cahya, mohon maat atas ketidaknyamanannya. Jika kamu masih mengalami kendala, silakan laporkan melalui email ke customerservice@gopay.co.id dengan melampirkan kode psr-25-298-1254-33979 pada subject email dan cantumkan nomor laporan kamu sebelumnya pada email yang kamu kirimkan. Kami tunggu detail laporan kamu ya. ^Melisa",2025-10-25 19:54:42,1.61.2,Dataset/dataset\GOPAY_googleplay_OCTOBER_reviews.csv,transfer
98a8cc44-d9d9-4e78-b88c-f70dba5ca03e,Pengguna Google,https://play-lh.googleusercontent.com/EGemoI2NTXmTsBVtJqk8jxF9rh8ApRWfsIMQSt2uE4OcpQqbFu7f7NbTK05lx80nuSijCz7sc3a277R67g,saya tidak bisa login shopeepay di hp baru,5,0,1.44.04,2025-12-15 18:38:02+00:00,"Hi Kak Safran. Mohon maaf mengenai kendala tidak bisa login ShopeePay dengan device baru. Agar dapat kami cek lebih lanjut, mohon menghubungi kami melalui DM Instagram @ShopeePay_ID ya. Kami akan membantu kendala yang kakak alami ^CS",2025-11-03 11:57:38,1.44.04,Dataset/dataset\SHOPEEPAY_googleplay_DECEMBER_reviews.csv,login
82e00084-a3bb-4789-a640-6985dd1736b3,Pengguna Google,https://play-lh.googleusercontent.com/EGemoI2NTXmTsBVtJqk8jxF9rh8ApRWfsIMQSt2uE4OcpQqbFu7f7NbTK05lx80nuSijCz7sc3a277R67g,kok gabisa tiap buat tf ke dana yaa dari kmarin ??,3,0,3.2.0,2025-12-11 20:05:53+00:00,"Halo Sahabat @Latevr23, mohon maaf atas ketidaknyamanannya. Kami mohon kesediaan Sahabat melakukan force close pada aplikasi terlebih dahulu, pastikan jaringan data yg digunakan stabil (tidak menggunakan jaringan Wifi) dan kami persilakan Sahabat utk mencoba kembali secara berkala. Tks~Raka",2025-12-11 20:54:53,3.2.0,Dataset/dataset\LIVIN_googleplay_DECEMBER_reviews.csv,transfer
8a167f38-8c8a-46d7-8347-f71cb8382baf,Pengguna Google,https://play-lh.googleusercontent.com/EGemoI2NTXmTsBVtJqk8jxF9rh8ApRWfsIMQSt2uE4OcpQqbFu7f7NbTK05lx80nuSijCz7sc3a277R67g,"bagus bgt, kalian kalo mau transfer ke mana aja pake gopay , tanpa biaya admin, pokoknya joss",5,0,1.60.0,2025-10-16 20:31:37+00:00,,,1.60.0,Dataset/dataset\GOPAY_googleplay_OCTOBER_reviews.csv,transfer
bef8e40c-4e29-49ce-8a0b-f01f394c90e1,Pengguna Google,https://play-lh.googleusercontent.com/EGemoI2NTXmTsBVtJqk8jxF9rh8ApRWfsIMQSt2uE4OcpQqbFu7f7NbTK05lx80nuSijCz7sc3a277R67g,pengalaman pertama saya pakai ovo transfer / top up ke ovo saldo bca terpotong namun saldo ovo tidak bertambah.. trus untuk live chat ovo sendiri tidak ada.. mohon untuk pihak ovo memperbaikinya sistem lebih baik saya kecewa 😥😥,1,0,3.144.0,2025-10-07 14:11:56+00:00,,,3.144.0,Dataset/dataset\OVO_googleplay_OCTOBER_reviews.csv,topup
e2089aa7-51f8-40bb-aa75-4c38bd13ba73,Pengguna Google,https://play-lh.googleusercontent.com/EGemoI2NTXmTsBVtJqk8jxF9rh8ApRWfsIMQSt2uE4OcpQqbFu7f7NbTK05lx80nuSijCz7sc3a277R67g,"adminya mahal banget gak ada transfer gratis parah, mending pilih aplikasi lainnya aja banyak yg gratis",1,0,3.148.0,2025-11-27 02:02:55+00:00,,,3.148.0,Dataset/dataset\OVO_googleplay_NOVEMBER_reviews.csv,transfer
fa96318f-bbdd-4ad9-956a-6bb61d9f9816,Pengguna Google,https://play-lh.googleusercontent.com/EGemoI2NTXmTsBVtJqk8jxF9rh8ApRWfsIMQSt2uE4OcpQqbFu7f7NbTK05lx80nuSijCz7sc3a277R67g,topup gk masuk masuk ajukan pebgembalian dana lama proses ribet,1,1,1.41.06,2025-10-31 09:07:35+00:00,"Hi Kak Fahtur. Mohon maaf atas kendala Top Up ShopeePay yang belum diterima dan pengembalian dana. Jika hingga saat ini Top Up masih belum diterima mohon menghubungi kami melalui DM ke Instagram @ShopeePay_ID yang bercentang biru, dgn melampirkan bukti bayar Top Up tersebut untuk bantuan lebih lanjut. Semoga kendala kakak segera terselesaikan. ^CS",2025-10-31 10:41:40,1.41.06,Dataset/dataset\SHOPEEPAY_googleplay_OCTOBER_reviews.csv,topup
f4db936b-e03e-40da-adb4-024854bc8d0c,Pengguna Google,https://play-lh.googleusercontent.com/EGemoI2NTXmTsBVtJqk8jxF9rh8ApRWfsIMQSt2uE4OcpQqbFu7f7NbTK05lx80nuSijCz7sc3a277R67g,klu tf masuk ny lama,2,0,3.144.0,2025-10-14 12:23:53+00:00,,,3.144.0,Dataset/dataset\OVO_googleplay_OCTOBER_reviews.csv,transfer
d83868c3-f344-47b6-944d-ed039781d526,Pengguna Google,https://play-lh.googleusercontent.com/EGemoI2NTXmTsBVtJqk8jxF9rh8ApRWfsIMQSt2uE4OcpQqbFu7f7NbTK05lx80nuSijCz7sc3a277R67g,"saya top up melalui dana dari tgl 21 - 11 - 2025,sampai sekarang belum masuk,disuruh tunggu 2 hari,udh saya tunggu malah disuruh buat laporan lagi,ngga jelas",1,0,1.64.0,2025-11-23 16:37:19+00:00,"Hai Kak Bima, mohon maaf atas ketidaknyamanannya. Jika kamu masih mengalami kendala, silakan laporkan melalui email ke customerservice@gopay.co.id dengan melampirkan kode psr-25-327-1006-07879 pada subject email dan cantumkan nomor laporan kamu sebelumnya pada email yang kamu kirimkan. Kami tunggu detail laporan kamu ya. ^Maura",2025-11-23 17:06:12,1.64.0,Dataset/dataset\GOPAY_googleplay_NOVEMBER_reviews.csv,topup
9fa917ba-35c1-4dc2-b1c8-ae4a902d2012,Pengguna Google,https://play-lh.googleusercontent.com/EGemoI2NTXmTsBVtJqk8jxF9rh8ApRWfsIMQSt2uE4OcpQqbFu7f7NbTK05lx80nuSijCz7sc3a277R67g,apk banyak masalah saya transfer nominal kecil tapi proses nya bisa sampai dua hari saya tidak tau jika dua hari nanti transfer saya masuk akan saya ganti bintanh nya menjadi 5 bintanh jika tidak masuk juga transfer nya saya akan lebih banyak mereting apk ini sebagai apk tidak layak pakai,1,0,,2025-10-16 02:57:30+00:00,,,,Dataset/dataset\OVO_googleplay_OCTOBER_reviews.csv,transfer
38a83db5-cce2-4777-8d7b-115a3d96b051,Pengguna Google,https://play-lh.googleusercontent.com/EGemoI2NTXmTsBVtJqk8jxF9rh8ApRWfsIMQSt2uE4OcpQqbFu7f7NbTK05lx80nuSijCz7sc3a277R67g,"ini kenapa sih mandiri . lagi mau melakukan pembayaran beli pulsa , pas di keluarin sebntar cmn liat nomer ,tau2 keluar apps nya , trus suruh login ulang , dan masukin nomer kartu trus vermuk nya lama banget gagal terus , udah capek kedap kedip mulu",3,29,3.2.0,2025-12-01 20:04:55+00:00,"Halo Sahabat @Octaviany Vany, mohon maaf atas ketidaknyamanannya. Untuk perihal kendala yang dialami, mohon untuk dapat mengirimkan email ke mandiricare@bankmandiri.co.id atau dapat menghubungi layanan mandiri 14000 agar dapat dilakukan pengecekan. Tks~Raka",2025-12-01 20:07:47,3.2.0,Dataset/dataset\LIVIN_googleplay_DECEMBER_reviews.csv,login
16a0bd1a-0029-4509-aa2e-ba273ea507a1,Pengguna Google,https://play-lh.googleusercontent.com/EGemoI2NTXmTsBVtJqk8jxF9rh8ApRWfsIMQSt2uE4OcpQqbFu7f7NbTK05lx80nuSijCz7sc3a277R67g,lumayan lah bisa buat belanja tiap hari apalagi aku anaknya sering top up game jdi top up nya jadi lebih mudah deh,5,0,1.61.2,2025-11-09 09:09:39+00:00,,,1.61.2,Dataset/dataset\GOPAY_googleplay_NOVEMBER_reviews.csv,topup
cb0d84d9-3a2d-4608-b3cd-61b42b31bbca,Pengguna Google,https://play-lh.googleusercontent.com/EGemoI2NTXmTsBVtJqk8jxF9rh8ApRWfsIMQSt2uE4OcpQqbFu7f7NbTK05lx80nuSijCz7sc3a277R67g,mantap bisa d transfer ke temen,5,0,1.59.0,2025-10-08 19:44:19+00:00,,,1.59.0,Dataset/dataset\GOPAY_googleplay_OCTOBER_reviews.csv,transfer
daf6ef18-c8de-407f-9e56-b6c0c0a86a13,Pengguna Google,https://play-lh.googleusercontent.com/EGemoI2NTXmTsBVtJqk8jxF9rh8ApRWfsIMQSt2uE4OcpQqbFu7f7NbTK05lx80nuSijCz7sc3a277R67g,"tolong Di bantu, Saya tidak sengaja Transfer ke akun lama saya yang sudah lama tidak terpakai, dan nomor sudah tidak aktif, dan tidak memiliki verifikasi email, Bagaimana cara nya saya Mengambil Uang yang saya kirim ke Akun lama,.",2,6,1.64.1,2025-11-27 19:33:21+00:00,"Hai Kak Yusuf, sesuai Syarat & Ketentuan GoPay, jika terjadi kesalahan isi/transfer dan sudah berhasil, maka transaksi tidak dapat dibatalkan. Jika kamu memiliki pertanyaan atau kendala lainnya, silakan kunjungi menu Bantuan di aplikasi GoPay kamu atau email ke customerservice@gopay.co.id. ^Melisa",2025-11-27 21:29:39,1.64.1,Dataset/dataset\GOPAY_googleplay_NOVEMBER_reviews.csv,transfer
60b793d4-b0db-4222-8744-c3c1bf8fda53,Pengguna Google,https://play-lh.googleusercontent.com/EGemoI2NTXmTsBVtJqk8jxF9rh8ApRWfsIMQSt2uE4OcpQqbFu7f7NbTK05lx80nuSijCz7sc3a277R67g,"Saya top up gopay rp50.000 dari dana /e-wallet tanggal 31 oktober 2025 pukul 21:14 sampai sekarang belum masuk juga, ini zaman udah canggih tapi transfer uang 50.000 aja gak nyampe2 entah kemana itu duit padahal nomor tujuan nya sudah benar riwayat transaksi nya juga masih ada di aplikasi dana gua. buat kalian guys jgn pernah pakai ini aplikasi bener2 burik pihak gopay nya juga lelet ngurus duit 50.000 aja gak selesai2. ini aplikasi pencuri uang guys hati - hati dgn aplikasi e-wallet yg satu ini",1,4,1.61.2,2025-11-03 15:17:57+00:00,"Hai Kak Joki, mohon maaf atas ketidaknyamanannya. Jika masih mengalami keluhan, silakan laporkan melalui email ke customerservice@gopay.co.id dengan melampirkan kode psr-25-305-0447-27112 pada subject email dan cantumkan nomor laporan sebelumnya serta ceritakan kembali detail permasalahannya. Kami tunggu detail laporan kamu ya. ^Miko",2025-11-01 11:47:43,1.61.2,Dataset/dataset\GOPAY_googleplay_NOVEMBER_reviews.csv,topup
18d60368-df91-4121-9f9b-d12547e1076a,Pengguna Google,https://play-lh.googleusercontent.com/EGemoI2NTXmTsBVtJqk8jxF9rh8ApRWfsIMQSt2uE4OcpQqbFu7f7NbTK05lx80nuSijCz7sc3a277R67g,"aplikasi yg sangat membantu, utk kbutuhan pmbelian pulsa, token, byar2 tagihan, pmbayaran, transfer, dll.",5,2,1.59.0,2025-10-01 06:16:42+00:00,,,1.59.0,Dataset/dataset\GOPAY_googleplay_OCTOBER_reviews.csv,transfer
49bec8da-e761-4087-a7d7-6ba98460c869,Pengguna Google,https://play-lh.googleusercontent.com/EGemoI2NTXmTsBVtJqk8jxF9rh8ApRWfsIMQSt2uE4OcpQqbFu7f7NbTK05lx80nuSijCz7sc3a277R67g,"vermuk gagal mulu, makin lama makin gajelas padahal wajah sesuai nomer juga sesuai, hapus dari playstore aja aplikasinya makin kesini makin ga jelas",1,0,2.7.20,2025-12-30 16:00:47+00:00,"Hai, Kakak. Maaf atas ketidaknyamanannya. Kami akan selalu berusaha memberikan yang terbaik demi kebutuhan perbankan Kakak. Terkait hal tersebut pastikan beberapa hal berikut, pastikan Kakak tidak memakai sunglasses, di tempat yang terang, tidak backlight, posisi wajah di dalam lingkaran dan pastikan aplikasi blu versi terupdate ya.",2025-12-30 16:58:49,2.7.20,Dataset/dataset\BLU_googleplay_DECEMBER_reviews.csv,vermuk
13d15992-c075-49b6-9adf-67160df52c8d,Pengguna Google,https://play-lh.googleusercontent.com/EGemoI2NTXmTsBVtJqk8jxF9rh8ApRWfsIMQSt2uE4OcpQqbFu7f7NbTK05lx80nuSijCz7sc3a277R67g,kurang memuaskan KLO mau transfer ke tujuan e walet gak bisa KLO udah lebih dari jam 11 malam,3,0,,2025-11-29 04:16:32+00:00,"Hai Kak Midun, sebelum transfer, pastikan status upgrade GoPay Plus sudah 'Diterima', nomor penerima valid dan tidak terblokir. Jika masih bermasalah, silakan kunjungi menu Bantuan di aplikasi GoPay atau email ke customerservice@gopay.co.id dan cantumkan kode psr-25-333-0125-22464 pada subjek email. ^Miko",2025-11-29 08:25:47,,Dataset/dataset\GOPAY_googleplay_NOVEMBER_reviews.csv,transfer
2ec470e3-07c7-4cb3-97d5-348769bf93a2,Pengguna Google,https://play-lh.googleusercontent.com/EGemoI2NTXmTsBVtJqk8jxF9rh8ApRWfsIMQSt2uE4OcpQqbFu7f7NbTK05lx80nuSijCz7sc3a277R67g,top up saya belum masuk sampai sekarang,4,0,3.147.0,2025-11-18 09:31:49+00:00,,,3.147.0,Dataset/dataset\OVO_googleplay_NOVEMBER_reviews.csv,topup
02e2403a-bc84-49b3-a82a-ffcac7a1a287,Pengguna Google,https://play-lh.googleusercontent.com/EGemoI2NTXmTsBVtJqk8jxF9rh8ApRWfsIMQSt2uE4OcpQqbFu7f7NbTK05lx80nuSijCz7sc3a277R67g,topup saldo tidak masukkkkk min tolong kejelasannya,1,0,,2025-10-30 08:13:14+00:00,"Hai Kak Achaa, pastikan nomor tujuan sudah benar, sudah cek halaman Riwayat, dan coba keluar dan masuk kembali ke aplikasi. Jika saldo masih belum masuk, silakan laporkan melalui menu Bantuan > ketik 'Top up GoPay saya belum masuk' > isi formulir dan cantumkan kode psr-25-303-0148-45401 pada bagian 'Ceritakan lebih lanjut'. ^Maura",2025-10-30 08:48:51,,Dataset/dataset\GOPAY_googleplay_OCTOBER_reviews.csv,topup
b9434ccb-d116-48ff-9554-9359a56bee3c,Pengguna Google,https://play-lh.googleusercontent.com/EGemoI2NTXmTsBVtJqk8jxF9rh8ApRWfsIMQSt2uE4OcpQqbFu7f7NbTK05lx80nuSijCz7sc3a277R67g,oreng lain TF ke saya sering ga masuk parah,1,0,1.60.0,2025-10-31 10:54:03+00:00,"Hai Kak Deri, mohon maaf atas ketidaknyamanannya. Pastikan nomor tujuan transfer sudah benar dan sudah cek halaman Riwayat. Jika saldo belum juga bertambah, laporkan detailnya melalui email customerservice@gopay.co.id dan cantumkan kode psr-25-304-0424-49727 pada subject email yang kamu kirimkan ya. ^Miko",2025-10-31 11:25:13,1.60.0,Dataset/dataset\GOPAY_googleplay_OCTOBER_reviews.csv,transfer
a4715bf3-fec3-4d59-a58e-377b01625c35,Pengguna Google,https://play-lh.googleusercontent.com/EGemoI2NTXmTsBVtJqk8jxF9rh8ApRWfsIMQSt2uE4OcpQqbFu7f7NbTK05lx80nuSijCz7sc3a277R67g,"gw top ml ga masuk masuk padahal udh sering top up langsung apk,skrg mlh kyk gini",1,1,1.64.0,2025-11-18 21:57:51+00:00,"Hai Kak Dahlan, mohon maaf atas ketidaknyamanan yang dialami. Dapat kami sampaikan bahwa saat ini terdapat pemeliharaan sistem sehingga Top up games kamu terhambat. Silakan kamu dapat melakukan pengecekan secara berkala. Terima kasih. ^Melisa",2025-11-18 23:13:42,1.64.0,Dataset/dataset\GOPAY_googleplay_NOVEMBER_reviews.csv,topup
919ba510-9ec6-468c-8c1e-ef01483f2969,Pengguna Google,https://play-lh.googleusercontent.com/EGemoI2NTXmTsBVtJqk8jxF9rh8ApRWfsIMQSt2uE4OcpQqbFu7f7NbTK05lx80nuSijCz7sc3a277R67g,"transfer ke bank bca lama bangetttt baru terkirim 24 jam sangat kesal karna uang tidak bisa ditarik kembali, tapi pas transfer kedua lancar",2,1,1.44.05,2025-12-18 13:27:28+00:00,"Hi Kak 193 Sofiatul. Mohon maaf atas kendala transfer saldo ShopeePay ke BCA yang belum diterima dan pembatalan. Terkait kendala tersebut mohon menghubungi kami melalui DM ke Instagram @ShopeePay_ID yang bercentang biru, dengan melampirkan bukti transfer yang terkendala untuk bantuan lebih lanjut. Semoga kendala kakak segera terselesaikan ya. ^CS",2025-12-18 14:17:45,1.44.05,Dataset/dataset\SHOPEEPAY_googleplay_DECEMBER_reviews.csv,transfer
