reviewId,userName,userImage,content,score,thumbsUpCount,reviewCreatedVersion,at,replyContent,repliedAt,appVersion,source,keyword
f08658c9-7733-4029-854a-63332d738aaa,Pengguna Google,https://play-lh.googleusercontent.com/EGemoI2NTXmTsBVtJqk8jxF9rh8ApRWfsIMQSt2uE4OcpQqbFu7f7NbTK05lx80nuSijCz7sc3a277R67g,top up grab,5,0,3.146.0,2025-11-04 12:15:06+00:00,,,3.146.0,Dataset/dataset\OVO_googleplay_NOVEMBER_reviews.csv,topup
e6fd9ff4-b9a7-4866-8ae4-2802ab4115c4,Pengguna Google,https://play-lh.googleusercontent.com/EGemoI2NTXmTsBVtJqk8jxF9rh8ApRWfsIMQSt2uE4OcpQqbFu7f7NbTK05lx80nuSijCz7sc3a277R67g,Bank e-wallet terjelek..!! Terparah..! Top up biaya adminnya 2 rb rupiah.. dan apabila mau Narik kena biaya Admin 5 rb rupiah.. seandainya dpat kiriman 50 rb rupiah otomatis tdk bisa di ambil.. krn sdh dpat potongan 7 rb.. (2 rb+5 rb..). Bagaimana bisa maju e wallet ovo ini.. Pengambilan juga hrus lwat indomart juga.. Parah..!! klw bisa tolong lah di rubah semuanya..,1,0,3.148.0,2025-12-01 18:28:24+00:00,,,3.148.0,Dataset/dataset\OVO_googleplay_DECEMBER_reviews.csv,topup
683419f9-4c13-4bd8-8bdc-38ff1034d406,Pengguna Google,https://play-lh.googleusercontent.com/EGemoI2NTXmTsBVtJqk8jxF9rh8ApRWfsIMQSt2uE4OcpQqbFu7f7NbTK05lx80nuSijCz7sc3a277R67g,susah login selalu ada masalah padahal udah bener pwnya malah harus nunggu 1 jam buat yang buru buru ini sangat amat merepotkan,3,0,8.79.0,2025-12-18 07:50:33+00:00,"Halo, Jagoan! Mohon maaf atas ketidaknyamanan yang Kakak alami. Supaya bisa membantu lebih lanjut, Kakak bisa menginformasikan detail keluhannya melalui email tanya@jago.com ya. Tim terkait kami dengan senang hati akan membantu Kakak menyelesaikan permasalahannya.",2025-12-18 08:03:29,8.79.0,Dataset/dataset\JAGO_googleplay_DECEMBER_reviews.csv,login
33184ae9-ffdb-4716-835f-7fff304138d3,Pengguna Google,https://play-lh.googleusercontent.com/EGemoI2NTXmTsBVtJqk8jxF9rh8ApRWfsIMQSt2uE4OcpQqbFu7f7NbTK05lx80nuSijCz7sc3a277R67g,QRIS udah bbrapa kali langsung gk bisa lagi apaan,1,0,3.144.0,2025-10-01 18:34:39+00:00,,,3.144.0,Dataset/dataset\OVO_googleplay_OCTOBER_reviews.csv,qris
766faf11-d980-45a2-8a23-55857014cc2b,Pengguna Google,https://play-lh.googleusercontent.com/EGemoI2NTXmTsBVtJqk8jxF9rh8ApRWfsIMQSt2uE4OcpQqbFu7f7NbTK05lx80nuSijCz7sc3a277R67g,kenapa livin saya tiba2 terblokir padahal saldo ada kok pas saya mau pindah akunnya ke hp yang baru dari yang lama gabisa tiba2 udah diblokir aja livin by mandirir nya terus saya udah masukin data yang benar tetep aja gabisa login kembali tulisannya terblokir livin saya gimana sih bisa bikin aplikasi gak sih bikin susah orang aja,1,0,3.1.0,2025-11-10 23:17:08+00:00,"Mohon maaf atas ketidaknyamanannya dalam mengakses layanan Livin' by Mandiri, saat ini Bank Mandiri sedang proses akhir hari rutin. Kami sarankan Sahabat dapat mencobanya secara berkala,apabila masih terkendala Sahabat dapat mengirimkan email ke mandiricare@bankmandiri.co.id atau dapat menghubungi layanan mandiri 14000/ Tks~Syarif",2025-11-10 23:33:27,3.1.0,Dataset/dataset\LIVIN_googleplay_NOVEMBER_reviews.csv,login
087c98be-e044-4b53-9272-a14686b0e54d,Pengguna Google,https://play-lh.googleusercontent.com/EGemoI2NTXmTsBVtJqk8jxF9rh8ApRWfsIMQSt2uE4OcpQqbFu7f7NbTK05lx80nuSijCz7sc3a277R67g,"tf saldo ke dana ga keisi"" tulisannya masih di proses udah hubungin customer service udah isi formulir tapi masih belum ada tindakan",1,0,1.42.03,2025-12-25 10:43:15+00:00,"Hi Kak Skanemo. Mohon maaf atas kendala transfer saldo ShopeePay ke DANA yang belum diterima. Terkait kendala tersebut mohon menghubungi kami melalui DM ke Instagram @ShopeePay_ID yang bercentang biru, dengan melampirkan bukti transfer yang terkendala untuk bantuan lebih lanjut. Semoga kendala kakak segera terselesaikan ya. ^CS",2025-12-25 16:00:36,1.42.03,Dataset/dataset\SHOPEEPAY_googleplay_DECEMBER_reviews.csv,transfer
9c165341-e97e-4ca7-96bb-497085e4a032,Pengguna Google,https://play-lh.googleusercontent.com/EGemoI2NTXmTsBVtJqk8jxF9rh8ApRWfsIMQSt2uE4OcpQqbFu7f7NbTK05lx80nuSijCz7sc3a277R67g,"apaan nih E-wallet, kita transfer saldo dr Bank yg kita pakai gratis, giliran sampai di OVO di kenakan admin 2000, dimana E-wallet lain berlomba lomba gratis biaya admin, eeee OVO malah motong 2000, cukup sekian aja pake OVO, gak DA untungnya 💩💩💩",1,0,,2025-10-25 10:36:25+00:00,,,,Dataset/dataset\OVO_googleplay_OCTOBER_reviews.csv,transfer
e440ff9d-3c12-4b92-8720-7c915e134638,Pengguna Google,https://play-lh.googleusercontent.com/EGemoI2NTXmTsBVtJqk8jxF9rh8ApRWfsIMQSt2uE4OcpQqbFu7f7NbTK05lx80nuSijCz7sc3a277R67g,"males, nomor mati malah di suruh verif ke sms",1,0,,2025-12-29 17:01:25+00:00,"Hi Kak. Mohon maaf mengenai kendala verifikasi OTP yang dikirimkan melalui SMS. Untuk verifikasi (OTP) dikirimkan ke nomor telepon yang terdaftar ya Kak. Jika nomor telepon yang terdaftar sudah tidak aktif, Kakak dapat hubungi kami melalui DM ke Instagram @ShopeePay_ID agar dapat dibantu lebih lanjut ya. ^AS",2025-12-30 11:44:39,,Dataset/dataset\SHOPEEPAY_googleplay_DECEMBER_reviews.csv,vermuk
d7943252-b63b-4193-9272-dc9c9492e175,Pengguna Google,https://play-lh.googleusercontent.com/EGemoI2NTXmTsBVtJqk8jxF9rh8ApRWfsIMQSt2uE4OcpQqbFu7f7NbTK05lx80nuSijCz7sc3a277R67g,mantap...tpi kdg susah login,5,0,8.78.0,2025-12-09 22:06:15+00:00,,,8.78.0,Dataset/dataset\JAGO_googleplay_DECEMBER_reviews.csv,login
b8c10405-e0a5-475d-b547-1d5dd583cc61,Pengguna Google,https://play-lh.googleusercontent.com/EGemoI2NTXmTsBVtJqk8jxF9rh8ApRWfsIMQSt2uE4OcpQqbFu7f7NbTK05lx80nuSijCz7sc3a277R67g,"setelah di isi saldo malah gak bisa transaksi, di instal ulang malah haris login pake nomor kartu, kartunya aja gak di kirim, ribet banget mau login aja harus pake nomor kartu.",1,2,3.2.0,2025-12-20 20:12:49+00:00,"Halo Sahabat @Martabak Septi, mohon maaf atas ketidaknyamannya. Perihal kendala pada layanan Livin' by Mandiri, mohon untuk dapat mengirimkan email ke mandiricare@bankmandiri.co.id atau dapat menghubungi layanan mandiri 14000 agar dapat dilakukan pengecekan. Tks~Kale",2025-12-20 20:13:41,3.2.0,Dataset/dataset\LIVIN_googleplay_DECEMBER_reviews.csv,login
e6c36397-e1de-4485-ba9e-e5528d110418,Pengguna Google,https://play-lh.googleusercontent.com/EGemoI2NTXmTsBVtJqk8jxF9rh8ApRWfsIMQSt2uE4OcpQqbFu7f7NbTK05lx80nuSijCz7sc3a277R67g,"pake gopay transaksi cepat,,tf ke bank lain tanpa biaya..",5,0,1.59.0,2025-10-09 11:57:55+00:00,,,1.59.0,Dataset/dataset\GOPAY_googleplay_OCTOBER_reviews.csv,transfer
8b1c79ef-3f7e-4423-8661-bd013390bc69,Pengguna Google,https://play-lh.googleusercontent.com/EGemoI2NTXmTsBVtJqk8jxF9rh8ApRWfsIMQSt2uE4OcpQqbFu7f7NbTK05lx80nuSijCz7sc3a277R67g,ini gimana ya cara saya login pisik nomor yg terdaftar di ovo hilang hubungi pusat bantuan ga bisa emang tolol apa gimana?? ga profesional banget beda kaya DANA,1,0,3.147.0,2025-11-18 09:35:14+00:00,,,3.147.0,Dataset/dataset\OVO_googleplay_NOVEMBER_reviews.csv,login
1d7fe16f-f16f-42e0-b520-c4d0d20bd49a,Pengguna Google,https://play-lh.googleusercontent.com/EGemoI2NTXmTsBVtJqk8jxF9rh8ApRWfsIMQSt2uE4OcpQqbFu7f7NbTK05lx80nuSijCz7sc3a277R67g,gimana ini aplikasi?bayar qris tidak terkirim.malan terkirim setalah 1 hari dan notif berhasil.tapi qris tidak di terima penerima dan saldo tidak kembali,1,0,,2025-10-22 21:13:00+00:00,,,,Dataset/dataset\OVO_googleplay_OCTOBER_reviews.csv,qris
08ea55ff-ad68-4078-a2b8-81347a280c1d,Pengguna Google,https://play-lh.googleusercontent.com/EGemoI2NTXmTsBVtJqk8jxF9rh8ApRWfsIMQSt2uE4OcpQqbFu7f7NbTK05lx80nuSijCz7sc3a277R67g,"transfer ke rekening BRl, transaksi diproses tapi saldo terpotong. dari tanggal 17-10-2025 sampai hari ini belum ada pengembalian dari OVO",1,0,3.144.0,2025-10-20 06:02:40+00:00,,,3.144.0,Dataset/dataset\OVO_googleplay_OCTOBER_reviews.csv,transfer
64fba273-2439-4666-886e-9ecb67ba9a72,Pengguna Google,https://play-lh.googleusercontent.com/EGemoI2NTXmTsBVtJqk8jxF9rh8ApRWfsIMQSt2uE4OcpQqbFu7f7NbTK05lx80nuSijCz7sc3a277R67g,"ni aplikasi gimana si.. mau payment aja gabisa.. tapi nerima tf bisa..pembayaran qris tf bank sesama ovo dan isi paket data tidak bisa digunakan.. sudah berhari hari tetap tidak bisa.. saldo mencukupi , sudah update akun primer tetap tidak bisa transaksi apapun.. kirim laporan ke cs aplikasi juga gagal terus .. why ?",1,5,3.144.0,2025-10-04 21:29:14+00:00,,,3.144.0,Dataset/dataset\OVO_googleplay_OCTOBER_reviews.csv,qris
c2187489-8923-4676-bf2a-71c732d19ce1,Pengguna Google,https://play-lh.googleusercontent.com/EGemoI2NTXmTsBVtJqk8jxF9rh8ApRWfsIMQSt2uE4OcpQqbFu7f7NbTK05lx80nuSijCz7sc3a277R67g,"baru kali ini top up emoney card 2 kali top up Rp. 100.000 saldo tidak bertambah pengajuan dan pelaporan ribet call CS berbayar, ribet pokoknya no recomended pakai gopay kl ngga karena duit Rp. 200.000 masih belum jelas dikemanain gopay, gua hapus ini aplikasi sampah",1,0,,2025-11-03 07:01:00+00:00,"Hai Kak Dhodhy, pastikan nomor kartu yang dimasukkan sudah benar dan kamu sudah update saldo sesuai dengan ketentuan, ya. Jika masih bermasalah, laporkan melalui menu Bantuan > ketik ""Update saldo e-money tidak berhasil"" > isi formulir dan cantumkan kode psr-25-307-0144-27723 di bagian ""Ceritakan lebih lanjut"". ^Melisa",2025-11-03 08:44:36,,Dataset/dataset\GOPAY_googleplay_NOVEMBER_reviews.csv,topup
a9524c04-d739-4773-95b0-0343484b8042,Pengguna Google,https://play-lh.googleusercontent.com/EGemoI2NTXmTsBVtJqk8jxF9rh8ApRWfsIMQSt2uE4OcpQqbFu7f7NbTK05lx80nuSijCz7sc3a277R67g,"Berhari-hari gak bisa buat top up Toko crypto, sepertinya yang menjalankan bukan dari BCA langsung mungkin kerjasama, karena BCA jarang mengecewakan.",2,0,2.3.0,2025-10-10 23:31:13+00:00,"Hai, Kak Sabian. Maaf atas ketidaknyamanannya. Kami akan selalu berusaha memberikan yang terbaik demi memenuhi kebutuhan perbankan Kakak. Terkait kendala tersebut boleh infokan detail kendala serta kirimkan gambar kendalanya ke X @haloblu atau email haloblu@bcadigital.co.id agar kami bisa bantu lebih lanjut ya.",2025-10-11 00:06:32,2.3.0,Dataset/dataset\BLU_googleplay_OCTOBER_reviews.csv,topup
b06369bc-3cfb-4691-8002-8e859038d197,Pengguna Google,https://play-lh.googleusercontent.com/EGemoI2NTXmTsBVtJqk8jxF9rh8ApRWfsIMQSt2uE4OcpQqbFu7f7NbTK05lx80nuSijCz7sc3a277R67g,aplikasi dajjal.. nerima uang di potong.. lebih bagus aplikasi sebelah.. nerima uang dan transfer ga kena biaya..,1,0,3.139.0,2025-10-02 18:52:49+00:00,,,3.139.0,Dataset/dataset\OVO_googleplay_OCTOBER_reviews.csv,transfer
0b391d23-468f-426c-bb06-9693bd3dbf16,Pengguna Google,https://play-lh.googleusercontent.com/EGemoI2NTXmTsBVtJqk8jxF9rh8ApRWfsIMQSt2uE4OcpQqbFu7f7NbTK05lx80nuSijCz7sc3a277R67g,"lagi kesel banget sama ovo, dari tadi jam 20 sampai jam 23 tidak bisa di lakukan transaksi, tulisannya internet anda putus. Padahal jaringan internet saya full ini dan lancar² aja.. padahal penting banget melakukan transaksi malem ini , saya jg baru top up... tolong donk di perbaiki",1,7,3.146.0,2025-11-07 22:16:51+00:00,,,3.146.0,Dataset/dataset\OVO_googleplay_NOVEMBER_reviews.csv,topup
119d2a37-1322-4db2-9916-c1e3af77efb9,Pengguna Google,https://play-lh.googleusercontent.com/EGemoI2NTXmTsBVtJqk8jxF9rh8ApRWfsIMQSt2uE4OcpQqbFu7f7NbTK05lx80nuSijCz7sc3a277R67g,"5 tahun pake ovo .skarang di isi saldo malah gabisa buat apa2 qris gabisa, bli pulsa gabisa, padahal tadinya sudah primer Mlah downgrade sendiri. emang apk nyusahin nih",1,0,,2025-11-22 02:34:20+00:00,,,,Dataset/dataset\OVO_googleplay_NOVEMBER_reviews.csv,qris
12b9ad45-bd17-4365-8680-05b3d50a3bee,Pengguna Google,https://play-lh.googleusercontent.com/EGemoI2NTXmTsBVtJqk8jxF9rh8ApRWfsIMQSt2uE4OcpQqbFu7f7NbTK05lx80nuSijCz7sc3a277R67g,beli apa2 mahal transfer serba ada biaya,1,0,3.147.0,2025-11-20 22:47:43+00:00,,,3.147.0,Dataset/dataset\OVO_googleplay_NOVEMBER_reviews.csv,transfer
f1628348-50bc-4d14-9832-3c5068c2c9aa,Pengguna Google,https://play-lh.googleusercontent.com/EGemoI2NTXmTsBVtJqk8jxF9rh8ApRWfsIMQSt2uE4OcpQqbFu7f7NbTK05lx80nuSijCz7sc3a277R67g,"ini aplikasi bank digital yang keren banget sih, cuman saya mau kasih saran, adakan fitur qris kantong di setiap kantongnya seperti di bank bri",5,0,,2025-12-22 17:55:15+00:00,,,,Dataset/dataset\JAGO_googleplay_DECEMBER_reviews.csv,qris
ab05ec27-bb79-4b9a-9903-a82b7095aa80,Pengguna Google,https://play-lh.googleusercontent.com/EGemoI2NTXmTsBVtJqk8jxF9rh8ApRWfsIMQSt2uE4OcpQqbFu7f7NbTK05lx80nuSijCz7sc3a277R67g,"saya tf ke ovo masak uang nya gak masuk2 padahal sudah sukses terkirim ,,ngeri eeuuyy pake ovo sekrng sampe skrng uang saya gw tak kemana padahal no nya benar tapi uang nya gak masukk aduhhh",1,0,3.144.0,2025-10-08 10:31:09+00:00,,,3.144.0,Dataset/dataset\OVO_googleplay_OCTOBER_reviews.csv,transfer
7a78e5b8-2a5c-47e9-be60-dafcb5b02090,Pengguna Google,https://play-lh.googleusercontent.com/EGemoI2NTXmTsBVtJqk8jxF9rh8ApRWfsIMQSt2uE4OcpQqbFu7f7NbTK05lx80nuSijCz7sc3a277R67g,"dari tadi ga bisa transaksi Qris,masalah teknis ga bisa diberesin apaan",1,0,1.61.2,2025-11-01 16:37:58+00:00,"Hai Kak Indra, maaf atas ketidaknyamanannya. Pastikan kamu menggunakan aplikasi GoPay versi terbaru dan kode QR yang dipindai berasal dari merchant yang menerima pembayaran melalui kode GoPay. Jika masih berkendala, laporkan melalui email ke customerservice@gopay.co.id dan cantumkan kode psr-25-305-1022-36673 pada subjek email. ^Maura",2025-11-01 17:22:43,1.61.2,Dataset/dataset\GOPAY_googleplay_NOVEMBER_reviews.csv,qris
f6b67afa-0fb2-48ee-99a8-01e0241dca35,Pengguna Google,https://play-lh.googleusercontent.com/EGemoI2NTXmTsBVtJqk8jxF9rh8ApRWfsIMQSt2uE4OcpQqbFu7f7NbTK05lx80nuSijCz7sc3a277R67g,unsital we tf harus nuggun berhari2,1,0,1.42.03,2025-11-08 10:15:40+00:00,"Hi Kak kevin. Mohon maaf atas kendala transfer saldo ShopeePay yang belum diterima. Terkait kendala tersebut mohon menghubungi kami melalui DM ke Instagram @ShopeePay_ID yang bercentang biru, dengan melampirkan bukti transfer yang terkendala untuk bantuan lebih lanjut. Semoga kendala kakak segera terselesaikan ya. ^CS",2025-11-10 15:33:35,1.42.03,Dataset/dataset\SHOPEEPAY_googleplay_NOVEMBER_reviews.csv,transfer
af099f9a-244c-4719-9d0f-1930928da962,Pengguna Google,https://play-lh.googleusercontent.com/EGemoI2NTXmTsBVtJqk8jxF9rh8ApRWfsIMQSt2uE4OcpQqbFu7f7NbTK05lx80nuSijCz7sc3a277R67g,"APLIKASI JAHANNAM, TIDAK BISA LOGIN. HATI-HATI YANG PAKE OVO, INI PENIPUAN",1,0,,2025-10-02 16:46:00+00:00,,,,Dataset/dataset\OVO_googleplay_OCTOBER_reviews.csv,login
7dfceeba-4dee-4143-9bfe-5b06bebea36b,Pengguna Google,https://play-lh.googleusercontent.com/EGemoI2NTXmTsBVtJqk8jxF9rh8ApRWfsIMQSt2uE4OcpQqbFu7f7NbTK05lx80nuSijCz7sc3a277R67g,mau login aj ribet g kayak m banking yg lain perbaiki tu system mu yg mlah bkin susah orang sekalian g usah bikin aplikasi bkin susah aj,1,0,3.1.0,2025-11-14 14:43:59+00:00,"Halo Sahabat @Ahmad Yusuf nasrullah, mohon maaf atas ketidaknyamanannya. Perihal kendala pada layanan Livin’ by Mandiri, mohon untuk mengirimkan email ke mandiricare@bankmandiri.co.id atau dapat menghubungi layanan Mandiri Call 14000 agar dilakukan pengecekan. Tks~Danti",2025-11-14 15:04:23,3.1.0,Dataset/dataset\LIVIN_googleplay_NOVEMBER_reviews.csv,login
41fd5862-cfc5-48df-b3ac-3e3bf7b2e89d,Pengguna Google,https://play-lh.googleusercontent.com/EGemoI2NTXmTsBVtJqk8jxF9rh8ApRWfsIMQSt2uE4OcpQqbFu7f7NbTK05lx80nuSijCz7sc3a277R67g,"transfer lewat qris aja harus verif ktp, berhalangan banget buat saya yg masih dibawah umur huhu, mending pake e-wallet yg lain aja guys, masih bisa transfer tanpa verif ktp.",1,0,,2025-12-31 19:08:58+00:00,"Hi Kak A Be, mohon maaf atas kendala tidak dapat melakukan transfer. Untuk dapat melakukan transfer/tarik dana membutuhkan verifikasi identitas ShopeePay dan data KTP. Silakan pelajari lebih lanjut di https://help.shopee.co.id/portal/4/article/72961 . Mohon hubungi kami melalui DM Instagram di @ShopeePay_ID untuk bantuan lebih lanjut. ^CS",2026-01-01 14:13:48,,Dataset/dataset\SHOPEEPAY_googleplay_DECEMBER_reviews.csv,qris
62fd4189-3316-4a1f-8716-671e52d19fcb,Pengguna Google,https://play-lh.googleusercontent.com/EGemoI2NTXmTsBVtJqk8jxF9rh8ApRWfsIMQSt2uE4OcpQqbFu7f7NbTK05lx80nuSijCz7sc3a277R67g,"simpan uang di livin gak aman sumpah jadi trauma ada uang di livin selalu di sedot untuk ksm padahal udah ada dana yg di blokir 1x + bayaran bulan ini, ehh kalo ada uang lebih masih di sedot juga dalam satu bulan bisa di sedot sampek 3x pembayaran, harus komplain dulu dan itu harus langsung ke kantor baru bisa di proses agar uang lebih bisa di kembalikan itu pun repot sekali, trauma simpan uang di livin, jadi ada uang masuk ke livin buru"" di tf ke bank lain biar lebih aman,",1,2,3.2.0,2025-12-29 14:41:14+00:00,"Hai Sahabat @Andi Irwanto, mohon maaf atas ketidaknyamanannya. Terkait kendala Sahabat mohon untuk dapat mengirimkan email ke mandiricare@bankmandiri.co.id atau dapat menghubungi Mandiri Call 14000 lalu tekan 2 agar dapat dilakukan pengecekan. Tks~Kila",2025-12-29 14:55:46,3.2.0,Dataset/dataset\LIVIN_googleplay_DECEMBER_reviews.csv,transfer
cacd2620-47ee-427a-a6c9-0dc63aa89a0b,Pengguna Google,https://play-lh.googleusercontent.com/EGemoI2NTXmTsBVtJqk8jxF9rh8ApRWfsIMQSt2uE4OcpQqbFu7f7NbTK05lx80nuSijCz7sc3a277R67g,"pengalaman yg tidak menyenangkan dan kecewa pastinya,saya dari tg 17 gk bisa transaksi kirim dan belanja selalu gagal , chat cs di respon tp laporan laporan, pollow up , hasilnya gk ada terus sampai sekarang gk bisa di pake , nyesel saya topup, buat tmn temen hati hat jangan banyak naroh saldo takut nya kejadian seperti saya, lagi bnr bnr di butuhin gk bisa di apa apain saldo nya, transaksi selalu gagal,",1,7,1.42.03,2025-11-19 13:31:16+00:00,"Hi Kak Yogi. Mohon maaf atas kendala tidak bisa transfer dan transaksi belanja dengan ShopeePay. Kami siap membantu kakak, terkait kendala tersebut mohon menghubungi kami melalui DM ke Instagram @ShopeePay_ID yg bercentang biru, dgn menginformasikan detail dan bukti kendala untuk bantuan lebih lanjut. Semoga kendala kakak segera terselesaikan. ^CS",2025-11-19 14:28:16,1.42.03,Dataset/dataset\SHOPEEPAY_googleplay_NOVEMBER_reviews.csv,topup
01a7c908-38a7-4f88-b3e5-048197894dd5,Pengguna Google,https://play-lh.googleusercontent.com/EGemoI2NTXmTsBVtJqk8jxF9rh8ApRWfsIMQSt2uE4OcpQqbFu7f7NbTK05lx80nuSijCz7sc3a277R67g,gampang login,5,0,,2025-10-06 14:51:53+00:00,,,,Dataset/dataset\GOPAY_googleplay_OCTOBER_reviews.csv,login
88696869-1be7-410e-a1aa-316cf8ad9099,Pengguna Google,https://play-lh.googleusercontent.com/EGemoI2NTXmTsBVtJqk8jxF9rh8ApRWfsIMQSt2uE4OcpQqbFu7f7NbTK05lx80nuSijCz7sc3a277R67g,"mau login ke ovo kok jaringan kendala, pas saya buka yt lancar aja jaringannya, tolong di perbaikin",5,0,3.148.0,2025-11-28 13:31:02+00:00,,,3.148.0,Dataset/dataset\OVO_googleplay_NOVEMBER_reviews.csv,login
28587b2b-7002-4e65-94b3-49fc4ad75860,Pengguna Google,https://play-lh.googleusercontent.com/EGemoI2NTXmTsBVtJqk8jxF9rh8ApRWfsIMQSt2uE4OcpQqbFu7f7NbTK05lx80nuSijCz7sc3a277R67g,keren kerja aman top up pun bisa,1,0,1.60.0,2025-10-20 20:53:50+00:00,,,1.60.0,Dataset/dataset\GOPAY_googleplay_OCTOBER_reviews.csv,topup
e28a28b8-d2dd-4b2b-8379-a0123d86c3dd,Pengguna Google,https://play-lh.googleusercontent.com/EGemoI2NTXmTsBVtJqk8jxF9rh8ApRWfsIMQSt2uE4OcpQqbFu7f7NbTK05lx80nuSijCz7sc3a277R67g,"apk ribett mengajukan upgrade ke ovo premiere malah gak bisa,padahal isi data ktp lengkap,foto ktp dan selfie wajah sesuai malah gak bisa,ini gmn sihh tolonglah,udah minta tolong ke pusat bantuan malah gak ada respond sama sekali,padahal udah berhasil laporannya.",1,0,,2025-10-14 17:14:12+00:00,,,,Dataset/dataset\OVO_googleplay_OCTOBER_reviews.csv,vermuk
a3b1f503-6256-4ba5-9b30-e78631d7950c,Pengguna Google,https://play-lh.googleusercontent.com/EGemoI2NTXmTsBVtJqk8jxF9rh8ApRWfsIMQSt2uE4OcpQqbFu7f7NbTK05lx80nuSijCz7sc3a277R67g,"aku mau daftar bank jago, tp kog tidak bisa verifikasi wajah ya, tiap mau verifikasi selalu nge logout sendiri. capek banget aku ulangin berkali² ttep aja ngga mau",1,0,8.75.0,2025-10-29 11:18:20+00:00,"Hai, Jagoan. Mohon maaf untuk kendala yang kamu alami. Terkait kendala tersebut, kamu bisa segera laporkan ke Tanya Jago di nomor 1500746/021-30000746 atau e-mail ke tanya@jago.com ya. Tidak perlu khawatir karena tim terkait kami akan segera membantu. Terima kasih.",2025-10-29 11:30:28,8.75.0,Dataset/dataset\JAGO_googleplay_OCTOBER_reviews.csv,vermuk
cdc11ab6-a2a8-4840-b83f-92f833d6ff80,Pengguna Google,https://play-lh.googleusercontent.com/EGemoI2NTXmTsBVtJqk8jxF9rh8ApRWfsIMQSt2uE4OcpQqbFu7f7NbTK05lx80nuSijCz7sc3a277R67g,gopay parah banget ga bisa bisa login ga jelas,1,0,1.61.2,2025-10-30 15:02:58+00:00,"Hai Kak Anisa, untuk login ke aplikasi GoPay, gunakan nomor HP yang terdaftar di akun Gojek-mu. Jika belum punya akun Gojek, kamu bisa daftar langsung di aplikasi GoPay, ya. Jika masih tidak bisa login, laporkan ke kami melalui email ke customerservice@gopay.co.id dan mencantumkan kode psr-25-303-1309-15063 pada subjek email.^Melisa",2025-10-30 20:09:22,1.61.2,Dataset/dataset\GOPAY_googleplay_OCTOBER_reviews.csv,login
63b7aaac-07e5-469d-8d88-230a552735b4,Pengguna Google,https://play-lh.googleusercontent.com/EGemoI2NTXmTsBVtJqk8jxF9rh8ApRWfsIMQSt2uE4OcpQqbFu7f7NbTK05lx80nuSijCz7sc3a277R67g,"top driver mengapa minimal 50ribu, harus menyediakan top up minimal 20ribu",1,0,3.149.0,2025-12-22 04:37:36+00:00,"Hai Kak Rudi, mohon maaf atas ketidaknyamanannya. Apabila ada keluhan/pertanyaan mohon menghubungi tim kami melalui chat pusat bantuan pada aplikasi, email di cs@ovo.id atau call center kami di 1500-696. Terima kasih. ^TR",11/6/2022 5:57,3.149.0,Dataset/dataset\OVO_googleplay_DECEMBER_reviews.csv,topup
b83178e1-4443-4b39-aa82-e6a6877d2242,Pengguna Google,https://play-lh.googleusercontent.com/EGemoI2NTXmTsBVtJqk8jxF9rh8ApRWfsIMQSt2uE4OcpQqbFu7f7NbTK05lx80nuSijCz7sc3a277R67g,memudahkan berbagai transaksi pembayaran pembelian transfer dll,5,0,1.61.2,2025-10-30 21:32:13+00:00,,,1.61.2,Dataset/dataset\GOPAY_googleplay_OCTOBER_reviews.csv,transfer
9c67a179-4cf8-404e-bde0-23af77fcbdc3,Pengguna Google,https://play-lh.googleusercontent.com/EGemoI2NTXmTsBVtJqk8jxF9rh8ApRWfsIMQSt2uE4OcpQqbFu7f7NbTK05lx80nuSijCz7sc3a277R67g,"setiap top up kena potongan, top up bank kena potongan, top dari shopepay kena potongan. mending kalo cuma 500 perak, sekali motong 2rb. gaje banget",1,0,3.144.0,2025-10-02 10:50:19+00:00,,,3.144.0,Dataset/dataset\OVO_googleplay_OCTOBER_reviews.csv,topup
67aace2b-c84e-4e63-b6c8-291916e8b950,Pengguna Google,https://play-lh.googleusercontent.com/EGemoI2NTXmTsBVtJqk8jxF9rh8ApRWfsIMQSt2uE4OcpQqbFu7f7NbTK05lx80nuSijCz7sc3a277R67g,"kok sekarang livin gak bisa transfer terus, biasanya kan sistem di jam 23:59-01.00 sekarang kok malah per jam jadinya mau tf/topup punya org lama maaf ya aku kasih reting 2 karena apk nya sekarang udh gak kek dulu",2,0,3.2.0,2025-12-15 14:48:50+00:00,"Halo Sahabat @Aldita Hidayah, mohon maaf atas ketidaknyamanannya. Terkait kendala Sahabat mohon untuk dapat mengirimkan email ke mandiricare@bankmandiri.co.id atau menghubungi Mandiri Call 14000 lalu tekan 2 agar dapat dilakukan pengecekan. Tks~Danti",2025-12-15 14:53:26,3.2.0,Dataset/dataset\LIVIN_googleplay_DECEMBER_reviews.csv,topup
98976007-f87f-4562-b6bd-f41c0e69deaf,Pengguna Google,https://play-lh.googleusercontent.com/EGemoI2NTXmTsBVtJqk8jxF9rh8ApRWfsIMQSt2uE4OcpQqbFu7f7NbTK05lx80nuSijCz7sc3a277R67g,"kacau ovo ini sering gangguan, transfer sering pending",1,0,,2025-11-19 13:17:57+00:00,,,,Dataset/dataset\OVO_googleplay_NOVEMBER_reviews.csv,transfer
8c811c5e-3118-48fd-86f7-7dc496b4b453,Pengguna Google,https://play-lh.googleusercontent.com/EGemoI2NTXmTsBVtJqk8jxF9rh8ApRWfsIMQSt2uE4OcpQqbFu7f7NbTK05lx80nuSijCz7sc3a277R67g,"Login tapi malah di suruh Uniinstal sampai Berkkali kali . gak jelas amat sumpah . susah bangett login nya . SINYAL WIFI GW KECEPATAN 20 MBPS, JADI BUKAN KARENA KENDALA INTERNET , KODE PIN SUDAH BENAR EH DISURUH UNINSTAL . MINTA BANTUAN MALAH GAK DI RESPON . GOPAY GW ADA SALDONYA SEJUTA LEBIH MALAH . GINI AMAT NI APLIKASI",1,1,1.64.0,2025-11-24 12:55:04+00:00,"Hai Kak Arma, mohon maat atas ketidaknyamanannya. Jika kamu masih mengalami kendala, silakan laporkan melalui email ke customerservice@gopay.co.id dengan melampirkan kode psr-25-328-0635-46852 pada subject email dan cantumkan nomor laporan kamu sebelumnya pada email yang kamu kirimkan. Kami tunggu detail laporan kamu ya. ^Melisa",2025-11-24 13:35:53,1.64.0,Dataset/dataset\GOPAY_googleplay_NOVEMBER_reviews.csv,login
01f34069-7c03-4478-bb10-97fdafc12434,Pengguna Google,https://play-lh.googleusercontent.com/EGemoI2NTXmTsBVtJqk8jxF9rh8ApRWfsIMQSt2uE4OcpQqbFu7f7NbTK05lx80nuSijCz7sc3a277R67g,"aplikasi tolol, udah topup udah sukses eh pas di. cek di. ovo ga masuk tolol",1,1,3.146.0,2025-11-04 17:43:20+00:00,,,3.146.0,Dataset/dataset\OVO_googleplay_NOVEMBER_reviews.csv,topup
f1943e99-e21a-4ae6-b546-9a98edf645d6,Pengguna Google,https://play-lh.googleusercontent.com/EGemoI2NTXmTsBVtJqk8jxF9rh8ApRWfsIMQSt2uE4OcpQqbFu7f7NbTK05lx80nuSijCz7sc3a277R67g,saldoku udah seminggu ga bisa di pake transaksi.gmna aplikasi ini.aku nyesel top up saldo klo ga bisa di pake transaksi,2,0,1.62.0,2025-11-10 23:16:01+00:00,"Mohon maaf, Kak Saepul. Agar bisa menggunakan GoPay, pastikan saldo cukup, masukkan PIN GoPay yang benar, dan gunakan aplikasi terbaru. Jika masih bermasalah, laporkan melalui menu Bantuan > ketik ""Saya tidak dapat menggunakan GoPay"" > isi formulir dan cantumkan kode psr-25-316-2330-57308 di bagian ""Ceritakan lebih lanjut"". ^Miko",2025-11-12 06:31:11,1.62.0,Dataset/dataset\GOPAY_googleplay_NOVEMBER_reviews.csv,topup
1d7c6684-e70c-4dc1-aa8f-a3a7a1c4ae77,Pengguna Google,https://play-lh.googleusercontent.com/EGemoI2NTXmTsBVtJqk8jxF9rh8ApRWfsIMQSt2uE4OcpQqbFu7f7NbTK05lx80nuSijCz7sc3a277R67g,aplikasi lemot!! perlu di perbaiki agar konsumen gak kecewa!! aku top up dari rekening brimo saldo udah terpotong tapi saldo gopay saya belom masuk sampe sekarang!!!!,1,3,1.59.0,2025-10-10 23:41:55+00:00,"Hai Kak Sandiman, pastikan nomor tujuan sudah benar, sudah cek halaman Riwayat, dan coba keluar dan masuk kembali ke aplikasi. Jika saldo masih belum masuk, silakan laporkan melalui menu Bantuan > ketik 'Top up GoPay saya belum masuk' > isi formulir dan cantumkan kode psr-25-284-2209-13675 pada bagian 'Ceritakan lebih lanjut'. ^Maura",2025-10-11 05:09:18,1.59.0,Dataset/dataset\GOPAY_googleplay_OCTOBER_reviews.csv,topup
4f7e7f17-1553-4437-84f1-10da705afcb6,Pengguna Google,https://play-lh.googleusercontent.com/EGemoI2NTXmTsBVtJqk8jxF9rh8ApRWfsIMQSt2uE4OcpQqbFu7f7NbTK05lx80nuSijCz7sc3a277R67g,GA BISA DIGUNAIN BUAT ISI SALDO 👎 terus juga pas mau isi saldo eh malah Dinonaktifkan shopee paylater nya gimana orang mau top up lewat shopee coba?! aneh bikin ribet aja mendingan dana aja kalo gitu kan kalo kek gini ribet! salahnya dari mana coba salah masukin Pin Spaylater gitu??? kenapa harus di nonaktif kan? 24 Jam lagi 24 Itu lama! mana di situ di klik isi saldo eh yang muncul malah putih semua!! pas chat customer service juga gitu yang ditanya apa yang dijawab ngga sesuai pertanyaan ⁉,1,13,1.44.04,2025-12-05 13:14:45+00:00,"Hi Kak Suli. Mohon maaf atas kendala tidak bisa melakukan isi saldo dan SPayLater yang dinonaktifkan. Terkait kendala tersebut mohon menghubungi kami melalui DM ke Instagram @ShopeePay_ID yang bercentang biru, dengan menginformasikan detail dan bukti kendala untuk bantuan lebih lanjut. Semoga kendala kakak segera terselesaikan ya. ^CS",2025-12-05 14:37:27,1.44.04,Dataset/dataset\SHOPEEPAY_googleplay_DECEMBER_reviews.csv,topup
d894f11b-25cf-414c-8996-962a8a5dd3d7,Pengguna Google,https://play-lh.googleusercontent.com/EGemoI2NTXmTsBVtJqk8jxF9rh8ApRWfsIMQSt2uE4OcpQqbFu7f7NbTK05lx80nuSijCz7sc3a277R67g,error terus gk bisa top up,1,0,1.44.05,2025-12-24 11:25:30+00:00,"Hi Kak Miftahul. Mohon maaf mengenai kendala tidak bisa Top Up. Untuk bantuan lebih lanjut, mohon menghubungi kami melalui DM ke Instagram @ShopeePay_ID dengan melampirkan foto/screenshot notifikasi kendala yang dialami. ^CS",2025-12-24 13:49:06,1.44.05,Dataset/dataset\SHOPEEPAY_googleplay_DECEMBER_reviews.csv,topup
da3d4322-32ec-452e-95bc-9b3cca774985,Pengguna Google,https://play-lh.googleusercontent.com/EGemoI2NTXmTsBVtJqk8jxF9rh8ApRWfsIMQSt2uE4OcpQqbFu7f7NbTK05lx80nuSijCz7sc3a277R67g,pengen coba di tf sama gopay 50k buat jajan semoga di jawab,5,0,,2025-11-02 19:47:05+00:00,,,,Dataset/dataset\GOPAY_googleplay_NOVEMBER_reviews.csv,transfer
fd2c1bda-2895-4cb8-b788-9168f4d2ab24,Pengguna Google,https://play-lh.googleusercontent.com/EGemoI2NTXmTsBVtJqk8jxF9rh8ApRWfsIMQSt2uE4OcpQqbFu7f7NbTK05lx80nuSijCz7sc3a277R67g,"bank digital yg super enak dan nyaman, ngambil cash jga ga kena cas dn transfer jga gratis ongkir. cuma masalah baru dtg ketika HP jatoh dn no. sudah mati tp setelah mengikuti prosedur dari bank jago dan hampir menghabiskan bwt isi pulsa alhamdulillah di tuntun dengan sabar dgn admin jago dan akhirnya bisa login kebuka lagi bank jago nya.",5,0,,2025-10-07 11:46:15+00:00,,,,Dataset/dataset\JAGO_googleplay_OCTOBER_reviews.csv,login
bbc6f83b-29fc-4236-bd62-e0b8fb7ae175,Pengguna Google,https://play-lh.googleusercontent.com/EGemoI2NTXmTsBVtJqk8jxF9rh8ApRWfsIMQSt2uE4OcpQqbFu7f7NbTK05lx80nuSijCz7sc3a277R67g,bner sih murah dan bagus untuk apknya tapi kadang suka keluar sendiri terus pas mau login lagi malah internet terputus nih padahal jaringan gada masalah gua tes buka youtube atau tiktok gitu lancar aja sinyal gada jeda leg tapi buat login gopay malah jaringan terputus nih developernya tolong perbaiki,3,6,1.64.1,2025-11-26 01:51:34+00:00,"Mohon maaf Kak @Aku Bisa. Terkait laporanmu, pastikan sinyal internetmu stabil, aktifkan 'App Permission'/'Izinkan Aplikasi', lalu logout kemudian login kembali. Untuk kendala login lainnya, silakan mengakses halaman bantuan login pada aplikasi GoPay. ^Maura",2025-11-26 07:10:22,1.64.1,Dataset/dataset\GOPAY_googleplay_NOVEMBER_reviews.csv,login
64ac3e87-2002-4756-91b3-2c7f6a2ab4c4,Pengguna Google,https://play-lh.googleusercontent.com/EGemoI2NTXmTsBVtJqk8jxF9rh8ApRWfsIMQSt2uE4OcpQqbFu7f7NbTK05lx80nuSijCz7sc3a277R67g,"mau hapus akun permanen aja kok ya susah banget prosedur nya, terlalu banyak aturan enggak jelas. ovo Aplikasi cacad & juga merugikan nasabah, top up saldo ovo dari m banking , ehh sama ovo di potong utk admin, jadi uang top up nya masuk gak utuh. Dimana mana yang nama nya penerima dana gak boleh potong uang utk admin. Yang ber hak minta biaya admin bank yang digunakan utk top up nya. Opo parah banget.",1,0,3.118.0,2025-12-03 20:48:48+00:00,,,3.118.0,Dataset/dataset\OVO_googleplay_DECEMBER_reviews.csv,topup
7ce6ad63-f9ec-4e49-9255-e45517a0e3fb,Pengguna Google,https://play-lh.googleusercontent.com/EGemoI2NTXmTsBVtJqk8jxF9rh8ApRWfsIMQSt2uE4OcpQqbFu7f7NbTK05lx80nuSijCz7sc3a277R67g,"ini aplikasi kenapa sih saya mau transfer uang gagal terus, saldo sudah mencukupi tapi gagal terus!!!!!!!!!!! mau top up saldo juga tidak bisa, semua transaksi gagal!!!!",1,7,1.40.06,2025-10-05 04:55:58+00:00,"Hi Kak Raihan, Mohon maaf terkait tidak bisa transfer & top up ShopeePay. Silakan mencoba kembali dalam waktu 1x24 jam. Pastikan verifikasi wajah sesuai dengan KTP yang terdaftar di ShopeePay. Pastikan limit saldo ShopeePay masih mencukupi. Apabila masih terkendala, kakak dapat menghubungi kami melalui DM ke IG @ShopeePay_ID. ^EN",2025-10-06 14:02:16,1.40.06,Dataset/dataset\SHOPEEPAY_googleplay_OCTOBER_reviews.csv,topup
0e8357e3-1025-4f10-824b-acf3b62d922d,Pengguna Google,https://play-lh.googleusercontent.com/EGemoI2NTXmTsBVtJqk8jxF9rh8ApRWfsIMQSt2uE4OcpQqbFu7f7NbTK05lx80nuSijCz7sc3a277R67g,pengalamanya sulit login payah tingkat dewa kecewa deh gue knapa itu drakor cairnya ke ovo bukannya dana ajah yg mudah,1,0,3.144.0,2025-10-13 20:31:58+00:00,,,3.144.0,Dataset/dataset\OVO_googleplay_OCTOBER_reviews.csv,login
44b35ab2-186c-4494-b88b-bf1646b7eade,Pengguna Google,https://play-lh.googleusercontent.com/EGemoI2NTXmTsBVtJqk8jxF9rh8ApRWfsIMQSt2uE4OcpQqbFu7f7NbTK05lx80nuSijCz7sc3a277R67g,"Baru transaksi pakai qris warung, bisa langsung di blokir ovo saya, terus saldo gimana itu",1,0,3.144.0,2025-10-06 23:36:43+00:00,,,3.144.0,Dataset/dataset\OVO_googleplay_OCTOBER_reviews.csv,qris
750aae2a-2699-49e9-a115-acd590e2d2b6,Pengguna Google,https://play-lh.googleusercontent.com/EGemoI2NTXmTsBVtJqk8jxF9rh8ApRWfsIMQSt2uE4OcpQqbFu7f7NbTK05lx80nuSijCz7sc3a277R67g,sudah melakukan transfer tapi ditiktok tetep suruh transfer,1,0,3.134.0,2025-10-01 13:20:09+00:00,,,3.134.0,Dataset/dataset\OVO_googleplay_OCTOBER_reviews.csv,transfer
57bf9c6a-67da-42f8-8051-953f56c2ee0f,Pengguna Google,https://play-lh.googleusercontent.com/EGemoI2NTXmTsBVtJqk8jxF9rh8ApRWfsIMQSt2uE4OcpQqbFu7f7NbTK05lx80nuSijCz7sc3a277R67g,ga pernah Nemu apk SE jengkelin ini. waktu mencet fitur top up game malah loading ny lama. padahal sinyal ny bagus. udah dari awal download Masi kyk itu. 👎👎,1,0,,2025-10-03 21:35:31+00:00,"Hai Kak @Nurr Rorr, mohon maaf atas ketidaknyamanannya. Pastikan kamu sudah menggunakan aplikasi GoPay versi terbaru, ya. Jika masih berkendala, silakan laporkan melalui halaman Bantuan > ketik ""Kendala tampilan dan notifikasi"" di kolom pencarian > pilih artikel dan lengkapi formulirnya. Kami siap membantu. ^Melisa",2025-10-03 22:17:13,,Dataset/dataset\GOPAY_googleplay_OCTOBER_reviews.csv,topup
37c8168b-aa5d-45ef-817d-cb882b13a946,Pengguna Google,https://play-lh.googleusercontent.com/EGemoI2NTXmTsBVtJqk8jxF9rh8ApRWfsIMQSt2uE4OcpQqbFu7f7NbTK05lx80nuSijCz7sc3a277R67g,"gila ni aplikasi,,,kalau gak sanggup jadi bank digital jangan maksa,,,qris GK bjsa,, transfer gak bisa,,,alasan koneksi,,,ini jelas menuju ke scam,, gak aman Tarok duit di tempat yang bermasalah macam ini,,,gak aman pakai bank ini",1,1,,2025-10-28 12:26:39+00:00,"Halo, Jagoan. Mohon maaf atas kendala yang terjadi ya. Kamu tidak perlu khawatir, kamu bisa menjelaskan detail kendala tersebut melalui email di tanya@jago.com atau call center 1500 746 untuk kami bantu tangani lebih lanjut. Terima kasih :)",2025-10-28 14:38:29,,Dataset/dataset\JAGO_googleplay_OCTOBER_reviews.csv,qris
7b5b221e-8402-49c9-8bb9-a7af2b5dadda,Pengguna Google,https://play-lh.googleusercontent.com/EGemoI2NTXmTsBVtJqk8jxF9rh8ApRWfsIMQSt2uE4OcpQqbFu7f7NbTK05lx80nuSijCz7sc3a277R67g,"Slow respon,bisa Top Up gak bisa dibuat transaksi,",1,0,,2025-11-21 14:09:00+00:00,,,,Dataset/dataset\OVO_googleplay_NOVEMBER_reviews.csv,topup
07109596-956b-48fe-838f-32752b8eb025,Pengguna Google,https://play-lh.googleusercontent.com/EGemoI2NTXmTsBVtJqk8jxF9rh8ApRWfsIMQSt2uE4OcpQqbFu7f7NbTK05lx80nuSijCz7sc3a277R67g,aplikasi sampah terlalu banyak makan biaya dari top up sampai pengisian saldo!,1,0,3.65.0,2025-11-06 22:28:45+00:00,,,3.65.0,Dataset/dataset\OVO_googleplay_NOVEMBER_reviews.csv,topup
73c10d89-c7a0-4b91-98b9-8dbc6d34f89f,Pengguna Google,https://play-lh.googleusercontent.com/EGemoI2NTXmTsBVtJqk8jxF9rh8ApRWfsIMQSt2uE4OcpQqbFu7f7NbTK05lx80nuSijCz7sc3a277R67g,"Saya Agen BRI LINK, jadi ada pelanggan saya Top up Gopay sebesar 2.900.000,pada tanggal 31 oktober 2025, sekitar jam 10 malam, transaksi berhasil , saldo gak masuk ke akun pelanggan saya, saya sudah buat bantuan di akun gopay pelanggan, mohonlah di bantu untuk penyelasaiannya karena pelanggan saya sangat perlu uang tersebut, dan satu lagi jangan dipersulit untuk pengembalian saldonya, sekali lagi mohon di bantu pihak gopay agar saldo bisa kembali ke akun pelanggan saya.terima kasih",1,33,1.61.2,2025-11-01 23:17:41+00:00,"Hai Kak Dhani, mohon maaf atas ketidaknyamanan yang dialami. Terkait hal tersebut, sebelumnya terdapat pemeliharaan sistem sehingga transaksi transfer ke akun GoPay terhambat sementara. Namun saat ini sudah kembali normal ya, Silakan Kakak untuk melakukan pengecekan secara berkala. Terima kasih. ^Melisa",2025-11-02 07:11:26,1.61.2,Dataset/dataset\GOPAY_googleplay_NOVEMBER_reviews.csv,topup
cf81b892-06b0-41d0-a534-c31ad85bb6e1,Pengguna Google,https://play-lh.googleusercontent.com/EGemoI2NTXmTsBVtJqk8jxF9rh8ApRWfsIMQSt2uE4OcpQqbFu7f7NbTK05lx80nuSijCz7sc3a277R67g,Top up udah ada bukti transaksi nya tapi saldo gak masuk,1,0,3.147.0,2025-11-22 05:24:58+00:00,,,3.147.0,Dataset/dataset\OVO_googleplay_NOVEMBER_reviews.csv,topup
8cb1a6f8-1775-4a7f-a3b1-458b8763179e,Pengguna Google,https://play-lh.googleusercontent.com/EGemoI2NTXmTsBVtJqk8jxF9rh8ApRWfsIMQSt2uE4OcpQqbFu7f7NbTK05lx80nuSijCz7sc3a277R67g,proses transfer ke bank no ribet.. bayar ini itu mudah.. 🙏😁,5,0,,2025-10-03 01:04:15+00:00,,,,Dataset/dataset\GOPAY_googleplay_OCTOBER_reviews.csv,transfer
51b75571-5a55-4609-81cd-b541b6a7f8bc,Pengguna Google,https://play-lh.googleusercontent.com/EGemoI2NTXmTsBVtJqk8jxF9rh8ApRWfsIMQSt2uE4OcpQqbFu7f7NbTK05lx80nuSijCz7sc3a277R67g,"kenapa akun saya tidak bisa login,udah masukkan pin,ada aja kesalahan lalu keluar dari apk,tolong diperbaiki lagi",1,0,8.77.3,2025-11-23 18:32:19+00:00,"Halo, Jagoan. Mohon maaf atas kendala yang terjadi ya. Kamu tidak perlu khawatir, kamu bisa menjelaskan detail kendala tersebut melalui email di tanya@jago.com atau call center 1500 746 untuk kami bantu tangani lebih lanjut. Terima kasih :)",2025-11-23 19:25:41,8.77.3,Dataset/dataset\JAGO_googleplay_NOVEMBER_reviews.csv,login
479e9a41-2038-49a6-a4be-aeec328cc332,Pengguna Google,https://play-lh.googleusercontent.com/EGemoI2NTXmTsBVtJqk8jxF9rh8ApRWfsIMQSt2uE4OcpQqbFu7f7NbTK05lx80nuSijCz7sc3a277R67g,tidak bisa transfer ke wallet seperti dana,1,0,3.147.0,2025-11-17 16:01:20+00:00,,,3.147.0,Dataset/dataset\OVO_googleplay_NOVEMBER_reviews.csv,transfer
180f913b-023e-4bf9-8604-01c0cab05110,Pengguna Google,https://play-lh.googleusercontent.com/EGemoI2NTXmTsBVtJqk8jxF9rh8ApRWfsIMQSt2uE4OcpQqbFu7f7NbTK05lx80nuSijCz7sc3a277R67g,KONFIRMASI UPGRADE LAMA MAU TF GABISA,1,0,1.62.0,2025-11-03 12:42:23+00:00,,,1.62.0,Dataset/dataset\GOPAY_googleplay_NOVEMBER_reviews.csv,transfer
a57f9610-c08c-4196-a630-b835e133b77a,Pengguna Google,https://play-lh.googleusercontent.com/EGemoI2NTXmTsBVtJqk8jxF9rh8ApRWfsIMQSt2uE4OcpQqbFu7f7NbTK05lx80nuSijCz7sc3a277R67g,"kecewa , pertama pake gopay aman aman saja,stelah sudah setahun lebih..top up gopay tiba tiba saldo nya gak masuk,.. setelah 3 hari baru masuk.. di coba lagi top up saldo..eh malah gak masuk sama sekali..coba tolong dong di perbaiki,.apk nya",1,39,1.64.0,2025-11-20 15:55:24+00:00,"Hai Kak Lilis, pastikan nomor tujuan sudah benar, sudah cek halaman Riwayat, dan coba keluar dan masuk kembali ke aplikasi. Jika saldo masih belum masuk, silakan laporkan melalui menu Bantuan > ketik 'Top up GoPay saya belum masuk' > isi formulir dan cantumkan kode psr-25-324-1033-39083 pada bagian 'Ceritakan lebih lanjut'. ^Melisa",2025-11-20 17:33:46,1.64.0,Dataset/dataset\GOPAY_googleplay_NOVEMBER_reviews.csv,topup
5128faaa-bfd7-44ad-914a-1858d641c2b5,Pengguna Google,https://play-lh.googleusercontent.com/EGemoI2NTXmTsBVtJqk8jxF9rh8ApRWfsIMQSt2uE4OcpQqbFu7f7NbTK05lx80nuSijCz7sc3a277R67g,"capek banget top up game mobile legend disini, udh kali ke 2 diamond nya belum masuk, benar² kecewa dan udh gk mau top up disini lg lah 😪, mending top up di tempat lain walaupun agak mahal tp udh pasti masuk 😡",1,1,,2025-10-18 07:01:22+00:00,"Hai Kak Dinil, mohon maaf atas ketidaknyamanannya. Terkait hal tersebut, silakan laporkan melalui email ke customerservice@gopay.co.id dengan melampirkan kode psr-25-291-0704-09800 pada subject email dan ceritakan kembali detail permasalahannya agar tim kami bisa bantu cek lebih lanjut ya. ^Miko",2025-10-18 14:04:23,,Dataset/dataset\GOPAY_googleplay_OCTOBER_reviews.csv,topup
12a22753-6415-4882-a90d-4a4db6c1f99d,Pengguna Google,https://play-lh.googleusercontent.com/EGemoI2NTXmTsBVtJqk8jxF9rh8ApRWfsIMQSt2uE4OcpQqbFu7f7NbTK05lx80nuSijCz7sc3a277R67g,top up beberapa kli tpi saldo gak masuk masuk kecewa sekali pakai aplkasi kayak begini bikin rugi ini udah dilaporkan masalahnya masih sama aja,1,0,1.61.2,2025-11-07 00:03:25+00:00,"Hai Kak Desyan, pastikan nomor tujuan sudah benar, sudah cek halaman Riwayat, dan coba keluar dan masuk kembali ke aplikasi. Jika saldo masih belum masuk, silakan laporkan melalui menu Bantuan > ketik 'Top up GoPay saya belum masuk' > isi formulir dan cantumkan kode psr-25-309-0808-55061 pada bagian 'Ceritakan lebih lanjut'. ^Melisa",2025-11-05 15:09:05,1.61.2,Dataset/dataset\GOPAY_googleplay_NOVEMBER_reviews.csv,topup
61e1e15c-66f1-4ad6-b330-5d410474a517,Pengguna Google,https://play-lh.googleusercontent.com/EGemoI2NTXmTsBVtJqk8jxF9rh8ApRWfsIMQSt2uE4OcpQqbFu7f7NbTK05lx80nuSijCz7sc3a277R67g,tolong bantuannya pihak gopay .. saldo gopay saya mau transfer ke seabank malah nyangkut (diproses) saya haru menunggu berapa hari lagi agar bisa kembali uang saya .. tolong bantuannya .,3,0,1.59.0,2025-10-06 14:39:56+00:00,"Hai Kak Mellya, pastikan nomor tujuan benar dan sudah cek halaman Riwayat. Jika setelah 2x24 jam di hari kerja (diluar Sabtu, Minggu, atau Libur) saldo belum bertambah, silakan lapor ke menu Bantuan > ketik 'Transfer saldo ke bank atau e-wallet belum diterima' dan cantumkan kode psr-25-279-0811-17775 pada bagian 'Ceritakan lebih lanjut'. ^Maura",2025-10-06 15:11:23,1.59.0,Dataset/dataset\GOPAY_googleplay_OCTOBER_reviews.csv,transfer
fc2519f5-b534-482c-bf3c-5c3f9cf45296,Pengguna Google,https://play-lh.googleusercontent.com/EGemoI2NTXmTsBVtJqk8jxF9rh8ApRWfsIMQSt2uE4OcpQqbFu7f7NbTK05lx80nuSijCz7sc3a277R67g,Mengecewakan Transfer dana malah harus nunggu 1 hari. mana uang nya buat biaya RS,1,0,1.41.06,2025-11-05 21:12:09+00:00,"Hi Kak Maulana. Mohon maaf atas kendala transfer dana  ShopeePay yang belum diterima. Kami siap membantu kakak, mohon menghubungi kami melalui DM ke Instagram @ShopeePay_ID yang bercentang biru, dengan melampirkan bukti transfer yang terkendala untuk bantuan lebih lanjut. Semoga kendala kakak segera terselesaikan ya. ^CS",2025-11-06 11:51:46,1.41.06,Dataset/dataset\SHOPEEPAY_googleplay_NOVEMBER_reviews.csv,transfer
92c41050-3256-4b08-aee0-3b1f4d6cd2b5,Pengguna Google,https://play-lh.googleusercontent.com/EGemoI2NTXmTsBVtJqk8jxF9rh8ApRWfsIMQSt2uE4OcpQqbFu7f7NbTK05lx80nuSijCz7sc3a277R67g,gak bisa top up robux,1,0,,2025-11-05 17:56:16+00:00,"Hai Kak Acha, mohon maaf atas ketidaknyamanannya. Terkait hal tersebut, silakan laporkan melalui email ke customerservice@gopay.co.id dengan melampirkan kode psr-25-310-0649-20410 pada subject email dan ceritakan kembali detail permasalahannya agar tim kami bisa bantu cek lebih lanjut ya. ^Melisa",2025-11-06 13:49:28,,Dataset/dataset\GOPAY_googleplay_NOVEMBER_reviews.csv,topup
1971c1a3-beed-4d54-b46e-4e020f08366f,Pengguna Google,https://play-lh.googleusercontent.com/EGemoI2NTXmTsBVtJqk8jxF9rh8ApRWfsIMQSt2uE4OcpQqbFu7f7NbTK05lx80nuSijCz7sc3a277R67g,"aplikasi yg keren, kita bisa bayar untuk belanja online juga offline. juga untuk bayar transportasi online. juga bisa untuk bayar KRL commuter Line, Kok ga ada Bank Saqu di daftar transfer Bank min ? 🤔🏦 tolong tambahkan Bank Saqu di dalam daftar Bank.",5,0,,2025-11-29 00:22:22+00:00,,,,Dataset/dataset\GOPAY_googleplay_NOVEMBER_reviews.csv,transfer
59f9a1fb-c33e-4909-bcf3-fe914cd59e05,Pengguna Google,https://play-lh.googleusercontent.com/EGemoI2NTXmTsBVtJqk8jxF9rh8ApRWfsIMQSt2uE4OcpQqbFu7f7NbTK05lx80nuSijCz7sc3a277R67g,"kenapa ketika saya login kebali ke akun ovo saya dulu nya nomor yg terdaftar di akun ovo saya itu hilang dan saya sudah Menganti nomor ovo yg hilang dengan nomor yg baru, dan ketika saya ingin melakukan transaksi malah di suruh verifikasi ke ovo nobung by superbank , padahal sebelum nya saya tidak pernah menautkan by superbank ke akun ovo saya, dan saya tidak bisa melakukan verifikasi karena nomor yang di minta untuk verifikasi yang tertera tersebut sudah hilang, bantuan nya",1,0,,2025-11-18 03:43:23+00:00,,,,Dataset/dataset\OVO_googleplay_NOVEMBER_reviews.csv,login
445c5bac-314d-4200-ac47-ddc1d867c280,Pengguna Google,https://play-lh.googleusercontent.com/EGemoI2NTXmTsBVtJqk8jxF9rh8ApRWfsIMQSt2uE4OcpQqbFu7f7NbTK05lx80nuSijCz7sc3a277R67g,"sudah verifikasi wajah,sudah ganti pasword dan pin,tetapi kemabali disuruh selfie ,ganzi paswors dan pin!!",3,0,3.1.0,2025-11-12 06:33:19+00:00,"Halo Sahabat @hil & hir, mohon maaf atas ketidaknyamanannya. Perihal kendala pada layanan Livin’ by Mandiri, mohon untuk mengirimkan email ke mandiricare@bankmandiri.co.id atau dapat menghubungi layanan Mandiri Call 14000 agar dilakukan pengecekan. Tks~Danti",2025-11-12 06:38:53,3.1.0,Dataset/dataset\LIVIN_googleplay_NOVEMBER_reviews.csv,vermuk
a822afe5-a790-45f8-878c-4ed00ae9408f,Pengguna Google,https://play-lh.googleusercontent.com/EGemoI2NTXmTsBVtJqk8jxF9rh8ApRWfsIMQSt2uE4OcpQqbFu7f7NbTK05lx80nuSijCz7sc3a277R67g,"Pemberitahuan kayak sampah, aplikasi lama kebuka karena ada animasi loading dulu, top up lewat bank bayar 2000, transfer ke bank bayar 2500. Mending copot aja.",1,4,3.147.0,2025-11-18 13:44:52+00:00,,,3.147.0,Dataset/dataset\OVO_googleplay_NOVEMBER_reviews.csv,topup
41485bff-25ae-47b7-b44f-132c7f6ae909,Pengguna Google,https://play-lh.googleusercontent.com/EGemoI2NTXmTsBVtJqk8jxF9rh8ApRWfsIMQSt2uE4OcpQqbFu7f7NbTK05lx80nuSijCz7sc3a277R67g,mudah untuk digunakan tapai sangat syang klo mau transfer malem hari selalu gabisa sangat kecewa,3,0,3.2.0,2025-12-23 02:55:18+00:00,"Halo Sahabat @Kurniawan 123, mhn maaf atas ketidaknyamanannya. Perihal kendala tsb, mhn mencoba kembali secara berkala dgn pastikan melakukan force close dan jaringan yg digunakan stabil. Apabila masih mengalami kendala, mhn kesediaannya menghubungi layanan mandiri call 14000 agar dpt kami lakukan pengecekan lebih lanjut. Tks~Kale",2025-12-23 02:57:50,3.2.0,Dataset/dataset\LIVIN_googleplay_DECEMBER_reviews.csv,transfer
eeb4bf1e-9a00-405f-9e70-b2b67b6082ba,Pengguna Google,https://play-lh.googleusercontent.com/EGemoI2NTXmTsBVtJqk8jxF9rh8ApRWfsIMQSt2uE4OcpQqbFu7f7NbTK05lx80nuSijCz7sc3a277R67g,kok cacad kali baru mau dipakek baru topup eh GK bisa dipakek utk transfer,2,1,1.64.1,2025-11-26 14:51:07+00:00,"Hai Kak Adjie, mohon maaf atas ketidaknyamanannya. Pastikan nomor tujuan transfer sudah benar dan sudah cek halaman Riwayat. Jika saldo belum juga bertambah, laporkan detailnya melalui email customerservice@gopay.co.id dan cantumkan kode psr-25-330-0849-25252 pada subject email yang kamu kirimkan ya. ^Melisa",2025-11-26 15:49:34,1.64.1,Dataset/dataset\GOPAY_googleplay_NOVEMBER_reviews.csv,topup
512c679f-1f76-42b5-936f-ec7bfd618a54,Pengguna Google,https://play-lh.googleusercontent.com/EGemoI2NTXmTsBVtJqk8jxF9rh8ApRWfsIMQSt2uE4OcpQqbFu7f7NbTK05lx80nuSijCz7sc3a277R67g,"aplikasi jelek, ketika top up saldo sering tidak masuk",1,0,1.59.0,2025-11-18 19:29:05+00:00,"Mohon maaf, Kak @Bocah. Pastikan kamu sudah cek halaman Riwayat GoPay-mu dan semua data sudah sesuai. Jika saldo masih belum masuk, laporkan melalui halaman Bantuan di aplikasi Gojek > ketik ""Top up GoPay belum masuk"" di kolom pencarian > pilih artikel dan klik tombol yang tersedia di bawah ""Masih memerlukan bantuan?"". ^Melisa",2025-11-18 19:47:08,1.59.0,Dataset/dataset\GOPAY_googleplay_NOVEMBER_reviews.csv,topup
636535a4-8f77-493e-b6d3-ecf65575c960,Pengguna Google,https://play-lh.googleusercontent.com/EGemoI2NTXmTsBVtJqk8jxF9rh8ApRWfsIMQSt2uE4OcpQqbFu7f7NbTK05lx80nuSijCz7sc3a277R67g,"gopay sekarang kaya punya rekening di bank baru apa saja bisa dan mudah. mau transfer bisa, belanja juga bisa, bayar tagihan bulanan bisa masih banyak lagi deh, 👍👍👍🔥",5,0,1.59.0,2025-10-09 05:11:17+00:00,,,1.59.0,Dataset/dataset\GOPAY_googleplay_OCTOBER_reviews.csv,transfer
516ed35b-65f9-469f-baca-aa433cdad2a8,Pengguna Google,https://play-lh.googleusercontent.com/EGemoI2NTXmTsBVtJqk8jxF9rh8ApRWfsIMQSt2uE4OcpQqbFu7f7NbTK05lx80nuSijCz7sc3a277R67g,"apk mudah di hack,sistem keamanan gada verifikasi wajah..Aplikasi yang tertinggal,padahal ini hampir 2026 tapi security nya asal""an..saya merasa pakai apk terdahulu",1,6,3.148.0,2025-11-28 11:17:15+00:00,,,3.148.0,Dataset/dataset\OVO_googleplay_NOVEMBER_reviews.csv,vermuk
ab202a06-05d1-4bf6-ad9b-3429605fd137,Pengguna Google,https://play-lh.googleusercontent.com/EGemoI2NTXmTsBVtJqk8jxF9rh8ApRWfsIMQSt2uE4OcpQqbFu7f7NbTK05lx80nuSijCz7sc3a277R67g,PARAH SHOPEEPAY DAN SHOPEE MEMBLOKIR AKUN SHOPEEPAY KU TANPA ADA PEMBERITAHUAN.MENUDUH TANPA ADA BUKTI.MEMBEKUKAN UANGKU TANPA CARI JALAN KELUAR.KMI CARI UANG DRI 100 PERAK HASIL KERINGAT SENDIRI TIDAK PERNAH MENCURI UANG SIAPAPUN.DI MINTA TRANSPARAN TENTANG YG DITUDUHKAN TAPI TIDAK MAU MENUNJUKKAN. DRI TGGL 1 SAMPAI SEKARANG TANGGAL 16 SALDO SHOPEEPAY DAN SALDO MERCHANT QRIS KU DI BEKUKAN. SAYA SANGAT KECEWA DENGAN TIM SHOPEE.,1,0,1.44.05,2025-12-16 19:01:10+00:00,"Hi Kak Muhammad. Mohon maaf atas kendala akun Shopee, ShopeePay & merchant yang diblokir serta terdapat saldo. Terkait kendala tersebut mohon menghubungi kami melalui DM ke Instagram @ShopeePay_ID yang bercentang biru, dengan menginformasikan detail dan bukti kendala untuk bantuan lebih lanjut. Semoga kendala kakak segera terselesaikan ya. ^CS",2025-12-17 11:41:19,1.44.05,Dataset/dataset\SHOPEEPAY_googleplay_DECEMBER_reviews.csv,qris
faf555fc-94c6-4218-b0f8-b193121c8bf3,Pengguna Google,https://play-lh.googleusercontent.com/EGemoI2NTXmTsBVtJqk8jxF9rh8ApRWfsIMQSt2uE4OcpQqbFu7f7NbTK05lx80nuSijCz7sc3a277R67g,"kalau transfer dapat poin dong livin , terima kasih",5,0,3.2.0,2025-12-16 16:29:31+00:00,"Halo Sahabat @Surya Atmaja, terimakasih atas saran dan masukan yang diberikan. Perihal tsb akan menjadi masukan bagi kami untuk pengembangan aplikasi kedepannya dan meningkatkan kualitas layanan Livin' by Mandiri. Tks~Celvin",2025-12-16 16:33:19,3.2.0,Dataset/dataset\LIVIN_googleplay_DECEMBER_reviews.csv,transfer
0d0be3cf-dc49-4677-9bd9-47520ecd0bf5,Pengguna Google,https://play-lh.googleusercontent.com/EGemoI2NTXmTsBVtJqk8jxF9rh8ApRWfsIMQSt2uE4OcpQqbFu7f7NbTK05lx80nuSijCz7sc3a277R67g,"Habis top up 100 knp terus akunnya ke blokir min,, gimana cara buka blokirnya, ngadu ke cs cuma bilang ada aktifitas tidak wajar pdhl g ngapa²in",1,0,,2025-11-02 15:06:37+00:00,"Hai Kak Putri, mohon maaf atas ketidaknyamanannya. Jika masih mengalami keluhan, silakan laporkan melalui email ke customerservice@gopay.co.id dengan melampirkan kode psr-25-306-1031-15054 pada subject email dan cantumkan nomor laporan sebelumnya serta ceritakan kembali detail permasalahannya. Kami tunggu detail laporan kamu ya. ^Miko",2025-11-02 17:31:28,,Dataset/dataset\GOPAY_googleplay_NOVEMBER_reviews.csv,topup
d8f274f9-c04b-46db-8b1f-ccd4437523b4,Pengguna Google,https://play-lh.googleusercontent.com/EGemoI2NTXmTsBVtJqk8jxF9rh8ApRWfsIMQSt2uE4OcpQqbFu7f7NbTK05lx80nuSijCz7sc3a277R67g,kenapa sdh 2 hri banking tdk bisa login,5,0,3.2.0,2025-12-07 07:51:43+00:00,"Halo Sahabat @Sumi Yati, mohon maaf atas ketidaknyamannya. Untuk perihal kendala pada layanan Livin' by Mandiri, mohon untuk dapat mengirimkan email ke mandiricare@bankmandiri.co.id atau dapat menghubungi layanan mandiri 14000 dengan tekan 2 agar dapat dilakukan pengecekan. Tks~Irish",2025-12-07 07:53:44,3.2.0,Dataset/dataset\LIVIN_googleplay_DECEMBER_reviews.csv,login
de8b03ce-76c5-4bb8-8022-e4bfa1054d26,Pengguna Google,https://play-lh.googleusercontent.com/EGemoI2NTXmTsBVtJqk8jxF9rh8ApRWfsIMQSt2uE4OcpQqbFu7f7NbTK05lx80nuSijCz7sc3a277R67g,"ga usah pakai ovo lgi,nyesal kalian pakai apakasi ini,saya transfer uang ke ovo udah 1 hari ga masuk, apakasi error.",1,0,3.148.0,2025-12-04 09:12:03+00:00,,,3.148.0,Dataset/dataset\OVO_googleplay_DECEMBER_reviews.csv,transfer
39198060-78ae-4ea0-8f41-b45faedbc601,Pengguna Google,https://play-lh.googleusercontent.com/EGemoI2NTXmTsBVtJqk8jxF9rh8ApRWfsIMQSt2uE4OcpQqbFu7f7NbTK05lx80nuSijCz7sc3a277R67g,apk ini ok bgt..sglnya bs mjd mudah n mw TF kmnpun sgt cpt prktis,5,0,,2025-11-11 11:42:59+00:00,,,,Dataset/dataset\GOPAY_googleplay_NOVEMBER_reviews.csv,transfer
37e83719-3828-47eb-ac11-e66eec367111,Pengguna Google,https://play-lh.googleusercontent.com/EGemoI2NTXmTsBVtJqk8jxF9rh8ApRWfsIMQSt2uE4OcpQqbFu7f7NbTK05lx80nuSijCz7sc3a277R67g,Ema gua marah marah pas foto muka wk,4,0,1.64.0,2025-11-26 21:23:27+00:00,,,1.64.0,Dataset/dataset\GOPAY_googleplay_NOVEMBER_reviews.csv,vermuk
32b8c361-774c-4ab6-b161-731cc9bb2eb3,Pengguna Google,https://play-lh.googleusercontent.com/EGemoI2NTXmTsBVtJqk8jxF9rh8ApRWfsIMQSt2uE4OcpQqbFu7f7NbTK05lx80nuSijCz7sc3a277R67g,"mudah transfer ke bank mana saja dan proses nya cepat, mungkin sedikit ada kendala kalau update tidak tertentu saja",5,1,1.64.0,2025-11-20 01:55:01+00:00,,,1.64.0,Dataset/dataset\GOPAY_googleplay_NOVEMBER_reviews.csv,transfer
19d35be5-4626-41c3-8b26-dca065fc6f08,Pengguna Google,https://play-lh.googleusercontent.com/EGemoI2NTXmTsBVtJqk8jxF9rh8ApRWfsIMQSt2uE4OcpQqbFu7f7NbTK05lx80nuSijCz7sc3a277R67g,upluad dokumen lamaaaaaaa untuk upgread ke gopay plus padahal butuh banget buat transfer,1,0,1.60.0,2025-10-16 03:08:53+00:00,"Hai Kak @Putriprince, mohon maaf atas ketidaknyamanannya. Sebelum mencoba upgrade ke GoPay Plus, pastikan dokumen serta foto selfie yang kamu kirim sudah sesuai dengan ketentuan GoPay. Jika masih tidak bisa, silakan laporkan detailnya melalui email ke customerservice@gopay.co.id dan lampirkan kode psr-25-289-0015-36447 pada subject email ya. ^Maura",2025-10-16 07:16:04,1.60.0,Dataset/dataset\GOPAY_googleplay_OCTOBER_reviews.csv,transfer
f3dd65fe-e351-4fa6-8f09-a71da89d1cb4,Pengguna Google,https://play-lh.googleusercontent.com/EGemoI2NTXmTsBVtJqk8jxF9rh8ApRWfsIMQSt2uE4OcpQqbFu7f7NbTK05lx80nuSijCz7sc3a277R67g,kenapa ktp saya yg hilangbtiba tiba d oake shopeepay jadi saya tidak bisa daftar sopeepay kok bisa padahal ada scan wajah tidak bener sopee pay,1,0,,2025-11-29 09:13:40+00:00,"Hi Kak Raya, Terima kasih telah menggunakan ShopeePay. Mohon maaf atas kendala tidak bisa daftar ShopeePay. Mohon menghubungi kami melalui DM ke Instagram @ShopeePay_ID yang bercentang biru, dengan melampirkan foto KTP dan tangkapan layar kendala tersebut. ^EN",2025-12-01 13:01:02,,Dataset/dataset\SHOPEEPAY_googleplay_NOVEMBER_reviews.csv,vermuk
fd709008-e1c8-4173-9126-26a7a42f9807,Pengguna Google,https://play-lh.googleusercontent.com/EGemoI2NTXmTsBVtJqk8jxF9rh8ApRWfsIMQSt2uE4OcpQqbFu7f7NbTK05lx80nuSijCz7sc3a277R67g,"jelek, banyak gangguan,ga bisa transfer ,ga bisa ngapa ngapain, banyak bug nya",1,0,3.149.0,2025-12-13 15:51:17+00:00,,,3.149.0,Dataset/dataset\OVO_googleplay_DECEMBER_reviews.csv,transfer
39fefc61-4281-4075-886a-816600bf4959,Pengguna Google,https://play-lh.googleusercontent.com/EGemoI2NTXmTsBVtJqk8jxF9rh8ApRWfsIMQSt2uE4OcpQqbFu7f7NbTK05lx80nuSijCz7sc3a277R67g,"Syg klo mo pinjam harus BPKB jaminan nya.Dan reward nya cuma dpt koin, bkn uang cash😁. Over all tuk transfer dan Tarik tunai sudah Ok. Pesan kami Jgn pake ADM yah, dan jgn di upgrade, nanti akan susah klo mau tariktunai kyk aplikasi sebelah, ada saldo ku lumayan tapi hrs upgrade dulu, Jahat bgt! Semoga Gopay tidak seperti itu yah aamiin 🤗",4,2,1.59.0,2025-10-06 11:28:55+00:00,,,1.59.0,Dataset/dataset\GOPAY_googleplay_OCTOBER_reviews.csv,transfer
24f3b527-6a76-431a-b90c-bcfdd16e9816,Pengguna Google,https://play-lh.googleusercontent.com/EGemoI2NTXmTsBVtJqk8jxF9rh8ApRWfsIMQSt2uE4OcpQqbFu7f7NbTK05lx80nuSijCz7sc3a277R67g,aplikasi ga guna login gabisa,1,0,3.147.0,2025-11-13 03:09:24+00:00,,,3.147.0,Dataset/dataset\OVO_googleplay_NOVEMBER_reviews.csv,login
03549c62-8661-4044-b211-907560f9812c,Pengguna Google,https://play-lh.googleusercontent.com/EGemoI2NTXmTsBVtJqk8jxF9rh8ApRWfsIMQSt2uE4OcpQqbFu7f7NbTK05lx80nuSijCz7sc3a277R67g,kenapa akhir² ini saya transaksi tidak bisa? sinyal mendukung tapi gagal transaksi karena ada peringatan transaksi tidak wajar. padahal saya hanya ingin top up game.,5,1,1.62.0,2025-11-12 11:26:36+00:00,,,1.62.0,Dataset/dataset\GOPAY_googleplay_NOVEMBER_reviews.csv,topup
eb25eb4a-4a8d-4ebe-b239-7497c0b27b6f,Pengguna Google,https://play-lh.googleusercontent.com/EGemoI2NTXmTsBVtJqk8jxF9rh8ApRWfsIMQSt2uE4OcpQqbFu7f7NbTK05lx80nuSijCz7sc3a277R67g,verivikasi muka susah mau aktifasi mbaking jadi malas rencana mau pakai lagi tp dongkol gara2 verifikasi muka,1,0,3.1.0,2025-11-02 21:07:48+00:00,"Halo Sahabat @kholid kholidin, mohon maaf atas ketidaknyamanannya. Jika terdapat kendala verifikasi wajah pada saat proses registrasi Livin, Sahabat dapat mencoba kembali dengan memastikan hal-hal sebagai berikut: Pastikan agar pencahayaan baik dan wajah tidak terlalu dekat dengan kamera. Tks~Syarif",2025-11-02 21:15:31,3.1.0,Dataset/dataset\LIVIN_googleplay_NOVEMBER_reviews.csv,vermuk
762cc03f-eeb6-49eb-9d0a-5245ec43c107,Pengguna Google,https://play-lh.googleusercontent.com/EGemoI2NTXmTsBVtJqk8jxF9rh8ApRWfsIMQSt2uE4OcpQqbFu7f7NbTK05lx80nuSijCz7sc3a277R67g,"bagus dan sangat membantu untuk kepala tambah pusing,.. aplikasi ini bikin gua jadi sewot masa buat scan qris sampe GK bisa2 malah sampe lebih satu mingguan, .parahhhhh",5,77,3.149.0,2025-12-17 02:57:19+00:00,,,3.149.0,Dataset/dataset\OVO_googleplay_DECEMBER_reviews.csv,qris
fc53c091-c46c-4163-8fbf-c6a722c77b0d,Pengguna Google,https://play-lh.googleusercontent.com/EGemoI2NTXmTsBVtJqk8jxF9rh8ApRWfsIMQSt2uE4OcpQqbFu7f7NbTK05lx80nuSijCz7sc3a277R67g,aku suka top up game di sini,5,0,1.64.0,2025-11-19 19:05:47+00:00,,,1.64.0,Dataset/dataset\GOPAY_googleplay_NOVEMBER_reviews.csv,topup
5766c2c0-041b-414b-a92f-6e8f319cf5a5,Pengguna Google,https://play-lh.googleusercontent.com/EGemoI2NTXmTsBVtJqk8jxF9rh8ApRWfsIMQSt2uE4OcpQqbFu7f7NbTK05lx80nuSijCz7sc3a277R67g,apknya bagus mau transfer ke mana aja biayanya sangat murah,5,0,1.60.0,2025-10-28 06:15:38+00:00,,,1.60.0,Dataset/dataset\GOPAY_googleplay_OCTOBER_reviews.csv,transfer
6a0e13c3-9dff-47bc-a38c-dd2a14a9a92e,Pengguna Google,https://play-lh.googleusercontent.com/EGemoI2NTXmTsBVtJqk8jxF9rh8ApRWfsIMQSt2uE4OcpQqbFu7f7NbTK05lx80nuSijCz7sc3a277R67g,sangt puas transfer lancar.,5,0,8.76.0,2025-11-08 19:43:38+00:00,,,8.76.0,Dataset/dataset\JAGO_googleplay_NOVEMBER_reviews.csv,transfer
3c8c73f1-254d-419c-a650-bb468f1579d1,Pengguna Google,https://play-lh.googleusercontent.com/EGemoI2NTXmTsBVtJqk8jxF9rh8ApRWfsIMQSt2uE4OcpQqbFu7f7NbTK05lx80nuSijCz7sc3a277R67g,"apk gak berguna , mau top up gak bisa , mau beli pulsa gak bisa , mau tranfer uang gak bisa , gak bergunaaaa",1,1,1.60.0,2025-10-29 13:58:18+00:00,"Hai Kak Rani, pastikan jumlah top up tidak melebihi batas limit transaksi bulanan dan jaringan internet stabil. Jika masih bermasalah, laporkan melalui menu Bantuan > ketik ""Mengapa saya tidak bisa top up GoPay?"" > isi formulir dan cantumkan kode psr-25-302-0707-09252 di bagian 'Ceritakan lebih lanjut'. ^Maura",2025-10-29 14:07:15,1.60.0,Dataset/dataset\GOPAY_googleplay_OCTOBER_reviews.csv,topup
593fb610-e786-49f2-97b0-17f15e7a5b56,Pengguna Google,https://play-lh.googleusercontent.com/EGemoI2NTXmTsBVtJqk8jxF9rh8ApRWfsIMQSt2uE4OcpQqbFu7f7NbTK05lx80nuSijCz7sc3a277R67g,Bayar pakai qris kadang tidak bisa,1,0,1.40.06,2025-10-15 03:24:23+00:00,"Hi kak M Khamdani, makasih ya buat review bintang 5 nya dan aku ikut senang jika kakak puas dengan Shopeepay, yuk cek aplikasi Shopee biar gak ketinggalan promo-promo menarik lainnya. Kalo ada kendala / pertanyaan lain bisa DM media sosial resmi shopeepay_id ya. Terima Kasih, sehat selalu^JK",2025-04-05 17:05:11,1.40.06,Dataset/dataset\SHOPEEPAY_googleplay_OCTOBER_reviews.csv,qris
7346d4cc-d886-4f2f-bdc2-bb7bc7673410,Pengguna Google,https://play-lh.googleusercontent.com/EGemoI2NTXmTsBVtJqk8jxF9rh8ApRWfsIMQSt2uE4OcpQqbFu7f7NbTK05lx80nuSijCz7sc3a277R67g,"top up dri mbanking BCA ke gopay, TPI saldo nya belum masuk, Uang di BCA udh kepotong, bolak balik mbanking udh benar nomornya! smpe skrng GK masuk² Pembajakan uang inii 😡😡",1,0,,2025-11-16 12:46:56+00:00,"Hai Kak Nurfika, mohon maaf atas ketidaknyamanan yang dialami. Dapat kami sampaikan bahwa saat ini terdapat pemeliharaan sistem sehingga transaksi Top up ke akun GoPay terhambat sementara. Silakan Kakak untuk melakukan pengecekan secara berkala. Terima kasih. ^Melisa",2025-11-16 13:43:40,,Dataset/dataset\GOPAY_googleplay_NOVEMBER_reviews.csv,topup
5a3e5211-5e56-4eb9-b004-ff7164656526,Pengguna Google,https://play-lh.googleusercontent.com/EGemoI2NTXmTsBVtJqk8jxF9rh8ApRWfsIMQSt2uE4OcpQqbFu7f7NbTK05lx80nuSijCz7sc3a277R67g,kenapa kalau aku top up sesuatu ada kendala padahal pin sama sidik jari dah bener,3,0,1.62.0,2025-11-10 06:49:06+00:00,"Hai Kak @Zero, mohon maaf atas ketidaknyamanannya. Terkait keluhan tersebut, silakan laporkan melalui email ke customerservice@gopay.co.id dengan melampirkan kode psr-25-314-0119-41565 pada subject email. Kami tunggu detail laporan kamu ya. ^Maura",2025-11-10 08:19:47,1.62.0,Dataset/dataset\GOPAY_googleplay_NOVEMBER_reviews.csv,topup
dde1a8ad-819a-4d7f-aad4-7e281dc83502,Pengguna Google,https://play-lh.googleusercontent.com/EGemoI2NTXmTsBVtJqk8jxF9rh8ApRWfsIMQSt2uE4OcpQqbFu7f7NbTK05lx80nuSijCz7sc3a277R67g,kenapa gak bisa login udh seminggu lebih lagi ad gangguan kah,3,0,3.2.0,2025-12-29 15:34:20+00:00,,,3.2.0,Dataset/dataset\LIVIN_googleplay_DECEMBER_reviews.csv,login
0e888f8a-d241-40e0-aa53-95427dd276c1,Pengguna Google,https://play-lh.googleusercontent.com/EGemoI2NTXmTsBVtJqk8jxF9rh8ApRWfsIMQSt2uE4OcpQqbFu7f7NbTK05lx80nuSijCz7sc3a277R67g,"transfer ke bank gratis 100x perbulan, disebelah cuma 10x per bulan. harga data, pulsa lebih murah",5,0,,2025-11-13 20:16:05+00:00,,,,Dataset/dataset\GOPAY_googleplay_NOVEMBER_reviews.csv,transfer
744771ad-06e7-4451-b12e-87dda83d7a61,Pengguna Google,https://play-lh.googleusercontent.com/EGemoI2NTXmTsBVtJqk8jxF9rh8ApRWfsIMQSt2uE4OcpQqbFu7f7NbTK05lx80nuSijCz7sc3a277R67g,"biasanya login pakai fp nah kebetulan menu fp gak tampil terus coba login pake pin malah ada notif salah padahal dari pertama kali daftar belum pernah ganti dan sering juga di gunakan untuk transaksi , lalu coba deh ngajuin lupa kata sandi dan berhasil ganti kata sandi eeh pas di coba pakai sandi baru tetep gak bisa masuk katanya sandi salah , aneh bin ajaib kan, di reinstall baru salove , ok bintang naikin dah",4,0,,2025-10-19 20:20:37+00:00,"Halo, Jagoan! Mohon maaf atas ketidaknyamanan. Kami akan terus memperbaiki dan meningkatkan layanan perbankan kami. Mohon kesediaannya untuk menginformasikan secara detail kendala yang dialami dengan menghubungi kami melalui Tanya Jago di 1500 746/+62 21 3000 0746, atau email ke tanya@jago.com. Kami tunggu ya.",2025-10-19 20:23:47,,Dataset/dataset\JAGO_googleplay_OCTOBER_reviews.csv,login
8bea43b2-0f4a-4527-8a31-0c3060d3eae8,Pengguna Google,https://play-lh.googleusercontent.com/EGemoI2NTXmTsBVtJqk8jxF9rh8ApRWfsIMQSt2uE4OcpQqbFu7f7NbTK05lx80nuSijCz7sc3a277R67g,Tidak bisa login hari,1,0,1.60.0,2025-10-11 07:43:10+00:00,"Hai Kak Kiki, mohon maaf atas kendala yang kamu alami. Sebelum login, pastikan kamu sudah pakai GoPay versi terbaru & tidak ada kendala pada akun kamu, ya. Jika masih tidak bisa login, laporkan ke kami melalui email ke customerservice@gopay.co.id dan mencantumkan kode psr-25-284-0110-06052 pada subjek email. ^Maura",2025-10-11 08:10:13,1.60.0,Dataset/dataset\GOPAY_googleplay_OCTOBER_reviews.csv,login
533c0b38-7385-49c1-b467-6e0e6880ae1b,Pengguna Google,https://play-lh.googleusercontent.com/EGemoI2NTXmTsBVtJqk8jxF9rh8ApRWfsIMQSt2uE4OcpQqbFu7f7NbTK05lx80nuSijCz7sc3a277R67g,"aplikasi malah gk bisa login, baru masukin nomor kartu lgsung lougout",2,0,3.2.0,2025-12-18 16:49:21+00:00,"Halo Sahabat @Rudy Wijoyo New, mohon maaf atas ketidaknyamannya. Perihal kendala pada layanan Livin' by Mandiri, mohon untuk dapat mengirimkan email ke mandiricare@bankmandiri.co.id atau dapat menghubungi layanan mandiri 14000 agar dapat dilakukan pengecekan. Tks~Ervan",2025-12-18 16:53:23,3.2.0,Dataset/dataset\LIVIN_googleplay_DECEMBER_reviews.csv,login
13310523-3670-486b-951f-601e1adcbfa9,Pengguna Google,https://play-lh.googleusercontent.com/EGemoI2NTXmTsBVtJqk8jxF9rh8ApRWfsIMQSt2uE4OcpQqbFu7f7NbTK05lx80nuSijCz7sc3a277R67g,"Tolonggg dengar sangat minnn, saya mau upgrade ke go pay plus di tolak teruss, padahal udah ngikutin apa yg di suruh, masalahnya ada uang 99rb min, saya butuh uang itu tapi tidak bisa di transfer kalo belum go pay plus, saya udah nyoba berkali kali tetep di tolak 😭😭🙏🏻🙏🏻",1,30,1.62.0,2025-11-07 21:35:34+00:00,"Hai Kak Nanda, mohon maaf atas ketidaknyamanannya. Jika masih mengalami keluhan, silakan laporkan melalui email ke customerservice@gopay.co.id dengan melampirkan kode psr-25-311-1549-50809 pada subject email dan cantumkan nomor laporan sebelumnya serta ceritakan kembali detail permasalahannya. Kami tunggu detail laporan kamu ya. ^Miko",2025-11-07 22:50:04,1.62.0,Dataset/dataset\GOPAY_googleplay_NOVEMBER_reviews.csv,transfer
426496c0-bd1e-4ecb-9832-37a770c74c95,Pengguna Google,https://play-lh.googleusercontent.com/EGemoI2NTXmTsBVtJqk8jxF9rh8ApRWfsIMQSt2uE4OcpQqbFu7f7NbTK05lx80nuSijCz7sc3a277R67g,ada gratis topup teransper,5,0,1.44.04,2025-12-06 05:24:15+00:00,"Hi Kak. Terima kasih telah menggunakan ShopeePay. Mari cek aplikasi ShopeePay karena banyak fitur yang mempermudah keseharian kakak seperti pembelian pulsa, paket data, pembayaran tagihan listrik dan pembayaran lainnya. Jika kakak memiliki pertanyaan seputar ShopeePay, mohon DM kami di Instagram @ShopeePay_ID ya. Semoga harimu menyenangkan ^RJ",2025-12-08 10:01:21,1.44.04,Dataset/dataset\SHOPEEPAY_googleplay_DECEMBER_reviews.csv,topup
13fd1750-bc94-43f8-9886-6ae77b84abab,Pengguna Google,https://play-lh.googleusercontent.com/EGemoI2NTXmTsBVtJqk8jxF9rh8ApRWfsIMQSt2uE4OcpQqbFu7f7NbTK05lx80nuSijCz7sc3a277R67g,selesai top up akunnya keluar sendiri terus login lagi ga bisa padahal kode security nya sudah benar lalu dicoba beberapa kali malah di blokir sama pihak yang ga bertanggung jawab. mau nyuri duitnya ya giliran ga ada saldo akun bae² aja,1,0,,2025-10-06 23:55:02+00:00,,,,Dataset/dataset\OVO_googleplay_OCTOBER_reviews.csv,login
224166f4-3cf3-4bb0-ade4-efdc5a52a9bc,Pengguna Google,https://play-lh.googleusercontent.com/EGemoI2NTXmTsBVtJqk8jxF9rh8ApRWfsIMQSt2uE4OcpQqbFu7f7NbTK05lx80nuSijCz7sc3a277R67g,"Ada masalah pada saat login lalu logout lagi, sudah kirim keluhan detail di Gmail dan live chat WA tidak ada progres padahal sudah sebulan lebih, entah kenapa bisa selama itu tapi ini bank yang menurut saya paling buruk pelayanan nya.",1,29,8.75.0,2025-11-27 20:22:47+00:00,"Halo, Jagoan. Mohon maaf atas kendala yang terjadi ya. Kamu tidak perlu khawatir, kamu bisa menjelaskan detail kendala tersebut melalui email di tanya@jago.com atau call center 1500 746 untuk kami bantu tangani lebih lanjut. Terima kasih :)",2025-11-27 21:57:59,8.75.0,Dataset/dataset\JAGO_googleplay_NOVEMBER_reviews.csv,login
fafe1b06-d491-4733-9229-ed7bca2a3d36,Pengguna Google,https://play-lh.googleusercontent.com/EGemoI2NTXmTsBVtJqk8jxF9rh8ApRWfsIMQSt2uE4OcpQqbFu7f7NbTK05lx80nuSijCz7sc3a277R67g,scand wajah kedip berkali kali gak kebaca terus tolong di kasih cara login lain,1,0,3.1.0,2025-11-26 04:06:02+00:00,"Halo Sahabat @Dedi sugiyanto, mohon maaf atas ketidaknyamanannya. Untuk perihal kendala yang dialami, mohon untuk dapat mengirimkan email ke mandiricare@bankmandiri.co.id atau dapat menghubungi layanan mandiri 14000 agar dapat dilakukan pengecekan. Tks~Raka",2025-11-26 04:33:57,3.1.0,Dataset/dataset\LIVIN_googleplay_NOVEMBER_reviews.csv,login
89e409ef-531e-4c69-8e12-2dc7ca321b6d,Pengguna Google,https://play-lh.googleusercontent.com/EGemoI2NTXmTsBVtJqk8jxF9rh8ApRWfsIMQSt2uE4OcpQqbFu7f7NbTK05lx80nuSijCz7sc3a277R67g,pembayaran saya melalui ovo qris sudah 1x24 jam lebih masih dalam proses sy hubungi cs nya malah di suruh mengonfirmasi ke tujuan Merchant nya yang belum menerima dana nya jelas2 masalah nya ada di aplikasi ovo nya yg masih dalam proses pembayaran saya cs nya slow respon sy suruh refund pembayaran katanya tidak bisa,1,0,3.100.0,2025-12-13 23:30:43+00:00,,,3.100.0,Dataset/dataset\OVO_googleplay_DECEMBER_reviews.csv,qris
464acd63-36b3-4579-9362-ba7d0357ba0d,Pengguna Google,https://play-lh.googleusercontent.com/EGemoI2NTXmTsBVtJqk8jxF9rh8ApRWfsIMQSt2uE4OcpQqbFu7f7NbTK05lx80nuSijCz7sc3a277R67g,"katanya 100% uang kembali tapi ga kembali"" habis topup free fire 16.000, 100dm?",1,0,1.62.0,2025-11-08 18:18:27+00:00,"Hai, Kak Akbar. Sebelum membayar di Mitra Usaha, pastikan kode promo/voucher telah diaktifkan agar kamu bisa mendapatkan cashback. Jika cashback masih belum diterima, laporkan melalui halaman Bantuan > cari artikel ""Belum terima cashback setelah bertransaksi"" di kolom pencarian > isi form yang ada di artikel. Kami siap membantu kamu. ^Miko",2025-11-08 20:00:12,1.62.0,Dataset/dataset\GOPAY_googleplay_NOVEMBER_reviews.csv,topup
4da9c4e8-6e6c-49a4-9f74-fc483f95d204,Pengguna Google,https://play-lh.googleusercontent.com/EGemoI2NTXmTsBVtJqk8jxF9rh8ApRWfsIMQSt2uE4OcpQqbFu7f7NbTK05lx80nuSijCz7sc3a277R67g,tranfer bank gagal terus sampe top up lgi masih aja gagal,5,0,,2025-11-24 21:21:59+00:00,,,,Dataset/dataset\OVO_googleplay_NOVEMBER_reviews.csv,topup
641a501c-b9a4-44b6-b888-08cb666e8fbc,Pengguna Google,https://play-lh.googleusercontent.com/EGemoI2NTXmTsBVtJqk8jxF9rh8ApRWfsIMQSt2uE4OcpQqbFu7f7NbTK05lx80nuSijCz7sc3a277R67g,saya ada punya akun gopay tapi nomornya sudah tidak aktiv sedangkan ada saldonya mau login tidak bisa mau di ganti nomor baru pihak gopay tidak menyetujui solusinya harus bagaimana ? kasih bintang 1 dulu karena masih belum ada solusi dari cara login akun lama yang ada saldonya untuk di ganti baru,1,16,1.61.2,2025-11-03 08:21:53+00:00,"Hai Kak Rifin, untuk login ke aplikasi GoPay, gunakan nomor HP yang terdaftar di akun Gojek-mu. Jika belum punya akun Gojek, kamu bisa daftar langsung di aplikasi GoPay, ya. Jika masih tidak bisa login, laporkan ke kami melalui email ke customerservice@gopay.co.id dan mencantumkan kode psr-25-305-0400-26819 pada subjek email. ^Miko",2025-11-01 11:00:35,1.61.2,Dataset/dataset\GOPAY_googleplay_NOVEMBER_reviews.csv,login
2e1ac3dd-0bad-42a7-ab60-3327f6e108fb,Pengguna Google,https://play-lh.googleusercontent.com/EGemoI2NTXmTsBVtJqk8jxF9rh8ApRWfsIMQSt2uE4OcpQqbFu7f7NbTK05lx80nuSijCz7sc3a277R67g,"Dana top up dari BCA Virtual Account ke GO-PAY Rp.100.000 saya belum masuk juga sampai saat ini, dari tanggal 03 November'2025. Jelek banget ini applikasi GO-PAY!!!!",1,0,1.62.0,2025-11-05 01:22:10+00:00,"Hai Kak Amelia, pastikan nomor tujuan sudah benar, sudah cek halaman Riwayat, dan coba keluar dan masuk kembali ke aplikasi. Jika saldo masih belum masuk, silakan laporkan melalui menu Bantuan > ketik 'Top up GoPay saya belum masuk' > isi formulir dan cantumkan kode psr-25-309-0758-25421 pada bagian 'Ceritakan lebih lanjut'. ^Melisa",2025-11-05 14:58:39,1.62.0,Dataset/dataset\GOPAY_googleplay_NOVEMBER_reviews.csv,topup
fde0e965-12f0-4c0c-bd01-1494356746cd,Pengguna Google,https://play-lh.googleusercontent.com/EGemoI2NTXmTsBVtJqk8jxF9rh8ApRWfsIMQSt2uE4OcpQqbFu7f7NbTK05lx80nuSijCz7sc3a277R67g,"Proses ganti nomor sebelum login sangat lama. Bila mereka pegang kendali penuh atas data pelanggan, seharusnya bila permintaan sudah dikonfirmasi data pemilik akunnya bisa langsung dilakukan. Ini masih nunggu 3x24 jam tanpa kepastian.",1,20,3.148.0,2025-11-27 08:18:21+00:00,,,3.148.0,Dataset/dataset\OVO_googleplay_NOVEMBER_reviews.csv,login
0573d22b-c5a9-416e-a681-eaa128991b77,Pengguna Google,https://play-lh.googleusercontent.com/EGemoI2NTXmTsBVtJqk8jxF9rh8ApRWfsIMQSt2uE4OcpQqbFu7f7NbTK05lx80nuSijCz7sc3a277R67g,"mau transfer uang yg d gopay gagal mlu, diarahin bikin pin baru teruss.. minta solusinya dong",1,0,,2025-11-15 05:13:32+00:00,"Hai Kak Shafa, sebelum transfer, pastikan status upgrade GoPay Plus sudah 'Diterima', nomor penerima valid dan tidak terblokir. Jika masih bermasalah, silakan kunjungi menu Bantuan di aplikasi GoPay atau email ke customerservice@gopay.co.id dan cantumkan kode psr-25-319-0309-09187 pada subjek email. ^Miko",2025-11-15 10:09:43,,Dataset/dataset\GOPAY_googleplay_NOVEMBER_reviews.csv,transfer
03a3e2f1-8004-4126-be02-54a24d9d9419,Pengguna Google,https://play-lh.googleusercontent.com/EGemoI2NTXmTsBVtJqk8jxF9rh8ApRWfsIMQSt2uE4OcpQqbFu7f7NbTK05lx80nuSijCz7sc3a277R67g,"taiii baru download di TF 100 ribu, ga muncul saldo, rugii bangett, apk inii ga rekomen banget",1,0,,2025-12-14 18:07:20+00:00,,,,Dataset/dataset\OVO_googleplay_DECEMBER_reviews.csv,transfer
a2ab3188-a11b-4745-8603-3759590d8992,Pengguna Google,https://play-lh.googleusercontent.com/EGemoI2NTXmTsBVtJqk8jxF9rh8ApRWfsIMQSt2uE4OcpQqbFu7f7NbTK05lx80nuSijCz7sc3a277R67g,aplikasi babi kenapa harus login pakai kartu debit sedangkan kartu debit gak dikirim aneh,1,0,,2025-12-04 00:12:26+00:00,"Halo Sahabat @marno zero, mohon maaf atas ketidaknyamanannya. Apabila terdapat kendala agar dapat kami tindaklanjuti, Sahabat dapat mengirimkan email ke mandiricare@bankmandiri.co.id atau menghubungi layanan mandiri call 14000 ya. Tks~Carlos",2025-12-04 00:25:27,,Dataset/dataset\LIVIN_googleplay_DECEMBER_reviews.csv,login
92d24240-3b96-48cb-8486-5644452964ab,Pengguna Google,https://play-lh.googleusercontent.com/EGemoI2NTXmTsBVtJqk8jxF9rh8ApRWfsIMQSt2uE4OcpQqbFu7f7NbTK05lx80nuSijCz7sc3a277R67g,top up berhasil tapi saldonya tidak masuk parah sekali ovo sekarang,1,0,3.147.0,2025-11-10 08:43:03+00:00,,,3.147.0,Dataset/dataset\OVO_googleplay_NOVEMBER_reviews.csv,topup
be577e9d-f6be-4309-97d5-e3fc0060bc22,Pengguna Google,https://play-lh.googleusercontent.com/EGemoI2NTXmTsBVtJqk8jxF9rh8ApRWfsIMQSt2uE4OcpQqbFu7f7NbTK05lx80nuSijCz7sc3a277R67g,"kocak gara"" ada tampilan baru atau design baru disuruh riset nurut. giliran mau login ke apk nya lagi malah gak bisa kocak""",1,0,2.3.0,2025-10-03 18:04:42+00:00,"Hai, Kak Akhmad. Maaf atas ketidaknyamanannya. Kami akan selalu berusaha memberikan yang terbaik demi memenuhi kebutuhan perbankan Kakak. Terkait kendala tersebut boleh infokan detail kendala serta kirimkan gambar kendalanya ke X @haloblu atau email haloblu@bcadigital.co.id agar kami bisa bantu lebih lanjut ya.",2025-10-03 18:07:04,2.3.0,Dataset/dataset\BLU_googleplay_OCTOBER_reviews.csv,login
00d0f3b2-6d0b-4d7e-89d7-c15ad78f59cc,Pengguna Google,https://play-lh.googleusercontent.com/EGemoI2NTXmTsBVtJqk8jxF9rh8ApRWfsIMQSt2uE4OcpQqbFu7f7NbTK05lx80nuSijCz7sc3a277R67g,"susah menghubungi admin, saya dapat kendala, berulang kali saya telvon cs, tapi tidak bisa, saya ingin top up, tetapi tidak bisa atau tidak masuk",1,1,,2025-10-19 09:30:48+00:00,"Hai Kak Fuad, mohon maat atas ketidaknyamanannya. Jika kamu masih mengalami kendala, silakan laporkan melalui email ke customerservice@gopay.co.id dengan melampirkan kode psr-25-292-0555-14532 pada subject email dan cantumkan nomor laporan kamu sebelumnya pada email yang kamu kirimkan. Kami tunggu detail laporan kamu ya. ^Melisa",2025-10-19 12:55:20,,Dataset/dataset\GOPAY_googleplay_OCTOBER_reviews.csv,topup
f79222d8-58de-4c08-9f6c-0ab3b0b53ed4,Pengguna Google,https://play-lh.googleusercontent.com/EGemoI2NTXmTsBVtJqk8jxF9rh8ApRWfsIMQSt2uE4OcpQqbFu7f7NbTK05lx80nuSijCz7sc3a277R67g,"aplikasi kikir, dikit² potongan ga seberapa emng cuman 2k tapi kek kang parkir, apa² potongan top up dll, apk sering error, bagusan DANA",1,0,3.147.0,2025-11-10 21:30:40+00:00,,,3.147.0,Dataset/dataset\OVO_googleplay_NOVEMBER_reviews.csv,topup
38b21c96-1669-4744-bf4c-a377df5e688d,Pengguna Google,https://play-lh.googleusercontent.com/EGemoI2NTXmTsBVtJqk8jxF9rh8ApRWfsIMQSt2uE4OcpQqbFu7f7NbTK05lx80nuSijCz7sc3a277R67g,tiba² keluar sendiri tdk bisa login,1,0,,2025-12-11 01:42:10+00:00,"Halo Sahabat @agus dines, mohon maaf atas ketidaknyamanannya. Terkait kendala Sahabat mohon untuk dapat mengirimkan email ke mandiricare@bankmandiri.co.id atau dapat menghubungi mandiri call 14000 agar dapat dilakukan pengecekan. Tks~Mandala",2025-12-11 01:44:09,,Dataset/dataset\LIVIN_googleplay_DECEMBER_reviews.csv,login
5629c236-5bc3-4c16-ae91-a6d3d905592c,Pengguna Google,https://play-lh.googleusercontent.com/EGemoI2NTXmTsBVtJqk8jxF9rh8ApRWfsIMQSt2uE4OcpQqbFu7f7NbTK05lx80nuSijCz7sc3a277R67g,"untuk Livin tolong perbaiki lagi untuk masuk login lama sekali, loading terus",3,0,3.2.0,2025-11-28 23:00:20+00:00,"Halo Sahabat @Abdul Namit, mohon maaf atas ketidaknyamanannya. Terimakasih atas saran dan masukan yang diberikan, perihal tsb akan menjadi masukan bagi kami untuk pengembangan aplikasi kedepannya dan meningkatkan kualitas layanan Livin' by Mandiri. Tks~Charles",2025-11-29 01:46:51,3.2.0,Dataset/dataset\LIVIN_googleplay_NOVEMBER_reviews.csv,login
eee93477-ab2b-4d34-946a-9def2927650c,Pengguna Google,https://play-lh.googleusercontent.com/EGemoI2NTXmTsBVtJqk8jxF9rh8ApRWfsIMQSt2uE4OcpQqbFu7f7NbTK05lx80nuSijCz7sc3a277R67g,saldo sdh masuk tp ga bs tf keyboardnya ga keluar gmn mau ketik pin sdh 2 bulan malah hampir 3 bulan. gmn ini koq ga ada perbaikan sama sekali sdh sampe selama ini. kl sdh bs tf sy ganti bintang 5. nah gitu dong ga nyampe bbrp menit baru bs tf keyboard muncul. tlg apk nya diperbaiki agar kami ga was was titip saldo disini.,5,1,3.144.0,2025-10-09 15:16:53+00:00,,,3.144.0,Dataset/dataset\OVO_googleplay_OCTOBER_reviews.csv,transfer
d6fd8085-536e-419d-9bb1-dad8fe889759,Pengguna Google,https://play-lh.googleusercontent.com/EGemoI2NTXmTsBVtJqk8jxF9rh8ApRWfsIMQSt2uE4OcpQqbFu7f7NbTK05lx80nuSijCz7sc3a277R67g,tidak bisa Terima pembayaran qris,4,0,,2025-10-19 02:20:01+00:00,,,,Dataset/dataset\OVO_googleplay_OCTOBER_reviews.csv,qris
1f75c260-d1cb-47a6-9408-d52c03f98c3f,Pengguna Google,https://play-lh.googleusercontent.com/EGemoI2NTXmTsBVtJqk8jxF9rh8ApRWfsIMQSt2uE4OcpQqbFu7f7NbTK05lx80nuSijCz7sc3a277R67g,pengiriman atau transfer ke bank gagal. dan uang saya juga belum kembali sampai saat ini. ini aplikasih sangat buruk. mohon buat teman teman jangan gunakan aplikasi ini.,1,0,3.149.0,2025-12-08 20:34:16+00:00,,,3.149.0,Dataset/dataset\OVO_googleplay_DECEMBER_reviews.csv,transfer
0ade5f23-ab3b-47d4-8b1c-122650a80212,Pengguna Google,https://play-lh.googleusercontent.com/EGemoI2NTXmTsBVtJqk8jxF9rh8ApRWfsIMQSt2uE4OcpQqbFu7f7NbTK05lx80nuSijCz7sc3a277R67g,apk lainya udh pada ga pake biaya admin. ini masih ada biaya admin pas topup,1,1,3.146.0,2025-11-01 05:52:43+00:00,,,3.146.0,Dataset/dataset\OVO_googleplay_NOVEMBER_reviews.csv,topup
b537ac1c-8ebb-423d-a8c3-a84b4d8cec22,Pengguna Google,https://play-lh.googleusercontent.com/EGemoI2NTXmTsBVtJqk8jxF9rh8ApRWfsIMQSt2uE4OcpQqbFu7f7NbTK05lx80nuSijCz7sc3a277R67g,Sekarang kok gk bisa login ya klo pake no telpon udah di coba puluhan kali tetep aja gk bisa login padahal udh minta cara dari customer service tetep aja gak bisa gmn sih ini tolong minta penjelasan sama mimin shoppeepay nya🙃🙃,2,0,,2025-12-23 09:00:48+00:00,"Hi Kak Sarina. Mohon maaf mengenai kendala tidak bisa login akun ShopeePay. Untuk bantuan lebih lanjut, mohon menghubungi kami melalui DM ke Instagram @ShopeePay_ID dengan melampirkan foto/screenshot notifikasi kendala yang dialami. Semoga kendala kakak segera terselesaikan ya. ^CS",2025-12-23 10:54:22,,Dataset/dataset\SHOPEEPAY_googleplay_DECEMBER_reviews.csv,login
f254ce17-c070-43e3-85e2-7b0338e4afaf,Pengguna Google,https://play-lh.googleusercontent.com/EGemoI2NTXmTsBVtJqk8jxF9rh8ApRWfsIMQSt2uE4OcpQqbFu7f7NbTK05lx80nuSijCz7sc3a277R67g,"Ati ati sekarang shopepay udah ga aman lagi masa saya top up shopepay dari kemarin sampai sekarang belum masuk padahal sudah sukses, waktu menghubungi customer service nya responnya kurang cuman disuruh nunggu 1x24 jam tapi nyatanya apa sampe sekarang ga masuk masuk saldonya, pokonya ati ati yang mau pake aplikasi shopepay ini",1,0,,2025-10-28 08:51:19+00:00,"Hi Kak Mayyodi. Mohon maaf atas kendala Top Up ShopeePay yang belum diterima. Jika hingga saat ini Top Up masih belum diterima mohon menghubungi kami melalui DM ke Instagram @ShopeePay_ID yang bercentang biru, dengan melampirkan bukti bayar Top Up tersebut untuk bantuan lebih lanjut. Semoga kendala kakak segera terselesaikan ya. ^CS",2025-10-28 10:52:55,,Dataset/dataset\SHOPEEPAY_googleplay_OCTOBER_reviews.csv,topup
bb3c9f91-daf8-401a-b91d-582caea8f30f,Pengguna Google,https://play-lh.googleusercontent.com/EGemoI2NTXmTsBVtJqk8jxF9rh8ApRWfsIMQSt2uE4OcpQqbFu7f7NbTK05lx80nuSijCz7sc3a277R67g,"aplikasi bank yg suka kacau ya ini . parah.. hp katanya sistem tidak resmi tidak dapat digunakan, biometrik sering error, verifikasi wajah gagal terus... setelah di-update malah lebih sering trouble ... kacau dan parah sekali...",1,6,3.2.0,2025-12-19 20:40:01+00:00,"Halo Sahabat @Dave Handoko, mohon maaf atas ketidaknyamanannya. Untuk perihal kendala yang dialami, mohon untuk dapat mengirimkan email ke mandiricare@bankmandiri.co.id atau dapat menghubungi layanan mandiri 14000 agar dapat dilakukan pengecekan. Tks~Raka",2025-12-19 21:06:31,3.2.0,Dataset/dataset\LIVIN_googleplay_DECEMBER_reviews.csv,vermuk
225378b2-cd1a-45aa-bae8-61dbe3a943f2,Pengguna Google,https://play-lh.googleusercontent.com/EGemoI2NTXmTsBVtJqk8jxF9rh8ApRWfsIMQSt2uE4OcpQqbFu7f7NbTK05lx80nuSijCz7sc3a277R67g,"saya transfer uang ke bank BCA,sudah 2 hari tapi blm berhasil",1,0,,2025-12-22 06:09:49+00:00,,,,Dataset/dataset\OVO_googleplay_DECEMBER_reviews.csv,transfer
c202c5e2-2d57-49b6-88f2-08f4a2f67ca8,Pengguna Google,https://play-lh.googleusercontent.com/EGemoI2NTXmTsBVtJqk8jxF9rh8ApRWfsIMQSt2uE4OcpQqbFu7f7NbTK05lx80nuSijCz7sc3a277R67g,gimana in gua transfer ke brimo digopay berhasil tapi uangnya kagak masuk,1,0,,2025-10-31 17:57:00+00:00,"Hai Kak @Shibal, pastikan nomor tujuan benar dan sudah cek halaman Riwayat. Jika setelah 2x24 jam di hari kerja (diluar Sabtu, Minggu, atau Libur) saldo belum bertambah, silakan lapor ke menu Bantuan > ketik 'Transfer saldo ke bank atau e-wallet belum diterima' dan cantumkan kode psr-25-304-1113-10867 pada bagian 'Ceritakan lebih lanjut'. ^Maura",2025-10-31 18:13:39,,Dataset/dataset\GOPAY_googleplay_OCTOBER_reviews.csv,transfer
a18265ea-0160-4b99-9e86-f907f40c5b20,Pengguna Google,https://play-lh.googleusercontent.com/EGemoI2NTXmTsBVtJqk8jxF9rh8ApRWfsIMQSt2uE4OcpQqbFu7f7NbTK05lx80nuSijCz7sc3a277R67g,"Sudah lama pakai ovo tetapi akhir akhir ini terlalu sering ada update dan sering gangguan server, percuma top up pas urgent mau payment malah error, semoga segera di perbaiki",2,3,3.146.0,2025-11-06 19:31:57+00:00,,,3.146.0,Dataset/dataset\OVO_googleplay_NOVEMBER_reviews.csv,topup
b6f6ef5d-88e8-4088-a691-cf5f7a21668c,Pengguna Google,https://play-lh.googleusercontent.com/EGemoI2NTXmTsBVtJqk8jxF9rh8ApRWfsIMQSt2uE4OcpQqbFu7f7NbTK05lx80nuSijCz7sc3a277R67g,"oke, mantap gopay. terus lah begini gratis top up dan transfer",5,0,1.60.0,2025-10-24 17:06:12+00:00,,,1.60.0,Dataset/dataset\GOPAY_googleplay_OCTOBER_reviews.csv,topup
8ca6add2-dae8-45dc-bf3f-d1f0ffcb8e50,Pengguna Google,https://play-lh.googleusercontent.com/EGemoI2NTXmTsBVtJqk8jxF9rh8ApRWfsIMQSt2uE4OcpQqbFu7f7NbTK05lx80nuSijCz7sc3a277R67g,"taek tf nyandet gak mari"" tolol",1,0,1.60.0,2025-10-16 18:18:44+00:00,,,1.60.0,Dataset/dataset\GOPAY_googleplay_OCTOBER_reviews.csv,transfer
603c0243-5130-4435-864c-e0ea890fb402,Pengguna Google,https://play-lh.googleusercontent.com/EGemoI2NTXmTsBVtJqk8jxF9rh8ApRWfsIMQSt2uE4OcpQqbFu7f7NbTK05lx80nuSijCz7sc3a277R67g,mohon admin saya mau upgrade gopay plus kok ndak bisa ya pas sesi foto KTP itu ndak di terima soalnya NIK nya sesuai sama data dukcapil lalu kenapa tidak sesuai data dukcapil? kamu ngantuk apa gimana sih dan pas topup(isi saldo) itu mau ngasih biaya admin itu yang konsisten la kadang ada biaya admin kadang gak ada walaupun cuman Rp 1.000 itu berarti woe! katanya gratis topup(isi saldo) gratisnya dalam artian apa??!!,2,39,1.61.2,2025-11-01 13:07:34+00:00,"Hai Kak Haffiz, mohon maaf atas ketidaknyamanannya. Jika masih mengalami keluhan, silakan laporkan melalui email ke customerservice@gopay.co.id dengan melampirkan kode psr-25-305-0847-28894 pada subject email dan cantumkan nomor laporan sebelumnya serta ceritakan kembali detail permasalahannya. Kami tunggu detail laporan kamu ya. ^Miko",2025-11-01 15:47:43,1.61.2,Dataset/dataset\GOPAY_googleplay_NOVEMBER_reviews.csv,topup
5a00026d-6e79-4674-8675-405c5a2bbc1f,Pengguna Google,https://play-lh.googleusercontent.com/EGemoI2NTXmTsBVtJqk8jxF9rh8ApRWfsIMQSt2uE4OcpQqbFu7f7NbTK05lx80nuSijCz7sc3a277R67g,"aplikasi paling rumit sepanjang sejarah manusia yang pernah di buat, verifikasi gambar lah otp lah wajah lah KTP kalo bisa di tambahin BPKB STNK sertifikat buku nikah biar kumplit,",5,0,1.44.04,2025-12-05 18:56:05+00:00,"Hi Kak. Terima kasih telah menggunakan ShopeePay. Mari cek aplikasi ShopeePay karena banyak fitur yang mempermudah keseharian kakak seperti pembelian pulsa, paket data, pembayaran tagihan listrik dan pembayaran lainnya. Jika kakak memiliki pertanyaan seputar ShopeePay, mohon DM kami di Instagram @ShopeePay_ID ya. Semoga harimu menyenangkan ^RJ",2025-12-08 09:59:44,1.44.04,Dataset/dataset\SHOPEEPAY_googleplay_DECEMBER_reviews.csv,vermuk
7f9e1392-ece5-4679-afb9-c7b56bae5545,Pengguna Google,https://play-lh.googleusercontent.com/EGemoI2NTXmTsBVtJqk8jxF9rh8ApRWfsIMQSt2uE4OcpQqbFu7f7NbTK05lx80nuSijCz7sc3a277R67g,eror kenapa lagi ini?? sya top up mala ga masuk??,1,0,3.146.0,2025-11-07 20:15:50+00:00,,,3.146.0,Dataset/dataset\OVO_googleplay_NOVEMBER_reviews.csv,topup
7d014b7a-e363-4a46-a1f6-36ec72d38d09,Pengguna Google,https://play-lh.googleusercontent.com/EGemoI2NTXmTsBVtJqk8jxF9rh8ApRWfsIMQSt2uE4OcpQqbFu7f7NbTK05lx80nuSijCz7sc3a277R67g,"aplikasi ini makin kesini makin tolol, saya transfer malah sedang diproses bahkan sampai 2 hari dan sekarang malah dapat notif sudah dikembalikan tetapi pas saya cek tidak ada saldo yang dikembalikan",1,1,3.147.0,2025-11-17 16:18:30+00:00,,,3.147.0,Dataset/dataset\OVO_googleplay_NOVEMBER_reviews.csv,transfer
9eaffbe6-4708-4dbf-adfa-186c78cb244c,Pengguna Google,https://play-lh.googleusercontent.com/EGemoI2NTXmTsBVtJqk8jxF9rh8ApRWfsIMQSt2uE4OcpQqbFu7f7NbTK05lx80nuSijCz7sc3a277R67g,shopipay is oke gratis TF kesemua Bank,5,0,,2025-11-01 10:05:54+00:00,"Hi Kak. Terima kasih telah menggunakan ShopeePay. Mari cek aplikasi ShopeePay karena banyak fitur yang mempermudah keseharian kakak seperti pembelian pulsa, paket data, pembayaran tagihan listrik dan pembayaran lainnya. Jika kakak memiliki pertanyaan seputar ShopeePay, mohon DM kami di Instagram @ShopeePay_ID ya. Semoga harimu menyenangkan ^RJ",2025-11-03 09:59:58,,Dataset/dataset\SHOPEEPAY_googleplay_NOVEMBER_reviews.csv,transfer
7518d9cd-03bf-4ed2-8046-db73d0130bbf,Pengguna Google,https://play-lh.googleusercontent.com/EGemoI2NTXmTsBVtJqk8jxF9rh8ApRWfsIMQSt2uE4OcpQqbFu7f7NbTK05lx80nuSijCz7sc3a277R67g,"behhh sinyal bagus,tapi gk bisa login,auuuuuuuuuuuuuuu",2,0,,2025-11-21 18:51:12+00:00,"Hai, Kakak. Maaf atas ketidaknyamanannya. Terkait kendala tersebut boleh kirimkan gambar kendalanya ke X @haloblu atau email haloblu@bcadigital.co.id agar kami bisa bantu lebih lanjut ya.",2025-11-21 19:10:17,,Dataset/dataset\BLU_googleplay_NOVEMBER_reviews.csv,login
18b0df02-44a3-42c5-8bde-8f6d3bed831c,Pengguna Google,https://play-lh.googleusercontent.com/EGemoI2NTXmTsBVtJqk8jxF9rh8ApRWfsIMQSt2uE4OcpQqbFu7f7NbTK05lx80nuSijCz7sc3a277R67g,Transfer lama di proses . kecewa,2,0,1.61.2,2025-11-03 04:35:07+00:00,"Hai Kak @Jangkrik, mohon maaf atas ketidaknyamanannya. Pastikan nomor tujuan transfer sudah benar dan sudah cek halaman Riwayat. Jika saldo belum juga bertambah, laporkan detailnya melalui email customerservice@gopay.co.id dan cantumkan kode psr-25-307-0125-52722 pada subject email yang kamu kirimkan ya. ^Melisa",2025-11-03 08:26:01,1.61.2,Dataset/dataset\GOPAY_googleplay_NOVEMBER_reviews.csv,transfer
8e606fcc-77c5-4a27-83f1-aeddfad28728,Pengguna Google,https://play-lh.googleusercontent.com/EGemoI2NTXmTsBVtJqk8jxF9rh8ApRWfsIMQSt2uE4OcpQqbFu7f7NbTK05lx80nuSijCz7sc3a277R67g,bagaimana cara saya login tanpa no kartu debit karena saya lupa,1,0,,2025-11-07 21:10:08+00:00,"Halo Sahabat @Suki Ndar, mohon maaf atas ketidaknyamanannya. Apabila terdapat kendala agar dapat kami tindaklanjuti, Sahabat dapat mengirimkan email ke mandiricare@bankmandiri.co.id atau menghubungi layanan mandiri call 14000 ya. Tks~Carlos",2025-11-07 21:16:22,,Dataset/dataset\LIVIN_googleplay_NOVEMBER_reviews.csv,login
cfe45443-c520-46b3-b948-1488a34ad593,Pengguna Google,https://play-lh.googleusercontent.com/EGemoI2NTXmTsBVtJqk8jxF9rh8ApRWfsIMQSt2uE4OcpQqbFu7f7NbTK05lx80nuSijCz7sc3a277R67g,makin kesini transfer sering gak bisa dan ngecek PDAM pun sering eror ..,2,0,3.149.0,2025-12-18 09:43:50+00:00,,,3.149.0,Dataset/dataset\OVO_googleplay_DECEMBER_reviews.csv,transfer
3c2aa080-ab3a-49ca-a9d1-74c96b68f206,Pengguna Google,https://play-lh.googleusercontent.com/EGemoI2NTXmTsBVtJqk8jxF9rh8ApRWfsIMQSt2uE4OcpQqbFu7f7NbTK05lx80nuSijCz7sc3a277R67g,"aplikasi aneh sumpah transfer eror mulu, qris juga eror mulu",2,0,,2025-12-27 23:21:33+00:00,,,,Dataset/dataset\OVO_googleplay_DECEMBER_reviews.csv,qris
ff6416e5-7fe7-42a0-924e-29e5f872d89b,Pengguna Google,https://play-lh.googleusercontent.com/EGemoI2NTXmTsBVtJqk8jxF9rh8ApRWfsIMQSt2uE4OcpQqbFu7f7NbTK05lx80nuSijCz7sc3a277R67g,"SANGAT TIDAK REKOMENDASI, UNTUK QRIS MERCHANT SHOPEE PAY SUDAH 1X24 JAM TAPI DANA PENJUALAN SAYA TIDAK MASUK SAYA YAKIN PASTI BANYAK YG MENGALAMI SEPERTI SAYA. LEBIH BAIK HAPUS AJA QRIS MERCHANT SHOPEE BUAT YANG BARU MAU PAKAI SAYA SARANKAN JANGAN PAKAI. SUDAH DM KE IG JUGA , TIDAK ADA TANGGAPAN SAMA SEKALI",1,0,1.41.06,2025-10-28 22:56:01+00:00,"Hi Kak Shandi. Mohon maaf atas kendala transaksi QRIS yang tidak diterima ke saldo Merchant kakak. Terkait kendala tersebut mohon menghubungi kami melalui DM ke Instagram @ShopeePay_ID yang bercentang biru, dengan menginformasikan detail dan bukti kendala untuk bantuan lebih lanjut. Semoga kendala kakak segera terselesaikan ya. ^CS",2025-10-27 14:18:20,1.41.06,Dataset/dataset\SHOPEEPAY_googleplay_OCTOBER_reviews.csv,qris
0119a2a0-6538-4a9c-9eed-1befb62533d9,Pengguna Google,https://play-lh.googleusercontent.com/EGemoI2NTXmTsBVtJqk8jxF9rh8ApRWfsIMQSt2uE4OcpQqbFu7f7NbTK05lx80nuSijCz7sc3a277R67g,ini aplikasi mudah banget top up nya👍,5,0,1.61.2,2025-11-03 14:22:15+00:00,,,1.61.2,Dataset/dataset\GOPAY_googleplay_NOVEMBER_reviews.csv,topup
3ef3e62c-9f22-49dc-87fb-d78283090bd0,Pengguna Google,https://play-lh.googleusercontent.com/EGemoI2NTXmTsBVtJqk8jxF9rh8ApRWfsIMQSt2uE4OcpQqbFu7f7NbTK05lx80nuSijCz7sc3a277R67g,"tadak ada respon dari csnya setelah beberapa kali pengaduan keluhan ,uang saya tidak kembali setelah top up saldo tidak masuk",1,0,3.89.0,2025-10-08 01:48:27+00:00,,,3.89.0,Dataset/dataset\OVO_googleplay_OCTOBER_reviews.csv,topup
58fa7565-8e9e-44c1-9b15-de65406fea2b,Pengguna Google,https://play-lh.googleusercontent.com/EGemoI2NTXmTsBVtJqk8jxF9rh8ApRWfsIMQSt2uE4OcpQqbFu7f7NbTK05lx80nuSijCz7sc3a277R67g,PARAH OVO MASA BAYAR PAKE QRIS DIPROSES TERUS SEDANGKAN SALDO UDAH KEPOTONG!!!!!!!!!!,1,0,3.149.0,2025-12-09 19:38:50+00:00,,,3.149.0,Dataset/dataset\OVO_googleplay_DECEMBER_reviews.csv,qris
dcc1d8d6-1aef-489b-9d7f-4ec8c4392a8f,Pengguna Google,https://play-lh.googleusercontent.com/EGemoI2NTXmTsBVtJqk8jxF9rh8ApRWfsIMQSt2uE4OcpQqbFu7f7NbTK05lx80nuSijCz7sc3a277R67g,"TF pending lama,,,,",1,0,3.105.0,2025-11-16 09:31:04+00:00,,,3.105.0,Dataset/dataset\OVO_googleplay_NOVEMBER_reviews.csv,transfer
9cc6b7e5-c973-45f3-a473-427407e2d83a,Pengguna Google,https://play-lh.googleusercontent.com/EGemoI2NTXmTsBVtJqk8jxF9rh8ApRWfsIMQSt2uE4OcpQqbFu7f7NbTK05lx80nuSijCz7sc3a277R67g,Baru ini transfer dari GOPAY transfer ke bank lain membutuhkan waktu 2 x 24 jam Di menu bantuan pun hanya BOT aja yang menjawab,1,0,1.51.0,2025-10-05 11:51:35+00:00,"Hai Kak Ganjar, pastikan nomor tujuan benar dan sudah cek halaman Riwayat. Jika setelah 2x24 jam di hari kerja (diluar Sabtu, Minggu, atau Libur) saldo belum bertambah, silakan lapor ke menu Bantuan > ketik 'Transfer saldo ke bank atau e-wallet belum diterima' dan cantumkan kode psr-25-278-0511-01890 pada bagian 'Ceritakan lebih lanjut'. ^Maura",2025-10-05 12:11:07,1.51.0,Dataset/dataset\GOPAY_googleplay_OCTOBER_reviews.csv,transfer
5efd5fc7-3921-4cd0-b700-1b5843c4e115,Pengguna Google,https://play-lh.googleusercontent.com/EGemoI2NTXmTsBVtJqk8jxF9rh8ApRWfsIMQSt2uE4OcpQqbFu7f7NbTK05lx80nuSijCz7sc3a277R67g,"makin di upgrade makin kacau ini aplikasi,mana punya saya tidak bisa untuk membeli pulsa dan bayar via qris,udah nunggu 3x24 jam tetap hasilnya sama saja",1,0,1.62.0,2025-11-18 14:14:51+00:00,"Hai Kak Dani, mohon maaf atas ketidaknyamanannya. Pastikan kamu menggunakan aplikasi GoPay versi terbaru dan posisi kode QR yang dipindai sudah sesuai. Jika masih berkendala, laporkan melalui email customerservice@gopay.co.id dan cantumkan kode psr-25-322-0845-14381 pada subject email yang kamu kirimkan ya. ^Melisa",2025-11-18 15:45:23,1.62.0,Dataset/dataset\GOPAY_googleplay_NOVEMBER_reviews.csv,qris
c7e29378-b4a6-4c4f-b2f2-e532466dcfbd,Pengguna Google,https://play-lh.googleusercontent.com/EGemoI2NTXmTsBVtJqk8jxF9rh8ApRWfsIMQSt2uE4OcpQqbFu7f7NbTK05lx80nuSijCz7sc3a277R67g,"error tidak bisa buat transfer dan tarik tunai, mohon segera diperbaiki",1,0,,2025-11-07 15:54:00+00:00,,,,Dataset/dataset\OVO_googleplay_NOVEMBER_reviews.csv,transfer
93b33043-352d-4182-9ec6-daea9463f7cf,Pengguna Google,https://play-lh.googleusercontent.com/EGemoI2NTXmTsBVtJqk8jxF9rh8ApRWfsIMQSt2uE4OcpQqbFu7f7NbTK05lx80nuSijCz7sc3a277R67g,sangat efektif untuk transfer antar bank,5,0,8.78.0,2025-12-23 07:00:31+00:00,,,8.78.0,Dataset/dataset\JAGO_googleplay_DECEMBER_reviews.csv,transfer
9cc272b7-8206-47bc-8b4d-a7e6d8e22d40,Pengguna Google,https://play-lh.googleusercontent.com/EGemoI2NTXmTsBVtJqk8jxF9rh8ApRWfsIMQSt2uE4OcpQqbFu7f7NbTK05lx80nuSijCz7sc3a277R67g,"mau top up saldo grab ada gangguan, katanya suruh tunggu sebentar nanti kembali lagi, lah katanya sebentar tapi sampai 1 hari lebih, ini mau narik gimana ? customer yang pakai tunai bagaimana ???",3,2,3.146.0,2025-11-08 06:54:37+00:00,,,3.146.0,Dataset/dataset\OVO_googleplay_NOVEMBER_reviews.csv,topup
297c3910-1ff5-42f7-ae79-b33237bbf063,Pengguna Google,https://play-lh.googleusercontent.com/EGemoI2NTXmTsBVtJqk8jxF9rh8ApRWfsIMQSt2uE4OcpQqbFu7f7NbTK05lx80nuSijCz7sc3a277R67g,Bisa ditambah fitur topup dari indomaret donggggggg,4,0,2.4.0,2025-10-22 15:44:18+00:00,"Hai, Kak Firman. Terima kasih atas saran dan masukan yang diberikan, untuk saran yang Kakak berikan kami bantu tampung terlebih dahulu. Semoga harapan Kakak terwujud ya.",2025-10-22 16:21:53,2.4.0,Dataset/dataset\BLU_googleplay_OCTOBER_reviews.csv,topup
1be894a1-b055-4e83-8071-5e9dff0b082f,Pengguna Google,https://play-lh.googleusercontent.com/EGemoI2NTXmTsBVtJqk8jxF9rh8ApRWfsIMQSt2uE4OcpQqbFu7f7NbTK05lx80nuSijCz7sc3a277R67g,"suka banget pake Livin by mandiri,cuma sekearang sayang nya top up DANA kena admin",5,0,3.2.0,2025-11-20 18:05:45+00:00,,,3.2.0,Dataset/dataset\LIVIN_googleplay_NOVEMBER_reviews.csv,topup
8c18868a-bc8b-4d46-a4a2-8067b6566758,Pengguna Google,https://play-lh.googleusercontent.com/EGemoI2NTXmTsBVtJqk8jxF9rh8ApRWfsIMQSt2uE4OcpQqbFu7f7NbTK05lx80nuSijCz7sc3a277R67g,"apa ini gopay, topup gak masuk malah nunggu 3 hari belum termasuk hari libur, layanan macam apa ini disuruh nunggu yang salah kan kalian, kokk kita yang rugi pelayanan macam apa ini segala harus buat laporan. Dasar dasar ini gak pantas sih dikasih bintang satu juga pelayanan ampasss. Terbaikk darimana yang kasih rating terbaik fiks sih itu buzzer",1,0,,2025-10-04 22:17:10+00:00,"Hai Kak Irfan, mohon maaf atas ketidaknyamanannya. Jika masih mengalami keluhan, silakan laporkan melalui email ke customerservice@gopay.co.id dengan melampirkan kode psr-25-277-1646-44850 pada subject email dan cantumkan nomor laporan sebelumnya serta ceritakan kembali detail permasalahannya. Kami tunggu detail laporan kamu ya. ^Miko",2025-10-04 23:47:03,,Dataset/dataset\GOPAY_googleplay_OCTOBER_reviews.csv,topup
0524390f-fa7e-47bf-913e-c41171f4983f,Pengguna Google,https://play-lh.googleusercontent.com/EGemoI2NTXmTsBVtJqk8jxF9rh8ApRWfsIMQSt2uE4OcpQqbFu7f7NbTK05lx80nuSijCz7sc3a277R67g,"saya melakukan transfer ke bank, saldo terpotong tapi uang tidak masuk ke bank. saya klik pusat bantuan selalu gagal.",2,0,,2025-11-04 07:41:13+00:00,,,,Dataset/dataset\OVO_googleplay_NOVEMBER_reviews.csv,transfer
5679d41b-baa3-4337-9db4-61bb287ad8c7,Pengguna Google,https://play-lh.googleusercontent.com/EGemoI2NTXmTsBVtJqk8jxF9rh8ApRWfsIMQSt2uE4OcpQqbFu7f7NbTK05lx80nuSijCz7sc3a277R67g,gopay cacat apk haram gw top up ga masuk2 bngsat yg bikin gopay anak yatim bodoh,1,1,1.59.0,2025-10-10 15:19:49+00:00,"Hai Kak @W a a n, pastikan nomor tujuan sudah benar, sudah cek halaman Riwayat, dan coba keluar dan masuk kembali ke aplikasi. Jika saldo masih belum masuk, silakan laporkan melalui menu Bantuan > ketik 'Top up GoPay saya belum masuk' > isi formulir dan cantumkan kode psr-25-283-1326-34127 pada bagian 'Ceritakan lebih lanjut'. ^Miko",2025-10-10 20:26:50,1.59.0,Dataset/dataset\GOPAY_googleplay_OCTOBER_reviews.csv,topup
5cc50267-6e1b-43ed-b080-6445f91a8ef7,Pengguna Google,https://play-lh.googleusercontent.com/EGemoI2NTXmTsBVtJqk8jxF9rh8ApRWfsIMQSt2uE4OcpQqbFu7f7NbTK05lx80nuSijCz7sc3a277R67g,"kenapa harus pake verifikasi wajah, merepotkan njir",1,0,1.42.03,2025-11-15 19:50:34+00:00,"Hi Kak Rino, mohon maaf atas kendala verifikasi wajah. Untuk Fitur verifikasi wajah merupakan bagian dari sistem keamanan akun dan akan muncul saat pindah device kemudian terdapat aktivitas seperti pembayaran/checkout dll, silakan menghubungi kami melalui DM Instagram di @ShopeePay_ID untuk bantuan lebih lanjut. ^CS",2025-11-17 14:42:57,1.42.03,Dataset/dataset\SHOPEEPAY_googleplay_NOVEMBER_reviews.csv,vermuk
4d01af31-f862-4aa6-aca7-1f818903a087,Pengguna Google,https://play-lh.googleusercontent.com/EGemoI2NTXmTsBVtJqk8jxF9rh8ApRWfsIMQSt2uE4OcpQqbFu7f7NbTK05lx80nuSijCz7sc3a277R67g,sulitnya verifikasi wajah di app ini,2,0,3.1.0,2025-11-02 09:10:57+00:00,"Halo Sahabat @Moch Fatoni, mohon maaf atas ketidaknyamanannya. Terkait kendala Sahabat mohon untuk dapat mengirimkan email ke mandiricare@bankmandiri.co.id atau dapat menghubungi mandiri call 14000 agar dapat dilakukan pengecekan. Tks~Momo",2025-11-02 09:15:34,3.1.0,Dataset/dataset\LIVIN_googleplay_NOVEMBER_reviews.csv,vermuk
5406d367-edb8-4fc4-bfc9-68dca8698444,Pengguna Google,https://play-lh.googleusercontent.com/EGemoI2NTXmTsBVtJqk8jxF9rh8ApRWfsIMQSt2uE4OcpQqbFu7f7NbTK05lx80nuSijCz7sc3a277R67g,jangan pke apk ini sy tf udah terpotong tp gak masuk2 di merchant nya dan lebih parahnya sy komplen di suruh nunggu 1-5hari tpi ini sdh lebih 10hri tdk ada kejelasan trauma sy pke ovo,1,0,,2025-12-25 13:01:22+00:00,,,,Dataset/dataset\OVO_googleplay_DECEMBER_reviews.csv,transfer
d6e494b7-8245-4559-b6fe-e7b3a8bb2c74,Pengguna Google,https://play-lh.googleusercontent.com/EGemoI2NTXmTsBVtJqk8jxF9rh8ApRWfsIMQSt2uE4OcpQqbFu7f7NbTK05lx80nuSijCz7sc3a277R67g,apilikasinya sangat jelek saya sudah berkali kali login tidak bisa padahal imel dan no mornya sudah benar,1,0,,2025-12-08 20:27:11+00:00,,,,Dataset/dataset\OVO_googleplay_DECEMBER_reviews.csv,login
26a874d0-69c6-4a7f-9edf-00a4992c06dd,Pengguna Google,https://play-lh.googleusercontent.com/EGemoI2NTXmTsBVtJqk8jxF9rh8ApRWfsIMQSt2uE4OcpQqbFu7f7NbTK05lx80nuSijCz7sc3a277R67g,parah orang nebeng TF ke akun gua malah ga masuk dri pengirim sudah tf sudah ngasih bukti pengiriman ga gede sih Cmn kan itu saldo orang dri kmrin sore sampe sekarang blum masuk jga gua d tanyain Mulu sama yg nebeng TF parah anjir ni apk klu ada bintang 1./4 gua ksih dah,1,0,3.146.0,2025-11-03 10:36:23+00:00,,,3.146.0,Dataset/dataset\OVO_googleplay_NOVEMBER_reviews.csv,transfer
3c172c48-85d0-4cc1-a17c-7791b3d36695,Pengguna Google,https://play-lh.googleusercontent.com/EGemoI2NTXmTsBVtJqk8jxF9rh8ApRWfsIMQSt2uE4OcpQqbFu7f7NbTK05lx80nuSijCz7sc3a277R67g,"SUDAH LAMA MENGGUNAKAN LAYANAN GO-PAY SEMUA KEGIATAN FINAMCE DARI LAYANAN TRANSFER SAMPAI UNTUK BELANJA DAN PINJAMAN, *DAN SEMUA BERJALAN LANCAR"" TIDAK ADA 1 PUN YANG TELAT 1 DETIK PUN UNTUK KEWAJIBAN SAYA GO-PAY LATER DAN GO-PINJAM, NAMUN SAAT INI DI BLOKIR. SAYA KECEWA SEKALI.... TERIMA KASIH UNTUK SELAMA INI, GW PINDAH KE DANA, UTK SEMUA KEGIATAN FINANCE GW.",1,0,1.17.1,2025-11-10 06:51:10+00:00,"Hai Kak Irwan, mohon maaf atas kendala yang kamu alami terkait GoPay Pinjam. Agar masalahnya dapat segera kami bantu, silakan ceritakan lebih lanjut kepada kami melalui email ke support@findaya.com dan cantumkan kode psr-25-314-0121-22314 di subjek email, ya. ^Maura",2025-11-10 08:21:28,1.17.1,Dataset/dataset\GOPAY_googleplay_NOVEMBER_reviews.csv,transfer
49f27ce1-d6fe-4fe3-b54d-e1c0433ce791,Pengguna Google,https://play-lh.googleusercontent.com/EGemoI2NTXmTsBVtJqk8jxF9rh8ApRWfsIMQSt2uE4OcpQqbFu7f7NbTK05lx80nuSijCz7sc3a277R67g,"pengguna Livin mandiri di luar negri kecewa,login susah app lemot banget",2,0,,2025-11-18 21:18:03+00:00,"Hi Sahabat @Lapan tiga, mohon maaf atas ketidaknyamannya. untuk perihal kendala pada layanan Livin' by Mandiri, mohon untuk dapat mengirimkan email ke mandiricare@bankmandiri.co.id atau dapat menghubungi layanan mandiri 14000 agar dapat dilakukan pengecekan. Tks~Mandala",2025-11-18 21:21:45,,Dataset/dataset\LIVIN_googleplay_NOVEMBER_reviews.csv,login
a01b29f8-cb04-4efe-908e-3a801995f7f5,Pengguna Google,https://play-lh.googleusercontent.com/EGemoI2NTXmTsBVtJqk8jxF9rh8ApRWfsIMQSt2uE4OcpQqbFu7f7NbTK05lx80nuSijCz7sc3a277R67g,"Bagaimana cara melewatkan verifikasi wajah, padahal sudah memasukkan pin dan kode otp. Karna saya belum upgrade",1,0,1.60.0,2025-10-26 06:07:46+00:00,"Mohon maaf atas kendalanya, Kak Lubis. Sebelum login, pastikan fitur Face ID/Sidik Jari sudah aktif dan pola atau kata sandi yang dimasukkan sudah benar. Untuk info lebih lanjut, kunjungi halaman bantuan login > klik ikon ""?"" > pilih ""Tidak bisa masuk ke akun GoPay"" > pilih artikel ""Saya tidak bisa masuk dengan Face ID/Sidik Jari"". ^Miko",2025-10-26 09:26:40,1.60.0,Dataset/dataset\GOPAY_googleplay_OCTOBER_reviews.csv,vermuk
37f224a6-50ea-4082-bc2a-7c6337b3e539,Pengguna Google,https://play-lh.googleusercontent.com/EGemoI2NTXmTsBVtJqk8jxF9rh8ApRWfsIMQSt2uE4OcpQqbFu7f7NbTK05lx80nuSijCz7sc3a277R67g,gampang tuk TF dan terima TF n bayar di toped,5,0,1.59.0,2025-10-09 11:54:53+00:00,,,1.59.0,Dataset/dataset\GOPAY_googleplay_OCTOBER_reviews.csv,transfer
82821735-8865-4669-ab67-5146d95f449e,Pengguna Google,https://play-lh.googleusercontent.com/EGemoI2NTXmTsBVtJqk8jxF9rh8ApRWfsIMQSt2uE4OcpQqbFu7f7NbTK05lx80nuSijCz7sc3a277R67g,gopay gua lagi top up 100 dm ff kenapa malah gak bisa di bayar syarat gak bisa pake promo goay gak exepes,1,0,1.59.0,2025-10-28 05:40:52+00:00,"Mohon maaf ya, Kak Rudi. Mengenai promo mengikuti syarat & ketentuan yang berlaku, pastikan kode voucher yang dimasukkan sudah sesuai. Jika masih tidak bisa, silakan laporkan hal ini melalui halaman Bantuan > ketik ""Tidak bisa menukarkan kode promo"" di kolom pencarian > pilih artikel dan lengkapi form-nya. Kami siap membantu. ^Maura",2025-10-28 06:34:49,1.59.0,Dataset/dataset\GOPAY_googleplay_OCTOBER_reviews.csv,topup
3782e5e4-710b-4ec2-99ec-cfeba3294f9d,Pengguna Google,https://play-lh.googleusercontent.com/EGemoI2NTXmTsBVtJqk8jxF9rh8ApRWfsIMQSt2uE4OcpQqbFu7f7NbTK05lx80nuSijCz7sc3a277R67g,"tolong respon dong, ini kenapa di hp saya ga bisa login akun ovo saya sedangkan saya coba di hp yang lain bisa",1,0,3.146.0,2025-11-03 04:55:25+00:00,,,3.146.0,Dataset/dataset\OVO_googleplay_NOVEMBER_reviews.csv,login
8086f6ca-f3dd-4cf6-a37e-fbb8bd3bee46,Pengguna Google,https://play-lh.googleusercontent.com/EGemoI2NTXmTsBVtJqk8jxF9rh8ApRWfsIMQSt2uE4OcpQqbFu7f7NbTK05lx80nuSijCz7sc3a277R67g,"Saya mau transaksi menggunakan Qris Ovo di Mineko Summarecon Mall Bekasi lantai Food Court, tidak bisa terus, saya coba 2x tidak bisa juga. Ternyata bukan saya aja yg tidak bisa ovonya, yg lain juga. Akhirnya saya coba bayar pakai Qris Gopay, langsung cepat bisa. Ovo...Ovo....knp seperti ini?",1,1,,2025-11-07 16:54:18+00:00,,,,Dataset/dataset\OVO_googleplay_NOVEMBER_reviews.csv,qris
7d9c53fb-9125-4ccc-a5b9-8b14daa7c38a,Pengguna Google,https://play-lh.googleusercontent.com/EGemoI2NTXmTsBVtJqk8jxF9rh8ApRWfsIMQSt2uE4OcpQqbFu7f7NbTK05lx80nuSijCz7sc3a277R67g,apa apan saya top up game tidak masuk ke dalam game nya,1,0,1.60.0,2025-10-10 15:13:12+00:00,"Hai Kak Revan, kami mohon maaf atas kondisi yang Kakak alami. Terkait hal ini, dapat kami sampaikan bahwa ada pemeliharaan sistem yang mempengaruhi transaksi Kakak & saat ini sudah kembali normal. Berkenan untuk melakukan pengecekan kembali di akun tujuan secara berkala ya Kak. Mohon maaf atas ketidaknyamanannya. Salam hangat. ^Miko",2025-10-10 20:15:31,1.60.0,Dataset/dataset\GOPAY_googleplay_OCTOBER_reviews.csv,topup
55dc9e75-85b1-4982-bf16-b68f92a19b2c,Pengguna Google,https://play-lh.googleusercontent.com/EGemoI2NTXmTsBVtJqk8jxF9rh8ApRWfsIMQSt2uE4OcpQqbFu7f7NbTK05lx80nuSijCz7sc3a277R67g,kurang bagus pemakaian 1 bulan udah update Tf ke bank lain juga lumayan,1,0,3.1.0,2025-12-18 20:25:20+00:00,"Hi Sahabat @Solza Mad, mohon maaf atas ketidaknyamanannya. Terimakasih atas saran dan masukan yang diberikan, perihal tsb akan menjadi masukan bagi kami untuk pengembangan aplikasi kedepannya dan meningkatkan kualitas layanan Livin' by Mandiri. Tks~Mandala",2025-12-18 20:29:35,3.1.0,Dataset/dataset\LIVIN_googleplay_DECEMBER_reviews.csv,transfer
b58866e2-662e-46d6-ba20-728960d02c02,Pengguna Google,https://play-lh.googleusercontent.com/EGemoI2NTXmTsBVtJqk8jxF9rh8ApRWfsIMQSt2uE4OcpQqbFu7f7NbTK05lx80nuSijCz7sc3a277R67g,"sudah berapa hari bosss..... kalo gak bisa nanganin msalh kecil hapus aja aplikaai gopay nya... top up 50 lewat konter/kios... top up dari akun dana ke akun gopay saya... laporan berhasil top up sudah ada, tapi saldo saya tidak masuk, laporan nya pun tidak ada.... top up pada hari sabtu tanggal 15/11/2025 jam kurang lebih jam 01:00 malam...",1,9,1.64.0,2025-11-19 13:40:41+00:00,"Hai Kak Ahmad, pastikan nomor tujuan sudah benar, sudah cek halaman Riwayat, dan coba keluar dan masuk kembali ke aplikasi. Jika saldo masih belum masuk, silakan laporkan melalui menu Bantuan > ketik 'Top up GoPay saya belum masuk' > isi formulir dan cantumkan kode psr-25-323-0711-39237 pada bagian 'Ceritakan lebih lanjut'. ^Maura",2025-11-19 14:11:44,1.64.0,Dataset/dataset\GOPAY_googleplay_NOVEMBER_reviews.csv,topup
54716ca9-4fd3-4c5b-b885-1e95f7ae3991,Pengguna Google,https://play-lh.googleusercontent.com/EGemoI2NTXmTsBVtJqk8jxF9rh8ApRWfsIMQSt2uE4OcpQqbFu7f7NbTK05lx80nuSijCz7sc3a277R67g,setiap mau login selalu update google play service terus,1,0,3.148.0,2025-12-07 01:15:41+00:00,,,3.148.0,Dataset/dataset\OVO_googleplay_DECEMBER_reviews.csv,login
4f44592d-48d9-47a6-937a-548ebeb453f1,Pengguna Google,https://play-lh.googleusercontent.com/EGemoI2NTXmTsBVtJqk8jxF9rh8ApRWfsIMQSt2uE4OcpQqbFu7f7NbTK05lx80nuSijCz7sc3a277R67g,"kecewa berat..ovo makin lama makin gk jelas,,mau tf aja susah. duit masih ada, di suruh tunggu, dah nunggu seharian lom bisa bisa..mending pindah",1,0,3.148.0,2025-12-05 12:55:39+00:00,,,3.148.0,Dataset/dataset\OVO_googleplay_DECEMBER_reviews.csv,transfer
98f76aef-bf2b-465e-91d7-51d7d026a54c,Pengguna Google,https://play-lh.googleusercontent.com/EGemoI2NTXmTsBVtJqk8jxF9rh8ApRWfsIMQSt2uE4OcpQqbFu7f7NbTK05lx80nuSijCz7sc3a277R67g,"gajelas apk nya dsuruh login,selalu.ada kendala akun teruss,tanya cs malah responnya sana sini ga membnatu sama sekali",1,0,8.74.0,2025-10-06 05:38:23+00:00,"Halo, Jagoan. Mohon maaf atas kendala yang terjadi ya. Kamu tidak perlu khawatir, kamu bisa menjelaskan detail kendala tersebut melalui email di tanya@jago.com atau call center 1500 746 untuk kami bantu tangani lebih lanjut. Terima kasih :)",2025-10-06 06:30:26,8.74.0,Dataset/dataset\JAGO_googleplay_OCTOBER_reviews.csv,login
1cc20934-8fc2-4025-be0f-fe6179732f1c,Pengguna Google,https://play-lh.googleusercontent.com/EGemoI2NTXmTsBVtJqk8jxF9rh8ApRWfsIMQSt2uE4OcpQqbFu7f7NbTK05lx80nuSijCz7sc3a277R67g,"ovo sangat jelek pelayanan nya , transfer ke dana berhasil , tetapi tidak masuk ke aplikasi dana nya . jgn pakai aplikasi ini lagi , pelayanan CS nya juga jelek lamban respon nya lama",1,0,,2025-10-16 16:54:09+00:00,,,,Dataset/dataset\OVO_googleplay_OCTOBER_reviews.csv,transfer
65c04198-fdfd-48a5-b647-de1079af7158,Pengguna Google,https://play-lh.googleusercontent.com/EGemoI2NTXmTsBVtJqk8jxF9rh8ApRWfsIMQSt2uE4OcpQqbFu7f7NbTK05lx80nuSijCz7sc3a277R67g,"livin adalah mbanking paling ribet dalam hal bayar virtual account ketimbang brimo,wondr,atau mybca, mbanking lain cukup 1 menu, livin harus pilih pilih lagi kalo mau VA, lalu pas mau topup gopay, di mbanking lain gratis loh topup gopay, masih ada kuota gratis topup, masak di livin masih di kenai biaya admin.",1,3,3.2.0,2025-12-22 19:19:59+00:00,"Halo Sahabat @Afrian, mohon maaf atas ketidaknyamanannya. Terimakasih atas saran dan masukan yang diberikan, perihal tsb akan menjadi masukan bagi kami untuk pengembangan aplikasi kedepannya dan meningkatkan kualitas layanan Livin' by Mandiri. Tks~Charles",2025-12-22 19:39:57,3.2.0,Dataset/dataset\LIVIN_googleplay_DECEMBER_reviews.csv,topup
a90834cc-5959-4d58-9db3-fe73acb09530,Pengguna Google,https://play-lh.googleusercontent.com/EGemoI2NTXmTsBVtJqk8jxF9rh8ApRWfsIMQSt2uE4OcpQqbFu7f7NbTK05lx80nuSijCz7sc3a277R67g,verifikkasi muka aja gak bs,1,0,2.6.0,2025-11-20 15:53:02+00:00,"Hai, Kak Trian. Maaf atas ketidaknyamanannya. Kami akan selalu berusaha memberikan yang terbaik demi kebutuhan perbankan Kakak. Terkait hal tersebut pastikan beberapa hal berikut, pastikan Kakak tidak memakai sunglasses, di tempat yang terang, tidak backlight, posisi wajah di dalam lingkaran dan pastikan aplikasi blu Kakak versi terbaru ya.",2025-11-20 16:08:09,2.6.0,Dataset/dataset\BLU_googleplay_NOVEMBER_reviews.csv,vermuk
ad2c4669-6cc3-4084-87ac-52ee14a19df7,Pengguna Google,https://play-lh.googleusercontent.com/EGemoI2NTXmTsBVtJqk8jxF9rh8ApRWfsIMQSt2uE4OcpQqbFu7f7NbTK05lx80nuSijCz7sc3a277R67g,kenapa saya susah login yaa??,3,0,1.42.03,2025-11-12 02:05:51+00:00,"Hi Kak. Mohon maaf mengenai kendala tidak bisa login akun ShopeePay. Untuk bantuan lebih lanjut, mohon menghubungi kami melalui DM ke Instagram @ShopeePay_ID dengan melampirkan foto/screenshot notifikasi kendala yang dialami. ^CS",2025-11-12 11:12:45,1.42.03,Dataset/dataset\SHOPEEPAY_googleplay_NOVEMBER_reviews.csv,login
e6a86e8f-eacf-40a0-8858-d8d13e8b3435,Pengguna Google,https://play-lh.googleusercontent.com/EGemoI2NTXmTsBVtJqk8jxF9rh8ApRWfsIMQSt2uE4OcpQqbFu7f7NbTK05lx80nuSijCz7sc3a277R67g,hati² kalau pakai apk ini saya transfer pakai qris kedoublean karena jaringan dan dr blue bca katanya sudah di kreditkan ke saldo saya padahal sampai saat ini notif tidak ada bener² aneh ati² kalian jgn seperri saya jadi korban apk ini ❌️❌️❌️❌️,1,0,,2025-10-23 15:41:07+00:00,"Hai Kakak. Maaf atas ketidaknyamanannya. Kami akan selalu berusaha memberikan yang terbaik demi memenuhi kebutuhan perbankan Kakak. Jika sebelumnya Kakak sudah mengajukan laporan, boleh kirimkan nomor laporan yang Kakak terima ke email haloblu@bcadigital.co.id agar kami bantu cek perkembangan laporan Kakak.",2025-10-23 16:32:42,,Dataset/dataset\BLU_googleplay_OCTOBER_reviews.csv,qris
77e68b11-b750-4ecb-b0d8-4df35e1efcac,Pengguna Google,https://play-lh.googleusercontent.com/EGemoI2NTXmTsBVtJqk8jxF9rh8ApRWfsIMQSt2uE4OcpQqbFu7f7NbTK05lx80nuSijCz7sc3a277R67g,ga bisa scan wajah,1,0,3.2.0,2025-11-24 16:22:53+00:00,"Hai Sahabat @Y u k i, mohon maaf atas ketidaknyamanannya. Jika terkendala verifikasi wajah maka dpt mencoba kembali dgn dipastikan pencahayaan baik dan wajah tidak terlalu dekat dgn kamera. Jika masih terkendala dpt mengirimkan email ke mandiricare@bankmandiri.co.id atau menghubungi mandiri call 14000 agar dpt dilakukan pengecekan. Tks~Carissa",2025-11-24 16:50:36,3.2.0,Dataset/dataset\LIVIN_googleplay_NOVEMBER_reviews.csv,vermuk
d86e8d56-62fb-4441-9cdc-9f4173d7bd63,Pengguna Google,https://play-lh.googleusercontent.com/EGemoI2NTXmTsBVtJqk8jxF9rh8ApRWfsIMQSt2uE4OcpQqbFu7f7NbTK05lx80nuSijCz7sc3a277R67g,Asli gue gregett bngett.. barusan a1 hbs ganti hp dan login ulang d hp yg baru .. eh malah nge crash g bisa dibuka.. aneh kaliii ini .. payahh,1,0,,2025-11-25 13:56:44+00:00,"Halo Sahabat @Yerita Alexandra, mohon maaf atas ketidaknyamanannya. Apabila mengalami kendala tersebut kami persilakan agar Sahabat mencoba kembali dan dipastikan beberapa hal sebagai berikut :
1. Tidak menggunakan WIFI terlebih dahulu sebelum berhasil masuk ke tampilan layanan.
2. Melakukan force close. Tks~Kila",2025-11-25 14:01:23,,Dataset/dataset\LIVIN_googleplay_NOVEMBER_reviews.csv,login
6a9c0981-be3b-40b7-9904-3f71aa522df0,Pengguna Google,https://play-lh.googleusercontent.com/EGemoI2NTXmTsBVtJqk8jxF9rh8ApRWfsIMQSt2uE4OcpQqbFu7f7NbTK05lx80nuSijCz7sc3a277R67g,error mulu.. temen sy transfer ke blue gimana neeh,3,0,,2025-10-01 08:39:22+00:00,"Hai, Kak Lasmi. Maaf atas ketidaknyamanannya. Kami akan selalu berusaha memberikan yang terbaik demi memenuhi kebutuhan perbankan Kakak. Terkait kendala tersebut boleh infokan detail kendala serta kirimkan gambar kendalanya ke X @haloblu atau email haloblu@bcadigital.co.id agar kami bisa bantu lebih lanjut ya.
",2025-10-01 09:37:52,,Dataset/dataset\BLU_googleplay_OCTOBER_reviews.csv,transfer
9087291c-2406-4848-9e3a-8070d4e519d9,Pengguna Google,https://play-lh.googleusercontent.com/EGemoI2NTXmTsBVtJqk8jxF9rh8ApRWfsIMQSt2uE4OcpQqbFu7f7NbTK05lx80nuSijCz7sc3a277R67g,anak TF gratis mantul,5,0,1.62.0,2025-11-12 13:10:49+00:00,,,1.62.0,Dataset/dataset\GOPAY_googleplay_NOVEMBER_reviews.csv,transfer
67729053-38fd-41b0-ba2d-3f3fcdc18219,Pengguna Google,https://play-lh.googleusercontent.com/EGemoI2NTXmTsBVtJqk8jxF9rh8ApRWfsIMQSt2uE4OcpQqbFu7f7NbTK05lx80nuSijCz7sc3a277R67g,lebih simpel untuk transfer uang,5,0,1.54.0,2025-10-01 20:50:05+00:00,,,1.54.0,Dataset/dataset\GOPAY_googleplay_OCTOBER_reviews.csv,transfer
c9feb2b2-62df-4591-bdcf-8b7120f785b2,Pengguna Google,https://play-lh.googleusercontent.com/EGemoI2NTXmTsBVtJqk8jxF9rh8ApRWfsIMQSt2uE4OcpQqbFu7f7NbTK05lx80nuSijCz7sc3a277R67g,mau verifikasi wajah aja susah banget sih sampe sakit mata disuruh berkedip terus,1,0,3.2.0,2025-12-20 08:47:17+00:00,"Halo Sahabat @muhamad wisnu adibal muhtar, mohon maaf atas ketidaknyamanannya. Terkait kendala Sahabat mohon untuk dapat mengirimkan email ke mandiricare@bankmandiri.co.id atau menghubungi Mandiri Call 14000 lalu tekan 2 agar dapat dilakukan pengecekan. Tks~Danti",2025-12-20 08:49:26,3.2.0,Dataset/dataset\LIVIN_googleplay_DECEMBER_reviews.csv,vermuk
5acd2a01-b111-463b-aa86-c5c711219869,Pengguna Google,https://play-lh.googleusercontent.com/EGemoI2NTXmTsBVtJqk8jxF9rh8ApRWfsIMQSt2uE4OcpQqbFu7f7NbTK05lx80nuSijCz7sc3a277R67g,"makin ke sini makin buruk apa apa harus bayar dulu ambil uang di sesama atm bank negri gratis, skrg bayar dulu top up ewallet gratis, skrg bayar dulu bayar virtual account gratis, skrg bayar dikit2 harus bayar bank apaan dah pakai mandiri sejak 2018 sampai skrg, baru kali ini kecewa berat maandiri udah waktu nya kali pindah ke bank swasta",1,1,3.1.0,2025-11-08 13:04:19+00:00,"Halo Sahabat @boby duck, mohon maaf atas ketidaknyamanannya. Perihal kendala yang dialami, mohon untuk mengirimkan email ke mandiricare@bankmandiri.co.id atau dapat menghubungi layanan Mandiri Call 14000 agar dilakukan pengecekan. Tks~Danti",2025-11-08 13:11:24,3.1.0,Dataset/dataset\LIVIN_googleplay_NOVEMBER_reviews.csv,topup
3fbbb3d5-55fa-426f-8d71-a9d956ecae14,Pengguna Google,https://play-lh.googleusercontent.com/EGemoI2NTXmTsBVtJqk8jxF9rh8ApRWfsIMQSt2uE4OcpQqbFu7f7NbTK05lx80nuSijCz7sc3a277R67g,"LOGIN LAMA, UDAH KELOGIN KELUAR LAGI",1,1,3.148.0,2025-12-02 12:54:09+00:00,,,3.148.0,Dataset/dataset\OVO_googleplay_DECEMBER_reviews.csv,login
b704f69a-bd52-4e6f-8779-d26f895928fa,Pengguna Google,https://play-lh.googleusercontent.com/EGemoI2NTXmTsBVtJqk8jxF9rh8ApRWfsIMQSt2uE4OcpQqbFu7f7NbTK05lx80nuSijCz7sc3a277R67g,"Apalah apk nya dulu udah bagus tapi sekarang aneh masa saya mau top up aja gagal ada notifikasi ""top up gagal ada aktivitas mencurigakan"" udah males kalau top up di sini",1,0,,2025-11-04 09:47:32+00:00,"Hai Kak Topal, pastikan jumlah top up tidak melebihi batas limit transaksi bulanan dan jaringan internet stabil. Jika masih bermasalah, laporkan melalui menu Bantuan > ketik ""Mengapa saya tidak bisa top up GoPay?"" > isi formulir dan cantumkan kode psr-25-308-0426-31515 di bagian 'Ceritakan lebih lanjut'. ^Maura",2025-11-04 11:26:45,,Dataset/dataset\GOPAY_googleplay_NOVEMBER_reviews.csv,topup
17b688af-8134-425f-a5e8-151055bc8e17,Pengguna Google,https://play-lh.googleusercontent.com/EGemoI2NTXmTsBVtJqk8jxF9rh8ApRWfsIMQSt2uE4OcpQqbFu7f7NbTK05lx80nuSijCz7sc3a277R67g,"sy berikan bintang 3 saja , agak sulit klau mau TF ke org lain, gagal terus",3,0,3.2.0,2025-12-12 19:02:49+00:00,"Halo Sahabat @Bang Mikro, mohon maaf atas ketidaknyamanannya. Apabila terdapat kendala agar dapat kami tindaklanjuti, Sahabat dapat mengirimkan email ke mandiricare@bankmandiri.co.id atau menghubungi layanan mandiri call 14000 ya. Tks~Carlos",2025-12-12 19:12:27,3.2.0,Dataset/dataset\LIVIN_googleplay_DECEMBER_reviews.csv,transfer
5cf868d5-9c91-455e-8658-478563c07117,Pengguna Google,https://play-lh.googleusercontent.com/EGemoI2NTXmTsBVtJqk8jxF9rh8ApRWfsIMQSt2uE4OcpQqbFu7f7NbTK05lx80nuSijCz7sc3a277R67g,gratis topup pertama kali (katanya) mana gua udh topup wdp uang gua ga kembali? cuma gimmick kahh manizzzz?!!!,1,0,1.51.0,2025-10-15 18:19:28+00:00,"Hai, Kak Ryco. Sebelum membayar di Mitra Usaha, pastikan kode promo telah diaktifkan agar kamu bisa mendapatkan cashback. Jika cashback masih belum diterima, laporkan melalui halaman Bantuan > cari artikel ""Belum terima cashback setelah bertransaksi"" di kolom pencarian > isi form yang ada di artikel. Kami siap membantu kamu. ^Melisa",2025-10-15 22:45:00,1.51.0,Dataset/dataset\GOPAY_googleplay_OCTOBER_reviews.csv,topup
d659d210-4397-4726-a870-6328a23d9bcf,Pengguna Google,https://play-lh.googleusercontent.com/EGemoI2NTXmTsBVtJqk8jxF9rh8ApRWfsIMQSt2uE4OcpQqbFu7f7NbTK05lx80nuSijCz7sc3a277R67g,"Saya minta tolong banget, kepada pihak aplikasi GO-PAY, saya minta tolong. Tolong bantu saya, pada tanggal 26 Oktober 2025 saldo GO-PAY saya hilang, dan saya cek riwayat transaksi, saya melihat uang saldo GO-PAY saya sudah di transfer ke bank lain, saya tidak pernah melakukan transaksi transferan itu, sudah satu bulan saya menunggu kabar dari pihak GO-PAY dan tidak ada respon selanjutnya,selama satu bulan tetap menunggu kabar dari pihak GO-PAY. Saya mohon bantuannya 🙏🙏",1,9,1.64.1,2025-11-30 14:47:29+00:00,"Hai Kak @Bento No, mohon maaf atas ketidaknyamanannya. Terkait keluhan tersebut, silakan laporkan melalui email ke customerservice@gopay.co.id dengan melampirkan kode psr-25-334-0832-04024 pada subject email. Kami tunggu detail laporan kamu ya. ^Maura",2025-11-30 15:32:09,1.64.1,Dataset/dataset\GOPAY_googleplay_NOVEMBER_reviews.csv,transfer
6241a208-99b4-48b8-bfee-fc055d75f44a,Pengguna Google,https://play-lh.googleusercontent.com/EGemoI2NTXmTsBVtJqk8jxF9rh8ApRWfsIMQSt2uE4OcpQqbFu7f7NbTK05lx80nuSijCz7sc3a277R67g,"semenjak ada verifikasi wajah, jadi ribet Gagal Login ke akun Livin mandiri sendiri..#payah",1,0,3.1.0,2025-11-04 00:25:49+00:00,"Halo Sahabat @Jaelani, mohon maaf atas ketidaknyamanannya. Mohon pastikan agar pencahayaan baik dan wajah tidak terlalu dekat dengan kamera. Apabila masih terkendala Sahabat dapat mengirimkan email ke mandiricare@bankmandiri.co.id atau menghubungi mandiri call 14000 agar dapat dilakukan pengecekan.Tks ~ Said
",2025-11-10 22:52:06,3.1.0,Dataset/dataset\LIVIN_googleplay_NOVEMBER_reviews.csv,login
63c23abf-0e0c-41c0-b2d0-b669611ff054,Pengguna Google,https://play-lh.googleusercontent.com/EGemoI2NTXmTsBVtJqk8jxF9rh8ApRWfsIMQSt2uE4OcpQqbFu7f7NbTK05lx80nuSijCz7sc3a277R67g,"terima kasih gopay sudah bayak membantu TF lebih gampang dan murah, sedikit potongan nya 🙏🙏",5,0,1.59.0,2025-10-06 16:17:39+00:00,,,1.59.0,Dataset/dataset\GOPAY_googleplay_OCTOBER_reviews.csv,transfer
07065fa1-730d-4832-8495-f39d3fe613d1,Pengguna Google,https://play-lh.googleusercontent.com/EGemoI2NTXmTsBVtJqk8jxF9rh8ApRWfsIMQSt2uE4OcpQqbFu7f7NbTK05lx80nuSijCz7sc3a277R67g,kenapa kak saat aku mau login ke hp ke2 gak,3,0,3.1.0,2025-11-14 00:46:40+00:00,"Halo Sahabat @Ardi Salam, mohon maaf atas ketidaknyamannya. Perihal kendala pada layanan Livin' by Mandiri, mohon untuk dapat mengirimkan email ke mandiricare@bankmandiri.co.id atau dapat menghubungi layanan mandiri 14000 agar dapat dilakukan pengecekan. Tks~Syarif",2025-11-14 00:57:26,3.1.0,Dataset/dataset\LIVIN_googleplay_NOVEMBER_reviews.csv,login
5a935f83-6ff5-41c3-bdc9-9b895cd37a86,Pengguna Google,https://play-lh.googleusercontent.com/EGemoI2NTXmTsBVtJqk8jxF9rh8ApRWfsIMQSt2uE4OcpQqbFu7f7NbTK05lx80nuSijCz7sc3a277R67g,kenapa setiap saya top up gopay pake dana gak masuk masuk padahal keteragan di dana berhasil tapi tidak masuk masuk gimana nih,1,1,1.59.0,2025-10-03 05:19:23+00:00,"Hai Kak Ahmad, pastikan nomor tujuan sudah benar, sudah cek halaman Riwayat, dan coba keluar dan masuk kembali ke aplikasi. Jika saldo masih belum masuk, silakan laporkan melalui menu Bantuan > ketik 'Top up GoPay saya belum masuk' > isi formulir dan cantumkan kode psr-25-276-1041-04117 pada bagian 'Ceritakan lebih lanjut'. ^Maura",2025-10-03 17:41:09,1.59.0,Dataset/dataset\GOPAY_googleplay_OCTOBER_reviews.csv,topup
c6a323b5-fb67-4596-bcd3-882d6ce4235d,Pengguna Google,https://play-lh.googleusercontent.com/EGemoI2NTXmTsBVtJqk8jxF9rh8ApRWfsIMQSt2uE4OcpQqbFu7f7NbTK05lx80nuSijCz7sc3a277R67g,sangat membantu sekali di saat darurat g usah kluar ke ATM dan Transfer lebih mudah,5,0,3.1.0,2025-11-12 07:41:48+00:00,"Halo Sahabat @Aminatuz Natuz, terima kasih atas review yang telah diberikan. Semoga terus menikmati kemudahan dan kenyamanan dalam menggunakan Livin’ by Mandiri ya. Daftarkan transaksi secepat kilat pada menu Quick Pick untuk diakses pada halaman Login atau Beranda. Yuk coba sekarang. Tks~Danti",2025-11-12 07:43:20,3.1.0,Dataset/dataset\LIVIN_googleplay_NOVEMBER_reviews.csv,transfer
c553623e-36b1-4cd7-8062-2cbcb45ce783,Pengguna Google,https://play-lh.googleusercontent.com/EGemoI2NTXmTsBVtJqk8jxF9rh8ApRWfsIMQSt2uE4OcpQqbFu7f7NbTK05lx80nuSijCz7sc3a277R67g,"MOHON BANTUAN,OVI SAYA SUDAH UPDATE PRIME TAPI BELUM BISA TRANSFER KE REKENING BANK.. TERIMA KASIH",5,0,3.149.0,2025-12-15 14:41:45+00:00,,,3.149.0,Dataset/dataset\OVO_googleplay_DECEMBER_reviews.csv,transfer
d36c69c2-f4d6-4e1b-8d77-63ef4e52ba11,Pengguna Google,https://play-lh.googleusercontent.com/EGemoI2NTXmTsBVtJqk8jxF9rh8ApRWfsIMQSt2uE4OcpQqbFu7f7NbTK05lx80nuSijCz7sc3a277R67g,transfer lambat,1,0,1.42.03,2025-11-04 09:01:20+00:00,"Hi Kak Rizky. Mohon maaf atas kendala transfer ShopeePay yang lambat. Terkait kendala tersebut mohon menghubungi kami melalui DM ke Instagram @ShopeePay_ID yang bercentang biru, dengan menginformasikan detail dan bukti kendala untuk bantuan lebih lanjut. Semoga kendala kakak segera terselesaikan ya. ^CS",2025-11-04 11:00:52,1.42.03,Dataset/dataset\SHOPEEPAY_googleplay_NOVEMBER_reviews.csv,transfer
6c27e5c8-b5d0-4000-880b-e6cf6b447bf4,Pengguna Google,https://play-lh.googleusercontent.com/EGemoI2NTXmTsBVtJqk8jxF9rh8ApRWfsIMQSt2uE4OcpQqbFu7f7NbTK05lx80nuSijCz7sc3a277R67g,"gopayku gak bisa login uang masih ada, minta tolong server",5,1,1.61.2,2025-11-03 10:51:10+00:00,,,1.61.2,Dataset/dataset\GOPAY_googleplay_NOVEMBER_reviews.csv,login
976df545-0a9b-401d-97fa-326ff4c2efd2,Pengguna Google,https://play-lh.googleusercontent.com/EGemoI2NTXmTsBVtJqk8jxF9rh8ApRWfsIMQSt2uE4OcpQqbFu7f7NbTK05lx80nuSijCz7sc3a277R67g,"hp lama ilang , begitu pake hp baru instal ulang gak bisa login terus , katanya hp tidak mendukung aplikasi Livin mandiri. Geregetan padahal bank lain bisa. Bolak balik udah instal uninstal. Sepertinya saya harus mengosongkan saldo dan tutup rekening mandiri , pakai bank lain yang lebih mudah apk mobile banking nya.",1,4,3.1.0,2025-11-20 06:11:46+00:00,"Hi Sahabat @Singgih Boxy, mohon maaf atas ketidaknyamannya. untuk perihal kendala pada layanan Livin' by Mandiri, mohon untuk dapat mengirimkan email ke mandiricare@bankmandiri.co.id atau dapat menghubungi layanan mandiri 14000 agar dapat dilakukan pengecekan. Tks~Mandala",2025-11-20 06:18:30,3.1.0,Dataset/dataset\LIVIN_googleplay_NOVEMBER_reviews.csv,login
6fdc67e9-82f4-4b3e-959e-d253b6da0313,Pengguna Google,https://play-lh.googleusercontent.com/EGemoI2NTXmTsBVtJqk8jxF9rh8ApRWfsIMQSt2uE4OcpQqbFu7f7NbTK05lx80nuSijCz7sc3a277R67g,"selesai top up langsung di blokir aneh ni aplikasi,para.tolong di buka dong",1,1,1.60.0,2025-10-16 03:25:17+00:00,,,1.60.0,Dataset/dataset\GOPAY_googleplay_OCTOBER_reviews.csv,topup
087dd363-e229-4eb4-96b8-cd239fd6236b,Pengguna Google,https://play-lh.googleusercontent.com/EGemoI2NTXmTsBVtJqk8jxF9rh8ApRWfsIMQSt2uE4OcpQqbFu7f7NbTK05lx80nuSijCz7sc3a277R67g,"gopay stres update terbaru android GK bisa buat transfer dan lainnya loading aja,udah ganti2 jaringan tetap aja",1,0,1.58.0,2025-11-07 22:59:39+00:00,"Hai Kak Eko, sebelum transfer, pastikan status upgrade GoPay Plus sudah 'Diterima', nomor penerima valid dan tidak terblokir. Jika masih bermasalah, silakan kunjungi menu Bantuan di aplikasi GoPay atau email ke customerservice@gopay.co.id dan cantumkan kode psr-25-311-1609-18728 pada subjek email. ^Miko",2025-11-07 23:10:19,1.58.0,Dataset/dataset\GOPAY_googleplay_NOVEMBER_reviews.csv,transfer
f15f5959-99a5-4f1f-92da-fb8221b55f7e,Pengguna Google,https://play-lh.googleusercontent.com/EGemoI2NTXmTsBVtJqk8jxF9rh8ApRWfsIMQSt2uE4OcpQqbFu7f7NbTK05lx80nuSijCz7sc3a277R67g,Akhir akhir ini sering gangguan saat metode pembayaran Qris Indomaret atau Alfamart,1,0,3.140.0,2025-12-14 17:15:56+00:00,,,3.140.0,Dataset/dataset\OVO_googleplay_DECEMBER_reviews.csv,qris
5d03fb13-3dff-4786-80eb-ba4b646c1e72,Pengguna Google,https://play-lh.googleusercontent.com/EGemoI2NTXmTsBVtJqk8jxF9rh8ApRWfsIMQSt2uE4OcpQqbFu7f7NbTK05lx80nuSijCz7sc3a277R67g,"aplikasi sangat bagus,, fiturnya lengkap,, tabungan gopay,,simpanan,, transfer bebas biaya pokoknya banyak sekali,,dan suka banget dengan aplikasi sukses selalu 👍😊",5,10,1.60.0,2025-10-25 07:13:48+00:00,,,1.60.0,Dataset/dataset\GOPAY_googleplay_OCTOBER_reviews.csv,transfer
054187b8-da33-4dbc-b6de-19ddcb3c9b4c,Pengguna Google,https://play-lh.googleusercontent.com/EGemoI2NTXmTsBVtJqk8jxF9rh8ApRWfsIMQSt2uE4OcpQqbFu7f7NbTK05lx80nuSijCz7sc3a277R67g,"Gilaa, slalu di potong biaya top up 1000 tiap isi saldo. app mata duwitan. kalo gak butuh buat grab ajjah gak sudi pakek ni aplikasi. sinting",1,0,3.149.0,2025-12-19 17:26:07+00:00,,,3.149.0,Dataset/dataset\OVO_googleplay_DECEMBER_reviews.csv,topup
d76ab04f-fc34-4cd6-9040-f870f35d474e,Pengguna Google,https://play-lh.googleusercontent.com/EGemoI2NTXmTsBVtJqk8jxF9rh8ApRWfsIMQSt2uE4OcpQqbFu7f7NbTK05lx80nuSijCz7sc3a277R67g,sekarang setiap transfer virtual ada admin 2500. padahal sesama MANDIRI. kecewa ga seperti dulu 0 admin,1,0,3.1.0,2025-12-10 18:53:02+00:00,"Halo Sahabat @ febriana riyanti , mohon maaf atas ketidaknyamanannya. Terimakasih atas saran dan masukan yang diberikan, perihal tsb akan menjadi masukan bagi kami untuk pengembangan aplikasi kedepannya dan meningkatkan kualitas layanan Livin' by Mandiri. Tks~Charles",2025-12-10 18:58:09,3.1.0,Dataset/dataset\LIVIN_googleplay_DECEMBER_reviews.csv,transfer
e7349369-c281-4095-b2f2-4d10ccae775d,Pengguna Google,https://play-lh.googleusercontent.com/EGemoI2NTXmTsBVtJqk8jxF9rh8ApRWfsIMQSt2uE4OcpQqbFu7f7NbTK05lx80nuSijCz7sc3a277R67g,Aplikasi keuangan paling sering gangguan buat transfer.. Mending jangan pakai ini deh... Ngeri pas kita lagi urgent malah gangguan...,1,4,3.144.0,2025-10-01 14:19:07+00:00,,,3.144.0,Dataset/dataset\OVO_googleplay_OCTOBER_reviews.csv,transfer
1f70c6f7-5d75-4677-8f68-e4ab639efd80,Pengguna Google,https://play-lh.googleusercontent.com/EGemoI2NTXmTsBVtJqk8jxF9rh8ApRWfsIMQSt2uE4OcpQqbFu7f7NbTK05lx80nuSijCz7sc3a277R67g,KURANG LENGKAP TRANSFER KE APK DANA DAN GOPAY GAK BISA HANYA BISA TRANSFER KE SESAMA OVO DAN BANK PADAHAL GOPAY DAN DANA BISA TRANSFER KE APK LAIN MENGGAPA APK OVO GAK BISA TRANSFER KE APK LAIN SANGAT BURUK,1,0,3.149.0,2025-12-22 19:16:18+00:00,,,3.149.0,Dataset/dataset\OVO_googleplay_DECEMBER_reviews.csv,transfer
e8994056-d36b-421b-bd70-de2cdf2ba57f,Pengguna Google,https://play-lh.googleusercontent.com/EGemoI2NTXmTsBVtJqk8jxF9rh8ApRWfsIMQSt2uE4OcpQqbFu7f7NbTK05lx80nuSijCz7sc3a277R67g,"Tertulis jika upgrade ovo nabung gratis transfer, ternyata tetap kena biaya untuk topup maupun untuk transfer. Iklan menipu",2,2,3.145.0,2025-10-17 10:07:10+00:00,,,3.145.0,Dataset/dataset\OVO_googleplay_OCTOBER_reviews.csv,topup
c2acd44b-b288-44c9-9a79-aa9fd06000a9,Pengguna Google,https://play-lh.googleusercontent.com/EGemoI2NTXmTsBVtJqk8jxF9rh8ApRWfsIMQSt2uE4OcpQqbFu7f7NbTK05lx80nuSijCz7sc3a277R67g,"top up kue tapcash bni ga masuk saldonya, cepet utk refund okelah",4,0,1.42.03,2025-11-15 20:00:01+00:00,"Hi Kak. Mohon maaf mengenai voucher yang tidak dikembalikan. Untuk pesanan yang kakak ajukan ""pengembalian dana"" maka vouchernya tidak akan dikembalikan. Namun jika pesanan ""dibatalkan"" maka voucher akan kembali. Informasinya dapat dicek pada link ini: https://help.shopee.co.id/portal/4/article/72816 . Semoga membantu ^KS",2025-06-12 10:37:59,1.42.03,Dataset/dataset\SHOPEEPAY_googleplay_NOVEMBER_reviews.csv,topup
75dcc8fd-d153-4806-b946-9024d881bcc9,Pengguna Google,https://play-lh.googleusercontent.com/EGemoI2NTXmTsBVtJqk8jxF9rh8ApRWfsIMQSt2uE4OcpQqbFu7f7NbTK05lx80nuSijCz7sc3a277R67g,Gopay Jos TF dan semua tanpa biaya,5,0,1.64.1,2025-11-29 11:26:28+00:00,,,1.64.1,Dataset/dataset\GOPAY_googleplay_NOVEMBER_reviews.csv,transfer
842d1316-ce6f-4ea7-a90d-bc34e0787c3a,Pengguna Google,https://play-lh.googleusercontent.com/EGemoI2NTXmTsBVtJqk8jxF9rh8ApRWfsIMQSt2uE4OcpQqbFu7f7NbTK05lx80nuSijCz7sc3a277R67g,"aplikasinya sangat membantu untuk tranfer, cuman dua hari ini saya tidak bisa login tulisannya belum bisa terhubung",5,0,3.2.0,2025-12-18 11:49:34+00:00,"Hai Sahabat @RENTAL GAMER, mohon maaf atas ketidaknyamanannya. Terkait kendala Sahabat mohon untuk dapat mengirimkan email ke mandiricare@bankmandiri.co.id atau dapat menghubungi Mandiri Call 14000 lalu tekan 2 agar dapat dilakukan pengecekan. Tks~Kila",2025-12-18 11:53:12,3.2.0,Dataset/dataset\LIVIN_googleplay_DECEMBER_reviews.csv,login
60048494-4f68-4e63-b6e2-4a5cd79ccd02,Pengguna Google,https://play-lh.googleusercontent.com/EGemoI2NTXmTsBVtJqk8jxF9rh8ApRWfsIMQSt2uE4OcpQqbFu7f7NbTK05lx80nuSijCz7sc3a277R67g,"Karena BSI sering eror, jadi saya coba bank Jago S. & Aladin S. Memang lancar sih.., tapi kuota tarik tunai gratisnya terlalu sedikit. Saya pernah sedang butuh tarik tunai Rp.4.100.000,-, jadi repot cari ATM yg bisa langsung tarik uang banyak. Di ATM BRI tertulis maksimal 1 juta, Mandiri 2,5 juta, tapi muncul lagi tulisan ""ATM ini hanya bisa mengeluarkan 1 juta"", BNI malah muncul tulisan ""Transaksi Dibatalkan"". Update: Transfer sering gagal, muncul tulisan ""Bank Tujuan Tidak Merespon"".",1,0,,2025-10-13 12:59:36+00:00,"Halo, Jagoan. Mohon maaf atas kendala yang terjadi ya. Kamu tidak perlu khawatir, kamu bisa menjelaskan detail kendala tersebut melalui email di tanya@jago.com atau call center 1500 746 untuk kami bantu tangani lebih lanjut. Terima kasih :)",2025-10-13 14:35:35,,Dataset/dataset\JAGO_googleplay_OCTOBER_reviews.csv,transfer
a0222c8c-812d-4653-be93-deab8490f8be,Pengguna Google,https://play-lh.googleusercontent.com/EGemoI2NTXmTsBVtJqk8jxF9rh8ApRWfsIMQSt2uE4OcpQqbFu7f7NbTK05lx80nuSijCz7sc3a277R67g,top up game disini murah dan banyak hadiah,5,0,1.60.0,2025-10-18 19:00:38+00:00,,,1.60.0,Dataset/dataset\GOPAY_googleplay_OCTOBER_reviews.csv,topup
5df009a5-508e-46be-9d4f-95bfcf0435c9,Pengguna Google,https://play-lh.googleusercontent.com/EGemoI2NTXmTsBVtJqk8jxF9rh8ApRWfsIMQSt2uE4OcpQqbFu7f7NbTK05lx80nuSijCz7sc3a277R67g,"kenapa top up dana tidak bisa, selalu tulisan nomor tidak terdaftar",1,0,,2025-12-15 14:34:35+00:00,"Halo Sahabat @isa gultom14, mohon maaf atas ketidaknyamanannya. Terkait kendala yang dialami Sahabat mohon untuk dapat mengirimkan email ke mandiricare@bankmandiri.co.id atau dapat menghubungi mandiri call 14000 agar dapat dilakukan pengecekan. Tks~Carissa",2025-12-15 14:44:14,,Dataset/dataset\LIVIN_googleplay_DECEMBER_reviews.csv,topup
4c4358a2-a318-42cc-a294-532a13851826,Pengguna Google,https://play-lh.googleusercontent.com/EGemoI2NTXmTsBVtJqk8jxF9rh8ApRWfsIMQSt2uE4OcpQqbFu7f7NbTK05lx80nuSijCz7sc3a277R67g,saya top up shopepay lewat dana dari tgl 24 sampe sekarang belum masuk,1,0,,2025-10-27 00:00:11+00:00,"Hi Kak Achmad. Mohon maaf atas kendala Top Up ShopeePay yang belum diterima. Kami siap membantu kakak, terkait kendala tersebut mohon menghubungi kami melalui DM ke Instagram @ShopeePay_ID yang bercentang biru, dengan melampirkan bukti bayar Top Up yg terkendala untuk bantuan lebih lanjut. Semoga kendala kakak segera terselesaikan ya. ^CS",2025-10-27 11:18:35,,Dataset/dataset\SHOPEEPAY_googleplay_OCTOBER_reviews.csv,topup
1b34594b-4a9b-4203-916a-ac9370369f31,Pengguna Google,https://play-lh.googleusercontent.com/EGemoI2NTXmTsBVtJqk8jxF9rh8ApRWfsIMQSt2uE4OcpQqbFu7f7NbTK05lx80nuSijCz7sc3a277R67g,Kenapa tidak bisa saya transfer,5,0,,2025-11-19 13:55:39+00:00,,,,Dataset/dataset\GOPAY_googleplay_NOVEMBER_reviews.csv,transfer
056b1e57-caf7-493d-96e6-6cb2f18d8124,Pengguna Google,https://play-lh.googleusercontent.com/EGemoI2NTXmTsBVtJqk8jxF9rh8ApRWfsIMQSt2uE4OcpQqbFu7f7NbTK05lx80nuSijCz7sc3a277R67g,"aplikasi macam apa ini, saya top up dari dana ke ovo sampai sekarang ga masuk² juga, padahal transaksi nya udah berhasil. Udah bikin laporan tp cs nya ga ngegubris.",1,2,3.146.0,2025-11-03 09:22:33+00:00,,,3.146.0,Dataset/dataset\OVO_googleplay_NOVEMBER_reviews.csv,topup
c8f2d593-9a83-4f45-9baa-3f6fe07c71e7,Pengguna Google,https://play-lh.googleusercontent.com/EGemoI2NTXmTsBVtJqk8jxF9rh8ApRWfsIMQSt2uE4OcpQqbFu7f7NbTK05lx80nuSijCz7sc3a277R67g,puas menggunakan qris,5,0,1.42.03,2025-11-07 21:35:15+00:00,"Hi Kak. Terima kasih telah menggunakan ShopeePay. Mari cek aplikasi ShopeePay karena banyak fitur yang mempermudah keseharian kakak seperti pembelian pulsa, paket data, pembayaran tagihan listrik dan pembayaran lainnya. Jika kakak memiliki pertanyaan seputar ShopeePay, mohon DM kami di Instagram @ShopeePay_ID ya. Semoga harimu menyenangkan ^RJ",2025-11-10 09:51:11,1.42.03,Dataset/dataset\SHOPEEPAY_googleplay_NOVEMBER_reviews.csv,qris
81b87b91-d670-4149-bb13-61e5cbe50a93,Pengguna Google,https://play-lh.googleusercontent.com/EGemoI2NTXmTsBVtJqk8jxF9rh8ApRWfsIMQSt2uE4OcpQqbFu7f7NbTK05lx80nuSijCz7sc3a277R67g,"saya sudah 2x mengalami masalah dengan aplikasi ini, yang pertama beli token listrik, token tidak muncul dan butuh waktu lebih dari 24 jam baru muncul token, yang kedua transfer saldo ke bank, sudah lebih dari 2 hari saldo belum juga masuk, dan tulisan masih diproses, sudah chat cs tidak ada solusi hanya disuruh menunggu dan menunggu, setelah saya cek pihak bank yang saya transfer memang tidak ada transaksi dari gopay, sungguh sangat mengecewakan, seharusnya kalau ada keterlambatan adakompensasi",1,96,1.59.0,2025-10-06 11:52:35+00:00,"Hai Kak @Kull MS, mohon maaf atas ketidaknyamanannya. Jika kamu masih mengalami kendala, silakan laporkan melalui email ke customerservice@gopay.co.id dengan melampirkan kode psr-25-279-0514-40658 pada subject email dan cantumkan nomor laporan kamu sebelumnya pada email yang kamu kirimkan. Kami tunggu detail laporan kamu ya. ^Maura",2025-10-06 12:14:46,1.59.0,Dataset/dataset\GOPAY_googleplay_OCTOBER_reviews.csv,transfer
32a2b0ca-20ed-4bdd-b76c-06747c54495b,Pengguna Google,https://play-lh.googleusercontent.com/EGemoI2NTXmTsBVtJqk8jxF9rh8ApRWfsIMQSt2uE4OcpQqbFu7f7NbTK05lx80nuSijCz7sc3a277R67g,tolong di perbaiki masa TF ke ewalet dana hanya 50 rb berjam2 masih proses itu hnya 50 rb bagaimna kalw jutaan .......,2,0,1.45.09,2025-12-24 15:05:45+00:00,"Hi Kak Haer. Mohon maaf atas kendala transfer saldo ShopeePay yang belum diterima. Terkait kendala tersebut mohon menghubungi kami melalui DM ke Instagram @ShopeePay_ID yang bercentang biru, dengan melampirkan bukti transfer yang terkendala untuk bantuan lebih lanjut. Semoga kendala kakak segera terselesaikan ya. ^CS",2025-12-24 16:19:50,1.45.09,Dataset/dataset\SHOPEEPAY_googleplay_DECEMBER_reviews.csv,transfer
5f1645bf-52aa-4bc7-9028-4cf176cd4a70,Pengguna Google,https://play-lh.googleusercontent.com/EGemoI2NTXmTsBVtJqk8jxF9rh8ApRWfsIMQSt2uE4OcpQqbFu7f7NbTK05lx80nuSijCz7sc3a277R67g,setiap mau login selalu gagal padahal lagi butuh banget pake aplikasinya mengecewakan sekali,1,0,3.2.0,2025-12-28 07:35:27+00:00,"Halo Sahabat @Agus Cool, mohon maaf atas ketidaknyamanannya. Terkait kendala Sahabat mohon untuk dapat mengirimkan email ke mandiricare@bankmandiri.co.id atau menghubungi Mandiri Call 14000 lalu tekan 2 agar dapat dilakukan pengecekan. Tks~Cira

",2025-12-28 07:48:48,3.2.0,Dataset/dataset\LIVIN_googleplay_DECEMBER_reviews.csv,login
a728d455-319c-4ea5-8751-24efa4f56825,Pengguna Google,https://play-lh.googleusercontent.com/EGemoI2NTXmTsBVtJqk8jxF9rh8ApRWfsIMQSt2uE4OcpQqbFu7f7NbTK05lx80nuSijCz7sc3a277R67g,"lemot parah sering ke refresh sendiri hp saya gara gara mau transfer, ewallet lain gak pernah kayak gini",1,0,,2025-10-02 11:13:49+00:00,"Hai Kak Giofanny, sebelum transfer, pastikan status upgrade GoPay Plus sudah 'Diterima', nomor penerima valid dan tidak terblokir. Jika masih bermasalah, silakan kunjungi menu Bantuan di aplikasi GoPay atau email ke customerservice@gopay.co.id dan cantumkan kode psr-25-275-1452-39760 pada subjek email. ^Melisa",2025-10-02 21:52:48,,Dataset/dataset\GOPAY_googleplay_OCTOBER_reviews.csv,transfer
0ef31c59-b846-4e47-9e3d-f950e21e1778,Pengguna Google,https://play-lh.googleusercontent.com/EGemoI2NTXmTsBVtJqk8jxF9rh8ApRWfsIMQSt2uE4OcpQqbFu7f7NbTK05lx80nuSijCz7sc3a277R67g,buruk saya tf ke E-WALLET ga masuk2,1,0,,2025-11-19 10:58:00+00:00,"Hi Kak Sam. Mohon maaf atas kendala transfer saldo ShopeePay ke E-wallet yang belum diterima. Terkait kendala tersebut mohon menghubungi kami melalui DM ke Instagram @ShopeePay_ID yang bercentang biru, dengan melampirkan bukti transfer yang terkendala untuk bantuan lebih lanjut. Semoga kendala kakak segera terselesaikan ya. ^CS",2025-11-19 11:26:59,,Dataset/dataset\SHOPEEPAY_googleplay_NOVEMBER_reviews.csv,transfer
4d8a30df-7a99-4cf9-960c-10d6bf85e2ae,Pengguna Google,https://play-lh.googleusercontent.com/EGemoI2NTXmTsBVtJqk8jxF9rh8ApRWfsIMQSt2uE4OcpQqbFu7f7NbTK05lx80nuSijCz7sc3a277R67g,bintang 0 saya top up uc pubg saldo berkurang tapi uc tidak masuk. untuk sekelas dan perusahaan seberas ini masih bisa scam. sangat merugikan dan bikin kecewa. balikin uang ku jing,1,0,1.62.0,2025-11-11 02:06:13+00:00,"Hai Kak Curtis, mohon maaf atas ketidaknyamanannya. Terkait keluhan tersebut, silakan laporkan melalui email ke customerservice@gopay.co.id dengan melampirkan kode psr-25-315-0233-19294 pada subject email. Kami tunggu detail laporan kamu ya. ^Maura",2025-11-11 09:33:25,1.62.0,Dataset/dataset\GOPAY_googleplay_NOVEMBER_reviews.csv,topup
61da6bef-ed70-46f3-a331-96bd9d9d3fe0,Pengguna Google,https://play-lh.googleusercontent.com/EGemoI2NTXmTsBVtJqk8jxF9rh8ApRWfsIMQSt2uE4OcpQqbFu7f7NbTK05lx80nuSijCz7sc3a277R67g,apk nya jelek saya punya saldo 70 ribu saya beli token 20 pln ribu sisa nya tinggal 42 ribu truss pas isi saldo di ovo kepotong 2000 ke apk nya belum lagi bayar transfer ke teman pokok nya banyak kali potongan nggak masuk akal lama2 saldo terkuras kalo nggak di pake,1,1,3.144.0,2025-10-09 08:04:03+00:00,,,3.144.0,Dataset/dataset\OVO_googleplay_OCTOBER_reviews.csv,transfer
5b9b37f8-e4ef-46b0-9805-c78afb30163c,Pengguna Google,https://play-lh.googleusercontent.com/EGemoI2NTXmTsBVtJqk8jxF9rh8ApRWfsIMQSt2uE4OcpQqbFu7f7NbTK05lx80nuSijCz7sc3a277R67g,"apk tolol,,top up udh 2 hari ga masuk2,,di chat ke cotumer service bilang nunggu 2x24jam,,udh di tunggu ga masuk juga saldo nya,,apk parah iniii,,cukup2 lah pakai apk ini",1,0,1.64.0,2025-11-21 17:31:53+00:00,"Hai Kak Doni, mohon maaf atas ketidaknyamanannya. Jika kamu masih mengalami kendala, silakan laporkan melalui email ke customerservice@gopay.co.id dengan melampirkan kode psr-25-325-1045-25589 pada subject email dan cantumkan nomor laporan kamu sebelumnya pada email yang kamu kirimkan. Kami tunggu detail laporan kamu ya. ^Maura",2025-11-21 17:45:30,1.64.0,Dataset/dataset\GOPAY_googleplay_NOVEMBER_reviews.csv,topup
343d701d-d488-49c2-928a-08bc5eabb0c0,Pengguna Google,https://play-lh.googleusercontent.com/EGemoI2NTXmTsBVtJqk8jxF9rh8ApRWfsIMQSt2uE4OcpQqbFu7f7NbTK05lx80nuSijCz7sc3a277R67g,"transfer suka pending, gatau kalo darurat apa ya?",1,1,1.44.04,2025-12-08 23:12:18+00:00,"Hi Kak Ibnu. Mohon maaf mengenai kendala transfer ShopeePay yang belum diterima. Untuk pengecekan lebih lanjut, mohon menghubungi kami melalui DM ke Instagram @ShopeePay_ID dengan melampirkan bukti transfer yang tertera nomor transaksi (Order SN), nominal, tanggal dan waktu transaksi. ^EN",2025-12-09 13:11:56,1.44.04,Dataset/dataset\SHOPEEPAY_googleplay_DECEMBER_reviews.csv,transfer
b2296c43-8119-4480-8bd3-8c9773f2e3db,Pengguna Google,https://play-lh.googleusercontent.com/EGemoI2NTXmTsBVtJqk8jxF9rh8ApRWfsIMQSt2uE4OcpQqbFu7f7NbTK05lx80nuSijCz7sc3a277R67g,Saya tf ke rekening BCA 3jt tdk masuk uangnya sampai sekarang!! Mudah mudahan ada tindak lanjut dari csnya,1,0,3.147.0,2025-11-11 04:53:44+00:00,,,3.147.0,Dataset/dataset\OVO_googleplay_NOVEMBER_reviews.csv,transfer
a9698edf-c257-495a-9ef8-59b1c0f32620,Pengguna Google,https://play-lh.googleusercontent.com/EGemoI2NTXmTsBVtJqk8jxF9rh8ApRWfsIMQSt2uE4OcpQqbFu7f7NbTK05lx80nuSijCz7sc3a277R67g,"kenapa lemot bgt klo dibuka, loading trus, pdhl ini mbanking loh penting buat transaksi, saya beli makan niatnya pake qris eh malah ngelag ni apk, jdi lama bgt kan gaenak saya",1,0,3.1.0,2025-11-10 20:00:22+00:00,"Hai Sahabat @Diego Forlan, mohon maaf atas ketidaknyamanannya. Untuk kendala yg dialami kami persilakan force close aplikasi terlebih dahulu jaringan yg digunakan stabil dan mencoba kembali secara berkala ya. Tks~Charles",2025-11-10 20:14:24,3.1.0,Dataset/dataset\LIVIN_googleplay_NOVEMBER_reviews.csv,qris
8f11b918-ef02-4928-b928-1885f5eaa46c,Pengguna Google,https://play-lh.googleusercontent.com/EGemoI2NTXmTsBVtJqk8jxF9rh8ApRWfsIMQSt2uE4OcpQqbFu7f7NbTK05lx80nuSijCz7sc3a277R67g,tolong admin buat transfer bank di hilangin,5,0,1.41.06,2025-10-31 19:29:24+00:00,"Hi Kak. Terima kasih telah menggunakan ShopeePay. Mari cek aplikasi ShopeePay karena banyak fitur yang mempermudah keseharian kakak seperti pembelian pulsa, paket data, pembayaran tagihan listrik dan pembayaran lainnya. Jika kakak memiliki pertanyaan seputar ShopeePay, mohon DM kami di Instagram @ShopeePay_ID ya. Semoga harimu menyenangkan ^RJ",2025-11-03 10:07:20,1.41.06,Dataset/dataset\SHOPEEPAY_googleplay_OCTOBER_reviews.csv,transfer
8d5ba318-b57e-4c8d-a1e2-9e65241f661e,Pengguna Google,https://play-lh.googleusercontent.com/EGemoI2NTXmTsBVtJqk8jxF9rh8ApRWfsIMQSt2uE4OcpQqbFu7f7NbTK05lx80nuSijCz7sc3a277R67g,"saya TF gagal, saya beli paket gagal, padahal apk sudah saya update... lah kalau buat transaksi ini itu gagal ngapain apk ini dibuattt??😡 uang sudah ada di ovo semua mau saya balik tf ke bank gak bisa😡",1,0,3.148.0,2025-12-08 02:10:05+00:00,,,3.148.0,Dataset/dataset\OVO_googleplay_DECEMBER_reviews.csv,transfer
fb2428b7-a432-4709-a0e4-034bbeab7e19,Pengguna Google,https://play-lh.googleusercontent.com/EGemoI2NTXmTsBVtJqk8jxF9rh8ApRWfsIMQSt2uE4OcpQqbFu7f7NbTK05lx80nuSijCz7sc3a277R67g,knpah ovo kga bisa transfer ke bank ya tolong pihak ovo segera di normalkan lgi ...,5,0,3.107.0,2025-11-03 10:49:05+00:00,,,3.107.0,Dataset/dataset\OVO_googleplay_NOVEMBER_reviews.csv,transfer
de5368dc-187e-49bf-81cc-286a3ae9d8f3,Pengguna Google,https://play-lh.googleusercontent.com/EGemoI2NTXmTsBVtJqk8jxF9rh8ApRWfsIMQSt2uE4OcpQqbFu7f7NbTK05lx80nuSijCz7sc3a277R67g,Banyak kendala sering force close saat masuk atau login applikasi,1,0,,2025-10-13 13:50:27+00:00,"Halo, Jagoan. Mohon maaf atas kendala yang terjadi ya. Kamu tidak perlu khawatir, kamu bisa menjelaskan detail kendala tersebut melalui email di tanya@jago.com atau call center 1500 746 untuk kami bantu tangani lebih lanjut. Terima kasih :)",2025-10-13 16:04:12,,Dataset/dataset\JAGO_googleplay_OCTOBER_reviews.csv,login
53f18286-8fec-439c-a5be-2fe53af9e56d,Pengguna Google,https://play-lh.googleusercontent.com/EGemoI2NTXmTsBVtJqk8jxF9rh8ApRWfsIMQSt2uE4OcpQqbFu7f7NbTK05lx80nuSijCz7sc3a277R67g,"tolong pihak jago,kenapa ketika saya login di hp baru saya dan saya disuruh ferivikasi menggunakan wajah kenapa Flasclose sendiri sudah berapa kali saya coba tapi tetap tidak berhasil tolong perbaiki kendalanya,",1,3,8.75.0,2025-10-19 03:17:42+00:00,"Halo, Jagoan. Mohon maaf atas kendala yang terjadi ya. Kamu tidak perlu khawatir, kamu bisa menjelaskan detail kendala tersebut melalui email di tanya@jago.com atau call center 1500 746 untuk kami bantu tangani lebih lanjut. Terima kasih :)",2025-10-19 04:29:14,8.75.0,Dataset/dataset\JAGO_googleplay_OCTOBER_reviews.csv,login
f383039b-1413-4ca4-a50e-61c3a18e45e3,Pengguna Google,https://play-lh.googleusercontent.com/EGemoI2NTXmTsBVtJqk8jxF9rh8ApRWfsIMQSt2uE4OcpQqbFu7f7NbTK05lx80nuSijCz7sc3a277R67g,"download aplikasi Spay dapat 50k , katanya, saya kira langsung diberi tetapi perlu login 7hari lagi dan itu belum pasti, memang benar yg dikatakan Albert Einstein mengenai orang pintar adalah mereka yang menjelaskan dan dapat dipahami orang awam, maka dpt disimpulkan bahwa tadi itu Download apk Spay ini merupakan pembodohan, saya kira bintang 1 tidak mempengaruhi rating Spay sebagai bagian dari pendapat kecil yg perlu dipertimbangkan 😁😁",1,23,1.41.06,2025-10-31 15:48:07+00:00,"Hi Kak abbel. Mohon maaf atas kendala tidak mendapat bonus 50RB setelah unduh aplikasi ShopeePay. Kami siap membantu, terkait kendala tersebut mohon menghubungi kami melalui DM ke Instagram @ShopeePay_ID yang bercentang biru, dengan menginformasikan detail & bukti kendala untuk bantuan lebih lanjut. Semoga kendala kakak segera terselesaikan ya. ^CS",2025-10-31 16:18:36,1.41.06,Dataset/dataset\SHOPEEPAY_googleplay_OCTOBER_reviews.csv,login
6c8d0e44-b947-4e39-967a-9c3c270c7f1d,Pengguna Google,https://play-lh.googleusercontent.com/EGemoI2NTXmTsBVtJqk8jxF9rh8ApRWfsIMQSt2uE4OcpQqbFu7f7NbTK05lx80nuSijCz7sc3a277R67g,tolong jangan di batasi nominal nya yah ketika melakukan transfer dengan qris,1,0,1.59.0,2025-10-05 20:49:39+00:00,,,1.59.0,Dataset/dataset\GOPAY_googleplay_OCTOBER_reviews.csv,qris
61a3f7e8-3642-4dd0-b5c4-6ce7916f7bf4,Pengguna Google,https://play-lh.googleusercontent.com/EGemoI2NTXmTsBVtJqk8jxF9rh8ApRWfsIMQSt2uE4OcpQqbFu7f7NbTK05lx80nuSijCz7sc3a277R67g,sangat membantu u transfer antar bank dan beli pulsa,5,0,1.61.2,2025-11-03 18:54:01+00:00,,,1.61.2,Dataset/dataset\GOPAY_googleplay_NOVEMBER_reviews.csv,transfer
57e02639-89e8-497b-960f-06ebcc4bccac,Pengguna Google,https://play-lh.googleusercontent.com/EGemoI2NTXmTsBVtJqk8jxF9rh8ApRWfsIMQSt2uE4OcpQqbFu7f7NbTK05lx80nuSijCz7sc3a277R67g,hemat transfer kemana aja tanpa saldo kepotong 👍👍👍,5,0,1.60.0,2025-10-24 09:50:46+00:00,,,1.60.0,Dataset/dataset\GOPAY_googleplay_OCTOBER_reviews.csv,transfer
d6253021-c190-43a5-bda1-c59b13b59a06,Pengguna Google,https://play-lh.googleusercontent.com/EGemoI2NTXmTsBVtJqk8jxF9rh8ApRWfsIMQSt2uE4OcpQqbFu7f7NbTK05lx80nuSijCz7sc3a277R67g,Bisa transfer tarik tunai dn puas banget,5,0,,2025-10-03 12:18:41+00:00,,,,Dataset/dataset\GOPAY_googleplay_OCTOBER_reviews.csv,transfer
05bd19bf-b355-4837-8293-a39d951b48d4,Pengguna Google,https://play-lh.googleusercontent.com/EGemoI2NTXmTsBVtJqk8jxF9rh8ApRWfsIMQSt2uE4OcpQqbFu7f7NbTK05lx80nuSijCz7sc3a277R67g,ini kenapa kok proses tf nya lama bgt??? saldo udh dipotong tapi penerima blm nerima tf anya payahhh!!!!!,1,0,,2025-12-22 16:01:54+00:00,,,,Dataset/dataset\OVO_googleplay_DECEMBER_reviews.csv,transfer
7b28bc43-5d62-442f-9413-116e0701eb06,Pengguna Google,https://play-lh.googleusercontent.com/EGemoI2NTXmTsBVtJqk8jxF9rh8ApRWfsIMQSt2uE4OcpQqbFu7f7NbTK05lx80nuSijCz7sc3a277R67g,"tolong di tambahkan QRis pembayaran scaner(kita yg ngeluarin kode barcodenya) untuk belanja di indomart atau alfamart, seperti di bank lain...",4,0,,2025-11-30 07:56:25+00:00,"Halo, Jagoan. Terima kasih atas penilaian yang sudah kamu berikan. Masukanmu menjadi input baik untuk Jago dalam memberikan layanan yang lebih baik lagi ke depannya. Jika ada yang ingin ditanyakan, kamu bisa mengirimkan email ke tanya@jago.com atau call center di 1500 746. Terima kasih :)",2025-11-30 08:01:57,,Dataset/dataset\JAGO_googleplay_NOVEMBER_reviews.csv,qris
71aacad5-b140-4bb3-98d4-15cb91b1c3fa,Pengguna Google,https://play-lh.googleusercontent.com/EGemoI2NTXmTsBVtJqk8jxF9rh8ApRWfsIMQSt2uE4OcpQqbFu7f7NbTK05lx80nuSijCz7sc3a277R67g,saking suka nya dgn aplikasi ini saya kasih bintang 5 tp tolong servernya mau login ko lemott yah admin apakah masalah jaringan kah?,5,0,1.60.0,2025-10-11 23:25:55+00:00,,,1.60.0,Dataset/dataset\GOPAY_googleplay_OCTOBER_reviews.csv,login
61f8f39f-272f-4de3-a6b3-0129f7a06280,Pengguna Google,https://play-lh.googleusercontent.com/EGemoI2NTXmTsBVtJqk8jxF9rh8ApRWfsIMQSt2uE4OcpQqbFu7f7NbTK05lx80nuSijCz7sc3a277R67g,"ko blm bisa tf dan bayar menggunakan metode kartu debit lain one klik bca atau mandiri gitu,dan utk pmbayaran Qris jg blm bisa pake metode debit lain cuma bisa dengan dierek debit bri aj, yg lain kapan dong biar kaya dana bisa metode semua debit card",4,5,1.41.06,2025-10-22 10:33:38+00:00,"Hallo kak, terima kasih banyak ya kak atas rating dan review nya, Aku tambah seneng banget nih klo bintangnya tambah lagi :) Kalo ada kendala terkait Shopee bisa lampirkan SS review ini melalui Live Chat atau DM ke Social Media kita @Shopee_id / @Shopeecare ya. Sehat Selalu.^HV",2024-11-14 16:17:20,1.41.06,Dataset/dataset\SHOPEEPAY_googleplay_OCTOBER_reviews.csv,qris
5bab3ae2-5890-480b-9990-0a258a9237c6,Pengguna Google,https://play-lh.googleusercontent.com/EGemoI2NTXmTsBVtJqk8jxF9rh8ApRWfsIMQSt2uE4OcpQqbFu7f7NbTK05lx80nuSijCz7sc3a277R67g,mantapsss kirim via qris secepat kilat 👍👍👍,5,0,1.42.03,2025-11-17 16:05:01+00:00,"Hi Kak Arjuna. Terima kasih untuk review positifnya. Untuk transaksi di ShopeePay aman karena dilengkapi dengan fitur keamanan seperti PIN, kode OTP, sidik jari hingga verifikasi wajah. Jika kakak memiliki pertanyaan atau kendala seputar ShopeePay, mohon DM kami di Instagram @ShopeePay_ID ya. Semoga harimu menyenangkan. ^CS",2025-11-17 17:19:57,1.42.03,Dataset/dataset\SHOPEEPAY_googleplay_NOVEMBER_reviews.csv,qris
ea6a4222-9e6f-42ea-8f8b-183a920a554c,Pengguna Google,https://play-lh.googleusercontent.com/EGemoI2NTXmTsBVtJqk8jxF9rh8ApRWfsIMQSt2uE4OcpQqbFu7f7NbTK05lx80nuSijCz7sc3a277R67g,login ya ampun susahnya,1,0,3.2.0,2025-11-22 14:04:40+00:00,"Halo Sahabat @Sandra 24, mohon maaf atas ketidaknyamanannya. Dapat kami informasikan untuk perihal tsb mohon mencoba kembali secara berkala dgn pastikan sdh melakukan force close dan jaringan yg digunakan stabil (tdk menggunakan wifi) ya. Tks~Rere",2025-11-22 14:17:25,3.2.0,Dataset/dataset\LIVIN_googleplay_NOVEMBER_reviews.csv,login
e513b052-7edd-4660-a677-1ae6cbb323aa,Pengguna Google,https://play-lh.googleusercontent.com/EGemoI2NTXmTsBVtJqk8jxF9rh8ApRWfsIMQSt2uE4OcpQqbFu7f7NbTK05lx80nuSijCz7sc3a277R67g,"Aplikasi Aneh Giliran Gak Ada Saldo Nya Aman Aman Aja Login Lancar Tapi Setiap Di Isi Saldo Nyo Mulai Susah Login Lah Sampe Sampe Uninstal, Trus Instal Ulang Baru Mau, Kalo Bukan Karena Terpaksa Ga Sudi Gua Pakek Aplikasi Loh",1,4,3.145.0,2025-10-22 14:39:08+00:00,,,3.145.0,Dataset/dataset\OVO_googleplay_OCTOBER_reviews.csv,login
ab0b6d09-04cd-444f-bdba-7051c73f0305,Pengguna Google,https://play-lh.googleusercontent.com/EGemoI2NTXmTsBVtJqk8jxF9rh8ApRWfsIMQSt2uE4OcpQqbFu7f7NbTK05lx80nuSijCz7sc3a277R67g,"transfer ke bank lama nyampe 2 hari masih di proses, jngan mau pake ovo haram jadah",1,1,3.144.0,2025-10-05 01:35:53+00:00,,,3.144.0,Dataset/dataset\OVO_googleplay_OCTOBER_reviews.csv,transfer
36a71f3b-f35b-4ede-bb86-d040f0c48bd8,Pengguna Google,https://play-lh.googleusercontent.com/EGemoI2NTXmTsBVtJqk8jxF9rh8ApRWfsIMQSt2uE4OcpQqbFu7f7NbTK05lx80nuSijCz7sc3a277R67g,kenapa tidak bisa login ovo,1,0,3.146.0,2025-11-07 20:02:57+00:00,,,3.146.0,Dataset/dataset\OVO_googleplay_NOVEMBER_reviews.csv,login
d228c156-f8ee-4617-b372-11064881b28c,Pengguna Google,https://play-lh.googleusercontent.com/EGemoI2NTXmTsBVtJqk8jxF9rh8ApRWfsIMQSt2uE4OcpQqbFu7f7NbTK05lx80nuSijCz7sc3a277R67g,"HP hilang berarti ga ad otp donk,,,, gmail lupa sandi,,,,, fix mo login ga bisa,,,, hubungi cs percuma selalu otp,,,, mo kirim kemana coba orang HP aja ilang,,,,",1,0,,2025-10-20 16:26:49+00:00,"Halo, Jagoan. Mohon maaf atas kendala yang terjadi ya. Kamu tidak perlu khawatir, kamu bisa menjelaskan detail kendala tersebut melalui email di tanya@jago.com atau call center 1500 746 untuk kami bantu tangani lebih lanjut. Terima kasih :)",2025-10-20 16:30:12,,Dataset/dataset\JAGO_googleplay_OCTOBER_reviews.csv,login
229257f9-0a86-425e-abf8-095c9b9dd385,Pengguna Google,https://play-lh.googleusercontent.com/EGemoI2NTXmTsBVtJqk8jxF9rh8ApRWfsIMQSt2uE4OcpQqbFu7f7NbTK05lx80nuSijCz7sc3a277R67g,"tolong kalo gagal proses transfer, saldo di kembalikan, kalo sudah di kembalikan aku tambah bintangnya",1,0,,2025-10-02 14:58:49+00:00,,,,Dataset/dataset\OVO_googleplay_OCTOBER_reviews.csv,transfer
8e932207-352f-4c51-851b-fa18c6c7b59c,Pengguna Google,https://play-lh.googleusercontent.com/EGemoI2NTXmTsBVtJqk8jxF9rh8ApRWfsIMQSt2uE4OcpQqbFu7f7NbTK05lx80nuSijCz7sc3a277R67g,"aplikasi baguss, susah dgambarkn sebaiknya bersama megunakn dan lebih untung banyk promo potongan dri ulsa biasa/listrik smpe ongkir transfer gratis ongkir",5,4,1.61.2,2025-11-03 19:58:25+00:00,,,1.61.2,Dataset/dataset\GOPAY_googleplay_NOVEMBER_reviews.csv,transfer
d7a83f09-53a8-47a0-bb42-d12229d0f742,Pengguna Google,https://play-lh.googleusercontent.com/EGemoI2NTXmTsBVtJqk8jxF9rh8ApRWfsIMQSt2uE4OcpQqbFu7f7NbTK05lx80nuSijCz7sc3a277R67g,"sudah follow up lebih dari 10 x, sampe 2 hari ini uang yang saya transfer masih dalam di Proses, disuruh menunggu terus menerus, ada nya tim support apa, cuma diem aja? Gak Berguna bangei, Percuma Di gaji pada diem aja, masa orang disuruh menunggu sampe 7 hari gilaa banget,",1,1,,2025-12-04 14:42:39+00:00,"Hi Kak Ari. Mohon maaf atas kendala transfer saldo ShopeePay yang masih dalam proses. Terkait kendala tersebut mohon menghubungi kami melalui DM ke Instagram @ShopeePay_ID yang bercentang biru, dengan melampirkan bukti transfer yang terkendala untuk bantuan lebih lanjut. Semoga kendala kakak segera terselesaikan ya. ^CS",2025-12-04 15:14:34,,Dataset/dataset\SHOPEEPAY_googleplay_DECEMBER_reviews.csv,transfer
5b56aa94-dc24-4b0b-93b5-abf93d008406,Pengguna Google,https://play-lh.googleusercontent.com/EGemoI2NTXmTsBVtJqk8jxF9rh8ApRWfsIMQSt2uE4OcpQqbFu7f7NbTK05lx80nuSijCz7sc3a277R67g,"transfer antar bank menjadih lebih mudah dan tdk kena biaya adm, semoga akan selalu begitu.",5,0,1.41.06,2025-10-28 13:46:27+00:00,"Hi Kak Mery. Terima kasih atas review positif yang Kakak bagikan. Kami ikut senang jika Kakak puas dengan aplikasi ShopeePay. Jangan lupa untuk rutin cek aplikasi ShopeePay untuk mendapatkan promo menarik. Jika Kakak mengalami kendala, hubungi kami di DM Instagram @ShopeePay_ID. ^CS",2025-10-28 14:13:12,1.41.06,Dataset/dataset\SHOPEEPAY_googleplay_OCTOBER_reviews.csv,transfer
9121b7c2-3d57-4aff-b765-f4076d1c1396,Pengguna Google,https://play-lh.googleusercontent.com/EGemoI2NTXmTsBVtJqk8jxF9rh8ApRWfsIMQSt2uE4OcpQqbFu7f7NbTK05lx80nuSijCz7sc3a277R67g,"parah tiap top up isi saldo ovo pasti selalu ada potongan dari ovo nya , 1 ribu 2 ribu itu kalo makin sering top up ke ovo makin banyak la potongannya",1,0,3.144.0,2025-10-02 15:30:10+00:00,,,3.144.0,Dataset/dataset\OVO_googleplay_OCTOBER_reviews.csv,topup
af089495-3642-4071-a4f0-ef70a6ccd4b3,Pengguna Google,https://play-lh.googleusercontent.com/EGemoI2NTXmTsBVtJqk8jxF9rh8ApRWfsIMQSt2uE4OcpQqbFu7f7NbTK05lx80nuSijCz7sc3a277R67g,aplikasi GO-PAY ini sangat membantu transaksi apapun seperti Qris utk pesan makan ato bayaran thanks GO-PAY 👍,5,0,1.59.0,2025-10-02 12:29:27+00:00,,,1.59.0,Dataset/dataset\GOPAY_googleplay_OCTOBER_reviews.csv,qris
6d656dc0-0009-41cf-b016-e5eac8f2b7fa,Pengguna Google,https://play-lh.googleusercontent.com/EGemoI2NTXmTsBVtJqk8jxF9rh8ApRWfsIMQSt2uE4OcpQqbFu7f7NbTK05lx80nuSijCz7sc3a277R67g,lah gua TF 200 ke ovo kenapa akun gua di blokir kocak,1,0,3.144.0,2025-10-06 23:32:55+00:00,,,3.144.0,Dataset/dataset\OVO_googleplay_OCTOBER_reviews.csv,transfer
25d4b772-85b1-4675-93bf-8fc04d1e3564,Pengguna Google,https://play-lh.googleusercontent.com/EGemoI2NTXmTsBVtJqk8jxF9rh8ApRWfsIMQSt2uE4OcpQqbFu7f7NbTK05lx80nuSijCz7sc3a277R67g,mempersulit orang lain. transfer gamasuk masuk. agen susah di hubungin. gila kapok,1,0,1.60.0,2025-10-23 18:49:36+00:00,"Hai Kak Rita, mohon maaf atas ketidaknyamanannya. Pastikan nomor tujuan transfer sudah benar dan sudah cek halaman Riwayat. Jika saldo belum juga bertambah, laporkan detailnya melalui email customerservice@gopay.co.id dan cantumkan kode psr-25-296-1255-48065 pada subject email yang kamu kirimkan ya. ^Miko",2025-10-23 19:56:00,1.60.0,Dataset/dataset\GOPAY_googleplay_OCTOBER_reviews.csv,transfer
7481def7-b596-498b-b837-b5f3a4a93961,Pengguna Google,https://play-lh.googleusercontent.com/EGemoI2NTXmTsBVtJqk8jxF9rh8ApRWfsIMQSt2uE4OcpQqbFu7f7NbTK05lx80nuSijCz7sc3a277R67g,"gopay sangat membantu saya buat top up dan juga cepat,murah, gampang dan seru maka nyaa saya kasih bintang 5",5,0,1.59.0,2025-10-04 17:24:11+00:00,,,1.59.0,Dataset/dataset\GOPAY_googleplay_OCTOBER_reviews.csv,topup
827d52b5-3d59-43ff-a19a-108c7edce199,Pengguna Google,https://play-lh.googleusercontent.com/EGemoI2NTXmTsBVtJqk8jxF9rh8ApRWfsIMQSt2uE4OcpQqbFu7f7NbTK05lx80nuSijCz7sc3a277R67g,"sudah satu minggu saya coba login tidak bisa, layanan tidak tersedia terus.",1,0,3.2.0,2025-11-19 12:36:15+00:00,"Halo Sahabat @Muhammad Erwinsyah, mohon maaf atas ketidaknyamannya. Perihal kendala pada layanan Livin' by Mandiri, mohon untuk dapat mengirimkan email ke mandiricare@bankmandiri.co.id atau dapat menghubungi layanan mandiri 14000 agar dapat dilakukan pengecekan. Tks~Vika",2025-11-19 12:45:18,3.2.0,Dataset/dataset\LIVIN_googleplay_NOVEMBER_reviews.csv,login
eafbd151-800f-44b3-92e0-c7cfcb2484d4,Pengguna Google,https://play-lh.googleusercontent.com/EGemoI2NTXmTsBVtJqk8jxF9rh8ApRWfsIMQSt2uE4OcpQqbFu7f7NbTK05lx80nuSijCz7sc3a277R67g,makasi mudh untuk transfer,5,0,1.41.06,2025-10-21 15:56:13+00:00,"Hi Kak. Terima kasih untuk review positifnya. Untuk transaksi di ShopeePay aman karena dilengkapi dengan fitur keamanan seperti PIN, kode OTP, sidik jari hingga verifikasi wajah. Jika kakak memiliki pertanyaan atau kendala seputar ShopeePay, mohon DM kami di Instagram @ShopeePay_ID ya. Semoga harimu menyenangkan. ^CS",2025-10-21 17:35:42,1.41.06,Dataset/dataset\SHOPEEPAY_googleplay_OCTOBER_reviews.csv,transfer
b73d4a4a-a593-4643-a115-53467d399d20,Pengguna Google,https://play-lh.googleusercontent.com/EGemoI2NTXmTsBVtJqk8jxF9rh8ApRWfsIMQSt2uE4OcpQqbFu7f7NbTK05lx80nuSijCz7sc3a277R67g,"cokkk jancookkk. gatau org perlu urgent timbang mau transfer duit aja udah kaya mau daftar pinjol segala verifikasi ini itu. anj gue cuma mau tf duit, udah verif ternyata ditolak dong wkwkwk.asu!",1,0,3.145.0,2025-10-28 14:26:44+00:00,,,3.145.0,Dataset/dataset\OVO_googleplay_OCTOBER_reviews.csv,transfer
5fcb0d16-6a0e-4caa-8dab-571a58d6a240,Pengguna Google,https://play-lh.googleusercontent.com/EGemoI2NTXmTsBVtJqk8jxF9rh8ApRWfsIMQSt2uE4OcpQqbFu7f7NbTK05lx80nuSijCz7sc3a277R67g,"buat transfer ke bank pribadi proses ke panding sampe 3 hari tapi tidak ada kejelasan masa dana tidak sampe sampe ke rekening bank , bagaimana si ya ini dah sampe di hari kerja pun saldo masih nyangkut proses transfer tidak selesai selesai",1,1,3.144.0,2025-10-06 10:17:46+00:00,,,3.144.0,Dataset/dataset\OVO_googleplay_OCTOBER_reviews.csv,transfer
a70dc07f-37a3-4a9a-9676-571dceed4c3c,Pengguna Google,https://play-lh.googleusercontent.com/EGemoI2NTXmTsBVtJqk8jxF9rh8ApRWfsIMQSt2uE4OcpQqbFu7f7NbTK05lx80nuSijCz7sc3a277R67g,"verifikasi muka susah bngt masuknya udah ngikutin berkedip ga bisa2 ,,payahhhhhh",1,0,3.1.0,2025-11-17 08:41:48+00:00,"Halo Sahabat @Abie Bro, mohon maaf atas ketidaknyamanannya. Jika terkendala verifikasi wajah maka dpt mencoba kembali dgn dipastikan pencahayaan baik dan wajah tidak terlalu dekat dgn kamera. Jika masih terkendala dpt mengirimkan email ke mandiricare@bankmandiri.co.id atau menghubungi mandiri call 14000 agar dpt dilakukan pengecekan. Tks~Cira",2025-11-17 08:50:02,3.1.0,Dataset/dataset\LIVIN_googleplay_NOVEMBER_reviews.csv,vermuk
46397612-8c23-4d9b-9098-f697e18d29a2,Pengguna Google,https://play-lh.googleusercontent.com/EGemoI2NTXmTsBVtJqk8jxF9rh8ApRWfsIMQSt2uE4OcpQqbFu7f7NbTK05lx80nuSijCz7sc3a277R67g,"bagus banget udah gampang pakai gopay dari top up, transfer, bayar pakai Qris pokonya mudah.",5,0,1.48.0,2025-11-01 18:15:01+00:00,,,1.48.0,Dataset/dataset\GOPAY_googleplay_NOVEMBER_reviews.csv,qris
8212ebcd-c39a-4449-b857-1f35034cde6d,Pengguna Google,https://play-lh.googleusercontent.com/EGemoI2NTXmTsBVtJqk8jxF9rh8ApRWfsIMQSt2uE4OcpQqbFu7f7NbTK05lx80nuSijCz7sc3a277R67g,Aplikasi sampahhh saya transfer kerekening malah proses terus sementara saldo saya sudah terpotong mau komplain ke cs nya nggak tau mau hubungi kemana,1,1,3.146.0,2025-11-03 13:18:58+00:00,,,3.146.0,Dataset/dataset\OVO_googleplay_NOVEMBER_reviews.csv,transfer
c53d543e-0f0d-4a6f-b992-4ff47d7a2a6f,Pengguna Google,https://play-lh.googleusercontent.com/EGemoI2NTXmTsBVtJqk8jxF9rh8ApRWfsIMQSt2uE4OcpQqbFu7f7NbTK05lx80nuSijCz7sc3a277R67g,g ada free admin transfer kayak seabank/krom/superbank,1,0,,2025-11-19 20:37:49+00:00,"Halo, Jagoan. Mohon maaf atas kendala yang terjadi ya. Kamu tidak perlu khawatir, kamu bisa menjelaskan detail kendala tersebut melalui email di tanya@jago.com atau call center 1500 746 untuk kami bantu tangani lebih lanjut. Terima kasih🙂",2025-11-19 21:09:56,,Dataset/dataset\JAGO_googleplay_NOVEMBER_reviews.csv,transfer
87ec9178-4bd4-4aed-a455-79e0c290adae,Pengguna Google,https://play-lh.googleusercontent.com/EGemoI2NTXmTsBVtJqk8jxF9rh8ApRWfsIMQSt2uE4OcpQqbFu7f7NbTK05lx80nuSijCz7sc3a277R67g,baru pertamakalinya beli pake qris. Alhamdulillah mudah dan lancar bayarnya. terimakasih shopee,5,2,1.43.10,2025-11-30 08:37:39+00:00,"Hi Kak. Terima kasih telah menggunakan ShopeePay. Mari cek aplikasi ShopeePay karena banyak fitur yang mempermudah keseharian kakak seperti pembelian pulsa, paket data, pembayaran tagihan listrik dan pembayaran lainnya. Jika kakak memiliki pertanyaan seputar ShopeePay, mohon DM kami di Instagram @ShopeePay_ID ya. Semoga harimu menyenangkan ^RJ",2025-12-01 09:55:46,1.43.10,Dataset/dataset\SHOPEEPAY_googleplay_NOVEMBER_reviews.csv,qris
25d09367-0eb2-4dad-a1d7-92cf86d8141d,Pengguna Google,https://play-lh.googleusercontent.com/EGemoI2NTXmTsBVtJqk8jxF9rh8ApRWfsIMQSt2uE4OcpQqbFu7f7NbTK05lx80nuSijCz7sc3a277R67g,dari udah 2 hari verifikasi muka gagal terus enggak jelas,1,1,,2025-11-12 23:36:28+00:00,"Hai Kak Iwan, untuk login ke aplikasi GoPay, gunakan nomor HP yang terdaftar di akun Gojek-mu. Jika belum punya akun Gojek, kamu bisa daftar langsung di aplikasi GoPay, ya. Jika masih tidak bisa login, laporkan ke kami melalui email ke customerservice@gopay.co.id dan mencantumkan kode psr-25-317-2314-37433 pada subjek email.^Melisa",2025-11-13 06:14:45,,Dataset/dataset\GOPAY_googleplay_NOVEMBER_reviews.csv,vermuk
6a9abb74-73e8-4731-97b3-01ddc4ad8682,Pengguna Google,https://play-lh.googleusercontent.com/EGemoI2NTXmTsBVtJqk8jxF9rh8ApRWfsIMQSt2uE4OcpQqbFu7f7NbTK05lx80nuSijCz7sc3a277R67g,"karena saya baru mau buka ovo tiba"" kena relog terus asik di block secara mendadak ,aku pun tak tau ni ovo tiba"" gt,dan juga tadi aku baru buka isi diamond,tiba"" pass jam 12 di suruh login balik",3,0,3.144.0,2025-10-07 00:14:54+00:00,,,3.144.0,Dataset/dataset\OVO_googleplay_OCTOBER_reviews.csv,login
eba2c37b-a31d-43a4-994b-44a6ad7fbb79,Pengguna Google,https://play-lh.googleusercontent.com/EGemoI2NTXmTsBVtJqk8jxF9rh8ApRWfsIMQSt2uE4OcpQqbFu7f7NbTK05lx80nuSijCz7sc3a277R67g,sering mengalami kendala saat transfer ke Bank,3,0,,2025-11-24 08:51:33+00:00,"Hi Kak Muhamad . Mohon maaf mengenai kendala saat transfer ShopeePay ke rekening. Untuk bantuan lebih lanjut, mohon menghubungi kami melalui DM ke Instagram @ShopeePay_ID dengan melampirkan foto/screenshot notifikasi kendala yang dialami. ^CS",2025-11-24 11:00:47,,Dataset/dataset\SHOPEEPAY_googleplay_NOVEMBER_reviews.csv,transfer
4d4532a3-dec8-44eb-bea9-9b6d004b9dd8,Pengguna Google,https://play-lh.googleusercontent.com/EGemoI2NTXmTsBVtJqk8jxF9rh8ApRWfsIMQSt2uE4OcpQqbFu7f7NbTK05lx80nuSijCz7sc3a277R67g,udh lama GK buka apk padahal masih terinstal tpi pas udh top up malah harus login ulang mau ganti nomer juga GK bisa2,1,0,3.148.0,2025-12-03 05:06:01+00:00,,,3.148.0,Dataset/dataset\OVO_googleplay_DECEMBER_reviews.csv,login
bd23c218-42b0-484f-9068-dd50cd625f74,Pengguna Google,https://play-lh.googleusercontent.com/EGemoI2NTXmTsBVtJqk8jxF9rh8ApRWfsIMQSt2uE4OcpQqbFu7f7NbTK05lx80nuSijCz7sc3a277R67g,"Keterlaluan lu Min Ngambil komisi gila Org TF 27..000 aja di potong 2.000 Mudah2an cpt kaya. Gue pake aplikasi yg lain mah nyaman2 aja, Gak kaya lu, rakus",1,0,,2025-10-11 16:01:18+00:00,,,,Dataset/dataset\OVO_googleplay_OCTOBER_reviews.csv,transfer
7f0689d2-c9bf-4a4c-8c33-96d074cc5ac5,Pengguna Google,https://play-lh.googleusercontent.com/EGemoI2NTXmTsBVtJqk8jxF9rh8ApRWfsIMQSt2uE4OcpQqbFu7f7NbTK05lx80nuSijCz7sc3a277R67g,bagus banget pembayaran topup lebih murah,5,0,1.59.0,2025-10-06 00:52:05+00:00,,,1.59.0,Dataset/dataset\GOPAY_googleplay_OCTOBER_reviews.csv,topup
210823e8-9d7d-4eb6-8c78-b58a65801141,Pengguna Google,https://play-lh.googleusercontent.com/EGemoI2NTXmTsBVtJqk8jxF9rh8ApRWfsIMQSt2uE4OcpQqbFu7f7NbTK05lx80nuSijCz7sc3a277R67g,"top up 20k buat beli token di grab pas masuk sisa 18k, pas mau isi token digrab malah ilang vouchernya, mau tf ke rek aku lagi kepotong lagi 2,5k, habis 5rb dak tau buat apa, berkah deh semoga rezekiku melimpah🥹",1,0,,2025-12-26 12:16:22+00:00,,,,Dataset/dataset\OVO_googleplay_DECEMBER_reviews.csv,topup
b6a1d58e-9f0a-4a68-868f-58e7a048211a,Pengguna Google,https://play-lh.googleusercontent.com/EGemoI2NTXmTsBVtJqk8jxF9rh8ApRWfsIMQSt2uE4OcpQqbFu7f7NbTK05lx80nuSijCz7sc3a277R67g,"saat ini sangat membantu di bagian top up dana dan transfer dana ke sesama provider aja, untuk biaya admin jangan dinaikkan agar pemakai nyaman dan tidak ber alih ke provider lain.!",5,1,3.144.0,2025-10-15 09:25:10+00:00,,,3.144.0,Dataset/dataset\OVO_googleplay_OCTOBER_reviews.csv,topup
aa4e10ab-e83f-42d8-bf39-8091a61d5c42,Pengguna Google,https://play-lh.googleusercontent.com/EGemoI2NTXmTsBVtJqk8jxF9rh8ApRWfsIMQSt2uE4OcpQqbFu7f7NbTK05lx80nuSijCz7sc3a277R67g,"dikit"" admin biaya . sekali"" gratis TF . seperti gopay gratis total .",1,0,3.145.0,2025-10-26 06:59:58+00:00,,,3.145.0,Dataset/dataset\OVO_googleplay_OCTOBER_reviews.csv,transfer
87106dad-2088-4536-b7e3-8f3d8a457419,Pengguna Google,https://play-lh.googleusercontent.com/EGemoI2NTXmTsBVtJqk8jxF9rh8ApRWfsIMQSt2uE4OcpQqbFu7f7NbTK05lx80nuSijCz7sc3a277R67g,parah saldo gue top up kagak ada walau 23 ribu itu duit coy,1,0,,2025-12-09 05:24:13+00:00,,,,Dataset/dataset\OVO_googleplay_DECEMBER_reviews.csv,topup
289417c8-8969-40e4-bf2c-ecec16fbf151,Pengguna Google,https://play-lh.googleusercontent.com/EGemoI2NTXmTsBVtJqk8jxF9rh8ApRWfsIMQSt2uE4OcpQqbFu7f7NbTK05lx80nuSijCz7sc3a277R67g,ini apk gak jelas kalau top up PLN ke ovo gak keluar history nnya biar bisa lihat no strom!!!,1,0,3.145.0,2025-10-28 19:12:57+00:00,,,3.145.0,Dataset/dataset\OVO_googleplay_OCTOBER_reviews.csv,topup
6cf890f5-bb7b-4228-b2d3-d6eb548ed29d,Pengguna Google,https://play-lh.googleusercontent.com/EGemoI2NTXmTsBVtJqk8jxF9rh8ApRWfsIMQSt2uE4OcpQqbFu7f7NbTK05lx80nuSijCz7sc3a277R67g,"hari ini ovo tidak bisa transfer kenapa ya, selalu gagal memproses",1,0,3.146.0,2025-11-01 12:27:09+00:00,,,3.146.0,Dataset/dataset\OVO_googleplay_NOVEMBER_reviews.csv,transfer
02eb24e3-b736-46e5-9d70-9d8acb41161a,Pengguna Google,https://play-lh.googleusercontent.com/EGemoI2NTXmTsBVtJqk8jxF9rh8ApRWfsIMQSt2uE4OcpQqbFu7f7NbTK05lx80nuSijCz7sc3a277R67g,"APK mahal, transfer kena pajak, top up kena pajak,, bonus 0 ,, diskon 0 ndk ada penawaran ppprreettttt ccuukk!!",1,0,,2025-11-17 15:18:02+00:00,,,,Dataset/dataset\OVO_googleplay_NOVEMBER_reviews.csv,topup
a35a9755-d2d8-4783-8bd6-ff26d4b2dbb7,Pengguna Google,https://play-lh.googleusercontent.com/EGemoI2NTXmTsBVtJqk8jxF9rh8ApRWfsIMQSt2uE4OcpQqbFu7f7NbTK05lx80nuSijCz7sc3a277R67g,"awalnya aplikasi ini bagus,tapi beberapa hari ini saya terus dikirimi notifaksi yg menyuruh saya segera top up untuk melakukan pembayaran ke google play,padahal saya cek ditagihan tidak ada pembayaran otomatis,dan saya cek juga digoogle play tidak ada saya berlangganan,notifikasi itu sangat mengganggu saya seperti teror dan saya jadi takut mau top up saldonya nanti lenyap ditelan gopay",1,5,1.60.0,2025-10-27 12:22:35+00:00,"Hai Kak Marroha, mohon maaf atas ketidaknyamanannya. Laporan yang kamu sampaikan akan menjadi masukan bagi kami untuk terus meningkatkan kualitas layanan kami ke depannya. Jika kamu memiliki pertanyaan atau kendala lainnya, silakan kunjungi menu Bantuan di aplikasi GoPay atau email ke customerservice@gopay.co.id. ^Maura",2025-10-27 13:24:25,1.60.0,Dataset/dataset\GOPAY_googleplay_OCTOBER_reviews.csv,topup
7f4a046a-eb7b-444d-8825-b6376a84c378,Pengguna Google,https://play-lh.googleusercontent.com/EGemoI2NTXmTsBVtJqk8jxF9rh8ApRWfsIMQSt2uE4OcpQqbFu7f7NbTK05lx80nuSijCz7sc3a277R67g,Selalu memudahkan pembayaran dan topup,5,0,,2025-11-14 15:16:30+00:00,"Hi Kak Firda. Terima kasih untuk review positifnya. Untuk transaksi di ShopeePay aman karena dilengkapi dengan fitur keamanan seperti PIN, kode OTP, sidik jari hingga verifikasi wajah. Jika kakak memiliki pertanyaan atau kendala seputar ShopeePay, mohon DM kami di Instagram @ShopeePay_ID ya. Semoga harimu menyenangkan. ^CS",2025-11-14 16:09:14,,Dataset/dataset\SHOPEEPAY_googleplay_NOVEMBER_reviews.csv,topup
bb646975-146f-4120-9a1d-d77a2453b828,Pengguna Google,https://play-lh.googleusercontent.com/EGemoI2NTXmTsBVtJqk8jxF9rh8ApRWfsIMQSt2uE4OcpQqbFu7f7NbTK05lx80nuSijCz7sc3a277R67g,mantap semakin hari semakin banyak promo+banyak saldo gratis aku pengen topup robux disini semoga aja dpt promo,5,0,1.62.0,2025-11-11 21:05:25+00:00,,,1.62.0,Dataset/dataset\GOPAY_googleplay_NOVEMBER_reviews.csv,topup
ac6dd924-f957-4f94-bb88-f8a47acce50d,Pengguna Google,https://play-lh.googleusercontent.com/EGemoI2NTXmTsBVtJqk8jxF9rh8ApRWfsIMQSt2uE4OcpQqbFu7f7NbTK05lx80nuSijCz7sc3a277R67g,tiap ada yg tf kepotongnya lumayan 2rb belum kl sehari ada yg transfer 10x lumayan tuh sehari itu kepotong 20rb tolong dongg lebih di peringan lg potongannya apk sebelah aja potongan cuma gope doang,1,1,3.145.0,2025-10-24 10:46:30+00:00,,,3.145.0,Dataset/dataset\OVO_googleplay_OCTOBER_reviews.csv,transfer
0c79b2a5-874e-432e-a279-0523672c67bb,Pengguna Google,https://play-lh.googleusercontent.com/EGemoI2NTXmTsBVtJqk8jxF9rh8ApRWfsIMQSt2uE4OcpQqbFu7f7NbTK05lx80nuSijCz7sc3a277R67g,saya top up TETAPI TIDAK MASUK DAN TIDAK ADAAAAAA DAN TIDAK DI BANTU,1,0,,2025-10-25 18:10:17+00:00,"Hai Kak Sofwa, mohon maat atas ketidaknyamanannya. Jika kamu masih mengalami kendala, silakan laporkan melalui email ke customerservice@gopay.co.id dengan melampirkan kode psr-25-298-1252-39381 pada subject email dan cantumkan nomor laporan kamu sebelumnya pada email yang kamu kirimkan. Kami tunggu detail laporan kamu ya. ^Melisa",2025-10-25 19:52:45,,Dataset/dataset\GOPAY_googleplay_OCTOBER_reviews.csv,topup
26ad55de-506b-42a3-8bcc-9fc8b14a6bc6,Pengguna Google,https://play-lh.googleusercontent.com/EGemoI2NTXmTsBVtJqk8jxF9rh8ApRWfsIMQSt2uE4OcpQqbFu7f7NbTK05lx80nuSijCz7sc3a277R67g,"sekedar pengen tau,KLO bisa transfer kecilpun bisa berapa aja",1,0,1.60.0,2025-10-11 23:36:13+00:00,,,1.60.0,Dataset/dataset\GOPAY_googleplay_OCTOBER_reviews.csv,transfer
9ab79fc0-bd01-477d-922d-4f583bb3f41a,Pengguna Google,https://play-lh.googleusercontent.com/EGemoI2NTXmTsBVtJqk8jxF9rh8ApRWfsIMQSt2uE4OcpQqbFu7f7NbTK05lx80nuSijCz7sc3a277R67g,Force Close Ketika Mau Verifilasi Wajah,5,0,3.149.0,2025-12-18 10:33:28+00:00,,,3.149.0,Dataset/dataset\OVO_googleplay_DECEMBER_reviews.csv,vermuk
6a29e892-0e2f-44df-bf0d-e7c1c8e8d280,Pengguna Google,https://play-lh.googleusercontent.com/EGemoI2NTXmTsBVtJqk8jxF9rh8ApRWfsIMQSt2uE4OcpQqbFu7f7NbTK05lx80nuSijCz7sc3a277R67g,"qris selalu gangguan teknis,,,,tolong diperbaiki dong",3,0,1.64.0,2025-11-24 12:08:55+00:00,"Hai Kak Ari, mohon maaf atas ketidaknyamanannya. Pastikan kamu menggunakan aplikasi GoPay versi terbaru dan posisi kode QR yang dipindai sudah sesuai. Jika masih berkendala, laporkan melalui email customerservice@gopay.co.id dan cantumkan kode psr-25-328-0624-59520 pada subject email yang kamu kirimkan ya. ^Melisa",2025-11-24 13:25:11,1.64.0,Dataset/dataset\GOPAY_googleplay_NOVEMBER_reviews.csv,qris
a9d56e5f-1144-45de-8718-f76b00d16d01,Pengguna Google,https://play-lh.googleusercontent.com/EGemoI2NTXmTsBVtJqk8jxF9rh8ApRWfsIMQSt2uE4OcpQqbFu7f7NbTK05lx80nuSijCz7sc3a277R67g,kerja yg jujur dong duit orang Luh ambil gue transfer ke ovo buat bayar kontrakan juga nih dosa Luh,1,3,1.60.0,2025-10-13 19:43:35+00:00,"Hai Kak Suryono, pastikan nomor tujuan benar dan sudah cek halaman Riwayat. Jika setelah 2x24 jam di hari kerja (diluar Sabtu, Minggu, atau Libur) saldo belum bertambah, silakan lapor ke menu Bantuan > ketik 'Transfer saldo ke bank atau e-wallet belum diterima' dan cantumkan kode psr-25-286-1351-09140 pada bagian 'Ceritakan lebih lanjut'. ^Maura",2025-10-13 20:51:18,1.60.0,Dataset/dataset\GOPAY_googleplay_OCTOBER_reviews.csv,transfer
cb043fda-c340-4430-9d89-42060c6fd001,Pengguna Google,https://play-lh.googleusercontent.com/EGemoI2NTXmTsBVtJqk8jxF9rh8ApRWfsIMQSt2uE4OcpQqbFu7f7NbTK05lx80nuSijCz7sc3a277R67g,ini kenapa di hp saya ga bisa buat scan qris dan mau masuk gopay aja lama,1,0,,2025-10-27 21:36:45+00:00,"Hai Kak Lukas, mohon maaf atas ketidaknyamanannya. Pastikan kamu menggunakan aplikasi GoPay versi terbaru dan posisi kode QR yang dipindai sudah sesuai. Jika masih berkendala, laporkan melalui email customerservice@gopay.co.id dan cantumkan kode psr-25-300-1618-03810 pada subject email yang kamu kirimkan ya. ^Melisa",2025-10-27 23:18:11,,Dataset/dataset\GOPAY_googleplay_OCTOBER_reviews.csv,qris
c26351cd-09d2-4807-a193-a60505473510,Pengguna Google,https://play-lh.googleusercontent.com/EGemoI2NTXmTsBVtJqk8jxF9rh8ApRWfsIMQSt2uE4OcpQqbFu7f7NbTK05lx80nuSijCz7sc3a277R67g,gua top up di inbox sudah masuk tidak uangnya tidak ada bisa dijelaskan?,1,0,3.149.0,2025-12-09 04:41:51+00:00,,,3.149.0,Dataset/dataset\OVO_googleplay_DECEMBER_reviews.csv,topup
0732e7cf-8cb7-4268-9cd5-a4b7eb40405b,Pengguna Google,https://play-lh.googleusercontent.com/EGemoI2NTXmTsBVtJqk8jxF9rh8ApRWfsIMQSt2uE4OcpQqbFu7f7NbTK05lx80nuSijCz7sc3a277R67g,"mau login aja vermuknya lama bngt, udh sedikit lagi selesai tapi ngestack trus di vermuk. tolong dong ga bisa login karna di vermuk selalu ngestack, hadap kamera udh, trus kedip udh, cahaya tepat dibawah lampu, tapi kenapa selalu ngestack",1,1,3.1.0,2025-11-08 20:46:54+00:00,"Hi Sahabat @Muhammad Rezsky Sholihat, mhn maaf atas ketidaknyamanannya. Kami sarankan force close kemudian restart device/HP, jaringan dlm keadaan stabil & dipastikan tidak menggunakan WiFi. Apabila masih terkendala dpt mengirimkan email ke mandiricare@bankmandiri.co.id atau menghubungi mandiri call 14000 agar dilakukan pengecekan. Tks~Mandala",2025-11-08 20:56:45,3.1.0,Dataset/dataset\LIVIN_googleplay_NOVEMBER_reviews.csv,login
ee513855-a977-451c-b534-619b24b282c9,Pengguna Google,https://play-lh.googleusercontent.com/EGemoI2NTXmTsBVtJqk8jxF9rh8ApRWfsIMQSt2uE4OcpQqbFu7f7NbTK05lx80nuSijCz7sc3a277R67g,buat qris lambat,4,0,3.2.0,2025-12-15 09:43:08+00:00,"Halo Sahabat @Rizal Ramadhan, mohon maaf atas ketidaknyamanannya. Terkait kendala Sahabat mohon untuk dapat mengirimkan email ke mandiricare@bankmandiri.co.id atau dapat menghubungi Mandiri Call 14000 lalu tekan 2 agar dapat dilakukan pengecekan. Tks~Risa",2025-12-15 09:47:34,3.2.0,Dataset/dataset\LIVIN_googleplay_DECEMBER_reviews.csv,qris
9de9f7d1-79e0-4bbf-950c-86c9c06b3799,Pengguna Google,https://play-lh.googleusercontent.com/EGemoI2NTXmTsBVtJqk8jxF9rh8ApRWfsIMQSt2uE4OcpQqbFu7f7NbTK05lx80nuSijCz7sc3a277R67g,kenapa tidak bisa verifikasi wajah padahal wajah sama? mana masih ada saldonya lagi,2,0,1.60.0,2025-10-26 08:43:54+00:00,"Mohon maaf atas kendalanya, Kak Ainul. Sebelum login, pastikan fitur Face ID/Sidik Jari sudah aktif dan pola atau kata sandi yang dimasukkan sudah benar. Untuk info lebih lanjut, kunjungi halaman bantuan login > klik ikon ""?"" > pilih ""Tidak bisa masuk ke akun GoPay"" > pilih artikel ""Saya tidak bisa masuk dengan Face ID/Sidik Jari"". ^Miko",2025-10-26 10:05:04,1.60.0,Dataset/dataset\GOPAY_googleplay_OCTOBER_reviews.csv,vermuk
f3727b4c-1826-4673-8f4f-a28e0c2f27c9,Pengguna Google,https://play-lh.googleusercontent.com/EGemoI2NTXmTsBVtJqk8jxF9rh8ApRWfsIMQSt2uE4OcpQqbFu7f7NbTK05lx80nuSijCz7sc3a277R67g,"apk gk aman, saldo tiba"" ke transfer sendiri, terus gk bisa laporin masalah, gk ada bantuan apa"" dari pihak gopaynya!!",1,0,,2025-10-09 15:28:23+00:00,"Hai Kak Ali, mohon maaf atas ketidaknyamanannya. Terkait hal tersebut, silakan laporkan melalui email ke customerservice@gopay.co.id dengan melampirkan kode psr-25-282-1542-03772 pada subject email dan ceritakan kembali detail permasalahannya agar tim kami bisa bantu cek lebih lanjut ya. ^Melisa",2025-10-09 22:42:12,,Dataset/dataset\GOPAY_googleplay_OCTOBER_reviews.csv,transfer
3d256a28-0693-44bd-b6af-99dbd7222ea4,Pengguna Google,https://play-lh.googleusercontent.com/EGemoI2NTXmTsBVtJqk8jxF9rh8ApRWfsIMQSt2uE4OcpQqbFu7f7NbTK05lx80nuSijCz7sc3a277R67g,Gopay tolong dong kenapa tidak bisa melakukan transaksi atau transfer ke bank manapun. Saldo saya tidak bisa dipindahkan & tertahan disana semua.,3,0,1.64.1,2025-11-27 07:11:12+00:00,,,1.64.1,Dataset/dataset\GOPAY_googleplay_NOVEMBER_reviews.csv,transfer
730d4796-6932-45bb-9411-8bb1329ffa57,Pengguna Google,https://play-lh.googleusercontent.com/EGemoI2NTXmTsBVtJqk8jxF9rh8ApRWfsIMQSt2uE4OcpQqbFu7f7NbTK05lx80nuSijCz7sc3a277R67g,"ga jelas bgt sih! saldo msh ada, saya mau tf ke bank keterangan ""saldo tidak mencukupi"" mksdnya apaa? mau korupsi kah?",1,0,,2025-12-13 16:43:27+00:00,"Halo, Jagoan. Mohon maaf atas kendala yang terjadi ya. Kamu tidak perlu khawatir, kamu bisa menjelaskan detail kendala tersebut melalui email di tanya@jago.com atau call center 1500 746 untuk kami bantu tangani lebih lanjut. Terima kasih :)",2025-12-13 17:02:33,,Dataset/dataset\JAGO_googleplay_DECEMBER_reviews.csv,transfer
e25e720e-2b12-4eca-bb32-8af37d72058f,Pengguna Google,https://play-lh.googleusercontent.com/EGemoI2NTXmTsBVtJqk8jxF9rh8ApRWfsIMQSt2uE4OcpQqbFu7f7NbTK05lx80nuSijCz7sc3a277R67g,susah transfer.,3,0,1.61.2,2025-10-29 10:56:21+00:00,,,1.61.2,Dataset/dataset\GOPAY_googleplay_OCTOBER_reviews.csv,transfer
7103e1f7-e690-4e38-9a74-8d5345499388,Pengguna Google,https://play-lh.googleusercontent.com/EGemoI2NTXmTsBVtJqk8jxF9rh8ApRWfsIMQSt2uE4OcpQqbFu7f7NbTK05lx80nuSijCz7sc3a277R67g,login susah foto tidak sesuai kok,1,1,1.59.0,2025-10-02 20:29:40+00:00,"Hai Kak Kuncoro, mohon maaf atas ketidaknyamanannya. Pastikan kamu mengambil foto selfie dengan pencahayaan yang baik dan wajah terlihat jelas. Jika masih berkendala, silakan laporkan detailnya melalui email ke customerservice@gopay.co.id dan cantumkan kode psr-25-275-1603-45775 pada subjek email. ^Melisa",2025-10-02 23:03:52,1.59.0,Dataset/dataset\GOPAY_googleplay_OCTOBER_reviews.csv,login
45e483b8-f7cd-4ee1-b7bd-827ae5315ec2,Pengguna Google,https://play-lh.googleusercontent.com/EGemoI2NTXmTsBVtJqk8jxF9rh8ApRWfsIMQSt2uE4OcpQqbFu7f7NbTK05lx80nuSijCz7sc3a277R67g,"duh ini sekarang makin banyak gratis biaya admin utk transfer ataupun top up. Murah juga utk payment beberapa urusan spt listrik, pulsa, biaya internet dll",5,0,,2025-12-23 20:52:13+00:00,"Hi Kak. Terima kasih telah menggunakan ShopeePay. Mari cek aplikasi ShopeePay karena banyak fitur yang mempermudah keseharian kakak seperti pembelian pulsa, paket data, pembayaran tagihan listrik dan pembayaran lainnya. Jika kakak memiliki pertanyaan seputar ShopeePay, mohon DM kami di Instagram @ShopeePay_ID ya. Semoga harimu menyenangkan ^RJ",2025-12-24 09:46:20,,Dataset/dataset\SHOPEEPAY_googleplay_DECEMBER_reviews.csv,topup
2487a6b4-0795-4b6c-850c-b7a7fb45f71f,Pengguna Google,https://play-lh.googleusercontent.com/EGemoI2NTXmTsBVtJqk8jxF9rh8ApRWfsIMQSt2uE4OcpQqbFu7f7NbTK05lx80nuSijCz7sc3a277R67g,OVO tolong support fitur QRIS Tap dong. Untuk bayar parkir juga. Thx,3,0,3.149.0,2025-12-13 22:21:41+00:00,,,3.149.0,Dataset/dataset\OVO_googleplay_DECEMBER_reviews.csv,qris
6d76904c-b58a-47b1-a411-4b2118a17d74,Pengguna Google,https://play-lh.googleusercontent.com/EGemoI2NTXmTsBVtJqk8jxF9rh8ApRWfsIMQSt2uE4OcpQqbFu7f7NbTK05lx80nuSijCz7sc3a277R67g,Payah.... Gedek bgt... Sering Eror buat transaksi gak bisa2. Login awal pun Susah bgt Masuknya. Gimana si???,1,0,,2025-12-10 05:54:23+00:00,"Halo Sahabat @Puji Rahayu, mohon maaf atas ketidaknyamanannya. Untuk perihal kendala pada layanan Livin' by Mandiri, disarankan melakukan force close pada aplikasi Livin' by Mandiri, kemudian restart device/handphone yg digunakan dan mencoba kembali secara berkala. Tks~Carlos",2025-12-10 06:05:19,,Dataset/dataset\LIVIN_googleplay_DECEMBER_reviews.csv,login
4787b90d-19c1-4a88-8794-6d14325b0a37,Pengguna Google,https://play-lh.googleusercontent.com/EGemoI2NTXmTsBVtJqk8jxF9rh8ApRWfsIMQSt2uE4OcpQqbFu7f7NbTK05lx80nuSijCz7sc3a277R67g,"lah baru top up pertama dapat potongan, aplikasi lain kalau top up bukan ada potongan knpa bisa terjadi ini gawat ni gak jelas banget",1,0,3.149.0,2025-12-18 09:56:26+00:00,,,3.149.0,Dataset/dataset\OVO_googleplay_DECEMBER_reviews.csv,topup
24c5b2f0-a5b3-4925-b505-89fb1e6d35d7,Pengguna Google,https://play-lh.googleusercontent.com/EGemoI2NTXmTsBVtJqk8jxF9rh8ApRWfsIMQSt2uE4OcpQqbFu7f7NbTK05lx80nuSijCz7sc3a277R67g,gak bisa login dr jam 11 siang sampe jam 8 malem,1,0,3.1.0,2025-11-02 20:08:54+00:00,"Halo Sahabat @Wulandari, mohon maaf atas ketidaknyamannya. Perihal kendala pada layanan Livin' by Mandiri, mohon untuk dapat mengirimkan email ke mandiricare@bankmandiri.co.id atau dapat menghubungi layanan mandiri 14000 agar dapat dilakukan pengecekan. Tks~Kale",2025-11-02 20:28:47,3.1.0,Dataset/dataset\LIVIN_googleplay_NOVEMBER_reviews.csv,login
7ac3d6bf-71d3-4828-b846-8257dbeb8637,Pengguna Google,https://play-lh.googleusercontent.com/EGemoI2NTXmTsBVtJqk8jxF9rh8ApRWfsIMQSt2uE4OcpQqbFu7f7NbTK05lx80nuSijCz7sc3a277R67g,kenapa akun ovo saya tidak bisa qris,1,0,3.144.0,2025-10-16 08:41:15+00:00,,,3.144.0,Dataset/dataset\OVO_googleplay_OCTOBER_reviews.csv,qris
5a080b76-dd8f-4a2c-a16f-167f3a5c6002,Pengguna Google,https://play-lh.googleusercontent.com/EGemoI2NTXmTsBVtJqk8jxF9rh8ApRWfsIMQSt2uE4OcpQqbFu7f7NbTK05lx80nuSijCz7sc3a277R67g,"Baru login, ShopeePay malah dibatasi 24 jam dan tidak bisa bayar QRIS. Sangat mengganggu karena butuh transaksi cepat. Hubungi CS pun tidak ada solusi. Tolong perbaiki sistem keamanannya — terlalu kaku dan merugikan.",1,22,1.45.09,2025-12-27 14:20:13+00:00,"Hi Kak, mohon maaf atas kendala tidak dapat melakukan transaksi pembayaran QRIS setelah berhasil login akun ShopeePay. Saat ini Kakak dapat mencoba melakukan transaksi dalam 1x24 jam ke depan setelah berhasil login ya, apabila masih berkendala mohon menghubungi kami melalui DM Instagram di @ShopeePay_ID untuk bantuan lebih lanjut. ^AS",2025-12-29 13:16:08,1.45.09,Dataset/dataset\SHOPEEPAY_googleplay_DECEMBER_reviews.csv,login
003af274-c4cd-4b00-9318-dd9bf34e940e,Pengguna Google,https://play-lh.googleusercontent.com/EGemoI2NTXmTsBVtJqk8jxF9rh8ApRWfsIMQSt2uE4OcpQqbFu7f7NbTK05lx80nuSijCz7sc3a277R67g,cepat.... gak pake lama.... sekali transfer langsung masuk... real time... gak pake ribet,5,0,1.60.0,2025-10-19 14:24:33+00:00,,,1.60.0,Dataset/dataset\GOPAY_googleplay_OCTOBER_reviews.csv,transfer
c60bfda9-e010-4f9f-92bb-593dc89c3748,Pengguna Google,https://play-lh.googleusercontent.com/EGemoI2NTXmTsBVtJqk8jxF9rh8ApRWfsIMQSt2uE4OcpQqbFu7f7NbTK05lx80nuSijCz7sc3a277R67g,"saya sudah daftar tapi login tidak berhasil, malah internet selalu terputus tiap selesai masukkan data. tidak ada helpdesk untuk bantu masalahnya",1,0,8.76.0,2025-11-06 22:05:56+00:00,"Halo, Jagoan! Mohon maaf atas ketidaknyamanan yang Kakak alami. Supaya bisa membantu lebih lanjut, Kakak bisa menginformasikan detail keluhannya melalui email tanya@jago.com ya. Tim terkait kami dengan senang hati akan membantu Kakak menyelesaikan permasalahannya.",2025-11-07 00:26:54,8.76.0,Dataset/dataset\JAGO_googleplay_NOVEMBER_reviews.csv,login
7ebf6d7a-9ed2-4d13-972a-c4e785a271a6,Pengguna Google,https://play-lh.googleusercontent.com/EGemoI2NTXmTsBVtJqk8jxF9rh8ApRWfsIMQSt2uE4OcpQqbFu7f7NbTK05lx80nuSijCz7sc3a277R67g,"Ribett, mau tf aja suruh selfi pake KTP",1,0,,2025-11-02 22:39:50+00:00,,,,Dataset/dataset\OVO_googleplay_NOVEMBER_reviews.csv,transfer
c16e59fb-19e8-4ee2-9f10-773a06974f39,Pengguna Google,https://play-lh.googleusercontent.com/EGemoI2NTXmTsBVtJqk8jxF9rh8ApRWfsIMQSt2uE4OcpQqbFu7f7NbTK05lx80nuSijCz7sc3a277R67g,Scan wajah susah banget ribet harus ngulang berkali kali baru bisa sampe mata pegel disuruh ngedip mulu,1,0,3.2.0,2025-12-15 23:49:00+00:00,"Halo Sahabat @Rizki Alansyori, mohon maaf atas ketidaknyamanannya. Untuk perihal kendala yang dialami, mohon untuk dapat mengirimkan email ke mandiricare@bankmandiri.co.id atau dapat menghubungi layanan mandiri 14000 agar dapat dilakukan pengecekan. Tks~Raka",2025-12-15 23:52:04,3.2.0,Dataset/dataset\LIVIN_googleplay_DECEMBER_reviews.csv,vermuk
13c5ff7b-50ba-4ea5-ad78-abafc932eb64,Pengguna Google,https://play-lh.googleusercontent.com/EGemoI2NTXmTsBVtJqk8jxF9rh8ApRWfsIMQSt2uE4OcpQqbFu7f7NbTK05lx80nuSijCz7sc3a277R67g,ovo saya pake superbank tidak bisa login tolong diperbaiki bos,1,0,,2025-12-25 13:18:19+00:00,,,,Dataset/dataset\OVO_googleplay_DECEMBER_reviews.csv,login
cdc7079f-4f35-4d14-833e-88efaa2fd9af,Pengguna Google,https://play-lh.googleusercontent.com/EGemoI2NTXmTsBVtJqk8jxF9rh8ApRWfsIMQSt2uE4OcpQqbFu7f7NbTK05lx80nuSijCz7sc3a277R67g,tf 50k ke saldo gopay ku,5,0,1.61.2,2025-11-07 00:20:53+00:00,,,1.61.2,Dataset/dataset\GOPAY_googleplay_NOVEMBER_reviews.csv,transfer
51669107-ed11-4a7c-9abc-9bdc509e5e93,Pengguna Google,https://play-lh.googleusercontent.com/EGemoI2NTXmTsBVtJqk8jxF9rh8ApRWfsIMQSt2uE4OcpQqbFu7f7NbTK05lx80nuSijCz7sc3a277R67g,"cukup oke aplikasi nya, karena bank jago bisa investasi di stockbit dan cukup mudah buat top up nya tanpa biaya admin, alhamdulilah aku dapet bonus 25k",5,0,8.76.0,2025-11-04 08:59:19+00:00,,,8.76.0,Dataset/dataset\JAGO_googleplay_NOVEMBER_reviews.csv,topup
e36c13bc-efec-44dc-8592-47170ae14376,Pengguna Google,https://play-lh.googleusercontent.com/EGemoI2NTXmTsBVtJqk8jxF9rh8ApRWfsIMQSt2uE4OcpQqbFu7f7NbTK05lx80nuSijCz7sc3a277R67g,saya belum punya kartu keredit/debit.jadi saya daftar karena blum punya rekening. tapi setelah selesai verifikasi KTP selalu di suruh login lewat kartu keredit/debit? lagi ngelucu apa gimana,1,2,3.2.0,2025-12-18 19:13:44+00:00,"Hai Sahabat @Scott Clarke, mohon maaf atas ketidaknyamanannya. Terkait kendala Sahabat mohon untuk dapat mengirimkan email ke mandiricare@bankmandiri.co.id atau menghubungi Mandiri Call 14000 lalu tekan 2 agar dapat dilakukan pengecekan. Tks~Divia",2025-12-18 19:18:03,3.2.0,Dataset/dataset\LIVIN_googleplay_DECEMBER_reviews.csv,login
d954adfc-0d6e-4645-8dd5-f6289d4ed044,Pengguna Google,https://play-lh.googleusercontent.com/EGemoI2NTXmTsBVtJqk8jxF9rh8ApRWfsIMQSt2uE4OcpQqbFu7f7NbTK05lx80nuSijCz7sc3a277R67g,apakah biaya admin top up dari alfamart,5,1,3.143.0,2025-12-04 23:13:46+00:00,,,3.143.0,Dataset/dataset\OVO_googleplay_DECEMBER_reviews.csv,topup
04ef89c9-93ea-42fe-994a-b331d5dc1f42,Pengguna Google,https://play-lh.googleusercontent.com/EGemoI2NTXmTsBVtJqk8jxF9rh8ApRWfsIMQSt2uE4OcpQqbFu7f7NbTK05lx80nuSijCz7sc3a277R67g,"Bank Jago merupakan aplikasi yang sangat membantu untuk transaksi digital. Namun, akhir-akhir ini sering mengalami kendala jaringan — seperti gagal memuat halaman, delay saat login, dan transaksi tertunda meskipun koneksi internet stabil. Mohon dilakukan perbaikan agar stabilitas koneksi aplikasi dapat lebih optimal.",4,10,8.74.0,2025-10-09 16:14:01+00:00,"Halo, Jagoan. Mohon maaf atas kendala yang terjadi ya. Kamu tidak perlu khawatir, kamu bisa menjelaskan detail kendala tersebut melalui email di tanya@jago.com atau call center 1500 746 untuk kami bantu tangani lebih lanjut. Terima kasih :)",2025-10-09 19:09:14,8.74.0,Dataset/dataset\JAGO_googleplay_OCTOBER_reviews.csv,login
73f2d34f-8919-446c-b185-b1c9bcf44462,Pengguna Google,https://play-lh.googleusercontent.com/EGemoI2NTXmTsBVtJqk8jxF9rh8ApRWfsIMQSt2uE4OcpQqbFu7f7NbTK05lx80nuSijCz7sc3a277R67g,"biaya admin double. 1 dari ovo langsung, 1 lagi dari aplikasi lain. Seharusnya biaya seperti itu harus terbuka. jika seperti ini pihak yang transfer bisa bertengkar karena si penerima tidak menerima jumlah yang disepakati",2,6,3.147.0,2025-11-16 11:44:22+00:00,,,3.147.0,Dataset/dataset\OVO_googleplay_NOVEMBER_reviews.csv,transfer
470410d7-61f0-45a0-8c44-5cdb7b065c55,Pengguna Google,https://play-lh.googleusercontent.com/EGemoI2NTXmTsBVtJqk8jxF9rh8ApRWfsIMQSt2uE4OcpQqbFu7f7NbTK05lx80nuSijCz7sc3a277R67g,saya transfer saldo ke dana tidak masuk ke akun dananya jadi saya hilang saldo 100rb,1,1,,2025-11-20 19:31:27+00:00,"Hai Kak Rendy, mohon maaf atas ketidaknyamanannya. Pastikan nomor tujuan transfer sudah benar dan sudah cek halaman Riwayat. Jika saldo belum juga bertambah, laporkan detailnya melalui email customerservice@gopay.co.id dan cantumkan kode psr-25-324-1437-31391 pada subject email yang kamu kirimkan ya. ^Melisa",2025-11-20 21:37:37,,Dataset/dataset\GOPAY_googleplay_NOVEMBER_reviews.csv,transfer
695a8e86-5302-4f65-88c9-363d50ec94c9,Pengguna Google,https://play-lh.googleusercontent.com/EGemoI2NTXmTsBVtJqk8jxF9rh8ApRWfsIMQSt2uE4OcpQqbFu7f7NbTK05lx80nuSijCz7sc3a277R67g,aplikasi ini selalu buat masalah saja .. transfer atu top up selalu lambat saya kesal banget pake aplikasi gopay sekarang. lebih baik pakai dana,1,0,1.62.0,2025-11-16 12:50:11+00:00,"Hai Kak Teguh, kami mohon maaf atas kondisi yang Kakak alami. Terkait hal ini, dapat kami sampaikan bahwa ada pemeliharaan sistem yang mempengaruhi transaksi Kakak & saat ini sudah kembali normal. Berkenan untuk melakukan pengecekan kembali di akun tujuan secara berkala ya Kak. Mohon maaf atas ketidaknyamanannya. Salam hangat. ^Miko",2025-11-16 17:06:33,1.62.0,Dataset/dataset\GOPAY_googleplay_NOVEMBER_reviews.csv,topup
46c504de-c97f-4d81-8ae1-a6fdf14123f0,Pengguna Google,https://play-lh.googleusercontent.com/EGemoI2NTXmTsBVtJqk8jxF9rh8ApRWfsIMQSt2uE4OcpQqbFu7f7NbTK05lx80nuSijCz7sc3a277R67g,"mantap kalau emang gk ribet,cara tf dari akun bank ke gopay bagaimana boss..??",5,0,1.64.0,2025-11-20 21:17:17+00:00,,,1.64.0,Dataset/dataset\GOPAY_googleplay_NOVEMBER_reviews.csv,transfer
9642c347-41ae-4c7f-8bd3-6c686f7d0185,Pengguna Google,https://play-lh.googleusercontent.com/EGemoI2NTXmTsBVtJqk8jxF9rh8ApRWfsIMQSt2uE4OcpQqbFu7f7NbTK05lx80nuSijCz7sc3a277R67g,"untuk pembayaran QRIS susah, apalagi yg ada scan wajah, pas kedip mata selalu gagal",1,2,1.42.03,2025-11-03 10:57:59+00:00,"Hi Kak candra. Mohon maaf atas kendala tidak bisa bayar QRIS karena scan wajah gagal. Pastikan verifikasi wajah telah sesuai dgn data KTP yg terdaftar pada ShopeePay agar sistem dpt memverifikasi kepemilikan akun. Untuk bantuan pengecekan, hubungi kami melalui DM ke Instagram @ShopeePay_ID ^CS",2025-11-03 13:23:15,1.42.03,Dataset/dataset\SHOPEEPAY_googleplay_NOVEMBER_reviews.csv,qris
1f929f8b-8e75-4f0d-a44f-f824400edd72,Pengguna Google,https://play-lh.googleusercontent.com/EGemoI2NTXmTsBVtJqk8jxF9rh8ApRWfsIMQSt2uE4OcpQqbFu7f7NbTK05lx80nuSijCz7sc3a277R67g,Kenapa Upload KTP sm Wajah di Gopay Sy sdh bolak balik selalu tidak berhasil... Mohon Informasinya... Terima Kasih..,5,0,,2025-10-04 14:46:46+00:00,,,,Dataset/dataset\GOPAY_googleplay_OCTOBER_reviews.csv,vermuk
01833b60-653c-4a89-959b-2f33aeeab855,Pengguna Google,https://play-lh.googleusercontent.com/EGemoI2NTXmTsBVtJqk8jxF9rh8ApRWfsIMQSt2uE4OcpQqbFu7f7NbTK05lx80nuSijCz7sc3a277R67g,UANG GUA NYANGKUT WOY GABISA MASUK SALDO NYA PAS TOP UP TOLONG DI PERBAIKI LAGI!!!!! DUIT GUA KEMBALIIN POKONYA,1,0,3.145.0,2025-10-23 13:00:37+00:00,,,3.145.0,Dataset/dataset\OVO_googleplay_OCTOBER_reviews.csv,topup
6368e615-cbce-4993-ac40-ccadc20e8e69,Pengguna Google,https://play-lh.googleusercontent.com/EGemoI2NTXmTsBVtJqk8jxF9rh8ApRWfsIMQSt2uE4OcpQqbFu7f7NbTK05lx80nuSijCz7sc3a277R67g,josjis gampang tf top up,5,0,,2025-11-17 16:27:37+00:00,"Hi Kak niyaaa_*. Terima kasih atas review positif yang Kakak bagikan. Kami ikut senang jika Kakak puas dengan aplikasi ShopeePay. Jangan lupa untuk rutin cek aplikasi ShopeePay untuk mendapatkan promo menarik. Jika Kakak mengalami kendala, hubungi kami di DM Instagram @ShopeePay_ID. ^CS",2025-11-17 17:30:25,,Dataset/dataset\SHOPEEPAY_googleplay_NOVEMBER_reviews.csv,topup
c19a1bfd-5515-42c8-b853-1db0e2397f22,Pengguna Google,https://play-lh.googleusercontent.com/EGemoI2NTXmTsBVtJqk8jxF9rh8ApRWfsIMQSt2uE4OcpQqbFu7f7NbTK05lx80nuSijCz7sc3a277R67g,"lambat dalam pelayanan top up,,padahal keterangan sudah berhasil",1,1,1.64.0,2025-11-24 15:20:37+00:00,"Hai Kak Made, mohon maaf atas ketidaknyamanannya. Jika masih mengalami keluhan, silakan laporkan melalui email ke customerservice@gopay.co.id dengan melampirkan kode psr-25-328-1042-31938 pada subject email dan cantumkan nomor laporan sebelumnya serta ceritakan kembali detail permasalahannya. Kami tunggu detail laporan kamu ya. ^Miko",2025-11-24 17:42:46,1.64.0,Dataset/dataset\GOPAY_googleplay_NOVEMBER_reviews.csv,topup
e53d5cbd-09b7-4cf1-a5e7-50c094163d2e,Pengguna Google,https://play-lh.googleusercontent.com/EGemoI2NTXmTsBVtJqk8jxF9rh8ApRWfsIMQSt2uE4OcpQqbFu7f7NbTK05lx80nuSijCz7sc3a277R67g,aplikasi nya bagus bisa buat top up dan nyimpen uang dan setiap hari bisa dapet koin gratis ini aplikasi nya aku pakek terus buat top up soal nya kalau top up di gopay bisa dapet harga murah dan Aman terpercaya,5,3,1.60.0,2025-10-10 11:27:45+00:00,,,1.60.0,Dataset/dataset\GOPAY_googleplay_OCTOBER_reviews.csv,topup
7d744932-91ff-4614-afb6-a9cbd720bed1,Pengguna Google,https://play-lh.googleusercontent.com/EGemoI2NTXmTsBVtJqk8jxF9rh8ApRWfsIMQSt2uE4OcpQqbFu7f7NbTK05lx80nuSijCz7sc3a277R67g,"ovo ini aplikasi yg paling sering gangguan. grab tolong ganti aja kerja sama dgn e-money yang lain. uang transfer dari pihak lain ndk masuk2, mau bayar qris malah gangguan terus",1,2,3.146.0,2025-11-07 06:55:31+00:00,,,3.146.0,Dataset/dataset\OVO_googleplay_NOVEMBER_reviews.csv,qris
4d4ed408-ac08-4b81-a384-b4342a7914a2,Pengguna Google,https://play-lh.googleusercontent.com/EGemoI2NTXmTsBVtJqk8jxF9rh8ApRWfsIMQSt2uE4OcpQqbFu7f7NbTK05lx80nuSijCz7sc3a277R67g,"Login haeus pake nomor hp, harusnya pake nik atau email biar lebih gampang . Susah kalau pake nomor hp soalnya kadang hangus no nya",1,0,2.6.0,2025-11-24 08:20:45+00:00,"Hai, Kakak. Maaf atas ketidaknyamanannya. Untuk login menggunakan nomor handphone yang terdaftar ya Kak. Jika nomor yang terdaftar tidak aktif, kakak dapat menghubungi layanan haloblu 1500668 agar dibantu lebih lanjut. Kakak dapat menghubungi layanan haloblu 1500668 pada aplikasi haloBCA yang dapat diunduh di Play Store/App Store dan bebas pulsa.",2025-11-24 09:06:19,2.6.0,Dataset/dataset\BLU_googleplay_NOVEMBER_reviews.csv,login
c7414a50-9704-4577-bfca-a29ccae3e687,Pengguna Google,https://play-lh.googleusercontent.com/EGemoI2NTXmTsBVtJqk8jxF9rh8ApRWfsIMQSt2uE4OcpQqbFu7f7NbTK05lx80nuSijCz7sc3a277R67g,"saldo gw nyangkut woi, balikin ga. niat tambahin 10 rb buat transfer fee transfer bi fast malah ga sampai rekening",1,0,8.76.0,2025-11-24 12:30:04+00:00,"Hai, Jagoan. Mohon maaf untuk kendala yang kamu alami. Terkait kendala tersebut, kamu bisa segera laporkan ke Tanya Jago di nomor 1500746/021-30000746 atau e-mail ke tanya@jago.com ya. Tidak perlu khawatir karena tim terkait kami akan segera membantu. Terima kasih.",2025-11-24 13:02:34,8.76.0,Dataset/dataset\JAGO_googleplay_NOVEMBER_reviews.csv,transfer
93bf9613-70f6-4cb4-9020-b92c7776423c,Pengguna Google,https://play-lh.googleusercontent.com/EGemoI2NTXmTsBVtJqk8jxF9rh8ApRWfsIMQSt2uE4OcpQqbFu7f7NbTK05lx80nuSijCz7sc3a277R67g,saya akan berhenti menggunakan shopeepay ribet mau mengajukan kredit susah amat padahal saya sering belanja besar. suka transfer besar. beli token listrik dan pulsa,1,4,1.44.05,2025-12-19 17:01:56+00:00,Hi Kak Agi. Mohon maaf atas kendala sulit mengajukan kredit. Untuk SPayLater dapat digunakan oleh pengguna yang memenuhi syarat & ketentuan layanan. Silakan pelajari lebih lanjut di https://help.shopee.co.id/article/72939. Informasi lebih lengkap mohon menghubungi kami melalui DM ke Instagram @ShopeePay_ID ya. ^EN,2025-12-22 11:24:25,1.44.05,Dataset/dataset\SHOPEEPAY_googleplay_DECEMBER_reviews.csv,transfer
48555c5a-bde6-4278-8fe4-26dbcce2d861,Pengguna Google,https://play-lh.googleusercontent.com/EGemoI2NTXmTsBVtJqk8jxF9rh8ApRWfsIMQSt2uE4OcpQqbFu7f7NbTK05lx80nuSijCz7sc3a277R67g,"uang tidak bisa ditarik atau di transfer dengan berbagai alasan,jangan pernah memulai dengan ovo.",1,0,3.144.0,2025-10-05 23:35:41+00:00,,,3.144.0,Dataset/dataset\OVO_googleplay_OCTOBER_reviews.csv,transfer
d4260344-8aa5-46da-ae49-a8e678aaf81b,Pengguna Google,https://play-lh.googleusercontent.com/EGemoI2NTXmTsBVtJqk8jxF9rh8ApRWfsIMQSt2uE4OcpQqbFu7f7NbTK05lx80nuSijCz7sc3a277R67g,"mau login ribet amat, email dan pw benar, disuruh verifikasi pake hp lain. padalah hp cuma satu yg pernah dipake. sampe disuruh videocall CS. RIBETTTTTTT",1,0,8.78.0,2025-12-06 19:33:45+00:00,"Halo, Jagoan! Mohon maaf atas kendala yang kamu alami ya. Saya mengerti situasi sulit ini mengganggu kamu. Mohon kesediaannya mengirimkan email ke tanya@jago.com dengan melampirkan bukti foto/tangkapan layar kendala kamu. Agar dapat segera kami bantu.",2025-12-06 20:02:45,8.78.0,Dataset/dataset\JAGO_googleplay_DECEMBER_reviews.csv,login
fc6b325e-824b-41ec-942a-15c0ad00e6e1,Pengguna Google,https://play-lh.googleusercontent.com/EGemoI2NTXmTsBVtJqk8jxF9rh8ApRWfsIMQSt2uE4OcpQqbFu7f7NbTK05lx80nuSijCz7sc3a277R67g,"maaf saya udah coba log in beberapa kali pasword salah terus gabisa masuk, udah beberapa kali saya ganti password ttp ga bisa . ini solusinya gmna? saran kalau dteksi wajah dan sidik jari terdeksi sbaiknya g perlu ketik lg pin atau pasword spaya g ribet. saya jd gbsa msuk ini. mau transfer",3,4,8.77.1,2025-11-14 10:32:16+00:00,"Halo, Jagoan! Mohon maaf atas kendala yang kamu alami ya. Saya mengerti situasi sulit ini mengganggu kamu. Mohon kesediaannya mengirimkan email ke tanya@jago.com dengan melampirkan bukti foto/tangkapan layar kendala kamu. Agar dapat segera kami bantu.",2025-11-14 11:20:40,8.77.1,Dataset/dataset\JAGO_googleplay_NOVEMBER_reviews.csv,transfer
b372d6db-dbb0-4032-b629-b971b971bda0,Pengguna Google,https://play-lh.googleusercontent.com/EGemoI2NTXmTsBVtJqk8jxF9rh8ApRWfsIMQSt2uE4OcpQqbFu7f7NbTK05lx80nuSijCz7sc3a277R67g,"saya bisa transfer bank menggunakan Gopay, apload KTP dan foto sdh 10 kali gagal",3,0,1.60.0,2025-10-24 13:26:51+00:00,"Hai Kak Bambang, mohon maaf atas ketidaknyamanannya. Sebelum kamu mencoba upgrade ke GoPay Plus, pastikan dokumen serta foto selfie yang kamu kirim sudah sesuai dengan ketentuan GoPay. Jika masih tidak bisa, silakan laporkan detailnya melalui email ke customerservice@gopay.co.id dan lampirkan kode psr-25-297-0648-26053 pada subject email ya. ^Maura",2025-10-24 13:48:34,1.60.0,Dataset/dataset\GOPAY_googleplay_OCTOBER_reviews.csv,transfer
6e557f89-6f79-4a71-9e4d-e4bae24b120d,Pengguna Google,https://play-lh.googleusercontent.com/EGemoI2NTXmTsBVtJqk8jxF9rh8ApRWfsIMQSt2uE4OcpQqbFu7f7NbTK05lx80nuSijCz7sc3a277R67g,parah topup isi saldo kena potongan isi emonay gagal saldo ga balik di lapor di persulit hadeeh kapok,1,0,3.145.0,2025-10-27 12:01:08+00:00,,,3.145.0,Dataset/dataset\OVO_googleplay_OCTOBER_reviews.csv,topup
2b742b26-54d2-4a9f-94a6-72dc92841375,Pengguna Google,https://play-lh.googleusercontent.com/EGemoI2NTXmTsBVtJqk8jxF9rh8ApRWfsIMQSt2uE4OcpQqbFu7f7NbTK05lx80nuSijCz7sc3a277R67g,"gara2 verifikasi wajah malah jdi gak bisa login. dipikir2 siapa seh yg bisa akses no hp kita selain kita sendiri, kasus hp hilangkan bisa cukup diproteksi dgn pasword. hadeuh",1,2,1.61.2,2025-11-07 05:47:39+00:00,"Hai Kak Arul, untuk login ke aplikasi GoPay, gunakan nomor HP yang terdaftar di akun Gojek-mu. Jika belum punya akun Gojek, kamu bisa daftar langsung di aplikasi GoPay, ya. Jika masih tidak bisa login, laporkan ke kami melalui email ke customerservice@gopay.co.id dan mencantumkan kode psr-25-311-0722-12518 pada subjek email.^Melisa",2025-11-07 14:22:21,1.61.2,Dataset/dataset\GOPAY_googleplay_NOVEMBER_reviews.csv,login
711f8c76-13b3-40fa-8e02-0841291259ac,Pengguna Google,https://play-lh.googleusercontent.com/EGemoI2NTXmTsBVtJqk8jxF9rh8ApRWfsIMQSt2uE4OcpQqbFu7f7NbTK05lx80nuSijCz7sc3a277R67g,"aplikasinya buat qris selalu lama, loading terus semoga segera diperbaiki",3,0,2.6.0,2025-12-27 19:10:27+00:00,"Hai, Kak Rintania. Maaf atas ketidaknyamanannya. Kami akan selalu terus memperbaiki sistem demi mencapai kepuasan para pengguna aplikasi blu. Terkait kendala tersebut pastikan Kakak menggunakan aplikasi blu versi terbaru, pastikan setting waktu di handphone menjadi otomatis, jaringan internet lancar dan stabil serta tidak menggunakan jaringan WiFi.",2025-12-27 20:37:24,2.6.0,Dataset/dataset\BLU_googleplay_DECEMBER_reviews.csv,qris
d79ada7d-0481-4a00-90e3-c1420dd83355,Pengguna Google,https://play-lh.googleusercontent.com/EGemoI2NTXmTsBVtJqk8jxF9rh8ApRWfsIMQSt2uE4OcpQqbFu7f7NbTK05lx80nuSijCz7sc3a277R67g,"tolong benerin bug yang top up saldo ga masuk itu sangat merugikan sekali min,laporin ke cs yang ada bikin tambah emosi ga membantu cs tolong lah min perbaiki itu bug top up saldo tapi ga masuk",1,0,1.60.0,2025-11-01 19:04:40+00:00,,,1.60.0,Dataset/dataset\GOPAY_googleplay_NOVEMBER_reviews.csv,topup
dcd467c1-595f-4951-af69-3b724e365f04,Pengguna Google,https://play-lh.googleusercontent.com/EGemoI2NTXmTsBVtJqk8jxF9rh8ApRWfsIMQSt2uE4OcpQqbFu7f7NbTK05lx80nuSijCz7sc3a277R67g,ngeri pakai OVO topup dr dana sudah sukses.. tpi di OVO saldo gak nambah..,1,0,3.147.0,2025-11-16 12:25:41+00:00,,,3.147.0,Dataset/dataset\OVO_googleplay_NOVEMBER_reviews.csv,topup
0c5d70d3-ab01-4f95-889c-220b66fb6da7,Pengguna Google,https://play-lh.googleusercontent.com/EGemoI2NTXmTsBVtJqk8jxF9rh8ApRWfsIMQSt2uE4OcpQqbFu7f7NbTK05lx80nuSijCz7sc3a277R67g,burik ajg gabisa d buka login gabisa masuk,1,0,3.148.0,2025-12-01 07:26:14+00:00,,,3.148.0,Dataset/dataset\OVO_googleplay_DECEMBER_reviews.csv,login
