reviewId,userName,userImage,content,score,thumbsUpCount,reviewCreatedVersion,at,replyContent,repliedAt,appVersion,source,keyword
4a874145-93d6-464d-beb7-2dfde2800d6e,Pengguna Google,https://play-lh.googleusercontent.com/EGemoI2NTXmTsBVtJqk8jxF9rh8ApRWfsIMQSt2uE4OcpQqbFu7f7NbTK05lx80nuSijCz7sc3a277R67g,tolong kasih cara nya. no yang terdaftar di akun ovo udah nga ke pakek lagi kartunya. terus wa nya masih no itu. lalu saya ganti hp . akun ovo nya udah di hp baru pas mau top up di minta verifikasi dulu. code verifikasi udh di kirim. tapi kenapa nga dikirim lewat email ataupun wa aja mohon bantuannya admi 🙏🙏 tolong balasannya admin,4,0,,2025-12-13 17:17:49+00:00,,,,Dataset/dataset\OVO_googleplay_DECEMBER_reviews.csv,topup
e1e9ff83-406a-4806-9c99-c8624f627102,Pengguna Google,https://play-lh.googleusercontent.com/EGemoI2NTXmTsBVtJqk8jxF9rh8ApRWfsIMQSt2uE4OcpQqbFu7f7NbTK05lx80nuSijCz7sc3a277R67g,setelah update tambah jelek aplikasinya gk bisa transfer gk bisa transaksi,1,0,8.76.0,2025-11-07 17:53:35+00:00,"Halo, Jagoan. Mohon maaf atas kendala yang terjadi ya. Kamu tidak perlu khawatir, kamu bisa menjelaskan detail kendala tersebut melalui email di tanya@jago.com atau call center 1500 746 untuk kami bantu tangani lebih lanjut. Terima kasih :)
",2025-11-07 18:01:15,8.76.0,Dataset/dataset\JAGO_googleplay_NOVEMBER_reviews.csv,transfer
17eb699b-d617-47e2-b8dc-f06154a4f9e4,Pengguna Google,https://play-lh.googleusercontent.com/EGemoI2NTXmTsBVtJqk8jxF9rh8ApRWfsIMQSt2uE4OcpQqbFu7f7NbTK05lx80nuSijCz7sc3a277R67g,"tolong tambahin di transfer E-wallet tambahin bisa tranfer ke Flip yaaa, biar makin lengkap.",5,0,,2025-10-18 19:19:59+00:00,"Hi Kak. Terima kasih telah menggunakan ShopeePay. Mari cek aplikasi ShopeePay karena banyak fitur yang mempermudah keseharian kakak seperti pembelian pulsa, paket data, pembayaran tagihan listrik dan pembayaran lainnya. Jika kakak memiliki pertanyaan seputar ShopeePay, mohon DM kami di Instagram @ShopeePay_ID ya. Semoga harimu menyenangkan ^RJ",2025-10-20 09:29:17,,Dataset/dataset\SHOPEEPAY_googleplay_OCTOBER_reviews.csv,transfer
626e1f4d-90e6-4e0f-b0a7-6ea89ddfb345,Pengguna Google,https://play-lh.googleusercontent.com/EGemoI2NTXmTsBVtJqk8jxF9rh8ApRWfsIMQSt2uE4OcpQqbFu7f7NbTK05lx80nuSijCz7sc3a277R67g,"mengapa pas saya login langsung terkeluar dri aplikasi,apakah masih ada perbaikan atau bagimna tolong jelaskan?!",3,0,,2025-12-04 08:05:49+00:00,"Halo Sahabat @Bunga F, mohon maaf atas ketidaknyamanannya. Terkait kendala Sahabat mohon untuk dapat mengirimkan email ke mandiricare@bankmandiri.co.id atau dapat menghubungi Mandiri Call 14000 lalu tekan 2 agar dapat dilakukan pengecekan. Tks~Momo",2025-12-04 08:16:11,,Dataset/dataset\LIVIN_googleplay_DECEMBER_reviews.csv,login
bbee6abb-1f6d-4cbc-b34a-219df9444db1,Pengguna Google,https://play-lh.googleusercontent.com/EGemoI2NTXmTsBVtJqk8jxF9rh8ApRWfsIMQSt2uE4OcpQqbFu7f7NbTK05lx80nuSijCz7sc3a277R67g,susah bener buat di pake top up ke dana. nomer tidak ditemukan mulu. padahal biasanya nomernya juga itu2 doang,5,0,3.2.0,2025-12-23 23:42:07+00:00,"Halo Sahabat @Asepbagdad, mohon maaf atas ketidaknyamannya. Perihal kendala pada layanan Livin' by Mandiri, mohon untuk dapat mengirimkan email ke mandiricare@bankmandiri.co.id atau dapat menghubungi layanan mandiri 14000 agar dapat dilakukan pengecekan. Tks~Kale",2025-12-23 23:47:10,3.2.0,Dataset/dataset\LIVIN_googleplay_DECEMBER_reviews.csv,topup
d0f02e9e-be34-40c6-9b9e-9c6cfd91c168,Pengguna Google,https://play-lh.googleusercontent.com/EGemoI2NTXmTsBVtJqk8jxF9rh8ApRWfsIMQSt2uE4OcpQqbFu7f7NbTK05lx80nuSijCz7sc3a277R67g,saldo saya kapan pulang nya transfer udah gagal kok saldo gak pulang. saya juga butuh uang nya kalian malah respon nya lama sama pelanggan apk lain gak sesulit itu mulangin saldo paling 30 menit ini udah 2 hari.,1,8,3.144.0,2025-10-01 00:54:04+00:00,,,3.144.0,Dataset/dataset\OVO_googleplay_OCTOBER_reviews.csv,transfer
80b4fbb8-8b6c-4572-bf1f-c3336e7864d7,Pengguna Google,https://play-lh.googleusercontent.com/EGemoI2NTXmTsBVtJqk8jxF9rh8ApRWfsIMQSt2uE4OcpQqbFu7f7NbTK05lx80nuSijCz7sc3a277R67g,"app GJ,sekalianya di top up langsung error",1,0,3.150.0,2025-12-29 16:37:09+00:00,,,3.150.0,Dataset/dataset\OVO_googleplay_DECEMBER_reviews.csv,topup
36d2cc33-3944-4160-be7d-b8fdeda90349,Pengguna Google,https://play-lh.googleusercontent.com/EGemoI2NTXmTsBVtJqk8jxF9rh8ApRWfsIMQSt2uE4OcpQqbFu7f7NbTK05lx80nuSijCz7sc3a277R67g,bagi gw apk ini bagus bet jir bisa topup terus yg penting itu selalu murahhhhh,5,0,1.60.0,2025-10-24 20:12:38+00:00,,,1.60.0,Dataset/dataset\GOPAY_googleplay_OCTOBER_reviews.csv,topup
05c6fb3d-26ca-483e-af82-e530c9153c86,Pengguna Google,https://play-lh.googleusercontent.com/EGemoI2NTXmTsBVtJqk8jxF9rh8ApRWfsIMQSt2uE4OcpQqbFu7f7NbTK05lx80nuSijCz7sc3a277R67g,"akun sudah terverifiasi, awal melakukan transaksi. pas login kembali tidak bisa. aplikasi blu bca tidak praktis. terlalu ribeeeeeettttt",1,3,2.5.0,2025-11-13 14:32:01+00:00,"Hai, Kak Toni. Maaf atas ketidaknyamanannya. Kami akan selalu berusaha memberikan yang terbaik demi memenuhi kebutuhan perbankan Kakak. Terkait kendala tersebut boleh infokan detail kendala serta kirimkan gambar kendalanya ke X @haloblu atau email haloblu@bcadigital.co.id agar kami bisa bantu lebih lanjut ya.",2025-11-13 14:43:35,2.5.0,Dataset/dataset\BLU_googleplay_NOVEMBER_reviews.csv,login
3fa34a36-cc3b-428a-8819-5e95e3feb0a8,Pengguna Google,https://play-lh.googleusercontent.com/EGemoI2NTXmTsBVtJqk8jxF9rh8ApRWfsIMQSt2uE4OcpQqbFu7f7NbTK05lx80nuSijCz7sc3a277R67g,pokonya suka bangt sma aplikasi gopay transfer ke bank apa aja bisa gk ribet,5,0,1.60.0,2025-11-03 19:15:13+00:00,,,1.60.0,Dataset/dataset\GOPAY_googleplay_NOVEMBER_reviews.csv,transfer
165690c4-bce7-4df0-8c15-052374e06c02,Pengguna Google,https://play-lh.googleusercontent.com/EGemoI2NTXmTsBVtJqk8jxF9rh8ApRWfsIMQSt2uE4OcpQqbFu7f7NbTK05lx80nuSijCz7sc3a277R67g,tolong tambahin fitur transfer otomatis dong biar gak pake transfer manual mulu,4,3,1.62.0,2025-11-14 21:31:53+00:00,,,1.62.0,Dataset/dataset\GOPAY_googleplay_NOVEMBER_reviews.csv,transfer
e1fd98c6-ac63-4ee3-b11d-a94d8541ec8b,Pengguna Google,https://play-lh.googleusercontent.com/EGemoI2NTXmTsBVtJqk8jxF9rh8ApRWfsIMQSt2uE4OcpQqbFu7f7NbTK05lx80nuSijCz7sc3a277R67g,"gw user baru, sprt biasa bikin akun trus mau upgrade ke ovo premier, foto ktp udh, pas verif selfie selalu "" maaf ada yg salah, coba lg nanti "" gak bisa Mulu trus buat apa gw install OVO klo tf hrus premier sedangkan gw ketika mau upgrade eror mulu?? APK SAMPAH, PENGALAMAN PERTAMA YG BURUK. NAJIS GW UNINSTALL LG, COBA DOMPET DIGITAL YG LAIN AJA DEH CUIH... OPTIMALISASI NYA JELEK BET NI APK, KIRAIN KEK BRIMO ATAU LAIN NYA YG JARANG ERROR. NYOBAIN KEK GOPAY ATAU DANA AJA DEH... OVO GK BANGET",1,0,3.144.0,2025-10-04 08:07:34+00:00,,,3.144.0,Dataset/dataset\OVO_googleplay_OCTOBER_reviews.csv,transfer
ff26bd1c-8751-408b-9465-f33560a4aea1,Pengguna Google,https://play-lh.googleusercontent.com/EGemoI2NTXmTsBVtJqk8jxF9rh8ApRWfsIMQSt2uE4OcpQqbFu7f7NbTK05lx80nuSijCz7sc3a277R67g,Padahal cuma transfer Dari jam 00.31 Wita Sampai sekarang 12.46 WITA status masih progres. payah kalian semua pelanggan cuma kalian suruh menunggu tidak tau waktu .,1,0,1.29.05,2025-10-12 11:47:37+00:00,"Hi Kak Lenyes. Mohon maaf atas kendala transfer ShopeePay yang belum diterima. Terkait kendala tersebut mohon menghubungi kami melalui DM ke Instagram @ShopeePay_ID yang bercentang biru, dengan menginformasikan detail dan bukti kendala untuk bantuan lebih lanjut. Semoga kendala kakak segera terselesaikan ya. ^CS",2025-10-13 11:30:15,1.29.05,Dataset/dataset\SHOPEEPAY_googleplay_OCTOBER_reviews.csv,transfer
37fca79f-6a5c-4b3c-9735-433e18fec1d7,Pengguna Google,https://play-lh.googleusercontent.com/EGemoI2NTXmTsBVtJqk8jxF9rh8ApRWfsIMQSt2uE4OcpQqbFu7f7NbTK05lx80nuSijCz7sc3a277R67g,kenapa ga muncul menu transfer?,1,0,3.149.0,2025-12-15 07:07:42+00:00,,,3.149.0,Dataset/dataset\OVO_googleplay_DECEMBER_reviews.csv,transfer
a076ee71-3bc0-47ff-b766-480217ef0aa1,Pengguna Google,https://play-lh.googleusercontent.com/EGemoI2NTXmTsBVtJqk8jxF9rh8ApRWfsIMQSt2uE4OcpQqbFu7f7NbTK05lx80nuSijCz7sc3a277R67g,"apk oon, top up emoney dritd pagi sampe skrg saldonya gamasuk². padahal top up berhasil, tapi saldonya sampai sekarang gamasuk. uang yang kalian kira kecil itu gede bagi saya, tau ga? uang trsbt yg nentuin sy makan apa gak besok. klo emg gkbs, balikkin uang saya. jangan sok² memproses gitu dong, responya juga ga jelas. ga lama lagi sih ini sebelum orang² gaminat lagi sama apk ini kalau kalian begini terus",1,1,1.61.2,2025-11-04 16:44:00+00:00,"Hai Kak Kheysha, mohon maaf atas ketidaknyamanannya. Jika masih mengalami keluhan, silakan laporkan melalui email ke customerservice@gopay.co.id dengan melampirkan kode psr-25-308-1032-01133 pada subject email dan cantumkan nomor laporan sebelumnya serta ceritakan kembali detail permasalahannya. Kami tunggu detail laporan kamu ya. ^Miko",2025-11-04 17:33:23,1.61.2,Dataset/dataset\GOPAY_googleplay_NOVEMBER_reviews.csv,topup
01ea6396-46f3-4929-8f67-0daa8d72d676,Pengguna Google,https://play-lh.googleusercontent.com/EGemoI2NTXmTsBVtJqk8jxF9rh8ApRWfsIMQSt2uE4OcpQqbFu7f7NbTK05lx80nuSijCz7sc3a277R67g,"pemakaian sebulan, jujur untuk transfer beda bank ok bgt karena free admin, overall enaak tp cuma satu yang masih minus yaitu ketika mau log in sering bgt lag nya entah karena jaringan atau apknya. tolong lebih baik lagi bank jago.",5,14,8.77.3,2025-11-20 18:17:22+00:00,,,8.77.3,Dataset/dataset\JAGO_googleplay_NOVEMBER_reviews.csv,transfer
e33754a2-92de-4625-afb3-647960e2b342,Pengguna Google,https://play-lh.googleusercontent.com/EGemoI2NTXmTsBVtJqk8jxF9rh8ApRWfsIMQSt2uE4OcpQqbFu7f7NbTK05lx80nuSijCz7sc3a277R67g,ada cara lain kah utk login. sy gagal di verifikasi wajah. karna sy pakai data istri sy,4,0,1.59.0,2025-10-07 22:05:44+00:00,,,1.59.0,Dataset/dataset\GOPAY_googleplay_OCTOBER_reviews.csv,login
f6108cb5-117b-41c5-9a73-aa8bfa07c2b3,Pengguna Google,https://play-lh.googleusercontent.com/EGemoI2NTXmTsBVtJqk8jxF9rh8ApRWfsIMQSt2uE4OcpQqbFu7f7NbTK05lx80nuSijCz7sc3a277R67g,"diperbaiki lagi dong masa verifikasi sampe sekarang belum bisa, pdahal data sesuai dengan KTP masih gagal, terus coba pake qris juga gagal terus apk gajelas",1,0,,2025-12-07 10:44:07+00:00,,,,Dataset/dataset\OVO_googleplay_DECEMBER_reviews.csv,qris
9fd480bb-b5c1-4224-bd42-5ba0d2f12f4f,Pengguna Google,https://play-lh.googleusercontent.com/EGemoI2NTXmTsBVtJqk8jxF9rh8ApRWfsIMQSt2uE4OcpQqbFu7f7NbTK05lx80nuSijCz7sc3a277R67g,susah verifikasi wajah kurang cepat responnya sama dgn ngobrol sama boneka perbaiki masalah verifikasi wajah kecewa berat,1,1,2.6.0,2025-11-21 10:00:58+00:00,"Hai, Kak Radja. Maaf atas ketidaknyamanannya. Kami akan selalu berusaha memberikan yang terbaik demi kebutuhan perbankan Kakak. Terkait hal tersebut pastikan beberapa hal berikut, pastikan Kakak tidak memakai sunglasses, di tempat yang terang, tidak backlight, posisi wajah di dalam lingkaran dan pastikan aplikasi blu versi terbaru ya.",2025-11-21 10:36:27,2.6.0,Dataset/dataset\BLU_googleplay_NOVEMBER_reviews.csv,vermuk
951e4635-d77c-4a9b-88ee-75c56897b089,Pengguna Google,https://play-lh.googleusercontent.com/EGemoI2NTXmTsBVtJqk8jxF9rh8ApRWfsIMQSt2uE4OcpQqbFu7f7NbTK05lx80nuSijCz7sc3a277R67g,"tolong di benerin dong di bagian verifikasi muka, udh 4 hari ga bisa bisa woiiii",1,0,3.1.0,2025-11-06 15:54:42+00:00,"Halo Sahabat @Andika Rangga Pangestu05, mohon maaf atas ketidaknyamanannya. Terimakasih atas saran dan masukan yang diberikan, perihal tsb akan menjadi masukan bagi kami untuk pengembangan aplikasi kedepannya dan meningkatkan kualitas layanan Livin' by Mandiri. Tks~Momo",2025-11-06 15:57:09,3.1.0,Dataset/dataset\LIVIN_googleplay_NOVEMBER_reviews.csv,vermuk
ee0b93ff-8360-4ca1-9128-80edabd569b5,Pengguna Google,https://play-lh.googleusercontent.com/EGemoI2NTXmTsBVtJqk8jxF9rh8ApRWfsIMQSt2uE4OcpQqbFu7f7NbTK05lx80nuSijCz7sc3a277R67g,"penipuan, gw udh minta TF ke temen 16k buat top up 59dm katanya bakal ada full cashback bakal di kembaliin 100% nyatanya bohong penipuan",1,0,1.62.0,2025-11-14 18:33:29+00:00,"Hai Kak @Kolot, mohon maaf atas ketidaknyamanannya. Mengenai promo mengikuti syarat dan ketentuan yang berlaku. Apabila cashback belum masuk, mohon menunggu 1x24 jam terlebih dahulu. Selengkapnya dapat cek pada menu Bantuan di aplikasi GoPay > ketik ""Cashback saya belum masuk"" di kolom pencarian. ^Maura",2025-11-14 19:03:48,1.62.0,Dataset/dataset\GOPAY_googleplay_NOVEMBER_reviews.csv,topup
d63f3812-32e0-4c9a-a704-e1f7eaf537eb,Pengguna Google,https://play-lh.googleusercontent.com/EGemoI2NTXmTsBVtJqk8jxF9rh8ApRWfsIMQSt2uE4OcpQqbFu7f7NbTK05lx80nuSijCz7sc3a277R67g,tiap mau bayar qris sering loading lama gk enak sama yg antri dibelakang padahal buka yg lain lancar aja. aplikasi sampah..,1,4,3.2.0,2025-11-18 11:30:46+00:00,"Halo Sahabat @Toto, mohon maaf atas ketidaknyamanannya. Untuk perihal kendala pada layanan Livin' by Mandiri, mohon untuk dapat mengirimkan email ke mandiricare@bankmandiri.co.id atau dapat menghubungi layanan mandiri 14000 agar dapat dilakukan pengecekan. Tks~Nilam",2025-11-18 11:40:33,3.2.0,Dataset/dataset\LIVIN_googleplay_NOVEMBER_reviews.csv,qris
89090aa8-bb45-4f29-b026-c0cdeb9cec0d,Pengguna Google,https://play-lh.googleusercontent.com/EGemoI2NTXmTsBVtJqk8jxF9rh8ApRWfsIMQSt2uE4OcpQqbFu7f7NbTK05lx80nuSijCz7sc3a277R67g,ssya selalu gagal setiap kali verifikasi wajah,5,0,3.2.0,2025-12-05 19:12:12+00:00,"Hi Sahabat @Akk Nazk, mohon maaf ketidaknyamanannya. Sahabat dpt mencoba kembali dgn memastikan pencahayaan baik dan wajah tdk terlalu dekat dgn kamera. Apabila masih kendala, dpt mengirimkan email ke mandiricare@bankmandiri.co.id atau menghubungi mandiri call 14000. Tks~Amar",2025-12-05 19:14:14,3.2.0,Dataset/dataset\LIVIN_googleplay_DECEMBER_reviews.csv,vermuk
4ea28d83-6e51-4bc7-9a91-826ceeea47d2,Pengguna Google,https://play-lh.googleusercontent.com/EGemoI2NTXmTsBVtJqk8jxF9rh8ApRWfsIMQSt2uE4OcpQqbFu7f7NbTK05lx80nuSijCz7sc3a277R67g,sangat jelek sangat tidak berguna semua yang ada di dalam apk ini gak ada bagus bagus nya transfer mahal pokok nya ini apk yang paling tidak berguna di antara ewalet yang ada bagi yang pintar jangan pakai apk ga guna ini masih banyak apk yg bagus seperti dana gopay dll asal ga ini nyesel banget pakai apk ini,1,3,3.146.0,2025-11-08 02:12:55+00:00,,,3.146.0,Dataset/dataset\OVO_googleplay_NOVEMBER_reviews.csv,transfer
d260608d-6c85-4371-b7b5-31bb8cc17521,Pengguna Google,https://play-lh.googleusercontent.com/EGemoI2NTXmTsBVtJqk8jxF9rh8ApRWfsIMQSt2uE4OcpQqbFu7f7NbTK05lx80nuSijCz7sc3a277R67g,"kenapa buat topup di beberapa tempat tidak bisa diproses, kenapa dibatasi gak wort it banget",2,0,3.1.0,2025-11-04 19:42:57+00:00,"Halo Sahabat @Nara Suben, mohon maaf atas ketidaknyamanannya. Apabila terdapat kendala agar dapat kami tindaklanjuti, Sahabat dapat mengirimkan email ke mandiricare@bankmandiri.co.id atau menghubungi layanan mandiri call 14000 ya. Tks~Alza",2025-11-04 19:49:18,3.1.0,Dataset/dataset\LIVIN_googleplay_NOVEMBER_reviews.csv,topup
d576a974-c1e3-4655-9d5a-fb412223edba,Pengguna Google,https://play-lh.googleusercontent.com/EGemoI2NTXmTsBVtJqk8jxF9rh8ApRWfsIMQSt2uE4OcpQqbFu7f7NbTK05lx80nuSijCz7sc3a277R67g,"aplikasi gak jelas pas mau topup game keluar terus tulisan ""ada aktifitas tidak wajar""",1,1,1.59.0,2025-10-09 17:19:33+00:00,"Hai, Kak Habibi, mohon maaf atas kendalanya. Agar bisa bertransaksi dengan GoPay, pastikan saldo GoPay kamu cukup dan sudah memasukkan PIN GoPay yang benar. Jika masih berkendala, laporkan dengan login ke aplikasi Gojek > ke Halaman Bantuan > cari artikel ""Saya tidak dapat menggunakan GoPay"" di kolom bantuan > isi form di artikel. ^Maura",2025-10-10 06:33:17,1.59.0,Dataset/dataset\GOPAY_googleplay_OCTOBER_reviews.csv,topup
39b1f03f-2190-4b24-9c2d-c0c7150a7450,Pengguna Google,https://play-lh.googleusercontent.com/EGemoI2NTXmTsBVtJqk8jxF9rh8ApRWfsIMQSt2uE4OcpQqbFu7f7NbTK05lx80nuSijCz7sc3a277R67g,sangat membantu transfer uang,5,0,1.42.03,2025-11-05 22:42:59+00:00,"Hi Kak. Terima kasih telah menggunakan ShopeePay. Mari cek aplikasi ShopeePay karena banyak fitur yang mempermudah keseharian kakak seperti pembelian pulsa, paket data, pembayaran tagihan listrik dan pembayaran lainnya. Jika kakak memiliki pertanyaan seputar ShopeePay, mohon DM kami di Instagram @ShopeePay_ID ya. Semoga harimu menyenangkan ^RJ",2025-11-06 09:24:54,1.42.03,Dataset/dataset\SHOPEEPAY_googleplay_NOVEMBER_reviews.csv,transfer
3f8d0b14-e646-4da0-87e2-9a0366b251bb,Pengguna Google,https://play-lh.googleusercontent.com/EGemoI2NTXmTsBVtJqk8jxF9rh8ApRWfsIMQSt2uE4OcpQqbFu7f7NbTK05lx80nuSijCz7sc3a277R67g,hati hati TRX pake shopeepay uang sya nyantol transfer dana gak masuk masuk,1,0,1.42.03,2025-11-05 04:53:50+00:00,"Hi Kak Fathur. Mohon maaf atas kendala transfer dana ShopeePay yang belum diterima. Kami siap membantu kakak, terkait kendala tersebut mohon menghubungi kami melalui DM ke Instagram @ShopeePay_ID yang bercentang biru, dengan melampirkan bukti transfer yang terkendala untuk bantuan lebih lanjut. Semoga kendala kakak segera terselesaikan ya. ^CS",2025-11-05 13:36:45,1.42.03,Dataset/dataset\SHOPEEPAY_googleplay_NOVEMBER_reviews.csv,transfer
cbad52f1-c33b-45e9-a7e1-49c35cbc8b9a,Pengguna Google,https://play-lh.googleusercontent.com/EGemoI2NTXmTsBVtJqk8jxF9rh8ApRWfsIMQSt2uE4OcpQqbFu7f7NbTK05lx80nuSijCz7sc3a277R67g,masak suruh top up roblok gift card gak bisa diredeem,1,0,1.61.2,2025-11-04 09:00:19+00:00,"Hai Kak @angel gamming01, mohon maaf atas ketidaknyamanannya. Terkait keluhan tersebut, silakan laporkan melalui email ke customerservice@gopay.co.id dengan melampirkan kode psr-25-308-0207-08268 pada subject email. Kami tunggu detail laporan kamu ya. ^Maura",2025-11-04 09:07:17,1.61.2,Dataset/dataset\GOPAY_googleplay_NOVEMBER_reviews.csv,topup
632eb786-e64c-4414-af17-85782e15dc44,Pengguna Google,https://play-lh.googleusercontent.com/EGemoI2NTXmTsBVtJqk8jxF9rh8ApRWfsIMQSt2uE4OcpQqbFu7f7NbTK05lx80nuSijCz7sc3a277R67g,"Mahal, TF pake ADM 😁",1,0,3.47.0,2025-11-10 08:59:49+00:00,,,3.47.0,Dataset/dataset\OVO_googleplay_NOVEMBER_reviews.csv,transfer
08ef5d83-ec0d-4845-8c7a-cab029f7eefc,Pengguna Google,https://play-lh.googleusercontent.com/EGemoI2NTXmTsBVtJqk8jxF9rh8ApRWfsIMQSt2uE4OcpQqbFu7f7NbTK05lx80nuSijCz7sc3a277R67g,kok g bisa buat tf d Cris kenapa,4,0,1.60.0,2025-10-25 19:19:14+00:00,,,1.60.0,Dataset/dataset\GOPAY_googleplay_OCTOBER_reviews.csv,transfer
9ca76078-7e67-4b6d-84a2-95986e80edc7,Pengguna Google,https://play-lh.googleusercontent.com/EGemoI2NTXmTsBVtJqk8jxF9rh8ApRWfsIMQSt2uE4OcpQqbFu7f7NbTK05lx80nuSijCz7sc3a277R67g,"halo pihak gopay saya ingin menanyakan sesuatu untuk mendapatkan voucher game yaitu weakly diamond point itu seperti apa ya untuk beberapa iklan yang saya lihat itu untuk mendapatkannya cukup topup pertama kali di gopay game. nah untuk pertama kali saya beli dengan biasa tapi tidak dapat vouchernya lalu saya kira karna belum gopay plus, langsung saya gopay plus kan lalu beli tetapi saya tidak dapat vouchernya apakah hanya saya yg tidak dapat ya",3,0,1.62.0,2025-11-19 12:58:48+00:00,"Hai Kak Bagus, mohon maaf atas ketidaknyamanannya. Terkait hal tersebut, silakan laporkan melalui email ke customerservice@gopay.co.id dengan melampirkan kode psr-25-323-0828-15621 pada subject email dan ceritakan kembali detail permasalahannya agar tim kami bisa bantu cek lebih lanjut ya. ^Miko",2025-11-19 15:28:28,1.62.0,Dataset/dataset\GOPAY_googleplay_NOVEMBER_reviews.csv,topup
71ec7b19-d386-4919-9da7-c6641481ce74,Pengguna Google,https://play-lh.googleusercontent.com/EGemoI2NTXmTsBVtJqk8jxF9rh8ApRWfsIMQSt2uE4OcpQqbFu7f7NbTK05lx80nuSijCz7sc3a277R67g,"uang saya ga kembali sudah 2x yg pertama topup saldo maxim di Upulsaweb 20.508 tidak kembali ,nah sekarang pembayaran akulaku melalui shopeepay sebesar 50.000 tidak kembali juga disini saya merasa di rugikan oleh pihak shopeepay",1,1,1.39.07,2025-10-01 12:27:03+00:00,"Hi Kak Youngho. Mohon maaf atas kendala saldo terpotong dan belum menerima pengembalian dana. Silakan menghubungi kami melalui DM ke Instagram @ShopeePay_ID dengan melampirkan bukti pembayaran yang tertera nomor transaksi, nominal, tanggal dan waktu transaksi berhasil. ^EN",2025-10-01 13:48:19,1.39.07,Dataset/dataset\SHOPEEPAY_googleplay_OCTOBER_reviews.csv,topup
246e4216-a630-4dad-8480-705da6b2238e,Pengguna Google,https://play-lh.googleusercontent.com/EGemoI2NTXmTsBVtJqk8jxF9rh8ApRWfsIMQSt2uE4OcpQqbFu7f7NbTK05lx80nuSijCz7sc3a277R67g,ko gk bsa login. mesti update google play service pdahal udh bbrapa kli update ttp aja gk bsa login,1,0,3.149.0,2025-12-11 15:56:41+00:00,,,3.149.0,Dataset/dataset\OVO_googleplay_DECEMBER_reviews.csv,login
5c2c0fe4-399c-48a8-b8b8-edbeba215855,Pengguna Google,https://play-lh.googleusercontent.com/EGemoI2NTXmTsBVtJqk8jxF9rh8ApRWfsIMQSt2uE4OcpQqbFu7f7NbTK05lx80nuSijCz7sc3a277R67g,Baanyaak potongan admin. Maau top up atau transfer paasti ada potongan. Gak kaya DANA Free. rampok,1,0,3.144.0,2025-10-18 18:58:30+00:00,,,3.144.0,Dataset/dataset\OVO_googleplay_OCTOBER_reviews.csv,topup
db4e5cda-e851-4c21-9141-bc4a31139921,Pengguna Google,https://play-lh.googleusercontent.com/EGemoI2NTXmTsBVtJqk8jxF9rh8ApRWfsIMQSt2uE4OcpQqbFu7f7NbTK05lx80nuSijCz7sc3a277R67g,sering error kadang Gabisa login ke dalam aplikasi,2,0,3.2.0,2025-12-03 15:05:48+00:00,"Halo Sahabat @Abd Salehyusuf, mohon maaf atas ketidaknyamanannya. Terkait kendala Sahabat mohon untuk dapat mengirimkan email ke mandiricare@bankmandiri.co.id atau menghubungi Mandiri Call 14000 lalu tekan 2 agar dapat dilakukan pengecekan. Tks~Vika",2025-12-03 15:07:37,3.2.0,Dataset/dataset\LIVIN_googleplay_DECEMBER_reviews.csv,login
083aa7c0-d15c-4f8a-b9ee-15e14ce221b4,Pengguna Google,https://play-lh.googleusercontent.com/EGemoI2NTXmTsBVtJqk8jxF9rh8ApRWfsIMQSt2uE4OcpQqbFu7f7NbTK05lx80nuSijCz7sc3a277R67g,Akhir akhir ini ovo kok aneh ya masak saya mau transfer saldo ke bank 2 hari baru terkirim .ngk ngerti lagi mah kalau lama lama kek gini jadi ngk suka,3,0,3.144.0,2025-10-05 10:47:43+00:00,,,3.144.0,Dataset/dataset\OVO_googleplay_OCTOBER_reviews.csv,transfer
4492b56c-9a03-418f-869e-7b43de37cd13,Pengguna Google,https://play-lh.googleusercontent.com/EGemoI2NTXmTsBVtJqk8jxF9rh8ApRWfsIMQSt2uE4OcpQqbFu7f7NbTK05lx80nuSijCz7sc3a277R67g,bagus sih cmn ada yg kurang mengenakkan dimna saya mau top up ke akun dana saya sendiri malah GK bisa alesan ny nomer ini tidak ditemukan padahal nomer yg hp yg di livin sama kaya di dana,4,0,3.2.0,2025-12-21 23:26:01+00:00,"Halo Sahabat @Albim Jihambani, mohon maaf atas ketidaknyamanannya. Terkait kendala Sahabat mohon untuk dapat mengirimkan email ke mandiricare@bankmandiri.co.id atau dapat menghubungi mandiri call 14000 agar dapat dilakukan pengecekan. Tks~Mandala",2025-12-21 23:28:20,3.2.0,Dataset/dataset\LIVIN_googleplay_DECEMBER_reviews.csv,topup
68f505e5-3c27-4f84-a519-d17fe838a931,Pengguna Google,https://play-lh.googleusercontent.com/EGemoI2NTXmTsBVtJqk8jxF9rh8ApRWfsIMQSt2uE4OcpQqbFu7f7NbTK05lx80nuSijCz7sc3a277R67g,tolong pihak ovo terkait saya top up tgl 02/11/2025 sampai sekarang tgl 04/11/2025 belum masuk -masuk mohon di proses.. hampir 1 jta lebih hadehhhhh,1,0,3.146.0,2025-11-04 09:07:21+00:00,,,3.146.0,Dataset/dataset\OVO_googleplay_NOVEMBER_reviews.csv,topup
babcccfb-8fbe-42d2-80df-9d31215d10dc,Pengguna Google,https://play-lh.googleusercontent.com/EGemoI2NTXmTsBVtJqk8jxF9rh8ApRWfsIMQSt2uE4OcpQqbFu7f7NbTK05lx80nuSijCz7sc3a277R67g,"ini gimanasi akun saya terkunci karna beberapa kali gabisa transfer saya coba berkali² sampai akun saya terkunci, saldo saya masih ada DIREKENING jago nya, saya mau saldo itu balik karna saldo gopay pinjam semalam mau langsung dicairin malah dipersulit, BALIKIN SEKARANG AKUN JAGO SAYA ATAU BALIKIN SALDO GOPAY PINJAM NYA AGAR SAYA MENGAJUKAN KEMBALI MEMAKAI BANK LAIN!!!",1,1,8.74.0,2025-10-15 12:22:10+00:00,"Halo, Jagoan. Mohon maaf atas kendala yang terjadi ya. Kamu tidak perlu khawatir, kamu bisa menjelaskan detail kendala tersebut melalui email di tanya@jago.com atau call center 1500 746 untuk kami bantu tangani lebih lanjut. Terima kasih :)",2025-10-15 15:15:53,8.74.0,Dataset/dataset\JAGO_googleplay_OCTOBER_reviews.csv,transfer
7f56a7fa-77c9-4b31-9d29-d33ea04dd624,Pengguna Google,https://play-lh.googleusercontent.com/EGemoI2NTXmTsBVtJqk8jxF9rh8ApRWfsIMQSt2uE4OcpQqbFu7f7NbTK05lx80nuSijCz7sc3a277R67g,Hallo livin ini saya mau transfer tidak bisa kenapa sihh udah 3 hari apa karna ada gangguan atau apa ini saya mau transfer tidak bisa tolong dong ini aplikasih gimana jelek amat sihh masa klo gangguan lama amat ampe berhari hari tolong tolong min,2,0,3.2.0,2025-12-13 14:51:46+00:00,"Hai Sahabat @Iqbal mhmd, mohon maaf atas ketidaknyamanannya. Terkait kendala Sahabat mohon untuk dapat mengirimkan email ke mandiricare@bankmandiri.co.id atau menghubungi Mandiri Call 14000 lalu tekan 2 agar dapat dilakukan pengecekan. Tks~Divia",2025-12-13 14:54:38,3.2.0,Dataset/dataset\LIVIN_googleplay_DECEMBER_reviews.csv,transfer
0478861e-8d0b-4ed1-b566-8a5b942f8233,Pengguna Google,https://play-lh.googleusercontent.com/EGemoI2NTXmTsBVtJqk8jxF9rh8ApRWfsIMQSt2uE4OcpQqbFu7f7NbTK05lx80nuSijCz7sc3a277R67g,"parah saya login ulang gmail sy lupa ga masuk nomer hp sama ga bisa masuk jga parah ini lama"""" ovo",1,0,3.147.0,2025-11-13 09:07:42+00:00,,,3.147.0,Dataset/dataset\OVO_googleplay_NOVEMBER_reviews.csv,login
4d4b9f60-64b7-4a91-ab44-69e02b056d7a,Pengguna Google,https://play-lh.googleusercontent.com/EGemoI2NTXmTsBVtJqk8jxF9rh8ApRWfsIMQSt2uE4OcpQqbFu7f7NbTK05lx80nuSijCz7sc3a277R67g,setelah update ini td menu tampilan saldo dan topup hilang..,3,1,3.149.0,2025-12-14 19:14:00+00:00,,,3.149.0,Dataset/dataset\OVO_googleplay_DECEMBER_reviews.csv,topup
ef9d91f7-57d7-4453-a241-f86b55e5497c,Pengguna Google,https://play-lh.googleusercontent.com/EGemoI2NTXmTsBVtJqk8jxF9rh8ApRWfsIMQSt2uE4OcpQqbFu7f7NbTK05lx80nuSijCz7sc3a277R67g,kok gk bisa login sih,1,0,3.1.0,2025-11-10 16:04:50+00:00,"Halo Sahabat @Raden Wny, mohon maaf atas ketidaknyamanannya. Apabila terdapat kendala agar dapat kami tindaklanjuti, Sahabat dapat mengirimkan email ke mandiricare@bankmandiri.co.id atau menghubungi layanan Mandiri Call 14000 ya. Tks~Alza",2025-11-10 16:10:07,3.1.0,Dataset/dataset\LIVIN_googleplay_NOVEMBER_reviews.csv,login
1de5e624-561f-4988-9471-6b7eb3fd506f,Pengguna Google,https://play-lh.googleusercontent.com/EGemoI2NTXmTsBVtJqk8jxF9rh8ApRWfsIMQSt2uE4OcpQqbFu7f7NbTK05lx80nuSijCz7sc3a277R67g,ga jelas udah top up saldo malah ga masuk di ovo nya ga profesional,2,0,3.148.0,2025-11-26 01:36:48+00:00,,,3.148.0,Dataset/dataset\OVO_googleplay_NOVEMBER_reviews.csv,topup
23cc763b-bd9e-4ec3-9dd0-3b431baa3b66,Pengguna Google,https://play-lh.googleusercontent.com/EGemoI2NTXmTsBVtJqk8jxF9rh8ApRWfsIMQSt2uE4OcpQqbFu7f7NbTK05lx80nuSijCz7sc3a277R67g,aplikasi ribet.. mw tf masukin rek bank aja slalu kena notif terlalu sering.. hadeeee,1,1,1.62.0,2025-11-10 14:43:54+00:00,,,1.62.0,Dataset/dataset\GOPAY_googleplay_NOVEMBER_reviews.csv,transfer
473be42e-01c0-456a-9ecc-276125ac833e,Pengguna Google,https://play-lh.googleusercontent.com/EGemoI2NTXmTsBVtJqk8jxF9rh8ApRWfsIMQSt2uE4OcpQqbFu7f7NbTK05lx80nuSijCz7sc3a277R67g,lebih cepat utk di gunakan baik pembelian atau transfer mnggunakn gopay.. trimksih...,5,0,,2025-11-26 03:38:43+00:00,,,,Dataset/dataset\GOPAY_googleplay_NOVEMBER_reviews.csv,transfer
8b26e652-636c-4df1-95a2-a689aee39117,Pengguna Google,https://play-lh.googleusercontent.com/EGemoI2NTXmTsBVtJqk8jxF9rh8ApRWfsIMQSt2uE4OcpQqbFu7f7NbTK05lx80nuSijCz7sc3a277R67g,"kok gopay bisa lakukan transfer tanpa persetujuan ,,aneh ini afk",1,1,1.64.1,2025-11-27 17:10:07+00:00,"Hai Kak Lukman, mohon maaf atas kendalanya. Pastikan kamu sudah menggunakan aplikasi GoPay versi terbaru, ya. Jika masih berkendala, silakan laporkan melalui halaman Bantuan > ketik ""Kendala tampilan dan notifikasi"" di kolom pencarian > pilih artikel dan lengkapi formulirnya. Kami siap membantu. ^Miko",2025-09-28 18:06:19,1.64.1,Dataset/dataset\GOPAY_googleplay_NOVEMBER_reviews.csv,transfer
9d7a394e-bd3e-4d91-b032-e2952be00e34,Pengguna Google,https://play-lh.googleusercontent.com/EGemoI2NTXmTsBVtJqk8jxF9rh8ApRWfsIMQSt2uE4OcpQqbFu7f7NbTK05lx80nuSijCz7sc3a277R67g,aplikasi jelekkk gak bisa tf,1,0,3.147.0,2025-11-26 20:30:23+00:00,,,3.147.0,Dataset/dataset\OVO_googleplay_NOVEMBER_reviews.csv,transfer
536bc0a2-4094-4b34-b445-69fd0b3e243f,Pengguna Google,https://play-lh.googleusercontent.com/EGemoI2NTXmTsBVtJqk8jxF9rh8ApRWfsIMQSt2uE4OcpQqbFu7f7NbTK05lx80nuSijCz7sc3a277R67g,GOPAY MEMANG sangat memudahkan buat transfer dan top ap👍👍👍,5,0,1.57.0,2025-10-14 23:33:27+00:00,,,1.57.0,Dataset/dataset\GOPAY_googleplay_OCTOBER_reviews.csv,transfer
b994fa34-d915-41a4-867d-89d63aea3584,Pengguna Google,https://play-lh.googleusercontent.com/EGemoI2NTXmTsBVtJqk8jxF9rh8ApRWfsIMQSt2uE4OcpQqbFu7f7NbTK05lx80nuSijCz7sc3a277R67g,"di hp itel mau login gak bisa ya, langsung keluar",3,0,,2025-12-03 17:31:56+00:00,"Hi Sahabat @Walagri Chanel, mohon maaf atas ketidaknyamanannya. Terkait kendala Sahabat mohon untuk dapat mengirimkan email ke mandiricare@bankmandiri.co.id atau dapat menghubungi mandiri call 14000 agar dapat dilakukan pengecekan. Tks~Mandala",2025-12-03 17:36:25,,Dataset/dataset\LIVIN_googleplay_DECEMBER_reviews.csv,login
862b6b7a-e804-4755-8cf5-e8a4e7cb106b,Pengguna Google,https://play-lh.googleusercontent.com/EGemoI2NTXmTsBVtJqk8jxF9rh8ApRWfsIMQSt2uE4OcpQqbFu7f7NbTK05lx80nuSijCz7sc3a277R67g,"teman saya TF ke saya ,,smpai skrg blm masuk saldo nya .bangke",1,0,1.60.0,2025-10-25 07:42:21+00:00,"Hai Kak @Wak Landung, pastikan nomor tujuan sudah benar, sudah cek halaman Riwayat, dan coba keluar dan masuk kembali ke aplikasi. Jika saldo masih belum masuk, silakan laporkan melalui menu Bantuan > ketik 'Top up GoPay saya belum masuk' > isi formulir dan cantumkan kode psr-25-298-0118-42745 pada bagian 'Ceritakan lebih lanjut'. ^Maura",2025-10-25 08:18:50,1.60.0,Dataset/dataset\GOPAY_googleplay_OCTOBER_reviews.csv,transfer
f01c7864-bab7-42d0-ac3a-c49287f5971c,Pengguna Google,https://play-lh.googleusercontent.com/EGemoI2NTXmTsBVtJqk8jxF9rh8ApRWfsIMQSt2uE4OcpQqbFu7f7NbTK05lx80nuSijCz7sc3a277R67g,"awalnya aman² aja,mulai kesel semenjak kemaren top up ewallet dr bank lain tidak masuk ke gopay padahal status transaksi berhasil dan saldonya terpotong..jd mulai kecewa dan sebel ..ribet banget arahan² nya las mau benerin... sampe sekarang masih belum masuk udah lewat dr 24jam...",1,18,1.61.2,2025-11-01 07:29:53+00:00,"Hai Kak Enzo, pastikan nomor tujuan sudah benar, sudah cek halaman Riwayat, dan coba keluar dan masuk kembali ke aplikasi. Jika saldo masih belum masuk, silakan laporkan melalui menu Bantuan > ketik 'Top up GoPay saya belum masuk' > isi formulir dan cantumkan kode psr-25-305-0414-03319 pada bagian 'Ceritakan lebih lanjut'. ^Miko",2025-11-01 11:14:13,1.61.2,Dataset/dataset\GOPAY_googleplay_NOVEMBER_reviews.csv,topup
d8e5a52d-1d9b-4326-a9ad-72bf1b67bd13,Pengguna Google,https://play-lh.googleusercontent.com/EGemoI2NTXmTsBVtJqk8jxF9rh8ApRWfsIMQSt2uE4OcpQqbFu7f7NbTK05lx80nuSijCz7sc3a277R67g,"Apk maling masa tiba""bner punya saya suruh login ulang suruh buat pun baru saya masukin berkali kali ttp gabisa eh tau""keblokir lucu bner ngga si, ati buat kmu orang jngan sampe kya saya",1,0,3.144.0,2025-10-06 23:34:33+00:00,,,3.144.0,Dataset/dataset\OVO_googleplay_OCTOBER_reviews.csv,login
27cfd961-540f-4540-b34f-83a592793156,Pengguna Google,https://play-lh.googleusercontent.com/EGemoI2NTXmTsBVtJqk8jxF9rh8ApRWfsIMQSt2uE4OcpQqbFu7f7NbTK05lx80nuSijCz7sc3a277R67g,buat transfer kemanasaja lancar.,5,0,3.2.0,2025-12-16 10:12:12+00:00,"Halo Sahabat @Tukijan, terima kasih atas review yang telah diberikan. Semoga terus menikmati kemudahan dan kenyamanan dalam menggunakan Livin’ by Mandiri ya. Daftarkan transaksi secepat kilat pada menu Quick Pick untuk diakses pada halaman Login atau Beranda. Yuk coba sekarang. Tks~Vacilla",2025-12-16 10:15:09,3.2.0,Dataset/dataset\LIVIN_googleplay_DECEMBER_reviews.csv,transfer
e68700a7-381e-4630-bd40-7786a36ea3a9,Pengguna Google,https://play-lh.googleusercontent.com/EGemoI2NTXmTsBVtJqk8jxF9rh8ApRWfsIMQSt2uE4OcpQqbFu7f7NbTK05lx80nuSijCz7sc3a277R67g,Saya mau ngecek pkh kok login pake rek kks kok GK bisa bisa,1,0,,2025-11-11 19:05:00+00:00,"Halo Sahabat @Imam Weww, mohon maaf atas ketidaknyamannya. Perihal kendala pada layanan Livin' by Mandiri, mohon untuk dapat mengirimkan email ke mandiricare@bankmandiri.co.id atau dapat menghubungi layanan mandiri 14000 agar dapat dilakukan pengecekan. Tks~Kale",2025-11-11 19:06:52,,Dataset/dataset\LIVIN_googleplay_NOVEMBER_reviews.csv,login
deebfab8-f0f6-43fc-9767-277531739b3c,Pengguna Google,https://play-lh.googleusercontent.com/EGemoI2NTXmTsBVtJqk8jxF9rh8ApRWfsIMQSt2uE4OcpQqbFu7f7NbTK05lx80nuSijCz7sc3a277R67g,kendala tidak bisa login livin Tolong di bntu,5,0,,2025-12-22 17:39:48+00:00,"Hai Sahabat @Andika Prayoga silaban, mohon maaf atas ketidaknyamanannya. Untuk kendala yg dialami kami persilakan force close aplikasi terlebih dahulu jaringan yg digunakan stabil dan mencoba kembali secara berkala ya. Tks~Charles",2025-12-22 17:43:15,,Dataset/dataset\LIVIN_googleplay_DECEMBER_reviews.csv,login
d9973ab0-a5c7-45e5-bca4-b9bfde27598a,Pengguna Google,https://play-lh.googleusercontent.com/EGemoI2NTXmTsBVtJqk8jxF9rh8ApRWfsIMQSt2uE4OcpQqbFu7f7NbTK05lx80nuSijCz7sc3a277R67g,"buat pihak aplikasi gopay jgn apa apakn dengn premium trs,kasian yg masi blm pmy ktp untk premiumin gopay mau ambil gopay daget aja harus premium,byr uang lewt qris hrs prrmium",5,0,1.59.0,2025-10-10 18:52:38+00:00,"Hai Kak Gallio, mohon maaf atas ketidaknyamanannya. Pastikan nomor tujuan transfer sudah benar dan sudah cek halaman Riwayat. Jika saldo belum juga bertambah, laporkan detailnya melalui email customerservice@gopay.co.id dan cantumkan kode psr-25-179-0714-54059 pada subject email yang kamu kirimkan ya. ^Miko",2025-06-28 14:15:10,1.59.0,Dataset/dataset\GOPAY_googleplay_OCTOBER_reviews.csv,qris
cef13e05-526a-46cb-aeee-bec75ca7bcfd,Pengguna Google,https://play-lh.googleusercontent.com/EGemoI2NTXmTsBVtJqk8jxF9rh8ApRWfsIMQSt2uE4OcpQqbFu7f7NbTK05lx80nuSijCz7sc3a277R67g,tolong di proses topup saldo gopay bayar nanti saya,5,0,1.60.0,2025-10-24 22:22:02+00:00,,,1.60.0,Dataset/dataset\GOPAY_googleplay_OCTOBER_reviews.csv,topup
61a9a6ca-0a1e-4c71-beea-4430c866feef,Pengguna Google,https://play-lh.googleusercontent.com/EGemoI2NTXmTsBVtJqk8jxF9rh8ApRWfsIMQSt2uE4OcpQqbFu7f7NbTK05lx80nuSijCz7sc3a277R67g,"ini seriusan admin nya nggak ada yang ngerespon??dari kemarin sore saya hubungin sampe saya hapus lagi rating nya.ini duit saya nggak masuk ke dana,seengaknya balikin lagi ke shopeepay.kenapa si tf uang segitu aja harus bermasalah dulu???",1,0,,2025-12-25 01:15:28+00:00,"Hi Kak. Mohon maaf atas kendala transfer saldo ShopeePay ke DANA yang belum diterima dan pengembalian dana. Terkait kendala tersebut mohon menghubungi kami melalui DM ke Instagram @ShopeePay_ID yang bercentang biru, dengan melampirkan bukti transfer yang terkendala untuk bantuan lebih lanjut. Semoga kendala kakak segera terselesaikan ya. ^CS",2025-12-25 15:09:22,,Dataset/dataset\SHOPEEPAY_googleplay_DECEMBER_reviews.csv,transfer
3528abbf-424f-4390-b936-f3b1f74adf8a,Pengguna Google,https://play-lh.googleusercontent.com/EGemoI2NTXmTsBVtJqk8jxF9rh8ApRWfsIMQSt2uE4OcpQqbFu7f7NbTK05lx80nuSijCz7sc3a277R67g,"log out sendiri, suruh masukin data lgi udh di ikutin malah ga mau login, udh dpt kode dr SMS malah sama aja, suruh ngulang terus... buruk bgt ni aplikasi",1,0,,2025-11-22 14:14:59+00:00,"Hai Sahabat @Deni Dsanjaya, mohon maaf atas ketidaknyamanannya. Apabila terdapat kendala agar dapat kami tindaklanjuti, Sahabat dapat mengirimkan email ke mandiricare@bankmandiri.co.id atau menghubungi layanan mandiri call 14000 ya. Tks~Kila",2025-11-22 14:22:31,,Dataset/dataset\LIVIN_googleplay_NOVEMBER_reviews.csv,login
15e74013-0bf1-4d4f-8f84-0028f1b11c45,Pengguna Google,https://play-lh.googleusercontent.com/EGemoI2NTXmTsBVtJqk8jxF9rh8ApRWfsIMQSt2uE4OcpQqbFu7f7NbTK05lx80nuSijCz7sc3a277R67g,susah untuk login,1,0,,2025-11-06 20:26:59+00:00,"Halo Sahabat @Kdmp Sukaagungbarat, mohon maaf atas ketidaknyamanannya. Untuk perihal kendala pada layanan Livin' Merchant by Mandiri, disarankan melakukan force close pada aplikasi Livin' Merchant by Mandiri, kemudian restart device/handphone yg digunakan dan mencoba kembali secara berkala. Tks~Carlos",2025-11-06 20:29:15,,Dataset/dataset\LIVIN_googleplay_NOVEMBER_reviews.csv,login
91e81cc2-0129-40cc-8b1a-f65a19c98515,Pengguna Google,https://play-lh.googleusercontent.com/EGemoI2NTXmTsBVtJqk8jxF9rh8ApRWfsIMQSt2uE4OcpQqbFu7f7NbTK05lx80nuSijCz7sc3a277R67g,hai kak. aku suka aplikasinya. cuma waktu aku mau ajukan gopay pinjam. KTP saya tidak bisa daftarm katanya udah pernah didaftarin utk pinjam. nah saya pribadi ga pernah daftarin sebelumnya. berarti ada yang menyalahgunakan data pribadi saya. saya mau tanya nih. apa waktu verfivikasi wajah dan KTP sistem ga bisa liat perbandingan Poto KTP sama wajah yang didaftar? kok bisa lolos aja ? harusnya kan udah beda muka yg di KTP sama yang si peminjam??? harusnya diperketat lagi soal itu.,4,1,1.61.2,2025-11-04 08:45:39+00:00,,,1.61.2,Dataset/dataset\GOPAY_googleplay_NOVEMBER_reviews.csv,vermuk
dd29bf5d-a434-4975-891f-6908cee218d8,Pengguna Google,https://play-lh.googleusercontent.com/EGemoI2NTXmTsBVtJqk8jxF9rh8ApRWfsIMQSt2uE4OcpQqbFu7f7NbTK05lx80nuSijCz7sc3a277R67g,"tidak bisa login selama 1 bulan lebih karena dikira ""sistem operasi handphone anda tidak mendukung untuk penggunaan livin"" padahal hp Poco F3 support livin mandiri, udah call center dan ke bank tetap tidak bisa login. ini update aplikasi 1 november juga tetap gak bisa login, aku matikan pengaturan aksesbilitas tetap gak bisa, sampai aku rela coba reset data pabrik di hp ku dan segera install livin tetap tidak bisa login. terpaksa bayar tagihan lewat ATM.",1,20,3.2.0,2025-11-16 08:26:57+00:00,"Halo Sahabat @I Wayan Saksana Widhiarga (BaliAga), mohon maaf atas ketidaknyamannya. Perihal kendala pada layanan Livin' by Mandiri, mohon untuk dapat mengirimkan email ke mandiricare@bankmandiri.co.id atau dapat menghubungi layanan mandiri 14000 agar dapat dilakukan pengecekan. Tks ~Arief
",2025-11-19 22:45:35,3.2.0,Dataset/dataset\LIVIN_googleplay_NOVEMBER_reviews.csv,login
7e7af170-4544-4814-9ebd-25931b9cad90,Pengguna Google,https://play-lh.googleusercontent.com/EGemoI2NTXmTsBVtJqk8jxF9rh8ApRWfsIMQSt2uE4OcpQqbFu7f7NbTK05lx80nuSijCz7sc3a277R67g,"adminya banyak banget, gak kayak sopi dan gopay yg free TF",1,0,3.148.0,2025-11-28 19:38:50+00:00,,,3.148.0,Dataset/dataset\OVO_googleplay_NOVEMBER_reviews.csv,transfer
8d1ec7f4-2af7-476c-a2bb-67cb25e514c2,Pengguna Google,https://play-lh.googleusercontent.com/EGemoI2NTXmTsBVtJqk8jxF9rh8ApRWfsIMQSt2uE4OcpQqbFu7f7NbTK05lx80nuSijCz7sc3a277R67g,"benci banget gw top up lewat apk dana ke gopay, saldo udah ke potong uang belum masuk ke gopay. kagak apk gojeknya kagak apk gopay nya sama"" bikin kecewa najis",1,0,1.60.0,2025-10-16 21:08:23+00:00,"Hai Kak Diah, pastikan nomor tujuan sudah benar, sudah cek halaman Riwayat, dan coba keluar dan masuk kembali ke aplikasi. Jika saldo masih belum masuk, silakan laporkan melalui menu Bantuan > ketik 'Top up GoPay saya belum masuk' > isi formulir dan cantumkan kode psr-25-289-1457-26249 pada bagian 'Ceritakan lebih lanjut'. ^Melisa",2025-10-16 21:57:35,1.60.0,Dataset/dataset\GOPAY_googleplay_OCTOBER_reviews.csv,topup
812abcde-c703-42fd-8172-d98480c2772c,Pengguna Google,https://play-lh.googleusercontent.com/EGemoI2NTXmTsBVtJqk8jxF9rh8ApRWfsIMQSt2uE4OcpQqbFu7f7NbTK05lx80nuSijCz7sc3a277R67g,"gajelas apk nya, masaa pas pembayaran top up muncul notif ""AKTIVITAS TIDAK WAJAR"", udaa saya coba berulang kalii lebih dari 4jam hasilnya sama aja.",1,0,,2025-10-29 19:40:35+00:00,"Hai Kak Fachri, mohon maaf atas ketidaknyamanannya. Terkait hal tersebut, silakan laporkan melalui email ke customerservice@gopay.co.id dengan melampirkan kode psr-25-302-1358-46934 pada subject email dan ceritakan kembali detail permasalahannya agar tim kami bisa bantu cek lebih lanjut ya. ^Melisa",2025-10-29 20:58:55,,Dataset/dataset\GOPAY_googleplay_OCTOBER_reviews.csv,topup
6e723f7b-0c5d-41fd-8a0d-4f1e7c057950,Pengguna Google,https://play-lh.googleusercontent.com/EGemoI2NTXmTsBVtJqk8jxF9rh8ApRWfsIMQSt2uE4OcpQqbFu7f7NbTK05lx80nuSijCz7sc3a277R67g,ga sesuai iklan yang kata nya geratis top up tapi realita nya bayar tiap top up ke indomaret dan alfamart.,5,0,,2025-10-29 13:29:48+00:00,,,,Dataset/dataset\GOPAY_googleplay_OCTOBER_reviews.csv,topup
a77ce416-27fd-4193-a773-123956ca7e4a,Pengguna Google,https://play-lh.googleusercontent.com/EGemoI2NTXmTsBVtJqk8jxF9rh8ApRWfsIMQSt2uE4OcpQqbFu7f7NbTK05lx80nuSijCz7sc3a277R67g,"livin memang memudahkan biaya transfer,,tapi minusnya setiap bulan harus update terbaru,,",3,0,3.1.0,2025-12-29 13:05:00+00:00,"Halo Sahabat @Gombes Cok, mohon maaf atas ketidaknyamanannya. Terkait keluhan yang dialami tsb, mohon untuk dapat mengirimkan email ke mandiricare@bankmandiri.co.id atau menghubungi Mandiri Call 14000 lalu tekan 2 agar dapat dilakukan pengecekan. Tks~Vacilla",2025-12-29 13:09:40,3.1.0,Dataset/dataset\LIVIN_googleplay_DECEMBER_reviews.csv,transfer
59774651-eb01-421e-b802-5707d896c656,Pengguna Google,https://play-lh.googleusercontent.com/EGemoI2NTXmTsBVtJqk8jxF9rh8ApRWfsIMQSt2uE4OcpQqbFu7f7NbTK05lx80nuSijCz7sc3a277R67g,"bisa-bisanya lagi urgent malah kena aktivitas tidak wajar, kocak, jadi gabisa tf",1,1,1.61.2,2025-11-18 12:49:47+00:00,"Hai Kak @HyDims, sebelum transfer, pastikan status upgrade GoPay Plus sudah 'Diterima', nomor penerima valid dan tidak terblokir. Jika masih bermasalah, silakan kunjungi menu Bantuan di aplikasi GoPay atau email ke customerservice@gopay.co.id dan cantumkan kode psr-25-322-0608-55577 pada subjek email. ^Maura",2025-11-18 13:09:01,1.61.2,Dataset/dataset\GOPAY_googleplay_NOVEMBER_reviews.csv,transfer
5349dda5-c9dc-4dab-9111-90434b8dd0ff,Pengguna Google,https://play-lh.googleusercontent.com/EGemoI2NTXmTsBVtJqk8jxF9rh8ApRWfsIMQSt2uE4OcpQqbFu7f7NbTK05lx80nuSijCz7sc3a277R67g,kenapa proses transfer sy ke dana masih pending.? kemana sy harus urus masalah in,5,0,3.147.0,2025-11-16 08:35:38+00:00,,,3.147.0,Dataset/dataset\OVO_googleplay_NOVEMBER_reviews.csv,transfer
c897f61b-28a9-441f-9a1b-d83e3497bbc3,Pengguna Google,https://play-lh.googleusercontent.com/EGemoI2NTXmTsBVtJqk8jxF9rh8ApRWfsIMQSt2uE4OcpQqbFu7f7NbTK05lx80nuSijCz7sc3a277R67g,"ok Sampai Saat ini Mash Aman Di Gunakan Buat Kirim, Tf, Tpi Kadang Mash balum Faham Yg Mash Ada Admint Saat Top Up, Karna Jg Mash Pengguna Baru",5,0,1.64.1,2025-11-30 14:23:51+00:00,,,1.64.1,Dataset/dataset\GOPAY_googleplay_NOVEMBER_reviews.csv,topup
1f8493d6-bca3-42ed-9e01-e32204d322af,Pengguna Google,https://play-lh.googleusercontent.com/EGemoI2NTXmTsBVtJqk8jxF9rh8ApRWfsIMQSt2uE4OcpQqbFu7f7NbTK05lx80nuSijCz7sc3a277R67g,"rekening terblokir ngga bisa login , Auto uninstal , ganti BRI aja",1,0,3.0.0,2025-12-12 09:00:08+00:00,"Halo Sahabat @Hakim Rifai, mohon maaf atas ketidaknyamanannya. Terkait kendala Sahabat mohon untuk dapat mengirimkan email ke mandiricare@bankmandiri.co.id atau dapat menghubungi Mandiri Call 14000 lalu tekan 2 agar dapat dilakukan pengecekan. Tks~Kila",2025-12-12 09:04:23,3.0.0,Dataset/dataset\LIVIN_googleplay_DECEMBER_reviews.csv,login
6d476198-1b6d-4c59-96fb-e06aba4bfc36,Pengguna Google,https://play-lh.googleusercontent.com/EGemoI2NTXmTsBVtJqk8jxF9rh8ApRWfsIMQSt2uE4OcpQqbFu7f7NbTK05lx80nuSijCz7sc3a277R67g,kualifikasi buruk top up aja eror gjls,1,0,1.52.0,2025-11-17 14:32:53+00:00,"Hai Kak Idzan, mohon maaf atas ketidaknyamanannya. Pastikan nomor tujuan valid dan sudah menggunakan aplikasi GoPay versi terbaru ya. Jika masih berkendala, silakan laporkan melalui email ke customerservice@gopay.co.id dan cantumkan kode psr-25-321-0947-48156 pada subjek email. ^Miko",2025-11-17 16:48:02,1.52.0,Dataset/dataset\GOPAY_googleplay_NOVEMBER_reviews.csv,topup
a47ecd60-2f73-4dbf-b961-1c231e611de7,Pengguna Google,https://play-lh.googleusercontent.com/EGemoI2NTXmTsBVtJqk8jxF9rh8ApRWfsIMQSt2uE4OcpQqbFu7f7NbTK05lx80nuSijCz7sc3a277R67g,"syaa kecewa , sbg driver grab , mau bayar makan pakai ovo qris , tiba tiba ke log out sendiri , nomer yang ovo udh off lama , mau login ganti nomer hp sistem error terus , udh hampir 2 Minggu saldo nyangkut di ovo . intinya menu bantuan di ovo itu ga berfungsi , gabisa nolongin pengguna lagi kesusahan",1,0,3.46.0,2025-11-13 10:01:48+00:00,,,3.46.0,Dataset/dataset\OVO_googleplay_NOVEMBER_reviews.csv,login
d1f0c2ce-d0fd-417a-9c56-7c939ada9c06,Pengguna Google,https://play-lh.googleusercontent.com/EGemoI2NTXmTsBVtJqk8jxF9rh8ApRWfsIMQSt2uE4OcpQqbFu7f7NbTK05lx80nuSijCz7sc3a277R67g,livin tolol setelah update malah gak bisa transfer sama top up gak jelas,1,0,3.2.0,2025-12-19 01:15:16+00:00,"Halo Sahabat @Wildan, mohon maaf atas ketidaknyamannya. Untuk perihal kendala pada layanan Livin' by Mandiri, mohon untuk dapat mengirimkan email ke mandiricare@bankmandiri.co.id atau dapat menghubungi layanan mandiri 14000 dengan tekan 2 agar dapat dilakukan pengecekan. Tks~Irish",2025-12-19 06:33:53,3.2.0,Dataset/dataset\LIVIN_googleplay_DECEMBER_reviews.csv,topup
bec24d1f-b1d5-499f-b340-d958b89ecb27,Pengguna Google,https://play-lh.googleusercontent.com/EGemoI2NTXmTsBVtJqk8jxF9rh8ApRWfsIMQSt2uE4OcpQqbFu7f7NbTK05lx80nuSijCz7sc3a277R67g,payaaaah...pake.veridikasi wajah segala..tp ngebug ..gk lancar tuh...gimana kwrjaan tim i.t nya..,1,0,8.74.0,2025-10-11 14:24:39+00:00,"Halo, Jagoan. Mohon maaf atas kendala yang terjadi ya. Kamu tidak perlu khawatir, kamu bisa menjelaskan detail kendala tersebut melalui email di tanya@jago.com atau call center 1500 746 untuk kami bantu tangani lebih lanjut. Terima kasih :)",2025-10-11 14:50:08,8.74.0,Dataset/dataset\JAGO_googleplay_OCTOBER_reviews.csv,vermuk
c1e05d2e-8a7f-4437-91e7-d9cfb5b19927,Pengguna Google,https://play-lh.googleusercontent.com/EGemoI2NTXmTsBVtJqk8jxF9rh8ApRWfsIMQSt2uE4OcpQqbFu7f7NbTK05lx80nuSijCz7sc3a277R67g,"top up gk masuk, sudah kirim bukti transfer katanya suruh nunggu 2 hari, gk masuk juga sampe berharihari sampai sekarang, respon cs lama, percuma cs aktif 24jam tapi banyakan tidurnya, lambat parah, rugi waktu rugi duit juga, ngundang teman katanya dpt insentif ditungguin sampe keriput gk ada insentif masuk, memalukan. yg mau download silahkan, dijamin nyesel. tak tambah bintang, soalnya baru masuk seminggu kmudian.",3,29,1.61.2,2025-11-12 08:58:38+00:00,"Hai Kak @Okeoke, mohon maaf atas ketidaknyamanannya. Jika kamu masih mengalami kendala, silakan laporkan melalui email ke customerservice@gopay.co.id dengan melampirkan kode psr-25-303-0748-35962 pada subject email dan cantumkan nomor laporan kamu sebelumnya pada email yang kamu kirimkan. Kami tunggu detail laporan kamu ya. ^Maura",2025-10-30 14:48:43,1.61.2,Dataset/dataset\GOPAY_googleplay_NOVEMBER_reviews.csv,topup
b351fb49-5348-4019-9056-13273efeec2a,Pengguna Google,https://play-lh.googleusercontent.com/EGemoI2NTXmTsBVtJqk8jxF9rh8ApRWfsIMQSt2uE4OcpQqbFu7f7NbTK05lx80nuSijCz7sc3a277R67g,gajelas gw transfer sekali males ke transfer double dislike bet,1,0,3.147.0,2025-11-16 08:10:14+00:00,,,3.147.0,Dataset/dataset\OVO_googleplay_NOVEMBER_reviews.csv,transfer
aa5cfe17-ac0a-44b9-bbf4-18576404a96e,Pengguna Google,https://play-lh.googleusercontent.com/EGemoI2NTXmTsBVtJqk8jxF9rh8ApRWfsIMQSt2uE4OcpQqbFu7f7NbTK05lx80nuSijCz7sc3a277R67g,aplikasi the bes bisa top up game gratis dgn melihara kucing pet,5,0,1.62.0,2025-11-13 15:37:58+00:00,,,1.62.0,Dataset/dataset\GOPAY_googleplay_NOVEMBER_reviews.csv,topup
3f54d28b-45dd-49cd-b18c-9c30170e8033,Pengguna Google,https://play-lh.googleusercontent.com/EGemoI2NTXmTsBVtJqk8jxF9rh8ApRWfsIMQSt2uE4OcpQqbFu7f7NbTK05lx80nuSijCz7sc3a277R67g,"Topup Emoney Gagal & Mengendap Sampai Ratusan Ribu, Emang Ngga Sehat Ini Bank Udah Sering Offline, Maintenance Melulu",1,0,3.1.0,2025-11-12 16:00:21+00:00,"Halo Sahabat @Lucky Dwi Pranata, mohon maaf atas ketidaknyamanannya. Terkait kendala transaksi Sahabat mohon untuk dapat mengirimkan email ke mandiricare@bankmandiri.co.id atau dapat menghubungi mandiri call 14000 agar dapat dilakukan pengecekan. Tks~Celvin",2025-11-12 16:05:18,3.1.0,Dataset/dataset\LIVIN_googleplay_NOVEMBER_reviews.csv,topup
a08f5fb0-f59c-481b-9e83-18659617d802,Pengguna Google,https://play-lh.googleusercontent.com/EGemoI2NTXmTsBVtJqk8jxF9rh8ApRWfsIMQSt2uE4OcpQqbFu7f7NbTK05lx80nuSijCz7sc3a277R67g,"shopee kalo mau login lambat, spay nya login pake hp juga lambat, loading mulu, jelek",1,9,1.42.03,2025-11-08 20:36:57+00:00,"Hi Kak Izzah. Mohon maaf atas kendala tidak bisa login karena lambat. Kami sarankan untuk melakukan clear cache dgn cara masuk ke Pengaturan>Aplikasi>ShopeePay>Penyimpanan>Hapus cache. Pastikan internet dalam keadaan stabil, ketersediaan RAM dan Memori yg cukup. Jika masih berkendala, silakan hubungi kami di DM Instagram @ShopeePay_ID ^CS",2025-11-10 14:46:58,1.42.03,Dataset/dataset\SHOPEEPAY_googleplay_NOVEMBER_reviews.csv,login
9e3c0185-c8bd-4c49-8989-3b4df5febae4,Pengguna Google,https://play-lh.googleusercontent.com/EGemoI2NTXmTsBVtJqk8jxF9rh8ApRWfsIMQSt2uE4OcpQqbFu7f7NbTK05lx80nuSijCz7sc3a277R67g,"sumpah jan download. gw isi dana pake ovo via permata bank udah sukses di transfer tapi blom masuk,ilang gatau kemana tu saldo pas gw hubungin costumer gada respon sama sekali",1,0,3.144.0,2025-10-05 00:18:08+00:00,,,3.144.0,Dataset/dataset\OVO_googleplay_OCTOBER_reviews.csv,transfer
af020214-3ef4-43cb-a886-5dc8ee042acf,Pengguna Google,https://play-lh.googleusercontent.com/EGemoI2NTXmTsBVtJqk8jxF9rh8ApRWfsIMQSt2uE4OcpQqbFu7f7NbTK05lx80nuSijCz7sc3a277R67g,min gimana kok mau tf di livin tulisannya belum terdaftar,5,0,,2025-12-23 08:23:39+00:00,"Halo Sahabat @Fadli Mubarok, mohon maaf atas ketidaknyamanannya. Terkait kendala Sahabat mohon untuk dapat mengirimkan email ke mandiricare@bankmandiri.co.id atau dapat menghubungi Mandiri Call 14000 lalu tekan 2 agar dapat dilakukan pengecekan. Tks~Risa",2025-12-23 08:33:31,,Dataset/dataset\LIVIN_googleplay_DECEMBER_reviews.csv,transfer
7813e075-020a-420a-a884-d602fa45840f,Pengguna Google,https://play-lh.googleusercontent.com/EGemoI2NTXmTsBVtJqk8jxF9rh8ApRWfsIMQSt2uE4OcpQqbFu7f7NbTK05lx80nuSijCz7sc3a277R67g,"bagus, fitur nya banyak, dan ui mudah dipahami, tapi kenapa ketika saya mau upgrade ke premium selalu ke batal? KTP udah pas, wajah udah sesuai, udah upload dokumen, lagi dicek, 8, 7, 6, langsung force close dan belum berhasil upgrade.. wow, dan saya sudah menghabiskan 100mb secara sia-sia (saya ulang terus menerus).",3,67,1.64.0,2025-11-24 08:54:46+00:00,"Hai Kak @ᎡᴇɪɴᏃ, mohon maaf atas ketidaknyamanannya. Sebelum kamu mencoba upgrade ke GoPay Plus, pastikan dokumen serta foto selfie yang kamu kirim sudah sesuai dengan ketentuan GoPay. Jika masih tidak bisa, silakan laporkan detailnya melalui email ke customerservice@gopay.co.id dan lampirkan kode psr-25-328-0246-17844 pada subject email ya. ^Melisa",2025-11-24 09:46:23,1.64.0,Dataset/dataset\GOPAY_googleplay_NOVEMBER_reviews.csv,vermuk
4b875a25-2853-43a7-ac37-19dadc62a971,Pengguna Google,https://play-lh.googleusercontent.com/EGemoI2NTXmTsBVtJqk8jxF9rh8ApRWfsIMQSt2uE4OcpQqbFu7f7NbTK05lx80nuSijCz7sc3a277R67g,koq tiba2 ga bisa login. aplikasi keluar sendiri,1,0,3.2.0,2025-12-07 14:02:27+00:00,"Halo Sahabat  @Taqarrub Light, mohon maaf atas ketidaknyamanannya. Terkait kendala yang dialami Sahabat tsb, mohon untuk dapat mengirimkan email ke mandiricare@bankmandiri.co.id atau menghubungi Mandiri Call 14000 lalu tekan 2 agar dapat dilakukan pengecekan. Tks~Vacilla",2025-12-07 14:05:06,3.2.0,Dataset/dataset\LIVIN_googleplay_DECEMBER_reviews.csv,login
dde9c8a2-f57f-4ec4-93ed-37953a335347,Pengguna Google,https://play-lh.googleusercontent.com/EGemoI2NTXmTsBVtJqk8jxF9rh8ApRWfsIMQSt2uE4OcpQqbFu7f7NbTK05lx80nuSijCz7sc3a277R67g,"buruk banget, ada saldo shoppe pay mau di pake malah kaga bisa nyesel tf ke shoppe pay jadi nya",1,0,1.44.04,2025-12-10 23:02:07+00:00,"Hi Kak Kunang, Mohon maaf atas kendala saldo ShopeePay tidak bisa digunakan. Pastikan telah menggunakan aplikasi ShopeePay terbaru dan silakan lakukan clear cache. Apabila masih berkendala mohon menghubungi kami melalui DM Instagram di @ShopeePay_ID untuk bantuan lebih lanjut. Semoga kendala kakak segera terselesaikan ^CS",2025-12-11 11:03:31,1.44.04,Dataset/dataset\SHOPEEPAY_googleplay_DECEMBER_reviews.csv,transfer
c1dffc8b-437a-4363-bb43-b749c8fe57ba,Pengguna Google,https://play-lh.googleusercontent.com/EGemoI2NTXmTsBVtJqk8jxF9rh8ApRWfsIMQSt2uE4OcpQqbFu7f7NbTK05lx80nuSijCz7sc3a277R67g,"malam ini aplikasi erorr mau login sulit di minta vermuk bbrp kali, pasword bbrp kali balik lagi buat pin sampai akhirnya di blokir cape...unistall aja penasaran juga instal lagi... ceritanya sama... berulang2 gagal lagi parah😭",1,0,3.0.0,2025-11-18 03:10:52+00:00,"Hai Sahabat @iwan sulaeman, mohon maaf atas ketidaknyamanannya. Perihal kendala yang dialami agar dpt kami tindaklanjuti, mhn kesediaan Sahabat utk mengirimkan email ke mandiricare@bankmandiri.co.id dengan subject : Review - Nama lengkap Sahabat atau menghubungi layanan mandiri call 14000 ya. Tks~Tommy",2025-11-18 03:23:28,3.0.0,Dataset/dataset\LIVIN_googleplay_NOVEMBER_reviews.csv,login
6dd7e70c-45f7-49e8-9dfe-6f7b49c0cb10,Pengguna Google,https://play-lh.googleusercontent.com/EGemoI2NTXmTsBVtJqk8jxF9rh8ApRWfsIMQSt2uE4OcpQqbFu7f7NbTK05lx80nuSijCz7sc3a277R67g,Kenapa saat transfer ke e-wallet terpotong 2rb? dan saat di terima keterangan nya top-up? bukan transfer? sedangkan tidak ada pemberitahuan saat sebelum transfer kalau ada biaya admin/atau akan pajak Tolong dong lebih komunikatif terhadap pelanggan,1,19,1.44.05,2025-12-07 20:05:26+00:00,"Hi Kak Margareth, Mohon maaf atas kendala adanya biaya admin saat transfer. Saat ini terdapat promo gratis admin transfer melalui aplikasi ShopeePay dan promo berlaku kirim uang ke bank min. Rp1,- dan kirim ke E-wallet/Virtual account min. Rp10.000,- ya. Untuk bantuan pengecekan, mohon menghubungi kami melalui DM Instagram di @ShopeePay_ID. ^CS",2025-12-08 10:57:02,1.44.05,Dataset/dataset\SHOPEEPAY_googleplay_DECEMBER_reviews.csv,transfer
7069cfaf-73dd-4b7d-bd0b-27ad9c3892fe,Pengguna Google,https://play-lh.googleusercontent.com/EGemoI2NTXmTsBVtJqk8jxF9rh8ApRWfsIMQSt2uE4OcpQqbFu7f7NbTK05lx80nuSijCz7sc3a277R67g,"mudah cepet , enak pakai gopay tf tidak di kenakan biaya",5,0,1.60.0,2025-10-22 09:50:42+00:00,,,1.60.0,Dataset/dataset\GOPAY_googleplay_OCTOBER_reviews.csv,transfer
350350fe-a7d0-4aa4-a867-ac3cc2f14dfc,Pengguna Google,https://play-lh.googleusercontent.com/EGemoI2NTXmTsBVtJqk8jxF9rh8ApRWfsIMQSt2uE4OcpQqbFu7f7NbTK05lx80nuSijCz7sc3a277R67g,setelah memperbaharui malah tidak bisa top up dana,4,0,3.2.0,2025-12-14 00:22:15+00:00,"Mohon maaf atas ketidaknyamanannya dalam mengakses layanan Livin' by Mandiri Sahabat @Hamka Jie, saat ini Bank Mandiri sedang proses akhir hari rutin. Kami sarankan Sahabat dapat mencobanya secara berkala,apabila masih terkendala Sahabat dapat mengirimkan email ke mandiricare@bankmandiri.co.id atau dapat menghubungi layanan mandiri 14000. Tks~Romi",2025-12-14 00:36:08,3.2.0,Dataset/dataset\LIVIN_googleplay_DECEMBER_reviews.csv,topup
32db4a38-c45f-43e8-9bd5-59009f820dd9,Pengguna Google,https://play-lh.googleusercontent.com/EGemoI2NTXmTsBVtJqk8jxF9rh8ApRWfsIMQSt2uE4OcpQqbFu7f7NbTK05lx80nuSijCz7sc3a277R67g,biasa top up semuanya aku suka gopay ini,5,0,1.62.0,2025-11-17 18:00:12+00:00,,,1.62.0,Dataset/dataset\GOPAY_googleplay_NOVEMBER_reviews.csv,topup
93004d29-7efe-44c2-9b26-26eb0c80abe3,Pengguna Google,https://play-lh.googleusercontent.com/EGemoI2NTXmTsBVtJqk8jxF9rh8ApRWfsIMQSt2uE4OcpQqbFu7f7NbTK05lx80nuSijCz7sc3a277R67g,kenapa harus premium dulu untuk transfer,5,0,1.64.0,2025-11-20 12:53:13+00:00,,,1.64.0,Dataset/dataset\GOPAY_googleplay_NOVEMBER_reviews.csv,transfer
20671edf-b482-475c-b1b8-2d0aa7efc7aa,Pengguna Google,https://play-lh.googleusercontent.com/EGemoI2NTXmTsBVtJqk8jxF9rh8ApRWfsIMQSt2uE4OcpQqbFu7f7NbTK05lx80nuSijCz7sc3a277R67g,"Jelek banget!!! lambat, lemot, berat rasanya padahal buka qris doang, rugi deh ga ada manfaatnya untuk finsncial saya nabung banyak bgt tapi gagal pakai layanan extracash tampa dikasiih tau alasannya kenapa, kalo emang tidak ada jangan di kasih produknya!!!. nyesel bgt pakai ini terpaksa karena dari BCA aja.",1,5,2.5.0,2025-11-25 09:11:10+00:00,"Hai, Kak Irawan. Maaf atas ketidaknyamanannya. Jika aplikasi blu Kakak terasa lambat, pastikan Kakak sudah menggunakan aplikasi blu versi terbaru dan pastikan koneksi jaringan yang digunakan dalam keadaan stabil. Jika bluExtraCash Kakak belum disetujui, maka hal tersebut merupakan hasil analisa dari pihak terkait kami dari data yang Kakak miliki.",2025-11-25 10:50:41,2.5.0,Dataset/dataset\BLU_googleplay_NOVEMBER_reviews.csv,qris
7f38699b-e774-4e15-b695-127b26b41f06,Pengguna Google,https://play-lh.googleusercontent.com/EGemoI2NTXmTsBVtJqk8jxF9rh8ApRWfsIMQSt2uE4OcpQqbFu7f7NbTK05lx80nuSijCz7sc3a277R67g,Kok gak bisa login ya hari ini ?,1,0,2.5.0,2025-11-17 11:40:29+00:00,Hai Kak Bobby. Mohon maaf atas ketidaknyamanan dan kendala yang Kakak alami. Sebelumnya sempat terjadi kendala namun saat ini sudah berjalan normal. Silakan Kakak dapat mencoba kembali ya.,2025-11-17 13:29:40,2.5.0,Dataset/dataset\BLU_googleplay_NOVEMBER_reviews.csv,login
43daf683-5b5d-478a-8342-2d81d9cd2fd0,Pengguna Google,https://play-lh.googleusercontent.com/EGemoI2NTXmTsBVtJqk8jxF9rh8ApRWfsIMQSt2uE4OcpQqbFu7f7NbTK05lx80nuSijCz7sc3a277R67g,"lola bgt,,,,,, tolong dong diperbaiki. padhal sinyal bagus tapi klo mau login susahhhhh bgt lamaaaa",2,0,,2025-11-18 13:29:52+00:00,"Halo Sahabat @Cahya, mohon maaf atas ketidaknyamanannya. Apabila terdapat kendala agar dapat kami tindaklanjuti, Sahabat dapat mengirimkan email ke mandiricare@bankmandiri.co.id atau menghubungi layanan Mandiri Call 14000 ya. Tks~Alza",2025-11-18 13:35:07,,Dataset/dataset\LIVIN_googleplay_NOVEMBER_reviews.csv,login
419d45dc-6a40-445a-a1ff-2822d97dcc31,Pengguna Google,https://play-lh.googleusercontent.com/EGemoI2NTXmTsBVtJqk8jxF9rh8ApRWfsIMQSt2uE4OcpQqbFu7f7NbTK05lx80nuSijCz7sc3a277R67g,saya mau login kembali cuman email lupa dan no sudah tidak aktif sedangkan nik sudah terdaftar tolong bantu solusinya min,3,0,8.76.0,2025-11-06 08:13:49+00:00,"Halo, Jagoan! Mohon maaf atas ketidaknyamanannya. Kami mengerti atas pengalaman kurang baik yang kamu alami. Untuk membantu kamu lebih lanjut, mohon menghubungi Tanya Jago di 1500746 / 021-30000746 atau email ke tanya@jago.com untuk kami cek lebih lanjut terkait kendala tersebut. Kami tunggu laporan dari kamu ya.",2025-11-06 08:31:18,8.76.0,Dataset/dataset\JAGO_googleplay_NOVEMBER_reviews.csv,login
ddc5b8bb-e91a-4d8b-97df-a55698831646,Pengguna Google,https://play-lh.googleusercontent.com/EGemoI2NTXmTsBVtJqk8jxF9rh8ApRWfsIMQSt2uE4OcpQqbFu7f7NbTK05lx80nuSijCz7sc3a277R67g,"cara penggunaan nya si memang mudah,cuma sayang kalau login nya harus pakai kuota,tolong permudah lagi,supaya pengguna lebih mudah mengakses tanpa kuota,karena dompet digital sering sekali di gunakan pada saat² darurat,kepada depelover nya semoga aduan ini agar di pertimbangkan,trksh",5,0,,2025-12-12 17:13:35+00:00,"Hi Kak. Terima kasih telah menggunakan ShopeePay. Mari cek aplikasi ShopeePay karena banyak fitur yang mempermudah keseharian kakak seperti pembelian pulsa, paket data, pembayaran tagihan listrik dan pembayaran lainnya. Jika kakak memiliki pertanyaan seputar ShopeePay, mohon DM kami di Instagram @ShopeePay_ID ya. Semoga harimu menyenangkan ^RJ",2025-12-15 10:15:45,,Dataset/dataset\SHOPEEPAY_googleplay_DECEMBER_reviews.csv,login
9249a4e9-6d09-4405-996c-241106bf57b0,Pengguna Google,https://play-lh.googleusercontent.com/EGemoI2NTXmTsBVtJqk8jxF9rh8ApRWfsIMQSt2uE4OcpQqbFu7f7NbTK05lx80nuSijCz7sc3a277R67g,ini mau top up game udh transfer malah gagal knp si pdhl saldo pas sama nominal transaksi,1,0,3.2.0,2025-11-29 12:54:18+00:00,"Halo Sahabat @Diki s, mohon maaf atas ketidaknyamanannya. Terkait kendala Sahabat mohon untuk dapat mengirimkan email ke mandiricare@bankmandiri.co.id atau menghubungi Mandiri Call 14000 lalu tekan 2 agar dapat dilakukan pengecekan. Tks~Danti",2025-11-29 13:01:09,3.2.0,Dataset/dataset\LIVIN_googleplay_NOVEMBER_reviews.csv,topup
4201e761-d6ea-47d1-ae74-c380340c362d,Pengguna Google,https://play-lh.googleusercontent.com/EGemoI2NTXmTsBVtJqk8jxF9rh8ApRWfsIMQSt2uE4OcpQqbFu7f7NbTK05lx80nuSijCz7sc3a277R67g,error aplikasinya sudah 2 hari...mau bayar topup gagal terus,2,0,,2025-12-27 22:03:22+00:00,,,,Dataset/dataset\OVO_googleplay_DECEMBER_reviews.csv,topup
750d9b5e-d8aa-4646-9e65-642445fe9db4,Pengguna Google,https://play-lh.googleusercontent.com/EGemoI2NTXmTsBVtJqk8jxF9rh8ApRWfsIMQSt2uE4OcpQqbFu7f7NbTK05lx80nuSijCz7sc3a277R67g,tambahkan saat login di beri keamanan seprti pun atau geometri,4,0,1.41.06,2025-10-31 07:17:05+00:00,"Hi Kak Wahyu. Mohon maaf atas kendala fitur keamanan saat login. Untuk login sudah tersedia fitur keamanan seperti kode OTP, password dan verifikasi wajah ya kak. Untuk informasi lebih lanjut, mohon menghubungi kami melalui DM ke Instagram @ShopeePay_ID yang bercentang biru, ^CS",2025-10-31 13:18:03,1.41.06,Dataset/dataset\SHOPEEPAY_googleplay_OCTOBER_reviews.csv,login
5a0e4ef6-d80f-4169-ac88-cad3354ccfa6,Pengguna Google,https://play-lh.googleusercontent.com/EGemoI2NTXmTsBVtJqk8jxF9rh8ApRWfsIMQSt2uE4OcpQqbFu7f7NbTK05lx80nuSijCz7sc3a277R67g,Aplikasi gopay yang sampah dan tidak berguna dalam bertransaksi karena banyak masalah saat melakukan Transfer ke Bank status masih aja diproses udah menunggu lama tapi ga ada hasilnyaa,1,8,1.59.0,2025-10-05 21:46:48+00:00,,,1.59.0,Dataset/dataset\GOPAY_googleplay_OCTOBER_reviews.csv,transfer
0b779075-a180-4824-a7ca-28092dd0661f,Pengguna Google,https://play-lh.googleusercontent.com/EGemoI2NTXmTsBVtJqk8jxF9rh8ApRWfsIMQSt2uE4OcpQqbFu7f7NbTK05lx80nuSijCz7sc3a277R67g,"Dengan shopeepay berbelanja online jadi sangat lebih mudah dan menarik, karena tinggal topup terus tinggal nunggu barang Dateng dianter depen rumah",5,0,1.45.09,2025-12-26 10:01:03+00:00,"Hi Kak Isro . Terima kasih atas review positif yang Kakak bagikan. Kami ikut senang jika Kakak puas dengan aplikasi ShopeePay. Jangan lupa untuk rutin cek aplikasi ShopeePay untuk mendapatkan promo menarik. Jika Kakak mengalami kendala, hubungi kami di DM Instagram @ShopeePay_ID. ^CS",2025-12-26 11:16:29,1.45.09,Dataset/dataset\SHOPEEPAY_googleplay_DECEMBER_reviews.csv,topup
29eead97-b495-4ecd-8284-7622559c1075,Pengguna Google,https://play-lh.googleusercontent.com/EGemoI2NTXmTsBVtJqk8jxF9rh8ApRWfsIMQSt2uE4OcpQqbFu7f7NbTK05lx80nuSijCz7sc3a277R67g,"kenapa ini app sya tidk dapat melakukan top up 4 hari melaui mesin ATM BNI,",1,1,1.62.0,2025-11-12 19:07:47+00:00,"Hai Kak Hardi, pastikan jumlah top up tidak melebihi batas limit transaksi bulanan dan jaringan internet stabil. Jika masih bermasalah, laporkan melalui menu Bantuan > ketik ""Mengapa saya tidak bisa top up GoPay?"" > isi formulir dan cantumkan kode psr-25-316-1237-38736 di bagian 'Ceritakan lebih lanjut'. ^Maura",2025-11-12 19:37:46,1.62.0,Dataset/dataset\GOPAY_googleplay_NOVEMBER_reviews.csv,topup
04b5aefd-975c-45b0-809f-9b891a0b4cff,Pengguna Google,https://play-lh.googleusercontent.com/EGemoI2NTXmTsBVtJqk8jxF9rh8ApRWfsIMQSt2uE4OcpQqbFu7f7NbTK05lx80nuSijCz7sc3a277R67g,saya gak bisa verifikasi muka,1,0,2.5.0,2025-11-19 15:05:21+00:00,"Hai, Kak Stella. Maaf atas ketidaknyamanannya. Kami akan selalu berusaha memberikan yang terbaik demi memenuhi kebutuhan perbankan Kakak. Terkait kendala tersebut boleh infokan detail kendala serta kirimkan gambar kendalanya ke X @haloblu atau email haloblu@bcadigital.co.id agar kami bisa bantu lebih lanjut ya.",2025-11-19 15:25:38,2.5.0,Dataset/dataset\BLU_googleplay_NOVEMBER_reviews.csv,vermuk
cd423287-a368-4594-ab32-7ba6862ac0df,Pengguna Google,https://play-lh.googleusercontent.com/EGemoI2NTXmTsBVtJqk8jxF9rh8ApRWfsIMQSt2uE4OcpQqbFu7f7NbTK05lx80nuSijCz7sc3a277R67g,"mandiri ko lama lama gak jelas, potongan banyak banget terus top up e-money nyangkut terus suruh tlp costumer service malah ngabisin pulsa doang, gila gila bank BUMN mulai gak jelas, kalau bisa dikasih Tampa bintang nda saya kasih bintang nih",1,1,3.1.0,2025-11-06 13:42:39+00:00,"Halo Sahabat @KOKO RAYE INDRA SOPYAN, mohon maaf atas ketidaknyamanannya. Terkait kendala Sahabat mohon untuk dapat mengirimkan email ke mandiricare@bankmandiri.co.id atau dapat menghubungi mandiri call 14000 agar dapat dilakukan pengecekan. Tks~Momo",2025-11-06 13:45:21,3.1.0,Dataset/dataset\LIVIN_googleplay_NOVEMBER_reviews.csv,topup
b19a694a-af6d-47bb-b9aa-0db2feea3533,Pengguna Google,https://play-lh.googleusercontent.com/EGemoI2NTXmTsBVtJqk8jxF9rh8ApRWfsIMQSt2uE4OcpQqbFu7f7NbTK05lx80nuSijCz7sc3a277R67g,"Tolong perbaiki lagi masa tiap mau login selalu ""Belum berhasil terhubung trus"" padahal kondisi jaringan lancar jaya 5G selalu kayak gitu bikin kesel ini orang mau cepat jadi lambat gara² masalah jaringan atau memang apk nya rusak ini. tolong lebih di perhatikan lagi develover. masa aplikasi kayak gini ribet banget mau di bukak.",1,13,3.1.0,2025-11-02 21:46:23+00:00,"Halo Sahabat @Kocheng Lanang, mohon maaf atas ketidaknyamannya. Perihal kendala pada layanan Livin' by Mandiri, mohon untuk dapat mengirimkan email ke mandiricare@bankmandiri.co.id atau dapat menghubungi layanan mandiri 14000 agar dapat dilakukan pengecekan. Tks~Kale",2025-11-02 22:24:42,3.1.0,Dataset/dataset\LIVIN_googleplay_NOVEMBER_reviews.csv,login
28e82379-d9eb-4d59-98f5-2fa2bad0ad74,Pengguna Google,https://play-lh.googleusercontent.com/EGemoI2NTXmTsBVtJqk8jxF9rh8ApRWfsIMQSt2uE4OcpQqbFu7f7NbTK05lx80nuSijCz7sc3a277R67g,top up e money ga bisa bisa saldo udah ke potong tapi ga bisa tap pembaruan saldo dari kemaren sampe beli kartu lain apk apa ini,1,2,3.146.0,2025-11-07 07:33:54+00:00,,,3.146.0,Dataset/dataset\OVO_googleplay_NOVEMBER_reviews.csv,topup
9c1f5049-64ea-4beb-b032-8e1a5a703ab2,Pengguna Google,https://play-lh.googleusercontent.com/EGemoI2NTXmTsBVtJqk8jxF9rh8ApRWfsIMQSt2uE4OcpQqbFu7f7NbTK05lx80nuSijCz7sc3a277R67g,sangat mengecewakan ovo sekarang GK bisa transfer ke bank sudah puluhan kali GK bisa alhasil saldo cuma buat belanja doang mohon penjelasan dari pihak ovo dari apk Laen semua lancar transfer ke bank saya cuma ovo yg GK bisa ni dh ke sekian kali nya saya pikir karna dh lama GK sya pake sekarang dh bisa ternyata sama saja gak bisa,1,1,3.144.0,2025-10-08 15:45:28+00:00,,,3.144.0,Dataset/dataset\OVO_googleplay_OCTOBER_reviews.csv,transfer
f3a026e1-1c25-4809-8075-638953664bab,Pengguna Google,https://play-lh.googleusercontent.com/EGemoI2NTXmTsBVtJqk8jxF9rh8ApRWfsIMQSt2uE4OcpQqbFu7f7NbTK05lx80nuSijCz7sc3a277R67g,"ini aplikasi kocak,masa udah transfer tapi ga ada Masuk duitnya.mana lagi kepepet.dikit dikit juga kena biaya layanan.minimal kalo ga masuk balikin saldonya.nyesek guee",4,1,3.149.0,2025-12-18 05:56:25+00:00,,,3.149.0,Dataset/dataset\OVO_googleplay_DECEMBER_reviews.csv,transfer
1b178e34-c187-4c45-87c1-b26cb772cae0,Pengguna Google,https://play-lh.googleusercontent.com/EGemoI2NTXmTsBVtJqk8jxF9rh8ApRWfsIMQSt2uE4OcpQqbFu7f7NbTK05lx80nuSijCz7sc3a277R67g,"duit gue ilang,ngga lagi lagi pake ovo . heh buat lo semua ya ovo itu permainannya pinter baru juga di update harus update lg otomatis ketika kita mau tf atau pembayaran apapun tibatiba ngga bisa karena belum update terus duit mental ngga tau kemana",1,0,3.149.0,2025-12-12 19:58:14+00:00,,,3.149.0,Dataset/dataset\OVO_googleplay_DECEMBER_reviews.csv,transfer
e2b79b13-2629-478e-9df8-de004ea527bc,Pengguna Google,https://play-lh.googleusercontent.com/EGemoI2NTXmTsBVtJqk8jxF9rh8ApRWfsIMQSt2uE4OcpQqbFu7f7NbTK05lx80nuSijCz7sc3a277R67g,"saya top up diamond tapi ga masuk diamondnya, saya tunggu beberapa jam tetap tidak. sudah saya cek idnya juga benar.",1,0,,2025-11-09 16:58:59+00:00,"Hai Kak @Xiao Mao, mohon maaf atas ketidaknyamanannya. Terkait hal tersebut, silakan laporkan melalui email ke customerservice@gopay.co.id dengan melampirkan kode psr-25-313-1052-05139 pada subject email dan ceritakan kembali detail permasalahannya agar tim kami bisa bantu cek lebih lanjut ya. ^Miko",2025-11-09 17:52:18,,Dataset/dataset\GOPAY_googleplay_NOVEMBER_reviews.csv,topup
578688a7-b93b-4a34-8b89-e55dfc8b4199,Pengguna Google,https://play-lh.googleusercontent.com/EGemoI2NTXmTsBVtJqk8jxF9rh8ApRWfsIMQSt2uE4OcpQqbFu7f7NbTK05lx80nuSijCz7sc3a277R67g,"Setiap topup ngga pernah utuh, padahal udah kena admin, eh malah dipotong lagi....",3,9,1.41.06,2025-10-29 17:09:55+00:00,Hi Kak Bambang. Mohon maaf mengenai kendala dikenakannya biaya admin untuk top up ShopeePay. Untuk gratis biaya admin top up ShopeePay memiliki syarat dan ketentuan tertentu. Informasi lengkap dapat dicek pada link ini ya: https://shopee.co.id/m/isi-saldo-shopeepay-gratis . Semoga informasinya membantu ^CS,2025-10-29 18:11:03,1.41.06,Dataset/dataset\SHOPEEPAY_googleplay_OCTOBER_reviews.csv,topup
80bbd2cd-736e-4e72-aa94-6c5d347c4616,Pengguna Google,https://play-lh.googleusercontent.com/EGemoI2NTXmTsBVtJqk8jxF9rh8ApRWfsIMQSt2uE4OcpQqbFu7f7NbTK05lx80nuSijCz7sc3a277R67g,saya mau tf ke dana tapi nomer nya tardaftan di gopay juga .sedangkan temen saya ga pernah punya gopay .nomer nya pun sudah tidak aktif dari 1thn lalu .akhir nya saya minta rifund .atau balik dana tapi tidak bisa .,1,0,1.64.0,2025-11-24 13:06:13+00:00,"Hai Kak Adisti, sesuai Syarat & Ketentuan GoPay, jika terjadi kesalahan isi/transfer dan sudah berhasil, maka transaksi tidak dapat dibatalkan. Jika kamu memiliki pertanyaan atau kendala lainnya, silakan kunjungi menu Bantuan di aplikasi GoPay kamu atau email ke customerservice@gopay.co.id. ^Melisa",2025-11-24 13:41:31,1.64.0,Dataset/dataset\GOPAY_googleplay_NOVEMBER_reviews.csv,transfer
d4d90fd8-488f-43fb-a924-351bb9d6e1cf,Pengguna Google,https://play-lh.googleusercontent.com/EGemoI2NTXmTsBVtJqk8jxF9rh8ApRWfsIMQSt2uE4OcpQqbFu7f7NbTK05lx80nuSijCz7sc3a277R67g,"Biaya transfer ke bank terlalu besar dan tidak ada gratisan,serta beli quota mahal beda dengan aplikator sebelah",3,3,3.148.0,2025-12-05 13:10:32+00:00,,,3.148.0,Dataset/dataset\OVO_googleplay_DECEMBER_reviews.csv,transfer
c3713c13-2cc4-4901-934e-d5fde12ddd80,Pengguna Google,https://play-lh.googleusercontent.com/EGemoI2NTXmTsBVtJqk8jxF9rh8ApRWfsIMQSt2uE4OcpQqbFu7f7NbTK05lx80nuSijCz7sc3a277R67g,susah tf . gahal mulu sih,1,0,,2025-12-21 10:08:28+00:00,,,,Dataset/dataset\OVO_googleplay_DECEMBER_reviews.csv,transfer
5ee9f48e-4d20-45d8-9b25-06a8de123874,Pengguna Google,https://play-lh.googleusercontent.com/EGemoI2NTXmTsBVtJqk8jxF9rh8ApRWfsIMQSt2uE4OcpQqbFu7f7NbTK05lx80nuSijCz7sc3a277R67g,pas lagi pesan makan nan COD malah gk bisa login shopipy gimah yg antar itu,1,0,,2025-12-09 16:10:18+00:00,"Hi Kak R Ama. Mohon maaf atas kendala tidak bisa login ShopeePay. Agar dapat kami cek lebih lanjut, mohon menghubungi kami dengan melampirkan tangkapan layar kendalanya melalui DM Instagram @ShopeePay_ID ya. Kami akan membantu kendala yang kakak alami. ^EN",2025-12-09 17:17:50,,Dataset/dataset\SHOPEEPAY_googleplay_DECEMBER_reviews.csv,login
5f9f3088-add7-4f08-b996-e380226c98bd,Pengguna Google,https://play-lh.googleusercontent.com/EGemoI2NTXmTsBVtJqk8jxF9rh8ApRWfsIMQSt2uE4OcpQqbFu7f7NbTK05lx80nuSijCz7sc3a277R67g,"e-wallet tersampah yang pernah ada. tarik/kirim saldo harus upgrade ke premier. sedangkan upgrade nya error Mulu. nyesel top up in saldo ovo, malah nyangkut. pantes rating di bawah 4. e-wallet dibawah standar ternyata.",1,0,,2025-11-03 10:05:47+00:00,,,,Dataset/dataset\OVO_googleplay_NOVEMBER_reviews.csv,topup
8e743964-2f41-40b6-b8f0-5415e67f378c,Pengguna Google,https://play-lh.googleusercontent.com/EGemoI2NTXmTsBVtJqk8jxF9rh8ApRWfsIMQSt2uE4OcpQqbFu7f7NbTK05lx80nuSijCz7sc3a277R67g,"top up kemarin siang sampai dini hari pagi, tapi saldo tidak masuk masuk, jadi ngeri pakai gopay",1,1,1.60.0,2025-10-17 08:10:33+00:00,"Hai Kak Marini, pastikan nomor tujuan sudah benar, sudah cek halaman Riwayat, dan coba keluar dan masuk kembali ke aplikasi. Jika saldo masih belum masuk, silakan laporkan melalui menu Bantuan > ketik 'Top up GoPay saya belum masuk' > isi formulir dan cantumkan kode psr-25-290-0300-50016 pada bagian 'Ceritakan lebih lanjut'. ^Maura",2025-10-17 10:00:59,1.60.0,Dataset/dataset\GOPAY_googleplay_OCTOBER_reviews.csv,topup
7259c4c7-535a-4888-a07f-05d93a8fe87c,Pengguna Google,https://play-lh.googleusercontent.com/EGemoI2NTXmTsBVtJqk8jxF9rh8ApRWfsIMQSt2uE4OcpQqbFu7f7NbTK05lx80nuSijCz7sc3a277R67g,aplikasinya jelek dulu pernah aku 2 kali qris gara2 struknya gk ada sekarang kejadian lagi saya top up tapi saldonya gak masuk2 dan disuruh nunggu 2 hari dan gk masuk lagi dan disuruh nunggu lagi 2 hari tapi tetap gk masuk dan disuruh lagi melapor mau sampai mati disuruh melapor mulu gk jelas,1,0,1.60.0,2025-10-31 17:47:24+00:00,"Hai Kak Mutiara, mohon maaf atas ketidaknyamanannya. Jika kamu masih mengalami kendala, silakan laporkan melalui email ke customerservice@gopay.co.id dengan melampirkan kode psr-25-304-1111-39186 pada subject email dan cantumkan nomor laporan kamu sebelumnya pada email yang kamu kirimkan. Kami tunggu detail laporan kamu ya. ^Maura",2025-10-31 18:11:51,1.60.0,Dataset/dataset\GOPAY_googleplay_OCTOBER_reviews.csv,qris
1546fd49-d1e6-423d-946e-d6152ad41df5,Pengguna Google,https://play-lh.googleusercontent.com/EGemoI2NTXmTsBVtJqk8jxF9rh8ApRWfsIMQSt2uE4OcpQqbFu7f7NbTK05lx80nuSijCz7sc3a277R67g,intinya bagus poll plis lu pada semua harus download gopay karena banyak banget keuntungan yang bisa lu dapet ya allah semoga admin gopay melihat komentar saya ini dan di top Up in gopay sebesar 500 ribu cukup kokk amin ya Allah lancarkan urusan nya admin gopay aminn sekian terima gaji,5,0,1.60.0,2025-10-26 12:46:02+00:00,,,1.60.0,Dataset/dataset\GOPAY_googleplay_OCTOBER_reviews.csv,topup
a2816fd0-9504-47f9-a828-8ceec4f1ab9d,Pengguna Google,https://play-lh.googleusercontent.com/EGemoI2NTXmTsBVtJqk8jxF9rh8ApRWfsIMQSt2uE4OcpQqbFu7f7NbTK05lx80nuSijCz7sc3a277R67g,"aplikasi nya eror terus mau transfer gk bisa "" terus cuma load aja... padahal udah di-update. dulu suka enak,""aja, sekarang lemot ada saldonya pas mau tf saldo gk cukup padahal lebih dari cukup",1,2,2.5.0,2025-11-17 13:14:02+00:00,"Hai, Kak Binasrika. Maaf atas ketidaknyamanannya. Kami akan selalu terus memperbaiki sistem demi mencapai kepuasan para pengguna aplikasi blu. Terkait kendala tersebut, pastikan setting waktu di handphone menjadi otomatis, jaringan internet lancar dan stabil atau Kakak boleh switch jaringan pada handphone ya.
",2025-11-17 13:43:28,2.5.0,Dataset/dataset\BLU_googleplay_NOVEMBER_reviews.csv,transfer
812234ab-2c84-400d-8d5b-f9806748f57f,Pengguna Google,https://play-lh.googleusercontent.com/EGemoI2NTXmTsBVtJqk8jxF9rh8ApRWfsIMQSt2uE4OcpQqbFu7f7NbTK05lx80nuSijCz7sc3a277R67g,"aplikasi apaan ini, Transaksi lewat Qris gak bisa alasan ada perbaikan sistem. woi lah udh 2 bulan nih ga bisa pake metode Qris.",1,0,,2025-11-08 03:29:20+00:00,"Hai Kak Dede, maaf atas ketidaknyamanannya. Pastikan kamu menggunakan aplikasi GoPay versi terbaru dan kode QR yang dipindai berasal dari merchant yang menerima pembayaran melalui kode GoPay. Jika masih berkendala, laporkan melalui email ke customerservice@gopay.co.id dan cantumkan kode psr-25-312-2352-19996 pada subjek email. ^Maura",2025-11-08 06:52:26,,Dataset/dataset\GOPAY_googleplay_NOVEMBER_reviews.csv,qris
d6540e16-914c-42d4-b27e-4e1b2a00a93f,Pengguna Google,https://play-lh.googleusercontent.com/EGemoI2NTXmTsBVtJqk8jxF9rh8ApRWfsIMQSt2uE4OcpQqbFu7f7NbTK05lx80nuSijCz7sc3a277R67g,sekarang topup aja ada biayanya,1,0,3.147.0,2025-11-20 09:16:51+00:00,,,3.147.0,Dataset/dataset\OVO_googleplay_NOVEMBER_reviews.csv,topup
9a109536-fec8-4df7-b10b-606f0df38cba,Pengguna Google,https://play-lh.googleusercontent.com/EGemoI2NTXmTsBVtJqk8jxF9rh8ApRWfsIMQSt2uE4OcpQqbFu7f7NbTK05lx80nuSijCz7sc3a277R67g,"saya melakukan tf dari bank lain ke mandiri pribadi saya, tpi tidak ada masuk bukti dan tf ke mandiri, sedangkan di bank lain ada bukti dan tf'an sukses, tolong, hrus kmna saya buat laporan ini....?????, uang yg sya tf ke mandiri gk sdkit soal'a....!!!!!!!!!",1,0,,2025-12-01 06:15:24+00:00,"Halo Sahabat @Agung Lanang, mohon maaf atas ketidaknyamanannya. Terkait kendala Sahabat mohon untuk dapat mengirimkan email ke mandiricare@bankmandiri.co.id atau menghubungi Mandiri Call 14000 lalu tekan 2 agar dapat dilakukan pengecekan. Tks~Cira
",2025-12-01 06:20:35,,Dataset/dataset\LIVIN_googleplay_DECEMBER_reviews.csv,transfer
cfd63f3a-cf8e-41dc-9062-37bf07d3e378,Pengguna Google,https://play-lh.googleusercontent.com/EGemoI2NTXmTsBVtJqk8jxF9rh8ApRWfsIMQSt2uE4OcpQqbFu7f7NbTK05lx80nuSijCz7sc3a277R67g,mangfaat menabung di gopay aman terpercaya dan ya dapat kejutan kejutan dari permainan dan juga bisa transfer ke mana saja semoga gopat tetap berjaya,5,0,1.64.0,2025-11-25 07:19:42+00:00,,,1.64.0,Dataset/dataset\GOPAY_googleplay_NOVEMBER_reviews.csv,transfer
28bd89d9-f617-4afc-8e2e-6847ba6f672a,Pengguna Google,https://play-lh.googleusercontent.com/EGemoI2NTXmTsBVtJqk8jxF9rh8ApRWfsIMQSt2uE4OcpQqbFu7f7NbTK05lx80nuSijCz7sc3a277R67g,"aku top up Diamond ML pake ID teman malah masuk nya ke akun aku, terpaksa ganti duit teman, padahal udh benar aku masukin id dan muncul nama nya , Diamond blm aku pakai tapi ga bisa di refund",1,1,1.62.0,2025-11-14 20:33:32+00:00,,,1.62.0,Dataset/dataset\GOPAY_googleplay_NOVEMBER_reviews.csv,topup
681d1695-d17a-49b9-b760-6817bc2aa1dc,Pengguna Google,https://play-lh.googleusercontent.com/EGemoI2NTXmTsBVtJqk8jxF9rh8ApRWfsIMQSt2uE4OcpQqbFu7f7NbTK05lx80nuSijCz7sc3a277R67g,server kamu jelek masuk ke aplikasi login loading.. doang gak masuk² pingin ganti provider... capek nunggunya,1,0,3.147.0,2025-11-12 11:21:47+00:00,,,3.147.0,Dataset/dataset\OVO_googleplay_NOVEMBER_reviews.csv,login
a9e480e3-f58d-49d8-83fc-3bf68a33bc6d,Pengguna Google,https://play-lh.googleusercontent.com/EGemoI2NTXmTsBVtJqk8jxF9rh8ApRWfsIMQSt2uE4OcpQqbFu7f7NbTK05lx80nuSijCz7sc3a277R67g,"Tolong bagian loading sidik jari dan pas mau masuk itu di perbaiki dan di percepat lagi, responnya lama bangeeeeeeetttt apalagi kalo mau di pakai buat Qris",1,1,2.7.20,2025-12-28 21:41:21+00:00,"Hai, Kak Aditia. Maaf atas ketidaknyamanannya. Kami akan selalu terus memperbaiki sistem demi mencapai kepuasan para pengguna aplikasi blu. Terkait kendala tersebut pastikan Kakak menggunakan aplikasi blu versi terbaru dan jaringan internet lancar dan stabil serta tidak menggunakan jaringan WiFi.",2025-12-28 21:51:41,2.7.20,Dataset/dataset\BLU_googleplay_DECEMBER_reviews.csv,qris
bf157e4d-1947-45f8-ab7e-30f7da1c270e,Pengguna Google,https://play-lh.googleusercontent.com/EGemoI2NTXmTsBVtJqk8jxF9rh8ApRWfsIMQSt2uE4OcpQqbFu7f7NbTK05lx80nuSijCz7sc3a277R67g,"penyelesaian masalahnya lama,sudah ke 2x kejadian transaksi transfer nyangkut,di refresh tetap ke hold,nunggu penyelesaian pas hari kerja doang,emang gak bisa cpt sistemnya? kecewa banget. sangat sangat mengecewakan.",2,61,3.144.0,2025-10-03 17:52:01+00:00,,,3.144.0,Dataset/dataset\OVO_googleplay_OCTOBER_reviews.csv,transfer
28bb54bd-e65c-47ef-af92-bff89cf7f3e9,Pengguna Google,https://play-lh.googleusercontent.com/EGemoI2NTXmTsBVtJqk8jxF9rh8ApRWfsIMQSt2uE4OcpQqbFu7f7NbTK05lx80nuSijCz7sc3a277R67g,"aku kemarin habis di transfer sama temenku, saldo temenku udah berkurang, tapi saldo ku ga nambah sama sekali, udah buat laporan di aplikasinya ga ada perbaikan, malah disuruh nunggu berhari-hari tapi ga ada hasil, mohon dibenahi lagi ya developer nya, walaupun nominal nya ga banyak, tapi itu juga uang",1,49,1.64.1,2025-11-28 08:06:16+00:00,"Hai Kak Putri, mohon maaf atas ketidaknyamanannya. Jika kamu masih mengalami kendala, silakan laporkan melalui email ke customerservice@gopay.co.id dengan melampirkan kode psr-25-332-0136-37030 pada subject email dan cantumkan nomor laporan kamu sebelumnya pada email yang kamu kirimkan. Kami tunggu detail laporan kamu ya. ^Maura",2025-11-28 08:36:43,1.64.1,Dataset/dataset\GOPAY_googleplay_NOVEMBER_reviews.csv,transfer
85793c8c-5a2f-4be1-8418-dd6833e3cbb6,Pengguna Google,https://play-lh.googleusercontent.com/EGemoI2NTXmTsBVtJqk8jxF9rh8ApRWfsIMQSt2uE4OcpQqbFu7f7NbTK05lx80nuSijCz7sc3a277R67g,App gk membantu katanya bisa pinjam Spinjam/ paylayter udh daftar tp ditolak terus cuma bisa buat transfer aj gk ad guna App ini,1,0,1.44.05,2025-12-18 14:57:23+00:00,"Hai kak Sri Mulyati, maaf buat kamu ga nyaman terkait kendala salah transfer. Agar aku bisa bantu yuk infoin ke aku detail kendala kamu ke DM Social Media Twitter(X) @ShopeeCare ya. Sehat selalu ^GS",2025-11-03 09:24:09,1.44.05,Dataset/dataset\SHOPEEPAY_googleplay_DECEMBER_reviews.csv,transfer
5d04c7db-ed7b-4a84-ba8c-abb20d82317f,Pengguna Google,https://play-lh.googleusercontent.com/EGemoI2NTXmTsBVtJqk8jxF9rh8ApRWfsIMQSt2uE4OcpQqbFu7f7NbTK05lx80nuSijCz7sc3a277R67g,oke sii cuma kadang suka ribet kalo tf ke bank lain haha tapi gpp asal bersabarr,5,0,1.42.03,2025-11-19 04:20:13+00:00,"Hi Kak. Terima kasih telah menggunakan ShopeePay. Mari cek aplikasi ShopeePay karena banyak fitur yang mempermudah keseharian kakak seperti pembelian pulsa, paket data, pembayaran tagihan listrik dan pembayaran lainnya. Jika kakak memiliki pertanyaan seputar ShopeePay, mohon DM kami di Instagram @ShopeePay_ID ya. Semoga harimu menyenangkan ^RJ",2025-11-19 09:18:34,1.42.03,Dataset/dataset\SHOPEEPAY_googleplay_NOVEMBER_reviews.csv,transfer
6c732f90-993b-43fd-9ae9-29383429d3bf,Pengguna Google,https://play-lh.googleusercontent.com/EGemoI2NTXmTsBVtJqk8jxF9rh8ApRWfsIMQSt2uE4OcpQqbFu7f7NbTK05lx80nuSijCz7sc3a277R67g,"aplikasi tolol. mau login aja ga bisa, suruh hubungi cs. lah pas klik menu huhungi cs malah di arahkan ke bagian pertanyaan pertanyaan umum. kan tolol yak, hadeeh aneeh",1,0,1.16.01,2025-11-21 17:54:14+00:00,"Hi Kak Fachrilo. Mohon maaf atas kendala tidak bisa login & tidak bisa hubungi CS. Kami siap membantu kakak, terkait kendala tersebut mohon menghubungi kami melalui DM ke Instagram @ShopeePay_ID dengan melampirkan foto/screenshot notifikasi kendala yang dialami untuk bantuan lebih lanjut. Semoga kendala kakak segera terselesaikan ya. ^CS",2025-11-21 18:22:13,1.16.01,Dataset/dataset\SHOPEEPAY_googleplay_NOVEMBER_reviews.csv,login
d4a4d94a-7936-4ccf-909e-26482c28f3c7,Pengguna Google,https://play-lh.googleusercontent.com/EGemoI2NTXmTsBVtJqk8jxF9rh8ApRWfsIMQSt2uE4OcpQqbFu7f7NbTK05lx80nuSijCz7sc3a277R67g,"Sudah berkali-kali bukan sekali dua kali saya mengalami kendala login: tiba-tiba logout sendiri, diminta verifikasi ulang, diminta input ulang data pribadi lengkap (NIK, npwp, nama ibu kandung, dll) padahal semua data itu sudah tersimpan bertahun-tahun di sistem Anda. Prosesnya ribet luar biasa, memakan waktu puluhan menit, dan sering kali tetap gagal meski semua data sudah diisi dengan benar. Hari ini saja saya sudah mencoba lebih dari 10 kali dalam 2 jam dan tetap tidak bisa masuk! segera eval",1,0,,2025-11-24 06:34:55+00:00,"Halo, Jagoan! Saya mohon maaf atas kendala dan ketidaknyamanan kamu ya. Saya mengerti kesulitan yang kamu hadapi terkait kendala ini. Supaya bisa membantu lebih lanjut, mohon untuk hubungi email kami di tanya@jago.com atau melalui telpon di 1500 746/+62 21 3000 0746. Secepatnya akan kami cek dan tangani :)",2025-11-24 07:39:54,,Dataset/dataset\JAGO_googleplay_NOVEMBER_reviews.csv,login
8b1b2e40-c90d-44c8-b53b-e245419dd85c,Pengguna Google,https://play-lh.googleusercontent.com/EGemoI2NTXmTsBVtJqk8jxF9rh8ApRWfsIMQSt2uE4OcpQqbFu7f7NbTK05lx80nuSijCz7sc3a277R67g,ga bsa login pake akun lama entah knp,1,0,,2025-11-15 22:49:08+00:00,"Hai, Kak Selly. Maaf atas ketidaknyamanannya. Kami akan selalu berusaha memberikan yang terbaik demi memenuhi kebutuhan perbankan Kakak. Terkait kendala tersebut boleh infokan detail kendala serta kirimkan gambar kendalanya ke X @haloblu atau email haloblu@bcadigital.co.id agar kami bisa bantu lebih lanjut ya.",2025-11-15 23:14:45,,Dataset/dataset\BLU_googleplay_NOVEMBER_reviews.csv,login
73431f8b-12f9-4923-9f52-34f19b7d9ca3,Pengguna Google,https://play-lh.googleusercontent.com/EGemoI2NTXmTsBVtJqk8jxF9rh8ApRWfsIMQSt2uE4OcpQqbFu7f7NbTK05lx80nuSijCz7sc3a277R67g,saya kasih bintang 4 karna ada pajak padahal bayarnya qris 🥀,4,0,1.44.05,2025-12-22 08:05:56+00:00,"Hi Kak Ahmad. Mohon maaf atas ketidaknyamanannya terkait adanya pajak saat pembayaran QRIS. Agar dapat kami cek lebih lanjut, mohon menghubungi kami dengan melampirkan detail kendala dan tangkapan layar kendalanya melalui DM Instagram @ShopeePay_ID ya. Kami akan membantu kendala yang kakak alami. ^EN",2025-12-22 17:30:52,1.44.05,Dataset/dataset\SHOPEEPAY_googleplay_DECEMBER_reviews.csv,qris
15c3a9c1-f5f3-4c24-8e33-9b5565693df6,Pengguna Google,https://play-lh.googleusercontent.com/EGemoI2NTXmTsBVtJqk8jxF9rh8ApRWfsIMQSt2uE4OcpQqbFu7f7NbTK05lx80nuSijCz7sc3a277R67g,saya suka karena transaksi gratis mulai dari transfer ☺,5,0,1.59.0,2025-10-01 11:33:27+00:00,,,1.59.0,Dataset/dataset\GOPAY_googleplay_OCTOBER_reviews.csv,transfer
db298611-2a7b-42d2-a773-a7a8a4582541,Pengguna Google,https://play-lh.googleusercontent.com/EGemoI2NTXmTsBVtJqk8jxF9rh8ApRWfsIMQSt2uE4OcpQqbFu7f7NbTK05lx80nuSijCz7sc3a277R67g,belum bisa topup briZzi,3,0,1.45.09,2025-12-24 00:25:55+00:00,"Hi Kak Dani. Mohon maaf atas kendala tidak bisa Top Up untuk Brizzi. Terkait kendala tersebut mohon menghubungi kami melalui DM ke Instagram @ShopeePay_ID yang bercentang biru, dengan menginformasikan detail dan bukti kendala untuk bantuan lebih lanjut. Semoga kendala kakak segera terselesaikan ya. ^CS",2025-12-24 11:03:06,1.45.09,Dataset/dataset\SHOPEEPAY_googleplay_DECEMBER_reviews.csv,topup
8026699d-9dc2-4e25-8171-f6f53d9863f0,Pengguna Google,https://play-lh.googleusercontent.com/EGemoI2NTXmTsBVtJqk8jxF9rh8ApRWfsIMQSt2uE4OcpQqbFu7f7NbTK05lx80nuSijCz7sc3a277R67g,"gak bisa login lagi, kenapa ini?",1,0,3.89.0,2025-12-22 12:36:55+00:00,,,3.89.0,Dataset/dataset\OVO_googleplay_DECEMBER_reviews.csv,login
4d305c6f-5213-414f-b133-eae29af1ffd4,Pengguna Google,https://play-lh.googleusercontent.com/EGemoI2NTXmTsBVtJqk8jxF9rh8ApRWfsIMQSt2uE4OcpQqbFu7f7NbTK05lx80nuSijCz7sc3a277R67g,"udah beberapa hari gabisa transfer, ini gimana dong plisss perbaiki lah",1,0,,2025-11-21 16:04:16+00:00,,,,Dataset/dataset\OVO_googleplay_NOVEMBER_reviews.csv,transfer
0f41fd9b-13ab-453a-afef-e08f42e6b315,Pengguna Google,https://play-lh.googleusercontent.com/EGemoI2NTXmTsBVtJqk8jxF9rh8ApRWfsIMQSt2uE4OcpQqbFu7f7NbTK05lx80nuSijCz7sc3a277R67g,"tidak bisa topup di alfamart/indomaret kebayang ga sih,2025 ada aplikasi yang ga bisa topup melalui dua minimarket itu? sangat tidak fleksibel ! merepotkan !",1,0,,2025-12-05 20:28:36+00:00,"Halo, Jagoan! Mohon maaf apabila terdapat fitur atau layanan Jago yang belum sesuai harapan kamu. Kamu bisa menghubungi Tanya Jago di nomor 1500746 / 021-30000746 atau e-mail ke tanya@jago.com untuk kami bantu cek kendalanya lebih lanjut ya. Agent kami dengan senang hati membantu kamu.",2025-12-05 23:29:58,,Dataset/dataset\JAGO_googleplay_DECEMBER_reviews.csv,topup
f3ba579f-f308-4f07-9495-7343ce922cea,Pengguna Google,https://play-lh.googleusercontent.com/EGemoI2NTXmTsBVtJqk8jxF9rh8ApRWfsIMQSt2uE4OcpQqbFu7f7NbTK05lx80nuSijCz7sc3a277R67g,"apalah login harus pake nomor kartu bukannye email atau no handphone, kalo registrasi barukan blm ada kartu kocak, kl udh ke uninstall dluan sebelum ss no kartuny jdi ilang kaya gini kocakkkk, apk kocak, bahkan ulasan dri tgl 30 bln 6 thn 25 aja sma sekali kaga didenger , susah emng apk bumn",1,0,,2025-11-11 04:12:00+00:00,"Halo Sahabat @Sahrul Ramadhan, mohon maaf atas ketidaknyamannya. Perihal kendala pada layanan Livin' by Mandiri, mohon untuk dapat mengirimkan email ke mandiricare@bankmandiri.co.id atau dapat menghubungi layanan mandiri 14000 agar dapat dilakukan pengecekan. Tks~Ervan",2025-11-11 04:18:45,,Dataset/dataset\LIVIN_googleplay_NOVEMBER_reviews.csv,login
06104eaf-d156-4b1d-96e8-8c9ee9517519,Pengguna Google,https://play-lh.googleusercontent.com/EGemoI2NTXmTsBVtJqk8jxF9rh8ApRWfsIMQSt2uE4OcpQqbFu7f7NbTK05lx80nuSijCz7sc3a277R67g,topup blom masuk sampe hari ini padahal di konter udh sukses terkirim tidak ada solusi dari gopay,1,1,1.60.0,2025-10-16 20:25:38+00:00,"Hai Kak Jefry, pastikan nomor tujuan sudah benar, sudah cek halaman Riwayat, dan coba keluar dan masuk kembali ke aplikasi. Jika saldo masih belum masuk, silakan laporkan melalui menu Bantuan > ketik 'Top up GoPay saya belum masuk' > isi formulir dan cantumkan kode psr-25-289-1403-15788 pada bagian 'Ceritakan lebih lanjut'. ^Melisa",2025-10-16 21:03:24,1.60.0,Dataset/dataset\GOPAY_googleplay_OCTOBER_reviews.csv,topup
26f48d52-3540-41b6-b2a0-60f531b94811,Pengguna Google,https://play-lh.googleusercontent.com/EGemoI2NTXmTsBVtJqk8jxF9rh8ApRWfsIMQSt2uE4OcpQqbFu7f7NbTK05lx80nuSijCz7sc3a277R67g,apk ini ga da penyelesaian ketika kita terkendala topup saldo sukses tapi saldo ga masuk bahkan di riwayat transaksipun ga da kabar nya minta bantuan harus tunggu 2hr gmn ini,1,0,1.60.0,2025-10-22 23:41:07+00:00,"Hai Kak Aya, mohon maaf atas ketidaknyamanannya. Jika kamu masih mengalami kendala, silakan laporkan melalui email ke customerservice@gopay.co.id dengan melampirkan kode psr-25-296-0122-52228 pada subject email dan cantumkan nomor laporan kamu sebelumnya pada email yang kamu kirimkan. Kami tunggu detail laporan kamu ya. ^Maura",2025-10-23 08:22:57,1.60.0,Dataset/dataset\GOPAY_googleplay_OCTOBER_reviews.csv,topup
6c3edc57-ef96-4761-9477-43a3b256389d,Pengguna Google,https://play-lh.googleusercontent.com/EGemoI2NTXmTsBVtJqk8jxF9rh8ApRWfsIMQSt2uE4OcpQqbFu7f7NbTK05lx80nuSijCz7sc3a277R67g,"mandiri adalah bank besar tapi sangat meresahkan, paling ribet, dan menghawatirkan dibanding bank lain salah satu contoh ketika ganti hp mau kedip sampai jutaan kali tetap gagal ini muka asli muka gw padahal benar sangat aneh dan meresahkan",1,5,3.2.0,2025-11-26 18:06:38+00:00,"Halo Sahabat @Miftahul Akhsan, mohon maaf atas ketidaknyamanannya. Terkait kendala Sahabat mohon untuk dapat mengirimkan email ke mandiricare@bankmandiri.co.id atau dapat menghubungi Mandiri Call 14000 lalu tekan 2 agar dapat dilakukan pengecekan. Tks~Amar",2025-11-26 18:09:30,3.2.0,Dataset/dataset\LIVIN_googleplay_NOVEMBER_reviews.csv,vermuk
666ee0bb-c772-4ded-91d7-b421a7f3548b,Pengguna Google,https://play-lh.googleusercontent.com/EGemoI2NTXmTsBVtJqk8jxF9rh8ApRWfsIMQSt2uE4OcpQqbFu7f7NbTK05lx80nuSijCz7sc3a277R67g,"mahal bgttt potongannya kalo tiap topup, lebih baik pake gopay",1,0,3.149.0,2025-12-19 07:46:48+00:00,,,3.149.0,Dataset/dataset\OVO_googleplay_DECEMBER_reviews.csv,topup
c902ddcf-c095-4d28-9e9c-0395e679cdc3,Pengguna Google,https://play-lh.googleusercontent.com/EGemoI2NTXmTsBVtJqk8jxF9rh8ApRWfsIMQSt2uE4OcpQqbFu7f7NbTK05lx80nuSijCz7sc3a277R67g,mestinya saldo GO-PAY bisa dijadikan transaksi debit by QRIS,4,0,1.60.0,2025-10-26 18:57:46+00:00,,,1.60.0,Dataset/dataset\GOPAY_googleplay_OCTOBER_reviews.csv,qris
afa009af-6ed5-4d7d-bfa9-159ceb55fecb,Pengguna Google,https://play-lh.googleusercontent.com/EGemoI2NTXmTsBVtJqk8jxF9rh8ApRWfsIMQSt2uE4OcpQqbFu7f7NbTK05lx80nuSijCz7sc3a277R67g,"top up gopay 50k gamasuk"" nunggu 2 hari udh 2 hari blom masuk juga gaada respon",1,1,1.62.0,2025-11-15 09:02:22+00:00,"Hai Kak @No Name, mohon maaf atas ketidaknyamanannya. Jika masih mengalami keluhan, silakan laporkan melalui email ke customerservice@gopay.co.id dengan melampirkan kode psr-25-319-0611-22761 pada subject email dan cantumkan nomor laporan sebelumnya serta ceritakan kembali detail permasalahannya. Kami tunggu detail laporan kamu ya. ^Miko",2025-11-15 13:11:38,1.62.0,Dataset/dataset\GOPAY_googleplay_NOVEMBER_reviews.csv,topup
53646a18-a286-4ed1-97d5-f29c059ee5c4,Pengguna Google,https://play-lh.googleusercontent.com/EGemoI2NTXmTsBVtJqk8jxF9rh8ApRWfsIMQSt2uE4OcpQqbFu7f7NbTK05lx80nuSijCz7sc3a277R67g,"gabisa tf ke dana dari awal instal, payah",1,1,1.60.0,2025-10-18 01:36:08+00:00,"Hai Kak Dea, sebelum transfer, pastikan status upgrade GoPay Plus sudah 'Diterima', nomor penerima valid dan tidak terblokir. Jika masih bermasalah, silakan kunjungi menu Bantuan di aplikasi GoPay atau email ke customerservice@gopay.co.id dan cantumkan kode psr-25-291-0601-23099 pada subjek email. ^Miko",2025-10-18 13:01:41,1.60.0,Dataset/dataset\GOPAY_googleplay_OCTOBER_reviews.csv,transfer
9f8f1728-2db5-4079-a2a9-b583e9d814ed,Pengguna Google,https://play-lh.googleusercontent.com/EGemoI2NTXmTsBVtJqk8jxF9rh8ApRWfsIMQSt2uE4OcpQqbFu7f7NbTK05lx80nuSijCz7sc3a277R67g,"saya transfer ke akun OVO saya tapi belum masuk""",1,0,3.145.0,2025-10-22 17:15:16+00:00,,,3.145.0,Dataset/dataset\OVO_googleplay_OCTOBER_reviews.csv,transfer
71addca9-0cfe-493a-b66d-afec12af91c8,Pengguna Google,https://play-lh.googleusercontent.com/EGemoI2NTXmTsBVtJqk8jxF9rh8ApRWfsIMQSt2uE4OcpQqbFu7f7NbTK05lx80nuSijCz7sc3a277R67g,maaf KK knpa ovo saya ada masalah mau transfer kenapa bila g masih di proses 2hari bekerja gmna nih ovo,2,0,3.147.0,2025-11-17 08:13:30+00:00,,,3.147.0,Dataset/dataset\OVO_googleplay_NOVEMBER_reviews.csv,transfer
5f9b0b97-3738-4de6-9ba8-be90642ba681,Pengguna Google,https://play-lh.googleusercontent.com/EGemoI2NTXmTsBVtJqk8jxF9rh8ApRWfsIMQSt2uE4OcpQqbFu7f7NbTK05lx80nuSijCz7sc3a277R67g,nyesel bngt dehh maaf maaf hari hari dipake ok aja tapi ga sekali 2 nihh transfer pending ga nyimpen nyimpen uang disini lagi kecewa,1,0,1.42.03,2025-11-05 11:49:53+00:00,"Hi Kak Siti. Mohon maaf atas kendala transfer saldo ShopeePay yang masih dalam proses. Terkait kendala tersebut mohon menghubungi kami melalui DM ke Instagram @ShopeePay_ID yang bercentang biru, dengan melampirkan bukti transfer yang terkendala untuk bantuan lebih lanjut. Semoga kendala kakak segera terselesaikan ya. ^CS",2025-11-05 11:35:53,1.42.03,Dataset/dataset\SHOPEEPAY_googleplay_NOVEMBER_reviews.csv,transfer
cee4e4b3-7528-4b3b-9cae-f27a49c4d137,Pengguna Google,https://play-lh.googleusercontent.com/EGemoI2NTXmTsBVtJqk8jxF9rh8ApRWfsIMQSt2uE4OcpQqbFu7f7NbTK05lx80nuSijCz7sc3a277R67g,"loading screen awal untuk buka app sangat lama. terjadi di app livin bukan milik saya saja tapi teman2 di kantor juga mengeluhkan hal yang sama. Mohon di perbaiki karena untuk pembayaran qris jadi terkendala. (Sudah update app terbaru, internet lancar, dengan hp keluaran terbaru.)",4,0,3.1.0,2025-11-02 17:04:13+00:00,"Halo Sahabat @Adi Hanif, mohon maaf atas ketidaknyamanannya. Perihal tsb mohon kesediaannya menghubungi layanan mandiri call 14000 atau mengirimkan email ke mandiricare@bankmandiri.co.id agar dpt kami lakukan pengecekan lebih lanjut ya. Tks~Zafran",2025-11-02 17:46:13,3.1.0,Dataset/dataset\LIVIN_googleplay_NOVEMBER_reviews.csv,qris
0fa42590-ca15-4658-a41b-93cb41e92868,Pengguna Google,https://play-lh.googleusercontent.com/EGemoI2NTXmTsBVtJqk8jxF9rh8ApRWfsIMQSt2uE4OcpQqbFu7f7NbTK05lx80nuSijCz7sc3a277R67g,maaf kak setiap saya login lagi ada perbaikan Mulu harus langsung ke bank mandiri yh gimana ini kak kasih solusi yah🙏,2,0,,2025-11-24 08:06:33+00:00,"Halo Sahabat @Titin Novianti, mohon maaf atas ketidaknyamannya. Untuk perihal kendala pada layanan Livin' by Mandiri, mohon untuk dapat mengirimkan email ke mandiricare@bankmandiri.co.id atau dapat menghubungi layanan mandiri 14000 agar dapat dilakukan pengecekan. Tks~Irish",2025-11-24 08:10:14,,Dataset/dataset\LIVIN_googleplay_NOVEMBER_reviews.csv,login
78f6169f-ab95-4f65-829b-7d957f0ed3f9,Pengguna Google,https://play-lh.googleusercontent.com/EGemoI2NTXmTsBVtJqk8jxF9rh8ApRWfsIMQSt2uE4OcpQqbFu7f7NbTK05lx80nuSijCz7sc3a277R67g,super mantap ..sangat membantu dan mudah sekali untuk transfer,5,0,1.62.0,2025-11-07 13:16:23+00:00,,,1.62.0,Dataset/dataset\GOPAY_googleplay_NOVEMBER_reviews.csv,transfer
5e79723e-3db3-4bc9-a70b-aa9d286d3a74,Pengguna Google,https://play-lh.googleusercontent.com/EGemoI2NTXmTsBVtJqk8jxF9rh8ApRWfsIMQSt2uE4OcpQqbFu7f7NbTK05lx80nuSijCz7sc3a277R67g,Sangat membantu utk kami oara TKI di luar negri. Transfer uang lbh mudah👍👍👍,5,0,,2025-12-11 11:18:31+00:00,"Halo Sahabat @Siti Nurjanah, terima kasih atas review yang telah diberikan. Semoga terus menikmati kemudahan dan kenyamanan dalam menggunakan Livin' by Mandiri ya. Daftarkan transaksi secepat kilat pada menu Quick Pick untuk diakses pada halaman Login atau Beranda. Yuk coba sekarang. Tks~Carissa",2025-12-11 11:20:28,,Dataset/dataset\LIVIN_googleplay_DECEMBER_reviews.csv,transfer
d4268243-9408-4701-8e5a-97ab733fd9eb,Pengguna Google,https://play-lh.googleusercontent.com/EGemoI2NTXmTsBVtJqk8jxF9rh8ApRWfsIMQSt2uE4OcpQqbFu7f7NbTK05lx80nuSijCz7sc3a277R67g,"aplikasi kacau banget ini,mau TF ke bank malah dalam proses trus, costumer servis nya gk jelas juga lagi,mana gk bisa membantu,harus nunggu mulu",1,1,1.23.04,2025-10-01 22:02:12+00:00,"Hi Kak. Mohon maaf mengenai kendala transfer ShopeePay ke rekening bank yang masih dalam proses. Untuk pengecekan lebih lanjut, mohon menghubungi kami melalui DM ke Instagram @ShopeePay_ID dengan melampirkan bukti transfer yang tertera nomor transaksi (Order SN), nominal, tanggal dan waktu transaksi. ^EN",2025-10-02 11:32:03,1.23.04,Dataset/dataset\SHOPEEPAY_googleplay_OCTOBER_reviews.csv,transfer
a7c986f9-aba3-4a03-bc36-a079451207f5,Pengguna Google,https://play-lh.googleusercontent.com/EGemoI2NTXmTsBVtJqk8jxF9rh8ApRWfsIMQSt2uE4OcpQqbFu7f7NbTK05lx80nuSijCz7sc3a277R67g,"Dah jadi pelanggan setia Gopay fitur fiturnya mantul Apalagi transfer gratisnya Hanya saran aja setelah lihat langsung tarif Gojek/Gocar ... serem banget ya potongan utk Gojeknya tolong dikurangi lah..... masak sampai 35% ntah apa alasannya, kan dah jalan lama juga ini aplikasi dah banyak untung kan makasih",5,0,1.62.0,2025-11-20 17:52:33+00:00,,,1.62.0,Dataset/dataset\GOPAY_googleplay_NOVEMBER_reviews.csv,transfer
bb75c6ab-38af-48b2-ab01-0aaae52021eb,Pengguna Google,https://play-lh.googleusercontent.com/EGemoI2NTXmTsBVtJqk8jxF9rh8ApRWfsIMQSt2uE4OcpQqbFu7f7NbTK05lx80nuSijCz7sc3a277R67g,"knpa harus premium ini yang anak di bawah umur mau tf"" ga bisa dong",1,1,1.59.0,2025-10-10 12:26:30+00:00,"Mohon maaf, Kak Nurul. Sebelum transfer, pastikan status upgrade GoPay Plus sudah 'Diterima', ya. Namun, laporan yang disampaikan akan menjadi masukan bagi kami untuk terus meningkatkan kualitas layanan ke depannya. Jika ada pertanyaan lainnya, silakan kunjungi menu Bantuan di aplikasi GoPay atau email ke customerservice@gopay.co.id. ^Maura",2025-10-10 15:26:27,1.59.0,Dataset/dataset\GOPAY_googleplay_OCTOBER_reviews.csv,transfer
f0b01d92-3e09-4e7a-842a-fa6633531ac0,Pengguna Google,https://play-lh.googleusercontent.com/EGemoI2NTXmTsBVtJqk8jxF9rh8ApRWfsIMQSt2uE4OcpQqbFu7f7NbTK05lx80nuSijCz7sc3a277R67g,"aku suka bangett pake aplikasi e-wallet ini! soalnya ada permainan, gratis transfer ke siapa aja bisa kasih hadiah ke orang lain! tapi tolong tingkatkan lagi yaa aplikasinya🤍",4,1,1.60.0,2025-10-10 05:56:36+00:00,,,1.60.0,Dataset/dataset\GOPAY_googleplay_OCTOBER_reviews.csv,transfer
2014e232-ab69-4432-baeb-161da4707d60,Pengguna Google,https://play-lh.googleusercontent.com/EGemoI2NTXmTsBVtJqk8jxF9rh8ApRWfsIMQSt2uE4OcpQqbFu7f7NbTK05lx80nuSijCz7sc3a277R67g,"mau TF ke dana or spay tp tulisannya saldo tidak mencukupi. contoh saldoku 25k, mau TF 25k gabisa, 24k gabisa, 23k gabisa. mmek",1,0,8.79.0,2025-12-21 19:28:23+00:00,"Halo, Jagoan! Mohon maaf atas ketidaknyamanannya ya. Untuk kendala yang kamu alami, bisakah diinformasikan secara detail ke Tanya Jago di nomor 1500746 /+62 21 3000 0746 atau email ke tanya@jago.com? Kami dengan senang hati akan membantu kamu. :)",2025-12-21 19:30:27,8.79.0,Dataset/dataset\JAGO_googleplay_DECEMBER_reviews.csv,transfer
31d68985-e1ca-4f37-afeb-c967e4e3e90f,Pengguna Google,https://play-lh.googleusercontent.com/EGemoI2NTXmTsBVtJqk8jxF9rh8ApRWfsIMQSt2uE4OcpQqbFu7f7NbTK05lx80nuSijCz7sc3a277R67g,saya top up gopay 10k tapi tidak masuk,3,0,,2025-11-12 13:50:41+00:00,"Hai Kak Adi, pastikan nomor tujuan sudah benar, sudah cek halaman Riwayat, dan coba keluar dan masuk kembali ke aplikasi. Jika saldo masih belum masuk, silakan laporkan melalui menu Bantuan > ketik 'Top up GoPay saya belum masuk' > isi formulir dan cantumkan kode psr-25-316-0737-38781 pada bagian 'Ceritakan lebih lanjut'. ^Melisa",2025-11-12 14:37:46,,Dataset/dataset\GOPAY_googleplay_NOVEMBER_reviews.csv,topup
913e676d-741a-4b02-8cb0-dfa6e53067bc,Pengguna Google,https://play-lh.googleusercontent.com/EGemoI2NTXmTsBVtJqk8jxF9rh8ApRWfsIMQSt2uE4OcpQqbFu7f7NbTK05lx80nuSijCz7sc3a277R67g,apk banyak kendala dari login ngk bisa masuk daftar KTP ngk di acc ..trus lagi saran perbaikan sistem nx,1,0,,2025-10-23 13:12:17+00:00,"Halo, Jagoan. Mohon maaf atas kendala yang terjadi ya. Kamu tidak perlu khawatir, kamu bisa menjelaskan detail kendala tersebut melalui email di tanya@jago.com atau call center 1500 746 untuk kami bantu tangani lebih lanjut. Terima kasih :)",2025-10-23 14:12:58,,Dataset/dataset\JAGO_googleplay_OCTOBER_reviews.csv,login
b39c25ed-ec69-4b1c-991b-28cd98596c0c,Pengguna Google,https://play-lh.googleusercontent.com/EGemoI2NTXmTsBVtJqk8jxF9rh8ApRWfsIMQSt2uE4OcpQqbFu7f7NbTK05lx80nuSijCz7sc3a277R67g,saya topup udh 2 hari gak masuk2 dan gak ada tindakan lanjutan dari pihak gopay nya,1,0,,2025-10-15 16:00:21+00:00,"Hai Kak Ridwan, mohon maat atas ketidaknyamanannya. Jika kamu masih mengalami kendala, silakan laporkan melalui email ke customerservice@gopay.co.id dengan melampirkan kode psr-25-288-1528-21587 pada subject email dan cantumkan nomor laporan kamu sebelumnya pada email yang kamu kirimkan. Kami tunggu detail laporan kamu ya. ^Melisa",2025-10-15 22:28:30,,Dataset/dataset\GOPAY_googleplay_OCTOBER_reviews.csv,topup
6dad1044-0fe5-4980-b0af-7f8a84c39f78,Pengguna Google,https://play-lh.googleusercontent.com/EGemoI2NTXmTsBVtJqk8jxF9rh8ApRWfsIMQSt2uE4OcpQqbFu7f7NbTK05lx80nuSijCz7sc3a277R67g,untuk aplikasinya bagus cuma kenapa ini saya baru ngalamin masalah yang dimana saya top up diamond di gopay games tapi kenapa diamondnya ngak masuk ke gamenya tolong dong diperbaiki sama aja ini saya yang rugi,3,6,1.64.0,2025-11-18 20:32:17+00:00,"Hai Kak Abdullah, mohon maaf atas ketidaknyamanannya. Terkait hal tersebut, silakan laporkan melalui email ke customerservice@gopay.co.id dengan melampirkan kode psr-25-322-1359-27338 pada subject email dan ceritakan kembali detail permasalahannya agar tim kami bisa bantu cek lebih lanjut ya. ^Melisa",2025-11-18 20:59:39,1.64.0,Dataset/dataset\GOPAY_googleplay_NOVEMBER_reviews.csv,topup
b4e81605-c5fd-4a1e-bf5f-9bd25a2cd044,Pengguna Google,https://play-lh.googleusercontent.com/EGemoI2NTXmTsBVtJqk8jxF9rh8ApRWfsIMQSt2uE4OcpQqbFu7f7NbTK05lx80nuSijCz7sc3a277R67g,saya melakukan top up menggunakan bank BRIVA dari pukul 2:51 11 oktober 2025 sampai sekarang tidak kunjung masuk saldo nya,1,0,1.60.0,2025-10-11 18:16:52+00:00,"Hai Kak Ardan, pastikan nomor tujuan sudah benar, sudah cek halaman Riwayat, dan coba keluar dan masuk kembali ke aplikasi. Jika saldo masih belum masuk, silakan laporkan melalui menu Bantuan > ketik 'Top up GoPay saya belum masuk' > isi formulir dan cantumkan kode psr-25-284-1151-40459 pada bagian 'Ceritakan lebih lanjut'. ^Miko",2025-10-11 18:52:00,1.60.0,Dataset/dataset\GOPAY_googleplay_OCTOBER_reviews.csv,topup
ffdde866-bccd-4074-8f19-8499afdd7fe9,Pengguna Google,https://play-lh.googleusercontent.com/EGemoI2NTXmTsBVtJqk8jxF9rh8ApRWfsIMQSt2uE4OcpQqbFu7f7NbTK05lx80nuSijCz7sc3a277R67g,biasanya lancar TF sekarang kok ga bisa...notif Ada kendala kecil....tapi ga bisa bisa...woyyy...bantulah.....ga bisa lwt app gopay,5,0,1.60.0,2025-10-20 09:40:06+00:00,,,1.60.0,Dataset/dataset\GOPAY_googleplay_OCTOBER_reviews.csv,transfer
2ebf3205-2570-4faa-ad3a-bf28dbed004a,Pengguna Google,https://play-lh.googleusercontent.com/EGemoI2NTXmTsBVtJqk8jxF9rh8ApRWfsIMQSt2uE4OcpQqbFu7f7NbTK05lx80nuSijCz7sc3a277R67g,"niat dikit lah bree ini u bikin apk di awasin ngaksih? orang topup aja ngak masuk"" kesel gw",5,0,,2025-10-11 01:05:15+00:00,,,,Dataset/dataset\OVO_googleplay_OCTOBER_reviews.csv,topup
79d3db73-912e-41f0-95d6-094cf35326b2,Pengguna Google,https://play-lh.googleusercontent.com/EGemoI2NTXmTsBVtJqk8jxF9rh8ApRWfsIMQSt2uE4OcpQqbFu7f7NbTK05lx80nuSijCz7sc3a277R67g,Kenapa ya pada saat instal apk ovo dan login melalui nomer hp kok ga bisa malah muncul tulisan silahkan mengganti koneksi internet anda,1,0,,2025-12-05 16:10:54+00:00,,,,Dataset/dataset\OVO_googleplay_DECEMBER_reviews.csv,login
d47cc8aa-a203-4f2c-865d-58a7384c2c2d,Pengguna Google,https://play-lh.googleusercontent.com/EGemoI2NTXmTsBVtJqk8jxF9rh8ApRWfsIMQSt2uE4OcpQqbFu7f7NbTK05lx80nuSijCz7sc3a277R67g,"Keseharian saya mobile dan sering melakukan transaksi trf ke rekening bank , dengan memakai gopay Saya bebas trf 100x dan ini membantu mengurangi beban operasional. Serta mempermudah untuk stor tunai karna tidak perlu ke ATM atau bank yang harus antri.",5,3,1.60.0,2025-11-03 11:09:44+00:00,,,1.60.0,Dataset/dataset\GOPAY_googleplay_NOVEMBER_reviews.csv,transfer
8bf4cd44-c375-49e0-98be-b86d67e09868,Pengguna Google,https://play-lh.googleusercontent.com/EGemoI2NTXmTsBVtJqk8jxF9rh8ApRWfsIMQSt2uE4OcpQqbFu7f7NbTK05lx80nuSijCz7sc3a277R67g,"apk ribet top up e-wallet gagal terus tf ke bank lain saldo ga masuk, qris juga gagal mulu. gaje",1,0,,2025-11-30 08:55:52+00:00,"Hai, Kakak . Maaf atas ketidaknyamanannya. Kami akan selalu berusaha memberikan yang terbaik demi memenuhi kebutuhan perbankan Kakak. Terkait kendala tersebut boleh infokan detail kendala serta kirimkan gambar kendalanya ke X @haloblu atau email haloblu@bcadigital.co.id agar kami bisa bantu lebih lanjut ya.",2025-11-30 09:09:37,,Dataset/dataset\BLU_googleplay_NOVEMBER_reviews.csv,qris
07a10d9c-f0dd-4bf0-864f-57699dcb6331,Pengguna Google,https://play-lh.googleusercontent.com/EGemoI2NTXmTsBVtJqk8jxF9rh8ApRWfsIMQSt2uE4OcpQqbFu7f7NbTK05lx80nuSijCz7sc3a277R67g,siap update..malah ngk bisa login,1,0,,2025-12-14 00:42:59+00:00,,,,Dataset/dataset\OVO_googleplay_DECEMBER_reviews.csv,login
063f9117-da76-40f3-9eb2-b5b200fe7fa3,Pengguna Google,https://play-lh.googleusercontent.com/EGemoI2NTXmTsBVtJqk8jxF9rh8ApRWfsIMQSt2uE4OcpQqbFu7f7NbTK05lx80nuSijCz7sc3a277R67g,"mudah transaksi, potongan kecil dan penggunaa baru dapat 100x tf gratis👏👏",5,0,1.60.0,2025-10-11 17:23:33+00:00,,,1.60.0,Dataset/dataset\GOPAY_googleplay_OCTOBER_reviews.csv,transfer
9f29c45c-9072-4aaa-8fec-ee47d23e4819,Pengguna Google,https://play-lh.googleusercontent.com/EGemoI2NTXmTsBVtJqk8jxF9rh8ApRWfsIMQSt2uE4OcpQqbFu7f7NbTK05lx80nuSijCz7sc3a277R67g,plsss jago adain fitur QRIS CPM biar ga ribet pas bayar harus pindahin ke gopay duluuuu,4,0,8.78.0,2025-12-11 06:05:13+00:00,"Halo, Jagoan. Terima kasih atas penilaian yang sudah kamu berikan. Masukanmu menjadi input baik untuk Jago dalam memberikan layanan yang lebih baik lagi ke depannya. Jika ada yang ingin ditanyakan, kamu bisa mengirimkan email ke tanya@jago.com atau call center di 1500 746. Terima kasih :)",2025-12-11 07:25:13,8.78.0,Dataset/dataset\JAGO_googleplay_DECEMBER_reviews.csv,qris
5c52bf76-6333-4c45-9100-eb599af1ef25,Pengguna Google,https://play-lh.googleusercontent.com/EGemoI2NTXmTsBVtJqk8jxF9rh8ApRWfsIMQSt2uE4OcpQqbFu7f7NbTK05lx80nuSijCz7sc3a277R67g,"Pembayaran pakai Qris Gopay sering nyangkut. Dana gopay sudah terpotong, di merchant belum masuk. Jadi ribet.",1,0,1.60.0,2025-10-28 12:54:28+00:00,"Hai Kak Prasetyo, mohon maaf atas ketidaknyamanannya. Terkait keluhan tersebut, silakan laporkan melalui email ke customerservice@gopay.co.id dengan melampirkan kode psr-25-301-0620-43752 pada subject email. Kami tunggu detail laporan kamu ya. ^Maura",2025-10-28 13:20:50,1.60.0,Dataset/dataset\GOPAY_googleplay_OCTOBER_reviews.csv,qris
c831c286-9e2d-4ce3-af36-22a3ae716c63,Pengguna Google,https://play-lh.googleusercontent.com/EGemoI2NTXmTsBVtJqk8jxF9rh8ApRWfsIMQSt2uE4OcpQqbFu7f7NbTK05lx80nuSijCz7sc3a277R67g,ko ngga bisa transfer / tarik tunai... loading terus....,1,0,1.64.0,2025-11-22 19:15:46+00:00,"Hai Kak @Aquafish Sindang, mohon maaf atas ketidaknyamanannya. Terkait keluhan tersebut, silakan laporkan melalui email ke customerservice@gopay.co.id dengan melampirkan kode psr-25-326-1237-05913 pada subject email. Kami tunggu detail laporan kamu ya. ^Maura",2025-11-22 19:37:11,1.64.0,Dataset/dataset\GOPAY_googleplay_NOVEMBER_reviews.csv,transfer
7aa22c32-1584-463a-bff4-ebf97b76edd0,Pengguna Google,https://play-lh.googleusercontent.com/EGemoI2NTXmTsBVtJqk8jxF9rh8ApRWfsIMQSt2uE4OcpQqbFu7f7NbTK05lx80nuSijCz7sc3a277R67g,Udah coba pake email lain masih tetep aja gak bisa login.. keluar terus notif email ini sudah terdaftar..,1,0,3.148.0,2025-12-06 00:55:38+00:00,,,3.148.0,Dataset/dataset\OVO_googleplay_DECEMBER_reviews.csv,login
ded1b35b-130d-4b4c-a332-070d3d69730d,Pengguna Google,https://play-lh.googleusercontent.com/EGemoI2NTXmTsBVtJqk8jxF9rh8ApRWfsIMQSt2uE4OcpQqbFu7f7NbTK05lx80nuSijCz7sc3a277R67g,tolong kerja sama nya pagi ini saya mau TF ke dana malah tidakbisa² trrus,1,0,3.2.0,2025-11-22 10:02:07+00:00,"Halo Sahabat @Wahyu Aji, mohon maaf atas ketidaknyamannya. Untuk perihal kendala pada layanan Livin' by Mandiri, mohon untuk dapat mengirimkan email ke mandiricare@bankmandiri.co.id atau dapat menghubungi layanan mandiri 14000 agar dapat dilakukan pengecekan. Tks~Irish",2025-11-22 10:09:32,3.2.0,Dataset/dataset\LIVIN_googleplay_NOVEMBER_reviews.csv,transfer
72a3837f-d562-4ad8-9242-ad37d60e20b7,Pengguna Google,https://play-lh.googleusercontent.com/EGemoI2NTXmTsBVtJqk8jxF9rh8ApRWfsIMQSt2uE4OcpQqbFu7f7NbTK05lx80nuSijCz7sc3a277R67g,"jos,, tp kenapa tampilan menu di atas hilang,, menu transfer dan jumlah saldo",5,0,3.149.0,2025-12-15 07:42:41+00:00,,,3.149.0,Dataset/dataset\OVO_googleplay_DECEMBER_reviews.csv,transfer
715471a6-477e-4b60-b74e-91405010e03e,Pengguna Google,https://play-lh.googleusercontent.com/EGemoI2NTXmTsBVtJqk8jxF9rh8ApRWfsIMQSt2uE4OcpQqbFu7f7NbTK05lx80nuSijCz7sc3a277R67g,Sepertinya banyak yg terkendala saat LOGIN..Klu blm pernah LOG UP tentu akan kesulitan utk Login dan biasa Proses LOG UP hrs pihak CS Bank Mandiri yg mengerjakan.. Saya Ganti Hp Dan Download Ulang LIVIN Alhamdulillah ga ada kendala saat Login..klu sdh masuk pny applikasi LIVIN dan loading buka applikasi lama itu artinya jaringan providernya kurang bagus..sejauh ini saya ga Pernah ada KENDALA LOGIN saat mau transaksi bahkan Supermarket ternama mengakui proses perbayaran cepat ga sampe 2 menit,5,0,,2025-12-14 11:33:17+00:00,"Halo Sahabat @Bondy Raya, terima kasih atas review yang telah diberikan. Semoga terus menikmati kemudahan dan kenyamanan dalam menggunakan Livin' by Mandiri ya. Daftarkan transaksi secepat kilat pada menu Quick Pick untuk diakses pada halaman Login atau Beranda. Yuk coba sekarang. Tks~Kila",2025-12-14 11:36:49,,Dataset/dataset\LIVIN_googleplay_DECEMBER_reviews.csv,login
24fc7af8-792e-472e-9ceb-e8bcef3deee4,Pengguna Google,https://play-lh.googleusercontent.com/EGemoI2NTXmTsBVtJqk8jxF9rh8ApRWfsIMQSt2uE4OcpQqbFu7f7NbTK05lx80nuSijCz7sc3a277R67g,masuk/login sudah bet dah apa apa,2,0,3.147.0,2025-11-15 21:03:30+00:00,,,3.147.0,Dataset/dataset\OVO_googleplay_NOVEMBER_reviews.csv,login
8971df9f-3faf-438f-b87e-5fd0ed142041,Pengguna Google,https://play-lh.googleusercontent.com/EGemoI2NTXmTsBVtJqk8jxF9rh8ApRWfsIMQSt2uE4OcpQqbFu7f7NbTK05lx80nuSijCz7sc3a277R67g,sengaja biar di baca kasih bintang full erorrrrr terussss erorrrrrr mau tf erorrrrrr banyak bngt kendalanya apalagi kita lagi makan mau scan erorrr lagi bikin naik darah make nya,5,0,3.2.0,2025-12-26 01:34:40+00:00,"Halo Sahabat @Arjun Saputra, mohon maaf atas ketidaknyamannya. Perihal kendala pada layanan Livin' by Mandiri, mohon untuk dapat mengirimkan email ke mandiricare@bankmandiri.co.id atau dapat menghubungi layanan mandiri 14000 agar dapat dilakukan pengecekan. Tks~Ervan",2025-12-26 01:38:52,3.2.0,Dataset/dataset\LIVIN_googleplay_DECEMBER_reviews.csv,transfer
76e6a2c2-9ce4-4bda-be7e-afae9ff5449a,Pengguna Google,https://play-lh.googleusercontent.com/EGemoI2NTXmTsBVtJqk8jxF9rh8ApRWfsIMQSt2uE4OcpQqbFu7f7NbTK05lx80nuSijCz7sc3a277R67g,knp transaksi berhasil namun saldo tidak masuk ke penjual transaksi menggunakan Qris,2,0,,2025-12-24 14:15:54+00:00,"Hi Kak Rismawati. Mohon maaf atas kendala transaksi pembayaran QRIS yang belum diterima merchant. Terkait kendala tersebut mohon menghubungi kami melalui DM ke Instagram @ShopeePay_ID yang bercentang biru, dengan menginformasikan detail dan bukti bayar untuk bantuan lebih lanjut. Semoga kendala kakak segera terselesaikan ya. ^CS",2025-12-24 15:11:24,,Dataset/dataset\SHOPEEPAY_googleplay_DECEMBER_reviews.csv,qris
df051782-12d3-41c8-9a6e-fd2d843a03a2,Pengguna Google,https://play-lh.googleusercontent.com/EGemoI2NTXmTsBVtJqk8jxF9rh8ApRWfsIMQSt2uE4OcpQqbFu7f7NbTK05lx80nuSijCz7sc3a277R67g,ribet banget mau login doang ajah... ngasih kode OTP bikin orang keder...,1,0,3.150.0,2025-12-31 08:54:23+00:00,,,3.150.0,Dataset/dataset\OVO_googleplay_DECEMBER_reviews.csv,login
a38ebfc3-25cc-44b9-83f0-2f44dd5b57dc,Pengguna Google,https://play-lh.googleusercontent.com/EGemoI2NTXmTsBVtJqk8jxF9rh8ApRWfsIMQSt2uE4OcpQqbFu7f7NbTK05lx80nuSijCz7sc3a277R67g,"punya saldo 50k, mentok cuma bisa pake qris nya 20k. 30k nya manteng aja kagag bisa pake.",1,0,3.2.0,2025-12-22 21:18:36+00:00,"Hai Sahabat @Adrian Syahmariz Mohamad, mohon maaf atas ketidaknyamanannya. Untuk transaksi dimohon diatas saldo minimal, jenis rekening tabungan Now Rp25.000,- dan untuk jenis rekening tabungan Reguler Rp100.000,- ya. Tks~Charles",2025-12-22 21:39:02,3.2.0,Dataset/dataset\LIVIN_googleplay_DECEMBER_reviews.csv,qris
9ea6248f-8c14-435e-a564-304295d340d0,Pengguna Google,https://play-lh.googleusercontent.com/EGemoI2NTXmTsBVtJqk8jxF9rh8ApRWfsIMQSt2uE4OcpQqbFu7f7NbTK05lx80nuSijCz7sc3a277R67g,"Belum layak dikasih bintang 5, 1 bintang aja saya males. mau login aja susah. ribet",1,0,3.1.0,2025-11-03 13:13:01+00:00,"Hai Sahabat @Amanda Manopo, mohon maaf atas ketidaknyamanannya. Terkait kendala yang dialami mohon untuk mengirimkan email ke mandiricare@bankmandiri.co.id atau menghubungi layanan mandiri call 14000 agar dapat dilakukan pengecekan ya. Tks~Divia",2025-11-03 13:20:45,3.1.0,Dataset/dataset\LIVIN_googleplay_NOVEMBER_reviews.csv,login
ce0f18bd-925c-47eb-9b16-4bded52338ce,Pengguna Google,https://play-lh.googleusercontent.com/EGemoI2NTXmTsBVtJqk8jxF9rh8ApRWfsIMQSt2uE4OcpQqbFu7f7NbTK05lx80nuSijCz7sc3a277R67g,gimana bos mau login gopay nggak bisa suruh tunggu 60 menit dan aku coba lagi masih sama tulisan nya hadech,2,0,1.61.2,2025-10-31 03:28:13+00:00,"Hai Kak Agung, mohon maaf atas ketidaknyamanannya. Jika masih mengalami keluhan, silakan laporkan melalui email ke customerservice@gopay.co.id dengan melampirkan kode psr-25-304-0143-18403 pada subject email dan cantumkan nomor laporan sebelumnya serta ceritakan kembali detail permasalahannya. Kami tunggu detail laporan kamu ya. ^Miko",2025-10-31 08:43:32,1.61.2,Dataset/dataset\GOPAY_googleplay_OCTOBER_reviews.csv,login
1adce6ec-2feb-4a6d-8919-e6e4ee105667,Pengguna Google,https://play-lh.googleusercontent.com/EGemoI2NTXmTsBVtJqk8jxF9rh8ApRWfsIMQSt2uE4OcpQqbFu7f7NbTK05lx80nuSijCz7sc3a277R67g,ni apk kagak ngotak sampai keluar negeri pun bisa di TF wkwk,5,0,,2025-12-02 17:09:54+00:00,"Hi Kak Suharsono. Terima kasih telah menggunakan ShopeePay. Mari cek aplikasi ShopeePay karena banyak fitur yg mempermudah keseharian kakak, seperti pembelian pulsa, paket data, pembayaran tagihan listrik & pembayaran lainnya. Jika kakak memiliki pertanyaan seputar ShopeePay, mohon DM kami di Instagram @ShopeePay_ID. Semoga harimu menyenangkan. ^CS",2025-12-02 18:06:30,,Dataset/dataset\SHOPEEPAY_googleplay_DECEMBER_reviews.csv,transfer
6d8aed86-bb04-48c4-9817-6560180a2495,Pengguna Google,https://play-lh.googleusercontent.com/EGemoI2NTXmTsBVtJqk8jxF9rh8ApRWfsIMQSt2uE4OcpQqbFu7f7NbTK05lx80nuSijCz7sc3a277R67g,mas saya mu tf ga bisa,1,0,3.148.0,2025-11-21 09:19:16+00:00,,,3.148.0,Dataset/dataset\OVO_googleplay_NOVEMBER_reviews.csv,transfer
325c243d-71a8-4ea9-bbe6-84e3efb72b3c,Pengguna Google,https://play-lh.googleusercontent.com/EGemoI2NTXmTsBVtJqk8jxF9rh8ApRWfsIMQSt2uE4OcpQqbFu7f7NbTK05lx80nuSijCz7sc3a277R67g,"ketika saya mau beli token listrik/ bayar pakai qris, tidak bisa lanjut ke menu konfirmasi, posisi lagi urgent karena token udh bunyi malah gak bisa beli, ku kira di token doang yang kena ternyata qris juga, tolong diperbaiki min",1,0,1.40.1,2025-10-30 15:56:55+00:00,"Hai Kak Hilal, mohon maaf atas ketidaknyamanannya. Pastikan kamu menggunakan aplikasi GoPay versi terbaru dan posisi kode QR yang dipindai sudah sesuai. Jika masih berkendala, laporkan melalui email customerservice@gopay.co.id dan cantumkan kode psr-25-303-1314-47800 pada subject email yang kamu kirimkan ya. ^Melisa",2025-10-30 20:14:56,1.40.1,Dataset/dataset\GOPAY_googleplay_OCTOBER_reviews.csv,qris
1b5906fb-2230-4505-b60c-a87b0cab22c2,Pengguna Google,https://play-lh.googleusercontent.com/EGemoI2NTXmTsBVtJqk8jxF9rh8ApRWfsIMQSt2uE4OcpQqbFu7f7NbTK05lx80nuSijCz7sc3a277R67g,"Tolong diperbaiki aplikasinya dong min, baru pertama tf pake aplikasi ini, masa tf memerlukan waktu 24 jam untuk nyampenya, kaya expedisi paket aja wkwk Padahal lgi urgent.",1,0,,2025-12-25 22:29:17+00:00,"Hi Kak Rian. Mohon maaf atas kendala transfer saldo ShopeePay yang belum diterima. Terkait kendala tersebut mohon menghubungi kami melalui DM ke Instagram @ShopeePay_ID yang bercentang biru, dengan melampirkan bukti transfer yang terkendala untuk bantuan lebih lanjut. Semoga kendala kakak segera terselesaikan ya. ^CS",2025-12-26 11:37:43,,Dataset/dataset\SHOPEEPAY_googleplay_DECEMBER_reviews.csv,transfer
5456dd4c-edea-4e93-a777-88367f774094,Pengguna Google,https://play-lh.googleusercontent.com/EGemoI2NTXmTsBVtJqk8jxF9rh8ApRWfsIMQSt2uE4OcpQqbFu7f7NbTK05lx80nuSijCz7sc3a277R67g,"saya tadi melakukan top up ovo dua kali tapi sampai sekarang saldonya tidak masuk masuk ke ovo saya, tolong berikan petunjuk",5,0,,2025-10-29 12:20:04+00:00,,,,Dataset/dataset\OVO_googleplay_OCTOBER_reviews.csv,topup
cf4fa954-8a3e-48d5-9228-b25643b2c205,Pengguna Google,https://play-lh.googleusercontent.com/EGemoI2NTXmTsBVtJqk8jxF9rh8ApRWfsIMQSt2uE4OcpQqbFu7f7NbTK05lx80nuSijCz7sc3a277R67g,"sangat membantu dalam segi kebutuhan mendadak dan saat transfer"" ke bank lain",5,0,1.57.0,2025-11-09 05:39:08+00:00,,,1.57.0,Dataset/dataset\GOPAY_googleplay_NOVEMBER_reviews.csv,transfer
1f02533e-89e3-466c-9f02-56011ae864be,Pengguna Google,https://play-lh.googleusercontent.com/EGemoI2NTXmTsBVtJqk8jxF9rh8ApRWfsIMQSt2uE4OcpQqbFu7f7NbTK05lx80nuSijCz7sc3a277R67g,"halo ,kenapa saat saya mau TF uang koin gopay ngak bisa dipakai Kaka? tolong diperbaiki ka🙏🏻",3,0,,2025-10-06 06:20:04+00:00,"Hai Kak Ines, mohon maaf atas ketidaknyamanannya. Pastikan saldo GoPay Coin yang kamu miliki cukup untuk melakukan pembayaran ya. Jika masih bermasalah, silakan kunjungi menu Bantuan di aplikasi GoPay atau email ke customerservice@gopay.co.id dan cantumkan kode psr-25-279-1220-20939 pada subjek email. ^Miko",2025-10-06 19:20:43,,Dataset/dataset\GOPAY_googleplay_OCTOBER_reviews.csv,transfer
45c151b3-82fe-4dac-8507-28cc51bd1074,Pengguna Google,https://play-lh.googleusercontent.com/EGemoI2NTXmTsBVtJqk8jxF9rh8ApRWfsIMQSt2uE4OcpQqbFu7f7NbTK05lx80nuSijCz7sc3a277R67g,"Ajuin Gopay pinjam ditolak, padahal sebelum-sebelumnya gak pernah telat bayar. Entah bagaimana penilaiannya. Tapi Gopay tetap jadi andalan, karena semuanya serba sat set. Masukan untuk transfer bank blm ada yang ke Bank Neo Commerce (BNC), harap ditambahkan.",5,0,1.15.1,2025-11-20 18:02:28+00:00,,,1.15.1,Dataset/dataset\GOPAY_googleplay_NOVEMBER_reviews.csv,transfer
8cc34381-2e20-42f2-ab44-f38b3a6d6717,Pengguna Google,https://play-lh.googleusercontent.com/EGemoI2NTXmTsBVtJqk8jxF9rh8ApRWfsIMQSt2uE4OcpQqbFu7f7NbTK05lx80nuSijCz7sc3a277R67g,top up dari kemaren dana masih di tahan Gak bisa gunakan...tolong dong pihak aplikasi di bantu biar masalah saya terselesaikan...,2,0,1.60.0,2025-10-19 19:14:48+00:00,"Hai Kak Chumaini, pastikan nomor tujuan sudah benar, sudah cek halaman Riwayat, dan coba keluar dan masuk kembali ke aplikasi. Jika saldo masih belum masuk, silakan laporkan melalui menu Bantuan > ketik 'Top up GoPay saya belum masuk' > isi formulir dan cantumkan kode psr-25-292-1249-51052 pada bagian 'Ceritakan lebih lanjut'. ^Maura",2025-10-19 19:49:56,1.60.0,Dataset/dataset\GOPAY_googleplay_OCTOBER_reviews.csv,topup
ee39e836-9b70-4f09-ace2-d77e65c3d281,Pengguna Google,https://play-lh.googleusercontent.com/EGemoI2NTXmTsBVtJqk8jxF9rh8ApRWfsIMQSt2uE4OcpQqbFu7f7NbTK05lx80nuSijCz7sc3a277R67g,saya top up lama gak masuk kemana tu duit,1,0,1.44.04,2025-12-04 15:19:08+00:00,"Hi Kak Dimas. Mohon maaf atas kendala Top Up ShopeePay yang belum diterima. Jika hingga saat ini Top Up masih belum diterima mohon menghubungi kami melalui DM ke Instagram @ShopeePay_ID yang bercentang biru, dengan melampirkan bukti bayar Top Up tersebut untuk bantuan lebih lanjut. Semoga kendala kakak segera terselesaikan ya. ^CS",2025-12-04 16:44:53,1.44.04,Dataset/dataset\SHOPEEPAY_googleplay_DECEMBER_reviews.csv,topup
5c29bf6b-dda0-4d43-b8a3-197c29a6aa45,Pengguna Google,https://play-lh.googleusercontent.com/EGemoI2NTXmTsBVtJqk8jxF9rh8ApRWfsIMQSt2uE4OcpQqbFu7f7NbTK05lx80nuSijCz7sc3a277R67g,"masa habis update harus login ulang ,, pas login kode otp nya gak di kirim terus,,",2,0,,2025-10-12 16:23:46+00:00,,,,Dataset/dataset\OVO_googleplay_OCTOBER_reviews.csv,login
63a7ae33-14ae-449c-b56a-5bc3863af7f7,Pengguna Google,https://play-lh.googleusercontent.com/EGemoI2NTXmTsBVtJqk8jxF9rh8ApRWfsIMQSt2uE4OcpQqbFu7f7NbTK05lx80nuSijCz7sc3a277R67g,verifikasi muka nya susah banget.,1,0,2.6.0,2025-11-20 10:22:28+00:00,"Hai, Kak Irsandy. Maaf atas ketidaknyamanannya. Apabila yang Kakak maksud gagal pengenalan wajah, maka pastikan Kakak tidak memakai sunglasses, tidak memakai masker, tidak backlight, di tempat yang terang, posisi wajah di dalam lingkaran dan pastikan aplikasi blu Kakak sudah versi terbaru ya.
",2025-11-20 11:05:20,2.6.0,Dataset/dataset\BLU_googleplay_NOVEMBER_reviews.csv,vermuk
e782d25d-af5c-49a3-b3af-49b59456b7d1,Pengguna Google,https://play-lh.googleusercontent.com/EGemoI2NTXmTsBVtJqk8jxF9rh8ApRWfsIMQSt2uE4OcpQqbFu7f7NbTK05lx80nuSijCz7sc3a277R67g,asli gak jelas app sekelas bank dunia punya sistem yg berantakan saya di minta bikin pasword sampai 3x dan setelah di buat saya masuk dg pasword itu lagi tidak bisa ketika login di tampilan awal pakai pasword malah di suruh buat pin baru pak saran aja pak kami di sini mau narok uang kami pak kalau sekedar akun saja sudah berantakan begini gimana kami mau percaya mau narok uang di sini coba perhatikan lagi apps ini bukan platfrom yang kecil harus nya tapi benar2 gak jelas,2,2,8.76.0,2025-10-31 19:42:34+00:00,"Halo, Jagoan! Mohon maaf atas ketidaknyamanannya. Kami mengerti atas pengalaman kurang baik yang kamu alami. Untuk membantu kamu lebih lanjut, mohon menghubungi Tanya Jago di 1500746 / 021-30000746 atau email ke tanya@jago.com untuk kami cek lebih lanjut terkait kendala tersebut. Kami tunggu laporan dari kamu ya.",2025-10-31 20:06:32,8.76.0,Dataset/dataset\JAGO_googleplay_OCTOBER_reviews.csv,login
cd0333bb-b89f-4eab-992a-b97043ad950e,Pengguna Google,https://play-lh.googleusercontent.com/EGemoI2NTXmTsBVtJqk8jxF9rh8ApRWfsIMQSt2uE4OcpQqbFu7f7NbTK05lx80nuSijCz7sc3a277R67g,top up in aku dong 50k aja😁,5,0,1.57.0,2025-11-03 12:10:37+00:00,,,1.57.0,Dataset/dataset\GOPAY_googleplay_NOVEMBER_reviews.csv,topup
07278ffd-3a17-4237-a973-380955a8cb59,Pengguna Google,https://play-lh.googleusercontent.com/EGemoI2NTXmTsBVtJqk8jxF9rh8ApRWfsIMQSt2uE4OcpQqbFu7f7NbTK05lx80nuSijCz7sc3a277R67g,"pertamakali ngalamin TF ovo ke bank BCA Rp.341.000, saldo ovo udah ke potong tapi saldo g masuk ke rekening, udah di email kasih bukti malah di respownnya TF gagal, iyaa emang TF gagal, tapi saldo w ilang. mana di aplikasi g ada bukti TF di pesan. kapok w pake ovo. duit buat bayar motor jadi ilang. narik ojol lagi sepi""nya malah kena musibah duit ilang gara"" ovo. kapok lah, saya tunggu g ada respown di email saya Uninstall + rate bintang 1, di google maps juga.",1,0,3.145.0,2025-10-28 16:56:33+00:00,,,3.145.0,Dataset/dataset\OVO_googleplay_OCTOBER_reviews.csv,transfer
6965b2a0-ee35-4d21-939e-b00453b6b62b,Pengguna Google,https://play-lh.googleusercontent.com/EGemoI2NTXmTsBVtJqk8jxF9rh8ApRWfsIMQSt2uE4OcpQqbFu7f7NbTK05lx80nuSijCz7sc3a277R67g,daftar muka ya muka saya KTP gak pernah ada riwayat pinjaman online atau offline semua sudah benar selalu di tolak di tanyain apa ke salah nya gak ada jawaban dan bantuan sama sekali gak jelas,1,0,1.41.06,2025-11-02 10:26:39+00:00,"Hi Kak Irwan. Mohon maaf atas kendala pengajuan yang ditolak. Kami siap membantu kakak, Mohon menghubungi kami dgn detail kendala melalui DM ke Instagram @ShopeePay_ID, untuk ketentuan lebih lanjut bisa dicek pada https://help.shopee.co.id/article/72939. & https://help.shopee.co.id/portal/4/article/72563 . Semoga Membantu ^CS",2025-11-03 15:07:00,1.41.06,Dataset/dataset\SHOPEEPAY_googleplay_NOVEMBER_reviews.csv,vermuk
1b9db317-7bc8-4ad4-9e9a-e7c283613ded,Pengguna Google,https://play-lh.googleusercontent.com/EGemoI2NTXmTsBVtJqk8jxF9rh8ApRWfsIMQSt2uE4OcpQqbFu7f7NbTK05lx80nuSijCz7sc3a277R67g,kenapa setiap login harus kirim otp kan jd ribet,1,0,,2025-10-27 09:17:56+00:00,"Hai, Kak Ipeh. Maaf atas ketidaknyamanannya. Kami akan selalu berusaha memberikan yang terbaik kebutuhan perbankan Kakak. Untuk login pertama menggunakan OTP Kak, namun selanjutnya tidak menggunakan OTP dan login menggunakan keamanan seperti PIN, password. Namun jika terjadi perpindahan device maka login memerlukan OTP ya Kak.",2025-10-27 09:45:15,,Dataset/dataset\BLU_googleplay_OCTOBER_reviews.csv,login
b003d24a-3a95-4397-8fb2-a6711fe0051b,Pengguna Google,https://play-lh.googleusercontent.com/EGemoI2NTXmTsBVtJqk8jxF9rh8ApRWfsIMQSt2uE4OcpQqbFu7f7NbTK05lx80nuSijCz7sc3a277R67g,"udah transaksi admin nya mahal, buat transaksi lambat , transfer eror, pembelian gak ontime... aplikasi taeekk.!!!",1,0,,2025-12-29 21:05:39+00:00,,,,Dataset/dataset\OVO_googleplay_DECEMBER_reviews.csv,transfer
1d1a3245-3633-434f-aae5-b417f6ca2d7d,Pengguna Google,https://play-lh.googleusercontent.com/EGemoI2NTXmTsBVtJqk8jxF9rh8ApRWfsIMQSt2uE4OcpQqbFu7f7NbTK05lx80nuSijCz7sc3a277R67g,tidak dapat verifikasi wajah sudah beberapa kali coba masih tetap saja tidak dapat login dan beberapa fitur tidak dapat di akses mohon di respon,1,2,1.59.0,2025-10-08 22:31:08+00:00,"Hai Kak Faisal, mohon maaf atas ketidaknyamanannya. Jika masih mengalami keluhan, silakan laporkan melalui email ke customerservice@gopay.co.id dengan melampirkan kode psr-25-282-1022-35441 pada subject email dan cantumkan nomor laporan sebelumnya serta ceritakan kembali detail permasalahannya. Kami tunggu detail laporan kamu ya. ^Miko",2025-10-09 17:22:52,1.59.0,Dataset/dataset\GOPAY_googleplay_OCTOBER_reviews.csv,login
1264966f-1b23-44d1-b6e5-2b5b73fef86b,Pengguna Google,https://play-lh.googleusercontent.com/EGemoI2NTXmTsBVtJqk8jxF9rh8ApRWfsIMQSt2uE4OcpQqbFu7f7NbTK05lx80nuSijCz7sc3a277R67g,"udah mulai rada rada nih topup virtual akun gagal, lewat ewallet gagal maunya apa ?",1,0,3.147.0,2025-11-13 08:42:43+00:00,,,3.147.0,Dataset/dataset\OVO_googleplay_NOVEMBER_reviews.csv,topup
c0b5ebba-2b5f-4f66-9ada-bc87cdb1497c,Pengguna Google,https://play-lh.googleusercontent.com/EGemoI2NTXmTsBVtJqk8jxF9rh8ApRWfsIMQSt2uE4OcpQqbFu7f7NbTK05lx80nuSijCz7sc3a277R67g,"bagus banget,bisa transfer kemana aja",5,0,1.60.0,2025-10-24 10:44:38+00:00,,,1.60.0,Dataset/dataset\GOPAY_googleplay_OCTOBER_reviews.csv,transfer
8cb83b24-267e-402e-8ebd-7667b3730641,Pengguna Google,https://play-lh.googleusercontent.com/EGemoI2NTXmTsBVtJqk8jxF9rh8ApRWfsIMQSt2uE4OcpQqbFu7f7NbTK05lx80nuSijCz7sc3a277R67g,"pencuri uang orang miskin, orang baru dapat transferan, tiba2 ga bisa di akses. aplikasi bank digital yg kalah jauh sama yg lain, masa di uninstal ulang apk nya jd ke tampilan awal. harusnya klo yg udah punya rekening langsung ke halaman login, ini masa harus cantumkan nomer kartu bank dulu, padahal di kirim & kasih aja ga kartu fisik nya. bank digital yg aneh dari pada bank2 lain.",1,17,3.2.0,2025-12-25 12:34:59+00:00,"Halo Sahabat @Syarief Hidayat, mohon maaf atas ketidaknyamannya. Perihal kendala pada layanan Livin' by Mandiri, mohon untuk dapat mengirimkan email ke mandiricare@bankmandiri.co.id atau dapat menghubungi layanan mandiri 14000 agar dapat dilakukan pengecekan. Tks ~ Said",2025-12-25 12:52:06,3.2.0,Dataset/dataset\LIVIN_googleplay_DECEMBER_reviews.csv,login
61262601-c173-4adc-b450-268285fc9f84,Pengguna Google,https://play-lh.googleusercontent.com/EGemoI2NTXmTsBVtJqk8jxF9rh8ApRWfsIMQSt2uE4OcpQqbFu7f7NbTK05lx80nuSijCz7sc3a277R67g,Gawat di Ovo skrg top up e money mandiri..transaksi berhasil tp tdk.masuk.dan jg.isi.pulsa berhasil tp pulsa tdk masuk. gmana ini ovo ? Tolong diperbaikin knapa.bisa.begini ???,1,0,3.147.0,2025-11-12 20:50:46+00:00,,,3.147.0,Dataset/dataset\OVO_googleplay_NOVEMBER_reviews.csv,topup
0b076993-98eb-4c44-918b-700709c5fb65,Pengguna Google,https://play-lh.googleusercontent.com/EGemoI2NTXmTsBVtJqk8jxF9rh8ApRWfsIMQSt2uE4OcpQqbFu7f7NbTK05lx80nuSijCz7sc3a277R67g,tolong perbaiki pembayaran nya karena saya sering eror ketika ingin topup sering ada notifikasi aktivitas ngak wajar,1,12,1.61.2,2025-11-04 09:16:26+00:00,"Hai Kak Triyani, pastikan jumlah top up tidak melebihi batas limit transaksi bulanan dan jaringan internet stabil. Jika masih bermasalah, laporkan melalui menu Bantuan > ketik ""Mengapa saya tidak bisa top up GoPay?"" > isi formulir dan cantumkan kode psr-25-308-0240-09436 di bagian 'Ceritakan lebih lanjut'. ^Maura",2025-11-04 09:40:30,1.61.2,Dataset/dataset\GOPAY_googleplay_NOVEMBER_reviews.csv,topup
8f5e9a67-b68a-4ceb-8226-4af6b22288b8,Pengguna Google,https://play-lh.googleusercontent.com/EGemoI2NTXmTsBVtJqk8jxF9rh8ApRWfsIMQSt2uE4OcpQqbFu7f7NbTK05lx80nuSijCz7sc3a277R67g,transfer gratis 100x siilp,4,0,1.64.0,2025-11-19 11:45:58+00:00,,,1.64.0,Dataset/dataset\GOPAY_googleplay_NOVEMBER_reviews.csv,transfer
357691d4-7132-48e8-9219-79f88f9bbed5,Pengguna Google,https://play-lh.googleusercontent.com/EGemoI2NTXmTsBVtJqk8jxF9rh8ApRWfsIMQSt2uE4OcpQqbFu7f7NbTK05lx80nuSijCz7sc3a277R67g,bagu sekali..cepat mudah..0 biyaya tf,5,0,1.40.06,2025-10-03 22:49:56+00:00,"Hi Kak. Terima kasih telah menggunakan ShopeePay. Mari cek aplikasi ShopeePay karena banyak fitur yang mempermudah keseharian kakak seperti pembelian pulsa, paket data, pembayaran tagihan listrik dan pembayaran lainnya. Jika kakak memiliki pertanyaan seputar ShopeePay, mohon DM kami di Instagram @ShopeePay_ID ya. Semoga harimu menyenangkan ^RJ",2025-10-06 10:13:44,1.40.06,Dataset/dataset\SHOPEEPAY_googleplay_OCTOBER_reviews.csv,transfer
87769f14-f10b-4832-a52f-a5f2e20f7b31,Pengguna Google,https://play-lh.googleusercontent.com/EGemoI2NTXmTsBVtJqk8jxF9rh8ApRWfsIMQSt2uE4OcpQqbFu7f7NbTK05lx80nuSijCz7sc3a277R67g,"asli parah banget ni, tiba2 logout terus di buka malah paswrot salah.. udah top up 50k nyangkut di sini parahh apk gk mutu",1,0,,2025-10-06 23:54:47+00:00,,,,Dataset/dataset\OVO_googleplay_OCTOBER_reviews.csv,topup
209550b1-1ed7-4b8f-82fa-2e633d7d655b,Pengguna Google,https://play-lh.googleusercontent.com/EGemoI2NTXmTsBVtJqk8jxF9rh8ApRWfsIMQSt2uE4OcpQqbFu7f7NbTK05lx80nuSijCz7sc3a277R67g,"saya driver shopee food akun terhubung anehnya paylater saja dibekukan wkwkwkw unfaedah apknya gk membantu drivernya, wah gercep develpornya suruh dm, gk usah deh dri tahun2 lalu udah coba juga nanya lewat email kecs dll, tpi gk ada perubahan bekuuuu aj, padahal buat driver shopee food aktif kaya saya sih lumayan tuh klo gk beku bisa di pake isi pulsa darurat atau kuota atau buat saldo topup driver saat urgent.",1,8,1.44.05,2025-12-16 13:51:23+00:00,"Hi Kak walesa. Mohon maaf atas kendala SPayLater yang dibekukan. Terkait kendala tersebut mohon menghubungi kami melalui DM ke Instagram @ShopeePay_ID yang bercentang biru, dengan menginformasikan detail dan bukti kendala untuk bantuan lebih lanjut. Semoga kendala kakak segera terselesaikan ya. ^CS",2025-12-16 13:29:44,1.44.05,Dataset/dataset\SHOPEEPAY_googleplay_DECEMBER_reviews.csv,topup
e478157b-98f2-4a8c-b143-bf6fb799ad58,Pengguna Google,https://play-lh.googleusercontent.com/EGemoI2NTXmTsBVtJqk8jxF9rh8ApRWfsIMQSt2uE4OcpQqbFu7f7NbTK05lx80nuSijCz7sc3a277R67g,"top up gak masuk, padahal laporan di merchant bank sudah terkirim. dan berkali-kali top up masuk nya lama banget 👎👎👎",1,0,1.64.0,2025-11-24 22:14:58+00:00,,,1.64.0,Dataset/dataset\GOPAY_googleplay_NOVEMBER_reviews.csv,topup
0b63a1bf-2467-4c49-b854-1f8c1be07766,Pengguna Google,https://play-lh.googleusercontent.com/EGemoI2NTXmTsBVtJqk8jxF9rh8ApRWfsIMQSt2uE4OcpQqbFu7f7NbTK05lx80nuSijCz7sc3a277R67g,ulasan lu pantes banyak yang jelek gue topup gamasuk² ini min udah tau lagi butuh banget malah dipending gajelas ini gjmana udh topup dari kemarin sore sampe siang gamasum juga,1,0,1.64.0,2025-11-24 09:41:09+00:00,"Hai Kak Muhamad, pastikan nomor tujuan sudah benar, sudah cek halaman Riwayat, dan coba keluar dan masuk kembali ke aplikasi. Jika saldo masih belum masuk, silakan laporkan melalui menu Bantuan > ketik 'Top up GoPay saya belum masuk' > isi formulir dan cantumkan kode psr-25-328-0313-55019 pada bagian 'Ceritakan lebih lanjut'. ^Melisa",2025-11-24 10:14:03,1.64.0,Dataset/dataset\GOPAY_googleplay_NOVEMBER_reviews.csv,topup
64a0b828-57e3-485e-970b-8e80a2c89648,Pengguna Google,https://play-lh.googleusercontent.com/EGemoI2NTXmTsBVtJqk8jxF9rh8ApRWfsIMQSt2uE4OcpQqbFu7f7NbTK05lx80nuSijCz7sc3a277R67g,njir knapa gk bisa buat apa2 mau beli pulsa eror.. terlanjur topup banyak lagi.. mohon diperbaiki,4,0,3.146.0,2025-11-09 14:23:44+00:00,,,3.146.0,Dataset/dataset\OVO_googleplay_NOVEMBER_reviews.csv,topup
b792304a-0d94-4113-8b85-f1875a2c2fc2,Pengguna Google,https://play-lh.googleusercontent.com/EGemoI2NTXmTsBVtJqk8jxF9rh8ApRWfsIMQSt2uE4OcpQqbFu7f7NbTK05lx80nuSijCz7sc3a277R67g,"dasar maling, gua top up udah lebih dari 2 minggu masih nggak masuk saldo ke go-pay makan tuh duit gw gk ikhlas!!",1,0,1.59.0,2025-10-01 10:37:43+00:00,"Hai Kak Zachrias, pastikan nomor tujuan sudah benar, sudah cek halaman Riwayat, dan coba keluar dan masuk kembali ke aplikasi. Jika saldo masih belum masuk, silakan laporkan melalui menu Bantuan > ketik 'Top up GoPay saya belum masuk' > isi formulir dan cantumkan kode psr-25-274-0813-58461 pada bagian 'Ceritakan lebih lanjut'. ^Maura",2025-10-01 15:14:06,1.59.0,Dataset/dataset\GOPAY_googleplay_OCTOBER_reviews.csv,topup
70054601-7362-4c7c-9d15-6ba30c9e3a65,Pengguna Google,https://play-lh.googleusercontent.com/EGemoI2NTXmTsBVtJqk8jxF9rh8ApRWfsIMQSt2uE4OcpQqbFu7f7NbTK05lx80nuSijCz7sc3a277R67g,"kasih widget scan qris buat android dong, biar gaperlu kebanyakan klik",4,0,1.43.10,2025-11-29 22:19:30+00:00,"Hi Kak Kawury, Terima kasih telah memberikan penilaian untuk aplikasi ShopeePay. Saran dari kakak akan kami terima dan jadikan masukan agar lebih baik lagi kedepannya. Apabila kakak memiliki pertanyaan atau kendala pada aplikasi ShopeePay, silakan menghubungi kami melalui DM ke Instagram @ShopeePay_ID. ^EN",2025-12-01 14:15:29,1.43.10,Dataset/dataset\SHOPEEPAY_googleplay_NOVEMBER_reviews.csv,qris
9c08d133-0e94-47b5-b3e9-5263557b682f,Pengguna Google,https://play-lh.googleusercontent.com/EGemoI2NTXmTsBVtJqk8jxF9rh8ApRWfsIMQSt2uE4OcpQqbFu7f7NbTK05lx80nuSijCz7sc3a277R67g,aplikasi babi topup gak masuk masuk,1,0,1.47.0,2025-10-10 15:23:26+00:00,"Hai Kak @Kak viic, pastikan nomor tujuan sudah benar, sudah cek halaman Riwayat, dan coba keluar dan masuk kembali ke aplikasi. Jika saldo masih belum masuk, silakan laporkan melalui menu Bantuan > ketik 'Top up GoPay saya belum masuk' > isi formulir dan cantumkan kode psr-25-283-1330-30841 pada bagian 'Ceritakan lebih lanjut'. ^Miko",2025-10-10 20:30:51,1.47.0,Dataset/dataset\GOPAY_googleplay_OCTOBER_reviews.csv,topup
88b4b5a9-7ae7-40b1-934e-591f3e303d00,Pengguna Google,https://play-lh.googleusercontent.com/EGemoI2NTXmTsBVtJqk8jxF9rh8ApRWfsIMQSt2uE4OcpQqbFu7f7NbTK05lx80nuSijCz7sc3a277R67g,"topup lewat bri,transaksi berhasil tapi dari jam 7 sampe 1 belum masuk masuk",1,0,1.64.1,2025-11-25 12:54:43+00:00,"Hai Kak Damai, pastikan nomor tujuan sudah benar, sudah cek halaman Riwayat, dan coba keluar dan masuk kembali ke aplikasi. Jika saldo masih belum masuk, silakan laporkan melalui menu Bantuan > ketik 'Top up GoPay saya belum masuk' > isi formulir dan cantumkan kode psr-25-329-1140-58398 pada bagian 'Ceritakan lebih lanjut'. ^Miko",2025-11-25 18:41:13,1.64.1,Dataset/dataset\GOPAY_googleplay_NOVEMBER_reviews.csv,topup
3c732846-61a0-4c2a-ad07-73ee3d8994a1,Pengguna Google,https://play-lh.googleusercontent.com/EGemoI2NTXmTsBVtJqk8jxF9rh8ApRWfsIMQSt2uE4OcpQqbFu7f7NbTK05lx80nuSijCz7sc3a277R67g,saya baru saja daftar akun ovo kok tiba2 minta foto KTP dan foto wajah ya apa iya daftar ovo gitu,5,0,3.144.0,2025-10-20 16:05:23+00:00,,,3.144.0,Dataset/dataset\OVO_googleplay_OCTOBER_reviews.csv,vermuk
863d51d1-5153-4531-b218-f351b2b5e6da,Pengguna Google,https://play-lh.googleusercontent.com/EGemoI2NTXmTsBVtJqk8jxF9rh8ApRWfsIMQSt2uE4OcpQqbFu7f7NbTK05lx80nuSijCz7sc3a277R67g,"terima kasih akhirnya masalah saya terbantu setelah 2x edit ulasan, sekarang mudah banget topup dr debit Krn lgs mencantumkan nomor HP saja, kendala baru terjadi pada saat pembayaran ke aplikasi toktok yang terhubung ke toped, JD seperti terpending pembayaran ke seller yang mengakibatkan mundurnya pengiriman barang yg dipesen, misal saya CO pakai saldo Gopay jam 7 malam, di laporannya uang baru masuk ke pembayaran besoknya jam 9 pagi JD seperti ada Pendingan pembayaran , dan mmg jelas saya cek",5,61,1.60.0,2025-10-16 15:36:57+00:00,"Hai Kak Lina, mohon maat atas ketidaknyamanannya. Jika kamu masih mengalami kendala, silakan laporkan melalui email ke customerservice@gopay.co.id dengan melampirkan kode psr-25-255-1157-18836 pada subject email dan cantumkan nomor laporan kamu sebelumnya pada email yang kamu kirimkan. Kami tunggu detail laporan kamu ya. ^Melisa

",2025-09-12 18:57:28,1.60.0,Dataset/dataset\GOPAY_googleplay_OCTOBER_reviews.csv,topup
aef50839-ca91-488e-9693-5466502c2ecb,Pengguna Google,https://play-lh.googleusercontent.com/EGemoI2NTXmTsBVtJqk8jxF9rh8ApRWfsIMQSt2uE4OcpQqbFu7f7NbTK05lx80nuSijCz7sc3a277R67g,"super duper parah, mau login menggunakan email, pas mau ketik email gak bisa ngetik huruf selanjutnya. udah coba beberapa kali, dan hasilnya zonk. tolong diperbaiki",1,5,3.144.0,2025-10-06 19:51:39+00:00,,,3.144.0,Dataset/dataset\OVO_googleplay_OCTOBER_reviews.csv,login
e877e70d-9352-42db-a3f3-e13f51f46057,Pengguna Google,https://play-lh.googleusercontent.com/EGemoI2NTXmTsBVtJqk8jxF9rh8ApRWfsIMQSt2uE4OcpQqbFu7f7NbTK05lx80nuSijCz7sc3a277R67g,gk bisa buat bayar via qris,1,0,1.40.06,2025-10-11 17:13:23+00:00,"Hi Kak Tejo. Mohon maaf atas kendala tidak bisa bayar dengan QRIS. Terkait kendala tersebut mohon menghubungi kami melalui DM ke Instagram @ShopeePay_ID yang bercentang biru, dengan menginformasikan detail dan bukti kendala untuk bantuan lebih lanjut. Semoga kendala kakak segera terselesaikan ya. ^CS",2025-10-13 14:09:10,1.40.06,Dataset/dataset\SHOPEEPAY_googleplay_OCTOBER_reviews.csv,qris
3c726dd8-8ae2-4771-a7c3-5c2d4421637c,Pengguna Google,https://play-lh.googleusercontent.com/EGemoI2NTXmTsBVtJqk8jxF9rh8ApRWfsIMQSt2uE4OcpQqbFu7f7NbTK05lx80nuSijCz7sc3a277R67g,"Aku coba top up ke OVO di bank ku 0 admin, eh di OVO malah kepotong 2.000",2,0,,2025-10-24 10:39:49+00:00,,,,Dataset/dataset\OVO_googleplay_OCTOBER_reviews.csv,topup
a5155c8d-45c2-4ae3-938d-81e8cba55826,Pengguna Google,https://play-lh.googleusercontent.com/EGemoI2NTXmTsBVtJqk8jxF9rh8ApRWfsIMQSt2uE4OcpQqbFu7f7NbTK05lx80nuSijCz7sc3a277R67g,"tolong ya proses kan saldo yg sudah saya top up....masa sudah 3 hari blm masuk2 saldo nya... saya ga terima klo sampai tidak masuk saldonya & saya nilai apk eWalet terburuk,sy akan hapus ulasan ini bila saldo saya di proses.klo tdk brrti apk ovo ini penipu",1,5,3.148.0,2025-12-07 11:00:33+00:00,,,3.148.0,Dataset/dataset\OVO_googleplay_DECEMBER_reviews.csv,topup
77110a69-5881-4f76-88b2-b2a7d51833fb,Pengguna Google,https://play-lh.googleusercontent.com/EGemoI2NTXmTsBVtJqk8jxF9rh8ApRWfsIMQSt2uE4OcpQqbFu7f7NbTK05lx80nuSijCz7sc3a277R67g,"Ok uang sudah kembali, tapi apakah masih bisa ovo transfer ke rek bank lain..?",5,0,3.145.0,2025-10-21 21:14:26+00:00,,,3.145.0,Dataset/dataset\OVO_googleplay_OCTOBER_reviews.csv,transfer
ff2ab6e8-a86e-4954-9a31-a15bb994df1a,Pengguna Google,https://play-lh.googleusercontent.com/EGemoI2NTXmTsBVtJqk8jxF9rh8ApRWfsIMQSt2uE4OcpQqbFu7f7NbTK05lx80nuSijCz7sc3a277R67g,"mau login lupa pin. pas mau ganti malah ke out disuruh pasword lupa eh bikin pas bikin pin baru kesalahan teknis dri pagi. coba"" inget pasword masih lupa sampe keblokir astaga. blue sering bgt dh error koneksi internet stabil pdhl. main roblox pun lancar",1,0,,2025-11-14 17:31:14+00:00,"Hai, Kakak. Maaf atas ketidaknyamanannya. Melalui pesan kesalahan akun terblokir, dapat memilih tombol reset password kemudian mengikuti langkah-langkah sebagai berikut:
1. Aplikasi akan meminta PIN dan pengenalan wajah
2. Jika berhasil Kakak memasukkan password baru
3. Kakak memasukkan kembali password baru
4. Reset password berhasil dilakukan.",2025-11-14 18:28:55,,Dataset/dataset\BLU_googleplay_NOVEMBER_reviews.csv,login
6f98d519-09dd-443f-8809-5f73776dbaa6,Pengguna Google,https://play-lh.googleusercontent.com/EGemoI2NTXmTsBVtJqk8jxF9rh8ApRWfsIMQSt2uE4OcpQqbFu7f7NbTK05lx80nuSijCz7sc3a277R67g,"kalo bisa sih tambahin fitur keamanan verifikasi wajah saat login, mengantisipasi klo nomor mati dan di daur ulang",5,1,1.45.09,2025-12-30 17:14:51+00:00,"Hi Kak. Terima kasih telah menggunakan ShopeePay. Mari cek aplikasi ShopeePay karena banyak fitur yang mempermudah keseharian kakak seperti pembelian pulsa, paket data, pembayaran tagihan listrik dan pembayaran lainnya. Jika kakak memiliki pertanyaan seputar ShopeePay, mohon DM kami di Instagram @ShopeePay_ID ya. Semoga harimu menyenangkan ^RJ",2025-12-31 09:10:57,1.45.09,Dataset/dataset\SHOPEEPAY_googleplay_DECEMBER_reviews.csv,login
2884ab93-37cf-4ddc-a13b-7900d666a0f3,Pengguna Google,https://play-lh.googleusercontent.com/EGemoI2NTXmTsBVtJqk8jxF9rh8ApRWfsIMQSt2uE4OcpQqbFu7f7NbTK05lx80nuSijCz7sc3a277R67g,"akun gopay saya setiap mau transfer uang,, ada Ket silakan daftar ulang apgrade plus dan ketika melakukan daftar ulang data saya ditolak dengan alasan data say tidak sesuai dgn data dari dukcapil padahal setelah saya laporkan didukcapil data saya sudah sesuai,, dan ini selalu terjadi diakun gopay saya setiap saya mau transfer uang",5,2,1.59.0,2025-10-03 22:05:53+00:00,,,1.59.0,Dataset/dataset\GOPAY_googleplay_OCTOBER_reviews.csv,transfer
8fb25b87-96e9-4236-b382-dc3a8a9f5c67,Pengguna Google,https://play-lh.googleusercontent.com/EGemoI2NTXmTsBVtJqk8jxF9rh8ApRWfsIMQSt2uE4OcpQqbFu7f7NbTK05lx80nuSijCz7sc3a277R67g,"aplikasi ga terlalu fungsi sosoan ada potongan / topup , aplikasi ini kepake buat ngumpulin poin sopi doang",2,0,,2025-11-08 18:20:45+00:00,Hi Kak . Mohon maaf mengenai kendala dikenakannya biaya admin untuk top up ShopeePay. Untuk gratis biaya admin top up ShopeePay memiliki syarat dan ketentuan tertentu. Informasi lengkap dapat dicek pada link ini ya: https://shopee.co.id/m/isi-saldo-shopeepay-gratis . Semoga informasinya membantu ^KS,2025-06-11 10:01:38,,Dataset/dataset\SHOPEEPAY_googleplay_NOVEMBER_reviews.csv,topup
2c6c3152-3c1b-4e6a-a5dd-11e9cec9a01c,Pengguna Google,https://play-lh.googleusercontent.com/EGemoI2NTXmTsBVtJqk8jxF9rh8ApRWfsIMQSt2uE4OcpQqbFu7f7NbTK05lx80nuSijCz7sc3a277R67g,gue top up belom masuk sampai 24 jam nyesel gue top up di shopepay,1,0,1.45.09,2025-12-24 20:54:50+00:00,"Hi Kak Indra. Mohon maaf atas kendala Top Up ShopeePay yang belum diterima. Jika hingga saat ini Top Up masih belum diterima mohon menghubungi kami melalui DM ke Instagram @ShopeePay_ID yang bercentang biru, dengan melampirkan bukti bayar Top Up tersebut untuk bantuan lebih lanjut. Semoga kendala kakak segera terselesaikan ya. ^CS",2025-12-25 14:53:20,1.45.09,Dataset/dataset\SHOPEEPAY_googleplay_DECEMBER_reviews.csv,topup
adf57293-a673-4927-a2ae-21db3270f77d,Pengguna Google,https://play-lh.googleusercontent.com/EGemoI2NTXmTsBVtJqk8jxF9rh8ApRWfsIMQSt2uE4OcpQqbFu7f7NbTK05lx80nuSijCz7sc3a277R67g,"sangat buruk , Krn go pay BS transfer meski nmr yg di transfer TDK terdaftar /salah , setahu saya bila transfer nmr yg dituju TDK terdaftar hrsnya kan TDK BS terkirim /sukses transaksi , saya sangat kecewa sekali",2,0,1.54.0,2025-10-10 06:20:26+00:00,"Hai Kak Bulan, sesuai Syarat & Ketentuan GoPay, jika terjadi kesalahan isi/transfer dan sudah berhasil, maka transaksi tidak dapat dibatalkan. Jika kamu memiliki pertanyaan atau kendala lainnya, silakan kunjungi menu Bantuan di aplikasi GoPay kamu atau email ke customerservice@gopay.co.id. ^Maura",2025-10-10 11:35:34,1.54.0,Dataset/dataset\GOPAY_googleplay_OCTOBER_reviews.csv,transfer
58e46e83-ba28-4ccd-87b4-ea2050502583,Pengguna Google,https://play-lh.googleusercontent.com/EGemoI2NTXmTsBVtJqk8jxF9rh8ApRWfsIMQSt2uE4OcpQqbFu7f7NbTK05lx80nuSijCz7sc3a277R67g,"sangat membantu, transfer ke semua bank gratis, aplikasi nya sangat bagus",5,0,,2025-10-24 21:37:22+00:00,,,,Dataset/dataset\JAGO_googleplay_OCTOBER_reviews.csv,transfer
e15035ae-ef51-4c8c-abe7-995d81e9f377,Pengguna Google,https://play-lh.googleusercontent.com/EGemoI2NTXmTsBVtJqk8jxF9rh8ApRWfsIMQSt2uE4OcpQqbFu7f7NbTK05lx80nuSijCz7sc3a277R67g,kalau bisa tolong dibantu limit ny ovo di naikan jadi tanpa batas ngak ad limit ny ini ad limit ovo limit cuma 40 JT terus kalau sudah mencapai 40 JT ngak BS LG terima transfer dari bank,5,0,3.150.0,2025-12-25 17:45:12+00:00,,,3.150.0,Dataset/dataset\OVO_googleplay_DECEMBER_reviews.csv,transfer
3c5aeb5f-adfa-45cd-bb2d-d5c560b6ca93,Pengguna Google,https://play-lh.googleusercontent.com/EGemoI2NTXmTsBVtJqk8jxF9rh8ApRWfsIMQSt2uE4OcpQqbFu7f7NbTK05lx80nuSijCz7sc3a277R67g,kapok transfer 500rb ga masuk ke bca. mau bukti? bisa japri aja,1,0,,2025-12-01 14:26:23+00:00,"Hi Kak Nur. Mohon maaf mengenai kendala transfer ShopeePay ke rekening bank yang belum diterima. Untuk pengecekan lebih lanjut, mohon menghubungi kami melalui DM ke Instagram @ShopeePay_ID dengan melampirkan bukti transfer yang tertera nomor transaksi (Order SN), nominal, tanggal dan waktu transaksi. ^EN",2025-12-01 17:47:18,,Dataset/dataset\SHOPEEPAY_googleplay_DECEMBER_reviews.csv,transfer
fdc22c53-0f6f-4769-a7f4-0cddd2386d55,Pengguna Google,https://play-lh.googleusercontent.com/EGemoI2NTXmTsBVtJqk8jxF9rh8ApRWfsIMQSt2uE4OcpQqbFu7f7NbTK05lx80nuSijCz7sc3a277R67g,aplikasi burukk upgrade premier top up malah ditolak gak masuk masuk,1,0,,2025-12-25 23:23:16+00:00,,,,Dataset/dataset\OVO_googleplay_DECEMBER_reviews.csv,topup
6933148e-04bb-4d62-bb7f-5cc74ad6e4ce,Pengguna Google,https://play-lh.googleusercontent.com/EGemoI2NTXmTsBVtJqk8jxF9rh8ApRWfsIMQSt2uE4OcpQqbFu7f7NbTK05lx80nuSijCz7sc3a277R67g,"akun shopee pay saya di blokir saat saya mau pengaktifan shopee driver dan tidak ada penjelasan knp akun saya di blokir,dan untuk pemulihan akun semua sudah saya isi dgn jelas dan benar tapi tetap terjadi pemberitahuan ada kesalahan tanpa ada konfirmasi apa yg salah dan salahmya dimana.tolong di bantu admin shopee pay trims,saya sudah pesan jaket orange dan juga sudah top up di shopee pay.",2,2,1.42.03,2025-11-18 12:00:30+00:00,"Hi Kak Badar. Mohon maaf atas kendala akun ShopeePay yang diblokir. Terkait kendala tersebut mohon menghubungi kami melalui DM ke Instagram @ShopeePay_ID yang bercentang biru, dengan melampirkan foto/screenshot notifikasi kendala yang dialami untuk bantuan lebih lanjut. Semoga kendala kakak segera terselesaikan ya. ^CS",2025-11-18 13:24:38,1.42.03,Dataset/dataset\SHOPEEPAY_googleplay_NOVEMBER_reviews.csv,topup
bc0e3cc6-82f1-4546-8beb-790114209d0a,Pengguna Google,https://play-lh.googleusercontent.com/EGemoI2NTXmTsBVtJqk8jxF9rh8ApRWfsIMQSt2uE4OcpQqbFu7f7NbTK05lx80nuSijCz7sc3a277R67g,"pas mau di pake malah ga bisa masuk, login aja susah",1,0,,2025-11-02 13:26:31+00:00,,,,Dataset/dataset\OVO_googleplay_NOVEMBER_reviews.csv,login
337d9c79-b3e5-491f-bc4c-935e3942abab,Pengguna Google,https://play-lh.googleusercontent.com/EGemoI2NTXmTsBVtJqk8jxF9rh8ApRWfsIMQSt2uE4OcpQqbFu7f7NbTK05lx80nuSijCz7sc3a277R67g,"apk apasih ini udah login 1 hari lalu kok pas mau login gabisa, koneksi terputus mulu padahal sinyal kenceng",1,0,8.76.0,2025-10-31 14:29:36+00:00,"Halo, Jagoan! Mohon maaf atas ketidaknyamanannya. Kami mengerti atas pengalaman kurang baik yang kamu alami. Untuk membantu kamu lebih lanjut, mohon menghubungi Tanya Jago di 1500746 / 021-30000746 atau email ke tanya@jago.com untuk kami cek lebih lanjut terkait kendala tersebut. Kami tunggu laporan dari kamu ya.",2025-10-31 14:30:45,8.76.0,Dataset/dataset\JAGO_googleplay_OCTOBER_reviews.csv,login
c69c8c3b-6855-4f9d-a64b-c6bf386401e5,Pengguna Google,https://play-lh.googleusercontent.com/EGemoI2NTXmTsBVtJqk8jxF9rh8ApRWfsIMQSt2uE4OcpQqbFu7f7NbTK05lx80nuSijCz7sc3a277R67g,"banyakan update,, login susah",1,0,3.147.0,2025-11-10 10:48:42+00:00,,,3.147.0,Dataset/dataset\OVO_googleplay_NOVEMBER_reviews.csv,login
412272a2-e5d1-43a0-88e8-35f8a353902a,Pengguna Google,https://play-lh.googleusercontent.com/EGemoI2NTXmTsBVtJqk8jxF9rh8ApRWfsIMQSt2uE4OcpQqbFu7f7NbTK05lx80nuSijCz7sc3a277R67g,"beberapa hari lalu kirim ke bank pending sampai 4 hari sekarang topup saldo ovo belum bertambah...pusat bantuan tidak bisa di gunakan, kirim email tidak ada tanggapan...mau bangkrut kaya nya nih ovo",1,0,3.121.0,2025-10-07 13:31:57+00:00,,,3.121.0,Dataset/dataset\OVO_googleplay_OCTOBER_reviews.csv,topup
58b701cb-96cc-454b-ac92-b807a918a79a,Pengguna Google,https://play-lh.googleusercontent.com/EGemoI2NTXmTsBVtJqk8jxF9rh8ApRWfsIMQSt2uE4OcpQqbFu7f7NbTK05lx80nuSijCz7sc3a277R67g,susah untuk login udah izikan lokasi ttp aja gabisa males banget,1,0,2.5.0,2025-11-10 14:27:00+00:00,"Hai, Kakak. Maaf atas ketidaknyamanannya. Jika yang dinaksud kendala untuk pembukaan rekenig, untuk kendalanya Kakak dapat melakukan ""Clear All Data"" pada aplikasi blu, dan kemudian pastikan ""GPS"" telah diaktifkan, kemudian login kembali ke aplikasi blu.",2025-11-10 14:39:03,2.5.0,Dataset/dataset\BLU_googleplay_NOVEMBER_reviews.csv,login
11d517a4-b5c7-44df-8f60-385e55cf2835,Pengguna Google,https://play-lh.googleusercontent.com/EGemoI2NTXmTsBVtJqk8jxF9rh8ApRWfsIMQSt2uE4OcpQqbFu7f7NbTK05lx80nuSijCz7sc3a277R67g,"aplikasi Beloon .TF ke bang notif berhasil tapi duit gamasuk ilang gitu aja .aplikasi penipuan ini !.komplen csnya cuma suruh nunggu"" gatau Ampe kapan .semuanya Beloon ..aplikasi sampah ! jangan mau kena tipu Ama ni aplikasi suka penggelapan dana !",1,3,3.146.0,2025-11-05 21:51:05+00:00,,,3.146.0,Dataset/dataset\OVO_googleplay_NOVEMBER_reviews.csv,transfer
5f7dbf14-8748-4d2b-b50a-d8ed78a4f726,Pengguna Google,https://play-lh.googleusercontent.com/EGemoI2NTXmTsBVtJqk8jxF9rh8ApRWfsIMQSt2uE4OcpQqbFu7f7NbTK05lx80nuSijCz7sc3a277R67g,"top up driver sangat mahal , banyak potongan biaya ini itu. apalagi semenjak di ""paksa"" gabung superbank nambah gak jelas.masuk ke ovo gak bisa transfer harus verifikasi dulu ke superbank Dan tulisan nya gagal memproses.. sebagai Driver grab saya sih mau nya simple,gak banyak potongan klo top up. belajar lah dr aplikasi sebelah top up gratis kirim juga gratis ,driver bahagia. auto uninstall ovo nya. gak usah top up grab driver,fokus ke akun sebelah wkwkwk. pokok nya sih ribet pas ada superbank",1,4,3.144.0,2025-10-08 14:50:40+00:00,,,3.144.0,Dataset/dataset\OVO_googleplay_OCTOBER_reviews.csv,topup
4d1d062a-1992-4f56-8de6-90e0c8c86c59,Pengguna Google,https://play-lh.googleusercontent.com/EGemoI2NTXmTsBVtJqk8jxF9rh8ApRWfsIMQSt2uE4OcpQqbFu7f7NbTK05lx80nuSijCz7sc3a277R67g,top up saldo blm masuk,1,1,1.64.0,2025-11-23 12:18:17+00:00,"Hai Kak Ridwan, pastikan nomor tujuan sudah benar, sudah cek halaman Riwayat, dan coba keluar dan masuk kembali ke aplikasi. Jika saldo masih belum masuk, silakan laporkan melalui menu Bantuan > ketik 'Top up GoPay saya belum masuk' > isi formulir dan cantumkan kode psr-25-327-0543-02457 pada bagian 'Ceritakan lebih lanjut'. ^Melisa",2025-11-23 12:43:17,1.64.0,Dataset/dataset\GOPAY_googleplay_NOVEMBER_reviews.csv,topup
d8ed1cc2-564d-453b-9590-fc7a39ee30f0,Pengguna Google,https://play-lh.googleusercontent.com/EGemoI2NTXmTsBVtJqk8jxF9rh8ApRWfsIMQSt2uE4OcpQqbFu7f7NbTK05lx80nuSijCz7sc3a277R67g,"gimana sih ini?saya mau login pake perangkat baru kok ngga bisa?pdhl saya sudah logout dr perangkat lama saya,dan aplikasi di perangkat yg lama sdh di uninstal?",2,0,3.2.0,2025-12-09 14:33:38+00:00,"Halo Sahabat @Lusy Aulia Fatriana, mohon maaf atas ketidaknyamanannya. Terkait kendala Sahabat mohon untuk dapat mengirimkan email ke mandiricare@bankmandiri.co.id atau dapat menghubungi Mandiri Call 14000 lalu tekan 2 agar dapat dilakukan pengecekan. Tks~Momo",2025-12-09 14:43:00,3.2.0,Dataset/dataset\LIVIN_googleplay_DECEMBER_reviews.csv,login
c9a78d20-a5dc-4fd8-933d-8c7f5451e5f4,Pengguna Google,https://play-lh.googleusercontent.com/EGemoI2NTXmTsBVtJqk8jxF9rh8ApRWfsIMQSt2uE4OcpQqbFu7f7NbTK05lx80nuSijCz7sc3a277R67g,ribet sekarang pake verifikasi wajah segala,1,0,1.40.06,2025-10-03 18:47:53+00:00,"Hi Kak Arfiansyah. Mohon maaf atas kendala harus verifikasi wajah setiap transaksi. Demi keamanan akun pengguna, saat ini sistem ShopeePay dilengkapi fitur keamanan seperti PIN, kode OTP, sidik jari hingga verifikasi wajah. Jika terkendala dalam verifikasi wajah, mohon DM kami dengan melampirkan video kendalanya melalui Instagram @ShopeePay_ID. ^EN",2025-10-06 11:06:42,1.40.06,Dataset/dataset\SHOPEEPAY_googleplay_OCTOBER_reviews.csv,vermuk
f835047c-292e-46da-8916-fe44774da784,Pengguna Google,https://play-lh.googleusercontent.com/EGemoI2NTXmTsBVtJqk8jxF9rh8ApRWfsIMQSt2uE4OcpQqbFu7f7NbTK05lx80nuSijCz7sc3a277R67g,bagus cocok yang mau top up,5,0,1.59.0,2025-10-07 02:38:35+00:00,,,1.59.0,Dataset/dataset\GOPAY_googleplay_OCTOBER_reviews.csv,topup
a7fbd451-b01f-48da-af71-870c34a94ce8,Pengguna Google,https://play-lh.googleusercontent.com/EGemoI2NTXmTsBVtJqk8jxF9rh8ApRWfsIMQSt2uE4OcpQqbFu7f7NbTK05lx80nuSijCz7sc3a277R67g,ribet bener livin astaga gimana mau login gabisa terus,1,0,,2025-11-08 18:50:09+00:00,"Halo Sahabat @Ferdian Wahyu saputra, mohon maaf atas ketidaknyamanannya. Kami mohon kesediaan Sahabat melakukan force close pada aplikasi terlebih dahulu, pastikan jaringan data yg digunakan stabil (tidak menggunakan jaringan wifi) dan kami persilakan Sahabat utk mencoba kembali secara berkala. Tks~Raka",2025-11-08 18:52:19,,Dataset/dataset\LIVIN_googleplay_NOVEMBER_reviews.csv,login
8cad423e-c011-44ad-aae3-579f04932fca,Pengguna Google,https://play-lh.googleusercontent.com/EGemoI2NTXmTsBVtJqk8jxF9rh8ApRWfsIMQSt2uE4OcpQqbFu7f7NbTK05lx80nuSijCz7sc3a277R67g,kaget di top up sama tf di potong 2ribu hebat,1,0,3.28.0,2025-11-26 15:09:29+00:00,"Hai Kak,
Mohon maaf atas ketidaknyamanannya. Apabila ada keluhan/pertanyaan mohon menghubungi tim kami melalui email di cs@ovo.id atau call center kami di 1500-696.
Terima kasih. ^DB
",2021-02-01 17:46:24,3.28.0,Dataset/dataset\OVO_googleplay_NOVEMBER_reviews.csv,topup
f0354982-bd32-4292-a3cf-133e3b051729,Pengguna Google,https://play-lh.googleusercontent.com/EGemoI2NTXmTsBVtJqk8jxF9rh8ApRWfsIMQSt2uE4OcpQqbFu7f7NbTK05lx80nuSijCz7sc3a277R67g,"⭐️⭐️⭐️⭐️⭐️ GoPay benar-benar memudahkan hidup saya! Aplikasinya sangat praktis dan cepat digunakan untuk berbagai transaksi—mulai dari bayar belanja, pesan makanan, transportasi, hingga kirim uang ke teman. Proses top up juga mudah dan selalu aman. Saya suka tampilan aplikasinya yang sederhana tapi lengkap, serta sering ada promo dan cashback menarik. Pelayanan customer service juga responsif dan membantu saat ada kendala. Terima kasih GoPay, transaksi jadi lebih mudah dan nyaman setiap hari!",5,151,1.60.0,2025-10-20 18:34:48+00:00,,,1.60.0,Dataset/dataset\GOPAY_googleplay_OCTOBER_reviews.csv,topup
b1d80fab-054e-480a-982f-5e0d773c07b6,Pengguna Google,https://play-lh.googleusercontent.com/EGemoI2NTXmTsBVtJqk8jxF9rh8ApRWfsIMQSt2uE4OcpQqbFu7f7NbTK05lx80nuSijCz7sc3a277R67g,gunanya mbangking apa kalau mau login aja harus ke bank huft,1,0,3.2.0,2025-12-02 18:49:10+00:00,"Halo Sahabat @jamsuisk, mohon maaf atas ketidaknyamanannya. Terkait kendala Sahabat mohon untuk dapat mengirimkan email ke mandiricare@bankmandiri.co.id atau dapat menghubungi mandiri call 14000 agar dapat dilakukan pengecekan. Tks~Carlos",2025-12-02 18:55:27,3.2.0,Dataset/dataset\LIVIN_googleplay_DECEMBER_reviews.csv,login
52dd34f1-3954-41b0-b831-86a99be8e207,Pengguna Google,https://play-lh.googleusercontent.com/EGemoI2NTXmTsBVtJqk8jxF9rh8ApRWfsIMQSt2uE4OcpQqbFu7f7NbTK05lx80nuSijCz7sc3a277R67g,live chat customer gaada ? isi ulang gagal bagaimana compalinnya ? formulir diisi tapi keterangannya gagal terus padahal lumayan banyak topup nya,1,0,,2025-10-07 14:59:44+00:00,,,,Dataset/dataset\OVO_googleplay_OCTOBER_reviews.csv,topup
e6e7cf76-876f-4916-92f3-643321017b03,Pengguna Google,https://play-lh.googleusercontent.com/EGemoI2NTXmTsBVtJqk8jxF9rh8ApRWfsIMQSt2uE4OcpQqbFu7f7NbTK05lx80nuSijCz7sc3a277R67g,transfer saldo gopay ke rekening ko bkm bisa trus ya dari kemaren,5,0,1.62.0,2025-11-08 22:28:13+00:00,,,1.62.0,Dataset/dataset\GOPAY_googleplay_NOVEMBER_reviews.csv,transfer
9b90a68c-7b95-403f-b146-ddad1e0da880,Pengguna Google,https://play-lh.googleusercontent.com/EGemoI2NTXmTsBVtJqk8jxF9rh8ApRWfsIMQSt2uE4OcpQqbFu7f7NbTK05lx80nuSijCz7sc3a277R67g,"Saya Pengguna Aktif Gopay, Saya Top up Saldo E-money Sebesar 230 Ribu, namun hingga detik ini tidak masuk, bolak balik Update saldo, namun tidak masuk dan penjelasan..",1,8,1.64.0,2025-11-23 14:15:04+00:00,"Hai Kak Septua, pastikan nomor kartu yang dimasukkan sudah benar dan kamu sudah update saldo sesuai dengan ketentuan, ya. Jika masih bermasalah, laporkan melalui menu Bantuan > ketik ""Update saldo e-money tidak berhasil"" > isi formulir dan cantumkan kode psr-25-327-0743-12536 di bagian ""Ceritakan lebih lanjut"". ^Melisa",2025-11-23 14:43:19,1.64.0,Dataset/dataset\GOPAY_googleplay_NOVEMBER_reviews.csv,topup
848a39c6-2024-434b-99e9-2d32d34b51fb,Pengguna Google,https://play-lh.googleusercontent.com/EGemoI2NTXmTsBVtJqk8jxF9rh8ApRWfsIMQSt2uE4OcpQqbFu7f7NbTK05lx80nuSijCz7sc3a277R67g,"Mahal top up kenak admin, ribet lagi",1,0,,2025-10-19 08:38:25+00:00,,,,Dataset/dataset\OVO_googleplay_OCTOBER_reviews.csv,topup
bd8a9552-b553-4ea8-a471-47ac33de00a4,Pengguna Google,https://play-lh.googleusercontent.com/EGemoI2NTXmTsBVtJqk8jxF9rh8ApRWfsIMQSt2uE4OcpQqbFu7f7NbTK05lx80nuSijCz7sc3a277R67g,afk ga guna sama sekali ga bisa login pake nomor lama padahal ada saldonays,1,0,,2025-10-04 20:33:34+00:00,,,,Dataset/dataset\OVO_googleplay_OCTOBER_reviews.csv,login
cbdc39a7-ef2d-4389-97b9-540709a4678d,Pengguna Google,https://play-lh.googleusercontent.com/EGemoI2NTXmTsBVtJqk8jxF9rh8ApRWfsIMQSt2uE4OcpQqbFu7f7NbTK05lx80nuSijCz7sc3a277R67g,"bank mandiri awal nya bagus kok sekarang ada potongan sebulan sampai dua 2 x,apa maksud nya,dpt TF kok malah saldo ku yg kena potong tolong ya jgn seperti itu,",1,0,3.1.0,2025-11-04 09:37:39+00:00,"Hai Sahabat @Ratna Ningsih, mohon maaf atas ketidaknyamanannya. Apabila terdapat kendala agar dapat kami tindaklanjuti, Sahabat dapat mengirimkan email ke mandiricare@bankmandiri.co.id atau menghubungi layanan mandiri call 14000 ya. Tks~Kila",2025-11-04 09:41:21,3.1.0,Dataset/dataset\LIVIN_googleplay_NOVEMBER_reviews.csv,transfer
2156b207-8524-480a-96e7-82d6c805075e,Pengguna Google,https://play-lh.googleusercontent.com/EGemoI2NTXmTsBVtJqk8jxF9rh8ApRWfsIMQSt2uE4OcpQqbFu7f7NbTK05lx80nuSijCz7sc3a277R67g,gua top up ml pas sudah mau membayar kok dari tadi teknis teknis kapan,1,0,1.62.0,2025-11-15 11:39:28+00:00,"Mohon maaf, Kak Akil. Agar bisa menggunakan GoPay, pastikan saldo cukup, masukkan PIN GoPay yang benar, dan gunakan aplikasi terbaru. Jika masih bermasalah, laporkan melalui menu Bantuan > ketik ""Saya tidak dapat menggunakan GoPay"" > isi formulir dan cantumkan kode psr-25-319-0637-51724 di bagian ""Ceritakan lebih lanjut"". ^Miko",2025-11-15 13:38:01,1.62.0,Dataset/dataset\GOPAY_googleplay_NOVEMBER_reviews.csv,topup
6a31039a-b859-4cb4-acc6-56d33b3b6bfe,Pengguna Google,https://play-lh.googleusercontent.com/EGemoI2NTXmTsBVtJqk8jxF9rh8ApRWfsIMQSt2uE4OcpQqbFu7f7NbTK05lx80nuSijCz7sc3a277R67g,"memang pakai gopay mudah dan gratis transfer ke smua bank, tapi ada minus nya, tolonglah dlam permainan/game di perbarui lagi, buatlah pemain percaya bahwa permainan nya tidak di seting seperti permainan GG mask sudah 100x lebih putaran spin hadiahnya itu2 aja gk berubah ubah kan lucu,aneh,pemainpun mrasa kecewa klo game nya emnag di setting sndiri pihak gopay, cobak donk buat pemain itu percaya dan hadiah nya pun ber ubah ubah pasti lebih puas lagi dan pemain pun percaya 🙏😂",4,8,1.61.1,2025-10-25 04:07:11+00:00,,,1.61.1,Dataset/dataset\GOPAY_googleplay_OCTOBER_reviews.csv,transfer
ad3e2d37-fd10-4c72-b9b2-42969c9cbf7e,Pengguna Google,https://play-lh.googleusercontent.com/EGemoI2NTXmTsBVtJqk8jxF9rh8ApRWfsIMQSt2uE4OcpQqbFu7f7NbTK05lx80nuSijCz7sc3a277R67g,aplikasi lol lemot banget anjr padahal jaringan baguss gua tf proses nya sampai 2 jam sendiri anj ada live chat tapi di otomatis ngapain lohhh sama aja kita ikut ke alur nya admin yang nama nya live chat kita juga bisa ngetik apa yang kita mau lol,2,2,1.60.0,2025-10-14 23:07:03+00:00,"Hai Kak Imam, pastikan nomor tujuan benar dan sudah cek halaman Riwayat. Jika setelah 2x24 jam di hari kerja (diluar Sabtu, Minggu, atau Libur) saldo belum bertambah, silakan lapor melalui email ke customerservice@gopay.co.id dengan melampirkan kode psr-25-287-1615-03086 pada subject email. Kami tunggu detail laporan kamu ya. ^Maura",2025-10-14 23:15:15,1.60.0,Dataset/dataset\GOPAY_googleplay_OCTOBER_reviews.csv,transfer
29854d27-bdab-4a5a-95c9-8555a8b1f30c,Pengguna Google,https://play-lh.googleusercontent.com/EGemoI2NTXmTsBVtJqk8jxF9rh8ApRWfsIMQSt2uE4OcpQqbFu7f7NbTK05lx80nuSijCz7sc3a277R67g,tolong buatin fitur buat ambil uang kembali kalo habis tf ke orang pake qr atau nomor ini kalo tf ke penipu terus ga ada sistem reff sama aja aplikasi nya dukung penipuan,1,0,1.61.2,2025-11-08 07:22:29+00:00,,,1.61.2,Dataset/dataset\GOPAY_googleplay_NOVEMBER_reviews.csv,transfer
563ab7e9-e576-4e80-ac90-cc1a4b7fa313,Pengguna Google,https://play-lh.googleusercontent.com/EGemoI2NTXmTsBVtJqk8jxF9rh8ApRWfsIMQSt2uE4OcpQqbFu7f7NbTK05lx80nuSijCz7sc3a277R67g,sering bermasalah waktu topup emoney mandiri...dan saldo dikembalikan lama banget,1,0,3.147.0,2025-11-24 20:44:55+00:00,,,3.147.0,Dataset/dataset\OVO_googleplay_NOVEMBER_reviews.csv,topup
ac93cff4-f284-496e-8626-74f23f13b448,Pengguna Google,https://play-lh.googleusercontent.com/EGemoI2NTXmTsBVtJqk8jxF9rh8ApRWfsIMQSt2uE4OcpQqbFu7f7NbTK05lx80nuSijCz7sc3a277R67g,"cuma ovo yg msh menerapkan biaya admin, sdgkan ewalet lain bs ngasih gratis tanpa batas unt segala macam transfer ke rek bank maupun ke ewalet lain, gratisnya cm sesama ovo aj wkwkwk",1,0,,2025-12-01 19:13:49+00:00,,,,Dataset/dataset\OVO_googleplay_DECEMBER_reviews.csv,transfer
92f2396c-d3e2-46a1-86ad-112865879180,Pengguna Google,https://play-lh.googleusercontent.com/EGemoI2NTXmTsBVtJqk8jxF9rh8ApRWfsIMQSt2uE4OcpQqbFu7f7NbTK05lx80nuSijCz7sc3a277R67g,mau login gagal terus ujung-ujungnya di blokir duit masih ada disitu buat bayar netflix malah gak bisa OVO PARAH BANGET,1,0,3.130.0,2025-10-06 23:48:33+00:00,,,3.130.0,Dataset/dataset\OVO_googleplay_OCTOBER_reviews.csv,login
424d6536-caca-45fe-84ae-1f9949636193,Pengguna Google,https://play-lh.googleusercontent.com/EGemoI2NTXmTsBVtJqk8jxF9rh8ApRWfsIMQSt2uE4OcpQqbFu7f7NbTK05lx80nuSijCz7sc3a277R67g,"buka aplikasi lain jaringan normal, buka spay mo transfer jaringan bermasalah. buka shopee bisa padahal. buat cari produk juga aman aja jaringan",1,0,1.45.09,2025-12-28 19:29:25+00:00,"Hi Kak Raden Gilang, mohon maaf mengenai kendala jaringan yang bermasalah pada saat ingin melakukan transfer dana. Mohon pastikan telah menggunakan aplikasi ShopeePay yang terbaru dan apabila masih berkendala mohon menghubungi kami melalui DM Instagram di @ShopeePay_ID untuk bantuan lebih lanjut. Semoga kendala Kakak segera terselesaikan ^AS",2025-12-29 14:07:40,1.45.09,Dataset/dataset\SHOPEEPAY_googleplay_DECEMBER_reviews.csv,transfer
7ba8336e-8367-44a7-95fe-d73726085f80,Pengguna Google,https://play-lh.googleusercontent.com/EGemoI2NTXmTsBVtJqk8jxF9rh8ApRWfsIMQSt2uE4OcpQqbFu7f7NbTK05lx80nuSijCz7sc3a277R67g,kenapa akun gopay saya ko dari kemarin gk bisa buat tarik tunai maupun transfer yah min,2,0,1.61.2,2025-11-01 20:13:39+00:00,"Hai Kak Fatkhul, mohon maaf atas ketidaknyamanannya. Terkait keluhan tersebut, silakan laporkan melalui email ke customerservice@gopay.co.id dengan melampirkan kode psr-25-305-1349-32396 pada subject email. Kami tunggu detail laporan kamu ya. ^Maura",2025-11-01 20:49:49,1.61.2,Dataset/dataset\GOPAY_googleplay_NOVEMBER_reviews.csv,transfer
43b9346a-030d-401c-82d3-b73f5cd128c3,Pengguna Google,https://play-lh.googleusercontent.com/EGemoI2NTXmTsBVtJqk8jxF9rh8ApRWfsIMQSt2uE4OcpQqbFu7f7NbTK05lx80nuSijCz7sc3a277R67g,"transfer ga masuk2 suruh tunggu 4-20 detik, boro2 20 detik 10menit blm masuk2 saldo udh ke potong d chat jawabanya suruh hubungi pihak bank, masa mau tf aja ribet",1,0,1.59.0,2025-10-21 12:50:55+00:00,"Hai Kak Satya, mohon maat atas ketidaknyamanannya. Jika kamu masih mengalami kendala, silakan laporkan melalui email ke customerservice@gopay.co.id dengan melampirkan kode psr-25-294-0746-48826 pada subject email dan cantumkan nomor laporan kamu sebelumnya pada email yang kamu kirimkan. Kami tunggu detail laporan kamu ya. ^Melisa",2025-10-21 14:46:58,1.59.0,Dataset/dataset\GOPAY_googleplay_OCTOBER_reviews.csv,transfer
f4cf4ce2-9ca1-470f-a267-c2c99bda5392,Pengguna Google,https://play-lh.googleusercontent.com/EGemoI2NTXmTsBVtJqk8jxF9rh8ApRWfsIMQSt2uE4OcpQqbFu7f7NbTK05lx80nuSijCz7sc3a277R67g,sudah berkali kali duit saya ilang di aplikasi ini saldo TI dak masuk ke ovo .padahal dari pengirim sudah ada bukti transfer,1,0,3.146.0,2025-11-01 14:37:01+00:00,,,3.146.0,Dataset/dataset\OVO_googleplay_NOVEMBER_reviews.csv,transfer
72cb01c7-d4f1-4a9c-a9fa-01988ed4c9e8,Pengguna Google,https://play-lh.googleusercontent.com/EGemoI2NTXmTsBVtJqk8jxF9rh8ApRWfsIMQSt2uE4OcpQqbFu7f7NbTK05lx80nuSijCz7sc3a277R67g,kenapa aplikasi ovo GK bisa di buka terus sya udah top up kenapa GK masuk saldonya,2,0,3.147.0,2025-11-20 12:24:54+00:00,,,3.147.0,Dataset/dataset\OVO_googleplay_NOVEMBER_reviews.csv,topup
7c4ca2a4-5b59-47ba-9f67-6c9950dfc120,Pengguna Google,https://play-lh.googleusercontent.com/EGemoI2NTXmTsBVtJqk8jxF9rh8ApRWfsIMQSt2uE4OcpQqbFu7f7NbTK05lx80nuSijCz7sc3a277R67g,"jelek, harus nunggu beberapa hari jika login di hp yang baru",1,0,1.43.10,2025-11-25 01:51:34+00:00,"Hi Kak B_Nuril. Mohon maaf atas kendala login di device yang baru. Terkait kendala tersebut mohon menghubungi kami melalui DM ke Instagram @ShopeePay_ID yang bercentang biru, dengan menginformasikan detail dan bukti kendala untuk bantuan lebih lanjut. Semoga kendala kakak segera terselesaikan ya. ^CS",2025-11-25 11:32:51,1.43.10,Dataset/dataset\SHOPEEPAY_googleplay_NOVEMBER_reviews.csv,login
06c3304f-e020-4e02-80db-0117a0b72f14,Pengguna Google,https://play-lh.googleusercontent.com/EGemoI2NTXmTsBVtJqk8jxF9rh8ApRWfsIMQSt2uE4OcpQqbFu7f7NbTK05lx80nuSijCz7sc3a277R67g,apk ini tambah sini tambah tidak jelas top up di konter nya sudah masuk. giliran buka gopay nya saldo nya belum ada masuk mana suka perbaikan terus lama lama tek hapus bikin tidak nyaman bertransaksi di gopay 😡,1,0,,2025-10-06 21:43:01+00:00,"Hai Kak Ikhsan, mohon maaf atas ketidaknyamanannya. Jika pulsa/paket data belum masuk, mohon menunggu hingga 1x24 jam terlebih dahulu. Jika sudah 1x24 jam namun pulsa/paket data belum juga masuk, silakan laporkan detailnya melalui email customerservice@gopay.co.id dan lampirkan kode psr-25-279-1439-51730 pada subjek email ya. ^Miko",2025-10-06 21:40:55,,Dataset/dataset\GOPAY_googleplay_OCTOBER_reviews.csv,topup
2a10e6fb-62d8-4d1f-b9c1-7ec008259e51,Pengguna Google,https://play-lh.googleusercontent.com/EGemoI2NTXmTsBVtJqk8jxF9rh8ApRWfsIMQSt2uE4OcpQqbFu7f7NbTK05lx80nuSijCz7sc3a277R67g,Hallo admin gopay sebelumnya saya sangat suka menggunakan gopay bahkan dari Dana pindah ke gopay tapi akhir-akhir ini aplikasi ini sangat buruk dan mengecewakan!! dari completed cuma di jawab robot yg tidak membantu!! AGUSTUS LALU SAYA TOUP KARTU FLAZZ BCA melalui gopay 50 ribu kendala ganguan!! tapi sampai saat ini uang itu tidak kembali!!!! SAYA KIRA FLAZZ BCA YG BERMASALAH SAYA beralih KARTU E-MONEY MANDIRI HARI INI 28OKTOBER SAYA TOPUP 20 RIBU KEJADIAN TERNYATAAAAAA SAMA SAJA Gangguan!!!!!!,1,0,1.60.0,2025-10-28 10:08:52+00:00,"Hai Kak Brata, mohon maaf atas ketidaknyamanannya. Terkait keluhan tersebut, silakan laporkan melalui email ke customerservice@gopay.co.id dengan melampirkan kode psr-25-301-0345-32272 pada subject email. Kami tunggu detail laporan kamu ya. ^Maura",2025-10-28 10:45:38,1.60.0,Dataset/dataset\GOPAY_googleplay_OCTOBER_reviews.csv,topup
950f0cda-132f-466d-8526-5be608d941b3,Pengguna Google,https://play-lh.googleusercontent.com/EGemoI2NTXmTsBVtJqk8jxF9rh8ApRWfsIMQSt2uE4OcpQqbFu7f7NbTK05lx80nuSijCz7sc3a277R67g,aplikasi yang bagus untuk melakukan top up saldo 👍,5,0,1.61.2,2025-10-31 14:43:26+00:00,,,1.61.2,Dataset/dataset\GOPAY_googleplay_OCTOBER_reviews.csv,topup
8ceaaad4-a1d4-44ff-a354-4caeee8e3b08,Pengguna Google,https://play-lh.googleusercontent.com/EGemoI2NTXmTsBVtJqk8jxF9rh8ApRWfsIMQSt2uE4OcpQqbFu7f7NbTK05lx80nuSijCz7sc3a277R67g,Pembelian khusus Mlbb katanya gratis atau cash back tetapi yang terjadi malah saldo saya terpotong dan tidak mendapatkan cash back. Saya ingin meminta penjelasannya dari pihak admin. Scam gk guna penipuan. dan saya transfer uang dari dana ke gopay kenapa kena potong saya kirim rp. 100.000 yang masuk cuman rp. 99.000,1,0,,2025-10-16 18:27:04+00:00,"Hai Kak Bima, mohon maaf atas ketidaknyamanannya. Mengenai promo mengikuti syarat dan ketentuan yang berlaku. Apabila cashback belum masuk, mohon menunggu 1x24 jam terlebih dahulu. Selengkapnya dapat cek pada menu Bantuan di aplikasi GoPay > ketik ""Cashback GoPay saya belum masuk"" di kolom pencarian. ^Maura",2025-03-10 15:50:11,,Dataset/dataset\GOPAY_googleplay_OCTOBER_reviews.csv,transfer
5745ef71-7610-4f47-8c39-4f47f0e924e6,Pengguna Google,https://play-lh.googleusercontent.com/EGemoI2NTXmTsBVtJqk8jxF9rh8ApRWfsIMQSt2uE4OcpQqbFu7f7NbTK05lx80nuSijCz7sc3a277R67g,mau TF ke e-walet lain malah hangus uang nya👎👎👎,1,0,1.64.0,2025-11-20 15:11:43+00:00,"Hai Kak @yan hh, mohon maaf atas ketidaknyamanannya. Terkait hal tersebut, silakan laporkan melalui email ke customerservice@gopay.co.id dengan melampirkan kode psr-25-324-1030-43409 pada subject email dan ceritakan kembali detail permasalahannya agar tim kami bisa bantu cek lebih lanjut ya. ^Melisa",2025-11-20 17:30:49,1.64.0,Dataset/dataset\GOPAY_googleplay_NOVEMBER_reviews.csv,transfer
0bb534dc-1a9a-4ddd-bb1f-a43e00cad179,Pengguna Google,https://play-lh.googleusercontent.com/EGemoI2NTXmTsBVtJqk8jxF9rh8ApRWfsIMQSt2uE4OcpQqbFu7f7NbTK05lx80nuSijCz7sc3a277R67g,erorr msi transper pkai qris gagal trus,1,0,3.147.0,2025-11-12 08:40:06+00:00,,,3.147.0,Dataset/dataset\OVO_googleplay_NOVEMBER_reviews.csv,qris
8ff008dc-ddcb-483b-aa7b-1445834283c0,Pengguna Google,https://play-lh.googleusercontent.com/EGemoI2NTXmTsBVtJqk8jxF9rh8ApRWfsIMQSt2uE4OcpQqbFu7f7NbTK05lx80nuSijCz7sc3a277R67g,"gajelas aplikasi jago, salah password 3x akun dikunci nunggu sejam. cukup 1x login, langsung gua uninstall",1,0,8.79.0,2025-12-21 02:15:47+00:00,"Halo, Jagoan. Mohon maaf atas kendala yang terjadi ya. Kamu tidak perlu khawatir, kamu bisa menjelaskan detail kendala tersebut melalui email di tanya@jago.com atau call center 1500 746 untuk kami bantu tangani lebih lanjut. Terima kasih :)",2025-12-21 02:30:17,8.79.0,Dataset/dataset\JAGO_googleplay_DECEMBER_reviews.csv,login
adf3cf43-9ebc-452c-a319-b433bbf36e58,Pengguna Google,https://play-lh.googleusercontent.com/EGemoI2NTXmTsBVtJqk8jxF9rh8ApRWfsIMQSt2uE4OcpQqbFu7f7NbTK05lx80nuSijCz7sc3a277R67g,"udh banyak potongan, sok elit gabisa tf ke e-wallet laen. ngelag² lagi. dah ribet sok elit",1,0,3.146.0,2025-11-01 15:58:51+00:00,,,3.146.0,Dataset/dataset\OVO_googleplay_NOVEMBER_reviews.csv,transfer
37cce59d-45b5-4aa5-a003-cba95ab7b290,Pengguna Google,https://play-lh.googleusercontent.com/EGemoI2NTXmTsBVtJqk8jxF9rh8ApRWfsIMQSt2uE4OcpQqbFu7f7NbTK05lx80nuSijCz7sc3a277R67g,bagus sih tapi transfer perlu ktp tolong dong biar bisa transfer tanpa ktp aku kan belum punya ktp,3,0,1.61.2,2025-10-29 09:28:13+00:00,"Mohon maaf, Kak Merta. Sebelum transfer, pastikan status upgrade GoPay Plus sudah 'Diterima', ya. Namun, laporan yang disampaikan akan menjadi masukan bagi kami untuk terus meningkatkan kualitas layanan ke depannya. Jika ada pertanyaan lainnya, silakan kunjungi menu Bantuan di aplikasi GoPay atau email ke customerservice@gopay.co.id. ^Maura",2025-10-29 09:54:34,1.61.2,Dataset/dataset\GOPAY_googleplay_OCTOBER_reviews.csv,transfer
3b9d26d6-ef12-4d66-9e30-34dc4ca47da8,Pengguna Google,https://play-lh.googleusercontent.com/EGemoI2NTXmTsBVtJqk8jxF9rh8ApRWfsIMQSt2uE4OcpQqbFu7f7NbTK05lx80nuSijCz7sc3a277R67g,"baru top up tiba""uang kepotong sendiri",1,0,1.61.2,2025-11-02 10:02:50+00:00,"Hai Kak Amanda, mohon maaf atas ketidaknyamanannya. Pastikan kamu sudah menggunakan aplikasi GoPay versi terbaru, ya. Jika masih berkendala, silakan laporkan melalui halaman Bantuan > ketik ""Kendala tampilan dan notifikasi"" di kolom pencarian > pilih artikel dan lengkapi formulirnya. Kami siap membantu. ^Melisa",2025-11-02 13:58:29,1.61.2,Dataset/dataset\GOPAY_googleplay_NOVEMBER_reviews.csv,topup
fceebef3-e1a1-438d-bd39-016117f5851e,Pengguna Google,https://play-lh.googleusercontent.com/EGemoI2NTXmTsBVtJqk8jxF9rh8ApRWfsIMQSt2uE4OcpQqbFu7f7NbTK05lx80nuSijCz7sc3a277R67g,ini aplikasi ngapa dah gua tf gabisa beli pulsa gabisa segala gabisa gimana ini aneh banget aplikasi,1,1,1.52.0,2025-11-19 02:19:08+00:00,,,1.52.0,Dataset/dataset\GOPAY_googleplay_NOVEMBER_reviews.csv,transfer
94872709-f2da-4fc6-8fdf-ffe61db6dc3a,Pengguna Google,https://play-lh.googleusercontent.com/EGemoI2NTXmTsBVtJqk8jxF9rh8ApRWfsIMQSt2uE4OcpQqbFu7f7NbTK05lx80nuSijCz7sc3a277R67g,tolong lah gopay saya top up ada yg gak masuk ini,1,0,,2025-11-09 16:49:09+00:00,"Hai Kak Rusida, pastikan nomor tujuan sudah benar, sudah cek halaman Riwayat, dan coba keluar dan masuk kembali ke aplikasi. Jika saldo masih belum masuk, silakan laporkan melalui menu Bantuan > ketik 'Top up GoPay saya belum masuk' > isi formulir dan cantumkan kode psr-25-313-1047-30577 pada bagian 'Ceritakan lebih lanjut'. ^Miko",2025-11-09 17:47:45,,Dataset/dataset\GOPAY_googleplay_NOVEMBER_reviews.csv,topup
a2a53e41-2489-4d2a-8a0c-f7d600c5eca2,Pengguna Google,https://play-lh.googleusercontent.com/EGemoI2NTXmTsBVtJqk8jxF9rh8ApRWfsIMQSt2uE4OcpQqbFu7f7NbTK05lx80nuSijCz7sc3a277R67g,"halo saya cuma mau kasih saran aja untuk kedepannya keamanan untuk buat akun/login harap ditingkatkan, minimal dual verifikasi",5,1,1.41.06,2025-11-03 16:08:24+00:00,"Hi Kak. Terima kasih telah menggunakan ShopeePay. Mari cek aplikasi ShopeePay karena banyak fitur yang mempermudah keseharian kakak seperti pembelian pulsa, paket data, pembayaran tagihan listrik dan pembayaran lainnya. Jika kakak memiliki pertanyaan seputar ShopeePay, mohon DM kami di Instagram @ShopeePay_ID ya. Semoga harimu menyenangkan ^RJ",2025-11-04 09:46:04,1.41.06,Dataset/dataset\SHOPEEPAY_googleplay_NOVEMBER_reviews.csv,login
d5df167c-ac9d-44d7-a9c0-bf68bf06936b,Pengguna Google,https://play-lh.googleusercontent.com/EGemoI2NTXmTsBVtJqk8jxF9rh8ApRWfsIMQSt2uE4OcpQqbFu7f7NbTK05lx80nuSijCz7sc3a277R67g,"aplikasi berat/ lemot walaupun udh sering update yg lucunya Qris nya , sukses kepotong tapi di econorm belanja gagal ketika komplain butuh 17 hari kerja untuk dana balik , lucu kerana dibank lain kasus serupa pagi sore dah balik jadi pikir lagi buat bayar pake Qris di aplikasi ini",1,1,2.6.0,2025-12-26 08:53:44+00:00,"Hai, Kak Wati. Maaf atas ketidaknyamanannya. Jika Kakak sudah menghubungi layanan haloblu 1500668 dan mengajukan pelaporan, mohon kesediaan Kakak menginformasikan nomor laporan yang Kakak terima melalui DM X @haloblu atau melalui email haloblu@bcadigital.co.id agar kami dapat cek perkembangan laporan Kakak ya.",2025-12-26 09:39:57,2.6.0,Dataset/dataset\BLU_googleplay_DECEMBER_reviews.csv,qris
03cab1f6-7ad8-4568-883b-32d7b4ec0666,Pengguna Google,https://play-lh.googleusercontent.com/EGemoI2NTXmTsBVtJqk8jxF9rh8ApRWfsIMQSt2uE4OcpQqbFu7f7NbTK05lx80nuSijCz7sc3a277R67g,transfer kebanyakan pendingin lama saldo terpotong uang TDK sampai ketujuan,1,0,3.144.0,2025-11-16 12:40:02+00:00,,,3.144.0,Dataset/dataset\OVO_googleplay_NOVEMBER_reviews.csv,transfer
006416b1-6f06-4b6a-b9e3-724e9209ab08,Pengguna Google,https://play-lh.googleusercontent.com/EGemoI2NTXmTsBVtJqk8jxF9rh8ApRWfsIMQSt2uE4OcpQqbFu7f7NbTK05lx80nuSijCz7sc3a277R67g,bisa transfer ke mana saja,5,0,1.64.0,2025-11-24 12:52:50+00:00,,,1.64.0,Dataset/dataset\GOPAY_googleplay_NOVEMBER_reviews.csv,transfer
db124dc2-78bd-40db-a6d8-fa43be5e1590,Pengguna Google,https://play-lh.googleusercontent.com/EGemoI2NTXmTsBVtJqk8jxF9rh8ApRWfsIMQSt2uE4OcpQqbFu7f7NbTK05lx80nuSijCz7sc3a277R67g,Woi gopay ini kenapa aplikasi dah gua mau top up diamond malah gabisa ada tulisan aktivitas tidak wajar tolong lah di perbaiki padahal sebelum update bisa bisa aja mau top up ini kenapa setelah update gak bisa tolong dong di perbaiki secepat nya soalnya gw mau top up nih 🙏,1,3,1.62.0,2025-11-10 12:50:04+00:00,"Hai Kak Wian, mohon maaf atas ketidaknyamanannya. Terkait keluhan tersebut, silakan laporkan melalui email ke customerservice@gopay.co.id dengan melampirkan kode psr-25-314-0609-31064 pada subject email. Kami tunggu detail laporan kamu ya. ^Maura",2025-11-10 13:09:36,1.62.0,Dataset/dataset\GOPAY_googleplay_NOVEMBER_reviews.csv,topup
4bbf0f44-fadb-4ff7-ad8d-5cc783aaa6e7,Pengguna Google,https://play-lh.googleusercontent.com/EGemoI2NTXmTsBVtJqk8jxF9rh8ApRWfsIMQSt2uE4OcpQqbFu7f7NbTK05lx80nuSijCz7sc3a277R67g,"gopay lu kenapa sih ah elah, tiap mau transfer selalu keterangannya no rek bank tidak ada, udah ganti2 ke bank lain sama aja gak bisa transfer, coba pakek permata bank malah gagal terus. capek banget deh gini mulu",4,0,,2025-11-01 18:56:54+00:00,,,,Dataset/dataset\GOPAY_googleplay_NOVEMBER_reviews.csv,transfer
6e44f84b-e5c2-4480-b1c4-3ffb47a80cb3,Pengguna Google,https://play-lh.googleusercontent.com/EGemoI2NTXmTsBVtJqk8jxF9rh8ApRWfsIMQSt2uE4OcpQqbFu7f7NbTK05lx80nuSijCz7sc3a277R67g,"aplikasi aneh susah banget kalau mau tf ke rekening gagal proses mulu, kalo lagi gangguan, masa gangguan tiap hari aneh",1,2,3.145.0,2025-10-28 12:40:06+00:00,,,3.145.0,Dataset/dataset\OVO_googleplay_OCTOBER_reviews.csv,transfer
cfaa06f4-34ea-4069-bce5-6f49d4c2d9a6,Pengguna Google,https://play-lh.googleusercontent.com/EGemoI2NTXmTsBVtJqk8jxF9rh8ApRWfsIMQSt2uE4OcpQqbFu7f7NbTK05lx80nuSijCz7sc3a277R67g,"Parah bgt, top up, laporan di apk sudah berhasil, tapi saldo ga nambah",1,0,3.150.0,2025-12-20 11:32:55+00:00,,,3.150.0,Dataset/dataset\OVO_googleplay_DECEMBER_reviews.csv,topup
d5a9825b-5321-4a20-8266-20b7cd95a461,Pengguna Google,https://play-lh.googleusercontent.com/EGemoI2NTXmTsBVtJqk8jxF9rh8ApRWfsIMQSt2uE4OcpQqbFu7f7NbTK05lx80nuSijCz7sc3a277R67g,semakin kesini. pemeliharaan kok sampai jam 3 pagi juga belom siap siap juga. bagaimana kl orang mau top up token listrik yg sudah mau habis?? apa nunggu mati lampu nya dlu baru bisa top up?? ini tolong lah pihak livin. pemeliharaan tu jangan lah sampai terlalu lama. sedangkan dari perbankan lain saja. paling lama hanya 1 jam. ini kok malah kayak kembali ke jaman batu perasaan.,1,0,3.1.0,2025-11-09 02:44:18+00:00,"Halo Sahabat @Joko Kelono, mohon maaf atas ketidaknyamanannya. Perihal tsb akan menjadi masukan bagi kami untuk pengembangan aplikasi kedepannya dan meningkatkan kualitas layanan Bank Mandiri demi kenyamanan nasabah ya. Tks~Carlos",2025-11-09 02:49:06,3.1.0,Dataset/dataset\LIVIN_googleplay_NOVEMBER_reviews.csv,topup
69eb1bfe-1509-4295-9103-87c8f74315d1,Pengguna Google,https://play-lh.googleusercontent.com/EGemoI2NTXmTsBVtJqk8jxF9rh8ApRWfsIMQSt2uE4OcpQqbFu7f7NbTK05lx80nuSijCz7sc3a277R67g,livin makin lama bukannya makin cepet malah makin lelet. mau payment pakai qris gabisa2 pemeliharaan rutin ditunggu sampai lebih dari 30mnt tetep gbsa. alhasil gajadi belanja😒,1,8,3.2.0,2025-11-16 23:05:14+00:00,"Hai Sahabat @Choerunisa, mohon maaf atas ketidaknyamanannya. Perihal kendala yang dialami agar dpt kami tindaklanjuti, mhn kesediaan Sahabat utk mengirimkan email ke mandiricare@bankmandiri.co.id dengan subject : Review - Nama lengkap Sahabat atau menghubungi layanan mandiri call 14000 ya. Tks~Tommy",2025-11-16 23:17:09,3.2.0,Dataset/dataset\LIVIN_googleplay_NOVEMBER_reviews.csv,qris
5e0b9ece-73ec-4f9d-b74b-b0d26cfeda19,Pengguna Google,https://play-lh.googleusercontent.com/EGemoI2NTXmTsBVtJqk8jxF9rh8ApRWfsIMQSt2uE4OcpQqbFu7f7NbTK05lx80nuSijCz7sc3a277R67g,gambarnya harus upload dulu ga langsung dari galeri bikin qris yang di gambar susah,5,0,1.31.03,2025-11-30 12:01:38+00:00,"Hi Kak. Terima kasih telah menggunakan ShopeePay. Mari cek aplikasi ShopeePay karena banyak fitur yang mempermudah keseharian kakak seperti pembelian pulsa, paket data, pembayaran tagihan listrik dan pembayaran lainnya. Jika kakak memiliki pertanyaan seputar ShopeePay, mohon DM kami di Instagram @ShopeePay_ID ya. Semoga harimu menyenangkan ^RJ",2025-12-01 09:58:05,1.31.03,Dataset/dataset\SHOPEEPAY_googleplay_NOVEMBER_reviews.csv,qris
bcb1f422-f800-4cca-8cec-4fe95b191d86,Pengguna Google,https://play-lh.googleusercontent.com/EGemoI2NTXmTsBVtJqk8jxF9rh8ApRWfsIMQSt2uE4OcpQqbFu7f7NbTK05lx80nuSijCz7sc3a277R67g,saya kecewa karena transfer tidak bisa,2,0,,2025-10-16 03:50:44+00:00,"Hi Kak Akram, Mohon maaf mengenai kendala tidak dapat melakukan transaksi. Mohon pastikan telah menggunakan aplikasi ShopeePay terbaru & silakan bisa coba berkala. Apabila masih berkendala mohon menghubungi kami melalui DM Instagram di @ShopeePay_ID untuk bantuan lebih lanjut dgn melampirkan bukti kendala. Semoga kendala segera terselesaikan. ^CS",2025-10-16 11:06:58,,Dataset/dataset\SHOPEEPAY_googleplay_OCTOBER_reviews.csv,transfer
3cc43cd6-e741-4250-b811-40237233eb51,Pengguna Google,https://play-lh.googleusercontent.com/EGemoI2NTXmTsBVtJqk8jxF9rh8ApRWfsIMQSt2uE4OcpQqbFu7f7NbTK05lx80nuSijCz7sc3a277R67g,"mau login aja susah, perkara no telepon saya ada di akun yg lama, akun ini udah gak ada, jadi gk bisa log in kenapa gk kasih pilihan login pake akun google kan enak",2,0,1.43.10,2025-11-30 06:43:19+00:00,Hi Kak Vin. Mohon maaf mengenai kendala tidak bisa login. Silakan membuat pelaporan kendala login melalui link berikut: https://help.shopee.co.id/portal/webform/c31731974d32419d9cb383a199424e0c. Pastikan kakak tidak sedang login pada akun manapun saat mengisi formulir tersebut. ^EN,2025-12-01 14:00:46,1.43.10,Dataset/dataset\SHOPEEPAY_googleplay_NOVEMBER_reviews.csv,login
5a81cfc2-9f78-4a6a-8e04-b91338eae719,Pengguna Google,https://play-lh.googleusercontent.com/EGemoI2NTXmTsBVtJqk8jxF9rh8ApRWfsIMQSt2uE4OcpQqbFu7f7NbTK05lx80nuSijCz7sc3a277R67g,sekarang transaksi Qris susah ga kya dlu langsung bisa,5,0,3.1.0,2025-11-12 02:36:15+00:00,"Halo Sahabat @Aziz Saputra, terima kasih atas review yang telah diberikan. Semoga terus menikmati kemudahan dan kenyamanan dalam menggunakan Livin' by Mandiri. Daftarkan transaksi secepat kilat pada menu Quick Pick untuk diakses pada halaman Login atau Beranda. Yuk coba sekarang. Tks~Charles",2025-11-12 03:06:42,3.1.0,Dataset/dataset\LIVIN_googleplay_NOVEMBER_reviews.csv,qris
6da11263-04fe-485d-9052-635f839903b0,Pengguna Google,https://play-lh.googleusercontent.com/EGemoI2NTXmTsBVtJqk8jxF9rh8ApRWfsIMQSt2uE4OcpQqbFu7f7NbTK05lx80nuSijCz7sc3a277R67g,"Butuh banyak perbaikan,terkadang sering error ketika ingin transfer uang antar bank.",2,0,3.147.0,2025-11-24 06:08:08+00:00,"Hi, mohon maaf atas ketidaknyamanannya. Jika ada kendala atau pertanyaan dapat diinformasikan ke email cs@ovo.id atau WA 0855-8500-696 agar dapat segera ditindaklanjuti. Terima kasih",2018-10-22 14:01:58,3.147.0,Dataset/dataset\OVO_googleplay_NOVEMBER_reviews.csv,transfer
74606c91-c92e-4dd7-a94b-3717410c2d00,Pengguna Google,https://play-lh.googleusercontent.com/EGemoI2NTXmTsBVtJqk8jxF9rh8ApRWfsIMQSt2uE4OcpQqbFu7f7NbTK05lx80nuSijCz7sc3a277R67g,saya top up malah uangnya ngga masuk apk ngga guna udah ke 2 kalinya tup up hilang katanga suruh nunggu malah ngga ada bainya,1,0,1.44.05,2025-12-19 08:10:24+00:00,"Hi Kak Wildan . Mohon maaf atas kendala Top Up ShopeePay yang belum diterima. Jika hingga saat ini Top Up masih belum diterima mohon menghubungi kami melalui DM ke Instagram @ShopeePay_ID yang bercentang biru, dengan melampirkan bukti bayar Top Up tersebut untuk bantuan lebih lanjut. Semoga kendala kakak segera terselesaikan ya. ^CS",2025-12-19 11:24:21,1.44.05,Dataset/dataset\SHOPEEPAY_googleplay_DECEMBER_reviews.csv,topup
563b3133-0bfc-4745-9fce-28fb61bd1e30,Pengguna Google,https://play-lh.googleusercontent.com/EGemoI2NTXmTsBVtJqk8jxF9rh8ApRWfsIMQSt2uE4OcpQqbFu7f7NbTK05lx80nuSijCz7sc3a277R67g,kenapa saya top up free fire Tidak masuk kalo kayak begini terus saya mau pindah apk saja ini bukan yg pertama,1,0,1.64.0,2025-11-17 14:31:32+00:00,"Hai Kak Ahmal, mohon maaf atas ketidaknyamanannya. Terkait hal tersebut, silakan laporkan melalui email ke customerservice@gopay.co.id dengan melampirkan kode psr-25-321-0945-42786 pada subject email dan ceritakan kembali detail permasalahannya agar tim kami bisa bantu cek lebih lanjut ya. ^Miko",2025-11-17 16:45:56,1.64.0,Dataset/dataset\GOPAY_googleplay_NOVEMBER_reviews.csv,topup
61a5cf45-0d4c-4a2e-a4f9-fa3a2a50ed05,Pengguna Google,https://play-lh.googleusercontent.com/EGemoI2NTXmTsBVtJqk8jxF9rh8ApRWfsIMQSt2uE4OcpQqbFu7f7NbTK05lx80nuSijCz7sc3a277R67g,"jelek banget,tolong yah udh berkali"" saya TF ke sodara dan saldo nya ga masuk tpi di apk udh jelas sukses transferan nya,klo gini rugi uang aku semua ga balik lagi !?!?",1,1,1.59.0,2025-11-02 17:12:34+00:00,"Hai Kak Amalia, mohon maaf atas ketidaknyamanannya. Pastikan nomor tujuan transfer sudah benar dan sudah cek halaman Riwayat. Jika saldo belum juga bertambah, laporkan detailnya melalui email customerservice@gopay.co.id dan cantumkan kode psr-25-306-1106-55157 pada subject email yang kamu kirimkan ya. ^Miko",2025-11-02 18:07:16,1.59.0,Dataset/dataset\GOPAY_googleplay_NOVEMBER_reviews.csv,transfer
9a1cfed5-5f46-41d5-b9f2-8332f76e77c3,Pengguna Google,https://play-lh.googleusercontent.com/EGemoI2NTXmTsBVtJqk8jxF9rh8ApRWfsIMQSt2uE4OcpQqbFu7f7NbTK05lx80nuSijCz7sc3a277R67g,"mau komen dari dulu ga sempet mau login - susah babiiiii logout ajaaaa hahaha masih byk bank digital bergengsi ada ya bank masih sistem kaya gini dah mau 2026. ada juga yg masih kerjasama nyimpen duit di bank resee ribet nya seanjaaing anj Bank jago adaah bank digital paling ribet di indonesia, keamanan oke tapi tidka praktis. sering kendali tak bisa login, lalu password salah, dan lain2 dan terblok sendiri. blokirnya pun ga bisa riset. Beda sama sea bank yang lebih easy friendly dan tidak ribet",1,0,,2025-11-03 01:55:25+00:00,"Halo, Jagoan! Mohon maaf atas kendala yang kamu alami ya. Saya mengerti situasi sulit ini mengganggu kamu. Mohon kesediaannya mengirimkan email ke tanya@jago.com dengan melampirkan bukti foto/tangkapan layar kendala kamu. Agar dapat segera kami bantu.",2025-11-03 03:15:10,,Dataset/dataset\JAGO_googleplay_NOVEMBER_reviews.csv,login
ebae73f2-6198-473e-ae83-96d3ffab39ed,Pengguna Google,https://play-lh.googleusercontent.com/EGemoI2NTXmTsBVtJqk8jxF9rh8ApRWfsIMQSt2uE4OcpQqbFu7f7NbTK05lx80nuSijCz7sc3a277R67g,hhari ini saya bayar merchant menggunakan qris. uang sudah kepotong.tapi tidak masuk k merchant.. menggunakan pusat bantuan sedang tidak bisa d gunakan..tolong di tingjatkan lagi qualitasnya..biar betah kami menggunakan ovo.,4,0,3.149.0,2025-12-19 12:01:14+00:00,,,3.149.0,Dataset/dataset\OVO_googleplay_DECEMBER_reviews.csv,qris
e58ffbfa-a1e5-4223-b9d4-e4492c9cba34,Pengguna Google,https://play-lh.googleusercontent.com/EGemoI2NTXmTsBVtJqk8jxF9rh8ApRWfsIMQSt2uE4OcpQqbFu7f7NbTK05lx80nuSijCz7sc3a277R67g,"gopay kenapa dah akun saya uda aman malah di suru masukin nomor hp lagi ,,mana nomor hp saya uda ilang jadi gak bisa login",5,0,1.61.2,2025-10-29 17:17:21+00:00,,,1.61.2,Dataset/dataset\GOPAY_googleplay_OCTOBER_reviews.csv,login
396e54ca-8c52-4622-b4f3-3bff2cb0d2e8,Pengguna Google,https://play-lh.googleusercontent.com/EGemoI2NTXmTsBVtJqk8jxF9rh8ApRWfsIMQSt2uE4OcpQqbFu7f7NbTK05lx80nuSijCz7sc3a277R67g,"kenapa saya top up ovo dari BCA sudah terkirim tapi tidak masuk ke akun ovo saya , perbaiki ovo nya",3,0,3.144.0,2025-10-07 20:34:30+00:00,,,3.144.0,Dataset/dataset\OVO_googleplay_OCTOBER_reviews.csv,topup
301b88bd-ea1e-4feb-bd47-cedf4e8d44e6,Pengguna Google,https://play-lh.googleusercontent.com/EGemoI2NTXmTsBVtJqk8jxF9rh8ApRWfsIMQSt2uE4OcpQqbFu7f7NbTK05lx80nuSijCz7sc3a277R67g,kasih bintang satu gasi transfer pia bank aja harus pake pending segala 2 hari kerja,1,0,3.146.0,2025-11-04 22:37:49+00:00,,,3.146.0,Dataset/dataset\OVO_googleplay_NOVEMBER_reviews.csv,transfer
4c0804f3-737f-425a-b584-b2d016256085,Pengguna Google,https://play-lh.googleusercontent.com/EGemoI2NTXmTsBVtJqk8jxF9rh8ApRWfsIMQSt2uE4OcpQqbFu7f7NbTK05lx80nuSijCz7sc3a277R67g,gopay saya mengalami kendala saat buka pind loading trus jadi GK bisa melakukan aktivitas transfer dan lain lainya. mohon bantuanya,5,0,1.61.1,2025-10-22 14:45:55+00:00,,,1.61.1,Dataset/dataset\GOPAY_googleplay_OCTOBER_reviews.csv,transfer
9289b307-9067-441f-9111-8dd137ff8e38,Pengguna Google,https://play-lh.googleusercontent.com/EGemoI2NTXmTsBVtJqk8jxF9rh8ApRWfsIMQSt2uE4OcpQqbFu7f7NbTK05lx80nuSijCz7sc3a277R67g,"aplikasinya lama-lama ga jelas, transfer sesama pengguna shopeepay keterangan berhasil tapi saldo sampai sekarang belum masuk ke akun yang dimaksud, sudah lapor ke CS tetapi nyatanya ga kasih solusi apa-apa dan jawaban selalu sama, sudah menyertakan bukti screenshoot transaksi kedua akun pengirim maupun penerima sampai 10X tapi sudah 5 hari tidak ada kejelasan. saya harus hubungi kemana?",4,6,1.42.03,2025-11-10 15:46:16+00:00,"Hi Kak Sari. Mohon maaf atas kendala transfer saldo ShopeePay yang belum diterima. Terkait kendala tersebut mohon menghubungi kami melalui DM ke Instagram @ShopeePay_ID yang bercentang biru, dengan melampirkan bukti transfer yang terkendala untuk bantuan lebih lanjut. Semoga kendala kakak segera terselesaikan ya. ^CS",2025-11-10 15:24:40,1.42.03,Dataset/dataset\SHOPEEPAY_googleplay_NOVEMBER_reviews.csv,transfer
5c6a8f57-1321-44f8-90a0-683ec2a581fa,Pengguna Google,https://play-lh.googleusercontent.com/EGemoI2NTXmTsBVtJqk8jxF9rh8ApRWfsIMQSt2uE4OcpQqbFu7f7NbTK05lx80nuSijCz7sc3a277R67g,"saya top up 250000 langsung masuk tapi tiba-tiba langsung kepotong buat aplikasi seperti youtube dan capcut, padahal saya tidak berlangganan dan tidak melakukan verifikasi pembayaran digopay!!!! ;;",1,4,1.60.0,2025-11-15 13:21:20+00:00,"Hai Kak Amirul, mohon maaf atas ketidaknyamanannya. Jika masih mengalami keluhan, silakan laporkan melalui email ke customerservice@gopay.co.id dengan melampirkan kode psr-25-319-0651-33146 pada subject email dan cantumkan nomor laporan sebelumnya serta ceritakan kembali detail permasalahannya. Kami tunggu detail laporan kamu ya. ^Miko",2025-11-15 13:51:45,1.60.0,Dataset/dataset\GOPAY_googleplay_NOVEMBER_reviews.csv,topup
a0130b29-2522-4c43-bb04-7b071e83004a,Pengguna Google,https://play-lh.googleusercontent.com/EGemoI2NTXmTsBVtJqk8jxF9rh8ApRWfsIMQSt2uE4OcpQqbFu7f7NbTK05lx80nuSijCz7sc3a277R67g,"2x topup saldo gak masuk pemberitahuan gak ada.nyangkup apa gmna yg jelas saya kecewa berat dengan aplikasi ini,semoga di perbaiki lagi ini aplikasi dan saldo saya dikembalikan lagi",1,7,3.148.0,2025-11-29 03:19:38+00:00,,,3.148.0,Dataset/dataset\OVO_googleplay_NOVEMBER_reviews.csv,topup
b54b7cd6-6148-469f-ae1f-ba61c4a977a0,Pengguna Google,https://play-lh.googleusercontent.com/EGemoI2NTXmTsBVtJqk8jxF9rh8ApRWfsIMQSt2uE4OcpQqbFu7f7NbTK05lx80nuSijCz7sc3a277R67g,gopay koktol gua udh TF 50 ke akun ku yangsatunya lagi.. tapi malah aku ngga bisa login ke akun itu,1,1,1.60.0,2025-10-26 18:57:16+00:00,"Hai Kak Jeki, untuk login ke aplikasi GoPay, gunakan nomor HP yang terdaftar di akun Gojek-mu. Jika belum punya akun Gojek, kamu bisa daftar langsung di aplikasi GoPay, ya. Jika masih tidak bisa login, laporkan ke kami melalui email ke customerservice@gopay.co.id dan mencantumkan kode psr-25-299-1401-34188 pada subjek email.^Melisa",2025-10-26 21:01:42,1.60.0,Dataset/dataset\GOPAY_googleplay_OCTOBER_reviews.csv,login
d5068f86-8ee3-4146-9e18-7510a8e2c0ac,Pengguna Google,https://play-lh.googleusercontent.com/EGemoI2NTXmTsBVtJqk8jxF9rh8ApRWfsIMQSt2uE4OcpQqbFu7f7NbTK05lx80nuSijCz7sc3a277R67g,"SANGAT LAMA RESPONNYA DARI HARI JUMAT SAYA SUDAH LAPOR PERIHAL TIDAK BISA LOGIN AKUN BANK JAGO VIA EMAIL, TELEPHONE, JAWABAN LAPORAN MASIH DIPROSES, MANA DUIT ADA DIBANK JAGO JADI MENGHAMBAT SEMUA, SAYA TANYA BRP LAMA SAYA HRS NUNGGU LAGI?KARNA UANG MAU SY PAKAI, JAWABANNYA TIDAK BS TAU ESTIMASI KAPAN.PADAHAL TINGGAL AKTIFIN AJA LOH, MAU PAKAI UANG SENDIRI AJA DIPERSULIT, TOLONGG YAAAA SEGERA SAYA TUNGGU HARI INIII, GAPERNAH NIH RATING RATING GINII, KARNA NGERASA DISEPELEIN AJA JADI EMOSI HUHUU",1,0,8.74.0,2025-10-06 23:57:06+00:00,"Halo, Jagoan! Mohon maaf apabila terdapat fitur atau layanan Jago yang belum sesuai harapan kamu. Kamu bisa menghubungi Tanya Jago di nomor 1500746 / 021-30000746 atau e-mail ke tanya@jago.com untuk kami bantu cek kendalanya lebih lanjut ya. Agent kami dengan senang hati membantu kamu.",2025-10-07 00:06:32,8.74.0,Dataset/dataset\JAGO_googleplay_OCTOBER_reviews.csv,login
78352bde-0e60-4a9b-bf68-46e4107948bb,Pengguna Google,https://play-lh.googleusercontent.com/EGemoI2NTXmTsBVtJqk8jxF9rh8ApRWfsIMQSt2uE4OcpQqbFu7f7NbTK05lx80nuSijCz7sc3a277R67g,"ini gimana gopay , top up dari shopee pay 2 kali tidak masuk semua . di shope status transaksi berhasil . di riwayat gopay tidak ada saldo masuk sama sekali . sudahh lapor cs suruh nunggu terus",1,0,1.64.0,2025-11-21 14:56:33+00:00,"Hai Kak Yoga, mohon maaf atas ketidaknyamanannya. Jika masih mengalami keluhan, silakan laporkan melalui email ke customerservice@gopay.co.id dengan melampirkan kode psr-25-325-0818-18362 pada subject email dan cantumkan nomor laporan sebelumnya serta ceritakan kembali detail permasalahannya. Kami tunggu detail laporan kamu ya. ^Miko",2025-11-21 15:18:31,1.64.0,Dataset/dataset\GOPAY_googleplay_NOVEMBER_reviews.csv,topup
5d120c24-6441-4d17-90e0-5e446bba9c92,Pengguna Google,https://play-lh.googleusercontent.com/EGemoI2NTXmTsBVtJqk8jxF9rh8ApRWfsIMQSt2uE4OcpQqbFu7f7NbTK05lx80nuSijCz7sc3a277R67g,kenapa ngk bisa login. kalau buka apk nya langsung keluar,3,0,3.2.0,2025-11-19 19:17:45+00:00,"Hi Sahabat @Purba Mergana, mohon maaf atas ketidaknyamanannya. Untuk perihal keluhan yang dialami, mohon untuk dapat mengirimkan email ke mandiricare@bankmandiri.co.id atau dapat menghubungi layanan mandiri 14000 agar dapat dilakukan pengecekan. Tks~Amar",2025-11-19 19:57:07,3.2.0,Dataset/dataset\LIVIN_googleplay_NOVEMBER_reviews.csv,login
c312aabd-3a2a-4a87-bc54-a70825b8e430,Pengguna Google,https://play-lh.googleusercontent.com/EGemoI2NTXmTsBVtJqk8jxF9rh8ApRWfsIMQSt2uE4OcpQqbFu7f7NbTK05lx80nuSijCz7sc3a277R67g,"aplikasi sampah. udah di update, sinyal aman, wifi juga kenceng tiap login lamanya minta ampun, orang lagi urgent, malah kendala masuk aplikasinya. mending bank lain buka lancar2 aja. dah lah males jadinya pake ni aplikasi sama bank ini",1,15,3.2.0,2025-11-15 07:18:19+00:00,"Halo Sahabat @Umam Alfarizi, mohon maaf atas ketidaknyamanannya. Perihal tsb mohon kesediaannya menghubungi layanan mandiri call 14000 atau mengirimkan email ke mandiricare@bankmandiri.co.id agar dpt kami lakukan pengecekan lebih lanjut ya. Tks~Azura",2025-11-15 07:24:46,3.2.0,Dataset/dataset\LIVIN_googleplay_NOVEMBER_reviews.csv,login
5df9e438-78e5-4ad3-b02c-bf9ebb41c7e9,Pengguna Google,https://play-lh.googleusercontent.com/EGemoI2NTXmTsBVtJqk8jxF9rh8ApRWfsIMQSt2uE4OcpQqbFu7f7NbTK05lx80nuSijCz7sc3a277R67g,Sumpah 🗿🗿main mini game dapet duit top up pun gratis,5,0,1.64.0,2025-11-22 20:00:59+00:00,,,1.64.0,Dataset/dataset\GOPAY_googleplay_NOVEMBER_reviews.csv,topup
6f7f4bf8-cd1c-49a3-a730-662d9048eb7a,Pengguna Google,https://play-lh.googleusercontent.com/EGemoI2NTXmTsBVtJqk8jxF9rh8ApRWfsIMQSt2uE4OcpQqbFu7f7NbTK05lx80nuSijCz7sc3a277R67g,hati² gk bisa top up ff/pubg/ml karna ada aktivitas tidak wajar🗿,5,0,1.64.0,2025-11-19 21:44:07+00:00,,,1.64.0,Dataset/dataset\GOPAY_googleplay_NOVEMBER_reviews.csv,topup
e2b7c7f8-0e6a-4c8c-a103-c02354f9245e,Pengguna Google,https://play-lh.googleusercontent.com/EGemoI2NTXmTsBVtJqk8jxF9rh8ApRWfsIMQSt2uE4OcpQqbFu7f7NbTK05lx80nuSijCz7sc3a277R67g,"layar putih, tidak kelihatan saldo, topup, tarik dll",1,0,,2025-12-15 09:23:35+00:00,,,,Dataset/dataset\OVO_googleplay_DECEMBER_reviews.csv,topup
baad15fe-f03a-401c-a40a-533ca36a19cd,Pengguna Google,https://play-lh.googleusercontent.com/EGemoI2NTXmTsBVtJqk8jxF9rh8ApRWfsIMQSt2uE4OcpQqbFu7f7NbTK05lx80nuSijCz7sc3a277R67g,akun gabisa dibuka padahal semua sudah di isi dengan benar. saldo top up pun sudah berhasil tapi tidak masuk,1,0,3.144.0,2025-10-07 03:12:44+00:00,,,3.144.0,Dataset/dataset\OVO_googleplay_OCTOBER_reviews.csv,topup
5064fc74-e138-4a65-954d-2638ac39aa79,Pengguna Google,https://play-lh.googleusercontent.com/EGemoI2NTXmTsBVtJqk8jxF9rh8ApRWfsIMQSt2uE4OcpQqbFu7f7NbTK05lx80nuSijCz7sc3a277R67g,"saya transaksi transfer ke bank saldo di proses nunggu paling lambat 2 hari kerja, gak beres ni masak uang kecil aja ribet amat gimana kalau uang gede transaksi di ovo ini gak rekomen banget mending ke wallet lain setelah ini kapok banyak drama ini wallet ovo",1,0,,2025-10-20 09:36:54+00:00,,,,Dataset/dataset\OVO_googleplay_OCTOBER_reviews.csv,transfer
72399e6e-8459-46b0-99c4-c6daba4212f0,Pengguna Google,https://play-lh.googleusercontent.com/EGemoI2NTXmTsBVtJqk8jxF9rh8ApRWfsIMQSt2uE4OcpQqbFu7f7NbTK05lx80nuSijCz7sc3a277R67g,"Asli berguna oke baik, program dan internalnya lebih memadai dipake, bebas iklan, bug, ataupun lelet, cepat bila dijalankan dan mengakses smua menu2nya. Namun di sayangkan pernah juga dipakai terkadang agak"" sulit membukanya pas saat koneksi lagi buruk / kurang bagus, terkadang perputarannya lambat banget dan cuma berputar-putar saja.Cuma pas login kembali udah gak bisaa entah lahhh emng kon",3,31,1.42.03,2025-11-16 11:17:21+00:00,"Hi Kak Baim. Mohon maaf atas kendala yang Kakak alami. Kami sarankan untuk melakukan clear cache dengan cara masuk ke Pengaturan>Aplikasi>ShopeePay>Penyimpanan>Hapus cache. Pastikan internet Kakak dalam keadaan stabil, ketersediaan RAM dan Memori yang cukup. Jika kedepannya masih berkendala, silakan hubungi kami di DM Instagram @ShopeePay_ID ^CS",2025-11-17 13:46:56,1.42.03,Dataset/dataset\SHOPEEPAY_googleplay_NOVEMBER_reviews.csv,login
f4d3dd7b-bbae-49c4-a47b-892e750a0eb5,Pengguna Google,https://play-lh.googleusercontent.com/EGemoI2NTXmTsBVtJqk8jxF9rh8ApRWfsIMQSt2uE4OcpQqbFu7f7NbTK05lx80nuSijCz7sc3a277R67g,tolong diperhatikan masalah purifikasi wajah karena saya gagal trus,1,0,3.1.0,2025-11-06 22:24:33+00:00,"Hi Sahabat @Cepi mulyana, mhn maaf atas ketidaknyamanannya. Sahabat dapat memastikan hal berikut: Pastikan pencahayaan baik dan wajah tidak terlalu dekat kamera. Apabila masih terkendala dapat mengirimkan email ke mandiricare@bankmandiri.co.id atau menghubungi mandiri call 14000 agar dapat dilakukan pengecekan.Tks~Mandala",2025-11-06 22:29:28,3.1.0,Dataset/dataset\LIVIN_googleplay_NOVEMBER_reviews.csv,vermuk
5a288dc9-c18e-4b2e-900a-3a4c5f40d417,Pengguna Google,https://play-lh.googleusercontent.com/EGemoI2NTXmTsBVtJqk8jxF9rh8ApRWfsIMQSt2uE4OcpQqbFu7f7NbTK05lx80nuSijCz7sc3a277R67g,"Login Verifikasi Wajah Sulitnya bukan main, padahal masuk akun sendiri, perbaiki lagi, bintang 2 dulu",2,0,,2025-11-01 16:51:02+00:00,"Halo Sahabat @Azhar Cendekia, mohon maaf atas ketidaknyamanannya. Mohon pastikan agar pencahayaan baik dan wajah tidak terlalu dekat dengan kamera. Apabila masih terkendala Sahabat dapat mengirimkan email ke mandiricare@bankmandiri.co.id atau menghubungi mandiri call 14000 agar dapat dilakukan pengecekan.Tks ~ Said",2025-11-01 16:55:19,,Dataset/dataset\LIVIN_googleplay_NOVEMBER_reviews.csv,login
91d068df-29f3-4340-b3d1-7e5d3013533b,Pengguna Google,https://play-lh.googleusercontent.com/EGemoI2NTXmTsBVtJqk8jxF9rh8ApRWfsIMQSt2uE4OcpQqbFu7f7NbTK05lx80nuSijCz7sc3a277R67g,"top up emoney 20 November jam 20.41 transaksi berhasil tapi saldo ga masuk ke emoney mana lagi diantrian tol, malu banget parah chat layanan bantuan minta lampiran bukti mau dilampirkan app nya ga jelas gabisa buka media penyimpanan padahal udah dikasih izin akses.",1,0,1.57.0,2025-11-21 21:00:29+00:00,"Hai Kak Dede, mohon maaf atas ketidaknyamanannya. Jika kamu masih mengalami kendala, silakan laporkan melalui email ke customerservice@gopay.co.id dengan melampirkan kode psr-25-325-1508-24745 pada subject email dan cantumkan nomor laporan kamu sebelumnya pada email yang kamu kirimkan. Kami tunggu detail laporan kamu ya. ^Maura",2025-11-21 22:08:36,1.57.0,Dataset/dataset\GOPAY_googleplay_NOVEMBER_reviews.csv,topup
581c8351-7bf7-4a32-b644-5ad6f2919df6,Pengguna Google,https://play-lh.googleusercontent.com/EGemoI2NTXmTsBVtJqk8jxF9rh8ApRWfsIMQSt2uE4OcpQqbFu7f7NbTK05lx80nuSijCz7sc3a277R67g,"utk develover gopay , bagaimana caranya saya login tapi email saya sudah hilang?",4,0,,2025-10-06 00:53:04+00:00,,,,Dataset/dataset\GOPAY_googleplay_OCTOBER_reviews.csv,login
c81ab9ac-e274-462e-bd09-e0e185a547bb,Pengguna Google,https://play-lh.googleusercontent.com/EGemoI2NTXmTsBVtJqk8jxF9rh8ApRWfsIMQSt2uE4OcpQqbFu7f7NbTK05lx80nuSijCz7sc3a277R67g,"APLIKASI SANGAT BURUK! SYA GUNAKAN UNTUK TRANSFER, SALDO TERPOTONG TAPI TIDAK MASUK KE REKENING, BUAT LAPORAN MALAH DISURUH NUNGGU 24JAM!",1,0,1.44.05,2025-12-18 10:51:10+00:00,"Hi Kak Mevi. Mohon maaf atas kendala transfer saldo ShopeePay le rekening bank yang belum diterima. Terkait kendala tersebut mohon menghubungi kami melalui DM ke Instagram @ShopeePay_ID yang bercentang biru, dengan melampirkan bukti transfer yang terkendala untuk bantuan lebih lanjut. Semoga kendala kakak segera terselesaikan ya. ^CS",2025-12-18 11:32:48,1.44.05,Dataset/dataset\SHOPEEPAY_googleplay_DECEMBER_reviews.csv,transfer
40955701-b3ef-48d9-a49f-308a64171fcb,Pengguna Google,https://play-lh.googleusercontent.com/EGemoI2NTXmTsBVtJqk8jxF9rh8ApRWfsIMQSt2uE4OcpQqbFu7f7NbTK05lx80nuSijCz7sc3a277R67g,mau transfer susah amat...transaksi gagal mulu...,1,0,3.144.0,2025-10-15 16:47:04+00:00,,,3.144.0,Dataset/dataset\OVO_googleplay_OCTOBER_reviews.csv,transfer
af24cd29-518a-488b-ae29-222996fe19bc,Pengguna Google,https://play-lh.googleusercontent.com/EGemoI2NTXmTsBVtJqk8jxF9rh8ApRWfsIMQSt2uE4OcpQqbFu7f7NbTK05lx80nuSijCz7sc3a277R67g,sangat membantu dalam biaya transfer,5,0,,2025-10-24 14:15:50+00:00,,,,Dataset/dataset\GOPAY_googleplay_OCTOBER_reviews.csv,transfer
6041a126-2755-4f62-bffe-983252442756,Pengguna Google,https://play-lh.googleusercontent.com/EGemoI2NTXmTsBVtJqk8jxF9rh8ApRWfsIMQSt2uE4OcpQqbFu7f7NbTK05lx80nuSijCz7sc3a277R67g,"bagus tapi duit saya suka hilang atau bahkan ke transfer ke playsotre saya ga suka gini balikin uang saya yang udah habis sampe 100 lebih, saya ga suka padahal saya ga mau isi poin di playstore tapi ini otomatis yang bener aja lah kesel gue balikin ga duit saya!",1,3,1.60.0,2025-10-23 16:55:29+00:00,"Hai Kak Niky, mohon maaf atas ketidaknyamanannya. Terkait keluhan tersebut, silakan laporkan melalui email ke customerservice@gopay.co.id dengan melampirkan kode psr-25-296-1018-15662 pada subject email. Kami tunggu detail laporan kamu ya. ^Maura",2025-10-23 17:18:21,1.60.0,Dataset/dataset\GOPAY_googleplay_OCTOBER_reviews.csv,transfer
e3d606a8-4592-45e9-99a8-74912a9ee9ed,Pengguna Google,https://play-lh.googleusercontent.com/EGemoI2NTXmTsBVtJqk8jxF9rh8ApRWfsIMQSt2uE4OcpQqbFu7f7NbTK05lx80nuSijCz7sc3a277R67g,qris tap pake metode bayar seabank,5,0,1.42.03,2025-11-21 14:41:56+00:00,"Hi Kak. Terima kasih telah menggunakan ShopeePay. Mari cek aplikasi ShopeePay karena banyak fitur yang mempermudah keseharian kakak seperti pembelian pulsa, paket data, pembayaran tagihan listrik dan pembayaran lainnya. Jika kakak memiliki pertanyaan seputar ShopeePay, mohon DM kami di Instagram @ShopeePay_ID ya. Semoga harimu menyenangkan ^RJ",2025-11-17 10:05:08,1.42.03,Dataset/dataset\SHOPEEPAY_googleplay_NOVEMBER_reviews.csv,qris
c1a56351-3dea-42a3-b878-2562124f260e,Pengguna Google,https://play-lh.googleusercontent.com/EGemoI2NTXmTsBVtJqk8jxF9rh8ApRWfsIMQSt2uE4OcpQqbFu7f7NbTK05lx80nuSijCz7sc3a277R67g,mantap jdi lebih mudah transfer ke bng mana ajah,4,0,1.60.0,2025-10-17 09:17:21+00:00,,,1.60.0,Dataset/dataset\GOPAY_googleplay_OCTOBER_reviews.csv,transfer
f96367ea-6c51-471e-a1be-ec3bdf4cd342,Pengguna Google,https://play-lh.googleusercontent.com/EGemoI2NTXmTsBVtJqk8jxF9rh8ApRWfsIMQSt2uE4OcpQqbFu7f7NbTK05lx80nuSijCz7sc3a277R67g,gampang bgt kalau mau tf kemana mana,5,0,3.145.0,2025-10-24 23:07:40+00:00,,,3.145.0,Dataset/dataset\OVO_googleplay_OCTOBER_reviews.csv,transfer
133fef58-42dc-439e-8e71-52bee0786f69,Pengguna Google,https://play-lh.googleusercontent.com/EGemoI2NTXmTsBVtJqk8jxF9rh8ApRWfsIMQSt2uE4OcpQqbFu7f7NbTK05lx80nuSijCz7sc3a277R67g,ada apa dengan gopay kok gak bisa login,1,0,1.61.2,2025-10-30 12:29:09+00:00,"Hai Kak Renal, mohon maaf atas kendala yang kamu alami. Sebelum login, pastikan kamu sudah pakai GoPay versi terbaru & tidak ada kendala pada akun kamu, ya. Jika masih tidak bisa login, laporkan ke kami melalui email ke customerservice@gopay.co.id dan mencantumkan kode psr-25-303-0601-40697 pada subjek email. ^Maura",2025-10-30 13:01:48,1.61.2,Dataset/dataset\GOPAY_googleplay_OCTOBER_reviews.csv,login
f52728b0-da2f-4ec1-b99b-72c85f9acd89,Pengguna Google,https://play-lh.googleusercontent.com/EGemoI2NTXmTsBVtJqk8jxF9rh8ApRWfsIMQSt2uE4OcpQqbFu7f7NbTK05lx80nuSijCz7sc3a277R67g,"ShopeePay: Dompet Serba Bisa yang juara! 🚀 Gratis admin, bayar serba bisa, plus dukung QRIS SPayLater. Cashback saldo & ShopeeFood gratis ongkir bikin makin hemat. 😍 Merchant bisa daftar cepat. Keamanan data? Aman & terlisensi BI. 🔒 #ShopeePay #DigitalWallet #ReviewIndonesia #ShopeeFoodGratisOngkir",5,1,1.43.10,2025-12-03 05:33:32+00:00,"Hai kak, thanks buat 5 bintang dan reviewnya. semoga kakak selalu happy belanja kebutuhan dan bertransaksi di shopee. Pantau terus aplikasi dan sosmed shopee biar kakak nggak ketinggalan promo yg ada di shopee. kalau ada kendala terkait shopee bisa langsung DM IG shopee_id. Happy shopping 😊^BL",2024-08-16 09:31:57,1.43.10,Dataset/dataset\SHOPEEPAY_googleplay_DECEMBER_reviews.csv,qris
3d0996bf-55f3-4845-9e4a-ee8c7a2ee5f0,Pengguna Google,https://play-lh.googleusercontent.com/EGemoI2NTXmTsBVtJqk8jxF9rh8ApRWfsIMQSt2uE4OcpQqbFu7f7NbTK05lx80nuSijCz7sc3a277R67g,perbaikin noh bug nyaa kebiasaan bgt waktu mau top up ewalet pasti ga ketemu nomor nya padahal udah jelas bener nomor nya,1,0,3.2.0,2025-11-30 00:42:42+00:00,"Halo Sahabat @Hobi PC, mohon maaf atas ketidaknyamanannya. Kami sarankan Sahabat dapat mencobanya secara berkala. Tks~Carlos",2025-11-30 00:44:24,3.2.0,Dataset/dataset\LIVIN_googleplay_NOVEMBER_reviews.csv,topup
e85ff0be-4330-4c6d-8655-015f224be26c,Pengguna Google,https://play-lh.googleusercontent.com/EGemoI2NTXmTsBVtJqk8jxF9rh8ApRWfsIMQSt2uE4OcpQqbFu7f7NbTK05lx80nuSijCz7sc3a277R67g,"makin berat, login lama, buang2 waktu, kalo kayak begini mending gak usah dibuat aplikasinya, kecewa sama BCA",1,0,2.5.0,2025-11-18 01:28:46+00:00,"Hai, Kak Rivaldy. Maaf atas ketidaknyamanannya. Kami akan selalu terus memperbaiki sistem demi mencapai kepuasan para pengguna aplikasi blu. Terkait kendala tersebut pastikan Kakak menggunakan aplikasi blu versi terbaru, pastikan setting waktu di handphone menjadi otomatis, jaringan internet lancar dan stabil serta tidak menggunakan jaringan WiFi.",2025-11-18 02:13:25,2.5.0,Dataset/dataset\BLU_googleplay_NOVEMBER_reviews.csv,login
7379c5c2-d659-4e7e-89d2-da6ca74d3b48,Pengguna Google,https://play-lh.googleusercontent.com/EGemoI2NTXmTsBVtJqk8jxF9rh8ApRWfsIMQSt2uE4OcpQqbFu7f7NbTK05lx80nuSijCz7sc3a277R67g,"Tidak rekomendasi banget, uang masuk mudah. ketika mau tf atau pembayaran kendalanya jaringan tertutup padahal apa lain lancar lancar saja, kemudian tidak ada menu rekening VAnya",2,13,8.78.0,2025-12-05 07:14:22+00:00,"Halo, Jagoan! Mohon maaf atas ketidaknyamanannya ya. Untuk kendala yang kamu alami, bisakah diinformasikan secara detail ke Tanya Jago di nomor 1500746 /+62 21 3000 0746 atau email ke tanya@jago.com? Kami dengan senang hati akan membantu kamu. :)",2025-12-05 07:31:25,8.78.0,Dataset/dataset\JAGO_googleplay_DECEMBER_reviews.csv,transfer
87e9548f-ef1e-4cde-b625-1f1466aa050c,Pengguna Google,https://play-lh.googleusercontent.com/EGemoI2NTXmTsBVtJqk8jxF9rh8ApRWfsIMQSt2uE4OcpQqbFu7f7NbTK05lx80nuSijCz7sc3a277R67g,"kali ini bener2 kecewa sama ovo , saya top up saldo lewat grab tgl 26 lah kok belum masuk saya udh kirim laporan di bilang nunggu 3-5 hari giliran sudh 4 hari malah saldo bilng ga masuk ke akun ovo saya atau ke rekening saya, klo memang begini mending di hapus aja di grab sekalian",1,0,3.148.0,2025-12-04 20:54:35+00:00,,,3.148.0,Dataset/dataset\OVO_googleplay_DECEMBER_reviews.csv,topup
71998d75-4625-4dc8-a0ca-ee31b8155903,Pengguna Google,https://play-lh.googleusercontent.com/EGemoI2NTXmTsBVtJqk8jxF9rh8ApRWfsIMQSt2uE4OcpQqbFu7f7NbTK05lx80nuSijCz7sc3a277R67g,"aplikasi parah... transfer ke bank hanya 50ribu saja sampai berjam-jam... bagusan aplikasi DANA, lngsung terkirim.. parah ni aplikasi ..",1,0,,2025-10-19 13:51:59+00:00,,,,Dataset/dataset\OVO_googleplay_OCTOBER_reviews.csv,transfer
9050023d-27c5-4ed4-824b-a3456d5ba934,Pengguna Google,https://play-lh.googleusercontent.com/EGemoI2NTXmTsBVtJqk8jxF9rh8ApRWfsIMQSt2uE4OcpQqbFu7f7NbTK05lx80nuSijCz7sc3a277R67g,jangan lupa download gopay soalnya bisa top up game murah murah ☺️,5,0,,2025-10-30 18:18:12+00:00,,,,Dataset/dataset\GOPAY_googleplay_OCTOBER_reviews.csv,topup
93d6b326-850c-49c5-9127-b7307614b515,Pengguna Google,https://play-lh.googleusercontent.com/EGemoI2NTXmTsBVtJqk8jxF9rh8ApRWfsIMQSt2uE4OcpQqbFu7f7NbTK05lx80nuSijCz7sc3a277R67g,"saya top up Rp.600.000 sudah 15 jam belum ada masuk, padahal laporan sudah 3 kali saya ajukan ,dengan bukti lengkap,respon pertama 1 × 24 jam akan masuk,sudah saya tunggu tidak masuk juga,kemudian saya buat laporan ke dua responnya 1 sampai 3 hari kerja baru masuk,ini gimana maksudnya saya butuh uang ini, ini hak saya kenapa dipersulit,kecewa banget ama aplikasi ini,jangan pada top up di ovo kawan kawan",1,10,3.144.0,2025-10-07 15:10:01+00:00,,,3.144.0,Dataset/dataset\OVO_googleplay_OCTOBER_reviews.csv,topup
078bcfd9-f855-4823-8b5e-88365d9f6333,Pengguna Google,https://play-lh.googleusercontent.com/EGemoI2NTXmTsBVtJqk8jxF9rh8ApRWfsIMQSt2uE4OcpQqbFu7f7NbTK05lx80nuSijCz7sc3a277R67g,"serba bisa buat apa aja... beli2 kebutuhan, bayar, transfer, dll. Thanks",5,0,1.60.0,2025-10-27 06:10:34+00:00,,,1.60.0,Dataset/dataset\GOPAY_googleplay_OCTOBER_reviews.csv,transfer
e557a53f-9f10-41e0-acbe-b1dee27b34e7,Pengguna Google,https://play-lh.googleusercontent.com/EGemoI2NTXmTsBVtJqk8jxF9rh8ApRWfsIMQSt2uE4OcpQqbFu7f7NbTK05lx80nuSijCz7sc3a277R67g,bagus aplikasi nya dan berguna untuk beli pulsa top up game dll,5,0,1.62.0,2025-11-09 16:25:25+00:00,,,1.62.0,Dataset/dataset\GOPAY_googleplay_NOVEMBER_reviews.csv,topup
16474524-e4d6-4640-9a2e-3b92f3672593,Pengguna Google,https://play-lh.googleusercontent.com/EGemoI2NTXmTsBVtJqk8jxF9rh8ApRWfsIMQSt2uE4OcpQqbFu7f7NbTK05lx80nuSijCz7sc3a277R67g,"Bagus aplikasi ini bisa membantu masyarakat yang tidak mempunyai uang cash bisa transaksi melalui aplikasi shoope pay cuma kalo mau transfer uang nya lewat dana kok tumben transfer lama bener nih tolong perbaiki lagi di aplikasi shoope pay,kalo diaplikasi sea bank malah lebih cepat transfer dari sea bank ke dana.",5,0,,2025-12-03 09:42:30+00:00,"Hi Kak Tazidi. Mohon maaf atas kendala transfer ShopeePay. Terkait kendala tersebut mohon menghubungi kami melalui DM ke Instagram @ShopeePay_ID yang bercentang biru, dengan melampirkan bukti transfer yang terkendala untuk bantuan lebih lanjut. Semoga kendala kakak segera terselesaikan ya. ^CS",2025-12-03 14:06:21,,Dataset/dataset\SHOPEEPAY_googleplay_DECEMBER_reviews.csv,transfer
282f31da-0319-4813-9592-07284223f3f6,Pengguna Google,https://play-lh.googleusercontent.com/EGemoI2NTXmTsBVtJqk8jxF9rh8ApRWfsIMQSt2uE4OcpQqbFu7f7NbTK05lx80nuSijCz7sc3a277R67g,"mantap,,,senang menggunakan nya aman dan cashback nya. Tambah voucher yang lain lebih mantul biar ada saingan dari apk lain bikin berbalik terus ke bank jago. Voucher pembayaran QRIS 🙏",5,0,,2025-12-11 21:40:54+00:00,,,,Dataset/dataset\JAGO_googleplay_DECEMBER_reviews.csv,qris
f10ba64b-8159-46fb-8b41-d214d11ebd4d,Pengguna Google,https://play-lh.googleusercontent.com/EGemoI2NTXmTsBVtJqk8jxF9rh8ApRWfsIMQSt2uE4OcpQqbFu7f7NbTK05lx80nuSijCz7sc3a277R67g,sangat memudahkan dalam pembayaran dan transfer saat dalam ke adaan genting,5,0,1.61.2,2025-10-29 14:51:02+00:00,,,1.61.2,Dataset/dataset\GOPAY_googleplay_OCTOBER_reviews.csv,transfer
