reviewId,userName,userImage,content,score,thumbsUpCount,reviewCreatedVersion,at,replyContent,repliedAt,appVersion,source,keyword
d93bd48c-76fa-4bcc-99e0-171f94ec4680,Pengguna Google,https://play-lh.googleusercontent.com/EGemoI2NTXmTsBVtJqk8jxF9rh8ApRWfsIMQSt2uE4OcpQqbFu7f7NbTK05lx80nuSijCz7sc3a277R67g,"nyusahin banget mau isi dana ga bisa karna limit padahal cuman 2 jt, terus mau tf juga susah. ga becus banget ih",1,0,3.150.0,2025-12-26 12:56:14+00:00,,,3.150.0,Dataset/dataset\OVO_googleplay_DECEMBER_reviews.csv,transfer
d2c3354a-22f2-4c0d-8189-4be2e0266d45,Pengguna Google,https://play-lh.googleusercontent.com/EGemoI2NTXmTsBVtJqk8jxF9rh8ApRWfsIMQSt2uE4OcpQqbFu7f7NbTK05lx80nuSijCz7sc3a277R67g,G jelas masa udh top up 155.000 g bisa di tf,1,0,1.60.0,2025-10-22 18:22:21+00:00,"Hai Kak Rio, sebelum transfer, pastikan status upgrade GoPay Plus sudah 'Diterima', nomor penerima valid dan tidak terblokir. Jika masih bermasalah, silakan kunjungi menu Bantuan di aplikasi GoPay atau email ke customerservice@gopay.co.id dan cantumkan kode psr-25-295-1434-20297 pada subjek email. ^Miko",2025-10-22 21:34:32,1.60.0,Dataset/dataset\GOPAY_googleplay_OCTOBER_reviews.csv,topup
f56b2682-2eae-4789-b1f0-5d4a0c3ba339,Pengguna Google,https://play-lh.googleusercontent.com/EGemoI2NTXmTsBVtJqk8jxF9rh8ApRWfsIMQSt2uE4OcpQqbFu7f7NbTK05lx80nuSijCz7sc3a277R67g,lumayan buat transfer,4,0,1.62.0,2025-11-23 04:01:39+00:00,,,1.62.0,Dataset/dataset\GOPAY_googleplay_NOVEMBER_reviews.csv,transfer
53b0a606-0ce4-4c35-9440-b759b7d27cda,Pengguna Google,https://play-lh.googleusercontent.com/EGemoI2NTXmTsBVtJqk8jxF9rh8ApRWfsIMQSt2uE4OcpQqbFu7f7NbTK05lx80nuSijCz7sc3a277R67g,gila banget biaya transfer 2500. ovo kalo ga kerjasama sama grab udah hancur lebur. contoh deh e-wallet lain biaya transfer gratis.,1,0,3.29.0,2025-11-26 01:35:17+00:00,,,3.29.0,Dataset/dataset\OVO_googleplay_NOVEMBER_reviews.csv,transfer
10572c0f-4175-4766-bba4-3446735c15c1,Pengguna Google,https://play-lh.googleusercontent.com/EGemoI2NTXmTsBVtJqk8jxF9rh8ApRWfsIMQSt2uE4OcpQqbFu7f7NbTK05lx80nuSijCz7sc3a277R67g,"susah banget mau login di hp lain, mana banyak koneksi terputus susah banget pdhl aplikasinya bagus, daftar baru gakbisa aneh .",1,0,,2025-12-05 17:06:55+00:00,"Halo, Jagoan. Mohon maaf atas kendala yang terjadi ya. Kamu tidak perlu khawatir, kamu bisa menjelaskan detail kendala tersebut melalui email di tanya@jago.com atau call center 1500 746 untuk kami bantu tangani lebih lanjut. Terima kasih :)",2025-12-05 17:31:15,,Dataset/dataset\JAGO_googleplay_DECEMBER_reviews.csv,login
b7405651-655b-4338-bc23-6fb4535cc56e,Pengguna Google,https://play-lh.googleusercontent.com/EGemoI2NTXmTsBVtJqk8jxF9rh8ApRWfsIMQSt2uE4OcpQqbFu7f7NbTK05lx80nuSijCz7sc3a277R67g,"beberapa kali top up saldo e-toll via ovo disaat yang mendesak utk bayar tol, saldo udah berkurang tapi tidak masuk ke e-toll...uang nya gak tau kemana, gimana cara mengembalikan saldo yang sudah hilang di ovo?",3,0,,2025-11-05 05:43:13+00:00,,,,Dataset/dataset\OVO_googleplay_NOVEMBER_reviews.csv,topup
e03d08f8-3dea-4650-b04c-62f9c4ae11a3,Pengguna Google,https://play-lh.googleusercontent.com/EGemoI2NTXmTsBVtJqk8jxF9rh8ApRWfsIMQSt2uE4OcpQqbFu7f7NbTK05lx80nuSijCz7sc3a277R67g,gbs tf make kuota jlk,1,0,3.149.0,2025-12-20 09:31:14+00:00,,,3.149.0,Dataset/dataset\OVO_googleplay_DECEMBER_reviews.csv,transfer
da885e68-2ba7-4d7e-82b8-45447e0c202a,Pengguna Google,https://play-lh.googleusercontent.com/EGemoI2NTXmTsBVtJqk8jxF9rh8ApRWfsIMQSt2uE4OcpQqbFu7f7NbTK05lx80nuSijCz7sc3a277R67g,"aplikasi bangke, jangan ada lagi yg download, belum 1x24 jam akun tibatiba di blokir gabisa login, mana udah mindahin uangnya kesini, sialan",1,0,8.79.0,2025-12-24 05:38:08+00:00,"Halo, Jagoan. Mohon maaf atas kendala yang terjadi ya. Kamu tidak perlu khawatir, kamu bisa menjelaskan detail kendala tersebut melalui email di tanya@jago.com atau call center 1500 746 untuk kami bantu tangani lebih lanjut. Terima kasih :)",2025-12-24 06:03:30,8.79.0,Dataset/dataset\JAGO_googleplay_DECEMBER_reviews.csv,login
9de9ec88-c63b-49d7-9ddb-6b6e1d190b27,Pengguna Google,https://play-lh.googleusercontent.com/EGemoI2NTXmTsBVtJqk8jxF9rh8ApRWfsIMQSt2uE4OcpQqbFu7f7NbTK05lx80nuSijCz7sc3a277R67g,hari gini masih kena biaya admin atau top up. pindah deh ke sebelah..,1,0,3.149.0,2025-12-19 11:22:36+00:00,,,3.149.0,Dataset/dataset\OVO_googleplay_DECEMBER_reviews.csv,topup
bb1541da-13e8-4080-a6b0-e14bf5d61b3d,Pengguna Google,https://play-lh.googleusercontent.com/EGemoI2NTXmTsBVtJqk8jxF9rh8ApRWfsIMQSt2uE4OcpQqbFu7f7NbTK05lx80nuSijCz7sc3a277R67g,"Saya top up 355K ada notifikasi, Tiba2 Saldo hilang, gimana tu",1,0,,2025-12-09 05:59:21+00:00,,,,Dataset/dataset\OVO_googleplay_DECEMBER_reviews.csv,topup
adf21485-96ab-4a5d-87f8-cb86e2ed5ed3,Pengguna Google,https://play-lh.googleusercontent.com/EGemoI2NTXmTsBVtJqk8jxF9rh8ApRWfsIMQSt2uE4OcpQqbFu7f7NbTK05lx80nuSijCz7sc3a277R67g,mantap shopeepay Gampang transfer kemana aja gak pake ribet,5,0,1.41.06,2025-12-31 22:36:46+00:00,"Hi Kak Yudi . Terima kasih untuk review positifnya. Untuk transaksi di ShopeePay aman karena dilengkapi dengan fitur keamanan seperti PIN, kode OTP, sidik jari hingga verifikasi wajah. Jika kakak memiliki pertanyaan atau kendala seputar ShopeePay, mohon DM kami di Instagram @ShopeePay_ID ya. Semoga harimu menyenangkan. ^CS",2026-01-01 11:52:40,1.41.06,Dataset/dataset\SHOPEEPAY_googleplay_DECEMBER_reviews.csv,transfer
1968e7ea-364e-4f19-85b2-6b023a8f8bba,Pengguna Google,https://play-lh.googleusercontent.com/EGemoI2NTXmTsBVtJqk8jxF9rh8ApRWfsIMQSt2uE4OcpQqbFu7f7NbTK05lx80nuSijCz7sc3a277R67g,"saya transfer ke cimb niaga selalu tidak bisa beberapa minggu ini dan bingung harus mengadu ke mana, karena pusat bantuan nya tidak membantu saya memyelesaikan masalah",3,0,3.144.0,2025-10-02 21:07:22+00:00,,,3.144.0,Dataset/dataset\OVO_googleplay_OCTOBER_reviews.csv,transfer
b18ac55f-efe4-449c-841f-fe1f2a77ec36,Pengguna Google,https://play-lh.googleusercontent.com/EGemoI2NTXmTsBVtJqk8jxF9rh8ApRWfsIMQSt2uE4OcpQqbFu7f7NbTK05lx80nuSijCz7sc3a277R67g,"gopay sangat tidak nyaman ada pencurian uang...diakun saya tanpa transaksi dan konfirmasi. pencurian nyata ...tapi pihak gopay tak ada respon seriusnya. nasabah gopay bilamana kita top up jutaan berhati hati saya topup 2juta, hilang tanpa sebab 1.2 juta gopay ini sangat rentan dan bahaya. bila kita ada saldo diatas dua jutaan pihak gopay tanpa ada respon serius dan akun ku juga logout sendiri terus menerus aneh banget gopay. ini gak jelas dengan konsumen. ini yg saya alami tgl 05/11/25 kehilanga",1,0,,2025-11-06 20:03:50+00:00,"Hai Kak Rama, mohon maaf atas ketidaknyamanannya. Terkait hal tersebut, silakan laporkan melalui email ke customerservice@gopay.co.id dengan melampirkan kode psr-25-311-0246-53473 pada subject email dan ceritakan kembali detail permasalahannya agar tim kami bisa bantu cek lebih lanjut ya. ^Melisa",2025-11-07 09:47:03,,Dataset/dataset\GOPAY_googleplay_NOVEMBER_reviews.csv,topup
0b13c75b-2f0d-4f6f-878f-e6df20b61250,Pengguna Google,https://play-lh.googleusercontent.com/EGemoI2NTXmTsBVtJqk8jxF9rh8ApRWfsIMQSt2uE4OcpQqbFu7f7NbTK05lx80nuSijCz7sc3a277R67g,"simpel rekomendasi poko nya semoga terus berkembang maju terus bank jago, transfer bayar apa aja disini ada kuota pulsa mantap poko nya",5,0,8.74.0,2025-10-09 01:24:43+00:00,,,8.74.0,Dataset/dataset\JAGO_googleplay_OCTOBER_reviews.csv,transfer
fd08c1df-6032-4a1d-ad69-9de25f74eb76,Pengguna Google,https://play-lh.googleusercontent.com/EGemoI2NTXmTsBVtJqk8jxF9rh8ApRWfsIMQSt2uE4OcpQqbFu7f7NbTK05lx80nuSijCz7sc3a277R67g,saya kasih bintang 2 saja karna to up pertama kalinya bayar dan dpt transferan di potong atau saya transfer ke lain y juga hrs kena admin y lumayan inti y saya sedikit kecewa sama OVO ini...!!!,2,0,,2025-10-26 18:33:00+00:00,,,,Dataset/dataset\OVO_googleplay_OCTOBER_reviews.csv,transfer
9292f170-67f3-4101-86f1-ed1e07b2aa7e,Pengguna Google,https://play-lh.googleusercontent.com/EGemoI2NTXmTsBVtJqk8jxF9rh8ApRWfsIMQSt2uE4OcpQqbFu7f7NbTK05lx80nuSijCz7sc3a277R67g,apl taiiiiiii setiap mau tf kena admin 2500,1,0,3.148.0,2025-12-03 08:26:30+00:00,,,3.148.0,Dataset/dataset\OVO_googleplay_DECEMBER_reviews.csv,transfer
fe3b24aa-e8f5-4d26-8c81-c2bd923d6014,Pengguna Google,https://play-lh.googleusercontent.com/EGemoI2NTXmTsBVtJqk8jxF9rh8ApRWfsIMQSt2uE4OcpQqbFu7f7NbTK05lx80nuSijCz7sc3a277R67g,"baru daftar semalam ,lalu hp ke restart ,lalu bagaimana login nya ini ..baca email bos mandiri ...",1,0,3.2.0,2025-12-20 11:48:01+00:00,"Halo Sahabat @Putra Hago, mohon maaf atas ketidaknyamanannya. Terkait kendala Sahabat mohon untuk dapat mengirimkan email ke mandiricare@bankmandiri.co.id atau menghubungi Mandiri Call 14000 lalu tekan 2 agar dapat dilakukan pengecekan. Tks~Cira
",2025-12-20 11:51:03,3.2.0,Dataset/dataset\LIVIN_googleplay_DECEMBER_reviews.csv,login
215f5af7-62ef-4170-bc85-4854283d1810,Pengguna Google,https://play-lh.googleusercontent.com/EGemoI2NTXmTsBVtJqk8jxF9rh8ApRWfsIMQSt2uE4OcpQqbFu7f7NbTK05lx80nuSijCz7sc3a277R67g,jangan donwload aplikasi eror daftar Shopee plus pake wajah saya bisa meski data KTP kakak sayan giliran mau ubah pin karna lupa pin wajah gagal d verifikasi... kocak saldo shopeepay gw gak bisa di ambil pula tod,1,0,1.44.05,2025-12-13 19:21:41+00:00,"Hi Kak aris_lusian 94, mohon maaf atas kendala gagal verifikasi wajah saat ubah PIN. Untuk verifikasi wajah mohon pastikan data wajah sudah sesuai dengan data KTP yang terdaftar di akun kakak. Untuk bantuan, mohon menghubungi kami melalui DM ke IG @ShopeePay_ID yang bercentang biru ya. ^CS",2025-12-15 13:15:48,1.44.05,Dataset/dataset\SHOPEEPAY_googleplay_DECEMBER_reviews.csv,vermuk
c76bab34-8786-4190-8d60-dd610d2e3b8c,Pengguna Google,https://play-lh.googleusercontent.com/EGemoI2NTXmTsBVtJqk8jxF9rh8ApRWfsIMQSt2uE4OcpQqbFu7f7NbTK05lx80nuSijCz7sc3a277R67g,"knpa verifikasi wajah susah amat, dah berpuluh"" kali gak bisa, dah di turutin selalu gak bisa🤨",1,0,2.7.20,2025-12-26 13:03:58+00:00,"Hai, Kak Rizal. Maaf atas ketidaknyamanannya. Kami akan selalu berusaha memberikan yang terbaik demi memenuhi kebutuhan perbankan Kakak. Terkait kendala tersebut boleh infokan detail kendala serta kirimkan gambar kendalanya ke X @haloblu atau email haloblu@bcadigital.co.id agar kami bisa bantu lebih lanjut ya.
",2025-12-26 14:01:22,2.7.20,Dataset/dataset\BLU_googleplay_DECEMBER_reviews.csv,vermuk
cdef7c40-ec82-47dd-9827-cfa3e60a3dd1,Pengguna Google,https://play-lh.googleusercontent.com/EGemoI2NTXmTsBVtJqk8jxF9rh8ApRWfsIMQSt2uE4OcpQqbFu7f7NbTK05lx80nuSijCz7sc3a277R67g,"wkwkwk najong ih. mau nyoba pake aplikasi ini tapi first impression udah VERY BAD. verifikasi muka gabisa mulu katanya hp jangan bergerak. udah ditaroh di meja, tahan nafas, penerangan sangat cukup dan wajah udah di lingkarin terus-terusan gagal. sangat tidak recommended wkwkk.",1,0,2.3.0,2025-10-06 18:03:15+00:00,"Hai, Kak Rosie. Maaf atas ketidaknyamanannya. Terkait hal tersebut pastikan beberapa hal berikut, pastikan Kakak tidak memakai sunglasses, di tempat yang terang, tidak backlight, posisi wajah di dalam lingkaran dan pastikan aplikasi blu versi terupdate ya.",2025-10-06 18:13:57,2.3.0,Dataset/dataset\BLU_googleplay_OCTOBER_reviews.csv,vermuk
da8b9bdc-704b-48ac-837a-054506ea22f2,Pengguna Google,https://play-lh.googleusercontent.com/EGemoI2NTXmTsBVtJqk8jxF9rh8ApRWfsIMQSt2uE4OcpQqbFu7f7NbTK05lx80nuSijCz7sc3a277R67g,kok aku top up blm masuk? maaf ternyata yg tempat top up salah malah ke apk sebelah.,5,0,1.62.0,2025-11-17 15:17:30+00:00,"Hai Kak Adi, pastikan nomor tujuan sudah benar, sudah cek halaman Riwayat, dan coba keluar dan masuk kembali ke aplikasi. Jika saldo masih belum masuk, silakan laporkan melalui menu Bantuan > ketik 'Top up GoPay saya belum masuk' > isi formulir dan cantumkan kode psr-25-318-1154-49460 pada bagian 'Ceritakan lebih lanjut'. ^Maura",2025-11-14 18:54:55,1.62.0,Dataset/dataset\GOPAY_googleplay_NOVEMBER_reviews.csv,topup
83605c1b-bf2d-45af-ab0a-17f9cf28955c,Pengguna Google,https://play-lh.googleusercontent.com/EGemoI2NTXmTsBVtJqk8jxF9rh8ApRWfsIMQSt2uE4OcpQqbFu7f7NbTK05lx80nuSijCz7sc3a277R67g,"Gopay transfer nya mudah,.cepat tepat dan memuaskan pengguna,. pokok nya the best buat gopay 👌🏻👌🏻👌🏻",5,0,1.59.0,2025-10-02 21:05:33+00:00,,,1.59.0,Dataset/dataset\GOPAY_googleplay_OCTOBER_reviews.csv,transfer
ec57c278-31c8-4f96-b739-4b217967bde7,Pengguna Google,https://play-lh.googleusercontent.com/EGemoI2NTXmTsBVtJqk8jxF9rh8ApRWfsIMQSt2uE4OcpQqbFu7f7NbTK05lx80nuSijCz7sc3a277R67g,menurut saya aplikasi ini banyak kurangnya dari fiturnya kenapa login dari email itu bisa kita masukin email tapi kode-nya masih minta ke WhatsApp atau SMS itu menurut saya nggak logika nggak masuk akal bisa nggak diperbarui aplikasinya ini dari teksturnya supaya bisa digunakan dengan efisien,1,65,8.77.2,2025-11-16 14:03:03+00:00,"Halo, Jagoan. Mohon maaf atas kendala yang terjadi ya. Kamu tidak perlu khawatir, kamu bisa menjelaskan detail kendala tersebut melalui email di tanya@jago.com atau call center 1500 746 untuk kami bantu tangani lebih lanjut. Terima kasih :)",2025-11-16 15:03:51,8.77.2,Dataset/dataset\JAGO_googleplay_NOVEMBER_reviews.csv,login
87958c56-4c3f-46bf-8365-a034ff4f71ed,Pengguna Google,https://play-lh.googleusercontent.com/EGemoI2NTXmTsBVtJqk8jxF9rh8ApRWfsIMQSt2uE4OcpQqbFu7f7NbTK05lx80nuSijCz7sc3a277R67g,ihh aman bgt kalo mau top up juga murah apalagi beli kuota beuhh,5,0,1.61.2,2025-11-03 09:45:55+00:00,,,1.61.2,Dataset/dataset\GOPAY_googleplay_NOVEMBER_reviews.csv,topup
858b20b0-3cc8-40ce-a4d6-c28750f59201,Pengguna Google,https://play-lh.googleusercontent.com/EGemoI2NTXmTsBVtJqk8jxF9rh8ApRWfsIMQSt2uE4OcpQqbFu7f7NbTK05lx80nuSijCz7sc3a277R67g,kok pas ada yg tf/ ada saldo yang masuk lama bngt sih?,1,0,3.147.0,2025-11-14 23:42:14+00:00,,,3.147.0,Dataset/dataset\OVO_googleplay_NOVEMBER_reviews.csv,transfer
46192cc4-1d8a-4fb5-9396-62c7b7987292,Pengguna Google,https://play-lh.googleusercontent.com/EGemoI2NTXmTsBVtJqk8jxF9rh8ApRWfsIMQSt2uE4OcpQqbFu7f7NbTK05lx80nuSijCz7sc3a277R67g,"susah baget login ya Kon****,me****,anj*****",1,0,1.42.03,2025-11-06 15:28:41+00:00,"Hi Kak Hari. Mohon maaf mengenai kendala tidak bisa login ke aplikasi. Agar dapat kami cek lebih lanjut, mohon menghubungi kami melalui DM Instagram @ShopeePay_ID ya. Kami akan membantu kendala yang kakak alami. Kami siap membantu kakak. ^CS",2025-11-06 16:06:02,1.42.03,Dataset/dataset\SHOPEEPAY_googleplay_NOVEMBER_reviews.csv,login
60785299-f7e5-4ffc-8705-d44707ea90fc,Pengguna Google,https://play-lh.googleusercontent.com/EGemoI2NTXmTsBVtJqk8jxF9rh8ApRWfsIMQSt2uE4OcpQqbFu7f7NbTK05lx80nuSijCz7sc3a277R67g,gak bisa top up jangan download,1,0,,2025-11-22 09:33:32+00:00,"Hai Kak Ali, mohon maaf atas ketidaknyamanannya. Pastikan nomor tujuan valid dan sudah menggunakan aplikasi GoPay versi terbaru ya. Jika masih berkendala, silakan laporkan melalui email ke customerservice@gopay.co.id dan cantumkan kode psr-25-326-0354-40751 pada subjek email. ^Miko",2025-11-22 10:54:54,,Dataset/dataset\GOPAY_googleplay_NOVEMBER_reviews.csv,topup
3dd37086-3ad0-40ca-99fa-232545d10621,Pengguna Google,https://play-lh.googleusercontent.com/EGemoI2NTXmTsBVtJqk8jxF9rh8ApRWfsIMQSt2uE4OcpQqbFu7f7NbTK05lx80nuSijCz7sc3a277R67g,gak bisa login kembali ke akun gopay,1,0,1.60.0,2025-10-30 09:49:40+00:00,"Hai Kak Ocid, mohon maaf atas kendala yang kamu alami. Sebelum login, pastikan kamu sudah pakai GoPay versi terbaru & tidak ada kendala pada akun kamu, ya. Jika masih tidak bisa login, laporkan ke kami melalui email ke customerservice@gopay.co.id dan mencantumkan kode psr-25-303-0519-55770 pada subjek email. ^Maura",2025-10-30 12:20:04,1.60.0,Dataset/dataset\GOPAY_googleplay_OCTOBER_reviews.csv,login
3907d5cb-adee-4163-9baa-81bce054e958,Pengguna Google,https://play-lh.googleusercontent.com/EGemoI2NTXmTsBVtJqk8jxF9rh8ApRWfsIMQSt2uE4OcpQqbFu7f7NbTK05lx80nuSijCz7sc3a277R67g,transfer uang sering telat terkirim ya,3,0,1.42.03,2025-11-07 09:04:02+00:00,"Hi Kak Syaiful. Mohon maaf atas kendala Transfer ShopeePay yang belum diterima. Jika hingga saat ini transfer masih belum diterima mohon menghubungi kami melalui DM ke Instagram @ShopeePay_ID yang bercentang biru, dengan melampirkan bukti transfer tersebut untuk bantuan lebih lanjut. Semoga kendala kakak segera terselesaikan ya. ^CS",2025-11-07 10:52:37,1.42.03,Dataset/dataset\SHOPEEPAY_googleplay_NOVEMBER_reviews.csv,transfer
a84be27e-ded8-45bd-8fff-da3e0ade3b3c,Pengguna Google,https://play-lh.googleusercontent.com/EGemoI2NTXmTsBVtJqk8jxF9rh8ApRWfsIMQSt2uE4OcpQqbFu7f7NbTK05lx80nuSijCz7sc3a277R67g,"masak top up belum masuk udah pelaporan sampe berapa kali pun percuma, sampai 24 jam, mohon di perbaiki bila, ini bentuk pelanggan tidak nyaman dengan sistem yg baru dulu bisa langsung di tangani sekarang susah model pelaporan pun gak bisa mengetik",1,0,,2025-10-29 16:48:04+00:00,"Hai Kak @Mr. ius, pastikan nomor tujuan sudah benar, sudah cek halaman Riwayat, dan coba keluar dan masuk kembali ke aplikasi. Jika saldo masih belum masuk, silakan laporkan melalui menu Bantuan > ketik 'Top up GoPay saya belum masuk' > isi formulir dan cantumkan kode psr-25-302-1316-58466 pada bagian 'Ceritakan lebih lanjut'. ^Melisa",2025-10-29 20:17:06,,Dataset/dataset\GOPAY_googleplay_OCTOBER_reviews.csv,topup
3b6dcbbc-0245-47de-b1a7-3539ea426147,Pengguna Google,https://play-lh.googleusercontent.com/EGemoI2NTXmTsBVtJqk8jxF9rh8ApRWfsIMQSt2uE4OcpQqbFu7f7NbTK05lx80nuSijCz7sc3a277R67g,"tolong perbaiki nih gopay saat saya sedang top up fc mobile kenapa fc point nya tidak masuk, habis tu duitke kurang lagi tolong benerin secepatnya sementara saya kasih bintang 3",3,0,1.59.0,2025-10-02 22:13:55+00:00,"Hai Kak Hamas, mohon maaf atas ketidaknyamanannya. Terkait hal tersebut, silakan laporkan melalui email ke customerservice@gopay.co.id dengan melampirkan kode psr-25-275-1610-47529 pada subject email dan ceritakan kembali detail permasalahannya agar tim kami bisa bantu cek lebih lanjut ya. ^Melisa",2025-10-02 23:10:54,1.59.0,Dataset/dataset\GOPAY_googleplay_OCTOBER_reviews.csv,topup
1cbb2050-eeb7-4224-b042-c0d4ef3c2e0b,Pengguna Google,https://play-lh.googleusercontent.com/EGemoI2NTXmTsBVtJqk8jxF9rh8ApRWfsIMQSt2uE4OcpQqbFu7f7NbTK05lx80nuSijCz7sc3a277R67g,sy usul kan... kalo TF sesama ovo min 5k saja.. biar tidak menyulitkan driver yg mau top up.. sy pake ovo sudah lama.. lebih dari 1 th. kalo lihat kinerja ovo.. masih mengecewakan..,2,0,3.149.0,2025-12-19 17:59:43+00:00,,,3.149.0,Dataset/dataset\OVO_googleplay_DECEMBER_reviews.csv,topup
d55df3be-3387-4dd9-b9d4-bb8bde6c53d5,Pengguna Google,https://play-lh.googleusercontent.com/EGemoI2NTXmTsBVtJqk8jxF9rh8ApRWfsIMQSt2uE4OcpQqbFu7f7NbTK05lx80nuSijCz7sc3a277R67g,jangan donload aplikasi ini !!! saya topup sudah ada lporan sukses tapi di OVO ini tidak masuk 👎👎👎 mau claim juga ribet skali.... lebih baik tidak usa donload... rawan hilang uang anda kalau pake aplikasi ini...,1,0,3.149.0,2025-12-19 10:40:48+00:00,,,3.149.0,Dataset/dataset\OVO_googleplay_DECEMBER_reviews.csv,topup
8606d123-7f09-4a27-9c82-c291f2445bf1,Pengguna Google,https://play-lh.googleusercontent.com/EGemoI2NTXmTsBVtJqk8jxF9rh8ApRWfsIMQSt2uE4OcpQqbFu7f7NbTK05lx80nuSijCz7sc3a277R67g,"Halo GoPay, aku mau kasih masukan soal fitur GoPay Games. Waktu aku beli gift card Roblox, kodenya nggak langsung muncul di riwayat transaksi utama. Aku harus cari manual di menu “Riwayat Top Up Game”, dan itu agak membingungkan buat pengguna baru. Mungkin bisa ditambah notifikasi atau tombol langsung “Lihat Kode” di halaman transaksi utama, atau minimal dikirim juga lewat email. Soalnya alurnya sekarang cukup kompleks dan kurang dijelaskan, jadi pengguna harus nebak-nebak sendiri. Terima kasih",4,26,1.61.2,2025-11-13 16:54:25+00:00,,,1.61.2,Dataset/dataset\GOPAY_googleplay_NOVEMBER_reviews.csv,topup
8d5178bd-4155-44a0-ac04-0a0c74034763,Pengguna Google,https://play-lh.googleusercontent.com/EGemoI2NTXmTsBVtJqk8jxF9rh8ApRWfsIMQSt2uE4OcpQqbFu7f7NbTK05lx80nuSijCz7sc3a277R67g,sangat memuaskan dengan adanya fitur qris,5,0,,2025-10-19 11:34:58+00:00,,,,Dataset/dataset\GOPAY_googleplay_OCTOBER_reviews.csv,qris
8e9c3fe4-bffd-4940-bf55-22a254dd3879,Pengguna Google,https://play-lh.googleusercontent.com/EGemoI2NTXmTsBVtJqk8jxF9rh8ApRWfsIMQSt2uE4OcpQqbFu7f7NbTK05lx80nuSijCz7sc3a277R67g,"Ya Allah kenapa lemotnya nih, proses Login lemot ada apa Blue BCA, sudah login pas mau transfer Loadingnya lama, buka menu lain Loadingnya lama juga, bahkan mau bayar QRIS lama proses Loadingnya, tolong dibenarin aplikasinya...",1,34,2.5.0,2025-10-30 18:58:27+00:00,"Hai, Kak Putra. Maaf atas ketidaknyamanannya. Kami akan selalu terus memperbaiki sistem demi mencapai kepuasan para pengguna aplikasi blu. Terkait kendala tersebut pastikan Kakak menggunakan aplikasi blu versi terbaru, pastikan setting waktu di handphone menjadi otomatis, jaringan internet lancar dan stabil serta tidak menggunakan jaringan WiFi.",2025-10-30 20:00:26,2.5.0,Dataset/dataset\BLU_googleplay_OCTOBER_reviews.csv,login
4f32afb8-51d6-48a0-b488-2b9ba9954d58,Pengguna Google,https://play-lh.googleusercontent.com/EGemoI2NTXmTsBVtJqk8jxF9rh8ApRWfsIMQSt2uE4OcpQqbFu7f7NbTK05lx80nuSijCz7sc3a277R67g,jangan mau top up game di apl ini 2 kali kena tipu ga masuk sama sekali diamond nya. pelayanan nya juga lama banget,1,0,1.64.0,2025-11-18 21:09:20+00:00,"Hai Kak Luthfi, mohon maaf atas ketidaknyamanan yang dialami. Dapat kami sampaikan bahwa saat ini terdapat pemeliharaan sistem sehingga Top up games kamu terhambat. Silakan kamu dapat melakukan pengecekan secara berkala. Terima kasih. ^Melisa",2025-11-18 21:29:34,1.64.0,Dataset/dataset\GOPAY_googleplay_NOVEMBER_reviews.csv,topup
bd43360a-6755-431a-a7b9-9d30513bf072,Pengguna Google,https://play-lh.googleusercontent.com/EGemoI2NTXmTsBVtJqk8jxF9rh8ApRWfsIMQSt2uE4OcpQqbFu7f7NbTK05lx80nuSijCz7sc3a277R67g,aplikasi dongo bayar qris gak bsa2 SDH di ulang ulang 10 kali masih gk bisa gak kaya yg laen cepat,1,1,,2025-10-29 13:25:59+00:00,"Hai Kak Sukinem, maaf atas ketidaknyamanannya. Pastikan kamu menggunakan aplikasi GoPay versi terbaru dan kode QR yang dipindai berasal dari merchant yang menerima pembayaran melalui kode GoPay. Jika masih berkendala, laporkan melalui email ke customerservice@gopay.co.id dan cantumkan kode psr-25-302-0639-22511 pada subjek email. ^Maura",2025-10-29 13:39:27,,Dataset/dataset\GOPAY_googleplay_OCTOBER_reviews.csv,qris
ea025a3b-12ff-4861-aef5-2b8a04f573f4,Pengguna Google,https://play-lh.googleusercontent.com/EGemoI2NTXmTsBVtJqk8jxF9rh8ApRWfsIMQSt2uE4OcpQqbFu7f7NbTK05lx80nuSijCz7sc3a277R67g,top up sampe sekarang masih di proses aja giliran pusat bantuan formulir di tolak akun kluar sendiri masuk ga bisa bisa gimana ni ovo nunggu 24 jam,1,0,,2025-10-06 23:44:32+00:00,,,,Dataset/dataset\OVO_googleplay_OCTOBER_reviews.csv,topup
ae8f5332-3416-463d-9d43-c43a2be61c99,Pengguna Google,https://play-lh.googleusercontent.com/EGemoI2NTXmTsBVtJqk8jxF9rh8ApRWfsIMQSt2uE4OcpQqbFu7f7NbTK05lx80nuSijCz7sc3a277R67g,eh buseeetttt ...potongan 2000 setiap topup ..yg sebelah cuma 1000 ini mah 2000 ..blm lagi admin lainnya ....huh payah,1,0,,2025-10-29 22:09:49+00:00,,,,Dataset/dataset\OVO_googleplay_OCTOBER_reviews.csv,topup
9f086a07-aafd-4e47-8f48-1ebd2c4af538,Pengguna Google,https://play-lh.googleusercontent.com/EGemoI2NTXmTsBVtJqk8jxF9rh8ApRWfsIMQSt2uE4OcpQqbFu7f7NbTK05lx80nuSijCz7sc3a277R67g,"gk bangett pelananyaa, saya complain terkait saldo emoney saya gk bertambah setelah top up dari 2 hari yang lalu, KALO GKBISA BERTANGGUNG JAWAB MENDING GKUSAH JATOHNYA NIPUUUUUUU!!!",1,0,1.64.0,2025-11-18 17:39:09+00:00,"Hai Kak Syahwal, mohon maat atas ketidaknyamanannya. Jika kamu masih mengalami kendala, silakan laporkan melalui email ke customerservice@gopay.co.id dengan melampirkan kode psr-25-322-1213-42044 pada subject email dan cantumkan nomor laporan kamu sebelumnya pada email yang kamu kirimkan. Kami tunggu detail laporan kamu ya. ^Melisa",2025-11-18 19:13:53,1.64.0,Dataset/dataset\GOPAY_googleplay_NOVEMBER_reviews.csv,topup
2e82154c-e74a-4543-b6a4-e2051c6378e5,Pengguna Google,https://play-lh.googleusercontent.com/EGemoI2NTXmTsBVtJqk8jxF9rh8ApRWfsIMQSt2uE4OcpQqbFu7f7NbTK05lx80nuSijCz7sc3a277R67g,ini knp ya top up wdpp padahal soldp ke potong tpi dm nya g masuk,2,0,1.59.0,2025-10-10 15:30:58+00:00,"Hai Kak Jamaludin, kami mohon maaf atas kondisi yang Kakak alami. Terkait hal ini, dapat kami sampaikan bahwa ada pemeliharaan sistem yang mempengaruhi transaksi Kakak & saat ini sudah kembali normal. Berkenan untuk melakukan pengecekan kembali di akun tujuan secara berkala ya Kak. Mohon maaf atas ketidaknyamanannya. Salam hangat. ^Miko",2025-10-10 20:55:43,1.59.0,Dataset/dataset\GOPAY_googleplay_OCTOBER_reviews.csv,topup
33ecbe17-f7d7-45c0-ad31-60c33a8bebc8,Pengguna Google,https://play-lh.googleusercontent.com/EGemoI2NTXmTsBVtJqk8jxF9rh8ApRWfsIMQSt2uE4OcpQqbFu7f7NbTK05lx80nuSijCz7sc3a277R67g,dapet gratis transfer bes banget,5,0,8.73.0,2025-10-10 15:15:03+00:00,,,8.73.0,Dataset/dataset\JAGO_googleplay_OCTOBER_reviews.csv,transfer
887165ff-80ed-4eb4-99ad-7325460ede5c,Pengguna Google,https://play-lh.googleusercontent.com/EGemoI2NTXmTsBVtJqk8jxF9rh8ApRWfsIMQSt2uE4OcpQqbFu7f7NbTK05lx80nuSijCz7sc3a277R67g,"eror semuanya babilah.... isi pulsa gak bisa, transfer gak bisa, trus apa guna ini aplikasi...",1,0,,2025-11-09 20:05:32+00:00,,,,Dataset/dataset\OVO_googleplay_NOVEMBER_reviews.csv,transfer
cc7fa968-55fa-4726-a1f2-d9a948a322ed,Pengguna Google,https://play-lh.googleusercontent.com/EGemoI2NTXmTsBVtJqk8jxF9rh8ApRWfsIMQSt2uE4OcpQqbFu7f7NbTK05lx80nuSijCz7sc3a277R67g,verifikasi wajah aja susahnya minta ampun sampe puluhan kali ulangi terus Ampe skrg blm bisa gua kasih bintang satu dulu KL udah bisa masuk verifikasi wajah baru d tambah bintang nya,1,0,3.1.0,2025-11-05 10:37:14+00:00,"Halo Sahabat @ananda jackdyan, mohon maaf atas ketidaknyamanannya. Mohon pastikan agar pencahayaan baik dan wajah tidak terlalu dekat dengan kamera. Apabila masih terkendala Sahabat dapat mengirimkan email ke mandiricare@bankmandiri.co.id atau menghubungi mandiri call 14000 agar dapat dilakukan pengecekan.Tks ~ Said
",2025-11-10 23:01:03,3.1.0,Dataset/dataset\LIVIN_googleplay_NOVEMBER_reviews.csv,vermuk
2af11701-bd56-4ee5-96e6-dc510135159b,Pengguna Google,https://play-lh.googleusercontent.com/EGemoI2NTXmTsBVtJqk8jxF9rh8ApRWfsIMQSt2uE4OcpQqbFu7f7NbTK05lx80nuSijCz7sc3a277R67g,katanya free topup saldo gopay 5x/bulan. saya mau topup kok malah bayar biaya admin,1,0,1.61.2,2025-11-02 12:09:01+00:00,"Hai Kak Adam, Kami informasikan untuk transaksi top up saldo GoPay dikenakan biaya admin sesuai metode pembayaran yang dipilih. Info selengkapnya silakan kunjungi menu Bantuan di aplikasi GoPay atau email ke customerservice@gopay.co.id. ^Melisa",2025-11-02 14:36:25,1.61.2,Dataset/dataset\GOPAY_googleplay_NOVEMBER_reviews.csv,topup
1465849c-98ce-4f9f-a034-bb6866968c0b,Pengguna Google,https://play-lh.googleusercontent.com/EGemoI2NTXmTsBVtJqk8jxF9rh8ApRWfsIMQSt2uE4OcpQqbFu7f7NbTK05lx80nuSijCz7sc3a277R67g,"katanya si aplikasinya bagus, pas saya coba saya daftar ga bisa lnjt login,pdhl saya sudah mengisi NIK bnr sesuai KTP, KTP nya aja udh di foto dngn jelas tapi tetep aja ga bisa lajut login udh 4x coba",1,0,,2025-10-27 12:11:50+00:00,"Halo, Jagoan. Mohon maaf atas kendala yang terjadi ya. Kamu tidak perlu khawatir, kamu bisa menjelaskan detail kendala tersebut melalui email di tanya@jago.com atau call center 1500 746 untuk kami bantu tangani lebih lanjut. Terima kasih :)",2025-10-27 14:48:36,,Dataset/dataset\JAGO_googleplay_OCTOBER_reviews.csv,login
79821135-915c-43db-ba9f-33ec675133ba,Pengguna Google,https://play-lh.googleusercontent.com/EGemoI2NTXmTsBVtJqk8jxF9rh8ApRWfsIMQSt2uE4OcpQqbFu7f7NbTK05lx80nuSijCz7sc3a277R67g,"jangan top up ke ovo, gak akan pernah masuk saldonya, uninstal sekarang jangan pernah pakai ovo lagi",1,0,3.145.0,2025-10-28 11:17:56+00:00,,,3.145.0,Dataset/dataset\OVO_googleplay_OCTOBER_reviews.csv,topup
e422717d-aa0a-4fc7-b312-82c5787cbcc6,Pengguna Google,https://play-lh.googleusercontent.com/EGemoI2NTXmTsBVtJqk8jxF9rh8ApRWfsIMQSt2uE4OcpQqbFu7f7NbTK05lx80nuSijCz7sc3a277R67g,"Halo, sudah beberapa hari ini tidak bisa login di app dan pop up nya muncul kendala teknis🙏🏻",2,0,1.64.1,2025-11-27 13:01:56+00:00,"Mohon maaf, Kak Dian. Terkait laporanmu, pastikan sinyal internetmu stabil, aktifkan 'App Permission'/'Izinkan Aplikasi', lalu logout kemudian login kembali. Jika masih tidak bisa login, laporkan ke kami melalui email ke customerservice@gopay.co.id dan mencantumkan kode psr-25-331-0646-40783 pada subjek email. ^Maura",2025-11-27 13:46:50,1.64.1,Dataset/dataset\GOPAY_googleplay_NOVEMBER_reviews.csv,login
9a243c2a-5861-4b04-a5ce-60b7e63c0a66,Pengguna Google,https://play-lh.googleusercontent.com/EGemoI2NTXmTsBVtJqk8jxF9rh8ApRWfsIMQSt2uE4OcpQqbFu7f7NbTK05lx80nuSijCz7sc3a277R67g,cocok untuk anda transfer ke mana saja,5,0,3.1.0,2025-11-12 13:40:35+00:00,"Halo Sahabat @Andika Rahman Rangkuti, terima kasih atas review yang telah diberikan. Semoga terus menikmati kemudahan dan kenyamanan dalam menggunakan Livin' by Mandiri ya. Daftarkan transaksi secepat kilat pada menu Quick Pick untuk diakses pada halaman Login atau Beranda. Yuk coba sekarang. Tks~Irish",2025-11-12 14:09:46,3.1.0,Dataset/dataset\LIVIN_googleplay_NOVEMBER_reviews.csv,transfer
954cbd2a-14d3-43fa-b57f-e6e71bf41e9e,Pengguna Google,https://play-lh.googleusercontent.com/EGemoI2NTXmTsBVtJqk8jxF9rh8ApRWfsIMQSt2uE4OcpQqbFu7f7NbTK05lx80nuSijCz7sc3a277R67g,masa saya sudah transfer tapi ko belum masuk² juga ya tolong di perbaiki sistemnyh,1,0,3.145.0,2025-10-18 22:18:47+00:00,,,3.145.0,Dataset/dataset\OVO_googleplay_OCTOBER_reviews.csv,transfer
17252531-a490-48a1-9247-35380c62b7ce,Pengguna Google,https://play-lh.googleusercontent.com/EGemoI2NTXmTsBVtJqk8jxF9rh8ApRWfsIMQSt2uE4OcpQqbFu7f7NbTK05lx80nuSijCz7sc3a277R67g,"siap update login nya susah, Uda kartu ATM nya gada,beda sama brimo dari email mana ga inget kodenya kuno kuno",1,0,,2025-12-19 14:49:43+00:00,"Hi Sahabat @Dedy Prasetyo, mhn maaf ketidaknyamanannya. Terkait kendala Livin by Mandiri, kami sarankan melakukan force close kemudian restart device. Mhn pastikan jaringan yg digunakan stabil dan tdk menggunakan WiFi. Apabila masih kendala, dpt mengirimkan email ke mandiricare@bankmandiri.co.id atau menghubungi mandiri call 14000. Tks~Fatma",2025-12-19 14:51:00,,Dataset/dataset\LIVIN_googleplay_DECEMBER_reviews.csv,login
f0a967a0-ff4a-49b0-86a0-95fe119602a8,Pengguna Google,https://play-lh.googleusercontent.com/EGemoI2NTXmTsBVtJqk8jxF9rh8ApRWfsIMQSt2uE4OcpQqbFu7f7NbTK05lx80nuSijCz7sc3a277R67g,livin kenapa sihhh nggak bisa login woiiii,1,0,3.1.0,2025-11-06 12:21:18+00:00,"Halo Sahabat @ADE YULYAWAN, mohon maaf atas ketidaknyamanannya. Kami sarankan Sahabat melakukan force close aplikasi kemudian restart HP yg digunakan, jaringan yg digunakan dlm keadaan stabil dan dipastikan tdk menggunakan WiFi. Jika masih terkendala dpt mengirimkan email ke mandiricare@bankmandiri.co.id atau hubungi mandiri call 14000. Tks ~ Said
",2025-11-10 23:04:25,3.1.0,Dataset/dataset\LIVIN_googleplay_NOVEMBER_reviews.csv,login
33f4db79-7c5b-474f-8013-8f9b17652935,Pengguna Google,https://play-lh.googleusercontent.com/EGemoI2NTXmTsBVtJqk8jxF9rh8ApRWfsIMQSt2uE4OcpQqbFu7f7NbTK05lx80nuSijCz7sc3a277R67g,"apk busuk dari semalam top up sampe sekarang ga masuk"" najis",1,0,,2025-10-08 00:10:25+00:00,,,,Dataset/dataset\OVO_googleplay_OCTOBER_reviews.csv,topup
f69d1bae-f725-4e40-a640-5a8e95256fed,Pengguna Google,https://play-lh.googleusercontent.com/EGemoI2NTXmTsBVtJqk8jxF9rh8ApRWfsIMQSt2uE4OcpQqbFu7f7NbTK05lx80nuSijCz7sc3a277R67g,dapat promo buat top up selalu eror mulu saat mu di beli kadang di lanjutkan malah setuck di loading gak jelas,4,0,,2025-10-10 16:33:59+00:00,,,,Dataset/dataset\GOPAY_googleplay_OCTOBER_reviews.csv,topup
ab411059-ed1f-4934-9b59-925462a69a43,Pengguna Google,https://play-lh.googleusercontent.com/EGemoI2NTXmTsBVtJqk8jxF9rh8ApRWfsIMQSt2uE4OcpQqbFu7f7NbTK05lx80nuSijCz7sc3a277R67g,"Ga lagi deh pake buat nyimpen tabungan disini, kapokkkk! Pas Butuh Dana darurat Pending TF bisa semingguan baru masuk.. Dncokk",1,0,8.78.0,2025-12-05 22:03:45+00:00,"Halo, Jagoan! Mohon maaf apabila terdapat fitur atau layanan Jago yang belum sesuai harapan kamu. Kamu bisa menghubungi Tanya Jago di nomor 1500746 / 021-30000746 atau e-mail ke tanya@jago.com untuk kami bantu cek kendalanya lebih lanjut ya. Agent kami dengan senang hati membantu kamu.",2025-12-06 01:53:21,8.78.0,Dataset/dataset\JAGO_googleplay_DECEMBER_reviews.csv,transfer
204fbc97-02ec-4e05-bd37-4033239391cf,Pengguna Google,https://play-lh.googleusercontent.com/EGemoI2NTXmTsBVtJqk8jxF9rh8ApRWfsIMQSt2uE4OcpQqbFu7f7NbTK05lx80nuSijCz7sc3a277R67g,ko saya lihat saldo di mesin atm malah kena potongan 4rb yah?? gila... mau cek saldo aja kena potongan. haruse cek saldo gratis kecuali transfer ndak masalah lena potongan.,2,0,8.73.0,2025-10-04 00:33:41+00:00,"Halo, Jagoan. Mohon maaf atas kendala yang terjadi ya. Kamu tidak perlu khawatir, kamu bisa menjelaskan detail kendala tersebut melalui email di tanya@jago.com atau call center 1500 746 untuk kami bantu tangani lebih lanjut. Terima kasih :)",2025-10-04 02:08:13,8.73.0,Dataset/dataset\JAGO_googleplay_OCTOBER_reviews.csv,transfer
7a1d3e06-5101-4355-ba86-2413cb2f3fc3,Pengguna Google,https://play-lh.googleusercontent.com/EGemoI2NTXmTsBVtJqk8jxF9rh8ApRWfsIMQSt2uE4OcpQqbFu7f7NbTK05lx80nuSijCz7sc3a277R67g,"aplikasih sangat buruk,saya menggunakan pembayaran qris tapi satatus pembayaran di tunda,dan saldo saya ditahan,diauruh lapor nunggu 10 hari kerja,tapi kenyataan nya lebih dari 10 hari kerja saldo saya tetap ga di kembaliin.ga usah pakaj mandiri dah yg lain.",1,3,3.2.0,2025-11-26 14:15:19+00:00,"Halo Sahabat @Ahmad Amin Lumban Tobing, mohon maaf atas ketidaknyamannya. Perihal kendala transaksi yang dialami tsb, mohon untuk dapat mengirimkan email ke mandiricare@bankmandiri.co.id atau dapat menghubungi layanan mandiri 14000 agar dapat dilakukan pengecekan. Tks~Vacilla",2025-11-26 14:18:41,3.2.0,Dataset/dataset\LIVIN_googleplay_NOVEMBER_reviews.csv,qris
76f0523a-c560-4cb3-a7c7-4c9e4aca2fb5,Pengguna Google,https://play-lh.googleusercontent.com/EGemoI2NTXmTsBVtJqk8jxF9rh8ApRWfsIMQSt2uE4OcpQqbFu7f7NbTK05lx80nuSijCz7sc3a277R67g,mau pake transfer coba lagi terus...,1,0,3.147.0,2025-11-10 18:30:39+00:00,,,3.147.0,Dataset/dataset\OVO_googleplay_NOVEMBER_reviews.csv,transfer
f01dceeb-001b-47f4-926c-a324437c1e5e,Pengguna Google,https://play-lh.googleusercontent.com/EGemoI2NTXmTsBVtJqk8jxF9rh8ApRWfsIMQSt2uE4OcpQqbFu7f7NbTK05lx80nuSijCz7sc3a277R67g,"cuma pengen isi pulsa, tapi gak bisa bisa, coba lagi terus, dikira dapat hadiah ciki kali. kalau emang gak bisa buat ngisi pulsa/bayar internet lebih baik fitur nya dihapus aja. mana udah terlanjur top up ke sini lagi. buat yang baca review saya lebih baik pikir 2 kali sebelum instal / gunakan aplikasi ini.",1,4,3.146.0,2025-11-08 10:01:49+00:00,,,3.146.0,Dataset/dataset\OVO_googleplay_NOVEMBER_reviews.csv,topup
e4907edc-610b-42f7-bf94-d2b70e22462f,Pengguna Google,https://play-lh.googleusercontent.com/EGemoI2NTXmTsBVtJqk8jxF9rh8ApRWfsIMQSt2uE4OcpQqbFu7f7NbTK05lx80nuSijCz7sc3a277R67g,apk sampah top up 200rb GK masuk²,1,0,3.150.0,2025-12-27 12:47:51+00:00,,,3.150.0,Dataset/dataset\OVO_googleplay_DECEMBER_reviews.csv,topup
1a9530d4-775f-4a8f-b0c4-c688498202ab,Pengguna Google,https://play-lh.googleusercontent.com/EGemoI2NTXmTsBVtJqk8jxF9rh8ApRWfsIMQSt2uE4OcpQqbFu7f7NbTK05lx80nuSijCz7sc3a277R67g,"aplikasi gak jelas, login aja susah",1,0,1.40.06,2025-10-02 19:31:18+00:00,Hi Kak Iman. Kami memahami kendala tidak bisa login. Silakan mengisi formulir kendala login pada link berikut https://help.shopee.co.id/portal/webform/c31731974d32419d9cb383a199424e0c. Pastikan kakak tidak dalam keadaan login pada akun manapun saat mengisi formulir tersebut. ^EN,2025-10-03 13:24:13,1.40.06,Dataset/dataset\SHOPEEPAY_googleplay_OCTOBER_reviews.csv,login
72b4ede1-3b54-4722-8b98-dff53fd32dce,Pengguna Google,https://play-lh.googleusercontent.com/EGemoI2NTXmTsBVtJqk8jxF9rh8ApRWfsIMQSt2uE4OcpQqbFu7f7NbTK05lx80nuSijCz7sc3a277R67g,saya top up gopay via BRI sudah 4 hari gak masuk2 gimana tanggung jawab yah,1,0,1.61.2,2025-10-31 21:34:34+00:00,"Hai Kak Ubaidillah, pastikan nomor tujuan sudah benar, sudah cek halaman Riwayat, dan coba keluar dan masuk kembali ke aplikasi. Jika saldo masih belum masuk, silakan laporkan melalui menu Bantuan > ketik 'Top up GoPay saya belum masuk' > isi formulir dan cantumkan kode psr-25-304-1455-22267 pada bagian 'Ceritakan lebih lanjut'. ^Maura",2025-10-31 21:55:28,1.61.2,Dataset/dataset\GOPAY_googleplay_OCTOBER_reviews.csv,topup
f1ff7a3f-0b3d-4c04-bd03-4a9b6564ff31,Pengguna Google,https://play-lh.googleusercontent.com/EGemoI2NTXmTsBVtJqk8jxF9rh8ApRWfsIMQSt2uE4OcpQqbFu7f7NbTK05lx80nuSijCz7sc3a277R67g,"Barusan saya top up dari bank btn mbanking ke ovo saldo saya 1 jt 55 rb pas masuk ke ovo tapi saldo blm masuk,sedangkan dari BTN sudah di potong,kira kira saldo kembali lagi ga ya?",1,0,3.146.0,2025-10-31 16:10:22+00:00,,,3.146.0,Dataset/dataset\OVO_googleplay_OCTOBER_reviews.csv,topup
886b2987-b18a-41f7-b120-c476701949e7,Pengguna Google,https://play-lh.googleusercontent.com/EGemoI2NTXmTsBVtJqk8jxF9rh8ApRWfsIMQSt2uE4OcpQqbFu7f7NbTK05lx80nuSijCz7sc3a277R67g,saat melakukan top up ko kaga bisa,1,0,1.60.0,2025-10-17 16:34:29+00:00,"Hai Kak @Power F, mohon maaf atas ketidaknyamanannya. Pastikan nomor tujuan valid dan sudah menggunakan aplikasi GoPay versi terbaru ya. Jika masih berkendala, silakan laporkan melalui email ke customerservice@gopay.co.id dan cantumkan kode psr-25-290-1223-08388 pada subjek email. ^Miko",2025-10-17 19:23:21,1.60.0,Dataset/dataset\GOPAY_googleplay_OCTOBER_reviews.csv,topup
265b3012-1bd6-45dd-ba48-a0b051522033,Pengguna Google,https://play-lh.googleusercontent.com/EGemoI2NTXmTsBVtJqk8jxF9rh8ApRWfsIMQSt2uE4OcpQqbFu7f7NbTK05lx80nuSijCz7sc3a277R67g,"tf ngantung, dan saldo gak kembali",1,0,3.149.0,2025-12-17 09:28:00+00:00,,,3.149.0,Dataset/dataset\OVO_googleplay_DECEMBER_reviews.csv,transfer
d4a36236-c0c6-4a27-8207-5c28ea440066,Pengguna Google,https://play-lh.googleusercontent.com/EGemoI2NTXmTsBVtJqk8jxF9rh8ApRWfsIMQSt2uE4OcpQqbFu7f7NbTK05lx80nuSijCz7sc3a277R67g,saya kasih rating 5 biar cepat di respon saya top up ovo dari aplikasi dana di dana sudah berhasil dan udah di kasih no refrensi di dana kalau saldo udah berhasil tapi di ovo gak masuk2 uang nya nominal 2 juta lagi...sudah 3 hari gak ada respon dari pihak ovo suruh nunggu terus dan yang ngalamin bukan cuma saya udah banyak ..muda mudahan dari pihak ovo cepet ngerespon,5,0,3.146.0,2025-11-02 21:37:42+00:00,,,3.146.0,Dataset/dataset\OVO_googleplay_NOVEMBER_reviews.csv,topup
c2b72b01-0fb4-435e-91eb-fdff09bd1bb1,Pengguna Google,https://play-lh.googleusercontent.com/EGemoI2NTXmTsBVtJqk8jxF9rh8ApRWfsIMQSt2uE4OcpQqbFu7f7NbTK05lx80nuSijCz7sc3a277R67g,"kak ini saya kan buat qris, transaksi berhasil ada notifikasi uang masuk, tapi saldony kok tetap kosong ya ?",4,1,1.41.06,2025-10-24 11:49:39+00:00,"Hi Kak Dewi. Mohon maaf atas kendala transaksi pembayaran QRIS yang tidak diterima karena saldo masih Rp0,-. Terkait kendala tersebut mohon menghubungi kami melalui DM ke Instagram @ShopeePay_ID yang bercentang biru, dengan menginformasikan detail dan bukti kendala untuk bantuan lebih lanjut. Semoga kendala kakak segera terselesaikan ya. ^CS",2025-10-24 13:47:59,1.41.06,Dataset/dataset\SHOPEEPAY_googleplay_OCTOBER_reviews.csv,qris
0ed10f9e-61c4-44cd-9402-54baa6f61174,Pengguna Google,https://play-lh.googleusercontent.com/EGemoI2NTXmTsBVtJqk8jxF9rh8ApRWfsIMQSt2uE4OcpQqbFu7f7NbTK05lx80nuSijCz7sc3a277R67g,"​""Bank Jago memudahkan segalanya, kecuali dalam hal menerima transfer dari bank lain. Seringkali, bank pengirim tidak mencantumkan 'Bank Jago' dalam daftar mereka. Ini karena Bank Jago kadang terdaftar dengan dua nama: 'Bank Jago' atau 'Bank Artos' (nama lama). Perbedaan nama ini membingungkan pengirim dan menyulitkan proses transfer.""",5,0,8.75.0,2025-10-26 14:14:05+00:00,,,8.75.0,Dataset/dataset\JAGO_googleplay_OCTOBER_reviews.csv,transfer
6157fbfa-2ccf-4659-9a87-3bf15835b826,Pengguna Google,https://play-lh.googleusercontent.com/EGemoI2NTXmTsBVtJqk8jxF9rh8ApRWfsIMQSt2uE4OcpQqbFu7f7NbTK05lx80nuSijCz7sc3a277R67g,"APLIKASI NYUSAHIN ORANG! PROMO 15 RB, PAS DI TOPUP BERUBAH JADI 20 RB TRANSFER UANG DI WARUNG PAKE PROSES, LAMA BANGET, PENGIRIMAN AGAK LAMBAT, PENGIRIMAN AGAK LAMBAT. APAAN COBA, YANG NUNGGU TRANSFER JUGA RIBET NUNGGUIN NYA KOCAK. APLIKASI NYUSAHIN ORANG! MINIMAL NGASIH TAU DULU LEWAT NOTIF APA KEK, TIBA TIBA BANGET ADA GANGGUAN SAAT TRANSAKSI.",1,0,,2025-11-01 20:11:09+00:00,"Hai Kak @Aaa, mohon maaf atas ketidaknyamanan yang dialami. Dapat kami sampaikan bahwa saat ini terdapat pemeliharaan sistem sehingga transaksi Kakak terhambat sementara. Silakan Kakak untuk melakukan pengecekan secara berkala. Terima kasih. ^Maura",2025-11-01 20:46:59,,Dataset/dataset\GOPAY_googleplay_NOVEMBER_reviews.csv,topup
458bb5e8-4f1c-49c2-b566-c13fc89eef80,Pengguna Google,https://play-lh.googleusercontent.com/EGemoI2NTXmTsBVtJqk8jxF9rh8ApRWfsIMQSt2uE4OcpQqbFu7f7NbTK05lx80nuSijCz7sc3a277R67g,"ovo rudet ih, sy udah ganti no HP udah sukses.. mau tf k bank eh harus verifikasi dulu sama superbank, pas mau verifikasi no nya malah masih yg lama, kode otp nya juga d kirim k no lama yg udah ilang.. alhasil jd ga bisa2 tf deh.. hadeuh.. rudet",1,0,,2025-12-26 13:35:09+00:00,,,,Dataset/dataset\OVO_googleplay_DECEMBER_reviews.csv,transfer
bac2a6aa-e884-4da0-aa5a-bde9deab479d,Pengguna Google,https://play-lh.googleusercontent.com/EGemoI2NTXmTsBVtJqk8jxF9rh8ApRWfsIMQSt2uE4OcpQqbFu7f7NbTK05lx80nuSijCz7sc3a277R67g,aplikasi gajelas peripikasi muka aja susah banget,1,0,2.6.0,2025-12-04 23:54:04+00:00,"Hai, Kak Herdi. Maaf atas ketidaknyamanannya. Kami akan selalu berusaha memberikan yang terbaik demi kebutuhan perbankan Kakak. Terkait hal tersebut pastikan beberapa hal berikut, pastikan Kakak tidak memakai sunglasses, di tempat yang terang, tidak backlight, posisi wajah di dalam lingkaran dan pastikan aplikasi blu versi terupdate ya.",2025-12-05 00:57:32,2.6.0,Dataset/dataset\BLU_googleplay_DECEMBER_reviews.csv,vermuk
76079d02-fd48-4a3c-bb2a-02a2e85f7c43,Pengguna Google,https://play-lh.googleusercontent.com/EGemoI2NTXmTsBVtJqk8jxF9rh8ApRWfsIMQSt2uE4OcpQqbFu7f7NbTK05lx80nuSijCz7sc3a277R67g,"aplikasi penipu, masa tf dari dana ke potong admin lagi 1k,",1,1,1.54.0,2025-10-04 11:14:51+00:00,"Hai Kak Rendy, mohon maaf atas ketidaknyamanannya. Kami informasikan setiap transaksi/penarikan saldo GoPay memiliki biaya admin, hal tersebut sudah menjadi kebijakan dari GoPay ya. Jika kamu memiliki pertanyaan atau kendala lainnya, silakan kunjungi menu Bantuan di aplikasi GoPay kamu atau email ke customerservice@gopay.co.id. ^Maura",2025-10-04 11:36:24,1.54.0,Dataset/dataset\GOPAY_googleplay_OCTOBER_reviews.csv,transfer
a85486c9-d175-4b40-925e-4fe370342f12,Pengguna Google,https://play-lh.googleusercontent.com/EGemoI2NTXmTsBVtJqk8jxF9rh8ApRWfsIMQSt2uE4OcpQqbFu7f7NbTK05lx80nuSijCz7sc3a277R67g,"mempermudah transaksi, fleksibel, bisa bebas transfer kemana ajaa",5,1,1.41.06,2025-10-22 03:10:15+00:00,"Hi Kak. Terima kasih telah menggunakan ShopeePay. Mari cek aplikasi ShopeePay karena banyak fitur yang mempermudah keseharian kakak seperti pembelian pulsa, paket data, pembayaran tagihan listrik dan pembayaran lainnya. Jika kakak memiliki pertanyaan seputar ShopeePay, mohon DM kami di Instagram @ShopeePay_ID ya. Semoga harimu menyenangkan ^RJ",2025-10-22 09:47:56,1.41.06,Dataset/dataset\SHOPEEPAY_googleplay_OCTOBER_reviews.csv,transfer
36621bf6-f51c-465a-b917-ab4e01fc7421,Pengguna Google,https://play-lh.googleusercontent.com/EGemoI2NTXmTsBVtJqk8jxF9rh8ApRWfsIMQSt2uE4OcpQqbFu7f7NbTK05lx80nuSijCz7sc3a277R67g,"Agag kesel sebenarnya, masalah nya simple . no saya ganti . dan sudah saya penuhi persyaratan nya , dengan surat pernyataan tanda tangan basah dan ada materai tempel nya . sudah di jelaskan pula alasan nya . sudah telfon juga konfirmasi, jawaban nya selalu dan selalu Setelah kami cek berkas kelengkapan persyaratan perubahan no telepon selular nya sudah lengkap dan benar. dah itu selalu. tp sudah 5jam berlalu tidak ada progres. mencoba login kembali tp setiap send passcode otp no lama trs",1,13,8.74.0,2025-10-06 17:40:47+00:00,"Halo, Jagoan. Mohon maaf atas kendala yang terjadi ya. Kamu tidak perlu khawatir, kamu bisa menjelaskan detail kendala tersebut melalui email di tanya@jago.com atau call center 1500 746 untuk kami bantu tangani lebih lanjut. Terima kasih :)
",2025-10-06 18:01:43,8.74.0,Dataset/dataset\JAGO_googleplay_OCTOBER_reviews.csv,login
b97e4021-73c0-4811-8f41-9d91291bb26a,Pengguna Google,https://play-lh.googleusercontent.com/EGemoI2NTXmTsBVtJqk8jxF9rh8ApRWfsIMQSt2uE4OcpQqbFu7f7NbTK05lx80nuSijCz7sc3a277R67g,aku ga ada yg tf,4,0,,2025-11-28 16:08:38+00:00,,,,Dataset/dataset\GOPAY_googleplay_NOVEMBER_reviews.csv,transfer
9f9b5aff-9c01-4021-ab2f-c0c9009991ae,Pengguna Google,https://play-lh.googleusercontent.com/EGemoI2NTXmTsBVtJqk8jxF9rh8ApRWfsIMQSt2uE4OcpQqbFu7f7NbTK05lx80nuSijCz7sc3a277R67g,kenapa menu saldo dan menu transfer nya tidak muncul & hilang ya tolong pengarahan nya,5,0,3.149.0,2025-12-13 11:31:48+00:00,,,3.149.0,Dataset/dataset\OVO_googleplay_DECEMBER_reviews.csv,transfer
e5295a96-dbd7-4c3c-a19b-db09ee6f9eae,Pengguna Google,https://play-lh.googleusercontent.com/EGemoI2NTXmTsBVtJqk8jxF9rh8ApRWfsIMQSt2uE4OcpQqbFu7f7NbTK05lx80nuSijCz7sc3a277R67g,"transfer ke bank sudah 2 hari tidak masuk masuk, mana tidak bisa buat laporan",1,0,3.147.0,2025-12-18 11:52:06+00:00,,,3.147.0,Dataset/dataset\OVO_googleplay_DECEMBER_reviews.csv,transfer
f1633eaa-0a0b-4d0a-8411-865abda9c693,Pengguna Google,https://play-lh.googleusercontent.com/EGemoI2NTXmTsBVtJqk8jxF9rh8ApRWfsIMQSt2uE4OcpQqbFu7f7NbTK05lx80nuSijCz7sc3a277R67g,saya ingin login ke akun dana saya yang lama,3,0,1.60.0,2025-10-14 02:19:19+00:00,,,1.60.0,Dataset/dataset\GOPAY_googleplay_OCTOBER_reviews.csv,login
b545361c-1b6d-4f09-b2b7-416d09152734,Pengguna Google,https://play-lh.googleusercontent.com/EGemoI2NTXmTsBVtJqk8jxF9rh8ApRWfsIMQSt2uE4OcpQqbFu7f7NbTK05lx80nuSijCz7sc3a277R67g,"Topup &transfer berarapun ada adminnya, ga kaya si orange free semua.. Ga da promo pembayaran juga.",2,2,3.144.0,2025-10-03 07:47:25+00:00,"Hai Kak, maaf ya. Terkait dengan kendala yang Kakak alami, mohon menghubungi tim kami melalui chat bantuan di aplikasi, melalui email di cs@ovo.id atau call center kami di 1500-696 agar dapat kami bantu pengecekan. Terima Kasih. -Leni
",2023-08-23 10:52:09,3.144.0,Dataset/dataset\OVO_googleplay_OCTOBER_reviews.csv,topup
5312d1f5-3f62-4be0-9c9f-32c2d5481310,Pengguna Google,https://play-lh.googleusercontent.com/EGemoI2NTXmTsBVtJqk8jxF9rh8ApRWfsIMQSt2uE4OcpQqbFu7f7NbTK05lx80nuSijCz7sc3a277R67g,gopay tolol gua butuh buat kerja gangguan trus 2x topup sama aja bego susah pergi ke bantuan sama aja gak bisa ngasih saran cuman bisa ngasih pilihan aja,1,0,1.59.0,2025-10-16 08:26:35+00:00,"Hai Kak Maya, mohon maaf atas ketidaknyamanannya. Jika kamu masih mengalami kendala, silakan laporkan melalui email ke customerservice@gopay.co.id dengan melampirkan kode psr-25-289-0248-14632 pada subject email dan cantumkan nomor laporan kamu sebelumnya pada email yang kamu kirimkan. Kami tunggu detail laporan kamu ya. ^Maura",2025-10-16 09:48:20,1.59.0,Dataset/dataset\GOPAY_googleplay_OCTOBER_reviews.csv,topup
fcd38b66-60cb-4d72-8b01-79f8da7586dc,Pengguna Google,https://play-lh.googleusercontent.com/EGemoI2NTXmTsBVtJqk8jxF9rh8ApRWfsIMQSt2uE4OcpQqbFu7f7NbTK05lx80nuSijCz7sc3a277R67g,buat login aj susah bngt buat pengguna lma,1,0,3.146.0,2025-10-30 09:09:49+00:00,,,3.146.0,Dataset/dataset\OVO_googleplay_OCTOBER_reviews.csv,login
0d197c63-e024-496b-abfc-72797722a5cd,Pengguna Google,https://play-lh.googleusercontent.com/EGemoI2NTXmTsBVtJqk8jxF9rh8ApRWfsIMQSt2uE4OcpQqbFu7f7NbTK05lx80nuSijCz7sc3a277R67g,tf dri dana ga bisa masuk ke gopay,3,0,1.64.0,2025-11-18 17:28:29+00:00,"Hai Kak Matus, pastikan nomor tujuan sudah benar, sudah cek halaman Riwayat, dan coba keluar dan masuk kembali ke aplikasi. Jika saldo masih belum masuk, silakan laporkan melalui menu Bantuan > ketik 'Top up GoPay saya belum masuk' > isi formulir dan cantumkan kode psr-25-322-1100-15403 pada bagian 'Ceritakan lebih lanjut'. ^Melisa",2025-11-18 18:00:23,1.64.0,Dataset/dataset\GOPAY_googleplay_NOVEMBER_reviews.csv,transfer
a8551e83-2143-4ecd-a111-08ab29327c74,Pengguna Google,https://play-lh.googleusercontent.com/EGemoI2NTXmTsBVtJqk8jxF9rh8ApRWfsIMQSt2uE4OcpQqbFu7f7NbTK05lx80nuSijCz7sc3a277R67g,"nyesel tf duit kesini upgrade ke ovo premier gagal terus padahal sudah mengikuti sesuai anjuran tapi masih gagal duit saya tidak bisa di tarik lagi, lain kali saya tidak mau pakai ovo lagi! balikin uang saya yang sudah di tf!!!",1,0,3.66.0,2025-12-08 13:05:47+00:00,,,3.66.0,Dataset/dataset\OVO_googleplay_DECEMBER_reviews.csv,transfer
0d4d7096-78d8-4652-9d69-727d34f7c4ea,Pengguna Google,https://play-lh.googleusercontent.com/EGemoI2NTXmTsBVtJqk8jxF9rh8ApRWfsIMQSt2uE4OcpQqbFu7f7NbTK05lx80nuSijCz7sc3a277R67g,tidak bisa kasi solusi buat login ke nomor saya yg SDH tdk aktip atau hilang,5,0,1.62.0,2025-11-16 19:01:42+00:00,"Mohon maaf, Kak Sutrisno. Terkait kendala nomor HP tidak aktif, silakan mengakses halaman bantuan login di aplikasi GoPay dengan klik ikon (?) di pojok kanan atas, klik ""Saya tidak bisa mengakses nomor handphone"" > pilih artikel yang sesuai dengan kendalamu. ^Miko",2025-09-25 16:12:52,1.62.0,Dataset/dataset\GOPAY_googleplay_NOVEMBER_reviews.csv,login
bad00e83-299c-40d4-9ede-e545fc298989,Pengguna Google,https://play-lh.googleusercontent.com/EGemoI2NTXmTsBVtJqk8jxF9rh8ApRWfsIMQSt2uE4OcpQqbFu7f7NbTK05lx80nuSijCz7sc3a277R67g,apk jelek login kga bisa-bisa padahal di gopay udh terhubung,1,0,,2025-12-04 15:14:22+00:00,"Halo, Jagoan. Mohon maaf atas kendala yang terjadi ya. Kamu tidak perlu khawatir, kamu bisa menjelaskan detail kendala tersebut melalui email di tanya@jago.com atau call center 1500 746 untuk kami bantu tangani lebih lanjut. Terima kasih :)",2025-12-04 15:30:23,,Dataset/dataset\JAGO_googleplay_DECEMBER_reviews.csv,login
b42c8f91-168a-4948-8684-06e0b9fc82bb,Pengguna Google,https://play-lh.googleusercontent.com/EGemoI2NTXmTsBVtJqk8jxF9rh8ApRWfsIMQSt2uE4OcpQqbFu7f7NbTK05lx80nuSijCz7sc3a277R67g,"Ternyata gagal terus buat transfer ke rek bank. padahal kalo gop** atau da** lancar2 aja, harga pulsa, token listrik dll juga paling mahal, pantesan orang2 pada gak mau pake.",2,0,3.25.1,2025-10-22 10:55:30+00:00,,,3.25.1,Dataset/dataset\OVO_googleplay_OCTOBER_reviews.csv,transfer
f91fbee6-f15a-401f-8d30-dfddce801bfc,Pengguna Google,https://play-lh.googleusercontent.com/EGemoI2NTXmTsBVtJqk8jxF9rh8ApRWfsIMQSt2uE4OcpQqbFu7f7NbTK05lx80nuSijCz7sc3a277R67g,ovo ganti no hp aja susah banget ....nyesel pake ovo .hp hilang susah ganti no dan login sush,1,0,,2025-10-14 18:21:28+00:00,,,,Dataset/dataset\OVO_googleplay_OCTOBER_reviews.csv,login
eabcb21e-3039-47e4-80b8-c053850c8731,Pengguna Google,https://play-lh.googleusercontent.com/EGemoI2NTXmTsBVtJqk8jxF9rh8ApRWfsIMQSt2uE4OcpQqbFu7f7NbTK05lx80nuSijCz7sc3a277R67g,"ewalet ini jelek menurutku,selalu ada potongan tiap top up, harga mahal² ,begitu juga akun sesnsitif diblokir",1,0,3.40.0,2025-10-07 10:27:38+00:00,"Hai Kak, mohon maaf atas ketidaknyamanannya. Apabila masih mengalami kendala silahkan menghubungi kami melalui email cs@ovo.id atau call center di 1500696 pada jam operasional kami 24 jam ya Kak. Terima kasih. ^MG",2021-05-08 19:41:50,3.40.0,Dataset/dataset\OVO_googleplay_OCTOBER_reviews.csv,topup
e465180b-636a-4e57-b281-b565b96d223a,Pengguna Google,https://play-lh.googleusercontent.com/EGemoI2NTXmTsBVtJqk8jxF9rh8ApRWfsIMQSt2uE4OcpQqbFu7f7NbTK05lx80nuSijCz7sc3a277R67g,"sangat buruk sering keluar dari aplikasi pas login lagi akun di blokir , transaksi mencurigakan ,gk jelas sdh",1,0,,2025-10-06 23:38:55+00:00,,,,Dataset/dataset\OVO_googleplay_OCTOBER_reviews.csv,login
5b36ac14-bf4a-4387-9f1d-be4acf2b32ed,Pengguna Google,https://play-lh.googleusercontent.com/EGemoI2NTXmTsBVtJqk8jxF9rh8ApRWfsIMQSt2uE4OcpQqbFu7f7NbTK05lx80nuSijCz7sc3a277R67g,transfer ke bank gratis...,5,0,1.60.0,2025-10-22 08:05:29+00:00,,,1.60.0,Dataset/dataset\GOPAY_googleplay_OCTOBER_reviews.csv,transfer
7a98c5af-08f2-482a-a228-4f12f77271ab,Pengguna Google,https://play-lh.googleusercontent.com/EGemoI2NTXmTsBVtJqk8jxF9rh8ApRWfsIMQSt2uE4OcpQqbFu7f7NbTK05lx80nuSijCz7sc3a277R67g,"mau tf buru² malah tf nya pending dan harus nunggu 1x24, konsumen dirugikan kalau begini",5,0,,2025-11-04 09:50:35+00:00,"Hi Kak Zain. Mohon maaf atas kendala transfer ShopeePay yang sedang dalam proses. Terkait kendala tersebut mohon menghubungi kami melalui DM ke Instagram @ShopeePay_ID yang bercentang biru, dengan melampirkan bukti transfer yang terkendala untuk bantuan lebih lanjut. Semoga kendala kakak segera terselesaikan ya. ^CS",2025-11-04 11:05:54,,Dataset/dataset\SHOPEEPAY_googleplay_NOVEMBER_reviews.csv,transfer
41a37d5c-ac58-451d-b2f5-ad6c798dca9e,Pengguna Google,https://play-lh.googleusercontent.com/EGemoI2NTXmTsBVtJqk8jxF9rh8ApRWfsIMQSt2uE4OcpQqbFu7f7NbTK05lx80nuSijCz7sc3a277R67g,"qris dari semlm sampe Skrang ko proses terus, biasanyaa langsung masuk, ini mah proses terus ,tolong di bantu",5,0,3.148.0,2025-12-08 09:15:50+00:00,,,3.148.0,Dataset/dataset\OVO_googleplay_DECEMBER_reviews.csv,qris
1b15e771-d8fc-4c9f-abde-a4c63648cf61,Pengguna Google,https://play-lh.googleusercontent.com/EGemoI2NTXmTsBVtJqk8jxF9rh8ApRWfsIMQSt2uE4OcpQqbFu7f7NbTK05lx80nuSijCz7sc3a277R67g,"login tidak bisa , masukkan nama erro. apk rusak!!!",1,1,3.146.0,2025-11-07 20:00:07+00:00,,,3.146.0,Dataset/dataset\OVO_googleplay_NOVEMBER_reviews.csv,login
dc80e7f3-6a55-4696-8e91-b7ecc1577dac,Pengguna Google,https://play-lh.googleusercontent.com/EGemoI2NTXmTsBVtJqk8jxF9rh8ApRWfsIMQSt2uE4OcpQqbFu7f7NbTK05lx80nuSijCz7sc3a277R67g,"udah sampe ditahap verifikasi wajah terus pas udah masukin no kartu ATM notifnya no hp blm terdaftar di mbanking pdhal bikin akun mbanking pake no yg sama, udah diulang2 ttp aja ga bisa",5,0,2.4.0,2025-10-26 09:27:03+00:00,"Hai, Kak Yuna marthin. Maaf atas ketidaknyamanannya. Kami akan selalu berusaha memberikan yang terbaik demi memenuhi kebutuhan perbankan Kakak. Terkait kendala tersebut boleh infokan detail kendala serta kirimkan gambar kendalanya ke X @haloblu atau email haloblu@bcadigital.co.id agar kami bisa bantu lebih lanjut ya.",2025-10-26 10:12:33,2.4.0,Dataset/dataset\BLU_googleplay_OCTOBER_reviews.csv,vermuk
baadaebf-ea61-43d1-a97b-2cc6d62bad9c,Pengguna Google,https://play-lh.googleusercontent.com/EGemoI2NTXmTsBVtJqk8jxF9rh8ApRWfsIMQSt2uE4OcpQqbFu7f7NbTK05lx80nuSijCz7sc3a277R67g,pokoknya mantap 👍 bisa transfer bank dll 😍,5,0,1.18.1,2025-11-30 22:22:54+00:00,,,1.18.1,Dataset/dataset\GOPAY_googleplay_NOVEMBER_reviews.csv,transfer
3a4a9e56-9dfb-48b6-953e-954c619a700b,Pengguna Google,https://play-lh.googleusercontent.com/EGemoI2NTXmTsBVtJqk8jxF9rh8ApRWfsIMQSt2uE4OcpQqbFu7f7NbTK05lx80nuSijCz7sc3a277R67g,"top up 200k kok GK masuk"" padahal sudah done...tolong lah dibantu proses...",1,0,3.144.0,2025-10-07 02:54:35+00:00,,,3.144.0,Dataset/dataset\OVO_googleplay_OCTOBER_reviews.csv,topup
046bb8cd-c05f-4b26-bf46-61d34add701d,Pengguna Google,https://play-lh.googleusercontent.com/EGemoI2NTXmTsBVtJqk8jxF9rh8ApRWfsIMQSt2uE4OcpQqbFu7f7NbTK05lx80nuSijCz7sc3a277R67g,tf lama bgt masuk ke penerima parah 2hari ujung2 nya gagal,1,0,3.144.0,2025-10-02 17:21:39+00:00,,,3.144.0,Dataset/dataset\OVO_googleplay_OCTOBER_reviews.csv,transfer
31dccc3f-5a69-4e43-b946-7404349fc58f,Pengguna Google,https://play-lh.googleusercontent.com/EGemoI2NTXmTsBVtJqk8jxF9rh8ApRWfsIMQSt2uE4OcpQqbFu7f7NbTK05lx80nuSijCz7sc3a277R67g,transfer secepat kilat,5,0,,2025-10-31 19:18:39+00:00,,,,Dataset/dataset\GOPAY_googleplay_OCTOBER_reviews.csv,transfer
323a815d-83df-45bb-9a3a-2d535280d1f4,Pengguna Google,https://play-lh.googleusercontent.com/EGemoI2NTXmTsBVtJqk8jxF9rh8ApRWfsIMQSt2uE4OcpQqbFu7f7NbTK05lx80nuSijCz7sc3a277R67g,mantab min email pernah digunakan tapi nomer dan hp hilang jadi ga bisa login tlg solusinya,1,0,2.9.1,2025-11-04 12:02:58+00:00,,,2.9.1,Dataset/dataset\OVO_googleplay_NOVEMBER_reviews.csv,login
d5ef38a6-1b9e-49ce-8fa8-1819b53c70d4,Pengguna Google,https://play-lh.googleusercontent.com/EGemoI2NTXmTsBVtJqk8jxF9rh8ApRWfsIMQSt2uE4OcpQqbFu7f7NbTK05lx80nuSijCz7sc3a277R67g,"saya transfer ke rekening BRI tanggal 2 November 150.000, tapi ditarik kembali, saldo gopay hilang, bagaimana ini bisa terjadi, sudah lebih dari dua minggu belum ada tanggapan",5,0,1.62.0,2025-11-18 21:18:54+00:00,,,1.62.0,Dataset/dataset\GOPAY_googleplay_NOVEMBER_reviews.csv,transfer
be3a886f-92fa-4cc2-8ec2-b54d33c8e0a6,Pengguna Google,https://play-lh.googleusercontent.com/EGemoI2NTXmTsBVtJqk8jxF9rh8ApRWfsIMQSt2uE4OcpQqbFu7f7NbTK05lx80nuSijCz7sc3a277R67g,login aplikasi ini sangat sulit,1,0,3.1.0,2025-11-04 06:26:16+00:00,"Hai Sahabat @Alfriza mahendra,  mohon maaf atas ketidaknyamanannya. Perihal tsb kami sarankan Sahabat melakukan force close kemudian restart device, pastikan jaringan stabil dan tidak menggunakan WiFi. Apabila masih terkendala dapat mengirimkan email ke mandiricare@bankmandiri.co.id atau menghubungi mandiri call 14000. Tks~Vika",2025-11-04 06:28:28,3.1.0,Dataset/dataset\LIVIN_googleplay_NOVEMBER_reviews.csv,login
0c070aa4-03b3-4fff-8634-b0e3897b5f98,Pengguna Google,https://play-lh.googleusercontent.com/EGemoI2NTXmTsBVtJqk8jxF9rh8ApRWfsIMQSt2uE4OcpQqbFu7f7NbTK05lx80nuSijCz7sc3a277R67g,apa Cok katanya kalo transaksi top up game epep pertama dapet cashback 100% s/d16k gw beli disini boro dapet cashback hamdeh,2,0,,2025-11-28 06:32:38+00:00,"Hai Kak @NEVER STAR // 33, mohon maaf atas ketidaknyamanannya. Mengenai promo mengikuti syarat dan ketentuan yang berlaku. Apabila cashback belum masuk, mohon menunggu 1x24 jam terlebih dahulu. Selengkapnya dapat cek pada menu Bantuan di aplikasi GoPay > ketik ""Cashback saya belum masuk"" di kolom pencarian. ^Maura",2025-11-28 07:02:53,,Dataset/dataset\GOPAY_googleplay_NOVEMBER_reviews.csv,topup
d25ae5a1-8905-43d2-aad7-ff13ae5fcd0c,Pengguna Google,https://play-lh.googleusercontent.com/EGemoI2NTXmTsBVtJqk8jxF9rh8ApRWfsIMQSt2uE4OcpQqbFu7f7NbTK05lx80nuSijCz7sc3a277R67g,top up saya udah 2 hari tidak masuk ini gimana ya udah di pengajuan gak balik balik,1,0,1.60.0,2025-10-23 14:14:16+00:00,"Hai Kak Yuli, mohon maaf atas ketidaknyamanannya. Jika kamu masih mengalami kendala, silakan laporkan melalui email ke customerservice@gopay.co.id dengan melampirkan kode psr-25-296-0741-08694 pada subject email dan cantumkan nomor laporan kamu sebelumnya pada email yang kamu kirimkan. Kami tunggu detail laporan kamu ya. ^Maura",2025-10-23 14:41:15,1.60.0,Dataset/dataset\GOPAY_googleplay_OCTOBER_reviews.csv,topup
9d448649-c11f-4b56-b399-417c5fd8700e,Pengguna Google,https://play-lh.googleusercontent.com/EGemoI2NTXmTsBVtJqk8jxF9rh8ApRWfsIMQSt2uE4OcpQqbFu7f7NbTK05lx80nuSijCz7sc3a277R67g,top up belum masuk padahal udah 2 hari.udah laporan tapi jawaban tidak memuaskan,2,1,1.60.0,2025-10-17 12:46:41+00:00,"Hai Kak Dikdik, pastikan nomor tujuan sudah benar, sudah cek halaman Riwayat, dan coba keluar dan masuk kembali ke aplikasi. Jika saldo masih belum masuk, silakan laporkan melalui menu Bantuan > ketik 'Top up GoPay saya belum masuk' > isi formulir dan cantumkan kode psr-25-290-0808-51999 pada bagian 'Ceritakan lebih lanjut'. ^Maura",2025-10-17 15:09:00,1.60.0,Dataset/dataset\GOPAY_googleplay_OCTOBER_reviews.csv,topup
2f1a5dcc-934d-4b22-bde4-6a5f7f0589ea,Pengguna Google,https://play-lh.googleusercontent.com/EGemoI2NTXmTsBVtJqk8jxF9rh8ApRWfsIMQSt2uE4OcpQqbFu7f7NbTK05lx80nuSijCz7sc3a277R67g,"aplikasi yg sangat buruk, saya transfer dari dana ke ovo saldo nya tidak masuk sudah 2x24 jam.. padahal dari dana transaksi sudah berhasil JANGAN DOWNLOAD APLIKASI INI, MERUGIKAN, PARAH",1,1,3.144.0,2025-10-05 21:59:40+00:00,,,3.144.0,Dataset/dataset\OVO_googleplay_OCTOBER_reviews.csv,transfer
4d06424a-9b46-4079-96ee-11428d50800a,Pengguna Google,https://play-lh.googleusercontent.com/EGemoI2NTXmTsBVtJqk8jxF9rh8ApRWfsIMQSt2uE4OcpQqbFu7f7NbTK05lx80nuSijCz7sc3a277R67g,Masa top up 50k masuk saldo nya jadi 48k Mahal bgt penggunaannya juga tidak semudah eWallet lain. Login buat berivi juga susah bgt lamaaa bgt,1,0,,2025-10-30 11:09:36+00:00,,,,Dataset/dataset\OVO_googleplay_OCTOBER_reviews.csv,login
6208a9be-3bec-4e76-9980-6b570c409541,Pengguna Google,https://play-lh.googleusercontent.com/EGemoI2NTXmTsBVtJqk8jxF9rh8ApRWfsIMQSt2uE4OcpQqbFu7f7NbTK05lx80nuSijCz7sc3a277R67g,mau membuat akun login susah apk eror g selesai selesai,1,0,3.2.0,2025-11-26 07:50:38+00:00,"Hai Sahabat @Lukman Sofiq, mohon maaf atas ketidaknyamanannya. Terkait kendala yang dialami mohon untuk mengirimkan email ke mandiricare@bankmandiri.co.id atau menghubungi layanan mandiri call 14000 agar dapat dilakukan pengecekan ya. Tks~Divia",2025-11-26 07:53:45,3.2.0,Dataset/dataset\LIVIN_googleplay_NOVEMBER_reviews.csv,login
703f8bf2-a98a-4517-a0d2-c305d404f033,Pengguna Google,https://play-lh.googleusercontent.com/EGemoI2NTXmTsBVtJqk8jxF9rh8ApRWfsIMQSt2uE4OcpQqbFu7f7NbTK05lx80nuSijCz7sc3a277R67g,saldo transfer tidak masuk kerekening saya,3,1,1.60.0,2025-11-17 19:30:11+00:00,"Hai Kak @Ywaw 127, mohon maaf atas ketidaknyamanannya. Pastikan nomor tujuan transfer sudah benar dan sudah cek halaman Riwayat. Jika saldo belum juga bertambah, laporkan detailnya melalui email customerservice@gopay.co.id dan cantumkan kode psr-25-321-1447-57792 pada subject email yang kamu kirimkan ya. ^Miko",2025-11-17 21:48:14,1.60.0,Dataset/dataset\GOPAY_googleplay_NOVEMBER_reviews.csv,transfer
7f50a483-3454-4aca-8fd7-c67e8dea0431,Pengguna Google,https://play-lh.googleusercontent.com/EGemoI2NTXmTsBVtJqk8jxF9rh8ApRWfsIMQSt2uE4OcpQqbFu7f7NbTK05lx80nuSijCz7sc3a277R67g,"saya tidak bisa login udah di ulang beberapakali tetap saja sama masalah koneksi jaringan terus padahal koneksi jaringan saya cukup stabil, karna entah itu dengan wifi atau data seluler tetap saja tidak bisa login. mohon di perbaiki",1,23,1.61.2,2025-11-02 00:33:14+00:00,"Hai Kak @Liang, untuk login ke aplikasi GoPay, gunakan nomor HP yang terdaftar di akun Gojek-mu. Jika belum punya akun Gojek, kamu bisa daftar langsung di aplikasi GoPay, ya. Jika masih tidak bisa login, laporkan ke kami melalui email ke customerservice@gopay.co.id dan mencantumkan kode psr-25-306-0603-14528 pada subjek email.^Melisa",2025-11-02 13:03:26,1.61.2,Dataset/dataset\GOPAY_googleplay_NOVEMBER_reviews.csv,login
9ae9bb98-72a0-4211-a384-41c725e6cf5f,Pengguna Google,https://play-lh.googleusercontent.com/EGemoI2NTXmTsBVtJqk8jxF9rh8ApRWfsIMQSt2uE4OcpQqbFu7f7NbTK05lx80nuSijCz7sc3a277R67g,sering top up di sini soalnya murahh,5,0,1.60.0,2025-11-08 09:39:50+00:00,,,1.60.0,Dataset/dataset\GOPAY_googleplay_NOVEMBER_reviews.csv,topup
72334b88-428e-4c82-94ff-245d483425b0,Pengguna Google,https://play-lh.googleusercontent.com/EGemoI2NTXmTsBVtJqk8jxF9rh8ApRWfsIMQSt2uE4OcpQqbFu7f7NbTK05lx80nuSijCz7sc3a277R67g,"saya mengisi top up ,80k .dari kemarin belum masuk2 saldonya ,,tolong bantuan nya min .,baru kali ini kehadian sperti ini .,sangat mngecewakan",1,0,1.40.1,2025-10-16 17:34:53+00:00,"Hai Kak Irfan, pastikan nomor tujuan sudah benar, sudah cek halaman Riwayat, dan coba keluar dan masuk kembali ke aplikasi. Jika saldo masih belum masuk, silakan laporkan melalui menu Bantuan > ketik 'Top up GoPay saya belum masuk' > isi formulir dan cantumkan kode psr-25-289-1252-38754 pada bagian 'Ceritakan lebih lanjut'. ^Miko",2025-10-16 19:52:54,1.40.1,Dataset/dataset\GOPAY_googleplay_OCTOBER_reviews.csv,topup
8a2168cf-f8e7-40e1-9dd3-d1040d20a473,Pengguna Google,https://play-lh.googleusercontent.com/EGemoI2NTXmTsBVtJqk8jxF9rh8ApRWfsIMQSt2uE4OcpQqbFu7f7NbTK05lx80nuSijCz7sc3a277R67g,dari iklannya sih katanya paket data paket pulsa paket PLN nya muraaahh.. trus mo top-up mo transfer bnyak gratisannya,4,1,1.64.0,2025-11-23 13:31:46+00:00,,,1.64.0,Dataset/dataset\GOPAY_googleplay_NOVEMBER_reviews.csv,transfer
10b64554-6515-4f48-9cca-636e31c43bca,Pengguna Google,https://play-lh.googleusercontent.com/EGemoI2NTXmTsBVtJqk8jxF9rh8ApRWfsIMQSt2uE4OcpQqbFu7f7NbTK05lx80nuSijCz7sc3a277R67g,"apk susah login,",3,0,1.60.0,2025-10-25 22:44:48+00:00,"Hai Kak Saprin, untuk login ke aplikasi GoPay, gunakan nomor HP yang terdaftar di akun Gojek-mu. Jika belum punya akun Gojek, kamu bisa daftar langsung di aplikasi GoPay, ya. Jika masih tidak bisa login, laporkan ke kami melalui email ke customerservice@gopay.co.id dan mencantumkan kode psr-25-298-1609-07836 pada subjek email.^Melisa",2025-10-25 23:09:15,1.60.0,Dataset/dataset\GOPAY_googleplay_OCTOBER_reviews.csv,login
c2dded6b-50ee-4278-ad9a-f89f83b4378b,Pengguna Google,https://play-lh.googleusercontent.com/EGemoI2NTXmTsBVtJqk8jxF9rh8ApRWfsIMQSt2uE4OcpQqbFu7f7NbTK05lx80nuSijCz7sc3a277R67g,"CUSTOMER SERVICE GAK JELAS!!! SAYA BUAT LAPORAN TERKAIT SETIAP TRANSAKSI PAKAI VERIFIKASI WAJAH, AKHIRNYA CS MINTA FOTO KTP & WAJAH.. KIRAIN LANGSUNG BISA MALAH TETEP GAK BISA SETELAH DI KONFIRMASI, KAN TOLOL TAU GITU DARI AWAL AJA BILANG GAK BISA!!!",1,0,1.42.03,2025-11-12 18:42:42+00:00,"Hi Kak Fitrah, mohon maaf atas kendala verifikasi wajah saat melakukan transaksi. Verifikasi wajah merupakan bagian dari sistem keamanan akun dan akan muncul saat pindah device kemudian terdapat aktivitas seperti pembayaran/checkout dll, silakan menghubungi kami melalui DM Instagram di @ShopeePay_ID untuk bantuan lebih lanjut. ^CS",2025-11-13 18:01:52,1.42.03,Dataset/dataset\SHOPEEPAY_googleplay_NOVEMBER_reviews.csv,vermuk
ca11fccc-0c1b-4ac4-b78f-c361ac447395,Pengguna Google,https://play-lh.googleusercontent.com/EGemoI2NTXmTsBVtJqk8jxF9rh8ApRWfsIMQSt2uE4OcpQqbFu7f7NbTK05lx80nuSijCz7sc3a277R67g,verifikasi wajah aje susah banget buat login....ngedip Ampe Beler ini mata,1,0,3.2.0,2025-12-18 00:01:47+00:00,"Halo Sahabat @Muhammad Firmansyah, mohon maaf atas ketidaknyamanannya. Untuk perihal kendala yang dialami, mohon untuk dapat mengirimkan email ke mandiricare@bankmandiri.co.id atau dapat menghubungi layanan mandiri 14000 agar dapat dilakukan pengecekan. Tks~Raka",2025-12-18 00:14:13,3.2.0,Dataset/dataset\LIVIN_googleplay_DECEMBER_reviews.csv,login
f885d90e-58af-4542-ac03-05cdff6a05a9,Pengguna Google,https://play-lh.googleusercontent.com/EGemoI2NTXmTsBVtJqk8jxF9rh8ApRWfsIMQSt2uE4OcpQqbFu7f7NbTK05lx80nuSijCz7sc3a277R67g,verifikasi muka susah bgt... dri td ga bisa masuk...,4,0,,2025-11-05 08:12:09+00:00,,,,Dataset/dataset\GOPAY_googleplay_NOVEMBER_reviews.csv,vermuk
b1116042-f445-4fa0-96a4-45ccb3eac0a7,Pengguna Google,https://play-lh.googleusercontent.com/EGemoI2NTXmTsBVtJqk8jxF9rh8ApRWfsIMQSt2uE4OcpQqbFu7f7NbTK05lx80nuSijCz7sc3a277R67g,sangat bagus bisa membantu saya dalam transaksi keuangan seperti transfer uang tidak perlu keluar rumah bisa langsung ke handphone dan keamanan terjamin transaksi aman.,5,0,1.61.2,2025-11-15 14:14:21+00:00,,,1.61.2,Dataset/dataset\GOPAY_googleplay_NOVEMBER_reviews.csv,transfer
54aa7784-f2e4-4739-8133-1cf2b034fdcf,Pengguna Google,https://play-lh.googleusercontent.com/EGemoI2NTXmTsBVtJqk8jxF9rh8ApRWfsIMQSt2uE4OcpQqbFu7f7NbTK05lx80nuSijCz7sc3a277R67g,"burikk bgt ihh mau transfer wallet gabisa mulu, sebeh ahh gw kasi bintang 1",1,0,,2025-10-27 11:30:04+00:00,"Hai Kak Sabela, sebelum transfer, pastikan status upgrade GoPay Plus sudah 'Diterima', nomor penerima valid dan tidak terblokir. Jika masih bermasalah, silakan kunjungi menu Bantuan di aplikasi GoPay atau email ke customerservice@gopay.co.id dan cantumkan kode psr-25-300-0450-58504 pada subjek email. ^Maura",2025-10-27 11:51:06,,Dataset/dataset\GOPAY_googleplay_OCTOBER_reviews.csv,transfer
1fd59899-c6b7-40fd-acbd-2153cb896c9c,Pengguna Google,https://play-lh.googleusercontent.com/EGemoI2NTXmTsBVtJqk8jxF9rh8ApRWfsIMQSt2uE4OcpQqbFu7f7NbTK05lx80nuSijCz7sc3a277R67g,tidak bisa buat top up dreverr ... gangguan terus !!!!!!!!!!! gimna mau top up drever kalo kayak gini nyusah in doang !!!!!!!!,1,1,3.146.0,2025-11-08 13:56:57+00:00,,,3.146.0,Dataset/dataset\OVO_googleplay_NOVEMBER_reviews.csv,topup
45bc3f49-14f7-4beb-aeb4-0184b1d16115,Pengguna Google,https://play-lh.googleusercontent.com/EGemoI2NTXmTsBVtJqk8jxF9rh8ApRWfsIMQSt2uE4OcpQqbFu7f7NbTK05lx80nuSijCz7sc3a277R67g,suka transaksi via gopay gratis transfer kemanapun,4,0,1.60.0,2025-10-11 06:48:25+00:00,,,1.60.0,Dataset/dataset\GOPAY_googleplay_OCTOBER_reviews.csv,transfer
83554c44-e7eb-4c58-b4eb-15cb9effd90a,Pengguna Google,https://play-lh.googleusercontent.com/EGemoI2NTXmTsBVtJqk8jxF9rh8ApRWfsIMQSt2uE4OcpQqbFu7f7NbTK05lx80nuSijCz7sc3a277R67g,"Edit : Parah Banget Aplikasinya. Kemarin disuruh Login Terus Tiap Masuk Aplikasi Disuruh Bikin Pin Baru, Ini Sekarang Setelah di Update Malah Gak Bisa Login Sama Sekali, Pin Salah, Password Salah.",1,5,8.74.0,2025-10-07 13:17:08+00:00,"Halo, Jagoan. Mohon maaf atas kendala yang terjadi ya. Kamu tidak perlu khawatir, kamu bisa menjelaskan detail kendala tersebut melalui email di tanya@jago.com atau call center 1500 746 untuk kami bantu tangani lebih lanjut. Terima kasih :)",2025-10-07 13:30:35,8.74.0,Dataset/dataset\JAGO_googleplay_OCTOBER_reviews.csv,login
7ae4d766-1ac6-4f3a-aa05-fb086f7ec822,Pengguna Google,https://play-lh.googleusercontent.com/EGemoI2NTXmTsBVtJqk8jxF9rh8ApRWfsIMQSt2uE4OcpQqbFu7f7NbTK05lx80nuSijCz7sc3a277R67g,"MAHAL BANGET, FITUR TRANSFER JUGA GA SEBAB APLIKASI SEBELAH. UNINSTALL!!!",1,0,,2025-12-28 00:41:04+00:00,,,,Dataset/dataset\OVO_googleplay_DECEMBER_reviews.csv,transfer
a30dd383-dda4-4832-8522-2fe58dbe856c,Pengguna Google,https://play-lh.googleusercontent.com/EGemoI2NTXmTsBVtJqk8jxF9rh8ApRWfsIMQSt2uE4OcpQqbFu7f7NbTK05lx80nuSijCz7sc3a277R67g,aplikasi ini sangat membantu saya untuk membeli produk digital maupun transfer serta pembayaran apa saja..,5,0,1.61.2,2025-11-14 20:01:47+00:00,,,1.61.2,Dataset/dataset\GOPAY_googleplay_NOVEMBER_reviews.csv,transfer
34e4bcf5-d7be-47e7-8f4f-6a966e908498,Pengguna Google,https://play-lh.googleusercontent.com/EGemoI2NTXmTsBVtJqk8jxF9rh8ApRWfsIMQSt2uE4OcpQqbFu7f7NbTK05lx80nuSijCz7sc3a277R67g,"aplikasi apaan ini akun saya di hack, saat mau ganti sandi verifikasi muka gagal terus, sudah luar biasa aplikasi yang terlalu susah buat untuk pengamanan para pelanggan,biasanya mau ganti sandi bisa melalui @mail atau no hp terkait ini nggak ada yang bisa,saya sebagai konsumen merasa kecewa dengan susahnya pengaturan dan keamanan akun di aplikasi ini bagaimana kalau akun di hack dan mereka melakukan pembayaran shoopepaylater apakah saya juga yang harus bayar??? dan untuk mengubah akun",1,19,1.42.03,2025-11-10 16:10:06+00:00,"Hi Kak Resni. Maaf atas kendala tidak bisa ubah PIN karena gagal verifikasi wajah. Pastikan verifikasi wajah telah sesuai dgn data KTP yg terdaftar pada ShopeePay agar sistem dpt memverifikasi kepemilikan akun. Untuk bantuan pengecekan, hubungi kami melalui DM ke Instagram @ShopeePay_ID. ^CS",2025-11-10 17:42:57,1.42.03,Dataset/dataset\SHOPEEPAY_googleplay_NOVEMBER_reviews.csv,vermuk
476b41b1-00cf-4d2f-8978-910d8360c5d2,Pengguna Google,https://play-lh.googleusercontent.com/EGemoI2NTXmTsBVtJqk8jxF9rh8ApRWfsIMQSt2uE4OcpQqbFu7f7NbTK05lx80nuSijCz7sc3a277R67g,Meskipun terjadi kendala dlm trf alhamdulillah semuanya dibalikin.termasuk cust. setia shope dan shopeepay dari dulu.,5,1,1.42.03,2025-11-17 14:15:10+00:00,"Hi Kak Ikaandri. Mohon maaf atas kendala transfer ShopeePay ke rekening yang belum diterima dan pengembalian dana. Terkait kendala tersebut mohon menghubungi kami melalui DM ke Instagram @ShopeePay_ID yang bercentang biru, dengan melampirkan bukti transfer yang terkendala untuk bantuan lebih lanjut. Semoga kendala kakak segera terselesaikan ya. ^CS",2025-11-17 14:10:41,1.42.03,Dataset/dataset\SHOPEEPAY_googleplay_NOVEMBER_reviews.csv,transfer
088f5b05-a3ac-441c-b44c-896b377a319b,Pengguna Google,https://play-lh.googleusercontent.com/EGemoI2NTXmTsBVtJqk8jxF9rh8ApRWfsIMQSt2uE4OcpQqbFu7f7NbTK05lx80nuSijCz7sc3a277R67g,"kecewa banget sama apk engga jelas ini ,engga ada tanggung jawab nya gua udah merasa dirugikan 3x masa topup berhasil notif udah muncul langsung keluar sendiri trus saldo hilang 😡 narik dari grab driver juga gak masuk"" duit nya !!! emang semiskin ini udah ya ovo ?",1,0,3.144.0,2025-10-09 07:07:19+00:00,,,3.144.0,Dataset/dataset\OVO_googleplay_OCTOBER_reviews.csv,topup
8dd3f236-de0f-420d-9d9b-156b1d7f6cdf,Pengguna Google,https://play-lh.googleusercontent.com/EGemoI2NTXmTsBVtJqk8jxF9rh8ApRWfsIMQSt2uE4OcpQqbFu7f7NbTK05lx80nuSijCz7sc3a277R67g,mudah top up,5,0,1.62.0,2025-11-16 05:24:09+00:00,,,1.62.0,Dataset/dataset\GOPAY_googleplay_NOVEMBER_reviews.csv,topup
33d76318-2b3a-4155-bab2-3229a6b45716,Pengguna Google,https://play-lh.googleusercontent.com/EGemoI2NTXmTsBVtJqk8jxF9rh8ApRWfsIMQSt2uE4OcpQqbFu7f7NbTK05lx80nuSijCz7sc3a277R67g,gua malah buat top up ff,3,0,,2025-12-27 22:49:50+00:00,"Hi Kak. Mohon maaf atas ketidaknyamanannya dalam menggunakan aplikasi ShopeePay untuk transkasi Top Up. Agar dapat kami cek lebih lanjut, mohon menghubungi kami dengan melampirkan detail kendala dan tangkapan layar kendalanya melalui DM Instagram @ShopeePay_ID ya. Kami akan membantu kendala yang Kakak alami ^AS",2025-12-29 17:31:03,,Dataset/dataset\SHOPEEPAY_googleplay_DECEMBER_reviews.csv,topup
a0071f75-8b13-43d8-bd78-e53707c7bf08,Pengguna Google,https://play-lh.googleusercontent.com/EGemoI2NTXmTsBVtJqk8jxF9rh8ApRWfsIMQSt2uE4OcpQqbFu7f7NbTK05lx80nuSijCz7sc3a277R67g,"gopay menang cepat proses transaksi pembelian token atau top up ke dana lain atau TF ke bank lain ,proses cepat mantap sukses selalu gopay, jaya selalu gopay , tingkatkan terus promo2 yg murah2 jgn sampai di hilangkan karena ini sangat membantu sekali terimakasih terimakasih.....",5,0,1.60.0,2025-10-25 22:52:18+00:00,,,1.60.0,Dataset/dataset\GOPAY_googleplay_OCTOBER_reviews.csv,topup
99fb3880-94a7-4f41-891c-5d951a7054c0,Pengguna Google,https://play-lh.googleusercontent.com/EGemoI2NTXmTsBVtJqk8jxF9rh8ApRWfsIMQSt2uE4OcpQqbFu7f7NbTK05lx80nuSijCz7sc3a277R67g,sangat mudah untuk top up,5,0,1.59.0,2025-10-11 23:11:24+00:00,,,1.59.0,Dataset/dataset\GOPAY_googleplay_OCTOBER_reviews.csv,topup
dcae4385-efb7-4eb0-bba9-a4442853bf7b,Pengguna Google,https://play-lh.googleusercontent.com/EGemoI2NTXmTsBVtJqk8jxF9rh8ApRWfsIMQSt2uE4OcpQqbFu7f7NbTK05lx80nuSijCz7sc3a277R67g,"apaan aktivitas mendadak mau TF gak bisa pas jam 1 Sampe jam 3 pagi nunggu... nyesel pake ni bank.... layanan di batasi...mending BSI .... buat apa mobile banking???? mending gausah ada mobil banking klo ga bisa di pake di jam urgen.... gimana pas org itu perlu uang jam sgitu .... masa nunggu kelaparan atau nunggu parah skit nya, karna ga bisa bayar administrasi???",1,0,,2025-11-26 01:50:53+00:00,"Halo Sahabat @Micro Shop, mohon maaf atas ketidaknyamanannya. Untuk perihal kendala yang dialami, mohon untuk dapat mengirimkan email ke mandiricare@bankmandiri.co.id atau dapat menghubungi layanan mandiri 14000 agar dapat dilakukan pengecekan. Tks~Raka",2025-11-26 02:01:54,,Dataset/dataset\LIVIN_googleplay_NOVEMBER_reviews.csv,transfer
fdcf6dcb-5222-4305-99bf-400cf650ed32,Pengguna Google,https://play-lh.googleusercontent.com/EGemoI2NTXmTsBVtJqk8jxF9rh8ApRWfsIMQSt2uE4OcpQqbFu7f7NbTK05lx80nuSijCz7sc3a277R67g,"Top Up sayaa ga masukm' adminnyaa di chat lamaaa responyaa' ga masukm"" selamaa 8 harii dan tanggung jawabbnya lambatt, bahkan sampe skrng gaa masukk jugaa, sayaa sudh dm Ig Dm Twiter bahkann chat di pusat bantuan, dannn sayaa sudh buang"" uangg beli pulsaaa buat telponnn cs nyaa langsungg, tapi tetapp ajaa saldoo sayaa ga masukk 211 ribuuu rupiahhhhh, apk apaaann kek gituuu",1,0,1.60.0,2025-11-03 03:37:52+00:00,"Hai Kak Riyan, mohon maat atas ketidaknyamanannya. Jika kamu masih mengalami kendala, silakan laporkan melalui email ke customerservice@gopay.co.id dengan melampirkan kode psr-25-307-0119-46845 pada subject email dan cantumkan nomor laporan kamu sebelumnya pada email yang kamu kirimkan. Kami tunggu detail laporan kamu ya. ^Melisa",2025-11-03 08:19:54,1.60.0,Dataset/dataset\GOPAY_googleplay_NOVEMBER_reviews.csv,topup
906e5e30-424e-4062-8567-c0d5c5cf6fb4,Pengguna Google,https://play-lh.googleusercontent.com/EGemoI2NTXmTsBVtJqk8jxF9rh8ApRWfsIMQSt2uE4OcpQqbFu7f7NbTK05lx80nuSijCz7sc3a277R67g,pelayanan buruk uang saya transfer malah nunggu berhari hari .biasanya tidak terjadi apa apa.ini ko jadi jelek begini .biaya transfer selalu ada 2500.aplikasi lain sudah banyak gratis .bayang setiap kali transfer kali kan sejumlah orang di indonesia pendapatan ovo sudah skian miliar itu tapi pelayanan tidak memuaskan,1,0,3.144.0,2025-10-02 19:44:05+00:00,,,3.144.0,Dataset/dataset\OVO_googleplay_OCTOBER_reviews.csv,transfer
2c354fba-103f-4fd9-bed5-55637e91728c,Pengguna Google,https://play-lh.googleusercontent.com/EGemoI2NTXmTsBVtJqk8jxF9rh8ApRWfsIMQSt2uE4OcpQqbFu7f7NbTK05lx80nuSijCz7sc3a277R67g,Gimana nih di jago ada saldo nya....sedangkan saya ga bisa login dengan alasan verifikasi muka gagal terus..layar blank hitam....pas saya cek kamera saya tidak ada masalah....gimana nih,1,3,8.78.0,2025-11-28 19:52:49+00:00,"Halo, Jagoan! Mohon maaf atas ketidaknyamanannya. Kami mengerti atas pengalaman kurang baik yang kamu alami. Untuk membantu kamu lebih lanjut, mohon menghubungi Tanya Jago di 1500746 / 021-30000746 atau email ke tanya@jago.com untuk kami cek lebih lanjut terkait kendala tersebut. Kami tunggu laporan dari kamu ya.",2025-11-28 22:07:31,8.78.0,Dataset/dataset\JAGO_googleplay_NOVEMBER_reviews.csv,login
28bf5f24-f748-4bb4-9c81-babb59e3d63c,Pengguna Google,https://play-lh.googleusercontent.com/EGemoI2NTXmTsBVtJqk8jxF9rh8ApRWfsIMQSt2uE4OcpQqbFu7f7NbTK05lx80nuSijCz7sc3a277R67g,"pliss ya aku mau upgrade ke premium kenapa ga bisa padahal foto udah sesuai , tapi waktu hasil diverifikasi selalu muncul data ga sesuai! aku mau transfer duit! pliss ya ovo!",1,15,3.146.0,2025-11-02 09:52:09+00:00,,,3.146.0,Dataset/dataset\OVO_googleplay_NOVEMBER_reviews.csv,transfer
b3f3abf4-876c-4a18-9272-8a504c114b8d,Pengguna Google,https://play-lh.googleusercontent.com/EGemoI2NTXmTsBVtJqk8jxF9rh8ApRWfsIMQSt2uE4OcpQqbFu7f7NbTK05lx80nuSijCz7sc3a277R67g,"udah logout account, mau login lagi susah!!! keteragan Terputus mulu. padahaludh pake wifi",2,0,,2025-12-29 18:11:10+00:00,"Hai, Kak Yuda. Maaf atas ketidaknyamanannya. Terkait kendala tersebut boleh kirimkan gambar kendalanya ke X @haloblu atau email haloblu@bcadigital.co.id agar kami bisa bantu lebih lanjut ya.",2025-12-29 18:17:42,,Dataset/dataset\BLU_googleplay_DECEMBER_reviews.csv,login
060c8d6c-4c82-49cb-a8f6-83d3ab0677e6,Pengguna Google,https://play-lh.googleusercontent.com/EGemoI2NTXmTsBVtJqk8jxF9rh8ApRWfsIMQSt2uE4OcpQqbFu7f7NbTK05lx80nuSijCz7sc3a277R67g,terlalu banyak rugi pakek itu admin untuk counter 3rb dipotong pulak saldo 2rb dari jumlah top up emang apkl sampah,1,0,3.145.0,2025-10-21 15:03:30+00:00,,,3.145.0,Dataset/dataset\OVO_googleplay_OCTOBER_reviews.csv,topup
f04e5441-6ec5-4109-b3af-48183b9be26b,Pengguna Google,https://play-lh.googleusercontent.com/EGemoI2NTXmTsBVtJqk8jxF9rh8ApRWfsIMQSt2uE4OcpQqbFu7f7NbTK05lx80nuSijCz7sc3a277R67g,min gimana ini saya melakukan transfer dari shopepay ke ewalet dana ko ga masuk dari kemarin 😌 udah laporan kendala belum ada kemajuan,4,0,1.44.05,2025-12-13 09:54:26+00:00,"Hi Kak Rizki. Mohon maaf atas kendala transfer saldo ShopeePay ke DANA yang belum diterima. Terkait kendala tersebut mohon menghubungi kami melalui DM ke Instagram @ShopeePay_ID yang bercentang biru, dengan melampirkan bukti transfer yang terkendala untuk bantuan lebih lanjut. Semoga kendala kakak segera terselesaikan ya. ^CS",2025-12-15 15:46:05,1.44.05,Dataset/dataset\SHOPEEPAY_googleplay_DECEMBER_reviews.csv,transfer
af1b2b51-3a5b-45cb-a010-431cd003ceb5,Pengguna Google,https://play-lh.googleusercontent.com/EGemoI2NTXmTsBVtJqk8jxF9rh8ApRWfsIMQSt2uE4OcpQqbFu7f7NbTK05lx80nuSijCz7sc3a277R67g,parah sih abis top up DM ml 2 kali tapi DM nya GK masuk ke akun ml. parah sih ini,1,1,1.60.0,2025-10-10 15:15:42+00:00,"Hai Kak Dwi, kami mohon maaf atas kondisi yang Kakak alami. Terkait hal ini, dapat kami sampaikan bahwa ada pemeliharaan sistem yang mempengaruhi transaksi Kakak & saat ini sudah kembali normal. Berkenan untuk melakukan pengecekan kembali di akun tujuan secara berkala ya Kak. Mohon maaf atas ketidaknyamanannya. Salam hangat. ^Miko",2025-10-10 20:21:36,1.60.0,Dataset/dataset\GOPAY_googleplay_OCTOBER_reviews.csv,topup
e8186a14-3306-4e77-892f-e6ae8735079c,Pengguna Google,https://play-lh.googleusercontent.com/EGemoI2NTXmTsBVtJqk8jxF9rh8ApRWfsIMQSt2uE4OcpQqbFu7f7NbTK05lx80nuSijCz7sc3a277R67g,kebanyakan potongan kalo top up,1,0,3.147.0,2025-11-12 21:25:58+00:00,,,3.147.0,Dataset/dataset\OVO_googleplay_NOVEMBER_reviews.csv,topup
d1479b39-bae1-4bb2-8ea3-4b2785dc7ac6,Pengguna Google,https://play-lh.googleusercontent.com/EGemoI2NTXmTsBVtJqk8jxF9rh8ApRWfsIMQSt2uE4OcpQqbFu7f7NbTK05lx80nuSijCz7sc3a277R67g,kenapa setelah di perbarui buat TF lemot kadang ga bisa buat TF lgi jawabannya min,4,0,1.43.10,2025-11-27 14:25:12+00:00,"Hi Kak Irfanarifin 88. Mohon maaf atas kendala tidak bisa transfer. Terkait kendala tersebut mohon menghubungi kami melalui DM ke Instagram @ShopeePay_ID yang bercentang biru, dengan menginformasikan detail dan bukti kendala untuk bantuan lebih lanjut. Semoga kendala kakak segera terselesaikan ya. ^CS",2025-11-27 15:20:31,1.43.10,Dataset/dataset\SHOPEEPAY_googleplay_NOVEMBER_reviews.csv,transfer
f7b43fde-f5f0-4000-8af9-724a034391f2,Pengguna Google,https://play-lh.googleusercontent.com/EGemoI2NTXmTsBVtJqk8jxF9rh8ApRWfsIMQSt2uE4OcpQqbFu7f7NbTK05lx80nuSijCz7sc3a277R67g,"mau top up susah,suka di bilang nomor nya salah padahal itu nomor udh benar,tolong perhatian pihak livin atas kejadian ini supaya transaksi lebih mudah",3,0,3.1.0,2025-11-14 00:30:14+00:00,"Halo Sahabat @Nayamelati Hutapea, mohon maaf atas ketidaknyamanannya. Apabila terdapat kendala agar dapat kami tindaklanjuti, Sahabat dapat mengirimkan email ke mandiricare@bankmandiri.co.id atau menghubungi layanan mandiri call 14000 ya. Tks~Gala",2025-11-14 01:11:41,3.1.0,Dataset/dataset\LIVIN_googleplay_NOVEMBER_reviews.csv,topup
edfe1e6c-933d-405c-924f-1ef9ed435fc3,Pengguna Google,https://play-lh.googleusercontent.com/EGemoI2NTXmTsBVtJqk8jxF9rh8ApRWfsIMQSt2uE4OcpQqbFu7f7NbTK05lx80nuSijCz7sc3a277R67g,bagus banget kalo top up game bisa cepet banget. gg,5,0,1.59.0,2025-10-03 13:05:22+00:00,,,1.59.0,Dataset/dataset\GOPAY_googleplay_OCTOBER_reviews.csv,topup
bf5d64b0-89df-4c1d-8bd7-35b5116fca20,Pengguna Google,https://play-lh.googleusercontent.com/EGemoI2NTXmTsBVtJqk8jxF9rh8ApRWfsIMQSt2uE4OcpQqbFu7f7NbTK05lx80nuSijCz7sc3a277R67g,"dulu transfer ke sesama ovo ga ribet gini deh, ini harus daftar KTP pulak udh kaya bikin ATM aja",1,0,3.147.0,2025-11-21 19:56:31+00:00,,,3.147.0,Dataset/dataset\OVO_googleplay_NOVEMBER_reviews.csv,transfer
f73098bf-34a9-4b59-b693-f36699f42107,Pengguna Google,https://play-lh.googleusercontent.com/EGemoI2NTXmTsBVtJqk8jxF9rh8ApRWfsIMQSt2uE4OcpQqbFu7f7NbTK05lx80nuSijCz7sc3a277R67g,verifikasi wajah terlalu sulit meskipun udah di model selfie ngga terverifikasi mohon di permudah,3,0,3.1.0,2025-11-02 18:15:46+00:00,"Halo Sahabat @Ahmad Sobri966, mohon maaf atas ketidaknyamanannya. Mohon pastikan agar pencahayaan baik dan wajah tidak terlalu dekat dengan kamera. Apabila masih terkendala Sahabat dapat mengirimkan email ke mandiricare@bankmandiri.co.id atau menghubungi mandiri call 14000 agar dapat dilakukan pengecekan.Tks ~ Said",2025-11-02 18:18:56,3.1.0,Dataset/dataset\LIVIN_googleplay_NOVEMBER_reviews.csv,vermuk
d626afe0-f690-4f7a-bad9-165f979c62d7,Pengguna Google,https://play-lh.googleusercontent.com/EGemoI2NTXmTsBVtJqk8jxF9rh8ApRWfsIMQSt2uE4OcpQqbFu7f7NbTK05lx80nuSijCz7sc3a277R67g,saya senang bayar gak ribet pake Gopay Qris,5,0,1.60.0,2025-10-29 21:09:25+00:00,,,1.60.0,Dataset/dataset\GOPAY_googleplay_OCTOBER_reviews.csv,qris
5d2d50e1-9af4-4d89-b6b3-5bbabb266271,Pengguna Google,https://play-lh.googleusercontent.com/EGemoI2NTXmTsBVtJqk8jxF9rh8ApRWfsIMQSt2uE4OcpQqbFu7f7NbTK05lx80nuSijCz7sc3a277R67g,Transfer Bank di Ovo notif Berhasil Bukan Pending tetapi Di Bank Di Cek Belum Masuk. Komplain Susah,1,0,3.147.0,2025-11-14 15:03:14+00:00,,,3.147.0,Dataset/dataset\OVO_googleplay_NOVEMBER_reviews.csv,transfer
a649bd22-3d6d-4f60-883e-2e4920110086,Pengguna Google,https://play-lh.googleusercontent.com/EGemoI2NTXmTsBVtJqk8jxF9rh8ApRWfsIMQSt2uE4OcpQqbFu7f7NbTK05lx80nuSijCz7sc3a277R67g,"kenapa setiap buka ni apk slalu tidak ada koneksi padahal wi fi sama paket data nyala tolong di perbaiki, makin jelek ni apk tiap mau transfer slalu gagal ntah itu koneksi lah ntah itu gagal lama lama bakal banyak yang pindah ke apk sebelah",1,3,8.78.0,2025-12-19 07:13:24+00:00,"Halo, Jagoan. Mohon maaf atas kendala yang terjadi ya. Kamu tidak perlu khawatir, kamu bisa menjelaskan detail kendala tersebut melalui email di tanya@jago.com atau call center 1500 746 untuk kami bantu tangani lebih lanjut. Terima kasih :)",2025-12-19 07:31:45,8.78.0,Dataset/dataset\JAGO_googleplay_DECEMBER_reviews.csv,transfer
6d36f625-3867-4195-af03-021430bce472,Pengguna Google,https://play-lh.googleusercontent.com/EGemoI2NTXmTsBVtJqk8jxF9rh8ApRWfsIMQSt2uE4OcpQqbFu7f7NbTK05lx80nuSijCz7sc3a277R67g,mantap bisa top up sepuas nya bagus bisa semua yok download sekarang juga,5,0,1.59.0,2025-10-09 16:49:20+00:00,,,1.59.0,Dataset/dataset\GOPAY_googleplay_OCTOBER_reviews.csv,topup
ebd1a411-4e69-4069-8894-acdbe8eab0c0,Pengguna Google,https://play-lh.googleusercontent.com/EGemoI2NTXmTsBVtJqk8jxF9rh8ApRWfsIMQSt2uE4OcpQqbFu7f7NbTK05lx80nuSijCz7sc3a277R67g,"ga bisa login lupa sandi kartu pisik ga di kirim trus gimana caranya ?""""""""""",2,0,3.2.0,2025-12-30 06:21:33+00:00,"Halo Sahabat @radit putra, mohon maaf atas ketidaknyamanannya. Terkait kendala Sahabat mohon untuk dapat mengirimkan email ke mandiricare@bankmandiri.co.id atau menghubungi Mandiri Call 14000 lalu tekan 2 agar dapat dilakukan pengecekan. Tks~Danti",2025-12-30 06:24:50,3.2.0,Dataset/dataset\LIVIN_googleplay_DECEMBER_reviews.csv,login
be7fa0e1-58f9-4512-a6b7-763112570488,Pengguna Google,https://play-lh.googleusercontent.com/EGemoI2NTXmTsBVtJqk8jxF9rh8ApRWfsIMQSt2uE4OcpQqbFu7f7NbTK05lx80nuSijCz7sc3a277R67g,"login susah, buat tf dll jg gak bisa. troublenya kelamaan ...",1,0,,2025-12-08 06:55:33+00:00,"Halo Sahabat @Vivi Rachmawati, mohon maaf atas ketidaknyamannya. Untuk perihal kendala pada layanan Livin' by Mandiri, mohon untuk dapat mengirimkan email ke mandiricare@bankmandiri.co.id atau dapat menghubungi layanan mandiri 14000 dengan tekan 2 agar dapat dilakukan pengecekan. Tks~Irish",2025-12-08 06:58:51,,Dataset/dataset\LIVIN_googleplay_DECEMBER_reviews.csv,login
3f21730c-3372-481c-8114-6b1e8afb0944,Pengguna Google,https://play-lh.googleusercontent.com/EGemoI2NTXmTsBVtJqk8jxF9rh8ApRWfsIMQSt2uE4OcpQqbFu7f7NbTK05lx80nuSijCz7sc3a277R67g,"Kasih QrisTap dan qris tanpa login dong, dan ukuran memori app nya kecilin ini mau 200mb beratt bgt nguras baterai",4,1,2.7.0,2025-12-14 23:08:19+00:00,"Hai, Kak Awan. Maaf atas ketidaknyamanannya. Terima kasih atas saran dan masukan yang diberikan, kami akan selalu memperbaiki sistem demi kepuasan para pengguna aplikasi blu. Kami tampung dulu ya Kak, jika ada hal lain yang ingin ditanyakan, bisa menghubungi X @haloblu atau email haloblu@bcadigital.co.id atau telepon 1500668 (layanan 24 jam).",2025-12-14 23:48:25,2.7.0,Dataset/dataset\BLU_googleplay_DECEMBER_reviews.csv,login
ba480fbe-f64a-4e30-8ea8-1d615f17465a,Pengguna Google,https://play-lh.googleusercontent.com/EGemoI2NTXmTsBVtJqk8jxF9rh8ApRWfsIMQSt2uE4OcpQqbFu7f7NbTK05lx80nuSijCz7sc3a277R67g,ini kenapa verif wajahnya GK bisa mulu,2,0,3.2.0,2025-12-19 12:10:38+00:00,"Halo Sahabat @doni butaba, mohon maaf atas ketidaknyamanannya. Terkait kendala Sahabat mohon untuk dapat mengirimkan email ke mandiricare@bankmandiri.co.id atau menghubungi Mandiri Call 14000 lalu tekan 2 agar dapat dilakukan pengecekan. Tks~Cira",2025-12-19 12:15:15,3.2.0,Dataset/dataset\LIVIN_googleplay_DECEMBER_reviews.csv,vermuk
d1e74c49-eda8-471a-91b2-05696722d1ef,Pengguna Google,https://play-lh.googleusercontent.com/EGemoI2NTXmTsBVtJqk8jxF9rh8ApRWfsIMQSt2uE4OcpQqbFu7f7NbTK05lx80nuSijCz7sc3a277R67g,"layanan pelanggannya parah, muter2 ga jelas, top up gagal tapi saldo kepotong, dijanjikan maksimal 2x24 jam, sudah 5x24 jam tidak ada tindak lanjut sama sekali. bahkan nomer CS 1 500 729 tidak bisa dihubungi. buat teman2 yg gagal topup, siapin mental aja unk ikhlasin.....",1,0,,2025-10-01 11:00:21+00:00,"Hai Kak Imamoera, mohon maaf atas ketidaknyamanannya. Jika kamu masih mengalami kendala, silakan laporkan melalui email ke customerservice@gopay.co.id dengan melampirkan kode psr-25-273-0834-15396 pada subject email dan cantumkan nomor laporan kamu sebelumnya pada email yang kamu kirimkan. Kami tunggu detail laporan kamu ya. ^Maura",2025-09-30 15:34:21,,Dataset/dataset\GOPAY_googleplay_OCTOBER_reviews.csv,topup
4588a63b-a67a-4349-97a5-126a33265e44,Pengguna Google,https://play-lh.googleusercontent.com/EGemoI2NTXmTsBVtJqk8jxF9rh8ApRWfsIMQSt2uE4OcpQqbFu7f7NbTK05lx80nuSijCz7sc3a277R67g,"terlihat gratis transaksi pas di transfer kok kena biaya admin !! mohon di perjelas biar GK asal""an",2,0,1.40.06,2025-10-06 12:02:03+00:00,"Hi Kak miko. Mohon maaf terkait biaya admin transfer ShopeePay. Untuk transfer melalui aplikasi ShopeePay tidak dikenakan biaya apapun dan informasinya dapat dicek pada link ini https://shopee.co.id/m/transfer-ke-bank-ShopeePayApp. Untuk pengecekan, mohon menghubungi kami melalui DM ke Instagram @ShopeePay_ID. ^EN",2025-10-06 16:21:10,1.40.06,Dataset/dataset\SHOPEEPAY_googleplay_OCTOBER_reviews.csv,transfer
8dca24ef-2afd-4bd9-b458-0b76617d3c7c,Pengguna Google,https://play-lh.googleusercontent.com/EGemoI2NTXmTsBVtJqk8jxF9rh8ApRWfsIMQSt2uE4OcpQqbFu7f7NbTK05lx80nuSijCz7sc3a277R67g,kenapa verifikasi muka salah terus tidak terdeteksi padahal muka tidak buram tolong di perbaiki lagi,2,0,1.62.0,2025-11-08 18:20:00+00:00,"Mohon maaf atas kendalanya, Kak Pepen. Sebelum login, pastikan fitur Face ID/Sidik Jari sudah aktif dan pola atau kata sandi yang dimasukkan sudah benar. Untuk info lebih lanjut, kunjungi halaman bantuan login > klik ikon ""?"" > pilih ""Tidak bisa masuk ke akun GoPay"" > pilih artikel ""Saya tidak bisa masuk dengan Face ID/Sidik Jari"". ^Miko",2025-11-08 20:02:50,1.62.0,Dataset/dataset\GOPAY_googleplay_NOVEMBER_reviews.csv,vermuk
2a1de330-e186-41f3-a374-e01dc96f9a1c,Pengguna Google,https://play-lh.googleusercontent.com/EGemoI2NTXmTsBVtJqk8jxF9rh8ApRWfsIMQSt2uE4OcpQqbFu7f7NbTK05lx80nuSijCz7sc3a277R67g,proses trf ke bank lama Dan nyangkut duit saya 420 rb,1,0,,2025-11-24 11:19:21+00:00,"Hi Kak Achmad. Mohon maaf atas kendala transfer saldo ShopeePay ke bank yang belum diterima. Terkait kendala tersebut mohon menghubungi kami melalui DM ke Instagram @ShopeePay_ID yang bercentang biru, dengan melampirkan bukti transfer yang terkendala untuk bantuan lebih lanjut. Semoga kendala kakak segera terselesaikan ya. ^CS",2025-11-24 13:24:50,,Dataset/dataset\SHOPEEPAY_googleplay_NOVEMBER_reviews.csv,transfer
543a3dbc-8864-4820-821c-243c1d1b4023,Pengguna Google,https://play-lh.googleusercontent.com/EGemoI2NTXmTsBVtJqk8jxF9rh8ApRWfsIMQSt2uE4OcpQqbFu7f7NbTK05lx80nuSijCz7sc3a277R67g,aplikasi bodoh. verif wajah gagal terus,1,1,,2025-10-10 11:27:46+00:00,"Hai Kak Avrillia, untuk login ke aplikasi GoPay, gunakan nomor HP yang terdaftar di akun Gojek-mu. Jika belum punya akun Gojek, kamu bisa daftar langsung di aplikasi GoPay, ya. Jika masih tidak bisa login, laporkan ke kami melalui email ke customerservice@gopay.co.id dan mencantumkan kode psr-25-283-0451-52704 pada subjek email.^Melisa",2025-10-10 11:52:04,,Dataset/dataset\GOPAY_googleplay_OCTOBER_reviews.csv,vermuk
b3eaf286-513b-4d59-afee-bf76017237f4,Pengguna Google,https://play-lh.googleusercontent.com/EGemoI2NTXmTsBVtJqk8jxF9rh8ApRWfsIMQSt2uE4OcpQqbFu7f7NbTK05lx80nuSijCz7sc3a277R67g,"kecewa bgt udh ngk bisa top up game pake koin lagi, gangguan mulu",3,0,1.62.0,2025-11-09 17:45:22+00:00,"Hai Kak @Xyi Daz, mohon maaf atas ketidaknyamanannya. Pastikan saldo GoPay Coin yang kamu miliki cukup untuk melakukan pembayaran ya. Jika masih bermasalah, silakan kunjungi menu Bantuan di aplikasi GoPay atau email ke customerservice@gopay.co.id dan cantumkan kode psr-25-313-1114-32022 pada subjek email. ^Miko",2025-11-09 18:14:47,1.62.0,Dataset/dataset\GOPAY_googleplay_NOVEMBER_reviews.csv,topup
b362663c-3c3e-471c-9727-985b65669713,Pengguna Google,https://play-lh.googleusercontent.com/EGemoI2NTXmTsBVtJqk8jxF9rh8ApRWfsIMQSt2uE4OcpQqbFu7f7NbTK05lx80nuSijCz7sc3a277R67g,mau login aja lama,1,0,3.147.0,2025-11-20 19:57:50+00:00,,,3.147.0,Dataset/dataset\OVO_googleplay_NOVEMBER_reviews.csv,login
07481c03-5a53-4a02-9c9a-71c3db9c1e77,Pengguna Google,https://play-lh.googleusercontent.com/EGemoI2NTXmTsBVtJqk8jxF9rh8ApRWfsIMQSt2uE4OcpQqbFu7f7NbTK05lx80nuSijCz7sc3a277R67g,emosi saya ketika hp ilang otomatis beli hp yang baru m banking tidak bisa login ke hp baru ketika saya ke kantor mandiri untuk meminta bantuan katanya di bantu tapi udah satu bulan lebih tetep tidak bisa login ke hp baru kecewa banget,1,4,3.2.0,2025-11-16 04:21:55+00:00,"Halo Sahabat @ 17_M ERNIS DWI RAMADHANI , mohon maaf atas ketidaknyamanannya. Untuk perihal kendala pada layanan Livin' by Mandiri, mohon untuk dapat mengirimkan email ke mandiricare@bankmandiri.co.id atau dapat menghubungi layanan mandiri 14000 agar dapat dilakukan pengecekan. Tks~Raka",2025-11-16 04:39:18,3.2.0,Dataset/dataset\LIVIN_googleplay_NOVEMBER_reviews.csv,login
17f977b1-7062-4f0b-989c-b24dfac60d95,Pengguna Google,https://play-lh.googleusercontent.com/EGemoI2NTXmTsBVtJqk8jxF9rh8ApRWfsIMQSt2uE4OcpQqbFu7f7NbTK05lx80nuSijCz7sc3a277R67g,makin lama makin parah aja ni aplikasi nya. kalo mau ambil reward selalu stuck. mau bayar pake Qris dari galery selalu ga bisa. mau transfer ke bank selalu ngelag. ancur udah ni aplikasi.,1,3,1.61.2,2025-11-01 15:28:21+00:00,"Hai, Kak @KING BARSET, mohon maaf atas kendalanya. Agar bisa bertransaksi dengan GoPay, pastikan saldo GoPay kamu cukup dan sudah memasukkan PIN GoPay yang benar. Jika masih berkendala, laporkan dengan login ke aplikasi Gojek > ke Halaman Bantuan > cari artikel ""Saya tidak dapat menggunakan GoPay"" di kolom bantuan > isi form di artikel. ^Maura",2025-11-01 16:14:20,1.61.2,Dataset/dataset\GOPAY_googleplay_NOVEMBER_reviews.csv,qris
e7f20e0f-1964-4b14-90cb-c6420f307727,Pengguna Google,https://play-lh.googleusercontent.com/EGemoI2NTXmTsBVtJqk8jxF9rh8ApRWfsIMQSt2uE4OcpQqbFu7f7NbTK05lx80nuSijCz7sc3a277R67g,"jelek banget apk ny, percuma disediakan tf ke bank lain, tapi setiap tf gagal melulu. mending hapus aja fitur tf ke bank lain.",2,0,3.149.0,2025-12-12 19:01:08+00:00,,,3.149.0,Dataset/dataset\OVO_googleplay_DECEMBER_reviews.csv,transfer
adc49b65-5a34-428c-968e-88337453248c,Pengguna Google,https://play-lh.googleusercontent.com/EGemoI2NTXmTsBVtJqk8jxF9rh8ApRWfsIMQSt2uE4OcpQqbFu7f7NbTK05lx80nuSijCz7sc3a277R67g,bisa TF kemana aja jadi enak dan ga perlu premium,5,0,1.62.0,2025-11-15 09:54:13+00:00,,,1.62.0,Dataset/dataset\GOPAY_googleplay_NOVEMBER_reviews.csv,transfer
24434eeb-7cdf-4df2-a309-8984d09cbfd3,Pengguna Google,https://play-lh.googleusercontent.com/EGemoI2NTXmTsBVtJqk8jxF9rh8ApRWfsIMQSt2uE4OcpQqbFu7f7NbTK05lx80nuSijCz7sc3a277R67g,"banyak errornya ga di fix , ga bs TF , fix sih ga bakal lama make ovo",1,2,3.147.0,2025-11-07 18:55:38+00:00,,,3.147.0,Dataset/dataset\OVO_googleplay_NOVEMBER_reviews.csv,transfer
bf8aed2e-5c34-4727-8b48-0b7d5c246dd1,Pengguna Google,https://play-lh.googleusercontent.com/EGemoI2NTXmTsBVtJqk8jxF9rh8ApRWfsIMQSt2uE4OcpQqbFu7f7NbTK05lx80nuSijCz7sc3a277R67g,"ini tolong dari pihak shopee laporan saya tolong banget udah brpa hari tetep gada kemajuan, gabisa TF kemana aja",1,0,1.44.05,2025-12-16 10:39:57+00:00,"Hi Kak marmaryan. Mohon maaf atas kendala tidak bisa transfer. Terkait kendala tersebut mohon menghubungi kami melalui DM ke Instagram @ShopeePay_ID yang bercentang biru, dengan menginformasikan detail dan bukti kendala untuk bantuan lebih lanjut. Semoga kendala kakak segera terselesaikan ya. ^CS",2025-12-16 11:31:25,1.44.05,Dataset/dataset\SHOPEEPAY_googleplay_DECEMBER_reviews.csv,transfer
7e9335d6-6965-4819-bdef-d8a540615ef7,Pengguna Google,https://play-lh.googleusercontent.com/EGemoI2NTXmTsBVtJqk8jxF9rh8ApRWfsIMQSt2uE4OcpQqbFu7f7NbTK05lx80nuSijCz7sc3a277R67g,"ovo lama"" nyebelin njir padahal udah di update beberapa kali tolong dong ovo masa gw tf duit prosesnya harus nunggu 2 hari kerja yang bener aja orang butuhnya jga segera. gimana si gak rekomen banget ni apk",1,0,3.147.0,2025-11-23 11:22:17+00:00,,,3.147.0,Dataset/dataset\OVO_googleplay_NOVEMBER_reviews.csv,transfer
86257630-3d5e-4119-97b5-294e731aeefa,Pengguna Google,https://play-lh.googleusercontent.com/EGemoI2NTXmTsBVtJqk8jxF9rh8ApRWfsIMQSt2uE4OcpQqbFu7f7NbTK05lx80nuSijCz7sc3a277R67g,"min ini gimana ya setiap mau login ada tulisan ""sesi kamu habis, masuk lagi yuk"", udah diupdate beberapa kali, udah dihapus terus download lagi, tetep aja kaya gituu",2,2,2.5.0,2025-11-12 19:27:43+00:00,"Hai, Kakak. Maaf atas ketidaknyamanannya. Kami akan selalu berusaha memberikan yang terbaik demi memenuhi kebutuhan perbankan Kakak. Terkait kendala tersebut boleh infokan detail kendala serta kirimkan gambar kendalanya ke X @haloblu atau email haloblu@bcadigital.co.id agar kami bisa bantu lebih lanjut ya.",2025-11-12 20:25:21,2.5.0,Dataset/dataset\BLU_googleplay_NOVEMBER_reviews.csv,login
f1a688de-91e8-409f-b900-f581f827b8ff,Pengguna Google,https://play-lh.googleusercontent.com/EGemoI2NTXmTsBVtJqk8jxF9rh8ApRWfsIMQSt2uE4OcpQqbFu7f7NbTK05lx80nuSijCz7sc3a277R67g,g bisa login,1,0,8.73.0,2025-10-01 15:06:33+00:00,"Halo, Jagoan. Mohon maaf atas kendala yang terjadi ya. Kamu tidak perlu khawatir, kamu bisa menjelaskan detail kendala tersebut melalui email di tanya@jago.com atau call center 1500 746 untuk kami bantu tangani lebih lanjut. Terima kasih :)",2025-10-01 15:31:01,8.73.0,Dataset/dataset\JAGO_googleplay_OCTOBER_reviews.csv,login
022775f0-d046-439a-9b96-7b699af2dd9f,Pengguna Google,https://play-lh.googleusercontent.com/EGemoI2NTXmTsBVtJqk8jxF9rh8ApRWfsIMQSt2uE4OcpQqbFu7f7NbTK05lx80nuSijCz7sc3a277R67g,untuk topup MHN jgn dipotong saldo dipisah aza admin nya untuk pembayaran di Alfa dan indo MHN diubah KLO ga di ubah saya akan menjelekkan nama gopay,2,0,1.64.0,2025-11-28 14:44:46+00:00,"Hai Kak Dzian, mohon maaf ya. Kami informasikan untuk transaksi top up saldo GoPay dikenakan biaya admin & untuk nominalnya sesuai metode pembayaran yang dipilih. Info selengkapnya silakan kunjungi menu Bantuan di aplikasi GoPay atau email ke customerservice@gopay.co.id. ^Maura",2025-10-31 17:46:34,1.64.0,Dataset/dataset\GOPAY_googleplay_NOVEMBER_reviews.csv,topup
86e58f8d-f2c0-4596-9934-193633da9764,Pengguna Google,https://play-lh.googleusercontent.com/EGemoI2NTXmTsBVtJqk8jxF9rh8ApRWfsIMQSt2uE4OcpQqbFu7f7NbTK05lx80nuSijCz7sc3a277R67g,"verif susahnya minta ampun udah email berkali"" tetap tidak membantu sama sekali. mau bikin akun aja di persulit",1,0,3.148.0,2025-12-01 07:12:55+00:00,,,3.148.0,Dataset/dataset\OVO_googleplay_DECEMBER_reviews.csv,vermuk
6ac5c1ab-f08b-45f3-bea0-6e33bb6360a5,Pengguna Google,https://play-lh.googleusercontent.com/EGemoI2NTXmTsBVtJqk8jxF9rh8ApRWfsIMQSt2uE4OcpQqbFu7f7NbTK05lx80nuSijCz7sc3a277R67g,ganti nomor kok gak bisa TF ya,3,0,,2025-10-19 09:25:26+00:00,"Hi Kak Fadilatul. Mohon maaf atas kendala tidak bisa transfer setelah ubah nomor. Terkait kendala tersebut mohon menghubungi kami melalui DM ke Instagram @ShopeePay_ID yang bercentang biru, dengan menginformasikan detail dan bukti kendala untuk bantuan lebih lanjut. Semoga kendala kakak segera terselesaikan ya. ^CS",2025-10-20 14:13:12,,Dataset/dataset\SHOPEEPAY_googleplay_OCTOBER_reviews.csv,transfer
abdf5b7a-54c7-44e1-8b68-09f9ea8b4ac6,Pengguna Google,https://play-lh.googleusercontent.com/EGemoI2NTXmTsBVtJqk8jxF9rh8ApRWfsIMQSt2uE4OcpQqbFu7f7NbTK05lx80nuSijCz7sc3a277R67g,Ksulitan verifikasi wajah. Smpai cba brulang kali g bisa. Dh terang cahaya smua sma aj gagal,2,0,3.2.0,2025-12-12 06:52:38+00:00,"Halo Sahabat @Bambang Kelik, mohon maaf atas ketidaknyamanannya. Terkait kendala Sahabat mohon untuk dapat mengirimkan email ke mandiricare@bankmandiri.co.id atau dapat menghubungi Mandiri Call 14000 lalu tekan 2 agar dapat dilakukan pengecekan. Tks~Kila",2025-12-12 06:55:18,3.2.0,Dataset/dataset\LIVIN_googleplay_DECEMBER_reviews.csv,vermuk
792a08b3-9205-4b3b-93f1-14d5473ca26f,Pengguna Google,https://play-lh.googleusercontent.com/EGemoI2NTXmTsBVtJqk8jxF9rh8ApRWfsIMQSt2uE4OcpQqbFu7f7NbTK05lx80nuSijCz7sc3a277R67g,"mahal bgt biaya isi ulang nyaa, sering kurang pas mau beli grabfood gegara kegedean biaya top up nya ngeselin bgtt",1,0,3.147.0,2025-11-12 17:29:51+00:00,,,3.147.0,Dataset/dataset\OVO_googleplay_NOVEMBER_reviews.csv,topup
1a915538-1346-423d-a327-3e70ebb91561,Pengguna Google,https://play-lh.googleusercontent.com/EGemoI2NTXmTsBVtJqk8jxF9rh8ApRWfsIMQSt2uE4OcpQqbFu7f7NbTK05lx80nuSijCz7sc3a277R67g,mntp klo buat transfer,5,0,1.60.0,2025-10-09 23:08:46+00:00,,,1.60.0,Dataset/dataset\GOPAY_googleplay_OCTOBER_reviews.csv,transfer
d8cc7006-40de-4944-8649-9de69603eb61,Pengguna Google,https://play-lh.googleusercontent.com/EGemoI2NTXmTsBVtJqk8jxF9rh8ApRWfsIMQSt2uE4OcpQqbFu7f7NbTK05lx80nuSijCz7sc3a277R67g,"sangat kecewa menggunakan aplikasi Gopay, top up belum masuk juga Samapi sekarang , udah lapor di suruh nunggu 2x24 JM tapi sampai hari ini belum juga masuk , udah 5 hari belum jg masuk , cs gopay sangat lambat dalam mengatasi kendalanya dan jg slow respon , saya tunggu sampai besok kalo belum jg masuk Berrti ini aplikasi bisa di katakan aplikasi perampok ngambil uang nasabahnya!!!!",1,43,1.61.2,2025-11-05 06:51:53+00:00,"Hai Kak Galih, mohon maat atas ketidaknyamanannya. Jika kamu masih mengalami kendala, silakan laporkan melalui email ke customerservice@gopay.co.id dengan melampirkan kode psr-25-309-0816-29964 pada subject email dan cantumkan nomor laporan kamu sebelumnya pada email yang kamu kirimkan. Kami tunggu detail laporan kamu ya. ^Melisa",2025-11-05 15:18:19,1.61.2,Dataset/dataset\GOPAY_googleplay_NOVEMBER_reviews.csv,topup
402d18d4-7a5f-49ea-ae48-84140115d938,Pengguna Google,https://play-lh.googleusercontent.com/EGemoI2NTXmTsBVtJqk8jxF9rh8ApRWfsIMQSt2uE4OcpQqbFu7f7NbTK05lx80nuSijCz7sc3a277R67g,kenapa gk bisa login sampe nggu 60 menit,2,0,1.60.0,2025-11-01 21:24:58+00:00,"Hai Kak Irfan, mohon maaf atas kendala yang kamu alami. Sebelum login, pastikan kamu sudah pakai GoPay versi terbaru & tidak ada kendala pada akun kamu, ya. Jika masih tidak bisa login, laporkan ke kami melalui email ke customerservice@gopay.co.id dan mencantumkan kode psr-25-305-1510-35448 pada subjek email. ^Maura",2025-11-01 22:10:41,1.60.0,Dataset/dataset\GOPAY_googleplay_NOVEMBER_reviews.csv,login
d41f80e7-b0ac-4755-a4dd-2bbd48545f59,Pengguna Google,https://play-lh.googleusercontent.com/EGemoI2NTXmTsBVtJqk8jxF9rh8ApRWfsIMQSt2uE4OcpQqbFu7f7NbTK05lx80nuSijCz7sc3a277R67g,"aplikasi gajelas pgn login susah jasa,udah layar nya putih trs nunggu ampe 1 jam pun masih layar putih",1,0,1.44.05,2025-12-13 20:14:50+00:00,"Hi Kak YOHANES. Mohon maaf atas kendala tidak bisa login. Kami sarankan untuk melakukan clear cache dengan cara masuk ke Pengaturan>Aplikasi>ShopeePay>Penyimpanan>Hapus cache. Pastikan internet Kakak dalam keadaan stabil, ketersediaan RAM dan Memori yang cukup. Jika masih berkendala, silakan hubungi kami di DM Instagram @ShopeePay_ID ^CS",2025-12-15 13:09:30,1.44.05,Dataset/dataset\SHOPEEPAY_googleplay_DECEMBER_reviews.csv,login
56ba7a1d-a50a-4127-ae15-12947caae524,Pengguna Google,https://play-lh.googleusercontent.com/EGemoI2NTXmTsBVtJqk8jxF9rh8ApRWfsIMQSt2uE4OcpQqbFu7f7NbTK05lx80nuSijCz7sc3a277R67g,bagus sih tp kenapa kede qris ngak di baca,5,0,1.60.0,2025-10-19 23:23:44+00:00,,,1.60.0,Dataset/dataset\GOPAY_googleplay_OCTOBER_reviews.csv,qris
402a247d-6208-4545-af01-204a6cd842d0,Pengguna Google,https://play-lh.googleusercontent.com/EGemoI2NTXmTsBVtJqk8jxF9rh8ApRWfsIMQSt2uE4OcpQqbFu7f7NbTK05lx80nuSijCz7sc3a277R67g,"baru mau mulai pake apk ini, tapi baru mau login aja susah nya minta ampun, semalaman nunggu kagak bisa login paraah",1,0,3.148.0,2025-11-27 08:50:15+00:00,,,3.148.0,Dataset/dataset\OVO_googleplay_NOVEMBER_reviews.csv,login
d5c0c288-5b9f-48dd-a725-3df48fa91b96,Pengguna Google,https://play-lh.googleusercontent.com/EGemoI2NTXmTsBVtJqk8jxF9rh8ApRWfsIMQSt2uE4OcpQqbFu7f7NbTK05lx80nuSijCz7sc3a277R67g,"aplikasi busuk mau login aja susah.. please bikin beberapa opsi login, gunakan teknologi pake opsi login sms, gmail, otp masih banyak lg. login aplikasi cuma vermuk, gagal mulu gegara aplikasi busuk",1,7,2.7.0,2025-12-08 21:08:53+00:00,"Hai, Kak Zeevania. Maaf atas ketidaknyamanannya. Kami akan selalu terus memperbaiki sistem demi mencapai kepuasan para pengguna aplikasi blu. Untuk kendala sebelumnya sudah berhasil ditangani. Silakan Kakak dapat mencoba kembali ya.",2025-12-08 21:54:49,2.7.0,Dataset/dataset\BLU_googleplay_DECEMBER_reviews.csv,login
9cbaa1fa-9549-493f-861f-420afe4dcca2,Pengguna Google,https://play-lh.googleusercontent.com/EGemoI2NTXmTsBVtJqk8jxF9rh8ApRWfsIMQSt2uE4OcpQqbFu7f7NbTK05lx80nuSijCz7sc3a277R67g,"hadeh, tombol buat transfer dari atm mana si, ga keliatan, RIBET tau ga",2,0,1.59.0,2025-10-01 22:43:08+00:00,"Hai Kak Akbar, mohon maaf atas ketidaknyamanannya. Laporan yang kamu sampaikan akan menjadi masukan bagi kami untuk terus meningkatkan kualitas layanan kami ke depannya. Jika kamu memiliki pertanyaan atau kendala lainnya, silakan kunjungi menu Bantuan di aplikasi GoPay kamu atau email ke customerservice@gopay.co.id. ^Melisa",2025-10-02 00:07:21,1.59.0,Dataset/dataset\GOPAY_googleplay_OCTOBER_reviews.csv,transfer
4f589823-0e3f-45f3-8b7b-0c13e75738ab,Pengguna Google,https://play-lh.googleusercontent.com/EGemoI2NTXmTsBVtJqk8jxF9rh8ApRWfsIMQSt2uE4OcpQqbFu7f7NbTK05lx80nuSijCz7sc3a277R67g,aplikasi yang sangat bagus untuk transaksi/transfer,5,0,1.60.0,2025-10-29 18:44:53+00:00,,,1.60.0,Dataset/dataset\GOPAY_googleplay_OCTOBER_reviews.csv,transfer
8082a9bb-2f41-4f9e-96b2-a4728f5019dc,Pengguna Google,https://play-lh.googleusercontent.com/EGemoI2NTXmTsBVtJqk8jxF9rh8ApRWfsIMQSt2uE4OcpQqbFu7f7NbTK05lx80nuSijCz7sc3a277R67g,Bintang 5 untuk penangan karna sangat amat bagus dan slow respon TF SALDO DRI TANGGL 6 OKTOBER SMPAI SEKARANG BELUM MASUK LAPORAN VIA EMAIL DI PROSES 3 HARI INI UDH TANGGL 8 OKTOBER 3 HARI SALDO GK MASUK( NELPON CS NGABISN PULSA CUMA MINTA MAAF DAN MENYESALI) tolong dong saldo gw itu lagian sekelas ovo kalah sama situs judi yg ada live chat ny,5,0,3.144.0,2025-10-08 22:56:09+00:00,,,3.144.0,Dataset/dataset\OVO_googleplay_OCTOBER_reviews.csv,transfer
78e36a6e-a0ad-494d-b1ca-2c3a644f114d,Pengguna Google,https://play-lh.googleusercontent.com/EGemoI2NTXmTsBVtJqk8jxF9rh8ApRWfsIMQSt2uE4OcpQqbFu7f7NbTK05lx80nuSijCz7sc3a277R67g,"di televisi ilklan shopeelater bisa bayar qris, kenapa punyaku belum bisa dan ada notif belum memenuhi persyaratan pembayaran qris(tak kasih ranting 5 karena aku pengguna shopee paylater) terimakasih shopee",5,0,1.40.06,2025-10-11 19:33:51+00:00,"Hi Kak Suwandi, Mohon maaf atas kendala tidak dapat membayar pinjaman melalui Bank Permata. Mohon menghubungi kami melalui DM ke Instagram @ShopeePay_ID yang bercentang biru, dengan melampirkan tangkapan layar kendalanya untuk bantuan lebih lanjut. ^EN",2025-09-02 16:32:41,1.40.06,Dataset/dataset\SHOPEEPAY_googleplay_OCTOBER_reviews.csv,qris
941b89cf-94ff-4b17-b3af-f2763d1d7df2,Pengguna Google,https://play-lh.googleusercontent.com/EGemoI2NTXmTsBVtJqk8jxF9rh8ApRWfsIMQSt2uE4OcpQqbFu7f7NbTK05lx80nuSijCz7sc3a277R67g,ini gmn masa transfer ke dana dari td malem statusnya pending terus,3,0,8.78.0,2025-12-12 13:15:28+00:00,"Halo, Jagoan. Mohon maaf atas kendala yang terjadi ya. Kamu tidak perlu khawatir, kamu bisa menjelaskan detail kendala tersebut melalui email di tanya@jago.com atau call center 1500 746 untuk kami bantu tangani lebih lanjut. Terima kasih :)",2025-12-12 13:30:54,8.78.0,Dataset/dataset\JAGO_googleplay_DECEMBER_reviews.csv,transfer
8787f7fb-4f47-4e8f-8b6f-9c4aec60a034,Pengguna Google,https://play-lh.googleusercontent.com/EGemoI2NTXmTsBVtJqk8jxF9rh8ApRWfsIMQSt2uE4OcpQqbFu7f7NbTK05lx80nuSijCz7sc3a277R67g,"nggak lagi lagi dah make ni aplikasi, sebagai anak kos yang udah seret kali keuangan eh malah top up uang nggak masuk kan kocak, cs nya slow respon lagi mungkin bagi kalian uang 200rb kecil tapi bagi anak kos justru uang itulah penyambung hidup",1,5,1.62.0,2025-11-07 11:49:39+00:00,"Hai Kak Hafidz, mohon maaf atas ketidaknyamanannya. Jika kamu masih mengalami kendala, silakan laporkan melalui email ke customerservice@gopay.co.id dengan melampirkan kode psr-25-311-0822-00163 pada subject email dan cantumkan nomor laporan kamu sebelumnya pada email yang kamu kirimkan. Kami tunggu detail laporan kamu ya. ^Maura",2025-11-07 15:22:04,1.62.0,Dataset/dataset\GOPAY_googleplay_NOVEMBER_reviews.csv,topup
b279d7d6-2f5e-42d5-8936-5a7a8134f92f,Pengguna Google,https://play-lh.googleusercontent.com/EGemoI2NTXmTsBVtJqk8jxF9rh8ApRWfsIMQSt2uE4OcpQqbFu7f7NbTK05lx80nuSijCz7sc3a277R67g,"kenapa setiap login lama sekali, kadang butuh ber ulang² untuk bisa login ke aplikasi nya",2,1,3.2.0,2025-12-10 12:49:27+00:00,"Halo Sahabat @Shanum Humaira, mohon maaf atas ketidaknyamanannya. Terkait kendala Sahabat mohon untuk dapat mengirimkan email ke mandiricare@bankmandiri.co.id atau menghubungi Mandiri Call 14000 lalu tekan 2 agar dapat dilakukan pengecekan. Tks~Danti",2025-12-10 13:06:01,3.2.0,Dataset/dataset\LIVIN_googleplay_DECEMBER_reviews.csv,login
0fe83f3e-e291-4a4b-ad11-83e866976321,Pengguna Google,https://play-lh.googleusercontent.com/EGemoI2NTXmTsBVtJqk8jxF9rh8ApRWfsIMQSt2uE4OcpQqbFu7f7NbTK05lx80nuSijCz7sc3a277R67g,"logout sendiri trus g bisa login, d suru update terus padahl udah versi paling terbaru..",1,1,3.146.0,2025-10-31 22:41:50+00:00,,,3.146.0,Dataset/dataset\OVO_googleplay_OCTOBER_reviews.csv,login
59e2464b-8d27-4ba0-8825-7d77819810c9,Pengguna Google,https://play-lh.googleusercontent.com/EGemoI2NTXmTsBVtJqk8jxF9rh8ApRWfsIMQSt2uE4OcpQqbFu7f7NbTK05lx80nuSijCz7sc3a277R67g,"aplikasinya bagus enak , tapi cuman kenapa ya ngga bisa bayar top up tolong gimana biar bisa bayar lagi kaya semula",4,0,1.64.1,2025-11-29 07:37:07+00:00,,,1.64.1,Dataset/dataset\GOPAY_googleplay_NOVEMBER_reviews.csv,topup
4fe1896f-3d2c-4b86-acb2-7380ebada5a6,Pengguna Google,https://play-lh.googleusercontent.com/EGemoI2NTXmTsBVtJqk8jxF9rh8ApRWfsIMQSt2uE4OcpQqbFu7f7NbTK05lx80nuSijCz7sc3a277R67g,"saya kosongin dulu saldonya, mahal sekali top up kepotong 2rb. mending pindah ke sebelah dulu",1,3,1.64.0,2025-11-20 13:03:37+00:00,,,1.64.0,Dataset/dataset\GOPAY_googleplay_NOVEMBER_reviews.csv,topup
bb336f1f-148b-445d-9c75-06bd977b5fc4,Pengguna Google,https://play-lh.googleusercontent.com/EGemoI2NTXmTsBVtJqk8jxF9rh8ApRWfsIMQSt2uE4OcpQqbFu7f7NbTK05lx80nuSijCz7sc3a277R67g,belanja pake shopeepay harga lebih murah. gratis top up pula. ayo pakai shopee pay. keren,5,0,1.41.06,2025-10-28 19:12:44+00:00,"Hi Kak. Terima kasih telah menggunakan ShopeePay. Mari cek aplikasi ShopeePay karena banyak fitur yang mempermudah keseharian kakak seperti pembelian pulsa, paket data, pembayaran tagihan listrik dan pembayaran lainnya. Jika kakak memiliki pertanyaan seputar ShopeePay, mohon DM kami di Instagram @ShopeePay_ID ya. Semoga harimu menyenangkan ^RJ",2025-10-29 09:33:09,1.41.06,Dataset/dataset\SHOPEEPAY_googleplay_OCTOBER_reviews.csv,topup
5f3e35a6-c1ad-47a0-a10a-556907002f60,Pengguna Google,https://play-lh.googleusercontent.com/EGemoI2NTXmTsBVtJqk8jxF9rh8ApRWfsIMQSt2uE4OcpQqbFu7f7NbTK05lx80nuSijCz7sc3a277R67g,"saat mau isi pulsa,token listrik, dsb, saat saldo kurang menu promo muncul tapi saat top up dan saldo cukup menu promo malah hilang, dah lama kejadian kaya gitu, dan pas di update pun gk ada perubahan sama sekali (bukan masalah masa berlaku tapi menu buat liat promonya bener-bener hilang, pas saldo diisi waktu itu juga, tapi saat saldo kurang menu buat liat promo yang kuning itu ada)",1,0,,2025-10-27 23:29:09+00:00,"Hai Kak Diki, mohon maaf atas ketidaknyamanannya. Mengenai promo mengikuti syarat dan ketentuan yang berlaku ya. Apabila voucher tidak digunakan & sudah melewati masa berlaku, maka secara otomatis akan hilang dari halaman 'My Voucher' kamu. Jika ada kendala lainnya, silakan kunjungi menu Bantuan di aplikasi Gojek atau GoPay kamu. ^Melisa",2025-10-27 23:25:35,,Dataset/dataset\GOPAY_googleplay_OCTOBER_reviews.csv,topup
a4658a3d-4527-4bf1-af9f-83b6df9dd5f8,Pengguna Google,https://play-lh.googleusercontent.com/EGemoI2NTXmTsBVtJqk8jxF9rh8ApRWfsIMQSt2uE4OcpQqbFu7f7NbTK05lx80nuSijCz7sc3a277R67g,"di update mlahh haruss login ulang, udah login mlahh eror. hrus nunggu 60 menit. ini udah 60 menit lebihh woyy laaahhh",3,0,1.61.2,2025-10-29 16:01:35+00:00,"Hai Kak @A Z, untuk login ke aplikasi GoPay, gunakan nomor HP yang terdaftar di akun Gojek-mu. Jika belum punya akun Gojek, kamu bisa daftar langsung di aplikasi GoPay, ya. Jika masih tidak bisa login, laporkan ke kami melalui email ke customerservice@gopay.co.id dan mencantumkan kode psr-25-302-1314-13149 pada subjek email.^Melisa",2025-10-29 20:14:21,1.61.2,Dataset/dataset\GOPAY_googleplay_OCTOBER_reviews.csv,login
4e517c48-703a-4bcf-b994-582eda469753,Pengguna Google,https://play-lh.googleusercontent.com/EGemoI2NTXmTsBVtJqk8jxF9rh8ApRWfsIMQSt2uE4OcpQqbFu7f7NbTK05lx80nuSijCz7sc3a277R67g,"aplikasi macam apa ini,gak bisa login menggunakan email,buat apa verivikasi email klo gak bisa buat login,aneh banget,mana uang gw ke tahan di aplikasi ini, saran gwa mending gak usah download aplikasi otong ini aneh banget aplikasi ini",1,2,3.145.0,2025-10-28 21:40:11+00:00,,,3.145.0,Dataset/dataset\OVO_googleplay_OCTOBER_reviews.csv,login
7d14084b-50d0-4a31-afa0-63705d9794eb,Pengguna Google,https://play-lh.googleusercontent.com/EGemoI2NTXmTsBVtJqk8jxF9rh8ApRWfsIMQSt2uE4OcpQqbFu7f7NbTK05lx80nuSijCz7sc3a277R67g,tolong ya knp sih selalu terkendala klo mau tf besar? selalu saja keseringannya gagal transfer penyebabnya apa? jd bikin kesel,5,0,1.64.1,2025-11-30 12:00:51+00:00,,,1.64.1,Dataset/dataset\GOPAY_googleplay_NOVEMBER_reviews.csv,transfer
f20602b7-4875-4d3a-aa08-c7ab313ccb83,Pengguna Google,https://play-lh.googleusercontent.com/EGemoI2NTXmTsBVtJqk8jxF9rh8ApRWfsIMQSt2uE4OcpQqbFu7f7NbTK05lx80nuSijCz7sc3a277R67g,qris nya macam jembut. lelet.,3,0,3.2.0,2025-12-21 19:17:32+00:00,"Hai Sahabat @Yaya Sunarya, mohon maaf atas ketidaknyamanannya. Perihal kendala yang dialami agar dpt kami tindaklanjuti, mhn kesediaan Sahabat utk mengirimkan email ke mandiricare@bankmandiri.co.id dengan subject : Review - Nama lengkap Sahabat atau menghubungi layanan mandiri call 14000 ya. Tks~Tommy",2025-12-21 19:23:27,3.2.0,Dataset/dataset\LIVIN_googleplay_DECEMBER_reviews.csv,qris
f6639421-1bb2-4b54-8c5a-8525e04aac0a,Pengguna Google,https://play-lh.googleusercontent.com/EGemoI2NTXmTsBVtJqk8jxF9rh8ApRWfsIMQSt2uE4OcpQqbFu7f7NbTK05lx80nuSijCz7sc3a277R67g,kok top up ml nya lama bngt dari padi sampai sore gk bisa bisa tolong di benerin lah,1,0,1.60.0,2025-10-31 15:24:15+00:00,"Hai Kak Lana, mohon maaf atas ketidaknyamanannya. Terkait hal tersebut, silakan laporkan melalui email ke customerservice@gopay.co.id dengan melampirkan kode psr-25-304-0850-42956 pada subject email dan ceritakan kembali detail permasalahannya agar tim kami bisa bantu cek lebih lanjut ya. ^Miko",2025-10-31 15:50:56,1.60.0,Dataset/dataset\GOPAY_googleplay_OCTOBER_reviews.csv,topup
d1cd3200-3248-4d1a-a025-bb094d10f60f,Pengguna Google,https://play-lh.googleusercontent.com/EGemoI2NTXmTsBVtJqk8jxF9rh8ApRWfsIMQSt2uE4OcpQqbFu7f7NbTK05lx80nuSijCz7sc3a277R67g,"bisa gak Livin, cara login ckup pake KTP no HP dan vermuk aja, kayak Wondr BNI, dimudahkan disaat Rekening tdk ada Fisik Debit nya, coba bisa gak kyk Wondr ??? cukup ktp yg membaca Semua Rekening yg terbaca di sistem Bank!",1,0,,2025-12-09 19:23:26+00:00,"Halo Sahabat @Aep Sobari, mohon maaf atas ketidaknyamanannya. Untuk perihal kendala Livin' by Mandiri yang dialami, mohon untuk dapat mengirimkan email ke mandiricare@bankmandiri.co.id atau dapat menghubungi layanan mandiri 14000 agar dapat dilakukan pengecekan. Tks~Romi",2025-12-09 19:33:55,,Dataset/dataset\LIVIN_googleplay_DECEMBER_reviews.csv,login
cd5c0c9b-81d5-4a67-b964-7e19beed3236,Pengguna Google,https://play-lh.googleusercontent.com/EGemoI2NTXmTsBVtJqk8jxF9rh8ApRWfsIMQSt2uE4OcpQqbFu7f7NbTK05lx80nuSijCz7sc3a277R67g,bagus bgt sumpah gw bisa top up murah,5,0,1.62.0,2025-11-14 04:51:24+00:00,,,1.62.0,Dataset/dataset\GOPAY_googleplay_NOVEMBER_reviews.csv,topup
ae47b26e-b56d-4293-acb2-1d8095e5b6f7,Pengguna Google,https://play-lh.googleusercontent.com/EGemoI2NTXmTsBVtJqk8jxF9rh8ApRWfsIMQSt2uE4OcpQqbFu7f7NbTK05lx80nuSijCz7sc3a277R67g,buat transfer kok gagal gini?,1,0,1.44.05,2025-12-22 00:25:51+00:00,"Hi Kak Cici. Mohon maaf atas kendala tidak bisa transfer melalui ShopeePay. Silakan mencoba kembali dalam waktu 1x24 jam. Pastikan verifikasi wajah sudah sesuai dengan KTP yang terdaftar di ShopeePay. Apabila masih terkendala, kakak dapat menghubungi kami melalui DM ke IG @ShopeePay_ID yang bercentang biru ya. ^EN",2025-12-22 16:07:10,1.44.05,Dataset/dataset\SHOPEEPAY_googleplay_DECEMBER_reviews.csv,transfer
b0199e46-6203-4cfb-b5a6-b7f7dce71d92,Pengguna Google,https://play-lh.googleusercontent.com/EGemoI2NTXmTsBVtJqk8jxF9rh8ApRWfsIMQSt2uE4OcpQqbFu7f7NbTK05lx80nuSijCz7sc3a277R67g,semakin kesini aplikasi ovo sangat tidak direkomendasikan. Seringkali sulit login kembali setelah ganti divais baru.,1,0,3.147.0,2025-11-13 10:59:29+00:00,,,3.147.0,Dataset/dataset\OVO_googleplay_NOVEMBER_reviews.csv,login
38e10712-27f7-4131-b291-e04b2644766c,Pengguna Google,https://play-lh.googleusercontent.com/EGemoI2NTXmTsBVtJqk8jxF9rh8ApRWfsIMQSt2uE4OcpQqbFu7f7NbTK05lx80nuSijCz7sc3a277R67g,"Bagi saya pribadi, ini aplikasi sangat bagus, karna memudah kan jikalau ingin memesan barang di shoppe dengan metode bayar tf, karna pasti dapat potongan, dan fiturnya jiga lengkap, pokoknya jos deh, cukup bintang yang berbicara",5,6,1.42.03,2025-12-01 12:27:18+00:00,"Hi Kak Argen, Terima kasih telah memberikan penilaian yang baik untuk aplikasi ShopeePay. Kami senang jika kakak menyukai dan dengan menggunakan aplikasi ShopeePay memudahkan kakak untuk bertransaksi. Kami akan terus meningkatkan layanan kami dan memberikan yang terbaik untuk pengguna setia aplikasi ShopeePay. Selamat berbelanja ^EN",2025-12-01 17:34:57,1.42.03,Dataset/dataset\SHOPEEPAY_googleplay_DECEMBER_reviews.csv,transfer
0496227d-16ed-41e1-ae99-687a553ae812,Pengguna Google,https://play-lh.googleusercontent.com/EGemoI2NTXmTsBVtJqk8jxF9rh8ApRWfsIMQSt2uE4OcpQqbFu7f7NbTK05lx80nuSijCz7sc3a277R67g,"kenapa saya top up ko ga masuk2 dana nya ke gopay, padahal hasil transaksi berhasil di bank ewallet tapi dananya belum masuk di gopay?????",1,0,1.61.2,2025-11-19 13:16:57+00:00,"Hai Kak Dimas, pastikan nomor tujuan sudah benar, sudah cek halaman Riwayat, dan coba keluar dan masuk kembali ke aplikasi. Jika saldo masih belum masuk, silakan laporkan melalui menu Bantuan > ketik 'Top up GoPay saya belum masuk' > isi formulir dan cantumkan kode psr-25-323-0638-48558 pada bagian 'Ceritakan lebih lanjut'. ^Maura",2025-11-19 13:38:54,1.61.2,Dataset/dataset\GOPAY_googleplay_NOVEMBER_reviews.csv,topup
00a2cb2a-8d1a-49f0-98ae-acd0663570ee,Pengguna Google,https://play-lh.googleusercontent.com/EGemoI2NTXmTsBVtJqk8jxF9rh8ApRWfsIMQSt2uE4OcpQqbFu7f7NbTK05lx80nuSijCz7sc3a277R67g,"untuk sekarang, bagus banget sih. login pre mudah, transfer oke, top up oke, pembayaran tagihan juga oke tapi yang kurang sih agak lambat. is Ok",5,0,3.150.0,2025-12-29 09:27:36+00:00,,,3.150.0,Dataset/dataset\OVO_googleplay_DECEMBER_reviews.csv,login
d0feb807-d86c-4764-bcf0-2e3ddb1f33e7,Pengguna Google,https://play-lh.googleusercontent.com/EGemoI2NTXmTsBVtJqk8jxF9rh8ApRWfsIMQSt2uE4OcpQqbFu7f7NbTK05lx80nuSijCz7sc3a277R67g,gampang buat top up game,5,0,1.60.0,2025-10-19 21:56:53+00:00,,,1.60.0,Dataset/dataset\GOPAY_googleplay_OCTOBER_reviews.csv,topup
9c1072e1-a0ba-4669-81a9-568d35de2bd6,Pengguna Google,https://play-lh.googleusercontent.com/EGemoI2NTXmTsBVtJqk8jxF9rh8ApRWfsIMQSt2uE4OcpQqbFu7f7NbTK05lx80nuSijCz7sc3a277R67g,aplikasi gak jelass. sayaa transfer dari dana ke ovo. dari dana udah berhasil. masaa di ovo gak masuk2 sampai . sekrng . udah dua hari . aplikasi ga jelasss.,1,0,3.147.0,2025-11-10 15:11:20+00:00,"Hai Kak, maaf ya. Terkait kendala yang Kakak alami silakan untuk menghubungi melalui chat bantuan di aplikasi, melalui email di cs@ovo.id atau call center di nomor 1500 696 ya agar dapat kami bantu proses.
Terima kasih. -Lulu",2023-12-10 09:09:41,3.147.0,Dataset/dataset\OVO_googleplay_NOVEMBER_reviews.csv,transfer
56a32f7a-8124-4664-a280-c4289439dc76,Pengguna Google,https://play-lh.googleusercontent.com/EGemoI2NTXmTsBVtJqk8jxF9rh8ApRWfsIMQSt2uE4OcpQqbFu7f7NbTK05lx80nuSijCz7sc3a277R67g,"parah nih parah aplikasi mentang2 digunain banyak orang, seenaknya ngambil saldo orang pake alibi nomer EWALLET yg dituju sudah masuk saldonya padahal nol, di aplikasi segala pake ada acara proses biasanya kalo transfer kemana aja langsung gapake proses lah ini udah dipakein lama proses saldo kaga masuk2 udah 1 hari",1,0,,2025-10-15 06:46:33+00:00,"Hai Kak Rivay, mohon maaf atas ketidaknyamanannya. Pastikan nomor tujuan transfer sudah benar dan sudah cek halaman Riwayat. Jika saldo belum juga bertambah, laporkan detailnya melalui email customerservice@gopay.co.id dan cantumkan kode psr-25-288-0134-23059 pada subject email yang kamu kirimkan ya. ^Miko",2025-10-15 08:34:49,,Dataset/dataset\GOPAY_googleplay_OCTOBER_reviews.csv,transfer
6cd0cef5-0ec7-40c7-b587-cb7e398060f0,Pengguna Google,https://play-lh.googleusercontent.com/EGemoI2NTXmTsBVtJqk8jxF9rh8ApRWfsIMQSt2uE4OcpQqbFu7f7NbTK05lx80nuSijCz7sc3a277R67g,enak banget pake ini bisa transfer ke rekening sepuasnya,5,0,1.57.0,2025-10-03 01:15:10+00:00,,,1.57.0,Dataset/dataset\GOPAY_googleplay_OCTOBER_reviews.csv,transfer
ee97623b-19e6-4e18-8428-443a5d09cc30,Pengguna Google,https://play-lh.googleusercontent.com/EGemoI2NTXmTsBVtJqk8jxF9rh8ApRWfsIMQSt2uE4OcpQqbFu7f7NbTK05lx80nuSijCz7sc3a277R67g,gua top up ml di gopay kenapa diamond gak masuk?,1,0,,2025-11-14 14:01:49+00:00,"Hai Kak @Life Venus, mohon maaf atas ketidaknyamanannya. Terkait hal tersebut, silakan laporkan melalui email ke customerservice@gopay.co.id dengan melampirkan kode psr-25-318-0853-02399 pada subject email dan ceritakan kembali detail permasalahannya agar tim kami bisa bantu cek lebih lanjut ya. ^Miko",2025-11-14 15:53:21,,Dataset/dataset\GOPAY_googleplay_NOVEMBER_reviews.csv,topup
363677f9-b4aa-4f64-81a0-112053dd8d4b,Pengguna Google,https://play-lh.googleusercontent.com/EGemoI2NTXmTsBVtJqk8jxF9rh8ApRWfsIMQSt2uE4OcpQqbFu7f7NbTK05lx80nuSijCz7sc3a277R67g,kalau kita tf ke aplikasi lain kadang tidak terkirim dan uang nya tidak kembali lagi buat meresahkan sekali plusss rugi tolong dong perbaiki atau uang yg gk masuk di kembalikan lagi uuuu,1,0,1.59.0,2025-10-09 19:47:47+00:00,"Hai Kak Alfi, pastikan nomor tujuan benar dan sudah cek halaman Riwayat. Jika setelah 2x24 jam di hari kerja (diluar Sabtu, Minggu, atau Libur) saldo belum bertambah, silakan lapor ke menu Bantuan > ketik 'Transfer saldo ke bank atau e-wallet belum diterima' dan cantumkan kode psr-25-283-2340-38080 pada bagian 'Ceritakan lebih lanjut'. ^Maura",2025-10-10 06:40:41,1.59.0,Dataset/dataset\GOPAY_googleplay_OCTOBER_reviews.csv,transfer
3922b537-d574-48d4-980c-d181d4857a98,Pengguna Google,https://play-lh.googleusercontent.com/EGemoI2NTXmTsBVtJqk8jxF9rh8ApRWfsIMQSt2uE4OcpQqbFu7f7NbTK05lx80nuSijCz7sc3a277R67g,"SAMPAHHHH, TRANSAKS TF ANTAR BANK NYANGKUT, UDH PAKAI BIAYA MASIH NGYANGKUT. UDH LAPORWN PELAYANAN LAMBAT. TERLALU SAMPAH. HABIS INI MENDI DELET AKUN, GOPAY AJA YG GRATIS TF GAPERNAH NYANGKUT.",1,0,3.144.0,2025-10-06 08:32:52+00:00,,,3.144.0,Dataset/dataset\OVO_googleplay_OCTOBER_reviews.csv,transfer
b812e16f-7a07-4e9b-859a-9544471572b7,Pengguna Google,https://play-lh.googleusercontent.com/EGemoI2NTXmTsBVtJqk8jxF9rh8ApRWfsIMQSt2uE4OcpQqbFu7f7NbTK05lx80nuSijCz7sc3a277R67g,aneh salah top up salah kirim no hangus,1,0,1.61.2,2025-11-02 10:33:12+00:00,"Hai Kak Kusman, sesuai Syarat & Ketentuan GoPay, jika terjadi kesalahan isi/transfer dan sudah berhasil, maka transaksi tidak dapat dibatalkan. Jika kamu memiliki pertanyaan atau kendala lainnya, silakan kunjungi menu Bantuan di aplikasi GoPay kamu atau email ke customerservice@gopay.co.id. ^Melisa",2025-11-02 14:10:32,1.61.2,Dataset/dataset\GOPAY_googleplay_NOVEMBER_reviews.csv,topup
8836c64b-df77-42a7-9dd2-7f98df062af6,Pengguna Google,https://play-lh.googleusercontent.com/EGemoI2NTXmTsBVtJqk8jxF9rh8ApRWfsIMQSt2uE4OcpQqbFu7f7NbTK05lx80nuSijCz7sc3a277R67g,Aplikasi Busuk dan mengecewakan. Tolong diperbaiki sistemnya. BCA selama ini dikenal dengan produk bervalue. aplikasi sungguh lemot dan muter-muter kayak jmbt. Sudah login tiba² keluar sendiri. Saldo juga tiba-tiba hilang. Produk macam apa ini?,1,7,2.5.0,2025-11-17 14:04:40+00:00,"Hai, Kak Tri Wahyuliyanto. Maaf atas ketidaknyamanannya. Kami akan selalu terus memperbaiki sistem demi mencapai kepuasan para pengguna aplikasi blu. Pastikan Kakak menggunakan blu versi terbaru, setting waktu di handphone menjadi otomatis, jaringan internet lancar dan stabil atau Kakak boleh switch jaringan pada handphone.",2025-11-17 15:24:21,2.5.0,Dataset/dataset\BLU_googleplay_NOVEMBER_reviews.csv,login
840aabc3-cd99-4ec5-8d1d-f8ab79d976fe,Pengguna Google,https://play-lh.googleusercontent.com/EGemoI2NTXmTsBVtJqk8jxF9rh8ApRWfsIMQSt2uE4OcpQqbFu7f7NbTK05lx80nuSijCz7sc3a277R67g,saya gabisa login gopay karna muka saya sudah berbeda,1,0,,2025-11-22 01:45:19+00:00,"Mohon maaf atas kendalanya, Kak Lala. Sebelum login, pastikan fitur Face ID/Sidik Jari sudah aktif dan pola atau kata sandi yang dimasukkan sudah benar. Untuk info lebih lanjut, kunjungi halaman bantuan login > klik ikon ""?"" > pilih ""Tidak bisa masuk ke akun GoPay"" > pilih artikel ""Saya tidak bisa masuk dengan Face ID/Sidik Jari"". ^Miko",2025-11-22 08:35:34,,Dataset/dataset\GOPAY_googleplay_NOVEMBER_reviews.csv,login
f7251e5d-f703-47b6-ad37-c605cd083d6a,Pengguna Google,https://play-lh.googleusercontent.com/EGemoI2NTXmTsBVtJqk8jxF9rh8ApRWfsIMQSt2uE4OcpQqbFu7f7NbTK05lx80nuSijCz7sc3a277R67g,pantes kalah saing sama gopay top up aj kena potongan 2000 transper ke bank 2500 apk gopay malah gratis ke semua bank klo top up gk di potong pantes gk laku,1,0,,2025-11-20 00:51:59+00:00,,,,Dataset/dataset\OVO_googleplay_NOVEMBER_reviews.csv,topup
505b4b0c-1ddb-4cb6-802b-74ea6eaa7a29,Pengguna Google,https://play-lh.googleusercontent.com/EGemoI2NTXmTsBVtJqk8jxF9rh8ApRWfsIMQSt2uE4OcpQqbFu7f7NbTK05lx80nuSijCz7sc3a277R67g,temen saya transfer knapa belum masuk dana nya ke ovo saya. trus saya harus lapor kemana,1,0,3.144.0,2025-10-07 11:16:43+00:00,,,3.144.0,Dataset/dataset\OVO_googleplay_OCTOBER_reviews.csv,transfer
e8ece9fc-414a-4452-8fb1-51e025d10745,Pengguna Google,https://play-lh.googleusercontent.com/EGemoI2NTXmTsBVtJqk8jxF9rh8ApRWfsIMQSt2uE4OcpQqbFu7f7NbTK05lx80nuSijCz7sc3a277R67g,mengapa top up saldo tidak bisa berhasil yah?,4,0,1.61.2,2025-11-05 17:47:13+00:00,,,1.61.2,Dataset/dataset\GOPAY_googleplay_NOVEMBER_reviews.csv,topup
23d3f884-6ff2-4d8c-abc5-df52c43863ff,Pengguna Google,https://play-lh.googleusercontent.com/EGemoI2NTXmTsBVtJqk8jxF9rh8ApRWfsIMQSt2uE4OcpQqbFu7f7NbTK05lx80nuSijCz7sc3a277R67g,"pelayanan optimal, customer service cepat melayani jika ada kendala. cuma terkait layanan transaksi terkait transfer, bayar dan tagihan masih belum lengkap. tolong bisa ditingkatkan ya min",5,0,8.74.0,2025-10-09 07:51:29+00:00,,,8.74.0,Dataset/dataset\JAGO_googleplay_OCTOBER_reviews.csv,transfer
fc369857-8041-44c7-a0a1-4fa36ee6e3c4,Pengguna Google,https://play-lh.googleusercontent.com/EGemoI2NTXmTsBVtJqk8jxF9rh8ApRWfsIMQSt2uE4OcpQqbFu7f7NbTK05lx80nuSijCz7sc3a277R67g,Semakin memudahkan dalam hal bayar n transfer nya,5,0,1.41.06,2025-10-21 15:37:08+00:00,"Hi Kak Samsuri. Terima kasih untuk review positifnya. Untuk transaksi di ShopeePay aman karena dilengkapi dengan fitur keamanan seperti PIN, kode OTP, sidik jari hingga verifikasi wajah. Jika kakak memiliki pertanyaan atau kendala seputar ShopeePay, mohon DM kami di Instagram @ShopeePay_ID ya. Semoga harimu menyenangkan. ^CS",2025-10-21 16:33:39,1.41.06,Dataset/dataset\SHOPEEPAY_googleplay_OCTOBER_reviews.csv,transfer
7572c40c-1506-4689-83de-47b4b5cc8692,Pengguna Google,https://play-lh.googleusercontent.com/EGemoI2NTXmTsBVtJqk8jxF9rh8ApRWfsIMQSt2uE4OcpQqbFu7f7NbTK05lx80nuSijCz7sc3a277R67g,tolong transfer dari bang lain d percepat saya ada tranfer tapi blom masuk saldonya,3,0,3.144.0,2025-10-07 14:34:20+00:00,,,3.144.0,Dataset/dataset\OVO_googleplay_OCTOBER_reviews.csv,transfer
b68db8af-5f18-4baa-9f53-b0fc2f795f61,Pengguna Google,https://play-lh.googleusercontent.com/EGemoI2NTXmTsBVtJqk8jxF9rh8ApRWfsIMQSt2uE4OcpQqbFu7f7NbTK05lx80nuSijCz7sc3a277R67g,"aplikasi paling tolol, daftar akun gak bisa karena nomor sudah di gunakan, pas mau login mlah tulisan nomor tidak terdaftar, yang bener yang mana goblokkkkk....udah gitu ada tulisan INTERNET TERPUTUS, gua aja pake wifi gimana terputusnya internet gua, aplikasi goblokkk banget",1,10,8.75.0,2025-10-26 12:32:16+00:00,"Hai, Jagoan. Mohon maaf untuk kendala yang kamu alami. Terkait kendala tersebut, kamu bisa segera laporkan ke Tanya Jago di nomor 1500746/021-30000746 atau e-mail ke tanya@jago.com ya. Tidak perlu khawatir karena tim terkait kami akan segera membantu. Terima kasih.",2025-10-26 13:13:19,8.75.0,Dataset/dataset\JAGO_googleplay_OCTOBER_reviews.csv,login
efce1bb4-8c2e-4f3d-b534-1e7790994fd9,Pengguna Google,https://play-lh.googleusercontent.com/EGemoI2NTXmTsBVtJqk8jxF9rh8ApRWfsIMQSt2uE4OcpQqbFu7f7NbTK05lx80nuSijCz7sc3a277R67g,woiii minnn ini kenapa ga bisa masuk ga jelass bgt pdlh baru top up lohh,1,0,,2025-12-04 21:33:13+00:00,,,,Dataset/dataset\OVO_googleplay_DECEMBER_reviews.csv,topup
8a9c0be1-d544-4daa-acfb-ac5216b7b5b0,Pengguna Google,https://play-lh.googleusercontent.com/EGemoI2NTXmTsBVtJqk8jxF9rh8ApRWfsIMQSt2uE4OcpQqbFu7f7NbTK05lx80nuSijCz7sc3a277R67g,susah bgt buat verifikasi wajah. udah berkali2 ganti tempat jga masih gagal. ganti device 2x juga gagal. maaf ya ku ganti bintangin 1 pdhl kmrn udah bagus,1,0,,2025-12-23 10:42:00+00:00,"Hai, Kak Alee. Maaf atas ketidaknyamanannya. Kami akan selalu berusaha memberikan yang terbaik demi kebutuhan perbankan Kakak. Terkait hal tersebut pastikan beberapa hal berikut, pastikan Kakak tidak memakai sunglasses, di tempat yang terang, tidak backlight, posisi wajah di dalam lingkaran dan pastikan aplikasi blu versi terupdate ya.",2025-12-23 12:01:46,,Dataset/dataset\BLU_googleplay_DECEMBER_reviews.csv,vermuk
0c234bcb-1b21-40fc-9d0d-3ae9dee94361,Pengguna Google,https://play-lh.googleusercontent.com/EGemoI2NTXmTsBVtJqk8jxF9rh8ApRWfsIMQSt2uE4OcpQqbFu7f7NbTK05lx80nuSijCz7sc3a277R67g,"kantor nya bangkrut ga punya uang banyak orang di luar sana yang gabaly 🤣🤣🤣 udah capek daftar sana sini memang lagi butuh modal usaha tapi sering di tolak apa lagi ya parah banget saat verifikasi wajah tanpa make up tanpa filter wajah natural pakai kamera android otomatis langsung di tolak ,kalo pelit atau ga punya uang ga usah adain pinjam kasihan yang di kasih harapan palsu apa lagi ini aplikasi pemilih sangat mengecewakan bagi kaum rakyat biasa ini",1,0,,2025-11-30 13:40:47+00:00,"Hai Kak Veti, mohon maaf atas ketidaknyamanan yang kamu alami terkait GoPay Pinjam. Agar masalahnya dapat segera kami bantu, silakan ceritakan lebih lanjut kepada kami melalui email ke support@findaya.com dan cantumkan kode psr-25-334-0730-10546 di subjek email, ya. ^Miko",2025-11-30 14:30:18,,Dataset/dataset\GOPAY_googleplay_NOVEMBER_reviews.csv,vermuk
a24aea9c-2dce-47c0-8968-a872dad3dd2a,Pengguna Google,https://play-lh.googleusercontent.com/EGemoI2NTXmTsBVtJqk8jxF9rh8ApRWfsIMQSt2uE4OcpQqbFu7f7NbTK05lx80nuSijCz7sc3a277R67g,"transfer gagal diproses, tenang saja saldo Kamu akan dikembalikan? dan harus nunggu 2hari kerja? 1. sudah 2hari kerja✔️ 2. sudah Kirim laporan lewat email ✔️ 3. Sudah menghubungi 1500 696✔️ Apakah uang nya bisa kembali? (Bertanya dengan Nada lemah lembut)",1,0,,2025-10-07 00:41:20+00:00,,,,Dataset/dataset\OVO_googleplay_OCTOBER_reviews.csv,transfer
efd9939c-12c8-436f-836c-2a55a418ba79,Pengguna Google,https://play-lh.googleusercontent.com/EGemoI2NTXmTsBVtJqk8jxF9rh8ApRWfsIMQSt2uE4OcpQqbFu7f7NbTK05lx80nuSijCz7sc3a277R67g,kenapa gada internet terus mau tf jadinya gabisa bisa,3,0,,2025-12-05 15:53:34+00:00,"Halo, Jagoan. Terima kasih atas penilaian yang sudah kamu berikan. Mohon maaf atas kendala yang terjadi ya. Kamu tidak perlu khawatir, kamu bisa menjelaskan detail kendala tersebut melalui email di tanya@jago.com atau call center 1500 746 untuk kami bantu tangani lebih lanjut. Terima kasih :)",2025-12-06 12:10:58,,Dataset/dataset\JAGO_googleplay_DECEMBER_reviews.csv,transfer
f8f63c64-8dcb-4e04-9bfe-ce4d8c4736aa,Pengguna Google,https://play-lh.googleusercontent.com/EGemoI2NTXmTsBVtJqk8jxF9rh8ApRWfsIMQSt2uE4OcpQqbFu7f7NbTK05lx80nuSijCz7sc3a277R67g,top up diamon ml murah,5,0,1.60.0,2025-11-02 18:52:05+00:00,,,1.60.0,Dataset/dataset\GOPAY_googleplay_NOVEMBER_reviews.csv,topup
a70c825d-6250-4f7f-b2c1-bad770a18d27,Pengguna Google,https://play-lh.googleusercontent.com/EGemoI2NTXmTsBVtJqk8jxF9rh8ApRWfsIMQSt2uE4OcpQqbFu7f7NbTK05lx80nuSijCz7sc3a277R67g,"saya transfer dari SeaBank ke gopay ga masuk2 dari tadi malam nilai nya 7.428.000..jadi saya mohon di bantu dari pihak gopay,karena itu uang setoran kerja saya",1,0,,2025-11-01 15:09:11+00:00,"Hai Kak Yusra, pastikan nomor tujuan benar dan sudah cek halaman Riwayat. Jika setelah 2x24 jam di hari kerja (diluar Sabtu, Minggu, atau Libur) saldo belum bertambah, silakan lapor ke menu Bantuan > ketik 'Transfer saldo ke bank atau e-wallet belum diterima' dan cantumkan kode psr-25-305-0858-33509 pada bagian 'Ceritakan lebih lanjut'. ^Miko",2025-11-01 15:58:44,,Dataset/dataset\GOPAY_googleplay_NOVEMBER_reviews.csv,transfer
50bc0720-e243-4870-bf46-b245593f6d18,Pengguna Google,https://play-lh.googleusercontent.com/EGemoI2NTXmTsBVtJqk8jxF9rh8ApRWfsIMQSt2uE4OcpQqbFu7f7NbTK05lx80nuSijCz7sc3a277R67g,akun saya tidak bisa login,1,0,1.62.0,2025-11-10 13:27:36+00:00,"Hai Kak Sani, mohon maaf atas kendala yang kamu alami. Sebelum login, pastikan kamu sudah pakai GoPay versi terbaru & tidak ada kendala pada akun kamu, ya. Jika masih tidak bisa login, laporkan ke kami melalui email ke customerservice@gopay.co.id dan mencantumkan kode psr-25-314-0647-51381 pada subjek email. ^Maura",2025-11-10 13:47:58,1.62.0,Dataset/dataset\GOPAY_googleplay_NOVEMBER_reviews.csv,login
7d09647b-5818-44d5-b46d-82f6380993d6,Pengguna Google,https://play-lh.googleusercontent.com/EGemoI2NTXmTsBVtJqk8jxF9rh8ApRWfsIMQSt2uE4OcpQqbFu7f7NbTK05lx80nuSijCz7sc3a277R67g,saat ini tidak bisa scan qris.,1,0,,2025-11-04 19:43:03+00:00,"Hai Kak Rifky, mohon maaf atas ketidaknyamanannya. Pastikan kamu menggunakan aplikasi GoPay versi terbaru dan posisi kode QR yang dipindai sudah sesuai. Jika masih berkendala, laporkan melalui email customerservice@gopay.co.id dan cantumkan kode psr-25-308-1442-24921 pada subject email yang kamu kirimkan ya. ^Miko",2025-11-04 21:42:47,,Dataset/dataset\GOPAY_googleplay_NOVEMBER_reviews.csv,qris
f312aff7-6247-4840-9d38-5ad53791cd78,Pengguna Google,https://play-lh.googleusercontent.com/EGemoI2NTXmTsBVtJqk8jxF9rh8ApRWfsIMQSt2uE4OcpQqbFu7f7NbTK05lx80nuSijCz7sc3a277R67g,Top up mudah. Barang gak sesuai mudah proses pengembaliannya,5,0,1.42.03,2025-11-12 20:18:32+00:00,"Hi Kak. Terima kasih telah menggunakan ShopeePay. Mari cek aplikasi ShopeePay karena banyak fitur yang mempermudah keseharian kakak seperti pembelian pulsa, paket data, pembayaran tagihan listrik dan pembayaran lainnya. Jika kakak memiliki pertanyaan seputar ShopeePay, mohon DM kami di Instagram @ShopeePay_ID ya. Semoga harimu menyenangkan ^RJ",2025-11-13 09:22:53,1.42.03,Dataset/dataset\SHOPEEPAY_googleplay_NOVEMBER_reviews.csv,topup
e35665d5-49fe-481e-b401-d3225dd8b8ab,Pengguna Google,https://play-lh.googleusercontent.com/EGemoI2NTXmTsBVtJqk8jxF9rh8ApRWfsIMQSt2uE4OcpQqbFu7f7NbTK05lx80nuSijCz7sc3a277R67g,saat TF ke lelet lain dengan yg lain,1,0,1.45.09,2025-12-28 14:07:50+00:00,"Hi Kak Kholil Hadi Yanto Kholil, mohon maaf atas ketidaknyamanan yang dialami terkait transfer dana menggunakan aplikasi ShopeePay. Agar dapat kami cek lebih lanjut, mohon menghubungi kami dengan melampirkan detail kendala dan tangkapan layar kendalanya melalui DM Instagram @ShopeePay_ID ya. Kami akan membantu kendala yang Kakak alami ^AS",2025-12-29 14:44:16,1.45.09,Dataset/dataset\SHOPEEPAY_googleplay_DECEMBER_reviews.csv,transfer
55489e2e-3378-4519-aee2-fc88ae658119,Pengguna Google,https://play-lh.googleusercontent.com/EGemoI2NTXmTsBVtJqk8jxF9rh8ApRWfsIMQSt2uE4OcpQqbFu7f7NbTK05lx80nuSijCz7sc3a277R67g,gimana ini ovo qris nya gangguan saldo belum di kembalikan transfer ke rekening saldo kepotong tapi tidak masuk ke rekening tujuan history laporan juga gak ada,1,2,3.146.0,2025-10-31 15:20:10+00:00,,,3.146.0,Dataset/dataset\OVO_googleplay_OCTOBER_reviews.csv,qris
641367ad-1b79-4293-932a-a98e869d3f93,Pengguna Google,https://play-lh.googleusercontent.com/EGemoI2NTXmTsBVtJqk8jxF9rh8ApRWfsIMQSt2uE4OcpQqbFu7f7NbTK05lx80nuSijCz7sc3a277R67g,JANGAN DOWNLOAD!!!! BANYAK POTONGAN TF 15 RB DIPOTONG 2RB KALO GAK MOU SAMA GRAB APLIKASI INI GABAKAL LAKU SUMPAH DEH,1,0,,2025-12-20 13:20:01+00:00,,,,Dataset/dataset\OVO_googleplay_DECEMBER_reviews.csv,transfer
8c174338-3108-4bdd-a8f9-df759f526f71,Pengguna Google,https://play-lh.googleusercontent.com/EGemoI2NTXmTsBVtJqk8jxF9rh8ApRWfsIMQSt2uE4OcpQqbFu7f7NbTK05lx80nuSijCz7sc3a277R67g,sangat mudah d pakai belanja online atau tf,5,0,1.60.0,2025-10-28 16:30:08+00:00,,,1.60.0,Dataset/dataset\GOPAY_googleplay_OCTOBER_reviews.csv,transfer
45abb8e2-41c6-48c2-b714-5c54531dd3b2,Pengguna Google,https://play-lh.googleusercontent.com/EGemoI2NTXmTsBVtJqk8jxF9rh8ApRWfsIMQSt2uE4OcpQqbFu7f7NbTK05lx80nuSijCz7sc3a277R67g,kenapa tidak bisa transfer tolong diperbaiki,2,0,3.147.0,2025-11-21 14:44:22+00:00,,,3.147.0,Dataset/dataset\OVO_googleplay_NOVEMBER_reviews.csv,transfer
804c18a1-7e8b-4a53-adcd-f43a108c5378,Pengguna Google,https://play-lh.googleusercontent.com/EGemoI2NTXmTsBVtJqk8jxF9rh8ApRWfsIMQSt2uE4OcpQqbFu7f7NbTK05lx80nuSijCz7sc3a277R67g,"ada yg tf k akun gopay sy cuma sdh 4 hari tidak masuk"" .",1,1,1.60.0,2025-10-09 07:33:27+00:00,"Hai Kak Vina, mohon maaf atas ketidaknyamanannya. Pastikan nomor tujuan transfer sudah benar dan sudah cek halaman Riwayat. Jika saldo belum juga bertambah, laporkan detailnya melalui email customerservice@gopay.co.id dan cantumkan kode psr-25-282-1313-20589 pada subject email yang kamu kirimkan ya. ^Miko",2025-10-09 20:13:31,1.60.0,Dataset/dataset\GOPAY_googleplay_OCTOBER_reviews.csv,transfer
7fb44f9f-f04e-4a61-b951-f61f4fbb6a9f,Pengguna Google,https://play-lh.googleusercontent.com/EGemoI2NTXmTsBVtJqk8jxF9rh8ApRWfsIMQSt2uE4OcpQqbFu7f7NbTK05lx80nuSijCz7sc3a277R67g,top up saldo belum masuk masuk... sudah chat dan buat laporan dengan bukti namun tidak terselesaikan,1,0,1.61.2,2025-11-05 12:25:40+00:00,"Hai Kak Bambang, mohon maat atas ketidaknyamanannya. Jika kamu masih mengalami kendala, silakan laporkan melalui email ke customerservice@gopay.co.id dengan melampirkan kode psr-25-310-0027-59813 pada subject email dan cantumkan nomor laporan kamu sebelumnya pada email yang kamu kirimkan. Kami tunggu detail laporan kamu ya. ^Melisa",2025-11-06 07:28:07,1.61.2,Dataset/dataset\GOPAY_googleplay_NOVEMBER_reviews.csv,topup
15d37af6-b4b6-4366-92c0-07d1a7fb6e7a,Pengguna Google,https://play-lh.googleusercontent.com/EGemoI2NTXmTsBVtJqk8jxF9rh8ApRWfsIMQSt2uE4OcpQqbFu7f7NbTK05lx80nuSijCz7sc3a277R67g,"percuma buat apk, tapi gk bisa di buka pake data sama wifi jaringan jelek terus. setiap topup juga ada potongan 1k gk lagi saya pakai ini aplikasi",1,0,,2025-12-24 14:14:33+00:00,,,,Dataset/dataset\OVO_googleplay_DECEMBER_reviews.csv,topup
3b528b93-cdcd-425b-a6d1-e2962494d13a,Pengguna Google,https://play-lh.googleusercontent.com/EGemoI2NTXmTsBVtJqk8jxF9rh8ApRWfsIMQSt2uE4OcpQqbFu7f7NbTK05lx80nuSijCz7sc3a277R67g,kenapa ga bisa login,1,0,1.44.05,2025-12-12 18:20:52+00:00,"Hi Kak Tiara. Mohon maaf mengenai kendala tidak bisa login. Untuk bantuan lebih lanjut, mohon menghubungi kami melalui DM ke Instagram @ShopeePay_ID dengan melampirkan foto/screenshot notifikasi kendala yang dialami. ^CS",2025-12-15 16:54:12,1.44.05,Dataset/dataset\SHOPEEPAY_googleplay_DECEMBER_reviews.csv,login
2f7c0894-4c47-4ab8-8567-4e4f74154d3f,Pengguna Google,https://play-lh.googleusercontent.com/EGemoI2NTXmTsBVtJqk8jxF9rh8ApRWfsIMQSt2uE4OcpQqbFu7f7NbTK05lx80nuSijCz7sc3a277R67g,mau login susah banget padahal lagi urgent mau ngisi gopay 🫩👎👎👎👎👎,1,0,3.1.0,2025-11-09 15:09:05+00:00,"Halo Sahabat @FaradayBeam, mohon maaf atas ketidaknyamanannya. Perihal kendala pada layanan Livin’ by Mandiri, mohon untuk mengirimkan email ke mandiricare@bankmandiri.co.id atau dapat menghubungi layanan Mandiri Call 14000 agar dilakukan pengecekan. Tks~Danti",2025-11-09 15:12:10,3.1.0,Dataset/dataset\LIVIN_googleplay_NOVEMBER_reviews.csv,login
25eb45f3-5342-4fad-bf0f-9110bac79836,Pengguna Google,https://play-lh.googleusercontent.com/EGemoI2NTXmTsBVtJqk8jxF9rh8ApRWfsIMQSt2uE4OcpQqbFu7f7NbTK05lx80nuSijCz7sc3a277R67g,membantu untuk cek etol kirim uang tanpa admin good lah.. mantap saangat membantu ini apk.. bisa tf tnpa minimal cakep,5,0,1.53.0,2025-11-12 18:33:33+00:00,,,1.53.0,Dataset/dataset\GOPAY_googleplay_NOVEMBER_reviews.csv,transfer
a30dd687-b4d2-4e27-8e3c-40b839055684,Pengguna Google,https://play-lh.googleusercontent.com/EGemoI2NTXmTsBVtJqk8jxF9rh8ApRWfsIMQSt2uE4OcpQqbFu7f7NbTK05lx80nuSijCz7sc3a277R67g,balikin lagi login pakek nomor.. padahal saya ada pulsa 10 k masih kesulitan login ulang karna pakek kartu debit ..,1,0,3.1.0,2025-11-07 11:37:09+00:00,"Halo Sahabat @Pratama ray Irawan, mohon maaf atas ketidaknyamanannya. Terkait kendala Sahabat mohon untuk dapat mengirimkan email ke mandiricare@bankmandiri.co.id atau dapat menghubungi mandiri call 14000 agar dapat dilakukan pengecekan. Tks~Momo",2025-11-07 11:45:49,3.1.0,Dataset/dataset\LIVIN_googleplay_NOVEMBER_reviews.csv,login
53cd0ac3-85cc-4c37-9aa8-6a31006ff26c,Pengguna Google,https://play-lh.googleusercontent.com/EGemoI2NTXmTsBVtJqk8jxF9rh8ApRWfsIMQSt2uE4OcpQqbFu7f7NbTK05lx80nuSijCz7sc3a277R67g,knapa Susah perivikasi wajah,2,0,1.60.0,2025-10-18 10:01:35+00:00,"Mohon maaf atas kendalanya, Kak Andi. Sebelum login, pastikan fitur Face ID/Sidik Jari sudah aktif dan pola atau kata sandi yang dimasukkan sudah benar. Untuk info lebih lanjut, kunjungi halaman bantuan login > klik ikon ""?"" > pilih ""Tidak bisa masuk ke akun GoPay"" > pilih artikel ""Saya tidak bisa masuk dengan Face ID/Sidik Jari"". ^Miko",2025-10-18 15:06:05,1.60.0,Dataset/dataset\GOPAY_googleplay_OCTOBER_reviews.csv,vermuk
17e4da6f-26a1-44c7-8b77-5751253a8dec,Pengguna Google,https://play-lh.googleusercontent.com/EGemoI2NTXmTsBVtJqk8jxF9rh8ApRWfsIMQSt2uE4OcpQqbFu7f7NbTK05lx80nuSijCz7sc3a277R67g,Aplikasi nya gak jelas masa sayah top up gem gak masuk masuk,1,0,1.61.2,2025-10-30 20:47:27+00:00,"Hai Kak Revan, mohon maaf atas ketidaknyamanannya. Terkait hal tersebut, silakan laporkan melalui email ke customerservice@gopay.co.id dengan melampirkan kode psr-25-303-1424-44859 pada subject email dan ceritakan kembali detail permasalahannya agar tim kami bisa bantu cek lebih lanjut ya. ^Melisa",2025-10-30 21:24:53,1.61.2,Dataset/dataset\GOPAY_googleplay_OCTOBER_reviews.csv,topup
e6c2ed93-f030-4596-bc27-8d01cdd30b3a,Pengguna Google,https://play-lh.googleusercontent.com/EGemoI2NTXmTsBVtJqk8jxF9rh8ApRWfsIMQSt2uE4OcpQqbFu7f7NbTK05lx80nuSijCz7sc3a277R67g,ini server lu kenapa tolol akun diblokir login gabisa mo narik cash aja susah amat,1,0,,2025-11-17 11:27:26+00:00,Hai Kak Ari. Mohon maaf atas ketidaknyamanan dan kendala yang Kakak alami. Sebelumnya sempat terjadi kendala namun saat ini sudah berjalan normal. Silakan Kakak dapat mencoba kembali ya.,2025-11-17 13:14:48,,Dataset/dataset\BLU_googleplay_NOVEMBER_reviews.csv,login
9451abcf-466d-4e99-b020-b8bbca37e02c,Pengguna Google,https://play-lh.googleusercontent.com/EGemoI2NTXmTsBVtJqk8jxF9rh8ApRWfsIMQSt2uE4OcpQqbFu7f7NbTK05lx80nuSijCz7sc3a277R67g,hadehh pas lagi dibutuhin mau transfer gagal mulu padahal sudah update,3,0,3.144.0,2025-11-28 15:35:52+00:00,,,3.144.0,Dataset/dataset\OVO_googleplay_NOVEMBER_reviews.csv,transfer
d5c2b6f2-d83c-406a-8cce-b3f497988bea,Pengguna Google,https://play-lh.googleusercontent.com/EGemoI2NTXmTsBVtJqk8jxF9rh8ApRWfsIMQSt2uE4OcpQqbFu7f7NbTK05lx80nuSijCz7sc3a277R67g,suka banget si gagal transfer,1,0,,2025-12-25 21:19:09+00:00,,,,Dataset/dataset\OVO_googleplay_DECEMBER_reviews.csv,transfer
6332e14d-2592-4f27-8bf7-f7a56cb26587,Pengguna Google,https://play-lh.googleusercontent.com/EGemoI2NTXmTsBVtJqk8jxF9rh8ApRWfsIMQSt2uE4OcpQqbFu7f7NbTK05lx80nuSijCz7sc3a277R67g,sangat bagus dan bermanfaat minim biaya admin saat tarik tunai maupun transfer,5,0,1.59.0,2025-10-02 10:11:28+00:00,,,1.59.0,Dataset/dataset\GOPAY_googleplay_OCTOBER_reviews.csv,transfer
764a5fe9-8f18-4040-9751-bfcf217e9e24,Pengguna Google,https://play-lh.googleusercontent.com/EGemoI2NTXmTsBVtJqk8jxF9rh8ApRWfsIMQSt2uE4OcpQqbFu7f7NbTK05lx80nuSijCz7sc3a277R67g,"Baru aja buka rekening,coba buat transaksi,ga bisa di buka aplikasinya,ini gimana tolong!!, keterangannya ""Sesi kamu habis,Masuk lagi yuk"".udah coba berkali-kali tetap ga bisa login",5,44,2.5.0,2025-11-06 12:20:36+00:00,"Maaf atas ketidaknyamanannya. Pastikan Kakak sudah menggunakan aplikasi blu versi terbaru dan pastikan setting waktu di handphone Kakak sudah otomatis. Apabila sudah mencoba namun masih belum bisa, maka Kakak bisa langsung menghubungi X @haloblu atau email haloblu@bcadigital.co.id atau telepon 1500668 (layanan 24 jam).",2025-11-06 12:47:12,2.5.0,Dataset/dataset\BLU_googleplay_NOVEMBER_reviews.csv,login
7246a0fc-e569-48c4-bde9-48263e60cab2,Pengguna Google,https://play-lh.googleusercontent.com/EGemoI2NTXmTsBVtJqk8jxF9rh8ApRWfsIMQSt2uE4OcpQqbFu7f7NbTK05lx80nuSijCz7sc3a277R67g,akun saya blum bisa aktifin play later . padahal saya sering top up game ratusan setiap bulannya... mohon di bantu min,5,1,1.42.03,2025-12-02 17:23:17+00:00,"Hi Kak HIKO. Mohon maaf atas kendala tidak bisa aktivasi SPayLater. Kami siap membantu Kakak, Mohon menghubungi kami dengan detail kendala melalui DM ke Instagram @ShopeePay_ID yang bercentang biru, dan untuk ketentuan lebih lanjut bisa dicek pada https://help.shopee.co.id/article/72939. Semoga Membantu ^CS",2025-12-02 18:15:05,1.42.03,Dataset/dataset\SHOPEEPAY_googleplay_DECEMBER_reviews.csv,topup
58055015-badc-4154-96da-76dbb926d966,Pengguna Google,https://play-lh.googleusercontent.com/EGemoI2NTXmTsBVtJqk8jxF9rh8ApRWfsIMQSt2uE4OcpQqbFu7f7NbTK05lx80nuSijCz7sc3a277R67g,"transfer antar bank proses terus, saldo ga kembali. alasannya minta tambahan kerja terus. top up emoney saldo sudah di potong tp gamasuk ke emoney. gabisa komplen karna status nya ga ada transaksi tp saldo udah dipotong.",1,20,1.61.1,2025-10-21 14:24:40+00:00,"Hai Kak Rifky, pastikan nomor kartu yang dimasukkan sudah benar dan kamu sudah update saldo sesuai dengan ketentuan, ya. Jika masih bermasalah, laporkan melalui menu Bantuan > ketik ""Update saldo e-money tidak berhasil"" > isi formulir dan cantumkan kode psr-25-294-0756-46163 di bagian ""Ceritakan lebih lanjut"". ^Melisa",2025-10-21 14:56:54,1.61.1,Dataset/dataset\GOPAY_googleplay_OCTOBER_reviews.csv,topup
e40e7dc6-ce0f-4372-8cec-680d07aeb086,Pengguna Google,https://play-lh.googleusercontent.com/EGemoI2NTXmTsBVtJqk8jxF9rh8ApRWfsIMQSt2uE4OcpQqbFu7f7NbTK05lx80nuSijCz7sc3a277R67g,mohon maaf ini kenapa ya GK bisa login karna no hpnya GK dapet otp Mulu tolong dong saya masih punya utang dishopeepay,3,0,1.42.03,2025-11-10 21:53:19+00:00,"Hi Kak Panter 903. Mohon maaf atas kendala tidak menerima kode OTP saat login. Pastikan jaringan diponsel stabil/full, tdk memblokir nomor resmi Shopee. Bisa dicoba nyalakan lalu matikan mode pesawat untuk mereset jaringan, kemudian minta kirim ulang SMS/OTP suara, Jika masih terkendala mohon hubungi kami melalui DM ke Instagram @ShopeePay_ID. ^CS",2025-11-11 13:27:24,1.42.03,Dataset/dataset\SHOPEEPAY_googleplay_NOVEMBER_reviews.csv,login
15a7b94b-8391-487a-ab3e-03f63591d8cf,Pengguna Google,https://play-lh.googleusercontent.com/EGemoI2NTXmTsBVtJqk8jxF9rh8ApRWfsIMQSt2uE4OcpQqbFu7f7NbTK05lx80nuSijCz7sc3a277R67g,"sumpah sabar tawakal, login mbanking mandiri dari kemarin lemot banget, transaksi lemot, biaya admin banyak pilihan nya yang tadi nya bisa bi fast skrg gabisa. ampun deh",1,1,3.2.0,2025-12-01 10:02:25+00:00,"Hi Sahabat @merry meymey, mohon maaf atas ketidaknyamanannya. Perihal tsb kami sarankan Sahabat melakukan force close kemudian restart device, pastikan jaringan stabil dan tidak menggunakan WiFi. Apabila masih terkendala dapat mengirimkan email ke mandiricare@bankmandiri.co.id atau menghubungi mandiri call 14000. Tks~Carissa",2025-12-01 10:04:02,3.2.0,Dataset/dataset\LIVIN_googleplay_DECEMBER_reviews.csv,login
8e4c03b8-18b3-4ee6-9aac-ca2ec7acea98,Pengguna Google,https://play-lh.googleusercontent.com/EGemoI2NTXmTsBVtJqk8jxF9rh8ApRWfsIMQSt2uE4OcpQqbFu7f7NbTK05lx80nuSijCz7sc3a277R67g,jadi lebih gampang untuk TF,5,0,,2025-10-05 09:06:59+00:00,,,,Dataset/dataset\GOPAY_googleplay_OCTOBER_reviews.csv,transfer
961d17e9-66a2-4bc4-ab3f-91bd01122f29,Pengguna Google,https://play-lh.googleusercontent.com/EGemoI2NTXmTsBVtJqk8jxF9rh8ApRWfsIMQSt2uE4OcpQqbFu7f7NbTK05lx80nuSijCz7sc3a277R67g,"GK jls ,top'af saya dr tgl 5 smpek skrg blom msuk TF melalui ewalet dana ke gopay",1,0,1.61.2,2025-11-07 02:03:24+00:00,"Hai Kak Rudiono, pastikan nomor tujuan sudah benar, sudah cek halaman Riwayat, dan coba keluar dan masuk kembali ke aplikasi. Jika saldo masih belum masuk, silakan laporkan melalui menu Bantuan > ketik 'Top up GoPay saya belum masuk' > isi formulir dan cantumkan kode psr-25-311-0658-54045 pada bagian 'Ceritakan lebih lanjut'. ^Melisa",2025-11-07 13:59:01,1.61.2,Dataset/dataset\GOPAY_googleplay_NOVEMBER_reviews.csv,transfer
804f664c-1080-4472-8702-1e24ce81827f,Pengguna Google,https://play-lh.googleusercontent.com/EGemoI2NTXmTsBVtJqk8jxF9rh8ApRWfsIMQSt2uE4OcpQqbFu7f7NbTK05lx80nuSijCz7sc3a277R67g,"saya topup dana kok harus nunggu besok, dana di tranfernya, ini gimana to",2,0,1.44.05,2025-12-12 12:36:31+00:00,"Hi Kak Hermanto 17. Mohon maaf atas kendala Tansfer Top Up DANA yang belum diterima. Terkait kendala tersebut mohon menghubungi kami melalui DM ke Instagram @ShopeePay_ID yang bercentang biru, dengan menginformasikan detail dan bukti kendala untuk bantuan lebih lanjut. Semoga kendala kakak segera terselesaikan ya. ^CS",2025-12-12 13:30:08,1.44.05,Dataset/dataset\SHOPEEPAY_googleplay_DECEMBER_reviews.csv,topup
581ba3f0-f3b3-4e55-a7f0-8f40179e2d00,Pengguna Google,https://play-lh.googleusercontent.com/EGemoI2NTXmTsBVtJqk8jxF9rh8ApRWfsIMQSt2uE4OcpQqbFu7f7NbTK05lx80nuSijCz7sc3a277R67g,Ni mau topup susah bgt pk mbkinng / wallet loading lama g kelar kelar,1,0,8.76.0,2025-11-05 13:55:34+00:00,"Halo, Jagoan. Mohon maaf atas kendala yang terjadi ya. Kamu tidak perlu khawatir, kamu bisa menjelaskan detail kendala tersebut melalui email di tanya@jago.com atau call center 1500 746 untuk kami bantu tangani lebih lanjut. Terima kasih :)",2025-11-05 14:15:16,8.76.0,Dataset/dataset\JAGO_googleplay_NOVEMBER_reviews.csv,topup
609f817f-2384-48a8-8e8a-75f8775706ab,Pengguna Google,https://play-lh.googleusercontent.com/EGemoI2NTXmTsBVtJqk8jxF9rh8ApRWfsIMQSt2uE4OcpQqbFu7f7NbTK05lx80nuSijCz7sc3a277R67g,gopay aman dan mempercepat transfer uang gopay oke,4,0,,2025-11-11 17:54:22+00:00,,,,Dataset/dataset\GOPAY_googleplay_NOVEMBER_reviews.csv,transfer
cc695462-60ec-4a7a-a745-ab4fb8e83188,Pengguna Google,https://play-lh.googleusercontent.com/EGemoI2NTXmTsBVtJqk8jxF9rh8ApRWfsIMQSt2uE4OcpQqbFu7f7NbTK05lx80nuSijCz7sc3a277R67g,"aplikasi maling,gua top up isaku tanggal 28 September jam 02:31 pagi sampe sekarang belum masuk, estimasi katanya 2hari kerja tapi nyatanya sampe sekarang blm masuk,emng aplikasi maling",1,1,,2025-10-06 02:07:40+00:00,"Hai Kak Mohamad, mohon maaf atas ketidaknyamanannya. Terkait keluhan tersebut, silakan laporkan melalui email ke customerservice@gopay.co.id dengan melampirkan kode psr-25-279-0036-41257 pada subject email. Kami tunggu detail laporan kamu ya. ^Maura",2025-10-06 07:36:46,,Dataset/dataset\GOPAY_googleplay_OCTOBER_reviews.csv,topup
9ad997f7-cd02-4091-9929-8f9d8659cdc9,Pengguna Google,https://play-lh.googleusercontent.com/EGemoI2NTXmTsBVtJqk8jxF9rh8ApRWfsIMQSt2uE4OcpQqbFu7f7NbTK05lx80nuSijCz7sc3a277R67g,saya pernah transfer ke gopay padahal nomer nya salah tapi transaksi berhasil tak urus ke bank nya suruh ke gopay nya aneh sekali,1,1,,2025-11-11 15:37:49+00:00,,,,Dataset/dataset\GOPAY_googleplay_NOVEMBER_reviews.csv,transfer
fc9db274-6b9b-468c-9411-4bd8d45cc6b1,Pengguna Google,https://play-lh.googleusercontent.com/EGemoI2NTXmTsBVtJqk8jxF9rh8ApRWfsIMQSt2uE4OcpQqbFu7f7NbTK05lx80nuSijCz7sc3a277R67g,"gopay kenapa sih? ribet bgt, ngalangin orang top up ke gopay aja. udah seminggu kek gini.",1,0,1.60.0,2025-11-02 10:24:01+00:00,"Hai Kak Khesa, mohon maaf atas ketidaknyamanan yang dialami. Dapat kami sampaikan bahwa sebelumnya terdapat pemeliharaan sistem sehingga transaksi Kakak terhambat sementara. Silakan Kakak untuk melakukan pengecekan secara berkala. Terima kasih. ^Maura",2025-04-03 09:12:13,1.60.0,Dataset/dataset\GOPAY_googleplay_NOVEMBER_reviews.csv,topup
3484cdc2-4113-41ca-a685-084862a5ca8b,Pengguna Google,https://play-lh.googleusercontent.com/EGemoI2NTXmTsBVtJqk8jxF9rh8ApRWfsIMQSt2uE4OcpQqbFu7f7NbTK05lx80nuSijCz7sc3a277R67g,apasi livin susah banget transaksi jam 2 malem mau topup ewalet aja susah nya kaya apaan tau mau bayar greb aja Qris gagal terus... payahhh,1,1,3.2.0,2025-11-15 01:50:28+00:00,"Hai Sahabat @Perdi Hermawan, mohon maaf atas ketidaknyamanannya. Utk pengecekan lebih lanjut atas kendala yg dialami, kami persilakan mengirimkan pesan melalui layanan email kami di mandiricare@bankmandiri.co.id atau mandiri call 14000 ya. Tks~Tommy",2025-11-15 01:55:25,3.2.0,Dataset/dataset\LIVIN_googleplay_NOVEMBER_reviews.csv,qris
fd0499a0-4b97-48d6-a586-62f135a5982f,Pengguna Google,https://play-lh.googleusercontent.com/EGemoI2NTXmTsBVtJqk8jxF9rh8ApRWfsIMQSt2uE4OcpQqbFu7f7NbTK05lx80nuSijCz7sc3a277R67g,"transaksi nya mudah, cepat, banyak promo nya, paling hemat tanpa biaya admin saat transfer kemana saja",5,0,1.61.2,2025-11-05 03:24:07+00:00,,,1.61.2,Dataset/dataset\GOPAY_googleplay_NOVEMBER_reviews.csv,transfer
a68f57c3-7e6e-4c6d-b03e-03fde20dfe19,Pengguna Google,https://play-lh.googleusercontent.com/EGemoI2NTXmTsBVtJqk8jxF9rh8ApRWfsIMQSt2uE4OcpQqbFu7f7NbTK05lx80nuSijCz7sc3a277R67g,saldo sama rekening gua ko ga keliatan tapi bisa login.,1,0,3.2.0,2025-12-23 23:42:11+00:00,"Halo Sahabat @johan surachman, mohon maaf atas ketidaknyamannya. Perihal kendala pada layanan Livin' by Mandiri, mohon untuk dapat mengirimkan email ke mandiricare@bankmandiri.co.id atau dapat menghubungi layanan mandiri 14000 agar dapat dilakukan pengecekan. Tks~Kale",2025-12-23 23:46:40,3.2.0,Dataset/dataset\LIVIN_googleplay_DECEMBER_reviews.csv,login
1ff53aa4-c19b-4eaa-aa8e-1ac4bca98523,Pengguna Google,https://play-lh.googleusercontent.com/EGemoI2NTXmTsBVtJqk8jxF9rh8ApRWfsIMQSt2uE4OcpQqbFu7f7NbTK05lx80nuSijCz7sc3a277R67g,"halah, tinggal salah tf aja kkatanya tanggung jawab pelanggan kata CS nya, padahal pihak aplikasi bisa aja nge bantuin, jujur rugi banget",1,0,,2025-11-13 16:53:54+00:00,"Hai Kak Dirli, mohon maaf atas ketidaknyamanannya. Jika masih mengalami keluhan, silakan laporkan melalui email ke customerservice@gopay.co.id dengan melampirkan kode psr-25-317-1021-16393 pada subject email dan cantumkan nomor laporan sebelumnya serta ceritakan kembali detail permasalahannya. Kami tunggu detail laporan kamu ya. ^Miko",2025-11-13 17:21:27,,Dataset/dataset\GOPAY_googleplay_NOVEMBER_reviews.csv,transfer
71bb24e9-3e7e-4986-bf8c-66d3588e57ca,Pengguna Google,https://play-lh.googleusercontent.com/EGemoI2NTXmTsBVtJqk8jxF9rh8ApRWfsIMQSt2uE4OcpQqbFu7f7NbTK05lx80nuSijCz7sc3a277R67g,udah transfer saldo ga masuk aneh,1,0,1.60.0,2025-10-16 20:52:07+00:00,"Hai Kak Meri, mohon maaf atas ketidaknyamanannya. Pastikan nomor tujuan transfer sudah benar dan sudah cek halaman Riwayat. Jika saldo belum juga bertambah, laporkan detailnya melalui email customerservice@gopay.co.id dan cantumkan kode psr-25-289-1454-39065 pada subject email yang kamu kirimkan ya. ^Melisa",2025-10-16 21:54:47,1.60.0,Dataset/dataset\GOPAY_googleplay_OCTOBER_reviews.csv,transfer
99f5983d-3cd1-4ad9-adf5-1e5bdb647351,Pengguna Google,https://play-lh.googleusercontent.com/EGemoI2NTXmTsBVtJqk8jxF9rh8ApRWfsIMQSt2uE4OcpQqbFu7f7NbTK05lx80nuSijCz7sc3a277R67g,silakan di lihat mana ada di apk nya ada artikel saya tidak bisa login dengan face id,1,0,1.59.0,2025-10-06 19:21:11+00:00,"Mohon maaf atas kendalanya, Kak Fatir. Sebelum login, pastikan fitur Face ID/Sidik Jari sudah aktif dan pola atau kata sandi yang dimasukkan sudah benar. Untuk info lebih lanjut, kunjungi halaman bantuan login > klik ikon ""?"" > pilih ""Tidak bisa masuk ke akun GoPay"" > pilih artikel ""Saya tidak bisa masuk dengan Face ID/Sidik Jari"". ^Miko",2025-10-05 22:08:16,1.59.0,Dataset/dataset\GOPAY_googleplay_OCTOBER_reviews.csv,login
f274a8ad-2360-4fad-927a-6b93094412d6,Pengguna Google,https://play-lh.googleusercontent.com/EGemoI2NTXmTsBVtJqk8jxF9rh8ApRWfsIMQSt2uE4OcpQqbFu7f7NbTK05lx80nuSijCz7sc3a277R67g,mantul kalau transfer ke semua bank gratis,5,0,1.61.2,2025-11-04 20:38:00+00:00,,,1.61.2,Dataset/dataset\GOPAY_googleplay_NOVEMBER_reviews.csv,transfer
1114b339-7bac-4e9e-970e-a8cb52f273ed,Pengguna Google,https://play-lh.googleusercontent.com/EGemoI2NTXmTsBVtJqk8jxF9rh8ApRWfsIMQSt2uE4OcpQqbFu7f7NbTK05lx80nuSijCz7sc3a277R67g,lama 2 ni apliksi ga jelas dah... gw top up dr saldo tunai grab sampai sekarang ga masuk2 ... d email ga ada respon sama sekali bener2 dah bikin gregetan ...,1,0,3.148.0,2025-12-06 20:14:34+00:00,,,3.148.0,Dataset/dataset\OVO_googleplay_DECEMBER_reviews.csv,topup
74d5bd39-a034-44c4-b1f8-84d2d1de0aaf,Pengguna Google,https://play-lh.googleusercontent.com/EGemoI2NTXmTsBVtJqk8jxF9rh8ApRWfsIMQSt2uE4OcpQqbFu7f7NbTK05lx80nuSijCz7sc3a277R67g,katanya diperlukan verifikasi tambahan jadi gabisa login anjir lah padahal saya liat tutor di yt gaperlu verifikasi tambahan,3,0,3.2.0,2025-12-16 09:54:18+00:00,"Hai Sahabat @Delvi Elfina, mohon maaf atas ketidaknyamanannya. Terkait kendala Sahabat mohon untuk dapat mengirimkan email ke mandiricare@bankmandiri.co.id atau dapat menghubungi Mandiri Call 14000 lalu tekan 2 agar dapat dilakukan pengecekan. Tks~Kila",2025-12-16 09:58:19,3.2.0,Dataset/dataset\LIVIN_googleplay_DECEMBER_reviews.csv,login
e2474fe1-2b37-46be-8527-37281bb8b1c7,Pengguna Google,https://play-lh.googleusercontent.com/EGemoI2NTXmTsBVtJqk8jxF9rh8ApRWfsIMQSt2uE4OcpQqbFu7f7NbTK05lx80nuSijCz7sc3a277R67g,"mudah bebelanja online, apa lagi di tambah fitur pembayaran dengan qris",5,1,1.43.10,2025-11-23 07:06:52+00:00,"Hi Kak. Terima kasih telah menggunakan ShopeePay. Mari cek aplikasi ShopeePay karena banyak fitur yang mempermudah keseharian kakak seperti pembelian pulsa, paket data, pembayaran tagihan listrik dan pembayaran lainnya. Jika kakak memiliki pertanyaan seputar ShopeePay, mohon DM kami di Instagram @ShopeePay_ID ya. Semoga harimu menyenangkan ^RJ",2025-11-24 10:00:20,1.43.10,Dataset/dataset\SHOPEEPAY_googleplay_NOVEMBER_reviews.csv,qris
73759c7a-687b-41d1-adca-0596b966b322,Pengguna Google,https://play-lh.googleusercontent.com/EGemoI2NTXmTsBVtJqk8jxF9rh8ApRWfsIMQSt2uE4OcpQqbFu7f7NbTK05lx80nuSijCz7sc3a277R67g,kenapa saya tidak bisa login menggunakan akun shopee saya? disuruh menghubungi costumer service terus..,1,0,,2025-10-14 21:54:40+00:00,"Hi Kak Rizki. Mohon maaf mengenai kendala tidak bisa login ShopeePay menggunakan akun Shopee. Untuk kendala kakak, mohon menghubungi kami melalui DM ke Instagram @ShopeePay_ID yang bercentang biru, dengan menginformasikan detail dan bukti kendala untuk bantuan lebih lanjut. Semoga kendala kakak segera terselesaikan ya. ^CS",2025-10-15 12:16:35,,Dataset/dataset\SHOPEEPAY_googleplay_OCTOBER_reviews.csv,login
e72e73ec-e9b6-4fde-a936-b73e2e34408a,Pengguna Google,https://play-lh.googleusercontent.com/EGemoI2NTXmTsBVtJqk8jxF9rh8ApRWfsIMQSt2uE4OcpQqbFu7f7NbTK05lx80nuSijCz7sc3a277R67g,seting terjadi kesalahan saat tf ke bank lain apk rusakk,1,0,3.147.0,2025-11-22 05:12:05+00:00,,,3.147.0,Dataset/dataset\OVO_googleplay_NOVEMBER_reviews.csv,transfer
f0bc2d9d-781c-4eb8-b9a6-4b143346f8d6,Pengguna Google,https://play-lh.googleusercontent.com/EGemoI2NTXmTsBVtJqk8jxF9rh8ApRWfsIMQSt2uE4OcpQqbFu7f7NbTK05lx80nuSijCz7sc3a277R67g,"aplikasi bodoh, susah banget mau verifikasi wajah",1,0,,2025-11-18 00:12:20+00:00,"Halo Sahabat @ardi adi, mohon maaf atas ketidaknyamanannya. Apabila terdapat kendala agar dapat kami tindaklanjuti, Sahabat dapat mengirimkan email ke mandiricare@bankmandiri.co.id atau menghubungi layanan mandiri call 14000 ya. Tks~Carlos",2025-11-18 00:17:31,,Dataset/dataset\LIVIN_googleplay_NOVEMBER_reviews.csv,vermuk
52a339de-5651-47f2-84d5-2fb2d034fb56,Pengguna Google,https://play-lh.googleusercontent.com/EGemoI2NTXmTsBVtJqk8jxF9rh8ApRWfsIMQSt2uE4OcpQqbFu7f7NbTK05lx80nuSijCz7sc3a277R67g,"Kalo ga terkait dengan aplikasi GRAB jujur saya OGAH pake OVO. Saran untuk pengembang : Bercermin lah dari Aplikasi DANA, E-wallet TERBAIK se Indonesia, bisa terima dan transfer Gratis kemana pun, ga ribet dan TIDAK PERNAH trouble/error/gangguan! Uang 2,500 bagi kami driver Grab atau masyarakat kelas bawah sangat berharga, untuk transfer uang kecil dengan biaya 2,500 itu sangat mahal.",1,0,,2025-11-17 08:59:54+00:00,,,,Dataset/dataset\OVO_googleplay_NOVEMBER_reviews.csv,transfer
3390d077-c67d-4313-8c88-4d359f432f04,Pengguna Google,https://play-lh.googleusercontent.com/EGemoI2NTXmTsBVtJqk8jxF9rh8ApRWfsIMQSt2uE4OcpQqbFu7f7NbTK05lx80nuSijCz7sc3a277R67g,apk e wallet mantap sangat rekomen....banyak promo nya dan transfer gratis antar Bank nya itu banyak sekali,5,7,1.61.2,2025-11-05 10:32:50+00:00,,,1.61.2,Dataset/dataset\GOPAY_googleplay_NOVEMBER_reviews.csv,transfer
d7d0f4b9-de28-496a-a490-f52711d5cfc1,Pengguna Google,https://play-lh.googleusercontent.com/EGemoI2NTXmTsBVtJqk8jxF9rh8ApRWfsIMQSt2uE4OcpQqbFu7f7NbTK05lx80nuSijCz7sc3a277R67g,"hei buat cs Tolong dong respon nya kalau di email tuh direspon. saya mau mengadukan kendala saya malah respon nya ga jelas. baca ini tolong gimana kak. tolong dong kak bagaimana ini saya tidak bisa login bahkan mengganti nomor saja gagal terus alasan nya ini hanya sementara, sementara apaan berulang kali dicoba sama aja. itu ada saldo saya tolong tanggung jawabnya.",5,11,3.148.0,2025-12-02 00:19:45+00:00,,,3.148.0,Dataset/dataset\OVO_googleplay_DECEMBER_reviews.csv,login
059b1947-cf03-49b0-8d4e-d39e67f59d39,Pengguna Google,https://play-lh.googleusercontent.com/EGemoI2NTXmTsBVtJqk8jxF9rh8ApRWfsIMQSt2uE4OcpQqbFu7f7NbTK05lx80nuSijCz7sc3a277R67g,Aplikasi nya bagus koneksi stabil pada saat login cukup baik tetapi Sangat disayangkan terkait tranfer antar bank dan isi saldo dikenai potongan! Saran saya pihak OVO agar bisa memberikan Vitur apl Ovo Gratis antar bank Sperti apl DANA dan lain² e-wallet lain. sekian Saran dari saya terimaksih🙏🙏🙂,3,0,,2025-12-08 09:25:05+00:00,,,,Dataset/dataset\OVO_googleplay_DECEMBER_reviews.csv,login
41a1c8b8-0000-4fac-9373-c424efd8ee56,Pengguna Google,https://play-lh.googleusercontent.com/EGemoI2NTXmTsBVtJqk8jxF9rh8ApRWfsIMQSt2uE4OcpQqbFu7f7NbTK05lx80nuSijCz7sc3a277R67g,"apk gajelas, gabisa transaksi top up, ada pemberitahuan ""aktivitas tidak wajar"" padahal ga ngapa-ngapain, benerin ga!! mw top up buat misi keburu hangus eventnya inimah",1,3,1.62.0,2025-11-11 21:39:38+00:00,"Hai Kak Dzikri, mohon maaf atas ketidaknyamanannya. Pastikan nomor tujuan valid dan sudah menggunakan aplikasi GoPay versi terbaru ya. Jika masih berkendala, silakan laporkan melalui email ke customerservice@gopay.co.id dan cantumkan kode psr-25-316-0201-32443 pada subjek email. ^Miko",2025-11-12 09:01:51,1.62.0,Dataset/dataset\GOPAY_googleplay_NOVEMBER_reviews.csv,topup
c3456b79-98ca-46ed-b11e-596523c6d8f3,Pengguna Google,https://play-lh.googleusercontent.com/EGemoI2NTXmTsBVtJqk8jxF9rh8ApRWfsIMQSt2uE4OcpQqbFu7f7NbTK05lx80nuSijCz7sc3a277R67g,Kalau di uninstal terus di instal lagi login nya harus pakai nomor kartu. sedangkan saya registrasi hanya lewat online saja,1,0,,2025-12-26 12:37:21+00:00,"Halo Sahabat @Yoga Blegux, mohon maaf atas ketidaknyamanannya. Terkait kendala Sahabat mohon untuk dapat mengirimkan email ke mandiricare@bankmandiri.co.id atau dapat menghubungi Mandiri Call 14000 lalu tekan 2 agar dapat dilakukan pengecekan. Tks~Momo",2025-12-26 13:03:12,,Dataset/dataset\LIVIN_googleplay_DECEMBER_reviews.csv,login
bd200164-d3bb-4e18-9d6b-db8c2fcc9965,Pengguna Google,https://play-lh.googleusercontent.com/EGemoI2NTXmTsBVtJqk8jxF9rh8ApRWfsIMQSt2uE4OcpQqbFu7f7NbTK05lx80nuSijCz7sc3a277R67g,"verifikasi wajah salah mulu, pdhl di aplikasi lain gampang banget terdeteksi",1,0,2.5.0,2025-11-10 14:06:31+00:00,"Hai, Kak Dafa. Maaf atas ketidaknyamanannya. Kami akan selalu berusaha memberikan yang terbaik demi kebutuhan perbankan Kakak. Terkait hal tersebut pastikan beberapa hal berikut, pastikan Kakak tidak memakai sunglasses, di tempat yang terang, tidak backlight, posisi wajah di dalam lingkaran dan pastikan aplikasi blu versi terupdate ya.",2025-11-10 14:39:52,2.5.0,Dataset/dataset\BLU_googleplay_NOVEMBER_reviews.csv,vermuk
edc7de21-3815-4980-877f-81bc9e720f8d,Pengguna Google,https://play-lh.googleusercontent.com/EGemoI2NTXmTsBVtJqk8jxF9rh8ApRWfsIMQSt2uE4OcpQqbFu7f7NbTK05lx80nuSijCz7sc3a277R67g,"promo pembelian pertama top up game mobile legend berupa cashback wdp tidak diberikan, apa apan ini melanjutkan laporan kemarin hingga sekarang masih belum di dapat cashback yang di janjikan apa²an promo peniipu",2,0,1.60.0,2025-11-15 16:34:49+00:00,"Hai Kak Anton, mohon maaf atas ketidaknyamanannya. Mengenai promo mengikuti syarat dan ketentuan yang berlaku. Apabila cashback belum masuk, mohon menunggu 1x24 jam terlebih dahulu. Selengkapnya dapat cek pada menu Bantuan di aplikasi GoPay > ketik ""Cashback saya belum masuk"" di kolom pencarian. ^Maura",2025-11-14 19:00:17,1.60.0,Dataset/dataset\GOPAY_googleplay_NOVEMBER_reviews.csv,topup
393fc42b-6035-452f-966a-be33222ece20,Pengguna Google,https://play-lh.googleusercontent.com/EGemoI2NTXmTsBVtJqk8jxF9rh8ApRWfsIMQSt2uE4OcpQqbFu7f7NbTK05lx80nuSijCz7sc3a277R67g,"buat dari pihak gopay tolong Atas pertanggung jawab nya ni saya baru top up 405.000 ribu trus setelah saya mau melakukan transaksi pengiriman tiba"" sisa saldo saya tinggal 40 ribu lagi truss saya lihat tiba"" ada transaksi pembelian dengan harga 365.000 Tampa ada verivikasi dari saya padahal akun nya dah saya buat aman kenapa tiba"" gopay melakukan transaksi Tampa ada verivikasi dari saya terlebih dahulu tolong di respon keluhan saya sudah rugi...",1,0,1.60.0,2025-11-14 16:28:36+00:00,"Hai Kak Putra, mohon maaf atas ketidaknyamanannya. Terkait keluhan tersebut, silakan laporkan melalui email ke customerservice@gopay.co.id dengan melampirkan kode psr-25-318-0952-56680 pada subject email. Kami tunggu detail laporan kamu ya. ^Maura",2025-11-14 16:53:02,1.60.0,Dataset/dataset\GOPAY_googleplay_NOVEMBER_reviews.csv,topup
0c6bf305-2b0c-437f-b4ba-9c6cf51dce94,Pengguna Google,https://play-lh.googleusercontent.com/EGemoI2NTXmTsBVtJqk8jxF9rh8ApRWfsIMQSt2uE4OcpQqbFu7f7NbTK05lx80nuSijCz7sc3a277R67g,aku kasih full soalnya mudah buat TF,5,0,1.64.1,2025-11-29 22:12:06+00:00,,,1.64.1,Dataset/dataset\GOPAY_googleplay_NOVEMBER_reviews.csv,transfer
9595e93d-0c87-4647-b60a-15f317c3c937,Pengguna Google,https://play-lh.googleusercontent.com/EGemoI2NTXmTsBVtJqk8jxF9rh8ApRWfsIMQSt2uE4OcpQqbFu7f7NbTK05lx80nuSijCz7sc3a277R67g,login nya ribet no hp hilang. padahal udah vermuk & ketik no nik ttp aja masih minta otp .,1,0,,2025-12-25 04:40:15+00:00,"Halo, Jagoan. Mohon maaf atas kendala yang terjadi ya. Kamu tidak perlu khawatir, kamu bisa menjelaskan detail kendala tersebut melalui email di tanya@jago.com atau call center 1500 746 untuk kami bantu tangani lebih lanjut. Terima kasih :)",2025-12-25 05:16:18,,Dataset/dataset\JAGO_googleplay_DECEMBER_reviews.csv,login
2933d358-d4f9-4db7-aadb-d4fb326d4819,Pengguna Google,https://play-lh.googleusercontent.com/EGemoI2NTXmTsBVtJqk8jxF9rh8ApRWfsIMQSt2uE4OcpQqbFu7f7NbTK05lx80nuSijCz7sc3a277R67g,"Proses Loginnya ribet, walau sandi sudah benar, verifikasi ke device lama Notifikasi Login Lambat padahal Internet Speed 100mbps, pakai cara lain harus input NIK, dan Selfie. beda banget sama GoPay.",2,0,8.76.0,2025-11-10 19:00:14+00:00,"Halo, Jagoan. Mohon maaf atas kendala yang terjadi ya. Kamu tidak perlu khawatir, kamu bisa menjelaskan detail kendala tersebut melalui email di tanya@jago.com atau call center 1500 746 untuk kami bantu tangani lebih lanjut. Terima kasih :)
",2025-11-10 19:32:22,8.76.0,Dataset/dataset\JAGO_googleplay_NOVEMBER_reviews.csv,login
f560736c-45ed-43bf-b554-f6f2504355ee,Pengguna Google,https://play-lh.googleusercontent.com/EGemoI2NTXmTsBVtJqk8jxF9rh8ApRWfsIMQSt2uE4OcpQqbFu7f7NbTK05lx80nuSijCz7sc3a277R67g,"paling burik dari bang lain,, kalo sudah hilang nomer hp, masuk ke akun ini paling susah ,, setengah mati sampe harus ikhlas,, jaringan susah verifikasi wajah gagal terus bank apa begini",1,0,8.77.3,2025-11-21 22:08:12+00:00,"Halo, Jagoan! Mohon maaf apabila terdapat fitur atau layanan Jago yang belum sesuai harapan kamu. Kamu bisa menghubungi Tanya Jago di nomor 1500746 / 021-30000746 atau e-mail ke tanya@jago.com untuk kami bantu cek kendalanya lebih lanjut ya. Agent kami dengan senang hati membantu kamu.",2025-11-21 22:42:35,8.77.3,Dataset/dataset\JAGO_googleplay_NOVEMBER_reviews.csv,vermuk
372b8930-e7d9-4b83-8e04-081323182c20,Pengguna Google,https://play-lh.googleusercontent.com/EGemoI2NTXmTsBVtJqk8jxF9rh8ApRWfsIMQSt2uE4OcpQqbFu7f7NbTK05lx80nuSijCz7sc3a277R67g,lancar utk tf,5,0,1.59.0,2025-10-07 09:26:28+00:00,,,1.59.0,Dataset/dataset\GOPAY_googleplay_OCTOBER_reviews.csv,transfer
8a9d1456-e5d6-40b2-a185-ac5162192521,Pengguna Google,https://play-lh.googleusercontent.com/EGemoI2NTXmTsBVtJqk8jxF9rh8ApRWfsIMQSt2uE4OcpQqbFu7f7NbTK05lx80nuSijCz7sc3a277R67g,"saya tf sejumlah uang dr akunDANA ke akun OVO kenapa tidak masuk saldonya??? padahal dari DANA nya udah berhasil, tolong dibantu itu knp bisa begitu tolong di perbaiki.untuk sekarang aku kasih Bintang 3 dl nti klo saldo ku dah masuk di akun OVO ditambah lg jd 5.mks",3,4,3.146.0,2025-10-30 16:33:41+00:00,,,3.146.0,Dataset/dataset\OVO_googleplay_OCTOBER_reviews.csv,transfer
f427a188-f064-4fbf-ac5d-c3dde1426705,Pengguna Google,https://play-lh.googleusercontent.com/EGemoI2NTXmTsBVtJqk8jxF9rh8ApRWfsIMQSt2uE4OcpQqbFu7f7NbTK05lx80nuSijCz7sc3a277R67g,teman saya tf sudh 2kali tapi saldo saya tidak nambahh,3,0,1.49.1,2025-10-29 11:57:53+00:00,"Hai Kak Nasywaauliya, pastikan nomor tujuan sudah benar, sudah cek halaman Riwayat, dan coba keluar dan masuk kembali ke aplikasi. Jika saldo masih belum masuk, silakan laporkan melalui menu Bantuan > ketik 'Top up GoPay saya belum masuk' > isi formulir dan cantumkan kode psr-25-302-0602-43882 pada bagian 'Ceritakan lebih lanjut'. ^Maura",2025-10-29 13:02:48,1.49.1,Dataset/dataset\GOPAY_googleplay_OCTOBER_reviews.csv,transfer
883ec7f9-f53f-42f8-b636-8c1d5f3d0329,Pengguna Google,https://play-lh.googleusercontent.com/EGemoI2NTXmTsBVtJqk8jxF9rh8ApRWfsIMQSt2uE4OcpQqbFu7f7NbTK05lx80nuSijCz7sc3a277R67g,iii bisa topup banya banya,5,0,,2025-10-14 14:13:11+00:00,,,,Dataset/dataset\GOPAY_googleplay_OCTOBER_reviews.csv,topup
1e3b6f53-8610-4b51-be4d-48106384bdf7,Pengguna Google,https://play-lh.googleusercontent.com/EGemoI2NTXmTsBVtJqk8jxF9rh8ApRWfsIMQSt2uE4OcpQqbFu7f7NbTK05lx80nuSijCz7sc3a277R67g,tingkatkan kembali dengan permasalahan untk perpindahan akun lama ke akun baru. soa nya bnyak yg tidak ingat dengan akun lama nomor/email yg di daftarkan buat login kembali,2,0,,2025-11-02 14:09:08+00:00,,,,Dataset/dataset\GOPAY_googleplay_NOVEMBER_reviews.csv,login
c322199a-0314-4708-b5f7-9c1a8af06e9d,Pengguna Google,https://play-lh.googleusercontent.com/EGemoI2NTXmTsBVtJqk8jxF9rh8ApRWfsIMQSt2uE4OcpQqbFu7f7NbTK05lx80nuSijCz7sc3a277R67g,saya transfer dari ovo ke bank prtgal 6 g ada msuk rekening.trus g ada pemberitahuan lgi notip.dilihat di riwayat g ada rincian y .saldo dah kepotong ini TPI g masuk rekening.mau raporan g ada bukti transaksi.tpi saldo ovo dah g ada kepotong payah ovo coba perbaiki.,1,0,3.148.0,2025-12-08 10:38:14+00:00,,,3.148.0,Dataset/dataset\OVO_googleplay_DECEMBER_reviews.csv,transfer
388540a3-defa-4dbb-a0f1-be17f683164b,Pengguna Google,https://play-lh.googleusercontent.com/EGemoI2NTXmTsBVtJqk8jxF9rh8ApRWfsIMQSt2uE4OcpQqbFu7f7NbTK05lx80nuSijCz7sc3a277R67g,sangat membantuuu gratis transfer,5,0,8.74.0,2025-10-16 22:32:23+00:00,,,8.74.0,Dataset/dataset\JAGO_googleplay_OCTOBER_reviews.csv,transfer
20233dee-493d-4462-b1dd-6952f159a50a,Pengguna Google,https://play-lh.googleusercontent.com/EGemoI2NTXmTsBVtJqk8jxF9rh8ApRWfsIMQSt2uE4OcpQqbFu7f7NbTK05lx80nuSijCz7sc3a277R67g,"lemot gak bisa masuk aplikasi...,, jd ada transferan gi bisa liat ntah uang masuk ap blom ny jd nyesel dehh minta om bayaran tf dr customer lwt ovo",1,0,3.150.0,2025-12-26 20:21:50+00:00,,,3.150.0,Dataset/dataset\OVO_googleplay_DECEMBER_reviews.csv,transfer
b15e9ec1-407e-4440-be4e-bc01e8ce56f9,Pengguna Google,https://play-lh.googleusercontent.com/EGemoI2NTXmTsBVtJqk8jxF9rh8ApRWfsIMQSt2uE4OcpQqbFu7f7NbTK05lx80nuSijCz7sc3a277R67g,"baik sebenernya.. tapi ada beberapa pengalaman beli kuota masuk lama pdhal topup cepet.. jadi kasih info item itu kasih tanda sedang gangguan, kebanyakan orang beli karna urgent gk semua orang mau menunggu",1,4,1.60.0,2025-10-19 06:54:48+00:00,,,1.60.0,Dataset/dataset\GOPAY_googleplay_OCTOBER_reviews.csv,topup
272f0c7c-d456-4e23-b48e-f65b22db09f9,Pengguna Google,https://play-lh.googleusercontent.com/EGemoI2NTXmTsBVtJqk8jxF9rh8ApRWfsIMQSt2uE4OcpQqbFu7f7NbTK05lx80nuSijCz7sc3a277R67g,"parah amat skrg ovo, dulu bagus dan cepat tapi sekarang lemot dan susah utk transfer dan transaksi melalui ovo. Dan semua yg ada di aplikasi ngk bisa dipakai hny ada tulisan "" Coba Lagi "". Bnr2 parah ovo skrg, kalau ada gangguan hrs memberitahukan dulu utk pemakaian ovo nya.",1,0,3.66.0,2025-11-09 02:57:51+00:00,,,3.66.0,Dataset/dataset\OVO_googleplay_NOVEMBER_reviews.csv,transfer
32f20f8c-2fec-42cf-acc7-d04e3e318781,Pengguna Google,https://play-lh.googleusercontent.com/EGemoI2NTXmTsBVtJqk8jxF9rh8ApRWfsIMQSt2uE4OcpQqbFu7f7NbTK05lx80nuSijCz7sc3a277R67g,kenapa qris saya nggak bisa di scan buat bayar barang,3,0,1.60.0,2025-10-21 23:11:51+00:00,"Hai Kak Wahyuddin, mohon maaf atas ketidaknyamanannya. Terkait keluhan tersebut, silakan laporkan melalui email ke customerservice@gopay.co.id dengan melampirkan kode psr-25-294-1637-50319 pada subject email. Kami tunggu detail laporan kamu ya. ^Maura",2025-10-21 23:37:55,1.60.0,Dataset/dataset\GOPAY_googleplay_OCTOBER_reviews.csv,qris
4842b44d-8545-46a3-857c-e0edb3f706d8,Pengguna Google,https://play-lh.googleusercontent.com/EGemoI2NTXmTsBVtJqk8jxF9rh8ApRWfsIMQSt2uE4OcpQqbFu7f7NbTK05lx80nuSijCz7sc3a277R67g,masa tiap bulan harus login verifikasi terus.. tolong dong di perbaiki.. jgn mempersulit harus nlp customer service buat buka blokiran.. ribet,1,0,3.1.0,2025-11-05 16:21:14+00:00,"Halo Sahabat @Nurhaeni “Al-muzawaj Nurhaeni"", mohon maaf atas ketidaknyamanannya. Perihal tsb akan menjadi masukan bagi kami untuk pengembangan aplikasi kedepannya dan meningkatkan kualitas layanan Bank Mandiri demi kenyamanan nasabah ya. Tks~Carlos",2025-11-05 16:25:14,3.1.0,Dataset/dataset\LIVIN_googleplay_NOVEMBER_reviews.csv,login
674bd4f6-b351-4045-bb29-0b3035ee2575,Pengguna Google,https://play-lh.googleusercontent.com/EGemoI2NTXmTsBVtJqk8jxF9rh8ApRWfsIMQSt2uE4OcpQqbFu7f7NbTK05lx80nuSijCz7sc3a277R67g,jelek lama2 bikin kesel login lama bnget,1,0,,2025-12-09 22:46:16+00:00,"Halo Sahabat @esih virlo, mohon maaf atas ketidaknyamanannya. Untuk perihal kendala yang dialami, mohon untuk dapat mengirimkan email ke mandiricare@bankmandiri.co.id atau dapat menghubungi layanan mandiri 14000 agar dapat dilakukan pengecekan. Tks~Romi",2025-12-09 22:50:47,,Dataset/dataset\LIVIN_googleplay_DECEMBER_reviews.csv,login
f6007d6f-4728-438e-bc10-f4f20e401825,Pengguna Google,https://play-lh.googleusercontent.com/EGemoI2NTXmTsBVtJqk8jxF9rh8ApRWfsIMQSt2uE4OcpQqbFu7f7NbTK05lx80nuSijCz7sc3a277R67g,"Ini gimana woiii apk mau transfer aja mesti di upgrade dulu , giliran dicoba buat di upgrade gabisa2 . mau ngubah nomor juga susah bgt karna mau ganti nomor lama ke nomor yg baru , supaya bisa tf katanya kemesti logout dulu nomor yg lama giliran mau di ubah gabisa di suruh tunggu ini cuma sementara kok. Kesel bgt sementara sampe 3hari ga bisa2 😡😡😡",1,175,3.141.0,2025-10-19 09:35:32+00:00,,,3.141.0,Dataset/dataset\OVO_googleplay_OCTOBER_reviews.csv,transfer
51cb1ae2-e242-4773-804e-ca88a80ea4ba,Pengguna Google,https://play-lh.googleusercontent.com/EGemoI2NTXmTsBVtJqk8jxF9rh8ApRWfsIMQSt2uE4OcpQqbFu7f7NbTK05lx80nuSijCz7sc3a277R67g,juga bisa top up,5,0,1.60.0,2025-10-26 07:31:14+00:00,,,1.60.0,Dataset/dataset\GOPAY_googleplay_OCTOBER_reviews.csv,topup
40ae73aa-6be0-4a35-8ac7-0bf9e6a2be08,Pengguna Google,https://play-lh.googleusercontent.com/EGemoI2NTXmTsBVtJqk8jxF9rh8ApRWfsIMQSt2uE4OcpQqbFu7f7NbTK05lx80nuSijCz7sc3a277R67g,saya kasih bintang 5.. saya semakin bingung kok saya top up kenapa malah berkurang..🤷 itu saja pertanyaan saya..🙏🙏,1,0,3.131.0,2025-10-06 23:59:36+00:00,,,3.131.0,Dataset/dataset\OVO_googleplay_OCTOBER_reviews.csv,topup
dc919746-896c-4d2b-b166-01272a545176,Pengguna Google,https://play-lh.googleusercontent.com/EGemoI2NTXmTsBVtJqk8jxF9rh8ApRWfsIMQSt2uE4OcpQqbFu7f7NbTK05lx80nuSijCz7sc3a277R67g,"aplikasi gak jelas, org mau transfer doang malah minta upgrade pakai ktp segala",1,1,,2025-11-25 08:49:13+00:00,,,,Dataset/dataset\GOPAY_googleplay_NOVEMBER_reviews.csv,transfer
7261feec-5813-45ea-964b-5108e37467f2,Pengguna Google,https://play-lh.googleusercontent.com/EGemoI2NTXmTsBVtJqk8jxF9rh8ApRWfsIMQSt2uE4OcpQqbFu7f7NbTK05lx80nuSijCz7sc3a277R67g,hp rusak. download ovo lagi di install kode otp dah di kirim via wa tp gak bisa konek payah. parah topup kena potongan kirim kena biaya parah parah,1,0,3.150.0,2025-12-29 00:37:32+00:00,,,3.150.0,Dataset/dataset\OVO_googleplay_DECEMBER_reviews.csv,topup
ed2e1c63-1485-4ac7-8ad7-91ae293a97c0,Pengguna Google,https://play-lh.googleusercontent.com/EGemoI2NTXmTsBVtJqk8jxF9rh8ApRWfsIMQSt2uE4OcpQqbFu7f7NbTK05lx80nuSijCz7sc3a277R67g,"Aplikasi bapuk, login aja gabisa. Padahal internet lancar. Pas lagi dibutuhkan malah gini, ampun dah nyesel aku buka blu",1,0,2.3.0,2025-10-08 21:29:12+00:00,"Hai, Kak Irvan. Maaf atas ketidaknyamanannya. Kami akan selalu terus memperbaiki sistem demi mencapai kepuasan para pengguna aplikasi blu. Terkait kendala tersebut pastikan Kakak menggunakan aplikasi blu versi terbaru, pastikan setting waktu di handphone menjadi otomatis, jaringan internet lancar dan stabil serta tidak menggunakan jaringan WiFi.",2025-10-08 21:35:26,2.3.0,Dataset/dataset\BLU_googleplay_OCTOBER_reviews.csv,login
88cade7f-9f05-4e7e-bd28-f3b2bd62851f,Pengguna Google,https://play-lh.googleusercontent.com/EGemoI2NTXmTsBVtJqk8jxF9rh8ApRWfsIMQSt2uE4OcpQqbFu7f7NbTK05lx80nuSijCz7sc3a277R67g,parah topup saldo driver duitnya ilang notif tidak ada kode pin jga tidak ada,1,0,3.146.0,2025-10-31 12:48:46+00:00,,,3.146.0,Dataset/dataset\OVO_googleplay_OCTOBER_reviews.csv,topup
8b13f319-fc6e-46ff-8fa9-5282194da0ba,Pengguna Google,https://play-lh.googleusercontent.com/EGemoI2NTXmTsBVtJqk8jxF9rh8ApRWfsIMQSt2uE4OcpQqbFu7f7NbTK05lx80nuSijCz7sc3a277R67g,"Sudah 2 minggu lebih tidak bisa buka livin, saat mau login selalu keluar sendiri",2,0,3.1.0,2025-11-01 23:22:35+00:00,"Hai Sahabat @Adlin Sirait, mohon maaf atas ketidaknyamanannya. Perihal kendala yang dialami agar dpt kami tindaklanjuti, mhn kesediaan Sahabat utk mengirimkan email ke mandiricare@bankmandiri.co.id dengan subject : Review - Nama lengkap Sahabat atau menghubungi layanan mandiri call 14000 ya. Tks~Tommy",2025-11-01 23:24:24,3.1.0,Dataset/dataset\LIVIN_googleplay_NOVEMBER_reviews.csv,login
3bd60692-5466-4757-a304-c6e66bbf9b47,Pengguna Google,https://play-lh.googleusercontent.com/EGemoI2NTXmTsBVtJqk8jxF9rh8ApRWfsIMQSt2uE4OcpQqbFu7f7NbTK05lx80nuSijCz7sc3a277R67g,"saya mengalami kendala login dikarenakan lupa password dan nomor terdaftar sudah tidak aktif, saya sudah melapor ke email tanya jago dan menghubungi pihak jago tapi sampai sekarang belum ada balasan email untuk nomor yang diganti",1,4,8.74.0,2025-10-09 10:58:45+00:00,"Hai, Jagoan. Mohon maaf untuk kendala yang kamu alami. Terkait kendala tersebut, kamu bisa segera laporkan ke Tanya Jago di nomor 1500746/021-30000746 atau e-mail ke tanya@jago.com ya. Tidak perlu khawatir karena tim terkait kami akan segera membantu. Terima kasih.",2025-10-09 11:23:23,8.74.0,Dataset/dataset\JAGO_googleplay_OCTOBER_reviews.csv,login
5be25b69-c1fb-4606-a901-351720a8711f,Pengguna Google,https://play-lh.googleusercontent.com/EGemoI2NTXmTsBVtJqk8jxF9rh8ApRWfsIMQSt2uE4OcpQqbFu7f7NbTK05lx80nuSijCz7sc3a277R67g,"aplikasi nda jelas,tiba tiba ngeblokir mana lagi mesen makan lagi di grab ,untung ada org yg di kenal masih tf gopay",1,0,3.144.0,2025-10-06 23:44:00+00:00,,,3.144.0,Dataset/dataset\OVO_googleplay_OCTOBER_reviews.csv,transfer
95c34947-8682-4bd3-8ccc-1635908ac157,Pengguna Google,https://play-lh.googleusercontent.com/EGemoI2NTXmTsBVtJqk8jxF9rh8ApRWfsIMQSt2uE4OcpQqbFu7f7NbTK05lx80nuSijCz7sc3a277R67g,top up mo transaksi lewat ovo malah dipotongnya di app ovonya.. jadi saldo ovonya gak cukup buat transaksi.. hehh males,2,0,,2025-11-15 09:49:09+00:00,,,,Dataset/dataset\OVO_googleplay_NOVEMBER_reviews.csv,topup
8ad0a411-f89a-4a5c-a03b-3d36d5f8e7d1,Pengguna Google,https://play-lh.googleusercontent.com/EGemoI2NTXmTsBVtJqk8jxF9rh8ApRWfsIMQSt2uE4OcpQqbFu7f7NbTK05lx80nuSijCz7sc3a277R67g,kita transfer ke bank trus gagal .. tapi saldo sudah terpotong .. apa saldo kita akan balik kah,1,0,,2025-12-07 09:19:12+00:00,,,,Dataset/dataset\OVO_googleplay_DECEMBER_reviews.csv,transfer
8382f983-710d-4a65-93c6-fdc0dc3dac29,Pengguna Google,https://play-lh.googleusercontent.com/EGemoI2NTXmTsBVtJqk8jxF9rh8ApRWfsIMQSt2uE4OcpQqbFu7f7NbTK05lx80nuSijCz7sc3a277R67g,"top up token tapi kodenya GK muncul², padahal lagi butuh banget kode tokenya malah keterangan nya menunggu teruss👎",1,0,1.59.0,2025-10-07 03:51:17+00:00,"Hai Kak Kevin, mohon maaf atas kendalanya. Mohon menunggu hingga 1x24 jam di hari kerja (diluar Sabtu, Minggu, atau Libur) terlebih dahulu. Jika sudah 1x24 jam hari kerja namun token belum masuk, silakan laporkan detailnya melalui email customerservice@gopay.co.id, ya. ^Maura",2025-10-07 07:17:35,1.59.0,Dataset/dataset\GOPAY_googleplay_OCTOBER_reviews.csv,topup
a358728a-52f8-456a-ae9b-866607c872e1,Pengguna Google,https://play-lh.googleusercontent.com/EGemoI2NTXmTsBVtJqk8jxF9rh8ApRWfsIMQSt2uE4OcpQqbFu7f7NbTK05lx80nuSijCz7sc3a277R67g,"kurang nyaman karena top up tidak kunjung masuk, sedangkan top up sudah terkirim dan berhasil dan ada bukti top up nya, di pengaduan tidak ada respon dan tidak ada penanganan yang cepat",1,0,,2025-10-08 09:34:27+00:00,,,,Dataset/dataset\OVO_googleplay_OCTOBER_reviews.csv,topup
7b346271-b51c-45a0-a824-14390ae007cb,Pengguna Google,https://play-lh.googleusercontent.com/EGemoI2NTXmTsBVtJqk8jxF9rh8ApRWfsIMQSt2uE4OcpQqbFu7f7NbTK05lx80nuSijCz7sc3a277R67g,"Kali ini kecewa berat dengan ovo, sudah berapa kali setiap mau transaksi top up dengan transfer kejadiannya janggal... saat TF saldo berkurang, tapi no rek yg dituju tdk penerima saldo, saat top up transaksi berhasil tapi saldo kita tidak bertambah. mau berhenti pakai ovo",1,0,,2025-12-09 13:10:44+00:00,,,,Dataset/dataset\OVO_googleplay_DECEMBER_reviews.csv,topup
f5f3704b-78a6-40c4-bffc-5c590f17578d,Pengguna Google,https://play-lh.googleusercontent.com/EGemoI2NTXmTsBVtJqk8jxF9rh8ApRWfsIMQSt2uE4OcpQqbFu7f7NbTK05lx80nuSijCz7sc3a277R67g,"transfer sdg diproses trs, apk lelet!!!!",1,0,1.44.05,2025-12-12 03:12:18+00:00,"Hi Kak fmiftmh. Mohon maaf atas kendala transfer saldo ShopeePay yang belum diterima. Terkait kendala tersebut mohon menghubungi kami melalui DM ke Instagram @ShopeePay_ID yang bercentang biru, dengan melampirkan bukti transfer yang terkendala untuk bantuan lebih lanjut. Semoga kendala kakak segera terselesaikan ya. ^CS",2025-12-12 14:23:54,1.44.05,Dataset/dataset\SHOPEEPAY_googleplay_DECEMBER_reviews.csv,transfer
c4be2702-8f76-460e-8243-faa56c5b1160,Pengguna Google,https://play-lh.googleusercontent.com/EGemoI2NTXmTsBVtJqk8jxF9rh8ApRWfsIMQSt2uE4OcpQqbFu7f7NbTK05lx80nuSijCz7sc3a277R67g,"apk aneh, mau login pas nulis email mlah gabisa",1,0,3.148.0,2025-12-02 05:06:05+00:00,,,3.148.0,Dataset/dataset\OVO_googleplay_DECEMBER_reviews.csv,login
74737148-7f78-4160-95b0-5e2c129caf38,Pengguna Google,https://play-lh.googleusercontent.com/EGemoI2NTXmTsBVtJqk8jxF9rh8ApRWfsIMQSt2uE4OcpQqbFu7f7NbTK05lx80nuSijCz7sc3a277R67g,"aplikasi gilaaaaaaa uang gw aj hilang 40rb kgk dibliknnn...... dikonfirmasi...... ga ad penyelesaiannn........"" transfer kemana aj byr' Enakan pke Gopay gratis transfer kmn aj.....",1,0,3.135.0,2025-10-13 16:38:29+00:00,,,3.135.0,Dataset/dataset\OVO_googleplay_OCTOBER_reviews.csv,transfer
3838a2ca-f030-4c6f-962c-881c58acc779,Pengguna Google,https://play-lh.googleusercontent.com/EGemoI2NTXmTsBVtJqk8jxF9rh8ApRWfsIMQSt2uE4OcpQqbFu7f7NbTK05lx80nuSijCz7sc3a277R67g,KENAPA GAK BISA LOGIN WOY.....,3,0,3.134.0,2025-11-23 12:06:15+00:00,"Hi, terima kasih sudah menjadikan OVO teman terbaik dalam bertransaksi:) Yuk #pakeOVOaja",2018-11-14 14:19:36,3.134.0,Dataset/dataset\OVO_googleplay_NOVEMBER_reviews.csv,login
1146907a-6901-4599-bdda-4a6191401d4f,Pengguna Google,https://play-lh.googleusercontent.com/EGemoI2NTXmTsBVtJqk8jxF9rh8ApRWfsIMQSt2uE4OcpQqbFu7f7NbTK05lx80nuSijCz7sc3a277R67g,ovo buat transfer aja dari malem sampe sekarang masih di proses terus emng bank aneh,1,0,3.148.0,2025-12-07 09:24:49+00:00,,,3.148.0,Dataset/dataset\OVO_googleplay_DECEMBER_reviews.csv,transfer
ce293cc3-f6f6-4fc4-9c23-250a5434f335,Pengguna Google,https://play-lh.googleusercontent.com/EGemoI2NTXmTsBVtJqk8jxF9rh8ApRWfsIMQSt2uE4OcpQqbFu7f7NbTK05lx80nuSijCz7sc3a277R67g,"Aplikasi Berbahaya. Transfer uang gak masuk. dapat telp dari akun resmi gopay. disuruh ikuti semua proses agar bisa melakukan pembatalan proses transaksi yang tidak masuk. disuruh transfer segala macam, alasan pancingan dana agar bisa kembali. setelah ditransfer, telp terputus. dan saldo gak kembali sama sekali.",1,9,1.59.0,2025-10-05 15:08:02+00:00,"Hai Kak Randy, mohon maaf atas ketidaknyamanannya. Jika kamu masih mengalami kendala, silakan laporkan melalui email ke customerservice@gopay.co.id dengan melampirkan kode psr-25-278-0842-12730 pada subject email dan cantumkan nomor laporan kamu sebelumnya pada email yang kamu kirimkan. Kami tunggu detail laporan kamu ya. ^Maura",2025-10-05 15:42:18,1.59.0,Dataset/dataset\GOPAY_googleplay_OCTOBER_reviews.csv,transfer
2c87493e-abee-4ed4-a8c6-598efc477725,Pengguna Google,https://play-lh.googleusercontent.com/EGemoI2NTXmTsBVtJqk8jxF9rh8ApRWfsIMQSt2uE4OcpQqbFu7f7NbTK05lx80nuSijCz7sc3a277R67g,"ini gopay lagi kenapa ya tgl 27 okt 2025 top up dari Brimo ke gopay, saldo belom juga masuk udah 6hari, udah ke cs BRI tapi kata nya pihak BRI udah transfer, dari gopay pengaduan masih belom ada keterangan apa apa.",5,0,1.61.2,2025-11-03 08:54:24+00:00,,,1.61.2,Dataset/dataset\GOPAY_googleplay_NOVEMBER_reviews.csv,topup
b2b9fe97-9e17-4483-97f7-0f6f88f1a2eb,Pengguna Google,https://play-lh.googleusercontent.com/EGemoI2NTXmTsBVtJqk8jxF9rh8ApRWfsIMQSt2uE4OcpQqbFu7f7NbTK05lx80nuSijCz7sc3a277R67g,maaf cuma saya kasi bintang 1 saya GX bisa login ke akun lama karna no hpnya hilang udah ikutin langkah Tangkah puliihkaan akun GX bisa bisa.,1,0,1.60.0,2025-10-30 22:57:44+00:00,"Hai Kak Salsa, mohon maat atas ketidaknyamanannya. Jika kamu masih mengalami kendala, silakan laporkan melalui email ke customerservice@gopay.co.id dengan melampirkan kode psr-25-303-1628-00183 pada subject email dan cantumkan nomor laporan kamu sebelumnya pada email yang kamu kirimkan. Kami tunggu detail laporan kamu ya. ^Melisa",2025-10-30 23:28:06,1.60.0,Dataset/dataset\GOPAY_googleplay_OCTOBER_reviews.csv,login
30e78493-589e-401d-81f2-d71e51311e08,Pengguna Google,https://play-lh.googleusercontent.com/EGemoI2NTXmTsBVtJqk8jxF9rh8ApRWfsIMQSt2uE4OcpQqbFu7f7NbTK05lx80nuSijCz7sc3a277R67g,"uang top up belum di terima di akun shopee dan shopeepay saya dari tanggal 19 sampai sekarang ,padah dari pengirim sudah berhasil mentransfer ,sudah saya lakukan laporan namun tanggapan sama saja tidak bisa di andalkan",1,0,1.44.05,2025-12-21 21:19:26+00:00,"Hi Kak rasya, Mohon maaf atas kendala Top Up ShopeePay yang belum diterima. Mohon menunggu 1x24 jam sejak melakukan Top Up. Apabila sudah melebihi estimasi namun belum diterima, silakan menghubungi kami dengan melampirkan bukti yang tertera nomor telepon, nominal, tanggal & waktu transaksi melalui DM ke IG @ShopeePay_ID yang bercentang biru ya. ^EN",2025-12-22 15:54:47,1.44.05,Dataset/dataset\SHOPEEPAY_googleplay_DECEMBER_reviews.csv,topup
7308a094-3c2d-4375-8bd9-c2e101fa45ad,Pengguna Google,https://play-lh.googleusercontent.com/EGemoI2NTXmTsBVtJqk8jxF9rh8ApRWfsIMQSt2uE4OcpQqbFu7f7NbTK05lx80nuSijCz7sc3a277R67g,top up nya selalu kepotong,3,0,3.148.0,2025-12-02 23:11:54+00:00,,,3.148.0,Dataset/dataset\OVO_googleplay_DECEMBER_reviews.csv,topup
a0080ab5-7d2d-4591-83cc-2bfa2908c906,Pengguna Google,https://play-lh.googleusercontent.com/EGemoI2NTXmTsBVtJqk8jxF9rh8ApRWfsIMQSt2uE4OcpQqbFu7f7NbTK05lx80nuSijCz7sc3a277R67g,buruk sekali padahal pengen apgert ke gopay plus tapi karena udah dapatar di no hp lain jadi tidak bisa upgrade ke gopay plus ya bingung gue macam mana na login ke no yg dulu sedang kan kartu nya ilang apalah katanya suruh lapor ke kastumer serviss tapi tidak ada jawaban yang tepat sama sekali dan tidak bisa mengatasi masalah ini,1,4,1.60.0,2025-10-19 12:14:34+00:00,"Hai Kak Yaupik, mohon maaf atas ketidaknyamanannya. Jika masih mengalami keluhan, silakan laporkan melalui email ke customerservice@gopay.co.id dengan melampirkan kode psr-25-291-0527-11188 pada subject email dan cantumkan nomor laporan sebelumnya serta ceritakan kembali detail permasalahannya. Kami tunggu detail laporan kamu ya. ^Miko",2025-10-18 12:27:39,1.60.0,Dataset/dataset\GOPAY_googleplay_OCTOBER_reviews.csv,login
820839d7-dde0-4c9a-9ed5-92556fe7b126,Pengguna Google,https://play-lh.googleusercontent.com/EGemoI2NTXmTsBVtJqk8jxF9rh8ApRWfsIMQSt2uE4OcpQqbFu7f7NbTK05lx80nuSijCz7sc3a277R67g,"apa sih ini Livin, login lmbat lemot , ngebag Mulu di abdaite trus masih lemot mnding pindah ATM BRI apa Livin di pelihara lama2 nggak jelas , gw mau narik susah bnget klw belum siap rilis nggak usah di rilis",2,0,3.1.0,2025-11-09 23:09:53+00:00,"Halo Sahabat @Ainun rahma, mohon maaf atas ketidaknyamanannya dalam mengakses layanan Livin' by Mandiri selama proses akhir hari rutin. Apabila mengalami kendala mengakses Livin', kami sarankan Sahabat dapat bertransaksi kembali 10-15 menit kemudian. Tks ~ Said",2025-11-09 23:13:24,3.1.0,Dataset/dataset\LIVIN_googleplay_NOVEMBER_reviews.csv,login
b3a33810-f9a4-4e36-9b8a-1693302351ed,Pengguna Google,https://play-lh.googleusercontent.com/EGemoI2NTXmTsBVtJqk8jxF9rh8ApRWfsIMQSt2uE4OcpQqbFu7f7NbTK05lx80nuSijCz7sc3a277R67g,lemot banget ngisi kuota dan topup ada apa ini?,1,0,,2025-10-31 15:48:57+00:00,"Hai Kak @Le Temps Des Fleurs, mohon maaf atas ketidaknyamanan yang dialami. Dapat kami sampaikan bahwa saat ini terdapat pemeliharaan sistem sehingga penerimaan saldo top up Kakak terhambat sementara. Silakan Kakak untuk melakukan pengecekan secara berkala. Terima kasih. ^Maura",2025-10-31 16:26:37,,Dataset/dataset\GOPAY_googleplay_OCTOBER_reviews.csv,topup
1016eda6-5d3a-48fa-a805-9c01dfb987bd,Pengguna Google,https://play-lh.googleusercontent.com/EGemoI2NTXmTsBVtJqk8jxF9rh8ApRWfsIMQSt2uE4OcpQqbFu7f7NbTK05lx80nuSijCz7sc3a277R67g,lagi dan lagi transfer ke bank pending... g konsisten,1,0,3.149.0,2025-12-06 23:24:04+00:00,"Hai Kak, mohon maaf ya. Terkait kendala yang Kakak alami mengenai login silakan untuk menghubungi melalui chat bantuan di aplikasi, melalui email di cs@ovo.id atau call center di nomor 1500 696 ya agar dapat kami bantu proses. Terima kasih. -Mona
",7/29/2023 16:15,3.149.0,Dataset/dataset\OVO_googleplay_DECEMBER_reviews.csv,transfer
8785ad1f-45c0-4197-8056-785aeac0e3de,Pengguna Google,https://play-lh.googleusercontent.com/EGemoI2NTXmTsBVtJqk8jxF9rh8ApRWfsIMQSt2uE4OcpQqbFu7f7NbTK05lx80nuSijCz7sc3a277R67g,"aplikasinya ok bngt, tf kerekening bank cepet bngt, pokoknya harus punya sie aplikasi ini..mantul abies",5,0,1.60.0,2025-10-17 17:45:56+00:00,,,1.60.0,Dataset/dataset\GOPAY_googleplay_OCTOBER_reviews.csv,transfer
34ff0ea2-1161-4a38-95a4-5f441463ef56,Pengguna Google,https://play-lh.googleusercontent.com/EGemoI2NTXmTsBVtJqk8jxF9rh8ApRWfsIMQSt2uE4OcpQqbFu7f7NbTK05lx80nuSijCz7sc3a277R67g,transfer tanpa biaya tambahan dibawah satu menit. sangat memuaskan,5,0,,2025-10-12 07:36:24+00:00,,,,Dataset/dataset\GOPAY_googleplay_OCTOBER_reviews.csv,transfer
4936542d-179e-4f72-a283-dc154da339ff,Pengguna Google,https://play-lh.googleusercontent.com/EGemoI2NTXmTsBVtJqk8jxF9rh8ApRWfsIMQSt2uE4OcpQqbFu7f7NbTK05lx80nuSijCz7sc3a277R67g,transfer pulsa dan uang pakai kofirmasi dan kontrol,5,0,1.64.1,2025-11-29 20:15:42+00:00,,,1.64.1,Dataset/dataset\GOPAY_googleplay_NOVEMBER_reviews.csv,transfer
ea5d1ebe-db70-44b6-8d9c-51156562c409,Pengguna Google,https://play-lh.googleusercontent.com/EGemoI2NTXmTsBVtJqk8jxF9rh8ApRWfsIMQSt2uE4OcpQqbFu7f7NbTK05lx80nuSijCz7sc3a277R67g,cepat dan sangat membantu... transfer secepat kilat... mantap,5,0,1.64.1,2025-11-30 14:49:05+00:00,,,1.64.1,Dataset/dataset\GOPAY_googleplay_NOVEMBER_reviews.csv,transfer
2c20bd01-b17f-4469-8d5c-acb199b28f21,Pengguna Google,https://play-lh.googleusercontent.com/EGemoI2NTXmTsBVtJqk8jxF9rh8ApRWfsIMQSt2uE4OcpQqbFu7f7NbTK05lx80nuSijCz7sc3a277R67g,"jelek, niat download biar permudah transaksi, ini malah ribet, top-up kena biaya trf kena biaya",1,0,3.149.0,2025-12-16 20:01:58+00:00,,,3.149.0,Dataset/dataset\OVO_googleplay_DECEMBER_reviews.csv,transfer
4fd488a7-d74e-4883-b4f3-9fd9694c43e4,Pengguna Google,https://play-lh.googleusercontent.com/EGemoI2NTXmTsBVtJqk8jxF9rh8ApRWfsIMQSt2uE4OcpQqbFu7f7NbTK05lx80nuSijCz7sc3a277R67g,kepada pihak ovo yang terhomat tlong jangn di persulit ketika login saya ingin mengubah nomor ponsel lama ke ponsel baru kenapa begitu ribet ya,1,0,,2025-12-18 19:23:57+00:00,,,,Dataset/dataset\OVO_googleplay_DECEMBER_reviews.csv,login
57b7d2b3-eb3c-41c4-8fc3-8b4e41a28f49,Pengguna Google,https://play-lh.googleusercontent.com/EGemoI2NTXmTsBVtJqk8jxF9rh8ApRWfsIMQSt2uE4OcpQqbFu7f7NbTK05lx80nuSijCz7sc3a277R67g,"tiba tiba ke log out mau login gabisa harus update pdhl udh update terbaru, saldo ngendep deh gatau nih min",2,0,,2025-11-16 09:59:10+00:00,,,,Dataset/dataset\OVO_googleplay_NOVEMBER_reviews.csv,login
a6cc5913-3cb5-46ba-8a79-5eed0efc672b,Pengguna Google,https://play-lh.googleusercontent.com/EGemoI2NTXmTsBVtJqk8jxF9rh8ApRWfsIMQSt2uE4OcpQqbFu7f7NbTK05lx80nuSijCz7sc3a277R67g,Saya belum pernah membagikan Nomer Rekening saya.tapi kenapa ko ada yang TF Saldo 1000.00 rp.ke norek saya..? apa itu berbahaya..?,4,0,3.2.0,2025-12-11 14:54:45+00:00,"Halo Sahabat @Ayubi ayu nabila lia, mohon maaf atas ketidaknyamanannya. Terkait kendala Sahabat mohon untuk dapat mengirimkan email ke mandiricare@bankmandiri.co.id atau dapat menghubungi Mandiri Call 14000 lalu tekan 2 agar dapat dilakukan pengecekan. Tks~Risa",2025-12-11 15:01:23,3.2.0,Dataset/dataset\LIVIN_googleplay_DECEMBER_reviews.csv,transfer
95e0ca2f-b269-42a5-b98b-6a6aea86c0c6,Pengguna Google,https://play-lh.googleusercontent.com/EGemoI2NTXmTsBVtJqk8jxF9rh8ApRWfsIMQSt2uE4OcpQqbFu7f7NbTK05lx80nuSijCz7sc3a277R67g,"aplikasi minus, ga sengaja ke top up malah ga bisa di tf lagi ke atm, dan harus verifikasi akun karena ktp NIK dah verif diakun lain jadi ga bisa verifikasi alhasil saldo nyangkut",1,1,1.43.10,2025-11-30 12:28:59+00:00,"Hi Kak bagus. Mohon maaf atas kendala tidak bisa verifikasi ShopeePay karena KTP terhubung akun lain. Untuk bantuan lebih lanjut, mohon menghubungi kami melalui DM ke Instagram @ShopeePay_ID dengan melampirkan foto KTP dan notifikasi kendala yang dialami. ^EN",2025-12-01 14:43:13,1.43.10,Dataset/dataset\SHOPEEPAY_googleplay_NOVEMBER_reviews.csv,topup
e83e5d70-fc63-4b57-8439-9b25a9a9bd80,Pengguna Google,https://play-lh.googleusercontent.com/EGemoI2NTXmTsBVtJqk8jxF9rh8ApRWfsIMQSt2uE4OcpQqbFu7f7NbTK05lx80nuSijCz7sc3a277R67g,"sangat bagus, bisa memudahkan kita untuk transfer dan menerima uang",4,0,1.61.2,2025-11-06 20:13:48+00:00,,,1.61.2,Dataset/dataset\GOPAY_googleplay_NOVEMBER_reviews.csv,transfer
819e5e01-f4a1-4606-9353-c843d4d700fb,Pengguna Google,https://play-lh.googleusercontent.com/EGemoI2NTXmTsBVtJqk8jxF9rh8ApRWfsIMQSt2uE4OcpQqbFu7f7NbTK05lx80nuSijCz7sc3a277R67g,"akhirnya sudah bisa login, terima kasih Min",3,0,8.75.0,2025-10-24 19:18:36+00:00,"Halo, Jagoan. Mohon maaf atas kendala yang terjadi ya. Kamu tidak perlu khawatir, kamu bisa menjelaskan detail kendala tersebut melalui email di tanya@jago.com atau call center 1500 746 untuk kami bantu tangani lebih lanjut. Terima kasih :)",2025-10-24 19:39:08,8.75.0,Dataset/dataset\JAGO_googleplay_OCTOBER_reviews.csv,login
8f088083-44b6-4769-a936-4a931766001a,Pengguna Google,https://play-lh.googleusercontent.com/EGemoI2NTXmTsBVtJqk8jxF9rh8ApRWfsIMQSt2uE4OcpQqbFu7f7NbTK05lx80nuSijCz7sc3a277R67g,Murahin lagi top up game dan pulsanya,5,0,1.60.0,2025-10-15 13:49:51+00:00,,,1.60.0,Dataset/dataset\GOPAY_googleplay_OCTOBER_reviews.csv,topup
1f0dca59-42a2-413d-92b8-16ffcf66adf3,Pengguna Google,https://play-lh.googleusercontent.com/EGemoI2NTXmTsBVtJqk8jxF9rh8ApRWfsIMQSt2uE4OcpQqbFu7f7NbTK05lx80nuSijCz7sc3a277R67g,"saya tf ke no virtual orang lain yg tryta sudah tidak aktif nomornya ganti ke no yg baru , ketika penerima mengganti no ovo ke hp baru di menu aplikasi selalu gangguan, di telpon cs tidak menjawab, email tidak balas, sosial media tidak di jawab, mungkin tidak seberapa buat banyak orang saldo nya tapi buat segilintir org itu di butuhkan .., tidak aman transaksi di ovo , akan saya info BI",1,2,3.144.0,2025-10-08 05:50:00+00:00,,,3.144.0,Dataset/dataset\OVO_googleplay_OCTOBER_reviews.csv,transfer
e4ae8743-ea9f-43dc-8265-9cecbfe50de4,Pengguna Google,https://play-lh.googleusercontent.com/EGemoI2NTXmTsBVtJqk8jxF9rh8ApRWfsIMQSt2uE4OcpQqbFu7f7NbTK05lx80nuSijCz7sc3a277R67g,"ini kenapa gabisa transaksi , transfer, qris, dan pulsa pun ga bisa di pake ? setelah upgrade ke premier",1,0,,2025-10-21 11:34:35+00:00,,,,Dataset/dataset\OVO_googleplay_OCTOBER_reviews.csv,qris
9bd402a3-7897-40c1-baf8-1ee714b5a0f5,Pengguna Google,https://play-lh.googleusercontent.com/EGemoI2NTXmTsBVtJqk8jxF9rh8ApRWfsIMQSt2uE4OcpQqbFu7f7NbTK05lx80nuSijCz7sc3a277R67g,anj bgt mau bayar pke qris aja gagal berkali kali,1,0,3.149.0,2025-12-14 17:20:40+00:00,,,3.149.0,Dataset/dataset\OVO_googleplay_DECEMBER_reviews.csv,qris
18aa20c0-a0a2-4da9-9fee-afbcddfe5f48,Pengguna Google,https://play-lh.googleusercontent.com/EGemoI2NTXmTsBVtJqk8jxF9rh8ApRWfsIMQSt2uE4OcpQqbFu7f7NbTK05lx80nuSijCz7sc3a277R67g,praktis dlm pemakaian & banyak gratisan tanpa biaya admin dlm transaksi transfer antar bank,5,0,1.42.03,2025-11-25 21:34:03+00:00,"Hi Kak. Terima kasih telah menggunakan ShopeePay. Mari cek aplikasi ShopeePay karena banyak fitur yang mempermudah keseharian kakak seperti pembelian pulsa, paket data, pembayaran tagihan listrik dan pembayaran lainnya. Jika kakak memiliki pertanyaan seputar ShopeePay, mohon DM kami di Instagram @ShopeePay_ID ya. Semoga harimu menyenangkan ^RJ",2025-11-26 09:39:40,1.42.03,Dataset/dataset\SHOPEEPAY_googleplay_NOVEMBER_reviews.csv,transfer
9b125ff2-d099-4cd8-b2c0-8d4709ee14b2,Pengguna Google,https://play-lh.googleusercontent.com/EGemoI2NTXmTsBVtJqk8jxF9rh8ApRWfsIMQSt2uE4OcpQqbFu7f7NbTK05lx80nuSijCz7sc3a277R67g,"apa² serba di potong.terima transfer di potong, topup dipotong, transfer ke sm² ovo jg di potong.kacau emg 🤦🏻",1,0,3.148.0,2025-12-03 08:25:40+00:00,,,3.148.0,Dataset/dataset\OVO_googleplay_DECEMBER_reviews.csv,topup
b8c6590f-d4f7-4322-ac1c-54270467a674,Pengguna Google,https://play-lh.googleusercontent.com/EGemoI2NTXmTsBVtJqk8jxF9rh8ApRWfsIMQSt2uE4OcpQqbFu7f7NbTK05lx80nuSijCz7sc3a277R67g,sangat memudahkan saat transfer dan beli pulsa lainya,5,0,1.60.0,2025-11-09 11:41:55+00:00,,,1.60.0,Dataset/dataset\GOPAY_googleplay_NOVEMBER_reviews.csv,transfer
