reviewId,userName,userImage,content,score,thumbsUpCount,reviewCreatedVersion,at,replyContent,repliedAt,appVersion,source,keyword
7a47fc7c-57e7-419c-a4a5-ae15d06b0537,Pengguna Google,https://play-lh.googleusercontent.com/EGemoI2NTXmTsBVtJqk8jxF9rh8ApRWfsIMQSt2uE4OcpQqbFu7f7NbTK05lx80nuSijCz7sc3a277R67g,Tolonglah perbaiki aplikasinya karena baru daftar dan mau top up transer semua tidak bisa upgrade gagal terus. maunya apa sih sebenarnya,1,1,3.148.0,2025-12-05 18:50:34+00:00,,,3.148.0,Dataset/dataset\OVO_googleplay_DECEMBER_reviews.csv,topup
f7862259-e8fa-4ccf-a438-9b510fe35b10,Pengguna Google,https://play-lh.googleusercontent.com/EGemoI2NTXmTsBVtJqk8jxF9rh8ApRWfsIMQSt2uE4OcpQqbFu7f7NbTK05lx80nuSijCz7sc3a277R67g,Apk nyaa gimna sii ini aku udah di tf uang malah ga masuk mana gada riwayat transaksi nya juga,1,0,1.61.1,2025-10-19 07:32:38+00:00,"Hai Kak Regar, mohon maaf atas ketidaknyamanannya. Pastikan nomor tujuan transfer sudah benar dan sudah cek halaman Riwayat. Jika saldo belum juga bertambah, laporkan detailnya melalui email customerservice@gopay.co.id dan cantumkan kode psr-25-292-0257-33081 pada subject email yang kamu kirimkan ya. ^Melisa",2025-10-19 09:57:43,1.61.1,Dataset/dataset\GOPAY_googleplay_OCTOBER_reviews.csv,transfer
9f17ae2e-0a16-4396-98b1-6ca82b3a0e44,Pengguna Google,https://play-lh.googleusercontent.com/EGemoI2NTXmTsBVtJqk8jxF9rh8ApRWfsIMQSt2uE4OcpQqbFu7f7NbTK05lx80nuSijCz7sc3a277R67g,tidak bisa login ke akun sendiri. loading masuk akun terlalu lama padahal koneksi stabil,1,1,8.74.0,2025-10-09 17:59:28+00:00,"Halo, Jagoan! Mohon maaf atas ketidaknyamanan yang Kakak alami. Supaya bisa membantu lebih lanjut, Kakak bisa menginformasikan detail keluhannya melalui email tanya@jago.com ya. Tim terkait kami dengan senang hati akan membantu Kakak menyelesaikan permasalahannya.",2025-10-10 00:09:19,8.74.0,Dataset/dataset\JAGO_googleplay_OCTOBER_reviews.csv,login
bc233d66-2386-4b28-920b-10a49b13dcaa,Pengguna Google,https://play-lh.googleusercontent.com/EGemoI2NTXmTsBVtJqk8jxF9rh8ApRWfsIMQSt2uE4OcpQqbFu7f7NbTK05lx80nuSijCz7sc3a277R67g,"nyoba mau nabung disini nyoba isi saldo 100k tapi yang masuk 98k terus biaya TF nya mahal 2,500 gak ada menarik menarik nya ni apk",1,0,,2025-11-23 07:46:21+00:00,,,,Dataset/dataset\OVO_googleplay_NOVEMBER_reviews.csv,transfer
88242ab0-a657-455a-9124-8fb32eeca3bb,Pengguna Google,https://play-lh.googleusercontent.com/EGemoI2NTXmTsBVtJqk8jxF9rh8ApRWfsIMQSt2uE4OcpQqbFu7f7NbTK05lx80nuSijCz7sc3a277R67g,Mudah & gratis transfer uang ke bank manapun,5,0,1.62.0,2025-11-11 05:06:10+00:00,,,1.62.0,Dataset/dataset\GOPAY_googleplay_NOVEMBER_reviews.csv,transfer
e40a295d-ca75-4458-adf5-88368b9beea2,Pengguna Google,https://play-lh.googleusercontent.com/EGemoI2NTXmTsBVtJqk8jxF9rh8ApRWfsIMQSt2uE4OcpQqbFu7f7NbTK05lx80nuSijCz7sc3a277R67g,saya top up gak masuk kok mkin aneh,5,0,,2025-10-26 13:47:59+00:00,,,,Dataset/dataset\GOPAY_googleplay_OCTOBER_reviews.csv,topup
20e2afa1-ac00-486e-8b36-8c0f2274e65d,Pengguna Google,https://play-lh.googleusercontent.com/EGemoI2NTXmTsBVtJqk8jxF9rh8ApRWfsIMQSt2uE4OcpQqbFu7f7NbTK05lx80nuSijCz7sc3a277R67g,"ini apk gimana si masa saya mau beli pulsa, transfer melalui apk ini masa nggak bisa, loading nya lama banget , udah di tunggu sampe setengah jam masih belum bisa, ini berlaku ke semua transaksi yang saya gunakan. transfer ke bank buat di tarik nggak bisa , ini gimana saldo saya",1,6,1.62.0,2025-11-12 15:50:19+00:00,"Hai Kak Anggreyani, mohon maaf atas ketidaknyamanannya. Terkait keluhan tersebut, silakan laporkan melalui email ke customerservice@gopay.co.id dengan melampirkan kode psr-25-316-0909-06523 pada subject email. Kami tunggu detail laporan kamu ya. ^Maura",2025-11-12 16:09:12,1.62.0,Dataset/dataset\GOPAY_googleplay_NOVEMBER_reviews.csv,transfer
e8189595-637a-4167-b546-c3dae16a90bb,Pengguna Google,https://play-lh.googleusercontent.com/EGemoI2NTXmTsBVtJqk8jxF9rh8ApRWfsIMQSt2uE4OcpQqbFu7f7NbTK05lx80nuSijCz7sc3a277R67g,susah masuk baru mau login tiba² keluar sendiri,1,0,3.2.0,2025-12-08 12:17:29+00:00,"Halo Sahabat @Ali Pangestu, mohon maaf atas ketidaknyamanannya. Terkait kendala Sahabat mohon untuk dapat mengirimkan email ke mandiricare@bankmandiri.co.id atau menghubungi Mandiri Call 14000 lalu tekan 2 agar dapat dilakukan pengecekan. Tks~Cira
",2025-12-08 12:22:46,3.2.0,Dataset/dataset\LIVIN_googleplay_DECEMBER_reviews.csv,login
bf06e803-6f21-498a-a695-04c8382efeb2,Pengguna Google,https://play-lh.googleusercontent.com/EGemoI2NTXmTsBVtJqk8jxF9rh8ApRWfsIMQSt2uE4OcpQqbFu7f7NbTK05lx80nuSijCz7sc3a277R67g,saya mohon ini kalo mau login dan gangguan secepatnya diperbaiki ini!!!!!,1,0,,2025-12-13 13:56:25+00:00,"Halo Sahabat @ramadhani1 ramadhan, mohon maaf atas ketidaknyamanannya. Terkait kendala Sahabat mohon untuk dapat mengirimkan email ke mandiricare@bankmandiri.co.id atau menghubungi Mandiri Call 14000 lalu tekan 2 agar dapat dilakukan pengecekan. Tks~Cira",2025-12-13 13:59:42,,Dataset/dataset\LIVIN_googleplay_DECEMBER_reviews.csv,login
6ef3fcd0-71cd-453d-83cf-f28ce9dfbc06,Pengguna Google,https://play-lh.googleusercontent.com/EGemoI2NTXmTsBVtJqk8jxF9rh8ApRWfsIMQSt2uE4OcpQqbFu7f7NbTK05lx80nuSijCz7sc3a277R67g,"mengecewakan padahal saldo masih ada tapi di suruh login lagi,sedangkan kartu debitnya belum sampai di tangan jadi susah untuk kembali kesemula,katanya harus daftar ulang lagi,sungguh ter,,,la,,,,lu,,,,dan sungguh teganya,,,,,teganya,,,,,teganya,,,,,,pada diriku ooooh.....",3,10,3.2.0,2025-12-01 00:39:55+00:00,"Halo Sahabat @Ulul Dumdum, mohon maaf atas ketidaknyamannya. Perihal kendala pada layanan Livin' by Mandiri, mohon untuk dapat mengirimkan email ke mandiricare@bankmandiri.co.id atau dapat menghubungi layanan mandiri 14000 agar dapat dilakukan pengecekan. Tks~Kale",2025-12-01 01:25:40,3.2.0,Dataset/dataset\LIVIN_googleplay_DECEMBER_reviews.csv,login
af3b5a43-9069-498b-88f0-9d63310833f4,Pengguna Google,https://play-lh.googleusercontent.com/EGemoI2NTXmTsBVtJqk8jxF9rh8ApRWfsIMQSt2uE4OcpQqbFu7f7NbTK05lx80nuSijCz7sc3a277R67g,"selebihnya sudah bagus, cuma ada saran dari saya, yaitu coba kalo transfer sesama pengguna gopay jangan harus premium gitu",4,0,1.52.0,2025-10-05 08:56:04+00:00,,,1.52.0,Dataset/dataset\GOPAY_googleplay_OCTOBER_reviews.csv,transfer
a8de5021-d1af-411f-b46e-7602eb7aebe3,Pengguna Google,https://play-lh.googleusercontent.com/EGemoI2NTXmTsBVtJqk8jxF9rh8ApRWfsIMQSt2uE4OcpQqbFu7f7NbTK05lx80nuSijCz7sc3a277R67g,gak bisa login ini gaada otp SMS cuma otp wa saya wa nya error gmnaa ni gak bisa bantu email gak respon jelas semua gak jelas,1,0,8.75.0,2025-10-27 13:13:03+00:00,"Halo, Jagoan. Mohon maaf atas kendala yang terjadi ya. Kamu tidak perlu khawatir, kamu bisa menjelaskan detail kendala tersebut melalui email di tanya@jago.com atau call center 1500 746 untuk kami bantu tangani lebih lanjut. Terima kasih :)",2025-10-27 15:01:16,8.75.0,Dataset/dataset\JAGO_googleplay_OCTOBER_reviews.csv,login
23e05a74-4f37-4259-9d83-c7b60fd3a72f,Pengguna Google,https://play-lh.googleusercontent.com/EGemoI2NTXmTsBVtJqk8jxF9rh8ApRWfsIMQSt2uE4OcpQqbFu7f7NbTK05lx80nuSijCz7sc3a277R67g,e wallet paling buruk dengan admin yang sangat menyakitkan menurut saya . tiap kali dapat transfer selalu dipotong 1200/transfer .. padahal saya tukang siomay .. kalau orang transfer ke ovo beli dengan nilai cuma 5000 dipotong 1200 tiap transaksi ... berapa kerugian saya ? makin banyak review buruk .. tapi tak ada niatan diperbaiki,1,7,3.145.0,2025-10-20 10:55:56+00:00,,,3.145.0,Dataset/dataset\OVO_googleplay_OCTOBER_reviews.csv,transfer
cad6346a-71c7-40b1-a6db-a91ccb1ca392,Pengguna Google,https://play-lh.googleusercontent.com/EGemoI2NTXmTsBVtJqk8jxF9rh8ApRWfsIMQSt2uE4OcpQqbFu7f7NbTK05lx80nuSijCz7sc3a277R67g,Gimana sih ini saya top up enggk masuk terus saya coba top up lagi tetep enggk masuk malah akun saya di blokir setelah bisa masuk akun lagi uang yang saya top up kan ke aplikasi ini enggk masuk gimana coba tolong pertanggung jawabankan kalian pikir nyari uang gampang apa gimana di kira enggk butuh apa gimana ini tolong segera di proses aplikasi nya tolong di benahi jangan merugikan pengguna aplikasi ini,1,3,3.144.0,2025-10-07 12:21:27+00:00,,,3.144.0,Dataset/dataset\OVO_googleplay_OCTOBER_reviews.csv,topup
72f1f8af-11ce-48ac-aee3-e30e456d868a,Pengguna Google,https://play-lh.googleusercontent.com/EGemoI2NTXmTsBVtJqk8jxF9rh8ApRWfsIMQSt2uE4OcpQqbFu7f7NbTK05lx80nuSijCz7sc3a277R67g,"aplikasi gk jujur,,,, top up nggak bisa masuk,,,, ilang duit saya dicolong aplikasi gopay, dah 3 hari top up nominal 900ribu gk masuk",1,3,1.64.0,2025-11-24 15:17:39+00:00,"Hai Kak Alwi, pastikan nomor tujuan sudah benar, sudah cek halaman Riwayat, dan coba keluar dan masuk kembali ke aplikasi. Jika saldo masih belum masuk, silakan laporkan melalui menu Bantuan > ketik 'Top up GoPay saya belum masuk' > isi formulir dan cantumkan kode psr-25-328-1036-33166 pada bagian 'Ceritakan lebih lanjut'. ^Miko",2025-11-24 17:36:45,1.64.0,Dataset/dataset\GOPAY_googleplay_NOVEMBER_reviews.csv,topup
ce7ddeba-860d-4204-a295-ca276a51d906,Pengguna Google,https://play-lh.googleusercontent.com/EGemoI2NTXmTsBVtJqk8jxF9rh8ApRWfsIMQSt2uE4OcpQqbFu7f7NbTK05lx80nuSijCz7sc3a277R67g,"gangguan sampai kapan min ,ini mau top up saldo grab driver sudah di isi saldo ovonya palah ngga jadi ,huft",5,0,3.146.0,2025-11-08 19:22:17+00:00,,,3.146.0,Dataset/dataset\OVO_googleplay_NOVEMBER_reviews.csv,topup
05fc2ff8-aec1-4a5f-babb-6ca806498a81,Pengguna Google,https://play-lh.googleusercontent.com/EGemoI2NTXmTsBVtJqk8jxF9rh8ApRWfsIMQSt2uE4OcpQqbFu7f7NbTK05lx80nuSijCz7sc3a277R67g,knp uang top up saya gak masuk² kok lama sekali apk kaliam ini,1,0,3.148.0,2025-11-30 19:38:50+00:00,,,3.148.0,Dataset/dataset\OVO_googleplay_NOVEMBER_reviews.csv,topup
35914cbb-7576-459a-9bb3-f1649a83760f,Pengguna Google,https://play-lh.googleusercontent.com/EGemoI2NTXmTsBVtJqk8jxF9rh8ApRWfsIMQSt2uE4OcpQqbFu7f7NbTK05lx80nuSijCz7sc3a277R67g,aplikasi merugikan orang top up emony 2 kali gagal mohon perbaiki sistem ya via chat gak ada tanggapan apapun. parah ini aplikasi,1,0,1.60.0,2025-10-22 20:42:00+00:00,"Hai Kak Sutrisno, mohon maaf atas ketidaknyamanannya. Pastikan kamu memasukkan nomor kartu dengan benar dan sudah update saldo e-money. Apabila masih berkendala, silakan laporkan detailnya ke email customerservice@gopay.co.id dan mencantumkan kode psr-25-295-1449-16578 pada subjek email yang dikirimkan. ^Miko",2025-10-22 21:49:32,1.60.0,Dataset/dataset\GOPAY_googleplay_OCTOBER_reviews.csv,topup
f74527e6-6172-4da0-b07e-dd690ce1511a,Pengguna Google,https://play-lh.googleusercontent.com/EGemoI2NTXmTsBVtJqk8jxF9rh8ApRWfsIMQSt2uE4OcpQqbFu7f7NbTK05lx80nuSijCz7sc3a277R67g,"saya bayar pake qris diproses nya lama tapi saldo saya sudah kepotong dan saya bayar ces karna saldo belom masuk"" ke penjual nya tersebut saya bayar jam 13.22 pembayaran berasil jam 23.45 emang gila",1,0,,2025-11-13 11:20:43+00:00,,,,Dataset/dataset\OVO_googleplay_NOVEMBER_reviews.csv,qris
435caced-0162-4bc1-bae0-25971ced9b7a,Pengguna Google,https://play-lh.googleusercontent.com/EGemoI2NTXmTsBVtJqk8jxF9rh8ApRWfsIMQSt2uE4OcpQqbFu7f7NbTK05lx80nuSijCz7sc3a277R67g,Dg Shopee Pay..semua transaksi jd lbh mudah..termasuk transfer gratis ke semua tujuan.. trmksh Shopee Pay.. 👍👍♥️♥️,5,0,1.41.06,2025-12-23 17:54:45+00:00,"Hi Kak esti. Terima kasih untuk review positifnya. Untuk transaksi di ShopeePay aman karena dilengkapi dengan fitur keamanan seperti PIN, kode OTP, sidik jari hingga verifikasi wajah. Jika kakak memiliki pertanyaan atau kendala seputar ShopeePay, mohon DM kami di Instagram @ShopeePay_ID ya. Semoga harimu menyenangkan. ^CS",2025-12-23 18:10:18,1.41.06,Dataset/dataset\SHOPEEPAY_googleplay_DECEMBER_reviews.csv,transfer
0dae90bb-d02c-4432-be51-921edb0cd735,Pengguna Google,https://play-lh.googleusercontent.com/EGemoI2NTXmTsBVtJqk8jxF9rh8ApRWfsIMQSt2uE4OcpQqbFu7f7NbTK05lx80nuSijCz7sc3a277R67g,tolong tambahkan fitur qris bayar atau tampilkan kode qr,4,0,8.78.0,2025-12-04 00:20:39+00:00,"Halo, Jagoan! Terima kasih telah menggunakan Bank Jago. Kami akan terus meningkatkan kualitas dan berinovasi untuk memenuhi kebutuhan finansial kamu. Jika kamu memiliki pertanyaan, kamu bisa hubungi kami via telepon di 1500 746/+62 21 3000 074 atau email ke tanya@jago.com. Agent kami akan segera membantumu.",2025-12-04 03:26:55,8.78.0,Dataset/dataset\JAGO_googleplay_DECEMBER_reviews.csv,qris
d64533d3-c63e-4d73-a321-d8c5e25eab83,Pengguna Google,https://play-lh.googleusercontent.com/EGemoI2NTXmTsBVtJqk8jxF9rh8ApRWfsIMQSt2uE4OcpQqbFu7f7NbTK05lx80nuSijCz7sc3a277R67g,verifikasi harus wajah kera apa gimana biar bisa sukses?,2,0,2.5.0,2025-10-31 17:56:43+00:00,"Hai, Kak Dika. Maaf atas ketidaknyamanannya. Kami akan selalu berusaha memberikan yang terbaik demi kebutuhan perbankan Kakak. Terkait hal tersebut pastikan beberapa hal berikut, pastikan Kakak tidak memakai sunglasses, di tempat yang terang, tidak backlight, posisi wajah di dalam lingkaran dan pastikan aplikasi blu versi terupdate ya.",2025-10-31 18:25:09,2.5.0,Dataset/dataset\BLU_googleplay_OCTOBER_reviews.csv,vermuk
88429f31-095a-4596-b44a-8cc1a824ba78,Pengguna Google,https://play-lh.googleusercontent.com/EGemoI2NTXmTsBVtJqk8jxF9rh8ApRWfsIMQSt2uE4OcpQqbFu7f7NbTK05lx80nuSijCz7sc3a277R67g,awalnya apk nya bagus hsil tf an nya juga cepet but pas di tinggal sehari uang sya hilang,1,0,1.61.2,2025-11-05 21:35:56+00:00,"Hai Kak Pelovsa, mohon maaf atas ketidaknyamanannya. Terkait keluhan tersebut, silakan laporkan melalui email ke customerservice@gopay.co.id dengan melampirkan kode psr-25-310-0915-19501 pada subject email. Kami tunggu detail laporan kamu ya. ^Maura",2025-11-06 16:15:24,1.61.2,Dataset/dataset\GOPAY_googleplay_NOVEMBER_reviews.csv,transfer
dbeae08f-52c2-46f0-b916-0ac2e64a3bad,Pengguna Google,https://play-lh.googleusercontent.com/EGemoI2NTXmTsBVtJqk8jxF9rh8ApRWfsIMQSt2uE4OcpQqbFu7f7NbTK05lx80nuSijCz7sc3a277R67g,"top up ke ovo tiba tiba ilang,barusan sekarang,tiba tiba apk keriset pas mau masuk kata sandi salah,ni apk mau nya apa dah,sekarang akun saya ke blokir,tolong dong min masalah masalah sepele gini cepet di benerin ngerugiin banget, jdi takut TF ke ovo KLO ovo nya sering bermasalah.terimakasih",1,0,3.144.0,2025-10-06 23:40:05+00:00,,,3.144.0,Dataset/dataset\OVO_googleplay_OCTOBER_reviews.csv,topup
1112e727-3513-48d8-8af6-c066365e290f,Pengguna Google,https://play-lh.googleusercontent.com/EGemoI2NTXmTsBVtJqk8jxF9rh8ApRWfsIMQSt2uE4OcpQqbFu7f7NbTK05lx80nuSijCz7sc3a277R67g,"sekarang shopee banyak biyaya penanganannya, contoh kalo saya beli tempat makan seharga 31 dapet diskon 5rb Jadi 26, mode layanan 1rb 5ratus terus saya atur mode pembayaran transfer ehh jadi gak dapet diskon 5rb biyaya layanan jadi 2500, gimana sihh.. bukan itu aja pernah saya beli barang lain dari harga berapa pas mau cak out harganya beda jauh sama harga yang di jual",1,10,1.41.06,2025-10-31 13:46:12+00:00,"Hi Kak Neng, mohon maaf atas kendala adanya biaya admin saat checkout. Untuk biaya layanan saat checkout pesanan sesuai dengan metode bayar yang kakak gunakan ya dan untuk diskon pembelian kakak bisa cek syarat dan ketentuanya untuk promo tersebut. Untuk bantuan, mohon menghubungi kami melalui DM Instagram di @ShopeePay_ID. ^CS",2025-10-31 14:36:43,1.41.06,Dataset/dataset\SHOPEEPAY_googleplay_OCTOBER_reviews.csv,transfer
7b0605d7-e977-4216-b928-d887e8e06a3e,Pengguna Google,https://play-lh.googleusercontent.com/EGemoI2NTXmTsBVtJqk8jxF9rh8ApRWfsIMQSt2uE4OcpQqbFu7f7NbTK05lx80nuSijCz7sc3a277R67g,"sering gangguan transfer melalui ewallet, gak jelas dan tolong segera di perbaiki,",1,0,1.60.0,2025-10-08 01:50:51+00:00,"Hai Kak Deni, pastikan jumlah top up tidak melebihi batas limit transaksi bulanan dan jaringan internet stabil. Jika masih bermasalah, laporkan melalui menu Bantuan > ketik ""Mengapa saya tidak bisa top up GoPay?"" > isi formulir dan cantumkan kode psr-25-281-0333-19336 di bagian 'Ceritakan lebih lanjut'. ^Maura",2025-10-08 10:33:29,1.60.0,Dataset/dataset\GOPAY_googleplay_OCTOBER_reviews.csv,transfer
2fa77c01-e61c-4813-a36d-9794b0cc666e,Pengguna Google,https://play-lh.googleusercontent.com/EGemoI2NTXmTsBVtJqk8jxF9rh8ApRWfsIMQSt2uE4OcpQqbFu7f7NbTK05lx80nuSijCz7sc3a277R67g,"top up gopay saya belum masuk dari aplikasi dana, atas nama Amem Qosas, nominal: 240.000, jam 01.00 wib, tanggal 17 november 2025, mohon bantuan nya kak🙏",1,0,,2025-11-17 02:55:07+00:00,"Hai Kak Sonia, pastikan nomor tujuan sudah benar, sudah cek halaman Riwayat, dan coba keluar dan masuk kembali ke aplikasi. Jika saldo masih belum masuk, silakan laporkan melalui menu Bantuan > ketik 'Top up GoPay saya belum masuk' > isi formulir dan cantumkan kode psr-25-321-0100-23813 pada bagian 'Ceritakan lebih lanjut'. ^Melisa",2025-11-17 08:00:30,,Dataset/dataset\GOPAY_googleplay_NOVEMBER_reviews.csv,topup
a2e41657-278f-4553-976b-f15fe14f2f3c,Pengguna Google,https://play-lh.googleusercontent.com/EGemoI2NTXmTsBVtJqk8jxF9rh8ApRWfsIMQSt2uE4OcpQqbFu7f7NbTK05lx80nuSijCz7sc3a277R67g,topup dr jam 9.44 ampe skrg gak masuk2.. padahal notif ada.. tapi uang gk masuk😌,3,0,,2025-10-16 14:43:45+00:00,"Hai Kak Afnan, pastikan nomor tujuan sudah benar, sudah cek halaman Riwayat, dan coba keluar dan masuk kembali ke aplikasi. Jika saldo masih belum masuk, silakan laporkan melalui menu Bantuan > ketik 'Top up GoPay saya belum masuk' > isi formulir dan cantumkan kode psr-25-289-0812-36332 pada bagian 'Ceritakan lebih lanjut'. ^Maura",2025-10-16 15:12:48,,Dataset/dataset\GOPAY_googleplay_OCTOBER_reviews.csv,topup
4d37365f-2161-4958-afb0-10121458a4ac,Pengguna Google,https://play-lh.googleusercontent.com/EGemoI2NTXmTsBVtJqk8jxF9rh8ApRWfsIMQSt2uE4OcpQqbFu7f7NbTK05lx80nuSijCz7sc3a277R67g,"parah ni aplikasi, setiap transaksi ada adminnya , terima trfran ga bakal full pasti di potong , trf ke luar juga kena admin. terus suka pending kalau trf. aplikasi sampah, auto di hapus",1,4,3.150.0,2025-12-28 03:34:13+00:00,,,3.150.0,Dataset/dataset\OVO_googleplay_DECEMBER_reviews.csv,transfer
8124e9fd-22d7-4135-b677-33c62479c48c,Pengguna Google,https://play-lh.googleusercontent.com/EGemoI2NTXmTsBVtJqk8jxF9rh8ApRWfsIMQSt2uE4OcpQqbFu7f7NbTK05lx80nuSijCz7sc3a277R67g,"Sebenarnya apknya udah bagus, fitur dompetnya bener2 ngemudahin kita buat ngelola keuangan pribadi. Cuma di aku sering muncul kendala pas lagi scan kode Qris. Selalu muncul tulisan ""kode tidak valid"" padahal kalo make apk dari bank lain valid2 aja, bisa buat bayar. Alhasil aku jadi jarang make uangku di dompet jago, gara2 sering ga bisa dipake buat pembayaran Qris 😂",2,48,8.74.0,2025-10-04 14:44:53+00:00,"Halo, Jagoan! Mohon maaf atas kendala yang kamu alami ya. Saya mengerti situasi sulit ini mengganggu kamu. Mohon kesediaannya mengirimkan email ke tanya@jago.com dengan melampirkan bukti foto/tangkapan layar kendala kamu. Agar dapat segera kami bantu.",2025-10-04 16:23:17,8.74.0,Dataset/dataset\JAGO_googleplay_OCTOBER_reviews.csv,qris
f718e286-5f86-4c7e-a840-5e9a50e1139e,Pengguna Google,https://play-lh.googleusercontent.com/EGemoI2NTXmTsBVtJqk8jxF9rh8ApRWfsIMQSt2uE4OcpQqbFu7f7NbTK05lx80nuSijCz7sc3a277R67g,"pihak gopay gak tanggung jawab,aku kan top up wdp trus ada setelah top up cashback sekian la sama kayak aku top up wdp nya trus cashback nya ga masuk trus di minta tindak lanjut ni apk ga di bales,,,, sama saja scam kocak ni apk",1,0,1.60.0,2025-10-23 17:34:24+00:00,"Hai Kak Hafidz, mohon maaf atas ketidaknyamanannya. Mengenai promo mengikuti syarat dan ketentuan yang berlaku. Apabila cashback belum masuk, mohon menunggu 1x24 jam terlebih dahulu. Selengkapnya dapat cek pada menu Bantuan di aplikasi GoPay > ketik ""Cashback saya belum masuk"" di kolom pencarian. ^Maura",2025-10-23 17:47:57,1.60.0,Dataset/dataset\GOPAY_googleplay_OCTOBER_reviews.csv,topup
44e7a5e5-95b6-4c63-84dc-6ed92c921ac4,Pengguna Google,https://play-lh.googleusercontent.com/EGemoI2NTXmTsBVtJqk8jxF9rh8ApRWfsIMQSt2uE4OcpQqbFu7f7NbTK05lx80nuSijCz7sc3a277R67g,bisa buat TF gratis.. terimakasih gopay,5,0,1.61.2,2025-10-29 19:44:38+00:00,,,1.61.2,Dataset/dataset\GOPAY_googleplay_OCTOBER_reviews.csv,transfer
f0ba39a6-e1ce-4fd6-8e71-b8402325b9c3,Pengguna Google,https://play-lh.googleusercontent.com/EGemoI2NTXmTsBVtJqk8jxF9rh8ApRWfsIMQSt2uE4OcpQqbFu7f7NbTK05lx80nuSijCz7sc3a277R67g,kurang lancar untuk transaksi tldan top up,1,0,,2025-11-22 13:41:53+00:00,"Mohon maaf, Kak @Drdni Op. Agar bisa menggunakan GoPay, pastikan saldo cukup, masukkan PIN GoPay yang benar, dan gunakan aplikasi terbaru. Jika masih bermasalah, laporkan melalui menu Bantuan > ketik ""Saya tidak dapat menggunakan GoPay"" > isi formulir dan cantumkan kode psr-25-326-0810-33177 di bagian ""Ceritakan lebih lanjut"". ^Miko",2025-11-22 15:10:48,,Dataset/dataset\GOPAY_googleplay_NOVEMBER_reviews.csv,topup
44255dee-3717-4f5d-92fc-083f1e5da289,Pengguna Google,https://play-lh.googleusercontent.com/EGemoI2NTXmTsBVtJqk8jxF9rh8ApRWfsIMQSt2uE4OcpQqbFu7f7NbTK05lx80nuSijCz7sc3a277R67g,ewallet terburuk yg pernah ku pakai . top up saldo nggak bertambah. . pusat bantuan tidak ada cs. buruk pokoknya,1,0,,2025-12-28 09:00:55+00:00,,,,Dataset/dataset\OVO_googleplay_DECEMBER_reviews.csv,topup
cfbdad44-6532-4235-9b17-55a089d0591c,Pengguna Google,https://play-lh.googleusercontent.com/EGemoI2NTXmTsBVtJqk8jxF9rh8ApRWfsIMQSt2uE4OcpQqbFu7f7NbTK05lx80nuSijCz7sc3a277R67g,gak layak di pake top up no sudah benar tp saldo gak masuk2 aplikasi ampas macem rampok duit nasabah .,1,0,3.144.0,2025-10-07 09:25:08+00:00,,,3.144.0,Dataset/dataset\OVO_googleplay_OCTOBER_reviews.csv,topup
7d4020e4-e45f-43ed-bf15-cd74ebbe477c,Pengguna Google,https://play-lh.googleusercontent.com/EGemoI2NTXmTsBVtJqk8jxF9rh8ApRWfsIMQSt2uE4OcpQqbFu7f7NbTK05lx80nuSijCz7sc3a277R67g,gopay membantu banget kalo untuk beli apapun cuman kalo mau transfer ke bank lain sering terjadi perbaikan itu tolong diperbaiki lagi,5,0,1.59.0,2025-10-02 23:15:41+00:00,,,1.59.0,Dataset/dataset\GOPAY_googleplay_OCTOBER_reviews.csv,transfer
451e220d-8b51-4d51-8837-edb9e65c01fb,Pengguna Google,https://play-lh.googleusercontent.com/EGemoI2NTXmTsBVtJqk8jxF9rh8ApRWfsIMQSt2uE4OcpQqbFu7f7NbTK05lx80nuSijCz7sc3a277R67g,apk jelek.uang mau dipakai ga bisa dipakai. cuman karna apk dipindah ke hp lain. sudah laporan tetep aja apk.uang ga bisa dipakai. biasanya ga pakai face id. sekarang pakai face id. malah ga bisa dipakai. padahal sudah pakai KTP saya. masa pengenalan wajah ga bisa mulu. pusing jadinya walau itu bagi kalian uang sedikit.tapi bagi saya itu besar bisa buat beli susu anak,1,13,1.40.06,2025-10-14 16:06:39+00:00,"Hi Kak Saif. Maaf atas kendala gagal verifikasi wajah saat transaksi. Pastikan verifikasi wajah telah sesuai dgn KTP terdaftar pd ShopeePay agar sistem dpt memverifikasi kepemilikan akun. Silakan klik ShopeePay>Saya>Pengaturan>Upgrade ke ShopeePay Plus>Informasi Pribadi.Untuk bantuan pengecekan,hubungi kami melalui DM ke Instagram @ShopeePay_ID ^CS",2025-10-14 17:06:56,1.40.06,Dataset/dataset\SHOPEEPAY_googleplay_OCTOBER_reviews.csv,vermuk
1475eb37-d00c-4d9c-917b-c1e76a0b3ffe,Pengguna Google,https://play-lh.googleusercontent.com/EGemoI2NTXmTsBVtJqk8jxF9rh8ApRWfsIMQSt2uE4OcpQqbFu7f7NbTK05lx80nuSijCz7sc3a277R67g,kadang transfer sering lemot... tolong di perbaiki admin🙏🙏,5,0,1.41.06,2025-10-27 21:16:19+00:00,"Hi Kak. Terima kasih telah menggunakan ShopeePay. Mari cek aplikasi ShopeePay karena banyak fitur yang mempermudah keseharian kakak seperti pembelian pulsa, paket data, pembayaran tagihan listrik dan pembayaran lainnya. Jika kakak memiliki pertanyaan seputar ShopeePay, mohon DM kami di Instagram @ShopeePay_ID ya. Semoga harimu menyenangkan ^RJ",2025-10-28 09:40:38,1.41.06,Dataset/dataset\SHOPEEPAY_googleplay_OCTOBER_reviews.csv,transfer
826a0203-727e-48c5-84b0-eae8cfbd7985,Pengguna Google,https://play-lh.googleusercontent.com/EGemoI2NTXmTsBVtJqk8jxF9rh8ApRWfsIMQSt2uE4OcpQqbFu7f7NbTK05lx80nuSijCz7sc3a277R67g,"tf an ga masuk tapi status sukses gada bantuan, lepas tangan langsung asal dah sukses gabisa lagi di bantu",1,0,8.76.0,2025-11-13 08:57:42+00:00,"Halo, Jagoan. Mohon maaf atas kendala yang terjadi ya. Kamu tidak perlu khawatir, kamu bisa menjelaskan detail kendala tersebut melalui email di tanya@jago.com atau call center 1500 746 untuk kami bantu tangani lebih lanjut. Terima kasih :)",2025-11-13 09:07:43,8.76.0,Dataset/dataset\JAGO_googleplay_NOVEMBER_reviews.csv,transfer
623a7e42-e7ef-4055-b994-99547357e493,Pengguna Google,https://play-lh.googleusercontent.com/EGemoI2NTXmTsBVtJqk8jxF9rh8ApRWfsIMQSt2uE4OcpQqbFu7f7NbTK05lx80nuSijCz7sc3a277R67g,"bagus sih,cm aneh kl mau tf kog di arahkan ky mau pinjol",1,0,,2025-10-18 22:45:20+00:00,"Hi Kak Juminten. Mohon maaf atas kendala transfer ShopeePay, untuk dapat melakukan transfer dana kakak perlu melakukan verifikasi ShopeePay terlebih dahulu. Infonya dapat dicek pada link ini: https://help.shopee.co.id/portal/4/article/72961 . Mohon menghubungi kami melalui DM ke Instagram @ShopeePay_ID untuk bantuan lebih lanjut. ^CS",2025-10-20 11:59:09,,Dataset/dataset\SHOPEEPAY_googleplay_OCTOBER_reviews.csv,transfer
b44500b5-7287-4a71-8f28-4074766a19ba,Pengguna Google,https://play-lh.googleusercontent.com/EGemoI2NTXmTsBVtJqk8jxF9rh8ApRWfsIMQSt2uE4OcpQqbFu7f7NbTK05lx80nuSijCz7sc3a277R67g,apk bermasalah gabisa login,3,0,,2025-11-17 13:45:04+00:00,"Hai, Kakak. Maaf atas ketidaknyamanannya. Terkait kendala tersebut boleh kirimkan gambar kendalanya ke X @haloblu atau email haloblu@bcadigital.co.id agar kami bisa bantu lebih lanjut ya.",2025-11-17 15:30:16,,Dataset/dataset\BLU_googleplay_NOVEMBER_reviews.csv,login
897b17ea-1efb-4aac-bc2e-b1dd565061a0,Pengguna Google,https://play-lh.googleusercontent.com/EGemoI2NTXmTsBVtJqk8jxF9rh8ApRWfsIMQSt2uE4OcpQqbFu7f7NbTK05lx80nuSijCz7sc3a277R67g,"Najong amit-amit, udah kepotong biaya admin dari bank 2500 malah di GO-PAY tetep kepotong biaya admin lagi 1000. Mending pake DANA dah, topup gratis, ga ada biaya admin pula.",1,0,1.51.0,2025-10-06 06:50:36+00:00,"Mohon maaf atas ketidaknyamanannya, Kak Harry. Terkait ulasanmu, kami selalu berupaya untuk memberlakukan tarif yang terjangkau bagi seluruh pelanggan agar dapat selalu menjaga kualitas layanan terbaik. Kami harap kamu senantiasa nyaman dalam menggunakan layanan GoPay. Jika ada kendala lain silakan hubungi kami di menu Bantuan. ^Maura",2025-10-06 07:52:54,1.51.0,Dataset/dataset\GOPAY_googleplay_OCTOBER_reviews.csv,topup
4156b245-9ece-40df-aed3-ed95d6372ab2,Pengguna Google,https://play-lh.googleusercontent.com/EGemoI2NTXmTsBVtJqk8jxF9rh8ApRWfsIMQSt2uE4OcpQqbFu7f7NbTK05lx80nuSijCz7sc3a277R67g,kecewa masa verifikasi muka gagal terus padahal ga beda orang muka juga sama,1,0,1.62.0,2025-11-03 23:25:26+00:00,"Mohon maaf atas kendalanya, Kak Fathir. Sebelum login, pastikan fitur Face ID/Sidik Jari sudah aktif dan pola atau kata sandi yang dimasukkan sudah benar. Untuk info lebih lanjut, kunjungi halaman bantuan login > klik ikon ""?"" > pilih ""Tidak bisa masuk ke akun GoPay"" > pilih artikel ""Saya tidak bisa masuk dengan Face ID/Sidik Jari"". ^Miko",2025-11-04 00:07:35,1.62.0,Dataset/dataset\GOPAY_googleplay_NOVEMBER_reviews.csv,vermuk
52e2b92a-8b7a-40a6-ab87-98a470979d35,Pengguna Google,https://play-lh.googleusercontent.com/EGemoI2NTXmTsBVtJqk8jxF9rh8ApRWfsIMQSt2uE4OcpQqbFu7f7NbTK05lx80nuSijCz7sc3a277R67g,"disaaat login ulang tidka bisa, tolong lah perbaiki. masak eror terus mau login ulang.",1,1,3.2.0,2025-11-29 15:56:01+00:00,"Halo Sahabat @Xtream New, mohon maaf atas ketidaknyamanannya. Terkait kendala Sahabat mohon untuk dapat mengirimkan email ke mandiricare@bankmandiri.co.id atau menghubungi Mandiri Call 14000 lalu tekan 2 agar dapat dilakukan pengecekan. Tks~Danti",2025-11-29 16:05:32,3.2.0,Dataset/dataset\LIVIN_googleplay_NOVEMBER_reviews.csv,login
0e314300-0a2d-4505-a78d-2b65a341a498,Pengguna Google,https://play-lh.googleusercontent.com/EGemoI2NTXmTsBVtJqk8jxF9rh8ApRWfsIMQSt2uE4OcpQqbFu7f7NbTK05lx80nuSijCz7sc3a277R67g,perbaiki pembayaran qris nya.. susah mengenal qris lain,3,0,1.60.0,2025-11-07 12:01:39+00:00,"Hai Kak Joni, maaf atas ketidaknyamanannya. Pastikan kamu menggunakan aplikasi GoPay versi terbaru dan kode QR yang dipindai berasal dari merchant yang menerima pembayaran melalui kode GoPay. Jika masih berkendala, laporkan melalui email ke customerservice@gopay.co.id dan cantumkan kode psr-25-311-0823-57569 pada subjek email. ^Maura",2025-11-07 15:24:02,1.60.0,Dataset/dataset\GOPAY_googleplay_NOVEMBER_reviews.csv,qris
88b06074-6815-4dff-aa46-63a4eeb15095,Pengguna Google,https://play-lh.googleusercontent.com/EGemoI2NTXmTsBVtJqk8jxF9rh8ApRWfsIMQSt2uE4OcpQqbFu7f7NbTK05lx80nuSijCz7sc3a277R67g,"mudah dipakai dan banyak pilihan mulai dari transfer, pembayaran, tabungan, serta pinjaman",5,0,1.61.2,2025-11-02 23:01:07+00:00,,,1.61.2,Dataset/dataset\GOPAY_googleplay_NOVEMBER_reviews.csv,transfer
aad4e4aa-5055-428d-92e3-25c735764955,Pengguna Google,https://play-lh.googleusercontent.com/EGemoI2NTXmTsBVtJqk8jxF9rh8ApRWfsIMQSt2uE4OcpQqbFu7f7NbTK05lx80nuSijCz7sc3a277R67g,"Sdh 5 tahun lebih pakai Gopay,kmren top up saldo k.gopay,saldo hilang history juga gak ada,layananya bilang 1 hari kerja,tiba2 jadi berubah sampai 7 hari kerja,sampai sekarang saldo saya gk di kembalikan",1,0,,2025-11-17 18:28:42+00:00,"Hai Kak Gusti, mohon maaf atas ketidaknyamanannya. Jika masih mengalami keluhan, silakan laporkan melalui email ke customerservice@gopay.co.id dengan melampirkan kode psr-25-321-1154-57101 pada subject email dan cantumkan nomor laporan sebelumnya serta ceritakan kembali detail permasalahannya. Kami tunggu detail laporan kamu ya. ^Miko",2025-11-17 18:55:15,,Dataset/dataset\GOPAY_googleplay_NOVEMBER_reviews.csv,topup
0c116fa1-063c-408d-b8e1-ab3380f92802,Pengguna Google,https://play-lh.googleusercontent.com/EGemoI2NTXmTsBVtJqk8jxF9rh8ApRWfsIMQSt2uE4OcpQqbFu7f7NbTK05lx80nuSijCz7sc3a277R67g,ko refund Mulu ya setiap transfer ke dana dan juga lama banget proses nya tolong dong perbaiki kalo engga saya suruh tmn tmn saya kasih bintang 1,1,0,,2025-11-02 00:04:02+00:00,"Hai Kak Ryan, mohon maaf atas ketidaknyamanannya. Pastikan nomor tujuan transfer sudah benar dan sudah cek halaman Riwayat. Jika saldo belum juga bertambah, laporkan detailnya melalui email customerservice@gopay.co.id dan cantumkan kode psr-25-306-0547-22142 pada subject email yang kamu kirimkan ya. ^Melisa",2025-11-02 12:47:38,,Dataset/dataset\GOPAY_googleplay_NOVEMBER_reviews.csv,transfer
f617a84d-cc53-4b7f-a936-7358f0fe42eb,Pengguna Google,https://play-lh.googleusercontent.com/EGemoI2NTXmTsBVtJqk8jxF9rh8ApRWfsIMQSt2uE4OcpQqbFu7f7NbTK05lx80nuSijCz7sc3a277R67g,"saya transfer belum masuk2 ke rekening gopay, suruh nunggu 48 jam ini udah lewat 48 jam dari tgl 15/10/2025 sekarang udah tanggal 18/10/2025 gimana ini pihak gopay",2,0,,2025-10-18 12:42:13+00:00,"Hai Kak Dinar, mohon maaf atas ketidaknyamanannya. Jika masih mengalami keluhan, silakan laporkan melalui email ke customerservice@gopay.co.id dengan melampirkan kode psr-25-291-0838-51330 pada subject email dan cantumkan nomor laporan sebelumnya serta ceritakan kembali detail permasalahannya. Kami tunggu detail laporan kamu ya. ^Miko",2025-10-18 15:39:14,,Dataset/dataset\GOPAY_googleplay_OCTOBER_reviews.csv,transfer
48786222-9dd3-4f82-b766-3a93e7d424ce,Pengguna Google,https://play-lh.googleusercontent.com/EGemoI2NTXmTsBVtJqk8jxF9rh8ApRWfsIMQSt2uE4OcpQqbFu7f7NbTK05lx80nuSijCz7sc3a277R67g,bagus buat top up game,5,0,1.64.0,2025-11-25 07:40:00+00:00,,,1.64.0,Dataset/dataset\GOPAY_googleplay_NOVEMBER_reviews.csv,topup
35f79353-08e2-4250-b8b3-8758adcb41ab,Pengguna Google,https://play-lh.googleusercontent.com/EGemoI2NTXmTsBVtJqk8jxF9rh8ApRWfsIMQSt2uE4OcpQqbFu7f7NbTK05lx80nuSijCz7sc3a277R67g,"gk bisa top up melalui mbanking , payah",1,0,,2025-10-28 14:45:33+00:00,,,,Dataset/dataset\GOPAY_googleplay_OCTOBER_reviews.csv,topup
d98c57aa-9ee9-445c-8e9e-a0f74add6bf8,Pengguna Google,https://play-lh.googleusercontent.com/EGemoI2NTXmTsBVtJqk8jxF9rh8ApRWfsIMQSt2uE4OcpQqbFu7f7NbTK05lx80nuSijCz7sc3a277R67g,aplikasi susah login,1,0,,2025-10-23 01:20:32+00:00,"Hai, Kakak. Maaf atas ketidaknyamanannya. Kami akan selalu berusaha memberikan yang terbaik demi memenuhi kebutuhan perbankan Kakak. Terkait kendala tersebut boleh infokan detail kendala serta kirimkan gambar kendalanya ke X @haloblu atau email haloblu@bcadigital.co.id agar kami bisa bantu lebih lanjut ya.",2025-10-23 02:17:00,,Dataset/dataset\BLU_googleplay_OCTOBER_reviews.csv,login
a9e05304-0d5a-4bae-bfb8-6cd29abbc4ca,Pengguna Google,https://play-lh.googleusercontent.com/EGemoI2NTXmTsBVtJqk8jxF9rh8ApRWfsIMQSt2uE4OcpQqbFu7f7NbTK05lx80nuSijCz7sc3a277R67g,"terjadi lagi, top up lewat dana transaksi berhasil ,tapi saldo di gopay tidak nambah , apa aplikasi ini mau bangkrut ,sengaja mempending uang top up/ transferan untuk di putar kembali",5,0,,2025-11-23 00:45:16+00:00,"Hai Kak Zubair, pastikan nomor tujuan sudah benar, sudah cek halaman Riwayat, dan coba keluar dan masuk kembali ke aplikasi. Jika saldo masih belum masuk, silakan laporkan melalui menu Bantuan > ketik 'Top up GoPay saya belum masuk' > isi formulir dan cantumkan kode psr-25-096-0857-01026 pada bagian 'Ceritakan lebih lanjut'. ^Miko",2025-04-06 15:57:10,,Dataset/dataset\GOPAY_googleplay_NOVEMBER_reviews.csv,topup
bbeb585e-e0d9-4c37-b38f-be141c55bb28,Pengguna Google,https://play-lh.googleusercontent.com/EGemoI2NTXmTsBVtJqk8jxF9rh8ApRWfsIMQSt2uE4OcpQqbFu7f7NbTK05lx80nuSijCz7sc3a277R67g,KENDALA MULU TRANSFER HERAAAN GUA MAAHH,1,0,1.44.04,2025-12-05 18:24:20+00:00,"Hi Kak Alfin, Mohon maaf atas ketidaknyamanannya terkait transfer. Terkait kendala tersebut mohon menghubungi kami melalui DM ke Instagram @ShopeePay_ID yang bercentang biru, dengan menginformasikan detail dan bukti kendala untuk bantuan lebih lanjut. Semoga kendala kakak segera terselesaikan ya. ^CS",2025-12-08 17:23:07,1.44.04,Dataset/dataset\SHOPEEPAY_googleplay_DECEMBER_reviews.csv,transfer
07fa5dec-c5e1-4ad4-b435-890a8346f0c1,Pengguna Google,https://play-lh.googleusercontent.com/EGemoI2NTXmTsBVtJqk8jxF9rh8ApRWfsIMQSt2uE4OcpQqbFu7f7NbTK05lx80nuSijCz7sc3a277R67g,"saya tidak bisa melakukam pembayaran qris & prmbayaran gopaylater, pdahal akun sudah upgrade ke gopay plus dan aplikasi sudah terbaru.. mohon bantuannya min",1,0,1.64.0,2025-11-18 18:56:19+00:00,"Hai Kak Infinity, mohon maaf atas ketidaknyamanannya. Pastikan kamu menggunakan aplikasi GoPay versi terbaru dan posisi kode QR yang dipindai sudah sesuai. Jika masih berkendala, laporkan melalui email customerservice@gopay.co.id dan cantumkan kode psr-25-322-1240-46906 pada subject email yang kamu kirimkan ya. ^Melisa",2025-11-18 19:40:57,1.64.0,Dataset/dataset\GOPAY_googleplay_NOVEMBER_reviews.csv,qris
ab3b42b5-8621-4bca-a2cc-d3517bcb2157,Pengguna Google,https://play-lh.googleusercontent.com/EGemoI2NTXmTsBVtJqk8jxF9rh8ApRWfsIMQSt2uE4OcpQqbFu7f7NbTK05lx80nuSijCz7sc3a277R67g,"saya transfer uang ke seseorang dan belum diterima,bagaimanaini",1,0,1.57.0,2025-11-10 20:00:21+00:00,"Hai Kak @PAPOLE, mohon maaf atas ketidaknyamanannya. Pastikan nomor tujuan transfer sudah benar dan sudah cek halaman Riwayat. Jika saldo belum juga bertambah, laporkan detailnya melalui email customerservice@gopay.co.id dan cantumkan kode psr-25-314-1510-09750 pada subject email yang kamu kirimkan ya. ^Miko",2025-11-10 22:10:28,1.57.0,Dataset/dataset\GOPAY_googleplay_NOVEMBER_reviews.csv,transfer
674c1af4-01c1-424f-a163-31ca9cf042f9,Pengguna Google,https://play-lh.googleusercontent.com/EGemoI2NTXmTsBVtJqk8jxF9rh8ApRWfsIMQSt2uE4OcpQqbFu7f7NbTK05lx80nuSijCz7sc3a277R67g,saldo saya belum masuk aja hampir 2 hari dapet TF dari e_wallet dana parah bener,1,0,3.144.0,2025-10-07 19:00:04+00:00,,,3.144.0,Dataset/dataset\OVO_googleplay_OCTOBER_reviews.csv,transfer
69a7cdb1-ba9e-4ac1-8964-ff7f8e3a3d0f,Pengguna Google,https://play-lh.googleusercontent.com/EGemoI2NTXmTsBVtJqk8jxF9rh8ApRWfsIMQSt2uE4OcpQqbFu7f7NbTK05lx80nuSijCz7sc3a277R67g,Bank Jago ga bisa bayar Qris pakai scan upload image,1,1,8.79.0,2025-12-28 12:39:07+00:00,"Halo, Jagoan! Mohon maaf apabila terdapat fitur atau layanan Jago yang belum sesuai harapan kamu. Kamu bisa menghubungi Tanya Jago di nomor 1500746 / 021-30000746 atau e-mail ke tanya@jago.com untuk kami bantu cek kendalanya lebih lanjut ya. Agent kami dengan senang hati membantu kamu.",2025-12-28 13:01:12,8.79.0,Dataset/dataset\JAGO_googleplay_DECEMBER_reviews.csv,qris
3b69093c-1aa4-4898-a558-af493dbb8db8,Pengguna Google,https://play-lh.googleusercontent.com/EGemoI2NTXmTsBVtJqk8jxF9rh8ApRWfsIMQSt2uE4OcpQqbFu7f7NbTK05lx80nuSijCz7sc3a277R67g,5x top up emoney nggak masuk padahal di apk udah berhasil.... kenapa nggak bisa kembali saldo... buruk sekali nggak ada perbaikan kah....,1,1,1.61.2,2025-11-06 12:15:33+00:00,"Hai Kak Nurul, pastikan nomor kartu yang dimasukkan sudah benar dan kamu sudah update saldo sesuai dengan ketentuan, ya. Jika masih bermasalah, laporkan melalui menu Bantuan > ketik ""Update saldo e-money tidak berhasil"" > isi formulir dan cantumkan kode psr-25-311-0017-46484 di bagian ""Ceritakan lebih lanjut"". ^Melisa",2025-11-07 07:17:57,1.61.2,Dataset/dataset\GOPAY_googleplay_NOVEMBER_reviews.csv,topup
22a79be8-f7e7-4002-9599-c437836c49b8,Pengguna Google,https://play-lh.googleusercontent.com/EGemoI2NTXmTsBVtJqk8jxF9rh8ApRWfsIMQSt2uE4OcpQqbFu7f7NbTK05lx80nuSijCz7sc3a277R67g,ovo sekarang parah banget jelek transfer pending proses terus,1,0,3.144.0,2025-10-02 22:32:56+00:00,,,3.144.0,Dataset/dataset\OVO_googleplay_OCTOBER_reviews.csv,transfer
4564d4f3-d155-4d40-b812-e5f7a0b5455d,Pengguna Google,https://play-lh.googleusercontent.com/EGemoI2NTXmTsBVtJqk8jxF9rh8ApRWfsIMQSt2uE4OcpQqbFu7f7NbTK05lx80nuSijCz7sc3a277R67g,Loding pas login nya lama banget niat gak sih buat aplikasi 😡,1,2,1.42.03,2025-11-16 09:30:07+00:00,"Hi Kak ADITIYA. Mohon maaf atas kendala login lama. Kami sarankan untuk melakukan clear cache dengan cara masuk ke Pengaturan>Aplikasi>ShopeePay>Penyimpanan>Hapus cache. Pastikan internet Kakak dalam keadaan stabil, ketersediaan RAM dan Memori yang cukup. Jika kedepannya masih berkendala, silakan hubungi kami di DM Instagram @ShopeePay_ID ^CS",2025-11-17 13:55:40,1.42.03,Dataset/dataset\SHOPEEPAY_googleplay_NOVEMBER_reviews.csv,login
9f44d09c-981c-4751-91e1-71443dfe61a5,Pengguna Google,https://play-lh.googleusercontent.com/EGemoI2NTXmTsBVtJqk8jxF9rh8ApRWfsIMQSt2uE4OcpQqbFu7f7NbTK05lx80nuSijCz7sc3a277R67g,cara transfer uang cepat,5,0,1.41.06,2025-10-20 11:17:35+00:00,"Hi Kak Nurhayati. Terima kasih telah menggunakan ShopeePay. Mari cek aplikasi ShopeePay karena banyak fitur yg mempermudah keseharian kakak, seperti pembelian pulsa, paket data, pembayaran tagihan listrik dan pembayaran lainnya. Jika memiliki pertanyaan seputar ShopeePay, mohon DM kami di Instagram @ShopeePay_ID. Semoga harimu menyenangkan. ^CS",2025-10-20 14:44:51,1.41.06,Dataset/dataset\SHOPEEPAY_googleplay_OCTOBER_reviews.csv,transfer
907f25fd-5918-4a3f-b8fd-27b14c7b13e2,Pengguna Google,https://play-lh.googleusercontent.com/EGemoI2NTXmTsBVtJqk8jxF9rh8ApRWfsIMQSt2uE4OcpQqbFu7f7NbTK05lx80nuSijCz7sc3a277R67g,gimana ini mau TF ke e-wallet lain gak bsa ke sesama gopay gak bsa padahal udh upgrade ke gopay plus gak jelas ini aplikasi orng LG penting juga malah gak bsa ngirim,1,1,1.60.0,2025-10-13 14:40:33+00:00,"Hai Kak Ahmad, sebelum transfer, pastikan status upgrade GoPay Plus sudah 'Diterima', nomor penerima valid dan tidak terblokir. Jika masih bermasalah, silakan kunjungi menu Bantuan di aplikasi GoPay atau email ke customerservice@gopay.co.id dan cantumkan kode psr-25-286-0815-21683 pada subjek email. ^Miko",2025-10-13 15:15:58,1.60.0,Dataset/dataset\GOPAY_googleplay_OCTOBER_reviews.csv,transfer
2491e39e-42c1-4f8a-aff4-7302347212dc,Pengguna Google,https://play-lh.googleusercontent.com/EGemoI2NTXmTsBVtJqk8jxF9rh8ApRWfsIMQSt2uE4OcpQqbFu7f7NbTK05lx80nuSijCz7sc3a277R67g,kalau buat qris bisa disini,5,0,1.59.0,2025-10-03 15:26:16+00:00,,,1.59.0,Dataset/dataset\GOPAY_googleplay_OCTOBER_reviews.csv,qris
dec4f4f1-a74d-473e-80d7-133ce2d25947,Pengguna Google,https://play-lh.googleusercontent.com/EGemoI2NTXmTsBVtJqk8jxF9rh8ApRWfsIMQSt2uE4OcpQqbFu7f7NbTK05lx80nuSijCz7sc3a277R67g,"knp pas verifikasi wajah saat berkedip tidak terverivikasi, padahal berkedip sudah pakaian rapih sopan, pas berkedip beberapa kali tidak waktu slalu habis tolong di perbaiki verifikasi. karna tidak bisa masuk dan tidak bisa melihat saldo pribadi karna tidak bisa masuk ke livin",1,10,3.2.0,2025-12-15 19:49:58+00:00,"Halo Sahabat Gury Gury, mohon maaf atas ketidaknyamanannya. Terkait kendala verifikasi Livin' by Mandiri, mohon mencoba kembali dan pastikan pencahayaan baik. Apabila masih terkendala, dapat mengirimkan email ke mandiricare@bankmandiri.co.id atau menghubungi mandiri call 14000 agar dapat dilakukan pengecekan. Tks~Romi",2025-12-15 20:17:32,3.2.0,Dataset/dataset\LIVIN_googleplay_DECEMBER_reviews.csv,vermuk
a5e2c392-4560-49d0-bf00-326d9c574a1e,Pengguna Google,https://play-lh.googleusercontent.com/EGemoI2NTXmTsBVtJqk8jxF9rh8ApRWfsIMQSt2uE4OcpQqbFu7f7NbTK05lx80nuSijCz7sc3a277R67g,saya di transfer kok belum masuk gimana ini padahal sudah lebih 1x24 jam tolong bantuan nya,1,1,1.62.0,2025-11-18 19:14:30+00:00,"Hai Kak Mohammad, mohon maaf atas ketidaknyamanannya. Pastikan nomor tujuan transfer sudah benar dan sudah cek halaman Riwayat. Jika saldo belum juga bertambah, laporkan detailnya melalui email customerservice@gopay.co.id dan cantumkan kode psr-25-322-1243-35756 pada subject email yang kamu kirimkan ya. ^Melisa",2025-11-18 19:43:43,1.62.0,Dataset/dataset\GOPAY_googleplay_NOVEMBER_reviews.csv,transfer
5caf3179-f935-4e6a-9daa-cd379f1261e0,Pengguna Google,https://play-lh.googleusercontent.com/EGemoI2NTXmTsBVtJqk8jxF9rh8ApRWfsIMQSt2uE4OcpQqbFu7f7NbTK05lx80nuSijCz7sc3a277R67g,kenapa harus ada potongan 2rb tiap top up aplikasi kikirr,1,0,3.84.1,2025-12-25 19:57:29+00:00,,,3.84.1,Dataset/dataset\OVO_googleplay_DECEMBER_reviews.csv,topup
9502d91c-8bad-4985-897b-b44f74b8d1d2,Pengguna Google,https://play-lh.googleusercontent.com/EGemoI2NTXmTsBVtJqk8jxF9rh8ApRWfsIMQSt2uE4OcpQqbFu7f7NbTK05lx80nuSijCz7sc3a277R67g,aplikasi gak guna.. gw salah tf.. 50000 suru bikin surat pernyataan di sertai materai 10 rb.. sedangkan harga materai 13000.. di potong biaya tf 1000.. najis gw pake aplikasi ini,1,0,3.148.0,2025-11-27 23:41:32+00:00,,,3.148.0,Dataset/dataset\OVO_googleplay_NOVEMBER_reviews.csv,transfer
cfb1c264-9185-454b-8f91-8ba53bf36e5d,Pengguna Google,https://play-lh.googleusercontent.com/EGemoI2NTXmTsBVtJqk8jxF9rh8ApRWfsIMQSt2uE4OcpQqbFu7f7NbTK05lx80nuSijCz7sc3a277R67g,login ulang aja ribet amat perbaiki tu apk jangan iklan gaguna doang lu banyakin,1,0,,2025-12-21 16:08:08+00:00,Hi Kak tison. Kami memahami kendala tidak bisa login. Silakan mengisi formulir kendala login pada link berikut https://help.shopee.co.id/portal/webform/c31731974d32419d9cb383a199424e0c. Pastikan kakak tidak dalam keadaan login pada akun manapun saat mengisi formulir tersebut. ^EN,2025-12-22 15:48:09,,Dataset/dataset\SHOPEEPAY_googleplay_DECEMBER_reviews.csv,login
f84cbefa-b0fc-4af8-96b7-c95d4179d755,Pengguna Google,https://play-lh.googleusercontent.com/EGemoI2NTXmTsBVtJqk8jxF9rh8ApRWfsIMQSt2uE4OcpQqbFu7f7NbTK05lx80nuSijCz7sc3a277R67g,"paan, masa uda ada 1 bulan gabisa bayar buat top up games katanya ada aktivitas ga wajar trs pas minta bantuan malah gajelassssss ngarahnya kemana, malah di arahin ke artikel terus katanya 1 akun dapet 1 wdp gratis terus pas di coba kaga bisa katanya uda abis gajelasss apk busuk",1,11,1.64.1,2025-11-29 17:07:10+00:00,"Hai Kak Bunga, mohon maaf atas ketidaknyamanannya. Jika kamu masih mengalami kendala, silakan laporkan melalui email ke customerservice@gopay.co.id dengan melampirkan kode psr-25-333-1036-26620 pada subject email dan cantumkan nomor laporan kamu sebelumnya pada email yang kamu kirimkan. Kami tunggu detail laporan kamu ya. ^Maura",2025-11-29 17:36:33,1.64.1,Dataset/dataset\GOPAY_googleplay_NOVEMBER_reviews.csv,topup
9faca3ff-19f7-4d85-a70d-9eca73cf46eb,Pengguna Google,https://play-lh.googleusercontent.com/EGemoI2NTXmTsBVtJqk8jxF9rh8ApRWfsIMQSt2uE4OcpQqbFu7f7NbTK05lx80nuSijCz7sc3a277R67g,apk baik gratis top up,5,0,1.60.0,2025-11-04 16:33:50+00:00,,,1.60.0,Dataset/dataset\GOPAY_googleplay_NOVEMBER_reviews.csv,topup
2c155695-b83d-4b3a-9e84-5cdaa93482f4,Pengguna Google,https://play-lh.googleusercontent.com/EGemoI2NTXmTsBVtJqk8jxF9rh8ApRWfsIMQSt2uE4OcpQqbFu7f7NbTK05lx80nuSijCz7sc3a277R67g,login gagal mulu,1,1,8.77.1,2025-11-14 20:26:29+00:00,"Halo, Jagoan! Mohon maaf atas ketidaknyamanannya ya. Untuk kendala yang kamu alami, bisakah diinformasikan secara detail ke Tanya Jago di nomor 1500746 /+62 21 3000 0746 atau email ke tanya@jago.com? Kami dengan senang hati akan membantu kamu. :)",2025-11-14 20:49:42,8.77.1,Dataset/dataset\JAGO_googleplay_NOVEMBER_reviews.csv,login
9f1954ea-74ec-4715-b548-367e86b4430e,Pengguna Google,https://play-lh.googleusercontent.com/EGemoI2NTXmTsBVtJqk8jxF9rh8ApRWfsIMQSt2uE4OcpQqbFu7f7NbTK05lx80nuSijCz7sc3a277R67g,kenapa saya top up diamond MLBB saldo terpotong tetapi diamond tidak masuk sama sekali?,1,1,1.60.0,2025-10-10 15:15:17+00:00,"Hai Kak @B aja Baja, kami mohon maaf atas kondisi yang Kakak alami. Terkait hal ini, dapat kami sampaikan bahwa ada pemeliharaan sistem yang mempengaruhi transaksi Kakak & saat ini sudah kembali normal. Berkenan untuk melakukan pengecekan kembali di akun tujuan secara berkala ya Kak. Mohon maaf atas ketidaknyamanannya. Salam hangat. ^Miko",2025-10-10 20:18:58,1.60.0,Dataset/dataset\GOPAY_googleplay_OCTOBER_reviews.csv,topup
242437a4-0305-464d-8792-4d517c984e1f,Pengguna Google,https://play-lh.googleusercontent.com/EGemoI2NTXmTsBVtJqk8jxF9rh8ApRWfsIMQSt2uE4OcpQqbFu7f7NbTK05lx80nuSijCz7sc3a277R67g,gua krm lewat qris k permata bank knpa peroses trus ga masuk masuk parah bngt ini aplikasi nyampe sekarang proses trus,1,0,,2025-10-10 22:49:10+00:00,,,,Dataset/dataset\OVO_googleplay_OCTOBER_reviews.csv,qris
c5a78ed4-f33c-4291-9277-c06b057b0630,Pengguna Google,https://play-lh.googleusercontent.com/EGemoI2NTXmTsBVtJqk8jxF9rh8ApRWfsIMQSt2uE4OcpQqbFu7f7NbTK05lx80nuSijCz7sc3a277R67g,bisa buat nyimpan dan transfer kebank tanpa biaya,5,0,1.44.04,2025-12-05 16:00:49+00:00,"Hi Kak Nay. Terima kasih untuk review positifnya. Untuk transaksi di ShopeePay aman karena dilengkapi dengan fitur keamanan seperti PIN, kode OTP, sidik jari hingga verifikasi wajah. Jika kakak memiliki pertanyaan atau kendala seputar ShopeePay, mohon DM kami di Instagram @ShopeePay_ID ya. Semoga harimu menyenangkan. ^CS",2025-12-05 17:14:54,1.44.04,Dataset/dataset\SHOPEEPAY_googleplay_DECEMBER_reviews.csv,transfer
24f9b988-e2e8-44ab-a184-6e8612df3711,Pengguna Google,https://play-lh.googleusercontent.com/EGemoI2NTXmTsBVtJqk8jxF9rh8ApRWfsIMQSt2uE4OcpQqbFu7f7NbTK05lx80nuSijCz7sc3a277R67g,kecewa penanganannya lambat problematik banget mau login seribet ituuu,1,0,8.78.0,2025-12-23 12:33:24+00:00,"Halo, Jagoan. Mohon maaf atas kendala yang terjadi ya. Kamu tidak perlu khawatir, kamu bisa menjelaskan detail kendala tersebut melalui email di tanya@jago.com atau call center 1500 746 untuk kami bantu tangani lebih lanjut. Terima kasih :)",2025-12-23 13:01:09,8.78.0,Dataset/dataset\JAGO_googleplay_DECEMBER_reviews.csv,login
4de60ba1-7067-454c-ba5a-c3846b7d7a13,Pengguna Google,https://play-lh.googleusercontent.com/EGemoI2NTXmTsBVtJqk8jxF9rh8ApRWfsIMQSt2uE4OcpQqbFu7f7NbTK05lx80nuSijCz7sc3a277R67g,"kenapa OVO yg dulu ku kenal menjadi parah begini, dulu sat set, sekarang mau buat TF atau bayar listrik/PDAM ataupun beli paket data gagal memuat terus padahal sinyal aman wifi lancar",1,1,3.146.0,2025-11-06 17:57:13+00:00,,,3.146.0,Dataset/dataset\OVO_googleplay_NOVEMBER_reviews.csv,transfer
2ab3b559-82f9-457f-bd1e-b6e25e69f87f,Pengguna Google,https://play-lh.googleusercontent.com/EGemoI2NTXmTsBVtJqk8jxF9rh8ApRWfsIMQSt2uE4OcpQqbFu7f7NbTK05lx80nuSijCz7sc3a277R67g,transfer saya belum masuk padahal udah bener semua,1,0,1.59.0,2025-10-31 18:26:33+00:00,"Hai Kak Muhammad, mohon maaf atas ketidaknyamanannya. Terkait keluhan tersebut, silakan laporkan melalui email ke customerservice@gopay.co.id dengan melampirkan kode psr-25-304-1140-49769 pada subject email. Kami tunggu detail laporan kamu ya. ^Maura",2025-10-31 18:41:09,1.59.0,Dataset/dataset\GOPAY_googleplay_OCTOBER_reviews.csv,transfer
fe7b37e6-e6ec-414a-818e-e6c07919e8be,Pengguna Google,https://play-lh.googleusercontent.com/EGemoI2NTXmTsBVtJqk8jxF9rh8ApRWfsIMQSt2uE4OcpQqbFu7f7NbTK05lx80nuSijCz7sc3a277R67g,"on ol, kapan gopay gua di tolak, tiba"" gak bisa transfer en tot lah, bisa"" nya gua jarang top up gak bisa tf, gopay plus hilang, on ol",1,0,1.64.1,2025-11-23 16:24:40+00:00,"Hai Kak Vicky, mohon maaf atas ketidaknyamanannya. Terkait keluhan tersebut, silakan laporkan melalui email ke customerservice@gopay.co.id dengan melampirkan kode psr-25-327-0940-00626 pada subject email. Kami tunggu detail laporan kamu ya. ^Maura",2025-11-23 16:40:06,1.64.1,Dataset/dataset\GOPAY_googleplay_NOVEMBER_reviews.csv,topup
8535036e-895f-4e6e-a387-0e37b12d8542,Pengguna Google,https://play-lh.googleusercontent.com/EGemoI2NTXmTsBVtJqk8jxF9rh8ApRWfsIMQSt2uE4OcpQqbFu7f7NbTK05lx80nuSijCz7sc3a277R67g,ok..semuah nya berjalan lacar transfer nya,5,0,1.60.0,2025-10-15 08:55:59+00:00,,,1.60.0,Dataset/dataset\GOPAY_googleplay_OCTOBER_reviews.csv,transfer
d9894450-92dd-4a68-97fc-ab39681738a0,Pengguna Google,https://play-lh.googleusercontent.com/EGemoI2NTXmTsBVtJqk8jxF9rh8ApRWfsIMQSt2uE4OcpQqbFu7f7NbTK05lx80nuSijCz7sc3a277R67g,kenapa kok lama banget transfer nya baru terkirim tolong di perbaiki aplikasi nya gopay masih aplikasi Gopay gak ada tempat bantuannya dari pihak aplikasi nya kalau ada gejala tolong di perbaiki lagi aplikasi nya itu aja,5,2,1.64.0,2025-11-24 14:35:17+00:00,,,1.64.0,Dataset/dataset\GOPAY_googleplay_NOVEMBER_reviews.csv,transfer
ca33d467-d717-479d-b458-326eaa8325ae,Pengguna Google,https://play-lh.googleusercontent.com/EGemoI2NTXmTsBVtJqk8jxF9rh8ApRWfsIMQSt2uE4OcpQqbFu7f7NbTK05lx80nuSijCz7sc3a277R67g,kenapa dipersusah kalo mau transfer ke rekening lain contoh kaya transfer ke DANA susah. isi pulsa isi kuota juga kenapa ada potongan,3,0,,2025-12-18 20:29:00+00:00,"Halo Sahabat @ Aunur Jr , mohon maaf atas ketidaknyamannya. Untuk perihal kendala pada layanan Livin' by Mandiri, mohon untuk dapat mengirimkan email ke mandiricare@bankmandiri.co.id atau dapat menghubungi layanan mandiri 14000 agar dapat dilakukan pengecekan. Tks~Charles",2025-12-18 20:39:42,,Dataset/dataset\LIVIN_googleplay_DECEMBER_reviews.csv,transfer
95c04ae7-4a58-4b75-aa60-5961849905e2,Pengguna Google,https://play-lh.googleusercontent.com/EGemoI2NTXmTsBVtJqk8jxF9rh8ApRWfsIMQSt2uE4OcpQqbFu7f7NbTK05lx80nuSijCz7sc3a277R67g,lelet rupanyaa...!!! transfer bank lagi padahal kurang 10rb aja prosesnya berjam jam!!!!!,1,0,1.42.03,2025-12-19 23:47:38+00:00,"Hi Kak Jefry. Mohon maaf mengenai kendala transfer ShopeePay ke rekening bank yang belum diterima. Untuk pengecekan lebih lanjut, mohon menghubungi kami melalui DM ke Instagram @ShopeePay_ID dengan melampirkan bukti transfer yang tertera nomor transaksi (Order SN), nominal, tanggal dan waktu transaksi. ^EN",2025-12-22 11:37:25,1.42.03,Dataset/dataset\SHOPEEPAY_googleplay_DECEMBER_reviews.csv,transfer
17033dd6-f894-4cc8-9237-09f1beea5881,Pengguna Google,https://play-lh.googleusercontent.com/EGemoI2NTXmTsBVtJqk8jxF9rh8ApRWfsIMQSt2uE4OcpQqbFu7f7NbTK05lx80nuSijCz7sc3a277R67g,"ini sya kena tipe lewat akun saya, ada yg menghubungi akun sya kata demi perlindungan akun,ternyata oknum tsb beli digoogle play kredit pakai akun sya , pakai verifikasi wajah saya,, tapi masalahnya kok bs disetujui oleh shopee pay tanpa klarifikasi akun saya terlebih dahulu. . saya tidak terima , mudah sekali di bobol",1,0,,2025-11-26 12:00:23+00:00,"Hi Kak Rahmat. Mohon maaf atas kendala adanya terindikasi penyalahgunakan akun untuk pembayaran Google play. Terkait kendala tersebut mohon menghubungi kami melalui DM ke Instagram @ShopeePay_ID yang bercentang biru, dengan menginformasikan detail dan bukti kendala untuk bantuan lebih lanjut. Semoga kendala kakak segera terselesaikan ya. ^CS",2025-11-26 13:12:09,,Dataset/dataset\SHOPEEPAY_googleplay_NOVEMBER_reviews.csv,vermuk
24632137-1e34-421a-a0e2-fd3d2f4a9b6a,Pengguna Google,https://play-lh.googleusercontent.com/EGemoI2NTXmTsBVtJqk8jxF9rh8ApRWfsIMQSt2uE4OcpQqbFu7f7NbTK05lx80nuSijCz7sc3a277R67g,"ovo saya minta pertanggungjawaban, saya tf dari grab ke ovo kok ga masuk, awalnya saya liat ada ovo nya habis trs trobel, trs udh normal lagi, tapi tetep saldo sya ga masuk,sering bgt ovo trobel pas mau buat pembayaran,masa trobel mulu",1,0,3.149.0,2025-12-09 14:31:30+00:00,,,3.149.0,Dataset/dataset\OVO_googleplay_DECEMBER_reviews.csv,transfer
62999d3d-312d-49a0-b01a-056667e2da7c,Pengguna Google,https://play-lh.googleusercontent.com/EGemoI2NTXmTsBVtJqk8jxF9rh8ApRWfsIMQSt2uE4OcpQqbFu7f7NbTK05lx80nuSijCz7sc3a277R67g,"payah, top up 1 jam lebih malah gak masuk",1,0,1.44.05,2025-12-12 20:31:20+00:00,"Hi Kak kris. Mohon maaf atas kendala Top Up ShopeePay yang belum diterima. Jika hingga saat ini Top Up masih belum diterima mohon menghubungi kami melalui DM ke Instagram @ShopeePay_ID yang bercentang biru, dengan melampirkan bukti bayar Top Up tersebut untuk bantuan lebih lanjut. Semoga kendala kakak segera terselesaikan ya. ^CS",2025-12-15 16:49:50,1.44.05,Dataset/dataset\SHOPEEPAY_googleplay_DECEMBER_reviews.csv,topup
b034143a-ecd8-4748-93ce-8e74377225cd,Pengguna Google,https://play-lh.googleusercontent.com/EGemoI2NTXmTsBVtJqk8jxF9rh8ApRWfsIMQSt2uE4OcpQqbFu7f7NbTK05lx80nuSijCz7sc3a277R67g,aplikasi yg sgt bgus dn membntu tp syg'y stiap top up sdh byr admin tp isi saldo ikut berkurng,5,0,3.148.0,2025-12-10 01:35:17+00:00,,,3.148.0,Dataset/dataset\OVO_googleplay_DECEMBER_reviews.csv,topup
2d15b604-cc19-4b84-bd09-986e815dfbee,Pengguna Google,https://play-lh.googleusercontent.com/EGemoI2NTXmTsBVtJqk8jxF9rh8ApRWfsIMQSt2uE4OcpQqbFu7f7NbTK05lx80nuSijCz7sc3a277R67g,sya gagal terus privikasi wajah,5,0,,2025-11-25 04:24:22+00:00,"Halo Sahabat @ Ahmad Jamaludin, mohon maaf atas ketidaknyamanannya. Apabila terdapat kendala agar dapat kami tindaklanjuti, Sahabat dapat mengirimkan email ke mandiricare@bankmandiri.co.id atau menghubungi layanan mandiri call 14000 ya. Tks~Carlos",2025-11-25 04:34:54,,Dataset/dataset\LIVIN_googleplay_NOVEMBER_reviews.csv,vermuk
3fdf8a0d-aa45-4bc1-b5b2-e864f2c4aa82,Pengguna Google,https://play-lh.googleusercontent.com/EGemoI2NTXmTsBVtJqk8jxF9rh8ApRWfsIMQSt2uE4OcpQqbFu7f7NbTK05lx80nuSijCz7sc3a277R67g,kalo lagi verifikasi muka tolong di percepat saya nunggu sampai 5 menitan blm kelar juga,3,0,1.11.0,2025-10-22 21:39:43+00:00,,,1.11.0,Dataset/dataset\GOPAY_googleplay_OCTOBER_reviews.csv,vermuk
62a1b8b3-f632-4382-84d5-52fc56f3d4cb,Pengguna Google,https://play-lh.googleusercontent.com/EGemoI2NTXmTsBVtJqk8jxF9rh8ApRWfsIMQSt2uE4OcpQqbFu7f7NbTK05lx80nuSijCz7sc3a277R67g,asli parah topup saldo hilang ga tau kemana konfirmasi di pihak gopay suruh nunggu 2hari sampe seminggu malah nanya lagi prihal begini yang bikin malas ngasih ulasan bagus pelayan nya jelek kurang memuaskan,1,0,1.60.0,2025-10-28 02:12:44+00:00,"Hai Kak Cepi, mohon maaf atas ketidaknyamanannya. Jika kamu masih mengalami kendala, silakan laporkan melalui email ke customerservice@gopay.co.id dengan melampirkan kode psr-25-301-2333-15699 pada subject email dan cantumkan nomor laporan kamu sebelumnya pada email yang kamu kirimkan. Kami tunggu detail laporan kamu ya. ^Maura",2025-10-28 06:33:21,1.60.0,Dataset/dataset\GOPAY_googleplay_OCTOBER_reviews.csv,topup
3a94c363-d7e4-4acf-9953-1b875dd0e5cb,Pengguna Google,https://play-lh.googleusercontent.com/EGemoI2NTXmTsBVtJqk8jxF9rh8ApRWfsIMQSt2uE4OcpQqbFu7f7NbTK05lx80nuSijCz7sc3a277R67g,tidak bisa login ovo,1,0,3.147.0,2025-11-22 13:56:18+00:00,,,3.147.0,Dataset/dataset\OVO_googleplay_NOVEMBER_reviews.csv,login
b6883e63-02ae-4e68-a07a-dfe147d8e914,Pengguna Google,https://play-lh.googleusercontent.com/EGemoI2NTXmTsBVtJqk8jxF9rh8ApRWfsIMQSt2uE4OcpQqbFu7f7NbTK05lx80nuSijCz7sc3a277R67g,"sudah 4 hari transfer masih dalam proses teruss, ovo sangat jelek sekali",1,0,3.145.0,2025-10-27 12:27:22+00:00,,,3.145.0,Dataset/dataset\OVO_googleplay_OCTOBER_reviews.csv,transfer
52eb534b-1daa-4d15-bfd3-b638764aa177,Pengguna Google,https://play-lh.googleusercontent.com/EGemoI2NTXmTsBVtJqk8jxF9rh8ApRWfsIMQSt2uE4OcpQqbFu7f7NbTK05lx80nuSijCz7sc3a277R67g,pembayaran n TF praktis terpercaya ♥️♥️♥️♥️♥️👍👍👍👍🙏🙏🙏,5,0,1.42.03,2025-12-03 07:41:29+00:00,"Hi Kak. Terima kasih telah menggunakan ShopeePay. Mari cek aplikasi ShopeePay karena banyak fitur yang mempermudah keseharian kakak seperti pembelian pulsa, paket data, pembayaran tagihan listrik dan pembayaran lainnya. Jika kakak memiliki pertanyaan seputar ShopeePay, mohon DM kami di Instagram @ShopeePay_ID ya. Semoga harimu menyenangkan ^RJ",2025-12-03 10:26:18,1.42.03,Dataset/dataset\SHOPEEPAY_googleplay_DECEMBER_reviews.csv,transfer
1f95e036-2b40-4bd7-8425-6e55b18911ac,Pengguna Google,https://play-lh.googleusercontent.com/EGemoI2NTXmTsBVtJqk8jxF9rh8ApRWfsIMQSt2uE4OcpQqbFu7f7NbTK05lx80nuSijCz7sc3a277R67g,Full B 1 apk ga jelas perkara ga login ke gopaypet udah lah tiap hari nyelesain misi gopay pet bukanya nambah coin malah stack coin tolol ini yg bikin apk udah di tanyain ke cs nya malah akunya di blokir aneh emg mau nya apa si!,1,0,1.52.0,2025-11-21 10:36:43+00:00,"Hai Kak Nova, mohon maaf atas ketidaknyamanannya. Terkait laporanmu, silakan laporkan melalui menu Bantuan (pada menu Profil Saya) di aplikasi GoPay dengan mengetik ""Akun saya dibekukan"" pada kolom pencarian. Semoga informasi ini membantu kamu. ^Miko",2025-11-21 11:16:08,1.52.0,Dataset/dataset\GOPAY_googleplay_NOVEMBER_reviews.csv,login
4f7ed1d6-dd1e-4004-88de-804b6de7630c,Pengguna Google,https://play-lh.googleusercontent.com/EGemoI2NTXmTsBVtJqk8jxF9rh8ApRWfsIMQSt2uE4OcpQqbFu7f7NbTK05lx80nuSijCz7sc3a277R67g,"gue rate 1 dlu, jujur gopay gue suka cmn yg ga gue suka tiap gue top up 10k ke gopay buat bayar vip fizzo seharga 5.550 harusny kan saldo sisa sekian di gopay, tapi pas gue cek di gopay itu cmn tinggal 400perak doang cok pertanyaan gue sisany kemana gtu g sekali dua kali masalahnya tolong dong pemilik gopay 🙏 plis pemilik gopay lu jangan doyan korupsi dong maslahnya kan sisa saldo kalo d kumpulin lgi yh bisa bayar vip di fizzo lagi gtu locjh",1,0,,2025-10-24 18:21:37+00:00,"Hai Kak Fariha, mohon maaf atas ketidaknyamanannya. Jika masih mengalami keluhan, silakan laporkan melalui email ke customerservice@gopay.co.id dengan melampirkan kode psr-25-297-1252-16769 pada subject email dan cantumkan nomor laporan sebelumnya serta ceritakan kembali detail permasalahannya. Kami tunggu detail laporan kamu ya. ^Miko",2025-10-24 19:52:31,,Dataset/dataset\GOPAY_googleplay_OCTOBER_reviews.csv,topup
62ec07d0-9f98-4850-a073-f424cd1546c4,Pengguna Google,https://play-lh.googleusercontent.com/EGemoI2NTXmTsBVtJqk8jxF9rh8ApRWfsIMQSt2uE4OcpQqbFu7f7NbTK05lx80nuSijCz7sc3a277R67g,we anj kenapa aku top up robux ga masuk,1,0,,2025-11-18 13:32:19+00:00,"Hai Kak Muhammad, mohon maaf atas ketidaknyamanannya. Terkait keluhan tersebut, silakan laporkan melalui email ke customerservice@gopay.co.id dengan melampirkan kode psr-25-322-0658-20233 pada subject email. Kami tunggu detail laporan kamu ya. ^Maura",2025-11-18 13:58:27,,Dataset/dataset\GOPAY_googleplay_NOVEMBER_reviews.csv,topup
16cb0073-d162-40a8-b23f-e3ef79fd70f0,Pengguna Google,https://play-lh.googleusercontent.com/EGemoI2NTXmTsBVtJqk8jxF9rh8ApRWfsIMQSt2uE4OcpQqbFu7f7NbTK05lx80nuSijCz7sc3a277R67g,"parahhhjj Ovo Gak bisa login ,,,Mana saldo ny ada di apk",1,0,,2025-12-28 23:45:45+00:00,,,,Dataset/dataset\OVO_googleplay_DECEMBER_reviews.csv,login
4f1c490b-154d-470d-b7a1-5cc6de2d3759,Pengguna Google,https://play-lh.googleusercontent.com/EGemoI2NTXmTsBVtJqk8jxF9rh8ApRWfsIMQSt2uE4OcpQqbFu7f7NbTK05lx80nuSijCz7sc3a277R67g,"pengajuan masalah login selalu GK di tanggapi dan GK ada solusi saya udah 3 kali kasih laporan tapi blm di jawab. saya sarankan untuk proses lupa password haya sampai OTP, tapi kenapa di lanjutkan ke pin GOTO? bukan kah kita lupa?.. jujur ini masalah besar karena saya menggunakan gopay di kegiatan sehari-hari tapi hp lama rusak dan harus di ganti, tapi saya lupa pin gopay dan GOTO.. Bagaimana solusi yang akan kalian kasih?",1,0,1.60.0,2025-10-14 20:42:30+00:00,"Hai Kak Trytama, mohon maaf atas ketidaknyamanannya. Jika kamu masih mengalami kendala, silakan laporkan melalui email ke customerservice@gopay.co.id dengan melampirkan kode psr-25-287-1406-39036 pada subject email dan cantumkan nomor laporan kamu sebelumnya pada email yang kamu kirimkan. Kami tunggu detail laporan kamu ya. ^Maura",2025-10-14 21:06:44,1.60.0,Dataset/dataset\GOPAY_googleplay_OCTOBER_reviews.csv,login
c4b3f84a-ac68-4993-874a-9b8d2677dfeb,Pengguna Google,https://play-lh.googleusercontent.com/EGemoI2NTXmTsBVtJqk8jxF9rh8ApRWfsIMQSt2uE4OcpQqbFu7f7NbTK05lx80nuSijCz7sc3a277R67g,ini kenapa setiap payment mau itu qris/ transfer selalu verifikasi wajah mulu dah yang harusnya mempermudah kok jadi mempersulit,1,0,1.44.05,2025-12-20 08:14:03+00:00,"Hi Kak Pachri. Mohon maaf atas kendala harus verifikasi wajah setiap transaksi ShopeePay. Verifikasi wajah diperlukan untuk menjaga keamanan akun pengguna. Pastikan wajah sudah sesuai dengan KTP yang terdaftar di ShopeePay. Jika terkendala dalam verifikasi wajah, mohon DM kami dengan melampirkan video kendalanya melalui Instagram @ShopeePay_ID. ^EN",2025-12-22 12:01:25,1.44.05,Dataset/dataset\SHOPEEPAY_googleplay_DECEMBER_reviews.csv,qris
919fb4ae-92f9-4b56-a866-78612f97c06f,Pengguna Google,https://play-lh.googleusercontent.com/EGemoI2NTXmTsBVtJqk8jxF9rh8ApRWfsIMQSt2uE4OcpQqbFu7f7NbTK05lx80nuSijCz7sc3a277R67g,"ini kenapa tiba tiba ovo gw ga bisa login ya ? tiba tiba masuk ke pendaftaran padahal selama ini ga ada masalah, mana ada saldonya",1,1,3.144.0,2025-10-06 23:39:14+00:00,,,3.144.0,Dataset/dataset\OVO_googleplay_OCTOBER_reviews.csv,login
1d42424b-5726-487f-89c7-279f241edc55,Pengguna Google,https://play-lh.googleusercontent.com/EGemoI2NTXmTsBVtJqk8jxF9rh8ApRWfsIMQSt2uE4OcpQqbFu7f7NbTK05lx80nuSijCz7sc3a277R67g,"dan saldo coin saya udah 2,958ribuuu dann saya mau top up seharga 1,510rb an...dan kenapaaa ada tulisan ""kami mendeteksi aktifitas gak wajar.jadi lagi di cek dulu ya"" aku menunggu lebih dari 2 hari masih tidaaa bisaaa",1,2,1.62.0,2025-11-07 05:32:37+00:00,"Hai Kak Annafis, mohon maaf atas ketidaknyamanannya. Pastikan saldo GoPay Coin yang kamu miliki cukup untuk melakukan pembayaran ya. Jika masih bermasalah, silakan kunjungi menu Bantuan di aplikasi GoPay atau email ke customerservice@gopay.co.id dan cantumkan kode psr-25-310-1541-18819 pada subjek email. ^Miko",2025-11-06 22:43:11,1.62.0,Dataset/dataset\GOPAY_googleplay_NOVEMBER_reviews.csv,topup
1b084c3e-370f-4321-92be-7ad5caed1732,Pengguna Google,https://play-lh.googleusercontent.com/EGemoI2NTXmTsBVtJqk8jxF9rh8ApRWfsIMQSt2uE4OcpQqbFu7f7NbTK05lx80nuSijCz7sc3a277R67g,qris gagal terus. uninstal aja . tidak worthit 👎,1,0,3.147.0,2025-11-21 11:57:36+00:00,,,3.147.0,Dataset/dataset\OVO_googleplay_NOVEMBER_reviews.csv,qris
a5b75c83-c6d1-4df4-82cf-be9a7657c2b3,Pengguna Google,https://play-lh.googleusercontent.com/EGemoI2NTXmTsBVtJqk8jxF9rh8ApRWfsIMQSt2uE4OcpQqbFu7f7NbTK05lx80nuSijCz7sc3a277R67g,aplikasinya bagus jir buat top up game,5,0,,2025-11-26 10:31:17+00:00,,,,Dataset/dataset\GOPAY_googleplay_NOVEMBER_reviews.csv,topup
da87d330-52c6-4bd7-957f-0146f868fdc9,Pengguna Google,https://play-lh.googleusercontent.com/EGemoI2NTXmTsBVtJqk8jxF9rh8ApRWfsIMQSt2uE4OcpQqbFu7f7NbTK05lx80nuSijCz7sc3a277R67g,Gacor kang dapet bonus kalo top up atau beli sesuatu,5,0,1.59.0,2025-10-03 06:20:08+00:00,,,1.59.0,Dataset/dataset\GOPAY_googleplay_OCTOBER_reviews.csv,topup
06382bd5-9365-4e25-9a5d-af89307e1055,Pengguna Google,https://play-lh.googleusercontent.com/EGemoI2NTXmTsBVtJqk8jxF9rh8ApRWfsIMQSt2uE4OcpQqbFu7f7NbTK05lx80nuSijCz7sc3a277R67g,bagus banget bisa top up gratis pula,5,0,1.62.0,2025-11-14 05:42:13+00:00,,,1.62.0,Dataset/dataset\GOPAY_googleplay_NOVEMBER_reviews.csv,topup
7bc875cc-cb4d-4afc-ad0d-b78973a14114,Pengguna Google,https://play-lh.googleusercontent.com/EGemoI2NTXmTsBVtJqk8jxF9rh8ApRWfsIMQSt2uE4OcpQqbFu7f7NbTK05lx80nuSijCz7sc3a277R67g,"ada kendala saat menerima transferan, saya transfer dari dana ke shopeepay senilai 200 sekian, riwayat transaksi dari dana berhasil terkirim namun riwayat shopeepay tidak ada transaksi senilai tersebut, dan saya mencoba lagi transfer 10k langsung berhasil dan terkirim, namun saldo 200 tersebut masih belum terkirim, sampai saya update apknya tetap saja tidak ada transaksi 200 tersebut",3,1,1.42.03,2025-11-21 11:31:41+00:00,"Hi Kak Jasmin. Mohon maaf atas kendala Top Up ShopeePay dari aplikasi DANA yang belum diterima. Jika hingga saat ini Top Up masih belum diterima mohon menghubungi kami melalui DM ke Instagram @ShopeePay_ID yg bercentang biru, dengan melampirkan bukti bayar Top Up tersebut untuk bantuan lebih lanjut. Semoga kendala kakak segera terselesaikan ya. ^CS",2025-11-21 13:37:49,1.42.03,Dataset/dataset\SHOPEEPAY_googleplay_NOVEMBER_reviews.csv,transfer
24713361-5089-4123-9b6f-a8d34800832a,Pengguna Google,https://play-lh.googleusercontent.com/EGemoI2NTXmTsBVtJqk8jxF9rh8ApRWfsIMQSt2uE4OcpQqbFu7f7NbTK05lx80nuSijCz7sc3a277R67g,apakah benar aplikasi ini mengecewakan? setiap top up potong 2rb 😂😂😂 cma aplikasi ini yg beda,1,0,3.146.0,2025-11-09 13:31:20+00:00,,,3.146.0,Dataset/dataset\OVO_googleplay_NOVEMBER_reviews.csv,topup
862a7139-c624-40ef-a9e1-9ce5da7f38af,Pengguna Google,https://play-lh.googleusercontent.com/EGemoI2NTXmTsBVtJqk8jxF9rh8ApRWfsIMQSt2uE4OcpQqbFu7f7NbTK05lx80nuSijCz7sc3a277R67g,sulit sekali saat login aplikasi tidak membantu,1,0,1.9.0,2025-12-12 13:01:59+00:00,"Halo Sahabat @Philipus Arman, mohon maaf atas ketidaknyamannya. Untuk perihal kendala pada layanan Livin' by Mandiri, mohon untuk dapat mengirimkan email ke mandiricare@bankmandiri.co.id atau dapat menghubungi layanan mandiri 14000 dengan tekan 2 agar dapat dilakukan pengecekan. Tks~Irish",2025-12-12 13:08:06,1.9.0,Dataset/dataset\LIVIN_googleplay_DECEMBER_reviews.csv,login
fa0d2e40-2082-496e-b8df-29543cb1c422,Pengguna Google,https://play-lh.googleusercontent.com/EGemoI2NTXmTsBVtJqk8jxF9rh8ApRWfsIMQSt2uE4OcpQqbFu7f7NbTK05lx80nuSijCz7sc3a277R67g,kenapa ovo susah di pakai transfer.,4,0,3.144.0,2025-10-02 08:58:31+00:00,,,3.144.0,Dataset/dataset\OVO_googleplay_OCTOBER_reviews.csv,transfer
b596b270-2b66-4fc8-8f78-370e7539cd59,Pengguna Google,https://play-lh.googleusercontent.com/EGemoI2NTXmTsBVtJqk8jxF9rh8ApRWfsIMQSt2uE4OcpQqbFu7f7NbTK05lx80nuSijCz7sc3a277R67g,"aplikasii pekok hari""pemeliharaan,,dikit""ngak bisa transfer segala macam..gak jelasss",1,0,3.2.0,2025-12-06 01:48:17+00:00,"Halo Sahabat @Asrofkemen _21, mohon maaf atas ketidaknyamanannya. Kami mohon kesediaan Sahabat melakukan force close pada aplikasi terlebih dahulu, pastikan jaringan data yg digunakan stabil (tidak menggunakan jaringan Wifi) dan kami persilakan Sahabat utk mencoba kembali secara berkala. Tks~Raka",2025-12-06 01:50:57,3.2.0,Dataset/dataset\LIVIN_googleplay_DECEMBER_reviews.csv,transfer
88cf9550-0f4a-44cd-9576-1b02b3b7e50d,Pengguna Google,https://play-lh.googleusercontent.com/EGemoI2NTXmTsBVtJqk8jxF9rh8ApRWfsIMQSt2uE4OcpQqbFu7f7NbTK05lx80nuSijCz7sc3a277R67g,ini apk sialan....top up lewat brimo udah sukses tapi ga masuk....ga gunaaa,1,0,,2025-10-07 11:33:19+00:00,,,,Dataset/dataset\OVO_googleplay_OCTOBER_reviews.csv,topup
16c2ca68-2276-4e81-bede-15f93915be4d,Pengguna Google,https://play-lh.googleusercontent.com/EGemoI2NTXmTsBVtJqk8jxF9rh8ApRWfsIMQSt2uE4OcpQqbFu7f7NbTK05lx80nuSijCz7sc3a277R67g,Aplikasi Ovonya QRIS jangn Gagal Terus,4,0,3.89.0,2025-12-09 14:10:45+00:00,,,3.89.0,Dataset/dataset\OVO_googleplay_DECEMBER_reviews.csv,qris
a2455029-0e07-4e26-a3e8-83927b2bfb94,Pengguna Google,https://play-lh.googleusercontent.com/EGemoI2NTXmTsBVtJqk8jxF9rh8ApRWfsIMQSt2uE4OcpQqbFu7f7NbTK05lx80nuSijCz7sc3a277R67g,kocak ini ovo top up 1/2 hari belum masuk juga ovo ovo,1,0,3.144.0,2025-10-09 13:44:33+00:00,,,3.144.0,Dataset/dataset\OVO_googleplay_OCTOBER_reviews.csv,topup
5d17bf55-02cb-44a0-94d2-f2e4ee7f7352,Pengguna Google,https://play-lh.googleusercontent.com/EGemoI2NTXmTsBVtJqk8jxF9rh8ApRWfsIMQSt2uE4OcpQqbFu7f7NbTK05lx80nuSijCz7sc3a277R67g,"sering eror,tarik ke rekening biaya mahal,top up juga ada biaya.. lebih baik Dana aja",1,0,,2025-12-22 19:53:57+00:00,,,,Dataset/dataset\OVO_googleplay_DECEMBER_reviews.csv,topup
2a474266-cc1f-42e3-ab18-78b13cb7e02f,Pengguna Google,https://play-lh.googleusercontent.com/EGemoI2NTXmTsBVtJqk8jxF9rh8ApRWfsIMQSt2uE4OcpQqbFu7f7NbTK05lx80nuSijCz7sc3a277R67g,Tolong tambah fitur masuk lewat email untuk pengguna yang nomornya hilang lalu tinggal verifikasi lewat muka menghindari bukan pemilik yang membuka akunnya seperti aplikasi penyimpan uang sebelah dong.,5,0,,2025-12-16 18:02:20+00:00,,,,Dataset/dataset\OVO_googleplay_DECEMBER_reviews.csv,vermuk
95eb41f1-d74c-4a3a-a23d-d6ee3df3e624,Pengguna Google,https://play-lh.googleusercontent.com/EGemoI2NTXmTsBVtJqk8jxF9rh8ApRWfsIMQSt2uE4OcpQqbFu7f7NbTK05lx80nuSijCz7sc3a277R67g,"ini kenapa pihak shoppepay , belum ada kejelasan, sudah 5 hari tidak bisa transfer, kirim melalui shoppepay mohon di tindaklanjuti",1,1,1.35.11,2025-11-03 01:27:13+00:00,"Hi Kak Dani. Mohon maaf atas kendala tidak bisa transfer. Kami siap membantu kakak, terkait kendala tersebut mohon menghubungi kami melalui DM ke Instagram @ShopeePay_ID yang bercentang biru, dengan menginformasikan detail dan bukti kendala untuk bantuan lebih lanjut. Semoga kendala kakak segera terselesaikan ya. ^CS",2025-11-03 12:02:50,1.35.11,Dataset/dataset\SHOPEEPAY_googleplay_NOVEMBER_reviews.csv,transfer
afbd3539-2f29-4cfa-a455-b733cb193b7d,Pengguna Google,https://play-lh.googleusercontent.com/EGemoI2NTXmTsBVtJqk8jxF9rh8ApRWfsIMQSt2uE4OcpQqbFu7f7NbTK05lx80nuSijCz7sc3a277R67g,setelah update ga bisa isi e-toll dan top up saldo grab,3,0,,2025-11-09 14:12:25+00:00,,,,Dataset/dataset\OVO_googleplay_NOVEMBER_reviews.csv,topup
7c9b4e72-6fe4-4fd7-a6f7-06196505f826,Pengguna Google,https://play-lh.googleusercontent.com/EGemoI2NTXmTsBVtJqk8jxF9rh8ApRWfsIMQSt2uE4OcpQqbFu7f7NbTK05lx80nuSijCz7sc3a277R67g,ovo kont0l gjls TF uang dikit mau aja di gelapin bego,1,0,3.144.0,2025-10-16 21:30:53+00:00,,,3.144.0,Dataset/dataset\OVO_googleplay_OCTOBER_reviews.csv,transfer
0d86bb1f-fed2-40cf-80e7-573030923d8e,Pengguna Google,https://play-lh.googleusercontent.com/EGemoI2NTXmTsBVtJqk8jxF9rh8ApRWfsIMQSt2uE4OcpQqbFu7f7NbTK05lx80nuSijCz7sc3a277R67g,sangat sulit mencari fitur yg anda sediakan. contohnya sy mau buat qris gopay sy cari2 ga ada. giliran gak di cari nongol trus nawarin trus. aneh. mohon perbaiki,2,1,1.61.2,2025-11-04 18:16:02+00:00,,,1.61.2,Dataset/dataset\GOPAY_googleplay_NOVEMBER_reviews.csv,qris
eeaf499d-1ece-4e68-8f97-b8ec7bb0aadb,Pengguna Google,https://play-lh.googleusercontent.com/EGemoI2NTXmTsBVtJqk8jxF9rh8ApRWfsIMQSt2uE4OcpQqbFu7f7NbTK05lx80nuSijCz7sc3a277R67g,makasih gopay KLO bisa topup free fire 1rp sekali kali brp dm gitu makasih ya,5,0,1.64.0,2025-11-17 16:23:24+00:00,,,1.64.0,Dataset/dataset\GOPAY_googleplay_NOVEMBER_reviews.csv,topup
9e72910d-17f5-40ec-8ae4-55b40b828459,Pengguna Google,https://play-lh.googleusercontent.com/EGemoI2NTXmTsBVtJqk8jxF9rh8ApRWfsIMQSt2uE4OcpQqbFu7f7NbTK05lx80nuSijCz7sc3a277R67g,"setiap belanja2 pake qris, bayar tagihan listrik/pdam/pajak dan transfer2 jg cepat prosesx ternyata dapat koin jg bs utk belanja. 👍",5,3,1.62.0,2025-11-09 07:30:00+00:00,,,1.62.0,Dataset/dataset\GOPAY_googleplay_NOVEMBER_reviews.csv,qris
54d2e8a3-7b5c-49b0-8a8f-2bb00c84a550,Pengguna Google,https://play-lh.googleusercontent.com/EGemoI2NTXmTsBVtJqk8jxF9rh8ApRWfsIMQSt2uE4OcpQqbFu7f7NbTK05lx80nuSijCz7sc3a277R67g,mengapa tampilan saldo dan tf nya menghilang tidak terlihat?,3,0,3.149.0,2025-12-15 01:49:41+00:00,,,3.149.0,Dataset/dataset\OVO_googleplay_DECEMBER_reviews.csv,transfer
811f1efb-5629-4e4a-b37c-1aae117b95a0,Pengguna Google,https://play-lh.googleusercontent.com/EGemoI2NTXmTsBVtJqk8jxF9rh8ApRWfsIMQSt2uE4OcpQqbFu7f7NbTK05lx80nuSijCz7sc3a277R67g,saya udh lama install tapi gabisa login Karena ada kendala mulu gimana yaa,1,0,3.2.0,2025-12-24 10:35:02+00:00,"Halo Sahabat @Murni Ghinah, mohon maaf atas ketidaknyamanannya. Terkait kendala Sahabat mohon untuk dapat mengirimkan email ke mandiricare@bankmandiri.co.id atau dapat menghubungi Mandiri Call 14000 lalu tekan 2 agar dapat dilakukan pengecekan. Tks~Momo",2025-12-24 10:52:33,3.2.0,Dataset/dataset\LIVIN_googleplay_DECEMBER_reviews.csv,login
68de4a82-612d-4fa9-9719-27f96b4b81e7,Pengguna Google,https://play-lh.googleusercontent.com/EGemoI2NTXmTsBVtJqk8jxF9rh8ApRWfsIMQSt2uE4OcpQqbFu7f7NbTK05lx80nuSijCz7sc3a277R67g,login selalu gagal,1,0,3.2.0,2025-11-29 19:30:18+00:00,"Hai Sahabat @fitria kusumawati, mohon maaf atas ketidaknyamanannya. Utk pengecekan lebih lanjut atas kendala yg dialami, kami persilakan mengirimkan pesan melalui layanan email kami di mandiricare@bankmandiri.co.id atau mandiri call 14000 ya. Tks~Tommy",2025-11-29 19:35:14,3.2.0,Dataset/dataset\LIVIN_googleplay_NOVEMBER_reviews.csv,login
4e16a834-5c2e-490b-8821-b520750a8471,Pengguna Google,https://play-lh.googleusercontent.com/EGemoI2NTXmTsBVtJqk8jxF9rh8ApRWfsIMQSt2uE4OcpQqbFu7f7NbTK05lx80nuSijCz7sc3a277R67g,cocok bet buat gamer bisa isi saldo sama top up murah lagi emang jos deh,5,0,1.61.2,2025-11-06 19:22:03+00:00,,,1.61.2,Dataset/dataset\GOPAY_googleplay_NOVEMBER_reviews.csv,topup
f3ae7429-a968-46e5-aa12-85d06e9330cb,Pengguna Google,https://play-lh.googleusercontent.com/EGemoI2NTXmTsBVtJqk8jxF9rh8ApRWfsIMQSt2uE4OcpQqbFu7f7NbTK05lx80nuSijCz7sc3a277R67g,"Saya top up saldo pengemudi grabb lewat ovo, tapi saldo saya udah kepotong kode voucher belum saya dapatkan aplikasinya keluar sendiri, saya masuk lagi tidak ada notifikasi nya, padahal saldo saya udah kepotong 101k. saya cek di grabb lewat pesan tidak ada kode voucher masuk, tolong balikin uang saya",1,35,3.150.0,2025-12-20 13:30:38+00:00,,,3.150.0,Dataset/dataset\OVO_googleplay_DECEMBER_reviews.csv,topup
11c22ced-e983-414c-b981-c955dac4e2a5,Pengguna Google,https://play-lh.googleusercontent.com/EGemoI2NTXmTsBVtJqk8jxF9rh8ApRWfsIMQSt2uE4OcpQqbFu7f7NbTK05lx80nuSijCz7sc3a277R67g,"tf ke dana ga masuk"" saldo kepotong giliran laporan malah lelet cs nya tolol",1,2,1.60.0,2025-10-18 10:52:02+00:00,"Hai Kak @Hndra, mohon maaf atas ketidaknyamanannya. Jika masih mengalami keluhan, silakan laporkan melalui email ke customerservice@gopay.co.id dengan melampirkan kode psr-25-291-0821-29432 pada subject email dan cantumkan nomor laporan sebelumnya serta ceritakan kembali detail permasalahannya. Kami tunggu detail laporan kamu ya. ^Miko",2025-10-18 15:21:47,1.60.0,Dataset/dataset\GOPAY_googleplay_OCTOBER_reviews.csv,transfer
8d01a8a2-5aa6-4334-96e1-e696a7041fb2,Pengguna Google,https://play-lh.googleusercontent.com/EGemoI2NTXmTsBVtJqk8jxF9rh8ApRWfsIMQSt2uE4OcpQqbFu7f7NbTK05lx80nuSijCz7sc3a277R67g,"aplikasi lemot sering banget jadi ribet jika mau TF dan serba bayar,isi saldo terpotong,tranfer,terpotong terlalu banyak potongan dan agak lemot",5,1,3.150.0,2025-12-22 09:43:51+00:00,,,3.150.0,Dataset/dataset\OVO_googleplay_DECEMBER_reviews.csv,transfer
3c36a36e-e73b-4475-8ca6-c8dddddab40f,Pengguna Google,https://play-lh.googleusercontent.com/EGemoI2NTXmTsBVtJqk8jxF9rh8ApRWfsIMQSt2uE4OcpQqbFu7f7NbTK05lx80nuSijCz7sc3a277R67g,Semenjak di update kalo login keluar mulu?,5,0,3.2.0,2025-12-15 18:36:16+00:00,"Hai Sahabat @sugeng Budi Assyifa Nasution, mohon maaf atas ketidaknyamanannya. Untuk kendala yg dialami kami persilakan force close aplikasi terlebih dahulu jaringan yg digunakan stabil dan mencoba kembali secara berkala ya. Tks~Charles",2025-12-15 18:40:23,3.2.0,Dataset/dataset\LIVIN_googleplay_DECEMBER_reviews.csv,login
e87efac8-a584-4311-850f-77ae6c87aa9c,Pengguna Google,https://play-lh.googleusercontent.com/EGemoI2NTXmTsBVtJqk8jxF9rh8ApRWfsIMQSt2uE4OcpQqbFu7f7NbTK05lx80nuSijCz7sc3a277R67g,"Aplikasi tidak bodoh, saya top up game dan tidak menerima item dalam game, saat menghubungi customer service, mereka membalas tidak serius dan mencoba menghindar dengan berkata ""Di tempat kami transaksi anda sudah berhasil"" jika berhasil kenapa saya tidak menerima item dalam game, lebih baik tutup saja aplikasi ini, Kerugian saya mencapai 4,5Jt, Tolong di tindak lanjuti seperti refund,dll atau kita selesaikan di ranah hukum.",5,260,1.60.0,2025-10-10 17:01:51+00:00,,,1.60.0,Dataset/dataset\GOPAY_googleplay_OCTOBER_reviews.csv,topup
cf347970-65d2-43fc-ad33-3a9f011d01da,Pengguna Google,https://play-lh.googleusercontent.com/EGemoI2NTXmTsBVtJqk8jxF9rh8ApRWfsIMQSt2uE4OcpQqbFu7f7NbTK05lx80nuSijCz7sc3a277R67g,"setiap kali top up ataupun mau tf sllu aja g masuk, tapi saldo kepotong",2,1,1.60.0,2025-10-12 09:39:45+00:00,"Hai Kak Nia, pastikan nomor tujuan sudah benar, sudah cek halaman Riwayat, dan coba keluar dan masuk kembali ke aplikasi. Jika saldo masih belum masuk, silakan laporkan melalui menu Bantuan > ketik 'Top up GoPay saya belum masuk' > isi formulir dan cantumkan kode psr-25-285-0710-48845 pada bagian 'Ceritakan lebih lanjut'. ^Melisa",2025-10-12 14:10:55,1.60.0,Dataset/dataset\GOPAY_googleplay_OCTOBER_reviews.csv,topup
d8028370-934a-481c-8c09-1390545cd595,Pengguna Google,https://play-lh.googleusercontent.com/EGemoI2NTXmTsBVtJqk8jxF9rh8ApRWfsIMQSt2uE4OcpQqbFu7f7NbTK05lx80nuSijCz7sc3a277R67g,pelayanan buruk saat melakukan top up menggunakan va mandiri kode va ridak ada bagaimana bisa melakukan top up jika tidak ada kode #L,2,0,1.57.0,2025-10-26 15:01:26+00:00,"Hai Kak @Natz, mohon maaf atas ketidaknyamanannya. Terkait hal tersebut, silakan laporkan melalui email ke customerservice@gopay.co.id dengan melampirkan kode psr-25-299-0909-22755 pada subject email dan ceritakan kembali detail permasalahannya agar tim kami bisa bantu cek lebih lanjut ya. ^Melisa",2025-10-26 16:09:30,1.57.0,Dataset/dataset\GOPAY_googleplay_OCTOBER_reviews.csv,topup
94ed96da-f86d-4d1f-a324-21c02d7e8e4e,Pengguna Google,https://play-lh.googleusercontent.com/EGemoI2NTXmTsBVtJqk8jxF9rh8ApRWfsIMQSt2uE4OcpQqbFu7f7NbTK05lx80nuSijCz7sc3a277R67g,aplikasi mahal tiap topup pasti kena potong saldo ga kaya yg sebelah,1,0,,2025-12-18 00:25:52+00:00,,,,Dataset/dataset\OVO_googleplay_DECEMBER_reviews.csv,topup
22a6b27e-c30e-4bc7-8142-f579ced24612,Pengguna Google,https://play-lh.googleusercontent.com/EGemoI2NTXmTsBVtJqk8jxF9rh8ApRWfsIMQSt2uE4OcpQqbFu7f7NbTK05lx80nuSijCz7sc3a277R67g,"Saya top up gopay sudah 3hari masih belum masuk, padahal di rekening pengirim pembayaran sudah berhasil. Lapor ke CS gopay sudah ngirim bukti foto transaksi katanya suruh nunggu 2hari tapi sudah terlewat masih belum masuk. Tolong ditangani",1,42,1.61.2,2025-11-03 21:44:06+00:00,"Hai Kak Iga, mohon maaf atas ketidaknyamanannya. Jika masih mengalami keluhan, silakan laporkan melalui email ke customerservice@gopay.co.id dengan melampirkan kode psr-25-307-1656-56391 pada subject email dan cantumkan nomor laporan sebelumnya serta ceritakan kembali detail permasalahannya. Kami tunggu detail laporan kamu ya. ^Miko",2025-11-03 23:57:05,1.61.2,Dataset/dataset\GOPAY_googleplay_NOVEMBER_reviews.csv,topup
9e6d2253-34fb-4201-8712-3f4185d0abc8,Pengguna Google,https://play-lh.googleusercontent.com/EGemoI2NTXmTsBVtJqk8jxF9rh8ApRWfsIMQSt2uE4OcpQqbFu7f7NbTK05lx80nuSijCz7sc3a277R67g,Saya Mau Login Kembali lTapi Blm Punya Nomor Kartu Mandiri nya tolong dong sarannya agar bisa kembali di gunakan lagu saya hanya mengunakan M-banking nya blm punya nomor kartu ATM nya,3,0,3.2.0,2025-12-03 08:49:13+00:00,"Halo Sahabat @Aep Saepulloh, mohon maaf atas ketidaknyamanannya. Terkait kendala Sahabat mohon untuk dapat mengirimkan email ke mandiricare@bankmandiri.co.id atau menghubungi Mandiri Call 14000 lalu tekan 2 agar dapat dilakukan pengecekan. Tks~Danti",2025-12-03 08:52:40,3.2.0,Dataset/dataset\LIVIN_googleplay_DECEMBER_reviews.csv,login
3790d306-602f-4617-afbe-45f18c19d446,Pengguna Google,https://play-lh.googleusercontent.com/EGemoI2NTXmTsBVtJqk8jxF9rh8ApRWfsIMQSt2uE4OcpQqbFu7f7NbTK05lx80nuSijCz7sc3a277R67g,"di promo disebutkan hanya bayar 1000 rupiah pakai qris shoopeepay, ternyata bayarnya harga barang didiskon Indomaret 2100 rupiah jadi tetap bayar 9900 rupiah jadi mana janji hanya bayar 1000 rupiahnya",3,4,1.42.03,2025-11-15 14:14:28+00:00,"Hi Kak Sucipto. Mohon maaf atas kendala tidak mendapatkan promo serba seribu untuk pembayaran dengan QRIS ShopeePay. Terkait kendala tersebut mohon menghubungi kami melalui DM ke Instagram @ShopeePay_ID yang bercentang biru, dgn menginformasikan detail dan bukti kendala untuk bantuan lebih lanjut. Semoga kendala kakak segera terselesaikan ya. ^CS",2025-11-17 14:47:39,1.42.03,Dataset/dataset\SHOPEEPAY_googleplay_NOVEMBER_reviews.csv,qris
b8309d67-3836-4cc1-bf2e-f0530c3439b3,Pengguna Google,https://play-lh.googleusercontent.com/EGemoI2NTXmTsBVtJqk8jxF9rh8ApRWfsIMQSt2uE4OcpQqbFu7f7NbTK05lx80nuSijCz7sc3a277R67g,gopay ini baguss sekalii cocok buat top up game muraaah muraah,5,0,,2025-11-28 21:42:18+00:00,,,,Dataset/dataset\GOPAY_googleplay_NOVEMBER_reviews.csv,topup
41566afd-a288-47fb-86e5-18d58174198b,Pengguna Google,https://play-lh.googleusercontent.com/EGemoI2NTXmTsBVtJqk8jxF9rh8ApRWfsIMQSt2uE4OcpQqbFu7f7NbTK05lx80nuSijCz7sc3a277R67g,"transfer lama tidak seperti e wallet lainya , transfer langsung sampai ..",1,0,1.41.06,2025-10-28 00:14:27+00:00,"Hi Kak Endang, Mohon maaf atas ketidaknyamanannya terkait proses estimasi transfer ShopeePay. Saat ini apabila kakak memiliki kendala terkait transfer yang belum diterima atau kendala pada aplikasi ShopeePay, kakak dapat menghubungi kami melalui DM ke IG @ShopeePay_ID yang bercentang biru ya.  Kami siap membantu kakak. ^CS",2025-10-28 10:59:17,1.41.06,Dataset/dataset\SHOPEEPAY_googleplay_OCTOBER_reviews.csv,transfer
3777c5aa-0828-4459-a1a2-b1be95b9c1b4,Pengguna Google,https://play-lh.googleusercontent.com/EGemoI2NTXmTsBVtJqk8jxF9rh8ApRWfsIMQSt2uE4OcpQqbFu7f7NbTK05lx80nuSijCz7sc3a277R67g,"aplikasi ngebag masa gue bisa transfer kaga bisa lihat saldo,aplikasi apaan ini,malah ngebleng putih di bagian pas saldo,transfer ,top up males gue kasih bintang 5 kaga pantes",1,0,3.131.0,2025-12-15 02:11:24+00:00,"Hai Kak, mohon maaf atas ketidaknyamanannya. Apabila ada keluhan/pertanyaan mohon mengubungi tim kami melalui email di cs@ovo.id atau call center kami di 1500-696. Terima kasih. ^KH",6/28/2022 1:13,3.131.0,Dataset/dataset\OVO_googleplay_DECEMBER_reviews.csv,topup
31dcadba-11b0-4fdf-a3bf-c90c4f39b124,Pengguna Google,https://play-lh.googleusercontent.com/EGemoI2NTXmTsBVtJqk8jxF9rh8ApRWfsIMQSt2uE4OcpQqbFu7f7NbTK05lx80nuSijCz7sc3a277R67g,apk buruk selalu ga bisa login livin apalagi kalau ganti HP susahnya minta ampun,1,0,3.2.0,2025-12-24 19:04:04+00:00,"Halo Sahabat @Muhammad Abidin, mohon maaf atas ketidaknyamanannya. Terkait kendala Sahabat mohon untuk dapat mengirimkan email ke mandiricare@bankmandiri.co.id atau dapat menghubungi Mandiri Call 14000 lalu tekan 2 agar dapat dilakukan pengecekan. Tks~Amar",2025-12-24 19:06:24,3.2.0,Dataset/dataset\LIVIN_googleplay_DECEMBER_reviews.csv,login
58026023-de09-4298-b0b4-fbe5486fd176,Pengguna Google,https://play-lh.googleusercontent.com/EGemoI2NTXmTsBVtJqk8jxF9rh8ApRWfsIMQSt2uE4OcpQqbFu7f7NbTK05lx80nuSijCz7sc3a277R67g,"Bagus sih aplikasi dompet digital ini, top up bebas biaya admin, bisa transfer dan tarik tunai, beli pulsa paket internet, bayar ini itu dan yang terpenting ngk begitu ribet lagi mau transaksi ataupun lupa ngk bawa dompet ""tinggal scan aja QR code nya beres"" 😉👍🏻",4,1,1.29.05,2025-10-20 18:54:26+00:00,"Hi Kak Erwin. Terima kasih atas review positif yang Kakak bagikan. Kami ikut senang jika Kakak puas dengan aplikasi ShopeePay. Jangan lupa untuk rutin cek aplikasi ShopeePay untuk mendapatkan promo menarik. Jika Kakak mengalami kendala, hubungi kami di DM Instagram @ShopeePay_ID. ^CS",2025-10-21 11:14:48,1.29.05,Dataset/dataset\SHOPEEPAY_googleplay_OCTOBER_reviews.csv,topup
0e308459-e64e-49a2-b30e-1ac6c2f18d0f,Pengguna Google,https://play-lh.googleusercontent.com/EGemoI2NTXmTsBVtJqk8jxF9rh8ApRWfsIMQSt2uE4OcpQqbFu7f7NbTK05lx80nuSijCz7sc3a277R67g,Kenapa setelah dapat kode tidak dapat login,4,0,1.42.03,2025-11-09 10:28:42+00:00,"Hi Kak Ahmad. Mohon maaf mengenai kendala tidak dapat login akun setelah mendapatkan kode OTP. Untuk bantuan lebih lanjut, mohon menghubungi kami melalui DM ke Instagram @ShopeePay_ID dengan melampirkan foto/screenshot notifikasi kendala yang dialami. ^CS",2025-11-10 15:39:11,1.42.03,Dataset/dataset\SHOPEEPAY_googleplay_NOVEMBER_reviews.csv,login
8f202bb6-368a-4f47-9fd3-6ddbf8b0763d,Pengguna Google,https://play-lh.googleusercontent.com/EGemoI2NTXmTsBVtJqk8jxF9rh8ApRWfsIMQSt2uE4OcpQqbFu7f7NbTK05lx80nuSijCz7sc3a277R67g,"payah,topup udah berhasil di riwayat yransaksi ovo juga udah ada tapi saldo ga nambah. malah d. suruh tunhgu 5 hari kerja.. ngapain aja 5 hari.. parah,kapok",1,0,3.146.0,2025-11-07 21:52:53+00:00,"Hai Kak Yusuf, mohon maaf atas ketidaknyamanannya. Apabila ada keluhan/pertanyaan mohon menghubungi tim kami melalui email di cs@ovo.id atau call center kami di 1500-696. Terima kasih. ^BN",2021-09-08 18:03:38,3.146.0,Dataset/dataset\OVO_googleplay_NOVEMBER_reviews.csv,topup
7cc16c34-6176-4cf4-8799-abe953afa1bb,Pengguna Google,https://play-lh.googleusercontent.com/EGemoI2NTXmTsBVtJqk8jxF9rh8ApRWfsIMQSt2uE4OcpQqbFu7f7NbTK05lx80nuSijCz7sc3a277R67g,tf kemanapun tanpa admin. mantap,5,0,1.59.0,2025-10-09 23:04:39+00:00,,,1.59.0,Dataset/dataset\GOPAY_googleplay_OCTOBER_reviews.csv,transfer
6949bcbb-30a8-4671-85c7-afa42990d66f,Pengguna Google,https://play-lh.googleusercontent.com/EGemoI2NTXmTsBVtJqk8jxF9rh8ApRWfsIMQSt2uE4OcpQqbFu7f7NbTK05lx80nuSijCz7sc3a277R67g,"saya top up tp saldo ketahan, terus buat laporan pengajuan balasan agen lambat",1,0,,2025-11-25 11:00:47+00:00,"Hai Kak Tari, mohon maaf atas ketidaknyamanannya. Jika masih mengalami keluhan, silakan laporkan melalui email ke customerservice@gopay.co.id dengan melampirkan kode psr-25-329-1123-21198 pada subject email dan cantumkan nomor laporan sebelumnya serta ceritakan kembali detail permasalahannya. Kami tunggu detail laporan kamu ya. ^Miko",2025-11-25 18:23:36,,Dataset/dataset\GOPAY_googleplay_NOVEMBER_reviews.csv,topup
b440a74e-e171-41f9-9f04-fd4c9fb1e714,Pengguna Google,https://play-lh.googleusercontent.com/EGemoI2NTXmTsBVtJqk8jxF9rh8ApRWfsIMQSt2uE4OcpQqbFu7f7NbTK05lx80nuSijCz7sc3a277R67g,mohon dibantu. top up gopay saya sampai sekarang belum masuk & belum ada respon dari pihak gopay. bagimana kelanjutannya?,1,0,1.60.0,2025-10-16 03:24:20+00:00,"Hai Kak Muhammad, mohon maaf atas ketidaknyamanannya. Jika kamu masih mengalami kendala, silakan laporkan melalui email ke customerservice@gopay.co.id dengan melampirkan kode psr-25-289-0017-11752 pada subject email dan cantumkan nomor laporan kamu sebelumnya pada email yang kamu kirimkan. Kami tunggu detail laporan kamu ya. ^Maura",2025-10-16 07:17:18,1.60.0,Dataset/dataset\GOPAY_googleplay_OCTOBER_reviews.csv,topup
c237355b-71da-451d-8a69-d048e299292b,Pengguna Google,https://play-lh.googleusercontent.com/EGemoI2NTXmTsBVtJqk8jxF9rh8ApRWfsIMQSt2uE4OcpQqbFu7f7NbTK05lx80nuSijCz7sc3a277R67g,saya sangat suka dengan aplikasi ini karena bisa mendapat kan voucher secara gratis dan top up nya juga mudah,5,0,1.60.0,2025-10-17 19:00:55+00:00,,,1.60.0,Dataset/dataset\GOPAY_googleplay_OCTOBER_reviews.csv,topup
a8c2cbec-4c90-412a-80cf-849c6f5925a7,Pengguna Google,https://play-lh.googleusercontent.com/EGemoI2NTXmTsBVtJqk8jxF9rh8ApRWfsIMQSt2uE4OcpQqbFu7f7NbTK05lx80nuSijCz7sc3a277R67g,apa ini min akun aku kena aktivitas gak wajar terus gak asik ini gak bisa top up game dah gua min udah 3 hari kena aktivitas gak wajar min perbaiki lah,1,0,1.62.0,2025-11-09 15:11:06+00:00,"Hai Kak Ababil, mohon maaf atas ketidaknyamanannya. Terkait laporanmu, silakan laporkan melalui menu Bantuan (pada menu Profil Saya) di aplikasi GoPay dengan mengetik ""Akun saya dibekukan"" pada kolom pencarian. Semoga informasi ini membantu kamu. ^Miko",2025-11-04 17:29:06,1.62.0,Dataset/dataset\GOPAY_googleplay_NOVEMBER_reviews.csv,topup
0e67d352-4382-4734-9ddc-24d291061b38,Pengguna Google,https://play-lh.googleusercontent.com/EGemoI2NTXmTsBVtJqk8jxF9rh8ApRWfsIMQSt2uE4OcpQqbFu7f7NbTK05lx80nuSijCz7sc3a277R67g,kalian Top Up Diamond Murah Banget Dan Banyak Coin setiap Real,5,0,,2025-10-09 12:39:19+00:00,,,,Dataset/dataset\GOPAY_googleplay_OCTOBER_reviews.csv,topup
a2a26ab4-83c6-467a-a2ba-ae32860ff4db,Pengguna Google,https://play-lh.googleusercontent.com/EGemoI2NTXmTsBVtJqk8jxF9rh8ApRWfsIMQSt2uE4OcpQqbFu7f7NbTK05lx80nuSijCz7sc3a277R67g,pembayaran qris pending bosku,5,0,3.146.0,2025-11-04 04:19:39+00:00,,,3.146.0,Dataset/dataset\OVO_googleplay_NOVEMBER_reviews.csv,qris
a888ebac-0890-4f2f-9f1e-41d31b92c972,Pengguna Google,https://play-lh.googleusercontent.com/EGemoI2NTXmTsBVtJqk8jxF9rh8ApRWfsIMQSt2uE4OcpQqbFu7f7NbTK05lx80nuSijCz7sc3a277R67g,Aplikasi yang sangat membantu untuk transfer topup pulsa dan listrik,5,0,1.64.0,2025-11-22 06:52:44+00:00,,,1.64.0,Dataset/dataset\GOPAY_googleplay_NOVEMBER_reviews.csv,topup
8a45ac51-30e3-4757-b11e-575fbe641d80,Pengguna Google,https://play-lh.googleusercontent.com/EGemoI2NTXmTsBVtJqk8jxF9rh8ApRWfsIMQSt2uE4OcpQqbFu7f7NbTK05lx80nuSijCz7sc3a277R67g,mau login lgi di HP baru knpa ga bisa. kirim kode mlalui whatsapp tpi kode nya gda. trus gimna sya mau login lgi mngguna kan ovo,3,0,3.147.0,2025-11-15 03:29:21+00:00,,,3.147.0,Dataset/dataset\OVO_googleplay_NOVEMBER_reviews.csv,login
be83cf10-5c0b-4f60-b9ae-3413b52af073,Pengguna Google,https://play-lh.googleusercontent.com/EGemoI2NTXmTsBVtJqk8jxF9rh8ApRWfsIMQSt2uE4OcpQqbFu7f7NbTK05lx80nuSijCz7sc3a277R67g,berapa hari dalam pengembalian dana dari gopay merchant mitra Qris,3,0,,2025-11-13 05:39:36+00:00,,,,Dataset/dataset\GOPAY_googleplay_NOVEMBER_reviews.csv,qris
d7781876-3d5f-4808-8d46-feb819481d41,Pengguna Google,https://play-lh.googleusercontent.com/EGemoI2NTXmTsBVtJqk8jxF9rh8ApRWfsIMQSt2uE4OcpQqbFu7f7NbTK05lx80nuSijCz7sc3a277R67g,"verifikasi wajarh nya ribet, ngga segampang yang lain, kemara sudah sudah bener cahaya sudah terang tetep gabisa terlalu ribet buat verifikasi wajah nya ga cukup satu kali atau 2 kali udah coba cari cahaya yang terang sama aja gabisa",1,9,2.6.0,2025-11-30 22:24:51+00:00,"Hai, Kak Mochammad. Maaf atas ketidaknyamanannya. Kami akan selalu berusaha memberikan yang terbaik demi kebutuhan perbankan Kakak. Terkait hal tersebut pastikan beberapa hal berikut, pastikan Kakak tidak memakai sunglasses, di tempat yang terang, tidak backlight, posisi wajah di dalam lingkaran dan pastikan aplikasi blu versi terupdate ya.",2025-11-30 23:08:14,2.6.0,Dataset/dataset\BLU_googleplay_NOVEMBER_reviews.csv,vermuk
6b8ac6ee-b624-47e4-b759-1aa1f3700211,Pengguna Google,https://play-lh.googleusercontent.com/EGemoI2NTXmTsBVtJqk8jxF9rh8ApRWfsIMQSt2uE4OcpQqbFu7f7NbTK05lx80nuSijCz7sc3a277R67g,"transfer sering gagal, malu2in pas bayar qris. pkis jangan pake ini klo ga ada perbaikan dan minta maaf dari livin nya",1,0,3.2.0,2025-11-20 01:40:05+00:00,"Hi Sahabat @permana sidiek, mohon maaf atas ketidaknyamannya. untuk perihal kendala pada layanan Livin' by Mandiri, mohon untuk dapat mengirimkan email ke mandiricare@bankmandiri.co.id atau dapat menghubungi layanan mandiri 14000 agar dapat dilakukan pengecekan. Tks~Mandala",2025-11-20 01:47:16,3.2.0,Dataset/dataset\LIVIN_googleplay_NOVEMBER_reviews.csv,qris
dd77d4d4-c10b-4f85-8edd-ac42620bf5d8,Pengguna Google,https://play-lh.googleusercontent.com/EGemoI2NTXmTsBVtJqk8jxF9rh8ApRWfsIMQSt2uE4OcpQqbFu7f7NbTK05lx80nuSijCz7sc3a277R67g,login nya lama makanya kasih bintang 4 dulu entar kalau dah semua mantap baru tak kasih bintang 5,4,0,3.1.0,2025-12-14 16:18:52+00:00,"Halo Sahabat @Sarni Halawa, mohon maaf atas ketidaknyamanannya. Terimakasih atas saran dan masukan yang diberikan, perihal tsb akan menjadi masukan bagi kami untuk pengembangan aplikasi kedepannya dan meningkatkan kualitas layanan Livin' by Mandiri. Tks~Kila",2025-12-14 16:29:29,3.1.0,Dataset/dataset\LIVIN_googleplay_DECEMBER_reviews.csv,login
165e35b7-aafe-4fd6-bc5d-ced3c6a33f6f,Pengguna Google,https://play-lh.googleusercontent.com/EGemoI2NTXmTsBVtJqk8jxF9rh8ApRWfsIMQSt2uE4OcpQqbFu7f7NbTK05lx80nuSijCz7sc3a277R67g,ga bisa login saya stuck di menu verifikasi tidak ada tombol next atau submit setelah memasukkan kode verifikasi yang dikirim lewat sms padahal saya sudah daftar RDN di stockbit kalau begini bagaimana saya bisa withdraw uang dari liquid saya di stockbit tolong segera bantu saya,1,0,8.74.0,2025-10-22 09:32:10+00:00,"Halo, Jagoan! Mohon maaf atas kendala yang kamu alami ya. Saya mengerti situasi sulit ini mengganggu kamu. Mohon kesediaannya mengirimkan email ke tanya@jago.com dengan melampirkan bukti foto/tangkapan layar kendala kamu. Agar dapat segera kami bantu.",2025-10-22 10:01:32,8.74.0,Dataset/dataset\JAGO_googleplay_OCTOBER_reviews.csv,login
4e13b350-3224-4c50-ba3f-c114920868f8,Pengguna Google,https://play-lh.googleusercontent.com/EGemoI2NTXmTsBVtJqk8jxF9rh8ApRWfsIMQSt2uE4OcpQqbFu7f7NbTK05lx80nuSijCz7sc3a277R67g,nyesel banget di update.mau login aja lama banget alias lola.kemari2 oke kok,2,0,3.2.0,2025-12-13 10:37:16+00:00,"Halo Sahabat @Ahmad Afandy, mohon maaf atas ketidaknyamannya. Untuk perihal kendala pada layanan Livin' by Mandiri, mohon untuk dapat mengirimkan email ke mandiricare@bankmandiri.co.id atau dapat menghubungi layanan mandiri 14000 dengan tekan 2 agar dapat dilakukan pengecekan. Tks~Irish",2025-12-13 10:53:11,3.2.0,Dataset/dataset\LIVIN_googleplay_DECEMBER_reviews.csv,login
39912717-80de-442d-bc4f-2ece761e93c9,Pengguna Google,https://play-lh.googleusercontent.com/EGemoI2NTXmTsBVtJqk8jxF9rh8ApRWfsIMQSt2uE4OcpQqbFu7f7NbTK05lx80nuSijCz7sc3a277R67g,tolong perbaiki untuk masalah transfer ke bank dengan nominal besar prosesnya lama sekali dari kemarin hingga sekarang udah 1x24 jam masih dalam proses .. uang mau dipakai biaya rumah sakit keburu mati yang ada nunggu uang masuk belum masuk juga..,1,10,3.149.0,2025-12-13 04:15:58+00:00,,,3.149.0,Dataset/dataset\OVO_googleplay_DECEMBER_reviews.csv,transfer
9cc5962d-1a11-435a-87d8-8ddd33f6e741,Pengguna Google,https://play-lh.googleusercontent.com/EGemoI2NTXmTsBVtJqk8jxF9rh8ApRWfsIMQSt2uE4OcpQqbFu7f7NbTK05lx80nuSijCz7sc3a277R67g,"tolong kalau top up jangan potong saldo, mending tambahkan biaya admin sebelum top up, niat mau ngabisin saldo jadi top up 2x 👎",1,0,3.147.0,2025-12-13 01:05:14+00:00,,,3.147.0,Dataset/dataset\OVO_googleplay_DECEMBER_reviews.csv,topup
1b4a800e-6a06-4c1c-aca2-cba2423a1743,Pengguna Google,https://play-lh.googleusercontent.com/EGemoI2NTXmTsBVtJqk8jxF9rh8ApRWfsIMQSt2uE4OcpQqbFu7f7NbTK05lx80nuSijCz7sc3a277R67g,"aplikasi sampah, top up e wallet ke akun gopay, saldo ga masuk, padahal di e wallet lain udah kepotong saldonya, aplikasi kocak",1,0,1.60.0,2025-10-15 23:07:41+00:00,"Hai Kak Finesya, pastikan nomor tujuan sudah benar, sudah cek halaman Riwayat, dan coba keluar dan masuk kembali ke aplikasi. Jika saldo masih belum masuk, silakan laporkan melalui menu Bantuan > ketik 'Top up GoPay saya belum masuk' > isi formulir dan cantumkan kode psr-25-288-1655-23559 pada bagian 'Ceritakan lebih lanjut'. ^Melisa",2025-10-15 23:55:35,1.60.0,Dataset/dataset\GOPAY_googleplay_OCTOBER_reviews.csv,topup
e2343d44-70b7-4789-99fb-2aca33699873,Pengguna Google,https://play-lh.googleusercontent.com/EGemoI2NTXmTsBVtJqk8jxF9rh8ApRWfsIMQSt2uE4OcpQqbFu7f7NbTK05lx80nuSijCz7sc3a277R67g,sekarang top up dari MANDIRI dikenain admin,2,0,1.41.06,2025-11-02 23:35:56+00:00,"Hi Kak Andrean, Mohon maaf atas kendala biaya admin Top Up melaluin bank Mandiri. Saat ini terdapat kuota gratis isi saldo ShopeePay dengan minimum isi saldo Rp10.000,- sebanyak 20x dalam satu bulan melalui bank dan 5x melalui minimarket/agent. Untuk bantuan pengecekan, mohon menghubungi kami melalui DM Instagram di @ShopeePay_ID. ^CS",2025-11-03 13:37:35,1.41.06,Dataset/dataset\SHOPEEPAY_googleplay_NOVEMBER_reviews.csv,topup
38837578-4134-4217-80b2-ccceadaab405,Pengguna Google,https://play-lh.googleusercontent.com/EGemoI2NTXmTsBVtJqk8jxF9rh8ApRWfsIMQSt2uE4OcpQqbFu7f7NbTK05lx80nuSijCz7sc3a277R67g,cakep TF ke bank lain ngga kena cash👍👍👍🙏,5,0,8.79.0,2025-12-27 15:46:07+00:00,,,8.79.0,Dataset/dataset\JAGO_googleplay_DECEMBER_reviews.csv,transfer
8a9219c9-ff4a-4e5d-984b-68bf05cc3fb3,Pengguna Google,https://play-lh.googleusercontent.com/EGemoI2NTXmTsBVtJqk8jxF9rh8ApRWfsIMQSt2uE4OcpQqbFu7f7NbTK05lx80nuSijCz7sc3a277R67g,"setelah melakukan peng update tan tidak bisa login,dan sudah beberapa kali di ulang tetap tidak bisa padahal nomer hp tidak ada yg salah",3,0,1.60.0,2025-10-30 11:47:55+00:00,"Hai Kak Hendry, mohon maaf atas kendala yang kamu alami. Sebelum login, pastikan kamu sudah pakai GoPay versi terbaru & tidak ada kendala pada akun kamu, ya. Jika masih tidak bisa login, laporkan ke kami melalui email ke customerservice@gopay.co.id dan mencantumkan kode psr-25-303-0539-28945 pada subjek email. ^Maura",2025-10-30 12:39:41,1.60.0,Dataset/dataset\GOPAY_googleplay_OCTOBER_reviews.csv,login
7fc1f727-e59b-44eb-b80b-0623d57aa917,Pengguna Google,https://play-lh.googleusercontent.com/EGemoI2NTXmTsBVtJqk8jxF9rh8ApRWfsIMQSt2uE4OcpQqbFu7f7NbTK05lx80nuSijCz7sc3a277R67g,"untuk yg kesekian kali nya transfer ke bank selalu pending, mana suruh nunggu 2 hari udah tau urgent aplikasi yang mempersulit pengguna nya!!! tolong saldo saya kembalikan!!!!",1,0,,2025-12-07 01:43:26+00:00,,,,Dataset/dataset\OVO_googleplay_DECEMBER_reviews.csv,transfer
8c4885ef-df88-4363-b747-e79ef6f9a725,Pengguna Google,https://play-lh.googleusercontent.com/EGemoI2NTXmTsBVtJqk8jxF9rh8ApRWfsIMQSt2uE4OcpQqbFu7f7NbTK05lx80nuSijCz7sc3a277R67g,"rugi bangeeeet, baru pertama kali pake buat belanja di lzd, 3x top up saldo 3x juga saldo dipotong. padahal top up di awal tuh harusnya cukup malah keterangannya saldo tidak mencukupi, bagian udah payment ada saldo ngendap tp tetep saldo kepotong. gajelas! tau gitu pake e-wallet lain aja. RUGI",1,409,3.148.0,2025-11-30 01:54:09+00:00,,,3.148.0,Dataset/dataset\OVO_googleplay_NOVEMBER_reviews.csv,topup
01058e58-0ad8-4dab-8444-010e6116e4a8,Pengguna Google,https://play-lh.googleusercontent.com/EGemoI2NTXmTsBVtJqk8jxF9rh8ApRWfsIMQSt2uE4OcpQqbFu7f7NbTK05lx80nuSijCz7sc3a277R67g,Transfer ke bank nyangkut udah 2 hari masih proses terus.. Kacau nih aplikasi,1,0,3.146.0,2025-11-04 08:58:20+00:00,,,3.146.0,Dataset/dataset\OVO_googleplay_NOVEMBER_reviews.csv,transfer
fab897a7-c28c-4f85-9858-e13b4e424370,Pengguna Google,https://play-lh.googleusercontent.com/EGemoI2NTXmTsBVtJqk8jxF9rh8ApRWfsIMQSt2uE4OcpQqbFu7f7NbTK05lx80nuSijCz7sc3a277R67g,"aplikasi busuk! baru login langsung logout sendiri, ngulang² gitu terus. ga bisa dipake nih apk",1,0,3.42.0,2025-11-01 21:10:49+00:00,,,3.42.0,Dataset/dataset\OVO_googleplay_NOVEMBER_reviews.csv,login
7b9e3abb-604f-484f-99e4-c4a7caf2eb59,Pengguna Google,https://play-lh.googleusercontent.com/EGemoI2NTXmTsBVtJqk8jxF9rh8ApRWfsIMQSt2uE4OcpQqbFu7f7NbTK05lx80nuSijCz7sc3a277R67g,"Jelek... Rentenir... Setiap transaksi dikenakan biaya ADM tambahan, top up saldo juga dikenakan biaya tambahan, ini mah aplikasi lintah darat namanya.",1,0,,2025-12-20 08:17:05+00:00,,,,Dataset/dataset\OVO_googleplay_DECEMBER_reviews.csv,topup
ac68894f-a365-49b8-9f4c-57d424ac75ea,Pengguna Google,https://play-lh.googleusercontent.com/EGemoI2NTXmTsBVtJqk8jxF9rh8ApRWfsIMQSt2uE4OcpQqbFu7f7NbTK05lx80nuSijCz7sc3a277R67g,"Aplikasi rusak di pajang, cuma mau tf 20.000 aja gagal berhari-hari sampe sekarang masih belum bisa di ambil itu uang. Untuk teman² yang mau top up uang di OVO dengan jumlah lumayan banyak, itu sangat tidak di rekomendasikan ya, soalnya uang yang ada di dalam Apk ini, sangat susah banget untuk di tarik atau di kirim ke bank.",1,72,3.148.0,2025-11-26 00:54:49+00:00,,,3.148.0,Dataset/dataset\OVO_googleplay_NOVEMBER_reviews.csv,topup
493dd03c-89f0-4ae5-8651-7b2f63e671de,Pengguna Google,https://play-lh.googleusercontent.com/EGemoI2NTXmTsBVtJqk8jxF9rh8ApRWfsIMQSt2uE4OcpQqbFu7f7NbTK05lx80nuSijCz7sc3a277R67g,sudah transfer tapi dj proses mulu aneh,1,0,1.44.05,2025-12-23 22:08:45+00:00,"Hi Kak Berto. Mohon maaf atas kendala transfer saldo ShopeePay yang belum diterima. Terkait kendala tersebut mohon menghubungi kami melalui DM ke Instagram @ShopeePay_ID yang bercentang biru, dengan melampirkan bukti transfer yang terkendala untuk bantuan lebih lanjut. Semoga kendala kakak segera terselesaikan ya. ^CS",2025-12-24 11:06:35,1.44.05,Dataset/dataset\SHOPEEPAY_googleplay_DECEMBER_reviews.csv,transfer
d655e711-4198-4c78-972c-79e2d36f44e4,Pengguna Google,https://play-lh.googleusercontent.com/EGemoI2NTXmTsBVtJqk8jxF9rh8ApRWfsIMQSt2uE4OcpQqbFu7f7NbTK05lx80nuSijCz7sc3a277R67g,gabisa bayar pake qris padahal cm 15k doang,1,0,,2025-11-07 16:33:34+00:00,"Hi Sahabat @Matchadepan, mohon maaf atas ketidaknyamanannya. Untuk perihal keluhan yang dialami, mohon untuk dapat mengirimkan email ke mandiricare@bankmandiri.co.id atau dapat menghubungi layanan mandiri 14000 agar dapat dilakukan pengecekan. Tks~Amar",2025-11-07 16:37:15,,Dataset/dataset\LIVIN_googleplay_NOVEMBER_reviews.csv,qris
3770341a-bf79-4428-974f-e49fe78dc8ad,Pengguna Google,https://play-lh.googleusercontent.com/EGemoI2NTXmTsBVtJqk8jxF9rh8ApRWfsIMQSt2uE4OcpQqbFu7f7NbTK05lx80nuSijCz7sc3a277R67g,"gmna sih ko transaksi gagal Mulu,mau transfer ini,tlng doang perbaikin",1,0,3.149.0,2025-12-07 08:26:50+00:00,,,3.149.0,Dataset/dataset\OVO_googleplay_DECEMBER_reviews.csv,transfer
207a3225-b547-4995-b805-2637219a0901,Pengguna Google,https://play-lh.googleusercontent.com/EGemoI2NTXmTsBVtJqk8jxF9rh8ApRWfsIMQSt2uE4OcpQqbFu7f7NbTK05lx80nuSijCz7sc3a277R67g,"bagus,membantu utk belanja lbh muda,transfer jg lbh muda",5,1,1.42.03,2025-11-15 15:27:19+00:00,"Hi Kak. Terima kasih telah menggunakan ShopeePay. Mari cek aplikasi ShopeePay karena banyak fitur yang mempermudah keseharian kakak seperti pembelian pulsa, paket data, pembayaran tagihan listrik dan pembayaran lainnya. Jika kakak memiliki pertanyaan seputar ShopeePay, mohon DM kami di Instagram @ShopeePay_ID ya. Semoga harimu menyenangkan ^RJ",2025-11-17 10:15:15,1.42.03,Dataset/dataset\SHOPEEPAY_googleplay_NOVEMBER_reviews.csv,transfer
e5d3373b-3d9c-4200-aae1-8bfdf65595e7,Pengguna Google,https://play-lh.googleusercontent.com/EGemoI2NTXmTsBVtJqk8jxF9rh8ApRWfsIMQSt2uE4OcpQqbFu7f7NbTK05lx80nuSijCz7sc3a277R67g,hadehh gimana sih verifikasi wajah nya gagal terus yang foto buram lh apa lah udah bener ga burem malah ga bisa aneh,1,0,1.62.0,2025-11-17 06:17:28+00:00,"Hai Kak Dragon, mohon maaf atas ketidaknyamanannya. Sebelum kamu mencoba upgrade ke GoPay Plus, pastikan dokumen serta foto selfie yang kamu kirim sudah sesuai dengan ketentuan GoPay. Jika masih tidak bisa, silakan laporkan detailnya melalui email ke customerservice@gopay.co.id dan lampirkan kode psr-25-321-0141-12919 pada subject email ya. ^Melisa",2025-11-17 08:41:21,1.62.0,Dataset/dataset\GOPAY_googleplay_NOVEMBER_reviews.csv,vermuk
13893f89-38b8-49fb-91a5-4406e4bb70a8,Pengguna Google,https://play-lh.googleusercontent.com/EGemoI2NTXmTsBVtJqk8jxF9rh8ApRWfsIMQSt2uE4OcpQqbFu7f7NbTK05lx80nuSijCz7sc3a277R67g,Sumpah GRATIS TF semua Bank,5,0,1.62.0,2025-11-21 07:23:17+00:00,,,1.62.0,Dataset/dataset\GOPAY_googleplay_NOVEMBER_reviews.csv,transfer
e662f87d-5dc1-4530-b42e-334afb0f7b92,Pengguna Google,https://play-lh.googleusercontent.com/EGemoI2NTXmTsBVtJqk8jxF9rh8ApRWfsIMQSt2uE4OcpQqbFu7f7NbTK05lx80nuSijCz7sc3a277R67g,Kenapa saat mau login selalu gagal,1,0,3.144.0,2025-10-08 12:32:53+00:00,"Hai Kak, mohon maaf atas ketidaknyamanannya. Apabila ada keluhan atau pertanyaan mohon menghubungi tim kami melalui email di cs@ovo.id atau call center kami di 1500-696. Terima kasih. ^DH",2020-10-03 23:59:00,3.144.0,Dataset/dataset\OVO_googleplay_OCTOBER_reviews.csv,login
9fc13193-493c-446a-9b7a-ada84e81e994,Pengguna Google,https://play-lh.googleusercontent.com/EGemoI2NTXmTsBVtJqk8jxF9rh8ApRWfsIMQSt2uE4OcpQqbFu7f7NbTK05lx80nuSijCz7sc3a277R67g,"berguna untuk aktifitas sehari hari kita seperti bayar melalui aplikasi atau transfer ke orang lain,top up game murah jempol deh",5,0,1.60.0,2025-10-19 14:21:35+00:00,,,1.60.0,Dataset/dataset\GOPAY_googleplay_OCTOBER_reviews.csv,topup
1d20f355-1b92-4a64-91fb-3d7a538921de,Pengguna Google,https://play-lh.googleusercontent.com/EGemoI2NTXmTsBVtJqk8jxF9rh8ApRWfsIMQSt2uE4OcpQqbFu7f7NbTK05lx80nuSijCz7sc3a277R67g,"kenapa sekarang jago kalau udah login, masuk ulang langsung harus login lagii memasukkan password lagi, kan ribet orang buru buru disuruh verif ulang lagi",1,0,,2025-10-01 05:59:24+00:00,"Halo, Jagoan. Mohon maaf atas kendala yang terjadi ya. Kamu tidak perlu khawatir, kamu bisa menjelaskan detail kendala tersebut melalui email di tanya@jago.com atau call center 1500 746 untuk kami bantu tangani lebih lanjut. Terima kasih :)",2025-10-01 06:19:21,,Dataset/dataset\JAGO_googleplay_OCTOBER_reviews.csv,login
187c4140-ffa4-413e-b327-d867466856b5,Pengguna Google,https://play-lh.googleusercontent.com/EGemoI2NTXmTsBVtJqk8jxF9rh8ApRWfsIMQSt2uE4OcpQqbFu7f7NbTK05lx80nuSijCz7sc3a277R67g,"asssuuu gopay..percuma top up,,hangusss",1,0,1.62.0,2025-11-09 16:51:10+00:00,"Hai Kak Dedi, mohon maaf atas ketidaknyamanannya. Terkait hal tersebut, silakan laporkan melalui email ke customerservice@gopay.co.id dengan melampirkan kode psr-25-313-1050-31075 pada subject email dan ceritakan kembali detail permasalahannya agar tim kami bisa bantu cek lebih lanjut ya. ^Miko",2025-11-09 17:50:44,1.62.0,Dataset/dataset\GOPAY_googleplay_NOVEMBER_reviews.csv,topup
b57f1b4c-d5c0-4313-b3ec-d48ad38544a2,Pengguna Google,https://play-lh.googleusercontent.com/EGemoI2NTXmTsBVtJqk8jxF9rh8ApRWfsIMQSt2uE4OcpQqbFu7f7NbTK05lx80nuSijCz7sc3a277R67g,transfer proses terus tidak sampai ke bank tujuan dan saldo tidak balik apk buruk sistem buruk.,1,1,,2025-10-05 18:09:35+00:00,"Hai Kak Ardini, pastikan nomor tujuan benar dan sudah cek halaman Riwayat. Jika setelah 2x24 jam di hari kerja (diluar Sabtu, Minggu, atau Libur) saldo belum bertambah, silakan lapor ke menu Bantuan > ketik 'Transfer saldo ke bank atau e-wallet belum diterima' dan cantumkan kode psr-25-278-1515-35151 pada bagian 'Ceritakan lebih lanjut'. ^Miko",2025-10-05 22:15:47,,Dataset/dataset\GOPAY_googleplay_OCTOBER_reviews.csv,transfer
cf51cc1d-d029-4c8b-8e45-eeebabec7e0e,Pengguna Google,https://play-lh.googleusercontent.com/EGemoI2NTXmTsBVtJqk8jxF9rh8ApRWfsIMQSt2uE4OcpQqbFu7f7NbTK05lx80nuSijCz7sc3a277R67g,"hari gini, transfer BCA masih pending, tidak bisa lapor pusat bantuan lagi, bagaimana lagi urgent ga bisa tarik di ATM sangat menghambat pekerjaan, padahal transfer kita bayar kena potongan, dana suka nyangkut, nunggu 24 jam baru bisa laporan, aplikasi paling ribet potongan gede, kalau tidak ada grab saya sudah ga mau pakai ovo lagi jika masih begini, aplikasi ovo mengecewakan",1,9,3.147.0,2025-11-21 22:43:58+00:00,,,3.147.0,Dataset/dataset\OVO_googleplay_NOVEMBER_reviews.csv,transfer
47710728-af8d-45cd-92ea-b1cedb27dd63,Pengguna Google,https://play-lh.googleusercontent.com/EGemoI2NTXmTsBVtJqk8jxF9rh8ApRWfsIMQSt2uE4OcpQqbFu7f7NbTK05lx80nuSijCz7sc3a277R67g,"jaringan internet harus bener² normal, yg bikin saya jengkel kalau pas bener² sy mau login lama bgt gk masuk² padahal jaringan lg normal.. iya chcukup mudah utk segala transaksi....... ``kalau ada saldo itu juga sodara².",4,1,1.42.03,2025-11-16 03:29:16+00:00,"Hi Kak. Terima kasih telah menggunakan ShopeePay. Mari cek aplikasi ShopeePay karena banyak fitur yang mempermudah keseharian kakak seperti pembelian pulsa, paket data, pembayaran tagihan listrik dan pembayaran lainnya. Jika kakak memiliki pertanyaan seputar ShopeePay, mohon DM kami di Instagram @ShopeePay_ID ya. Semoga harimu menyenangkan ^RJ",2025-11-10 09:52:37,1.42.03,Dataset/dataset\SHOPEEPAY_googleplay_NOVEMBER_reviews.csv,login
296e5496-ce29-47a1-a001-7125e6c4c6ab,Pengguna Google,https://play-lh.googleusercontent.com/EGemoI2NTXmTsBVtJqk8jxF9rh8ApRWfsIMQSt2uE4OcpQqbFu7f7NbTK05lx80nuSijCz7sc3a277R67g,"tidak layanan chat untk pelanggan, main blokir, blokir di buka uang transfer entah tidak masuk atau kosong",2,0,3.144.0,2025-10-07 02:13:05+00:00,,,3.144.0,Dataset/dataset\OVO_googleplay_OCTOBER_reviews.csv,transfer
3d1550e7-19e1-4126-a164-8e6b145ced75,Pengguna Google,https://play-lh.googleusercontent.com/EGemoI2NTXmTsBVtJqk8jxF9rh8ApRWfsIMQSt2uE4OcpQqbFu7f7NbTK05lx80nuSijCz7sc3a277R67g,GUA SARANIN JANGAN PERNAH PAKE NI APK APALAGI BUAT NARO DUIT GEDE . INI BANK KING ERROR. GA KEBAYANG KAN KALO DUIT GEDE DI TARO DI BANK INI TIBA TIBA GABISA LOGIN? APK SAMPAH,5,0,,2025-12-26 22:58:24+00:00,,,,Dataset/dataset\JAGO_googleplay_DECEMBER_reviews.csv,login
214e12a4-2c8e-4537-be03-62c33efd5d8f,Pengguna Google,https://play-lh.googleusercontent.com/EGemoI2NTXmTsBVtJqk8jxF9rh8ApRWfsIMQSt2uE4OcpQqbFu7f7NbTK05lx80nuSijCz7sc3a277R67g,Sangat rekomen utk yg mau transaksi tanpa admin di bibit maupun tf ke bank lain.,5,0,8.79.0,2025-12-26 15:12:52+00:00,,,8.79.0,Dataset/dataset\JAGO_googleplay_DECEMBER_reviews.csv,transfer
628a55fd-e000-474f-94fc-47d03db70197,Pengguna Google,https://play-lh.googleusercontent.com/EGemoI2NTXmTsBVtJqk8jxF9rh8ApRWfsIMQSt2uE4OcpQqbFu7f7NbTK05lx80nuSijCz7sc3a277R67g,Ko top up shopepay ke potong 1000 lebih bosku,3,0,1.44.05,2025-12-09 19:45:41+00:00,"Hi Kak Ansuk 103, Mohon maaf atas kendala biaya admin Top Up. Saat ini terdapat kuota gratis isi saldo ShopeePay dengan minimum isi saldo Rp10.000,- sebanyak 20x dalam satu bulan melalui bank dan 5x melalui minimarket/agent. Untuk bantuan pengecekan, mohon menghubungi kami melalui DM Instagram di @ShopeePay_ID. ^CS",2025-12-10 11:05:57,1.44.05,Dataset/dataset\SHOPEEPAY_googleplay_DECEMBER_reviews.csv,topup
c0df399d-6c78-41e4-a11a-8a442547fa42,Pengguna Google,https://play-lh.googleusercontent.com/EGemoI2NTXmTsBVtJqk8jxF9rh8ApRWfsIMQSt2uE4OcpQqbFu7f7NbTK05lx80nuSijCz7sc3a277R67g,karena saya top up tidak masuk,1,1,1.62.0,2025-11-14 01:43:47+00:00,"Hai Kak @KADONG, pastikan nomor tujuan sudah benar, sudah cek halaman Riwayat, dan coba keluar dan masuk kembali ke aplikasi. Jika saldo masih belum masuk, silakan laporkan melalui menu Bantuan > ketik 'Top up GoPay saya belum masuk' > isi formulir dan cantumkan kode psr-25-318-0256-19124 pada bagian 'Ceritakan lebih lanjut'. ^Melisa",2025-11-14 09:56:28,1.62.0,Dataset/dataset\GOPAY_googleplay_NOVEMBER_reviews.csv,topup
f58b133b-ef23-4d90-8ce3-821c8ee062b1,Pengguna Google,https://play-lh.googleusercontent.com/EGemoI2NTXmTsBVtJqk8jxF9rh8ApRWfsIMQSt2uE4OcpQqbFu7f7NbTK05lx80nuSijCz7sc3a277R67g,"dana kalo mau transfer selalu ngestuck ""dalam proses"" udah 3 hari dana saya ngestuck!!!!!",1,0,,2025-12-15 06:01:18+00:00,"Hi Kak Faulan. Mohon maaf atas kendala transfer saldo ShopeePay yang belum diterima. Terkait kendala tersebut mohon menghubungi kami melalui DM ke Instagram @ShopeePay_ID yang bercentang biru, dengan melampirkan bukti transfer yang terkendala untuk bantuan lebih lanjut. Semoga kendala kakak segera terselesaikan ya. ^CS",2025-12-15 12:44:33,,Dataset/dataset\SHOPEEPAY_googleplay_DECEMBER_reviews.csv,transfer
79c4682d-9999-45d7-ab34-a700f1696c90,Pengguna Google,https://play-lh.googleusercontent.com/EGemoI2NTXmTsBVtJqk8jxF9rh8ApRWfsIMQSt2uE4OcpQqbFu7f7NbTK05lx80nuSijCz7sc3a277R67g,Gimna caranya login di akun sebelum nya min karna saya mau login gak bisa malah disuruh daftar di awal lagi. tolong bantu min,5,0,2.7.0,2025-12-12 03:51:29+00:00,"Hai Kak Ryfa. Dengan senang hati kami akan selalu berusaha memberikan yang terbaik kebutuhan perbankan Kakak. Silakan dapat login kembali dengan nomor handphone yang terdaftar. Jika nomor handphone yang terdaftar sudah lupa, silakan Kakak menghubungi layanan haloblu 1500668 agar dibantu pengecekan dan diinformasikan adalah 4 angka terakhir ya.",2025-12-12 04:13:34,2.7.0,Dataset/dataset\BLU_googleplay_DECEMBER_reviews.csv,login
932949c3-b527-42da-952a-ed6916e48f0f,Pengguna Google,https://play-lh.googleusercontent.com/EGemoI2NTXmTsBVtJqk8jxF9rh8ApRWfsIMQSt2uE4OcpQqbFu7f7NbTK05lx80nuSijCz7sc3a277R67g,murah tanpa biaya transfer,5,0,1.62.0,2025-11-13 07:43:33+00:00,,,1.62.0,Dataset/dataset\GOPAY_googleplay_NOVEMBER_reviews.csv,transfer
f6f12bda-c3a8-4116-ba8e-994fb9b3c4f9,Pengguna Google,https://play-lh.googleusercontent.com/EGemoI2NTXmTsBVtJqk8jxF9rh8ApRWfsIMQSt2uE4OcpQqbFu7f7NbTK05lx80nuSijCz7sc3a277R67g,"hati hati bagi yang mau top up gopay atau kirim uang ke gopay, karna gopay ada double akun meskipun nomer yang kita masukan sudah benar,, saya sudah mengalami kedua kalinya. tidak ada tanggung jawab ataupun solusi sama sekali dari pihak gopay.",1,0,1.64.0,2025-11-20 11:10:51+00:00,"Hai Kak @Trauma Hidup, mohon maaf atas ketidaknyamanannya. Terkait hal tersebut, silakan laporkan melalui email ke customerservice@gopay.co.id dengan melampirkan kode psr-25-324-0615-50643 pada subject email dan ceritakan kembali detail permasalahannya agar tim kami bisa bantu cek lebih lanjut ya. ^Miko",2025-11-20 13:16:07,1.64.0,Dataset/dataset\GOPAY_googleplay_NOVEMBER_reviews.csv,topup
98495029-b774-4ff0-9b1d-dc01c3c8c3cb,Pengguna Google,https://play-lh.googleusercontent.com/EGemoI2NTXmTsBVtJqk8jxF9rh8ApRWfsIMQSt2uE4OcpQqbFu7f7NbTK05lx80nuSijCz7sc3a277R67g,UNINSTAL aja terlalu nih aplikasi topup aja kena potongan 2000 padahal yang lain cuma 500 /bahkan gratis bye...bye.. OVO 👎,1,0,,2025-10-15 10:52:36+00:00,,,,Dataset/dataset\OVO_googleplay_OCTOBER_reviews.csv,topup
60213ba0-8f0c-4a83-8a6a-26e369fed4b5,Pengguna Google,https://play-lh.googleusercontent.com/EGemoI2NTXmTsBVtJqk8jxF9rh8ApRWfsIMQSt2uE4OcpQqbFu7f7NbTK05lx80nuSijCz7sc3a277R67g,salah transfer saldo😭 tolong bantuannya🙏,5,0,3.149.0,2025-12-08 23:08:55+00:00,,,3.149.0,Dataset/dataset\OVO_googleplay_DECEMBER_reviews.csv,transfer
9aa163ad-804e-47e5-a746-b5f2e3fdfd1a,Pengguna Google,https://play-lh.googleusercontent.com/EGemoI2NTXmTsBVtJqk8jxF9rh8ApRWfsIMQSt2uE4OcpQqbFu7f7NbTK05lx80nuSijCz7sc3a277R67g,aplikasi ampas. top up dipotong 1.000. trf ke rekening bank juga tetep kena admin 2.500. jgn di downloaddd,1,0,,2025-12-23 06:54:42+00:00,,,,Dataset/dataset\OVO_googleplay_DECEMBER_reviews.csv,topup
38e92ce5-fee8-4a25-98d4-4ae27c406b8e,Pengguna Google,https://play-lh.googleusercontent.com/EGemoI2NTXmTsBVtJqk8jxF9rh8ApRWfsIMQSt2uE4OcpQqbFu7f7NbTK05lx80nuSijCz7sc3a277R67g,"dear admin Blu, kenapa setiap login atau akan login, loading lama ya? apakah ada bugs mohon diperbaiki. terima kasih",3,0,2.7.20,2025-12-29 18:02:39+00:00,"Hai, Kak Rahim. Maaf atas ketidaknyamanannya. Kami akan selalu terus memperbaiki sistem demi mencapai kepuasan para pengguna aplikasi blu. Terkait kendala tersebut pastikan Kakak menggunakan aplikasi blu versi terbaru, pastikan setting waktu di handphone menjadi otomatis, jaringan internet lancar dan stabil serta tidak menggunakan jaringan WiFi.",2025-12-29 18:16:10,2.7.20,Dataset/dataset\BLU_googleplay_DECEMBER_reviews.csv,login
ff0991f4-9d7b-48d8-8d6e-e9192cd40cd3,Pengguna Google,https://play-lh.googleusercontent.com/EGemoI2NTXmTsBVtJqk8jxF9rh8ApRWfsIMQSt2uE4OcpQqbFu7f7NbTK05lx80nuSijCz7sc3a277R67g,"pantes orang2 lebih pilih dompet digital dana, transfer sesama gratis, transfer bank gratis 10x per bulan... ovo, tf ke bank ada admin, ditambah top up pun kena potongan... kalo bukan krna terpaksa, gk bakal gw download ovo",1,0,3.148.0,2025-11-23 18:26:08+00:00,,,3.148.0,Dataset/dataset\OVO_googleplay_NOVEMBER_reviews.csv,topup
1a7ca608-6c6e-461d-851c-926a321594c1,Pengguna Google,https://play-lh.googleusercontent.com/EGemoI2NTXmTsBVtJqk8jxF9rh8ApRWfsIMQSt2uE4OcpQqbFu7f7NbTK05lx80nuSijCz7sc3a277R67g,QRIS tidak bisa digunakan disemua merchant. Kalah dengan aplikasi lain. Untuk 0% bunga sudah mantap,3,0,1.45.09,2025-12-28 07:10:12+00:00,"Hai Kak Member of Sandani, makasih ya buat penilaiannya, semoga Shopee terus bisa kasih pelayanan yg terbaik buat kakak. Shopee juga akan terus tingkatkan pelayanan yg terbaik biar kakak makin nyaman, aman dan asik belanja/bertransaksi di Shopee. yuk pantengin terus sosmed shopee biar kakak tahu update info promo menariknya. Have a Nice day ka^BS",2025-04-11 23:13:58,1.45.09,Dataset/dataset\SHOPEEPAY_googleplay_DECEMBER_reviews.csv,qris
59bfdb3b-fe08-4a69-af17-e166b32cea91,Pengguna Google,https://play-lh.googleusercontent.com/EGemoI2NTXmTsBVtJqk8jxF9rh8ApRWfsIMQSt2uE4OcpQqbFu7f7NbTK05lx80nuSijCz7sc3a277R67g,"soal transfer memang mantap cepat sampai pada tujuan,hebat",5,0,1.59.0,2025-10-01 12:11:40+00:00,,,1.59.0,Dataset/dataset\GOPAY_googleplay_OCTOBER_reviews.csv,transfer
e293f134-7961-4284-817a-a444618d8686,Pengguna Google,https://play-lh.googleusercontent.com/EGemoI2NTXmTsBVtJqk8jxF9rh8ApRWfsIMQSt2uE4OcpQqbFu7f7NbTK05lx80nuSijCz7sc3a277R67g,"sampe kapan ini perbaikan ovo gk.selesai""aq top up gk bsa masuk",1,0,3.144.0,2025-10-07 04:29:43+00:00,,,3.144.0,Dataset/dataset\OVO_googleplay_OCTOBER_reviews.csv,topup
06a4d0c0-23f9-4635-aa4f-c0a8ad49f6b1,Pengguna Google,https://play-lh.googleusercontent.com/EGemoI2NTXmTsBVtJqk8jxF9rh8ApRWfsIMQSt2uE4OcpQqbFu7f7NbTK05lx80nuSijCz7sc3a277R67g,"kenapa gopay sya tidak bisa login lagi,, bahaya ini",1,1,1.62.0,2025-11-11 20:02:48+00:00,"Hai Kak Sarira, kami mohon maaf atas kondisi yang Kakak alami. Terkait hal ini, dapat kami sampaikan bahwa sebelumnya ada pemeliharaan sistem, namun saat ini sudah kembali normal. Silakan Kakak bisa relogin dan update aplikasi ke versi terbaru ya. Mohon maaf atas ketidaknyamanannya. Salam hangat. ^Miko",2025-11-12 08:39:15,1.62.0,Dataset/dataset\GOPAY_googleplay_NOVEMBER_reviews.csv,login
5fc9eb2b-cf6e-49dc-a391-3ba9acdfcf48,Pengguna Google,https://play-lh.googleusercontent.com/EGemoI2NTXmTsBVtJqk8jxF9rh8ApRWfsIMQSt2uE4OcpQqbFu7f7NbTK05lx80nuSijCz7sc3a277R67g,"aplikasi oke, tapi kenapa ada aktivitas mencurigakan pas mau bayar? padahal kan gapernah ngelakuin yang mencurigakan, cuman buat top up game sama isi kuota",5,0,,2025-11-09 17:23:56+00:00,,,,Dataset/dataset\GOPAY_googleplay_NOVEMBER_reviews.csv,topup
9d48ae57-b388-438f-83f0-f034a74a9754,Pengguna Google,https://play-lh.googleusercontent.com/EGemoI2NTXmTsBVtJqk8jxF9rh8ApRWfsIMQSt2uE4OcpQqbFu7f7NbTK05lx80nuSijCz7sc3a277R67g,semudah menggunakan qris bank. terima kasih,5,0,1.40.06,2025-10-20 12:42:50+00:00,"Hi Kak Rewinta. Terima kasih untuk review positifnya. Untuk transaksi di ShopeePay aman karena dilengkapi dengan fitur keamanan seperti PIN, kode OTP, sidik jari hingga verifikasi wajah. Jika kakak memiliki pertanyaan atau kendala seputar ShopeePay, mohon DM kami di Instagram @ShopeePay_ID ya. Semoga harimu menyenangkan. ^CS",2025-10-20 14:38:24,1.40.06,Dataset/dataset\SHOPEEPAY_googleplay_OCTOBER_reviews.csv,qris
3a862ea1-a35e-4c8c-81cb-0fbe631e4608,Pengguna Google,https://play-lh.googleusercontent.com/EGemoI2NTXmTsBVtJqk8jxF9rh8ApRWfsIMQSt2uE4OcpQqbFu7f7NbTK05lx80nuSijCz7sc3a277R67g,"ribet, udh jls2 kita lg mlkukan trnsksi mlh diblg g wajar. mna td kudu nunggu dlu 60 mnit. lg buru2 lg ini klo bkn gra2 si dodol slh tf ke gopay mls bngt pke gopay lg😭😭😭",1,0,1.60.0,2025-10-09 16:59:59+00:00,"Hai, Kak @217 V, mohon maaf atas kendalanya. Agar bisa bertransaksi dengan GoPay, pastikan saldo GoPay kamu cukup dan sudah memasukkan PIN GoPay yang benar. Jika masih berkendala, laporkan dengan login ke aplikasi Gojek > ke Halaman Bantuan > cari artikel ""Saya tidak dapat menggunakan GoPay"" di kolom bantuan > isi form di artikel. ^Maura",2025-10-10 06:31:54,1.60.0,Dataset/dataset\GOPAY_googleplay_OCTOBER_reviews.csv,transfer
720621a3-2d4e-4884-a7fe-5ad007a8e1d5,Pengguna Google,https://play-lh.googleusercontent.com/EGemoI2NTXmTsBVtJqk8jxF9rh8ApRWfsIMQSt2uE4OcpQqbFu7f7NbTK05lx80nuSijCz7sc3a277R67g,transfer ke bank pending sampe 1×24 hapus aja klu ribet kyk gini.,1,0,,2025-11-05 11:24:52+00:00,"Hi Kak Hanna. Mohon maaf atas kendala transfer saldo ShopeePay ke rekening yang belum diterima. Terkait kendala tersebut mohon menghubungi kami melalui DM ke Instagram @ShopeePay_ID yang bercentang biru, dengan melampirkan bukti transfer yang terkendala untuk bantuan lebih lanjut. Semoga kendala kakak segera terselesaikan ya. ^CS",2025-11-05 13:16:37,,Dataset/dataset\SHOPEEPAY_googleplay_NOVEMBER_reviews.csv,transfer
36f01901-25f6-46a6-84a5-6e9abd735786,Pengguna Google,https://play-lh.googleusercontent.com/EGemoI2NTXmTsBVtJqk8jxF9rh8ApRWfsIMQSt2uE4OcpQqbFu7f7NbTK05lx80nuSijCz7sc3a277R67g,"kenapa apk ini habis di update, susah skli untuk login kmbali",5,0,3.2.0,2025-12-11 20:51:50+00:00,"Halo Sahabat @Deril 1, mohon maaf atas ketidaknyamanannya. Terkait kendala Sahabat mohon untuk dapat mengirimkan email ke mandiricare@bankmandiri.co.id atau dapat menghubungi Mandiri Call 14000 lalu tekan 2 agar dapat dilakukan pengecekan. Tks~Amar",2025-12-11 20:53:24,3.2.0,Dataset/dataset\LIVIN_googleplay_DECEMBER_reviews.csv,login
2eb0ce1c-ac63-4573-8f15-00be05285a69,Pengguna Google,https://play-lh.googleusercontent.com/EGemoI2NTXmTsBVtJqk8jxF9rh8ApRWfsIMQSt2uE4OcpQqbFu7f7NbTK05lx80nuSijCz7sc3a277R67g,setiap top up di potong 2k,1,0,3.149.0,2025-12-18 22:32:29+00:00,,,3.149.0,Dataset/dataset\OVO_googleplay_DECEMBER_reviews.csv,topup
ef87b79d-67af-466d-adb7-78899f5f1a84,Pengguna Google,https://play-lh.googleusercontent.com/EGemoI2NTXmTsBVtJqk8jxF9rh8ApRWfsIMQSt2uE4OcpQqbFu7f7NbTK05lx80nuSijCz7sc3a277R67g,setelah diapreg malah ga bisa login,1,0,1.52.0,2025-10-29 23:50:32+00:00,"Hai Kak Abdulah, mohon maaf atas kendala yang kamu alami. Sebelum login, pastikan kamu sudah pakai GoPay versi terbaru & tidak ada kendala pada akun kamu, ya. Jika masih tidak bisa login, laporkan ke kami melalui email ke customerservice@gopay.co.id dan mencantumkan kode psr-25-303-2302-24516 pada subjek email. ^Maura",2025-10-30 06:02:36,1.52.0,Dataset/dataset\GOPAY_googleplay_OCTOBER_reviews.csv,login
1934de46-a52e-47c6-abc9-8ea40c248707,Pengguna Google,https://play-lh.googleusercontent.com/EGemoI2NTXmTsBVtJqk8jxF9rh8ApRWfsIMQSt2uE4OcpQqbFu7f7NbTK05lx80nuSijCz7sc3a277R67g,apk gaje mau login aja susahnya minta ampun kapok dah make bank mandiri mending pake bri/bca gak seribet ini,1,0,3.2.0,2025-12-31 04:59:59+00:00,"Halo Sahabat @sur ya, mohon maaf atas ketidaknyamannya. Perihal kendala pada layanan Livin' by Mandiri, mohon untuk dapat mengirimkan email ke mandiricare@bankmandiri.co.id atau dapat menghubungi layanan mandiri 14000 agar dapat dilakukan pengecekan. Tks~Kale",2025-12-31 05:14:31,3.2.0,Dataset/dataset\LIVIN_googleplay_DECEMBER_reviews.csv,login
118818bb-71de-4013-a511-a72176a9434f,Pengguna Google,https://play-lh.googleusercontent.com/EGemoI2NTXmTsBVtJqk8jxF9rh8ApRWfsIMQSt2uE4OcpQqbFu7f7NbTK05lx80nuSijCz7sc3a277R67g,saya sangat kecewa karena saya tidak bisa transfer via QR karna ganguan teknis,1,0,,2025-10-22 22:25:54+00:00,"Hai Kak Okto, mohon maaf atas ketidaknyamanannya. Terkait keluhan tersebut, silakan laporkan melalui email ke customerservice@gopay.co.id dengan melampirkan kode psr-25-296-0116-14302 pada subject email. Kami tunggu detail laporan kamu ya. ^Maura",2025-10-23 08:16:20,,Dataset/dataset\GOPAY_googleplay_OCTOBER_reviews.csv,transfer
b831f50e-08fb-4804-aac9-dff698629b62,Pengguna Google,https://play-lh.googleusercontent.com/EGemoI2NTXmTsBVtJqk8jxF9rh8ApRWfsIMQSt2uE4OcpQqbFu7f7NbTK05lx80nuSijCz7sc3a277R67g,kpda mndiri yang. terhor mat tolong updeat lg biar bisa login saya udah buka rekening pas mau masuk buka rekening lg login nya ga ada . g mna nih . udah bikin cape cape mau masuk harus pke kartu debit sedakn saya d kmpung k cbng mndiri jauh . butuh 1 jm lebih,1,0,3.1.0,2025-11-06 21:03:52+00:00,"Halo Sahabat @Hana Rizkiana, mohon maaf atas ketidaknyamannya. Perihal kendala pada layanan Livin' by Mandiri, mohon untuk dapat mengirimkan email ke mandiricare@bankmandiri.co.id atau dapat menghubungi layanan mandiri 14000 agar dapat dilakukan pengecekan. Tks~Syarif",2025-11-06 21:10:19,3.1.0,Dataset/dataset\LIVIN_googleplay_NOVEMBER_reviews.csv,login
5748b8dd-169b-47de-9782-a15b7387e958,Pengguna Google,https://play-lh.googleusercontent.com/EGemoI2NTXmTsBVtJqk8jxF9rh8ApRWfsIMQSt2uE4OcpQqbFu7f7NbTK05lx80nuSijCz7sc3a277R67g,"udh sebulan ini tiap mau bayar ke kasir buka app livin buat qris selalu lamaa. cerita sama tmn sekantor, ternyata problem nya sama. malu SETIAP KALI bayar ditunggu sama org yg antri",1,0,3.1.0,2025-11-01 20:39:48+00:00,"Halo Sahabat @coriena desy, mohon maaf atas ketidaknyamanannya. Terkait kendala transaksi Sahabat mohon untuk dapat mengirimkan email ke mandiricare@bankmandiri.co.id atau dapat menghubungi mandiri call 14000 agar dapat dilakukan pengecekan. Tks ~ Said",2025-11-01 20:42:51,3.1.0,Dataset/dataset\LIVIN_googleplay_NOVEMBER_reviews.csv,qris
178c2bb1-0c8e-4b22-924a-4a00621019ae,Pengguna Google,https://play-lh.googleusercontent.com/EGemoI2NTXmTsBVtJqk8jxF9rh8ApRWfsIMQSt2uE4OcpQqbFu7f7NbTK05lx80nuSijCz7sc3a277R67g,"LAMA!! GUA TOP UP DARI SEABANK KAGA MASUK"" FITUR SERVISNYA GAJELAS",1,0,1.64.0,2025-11-19 18:42:52+00:00,"Hai Kak Afreno, pastikan nomor tujuan sudah benar, sudah cek halaman Riwayat, dan coba keluar dan masuk kembali ke aplikasi. Jika saldo masih belum masuk, silakan laporkan melalui menu Bantuan > ketik 'Top up GoPay saya belum masuk' > isi formulir dan cantumkan kode psr-25-323-1254-28828 pada bagian 'Ceritakan lebih lanjut'. ^Melisa",2025-11-19 19:54:38,1.64.0,Dataset/dataset\GOPAY_googleplay_NOVEMBER_reviews.csv,topup
1c60733e-aa91-43ef-b094-fd9c2aae7483,Pengguna Google,https://play-lh.googleusercontent.com/EGemoI2NTXmTsBVtJqk8jxF9rh8ApRWfsIMQSt2uE4OcpQqbFu7f7NbTK05lx80nuSijCz7sc3a277R67g,kenapa sih suka bayar otomatis ke play store sejumlah 150k jadi takut top up banyak,2,0,,2025-10-19 20:02:19+00:00,"Hai Kak @KIM ZZ, mohon maaf atas ketidaknyamanannya. Terkait keluhan tersebut, silakan laporkan melalui email ke customerservice@gopay.co.id dengan melampirkan kode psr-25-292-1306-41588 pada subject email. Kami tunggu detail laporan kamu ya. ^Maura",2025-10-19 20:06:46,,Dataset/dataset\GOPAY_googleplay_OCTOBER_reviews.csv,topup
0d6002a2-a8de-4880-a03f-782393a07dd0,Pengguna Google,https://play-lh.googleusercontent.com/EGemoI2NTXmTsBVtJqk8jxF9rh8ApRWfsIMQSt2uE4OcpQqbFu7f7NbTK05lx80nuSijCz7sc3a277R67g,"saya tidak dapat masuk ke akun saya dengan perifikasi wajah karna kamera bermasalah,lalu mengajukan laporan tapi fitur upload dokumen error sejak 20 hari lalu sampai sekarang sy tidak dapat menggunakan akun saya,padhal sngat penting",2,13,1.60.0,2025-10-11 07:05:51+00:00,"Hai Kak Kadek, mohon maaf atas ketidaknyamanannya. Jika kamu masih mengalami kendala, silakan laporkan melalui email ke customerservice@gopay.co.id dengan melampirkan kode psr-25-284-0059-51276 pada subject email dan cantumkan nomor laporan kamu sebelumnya pada email yang kamu kirimkan. Kami tunggu detail laporan kamu ya. ^Maura",2025-10-11 07:59:56,1.60.0,Dataset/dataset\GOPAY_googleplay_OCTOBER_reviews.csv,vermuk
e35ea174-9448-40d9-9362-6f339d0f4abf,Pengguna Google,https://play-lh.googleusercontent.com/EGemoI2NTXmTsBVtJqk8jxF9rh8ApRWfsIMQSt2uE4OcpQqbFu7f7NbTK05lx80nuSijCz7sc3a277R67g,"aplikasi bangsattt., top up statusnya berhasil, tapi belum masuk ke saldo ovo. cs di hubungi tidak merespon...",1,0,3.148.0,2025-12-06 14:55:48+00:00,,,3.148.0,Dataset/dataset\OVO_googleplay_DECEMBER_reviews.csv,topup
fb47617a-e8aa-40e7-9f3d-52e291428dee,Pengguna Google,https://play-lh.googleusercontent.com/EGemoI2NTXmTsBVtJqk8jxF9rh8ApRWfsIMQSt2uE4OcpQqbFu7f7NbTK05lx80nuSijCz7sc3a277R67g,"payah bgt, transfer ke ewallet kepending harus nunggu 1x24 jam",1,0,,2025-11-30 20:41:28+00:00,"Hi Kak Dewi. Mohon maaf mengenai kendala transfer ShopeePay ke e-wallet yang belum diterima. Untuk pengecekan lebih lanjut, mohon menghubungi kami melalui DM ke Instagram @ShopeePay_ID dengan melampirkan bukti transfer yang tertera nomor transaksi (Order SN), nominal, tanggal dan waktu transaksi. ^EN",2025-12-01 15:03:49,,Dataset/dataset\SHOPEEPAY_googleplay_NOVEMBER_reviews.csv,transfer
c4e6964a-e176-4508-8812-f8f767d15e11,Pengguna Google,https://play-lh.googleusercontent.com/EGemoI2NTXmTsBVtJqk8jxF9rh8ApRWfsIMQSt2uE4OcpQqbFu7f7NbTK05lx80nuSijCz7sc3a277R67g,transfer aja ga masuk masuk harus nunggu 48jam,1,0,1.59.0,2025-10-03 12:12:51+00:00,"Hai Kak @Karangsambung, pastikan nomor tujuan benar. Jika setelah 2x24 jam di hari kerja (diluar Sabtu, Minggu, atau Libur) saldo belum bertambah, silakan lapor ke menu Bantuan > ketik 'Transfer saldo ke bank atau e-wallet belum diterima' dan cantumkan kode psr-25-276-1125-13196 pada bagian 'Ceritakan lebih lanjut'. ^Maura",2025-10-03 18:26:27,1.59.0,Dataset/dataset\GOPAY_googleplay_OCTOBER_reviews.csv,transfer
4964becf-681b-44a4-ace4-c83885e16122,Pengguna Google,https://play-lh.googleusercontent.com/EGemoI2NTXmTsBVtJqk8jxF9rh8ApRWfsIMQSt2uE4OcpQqbFu7f7NbTK05lx80nuSijCz7sc3a277R67g,enaknya ada kantong2 pengalokasian dana nya... gak enaknya transfer gratisnya harusnya 100x transfer per bulan minimal...,5,0,8.78.0,2025-12-05 09:42:37+00:00,,,8.78.0,Dataset/dataset\JAGO_googleplay_DECEMBER_reviews.csv,transfer
e55ff33e-6d98-4d91-9cec-39623ce76b97,Pengguna Google,https://play-lh.googleusercontent.com/EGemoI2NTXmTsBVtJqk8jxF9rh8ApRWfsIMQSt2uE4OcpQqbFu7f7NbTK05lx80nuSijCz7sc3a277R67g,"bntu sya sya ketika top up ovo sebesar 140 k malah tiba"" keblokir, malah tidk bisa cer service office nya lagi hadej bantu",1,0,3.144.0,2025-10-05 17:08:34+00:00,,,3.144.0,Dataset/dataset\OVO_googleplay_OCTOBER_reviews.csv,topup
dea21061-38ec-4e46-a8d3-a40b1010b480,Pengguna Google,https://play-lh.googleusercontent.com/EGemoI2NTXmTsBVtJqk8jxF9rh8ApRWfsIMQSt2uE4OcpQqbFu7f7NbTK05lx80nuSijCz7sc3a277R67g,enak pakek wonder bni sih di update yang sekarang akun lama Dorman bisa kebuka cuma login truss suruh setor tunai bisa di pakek lagi la ini harus ke kantor cabang,2,0,3.2.0,2025-12-29 15:35:25+00:00,"Halo Sahabat @Andrian Kaffa, mohon maaf atas ketidaknyamanannya. Terkait kendala Sahabat mohon untuk dapat mengirimkan email ke mandiricare@bankmandiri.co.id atau dapat menghubungi Mandiri Call 14000 lalu tekan 2 agar dapat dilakukan pengecekan. Tks~Amar",2025-12-29 15:39:50,3.2.0,Dataset/dataset\LIVIN_googleplay_DECEMBER_reviews.csv,login
c39bb41c-a457-4a29-9048-00ebe41fac88,Pengguna Google,https://play-lh.googleusercontent.com/EGemoI2NTXmTsBVtJqk8jxF9rh8ApRWfsIMQSt2uE4OcpQqbFu7f7NbTK05lx80nuSijCz7sc3a277R67g,"saat transfer uang sering banget error, uang di gantung.. ujung2 nya balik lagi uang nya.. kalau bukan krn rekanan sama Grab gak bakal gw pake ini app,",1,1,3.144.0,2025-10-02 11:10:40+00:00,,,3.144.0,Dataset/dataset\OVO_googleplay_OCTOBER_reviews.csv,transfer
b6b0abf7-c951-47d3-9431-5c84cb20a316,Pengguna Google,https://play-lh.googleusercontent.com/EGemoI2NTXmTsBVtJqk8jxF9rh8ApRWfsIMQSt2uE4OcpQqbFu7f7NbTK05lx80nuSijCz7sc3a277R67g,"aplikasi sampah masa setiap saya mau kirim uang slalu harus vermuk aneh padahal kirim ke bank sendiri sampah baca dengan jelas "" Setiap saya mau transfer di device yang sama bukan di device yang berbeda """,1,0,1.44.05,2025-12-23 16:23:14+00:00,"Hi Kak Firman, Mohon maaf atas kendala verifikasi wajah saat melakukan transfer ke rekening. Verifikasi wajah merupakan bagian dari sistem keamanan akun dan akan muncul saat pindah device kemudian terdapat aktivitas seperti pembayaran/checkout dll, silakan menghubungi kami melalui DM Instagram di @ShopeePay_ID untuk bantuan lebih lanjut. ^CS",2025-12-23 16:16:03,1.44.05,Dataset/dataset\SHOPEEPAY_googleplay_DECEMBER_reviews.csv,transfer
ce53663d-265a-4548-bce1-8a296a3c8e6d,Pengguna Google,https://play-lh.googleusercontent.com/EGemoI2NTXmTsBVtJqk8jxF9rh8ApRWfsIMQSt2uE4OcpQqbFu7f7NbTK05lx80nuSijCz7sc3a277R67g,Transfer gratis,5,1,1.57.0,2025-10-10 17:29:45+00:00,,,1.57.0,Dataset/dataset\GOPAY_googleplay_OCTOBER_reviews.csv,transfer
b428bf4e-d4da-48c2-9681-08c837005562,Pengguna Google,https://play-lh.googleusercontent.com/EGemoI2NTXmTsBVtJqk8jxF9rh8ApRWfsIMQSt2uE4OcpQqbFu7f7NbTK05lx80nuSijCz7sc3a277R67g,kendala Mulu ah masa 2.1jt transfer status proses trus pas udah sukses saldo ga masuk aneh aneh trus aja gitu,1,0,1.59.0,2025-10-05 19:46:21+00:00,"Hai Kak Dandi, mohon maaf atas ketidaknyamanannya. Jika masih mengalami keluhan, silakan laporkan melalui email ke customerservice@gopay.co.id dengan melampirkan kode psr-25-278-1530-54786 pada subject email dan cantumkan nomor laporan sebelumnya serta ceritakan kembali detail permasalahannya. Kami tunggu detail laporan kamu ya. ^Miko",2025-10-05 22:31:08,1.59.0,Dataset/dataset\GOPAY_googleplay_OCTOBER_reviews.csv,transfer
ef5fe9bd-c560-4405-adb0-3021291d9412,Pengguna Google,https://play-lh.googleusercontent.com/EGemoI2NTXmTsBVtJqk8jxF9rh8ApRWfsIMQSt2uE4OcpQqbFu7f7NbTK05lx80nuSijCz7sc3a277R67g,udah top up malah ga masukk tapi pas aku minta ke bantuan sih katanya butuh proses 2 hari itu lama banget emang kalo top up nya hari Minggu kayak gitu yahh,4,0,1.59.0,2025-10-05 23:17:16+00:00,"Hai Kak Misbahulhuda, pastikan nomor tujuan sudah benar, sudah cek halaman Riwayat, dan coba keluar dan masuk kembali ke aplikasi. Jika saldo masih belum masuk, silakan laporkan melalui menu Bantuan > ketik 'Top up GoPay saya belum masuk' > isi formulir dan cantumkan kode psr-25-278-1542-25056 pada bagian 'Ceritakan lebih lanjut'. ^Miko",2025-10-05 22:42:34,1.59.0,Dataset/dataset\GOPAY_googleplay_OCTOBER_reviews.csv,topup
14da2994-cbf2-4723-9bb0-559c19b062b7,Pengguna Google,https://play-lh.googleusercontent.com/EGemoI2NTXmTsBVtJqk8jxF9rh8ApRWfsIMQSt2uE4OcpQqbFu7f7NbTK05lx80nuSijCz7sc3a277R67g,"aplikasi yg sangat bagus,JD buat transfer dan transaksi jauh lebih muda, mantap 👍",5,0,,2025-12-23 12:37:53+00:00,"Halo Sahabat @Nur Hotib, terima kasih atas review yang telah diberikan. Semoga terus menikmati kemudahan dan kenyamanan dalam menggunakan Livin' by Mandiri ya. Daftarkan transaksi secepat kilat pada menu Quick Pick untuk diakses pada halaman Login atau Beranda. Yuk coba sekarang. Tks~Irish",2025-12-23 13:05:20,,Dataset/dataset\LIVIN_googleplay_DECEMBER_reviews.csv,transfer
efbc1af0-3609-4d29-a04b-7ec2e88bf5af,Pengguna Google,https://play-lh.googleusercontent.com/EGemoI2NTXmTsBVtJqk8jxF9rh8ApRWfsIMQSt2uE4OcpQqbFu7f7NbTK05lx80nuSijCz7sc3a277R67g,uang sudah di tf tidak masuk,1,0,1.64.1,2025-11-28 15:39:21+00:00,"Mohon maaf, Kak @channel. Pastikan kamu sudah cek halaman Riwayat GoPay-mu dan semua data sudah sesuai. Jika saldo masih belum masuk, laporkan melalui halaman Bantuan di aplikasi Gojek > ketik ""Top up GoPay belum masuk"" di kolom pencarian > pilih artikel dan klik tombol yang tersedia di bawah ""Masih memerlukan bantuan?"". ^Melisa",2025-11-28 17:20:58,1.64.1,Dataset/dataset\GOPAY_googleplay_NOVEMBER_reviews.csv,transfer
f0bfcf4e-4fc8-4529-a1ee-e518fd9c7fb1,Pengguna Google,https://play-lh.googleusercontent.com/EGemoI2NTXmTsBVtJqk8jxF9rh8ApRWfsIMQSt2uE4OcpQqbFu7f7NbTK05lx80nuSijCz7sc3a277R67g,"ampun dah masih aja nyangkut, 2 kali tf nominal gede gitu mulu nunggu 24 jam. minta bantuan cs bukan nya di bantuin malah di doain cepet masuk etdah, yang diminta solusi malah gitu",1,0,1.44.05,2025-12-28 13:51:34+00:00,"Hi Kak Dafa. Mohon maaf atas kendala transfer dana ShopeePay yang belum diterima. Terkait kendala tersebut mohon menghubungi kami melalui DM ke Instagram @ShopeePay_ID yang bercentang biru, dengan melampirkan bukti transfer yang terkendala untuk bantuan lebih lanjut. Semoga kendala kakak segera terselesaikan ya. ^CS",2025-11-21 11:01:27,1.44.05,Dataset/dataset\SHOPEEPAY_googleplay_DECEMBER_reviews.csv,transfer
bc845199-2909-4eea-ae28-f6101556eb87,Pengguna Google,https://play-lh.googleusercontent.com/EGemoI2NTXmTsBVtJqk8jxF9rh8ApRWfsIMQSt2uE4OcpQqbFu7f7NbTK05lx80nuSijCz7sc3a277R67g,"saya mohon non aktifkan saja pemberitahuan aktifkan spayleter, karna meskipun di aktifasi selalu ditolak, padahal belanja di shopee sering, dan sering juga top up saldo shopeepay,, jadi sekali lagi nonaktifkan pemberitahuan aktifkan spaylater/spinjam di akun saya.",4,0,,2025-10-21 16:59:27+00:00,"Hi Kak Uchou. Mohon maaf atas kendala ingin menonaktifkan pemberitahuan aktifkan SPayLater/SPinjam karena selalu ditolak. Kami siap membantu kakak, Mohon menghubungi kami dgn detail kendala melalui DM ke Instagram @ShopeePay_ID, untuk ketentuan lebih lanjut bisa dicek pada https://help.shopee.co.id/portal/4/article/72939. Semoga Membantu ^CS",2025-10-22 10:52:55,,Dataset/dataset\SHOPEEPAY_googleplay_OCTOBER_reviews.csv,topup
369ca9c3-3b2f-42e2-8d2e-8129659818e6,Pengguna Google,https://play-lh.googleusercontent.com/EGemoI2NTXmTsBVtJqk8jxF9rh8ApRWfsIMQSt2uE4OcpQqbFu7f7NbTK05lx80nuSijCz7sc3a277R67g,susah login,2,0,3.1.0,2025-11-07 17:10:24+00:00,"Halo Sahabat @pangersa mama, mohon maaf atas ketidaknyamanannya. Apabila terdapat kendala agar dapat kami tindaklanjuti, Sahabat dapat mengirimkan email ke mandiricare@bankmandiri.co.id atau menghubungi layanan mandiri call 14000 ya. Tks~Alza",2025-11-07 17:17:54,3.1.0,Dataset/dataset\LIVIN_googleplay_NOVEMBER_reviews.csv,login
aacd46ab-a630-43a1-b460-e93927d37782,Pengguna Google,https://play-lh.googleusercontent.com/EGemoI2NTXmTsBVtJqk8jxF9rh8ApRWfsIMQSt2uE4OcpQqbFu7f7NbTK05lx80nuSijCz7sc3a277R67g,"ini tolong dong shopeepay dibenerin, masa transfer ke e walet yang lain butuh 1×24 jam proses nya. gimana kalo transaksi nya emang butuh waktu cepet? masa kita harus nungguin proses nya yang lambat gini, tolong dong dibenahin biar pemakai apk nya nyaman juga",2,8,1.42.03,2025-11-22 19:10:01+00:00,"Hi Kak Elsa. Mohon maaf atas kendala transfer saldo ShopeePay ke E-wallet yang belum diterima. Terkait kendala tersebut mohon menghubungi kami melalui DM ke Instagram @ShopeePay_ID yang bercentang biru, dengan melampirkan bukti transfer yang terkendala untuk bantuan lebih lanjut. Semoga kendala kakak segera terselesaikan ya. ^CS",2025-11-24 15:32:56,1.42.03,Dataset/dataset\SHOPEEPAY_googleplay_NOVEMBER_reviews.csv,transfer
e257a39d-d383-4e80-95c4-9c651ddb297d,Pengguna Google,https://play-lh.googleusercontent.com/EGemoI2NTXmTsBVtJqk8jxF9rh8ApRWfsIMQSt2uE4OcpQqbFu7f7NbTK05lx80nuSijCz7sc3a277R67g,transfer uang sering macet 2 hari ini juga lagi macet ke tahan untung cuma ratusan ribu gimana kalo jutaan atau puluhan juta ? gak bisa utk uang yg besar disini,1,0,3.149.0,2025-12-08 07:28:18+00:00,,,3.149.0,Dataset/dataset\OVO_googleplay_DECEMBER_reviews.csv,transfer
2f852966-4320-447f-a36a-38119a9ca70f,Pengguna Google,https://play-lh.googleusercontent.com/EGemoI2NTXmTsBVtJqk8jxF9rh8ApRWfsIMQSt2uE4OcpQqbFu7f7NbTK05lx80nuSijCz7sc3a277R67g,ganti HP mlah gk bisa login. lama malah bilang kartu d blokir padahal kartu msh aktif,1,0,3.2.0,2025-11-21 03:35:46+00:00,"Hi Sahabat @Musthofa Neverdie, mohon maaf atas ketidaknyamannya. untuk perihal kendala pada layanan Livin' by Mandiri, mohon untuk dapat mengirimkan email ke mandiricare@bankmandiri.co.id atau dapat menghubungi layanan mandiri 14000 agar dapat dilakukan pengecekan. Tks~Mandala",2025-11-21 03:41:07,3.2.0,Dataset/dataset\LIVIN_googleplay_NOVEMBER_reviews.csv,login
3f22b6ec-58fa-4ae4-b78a-67689cfa3f1f,Pengguna Google,https://play-lh.googleusercontent.com/EGemoI2NTXmTsBVtJqk8jxF9rh8ApRWfsIMQSt2uE4OcpQqbFu7f7NbTK05lx80nuSijCz7sc3a277R67g,"saya baru daftar akun..terus mau login lagi kenapa gak bisa,,padahal sudah masukan pin yang benar pasword nya pun sudah benar,,tapi keterangan nya semua salah",3,2,8.74.0,2025-10-13 01:22:40+00:00,"Halo, Jagoan! Mohon maaf atas ketidaknyamanannya. Kami mengerti atas pengalaman kurang baik yang kamu alami. Untuk membantu kamu lebih lanjut, mohon menghubungi Tanya Jago di 1500746 / 021-30000746 atau email ke tanya@jago.com untuk kami cek lebih lanjut terkait kendala tersebut. Kami tunggu laporan dari kamu ya.",2025-10-13 01:37:19,8.74.0,Dataset/dataset\JAGO_googleplay_OCTOBER_reviews.csv,login
45bcf4ae-3ea6-4352-b9ce-91a6cb461baf,Pengguna Google,https://play-lh.googleusercontent.com/EGemoI2NTXmTsBVtJqk8jxF9rh8ApRWfsIMQSt2uE4OcpQqbFu7f7NbTK05lx80nuSijCz7sc3a277R67g,"app ovo , Sangat puas kami menggunakankan , fifurnya lengkp,mudah dalam bertransaksi, luar biasanya lagi nomor hilang, sangat mudah sekali diganti gak ribet gak butu kode otp dari nomor yang hilang untuk mengantikan nomor baru, jadi gak ragu sewaktu waktu nomor hilang gak usah panik sangat mudah buat kita login kembali masuk app, saya menggunakan ovo sudah 5 tahun insyaallah aman gak ada kendala 🌟🌟🌟🌟",5,26,3.146.0,2025-11-03 12:57:59+00:00,,,3.146.0,Dataset/dataset\OVO_googleplay_NOVEMBER_reviews.csv,login
db277f76-773a-4b14-bd67-87d1e47d71fa,Pengguna Google,https://play-lh.googleusercontent.com/EGemoI2NTXmTsBVtJqk8jxF9rh8ApRWfsIMQSt2uE4OcpQqbFu7f7NbTK05lx80nuSijCz7sc3a277R67g,"kendala top up saldo mengemudi grab belum sukses, sudah 24 jam saldo belum kembali, kok bisa yaa ketika top up saldo ovo gk ada 1 menit udah masuk, giliran transaksi keluar ovo harus nunggu berhari2, itukah pelayanan terbaik kalian?",5,2,3.144.0,2025-10-21 17:15:26+00:00,,,3.144.0,Dataset/dataset\OVO_googleplay_OCTOBER_reviews.csv,topup
cc8f36f5-477b-4d74-a3e8-b31917d58838,Pengguna Google,https://play-lh.googleusercontent.com/EGemoI2NTXmTsBVtJqk8jxF9rh8ApRWfsIMQSt2uE4OcpQqbFu7f7NbTK05lx80nuSijCz7sc3a277R67g,"ini apk kenapa, ganti pasword setelah topup kenapa sandi berubah lagi??",3,0,3.150.0,2025-12-28 04:18:06+00:00,,,3.150.0,Dataset/dataset\OVO_googleplay_DECEMBER_reviews.csv,topup
1d175fdf-e709-45a6-8b62-3df539406d4c,Pengguna Google,https://play-lh.googleusercontent.com/EGemoI2NTXmTsBVtJqk8jxF9rh8ApRWfsIMQSt2uE4OcpQqbFu7f7NbTK05lx80nuSijCz7sc3a277R67g,"kecewa ni apk satu, login itu akun punya kita. dikit"" vc agak lain sumpah",1,0,8.79.0,2025-12-25 15:22:45+00:00,"Halo, Jagoan. Mohon maaf atas kendala yang terjadi ya. Kamu tidak perlu khawatir, kamu bisa menjelaskan detail kendala tersebut melalui email di tanya@jago.com atau call center 1500 746 untuk kami bantu tangani lebih lanjut. Terima kasih :)",2025-12-25 15:32:14,8.79.0,Dataset/dataset\JAGO_googleplay_DECEMBER_reviews.csv,login
6d08ab58-d68b-49df-9a96-82bc163c8471,Pengguna Google,https://play-lh.googleusercontent.com/EGemoI2NTXmTsBVtJqk8jxF9rh8ApRWfsIMQSt2uE4OcpQqbFu7f7NbTK05lx80nuSijCz7sc3a277R67g,Potongan nya terlalu banyak setiap top up dipotong padahal aplikasi lain nya gak ada potongan. klo bukan buat bayar GRAB gak makek aplikasi ini sih,2,0,3.149.0,2025-12-15 22:44:18+00:00,,,3.149.0,Dataset/dataset\OVO_googleplay_DECEMBER_reviews.csv,topup
35329b5e-45ee-4a24-8512-a1c00527bdfb,Pengguna Google,https://play-lh.googleusercontent.com/EGemoI2NTXmTsBVtJqk8jxF9rh8ApRWfsIMQSt2uE4OcpQqbFu7f7NbTK05lx80nuSijCz7sc3a277R67g,"apalah mau transaksi top up pulsa sama saldo driver gk bsa d buka error terus, halaman gk muncul",1,1,3.146.0,2025-11-07 14:13:08+00:00,,,3.146.0,Dataset/dataset\OVO_googleplay_NOVEMBER_reviews.csv,topup
e94f7451-2d3e-4d0a-933d-de4b90dd5a11,Pengguna Google,https://play-lh.googleusercontent.com/EGemoI2NTXmTsBVtJqk8jxF9rh8ApRWfsIMQSt2uE4OcpQqbFu7f7NbTK05lx80nuSijCz7sc3a277R67g,"halo kak, ini kenapa livin tidak bisa digunakan, sebelumnya bisa digunakan dan tiba² loading lama trus,,,lalu disuruh masukin paasword setelah masukin password salah terus dan setelah coba login kembali malah dapat keterangan sistem handphone tidak resmi,, gimana ya kok aneh,, hp tidak pernah di root atau yg aneh²",1,2,3.2.0,2025-12-10 09:39:13+00:00,"Halo Sahabat @Jonny Santoso, mohon maaf atas ketidaknyamanannya. Terkait kendala Sahabat mohon untuk dapat mengirimkan email ke mandiricare@bankmandiri.co.id atau menghubungi Mandiri Call 14000 lalu tekan 2 agar dapat dilakukan pengecekan. Tks~Vika",2025-12-10 09:40:35,3.2.0,Dataset/dataset\LIVIN_googleplay_DECEMBER_reviews.csv,login
701eb299-db1b-42d4-b3b2-287eb7ebb5c4,Pengguna Google,https://play-lh.googleusercontent.com/EGemoI2NTXmTsBVtJqk8jxF9rh8ApRWfsIMQSt2uE4OcpQqbFu7f7NbTK05lx80nuSijCz7sc3a277R67g,"potongan banyak, minim dan ribet ngasih vhoucer, beli listrik mahal, jauh jika dibandingkan dengan ewallet seperti dana dan shopeepay. minimal tf ke ewallet lain tertulis 10rb, tapi giliran di tf 10rb, gagal terus, eh pas ditf 20 malah berhasil, gak jelas banget. asli ini aplikasi yg banyak ngambil untung.",1,0,,2025-11-05 22:20:04+00:00,,,,Dataset/dataset\OVO_googleplay_NOVEMBER_reviews.csv,transfer
811d38f9-f350-4515-a235-ab4e9329703d,Pengguna Google,https://play-lh.googleusercontent.com/EGemoI2NTXmTsBVtJqk8jxF9rh8ApRWfsIMQSt2uE4OcpQqbFu7f7NbTK05lx80nuSijCz7sc3a277R67g,sekarang aplikasi ovo makin ancur..login aja susah baget sering gagal..dan sya transfer aja dari semalem sampe sekarang ga ada masuk juga.tolong dong kebijakan nya,4,0,3.149.0,2025-12-12 07:30:42+00:00,,,3.149.0,Dataset/dataset\OVO_googleplay_DECEMBER_reviews.csv,login
5c17b59f-f350-425b-88f8-f841133529db,Pengguna Google,https://play-lh.googleusercontent.com/EGemoI2NTXmTsBVtJqk8jxF9rh8ApRWfsIMQSt2uE4OcpQqbFu7f7NbTK05lx80nuSijCz7sc3a277R67g,simple gak ribet mudah transfer ke bank mana ajah,4,0,1.62.0,2025-11-23 10:32:25+00:00,,,1.62.0,Dataset/dataset\GOPAY_googleplay_NOVEMBER_reviews.csv,transfer
de0129f6-a0ce-4fc1-a834-9cb30d033fce,Pengguna Google,https://play-lh.googleusercontent.com/EGemoI2NTXmTsBVtJqk8jxF9rh8ApRWfsIMQSt2uE4OcpQqbFu7f7NbTK05lx80nuSijCz7sc3a277R67g,"Dah lama make, Tiap hari transaksi jualan sy make gopay sama gopay merchant, tapi blm juga diberi bantuan pinjaman, malah org yg baru bikin akun blm ada transaksi diberi, hadeh... semoga permohonan pengajuan Qris bisnis diaplikasi sebelah scptnya diverifikasi",1,0,1.62.0,2025-11-14 16:59:02+00:00,"Hai Kak Deddy, mohon maaf atas ketidaknyamanan yang kamu alami terkait GoPay Pinjam. Agar masalahnya dapat segera kami bantu, silakan ceritakan lebih lanjut kepada kami melalui email ke support@findaya.com dan cantumkan kode psr-25-318-1026-25590 di subjek email, ya. ^Miko",2025-11-14 17:26:39,1.62.0,Dataset/dataset\GOPAY_googleplay_NOVEMBER_reviews.csv,qris
72c05f7c-b0d1-498d-a15f-4639df88424d,Pengguna Google,https://play-lh.googleusercontent.com/EGemoI2NTXmTsBVtJqk8jxF9rh8ApRWfsIMQSt2uE4OcpQqbFu7f7NbTK05lx80nuSijCz7sc3a277R67g,"ribet cuma mau transfer tunai bayar VA buat laporan SPJ harus daftar d loby, apa gunananya teller kalau cuma duduk2, tinggal klik2, malah nasabah yg harus isi data segala keperluan.",1,0,3.2.0,2025-12-16 15:45:28+00:00,"Halo Sahabat @niko setyawan, mohon maaf atas ketidaknyamanannya. Terkait kendala yang dialami tsb, mohon untuk dapat mengirimkan email ke mandiricare@bankmandiri.co.id atau menghubungi Mandiri Call 14000 lalu tekan 2 agar dapat dilakukan pengecekan. Tks~Vacilla",2025-12-16 15:47:30,3.2.0,Dataset/dataset\LIVIN_googleplay_DECEMBER_reviews.csv,transfer
c9d10ea8-0257-4a1e-9ea0-e5ecfa520684,Pengguna Google,https://play-lh.googleusercontent.com/EGemoI2NTXmTsBVtJqk8jxF9rh8ApRWfsIMQSt2uE4OcpQqbFu7f7NbTK05lx80nuSijCz7sc3a277R67g,aku suka apk ini karena kalau top up selalu ada promo dan dm gratis atau wdp gratis,5,0,1.61.2,2025-11-07 16:27:31+00:00,,,1.61.2,Dataset/dataset\GOPAY_googleplay_NOVEMBER_reviews.csv,topup
c2e0c7d4-6a1f-4745-abc7-43888b9f1d42,Pengguna Google,https://play-lh.googleusercontent.com/EGemoI2NTXmTsBVtJqk8jxF9rh8ApRWfsIMQSt2uE4OcpQqbFu7f7NbTK05lx80nuSijCz7sc3a277R67g,cepat transfer gak pake lama,5,0,1.59.0,2025-10-02 14:57:35+00:00,,,1.59.0,Dataset/dataset\GOPAY_googleplay_OCTOBER_reviews.csv,transfer
578d0496-b55f-4b5f-b7ce-2434aa8a83d6,Pengguna Google,https://play-lh.googleusercontent.com/EGemoI2NTXmTsBVtJqk8jxF9rh8ApRWfsIMQSt2uE4OcpQqbFu7f7NbTK05lx80nuSijCz7sc3a277R67g,"tidak bisa login akun, disuruh buat password baru ..dan tidak bisa masuk lagi...dan terus dibilang salah password..",5,0,3.144.0,2025-10-06 23:28:48+00:00,,,3.144.0,Dataset/dataset\OVO_googleplay_OCTOBER_reviews.csv,login
3df99702-bb48-493b-8865-7b95c6c2aa23,Pengguna Google,https://play-lh.googleusercontent.com/EGemoI2NTXmTsBVtJqk8jxF9rh8ApRWfsIMQSt2uE4OcpQqbFu7f7NbTK05lx80nuSijCz7sc3a277R67g,tp kok q TF masih proses,5,0,1.61.2,2025-11-01 22:57:41+00:00,,,1.61.2,Dataset/dataset\GOPAY_googleplay_NOVEMBER_reviews.csv,transfer
7bc73042-0453-4107-91df-ca271b1add01,Pengguna Google,https://play-lh.googleusercontent.com/EGemoI2NTXmTsBVtJqk8jxF9rh8ApRWfsIMQSt2uE4OcpQqbFu7f7NbTK05lx80nuSijCz7sc3a277R67g,"Cukup puas dengan OVO, kalian harus upgrade ke OVO Nabung dulu baru nanti akan puas dengan layanan OVO, karena kalau di upgrade ke OVO Nabung bisa gratis top up tanpa batas. Selain itu dengan OVO Nabung bisa gratis transfer ke semua Bank via aplikasi SuperBank dengan sumber dana OVO Nabung. Saya berpendapat bahwa OVO merupakan Ewallet terbaik karena aplikasinya ringan dan support pembayaran di banyak aplikasi. Sedikit saran buat OVO semoga menambahkan fitur biometrik untuk pembayaran QRIS.",5,39,3.150.0,2025-12-21 07:18:21+00:00,,,3.150.0,Dataset/dataset\OVO_googleplay_DECEMBER_reviews.csv,qris
87421893-eb2a-4b4b-945b-7c4b25327b7c,Pengguna Google,https://play-lh.googleusercontent.com/EGemoI2NTXmTsBVtJqk8jxF9rh8ApRWfsIMQSt2uE4OcpQqbFu7f7NbTK05lx80nuSijCz7sc3a277R67g,bagus sayang lambat proses masuk pas transfer dari bang lain,5,0,,2025-12-14 03:25:04+00:00,,,,Dataset/dataset\OVO_googleplay_DECEMBER_reviews.csv,transfer
c07a21b3-12ad-4700-a2c5-cad06046c13f,Pengguna Google,https://play-lh.googleusercontent.com/EGemoI2NTXmTsBVtJqk8jxF9rh8ApRWfsIMQSt2uE4OcpQqbFu7f7NbTK05lx80nuSijCz7sc3a277R67g,"huh beberapa hari ini aplikasi ini makin tidak jelas belanja lewat qris di tolak terus belum lagi mau tf bacaan tetap di tolak sedangkan saldo mencukupi, BIAYA TF SAMPE 2.500 SAYA HARAP APLIKASI DI BETULKAN DENGAN BIJAK",1,0,,2025-11-17 01:20:27+00:00,"Hai Sahabat @afrizal arfha, mohon maaf atas ketidaknyamanannya. Utk pengecekan lebih lanjut atas kendala yg dialami, kami persilakan mengirimkan pesan melalui layanan email kami di mandiricare@bankmandiri.co.id atau mandiri call 14000 ya. Tks~Tommy",2025-11-17 01:25:04,,Dataset/dataset\LIVIN_googleplay_NOVEMBER_reviews.csv,qris
b53850d3-ae58-4baa-a60f-201c7e03c158,Pengguna Google,https://play-lh.googleusercontent.com/EGemoI2NTXmTsBVtJqk8jxF9rh8ApRWfsIMQSt2uE4OcpQqbFu7f7NbTK05lx80nuSijCz7sc3a277R67g,"mau topup e-money gak bisa, mau isi pulsa gak bisa, mau transfer pula gak bisa eror Mulu,, bikin susah aja",1,2,3.147.0,2025-11-09 16:49:59+00:00,,,3.147.0,Dataset/dataset\OVO_googleplay_NOVEMBER_reviews.csv,topup
998ec886-f7e7-42c1-a73e-bcde2f9169ba,Pengguna Google,https://play-lh.googleusercontent.com/EGemoI2NTXmTsBVtJqk8jxF9rh8ApRWfsIMQSt2uE4OcpQqbFu7f7NbTK05lx80nuSijCz7sc3a277R67g,bagus dan baik untuk transaksi dan transfer,5,0,1.62.0,2025-11-12 22:45:45+00:00,,,1.62.0,Dataset/dataset\GOPAY_googleplay_NOVEMBER_reviews.csv,transfer
3d5c83ab-ed10-47bb-84d6-0a7833323142,Pengguna Google,https://play-lh.googleusercontent.com/EGemoI2NTXmTsBVtJqk8jxF9rh8ApRWfsIMQSt2uE4OcpQqbFu7f7NbTK05lx80nuSijCz7sc3a277R67g,"ya allah ini bug atau apa, saya top up ml dm nya ga masuk uang saya udah ilang gimana ini, apa gara2 emang ga updet gopay dlu? ya allah",1,0,,2025-10-10 15:25:15+00:00,"Hai Kak Putra, kami mohon maaf atas kondisi yang Kakak alami. Terkait hal ini, dapat kami sampaikan bahwa ada pemeliharaan sistem yang mempengaruhi transaksi Kakak & saat ini sudah kembali normal. Berkenan untuk melakukan pengecekan kembali di akun tujuan secara berkala ya Kak. Mohon maaf atas ketidaknyamanannya. Salam hangat. ^Miko",2025-10-10 20:36:09,,Dataset/dataset\GOPAY_googleplay_OCTOBER_reviews.csv,topup
13553393-f915-4797-9a12-5798a1b02ece,Pengguna Google,https://play-lh.googleusercontent.com/EGemoI2NTXmTsBVtJqk8jxF9rh8ApRWfsIMQSt2uE4OcpQqbFu7f7NbTK05lx80nuSijCz7sc3a277R67g,makin rumit masak di top up pake bca ngak bisa .harus verifikasi .sedangkan di verifikasi harus super ribet .gimana opsi anda,1,0,3.147.0,2025-12-01 11:02:08+00:00,,,3.147.0,Dataset/dataset\OVO_googleplay_DECEMBER_reviews.csv,topup
d690c5ee-82f9-4ff1-8f42-fb8780689272,Pengguna Google,https://play-lh.googleusercontent.com/EGemoI2NTXmTsBVtJqk8jxF9rh8ApRWfsIMQSt2uE4OcpQqbFu7f7NbTK05lx80nuSijCz7sc3a277R67g,"bintang 1 aj , soalnya sering error , trus mau TF dikit"" admin , pas pengisian juga kepotong admin",1,1,1.60.0,2025-10-22 03:59:08+00:00,"Hai Kak Komang, mohon maaf atas ketidaknyamanannya. Terkait hal tersebut, silakan laporkan melalui email ke customerservice@gopay.co.id dengan melampirkan kode psr-25-295-0914-20984 pada subject email ya. Kemudian terkait dengan aplikasi error silakan Anda bisa lakukan clear cache dan relogin ya. Terima kasih^Melisa",2025-10-22 16:15:06,1.60.0,Dataset/dataset\GOPAY_googleplay_OCTOBER_reviews.csv,transfer
81b6103f-3001-4a95-86f7-2ca575f55108,Pengguna Google,https://play-lh.googleusercontent.com/EGemoI2NTXmTsBVtJqk8jxF9rh8ApRWfsIMQSt2uE4OcpQqbFu7f7NbTK05lx80nuSijCz7sc3a277R67g,"komplet, ada pinjaman nya.. dan bisa tf ke semua bank",4,0,1.61.2,2025-10-31 06:15:37+00:00,,,1.61.2,Dataset/dataset\GOPAY_googleplay_OCTOBER_reviews.csv,transfer
dbb835d3-c921-4c87-b40a-563776c1b0b0,Pengguna Google,https://play-lh.googleusercontent.com/EGemoI2NTXmTsBVtJqk8jxF9rh8ApRWfsIMQSt2uE4OcpQqbFu7f7NbTK05lx80nuSijCz7sc3a277R67g,"suka eror kalo transfer udah di update ke gopay plus malah balik keamanan 80% ,",2,0,,2025-10-01 17:44:46+00:00,"Hai Kak Yoko, sebelum transfer, pastikan status upgrade GoPay Plus sudah 'Diterima', nomor penerima valid dan tidak terblokir. Jika masih bermasalah, silakan kunjungi menu Bantuan di aplikasi GoPay atau email ke customerservice@gopay.co.id dan cantumkan kode psr-25-275-0203-14624 pada subjek email. ^Miko",2025-10-02 09:04:05,,Dataset/dataset\GOPAY_googleplay_OCTOBER_reviews.csv,transfer
3bd9af17-efec-4639-8588-1f32ba636146,Pengguna Google,https://play-lh.googleusercontent.com/EGemoI2NTXmTsBVtJqk8jxF9rh8ApRWfsIMQSt2uE4OcpQqbFu7f7NbTK05lx80nuSijCz7sc3a277R67g,saya transfer dari shopeepay ke aplikasi lain mengunakan nomor bisa masuk tapi uang tidak keterima malah hilang,2,2,1.44.04,2025-12-01 20:08:17+00:00,"Hi Kak Al Pi. Mohon maaf atas kendala transfer saldo ShopeePay yang belum diterima. Terkait kendala tersebut mohon menghubungi kami melalui DM ke Instagram @ShopeePay_ID yang bercentang biru, dengan melampirkan bukti transfer yang terkendala untuk bantuan lebih lanjut. Semoga kendala kakak segera terselesaikan ya. ^CS",2025-12-02 13:51:11,1.44.04,Dataset/dataset\SHOPEEPAY_googleplay_DECEMBER_reviews.csv,transfer
b91a73a4-835b-44df-a2f1-0e0e94d8698c,Pengguna Google,https://play-lh.googleusercontent.com/EGemoI2NTXmTsBVtJqk8jxF9rh8ApRWfsIMQSt2uE4OcpQqbFu7f7NbTK05lx80nuSijCz7sc3a277R67g,ni maaf pabila ad yg mengunakan data saya..maka akan saya tuntut..di karnakan sya baru daftar ta pi tudak bisa masuk ataw login kembali,5,0,,2025-10-04 23:05:00+00:00,,,,Dataset/dataset\JAGO_googleplay_OCTOBER_reviews.csv,login
1d6c4ee2-d7f9-44ac-acbb-df09d6f083c2,Pengguna Google,https://play-lh.googleusercontent.com/EGemoI2NTXmTsBVtJqk8jxF9rh8ApRWfsIMQSt2uE4OcpQqbFu7f7NbTK05lx80nuSijCz7sc3a277R67g,apk buruk saya sudah mem premier kan akun ovo saya tapi tidak bisa tf,5,0,,2025-11-24 22:47:52+00:00,,,,Dataset/dataset\OVO_googleplay_NOVEMBER_reviews.csv,transfer
be614221-30d2-47fc-9418-f93f34da9282,Pengguna Google,https://play-lh.googleusercontent.com/EGemoI2NTXmTsBVtJqk8jxF9rh8ApRWfsIMQSt2uE4OcpQqbFu7f7NbTK05lx80nuSijCz7sc3a277R67g,tutor tf bos,5,0,,2025-10-16 16:46:57+00:00,,,,Dataset/dataset\GOPAY_googleplay_OCTOBER_reviews.csv,transfer
512bf1e8-8ff1-4bf1-a205-59385cb8aeb0,Pengguna Google,https://play-lh.googleusercontent.com/EGemoI2NTXmTsBVtJqk8jxF9rh8ApRWfsIMQSt2uE4OcpQqbFu7f7NbTK05lx80nuSijCz7sc3a277R67g,"woi plis apk gjls, yg bener dikit lah masa mau gnti nomor krna nomor udh hilang gabisa proses gagal mulu pdhl gmail masih aktif msh bisa trima kode verif nya ktnya lgi ada ganggua ,masa gangguan berharihari udh tlvn cs jwbnnya nunggu mulu cape bnget guaaa abis pulsa ampe 100k gilaaa apk ini gjlss",1,2,3.150.0,2025-12-30 20:32:07+00:00,,,3.150.0,Dataset/dataset\OVO_googleplay_DECEMBER_reviews.csv,vermuk
4c02b8be-650c-4e74-8379-afde33d2e7d2,Pengguna Google,https://play-lh.googleusercontent.com/EGemoI2NTXmTsBVtJqk8jxF9rh8ApRWfsIMQSt2uE4OcpQqbFu7f7NbTK05lx80nuSijCz7sc3a277R67g,"untuk sekarang kasih bintang 5, karena transfer tidak ada biaya admin",5,0,1.62.0,2025-11-15 07:03:23+00:00,,,1.62.0,Dataset/dataset\GOPAY_googleplay_NOVEMBER_reviews.csv,transfer
08407cf2-4f82-4834-a786-4cd5761a2bbb,Pengguna Google,https://play-lh.googleusercontent.com/EGemoI2NTXmTsBVtJqk8jxF9rh8ApRWfsIMQSt2uE4OcpQqbFu7f7NbTK05lx80nuSijCz7sc3a277R67g,"parah mau tf atau tarik saldo gabisa, suruh verifikasi superbank trus. kecewa",1,0,3.150.0,2025-12-31 12:49:50+00:00,,,3.150.0,Dataset/dataset\OVO_googleplay_DECEMBER_reviews.csv,transfer
00e1e6ff-50b0-4e5a-b2db-6e3f4a3e100d,Pengguna Google,https://play-lh.googleusercontent.com/EGemoI2NTXmTsBVtJqk8jxF9rh8ApRWfsIMQSt2uE4OcpQqbFu7f7NbTK05lx80nuSijCz7sc3a277R67g,tidak ribet untuk tf,5,0,1.64.1,2025-11-30 19:32:07+00:00,,,1.64.1,Dataset/dataset\GOPAY_googleplay_NOVEMBER_reviews.csv,transfer
13811028-34a6-4817-bf34-9da9126391c5,Pengguna Google,https://play-lh.googleusercontent.com/EGemoI2NTXmTsBVtJqk8jxF9rh8ApRWfsIMQSt2uE4OcpQqbFu7f7NbTK05lx80nuSijCz7sc3a277R67g,"Jelekkk BANGET NIH APLIKASI, UANGKU 50 RIBU SISA 10 RIBU, TERUS GAK ADA NOTIF APAPUN TENTANG UANG NYA DI TF KE MANA",1,0,3.148.0,2025-12-02 20:18:41+00:00,,,3.148.0,Dataset/dataset\OVO_googleplay_DECEMBER_reviews.csv,transfer
c8b43ddf-e2fa-42c9-bb87-405a4e3f8cdf,Pengguna Google,https://play-lh.googleusercontent.com/EGemoI2NTXmTsBVtJqk8jxF9rh8ApRWfsIMQSt2uE4OcpQqbFu7f7NbTK05lx80nuSijCz7sc3a277R67g,"top up saldo 2 hari belum masuk , suruh nunggu sampai kapan , payah...",1,0,,2025-10-02 13:01:36+00:00,"Hi Kak, Mohon maaf atas kendala Top Up ShopeePay yang belum diterima. Mohon menunggu 1x24 jam sejak melakukan Top Up. Apabila sudah melebihi estimasi namun belum diterima, silakan menghubungi kami dengan melampirkan bukti yang tertera nomor telepon, nominal, tanggal & waktu transaksi melalui DM ke IG @ShopeePay_ID yang bercentang biru. ^EN",2025-10-02 14:42:13,,Dataset/dataset\SHOPEEPAY_googleplay_OCTOBER_reviews.csv,topup
1ee5c2a7-da51-43f8-8f2a-75d57071d65b,Pengguna Google,https://play-lh.googleusercontent.com/EGemoI2NTXmTsBVtJqk8jxF9rh8ApRWfsIMQSt2uE4OcpQqbFu7f7NbTK05lx80nuSijCz7sc3a277R67g,"kalau boleh minta tolong, untuk pembayaran cicilan bukan hanya lewat bank konvensional atau digital/ind****et dan lainnya atau CC/, tapi juga klo bisa pakai QRIS. jd enak langsung shot Mbanking buat bayar kaya app kr***vo",5,5,1.44.04,2025-12-02 13:24:45+00:00,"Hi Kak cecep, maaf ya atas kendala pembayaran cicilan menggunakan QRIS.
Terima kasih banyak sudah meluangkan waktu untuk memberikan saran dan masukan yang sangat berarti untuk kami. Tim kami akan jadikan ini sebagai bahan perbaikan supaya aplikasi kami kedepannya bisa lebih baik lagi.
Semoga harinya menyenangkan, Kak! 😊
Salam hangat, ^CS",2025-12-02 14:58:24,1.44.04,Dataset/dataset\SHOPEEPAY_googleplay_DECEMBER_reviews.csv,qris
64d11466-91b6-4d7a-874d-d45719ad5b64,Pengguna Google,https://play-lh.googleusercontent.com/EGemoI2NTXmTsBVtJqk8jxF9rh8ApRWfsIMQSt2uE4OcpQqbFu7f7NbTK05lx80nuSijCz7sc3a277R67g,"sayang, gak punya qris buat terima danadari pihak yang mau membayar via qris :(",2,0,3.144.0,2025-10-01 20:04:29+00:00,,,3.144.0,Dataset/dataset\OVO_googleplay_OCTOBER_reviews.csv,qris
059f491b-8246-4373-8cf8-d34e85bda316,Pengguna Google,https://play-lh.googleusercontent.com/EGemoI2NTXmTsBVtJqk8jxF9rh8ApRWfsIMQSt2uE4OcpQqbFu7f7NbTK05lx80nuSijCz7sc3a277R67g,Bagus bgt tapi gopay g bisaa bantu masalah saya cmn ktp Saya beda muka dengan foto selfie dan akhirnya g bisaa primen,4,0,1.61.2,2025-11-03 13:07:44+00:00,,,1.61.2,Dataset/dataset\GOPAY_googleplay_NOVEMBER_reviews.csv,vermuk
4687da9d-df11-4ba9-a144-c0547a744f23,Pengguna Google,https://play-lh.googleusercontent.com/EGemoI2NTXmTsBVtJqk8jxF9rh8ApRWfsIMQSt2uE4OcpQqbFu7f7NbTK05lx80nuSijCz7sc3a277R67g,pake musik+game jaringan normal tapi ko login blu bca susah koneksi nya,1,0,2.7.20,2025-12-29 16:43:11+00:00,"Hai, Kak Egi. Maaf atas ketidaknyamanannya. Kami akan selalu terus memperbaiki sistem demi mencapai kepuasan para pengguna aplikasi blu. Terkait kendala tersebut pastikan Kakak menggunakan aplikasi blu versi terbaru, pastikan setting waktu di handphone menjadi otomatis, jaringan internet lancar dan stabil serta tidak menggunakan jaringan WiFi.",2025-12-29 17:02:00,2.7.20,Dataset/dataset\BLU_googleplay_DECEMBER_reviews.csv,login
00d6f7ea-c228-4b72-b3ac-12f70b0f0979,Pengguna Google,https://play-lh.googleusercontent.com/EGemoI2NTXmTsBVtJqk8jxF9rh8ApRWfsIMQSt2uE4OcpQqbFu7f7NbTK05lx80nuSijCz7sc3a277R67g,"sedikit kecewa saat saya coba top up kartu Flazz pembelian nya tidak masuk, padahal di transaksi nya saldo saya sudah tersedot",3,0,,2025-11-27 05:59:50+00:00,"Hai Kak Andhika, mohon maaf atas ketidaknyamanannya. Terkait keluhan tersebut, silakan laporkan melalui email ke customerservice@gopay.co.id dengan melampirkan kode psr-25-331-2355-02826 pada subject email. Kami tunggu detail laporan kamu ya. ^Maura",2025-11-27 06:55:08,,Dataset/dataset\GOPAY_googleplay_NOVEMBER_reviews.csv,topup
1a86c889-17d7-4704-8bac-bf96809f88f4,Pengguna Google,https://play-lh.googleusercontent.com/EGemoI2NTXmTsBVtJqk8jxF9rh8ApRWfsIMQSt2uE4OcpQqbFu7f7NbTK05lx80nuSijCz7sc3a277R67g,"Min kemarin saya top up saldo tapi saldo ya blm masuk, di status pengiriman ya udah sukses itu knp ya?",1,0,1.40.06,2025-10-10 10:12:12+00:00,"Hi Kak Dian. Mohon maaf atas kendala Top Up ShopeePay yang belum diterima. Terkait kendala tersebut mohon menghubungi kami melalui DM ke Instagram @ShopeePay_ID yang bercentang biru, dengan menginformasikan detail dan bukti kendala untuk bantuan lebih lanjut. Semoga kendala kakak segera terselesaikan ya. ^CS",2025-10-10 11:17:46,1.40.06,Dataset/dataset\SHOPEEPAY_googleplay_OCTOBER_reviews.csv,topup
05df14cc-72b1-46b1-a75e-01a36c1124c9,Pengguna Google,https://play-lh.googleusercontent.com/EGemoI2NTXmTsBVtJqk8jxF9rh8ApRWfsIMQSt2uE4OcpQqbFu7f7NbTK05lx80nuSijCz7sc3a277R67g,"masih perlu banyak perbaikan terlalu banyak bugs, disaat mau login kadang lamaa banget terus setelah dihapus data aplikasi terus login pake akun sendiri nyangkut diverifikasi otp bahkan sampe disuruh ulangi lagi",3,1,3.1.0,2025-11-04 13:09:15+00:00,"Hai Sahabat @SULIWA PUTRA SULAIMAN, mohon maaf atas ketidaknyamanannya. Perihal tsb akan menjadi masukan bagi kami untuk pengembangan aplikasi kedepannya dan meningkatkan kualitas layanan Bank Mandiri demi kenyamanan nasabah. Jika terdapat kendala mohon mengirimkan email ke mandiricare@bankmandiri.co.id atau menghubungi mandiri call 14000. Tks~Vika",2025-11-04 13:45:40,3.1.0,Dataset/dataset\LIVIN_googleplay_NOVEMBER_reviews.csv,login
6291ae16-1011-4dc6-8986-6bd4c5218d9f,Pengguna Google,https://play-lh.googleusercontent.com/EGemoI2NTXmTsBVtJqk8jxF9rh8ApRWfsIMQSt2uE4OcpQqbFu7f7NbTK05lx80nuSijCz7sc3a277R67g,ewalaet yang bagus sih menurut ku. tf gampang.. ge ribeut.. cuma kenapa suka keluar sendiri di hpku..,5,0,1.60.0,2025-10-16 10:48:26+00:00,,,1.60.0,Dataset/dataset\GOPAY_googleplay_OCTOBER_reviews.csv,transfer
caac8c12-5287-40ca-b06c-16717ba4810e,Pengguna Google,https://play-lh.googleusercontent.com/EGemoI2NTXmTsBVtJqk8jxF9rh8ApRWfsIMQSt2uE4OcpQqbFu7f7NbTK05lx80nuSijCz7sc3a277R67g,abis top up saldonya malah gag ada padahal top upnya berhasil,1,0,3.124.0,2025-12-19 18:55:09+00:00,"Hai Kak, maaf ya. Terkait dengan kendala yang Kakak alami, mohon menghubungi tim kami melalui chat bantuan di aplikasi, melalui email di cs@ovo.id atau call center kami di 1500-696 agar dapat kami bantu pengecekan. Terima Kasih. -Dodi",8/15/2024 22:30,3.124.0,Dataset/dataset\OVO_googleplay_DECEMBER_reviews.csv,topup
b0bf4ab3-d35d-4e2f-b758-c67d723948f7,Pengguna Google,https://play-lh.googleusercontent.com/EGemoI2NTXmTsBVtJqk8jxF9rh8ApRWfsIMQSt2uE4OcpQqbFu7f7NbTK05lx80nuSijCz7sc3a277R67g,bagus apk nya cuma waktu orng tua saya TF saldo dari orng tua saya sudah ke kirim tetapi di gopay saya belum ada nomornya juga udah bener ko GK ada yg salah udh 2 hari saya tungguin tapi belum ada juga,3,0,1.60.0,2025-11-05 21:49:39+00:00,"Hai Kak Liya, pastikan nomor tujuan sudah benar, sudah cek halaman Riwayat, dan coba keluar dan masuk kembali ke aplikasi. Jika saldo masih belum masuk, silakan laporkan melalui menu Bantuan > ketik 'Top up GoPay saya belum masuk' > isi formulir dan cantumkan kode psr-25-310-0919-28073 pada bagian 'Ceritakan lebih lanjut'. ^Maura",2025-11-06 16:19:34,1.60.0,Dataset/dataset\GOPAY_googleplay_NOVEMBER_reviews.csv,transfer
4b2c3e74-ce29-4b7d-88d0-b5c224353b0a,Pengguna Google,https://play-lh.googleusercontent.com/EGemoI2NTXmTsBVtJqk8jxF9rh8ApRWfsIMQSt2uE4OcpQqbFu7f7NbTK05lx80nuSijCz7sc3a277R67g,ribet kali ya loginnya dulu pernah make cuma uda lama ga aktif sekali ini coba login lagi kok pake vc vc,1,0,,2025-11-09 11:26:32+00:00,"Halo, Jagoan! Mohon maaf atas ketidaknyamanannya. Kami mengerti atas pengalaman kurang baik yang kamu alami. Untuk membantu kamu lebih lanjut, mohon menghubungi Tanya Jago di 1500746 / 021-30000746 atau email ke tanya@jago.com untuk kami cek lebih lanjut terkait kendala tersebut. Kami tunggu laporan dari kamu ya.",2025-11-09 12:09:00,,Dataset/dataset\JAGO_googleplay_NOVEMBER_reviews.csv,login
dbaebb2e-1a55-4d31-a204-83c692fe7062,Pengguna Google,https://play-lh.googleusercontent.com/EGemoI2NTXmTsBVtJqk8jxF9rh8ApRWfsIMQSt2uE4OcpQqbFu7f7NbTK05lx80nuSijCz7sc3a277R67g,ini saya topup uangnya kemana ga msuk msuk,1,0,1.60.0,2025-10-16 00:08:56+00:00,"Hai Kak Panji, pastikan nomor tujuan sudah benar, sudah cek halaman Riwayat, dan coba keluar dan masuk kembali ke aplikasi. Jika saldo masih belum masuk, silakan laporkan melalui menu Bantuan > ketik 'Top up GoPay saya belum masuk' > isi formulir dan cantumkan kode psr-25-289-2357-55522 pada bagian 'Ceritakan lebih lanjut'. ^Maura",2025-10-16 06:58:26,1.60.0,Dataset/dataset\GOPAY_googleplay_OCTOBER_reviews.csv,topup
69b1fabb-6326-4aa8-a2d7-4ab7f069cd3f,Pengguna Google,https://play-lh.googleusercontent.com/EGemoI2NTXmTsBVtJqk8jxF9rh8ApRWfsIMQSt2uE4OcpQqbFu7f7NbTK05lx80nuSijCz7sc3a277R67g,"min Kenapa sekarang untuk pulsa, 15,30,35 ,40,45,50,55 ,60,65,80,85ribu dan 90 ribu tidak ada lagi Tolong di perbaiki lagi dong min🙏 Knp blm diperbaiki juga min tolong lh min min knp GX bisa buat isi token kenapa juga BRI,BNI,dan mandiri tidak bisa transfer",4,12,1.64.1,2025-11-30 12:01:24+00:00,"Hai Kak Marsanda, mohon maaf atas ketidaknyamanannya. Laporan yang kamu sampaikan akan menjadi masukan bagi kami untuk terus meningkatkan kualitas layanan kami ke depannya. Jika kamu memiliki pertanyaan atau keluhan terkait layanan GoPay, silakan kunjungi menu Bantuan di aplikasi GoPay kamu atau email ke customerservice@gopay.co.id. ^Miko",2024-12-16 15:48:40,1.64.1,Dataset/dataset\GOPAY_googleplay_NOVEMBER_reviews.csv,transfer
0c2b7a19-036b-4d06-988a-bdc63a22c9a5,Pengguna Google,https://play-lh.googleusercontent.com/EGemoI2NTXmTsBVtJqk8jxF9rh8ApRWfsIMQSt2uE4OcpQqbFu7f7NbTK05lx80nuSijCz7sc3a277R67g,sya top up gk masuk²,1,0,1.60.0,2025-10-18 20:15:32+00:00,"Hai Kak @sall sall, pastikan nomor tujuan sudah benar, sudah cek halaman Riwayat, dan coba keluar dan masuk kembali ke aplikasi. Jika saldo masih belum masuk, silakan laporkan melalui menu Bantuan > ketik 'Top up GoPay saya belum masuk' > isi formulir dan cantumkan kode psr-25-291-1500-39126 pada bagian 'Ceritakan lebih lanjut'. ^Maura",2025-10-18 22:00:45,1.60.0,Dataset/dataset\GOPAY_googleplay_OCTOBER_reviews.csv,topup
eaec0d99-3ae3-4c43-a473-0414bbacfbc0,Pengguna Google,https://play-lh.googleusercontent.com/EGemoI2NTXmTsBVtJqk8jxF9rh8ApRWfsIMQSt2uE4OcpQqbFu7f7NbTK05lx80nuSijCz7sc3a277R67g,aplikasi anjeng asu mau transaksi susah bgt ada batas ngirim sma sqan qris sagala apliksi anjeng,1,0,3.144.0,2025-10-12 03:32:57+00:00,,,3.144.0,Dataset/dataset\OVO_googleplay_OCTOBER_reviews.csv,qris
30416d25-a1b0-405b-85d5-5cef58d574e1,Pengguna Google,https://play-lh.googleusercontent.com/EGemoI2NTXmTsBVtJqk8jxF9rh8ApRWfsIMQSt2uE4OcpQqbFu7f7NbTK05lx80nuSijCz7sc3a277R67g,"kenapa skrg top up dari mandiri ke dana di kenakan admin ?? dulu ny gak ada ,, biaya apa itu ? BRI aja gak ad admin2 top up ke dana ,, cba jelaskan ke email saya atau saya FU ke pak purbaya ...",1,0,3.1.0,2025-11-02 13:39:57+00:00,"Halo Sahabat @Dendo Se, mohon maaf atas ketidaknyamanannya. Perihal tersebut benar ya. Untuk top up Dana saat ini dikenakan biaya Rp1.000,- per transaksi. Semoga sukses selalu. Tks~Fatma",2025-11-02 13:49:46,3.1.0,Dataset/dataset\LIVIN_googleplay_NOVEMBER_reviews.csv,topup
703ee2ab-3f7c-44c4-b88e-b57050f06071,Pengguna Google,https://play-lh.googleusercontent.com/EGemoI2NTXmTsBVtJqk8jxF9rh8ApRWfsIMQSt2uE4OcpQqbFu7f7NbTK05lx80nuSijCz7sc3a277R67g,"After the update, I feel like this app is getting more and more busy. so weird much bug, and if i want transfer money, this aplication is exit. and so what's the point of the update?",1,0,1.61.2,2025-10-29 00:23:47+00:00,,,1.61.2,Dataset/dataset\GOPAY_googleplay_OCTOBER_reviews.csv,transfer
7f30d156-4695-4093-9ccb-1e7269fa5c5b,Pengguna Google,https://play-lh.googleusercontent.com/EGemoI2NTXmTsBVtJqk8jxF9rh8ApRWfsIMQSt2uE4OcpQqbFu7f7NbTK05lx80nuSijCz7sc3a277R67g,bagus bangt transfer jadi lebih mudah,5,0,,2025-10-23 00:11:30+00:00,,,,Dataset/dataset\GOPAY_googleplay_OCTOBER_reviews.csv,transfer
91ba1c52-5bbc-4179-8552-5809bd83543c,Pengguna Google,https://play-lh.googleusercontent.com/EGemoI2NTXmTsBVtJqk8jxF9rh8ApRWfsIMQSt2uE4OcpQqbFu7f7NbTK05lx80nuSijCz7sc3a277R67g,terlalu ribet buat login ulang.. harus ada masa jedanya 1x24jam setelah lebih dari itu masih disuruh nunggu lagi katanya dibuatkan laporan mau sampai kapan nunggu terus,1,0,,2025-11-25 23:28:20+00:00,"Hi Kak Sheva. Mohon maaf atas kendala tidak bisa login. Terkait kendala tersebut mohon menghubungi kami melalui DM ke Instagram @ShopeePay_ID yang bercentang biru, dengan dengan melampirkan foto/screenshot notifikasi kendala yang dialami untuk bantuan lebih lanjut. Semoga kendala kakak segera terselesaikan ya. ^CS",2025-11-24 11:43:39,,Dataset/dataset\SHOPEEPAY_googleplay_NOVEMBER_reviews.csv,login
f6c45a2d-772b-4beb-a2d8-ec247efbd53b,Pengguna Google,https://play-lh.googleusercontent.com/EGemoI2NTXmTsBVtJqk8jxF9rh8ApRWfsIMQSt2uE4OcpQqbFu7f7NbTK05lx80nuSijCz7sc3a277R67g,sering gangguan saat top up saldo grab,1,0,3.145.0,2025-10-20 16:21:31+00:00,,,3.145.0,Dataset/dataset\OVO_googleplay_OCTOBER_reviews.csv,topup
d4be95d0-1b32-4d5e-b4d0-3491b4beb9e6,Pengguna Google,https://play-lh.googleusercontent.com/EGemoI2NTXmTsBVtJqk8jxF9rh8ApRWfsIMQSt2uE4OcpQqbFu7f7NbTK05lx80nuSijCz7sc3a277R67g,"ini knp saya ga bisa login ya setiap verif ga jelas,selalu ada tulisan kamera jng bergerak,wajah harap di jauhkan padahal hp ga gerak wajah jg sudah pas padahal saya sengaja naro saldo disitu tpi klo kaya gini saya kapok mana sampe skrng belum bisa login,dan lebih parah g bisa menghubungin cs",1,1,2.3.0,2025-10-01 06:26:26+00:00,"Hai, Kak Iqmal Maulana. Maaf atas ketidaknyamanannya. Apabila Kakak mengalami kendala menghubungi layanan haloblu 1500668 dikhawatirkan sedang padat antrean. Terkait kendala pengenalan wajah boleh kirimkan gambar kendalanya ke X @haloblu atau email haloblu@bcadigital.co.id agar kami bisa bantu lebih lanjut ya.",2025-10-01 07:11:10,2.3.0,Dataset/dataset\BLU_googleplay_OCTOBER_reviews.csv,login
57b74acf-e85b-49c8-a2a6-60cd9b4b7f44,Pengguna Google,https://play-lh.googleusercontent.com/EGemoI2NTXmTsBVtJqk8jxF9rh8ApRWfsIMQSt2uE4OcpQqbFu7f7NbTK05lx80nuSijCz7sc3a277R67g,bagus berap pun bisa di tf tanpa adm,5,0,1.64.1,2025-11-30 19:19:14+00:00,,,1.64.1,Dataset/dataset\GOPAY_googleplay_NOVEMBER_reviews.csv,transfer
640caef1-d424-48ea-9ad6-b24f19d53793,Pengguna Google,https://play-lh.googleusercontent.com/EGemoI2NTXmTsBVtJqk8jxF9rh8ApRWfsIMQSt2uE4OcpQqbFu7f7NbTK05lx80nuSijCz7sc3a277R67g,"akun saya dibekukan dengan cara sepihak padahal dah saya top up 199000 malah gak bisa dipakai apa""malah uang saya mengendap di situu .hati"" aja ini dengan ini e wallet",1,0,1.44.05,2025-12-18 23:59:37+00:00,"Hi Kak Renaldi. Mohon maaf atas kendala akun yang dibekukan. Kami siap membantu kakak, terkait kendala tersebut mohon menghubungi kami melalui DM ke Instagram @ShopeePay_ID yang bercentang biru, dengan menginformasikan detail dan bukti kendala untuk bantuan lebih lanjut. Semoga kendala kakak segera terselesaikan ya. ^CS",2025-12-19 14:56:22,1.44.05,Dataset/dataset\SHOPEEPAY_googleplay_DECEMBER_reviews.csv,topup
7a9b4e52-8e9a-4959-b233-1447f2960b05,Pengguna Google,https://play-lh.googleusercontent.com/EGemoI2NTXmTsBVtJqk8jxF9rh8ApRWfsIMQSt2uE4OcpQqbFu7f7NbTK05lx80nuSijCz7sc3a277R67g,"Aplikasi ini sebenarnya sangat bagus, tapi kalau dibandingkan dengan aplikasi e-walet yang lain. Menurut saya tidak bisa bersaing, karena tidak free admin untuk transfer bank. Selebihnya untuk fitur dll sudah bagus. Semoga kedepannya bisa lebih baik dan bisa menyesuaikan dari segi admin tidak terlalu mahal seperti aplikasi e-walet lainnya. Hatur nuhun.",2,0,,2025-11-27 13:09:59+00:00,,,,Dataset/dataset\OVO_googleplay_NOVEMBER_reviews.csv,transfer
1906f3f4-102d-4b68-ba2d-b4e40546b2a9,Pengguna Google,https://play-lh.googleusercontent.com/EGemoI2NTXmTsBVtJqk8jxF9rh8ApRWfsIMQSt2uE4OcpQqbFu7f7NbTK05lx80nuSijCz7sc3a277R67g,pembayaran Qris belum berhasil laporan ribet,1,0,3.147.0,2025-11-21 22:21:25+00:00,,,3.147.0,Dataset/dataset\OVO_googleplay_NOVEMBER_reviews.csv,qris
041df28e-a166-4327-8247-b78f43d46b9c,Pengguna Google,https://play-lh.googleusercontent.com/EGemoI2NTXmTsBVtJqk8jxF9rh8ApRWfsIMQSt2uE4OcpQqbFu7f7NbTK05lx80nuSijCz7sc3a277R67g,"di awal aman"" saja kenapa sekarang malah aneh ni aplikasi saya top up di aplikasi sudah selesai Transaksi tapi di lihat di akun game saya tu top up belum masuk",3,0,1.64.0,2025-11-18 21:28:57+00:00,"Hai Kak Pudan, mohon maaf atas ketidaknyamanan yang dialami. Dapat kami sampaikan bahwa saat ini terdapat pemeliharaan sistem sehingga Top up games kamu terhambat. Silakan kamu dapat melakukan pengecekan secara berkala. Terima kasih. ^Melisa",2025-11-18 23:06:56,1.64.0,Dataset/dataset\GOPAY_googleplay_NOVEMBER_reviews.csv,topup
ba520f8b-545d-48b4-9fd6-ff505c8c56b6,Pengguna Google,https://play-lh.googleusercontent.com/EGemoI2NTXmTsBVtJqk8jxF9rh8ApRWfsIMQSt2uE4OcpQqbFu7f7NbTK05lx80nuSijCz7sc3a277R67g,"plis deh mau daftar susah banget udah benar benar ngikutin instruksi pas verif muka, ngga bisa bisa tolong dong putus putus terus kapan bisa masuknya kalo gini",3,5,2.5.0,2025-11-02 18:26:48+00:00,"Hai, Kak Jexsy Aesta. Maaf atas ketidaknyamanannya. Kami akan selalu berusaha memberikan yang terbaik demi memenuhi kebutuhan perbankan Kakak. Terkait kendala tersebut boleh infokan detail kendala serta kirimkan gambar kendalanya ke X @haloblu atau email haloblu@bcadigital.co.id agar kami bisa bantu lebih lanjut ya.
",2025-11-02 20:03:41,2.5.0,Dataset/dataset\BLU_googleplay_NOVEMBER_reviews.csv,vermuk
4754ce24-8234-450c-8266-aad377be5557,Pengguna Google,https://play-lh.googleusercontent.com/EGemoI2NTXmTsBVtJqk8jxF9rh8ApRWfsIMQSt2uE4OcpQqbFu7f7NbTK05lx80nuSijCz7sc3a277R67g,mau login susah selalu layanan tidak tersedia,1,0,3.2.0,2025-12-16 08:36:38+00:00,"Halo Sahabat @Ahmad Sunarto, mohon maaf atas ketidaknyamanannya. Terkait kendala Sahabat mohon untuk dapat mengirimkan email ke mandiricare@bankmandiri.co.id atau menghubungi Mandiri Call 14000 lalu tekan 2 agar dapat dilakukan pengecekan. Tks~Cira

",2025-12-16 08:38:56,3.2.0,Dataset/dataset\LIVIN_googleplay_DECEMBER_reviews.csv,login
7a3d71a6-257c-499a-a6c8-c2f9895b9bff,Pengguna Google,https://play-lh.googleusercontent.com/EGemoI2NTXmTsBVtJqk8jxF9rh8ApRWfsIMQSt2uE4OcpQqbFu7f7NbTK05lx80nuSijCz7sc3a277R67g,"sebenernya apknya bgus tpi dri kmren"" mau login gk bisa"" trs",1,0,,2025-12-28 19:56:34+00:00,"Halo Sahabat @Feby Ndutt, mohon maaf atas ketidaknyamannya. Perihal kendala pada layanan Livin' by Mandiri, mohon untuk dapat mengirimkan email ke mandiricare@bankmandiri.co.id atau dapat menghubungi layanan mandiri 14000 agar dapat dilakukan pengecekan. Tks~Kale",2025-12-28 19:58:54,,Dataset/dataset\LIVIN_googleplay_DECEMBER_reviews.csv,login
5fb787ef-bd15-4de0-9bc0-b2130462c225,Pengguna Google,https://play-lh.googleusercontent.com/EGemoI2NTXmTsBVtJqk8jxF9rh8ApRWfsIMQSt2uE4OcpQqbFu7f7NbTK05lx80nuSijCz7sc3a277R67g,"Bvsuk ini aplikasi, transfer berhari hari . udah gitu bayar admin, harus nya Bi Fast ko malah harus nunggu berhari hari . Bubarin ini aplikasi, ga jelas",1,0,,2025-12-13 06:29:06+00:00,,,,Dataset/dataset\OVO_googleplay_DECEMBER_reviews.csv,transfer
e96db93d-fcc6-42da-a336-ee2cf2b7eadb,Pengguna Google,https://play-lh.googleusercontent.com/EGemoI2NTXmTsBVtJqk8jxF9rh8ApRWfsIMQSt2uE4OcpQqbFu7f7NbTK05lx80nuSijCz7sc3a277R67g,"untuk sekarang saya kasih bintang satu karena pada saat mau top up game itu g bisa masuk ke menu top upnya. g tau ini bug apa servernya yang bermasalah, mohon ini mungkin bisa secepatnya di perbaiki 🙏",1,0,,2025-11-01 16:07:43+00:00,"Hai Kak Youri, mohon maaf atas ketidaknyamanannya. Pastikan kamu sudah menggunakan aplikasi GoPay versi terbaru, ya. Jika masih berkendala, silakan laporkan melalui halaman Bantuan > ketik ""Kendala tampilan dan notifikasi"" di kolom pencarian > pilih artikel dan lengkapi formulirnya. Kami siap membantu. ^Maura",2025-11-01 17:19:09,,Dataset/dataset\GOPAY_googleplay_NOVEMBER_reviews.csv,topup
588c956b-2bda-4c4c-a752-73e6aa12246d,Pengguna Google,https://play-lh.googleusercontent.com/EGemoI2NTXmTsBVtJqk8jxF9rh8ApRWfsIMQSt2uE4OcpQqbFu7f7NbTK05lx80nuSijCz7sc3a277R67g,"Baru Juga Top Up ""Selamat Akun Anda Diblokir Sementara"" Horeeeee Bangkeeeee....,",1,0,3.147.0,2025-11-17 19:06:57+00:00,,,3.147.0,Dataset/dataset\OVO_googleplay_NOVEMBER_reviews.csv,topup
cbbda3dd-064d-4fb8-ac1b-9db88a6a6481,Pengguna Google,https://play-lh.googleusercontent.com/EGemoI2NTXmTsBVtJqk8jxF9rh8ApRWfsIMQSt2uE4OcpQqbFu7f7NbTK05lx80nuSijCz7sc3a277R67g,Mau pindah ke ovo nabung ktnya gampang ternyata ribet dan kl mau transfer ke wallet yg lain jg ribet gak bisa langsung ke wallet yg dituju gak ky aplikasi sebelah kok sekarang sering pada pembelian pulsa dan data,1,7,3.146.0,2025-11-07 00:06:22+00:00,"Hai Kak, maaf ya. Terkait dengan kendala yang Kakak alami, mohon menghubungi tim kami melalui chat bantuan di aplikasi, melalui email di cs@ovo.id atau call center kami di 1500-696 agar dapat kami bantu pengecekan. Terima Kasih. -Omar",2024-09-16 19:32:30,3.146.0,Dataset/dataset\OVO_googleplay_NOVEMBER_reviews.csv,transfer
ece26b0d-723b-4766-b4b0-bbdcceff9ae5,Pengguna Google,https://play-lh.googleusercontent.com/EGemoI2NTXmTsBVtJqk8jxF9rh8ApRWfsIMQSt2uE4OcpQqbFu7f7NbTK05lx80nuSijCz7sc3a277R67g,uang tidak bisa di transfer dan saldo tertahan. penanganan lambat sudah hampir 1 minggu dana masih belum cair cuma ada keterangan sedang di proses sampe 1 minggu,1,1,1.35.11,2025-11-02 01:24:15+00:00,"Hi Kak ferry. Mohon maaf atas kendala tidak bisa melakukan transfer  dana. Terkait kendala tersebut mohon menghubungi kami melalui DM ke Instagram @ShopeePay_ID yang bercentang biru, dengan menginformasikan detail dan bukti kendala untuk bantuan lebih lanjut. Semoga kendala kakak segera terselesaikan ya. ^CS",2025-11-03 11:23:38,1.35.11,Dataset/dataset\SHOPEEPAY_googleplay_NOVEMBER_reviews.csv,transfer
64f2a244-3622-4f2e-a8f9-c259a6d3f931,Pengguna Google,https://play-lh.googleusercontent.com/EGemoI2NTXmTsBVtJqk8jxF9rh8ApRWfsIMQSt2uE4OcpQqbFu7f7NbTK05lx80nuSijCz7sc3a277R67g,"kenapa ini aplikasi ko bermasalah terus,tdk bisa login,tolong di perbaiki, orang butuh ini",3,1,3.144.0,2025-10-06 23:53:16+00:00,,,3.144.0,Dataset/dataset\OVO_googleplay_OCTOBER_reviews.csv,login
8ca64676-95c1-4ecd-8ec7-038dbdd8f434,Pengguna Google,https://play-lh.googleusercontent.com/EGemoI2NTXmTsBVtJqk8jxF9rh8ApRWfsIMQSt2uE4OcpQqbFu7f7NbTK05lx80nuSijCz7sc3a277R67g,"pelayanan shoppepay yang lambat. saya kehilangan uang 800rb, Transfer dari shoppe ke Rekening tetapi tidak masuk ke dalam rekening penerima. saya sudah lama nunggu tidak ada tindakan dan solusi dari kantor shoppepay. perusahaan segini besarnya ga ada solusi",1,4,1.42.03,2025-12-01 13:02:55+00:00,"Hi Kak Firdaussul. Mohon maaf mengenai kendala transfer ShopeePay ke rekening bank yang belum diterima. Untuk pengecekan lebih lanjut, mohon menghubungi kami melalui DM ke Instagram @ShopeePay_ID dengan melampirkan bukti transfer yang tertera nomor transaksi (Order SN), nominal, tanggal dan waktu transaksi. ^EN",2025-12-01 17:53:55,1.42.03,Dataset/dataset\SHOPEEPAY_googleplay_DECEMBER_reviews.csv,transfer
e5752465-1d26-40a9-807e-739280835a58,Pengguna Google,https://play-lh.googleusercontent.com/EGemoI2NTXmTsBVtJqk8jxF9rh8ApRWfsIMQSt2uE4OcpQqbFu7f7NbTK05lx80nuSijCz7sc3a277R67g,"kecewa, saya baru bikin akun setelah itu langsung top up, ehh malah gak bisa login akun saya lagi, mau ajuin banding gak bisa, padahal sudah pakai kartu pelajar",1,4,1.42.03,2025-10-31 05:24:57+00:00,"Hi Kakak ALQO, mohon maaf atas ketidaknyamanannya terkait kendala km. Agar aku bisa bantu cek aku saranin kakak untuk menginformasikan detail kendala kakak ke DM Social Media kita @Shopee_id / @Shopeecare_id ya, Sehat selalu ^DG",2025-10-31 08:11:40,1.42.03,Dataset/dataset\SHOPEEPAY_googleplay_OCTOBER_reviews.csv,login
81a4db4b-5ed9-4e9b-b911-61084cc5ba64,Pengguna Google,https://play-lh.googleusercontent.com/EGemoI2NTXmTsBVtJqk8jxF9rh8ApRWfsIMQSt2uE4OcpQqbFu7f7NbTK05lx80nuSijCz7sc3a277R67g,aplikasi yang sangat membantu untuk trf dan bayar bayar,5,1,1.60.0,2025-10-31 14:28:25+00:00,,,1.60.0,Dataset/dataset\GOPAY_googleplay_OCTOBER_reviews.csv,transfer
c70b22b8-a43c-4466-a1e7-a892c0de4039,Pengguna Google,https://play-lh.googleusercontent.com/EGemoI2NTXmTsBVtJqk8jxF9rh8ApRWfsIMQSt2uE4OcpQqbFu7f7NbTK05lx80nuSijCz7sc3a277R67g,"kenapa gabisa login ya padahal mau bayar pake qris, trus ada disuruh cek mutasi rekening pembayaran gagal trs itu kenapaaa",3,0,,2025-11-17 11:22:32+00:00,"Hai Kak Sevia Lasty Ananda. Mohon maaf atas ketidaknyamanan dan kendala yang Kakak alami. Terkait kendala tersebut masih dalam penanganan oleh pihak terkait kami, minblu saranin Kakak dapat mencoba secara berkala ya.",2025-11-17 13:00:18,,Dataset/dataset\BLU_googleplay_NOVEMBER_reviews.csv,login
639faeb3-32c1-4774-86fb-31ee872ab8e1,Pengguna Google,https://play-lh.googleusercontent.com/EGemoI2NTXmTsBVtJqk8jxF9rh8ApRWfsIMQSt2uE4OcpQqbFu7f7NbTK05lx80nuSijCz7sc3a277R67g,setiap transaksi harus verifikasi wajah RIBET,1,0,1.42.03,2025-11-04 23:40:57+00:00,"Hi Kak, Mohon maaf atas kendala verifikasi wajah saat melakukan transaksi. Verifikasi wajah merupakan bagian dari sistem keamanan akun dan akan muncul saat pindah device kemudian terdapat aktivitas seperti pembayaran/checkout dll, silakan menghubungi kami melalui DM Instagram di @ShopeePay_ID untuk bantuan lebih lanjut. ^CS",2025-11-05 13:41:08,1.42.03,Dataset/dataset\SHOPEEPAY_googleplay_NOVEMBER_reviews.csv,vermuk
947096ad-07c2-49c8-8ea8-36f9d2c8e7b7,Pengguna Google,https://play-lh.googleusercontent.com/EGemoI2NTXmTsBVtJqk8jxF9rh8ApRWfsIMQSt2uE4OcpQqbFu7f7NbTK05lx80nuSijCz7sc3a277R67g,kak benerin dong.. abis login minta otp trus di close aplikasinya masak klogout lg minta otp lg.. sblmnya aman2 aja ini koo jd gini,1,0,,2025-11-17 20:42:44+00:00,"Halo, Jagoan. Mohon maaf atas kendala yang terjadi ya. Kamu tidak perlu khawatir, kamu bisa menjelaskan detail kendala tersebut melalui email di tanya@jago.com atau call center 1500 746 untuk kami bantu tangani lebih lanjut. Terima kasih :)",2025-11-17 22:02:59,,Dataset/dataset\JAGO_googleplay_NOVEMBER_reviews.csv,login
97a715d6-a37c-405b-a5f1-1fc858d9f22b,Pengguna Google,https://play-lh.googleusercontent.com/EGemoI2NTXmTsBVtJqk8jxF9rh8ApRWfsIMQSt2uE4OcpQqbFu7f7NbTK05lx80nuSijCz7sc3a277R67g,"dulu saya akui apk ini aman dan mudah di gunakan, tapi baru-baru ini saya mau ganti nmr karna nomor lama tidak bisa di gunakan tetapi selalu tidak bisa, login tidak bisa dapat kode otp, mau ganti kartu juga tidak bisa, la aneh juga pihak ovo tidak ada pilihan otp via email, atau langsung masukan pin saja. ini tiap kali logut pasti diminta kode via sms",5,0,,2025-11-11 17:39:53+00:00,,,,Dataset/dataset\OVO_googleplay_NOVEMBER_reviews.csv,login
1fc9e312-364a-4d83-96c7-185f15a8d604,Pengguna Google,https://play-lh.googleusercontent.com/EGemoI2NTXmTsBVtJqk8jxF9rh8ApRWfsIMQSt2uE4OcpQqbFu7f7NbTK05lx80nuSijCz7sc3a277R67g,"saya belanja di Alfamart menggunakan metode pembayaran QRIS OVO sudah berhasil tapi kenapa setelah 4hari saldo saya terpotong lagi dengan nominal yang sama di Alfamart yg sama,sistemnya rusak apa akal²an doang soalnya saya sudah sering kehilangan saldo di ovo,nominal tidak terlalu besar tapi sangat merugikan,kinerja ovo SANGAT BURUK",1,0,3.149.0,2025-12-18 05:37:25+00:00,,,3.149.0,Dataset/dataset\OVO_googleplay_DECEMBER_reviews.csv,qris
cb44e873-fef0-4c15-81af-43194ff5fe71,Pengguna Google,https://play-lh.googleusercontent.com/EGemoI2NTXmTsBVtJqk8jxF9rh8ApRWfsIMQSt2uE4OcpQqbFu7f7NbTK05lx80nuSijCz7sc3a277R67g,"semakin susah top up, aneh, nomor tidak terdaftar lah, pake briva eh nomor akun briva nya ga ada, aneh, ngabisin saldo, saya pikir habis ini akan uninstall. saya kasih bintang 5 tapi sebenarnya ga bintang 5.",5,44,1.61.2,2025-10-28 03:19:46+00:00,,,1.61.2,Dataset/dataset\GOPAY_googleplay_OCTOBER_reviews.csv,topup
53cb0154-0b34-4fc6-990d-4337711d56c4,Pengguna Google,https://play-lh.googleusercontent.com/EGemoI2NTXmTsBVtJqk8jxF9rh8ApRWfsIMQSt2uE4OcpQqbFu7f7NbTK05lx80nuSijCz7sc3a277R67g,A*s aplikasi yg sedikit bikin saya emosi y dari semua aplikasi keuangan ini yg paling gk berguna fitur transfer upgrade dan yg paling ngeselin adalah ketika saldo OVO saya 2× kali habis karena transaksi gak jelas 2× y dan itu transaksi nya itu di google play padahal saya gk beli apa pun game saja udh gk buka lama kali kok bisa 2× kejadian kek gitu pas mau cek itu transaksinya dari siapa pun gk ad keterangan nya sama sekali dan yg paling parah no telpon aj gk ad jdi ini OVO tolong diperbaiki y,1,0,,2025-12-19 23:14:34+00:00,,,,Dataset/dataset\OVO_googleplay_DECEMBER_reviews.csv,transfer
e94ef445-c563-450f-8bfb-9fc26e163088,Pengguna Google,https://play-lh.googleusercontent.com/EGemoI2NTXmTsBVtJqk8jxF9rh8ApRWfsIMQSt2uE4OcpQqbFu7f7NbTK05lx80nuSijCz7sc3a277R67g,"Sudah bagus, tapi lemot saat mau bayar pakai qris. Tolong di perbaiki lg ya ges",3,0,,2025-12-11 22:01:11+00:00,"Hi Kak. Mohon maaf atas kendala saat pembayaran dengan QRIS. Kami sarankan untuk melakukan clear cache dengan cara masuk ke Pengaturan>Aplikasi>ShopeePay>Penyimpanan>Hapus cache. Pastikan internet dalam keadaan stabil, ketersediaan RAM dan Memori yang cukup. Jika kedepannya masih berkendala, silakan hubungi kami di DM Instagram @ShopeePay_ID ^CS",2025-12-12 11:14:12,,Dataset/dataset\SHOPEEPAY_googleplay_DECEMBER_reviews.csv,qris
4028a0c1-9124-4177-8616-1e3762984846,Pengguna Google,https://play-lh.googleusercontent.com/EGemoI2NTXmTsBVtJqk8jxF9rh8ApRWfsIMQSt2uE4OcpQqbFu7f7NbTK05lx80nuSijCz7sc3a277R67g,kenpa ovo say transfer ke seabnk gagal notifikasi ga ada saldo berkurang aneh kn,1,0,,2025-11-01 02:00:02+00:00,,,,Dataset/dataset\OVO_googleplay_NOVEMBER_reviews.csv,transfer
4d86dfaf-f805-42df-86a2-50ab481cca3e,Pengguna Google,https://play-lh.googleusercontent.com/EGemoI2NTXmTsBVtJqk8jxF9rh8ApRWfsIMQSt2uE4OcpQqbFu7f7NbTK05lx80nuSijCz7sc3a277R67g,"TF dari shopee pay ke gopay, Ya cuma 13.000 sih, Tapi gak masuk"" Jir. Padahal Transaksi di shopee pay nya berhasil. Karna ada promo, Tadinya Buat beli pulsa yg ceban etdahhhh udah berjam"" gak nambah"" saldo. Ya kali gw jarus nunggu 2x24 jam",2,1,1.60.0,2025-10-16 07:35:33+00:00,"Hai Kak Umar, pastikan nomor tujuan sudah benar, sudah cek halaman Riwayat, dan coba keluar dan masuk kembali ke aplikasi. Jika saldo masih belum masuk, silakan laporkan melalui menu Bantuan > ketik 'Top up GoPay saya belum masuk' > isi formulir dan cantumkan kode psr-25-289-0244-09441 pada bagian 'Ceritakan lebih lanjut'. ^Maura",2025-10-16 09:44:15,1.60.0,Dataset/dataset\GOPAY_googleplay_OCTOBER_reviews.csv,transfer
d773fa16-1eb5-450e-8da9-5df1c98fce4f,Pengguna Google,https://play-lh.googleusercontent.com/EGemoI2NTXmTsBVtJqk8jxF9rh8ApRWfsIMQSt2uE4OcpQqbFu7f7NbTK05lx80nuSijCz7sc3a277R67g,"dapet promoan banyak, tf gratis , top up gratis tarik tunai pun gratis walopun dibatesin. bisa dapet coin dr main games. seruu, makasih gopay",5,0,1.60.0,2025-11-03 10:50:45+00:00,,,1.60.0,Dataset/dataset\GOPAY_googleplay_NOVEMBER_reviews.csv,topup
f3d86773-bba3-485c-aacc-98649c800f83,Pengguna Google,https://play-lh.googleusercontent.com/EGemoI2NTXmTsBVtJqk8jxF9rh8ApRWfsIMQSt2uE4OcpQqbFu7f7NbTK05lx80nuSijCz7sc3a277R67g,"niih mandiri saldo ngendap jgn banyak2 sampe 100 rb bikin 0 lah kayak bank sebelah ,mana livin mau login susahhhh bngt udh masukin nomor kartu masih jyga gak bsia harus ke bank lg",1,0,3.2.0,2025-11-18 19:21:00+00:00,"Halo Sahabat @Indah Susanti, mohon maaf atas ketidaknyamannya. Perihal kendala pada layanan Livin' by Mandiri, mohon untuk dapat mengirimkan email ke mandiricare@bankmandiri.co.id atau dapat menghubungi layanan mandiri 14000 agar dapat dilakukan pengecekan. Tks~Syarif",2025-11-18 19:25:41,3.2.0,Dataset/dataset\LIVIN_googleplay_NOVEMBER_reviews.csv,login
414c1ff5-4721-49c1-80a9-633386988993,Pengguna Google,https://play-lh.googleusercontent.com/EGemoI2NTXmTsBVtJqk8jxF9rh8ApRWfsIMQSt2uE4OcpQqbFu7f7NbTK05lx80nuSijCz7sc3a277R67g,Dompet digital yang sangat membantu saat belanja online dan Trf ke E Wallet program internalnya juga oke bgt bebas iklan dan bug,5,1,1.41.06,2025-11-06 20:04:22+00:00,"Hi Kak. Terima kasih telah menggunakan ShopeePay. Mari cek aplikasi ShopeePay karena banyak fitur yang mempermudah keseharian kakak seperti pembelian pulsa, paket data, pembayaran tagihan listrik dan pembayaran lainnya. Jika kakak memiliki pertanyaan seputar ShopeePay, mohon DM kami di Instagram @ShopeePay_ID ya. Semoga harimu menyenangkan ^RJ",2025-11-07 09:39:01,1.41.06,Dataset/dataset\SHOPEEPAY_googleplay_NOVEMBER_reviews.csv,transfer
19a53714-53be-430d-aa19-084536ceeda2,Pengguna Google,https://play-lh.googleusercontent.com/EGemoI2NTXmTsBVtJqk8jxF9rh8ApRWfsIMQSt2uE4OcpQqbFu7f7NbTK05lx80nuSijCz7sc3a277R67g,"transfer gagal tapi uang hilang, sedangkan di history tidak ada catatan transaksi karena gagal",1,0,3.146.0,2025-11-03 10:45:57+00:00,,,3.146.0,Dataset/dataset\OVO_googleplay_NOVEMBER_reviews.csv,transfer
c53f8efd-1dbd-4497-9247-301c3ff3da91,Pengguna Google,https://play-lh.googleusercontent.com/EGemoI2NTXmTsBVtJqk8jxF9rh8ApRWfsIMQSt2uE4OcpQqbFu7f7NbTK05lx80nuSijCz7sc3a277R67g,"saya mau login ke akun lama tapi kartuny hilng/tidak atif uda nylesain formulir tapi kok email gk diktmukan mlu knpa ya tolong bntuanny dong,,saya kemarin uda tf ke akun itu gk bisa dibuka🥲",5,0,1.61.2,2025-11-02 22:01:00+00:00,,,1.61.2,Dataset/dataset\GOPAY_googleplay_NOVEMBER_reviews.csv,login
7ce534f2-d74b-4640-87f1-354de7c0465c,Pengguna Google,https://play-lh.googleusercontent.com/EGemoI2NTXmTsBVtJqk8jxF9rh8ApRWfsIMQSt2uE4OcpQqbFu7f7NbTK05lx80nuSijCz7sc3a277R67g,"top up gk masuk masuk, suruh nunggu 2 hari, ada notif suruh kirim bukti lagi nunggu 2 hari lagi, nunggu terus sampai duit ilang dan tak ada kabar, tak tambah bintang karna uang masuk seminggu kmudian tp tetep aja sangat mengganggu soalnya urusan duit kadang ada yg gk bsa ditunda.",3,0,,2025-11-12 09:01:09+00:00,"Hai Kak Arul, mohon maaf atas ketidaknyamanan yang dialami. Dapat kami sampaikan bahwa saat ini terdapat pemeliharaan sistem sehingga penerimaan saldo top up Kakak terhambat sementara. Silakan Kakak untuk melakukan pengecekan secara berkala. Terima kasih. ^Maura",2025-10-31 16:25:39,,Dataset/dataset\GOPAY_googleplay_NOVEMBER_reviews.csv,topup
9ac55bb2-4b66-4d04-bf94-729b09e452db,Pengguna Google,https://play-lh.googleusercontent.com/EGemoI2NTXmTsBVtJqk8jxF9rh8ApRWfsIMQSt2uE4OcpQqbFu7f7NbTK05lx80nuSijCz7sc3a277R67g,proses login luaamaaa..,3,0,,2025-12-28 07:07:23+00:00,"Halo Sahabat @ambun sadputriapt, mohon maaf atas ketidaknyamanannya. Terkait kendala Sahabat mohon untuk dapat mengirimkan email ke mandiricare@bankmandiri.co.id atau menghubungi Mandiri Call 14000 lalu tekan 2 agar dapat dilakukan pengecekan. Tks~Cira
",2025-12-28 07:08:46,,Dataset/dataset\LIVIN_googleplay_DECEMBER_reviews.csv,login
91788718-5a61-4020-ae6c-1497758836e8,Pengguna Google,https://play-lh.googleusercontent.com/EGemoI2NTXmTsBVtJqk8jxF9rh8ApRWfsIMQSt2uE4OcpQqbFu7f7NbTK05lx80nuSijCz7sc3a277R67g,"sering banget gangguan mana jaringan ga keputus, ga bisa login",1,0,2.6.0,2025-11-28 18:56:09+00:00,"Hai, Kak Ivana. Maaf atas ketidaknyamanannya. Kami akan selalu berusaha memberikan yang terbaik demi memenuhi kebutuhan perbankan Kakak. Terkait kendala tersebut boleh infokan detail kendala serta kirimkan gambar kendalanya ke X @haloblu atau email haloblu@bcadigital.co.id agar kami bisa bantu lebih lanjut yaa.",2025-11-28 19:18:38,2.6.0,Dataset/dataset\BLU_googleplay_NOVEMBER_reviews.csv,login
f39f99b6-ad28-4781-9245-acdef5918042,Pengguna Google,https://play-lh.googleusercontent.com/EGemoI2NTXmTsBVtJqk8jxF9rh8ApRWfsIMQSt2uE4OcpQqbFu7f7NbTK05lx80nuSijCz7sc3a277R67g,"gopay lebih efisien...untuk segala nya..baik tf..pembayaran listrik ,PDAM,BPJS ,,pembelian plsa,token,dll,,is the best buat gopay",5,0,1.62.0,2025-11-14 17:13:56+00:00,,,1.62.0,Dataset/dataset\GOPAY_googleplay_NOVEMBER_reviews.csv,transfer
287ca529-e9b3-42be-9324-2772b9634ffd,Pengguna Google,https://play-lh.googleusercontent.com/EGemoI2NTXmTsBVtJqk8jxF9rh8ApRWfsIMQSt2uE4OcpQqbFu7f7NbTK05lx80nuSijCz7sc3a277R67g,ini gimna min ko saya tf masih di proses muluu,5,0,1.61.2,2025-11-01 21:42:54+00:00,,,1.61.2,Dataset/dataset\GOPAY_googleplay_NOVEMBER_reviews.csv,transfer
aa22fe7b-cc90-4ee7-a003-fe831bcaf026,Pengguna Google,https://play-lh.googleusercontent.com/EGemoI2NTXmTsBVtJqk8jxF9rh8ApRWfsIMQSt2uE4OcpQqbFu7f7NbTK05lx80nuSijCz7sc3a277R67g,"tolong dong di perbaiki nomer sy hilang mau masuk ke gopay gbisa hrs pake kode otp shrsnya pake muka biar lebih mudah , sperti dana no saya hilang tapi sy masih bisa make dana nya dengan cara scan muka",1,0,1.61.2,2025-11-06 00:59:15+00:00,"Hai Kak Nur, mohon maaf atas ketidaknyamanannya. Terkait hal tersebut, silakan laporkan melalui email ke customerservice@gopay.co.id dengan melampirkan kode psr-25-310-1536-38104 pada subject email dan ceritakan kembali detail permasalahannya agar tim kami bisa bantu cek lebih lanjut ya. ^Miko",2025-11-06 22:36:49,1.61.2,Dataset/dataset\GOPAY_googleplay_NOVEMBER_reviews.csv,vermuk
0154e91c-42ef-4b4d-9c4b-6e01906be847,Pengguna Google,https://play-lh.googleusercontent.com/EGemoI2NTXmTsBVtJqk8jxF9rh8ApRWfsIMQSt2uE4OcpQqbFu7f7NbTK05lx80nuSijCz7sc3a277R67g,"Sangat kecewa dengan layanan Bank Jago. Akun saya tiba-tiba dikunci sistem dan tidak bisa login sama sekali. Sudah berkali-kali kirim email tapi tidak ada respon. Telepon CS pun cuma disuruh menunggu sampai pulsa habis banyak, tapi tetap tidak ada kejelasan. Hak saya sebagai nasabah terabaikan karena uang di dalam tidak bisa diakses. Sistem buruk, customer service lebih buruk lagi!",1,49,8.79.0,2025-12-28 10:53:41+00:00,"Halo, Jagoan! Mohon maaf atas ketidaknyamanannya. Kami mengerti atas pengalaman kurang baik yang kamu alami. Untuk membantu kamu lebih lanjut, mohon menghubungi Tanya Jago di 1500746 / 021-30000746 atau email ke tanya@jago.com untuk kami cek lebih lanjut terkait kendala tersebut. Kami tunggu laporan dari kamu ya.",2025-12-28 11:12:19,8.79.0,Dataset/dataset\JAGO_googleplay_DECEMBER_reviews.csv,login
ae7d5ba2-76f9-44b0-8c0d-e659b82479b2,Pengguna Google,https://play-lh.googleusercontent.com/EGemoI2NTXmTsBVtJqk8jxF9rh8ApRWfsIMQSt2uE4OcpQqbFu7f7NbTK05lx80nuSijCz7sc3a277R67g,"terlalu ribet , terlalu banyak verifikasi , padahal tiap transfer berbayar ,",1,0,,2025-10-23 18:13:12+00:00,,,,Dataset/dataset\OVO_googleplay_OCTOBER_reviews.csv,transfer
f74a8f42-b66c-41c6-ae1c-c4133e52c5ee,Pengguna Google,https://play-lh.googleusercontent.com/EGemoI2NTXmTsBVtJqk8jxF9rh8ApRWfsIMQSt2uE4OcpQqbFu7f7NbTK05lx80nuSijCz7sc3a277R67g,"Aplikasi by mandiri udah bagus mudah untuk di gunakan, topup e-walet kode isi otomatis, namun kalo saja bisa tolong topup e-walet di hapuskan biyaya adminnya.",5,0,,2025-12-19 17:30:39+00:00,"Halo Sahabat @satu cell, mohon maaf atas ketidaknyamanannya. Terima kasih atas saran dan masukan yang diberikan, perihal tsb akan menjadi masukan bagi kami untuk pengembangan aplikasi kedepannya dan meningkatkan kualitas layanan Livin' by Mandiri. Tks ~ Said",2025-12-19 17:41:17,,Dataset/dataset\LIVIN_googleplay_DECEMBER_reviews.csv,topup
e84704b8-8098-4711-970f-ebc97d78dee5,Pengguna Google,https://play-lh.googleusercontent.com/EGemoI2NTXmTsBVtJqk8jxF9rh8ApRWfsIMQSt2uE4OcpQqbFu7f7NbTK05lx80nuSijCz7sc3a277R67g,"Maaf, kenapa tidam bisa login di Android 6/hp kentang?",5,0,1.41.06,2025-11-07 13:54:23+00:00,"Hi Kak AIE. Mohon maaf mengenai kendala tidak bisa login menggunakan handphone Android 6. Agar dapat kami cek lebih lanjut, mohon menghubungi kami melalui DM Instagram @ShopeePay_ID ya dengan melampirkan foto/screenshot notifikasi kendala yang dialami. Kami akan membantu kendala yang kakak alami ^KS",2025-11-07 14:29:33,1.41.06,Dataset/dataset\SHOPEEPAY_googleplay_NOVEMBER_reviews.csv,login
d2c5a2a5-b0ef-4c7a-bfb4-6506eafc3b28,Pengguna Google,https://play-lh.googleusercontent.com/EGemoI2NTXmTsBVtJqk8jxF9rh8ApRWfsIMQSt2uE4OcpQqbFu7f7NbTK05lx80nuSijCz7sc3a277R67g,sy coba mendaftar sampai ke tahap vc menggunakan EKTP tapi saat mau login lagi malah gk bisa,5,0,,2025-11-14 16:05:30+00:00,"Halo, Jagoan! Mohon maaf atas ketidaknyamanannya. Kami mengerti atas pengalaman kurang baik yang kamu alami. Untuk membantu kamu lebih lanjut, mohon menghubungi Tanya Jago di 1500746 / 021-30000746 atau email ke tanya@jago.com untuk kami cek lebih lanjut terkait kendala tersebut. Kami tunggu laporan dari kamu ya.",2025-11-14 16:02:03,,Dataset/dataset\JAGO_googleplay_NOVEMBER_reviews.csv,login
1660a371-84ac-488d-9d0c-66eaf7f355e8,Pengguna Google,https://play-lh.googleusercontent.com/EGemoI2NTXmTsBVtJqk8jxF9rh8ApRWfsIMQSt2uE4OcpQqbFu7f7NbTK05lx80nuSijCz7sc3a277R67g,mau tf aja susah uangsaya megendap di aplikasih keterangan aplikasi anda kompletibel kontollah kalau ngk niat buat aplikasi nhk usah buat ngendap duit gw ngk bisa keluar koncett,1,0,3.149.0,2025-12-18 15:38:48+00:00,,,3.149.0,Dataset/dataset\OVO_googleplay_DECEMBER_reviews.csv,transfer
a9475bbb-3fc0-498f-9b80-4d6e97bb034e,Pengguna Google,https://play-lh.googleusercontent.com/EGemoI2NTXmTsBVtJqk8jxF9rh8ApRWfsIMQSt2uE4OcpQqbFu7f7NbTK05lx80nuSijCz7sc3a277R67g,"aplikasi sampah... pas abis di update akun malah ke logout sendiri, pas mau masuk lg malah di blokir, woy... anyinkkk itu asli akun gw dan nomer hp gw, kenapa malah dibilang ada percobaan masuk yg mencurigakan, itu asli akun gw woy, akun ovo yg biasa buat tf pendapatan grab, skgmalah lu maen blokir gt aja, anyiiinkkkk awas aja klu sampe kaga balik lg tu akun gw, ituada saldonya anyinkkk....",1,2,3.144.0,2025-10-06 23:54:57+00:00,,,3.144.0,Dataset/dataset\OVO_googleplay_OCTOBER_reviews.csv,transfer
73519ebb-a110-4440-b78a-670ffc971da0,Pengguna Google,https://play-lh.googleusercontent.com/EGemoI2NTXmTsBVtJqk8jxF9rh8ApRWfsIMQSt2uE4OcpQqbFu7f7NbTK05lx80nuSijCz7sc3a277R67g,salah satu fitur yang sangat sangat membantu adaa di dompet. kita jugaa bisa bayar qris bisa dari kantong yang udah kita bagi,5,0,8.76.0,2025-10-30 12:27:15+00:00,,,8.76.0,Dataset/dataset\JAGO_googleplay_OCTOBER_reviews.csv,qris
1bb7a558-be45-4df5-8ffe-4a6a72f82288,Pengguna Google,https://play-lh.googleusercontent.com/EGemoI2NTXmTsBVtJqk8jxF9rh8ApRWfsIMQSt2uE4OcpQqbFu7f7NbTK05lx80nuSijCz7sc3a277R67g,asli sih aku baru top up dan masuk pun uangnya tapi berapa hari kemudian tiba-tiba hilang uangnya padahal enggak pernah kepakai uangnya loh,1,0,1.62.0,2025-11-12 11:29:34+00:00,"Hai Kak Wayan, mohon maaf atas ketidaknyamanannya. Terkait hal tersebut, silakan laporkan melalui email ke customerservice@gopay.co.id dengan melampirkan kode psr-25-316-0519-08893 pada subject email dan ceritakan kembali detail permasalahannya agar tim kami bisa bantu cek lebih lanjut ya. ^Miko",2025-11-12 12:19:22,1.62.0,Dataset/dataset\GOPAY_googleplay_NOVEMBER_reviews.csv,topup
f913ecbc-9741-496d-9cd1-9d3dc674d5ac,Pengguna Google,https://play-lh.googleusercontent.com/EGemoI2NTXmTsBVtJqk8jxF9rh8ApRWfsIMQSt2uE4OcpQqbFu7f7NbTK05lx80nuSijCz7sc3a277R67g,sangat bagus untuk top up,4,0,1.59.0,2025-10-03 18:31:06+00:00,,,1.59.0,Dataset/dataset\GOPAY_googleplay_OCTOBER_reviews.csv,topup
5ae417bc-31e6-41a9-a640-f7042aa3657c,Pengguna Google,https://play-lh.googleusercontent.com/EGemoI2NTXmTsBVtJqk8jxF9rh8ApRWfsIMQSt2uE4OcpQqbFu7f7NbTK05lx80nuSijCz7sc3a277R67g,"Perbaiki disaat nomor hape hilang, saya sulit untuk login ini selalu ada notif sedang ada teknisi",3,6,1.59.0,2025-10-02 21:56:11+00:00,"Hai Kak Joice, untuk login ke aplikasi GoPay, gunakan nomor HP yang terdaftar di akun Gojek-mu. Jika belum punya akun Gojek, kamu bisa daftar langsung di aplikasi GoPay, ya. Jika masih tidak bisa login, laporkan ke kami melalui email ke customerservice@gopay.co.id dan mencantumkan kode psr-25-275-1609-04457 pada subjek email.^Melisa",2025-10-02 23:09:11,1.59.0,Dataset/dataset\GOPAY_googleplay_OCTOBER_reviews.csv,login
a21caa37-d3a3-4746-815f-a2384badd2f7,Pengguna Google,https://play-lh.googleusercontent.com/EGemoI2NTXmTsBVtJqk8jxF9rh8ApRWfsIMQSt2uE4OcpQqbFu7f7NbTK05lx80nuSijCz7sc3a277R67g,⭐⭐ gimana ini. setiap kali top up. eh malah kena.potong 1000rp parah ini.,2,0,1.45.09,2025-12-31 17:46:08+00:00,,,1.45.09,Dataset/dataset\SHOPEEPAY_googleplay_DECEMBER_reviews.csv,topup
12a2018b-dfa8-4e9b-a08d-421d3b155879,Pengguna Google,https://play-lh.googleusercontent.com/EGemoI2NTXmTsBVtJqk8jxF9rh8ApRWfsIMQSt2uE4OcpQqbFu7f7NbTK05lx80nuSijCz7sc3a277R67g,ini kenapa top up berhasil tapi saldo tidak bertambah dari kemarin... katanya mempermudah malah mempersulit gini,1,0,3.150.0,2025-12-20 07:27:21+00:00,,,3.150.0,Dataset/dataset\OVO_googleplay_DECEMBER_reviews.csv,topup
ddae1a26-75bf-4ec6-9e66-2bc33ef952e1,Pengguna Google,https://play-lh.googleusercontent.com/EGemoI2NTXmTsBVtJqk8jxF9rh8ApRWfsIMQSt2uE4OcpQqbFu7f7NbTK05lx80nuSijCz7sc3a277R67g,topup kaga masuk.uang ilang,1,0,1.64.0,2025-11-25 16:35:29+00:00,"Hai Kak Saputra, pastikan nomor tujuan sudah benar, sudah cek halaman Riwayat, dan coba keluar dan masuk kembali ke aplikasi. Jika saldo masih belum masuk, silakan laporkan melalui menu Bantuan > ketik 'Top up GoPay saya belum masuk' > isi formulir dan cantumkan kode psr-25-329-1328-40733 pada bagian 'Ceritakan lebih lanjut'. ^Miko",2025-11-25 20:28:57,1.64.0,Dataset/dataset\GOPAY_googleplay_NOVEMBER_reviews.csv,topup
3e37a0b6-58c7-41c9-b0ca-3f3755d478b3,Pengguna Google,https://play-lh.googleusercontent.com/EGemoI2NTXmTsBVtJqk8jxF9rh8ApRWfsIMQSt2uE4OcpQqbFu7f7NbTK05lx80nuSijCz7sc3a277R67g,"untuk login aja sdah isi email, pw dan foto selfie, pas di bagian loading nya, nunggu sampe 1 jam gk kelar2 loading nya, trus di tutup aplikasi nya dan buka lgi, gitu lagi stuck di login aja, gk jelas Apk nya asli, 👍",1,7,8.78.0,2025-12-06 09:27:26+00:00,"Halo, Jagoan. Mohon maaf atas kendala yang terjadi ya. Kamu tidak perlu khawatir, kamu bisa menjelaskan detail kendala tersebut melalui email di tanya@jago.com atau call center 1500 746 untuk kami bantu tangani lebih lanjut. Terima kasih :)",2025-12-06 09:58:43,8.78.0,Dataset/dataset\JAGO_googleplay_DECEMBER_reviews.csv,login
22316cc4-9a78-4ab4-9171-a8f7b5a3251f,Pengguna Google,https://play-lh.googleusercontent.com/EGemoI2NTXmTsBVtJqk8jxF9rh8ApRWfsIMQSt2uE4OcpQqbFu7f7NbTK05lx80nuSijCz7sc3a277R67g,"makin kesini Livin makin lemot pas mau login malah muter"" terus padahal jaringan bagus loh Kok aneh malah muter terus tolong di perbaiki lagi terimakasih",1,0,3.1.0,2025-11-05 14:42:49+00:00,"Halo Sahabat @malyus cmy, mohon maaf atas ketidaknyamanannya. Terimakasih atas saran dan masukan yang diberikan, perihal tsb akan menjadi masukan bagi kami untuk pengembangan aplikasi kedepannya dan meningkatkan kualitas layanan Livin' by Mandiri. Tks~Charles",2025-11-05 14:53:15,3.1.0,Dataset/dataset\LIVIN_googleplay_NOVEMBER_reviews.csv,login
964c5761-0fc1-48f1-9ad2-faac6f9f4588,Pengguna Google,https://play-lh.googleusercontent.com/EGemoI2NTXmTsBVtJqk8jxF9rh8ApRWfsIMQSt2uE4OcpQqbFu7f7NbTK05lx80nuSijCz7sc3a277R67g,"BURUK SEKALI, saya tidak bisa login ke akun gopay saya di perangkat baru. Saya sudah verifikasi wajah berkali kali masih belum bisa dan tidak dapat solusi lain. Padahal wajah saya ya sama aja gak oplas gak apa tapi gak bisa terverifikasi.",2,0,,2025-11-26 05:27:03+00:00,"Hai Kak @Don't be Scared, mohon maaf atas ketidaknyamanannya. Pastikan kamu mengambil foto selfie dengan pencahayaan yang baik dan wajah terlihat jelas. Jika masih berkendala, silakan laporkan detailnya melalui email ke customerservice@gopay.co.id dan cantumkan kode psr-25-330-0017-20816 pada subjek email. ^Maura",2025-11-26 07:17:26,,Dataset/dataset\GOPAY_googleplay_NOVEMBER_reviews.csv,login
b76e94b3-b99e-48a2-a8b4-b3da14c705c3,Pengguna Google,https://play-lh.googleusercontent.com/EGemoI2NTXmTsBVtJqk8jxF9rh8ApRWfsIMQSt2uE4OcpQqbFu7f7NbTK05lx80nuSijCz7sc3a277R67g,"Kacau kayanya ini aplikasi, saya ga bisa memasukan security code nya karena keyboard ya tidak muncul, sehingga tidak bisa melakukan pembelian atau transfer uangnya ke rekening saya kembali, bagai mana ini tanggapannya.., masa uang saya hilang??",1,2,3.149.0,2025-12-10 00:12:34+00:00,,,3.149.0,Dataset/dataset\OVO_googleplay_DECEMBER_reviews.csv,transfer
a5264800-3b3e-41a3-88aa-7487a33c6a07,Pengguna Google,https://play-lh.googleusercontent.com/EGemoI2NTXmTsBVtJqk8jxF9rh8ApRWfsIMQSt2uE4OcpQqbFu7f7NbTK05lx80nuSijCz7sc3a277R67g,"Mantap, Gratis Tf Ke Banknya Lebih Dari Cukup Hehe",5,0,8.74.0,2025-10-10 09:45:55+00:00,,,8.74.0,Dataset/dataset\JAGO_googleplay_OCTOBER_reviews.csv,transfer
7454fb0a-f9c6-419d-b356-1b112c0a78ce,Pengguna Google,https://play-lh.googleusercontent.com/EGemoI2NTXmTsBVtJqk8jxF9rh8ApRWfsIMQSt2uE4OcpQqbFu7f7NbTK05lx80nuSijCz7sc3a277R67g,"kebanyakan biaya, ada minimum transfer, payah, sussah asli, ngisi 50 ribu ada biaya seribu, masuknya dipotong lagii payah payah",1,0,1.60.0,2025-11-05 16:02:09+00:00,"Hai Kak Sari, mohon maaf atas ketidaknyamanannya. Terkait hal tersebut, silakan laporkan melalui email ke customerservice@gopay.co.id dengan melampirkan kode psr-25-310-0302-18994 pada subject email dan ceritakan kembali detail permasalahannya agar tim kami bisa bantu cek lebih lanjut ya. ^Melisa",2025-11-06 10:02:27,1.60.0,Dataset/dataset\GOPAY_googleplay_NOVEMBER_reviews.csv,transfer
